path,inventory_quantity,file_offset,elevation_group,object_id,tile,tile_x,tile_y,rotation,pid,pid_hex,prototype_type,prototype_subtype,prototype_filename,script_id,script_filename,inventory_length
0,,85480,0,25,0,0,0,0,11,0x0000000B,item,weapon,00000010.pro,-1,,0
1,,85576,0,26,0,0,0,0,11,0x0000000B,item,weapon,00000010.pro,-1,,0
2,,85672,0,27,0,0,0,0,11,0x0000000B,item,weapon,00000010.pro,-1,,0
3,,85768,0,28,9677,77,48,0,128,0x00000080,item,container,00000128.pro,50331679,JakeDesk.int,29
3/inventory/0,5,85860,0,29,-1,,,0,14,0x0000000E,item,ammo,00000008.pro,-1,,0
3/inventory/1,2,85956,0,30,-1,,,0,11,0x0000000B,item,weapon,00000010.pro,-1,,0
3/inventory/2,2,86056,0,31,-1,,,0,10,0x0000000A,item,weapon,00000011.pro,-1,,0
3/inventory/3,2,86156,0,32,-1,,,0,9,0x00000009,item,weapon,00000002.pro,-1,,0
3/inventory/4,6,86256,0,33,-1,,,0,25,0x00000019,item,weapon,00000025.pro,-1,,0
3/inventory/5,6,86356,0,34,-1,,,0,27,0x0000001B,item,weapon,00000027.pro,-1,,0
3/inventory/6,1,86456,0,35,-1,,,0,13,0x0000000D,item,weapon,00000007.pro,-1,,0
3/inventory/7,3,86556,0,36,-1,,,0,23,0x00000017,item,weapon,00000023.pro,-1,,0
3/inventory/8,1,86656,0,37,-1,,,0,2,0x00000002,item,armor,00000001.pro,-1,,0
3/inventory/9,1,86748,0,38,-1,,,0,1,0x00000001,item,armor,00000003.pro,-1,,0
3/inventory/10,1,86840,0,39,-1,,,0,17,0x00000011,item,armor,00000017.pro,-1,,0
3/inventory/11,5,86932,0,40,-1,,,0,32,0x00000020,item,ammo,00000032.pro,-1,,0
3/inventory/12,2,87028,0,41,-1,,,0,143,0x0000008F,item,weapon,00000143.pro,-1,,0
3/inventory/13,1,87128,0,42,-1,,,0,207,0x000000CF,item,misc,00000207.pro,-1,,0
3/inventory/14,6,87224,0,43,-1,,,0,29,0x0000001D,item,ammo,00000029.pro,-1,,0
3/inventory/15,6,87320,0,44,-1,,,0,30,0x0000001E,item,ammo,00000030.pro,-1,,0
3/inventory/16,7,87416,0,45,-1,,,0,31,0x0000001F,item,ammo,00000031.pro,-1,,0
3/inventory/17,7,87512,0,46,-1,,,0,35,0x00000023,item,ammo,00000035.pro,-1,,0
3/inventory/18,16,87608,0,47,-1,,,0,34,0x00000022,item,ammo,00000034.pro,-1,,0
3/inventory/19,9,87704,0,48,-1,,,0,33,0x00000021,item,ammo,00000033.pro,-1,,0
3/inventory/20,10,87800,0,49,-1,,,0,36,0x00000024,item,ammo,00000036.pro,-1,,0
3/inventory/21,4,87896,0,50,-1,,,0,38,0x00000026,item,ammo,00000038.pro,-1,,0
3/inventory/22,10,87992,0,51,-1,,,0,37,0x00000025,item,ammo,00000037.pro,-1,,0
3/inventory/23,1,88088,0,52,-1,,,0,94,0x0000005E,item,weapon,00000094.pro,-1,,0
3/inventory/24,2,88188,0,53,-1,,,0,236,0x000000EC,item,weapon,00000236.pro,-1,,0
3/inventory/25,14,88288,0,54,-1,,,0,95,0x0000005F,item,ammo,00000095.pro,-1,,0
3/inventory/26,2,88384,0,55,-1,,,0,22,0x00000016,item,weapon,00000022.pro,-1,,0
3/inventory/27,2,88484,0,56,-1,,,0,18,0x00000012,item,weapon,00000018.pro,-1,,0
3/inventory/28,1,88584,0,57,-1,,,0,242,0x000000F2,item,weapon,00000242.pro,-1,,0
4,,88680,0,58,10908,108,54,0,83886092,0x0500000C,misc,,00000012.pro,-1,,0
5,,88768,0,59,11106,106,55,0,83886092,0x0500000C,misc,,00000012.pro,-1,,0
6,,88856,0,60,11107,107,55,0,83886092,0x0500000C,misc,,00000012.pro,-1,,0
7,,88944,0,61,11108,108,55,0,83886092,0x0500000C,misc,,00000012.pro,-1,,0
8,,89032,0,62,11304,104,56,0,83886092,0x0500000C,misc,,00000012.pro,-1,,0
9,,89120,0,63,11305,105,56,0,83886092,0x0500000C,misc,,00000012.pro,-1,,0
10,,89208,0,64,11306,106,56,0,83886092,0x0500000C,misc,,00000012.pro,-1,,0
11,,89296,0,65,11307,107,56,0,83886092,0x0500000C,misc,,00000012.pro,-1,,0
12,,89384,0,66,11309,109,56,0,83886092,0x0500000C,misc,,00000012.pro,-1,,0
13,,89472,0,67,11502,102,57,0,83886092,0x0500000C,misc,,00000012.pro,-1,,0
14,,89560,0,68,11503,103,57,0,83886092,0x0500000C,misc,,00000012.pro,-1,,0
15,,89648,0,69,11504,104,57,0,83886092,0x0500000C,misc,,00000012.pro,-1,,0
16,,89736,0,70,11505,105,57,0,83886092,0x0500000C,misc,,00000012.pro,-1,,0
17,,89824,0,71,11509,109,57,0,83886092,0x0500000C,misc,,00000012.pro,-1,,0
18,,89912,0,72,11510,110,57,0,83886092,0x0500000C,misc,,00000012.pro,-1,,0
19,,90000,0,73,11700,100,58,0,83886092,0x0500000C,misc,,00000012.pro,-1,,0
20,,90088,0,74,11701,101,58,0,83886092,0x0500000C,misc,,00000012.pro,-1,,0
21,,90176,0,75,11702,102,58,0,83886092,0x0500000C,misc,,00000012.pro,-1,,0
22,,90264,0,76,11703,103,58,0,83886092,0x0500000C,misc,,00000012.pro,-1,,0
23,,90352,0,77,11710,110,58,0,83886092,0x0500000C,misc,,00000012.pro,-1,,0
24,,90440,0,78,11898,98,59,0,83886092,0x0500000C,misc,,00000012.pro,-1,,0
25,,90528,0,79,11899,99,59,0,83886092,0x0500000C,misc,,00000012.pro,-1,,0
26,,90616,0,80,11900,100,59,0,83886092,0x0500000C,misc,,00000012.pro,-1,,0
27,,90704,0,81,11901,101,59,0,83886092,0x0500000C,misc,,00000012.pro,-1,,0
28,,90792,0,82,11911,111,59,0,83886092,0x0500000C,misc,,00000012.pro,-1,,0
29,,90880,0,83,12096,96,60,0,83886092,0x0500000C,misc,,00000012.pro,-1,,0
30,,90968,0,84,12097,97,60,0,83886092,0x0500000C,misc,,00000012.pro,-1,,0
31,,91056,0,85,12098,98,60,0,83886092,0x0500000C,misc,,00000012.pro,-1,,0
32,,91144,0,86,12099,99,60,0,83886092,0x0500000C,misc,,00000012.pro,-1,,0
33,,91232,0,87,12111,111,60,0,83886092,0x0500000C,misc,,00000012.pro,-1,,0
34,,91320,0,88,12112,112,60,0,83886092,0x0500000C,misc,,00000012.pro,-1,,0
35,,91408,0,89,12294,94,61,0,83886092,0x0500000C,misc,,00000012.pro,-1,,0
36,,91496,0,90,12295,95,61,0,83886092,0x0500000C,misc,,00000012.pro,-1,,0
37,,91584,0,91,12296,96,61,0,83886092,0x0500000C,misc,,00000012.pro,-1,,0
38,,91672,0,92,12297,97,61,0,83886092,0x0500000C,misc,,00000012.pro,-1,,0
39,,91760,0,93,12304,104,61,0,50332763,0x0300045B,wall,,00001115.pro,-1,,0
40,,91848,0,94,12305,105,61,0,50332773,0x03000465,wall,,00001125.pro,-1,,0
41,,91936,0,95,12306,106,61,0,50332772,0x03000464,wall,,00001124.pro,-1,,0
42,,92024,0,96,12307,107,61,0,50332771,0x03000463,wall,,00001123.pro,-1,,0
43,,92112,0,97,12308,108,61,0,50332774,0x03000466,wall,,00001126.pro,-1,,0
44,,92200,0,98,12308,108,61,0,33554906,0x020001DA,scenery,generic,00000475.pro,-1,,0
45,,92288,0,99,12309,109,61,0,50332773,0x03000465,wall,,00001125.pro,-1,,0
46,,92376,0,100,12310,110,61,0,50332772,0x03000464,wall,,00001124.pro,-1,,0
47,,92464,0,101,12311,111,61,0,50332771,0x03000463,wall,,00001123.pro,-1,,0
48,,92552,0,102,12312,112,61,0,83886092,0x0500000C,misc,,00000012.pro,-1,,0
49,,92640,0,103,12312,112,61,0,50332774,0x03000466,wall,,00001126.pro,-1,,0
50,,92728,0,104,12313,113,61,0,50332773,0x03000465,wall,,00001125.pro,-1,,0
51,,92816,0,105,12314,114,61,0,50332772,0x03000464,wall,,00001124.pro,-1,,0
52,,92904,0,106,12315,115,61,0,50332771,0x03000463,wall,,00001123.pro,-1,,0
53,,92992,0,107,12316,116,61,0,50332774,0x03000466,wall,,00001126.pro,-1,,0
54,,93080,0,108,12317,117,61,0,50332773,0x03000465,wall,,00001125.pro,-1,,0
55,,93168,0,109,12318,118,61,0,50332774,0x03000466,wall,,00001126.pro,-1,,0
56,,93256,0,110,12319,119,61,0,50332773,0x03000465,wall,,00001125.pro,-1,,0
57,,93344,0,111,12320,120,61,0,50332774,0x03000466,wall,,00001126.pro,-1,,0
58,,93432,0,112,12320,120,61,0,33554906,0x020001DA,scenery,generic,00000475.pro,-1,,0
59,,93520,0,113,12321,121,61,0,50332773,0x03000465,wall,,00001125.pro,-1,,0
60,,93608,0,114,12322,122,61,0,50332766,0x0300045E,wall,,00001118.pro,-1,,0
61,,93696,0,115,12492,92,62,0,83886092,0x0500000C,misc,,00000012.pro,-1,,0
62,,93784,0,116,12493,93,62,0,83886092,0x0500000C,misc,,00000012.pro,-1,,0
63,,93872,0,117,12494,94,62,0,83886092,0x0500000C,misc,,00000012.pro,-1,,0
64,,93960,0,118,12495,95,62,0,83886092,0x0500000C,misc,,00000012.pro,-1,,0
65,,94048,0,119,12498,98,62,0,50332270,0x0300026E,wall,,00000622.pro,-1,,0
66,,94136,0,120,12504,104,62,0,50332269,0x0300026D,wall,,00000621.pro,-1,,0
67,,94224,0,121,12505,105,62,0,50332270,0x0300026E,wall,,00000622.pro,-1,,0
68,,94312,0,122,12507,107,62,0,50332270,0x0300026E,wall,,00000622.pro,-1,,0
69,,94400,0,123,12509,109,62,0,50332270,0x0300026E,wall,,00000622.pro,-1,,0
70,,94488,0,124,12510,110,62,0,50332807,0x03000487,wall,,00001159.pro,-1,,0
71,,94576,0,125,12510,110,62,0,50331768,0x03000078,wall,,00000035.pro,-1,,0
72,,94664,0,126,12511,111,62,0,50332270,0x0300026E,wall,,00000622.pro,-1,,0
73,,94752,0,127,12513,113,62,0,83886092,0x0500000C,misc,,00000012.pro,-1,,0
74,,94840,0,128,12513,113,62,0,50332270,0x0300026E,wall,,00000622.pro,-1,,0
75,,94928,0,129,12515,115,62,0,50332270,0x0300026E,wall,,00000622.pro,-1,,0
76,,95016,0,130,12516,116,62,0,50332807,0x03000487,wall,,00001159.pro,-1,,0
77,,95104,0,131,12516,116,62,0,50331768,0x03000078,wall,,00000035.pro,-1,,0
78,,95192,0,132,12517,117,62,0,50332270,0x0300026E,wall,,00000622.pro,-1,,0
79,,95280,0,133,12517,117,62,0,33554655,0x020000DF,scenery,generic,00000224.pro,-1,,0
80,,95368,0,134,12519,119,62,0,50332270,0x0300026E,wall,,00000622.pro,-1,,0
81,,95456,0,135,12521,121,62,0,50332270,0x0300026E,wall,,00000622.pro,-1,,0
82,,95544,0,136,12522,122,62,0,50332269,0x0300026D,wall,,00000621.pro,-1,,0
83,,95632,0,137,12686,86,63,0,50332241,0x03000251,wall,,00000593.pro,-1,,0
84,,95720,0,138,12687,87,63,0,50332236,0x0300024C,wall,,00000588.pro,-1,,0
85,,95808,0,139,12688,88,63,0,50332235,0x0300024B,wall,,00000587.pro,-1,,0
86,,95896,0,140,12689,89,63,0,50332238,0x0300024E,wall,,00000590.pro,-1,,0
87,,95984,0,141,12690,90,63,0,83886092,0x0500000C,misc,,00000012.pro,-1,,0
88,,96072,0,142,12690,90,63,0,50332293,0x03000285,wall,,00000645.pro,-1,,0
89,,96160,0,143,12691,91,63,0,83886092,0x0500000C,misc,,00000012.pro,-1,,0
90,,96248,0,144,12691,91,63,0,50332239,0x0300024F,wall,,00000591.pro,-1,,0
91,,96336,0,145,12692,92,63,0,83886092,0x0500000C,misc,,00000012.pro,-1,,0
92,,96424,0,146,12692,92,63,0,50332237,0x0300024D,wall,,00000589.pro,-1,,0
93,,96512,0,147,12693,93,63,0,83886092,0x0500000C,misc,,00000012.pro,-1,,0
94,,96600,0,148,12693,93,63,0,50332238,0x0300024E,wall,,00000590.pro,-1,,0
95,,96688,0,149,12694,94,63,0,50332292,0x03000284,wall,,00000644.pro,-1,,0
96,,96776,0,150,12695,95,63,0,50332236,0x0300024C,wall,,00000588.pro,-1,,0
97,,96864,0,151,12696,96,63,0,50332234,0x0300024A,wall,,00000586.pro,-1,,0
98,,96952,0,152,12697,97,63,0,50332238,0x0300024E,wall,,00000590.pro,-1,,0
99,,97040,0,153,12698,98,63,0,50332269,0x0300026D,wall,,00000621.pro,-1,,0
100,,97128,0,154,12699,99,63,0,50332270,0x0300026E,wall,,00000622.pro,-1,,0
101,,97216,0,155,12704,104,63,0,50332770,0x03000462,wall,,00001122.pro,-1,,0
102,,97304,0,156,12707,107,63,0,33554499,0x02000043,scenery,generic,00000068.pro,-1,,0
103,,97392,0,157,12710,110,63,0,50331898,0x030000FA,wall,,00000250.pro,-1,,0
104,,97480,0,158,12713,113,63,0,83886092,0x0500000C,misc,,00000012.pro,-1,,0
105,,97568,0,159,12714,114,63,0,83886092,0x0500000C,misc,,00000012.pro,-1,,0
106,,97656,0,160,12716,116,63,0,50331898,0x030000FA,wall,,00000250.pro,-1,,0
107,,97744,0,161,12717,117,63,0,33554499,0x02000043,scenery,generic,00000068.pro,-1,,0
108,,97832,0,162,12722,122,63,0,50332770,0x03000462,wall,,00001122.pro,-1,,0
109,,97920,0,163,12846,46,64,0,129,0x00000081,item,container,00000129.pro,50331678,VanceBox.int,9
109/inventory/0,10,98012,0,164,-1,,,0,40,0x00000028,item,drug,00000040.pro,-1,,0
109/inventory/1,3,98104,0,165,-1,,,0,47,0x0000002F,item,misc,00000047.pro,-1,,0
109/inventory/2,18,98200,0,166,-1,,,0,48,0x00000030,item,drug,00000048.pro,-1,,0
109/inventory/3,6,98292,0,167,-1,,,0,49,0x00000031,item,drug,00000049.pro,-1,,0
109/inventory/4,9,98384,0,168,-1,,,0,53,0x00000035,item,drug,00000053.pro,-1,,0
109/inventory/5,7,98476,0,169,-1,,,0,87,0x00000057,item,drug,00000087.pro,-1,,0
109/inventory/6,26,98568,0,170,-1,,,0,109,0x0000006D,item,drug,00000109.pro,-1,,0
109/inventory/7,9,98660,0,171,-1,,,0,110,0x0000006E,item,drug,00000110.pro,-1,,0
109/inventory/8,8,98752,0,172,-1,,,0,144,0x00000090,item,drug,00000144.pro,-1,,0
110,,98840,0,173,12886,86,64,0,50332269,0x0300026D,wall,,00000621.pro,-1,,0
111,,98928,0,174,12887,87,64,0,50332270,0x0300026E,wall,,00000622.pro,-1,,0
112,,99016,0,175,12888,88,64,0,83886092,0x0500000C,misc,,00000012.pro,-1,,0
113,,99104,0,176,12889,89,64,0,83886092,0x0500000C,misc,,00000012.pro,-1,,0
114,,99192,0,177,12889,89,64,0,50332270,0x0300026E,wall,,00000622.pro,-1,,0
115,,99280,0,178,12890,90,64,0,83886092,0x0500000C,misc,,00000012.pro,-1,,0
116,,99368,0,179,12891,91,64,0,83886092,0x0500000C,misc,,00000012.pro,-1,,0
117,,99456,0,180,12891,91,64,0,50332270,0x0300026E,wall,,00000622.pro,-1,,0
118,,99544,0,181,12893,93,64,0,50332270,0x0300026E,wall,,00000622.pro,-1,,0
119,,99632,0,182,12895,95,64,0,50332270,0x0300026E,wall,,00000622.pro,-1,,0
120,,99720,0,183,12896,96,64,0,33554499,0x02000043,scenery,generic,00000068.pro,-1,,0
121,,99808,0,184,12897,97,64,0,50332270,0x0300026E,wall,,00000622.pro,-1,,0
122,,99896,0,185,12898,98,64,0,50332821,0x03000495,wall,,00001173.pro,-1,,0
123,,99984,0,186,12904,104,64,0,50332767,0x0300045F,wall,,00001119.pro,-1,,0
124,,100072,0,187,12904,104,64,0,33554905,0x020001D9,scenery,generic,00000474.pro,-1,,0
125,,100160,0,188,12905,105,64,0,33554642,0x020000D2,scenery,generic,00000211.pro,-1,,0
126,,100248,0,189,12906,106,64,0,33554499,0x02000043,scenery,generic,00000068.pro,-1,,0
127,,100336,0,190,12907,107,64,0,33554499,0x02000043,scenery,generic,00000068.pro,-1,,0
128,,100424,0,191,12910,110,64,0,50331768,0x03000078,wall,,00000035.pro,-1,,0
129,,100512,0,192,12912,112,64,0,33554640,0x020000D0,scenery,generic,00000209.pro,-1,,0
130,,100600,0,193,12914,114,64,0,83886092,0x0500000C,misc,,00000012.pro,-1,,0
131,,100688,0,194,12916,116,64,0,50331768,0x03000078,wall,,00000035.pro,-1,,0
132,,100776,0,195,12922,122,64,0,50332767,0x0300045F,wall,,00001119.pro,-1,,0
133,,100864,0,196,12922,122,64,0,33554903,0x020001D7,scenery,generic,00000472.pro,-1,,0
134,,100952,0,197,13086,86,65,0,83886092,0x0500000C,misc,,00000012.pro,-1,,0
135,,101040,0,198,13086,86,65,0,50332242,0x03000252,wall,,00000594.pro,-1,,0
136,,101128,0,199,13087,87,65,0,83886092,0x0500000C,misc,,00000012.pro,-1,,0
137,,101216,0,200,13087,87,65,0,33554499,0x02000043,scenery,generic,00000068.pro,-1,,0
138,,101304,0,201,13087,87,65,0,63,0x0000003F,item,container,00000063.pro,-1,,3
138/inventory/0,1,101396,0,202,-1,,,0,9,0x00000009,item,weapon,00000002.pro,-1,,0
138/inventory/1,2,101496,0,203,-1,,,0,29,0x0000001D,item,ammo,00000029.pro,-1,,0
138/inventory/2,150,101592,0,204,-1,,,0,41,0x00000029,item,misc,00000041.pro,-1,,0
139,,101684,0,205,13088,88,65,0,83886092,0x0500000C,misc,,00000012.pro,-1,,0
140,,101772,0,206,13089,89,65,0,83886092,0x0500000C,misc,,00000012.pro,-1,,0
141,,101860,0,207,13091,91,65,0,33555112,0x020002A8,scenery,generic,00000681.pro,-1,,0
142,,101948,0,208,13093,93,65,0,33554499,0x02000043,scenery,generic,00000068.pro,-1,,0
143,,102036,0,209,13097,97,65,0,33554499,0x02000043,scenery,generic,00000068.pro,-1,,0
144,,102124,0,210,13097,97,65,0,42,0x0000002A,item,container,00000042.pro,-1,,2
144/inventory/0,2,102216,0,211,-1,,,0,106,0x0000006A,item,drug,00000106.pro,-1,,0
144/inventory/1,2,102308,0,212,-1,,,0,124,0x0000007C,item,drug,00000124.pro,-1,,0
145,,102396,0,213,13098,98,65,0,50332177,0x03000211,wall,,00000529.pro,-1,,0
146,,102484,0,214,13104,104,65,0,50332768,0x03000460,wall,,00001120.pro,-1,,0
147,,102572,0,215,13110,110,65,0,50331898,0x030000FA,wall,,00000250.pro,-1,,0
148,,102660,0,216,13115,115,65,0,83886092,0x0500000C,misc,,00000012.pro,-1,,0
149,,102748,0,217,13116,116,65,0,50331898,0x030000FA,wall,,00000250.pro,-1,,0
150,,102836,0,218,13122,122,65,0,50332768,0x03000460,wall,,00001120.pro,-1,,0
151,,102924,0,219,13284,84,66,0,83886092,0x0500000C,misc,,00000012.pro,-1,,0
152,,103012,0,220,13285,85,66,0,83886092,0x0500000C,misc,,00000012.pro,-1,,0
153,,103100,0,221,13286,86,66,0,83886092,0x0500000C,misc,,00000012.pro,-1,,0
154,,103188,0,222,13286,86,66,0,50332243,0x03000253,wall,,00000595.pro,-1,,0
155,,103276,0,223,13287,87,66,0,83886092,0x0500000C,misc,,00000012.pro,-1,,0
156,,103364,0,224,13287,87,66,0,33554499,0x02000043,scenery,generic,00000068.pro,-1,,0
157,,103452,0,225,13291,91,66,0,33554499,0x02000043,scenery,generic,00000068.pro,-1,,0
158,,103540,0,226,13293,93,66,0,33554499,0x02000043,scenery,generic,00000068.pro,-1,,0
159,,103628,0,227,13298,98,66,0,50332288,0x03000280,wall,,00000640.pro,-1,,0
160,,103716,0,228,13304,104,66,0,50332769,0x03000461,wall,,00001121.pro,-1,,0
161,,103804,0,229,13307,107,66,4,16777411,0x010000C3,critter,,00000195.pro,67108874,genskag.int,0
162,,103932,0,230,13310,110,66,0,50331768,0x03000078,wall,,00000035.pro,-1,,0
163,,104020,0,231,13315,115,66,0,83886092,0x0500000C,misc,,00000012.pro,-1,,0
164,,104108,0,232,13316,116,66,0,83886092,0x0500000C,misc,,00000012.pro,-1,,0
165,,104196,0,233,13316,116,66,0,50331768,0x03000078,wall,,00000035.pro,-1,,0
166,,104284,0,234,13322,122,66,0,50332769,0x03000461,wall,,00001121.pro,-1,,0
167,,104372,0,235,13470,70,67,0,50332241,0x03000251,wall,,00000593.pro,-1,,0
168,,104460,0,236,13471,71,67,0,50332236,0x0300024C,wall,,00000588.pro,-1,,0
169,,104548,0,237,13472,72,67,0,50332234,0x0300024A,wall,,00000586.pro,-1,,0
170,,104636,0,238,13473,73,67,0,50332238,0x0300024E,wall,,00000590.pro,-1,,0
171,,104724,0,239,13474,74,67,0,50332292,0x03000284,wall,,00000644.pro,-1,,0
172,,104812,0,240,13475,75,67,0,50332236,0x0300024C,wall,,00000588.pro,-1,,0
173,,104900,0,241,13476,76,67,0,50332240,0x03000250,wall,,00000592.pro,-1,,0
174,,104988,0,242,13477,77,67,0,50332238,0x0300024E,wall,,00000590.pro,-1,,0
175,,105076,0,243,13478,78,67,0,50332237,0x0300024D,wall,,00000589.pro,-1,,0
176,,105164,0,244,13479,79,67,0,50332236,0x0300024C,wall,,00000588.pro,-1,,0
177,,105252,0,245,13480,80,67,0,50332235,0x0300024B,wall,,00000587.pro,-1,,0
178,,105340,0,246,13481,81,67,0,50332239,0x0300024F,wall,,00000591.pro,-1,,0
179,,105428,0,247,13482,82,67,0,83886092,0x0500000C,misc,,00000012.pro,-1,,0
180,,105516,0,248,13482,82,67,0,50332293,0x03000285,wall,,00000645.pro,-1,,0
181,,105604,0,249,13483,83,67,0,83886092,0x0500000C,misc,,00000012.pro,-1,,0
182,,105692,0,250,13483,83,67,0,50332238,0x0300024E,wall,,00000590.pro,-1,,0
183,,105780,0,251,13484,84,67,0,83886092,0x0500000C,misc,,00000012.pro,-1,,0
184,,105868,0,252,13484,84,67,0,50332234,0x0300024A,wall,,00000586.pro,-1,,0
185,,105956,0,253,13485,85,67,0,83886092,0x0500000C,misc,,00000012.pro,-1,,0
186,,106044,0,254,13485,85,67,0,50332236,0x0300024C,wall,,00000588.pro,-1,,0
187,,106132,0,255,13486,86,67,0,50332259,0x03000263,wall,,00000611.pro,-1,,0
188,,106220,0,256,13491,91,67,0,33554499,0x02000043,scenery,generic,00000068.pro,-1,,0
189,,106308,0,257,13492,92,67,0,33554499,0x02000043,scenery,generic,00000068.pro,-1,,0
190,,106396,0,258,13493,93,67,0,33554499,0x02000043,scenery,generic,00000068.pro,-1,,0
191,,106484,0,259,13498,98,67,0,50332178,0x03000212,wall,,00000530.pro,-1,,0
192,,106572,0,260,13504,104,67,0,50332770,0x03000462,wall,,00001122.pro,-1,,0
193,,106660,0,261,13504,104,67,0,33554905,0x020001D9,scenery,generic,00000474.pro,-1,,0
194,,106748,0,262,13510,110,67,0,50331898,0x030000FA,wall,,00000250.pro,-1,,0
195,,106836,0,263,13516,116,67,0,83886092,0x0500000C,misc,,00000012.pro,-1,,0
196,,106924,0,264,13516,116,67,0,50331898,0x030000FA,wall,,00000250.pro,-1,,0
197,,107012,0,265,13522,122,67,0,50332770,0x03000462,wall,,00001122.pro,-1,,0
198,,107100,0,266,13522,122,67,0,33554903,0x020001D7,scenery,generic,00000472.pro,-1,,0
199,,107188,0,267,13670,70,68,0,50332269,0x0300026D,wall,,00000621.pro,-1,,0
200,,107276,0,268,13671,71,68,0,50332270,0x0300026E,wall,,00000622.pro,-1,,0
201,,107364,0,269,13672,72,68,0,33554499,0x02000043,scenery,generic,00000068.pro,-1,,0
202,,107452,0,270,13673,73,68,0,50332270,0x0300026E,wall,,00000622.pro,-1,,0
203,,107540,0,271,13674,74,68,0,33554499,0x02000043,scenery,generic,00000068.pro,-1,,0
204,,107628,0,272,13675,75,68,0,50332270,0x0300026E,wall,,00000622.pro,-1,,0
205,,107716,0,46,13676,76,68,2,16777348,0x01000084,critter,,00000132.pro,67108865,gencop.int,3
205/inventory/0,5,107848,0,56,-1,,,0,40,0x00000028,item,drug,00000040.pro,-1,,0
205/inventory/1,5,107940,0,173,-1,,,0,95,0x0000005F,item,ammo,00000095.pro,-1,,0
205/inventory/2,1,108036,0,58,-1,,,0,242,0x000000F2,item,weapon,00000242.pro,-1,,0
206,,108132,0,273,13677,77,68,0,50332270,0x0300026E,wall,,00000622.pro,-1,,0
207,,108220,0,274,13677,77,68,0,145,0x00000091,item,container,00000145.pro,-1,,0
208,,108308,0,275,13679,79,68,0,50332270,0x0300026E,wall,,00000622.pro,-1,,0
209,,108396,0,276,13680,80,68,0,83886092,0x0500000C,misc,,00000012.pro,-1,,0
210,,108484,0,277,13681,81,68,0,83886092,0x0500000C,misc,,00000012.pro,-1,,0
211,,108572,0,278,13681,81,68,0,50332270,0x0300026E,wall,,00000622.pro,-1,,0
212,,108660,0,279,13682,82,68,0,83886092,0x0500000C,misc,,00000012.pro,-1,,0
213,,108748,0,280,13683,83,68,0,83886092,0x0500000C,misc,,00000012.pro,-1,,0
214,,108836,0,281,13683,83,68,0,50332270,0x0300026E,wall,,00000622.pro,-1,,0
215,,108924,0,282,13685,85,68,0,50332270,0x0300026E,wall,,00000622.pro,-1,,0
216,,109012,0,283,13686,86,68,0,50332269,0x0300026D,wall,,00000621.pro,-1,,0
217,,109100,0,284,13687,87,68,0,33554663,0x020000E7,scenery,generic,00000232.pro,-1,,0
218,,109188,0,285,13690,90,68,0,33554573,0x0200008D,scenery,generic,00000142.pro,-1,,0
219,,109276,0,286,13698,98,68,0,50332177,0x03000211,wall,,00000529.pro,-1,,0
220,,109364,0,287,13704,104,68,0,50332767,0x0300045F,wall,,00001119.pro,-1,,0
221,,109452,0,288,13710,110,68,0,50332381,0x030002DD,wall,,00000733.pro,-1,,0
222,,109540,0,289,13715,115,68,0,33554776,0x02000158,scenery,generic,00000345.pro,-1,,0
223,,109628,0,290,13716,116,68,0,50332381,0x030002DD,wall,,00000733.pro,-1,,0
224,,109716,0,291,13717,117,68,0,83886092,0x0500000C,misc,,00000012.pro,-1,,0
225,,109804,0,292,13717,117,68,0,33554652,0x020000DC,scenery,generic,00000221.pro,-1,,0
226,,109892,0,293,13722,122,68,0,50332767,0x0300045F,wall,,00001119.pro,-1,,0
227,,109980,0,294,13870,70,69,0,50332242,0x03000252,wall,,00000594.pro,-1,,0
228,,110068,0,295,13873,73,69,0,66,0x00000042,item,container,00000066.pro,-1,,0
229,,110156,0,296,13874,74,69,0,33555108,0x020002A4,scenery,generic,00000677.pro,-1,,0
230,,110244,0,297,13878,78,69,0,83886092,0x0500000C,misc,,00000012.pro,-1,,0
231,,110332,0,298,13879,79,69,0,83886092,0x0500000C,misc,,00000012.pro,-1,,0
232,,110420,0,299,13880,80,69,0,83886092,0x0500000C,misc,,00000012.pro,-1,,0
233,,110508,0,300,13881,81,69,0,83886092,0x0500000C,misc,,00000012.pro,-1,,0
234,,110596,0,301,13886,86,69,0,50332242,0x03000252,wall,,00000594.pro,-1,,0
235,,110684,0,302,13887,87,69,0,33554499,0x02000043,scenery,generic,00000068.pro,-1,,0
236,,110772,0,303,13888,88,69,0,33554436,0x02000004,scenery,generic,00000004.pro,-1,,0
237,,110860,0,304,13898,98,69,0,50332178,0x03000212,wall,,00000530.pro,-1,,0
238,,110948,0,305,13904,104,69,0,50332768,0x03000460,wall,,00001120.pro,-1,,0
239,,111036,0,306,13905,105,69,0,50332806,0x03000486,wall,,00001158.pro,-1,,0
240,,111124,0,307,13906,106,69,0,50331780,0x03000084,wall,,00000047.pro,-1,,0
241,,111212,0,308,13907,107,69,0,33555280,0x02000350,scenery,door,00000849.pro,50331668,WoodDoor.int,0
242,,111304,0,309,13908,108,69,0,50331779,0x03000083,wall,,00000046.pro,-1,,0
243,,111392,0,310,13909,109,69,0,50331777,0x03000081,wall,,00000044.pro,-1,,0
244,,111480,0,311,13910,110,69,0,50332270,0x0300026E,wall,,00000622.pro,-1,,0
245,,111568,0,312,13910,110,69,0,50331778,0x03000082,wall,,00000045.pro,-1,,0
246,,111656,0,313,13911,111,69,0,50331777,0x03000081,wall,,00000044.pro,-1,,0
247,,111744,0,314,13912,112,69,0,50331780,0x03000084,wall,,00000047.pro,-1,,0
248,,111832,0,315,13913,113,69,0,33555280,0x02000350,scenery,door,00000849.pro,50331667,WoodDoor.int,0
249,,111924,0,316,13914,114,69,0,50331779,0x03000083,wall,,00000046.pro,-1,,0
250,,112012,0,317,13915,115,69,0,50331777,0x03000081,wall,,00000044.pro,-1,,0
251,,112100,0,318,13916,116,69,0,50332270,0x0300026E,wall,,00000622.pro,-1,,0
252,,112188,0,319,13917,117,69,0,83886092,0x0500000C,misc,,00000012.pro,-1,,0
253,,112276,0,320,13917,117,69,0,33554499,0x02000043,scenery,generic,00000068.pro,-1,,0
254,,112364,0,321,13918,118,69,0,83886092,0x0500000C,misc,,00000012.pro,-1,,0
255,,112452,0,322,13922,122,69,0,50332768,0x03000460,wall,,00001120.pro,-1,,0
256,,112540,0,323,14070,70,70,0,50332291,0x03000283,wall,,00000643.pro,-1,,0
257,,112628,0,324,14076,76,70,0,83886092,0x0500000C,misc,,00000012.pro,-1,,0
258,,112716,0,325,14077,77,70,0,83886092,0x0500000C,misc,,00000012.pro,-1,,0
259,,112804,0,326,14078,78,70,0,83886092,0x0500000C,misc,,00000012.pro,-1,,0
260,,112892,0,327,14079,79,70,0,83886092,0x0500000C,misc,,00000012.pro,-1,,0
261,,112980,0,328,14081,81,70,0,33554661,0x020000E5,scenery,generic,00000230.pro,-1,,0
262,,113068,0,178,14083,83,70,1,16777348,0x01000084,critter,,00000132.pro,67108883,gencop.int,3
262/inventory/0,5,113200,0,192,-1,,,0,40,0x00000028,item,drug,00000040.pro,-1,,0
262/inventory/1,6,113292,0,214,-1,,,0,95,0x0000005F,item,ammo,00000095.pro,-1,,0
262/inventory/2,1,113388,0,216,-1,,,0,242,0x000000F2,item,weapon,00000242.pro,-1,,0
263,,113484,0,329,14086,86,70,0,50332243,0x03000253,wall,,00000595.pro,-1,,0
264,,113572,0,330,14087,87,70,0,33554499,0x02000043,scenery,generic,00000068.pro,-1,,0
265,,113660,0,331,14088,88,70,0,33554499,0x02000043,scenery,generic,00000068.pro,-1,,0
266,,113748,0,332,14098,98,70,0,50332289,0x03000281,wall,,00000641.pro,-1,,0
267,,113836,0,333,14104,104,70,0,50332769,0x03000461,wall,,00001121.pro,-1,,0
268,,113924,0,334,14105,105,70,0,50332270,0x0300026E,wall,,00000622.pro,-1,,0
269,,114012,0,335,14106,106,70,0,33554499,0x02000043,scenery,generic,00000068.pro,-1,,0
270,,114100,0,336,14109,109,70,0,50332270,0x0300026E,wall,,00000622.pro,-1,,0
271,,114188,0,337,14110,110,70,0,33554435,0x02000003,scenery,generic,00000003.pro,-1,,0
272,,114276,0,338,14111,111,70,0,50332270,0x0300026E,wall,,00000622.pro,-1,,0
273,,114364,0,339,14115,115,70,0,50332270,0x0300026E,wall,,00000622.pro,-1,,0
274,,114452,0,340,14117,117,70,0,33554499,0x02000043,scenery,generic,00000068.pro,-1,,0
275,,114540,0,341,14118,118,70,0,83886092,0x0500000C,misc,,00000012.pro,-1,,0
276,,114628,0,342,14122,122,70,0,50332769,0x03000461,wall,,00001121.pro,-1,,0
277,,114716,0,343,14132,132,70,0,83886100,0x05000014,misc,,00000020.pro,-1,,0
278,,114820,0,344,14270,70,71,0,50332242,0x03000252,wall,,00000594.pro,-1,,0
279,,114908,0,345,14274,74,71,0,83886092,0x0500000C,misc,,00000012.pro,-1,,0
280,,114996,0,346,14274,74,71,0,33554573,0x0200008D,scenery,generic,00000142.pro,-1,,0
281,,115084,0,347,14274,74,71,0,33555098,0x0200029A,scenery,generic,00000667.pro,-1,,0
282,,115172,0,348,14275,75,71,0,83886092,0x0500000C,misc,,00000012.pro,-1,,0
283,,115260,0,349,14276,76,71,0,83886092,0x0500000C,misc,,00000012.pro,-1,,0
284,,115348,0,350,14277,77,71,0,83886092,0x0500000C,misc,,00000012.pro,-1,,0
285,,115436,0,351,14278,78,71,2,16777337,0x01000079,critter,,00000121.pro,67108879,hubjake.int,4
285/inventory/0,4,115568,0,352,-1,,,0,40,0x00000028,item,drug,00000040.pro,-1,,0
285/inventory/1,40,115660,0,353,-1,,,0,41,0x00000029,item,misc,00000041.pro,-1,,0
285/inventory/2,1,115756,0,354,-1,,,0,2,0x00000002,item,armor,00000001.pro,-1,,0
285/inventory/3,1,115848,0,355,-1,,,0,115,0x00000073,item,weapon,00000115.pro,-1,,0
286,,115944,0,356,14286,86,71,0,50332246,0x03000256,wall,,00000598.pro,-1,,0
287,,116032,0,357,14298,98,71,0,50332177,0x03000211,wall,,00000529.pro,-1,,0
288,,116120,0,358,14304,104,71,0,50332770,0x03000462,wall,,00001122.pro,-1,,0
289,,116208,0,359,14305,105,71,0,33554653,0x020000DD,scenery,generic,00000222.pro,-1,,0
290,,116296,0,360,14306,106,71,0,33554499,0x02000043,scenery,generic,00000068.pro,-1,,0
291,,116384,0,361,14319,119,71,0,83886092,0x0500000C,misc,,00000012.pro,-1,,0
292,,116472,0,362,14322,122,71,0,50332770,0x03000462,wall,,00001122.pro,-1,,0
293,,116560,0,363,14332,132,71,0,83886100,0x05000014,misc,,00000020.pro,-1,,0
294,,116664,0,364,14470,70,72,0,50332243,0x03000253,wall,,00000595.pro,-1,,0
295,,116752,0,365,14472,72,72,0,83886092,0x0500000C,misc,,00000012.pro,-1,,0
296,,116840,0,366,14473,73,72,0,83886092,0x0500000C,misc,,00000012.pro,-1,,0
297,,116928,0,367,14474,74,72,0,83886092,0x0500000C,misc,,00000012.pro,-1,,0
298,,117016,0,368,14474,74,72,0,33554499,0x02000043,scenery,generic,00000068.pro,-1,,0
299,,117104,0,369,14475,75,72,0,83886092,0x0500000C,misc,,00000012.pro,-1,,0
300,,117192,0,370,14481,81,72,0,33554732,0x0200012C,scenery,generic,00000301.pro,-1,,0
301,,117280,0,371,14482,82,72,0,33554499,0x02000043,scenery,generic,00000068.pro,-1,,0
302,,117368,0,372,14486,86,72,0,50332249,0x03000259,wall,,00000601.pro,-1,,0
303,,117456,0,373,14498,98,72,0,50332178,0x03000212,wall,,00000530.pro,-1,,0
304,,117544,0,374,14504,104,72,0,50332767,0x0300045F,wall,,00001119.pro,-1,,0
305,,117632,0,375,14505,105,72,0,33554665,0x020000E9,scenery,generic,00000234.pro,-1,,0
306,,117720,0,376,14512,112,72,0,33554573,0x0200008D,scenery,generic,00000142.pro,-1,,0
307,,117808,0,377,14519,119,72,0,83886092,0x0500000C,misc,,00000012.pro,-1,,0
308,,117896,0,378,14520,120,72,0,83886092,0x0500000C,misc,,00000012.pro,-1,,0
309,,117984,0,379,14522,122,72,0,50332767,0x0300045F,wall,,00001119.pro,-1,,0
310,,118072,0,380,14532,132,72,0,83886100,0x05000014,misc,,00000020.pro,-1,,0
311,,118176,0,381,14670,70,73,0,83886092,0x0500000C,misc,,00000012.pro,-1,,0
312,,118264,0,382,14670,70,73,0,50332246,0x03000256,wall,,00000598.pro,-1,,0
313,,118352,0,383,14671,71,73,0,83886092,0x0500000C,misc,,00000012.pro,-1,,0
314,,118440,0,384,14672,72,73,0,83886092,0x0500000C,misc,,00000012.pro,-1,,0
315,,118528,0,385,14673,73,73,0,83886092,0x0500000C,misc,,00000012.pro,-1,,0
316,,118616,0,386,14674,74,73,0,33554499,0x02000043,scenery,generic,00000068.pro,-1,,0
317,,118704,0,387,14675,75,73,0,33554929,0x020001F1,scenery,generic,00000498.pro,-1,,0
318,,118792,0,388,14681,81,73,0,33554499,0x02000043,scenery,generic,00000068.pro,-1,,0
319,,118880,0,389,14686,86,73,0,50332261,0x03000265,wall,,00000613.pro,-1,,0
320,,118968,0,390,14687,87,73,0,50332236,0x0300024C,wall,,00000588.pro,-1,,0
321,,119056,0,391,14688,88,73,0,50332234,0x0300024A,wall,,00000586.pro,-1,,0
322,,119144,0,392,14689,89,73,0,50332231,0x03000247,wall,,00000583.pro,-1,,0
323,,119232,0,393,14690,90,73,0,33554764,0x0200014C,scenery,door,00000333.pro,50331670,WoodDoor.int,0
324,,119324,0,394,14691,91,73,0,50332236,0x0300024C,wall,,00000588.pro,-1,,0
325,,119412,0,395,14692,92,73,0,50332237,0x0300024D,wall,,00000589.pro,-1,,0
326,,119500,0,396,14693,93,73,0,50332239,0x0300024F,wall,,00000591.pro,-1,,0
327,,119588,0,397,14694,94,73,0,50332235,0x0300024B,wall,,00000587.pro,-1,,0
328,,119676,0,398,14695,95,73,0,50332238,0x0300024E,wall,,00000590.pro,-1,,0
329,,119764,0,399,14696,96,73,0,50332234,0x0300024A,wall,,00000586.pro,-1,,0
330,,119852,0,400,14697,97,73,0,50332236,0x0300024C,wall,,00000588.pro,-1,,0
331,,119940,0,401,14698,98,73,0,50332255,0x0300025F,wall,,00000607.pro,-1,,0
332,,120028,0,402,14704,104,73,0,50332768,0x03000460,wall,,00001120.pro,-1,,0
333,,120116,0,403,14720,120,73,0,83886092,0x0500000C,misc,,00000012.pro,-1,,0
334,,120204,0,404,14722,122,73,0,50332768,0x03000460,wall,,00001120.pro,-1,,0
335,,120292,0,405,14732,132,73,0,83886100,0x05000014,misc,,00000020.pro,-1,,0
336,,120396,0,406,14868,68,74,0,83886092,0x0500000C,misc,,00000012.pro,-1,,0
337,,120484,0,407,14869,69,74,0,83886092,0x0500000C,misc,,00000012.pro,-1,,0
338,,120572,0,408,14870,70,74,0,83886092,0x0500000C,misc,,00000012.pro,-1,,0
339,,120660,0,409,14870,70,74,0,50332249,0x03000259,wall,,00000601.pro,-1,,0
340,,120748,0,410,14871,71,74,0,83886092,0x0500000C,misc,,00000012.pro,-1,,0
341,,120836,0,411,14873,73,74,0,33555102,0x0200029E,scenery,generic,00000671.pro,-1,,0
342,,120924,0,412,14874,74,74,0,33554499,0x02000043,scenery,generic,00000068.pro,-1,,0
343,,121012,0,413,14875,75,74,0,33554499,0x02000043,scenery,generic,00000068.pro,-1,,0
344,,121100,0,414,14876,76,74,0,33555095,0x02000297,scenery,generic,00000664.pro,-1,,0
345,,121188,0,415,14882,82,74,0,33554573,0x0200008D,scenery,generic,00000142.pro,-1,,0
346,,121276,0,417,14886,86,74,0,50332269,0x0300026D,wall,,00000621.pro,-1,,0
347,,121364,0,418,14887,87,74,0,50332270,0x0300026E,wall,,00000622.pro,-1,,0
348,,121452,0,419,14888,88,74,0,33554499,0x02000043,scenery,generic,00000068.pro,-1,,0
349,,121540,0,420,14888,88,74,0,180,0x000000B4,item,container,00000180.pro,-1,,2
349/inventory/0,1,121632,0,421,-1,,,0,34,0x00000022,item,ammo,00000034.pro,-1,,0
349/inventory/1,349,121728,0,422,-1,,,0,41,0x00000029,item,misc,00000041.pro,-1,,0
350,,121820,0,423,14889,89,74,0,50332270,0x0300026E,wall,,00000622.pro,-1,,0
351,,121908,0,424,14891,91,74,0,50332230,0x03000246,wall,,00000582.pro,-1,,0
352,,121996,0,425,14892,92,74,0,33554499,0x02000043,scenery,generic,00000068.pro,-1,,0
353,,122084,0,426,14893,93,74,0,50332270,0x0300026E,wall,,00000622.pro,-1,,0
354,,122172,0,427,14894,94,74,0,33554499,0x02000043,scenery,generic,00000068.pro,-1,,0
355,,122260,0,428,14895,95,74,0,50332270,0x0300026E,wall,,00000622.pro,-1,,0
356,,122348,0,429,14896,96,74,0,33554499,0x02000043,scenery,generic,00000068.pro,-1,,0
357,,122436,0,430,14897,97,74,0,50332270,0x0300026E,wall,,00000622.pro,-1,,0
358,,122524,0,431,14898,98,74,0,50332269,0x0300026D,wall,,00000621.pro,-1,,0
359,,122612,0,432,14904,104,74,0,50332769,0x03000461,wall,,00001121.pro,-1,,0
360,,122700,0,433,14921,121,74,0,83886092,0x0500000C,misc,,00000012.pro,-1,,0
361,,122788,0,434,14922,122,74,0,50332769,0x03000461,wall,,00001121.pro,-1,,0
362,,122876,0,435,14923,123,74,0,33554438,0x02000006,scenery,generic,00000006.pro,-1,,0
363,,122964,0,436,14932,132,74,0,83886100,0x05000014,misc,,00000020.pro,-1,,0
364,,123068,0,437,14934,134,74,0,33554481,0x02000031,scenery,generic,00000050.pro,-1,,0
365,,123156,0,438,15048,48,75,0,50332763,0x0300045B,wall,,00001115.pro,-1,,0
366,,123244,0,439,15049,49,75,0,50332773,0x03000465,wall,,00001125.pro,-1,,0
367,,123332,0,440,15050,50,75,0,50332772,0x03000464,wall,,00001124.pro,-1,,0
368,,123420,0,441,15051,51,75,0,50332771,0x03000463,wall,,00001123.pro,-1,,0
369,,123508,0,442,15052,52,75,0,50332774,0x03000466,wall,,00001126.pro,-1,,0
370,,123596,0,443,15052,52,75,0,33554906,0x020001DA,scenery,generic,00000475.pro,-1,,0
371,,123684,0,444,15053,53,75,0,50332773,0x03000465,wall,,00001125.pro,-1,,0
372,,123772,0,445,15054,54,75,0,50332772,0x03000464,wall,,00001124.pro,-1,,0
373,,123860,0,446,15055,55,75,0,50332771,0x03000463,wall,,00001123.pro,-1,,0
374,,123948,0,447,15056,56,75,0,50332774,0x03000466,wall,,00001126.pro,-1,,0
375,,124036,0,448,15057,57,75,0,50332773,0x03000465,wall,,00001125.pro,-1,,0
376,,124124,0,449,15058,58,75,0,50332772,0x03000464,wall,,00001124.pro,-1,,0
377,,124212,0,450,15059,59,75,0,50332771,0x03000463,wall,,00001123.pro,-1,,0
378,,124300,0,451,15060,60,75,0,50332774,0x03000466,wall,,00001126.pro,-1,,0
379,,124388,0,452,15060,60,75,0,33554906,0x020001DA,scenery,generic,00000475.pro,-1,,0
380,,124476,0,453,15061,61,75,0,50332773,0x03000465,wall,,00001125.pro,-1,,0
381,,124564,0,454,15062,62,75,0,50332772,0x03000464,wall,,00001124.pro,-1,,0
382,,124652,0,455,15063,63,75,0,50332771,0x03000463,wall,,00001123.pro,-1,,0
383,,124740,0,456,15064,64,75,0,50332766,0x0300045E,wall,,00001118.pro,-1,,0
384,,124828,0,457,15066,66,75,0,83886092,0x0500000C,misc,,00000012.pro,-1,,0
385,,124916,0,458,15067,67,75,0,83886092,0x0500000C,misc,,00000012.pro,-1,,0
386,,125004,0,459,15068,68,75,0,83886092,0x0500000C,misc,,00000012.pro,-1,,0
387,,125092,0,460,15069,69,75,0,83886092,0x0500000C,misc,,00000012.pro,-1,,0
388,,125180,0,461,15070,70,75,0,50332243,0x03000253,wall,,00000595.pro,-1,,0
389,,125268,0,462,15074,74,75,0,33554499,0x02000043,scenery,generic,00000068.pro,-1,,0
390,,125356,0,463,15075,75,75,0,33554930,0x020001F2,scenery,generic,00000499.pro,-1,,0
391,,125444,0,467,15086,86,75,0,50332247,0x03000257,wall,,00000599.pro,-1,,0
392,,125532,0,468,15087,87,75,0,33554708,0x02000114,scenery,generic,00000277.pro,-1,,0
393,,125620,0,469,15093,93,75,0,33554653,0x020000DD,scenery,generic,00000222.pro,-1,,0
394,,125708,0,470,15094,94,75,0,33554499,0x02000043,scenery,generic,00000068.pro,-1,,0
395,,125796,0,471,15096,96,75,0,33554499,0x02000043,scenery,generic,00000068.pro,-1,,0
396,,125884,0,472,15097,97,75,0,33554652,0x020000DC,scenery,generic,00000221.pro,-1,,0
397,,125972,0,473,15098,98,75,0,50332177,0x03000211,wall,,00000529.pro,-1,,0
398,,126060,0,474,15104,104,75,0,50332770,0x03000462,wall,,00001122.pro,-1,,0
399,,126148,0,475,15104,104,75,0,33554905,0x020001D9,scenery,generic,00000474.pro,-1,,0
400,,126236,0,476,15121,121,75,0,83886092,0x0500000C,misc,,00000012.pro,-1,,0
401,,126324,0,477,15122,122,75,0,83886092,0x0500000C,misc,,00000012.pro,-1,,0
402,,126412,0,478,15122,122,75,0,50332770,0x03000462,wall,,00001122.pro,-1,,0
403,,126500,0,479,15122,122,75,0,33554903,0x020001D7,scenery,generic,00000472.pro,-1,,0
404,,126588,0,480,15132,132,75,0,83886100,0x05000014,misc,,00000020.pro,-1,,0
405,,126692,0,481,15248,48,76,0,50332269,0x0300026D,wall,,00000621.pro,-1,,0
406,,126780,0,482,15249,49,76,0,50332270,0x0300026E,wall,,00000622.pro,-1,,0
407,,126868,0,483,15251,51,76,0,50332270,0x0300026E,wall,,00000622.pro,-1,,0
408,,126956,0,484,15253,53,76,0,50332270,0x0300026E,wall,,00000622.pro,-1,,0
409,,127044,0,485,15254,54,76,0,50332807,0x03000487,wall,,00001159.pro,-1,,0
410,,127132,0,486,15255,55,76,0,50332270,0x0300026E,wall,,00000622.pro,-1,,0
411,,127220,0,487,15256,56,76,0,33554439,0x02000007,scenery,generic,00000007.pro,-1,,0
412,,127308,0,488,15257,57,76,0,50332270,0x0300026E,wall,,00000622.pro,-1,,0
413,,127396,0,489,15257,57,76,0,33554686,0x020000FE,scenery,generic,00000255.pro,-1,,0
414,,127484,0,490,15258,58,76,0,33554499,0x02000043,scenery,generic,00000068.pro,-1,,0
415,,127572,0,491,15259,59,76,0,50332270,0x0300026E,wall,,00000622.pro,-1,,0
416,,127660,0,492,15261,61,76,0,50332270,0x0300026E,wall,,00000622.pro,-1,,0
417,,127748,0,493,15263,63,76,0,50332270,0x0300026E,wall,,00000622.pro,-1,,0
418,,127836,0,494,15264,64,76,0,83886092,0x0500000C,misc,,00000012.pro,-1,,0
419,,127924,0,495,15264,64,76,0,50332269,0x0300026D,wall,,00000621.pro,-1,,0
420,,128012,0,496,15265,65,76,0,83886092,0x0500000C,misc,,00000012.pro,-1,,0
421,,128100,0,497,15266,66,76,0,83886092,0x0500000C,misc,,00000012.pro,-1,,0
422,,128188,0,498,15267,67,76,0,83886092,0x0500000C,misc,,00000012.pro,-1,,0
423,,128276,0,499,15270,70,76,0,50332290,0x03000282,wall,,00000642.pro,-1,,0
424,,128364,0,500,15274,74,76,0,33554499,0x02000043,scenery,generic,00000068.pro,-1,,0
425,,128452,0,501,15275,75,76,0,33554499,0x02000043,scenery,generic,00000068.pro,-1,,0
426,,128540,0,507,15286,86,76,0,33554765,0x0200014D,scenery,door,00000334.pro,50331671,WoodDoor.int,0
427,,128632,0,508,15297,97,76,0,33554499,0x02000043,scenery,generic,00000068.pro,-1,,0
428,,128720,0,509,15298,98,76,0,50332289,0x03000281,wall,,00000641.pro,-1,,0
429,,128808,0,510,15304,104,76,0,50332767,0x0300045F,wall,,00001119.pro,-1,,0
430,,128896,0,511,15322,122,76,0,83886092,0x0500000C,misc,,00000012.pro,-1,,0
431,,128984,0,512,15322,122,76,0,50332767,0x0300045F,wall,,00001119.pro,-1,,0
432,,129072,0,513,15323,123,76,0,33554437,0x02000005,scenery,generic,00000005.pro,-1,,0
433,,129160,0,514,15332,132,76,0,83886100,0x05000014,misc,,00000020.pro,-1,,0
434,,129264,0,515,15448,48,77,0,50332768,0x03000460,wall,,00001120.pro,-1,,0
435,,129352,0,516,15451,51,77,0,33554641,0x020000D1,scenery,generic,00000210.pro,-1,,0
436,,129440,0,517,15451,51,77,4,16777220,0x01000004,critter,,00000004.pro,67108872,Junkie.int,0
437,,129568,0,518,15454,54,77,0,50332394,0x030002EA,wall,,00000746.pro,-1,,0
438,,129656,0,519,15462,62,77,0,83886092,0x0500000C,misc,,00000012.pro,-1,,0
439,,129744,0,520,15463,63,77,0,83886092,0x0500000C,misc,,00000012.pro,-1,,0
440,,129832,0,521,15464,64,77,0,83886092,0x0500000C,misc,,00000012.pro,-1,,0
441,,129920,0,522,15464,64,77,0,50332769,0x03000461,wall,,00001121.pro,-1,,0
442,,130008,0,523,15465,65,77,0,83886092,0x0500000C,misc,,00000012.pro,-1,,0
443,,130096,0,524,15470,70,77,0,50332242,0x03000252,wall,,00000594.pro,-1,,0
444,,130184,0,532,15486,86,77,0,50332248,0x03000258,wall,,00000600.pro,-1,,0
445,,130272,0,533,15492,92,77,0,33554573,0x0200008D,scenery,generic,00000142.pro,-1,,0
446,,130360,0,534,15497,97,77,0,33554499,0x02000043,scenery,generic,00000068.pro,-1,,0
447,,130448,0,535,15498,98,77,0,50332178,0x03000212,wall,,00000530.pro,-1,,0
448,,130536,0,536,15504,104,77,0,50332768,0x03000460,wall,,00001120.pro,-1,,0
449,,130624,0,537,15522,122,77,0,50332768,0x03000460,wall,,00001120.pro,-1,,0
450,,130712,0,538,15523,123,77,0,83886092,0x0500000C,misc,,00000012.pro,-1,,0
451,,130800,0,539,15532,132,77,0,83886096,0x05000010,misc,,00000016.pro,-1,,0
452,,130904,0,540,15648,48,78,0,50332769,0x03000461,wall,,00001121.pro,-1,,0
453,,130992,0,541,15656,56,78,3,16777454,0x010000EE,critter,,00000238.pro,-1,,3
453/inventory/0,2,131124,0,542,-1,,,0,40,0x00000028,item,drug,00000040.pro,-1,,0
453/inventory/1,1,131216,0,543,-1,,,0,6,0x00000006,item,weapon,00000005.pro,-1,,0
453/inventory/2,1,131316,0,544,-1,,,0,1,0x00000001,item,armor,00000003.pro,-1,,0
454,,131404,0,545,15660,60,78,0,83886092,0x0500000C,misc,,00000012.pro,-1,,0
455,,131492,0,546,15661,61,78,0,83886092,0x0500000C,misc,,00000012.pro,-1,,0
456,,131580,0,547,15662,62,78,0,83886092,0x0500000C,misc,,00000012.pro,-1,,0
457,,131668,0,548,15663,63,78,0,83886092,0x0500000C,misc,,00000012.pro,-1,,0
458,,131756,0,549,15664,64,78,0,50332770,0x03000462,wall,,00001122.pro,-1,,0
459,,131844,0,550,15670,70,78,0,50332243,0x03000253,wall,,00000595.pro,-1,,0
460,,131932,0,551,15671,71,78,0,33554499,0x02000043,scenery,generic,00000068.pro,-1,,0
461,,132020,0,552,15671,71,78,0,180,0x000000B4,item,container,00000180.pro,-1,,1
461/inventory/0,1,132112,0,553,-1,,,0,98,0x00000062,item,misc,00000098.pro,-1,,0
462,,132204,0,223,15678,78,78,5,16777348,0x01000084,critter,,00000132.pro,67108884,gencop.int,4
462/inventory/0,5,132336,0,240,-1,,,0,35,0x00000023,item,ammo,00000035.pro,-1,,0
462/inventory/1,5,132432,0,251,-1,,,0,36,0x00000024,item,ammo,00000036.pro,-1,,0
462/inventory/2,1,132528,0,228,-1,,,0,23,0x00000017,item,weapon,00000023.pro,-1,,0
462/inventory/3,5,132628,0,265,-1,,,0,40,0x00000028,item,drug,00000040.pro,-1,,0
463,,132716,0,271,15684,84,78,5,16777348,0x01000084,critter,,00000132.pro,67108885,gencop.int,4
463/inventory/0,5,132848,0,287,-1,,,0,35,0x00000023,item,ammo,00000035.pro,-1,,0
463/inventory/1,5,132944,0,305,-1,,,0,36,0x00000024,item,ammo,00000036.pro,-1,,0
463/inventory/2,5,133040,0,317,-1,,,0,40,0x00000028,item,drug,00000040.pro,-1,,0
463/inventory/3,1,133132,0,273,-1,,,0,23,0x00000017,item,weapon,00000023.pro,-1,,0
464,,133228,0,559,15686,86,78,0,50332242,0x03000252,wall,,00000594.pro,-1,,0
465,,133316,0,560,15696,96,78,0,33554776,0x02000158,scenery,generic,00000345.pro,-1,,0
466,,133404,0,561,15697,97,78,0,33554776,0x02000158,scenery,generic,00000345.pro,-1,,0
467,,133492,0,562,15698,98,78,0,50332177,0x03000211,wall,,00000529.pro,-1,,0
468,,133580,0,563,15704,104,78,0,50332769,0x03000461,wall,,00001121.pro,-1,,0
469,,133668,0,564,15704,104,78,0,33554905,0x020001D9,scenery,generic,00000474.pro,-1,,0
470,,133756,0,565,15720,120,78,0,33554776,0x02000158,scenery,generic,00000345.pro,-1,,0
471,,133844,0,566,15721,121,78,0,33554776,0x02000158,scenery,generic,00000345.pro,-1,,0
472,,133932,0,567,15722,122,78,0,50332769,0x03000461,wall,,00001121.pro,-1,,0
473,,134020,0,568,15722,122,78,0,33554903,0x020001D7,scenery,generic,00000472.pro,-1,,0
474,,134108,0,569,15723,123,78,0,83886092,0x0500000C,misc,,00000012.pro,-1,,0
475,,134196,0,570,15724,124,78,0,83886092,0x0500000C,misc,,00000012.pro,-1,,0
476,,134284,0,571,15733,133,78,0,83886096,0x05000010,misc,,00000016.pro,-1,,0
477,,134388,0,572,15734,134,78,0,33554481,0x02000031,scenery,generic,00000050.pro,-1,,0
478,,134476,0,573,15848,48,79,0,50332770,0x03000462,wall,,00001122.pro,-1,,0
479,,134564,0,574,15848,48,79,0,33554905,0x020001D9,scenery,generic,00000474.pro,-1,,0
480,,134652,0,575,15852,52,79,0,33554640,0x020000D0,scenery,generic,00000209.pro,-1,,0
481,,134740,0,576,15852,52,79,5,16777248,0x01000020,critter,,00000032.pro,67108877,Junkie.int,0
482,,134868,0,577,15854,54,79,0,50332395,0x030002EB,wall,,00000747.pro,-1,,0
483,,134956,0,578,15854,54,79,0,50331898,0x030000FA,wall,,00000250.pro,-1,,0
484,,135044,0,579,15858,58,79,0,83886092,0x0500000C,misc,,00000012.pro,-1,,0
485,,135132,0,580,15859,59,79,0,83886092,0x0500000C,misc,,00000012.pro,-1,,0
486,,135220,0,581,15860,60,79,0,83886092,0x0500000C,misc,,00000012.pro,-1,,0
487,,135308,0,582,15861,61,79,0,83886092,0x0500000C,misc,,00000012.pro,-1,,0
488,,135396,0,583,15864,64,79,0,50332767,0x0300045F,wall,,00001119.pro,-1,,0
489,,135484,0,584,15864,64,79,0,33554903,0x020001D7,scenery,generic,00000472.pro,-1,,0
490,,135572,0,585,15869,69,79,0,50332270,0x0300026E,wall,,00000622.pro,-1,,0
491,,135660,0,586,15870,70,79,0,50332820,0x03000494,wall,,00001172.pro,-1,,0
492,,135748,0,587,15871,71,79,0,50332173,0x0300020D,wall,,00000525.pro,-1,,0
493,,135836,0,588,15872,72,79,0,50332172,0x0300020C,wall,,00000524.pro,-1,,0
494,,135924,0,590,15873,73,79,0,50332174,0x0300020E,wall,,00000526.pro,-1,,0
495,,136012,0,592,15874,74,79,0,50332287,0x0300027F,wall,,00000639.pro,-1,,0
496,,136100,0,594,15875,75,79,0,50332173,0x0300020D,wall,,00000525.pro,-1,,0
497,,136188,0,596,15876,76,79,0,50332167,0x03000207,wall,,00000519.pro,-1,,0
498,,136276,0,597,15877,77,79,0,50332174,0x0300020E,wall,,00000526.pro,-1,,0
499,,136364,0,598,15878,78,79,0,50332172,0x0300020C,wall,,00000524.pro,-1,,0
500,,136452,0,599,15879,79,79,0,50332173,0x0300020D,wall,,00000525.pro,-1,,0
501,,136540,0,600,15880,80,79,0,50332167,0x03000207,wall,,00000519.pro,-1,,0
502,,136628,0,601,15881,81,79,0,50332138,0x030001EA,wall,,00000490.pro,-1,,0
503,,136716,0,602,15882,82,79,0,33554690,0x02000102,scenery,door,00000259.pro,50331672,WoodDoor.int,0
504,,136808,0,603,15883,83,79,0,50332137,0x030001E9,wall,,00000489.pro,-1,,0
505,,136896,0,604,15884,84,79,0,50332172,0x0300020C,wall,,00000524.pro,-1,,0
506,,136984,0,605,15885,85,79,0,50332174,0x0300020E,wall,,00000526.pro,-1,,0
507,,137072,0,607,15886,86,79,0,50332256,0x03000260,wall,,00000608.pro,-1,,0
508,,137160,0,608,15887,87,79,0,50332173,0x0300020D,wall,,00000525.pro,-1,,0
509,,137248,0,609,15888,88,79,0,50332167,0x03000207,wall,,00000519.pro,-1,,0
510,,137336,0,610,15889,89,79,0,50332174,0x0300020E,wall,,00000526.pro,-1,,0
511,,137424,0,611,15890,90,79,0,50332287,0x0300027F,wall,,00000639.pro,-1,,0
512,,137512,0,612,15891,91,79,0,50332173,0x0300020D,wall,,00000525.pro,-1,,0
513,,137600,0,613,15892,92,79,0,50332172,0x0300020C,wall,,00000524.pro,-1,,0
514,,137688,0,614,15893,93,79,0,50332174,0x0300020E,wall,,00000526.pro,-1,,0
515,,137776,0,615,15894,94,79,0,50332286,0x0300027E,wall,,00000638.pro,-1,,0
516,,137864,0,616,15895,95,79,0,50332173,0x0300020D,wall,,00000525.pro,-1,,0
517,,137952,0,617,15896,96,79,0,50332167,0x03000207,wall,,00000519.pro,-1,,0
518,,138040,0,618,15897,97,79,0,50332819,0x03000493,wall,,00001171.pro,-1,,0
519,,138128,0,619,15898,98,79,0,50332818,0x03000492,wall,,00001170.pro,-1,,0
520,,138216,0,620,15904,104,79,0,50332765,0x0300045D,wall,,00001117.pro,-1,,0
521,,138304,0,621,15905,105,79,0,50332773,0x03000465,wall,,00001125.pro,-1,,0
522,,138392,0,622,15906,106,79,0,50332774,0x03000466,wall,,00001126.pro,-1,,0
523,,138480,0,623,15907,107,79,0,50332779,0x0300046B,wall,,00001131.pro,-1,,0
524,,138568,0,624,15908,108,79,0,33554913,0x020001E1,scenery,door,00000482.pro,50331669,WoodDoor.int,0
525,,138660,0,625,15909,109,79,0,50332780,0x0300046C,wall,,00001132.pro,-1,,0
526,,138748,0,626,15910,110,79,0,50332772,0x03000464,wall,,00001124.pro,-1,,0
527,,138836,0,627,15911,111,79,0,50332771,0x03000463,wall,,00001123.pro,-1,,0
528,,138924,0,628,15912,112,79,0,50332774,0x03000466,wall,,00001126.pro,-1,,0
529,,139012,0,629,15912,112,79,0,33554904,0x020001D8,scenery,generic,00000473.pro,-1,,0
530,,139100,0,630,15913,113,79,0,50332773,0x03000465,wall,,00001125.pro,-1,,0
531,,139188,0,631,15914,114,79,0,50332777,0x03000469,wall,,00001129.pro,-1,,0
532,,139276,0,632,15915,115,79,0,33554909,0x020001DD,scenery,generic,00000478.pro,-1,,0
533,,139364,0,633,15916,116,79,0,50332778,0x0300046A,wall,,00001130.pro,-1,,0
534,,139452,0,634,15917,117,79,0,50332773,0x03000465,wall,,00001125.pro,-1,,0
535,,139540,0,635,15918,118,79,0,50332777,0x03000469,wall,,00001129.pro,-1,,0
536,,139628,0,636,15919,119,79,0,33554907,0x020001DB,scenery,generic,00000476.pro,-1,,0
537,,139716,0,637,15920,120,79,0,50332778,0x0300046A,wall,,00001130.pro,-1,,0
538,,139804,0,638,15921,121,79,0,50332773,0x03000465,wall,,00001125.pro,-1,,0
539,,139892,0,639,15922,122,79,0,50332764,0x0300045C,wall,,00001116.pro,-1,,0
540,,139980,0,640,15924,124,79,0,83886092,0x0500000C,misc,,00000012.pro,-1,,0
541,,140068,0,641,15928,128,79,2,16777348,0x01000084,critter,,00000132.pro,67108875,gencop.int,4
541/inventory/0,3,140200,0,642,-1,,,0,35,0x00000023,item,ammo,00000035.pro,-1,,0
541/inventory/1,3,140296,0,643,-1,,,0,36,0x00000024,item,ammo,00000036.pro,-1,,0
541/inventory/2,4,140392,0,644,-1,,,0,40,0x00000028,item,drug,00000040.pro,-1,,0
541/inventory/3,1,140484,0,645,-1,,,0,23,0x00000017,item,weapon,00000023.pro,-1,,0
542,,140580,0,646,15933,133,79,0,83886096,0x05000010,misc,,00000016.pro,-1,,0
543,,140684,0,647,15934,134,79,0,83886096,0x05000010,misc,,00000016.pro,-1,,0
544,,140788,0,648,16048,48,80,0,50332767,0x0300045F,wall,,00001119.pro,-1,,0
545,,140876,0,649,16054,54,80,0,50332381,0x030002DD,wall,,00000733.pro,-1,,0
546,,140964,0,650,16056,56,80,0,83886092,0x0500000C,misc,,00000012.pro,-1,,0
547,,141052,0,651,16057,57,80,0,83886092,0x0500000C,misc,,00000012.pro,-1,,0
548,,141140,0,652,16058,58,80,0,83886092,0x0500000C,misc,,00000012.pro,-1,,0
549,,141228,0,653,16059,59,80,0,83886092,0x0500000C,misc,,00000012.pro,-1,,0
550,,141316,0,654,16059,59,80,3,16777439,0x010000DF,critter,,00000223.pro,67108876,Vance.int,12
550/inventory/0,2,141448,0,655,-1,,,0,40,0x00000028,item,drug,00000040.pro,-1,,0
550/inventory/1,2,141540,0,656,-1,,,0,48,0x00000030,item,drug,00000048.pro,-1,,0
550/inventory/2,2,141632,0,657,-1,,,0,47,0x0000002F,item,misc,00000047.pro,-1,,0
550/inventory/3,2,141728,0,658,-1,,,0,49,0x00000031,item,drug,00000049.pro,-1,,0
550/inventory/4,2,141820,0,659,-1,,,0,53,0x00000035,item,drug,00000053.pro,-1,,0
550/inventory/5,2,141912,0,660,-1,,,0,87,0x00000057,item,drug,00000087.pro,-1,,0
550/inventory/6,2,142004,0,661,-1,,,0,110,0x0000006E,item,drug,00000110.pro,-1,,0
550/inventory/7,2,142096,0,662,-1,,,0,109,0x0000006D,item,drug,00000109.pro,-1,,0
550/inventory/8,2,142188,0,663,-1,,,0,125,0x0000007D,item,drug,00000125.pro,-1,,0
550/inventory/9,2,142280,0,664,-1,,,0,144,0x00000090,item,drug,00000144.pro,-1,,0
550/inventory/10,1,142372,0,665,-1,,,0,18,0x00000012,item,weapon,00000018.pro,-1,,0
550/inventory/11,1,142472,0,666,-1,,,0,74,0x0000004A,item,armor,00000074.pro,-1,,0
551,,142560,0,667,16064,64,80,0,50332781,0x0300046D,wall,,00001133.pro,-1,,0
552,,142648,0,668,16069,69,80,0,50332270,0x0300026E,wall,,00000622.pro,-1,,0
553,,142736,0,669,16070,70,80,0,50332270,0x0300026E,wall,,00000622.pro,-1,,0
554,,142824,0,671,16071,71,80,0,50332270,0x0300026E,wall,,00000622.pro,-1,,0
555,,142912,0,674,16073,73,80,0,50332270,0x0300026E,wall,,00000622.pro,-1,,0
556,,143000,0,676,16075,75,80,0,50332270,0x0300026E,wall,,00000622.pro,-1,,0
557,,143088,0,677,16077,77,80,0,50332270,0x0300026E,wall,,00000622.pro,-1,,0
558,,143176,0,678,16079,79,80,0,50332270,0x0300026E,wall,,00000622.pro,-1,,0
559,,143264,0,679,16081,81,80,0,50332270,0x0300026E,wall,,00000622.pro,-1,,0
560,,143352,0,680,16085,85,80,0,50332270,0x0300026E,wall,,00000622.pro,-1,,0
561,,143440,0,683,16087,87,80,0,50332270,0x0300026E,wall,,00000622.pro,-1,,0
562,,143528,0,684,16089,89,80,0,50332270,0x0300026E,wall,,00000622.pro,-1,,0
563,,143616,0,685,16091,91,80,0,50332270,0x0300026E,wall,,00000622.pro,-1,,0
564,,143704,0,686,16093,93,80,0,50332270,0x0300026E,wall,,00000622.pro,-1,,0
565,,143792,0,687,16094,94,80,0,33554687,0x020000FF,scenery,generic,00000256.pro,-1,,0
566,,143880,0,688,16095,95,80,0,50332270,0x0300026E,wall,,00000622.pro,-1,,0
567,,143968,0,689,16097,97,80,0,50332270,0x0300026E,wall,,00000622.pro,-1,,0
568,,144056,0,690,16098,98,80,0,50332270,0x0300026E,wall,,00000622.pro,-1,,0
569,,144144,0,691,16105,105,80,0,50332270,0x0300026E,wall,,00000622.pro,-1,,0
570,,144232,0,692,16111,111,80,0,50332270,0x0300026E,wall,,00000622.pro,-1,,0
571,,144320,0,693,16113,113,80,0,50332270,0x0300026E,wall,,00000622.pro,-1,,0
572,,144408,0,694,16125,125,80,0,83886092,0x0500000C,misc,,00000012.pro,-1,,0
573,,144496,0,695,16125,125,80,0,33554533,0x02000065,scenery,generic,00000102.pro,-1,,0
574,,144584,0,696,16134,134,80,0,83886096,0x05000010,misc,,00000016.pro,-1,,0
575,,144688,0,697,16248,48,81,0,50332768,0x03000460,wall,,00001120.pro,-1,,0
576,,144776,0,698,16249,49,81,0,50332806,0x03000486,wall,,00001158.pro,-1,,0
577,,144864,0,699,16250,50,81,0,50331778,0x03000082,wall,,00000045.pro,-1,,0
578,,144952,0,700,16251,51,81,0,50331777,0x03000081,wall,,00000044.pro,-1,,0
579,,145040,0,701,16252,52,81,0,50331778,0x03000082,wall,,00000045.pro,-1,,0
580,,145128,0,702,16253,53,81,0,50331777,0x03000081,wall,,00000044.pro,-1,,0
581,,145216,0,703,16254,54,81,0,83886092,0x0500000C,misc,,00000012.pro,-1,,0
582,,145304,0,704,16254,54,81,0,50332270,0x0300026E,wall,,00000622.pro,-1,,0
583,,145392,0,705,16254,54,81,0,33554654,0x020000DE,scenery,generic,00000223.pro,-1,,0
584,,145480,0,706,16255,55,81,0,83886092,0x0500000C,misc,,00000012.pro,-1,,0
585,,145568,0,707,16255,55,81,0,33554499,0x02000043,scenery,generic,00000068.pro,-1,,0
586,,145656,0,708,16256,56,81,0,83886092,0x0500000C,misc,,00000012.pro,-1,,0
587,,145744,0,709,16257,57,81,0,83886092,0x0500000C,misc,,00000012.pro,-1,,0
588,,145832,0,710,16264,64,81,0,33554914,0x020001E2,scenery,door,00000483.pro,50331673,WoodDoor.int,0
589,,145924,0,725,16286,86,81,0,33554726,0x02000126,scenery,generic,00000295.pro,-1,,0
590,,146012,0,727,16312,112,81,0,33554726,0x02000126,scenery,generic,00000295.pro,-1,,0
591,,146100,0,728,16325,125,81,0,83886092,0x0500000C,misc,,00000012.pro,-1,,0
592,,146188,0,729,16326,126,81,0,83886092,0x0500000C,misc,,00000012.pro,-1,,0
593,,146276,0,730,16335,135,81,0,83886096,0x05000010,misc,,00000016.pro,-1,,0
594,,146380,0,731,16336,136,81,0,33554481,0x02000031,scenery,generic,00000050.pro,-1,,0
595,,146468,0,732,16448,48,82,0,50332769,0x03000461,wall,,00001121.pro,-1,,0
596,,146556,0,733,16449,49,82,0,50332270,0x0300026E,wall,,00000622.pro,-1,,0
597,,146644,0,734,16450,50,82,0,33554438,0x02000006,scenery,generic,00000006.pro,-1,,0
598,,146732,0,735,16451,51,82,0,50332270,0x0300026E,wall,,00000622.pro,-1,,0
599,,146820,0,736,16452,52,82,0,83886092,0x0500000C,misc,,00000012.pro,-1,,0
600,,146908,0,737,16452,52,82,0,33554528,0x02000060,scenery,generic,00000097.pro,-1,,0
601,,146996,0,738,16453,53,82,0,83886092,0x0500000C,misc,,00000012.pro,-1,,0
602,,147084,0,739,16453,53,82,0,50332270,0x0300026E,wall,,00000622.pro,-1,,0
603,,147172,0,740,16454,54,82,0,83886092,0x0500000C,misc,,00000012.pro,-1,,0
604,,147260,0,741,16454,54,82,0,33554499,0x02000043,scenery,generic,00000068.pro,-1,,0
605,,147348,0,742,16455,55,82,0,83886092,0x0500000C,misc,,00000012.pro,-1,,0
606,,147436,0,743,16455,55,82,0,33554499,0x02000043,scenery,generic,00000068.pro,-1,,0
607,,147524,0,744,16464,64,82,0,50332782,0x0300046E,wall,,00001134.pro,-1,,0
608,,147612,0,755,16504,104,82,0,33554689,0x02000101,scenery,generic,00000258.pro,-1,,0
609,,147700,0,756,16525,125,82,2,16777348,0x01000084,critter,,00000132.pro,67108880,gencop.int,4
609/inventory/0,3,147832,0,757,-1,,,0,35,0x00000023,item,ammo,00000035.pro,-1,,0
609/inventory/1,3,147928,0,758,-1,,,0,36,0x00000024,item,ammo,00000036.pro,-1,,0
609/inventory/2,5,148024,0,759,-1,,,0,40,0x00000028,item,drug,00000040.pro,-1,,0
609/inventory/3,1,148116,0,760,-1,,,0,23,0x00000017,item,weapon,00000023.pro,-1,,0
610,,148212,0,761,16526,126,82,0,83886092,0x0500000C,misc,,00000012.pro,-1,,0
611,,148300,0,762,16535,135,82,0,83886096,0x05000010,misc,,00000016.pro,-1,,0
612,,148404,0,763,16536,136,82,0,83886096,0x05000010,misc,,00000016.pro,-1,,0
613,,148508,0,764,16648,48,83,0,50332770,0x03000462,wall,,00001122.pro,-1,,0
614,,148596,0,765,16649,49,83,0,33554437,0x02000005,scenery,generic,00000005.pro,-1,,0
615,,148684,0,766,16653,53,83,0,83886092,0x0500000C,misc,,00000012.pro,-1,,0
616,,148772,0,767,16664,64,83,0,50332775,0x03000467,wall,,00001127.pro,-1,,0
617,,148860,0,778,16686,86,83,0,33554573,0x0200008D,scenery,generic,00000142.pro,-1,,0
618,,148948,0,781,16712,112,83,0,33554573,0x0200008D,scenery,generic,00000142.pro,-1,,0
619,,149036,0,782,16727,127,83,0,83886092,0x0500000C,misc,,00000012.pro,-1,,0
620,,149124,0,783,16736,136,83,0,83886096,0x05000010,misc,,00000016.pro,-1,,0
621,,149228,0,784,16848,48,84,0,50332767,0x0300045F,wall,,00001119.pro,-1,,0
622,,149316,0,785,16851,51,84,0,33554527,0x0200005F,scenery,generic,00000096.pro,-1,,0
623,,149404,0,786,16852,52,84,0,33554499,0x02000043,scenery,generic,00000068.pro,-1,,0
624,,149492,0,787,16853,53,84,0,83886092,0x0500000C,misc,,00000012.pro,-1,,0
625,,149580,0,788,16853,53,84,0,33554499,0x02000043,scenery,generic,00000068.pro,-1,,0
626,,149668,0,789,16854,54,84,0,83886092,0x0500000C,misc,,00000012.pro,-1,,0
627,,149756,0,790,16857,57,84,4,16777462,0x010000F6,critter,,00000246.pro,-1,,3
627/inventory/0,2,149888,0,791,-1,,,0,40,0x00000028,item,drug,00000040.pro,-1,,0
627/inventory/1,1,149980,0,792,-1,,,0,6,0x00000006,item,weapon,00000005.pro,-1,,0
627/inventory/2,1,150080,0,793,-1,,,0,1,0x00000001,item,armor,00000003.pro,-1,,0
628,,150168,0,796,16864,64,84,0,50332269,0x0300026D,wall,,00000621.pro,-1,,0
629,,150256,0,806,16927,127,84,0,83886092,0x0500000C,misc,,00000012.pro,-1,,0
630,,150344,0,807,16928,128,84,0,83886092,0x0500000C,misc,,00000012.pro,-1,,0
631,,150432,0,808,16937,137,84,0,83886096,0x05000010,misc,,00000016.pro,-1,,0
632,,150536,0,809,16938,138,84,0,33554481,0x02000031,scenery,generic,00000050.pro,-1,,0
633,,150624,0,810,17048,48,85,0,50332768,0x03000460,wall,,00001120.pro,-1,,0
634,,150712,0,811,17053,53,85,0,33554436,0x02000004,scenery,generic,00000004.pro,-1,,0
635,,150800,0,812,17054,54,85,0,83886092,0x0500000C,misc,,00000012.pro,-1,,0
636,,150888,0,813,17056,56,85,0,33554573,0x0200008D,scenery,generic,00000142.pro,-1,,0
637,,150976,0,818,17064,64,85,0,33554910,0x020001DE,scenery,generic,00000479.pro,-1,,0
638,,151064,0,824,17128,128,85,0,83886092,0x0500000C,misc,,00000012.pro,-1,,0
639,,151152,0,825,17137,137,85,0,83886096,0x05000010,misc,,00000016.pro,-1,,0
640,,151256,0,826,17138,138,85,0,83886096,0x05000010,misc,,00000016.pro,-1,,0
641,,151360,0,827,17248,48,86,0,50332769,0x03000461,wall,,00001121.pro,-1,,0
642,,151448,0,828,17255,55,86,0,83886092,0x0500000C,misc,,00000012.pro,-1,,0
643,,151536,0,833,17264,64,86,0,50332776,0x03000468,wall,,00001128.pro,-1,,0
644,,151624,0,839,17329,129,86,0,83886092,0x0500000C,misc,,00000012.pro,-1,,0
645,,151712,0,840,17338,138,86,0,83886096,0x05000010,misc,,00000016.pro,-1,,0
646,,151816,0,841,17448,48,87,0,50332770,0x03000462,wall,,00001122.pro,-1,,0
647,,151904,0,842,17455,55,87,0,83886092,0x0500000C,misc,,00000012.pro,-1,,0
648,,151992,0,843,17456,56,87,0,83886092,0x0500000C,misc,,00000012.pro,-1,,0
649,,152080,0,848,17464,64,87,0,50332775,0x03000467,wall,,00001127.pro,-1,,0
650,,152168,0,853,17519,119,87,0,16777386,0x010000AA,critter,,00000170.pro,67108900,genskag.int,0
651,,152296,0,854,17529,129,87,0,83886092,0x0500000C,misc,,00000012.pro,-1,,0
652,,152384,0,855,17530,130,87,0,83886092,0x0500000C,misc,,00000012.pro,-1,,0
653,,152472,0,856,17539,139,87,0,83886096,0x05000010,misc,,00000016.pro,-1,,0
654,,152576,0,857,17540,140,87,0,33554481,0x02000031,scenery,generic,00000050.pro,-1,,0
655,,152664,0,858,17544,144,87,0,33554481,0x02000031,scenery,generic,00000050.pro,-1,,0
656,,152752,0,859,17648,48,88,0,50332767,0x0300045F,wall,,00001119.pro,-1,,0
657,,152840,0,862,17656,56,88,0,83886092,0x0500000C,misc,,00000012.pro,-1,,0
658,,152928,0,865,17664,64,88,0,50332269,0x0300026D,wall,,00000621.pro,-1,,0
659,,153016,0,870,17730,130,88,0,83886092,0x0500000C,misc,,00000012.pro,-1,,0
660,,153104,0,871,17739,139,88,0,83886096,0x05000010,misc,,00000016.pro,-1,,0
661,,153208,0,872,17740,140,88,0,83886096,0x05000010,misc,,00000016.pro,-1,,0
662,,153312,0,873,17848,48,89,0,50332768,0x03000460,wall,,00001120.pro,-1,,0
663,,153400,0,874,17848,48,89,0,33554905,0x020001D9,scenery,generic,00000474.pro,-1,,0
664,,153488,0,879,17857,57,89,0,83886092,0x0500000C,misc,,00000012.pro,-1,,0
665,,153576,0,880,17864,64,89,0,33554911,0x020001DF,scenery,generic,00000480.pro,-1,,0
666,,153664,0,888,17886,86,89,0,33554573,0x0200008D,scenery,generic,00000142.pro,-1,,0
667,,153752,0,891,17931,131,89,0,83886092,0x0500000C,misc,,00000012.pro,-1,,0
668,,153840,0,892,17932,132,89,0,33554573,0x0200008D,scenery,generic,00000142.pro,-1,,0
669,,153928,0,893,17940,140,89,0,83886096,0x05000010,misc,,00000016.pro,-1,,0
670,,154032,0,894,17942,142,89,0,83886103,0x05000017,misc,,00000023.pro,-1,,0
671,,154136,0,895,17944,144,89,0,83886103,0x05000017,misc,,00000023.pro,-1,,0
672,,154240,0,896,18048,48,90,0,50332769,0x03000461,wall,,00001121.pro,-1,,0
673,,154328,0,902,18057,57,90,0,83886092,0x0500000C,misc,,00000012.pro,-1,,0
674,,154416,0,903,18058,58,90,0,83886092,0x0500000C,misc,,00000012.pro,-1,,0
675,,154504,0,904,18062,62,90,0,33554776,0x02000158,scenery,generic,00000345.pro,-1,,0
676,,154592,0,905,18063,63,90,0,33554776,0x02000158,scenery,generic,00000345.pro,-1,,0
677,,154680,0,906,18064,64,90,0,50332776,0x03000468,wall,,00001128.pro,-1,,0
678,,154768,0,913,18131,131,90,0,83886092,0x0500000C,misc,,00000012.pro,-1,,0
679,,154856,0,914,18132,132,90,0,83886092,0x0500000C,misc,,00000012.pro,-1,,0
680,,154944,0,915,18141,141,90,0,83886103,0x05000017,misc,,00000023.pro,-1,,0
681,,155048,0,916,18143,143,90,0,83886103,0x05000017,misc,,00000023.pro,-1,,0
682,,155152,0,917,18145,145,90,0,83886103,0x05000017,misc,,00000023.pro,-1,,0
683,,155256,0,918,18248,48,91,0,50332765,0x0300045D,wall,,00001117.pro,-1,,0
684,,155344,0,920,18249,49,91,0,50332773,0x03000465,wall,,00001125.pro,-1,,0
685,,155432,0,922,18250,50,91,0,50332772,0x03000464,wall,,00001124.pro,-1,,0
686,,155520,0,924,18251,51,91,0,50332771,0x03000463,wall,,00001123.pro,-1,,0
687,,155608,0,926,18252,52,91,0,50332774,0x03000466,wall,,00001126.pro,-1,,0
688,,155696,0,927,18252,52,91,0,33554904,0x020001D8,scenery,generic,00000473.pro,-1,,0
689,,155784,0,928,18253,53,91,0,50332773,0x03000465,wall,,00001125.pro,-1,,0
690,,155872,0,929,18254,54,91,0,50332772,0x03000464,wall,,00001124.pro,-1,,0
691,,155960,0,930,18255,55,91,0,50332771,0x03000463,wall,,00001123.pro,-1,,0
692,,156048,0,931,18256,56,91,0,50332774,0x03000466,wall,,00001126.pro,-1,,0
693,,156136,0,932,18257,57,91,0,50332773,0x03000465,wall,,00001125.pro,-1,,0
694,,156224,0,933,18258,58,91,0,83886092,0x0500000C,misc,,00000012.pro,-1,,0
695,,156312,0,934,18258,58,91,0,50332772,0x03000464,wall,,00001124.pro,-1,,0
696,,156400,0,935,18259,59,91,0,50332771,0x03000463,wall,,00001123.pro,-1,,0
697,,156488,0,936,18260,60,91,0,50332774,0x03000466,wall,,00001126.pro,-1,,0
698,,156576,0,937,18260,60,91,0,33554904,0x020001D8,scenery,generic,00000473.pro,-1,,0
699,,156664,0,938,18261,61,91,0,50332773,0x03000465,wall,,00001125.pro,-1,,0
700,,156752,0,939,18262,62,91,0,50332772,0x03000464,wall,,00001124.pro,-1,,0
701,,156840,0,940,18263,63,91,0,50332771,0x03000463,wall,,00001123.pro,-1,,0
702,,156928,0,941,18264,64,91,0,50332764,0x0300045C,wall,,00001116.pro,-1,,0
703,,157016,0,947,18286,86,91,0,33554723,0x02000123,scenery,generic,00000292.pro,-1,,0
704,,157104,0,949,18316,116,91,0,33554774,0x02000156,scenery,generic,00000343.pro,-1,,0
705,,157192,0,950,18317,117,91,4,16777411,0x010000C3,critter,,00000195.pro,67108873,genskag.int,0
706,,157320,0,951,18332,132,91,0,83886092,0x0500000C,misc,,00000012.pro,-1,,0
707,,157408,0,952,18332,132,91,0,33554723,0x02000123,scenery,generic,00000292.pro,-1,,0
708,,157496,0,956,18449,49,92,0,50332270,0x0300026E,wall,,00000622.pro,-1,,0
709,,157584,0,958,18451,51,92,0,50332270,0x0300026E,wall,,00000622.pro,-1,,0
710,,157672,0,959,18453,53,92,0,50332270,0x0300026E,wall,,00000622.pro,-1,,0
711,,157760,0,960,18453,53,92,0,33554706,0x02000112,scenery,generic,00000275.pro,-1,,0
712,,157848,0,961,18455,55,92,0,50332270,0x0300026E,wall,,00000622.pro,-1,,0
713,,157936,0,962,18457,57,92,0,50332270,0x0300026E,wall,,00000622.pro,-1,,0
714,,158024,0,963,18459,59,92,0,83886092,0x0500000C,misc,,00000012.pro,-1,,0
715,,158112,0,964,18459,59,92,0,50332270,0x0300026E,wall,,00000622.pro,-1,,0
716,,158200,0,965,18461,61,92,0,50332270,0x0300026E,wall,,00000622.pro,-1,,0
717,,158288,0,966,18463,63,92,0,50332270,0x0300026E,wall,,00000622.pro,-1,,0
718,,158376,0,967,18464,64,92,0,33554688,0x02000100,scenery,generic,00000257.pro,-1,,0
719,,158464,0,971,18492,92,92,0,50332270,0x0300026E,wall,,00000622.pro,-1,,0
720,,158552,0,974,18533,133,92,0,83886092,0x0500000C,misc,,00000012.pro,-1,,0
721,,158640,0,979,18659,59,93,0,83886092,0x0500000C,misc,,00000012.pro,-1,,0
722,,158728,0,980,18660,60,93,0,83886092,0x0500000C,misc,,00000012.pro,-1,,0
723,,158816,0,981,18663,63,93,0,33554499,0x02000043,scenery,generic,00000068.pro,-1,,0
724,,158904,0,982,18676,76,93,0,50332241,0x03000251,wall,,00000593.pro,-1,,0
725,,158992,0,983,18677,77,93,0,50332236,0x0300024C,wall,,00000588.pro,-1,,0
726,,159080,0,984,18678,78,93,0,50332240,0x03000250,wall,,00000592.pro,-1,,0
727,,159168,0,985,18679,79,93,0,50332238,0x0300024E,wall,,00000590.pro,-1,,0
728,,159256,0,986,18680,80,93,0,50332293,0x03000285,wall,,00000645.pro,-1,,0
729,,159344,0,988,18681,81,93,0,50332239,0x0300024F,wall,,00000591.pro,-1,,0
730,,159432,0,989,18682,82,93,0,50332237,0x0300024D,wall,,00000589.pro,-1,,0
731,,159520,0,990,18683,83,93,0,50332236,0x0300024C,wall,,00000588.pro,-1,,0
732,,159608,0,991,18684,84,93,0,50332257,0x03000261,wall,,00000609.pro,-1,,0
733,,159696,0,993,18685,85,93,0,50332236,0x0300024C,wall,,00000588.pro,-1,,0
734,,159784,0,995,18686,86,93,0,50332235,0x0300024B,wall,,00000587.pro,-1,,0
735,,159872,0,996,18687,87,93,0,50332238,0x0300024E,wall,,00000590.pro,-1,,0
736,,159960,0,997,18688,88,93,0,50332292,0x03000284,wall,,00000644.pro,-1,,0
737,,160048,0,998,18689,89,93,0,50332239,0x0300024F,wall,,00000591.pro,-1,,0
738,,160136,0,999,18690,90,93,0,50332234,0x0300024A,wall,,00000586.pro,-1,,0
739,,160224,0,1000,18691,91,93,0,50332238,0x0300024E,wall,,00000590.pro,-1,,0
740,,160312,0,1001,18692,92,93,0,50332269,0x0300026D,wall,,00000621.pro,-1,,0
741,,160400,0,1002,18693,93,93,0,50332270,0x0300026E,wall,,00000622.pro,-1,,0
742,,160488,0,1004,18698,98,93,0,50332763,0x0300045B,wall,,00001115.pro,-1,,0
743,,160576,0,1005,18699,99,93,0,50332773,0x03000465,wall,,00001125.pro,-1,,0
744,,160664,0,1006,18700,100,93,0,50332772,0x03000464,wall,,00001124.pro,-1,,0
745,,160752,0,1007,18701,101,93,0,50332771,0x03000463,wall,,00001123.pro,-1,,0
746,,160840,0,1008,18702,102,93,0,50332774,0x03000466,wall,,00001126.pro,-1,,0
747,,160928,0,1009,18702,102,93,0,33554906,0x020001DA,scenery,generic,00000475.pro,-1,,0
748,,161016,0,1010,18703,103,93,0,50332773,0x03000465,wall,,00001125.pro,-1,,0
749,,161104,0,1011,18704,104,93,0,50332777,0x03000469,wall,,00001129.pro,-1,,0
750,,161192,0,1012,18705,105,93,0,33554908,0x020001DC,scenery,generic,00000477.pro,-1,,0
751,,161280,0,1013,18706,106,93,0,50332778,0x0300046A,wall,,00001130.pro,-1,,0
752,,161368,0,1014,18707,107,93,0,50332773,0x03000465,wall,,00001125.pro,-1,,0
753,,161456,0,1015,18708,108,93,0,50332777,0x03000469,wall,,00001129.pro,-1,,0
754,,161544,0,1016,18709,109,93,0,33554907,0x020001DB,scenery,generic,00000476.pro,-1,,0
755,,161632,0,1017,18710,110,93,0,50332778,0x0300046A,wall,,00001130.pro,-1,,0
756,,161720,0,1018,18711,111,93,0,50332773,0x03000465,wall,,00001125.pro,-1,,0
757,,161808,0,1019,18712,112,93,0,50332772,0x03000464,wall,,00001124.pro,-1,,0
758,,161896,0,1020,18713,113,93,0,50332771,0x03000463,wall,,00001123.pro,-1,,0
759,,161984,0,1021,18714,114,93,0,50332766,0x0300045E,wall,,00001118.pro,-1,,0
760,,162072,0,1022,18728,128,93,0,50332241,0x03000251,wall,,00000593.pro,-1,,0
761,,162160,0,1023,18729,129,93,0,50332239,0x0300024F,wall,,00000591.pro,-1,,0
762,,162248,0,1024,18730,130,93,0,50332240,0x03000250,wall,,00000592.pro,-1,,0
763,,162336,0,1025,18731,131,93,0,50332238,0x0300024E,wall,,00000590.pro,-1,,0
764,,162424,0,1026,18732,132,93,0,50332292,0x03000284,wall,,00000644.pro,-1,,0
765,,162512,0,1027,18733,133,93,0,83886092,0x0500000C,misc,,00000012.pro,-1,,0
766,,162600,0,1028,18733,133,93,0,50332239,0x0300024F,wall,,00000591.pro,-1,,0
767,,162688,0,1029,18734,134,93,0,83886092,0x0500000C,misc,,00000012.pro,-1,,0
768,,162776,0,1030,18734,134,93,0,50332237,0x0300024D,wall,,00000589.pro,-1,,0
769,,162864,0,1031,18735,135,93,0,50332236,0x0300024C,wall,,00000588.pro,-1,,0
770,,162952,0,1032,18736,136,93,0,50332293,0x03000285,wall,,00000645.pro,-1,,0
771,,163040,0,1033,18737,137,93,0,50332238,0x0300024E,wall,,00000590.pro,-1,,0
772,,163128,0,1034,18738,138,93,0,50332235,0x0300024B,wall,,00000587.pro,-1,,0
773,,163216,0,1035,18739,139,93,0,50332239,0x0300024F,wall,,00000591.pro,-1,,0
774,,163304,0,1036,18740,140,93,0,50332269,0x0300026D,wall,,00000621.pro,-1,,0
775,,163392,0,1041,18860,60,94,0,83886092,0x0500000C,misc,,00000012.pro,-1,,0
776,,163480,0,1042,18876,76,94,0,50332269,0x0300026D,wall,,00000621.pro,-1,,0
777,,163568,0,1043,18877,77,94,0,50332270,0x0300026E,wall,,00000622.pro,-1,,0
778,,163656,0,1044,18878,78,94,0,33554788,0x02000164,scenery,stairs,00000357.pro,50331648,ThfU2D.int,0
779,,163752,0,1045,18879,79,94,0,50332270,0x0300026E,wall,,00000622.pro,-1,,0
780,,163840,0,1046,18880,80,94,0,33554499,0x02000043,scenery,generic,00000068.pro,-1,,0
781,,163928,0,1048,18881,81,94,0,50332270,0x0300026E,wall,,00000622.pro,-1,,0
782,,164016,0,1049,18883,83,94,0,50332270,0x0300026E,wall,,00000622.pro,-1,,0
783,,164104,0,1050,18884,84,94,0,50332269,0x0300026D,wall,,00000621.pro,-1,,0
784,,164192,0,1052,18885,85,94,0,50332270,0x0300026E,wall,,00000622.pro,-1,,0
785,,164280,0,1054,18887,87,94,0,50332270,0x0300026E,wall,,00000622.pro,-1,,0
786,,164368,0,1055,18889,89,94,0,50332270,0x0300026E,wall,,00000622.pro,-1,,0
787,,164456,0,1056,18891,91,94,0,50332270,0x0300026E,wall,,00000622.pro,-1,,0
788,,164544,0,1057,18892,92,94,0,50332821,0x03000495,wall,,00001173.pro,-1,,0
789,,164632,0,1059,18898,98,94,0,50332269,0x0300026D,wall,,00000621.pro,-1,,0
790,,164720,0,1060,18899,99,94,0,50332270,0x0300026E,wall,,00000622.pro,-1,,0
791,,164808,0,1061,18900,100,94,0,33554653,0x020000DD,scenery,generic,00000222.pro,-1,,0
792,,164896,0,1062,18901,101,94,0,50332270,0x0300026E,wall,,00000622.pro,-1,,0
793,,164984,0,1063,18903,103,94,0,50332270,0x0300026E,wall,,00000622.pro,-1,,0
794,,165072,0,1064,18904,104,94,0,33554641,0x020000D1,scenery,generic,00000210.pro,-1,,0
795,,165160,0,1065,18911,111,94,0,50332270,0x0300026E,wall,,00000622.pro,-1,,0
796,,165248,0,1066,18913,113,94,0,50332270,0x0300026E,wall,,00000622.pro,-1,,0
797,,165336,0,1067,18914,114,94,0,50332269,0x0300026D,wall,,00000621.pro,-1,,0
798,,165424,0,1068,18928,128,94,0,50332269,0x0300026D,wall,,00000621.pro,-1,,0
799,,165512,0,1069,18929,129,94,0,50332270,0x0300026E,wall,,00000622.pro,-1,,0
800,,165600,0,1070,18930,130,94,0,33554499,0x02000043,scenery,generic,00000068.pro,-1,,0
801,,165688,0,1071,18930,130,94,0,62,0x0000003E,item,container,00000062.pro,-1,,0
802,,165776,0,1072,18931,131,94,0,50332270,0x0300026E,wall,,00000622.pro,-1,,0
803,,165864,0,1073,18933,133,94,0,50332270,0x0300026E,wall,,00000622.pro,-1,,0
804,,165952,0,1074,18934,134,94,0,83886092,0x0500000C,misc,,00000012.pro,-1,,0
805,,166040,0,1075,18934,134,94,0,33554655,0x020000DF,scenery,generic,00000224.pro,-1,,0
806,,166128,0,1076,18935,135,94,0,50332270,0x0300026E,wall,,00000622.pro,-1,,0
807,,166216,0,1077,18937,137,94,0,50332270,0x0300026E,wall,,00000622.pro,-1,,0
808,,166304,0,1078,18939,139,94,0,50332270,0x0300026E,wall,,00000622.pro,-1,,0
809,,166392,0,1079,18940,140,94,0,50332186,0x0300021A,wall,,00000538.pro,-1,,0
810,,166480,0,1084,19061,61,95,0,83886092,0x0500000C,misc,,00000012.pro,-1,,0
811,,166568,0,1085,19076,76,95,0,50332242,0x03000252,wall,,00000594.pro,-1,,0
812,,166656,0,1086,19079,79,95,0,33554499,0x02000043,scenery,generic,00000068.pro,-1,,0
813,,166744,0,1088,19081,81,95,0,33554499,0x02000043,scenery,generic,00000068.pro,-1,,0
814,,166832,0,1089,19084,84,95,0,50332242,0x03000252,wall,,00000594.pro,-1,,0
815,,166920,0,1092,19092,92,95,0,50332155,0x030001FB,wall,,00000507.pro,-1,,0
816,,167008,0,1095,19098,98,95,0,50332768,0x03000460,wall,,00001120.pro,-1,,0
817,,167096,0,1096,19099,99,95,0,33554655,0x020000DF,scenery,generic,00000224.pro,-1,,0
818,,167184,0,1097,19101,101,95,0,33554499,0x02000043,scenery,generic,00000068.pro,-1,,0
819,,167272,0,1098,19114,114,95,0,50332768,0x03000460,wall,,00001120.pro,-1,,0
820,,167360,0,1099,19128,128,95,0,50332242,0x03000252,wall,,00000594.pro,-1,,0
821,,167448,0,1100,19133,133,95,0,33554499,0x02000043,scenery,generic,00000068.pro,-1,,0
822,,167536,0,1101,19134,134,95,0,33554499,0x02000043,scenery,generic,00000068.pro,-1,,0
823,,167624,0,1102,19135,135,95,0,83886092,0x0500000C,misc,,00000012.pro,-1,,0
824,,167712,0,1103,19140,140,95,0,50332156,0x030001FC,wall,,00000508.pro,-1,,0
825,,167800,0,1106,19261,61,96,0,83886092,0x0500000C,misc,,00000012.pro,-1,,0
826,,167888,0,1107,19262,62,96,0,83886092,0x0500000C,misc,,00000012.pro,-1,,0
827,,167976,0,1108,19276,76,96,0,50332243,0x03000253,wall,,00000595.pro,-1,,0
828,,168064,0,1110,19284,84,96,0,50332243,0x03000253,wall,,00000595.pro,-1,,0
829,,168152,0,1113,19286,86,96,0,33554640,0x020000D0,scenery,generic,00000209.pro,-1,,0
830,,168240,0,1114,19289,89,96,0,33554641,0x020000D1,scenery,generic,00000210.pro,-1,,0
831,,168328,0,1115,19292,92,96,0,50332156,0x030001FC,wall,,00000508.pro,-1,,0
832,,168416,0,1117,19298,98,96,0,50332769,0x03000461,wall,,00001121.pro,-1,,0
833,,168504,0,1118,19299,99,96,0,33554499,0x02000043,scenery,generic,00000068.pro,-1,,0
834,,168592,0,1119,19307,107,96,0,33554640,0x020000D0,scenery,generic,00000209.pro,-1,,0
835,,168680,0,1120,19314,114,96,0,50332769,0x03000461,wall,,00001121.pro,-1,,0
836,,168768,0,1121,19328,128,96,0,50332144,0x030001F0,wall,,00000496.pro,-1,,0
837,,168856,0,1122,19335,135,96,0,83886092,0x0500000C,misc,,00000012.pro,-1,,0
838,,168944,0,1123,19336,136,96,0,83886092,0x0500000C,misc,,00000012.pro,-1,,0
839,,169032,0,1124,19337,137,96,1,16777333,0x01000075,critter,,00000117.pro,67108882,HubCaptr.int,3
839/inventory/0,4,169164,0,1125,-1,,,0,95,0x0000005F,item,ammo,00000095.pro,-1,,0
839/inventory/1,5,169260,0,1126,-1,,,0,40,0x00000028,item,drug,00000040.pro,-1,,0
839/inventory/2,1,169352,0,1127,-1,,,0,242,0x000000F2,item,weapon,00000242.pro,-1,,0
840,,169448,0,1128,19340,140,96,0,50332288,0x03000280,wall,,00000640.pro,-1,,0
841,,169536,0,1130,19462,62,97,0,83886092,0x0500000C,misc,,00000012.pro,-1,,0
842,,169624,0,1131,19476,76,97,0,50332246,0x03000256,wall,,00000598.pro,-1,,0
843,,169712,0,1136,19484,84,97,0,50332246,0x03000256,wall,,00000598.pro,-1,,0
844,,169800,0,1139,19492,92,97,0,50332139,0x030001EB,wall,,00000491.pro,-1,,0
845,,169888,0,1141,19498,98,97,0,50332770,0x03000462,wall,,00001122.pro,-1,,0
846,,169976,0,1142,19498,98,97,0,33554905,0x020001D9,scenery,generic,00000474.pro,-1,,0
847,,170064,0,1143,19514,114,97,0,50332770,0x03000462,wall,,00001122.pro,-1,,0
848,,170152,0,1144,19514,114,97,0,33554903,0x020001D7,scenery,generic,00000472.pro,-1,,0
849,,170240,0,1145,19516,116,97,0,33554727,0x02000127,scenery,generic,00000296.pro,-1,,0
850,,170328,0,1146,19524,124,97,0,33554573,0x0200008D,scenery,generic,00000142.pro,-1,,0
851,,170416,0,1147,19526,126,97,0,33554725,0x02000125,scenery,generic,00000294.pro,-1,,0
852,,170504,0,1148,19528,128,97,0,33554693,0x02000105,scenery,door,00000262.pro,50331680,WoodDoor.int,0
853,,170596,0,1149,19536,136,97,0,83886092,0x0500000C,misc,,00000012.pro,-1,,0
854,,170684,0,1150,19540,140,97,0,50332261,0x03000265,wall,,00000613.pro,-1,,0
855,,170772,0,1151,19541,141,97,0,50332236,0x0300024C,wall,,00000588.pro,-1,,0
856,,170860,0,1152,19542,142,97,0,50332234,0x0300024A,wall,,00000586.pro,-1,,0
857,,170948,0,1153,19543,143,97,0,50332239,0x0300024F,wall,,00000591.pro,-1,,0
858,,171036,0,1154,19544,144,97,0,50332240,0x03000250,wall,,00000592.pro,-1,,0
859,,171124,0,1155,19545,145,97,0,50332238,0x0300024E,wall,,00000590.pro,-1,,0
860,,171212,0,1156,19546,146,97,0,50332269,0x0300026D,wall,,00000621.pro,-1,,0
861,,171300,0,1159,19663,63,98,0,83886092,0x0500000C,misc,,00000012.pro,-1,,0
862,,171388,0,1160,19676,76,98,0,50332290,0x03000282,wall,,00000642.pro,-1,,0
863,,171476,0,1161,19677,77,98,0,33554437,0x02000005,scenery,generic,00000005.pro,-1,,0
864,,171564,0,1165,19684,84,98,0,50332249,0x03000259,wall,,00000601.pro,-1,,0
865,,171652,0,1168,19692,92,98,0,33554691,0x02000103,scenery,door,00000260.pro,50331658,WoodDoor.int,0
866,,171744,0,1170,19698,98,98,0,50332767,0x0300045F,wall,,00001119.pro,-1,,0
867,,171832,0,1172,19705,105,98,0,33554573,0x0200008D,scenery,generic,00000142.pro,-1,,0
868,,171920,0,1173,19714,114,98,0,50332767,0x0300045F,wall,,00001119.pro,-1,,0
869,,172008,0,1174,19728,128,98,0,50332143,0x030001EF,wall,,00000495.pro,-1,,0
870,,172096,0,1175,19737,137,98,0,83886092,0x0500000C,misc,,00000012.pro,-1,,0
871,,172184,0,1176,19737,137,98,0,16777421,0x010000CD,critter,,00000205.pro,67108870,HubCaptr.int,2
871/inventory/0,1,172316,0,1177,-1,,,0,9,0x00000009,item,weapon,00000002.pro,-1,,0
871/inventory/1,2,172416,0,1178,-1,,,0,30,0x0000001E,item,ammo,00000030.pro,-1,,0
872,,172508,0,1179,19740,140,98,0,50332269,0x0300026D,wall,,00000621.pro,-1,,0
873,,172596,0,1180,19741,141,98,0,50332270,0x0300026E,wall,,00000622.pro,-1,,0
874,,172684,0,1181,19743,143,98,0,50332270,0x0300026E,wall,,00000622.pro,-1,,0
875,,172772,0,1182,19745,145,98,0,50332270,0x0300026E,wall,,00000622.pro,-1,,0
876,,172860,0,1183,19746,146,98,0,50332186,0x0300021A,wall,,00000538.pro,-1,,0
877,,172948,0,1185,19863,63,99,0,83886092,0x0500000C,misc,,00000012.pro,-1,,0
878,,173036,0,1186,19864,64,99,0,83886092,0x0500000C,misc,,00000012.pro,-1,,0
879,,173124,0,1187,19876,76,99,0,50332242,0x03000252,wall,,00000594.pro,-1,,0
880,,173212,0,1188,19877,77,99,0,33554438,0x02000006,scenery,generic,00000006.pro,-1,,0
881,,173300,0,1190,19884,84,99,0,50332243,0x03000253,wall,,00000595.pro,-1,,0
882,,173388,0,1193,19892,92,99,0,50332140,0x030001EC,wall,,00000492.pro,-1,,0
883,,173476,0,1194,19898,98,99,0,50332768,0x03000460,wall,,00001120.pro,-1,,0
884,,173564,0,1196,19914,114,99,0,50332768,0x03000460,wall,,00001120.pro,-1,,0
885,,173652,0,1197,19928,128,99,0,50332243,0x03000253,wall,,00000595.pro,-1,,0
886,,173740,0,1198,19930,130,99,0,33554499,0x02000043,scenery,generic,00000068.pro,-1,,0
887,,173828,0,1199,19931,131,99,0,33555098,0x0200029A,scenery,generic,00000667.pro,-1,,0
888,,173916,0,1200,19937,137,99,0,83886092,0x0500000C,misc,,00000012.pro,-1,,0
889,,174004,0,1201,19938,138,99,0,83886092,0x0500000C,misc,,00000012.pro,-1,,0
890,,174092,0,1202,19940,140,99,0,50332247,0x03000257,wall,,00000599.pro,-1,,0
891,,174180,0,1203,19943,143,99,0,33554641,0x020000D1,scenery,generic,00000210.pro,-1,,0
892,,174268,0,1204,19946,146,99,0,50332156,0x030001FC,wall,,00000508.pro,-1,,0
893,,174356,0,1206,20064,64,100,0,83886092,0x0500000C,misc,,00000012.pro,-1,,0
894,,174444,0,1207,20076,76,100,0,50332243,0x03000253,wall,,00000595.pro,-1,,0
895,,174532,0,1209,20084,84,100,0,50332246,0x03000256,wall,,00000598.pro,-1,,0
896,,174620,0,1212,20087,87,100,0,33554573,0x0200008D,scenery,generic,00000142.pro,-1,,0
897,,174708,0,1213,20092,92,100,0,50332155,0x030001FB,wall,,00000507.pro,-1,,0
898,,174796,0,1214,20098,98,100,0,50332769,0x03000461,wall,,00001121.pro,-1,,0
899,,174884,0,1215,20098,98,100,0,33554905,0x020001D9,scenery,generic,00000474.pro,-1,,0
900,,174972,0,1217,20114,114,100,0,50332769,0x03000461,wall,,00001121.pro,-1,,0
901,,175060,0,1218,20114,114,100,0,33554903,0x020001D7,scenery,generic,00000472.pro,-1,,0
902,,175148,0,1219,20128,128,100,0,50332246,0x03000256,wall,,00000598.pro,-1,,0
903,,175236,0,1220,20129,129,100,0,33555102,0x0200029E,scenery,generic,00000671.pro,-1,,0
904,,175324,0,1221,20130,130,100,0,33554499,0x02000043,scenery,generic,00000068.pro,-1,,0
905,,175412,0,1222,20131,131,100,0,33554436,0x02000004,scenery,generic,00000004.pro,-1,,0
906,,175500,0,1223,20133,133,100,0,33554573,0x0200008D,scenery,generic,00000142.pro,-1,,0
907,,175588,0,1224,20138,138,100,0,83886092,0x0500000C,misc,,00000012.pro,-1,,0
908,,175676,0,1225,20140,140,100,0,33554765,0x0200014D,scenery,door,00000334.pro,50331656,Door.int,0
909,,175768,0,1226,20146,146,100,0,50332157,0x030001FD,wall,,00000509.pro,-1,,0
910,,175856,0,1229,20265,65,101,0,83886092,0x0500000C,misc,,00000012.pro,-1,,0
911,,175944,0,1230,20276,76,101,0,50332249,0x03000259,wall,,00000601.pro,-1,,0
912,,176032,0,1236,20284,84,101,0,50332249,0x03000259,wall,,00000601.pro,-1,,0
913,,176120,0,1239,20286,86,101,0,16777385,0x010000A9,critter,,00000169.pro,67108897,genskag.int,0
914,,176248,0,1244,20292,92,101,0,50332159,0x030001FF,wall,,00000511.pro,-1,,0
915,,176336,0,1245,20298,98,101,0,50332770,0x03000462,wall,,00001122.pro,-1,,0
916,,176424,0,1248,20314,114,101,0,50332770,0x03000462,wall,,00001122.pro,-1,,0
917,,176512,0,1249,20328,128,101,0,50332249,0x03000259,wall,,00000601.pro,-1,,0
918,,176600,0,1250,20339,139,101,0,83886092,0x0500000C,misc,,00000012.pro,-1,,0
919,,176688,0,1251,20340,140,101,0,50332248,0x03000258,wall,,00000600.pro,-1,,0
920,,176776,0,1252,20344,144,101,0,16777390,0x010000AE,critter,,00000174.pro,67108869,MissBro.int,0
921,,176904,0,1253,20346,146,101,0,50332159,0x030001FF,wall,,00000511.pro,-1,,0
922,,176992,0,1255,20465,65,102,0,83886092,0x0500000C,misc,,00000012.pro,-1,,0
923,,177080,0,1256,20466,66,102,0,83886092,0x0500000C,misc,,00000012.pro,-1,,0
924,,177168,0,1257,20476,76,102,0,50332291,0x03000283,wall,,00000643.pro,-1,,0
925,,177256,0,1261,20484,84,102,0,50332243,0x03000253,wall,,00000595.pro,-1,,0
926,,177344,0,1266,20492,92,102,0,50332289,0x03000281,wall,,00000641.pro,-1,,0
927,,177432,0,1267,20498,98,102,0,50332767,0x0300045F,wall,,00001119.pro,-1,,0
928,,177520,0,1269,20514,114,102,0,50332767,0x0300045F,wall,,00001119.pro,-1,,0
929,,177608,0,1270,20528,128,102,0,50332290,0x03000282,wall,,00000642.pro,-1,,0
930,,177696,0,1271,20539,139,102,0,83886092,0x0500000C,misc,,00000012.pro,-1,,0
931,,177784,0,1272,20540,140,102,0,83886092,0x0500000C,misc,,00000012.pro,-1,,0
932,,177872,0,1273,20540,140,102,0,50332242,0x03000252,wall,,00000594.pro,-1,,0
933,,177960,0,1274,20546,146,102,0,50332155,0x030001FB,wall,,00000507.pro,-1,,0
934,,178048,0,1276,20666,66,103,0,83886092,0x0500000C,misc,,00000012.pro,-1,,0
935,,178136,0,1277,20676,76,103,0,50332246,0x03000256,wall,,00000598.pro,-1,,0
936,,178224,0,1280,20684,84,103,0,50332246,0x03000256,wall,,00000598.pro,-1,,0
937,,178312,0,1281,20685,85,103,0,33554435,0x02000003,scenery,generic,00000003.pro,-1,,0
938,,178400,0,1284,20692,92,103,0,50332156,0x030001FC,wall,,00000508.pro,-1,,0
939,,178488,0,1285,20698,98,103,0,50332768,0x03000460,wall,,00001120.pro,-1,,0
940,,178576,0,1286,20699,99,103,0,50332806,0x03000486,wall,,00001158.pro,-1,,0
941,,178664,0,1287,20700,100,103,0,50331778,0x03000082,wall,,00000045.pro,-1,,0
942,,178752,0,1288,20701,101,103,0,50331777,0x03000081,wall,,00000044.pro,-1,,0
943,,178840,0,1290,20702,102,103,0,50331778,0x03000082,wall,,00000045.pro,-1,,0
944,,178928,0,1291,20703,103,103,0,50331777,0x03000081,wall,,00000044.pro,-1,,0
945,,179016,0,1292,20704,104,103,0,50331780,0x03000084,wall,,00000047.pro,-1,,0
946,,179104,0,1293,20706,106,103,0,50331779,0x03000083,wall,,00000046.pro,-1,,0
947,,179192,0,1294,20707,107,103,0,50331777,0x03000081,wall,,00000044.pro,-1,,0
948,,179280,0,1295,20708,108,103,0,50331778,0x03000082,wall,,00000045.pro,-1,,0
949,,179368,0,1296,20709,109,103,0,50331777,0x03000081,wall,,00000044.pro,-1,,0
950,,179456,0,1297,20710,110,103,0,50331778,0x03000082,wall,,00000045.pro,-1,,0
951,,179544,0,1298,20711,111,103,0,50331777,0x03000081,wall,,00000044.pro,-1,,0
952,,179632,0,1299,20712,112,103,0,50331778,0x03000082,wall,,00000045.pro,-1,,0
953,,179720,0,1300,20713,113,103,0,50331777,0x03000081,wall,,00000044.pro,-1,,0
954,,179808,0,1301,20714,114,103,0,50332768,0x03000460,wall,,00001120.pro,-1,,0
955,,179896,0,1302,20728,128,103,0,50332243,0x03000253,wall,,00000595.pro,-1,,0
956,,179984,0,1303,20733,133,103,0,16777318,0x01000066,critter,,00000102.pro,67108881,HubCaptr.int,3
956/inventory/0,3,180116,0,1304,-1,,,0,40,0x00000028,item,drug,00000040.pro,-1,,0
956/inventory/1,1,180208,0,1305,-1,,,0,236,0x000000EC,item,weapon,00000236.pro,-1,,0
956/inventory/2,1,180308,0,1306,-1,,,0,234,0x000000EA,item,weapon,00000234.pro,-1,,0
957,,180404,0,1307,20737,137,103,0,16777421,0x010000CD,critter,,00000205.pro,67108871,HubCaptr.int,2
957/inventory/0,2,180536,0,1308,-1,,,0,30,0x0000001E,item,ammo,00000030.pro,-1,,0
957/inventory/1,1,180632,0,1309,-1,,,0,9,0x00000009,item,weapon,00000002.pro,-1,,0
958,,180728,0,1310,20740,140,103,0,83886092,0x0500000C,misc,,00000012.pro,-1,,0
959,,180816,0,1311,20740,140,103,0,50332243,0x03000253,wall,,00000595.pro,-1,,0
960,,180904,0,1312,20741,141,103,0,33554527,0x0200005F,scenery,generic,00000096.pro,-1,,0
961,,180992,0,1313,20743,143,103,0,33554573,0x0200008D,scenery,generic,00000142.pro,-1,,0
962,,181080,0,1314,20746,146,103,0,50332156,0x030001FC,wall,,00000508.pro,-1,,0
963,,181168,0,1317,20867,67,104,0,83886092,0x0500000C,misc,,00000012.pro,-1,,0
964,,181256,0,1318,20876,76,104,0,50332243,0x03000253,wall,,00000595.pro,-1,,0
965,,181344,0,1320,20883,83,104,0,33554776,0x02000158,scenery,generic,00000345.pro,-1,,0
966,,181432,0,1321,20884,84,104,0,50332249,0x03000259,wall,,00000601.pro,-1,,0
967,,181520,0,1322,20885,85,104,0,33554499,0x02000043,scenery,generic,00000068.pro,-1,,0
968,,181608,0,1325,20892,92,104,0,50332155,0x030001FB,wall,,00000507.pro,-1,,0
969,,181696,0,1326,20898,98,104,0,50332769,0x03000461,wall,,00001121.pro,-1,,0
970,,181784,0,1327,20899,99,104,0,50332270,0x0300026E,wall,,00000622.pro,-1,,0
971,,181872,0,1328,20900,100,104,0,33554703,0x0200010F,scenery,generic,00000272.pro,-1,,0
972,,181960,0,1329,20901,101,104,0,50332270,0x0300026E,wall,,00000622.pro,-1,,0
973,,182048,0,1331,20902,102,104,0,33554499,0x02000043,scenery,generic,00000068.pro,-1,,0
974,,182136,0,1333,20903,103,104,0,50332270,0x0300026E,wall,,00000622.pro,-1,,0
975,,182224,0,1334,20907,107,104,0,50332270,0x0300026E,wall,,00000622.pro,-1,,0
976,,182312,0,1335,20909,109,104,0,50332270,0x0300026E,wall,,00000622.pro,-1,,0
977,,182400,0,1336,20911,111,104,0,50332270,0x0300026E,wall,,00000622.pro,-1,,0
978,,182488,0,1337,20913,113,104,0,50332270,0x0300026E,wall,,00000622.pro,-1,,0
979,,182576,0,1338,20914,114,104,0,50332769,0x03000461,wall,,00001121.pro,-1,,0
980,,182664,0,1339,20928,128,104,0,50332246,0x03000256,wall,,00000598.pro,-1,,0
981,,182752,0,1340,20940,140,104,0,50332246,0x03000256,wall,,00000598.pro,-1,,0
982,,182840,0,1341,20941,141,104,0,83886092,0x0500000C,misc,,00000012.pro,-1,,0
983,,182928,0,1342,20944,144,104,0,33554776,0x02000158,scenery,generic,00000345.pro,-1,,0
984,,183016,0,1343,20945,145,104,0,33554776,0x02000158,scenery,generic,00000345.pro,-1,,0
985,,183104,0,1344,20946,146,104,0,50332157,0x030001FD,wall,,00000509.pro,-1,,0
986,,183192,0,1346,21067,67,105,0,83886092,0x0500000C,misc,,00000012.pro,-1,,0
987,,183280,0,1347,21068,68,105,0,83886092,0x0500000C,misc,,00000012.pro,-1,,0
988,,183368,0,1348,21076,76,105,0,50332261,0x03000265,wall,,00000613.pro,-1,,0
989,,183456,0,1350,21077,77,105,0,50332236,0x0300024C,wall,,00000588.pro,-1,,0
990,,183544,0,1351,21078,78,105,0,50332235,0x0300024B,wall,,00000587.pro,-1,,0
991,,183632,0,1352,21079,79,105,0,50332238,0x0300024E,wall,,00000590.pro,-1,,0
992,,183720,0,1353,21080,80,105,0,50332234,0x0300024A,wall,,00000586.pro,-1,,0
993,,183808,0,1354,21081,81,105,0,50332231,0x03000247,wall,,00000583.pro,-1,,0
994,,183896,0,1355,21082,82,105,0,33554764,0x0200014C,scenery,door,00000333.pro,50331659,WoodDoor.int,0
995,,183988,0,1356,21083,83,105,0,50332236,0x0300024C,wall,,00000588.pro,-1,,0
996,,184076,0,1357,21084,84,105,0,50332263,0x03000267,wall,,00000615.pro,-1,,0
997,,184164,0,1358,21085,85,105,0,33554531,0x02000063,scenery,generic,00000100.pro,-1,,0
998,,184252,0,1361,21092,92,105,0,50332157,0x030001FD,wall,,00000509.pro,-1,,0
999,,184340,0,1362,21098,98,105,0,50332770,0x03000462,wall,,00001122.pro,-1,,0
1000,,184428,0,1363,21099,99,105,0,33554499,0x02000043,scenery,generic,00000068.pro,-1,,0
1001,,184516,0,1364,21101,101,105,0,33554499,0x02000043,scenery,generic,00000068.pro,-1,,0
1002,,184604,0,1366,21114,114,105,0,50332770,0x03000462,wall,,00001122.pro,-1,,0
1003,,184692,0,1367,21126,126,105,0,16777385,0x010000A9,critter,,00000169.pro,67108894,loser.int,0
1004,,184820,0,1368,21128,128,105,0,50332185,0x03000219,wall,,00000537.pro,-1,,0
1005,,184908,0,1369,21129,129,105,0,50332150,0x030001F6,wall,,00000502.pro,-1,,0
1006,,184996,0,1370,21130,130,105,0,50332151,0x030001F7,wall,,00000503.pro,-1,,0
1007,,185084,0,1371,21131,131,105,0,50332153,0x030001F9,wall,,00000505.pro,-1,,0
1008,,185172,0,1372,21132,132,105,0,50332286,0x0300027E,wall,,00000638.pro,-1,,0
1009,,185260,0,1373,21133,133,105,0,50332150,0x030001F6,wall,,00000502.pro,-1,,0
1010,,185348,0,1374,21134,134,105,0,50332147,0x030001F3,wall,,00000499.pro,-1,,0
1011,,185436,0,1375,21135,135,105,0,50332153,0x030001F9,wall,,00000505.pro,-1,,0
1012,,185524,0,1376,21136,136,105,0,50332287,0x0300027F,wall,,00000639.pro,-1,,0
1013,,185612,0,1377,21137,137,105,0,50332150,0x030001F6,wall,,00000502.pro,-1,,0
1014,,185700,0,1378,21138,138,105,0,50332147,0x030001F3,wall,,00000499.pro,-1,,0
1015,,185788,0,1379,21139,139,105,0,50332153,0x030001F9,wall,,00000505.pro,-1,,0
1016,,185876,0,1380,21140,140,105,0,50332256,0x03000260,wall,,00000608.pro,-1,,0
1017,,185964,0,1381,21140,140,105,0,50332151,0x030001F7,wall,,00000503.pro,-1,,0
1018,,186052,0,1382,21141,141,105,0,83886092,0x0500000C,misc,,00000012.pro,-1,,0
1019,,186140,0,1383,21141,141,105,0,50332150,0x030001F6,wall,,00000502.pro,-1,,0
1020,,186228,0,1384,21142,142,105,0,83886092,0x0500000C,misc,,00000012.pro,-1,,0
1021,,186316,0,1385,21142,142,105,0,50332147,0x030001F3,wall,,00000499.pro,-1,,0
1022,,186404,0,1386,21143,143,105,0,50332153,0x030001F9,wall,,00000505.pro,-1,,0
1023,,186492,0,1387,21144,144,105,0,50332151,0x030001F7,wall,,00000503.pro,-1,,0
1024,,186580,0,1388,21145,145,105,0,50332183,0x03000217,wall,,00000535.pro,-1,,0
1025,,186668,0,1389,21146,146,105,0,50332182,0x03000216,wall,,00000534.pro,-1,,0
1026,,186756,0,1391,21268,68,106,0,83886092,0x0500000C,misc,,00000012.pro,-1,,0
1027,,186844,0,1392,21276,76,106,0,50332269,0x0300026D,wall,,00000621.pro,-1,,0
1028,,186932,0,1394,21277,77,106,0,50332270,0x0300026E,wall,,00000622.pro,-1,,0
1029,,187020,0,1395,21279,79,106,0,50332270,0x0300026E,wall,,00000622.pro,-1,,0
1030,,187108,0,1396,21281,81,106,0,50332270,0x0300026E,wall,,00000622.pro,-1,,0
1031,,187196,0,1397,21283,83,106,0,50332230,0x03000246,wall,,00000582.pro,-1,,0
1032,,187284,0,1398,21285,85,106,0,33554499,0x02000043,scenery,generic,00000068.pro,-1,,0
1033,,187372,0,1401,21292,92,106,0,50332289,0x03000281,wall,,00000641.pro,-1,,0
1034,,187460,0,1402,21298,98,106,0,50332767,0x0300045F,wall,,00001119.pro,-1,,0
1035,,187548,0,1403,21298,98,106,0,33554905,0x020001D9,scenery,generic,00000474.pro,-1,,0
1036,,187636,0,1404,21299,99,106,0,33554708,0x02000114,scenery,generic,00000277.pro,-1,,0
1037,,187724,0,1406,21305,105,106,5,16777258,0x0100002A,critter,,00000042.pro,67108888,Child.int,0
1038,,187852,0,1407,21314,114,106,0,50332767,0x0300045F,wall,,00001119.pro,-1,,0
1039,,187940,0,1408,21314,114,106,0,33554903,0x020001D7,scenery,generic,00000472.pro,-1,,0
1040,,188028,0,1409,21315,115,106,0,33554705,0x02000111,scenery,generic,00000274.pro,-1,,0
1041,,188116,0,1410,21329,129,106,0,50332270,0x0300026E,wall,,00000622.pro,-1,,0
1042,,188204,0,1411,21331,131,106,0,50332270,0x0300026E,wall,,00000622.pro,-1,,0
1043,,188292,0,1412,21333,133,106,0,50332270,0x0300026E,wall,,00000622.pro,-1,,0
1044,,188380,0,1413,21335,135,106,0,50332270,0x0300026E,wall,,00000622.pro,-1,,0
1045,,188468,0,1414,21337,137,106,0,50332270,0x0300026E,wall,,00000622.pro,-1,,0
1046,,188556,0,1415,21339,139,106,0,50332270,0x0300026E,wall,,00000622.pro,-1,,0
1047,,188644,0,1416,21341,141,106,0,50332270,0x0300026E,wall,,00000622.pro,-1,,0
1048,,188732,0,1417,21342,142,106,0,83886092,0x0500000C,misc,,00000012.pro,-1,,0
1049,,188820,0,1418,21343,143,106,0,50332270,0x0300026E,wall,,00000622.pro,-1,,0
1050,,188908,0,1419,21345,145,106,0,50332270,0x0300026E,wall,,00000622.pro,-1,,0
1051,,188996,0,1422,21469,69,107,0,83886092,0x0500000C,misc,,00000012.pro,-1,,0
1052,,189084,0,1423,21476,76,107,0,50332242,0x03000252,wall,,00000594.pro,-1,,0
1053,,189172,0,1425,21478,78,107,0,33554707,0x02000113,scenery,generic,00000276.pro,-1,,0
1054,,189260,0,1426,21479,79,107,0,33554499,0x02000043,scenery,generic,00000068.pro,-1,,0
1055,,189348,0,1429,21492,92,107,0,50332156,0x030001FC,wall,,00000508.pro,-1,,0
1056,,189436,0,1430,21498,98,107,0,50332768,0x03000460,wall,,00001120.pro,-1,,0
1057,,189524,0,1431,21499,99,107,0,33554499,0x02000043,scenery,generic,00000068.pro,-1,,0
1058,,189612,0,1433,21504,104,107,0,33554573,0x0200008D,scenery,generic,00000142.pro,-1,,0
1059,,189700,0,1435,21514,114,107,0,50332768,0x03000460,wall,,00001120.pro,-1,,0
1060,,189788,0,1436,21543,143,107,0,83886092,0x0500000C,misc,,00000012.pro,-1,,0
1061,,189876,0,1438,21669,69,108,0,83886092,0x0500000C,misc,,00000012.pro,-1,,0
1062,,189964,0,1439,21670,70,108,0,83886092,0x0500000C,misc,,00000012.pro,-1,,0
1063,,190052,0,1440,21676,76,108,0,50332246,0x03000256,wall,,00000598.pro,-1,,0
1064,,190140,0,1442,21678,78,108,0,33554499,0x02000043,scenery,generic,00000068.pro,-1,,0
1065,,190228,0,1443,21679,79,108,0,33554499,0x02000043,scenery,generic,00000068.pro,-1,,0
1066,,190316,0,1444,21681,81,108,0,33554528,0x02000060,scenery,generic,00000097.pro,-1,,0
1067,,190404,0,1447,21692,92,108,0,50332159,0x030001FF,wall,,00000511.pro,-1,,0
1068,,190492,0,1448,21698,98,108,0,50332769,0x03000461,wall,,00001121.pro,-1,,0
1069,,190580,0,1450,21714,114,108,0,50332769,0x03000461,wall,,00001121.pro,-1,,0
1070,,190668,0,1451,21743,143,108,0,83886092,0x0500000C,misc,,00000012.pro,-1,,0
1071,,190756,0,1452,21744,144,108,0,83886092,0x0500000C,misc,,00000012.pro,-1,,0
1072,,190844,0,1454,21870,70,109,0,83886092,0x0500000C,misc,,00000012.pro,-1,,0
1073,,190932,0,1455,21876,76,109,0,50332249,0x03000259,wall,,00000601.pro,-1,,0
1074,,191020,0,1457,21877,77,109,0,33554708,0x02000114,scenery,generic,00000277.pro,-1,,0
1075,,191108,0,1458,21882,82,109,0,33554499,0x02000043,scenery,generic,00000068.pro,-1,,0
1076,,191196,0,1461,21892,92,109,0,50332155,0x030001FB,wall,,00000507.pro,-1,,0
1077,,191284,0,1462,21898,98,109,0,50332770,0x03000462,wall,,00001122.pro,-1,,0
1078,,191372,0,1463,21898,98,109,0,33554905,0x020001D9,scenery,generic,00000474.pro,-1,,0
1079,,191460,0,1465,21914,114,109,0,50332770,0x03000462,wall,,00001122.pro,-1,,0
1080,,191548,0,1466,21914,114,109,0,33554903,0x020001D7,scenery,generic,00000472.pro,-1,,0
1081,,191636,0,1467,21944,144,109,0,83886092,0x0500000C,misc,,00000012.pro,-1,,0
1082,,191724,0,1470,22071,71,110,0,83886092,0x0500000C,misc,,00000012.pro,-1,,0
1083,,191812,0,1471,22076,76,110,0,50332290,0x03000282,wall,,00000642.pro,-1,,0
1084,,191900,0,1473,22077,77,110,0,33554499,0x02000043,scenery,generic,00000068.pro,-1,,0
1085,,191988,0,1474,22079,79,110,2,16777385,0x010000A9,critter,,00000169.pro,67108896,loser.int,0
1086,,192116,0,1475,22081,81,110,0,33554737,0x02000131,scenery,generic,00000306.pro,-1,,0
1087,,192204,0,1476,22083,83,110,0,33554499,0x02000043,scenery,generic,00000068.pro,-1,,0
1088,,192292,0,1477,22084,84,110,0,33554499,0x02000043,scenery,generic,00000068.pro,-1,,0
1089,,192380,0,1478,22086,86,110,0,16777386,0x010000AA,critter,,00000170.pro,67108899,genskag.int,0
1090,,192508,0,1481,22092,92,110,0,50332288,0x03000280,wall,,00000640.pro,-1,,0
1091,,192596,0,1482,22098,98,110,0,50332767,0x0300045F,wall,,00001119.pro,-1,,0
1092,,192684,0,1485,22114,114,110,0,50332781,0x0300046D,wall,,00001133.pro,-1,,0
1093,,192772,0,1486,22145,145,110,0,83886092,0x0500000C,misc,,00000012.pro,-1,,0
1094,,192860,0,1488,22271,71,111,0,83886092,0x0500000C,misc,,00000012.pro,-1,,0
1095,,192948,0,1489,22272,72,111,0,83886092,0x0500000C,misc,,00000012.pro,-1,,0
1096,,193036,0,1490,22276,76,111,0,50332243,0x03000253,wall,,00000595.pro,-1,,0
1097,,193124,0,1492,22281,81,111,0,33554499,0x02000043,scenery,generic,00000068.pro,-1,,0
1098,,193212,0,1493,22282,82,111,0,33554530,0x02000062,scenery,generic,00000099.pro,-1,,0
1099,,193300,0,1494,22283,83,111,0,33554499,0x02000043,scenery,generic,00000068.pro,-1,,0
1100,,193388,0,1495,22285,85,111,0,33554573,0x0200008D,scenery,generic,00000142.pro,-1,,0
1101,,193476,0,1498,22292,92,111,0,50332157,0x030001FD,wall,,00000509.pro,-1,,0
1102,,193564,0,1499,22298,98,111,0,50332768,0x03000460,wall,,00001120.pro,-1,,0
1103,,193652,0,1501,22314,114,111,0,33554914,0x020001E2,scenery,door,00000483.pro,50331674,WoodDoor.int,0
1104,,193744,0,1502,22317,117,111,4,16777385,0x010000A9,critter,,00000169.pro,67108895,genskag.int,0
1105,,193872,0,1503,22326,126,111,0,33554725,0x02000125,scenery,generic,00000294.pro,-1,,0
1106,,193960,0,1504,22328,128,111,0,50332241,0x03000251,wall,,00000593.pro,-1,,0
1107,,194048,0,1505,22329,129,111,0,50332236,0x0300024C,wall,,00000588.pro,-1,,0
1108,,194136,0,1506,22330,130,111,0,50332234,0x0300024A,wall,,00000586.pro,-1,,0
1109,,194224,0,1507,22331,131,111,0,50332238,0x0300024E,wall,,00000590.pro,-1,,0
1110,,194312,0,1508,22332,132,111,0,50332293,0x03000285,wall,,00000645.pro,-1,,0
1111,,194400,0,1509,22333,133,111,0,50332236,0x0300024C,wall,,00000588.pro,-1,,0
1112,,194488,0,1510,22334,134,111,0,50332240,0x03000250,wall,,00000592.pro,-1,,0
1113,,194576,0,1511,22335,135,111,0,50332239,0x0300024F,wall,,00000591.pro,-1,,0
1114,,194664,0,1512,22336,136,111,0,50332292,0x03000284,wall,,00000644.pro,-1,,0
1115,,194752,0,1513,22337,137,111,0,50332238,0x0300024E,wall,,00000590.pro,-1,,0
1116,,194840,0,1514,22338,138,111,0,50332237,0x0300024D,wall,,00000589.pro,-1,,0
1117,,194928,0,1515,22339,139,111,0,50332236,0x0300024C,wall,,00000588.pro,-1,,0
1118,,195016,0,1516,22340,140,111,0,50332257,0x03000261,wall,,00000609.pro,-1,,0
1119,,195104,0,1517,22341,141,111,0,50332236,0x0300024C,wall,,00000588.pro,-1,,0
1120,,195192,0,1518,22342,142,111,0,50332235,0x0300024B,wall,,00000587.pro,-1,,0
1121,,195280,0,1519,22343,143,111,0,50332239,0x0300024F,wall,,00000591.pro,-1,,0
1122,,195368,0,1520,22344,144,111,0,50332293,0x03000285,wall,,00000645.pro,-1,,0
1123,,195456,0,1521,22345,145,111,0,83886092,0x0500000C,misc,,00000012.pro,-1,,0
1124,,195544,0,1522,22345,145,111,0,50332238,0x0300024E,wall,,00000590.pro,-1,,0
1125,,195632,0,1523,22346,146,111,0,83886092,0x0500000C,misc,,00000012.pro,-1,,0
1126,,195720,0,1524,22346,146,111,0,50332234,0x0300024A,wall,,00000586.pro,-1,,0
1127,,195808,0,1525,22347,147,111,0,50332236,0x0300024C,wall,,00000588.pro,-1,,0
1128,,195896,0,1526,22348,148,111,0,50332269,0x0300026D,wall,,00000621.pro,-1,,0
1129,,195984,0,1528,22472,72,112,0,83886092,0x0500000C,misc,,00000012.pro,-1,,0
1130,,196072,0,1529,22476,76,112,0,50332246,0x03000256,wall,,00000598.pro,-1,,0
1131,,196160,0,1533,22492,92,112,0,50332156,0x030001FC,wall,,00000508.pro,-1,,0
1132,,196248,0,1534,22498,98,112,0,50332769,0x03000461,wall,,00001121.pro,-1,,0
1133,,196336,0,1536,22513,113,112,0,33554776,0x02000158,scenery,generic,00000345.pro,-1,,0
1134,,196424,0,1537,22514,114,112,0,50332782,0x0300046E,wall,,00001134.pro,-1,,0
1135,,196512,0,1538,22528,128,112,0,50332269,0x0300026D,wall,,00000621.pro,-1,,0
1136,,196600,0,1539,22529,129,112,0,50332270,0x0300026E,wall,,00000622.pro,-1,,0
1137,,196688,0,1540,22531,131,112,0,50332270,0x0300026E,wall,,00000622.pro,-1,,0
1138,,196776,0,1541,22532,132,112,0,33554499,0x02000043,scenery,generic,00000068.pro,-1,,0
1139,,196864,0,1542,22533,133,112,0,50332270,0x0300026E,wall,,00000622.pro,-1,,0
1140,,196952,0,1543,22534,134,112,0,33554662,0x020000E6,scenery,generic,00000231.pro,-1,,0
1141,,197040,0,1544,22535,135,112,0,50332270,0x0300026E,wall,,00000622.pro,-1,,0
1142,,197128,0,1545,22537,137,112,0,50332270,0x0300026E,wall,,00000622.pro,-1,,0
1143,,197216,0,1546,22539,139,112,0,50332270,0x0300026E,wall,,00000622.pro,-1,,0
1144,,197304,0,1547,22540,140,112,0,50332269,0x0300026D,wall,,00000621.pro,-1,,0
1145,,197392,0,1548,22541,141,112,0,50332270,0x0300026E,wall,,00000622.pro,-1,,0
1146,,197480,0,1549,22542,142,112,0,33554734,0x0200012E,scenery,generic,00000303.pro,-1,,0
1147,,197568,0,1550,22543,143,112,0,50332270,0x0300026E,wall,,00000622.pro,-1,,0
1148,,197656,0,1551,22545,145,112,0,50332270,0x0300026E,wall,,00000622.pro,-1,,0
1149,,197744,0,1552,22546,146,112,0,83886092,0x0500000C,misc,,00000012.pro,-1,,0
1150,,197832,0,1553,22547,147,112,0,50332270,0x0300026E,wall,,00000622.pro,-1,,0
1151,,197920,0,1554,22548,148,112,0,50332186,0x0300021A,wall,,00000538.pro,-1,,0
1152,,198008,0,1557,22673,73,113,0,83886092,0x0500000C,misc,,00000012.pro,-1,,0
1153,,198096,0,1558,22676,76,113,0,50332249,0x03000259,wall,,00000601.pro,-1,,0
1154,,198184,0,1573,22692,92,113,0,50332155,0x030001FB,wall,,00000507.pro,-1,,0
1155,,198272,0,1574,22698,98,113,0,50332765,0x0300045D,wall,,00001117.pro,-1,,0
1156,,198360,0,1575,22699,99,113,0,50332773,0x03000465,wall,,00001125.pro,-1,,0
1157,,198448,0,1576,22700,100,113,0,50332774,0x03000466,wall,,00001126.pro,-1,,0
1158,,198536,0,1577,22701,101,113,0,50332773,0x03000465,wall,,00001125.pro,-1,,0
1159,,198624,0,1578,22702,102,113,0,50332772,0x03000464,wall,,00001124.pro,-1,,0
1160,,198712,0,1579,22702,102,113,0,33554904,0x020001D8,scenery,generic,00000473.pro,-1,,0
1161,,198800,0,1580,22703,103,113,0,50332771,0x03000463,wall,,00001123.pro,-1,,0
1162,,198888,0,1581,22704,104,113,0,50332774,0x03000466,wall,,00001126.pro,-1,,0
1163,,198976,0,1582,22705,105,113,0,50332773,0x03000465,wall,,00001125.pro,-1,,0
1164,,199064,0,1583,22706,106,113,0,50332772,0x03000464,wall,,00001124.pro,-1,,0
1165,,199152,0,1584,22707,107,113,0,50332771,0x03000463,wall,,00001123.pro,-1,,0
1166,,199240,0,1586,22708,108,113,0,50332774,0x03000466,wall,,00001126.pro,-1,,0
1167,,199328,0,1588,22709,109,113,0,50332773,0x03000465,wall,,00001125.pro,-1,,0
1168,,199416,0,1589,22710,110,113,0,50332772,0x03000464,wall,,00001124.pro,-1,,0
1169,,199504,0,1590,22710,110,113,0,33554904,0x020001D8,scenery,generic,00000473.pro,-1,,0
1170,,199592,0,1591,22711,111,113,0,50332779,0x0300046B,wall,,00001131.pro,-1,,0
1171,,199680,0,1592,22712,112,113,0,33554913,0x020001E1,scenery,door,00000482.pro,50331657,WoodDoor.int,0
1172,,199772,0,1593,22713,113,113,0,50332780,0x0300046C,wall,,00001132.pro,-1,,0
1173,,199860,0,1594,22714,114,113,0,50332764,0x0300045C,wall,,00001116.pro,-1,,0
1174,,199948,0,1595,22728,128,113,0,50332242,0x03000252,wall,,00000594.pro,-1,,0
1175,,200036,0,1596,22729,129,113,0,33554653,0x020000DD,scenery,generic,00000222.pro,-1,,0
1176,,200124,0,1597,22730,130,113,0,33554499,0x02000043,scenery,generic,00000068.pro,-1,,0
1177,,200212,0,1598,22731,131,113,0,33554654,0x020000DE,scenery,generic,00000223.pro,-1,,0
1178,,200300,0,1599,22732,132,113,0,33554499,0x02000043,scenery,generic,00000068.pro,-1,,0
1179,,200388,0,1600,22740,140,113,0,50332242,0x03000252,wall,,00000594.pro,-1,,0
1180,,200476,0,1601,22743,143,113,0,33554499,0x02000043,scenery,generic,00000068.pro,-1,,0
1181,,200564,0,1602,22744,144,113,0,83886092,0x0500000C,misc,,00000012.pro,-1,,0
1182,,200652,0,1603,22745,145,113,0,83886092,0x0500000C,misc,,00000012.pro,-1,,0
1183,,200740,0,1604,22746,146,113,0,83886092,0x0500000C,misc,,00000012.pro,-1,,0
1184,,200828,0,1605,22747,147,113,0,83886092,0x0500000C,misc,,00000012.pro,-1,,0
1185,,200916,0,1606,22748,148,113,0,50332156,0x030001FC,wall,,00000508.pro,-1,,0
1186,,201004,0,1608,22873,73,114,0,83886092,0x0500000C,misc,,00000012.pro,-1,,0
1187,,201092,0,1609,22874,74,114,0,83886092,0x0500000C,misc,,00000012.pro,-1,,0
1188,,201180,0,1610,22876,76,114,0,50332291,0x03000283,wall,,00000643.pro,-1,,0
1189,,201268,0,1620,22892,92,114,0,50332289,0x03000281,wall,,00000641.pro,-1,,0
1190,,201356,0,1621,22899,99,114,0,50332270,0x0300026E,wall,,00000622.pro,-1,,0
1191,,201444,0,1622,22901,101,114,0,50332270,0x0300026E,wall,,00000622.pro,-1,,0
1192,,201532,0,1623,22903,103,114,0,50332270,0x0300026E,wall,,00000622.pro,-1,,0
1193,,201620,0,1624,22905,105,114,0,50332270,0x0300026E,wall,,00000622.pro,-1,,0
1194,,201708,0,1625,22907,107,114,0,50332270,0x0300026E,wall,,00000622.pro,-1,,0
1195,,201796,0,1627,22909,109,114,0,50332270,0x0300026E,wall,,00000622.pro,-1,,0
1196,,201884,0,1628,22928,128,114,0,50332243,0x03000253,wall,,00000595.pro,-1,,0
1197,,201972,0,1629,22931,131,114,0,33554499,0x02000043,scenery,generic,00000068.pro,-1,,0
1198,,202060,0,1630,22935,135,114,0,33554641,0x020000D1,scenery,generic,00000210.pro,-1,,0
1199,,202148,0,1631,22940,140,114,0,50332247,0x03000257,wall,,00000599.pro,-1,,0
1200,,202236,0,1632,22942,142,114,0,83886092,0x0500000C,misc,,00000012.pro,-1,,0
1201,,202324,0,1633,22942,142,114,2,16777373,0x0100009D,critter,,00000157.pro,67108866,Harold.int,0
1202,,202452,0,1634,22943,143,114,0,83886092,0x0500000C,misc,,00000012.pro,-1,,0
1203,,202540,0,1635,22944,144,114,0,83886092,0x0500000C,misc,,00000012.pro,-1,,0
1204,,202628,0,1636,22945,145,114,0,83886092,0x0500000C,misc,,00000012.pro,-1,,0
1205,,202716,0,1637,22945,145,114,0,33554639,0x020000CF,scenery,generic,00000208.pro,-1,,0
1206,,202804,0,1638,22948,148,114,0,50332159,0x030001FF,wall,,00000511.pro,-1,,0
1207,,202892,0,1640,23074,74,115,0,83886092,0x0500000C,misc,,00000012.pro,-1,,0
1208,,202980,0,1641,23076,76,115,0,50332242,0x03000252,wall,,00000594.pro,-1,,0
1209,,203068,0,1645,23092,92,115,0,50332159,0x030001FF,wall,,00000511.pro,-1,,0
1210,,203156,0,1647,23128,128,115,0,50332246,0x03000256,wall,,00000598.pro,-1,,0
1211,,203244,0,1648,23140,140,115,0,83886092,0x0500000C,misc,,00000012.pro,-1,,0
1212,,203332,0,1649,23140,140,115,0,33554765,0x0200014D,scenery,door,00000334.pro,50331664,WoodDoor.int,0
1213,,203424,0,1650,23141,141,115,0,83886092,0x0500000C,misc,,00000012.pro,-1,,0
1214,,203512,0,1651,23142,142,115,0,83886092,0x0500000C,misc,,00000012.pro,-1,,0
1215,,203600,0,1652,23143,143,115,0,83886092,0x0500000C,misc,,00000012.pro,-1,,0
1216,,203688,0,1653,23148,148,115,0,50332157,0x030001FD,wall,,00000509.pro,-1,,0
1217,,203776,0,1656,23275,75,116,0,83886092,0x0500000C,misc,,00000012.pro,-1,,0
1218,,203864,0,1657,23276,76,116,0,50332243,0x03000253,wall,,00000595.pro,-1,,0
1219,,203952,0,1661,23292,92,116,0,50332155,0x030001FB,wall,,00000507.pro,-1,,0
1220,,204040,0,1662,23304,104,116,0,50332270,0x0300026E,wall,,00000622.pro,-1,,0
1221,,204128,0,1665,23328,128,116,0,50332291,0x03000283,wall,,00000643.pro,-1,,0
1222,,204216,0,1666,23330,130,116,0,33554640,0x020000D0,scenery,generic,00000209.pro,-1,,0
1223,,204304,0,1667,23338,138,116,0,83886092,0x0500000C,misc,,00000012.pro,-1,,0
1224,,204392,0,1668,23339,139,116,0,83886092,0x0500000C,misc,,00000012.pro,-1,,0
1225,,204480,0,1669,23340,140,116,0,83886092,0x0500000C,misc,,00000012.pro,-1,,0
1226,,204568,0,1670,23340,140,116,0,50332248,0x03000258,wall,,00000600.pro,-1,,0
1227,,204656,0,1671,23341,141,116,0,83886092,0x0500000C,misc,,00000012.pro,-1,,0
1228,,204744,0,1672,23348,148,116,0,50332288,0x03000280,wall,,00000640.pro,-1,,0
1229,,204832,0,1674,23475,75,117,0,83886092,0x0500000C,misc,,00000012.pro,-1,,0
1230,,204920,0,1675,23476,76,117,0,83886092,0x0500000C,misc,,00000012.pro,-1,,0
1231,,205008,0,1676,23476,76,117,0,50332261,0x03000265,wall,,00000613.pro,-1,,0
1232,,205096,0,1678,23477,77,117,0,50332236,0x0300024C,wall,,00000588.pro,-1,,0
1233,,205184,0,1679,23478,78,117,0,50332237,0x0300024D,wall,,00000589.pro,-1,,0
1234,,205272,0,1680,23479,79,117,0,50332239,0x0300024F,wall,,00000591.pro,-1,,0
1235,,205360,0,1681,23480,80,117,0,50332235,0x0300024B,wall,,00000587.pro,-1,,0
1236,,205448,0,1682,23481,81,117,0,50332238,0x0300024E,wall,,00000590.pro,-1,,0
1237,,205536,0,1683,23482,82,117,0,50332234,0x0300024A,wall,,00000586.pro,-1,,0
1238,,205624,0,1684,23483,83,117,0,50332236,0x0300024C,wall,,00000588.pro,-1,,0
1239,,205712,0,1685,23484,84,117,0,50332240,0x03000250,wall,,00000592.pro,-1,,0
1240,,205800,0,1686,23485,85,117,0,50332238,0x0300024E,wall,,00000590.pro,-1,,0
1241,,205888,0,1687,23486,86,117,0,50332237,0x0300024D,wall,,00000589.pro,-1,,0
1242,,205976,0,1688,23487,87,117,0,50332236,0x0300024C,wall,,00000588.pro,-1,,0
1243,,206064,0,1689,23488,88,117,0,50332235,0x0300024B,wall,,00000587.pro,-1,,0
1244,,206152,0,1691,23489,89,117,0,50332239,0x0300024F,wall,,00000591.pro,-1,,0
1245,,206240,0,1693,23490,90,117,0,50332234,0x0300024A,wall,,00000586.pro,-1,,0
1246,,206328,0,1694,23491,91,117,0,50332238,0x0300024E,wall,,00000590.pro,-1,,0
1247,,206416,0,1695,23492,92,117,0,50332264,0x03000268,wall,,00000616.pro,-1,,0
1248,,206504,0,1696,23493,93,117,0,50332239,0x0300024F,wall,,00000591.pro,-1,,0
1249,,206592,0,1697,23494,94,117,0,50332237,0x0300024D,wall,,00000589.pro,-1,,0
1250,,206680,0,1698,23495,95,117,0,50332236,0x0300024C,wall,,00000588.pro,-1,,0
1251,,206768,0,1699,23496,96,117,0,50332293,0x03000285,wall,,00000645.pro,-1,,0
1252,,206856,0,1700,23497,97,117,0,50332238,0x0300024E,wall,,00000590.pro,-1,,0
1253,,206944,0,1701,23498,98,117,0,50332235,0x0300024B,wall,,00000587.pro,-1,,0
1254,,207032,0,1702,23499,99,117,0,50332236,0x0300024C,wall,,00000588.pro,-1,,0
1255,,207120,0,1703,23500,100,117,0,50332292,0x03000284,wall,,00000644.pro,-1,,0
1256,,207208,0,1704,23501,101,117,0,50332238,0x0300024E,wall,,00000590.pro,-1,,0
1257,,207296,0,1705,23502,102,117,0,50332234,0x0300024A,wall,,00000586.pro,-1,,0
1258,,207384,0,1706,23503,103,117,0,50332236,0x0300024C,wall,,00000588.pro,-1,,0
1259,,207472,0,1707,23504,104,117,0,50332269,0x0300026D,wall,,00000621.pro,-1,,0
1260,,207560,0,1708,23505,105,117,0,50332270,0x0300026E,wall,,00000622.pro,-1,,0
1261,,207648,0,1710,23528,128,117,0,50332249,0x03000259,wall,,00000601.pro,-1,,0
1262,,207736,0,1711,23536,136,117,0,83886092,0x0500000C,misc,,00000012.pro,-1,,0
1263,,207824,0,1712,23537,137,117,0,83886092,0x0500000C,misc,,00000012.pro,-1,,0
1264,,207912,0,1713,23538,138,117,0,83886092,0x0500000C,misc,,00000012.pro,-1,,0
1265,,208000,0,1714,23539,139,117,0,83886092,0x0500000C,misc,,00000012.pro,-1,,0
1266,,208088,0,1715,23540,140,117,0,50332242,0x03000252,wall,,00000594.pro,-1,,0
1267,,208176,0,1716,23548,148,117,0,50332155,0x030001FB,wall,,00000507.pro,-1,,0
1268,,208264,0,1718,23676,76,118,0,83886092,0x0500000C,misc,,00000012.pro,-1,,0
1269,,208352,0,1719,23676,76,118,0,50332269,0x0300026D,wall,,00000621.pro,-1,,0
1270,,208440,0,1721,23677,77,118,0,50332270,0x0300026E,wall,,00000622.pro,-1,,0
1271,,208528,0,1722,23678,78,118,0,33554709,0x02000115,scenery,generic,00000278.pro,-1,,0
1272,,208616,0,1723,23679,79,118,0,50332270,0x0300026E,wall,,00000622.pro,-1,,0
1273,,208704,0,1724,23681,81,118,0,50332270,0x0300026E,wall,,00000622.pro,-1,,0
1274,,208792,0,1726,23682,82,118,0,33554499,0x02000043,scenery,generic,00000068.pro,-1,,0
1275,,208880,0,1727,23683,83,118,0,50332270,0x0300026E,wall,,00000622.pro,-1,,0
1276,,208968,0,1728,23684,84,118,0,33554704,0x02000110,scenery,generic,00000273.pro,-1,,0
1277,,209056,0,1729,23685,85,118,0,50332270,0x0300026E,wall,,00000622.pro,-1,,0
1278,,209144,0,1730,23686,86,118,0,33554499,0x02000043,scenery,generic,00000068.pro,-1,,0
1279,,209232,0,1731,23687,87,118,0,50332270,0x0300026E,wall,,00000622.pro,-1,,0
1280,,209320,0,1732,23688,88,118,0,33554499,0x02000043,scenery,generic,00000068.pro,-1,,0
1281,,209408,0,1734,23689,89,118,0,50332270,0x0300026E,wall,,00000622.pro,-1,,0
1282,,209496,0,1736,23691,91,118,0,50332270,0x0300026E,wall,,00000622.pro,-1,,0
1283,,209584,0,1737,23692,92,118,0,50332269,0x0300026D,wall,,00000621.pro,-1,,0
1284,,209672,0,1738,23693,93,118,0,50332270,0x0300026E,wall,,00000622.pro,-1,,0
1285,,209760,0,1739,23694,94,118,0,33554735,0x0200012F,scenery,generic,00000304.pro,-1,,0
1286,,209848,0,1740,23695,95,118,0,50332270,0x0300026E,wall,,00000622.pro,-1,,0
1287,,209936,0,1741,23696,96,118,0,33554499,0x02000043,scenery,generic,00000068.pro,-1,,0
1288,,210024,0,1742,23697,97,118,0,50332270,0x0300026E,wall,,00000622.pro,-1,,0
1289,,210112,0,1743,23698,98,118,0,33554653,0x020000DD,scenery,generic,00000222.pro,-1,,0
1290,,210200,0,1744,23699,99,118,0,50332270,0x0300026E,wall,,00000622.pro,-1,,0
1291,,210288,0,1745,23701,101,118,0,50332270,0x0300026E,wall,,00000622.pro,-1,,0
1292,,210376,0,1746,23703,103,118,0,50332270,0x0300026E,wall,,00000622.pro,-1,,0
1293,,210464,0,1747,23704,104,118,0,50332821,0x03000495,wall,,00001173.pro,-1,,0
1294,,210552,0,1748,23709,109,118,3,16777258,0x0100002A,critter,,00000042.pro,67108886,Child.int,0
1295,,210680,0,1750,23728,128,118,0,50332246,0x03000256,wall,,00000598.pro,-1,,0
1296,,210768,0,1751,23734,134,118,0,83886092,0x0500000C,misc,,00000012.pro,-1,,0
1297,,210856,0,1752,23735,135,118,0,83886092,0x0500000C,misc,,00000012.pro,-1,,0
1298,,210944,0,1753,23736,136,118,0,83886092,0x0500000C,misc,,00000012.pro,-1,,0
1299,,211032,0,1754,23737,137,118,0,83886092,0x0500000C,misc,,00000012.pro,-1,,0
1300,,211120,0,1755,23740,140,118,0,50332243,0x03000253,wall,,00000595.pro,-1,,0
1301,,211208,0,1756,23748,148,118,0,50332156,0x030001FC,wall,,00000508.pro,-1,,0
1302,,211296,0,1759,23876,76,119,0,50332242,0x03000252,wall,,00000594.pro,-1,,0
1303,,211384,0,1761,23877,77,119,0,83886092,0x0500000C,misc,,00000012.pro,-1,,0
1304,,211472,0,1762,23878,78,119,0,33554499,0x02000043,scenery,generic,00000068.pro,-1,,0
1305,,211560,0,1763,23879,79,119,0,33554499,0x02000043,scenery,generic,00000068.pro,-1,,0
1306,,211648,0,1764,23881,81,119,0,33554734,0x0200012E,scenery,generic,00000303.pro,-1,,0
1307,,211736,0,1765,23882,82,119,0,33554499,0x02000043,scenery,generic,00000068.pro,-1,,0
1308,,211824,0,1766,23886,86,119,0,33554499,0x02000043,scenery,generic,00000068.pro,-1,,0
1309,,211912,0,1767,23887,87,119,0,33554654,0x020000DE,scenery,generic,00000223.pro,-1,,0
1310,,212000,0,1768,23888,88,119,0,33554499,0x02000043,scenery,generic,00000068.pro,-1,,0
1311,,212088,0,1771,23892,92,119,0,50332242,0x03000252,wall,,00000594.pro,-1,,0
1312,,212176,0,1772,23896,96,119,0,33554499,0x02000043,scenery,generic,00000068.pro,-1,,0
1313,,212264,0,1773,23899,99,119,0,33554499,0x02000043,scenery,generic,00000068.pro,-1,,0
1314,,212352,0,1774,23904,104,119,0,50332155,0x030001FB,wall,,00000507.pro,-1,,0
1315,,212440,0,1777,23928,128,119,0,50332144,0x030001F0,wall,,00000496.pro,-1,,0
1316,,212528,0,1778,23932,132,119,0,83886092,0x0500000C,misc,,00000012.pro,-1,,0
1317,,212616,0,1779,23933,133,119,0,83886092,0x0500000C,misc,,00000012.pro,-1,,0
1318,,212704,0,1780,23934,134,119,0,83886092,0x0500000C,misc,,00000012.pro,-1,,0
1319,,212792,0,1781,23935,135,119,0,83886092,0x0500000C,misc,,00000012.pro,-1,,0
1320,,212880,0,1782,23940,140,119,0,50332246,0x03000256,wall,,00000598.pro,-1,,0
1321,,212968,0,1783,23948,148,119,0,50332157,0x030001FD,wall,,00000509.pro,-1,,0
1322,,213056,0,1785,24076,76,120,0,50332246,0x03000256,wall,,00000598.pro,-1,,0
1323,,213144,0,1787,24077,77,120,0,83886092,0x0500000C,misc,,00000012.pro,-1,,0
1324,,213232,0,1788,24078,78,120,0,83886092,0x0500000C,misc,,00000012.pro,-1,,0
1325,,213320,0,1789,24078,78,120,0,33554499,0x02000043,scenery,generic,00000068.pro,-1,,0
1326,,213408,0,1790,24086,86,120,0,33554655,0x020000DF,scenery,generic,00000224.pro,-1,,0
1327,,213496,0,1791,24087,87,120,0,33554499,0x02000043,scenery,generic,00000068.pro,-1,,0
1328,,213584,0,1794,24092,92,120,0,50332243,0x03000253,wall,,00000595.pro,-1,,0
1329,,213672,0,1795,24093,93,120,0,33554499,0x02000043,scenery,generic,00000068.pro,-1,,0
1330,,213760,0,1796,24094,94,120,0,33554499,0x02000043,scenery,generic,00000068.pro,-1,,0
1331,,213848,0,1797,24095,95,120,0,33554499,0x02000043,scenery,generic,00000068.pro,-1,,0
1332,,213936,0,1798,24104,104,120,0,50332156,0x030001FC,wall,,00000508.pro,-1,,0
1333,,214024,0,1800,24123,123,120,3,16777258,0x0100002A,critter,,00000042.pro,67108892,Child.int,0
1334,,214152,0,1801,24128,128,120,0,33554693,0x02000105,scenery,door,00000262.pro,50331677,WoodDoor.int,0
1335,,214244,0,1802,24130,130,120,0,83886092,0x0500000C,misc,,00000012.pro,-1,,0
1336,,214332,0,1803,24131,131,120,0,83886092,0x0500000C,misc,,00000012.pro,-1,,0
1337,,214420,0,1804,24132,132,120,0,83886092,0x0500000C,misc,,00000012.pro,-1,,0
1338,,214508,0,1805,24133,133,120,0,83886092,0x0500000C,misc,,00000012.pro,-1,,0
1339,,214596,0,1806,24140,140,120,0,50332249,0x03000259,wall,,00000601.pro,-1,,0
1340,,214684,0,1807,24148,148,120,0,50332289,0x03000281,wall,,00000641.pro,-1,,0
1341,,214772,0,1808,24152,152,120,0,33554696,0x02000108,scenery,generic,00000265.pro,-1,,0
1342,,214860,0,1810,24276,76,121,0,50332249,0x03000259,wall,,00000601.pro,-1,,0
1343,,214948,0,1813,24278,78,121,0,83886092,0x0500000C,misc,,00000012.pro,-1,,0
1344,,215036,0,1815,24279,79,121,0,33554645,0x020000D5,scenery,generic,00000214.pro,-1,,0
1345,,215124,0,1816,24285,85,121,0,33554499,0x02000043,scenery,generic,00000068.pro,-1,,0
1346,,215212,0,1817,24286,86,121,0,33554499,0x02000043,scenery,generic,00000068.pro,-1,,0
1347,,215300,0,1822,24292,92,121,0,50332247,0x03000257,wall,,00000599.pro,-1,,0
1348,,215388,0,1823,24304,104,121,0,50332157,0x030001FD,wall,,00000509.pro,-1,,0
1349,,215476,0,1825,24328,128,121,0,83886092,0x0500000C,misc,,00000012.pro,-1,,0
1350,,215564,0,1826,24328,128,121,0,50332143,0x030001EF,wall,,00000495.pro,-1,,0
1351,,215652,0,1827,24329,129,121,0,83886092,0x0500000C,misc,,00000012.pro,-1,,0
1352,,215740,0,1828,24330,130,121,0,83886092,0x0500000C,misc,,00000012.pro,-1,,0
1353,,215828,0,1829,24331,131,121,0,83886092,0x0500000C,misc,,00000012.pro,-1,,0
1354,,215916,0,1830,24340,140,121,0,50332246,0x03000256,wall,,00000598.pro,-1,,0
1355,,216004,0,1831,24348,148,121,0,50332159,0x030001FF,wall,,00000511.pro,-1,,0
1356,,216092,0,1832,24352,152,121,0,33554499,0x02000043,scenery,generic,00000068.pro,-1,,0
1357,,216180,0,1835,24476,76,122,0,50332290,0x03000282,wall,,00000642.pro,-1,,0
1358,,216268,0,1837,24477,77,122,0,33554499,0x02000043,scenery,generic,00000068.pro,-1,,0
1359,,216356,0,1838,24478,78,122,0,33554499,0x02000043,scenery,generic,00000068.pro,-1,,0
1360,,216444,0,1840,24479,79,122,0,83886092,0x0500000C,misc,,00000012.pro,-1,,0
1361,,216532,0,1841,24479,79,122,0,33554499,0x02000043,scenery,generic,00000068.pro,-1,,0
1362,,216620,0,1845,24492,92,122,0,33554765,0x0200014D,scenery,door,00000334.pro,50331665,WoodDoor.int,0
1363,,216712,0,1846,24504,104,122,0,50332288,0x03000280,wall,,00000640.pro,-1,,0
1364,,216800,0,1849,24526,126,122,0,83886092,0x0500000C,misc,,00000012.pro,-1,,0
1365,,216888,0,1850,24526,126,122,0,83886092,0x0500000C,misc,,00000012.pro,-1,,0
1366,,216976,0,1851,24527,127,122,0,83886092,0x0500000C,misc,,00000012.pro,-1,,0
1367,,217064,0,1852,24528,128,122,0,83886092,0x0500000C,misc,,00000012.pro,-1,,0
1368,,217152,0,1853,24528,128,122,0,50332243,0x03000253,wall,,00000595.pro,-1,,0
1369,,217240,0,1854,24529,129,122,0,83886092,0x0500000C,misc,,00000012.pro,-1,,0
1370,,217328,0,1855,24540,140,122,0,50332243,0x03000253,wall,,00000595.pro,-1,,0
1371,,217416,0,1856,24546,146,122,0,33554776,0x02000158,scenery,generic,00000345.pro,-1,,0
1372,,217504,0,1857,24547,147,122,0,33554776,0x02000158,scenery,generic,00000345.pro,-1,,0
1373,,217592,0,1858,24548,148,122,0,50332156,0x030001FC,wall,,00000508.pro,-1,,0
1374,,217680,0,1859,24552,152,122,0,33554499,0x02000043,scenery,generic,00000068.pro,-1,,0
1375,,217768,0,1861,24676,76,123,0,50332242,0x03000252,wall,,00000594.pro,-1,,0
1376,,217856,0,1864,24679,79,123,0,83886092,0x0500000C,misc,,00000012.pro,-1,,0
1377,,217944,0,1865,24680,80,123,0,83886092,0x0500000C,misc,,00000012.pro,-1,,0
1378,,218032,0,1869,24692,92,123,0,50332248,0x03000258,wall,,00000600.pro,-1,,0
1379,,218120,0,1870,24704,104,123,0,50332159,0x030001FF,wall,,00000511.pro,-1,,0
1380,,218208,0,1872,24724,124,123,0,83886092,0x0500000C,misc,,00000012.pro,-1,,0
1381,,218296,0,1873,24725,125,123,0,83886092,0x0500000C,misc,,00000012.pro,-1,,0
1382,,218384,0,1874,24726,126,123,0,83886092,0x0500000C,misc,,00000012.pro,-1,,0
1383,,218472,0,1875,24727,127,123,0,83886092,0x0500000C,misc,,00000012.pro,-1,,0
1384,,218560,0,1876,24728,128,123,0,50332185,0x03000219,wall,,00000537.pro,-1,,0
1385,,218648,0,1877,24729,129,123,0,50332150,0x030001F6,wall,,00000502.pro,-1,,0
1386,,218736,0,1878,24730,130,123,0,50332151,0x030001F7,wall,,00000503.pro,-1,,0
1387,,218824,0,1879,24731,131,123,0,50332138,0x030001EA,wall,,00000490.pro,-1,,0
1388,,218912,0,1880,24732,132,123,0,33554690,0x02000102,scenery,door,00000259.pro,50331676,WoodDoor.int,0
1389,,219004,0,1881,24733,133,123,0,50332137,0x030001E9,wall,,00000489.pro,-1,,0
1390,,219092,0,1882,24734,134,123,0,50332147,0x030001F3,wall,,00000499.pro,-1,,0
1391,,219180,0,1883,24735,135,123,0,50332153,0x030001F9,wall,,00000505.pro,-1,,0
1392,,219268,0,1884,24736,136,123,0,50332287,0x0300027F,wall,,00000639.pro,-1,,0
1393,,219356,0,1885,24737,137,123,0,50332150,0x030001F6,wall,,00000502.pro,-1,,0
1394,,219444,0,1886,24738,138,123,0,50332147,0x030001F3,wall,,00000499.pro,-1,,0
1395,,219532,0,1887,24739,139,123,0,50332153,0x030001F9,wall,,00000505.pro,-1,,0
1396,,219620,0,1888,24740,140,123,0,50332256,0x03000260,wall,,00000608.pro,-1,,0
1397,,219708,0,1889,24740,140,123,0,50332151,0x030001F7,wall,,00000503.pro,-1,,0
1398,,219796,0,1890,24741,141,123,0,50332150,0x030001F6,wall,,00000502.pro,-1,,0
1399,,219884,0,1891,24742,142,123,0,50332147,0x030001F3,wall,,00000499.pro,-1,,0
1400,,219972,0,1892,24743,143,123,0,50332153,0x030001F9,wall,,00000505.pro,-1,,0
1401,,220060,0,1893,24744,144,123,0,50332286,0x0300027E,wall,,00000638.pro,-1,,0
1402,,220148,0,1894,24745,145,123,0,50332150,0x030001F6,wall,,00000502.pro,-1,,0
1403,,220236,0,1895,24746,146,123,0,50332151,0x030001F7,wall,,00000503.pro,-1,,0
1404,,220324,0,1896,24747,147,123,0,50332183,0x03000217,wall,,00000535.pro,-1,,0
1405,,220412,0,1897,24748,148,123,0,50332182,0x03000216,wall,,00000534.pro,-1,,0
1406,,220500,0,1899,24876,76,124,0,50332246,0x03000256,wall,,00000598.pro,-1,,0
1407,,220588,0,1901,24880,80,124,0,83886092,0x0500000C,misc,,00000012.pro,-1,,0
1408,,220676,0,1904,24892,92,124,0,50332242,0x03000252,wall,,00000594.pro,-1,,0
1409,,220764,0,1905,24904,104,124,0,50332155,0x030001FB,wall,,00000507.pro,-1,,0
1410,,220852,0,1907,24922,122,124,0,83886092,0x0500000C,misc,,00000012.pro,-1,,0
1411,,220940,0,1908,24923,123,124,0,83886092,0x0500000C,misc,,00000012.pro,-1,,0
1412,,221028,0,1909,24924,124,124,0,83886092,0x0500000C,misc,,00000012.pro,-1,,0
1413,,221116,0,1910,24925,125,124,0,83886092,0x0500000C,misc,,00000012.pro,-1,,0
1414,,221204,0,1911,24929,129,124,0,50332270,0x0300026E,wall,,00000622.pro,-1,,0
1415,,221292,0,1912,24931,131,124,0,50332270,0x0300026E,wall,,00000622.pro,-1,,0
1416,,221380,0,1913,24935,135,124,0,50332270,0x0300026E,wall,,00000622.pro,-1,,0
1417,,221468,0,1914,24937,137,124,0,50332270,0x0300026E,wall,,00000622.pro,-1,,0
1418,,221556,0,1915,24938,138,124,0,33554706,0x02000112,scenery,generic,00000275.pro,-1,,0
1419,,221644,0,1916,24939,139,124,0,50332270,0x0300026E,wall,,00000622.pro,-1,,0
1420,,221732,0,1917,24940,140,124,0,33554686,0x020000FE,scenery,generic,00000255.pro,-1,,0
1421,,221820,0,1918,24941,141,124,0,50332270,0x0300026E,wall,,00000622.pro,-1,,0
1422,,221908,0,1919,24943,143,124,0,50332270,0x0300026E,wall,,00000622.pro,-1,,0
1423,,221996,0,1920,24945,145,124,0,50332270,0x0300026E,wall,,00000622.pro,-1,,0
1424,,222084,0,1921,24947,147,124,0,50332270,0x0300026E,wall,,00000622.pro,-1,,0
1425,,222172,0,1924,25076,76,125,0,50332243,0x03000253,wall,,00000595.pro,-1,,0
1426,,222260,0,1926,25081,81,125,0,83886092,0x0500000C,misc,,00000012.pro,-1,,0
1427,,222348,0,1929,25092,92,125,0,50332243,0x03000253,wall,,00000595.pro,-1,,0
1428,,222436,0,1930,25104,104,125,0,50332157,0x030001FD,wall,,00000509.pro,-1,,0
1429,,222524,0,1932,25116,116,125,0,33554724,0x02000124,scenery,generic,00000293.pro,-1,,0
1430,,222612,0,1934,25118,118,125,0,33554573,0x0200008D,scenery,generic,00000142.pro,-1,,0
1431,,222700,0,1935,25120,120,125,0,83886092,0x0500000C,misc,,00000012.pro,-1,,0
1432,,222788,0,1936,25121,121,125,0,83886092,0x0500000C,misc,,00000012.pro,-1,,0
1433,,222876,0,1937,25122,122,125,0,83886092,0x0500000C,misc,,00000012.pro,-1,,0
1434,,222964,0,1938,25123,123,125,0,83886092,0x0500000C,misc,,00000012.pro,-1,,0
1435,,223052,0,1939,25131,131,125,2,16777302,0x01000056,critter,,00000086.pro,67108878,Slappy.int,0
1436,,223180,0,1940,25141,141,125,0,33554499,0x02000043,scenery,generic,00000068.pro,-1,,0
1437,,223268,0,1942,25276,76,126,0,50332291,0x03000283,wall,,00000643.pro,-1,,0
1438,,223356,0,1944,25281,81,126,0,83886092,0x0500000C,misc,,00000012.pro,-1,,0
1439,,223444,0,1945,25282,82,126,0,83886092,0x0500000C,misc,,00000012.pro,-1,,0
1440,,223532,0,1948,25292,92,126,0,50332246,0x03000256,wall,,00000598.pro,-1,,0
1441,,223620,0,1949,25304,104,126,0,50332289,0x03000281,wall,,00000641.pro,-1,,0
1442,,223708,0,1951,25318,118,126,0,83886092,0x0500000C,misc,,00000012.pro,-1,,0
1443,,223796,0,1952,25319,119,126,0,83886092,0x0500000C,misc,,00000012.pro,-1,,0
1444,,223884,0,1953,25320,120,126,0,83886092,0x0500000C,misc,,00000012.pro,-1,,0
1445,,223972,0,1954,25321,121,126,0,83886092,0x0500000C,misc,,00000012.pro,-1,,0
1446,,224060,0,1956,25476,76,127,0,50332243,0x03000253,wall,,00000595.pro,-1,,0
1447,,224148,0,1958,25482,82,127,0,83886092,0x0500000C,misc,,00000012.pro,-1,,0
1448,,224236,0,1961,25492,92,127,0,50332249,0x03000259,wall,,00000601.pro,-1,,0
1449,,224324,0,1962,25504,104,127,0,50332156,0x030001FC,wall,,00000508.pro,-1,,0
1450,,224412,0,1963,25516,116,127,0,83886092,0x0500000C,misc,,00000012.pro,-1,,0
1451,,224500,0,1964,25517,117,127,0,83886092,0x0500000C,misc,,00000012.pro,-1,,0
1452,,224588,0,1966,25518,118,127,0,83886092,0x0500000C,misc,,00000012.pro,-1,,0
1453,,224676,0,1967,25519,119,127,0,83886092,0x0500000C,misc,,00000012.pro,-1,,0
1454,,224764,0,1970,25676,76,128,0,50332249,0x03000259,wall,,00000601.pro,-1,,0
1455,,224852,0,1972,25683,83,128,0,83886092,0x0500000C,misc,,00000012.pro,-1,,0
1456,,224940,0,1975,25692,92,128,0,50332243,0x03000253,wall,,00000595.pro,-1,,0
1457,,225028,0,1976,25702,102,128,0,33554776,0x02000158,scenery,generic,00000345.pro,-1,,0
1458,,225116,0,1977,25703,103,128,0,33554776,0x02000158,scenery,generic,00000345.pro,-1,,0
1459,,225204,0,1978,25704,104,128,0,50332155,0x030001FB,wall,,00000507.pro,-1,,0
1460,,225292,0,1979,25714,114,128,0,83886092,0x0500000C,misc,,00000012.pro,-1,,0
1461,,225380,0,1980,25715,115,128,0,83886092,0x0500000C,misc,,00000012.pro,-1,,0
1462,,225468,0,1981,25716,116,128,0,83886092,0x0500000C,misc,,00000012.pro,-1,,0
1463,,225556,0,1982,25717,117,128,0,83886092,0x0500000C,misc,,00000012.pro,-1,,0
1464,,225644,0,1986,25875,75,129,0,50332270,0x0300026E,wall,,00000622.pro,-1,,0
1465,,225732,0,1987,25876,76,129,0,50332820,0x03000494,wall,,00001172.pro,-1,,0
1466,,225820,0,1989,25877,77,129,0,50332153,0x030001F9,wall,,00000505.pro,-1,,0
1467,,225908,0,1991,25878,78,129,0,50332151,0x030001F7,wall,,00000503.pro,-1,,0
1468,,225996,0,1993,25879,79,129,0,50332150,0x030001F6,wall,,00000502.pro,-1,,0
1469,,226084,0,1995,25880,80,129,0,50332286,0x0300027E,wall,,00000638.pro,-1,,0
1470,,226172,0,1997,25881,81,129,0,50332153,0x030001F9,wall,,00000505.pro,-1,,0
1471,,226260,0,1999,25882,82,129,0,50332147,0x030001F3,wall,,00000499.pro,-1,,0
1472,,226348,0,2001,25883,83,129,0,83886092,0x0500000C,misc,,00000012.pro,-1,,0
1473,,226436,0,2002,25883,83,129,0,50332150,0x030001F6,wall,,00000502.pro,-1,,0
1474,,226524,0,2004,25884,84,129,0,83886092,0x0500000C,misc,,00000012.pro,-1,,0
1475,,226612,0,2005,25884,84,129,0,50332287,0x0300027F,wall,,00000639.pro,-1,,0
1476,,226700,0,2007,25885,85,129,0,50332153,0x030001F9,wall,,00000505.pro,-1,,0
1477,,226788,0,2009,25886,86,129,0,50332151,0x030001F7,wall,,00000503.pro,-1,,0
1478,,226876,0,2011,25887,87,129,0,50332150,0x030001F6,wall,,00000502.pro,-1,,0
1479,,226964,0,2013,25888,88,129,0,50332286,0x0300027E,wall,,00000638.pro,-1,,0
1480,,227052,0,2015,25889,89,129,0,50332153,0x030001F9,wall,,00000505.pro,-1,,0
1481,,227140,0,2017,25890,90,129,0,50332147,0x030001F3,wall,,00000499.pro,-1,,0
1482,,227228,0,2019,25891,91,129,0,50332150,0x030001F6,wall,,00000502.pro,-1,,0
1483,,227316,0,2021,25892,92,129,0,50332256,0x03000260,wall,,00000608.pro,-1,,0
1484,,227404,0,2022,25892,92,129,0,50332151,0x030001F7,wall,,00000503.pro,-1,,0
1485,,227492,0,2024,25893,93,129,0,50332153,0x030001F9,wall,,00000505.pro,-1,,0
1486,,227580,0,2026,25894,94,129,0,50332147,0x030001F3,wall,,00000499.pro,-1,,0
1487,,227668,0,2028,25895,95,129,0,50332150,0x030001F6,wall,,00000502.pro,-1,,0
1488,,227756,0,2030,25896,96,129,0,50332287,0x0300027F,wall,,00000639.pro,-1,,0
1489,,227844,0,2032,25897,97,129,0,50332138,0x030001EA,wall,,00000490.pro,-1,,0
1490,,227932,0,2034,25898,98,129,0,33554690,0x02000102,scenery,door,00000259.pro,50331675,WoodDoor.int,0
1491,,228024,0,2035,25899,99,129,0,50332137,0x030001E9,wall,,00000489.pro,-1,,0
1492,,228112,0,2036,25900,100,129,0,50332286,0x0300027E,wall,,00000638.pro,-1,,0
1493,,228200,0,2037,25901,101,129,0,50332150,0x030001F6,wall,,00000502.pro,-1,,0
1494,,228288,0,2038,25902,102,129,0,50332147,0x030001F3,wall,,00000499.pro,-1,,0
1495,,228376,0,2039,25903,103,129,0,50332819,0x03000493,wall,,00001171.pro,-1,,0
1496,,228464,0,2040,25904,104,129,0,50332818,0x03000492,wall,,00001170.pro,-1,,0
1497,,228552,0,2041,25912,112,129,0,83886092,0x0500000C,misc,,00000012.pro,-1,,0
1498,,228640,0,2042,25913,113,129,0,83886092,0x0500000C,misc,,00000012.pro,-1,,0
1499,,228728,0,2043,25914,114,129,0,83886092,0x0500000C,misc,,00000012.pro,-1,,0
1500,,228816,0,2044,25915,115,129,0,83886092,0x0500000C,misc,,00000012.pro,-1,,0
1501,,228904,0,2047,26075,75,130,0,50332270,0x0300026E,wall,,00000622.pro,-1,,0
1502,,228992,0,2048,26076,76,130,0,50332270,0x0300026E,wall,,00000622.pro,-1,,0
1503,,229080,0,2050,26077,77,130,0,50332270,0x0300026E,wall,,00000622.pro,-1,,0
1504,,229168,0,2052,26079,79,130,0,50332270,0x0300026E,wall,,00000622.pro,-1,,0
1505,,229256,0,2054,26081,81,130,0,50332270,0x0300026E,wall,,00000622.pro,-1,,0
1506,,229344,0,2056,26083,83,130,0,50332270,0x0300026E,wall,,00000622.pro,-1,,0
1507,,229432,0,2058,26084,84,130,0,83886092,0x0500000C,misc,,00000012.pro,-1,,0
1508,,229520,0,2059,26085,85,130,0,50332270,0x0300026E,wall,,00000622.pro,-1,,0
1509,,229608,0,2061,26087,87,130,0,50332270,0x0300026E,wall,,00000622.pro,-1,,0
1510,,229696,0,2065,26089,89,130,0,50332270,0x0300026E,wall,,00000622.pro,-1,,0
1511,,229784,0,2067,26090,90,130,0,33554499,0x02000043,scenery,generic,00000068.pro,-1,,0
1512,,229872,0,2069,26091,91,130,0,50332270,0x0300026E,wall,,00000622.pro,-1,,0
1513,,229960,0,2070,26091,91,130,0,33554685,0x020000FD,scenery,generic,00000254.pro,-1,,0
1514,,230048,0,2072,26093,93,130,0,50332270,0x0300026E,wall,,00000622.pro,-1,,0
1515,,230136,0,2074,26095,95,130,0,50332270,0x0300026E,wall,,00000622.pro,-1,,0
1516,,230224,0,2077,26097,97,130,0,50332270,0x0300026E,wall,,00000622.pro,-1,,0
1517,,230312,0,2079,26101,101,130,0,50332270,0x0300026E,wall,,00000622.pro,-1,,0
1518,,230400,0,2080,26102,102,130,0,33554653,0x020000DD,scenery,generic,00000222.pro,-1,,0
1519,,230488,0,2081,26103,103,130,0,50332270,0x0300026E,wall,,00000622.pro,-1,,0
1520,,230576,0,2082,26104,104,130,0,50332270,0x0300026E,wall,,00000622.pro,-1,,0
1521,,230664,0,2083,26110,110,130,0,83886092,0x0500000C,misc,,00000012.pro,-1,,0
1522,,230752,0,2084,26111,111,130,0,83886092,0x0500000C,misc,,00000012.pro,-1,,0
1523,,230840,0,2085,26112,112,130,0,83886092,0x0500000C,misc,,00000012.pro,-1,,0
1524,,230928,0,2086,26113,113,130,0,83886092,0x0500000C,misc,,00000012.pro,-1,,0
1525,,231016,0,2093,26285,85,131,0,83886092,0x0500000C,misc,,00000012.pro,-1,,0
1526,,231104,0,2103,26288,88,131,0,33554726,0x02000126,scenery,generic,00000295.pro,-1,,0
1527,,231192,0,2105,26290,90,131,0,33554499,0x02000043,scenery,generic,00000068.pro,-1,,0
1528,,231280,0,2106,26291,91,131,0,33554499,0x02000043,scenery,generic,00000068.pro,-1,,0
1529,,231368,0,2107,26292,92,131,0,33554499,0x02000043,scenery,generic,00000068.pro,-1,,0
1530,,231456,0,2108,26293,93,131,0,33554499,0x02000043,scenery,generic,00000068.pro,-1,,0
1531,,231544,0,2111,26303,103,131,0,33554499,0x02000043,scenery,generic,00000068.pro,-1,,0
1532,,231632,0,2112,26308,108,131,0,83886092,0x0500000C,misc,,00000012.pro,-1,,0
1533,,231720,0,2113,26309,109,131,0,83886092,0x0500000C,misc,,00000012.pro,-1,,0
1534,,231808,0,2114,26310,110,131,0,83886092,0x0500000C,misc,,00000012.pro,-1,,0
1535,,231896,0,2115,26311,111,131,0,83886092,0x0500000C,misc,,00000012.pro,-1,,0
1536,,231984,0,2125,26485,85,132,0,83886092,0x0500000C,misc,,00000012.pro,-1,,0
1537,,232072,0,2126,26486,86,132,0,83886092,0x0500000C,misc,,00000012.pro,-1,,0
1538,,232160,0,2130,26506,106,132,0,83886092,0x0500000C,misc,,00000012.pro,-1,,0
1539,,232248,0,2131,26507,107,132,0,83886092,0x0500000C,misc,,00000012.pro,-1,,0
1540,,232336,0,2132,26508,108,132,0,83886092,0x0500000C,misc,,00000012.pro,-1,,0
1541,,232424,0,2133,26509,109,132,0,83886092,0x0500000C,misc,,00000012.pro,-1,,0
1542,,232512,0,2141,26686,86,133,0,83886092,0x0500000C,misc,,00000012.pro,-1,,0
1543,,232600,0,2142,26688,88,133,0,33554573,0x0200008D,scenery,generic,00000142.pro,-1,,0
1544,,232688,0,2145,26704,104,133,0,83886092,0x0500000C,misc,,00000012.pro,-1,,0
1545,,232776,0,2146,26705,105,133,0,83886092,0x0500000C,misc,,00000012.pro,-1,,0
1546,,232864,0,2147,26706,106,133,0,83886092,0x0500000C,misc,,00000012.pro,-1,,0
1547,,232952,0,2148,26707,107,133,0,83886092,0x0500000C,misc,,00000012.pro,-1,,0
1548,,233040,0,2158,26887,87,134,0,83886092,0x0500000C,misc,,00000012.pro,-1,,0
1549,,233128,0,2162,26902,102,134,0,83886092,0x0500000C,misc,,00000012.pro,-1,,0
1550,,233216,0,2163,26903,103,134,0,83886092,0x0500000C,misc,,00000012.pro,-1,,0
1551,,233304,0,2164,26904,104,134,0,83886092,0x0500000C,misc,,00000012.pro,-1,,0
1552,,233392,0,2165,26905,105,134,0,83886092,0x0500000C,misc,,00000012.pro,-1,,0
1553,,233480,0,2177,27087,87,135,0,83886092,0x0500000C,misc,,00000012.pro,-1,,0
1554,,233568,0,2179,27088,88,135,0,83886092,0x0500000C,misc,,00000012.pro,-1,,0
1555,,233656,0,2185,27100,100,135,0,83886092,0x0500000C,misc,,00000012.pro,-1,,0
1556,,233744,0,2186,27101,101,135,0,83886092,0x0500000C,misc,,00000012.pro,-1,,0
1557,,233832,0,2187,27102,102,135,0,83886092,0x0500000C,misc,,00000012.pro,-1,,0
1558,,233920,0,2188,27103,103,135,0,83886092,0x0500000C,misc,,00000012.pro,-1,,0
1559,,234008,0,2199,27288,88,136,0,83886092,0x0500000C,misc,,00000012.pro,-1,,0
1560,,234096,0,2205,27298,98,136,0,83886092,0x0500000C,misc,,00000012.pro,-1,,0
1561,,234184,0,2206,27299,99,136,0,83886092,0x0500000C,misc,,00000012.pro,-1,,0
1562,,234272,0,2207,27300,100,136,0,83886092,0x0500000C,misc,,00000012.pro,-1,,0
1563,,234360,0,2208,27301,101,136,0,83886092,0x0500000C,misc,,00000012.pro,-1,,0
1564,,234448,0,2209,27310,110,136,0,33554499,0x02000043,scenery,generic,00000068.pro,-1,,0
1565,,234536,0,2221,27489,89,137,0,83886092,0x0500000C,misc,,00000012.pro,-1,,0
1566,,234624,0,2223,27496,96,137,0,83886092,0x0500000C,misc,,00000012.pro,-1,,0
1567,,234712,0,2225,27497,97,137,0,83886092,0x0500000C,misc,,00000012.pro,-1,,0
1568,,234800,0,2227,27498,98,137,0,83886092,0x0500000C,misc,,00000012.pro,-1,,0
1569,,234888,0,2228,27499,99,137,0,83886092,0x0500000C,misc,,00000012.pro,-1,,0
1570,,234976,0,2229,27510,110,137,0,33554499,0x02000043,scenery,generic,00000068.pro,-1,,0
1571,,235064,0,2230,27511,111,137,0,33554499,0x02000043,scenery,generic,00000068.pro,-1,,0
1572,,235152,0,2231,27512,112,137,0,33554499,0x02000043,scenery,generic,00000068.pro,-1,,0
1573,,235240,0,2239,27689,89,138,0,83886092,0x0500000C,misc,,00000012.pro,-1,,0
1574,,235328,0,2240,27690,90,138,0,83886092,0x0500000C,misc,,00000012.pro,-1,,0
1575,,235416,0,2241,27694,94,138,0,83886092,0x0500000C,misc,,00000012.pro,-1,,0
1576,,235504,0,2242,27695,95,138,0,83886092,0x0500000C,misc,,00000012.pro,-1,,0
1577,,235592,0,2243,27696,96,138,0,83886092,0x0500000C,misc,,00000012.pro,-1,,0
1578,,235680,0,2245,27697,97,138,0,83886092,0x0500000C,misc,,00000012.pro,-1,,0
1579,,235768,0,2247,27709,109,138,0,33554499,0x02000043,scenery,generic,00000068.pro,-1,,0
1580,,235856,0,2248,27710,110,138,0,33554660,0x020000E4,scenery,generic,00000229.pro,-1,,0
1581,,235944,0,2249,27712,112,138,0,33554499,0x02000043,scenery,generic,00000068.pro,-1,,0
1582,,236032,0,2256,27890,90,139,0,83886092,0x0500000C,misc,,00000012.pro,-1,,0
1583,,236120,0,2257,27892,92,139,0,83886092,0x0500000C,misc,,00000012.pro,-1,,0
1584,,236208,0,2258,27893,93,139,0,83886092,0x0500000C,misc,,00000012.pro,-1,,0
1585,,236296,0,2259,27894,94,139,0,83886092,0x0500000C,misc,,00000012.pro,-1,,0
1586,,236384,0,2260,27895,95,139,0,83886092,0x0500000C,misc,,00000012.pro,-1,,0
1587,,236472,0,2263,27906,106,139,0,33554573,0x0200008D,scenery,generic,00000142.pro,-1,,0
1588,,236560,0,2264,27909,109,139,0,33554499,0x02000043,scenery,generic,00000068.pro,-1,,0
1589,,236648,0,2265,27912,112,139,0,33554499,0x02000043,scenery,generic,00000068.pro,-1,,0
1590,,236736,0,2273,28091,91,140,0,83886092,0x0500000C,misc,,00000012.pro,-1,,0
1591,,236824,0,2274,28092,92,140,0,83886092,0x0500000C,misc,,00000012.pro,-1,,0
1592,,236912,0,2275,28093,93,140,0,83886092,0x0500000C,misc,,00000012.pro,-1,,0
1593,,237000,0,2278,28109,109,140,0,33554499,0x02000043,scenery,generic,00000068.pro,-1,,0
1594,,237088,0,2279,28112,112,140,0,33554499,0x02000043,scenery,generic,00000068.pro,-1,,0
1595,,237176,0,2299,28291,91,141,0,83886092,0x0500000C,misc,,00000012.pro,-1,,0
1596,,237264,0,2307,28306,106,141,0,33554723,0x02000123,scenery,generic,00000292.pro,-1,,0
1597,,237352,0,2308,28309,109,141,0,33554499,0x02000043,scenery,generic,00000068.pro,-1,,0
1598,,237440,0,2309,28310,110,141,0,33554499,0x02000043,scenery,generic,00000068.pro,-1,,0
1599,,237528,0,2311,28311,111,141,0,33554499,0x02000043,scenery,generic,00000068.pro,-1,,0
1600,,237616,0,2335,28511,111,142,0,33554499,0x02000043,scenery,generic,00000068.pro,-1,,0
1601,,237704,0,2343,28686,86,143,0,50332280,0x03000278,wall,,00000632.pro,-1,,0
1602,,237792,0,2344,28687,87,143,0,50332236,0x0300024C,wall,,00000588.pro,-1,,0
1603,,237880,0,2346,28688,88,143,0,50332237,0x0300024D,wall,,00000589.pro,-1,,0
1604,,237968,0,2347,28689,89,143,0,50332236,0x0300024C,wall,,00000588.pro,-1,,0
1605,,238056,0,2348,28690,90,143,0,50332257,0x03000261,wall,,00000609.pro,-1,,0
1606,,238144,0,2349,28691,91,143,0,50332142,0x030001EE,wall,,00000494.pro,-1,,0
1607,,238232,0,2350,28693,93,143,0,50332141,0x030001ED,wall,,00000493.pro,-1,,0
1608,,238320,0,2351,28694,94,143,0,50332215,0x03000237,wall,,00000567.pro,-1,,0
1609,,238408,0,2352,28695,95,143,0,50332216,0x03000238,wall,,00000568.pro,-1,,0
1610,,238496,0,2353,28696,96,143,0,50332214,0x03000236,wall,,00000566.pro,-1,,0
1611,,238584,0,2355,28697,97,143,0,50332218,0x0300023A,wall,,00000570.pro,-1,,0
1612,,238672,0,2357,28698,98,143,0,50332279,0x03000277,wall,,00000631.pro,-1,,0
1613,,238760,0,2358,28699,99,143,0,50332270,0x0300026E,wall,,00000622.pro,-1,,0
1614,,238848,0,2369,28887,87,144,0,50332270,0x0300026E,wall,,00000622.pro,-1,,0
1615,,238936,0,2371,28889,89,144,0,50332270,0x0300026E,wall,,00000622.pro,-1,,0
1616,,239024,0,2377,28890,90,144,0,50332269,0x0300026D,wall,,00000621.pro,-1,,0
1617,,239112,0,2378,28891,91,144,0,50332270,0x0300026E,wall,,00000622.pro,-1,,0
1618,,239200,0,2379,28895,95,144,0,50332270,0x0300026E,wall,,00000622.pro,-1,,0
1619,,239288,0,2381,28897,97,144,0,50332270,0x0300026E,wall,,00000622.pro,-1,,0
1620,,239376,0,2383,28899,99,144,0,50332270,0x0300026E,wall,,00000622.pro,-1,,0
1621,,239464,0,2397,29090,90,145,0,50332242,0x03000252,wall,,00000594.pro,-1,,0
1622,,239552,0,2413,29290,90,146,0,50332222,0x0300023E,wall,,00000574.pro,-1,,0
1623,,239640,0,2422,29490,90,147,0,50332226,0x03000242,wall,,00000578.pro,-1,,0
1624,,239728,0,2432,29690,90,148,0,50332229,0x03000245,wall,,00000581.pro,-1,,0
1625,,239816,0,2455,29890,90,149,0,50332281,0x03000279,wall,,00000633.pro,-1,,0
1626,,239908,1,416,14882,82,74,0,83886092,0x0500000C,misc,,00000012.pro,-1,,0
1627,,239996,1,464,15080,80,75,0,83886092,0x0500000C,misc,,00000012.pro,-1,,0
1628,,240084,1,465,15081,81,75,0,83886092,0x0500000C,misc,,00000012.pro,-1,,0
1629,,240172,1,466,15082,82,75,0,83886092,0x0500000C,misc,,00000012.pro,-1,,0
1630,,240260,1,502,15278,78,76,0,83886092,0x0500000C,misc,,00000012.pro,-1,,0
1631,,240348,1,503,15279,79,76,0,83886092,0x0500000C,misc,,00000012.pro,-1,,0
1632,,240436,1,504,15280,80,76,0,83886092,0x0500000C,misc,,00000012.pro,-1,,0
1633,,240524,1,505,15281,81,76,0,83886092,0x0500000C,misc,,00000012.pro,-1,,0
1634,,240612,1,506,15283,83,76,0,83886092,0x0500000C,misc,,00000012.pro,-1,,0
1635,,240700,1,525,15476,76,77,0,83886092,0x0500000C,misc,,00000012.pro,-1,,0
1636,,240788,1,526,15477,77,77,0,83886092,0x0500000C,misc,,00000012.pro,-1,,0
1637,,240876,1,527,15478,78,77,0,83886092,0x0500000C,misc,,00000012.pro,-1,,0
1638,,240964,1,528,15479,79,77,0,83886092,0x0500000C,misc,,00000012.pro,-1,,0
1639,,241052,1,529,15483,83,77,0,83886092,0x0500000C,misc,,00000012.pro,-1,,0
1640,,241140,1,530,15484,84,77,0,83886092,0x0500000C,misc,,00000012.pro,-1,,0
1641,,241228,1,531,15484,84,77,0,83886092,0x0500000C,misc,,00000012.pro,-1,,0
1642,,241316,1,554,15674,74,78,0,83886092,0x0500000C,misc,,00000012.pro,-1,,0
1643,,241404,1,555,15675,75,78,0,83886092,0x0500000C,misc,,00000012.pro,-1,,0
1644,,241492,1,556,15676,76,78,0,83886092,0x0500000C,misc,,00000012.pro,-1,,0
1645,,241580,1,557,15677,77,78,0,83886092,0x0500000C,misc,,00000012.pro,-1,,0
1646,,241668,1,558,15684,84,78,0,83886092,0x0500000C,misc,,00000012.pro,-1,,0
1647,,241756,1,589,15872,72,79,0,83886092,0x0500000C,misc,,00000012.pro,-1,,0
1648,,241844,1,591,15873,73,79,0,83886092,0x0500000C,misc,,00000012.pro,-1,,0
1649,,241932,1,593,15874,74,79,0,83886092,0x0500000C,misc,,00000012.pro,-1,,0
1650,,242020,1,595,15875,75,79,0,83886092,0x0500000C,misc,,00000012.pro,-1,,0
1651,,242108,1,606,15885,85,79,0,83886092,0x0500000C,misc,,00000012.pro,-1,,0
1652,,242196,1,670,16070,70,80,0,83886092,0x0500000C,misc,,00000012.pro,-1,,0
1653,,242284,1,672,16071,71,80,0,83886092,0x0500000C,misc,,00000012.pro,-1,,0
1654,,242372,1,673,16072,72,80,0,83886092,0x0500000C,misc,,00000012.pro,-1,,0
1655,,242460,1,675,16073,73,80,0,83886092,0x0500000C,misc,,00000012.pro,-1,,0
1656,,242548,1,681,16085,85,80,0,83886092,0x0500000C,misc,,00000012.pro,-1,,0
1657,,242636,1,682,16086,86,80,0,83886092,0x0500000C,misc,,00000012.pro,-1,,0
1658,,242724,1,711,16268,68,81,0,83886092,0x0500000C,misc,,00000012.pro,-1,,0
1659,,242812,1,712,16269,69,81,0,83886092,0x0500000C,misc,,00000012.pro,-1,,0
1660,,242900,1,713,16270,70,81,0,83886092,0x0500000C,misc,,00000012.pro,-1,,0
1661,,242988,1,714,16271,71,81,0,83886092,0x0500000C,misc,,00000012.pro,-1,,0
1662,,243076,1,715,16276,76,81,0,50332241,0x03000251,wall,,00000593.pro,-1,,0
1663,,243164,1,716,16277,77,81,0,50332238,0x0300024E,wall,,00000590.pro,-1,,0
1664,,243252,1,717,16278,78,81,0,50332237,0x0300024D,wall,,00000589.pro,-1,,0
1665,,243340,1,718,16279,79,81,0,50332236,0x0300024C,wall,,00000588.pro,-1,,0
1666,,243428,1,719,16280,80,81,0,50332235,0x0300024B,wall,,00000587.pro,-1,,0
1667,,243516,1,720,16281,81,81,0,50332238,0x0300024E,wall,,00000590.pro,-1,,0
1668,,243604,1,721,16282,82,81,0,50332234,0x0300024A,wall,,00000586.pro,-1,,0
1669,,243692,1,722,16283,83,81,0,50332236,0x0300024C,wall,,00000588.pro,-1,,0
1670,,243780,1,723,16284,84,81,0,50332260,0x03000264,wall,,00000612.pro,-1,,0
1671,,243868,1,724,16285,85,81,0,50332270,0x0300026E,wall,,00000622.pro,-1,,0
1672,,243956,1,726,16286,86,81,0,83886092,0x0500000C,misc,,00000012.pro,-1,,0
1673,,244044,1,745,16466,66,82,0,83886092,0x0500000C,misc,,00000012.pro,-1,,0
1674,,244132,1,746,16467,67,82,0,83886092,0x0500000C,misc,,00000012.pro,-1,,0
1675,,244220,1,747,16468,68,82,0,83886092,0x0500000C,misc,,00000012.pro,-1,,0
1676,,244308,1,748,16469,69,82,0,83886092,0x0500000C,misc,,00000012.pro,-1,,0
1677,,244396,1,749,16476,76,82,0,50332269,0x0300026D,wall,,00000621.pro,-1,,0
1678,,244484,1,750,16482,82,82,0,33554780,0x0200015C,scenery,stairs,00000349.pro,50331649,ThfD2U.int,0
1679,,244580,1,751,16483,83,82,0,50332270,0x0300026E,wall,,00000622.pro,-1,,0
1680,,244668,1,752,16484,84,82,0,50332269,0x0300026D,wall,,00000621.pro,-1,,0
1681,,244756,1,753,16485,85,82,0,50332270,0x0300026E,wall,,00000622.pro,-1,,0
1682,,244844,1,754,16487,87,82,0,83886092,0x0500000C,misc,,00000012.pro,-1,,0
1683,,244932,1,768,16664,64,83,0,83886092,0x0500000C,misc,,00000012.pro,-1,,0
1684,,245020,1,769,16665,65,83,0,83886092,0x0500000C,misc,,00000012.pro,-1,,0
1685,,245108,1,770,16666,66,83,0,83886092,0x0500000C,misc,,00000012.pro,-1,,0
1686,,245196,1,771,16667,67,83,0,83886092,0x0500000C,misc,,00000012.pro,-1,,0
1687,,245284,1,772,16676,76,83,0,50332242,0x03000252,wall,,00000594.pro,-1,,0
1688,,245372,1,773,16678,78,83,0,33554785,0x02000161,scenery,stairs,00000354.pro,50331652,ThfD2U.int,0
1689,,245468,1,774,16680,80,83,0,33554783,0x0200015F,scenery,stairs,00000352.pro,50331651,ThfD2U.int,0
1690,,245564,1,775,16682,82,83,0,33554781,0x0200015D,scenery,stairs,00000350.pro,50331654,ThfD2U.int,0
1691,,245660,1,776,16684,84,83,0,50332242,0x03000252,wall,,00000594.pro,-1,,0
1692,,245748,1,777,16685,85,83,0,50331878,0x030000E6,wall,,00000230.pro,-1,,0
1693,,245836,1,779,16687,87,83,0,83886092,0x0500000C,misc,,00000012.pro,-1,,0
1694,,245924,1,780,16688,88,83,0,83886092,0x0500000C,misc,,00000012.pro,-1,,0
1695,,246012,1,794,16862,62,84,0,83886092,0x0500000C,misc,,00000012.pro,-1,,0
1696,,246100,1,795,16863,63,84,0,83886092,0x0500000C,misc,,00000012.pro,-1,,0
1697,,246188,1,797,16864,64,84,0,83886092,0x0500000C,misc,,00000012.pro,-1,,0
1698,,246276,1,798,16865,65,84,0,83886092,0x0500000C,misc,,00000012.pro,-1,,0
1699,,246364,1,799,16876,76,84,0,50332243,0x03000253,wall,,00000595.pro,-1,,0
1700,,246452,1,800,16877,77,84,0,33554786,0x02000162,scenery,stairs,00000355.pro,50331653,ThfD2U.int,0
1701,,246548,1,801,16879,79,84,0,33554784,0x02000160,scenery,stairs,00000353.pro,-1,,0
1702,,246644,1,802,16881,81,84,0,33554782,0x0200015E,scenery,stairs,00000351.pro,50331650,ThfD2U.int,0
1703,,246740,1,803,16884,84,84,0,50332243,0x03000253,wall,,00000595.pro,-1,,0
1704,,246828,1,804,16885,85,84,0,50331881,0x030000E9,wall,,00000233.pro,-1,,0
1705,,246916,1,805,16888,88,84,0,83886092,0x0500000C,misc,,00000012.pro,-1,,0
1706,,247004,1,814,17060,60,85,0,83886092,0x0500000C,misc,,00000012.pro,-1,,0
1707,,247092,1,815,17061,61,85,0,83886092,0x0500000C,misc,,00000012.pro,-1,,0
1708,,247180,1,816,17062,62,85,0,83886092,0x0500000C,misc,,00000012.pro,-1,,0
1709,,247268,1,817,17063,63,85,0,83886092,0x0500000C,misc,,00000012.pro,-1,,0
1710,,247356,1,819,17076,76,85,0,50332246,0x03000256,wall,,00000598.pro,-1,,0
1711,,247444,1,820,17080,80,85,0,33554573,0x0200008D,scenery,generic,00000142.pro,-1,,0
1712,,247532,1,821,17084,84,85,0,50332246,0x03000256,wall,,00000598.pro,-1,,0
1713,,247620,1,822,17085,85,85,0,50331879,0x030000E7,wall,,00000231.pro,-1,,0
1714,,247708,1,823,17089,89,85,0,83886092,0x0500000C,misc,,00000012.pro,-1,,0
1715,,247796,1,829,17258,58,86,0,83886092,0x0500000C,misc,,00000012.pro,-1,,0
1716,,247884,1,830,17259,59,86,0,83886092,0x0500000C,misc,,00000012.pro,-1,,0
1717,,247972,1,831,17260,60,86,0,83886092,0x0500000C,misc,,00000012.pro,-1,,0
1718,,248060,1,832,17261,61,86,0,83886092,0x0500000C,misc,,00000012.pro,-1,,0
1719,,248148,1,834,17276,76,86,0,50332249,0x03000259,wall,,00000601.pro,-1,,0
1720,,248236,1,835,17284,84,86,0,50332249,0x03000259,wall,,00000601.pro,-1,,0
1721,,248324,1,836,17285,85,86,0,50331880,0x030000E8,wall,,00000232.pro,-1,,0
1722,,248412,1,837,17289,89,86,0,83886092,0x0500000C,misc,,00000012.pro,-1,,0
1723,,248500,1,838,17290,90,86,0,83886092,0x0500000C,misc,,00000012.pro,-1,,0
1724,,248588,1,844,17456,56,87,0,83886092,0x0500000C,misc,,00000012.pro,-1,,0
1725,,248676,1,845,17457,57,87,0,83886092,0x0500000C,misc,,00000012.pro,-1,,0
1726,,248764,1,846,17458,58,87,0,83886092,0x0500000C,misc,,00000012.pro,-1,,0
1727,,248852,1,847,17459,59,87,0,83886092,0x0500000C,misc,,00000012.pro,-1,,0
1728,,248940,1,849,17476,76,87,0,50332243,0x03000253,wall,,00000595.pro,-1,,0
1729,,249028,1,850,17484,84,87,0,50332243,0x03000253,wall,,00000595.pro,-1,,0
1730,,249116,1,851,17485,85,87,0,50331881,0x030000E9,wall,,00000233.pro,-1,,0
1731,,249204,1,852,17490,90,87,0,83886092,0x0500000C,misc,,00000012.pro,-1,,0
1732,,249292,1,860,17654,54,88,0,83886092,0x0500000C,misc,,00000012.pro,-1,,0
1733,,249380,1,861,17655,55,88,0,83886092,0x0500000C,misc,,00000012.pro,-1,,0
1734,,249468,1,863,17656,56,88,0,83886092,0x0500000C,misc,,00000012.pro,-1,,0
1735,,249556,1,864,17657,57,88,0,83886092,0x0500000C,misc,,00000012.pro,-1,,0
1736,,249644,1,866,17676,76,88,0,50332246,0x03000256,wall,,00000598.pro,-1,,0
1737,,249732,1,867,17684,84,88,0,50332246,0x03000256,wall,,00000598.pro,-1,,0
1738,,249820,1,868,17685,85,88,0,50331878,0x030000E6,wall,,00000230.pro,-1,,0
1739,,249908,1,869,17691,91,88,0,83886092,0x0500000C,misc,,00000012.pro,-1,,0
1740,,249996,1,875,17852,52,89,0,83886092,0x0500000C,misc,,00000012.pro,-1,,0
1741,,250084,1,876,17853,53,89,0,83886092,0x0500000C,misc,,00000012.pro,-1,,0
1742,,250172,1,877,17854,54,89,0,83886092,0x0500000C,misc,,00000012.pro,-1,,0
1743,,250260,1,878,17855,55,89,0,83886092,0x0500000C,misc,,00000012.pro,-1,,0
1744,,250348,1,881,17876,76,89,0,50332258,0x03000262,wall,,00000610.pro,-1,,0
1745,,250436,1,882,17877,77,89,0,50332236,0x0300024C,wall,,00000588.pro,-1,,0
1746,,250524,1,883,17878,78,89,0,50332237,0x0300024D,wall,,00000589.pro,-1,,0
1747,,250612,1,884,17879,79,89,0,50332236,0x0300024C,wall,,00000588.pro,-1,,0
1748,,250700,1,885,17880,80,89,0,50332260,0x03000264,wall,,00000612.pro,-1,,0
1749,,250788,1,886,17884,84,89,0,50332249,0x03000259,wall,,00000601.pro,-1,,0
1750,,250876,1,887,17885,85,89,0,50331879,0x030000E7,wall,,00000231.pro,-1,,0
1751,,250964,1,889,17891,91,89,0,83886092,0x0500000C,misc,,00000012.pro,-1,,0
1752,,251052,1,890,17892,92,89,0,83886092,0x0500000C,misc,,00000012.pro,-1,,0
1753,,251140,1,897,18050,50,90,0,83886092,0x0500000C,misc,,00000012.pro,-1,,0
1754,,251228,1,898,18051,51,90,0,83886092,0x0500000C,misc,,00000012.pro,-1,,0
1755,,251316,1,899,18052,52,90,0,83886092,0x0500000C,misc,,00000012.pro,-1,,0
1756,,251404,1,900,18053,53,90,0,83886092,0x0500000C,misc,,00000012.pro,-1,,0
1757,,251492,1,901,18053,53,90,0,83886092,0x0500000C,misc,,00000012.pro,-1,,0
1758,,251580,1,907,18076,76,90,0,50332270,0x0300026E,wall,,00000622.pro,-1,,0
1759,,251668,1,908,18078,78,90,0,50331875,0x030000E3,wall,,00000227.pro,-1,,0
1760,,251756,1,909,18080,80,90,0,50332269,0x0300026D,wall,,00000621.pro,-1,,0
1761,,251844,1,910,18084,84,90,0,50332243,0x03000253,wall,,00000595.pro,-1,,0
1762,,251932,1,911,18085,85,90,0,50331880,0x030000E8,wall,,00000232.pro,-1,,0
1763,,252020,1,912,18092,92,90,0,83886092,0x0500000C,misc,,00000012.pro,-1,,0
1764,,252108,1,919,18248,48,91,0,83886092,0x0500000C,misc,,00000012.pro,-1,,0
1765,,252196,1,921,18249,49,91,0,83886092,0x0500000C,misc,,00000012.pro,-1,,0
1766,,252284,1,923,18250,50,91,0,83886092,0x0500000C,misc,,00000012.pro,-1,,0
1767,,252372,1,925,18251,51,91,0,83886092,0x0500000C,misc,,00000012.pro,-1,,0
1768,,252460,1,942,18277,77,91,0,50331876,0x030000E4,wall,,00000228.pro,-1,,0
1769,,252548,1,943,18279,79,91,0,50331872,0x030000E0,wall,,00000224.pro,-1,,0
1770,,252636,1,944,18280,80,91,0,50332242,0x03000252,wall,,00000594.pro,-1,,0
1771,,252724,1,945,18284,84,91,0,50332246,0x03000256,wall,,00000598.pro,-1,,0
1772,,252812,1,946,18285,85,91,0,50331881,0x030000E9,wall,,00000233.pro,-1,,0
1773,,252900,1,948,18293,93,91,0,83886092,0x0500000C,misc,,00000012.pro,-1,,0
1774,,252988,1,953,18446,46,92,0,83886092,0x0500000C,misc,,00000012.pro,-1,,0
1775,,253076,1,954,18447,47,92,0,83886092,0x0500000C,misc,,00000012.pro,-1,,0
1776,,253164,1,955,18448,48,92,0,83886092,0x0500000C,misc,,00000012.pro,-1,,0
1777,,253252,1,957,18449,49,92,0,83886092,0x0500000C,misc,,00000012.pro,-1,,0
1778,,253340,1,968,18480,80,92,0,50332243,0x03000253,wall,,00000595.pro,-1,,0
1779,,253428,1,969,18484,84,92,0,50332249,0x03000259,wall,,00000601.pro,-1,,0
1780,,253516,1,970,18485,85,92,0,50331878,0x030000E6,wall,,00000230.pro,-1,,0
1781,,253604,1,972,18493,93,92,0,83886092,0x0500000C,misc,,00000012.pro,-1,,0
1782,,253692,1,973,18494,94,92,0,83886092,0x0500000C,misc,,00000012.pro,-1,,0
1783,,253780,1,975,18644,44,93,0,83886092,0x0500000C,misc,,00000012.pro,-1,,0
1784,,253868,1,976,18645,45,93,0,83886092,0x0500000C,misc,,00000012.pro,-1,,0
1785,,253956,1,977,18646,46,93,0,83886092,0x0500000C,misc,,00000012.pro,-1,,0
1786,,254044,1,978,18647,47,93,0,83886092,0x0500000C,misc,,00000012.pro,-1,,0
1787,,254132,1,987,18680,80,93,0,50332246,0x03000256,wall,,00000598.pro,-1,,0
1788,,254220,1,992,18684,84,93,0,50332243,0x03000253,wall,,00000595.pro,-1,,0
1789,,254308,1,994,18685,85,93,0,50331879,0x030000E7,wall,,00000231.pro,-1,,0
1790,,254396,1,1003,18694,94,93,0,83886092,0x0500000C,misc,,00000012.pro,-1,,0
1791,,254484,1,1037,18842,42,94,0,83886092,0x0500000C,misc,,00000012.pro,-1,,0
1792,,254572,1,1038,18843,43,94,0,83886092,0x0500000C,misc,,00000012.pro,-1,,0
1793,,254660,1,1039,18844,44,94,0,83886092,0x0500000C,misc,,00000012.pro,-1,,0
1794,,254748,1,1040,18845,45,94,0,83886092,0x0500000C,misc,,00000012.pro,-1,,0
1795,,254836,1,1047,18880,80,94,0,50332249,0x03000259,wall,,00000601.pro,-1,,0
1796,,254924,1,1051,18884,84,94,0,50332246,0x03000256,wall,,00000598.pro,-1,,0
1797,,255012,1,1053,18885,85,94,0,50331880,0x030000E8,wall,,00000232.pro,-1,,0
1798,,255100,1,1058,18895,95,94,0,83886092,0x0500000C,misc,,00000012.pro,-1,,0
1799,,255188,1,1080,19040,40,95,0,83886092,0x0500000C,misc,,00000012.pro,-1,,0
1800,,255276,1,1081,19041,41,95,0,83886092,0x0500000C,misc,,00000012.pro,-1,,0
1801,,255364,1,1082,19042,42,95,0,83886092,0x0500000C,misc,,00000012.pro,-1,,0
1802,,255452,1,1083,19043,43,95,0,83886092,0x0500000C,misc,,00000012.pro,-1,,0
1803,,255540,1,1087,19080,80,95,0,50332243,0x03000253,wall,,00000595.pro,-1,,0
1804,,255628,1,1090,19084,84,95,0,50332249,0x03000259,wall,,00000601.pro,-1,,0
1805,,255716,1,1091,19085,85,95,0,50331881,0x030000E9,wall,,00000233.pro,-1,,0
1806,,255804,1,1093,19095,95,95,0,83886092,0x0500000C,misc,,00000012.pro,-1,,0
1807,,255892,1,1094,19096,96,95,0,83886092,0x0500000C,misc,,00000012.pro,-1,,0
1808,,255980,1,1104,19240,40,96,0,83886092,0x0500000C,misc,,00000012.pro,-1,,0
1809,,256068,1,1105,19241,41,96,0,83886092,0x0500000C,misc,,00000012.pro,-1,,0
1810,,256156,1,1109,19280,80,96,0,50332246,0x03000256,wall,,00000598.pro,-1,,0
1811,,256244,1,1111,19284,84,96,0,50332243,0x03000253,wall,,00000595.pro,-1,,0
1812,,256332,1,1112,19285,85,96,0,50331878,0x030000E6,wall,,00000230.pro,-1,,0
1813,,256420,1,1116,19296,96,96,0,83886092,0x0500000C,misc,,00000012.pro,-1,,0
1814,,256508,1,1129,19441,41,97,0,83886092,0x0500000C,misc,,00000012.pro,-1,,0
1815,,256596,1,1132,19480,80,97,0,50332261,0x03000265,wall,,00000613.pro,-1,,0
1816,,256684,1,1133,19481,81,97,0,50332231,0x03000247,wall,,00000583.pro,-1,,0
1817,,256772,1,1134,19482,82,97,0,33554764,0x0200014C,scenery,door,00000333.pro,50331660,Door.int,0
1818,,256864,1,1135,19483,83,97,0,50332236,0x0300024C,wall,,00000588.pro,-1,,0
1819,,256952,1,1137,19484,84,97,0,50332259,0x03000263,wall,,00000611.pro,-1,,0
1820,,257040,1,1138,19485,85,97,0,50331879,0x030000E7,wall,,00000231.pro,-1,,0
1821,,257128,1,1140,19497,97,97,0,83886092,0x0500000C,misc,,00000012.pro,-1,,0
1822,,257216,1,1157,19641,41,98,0,83886092,0x0500000C,misc,,00000012.pro,-1,,0
1823,,257304,1,1158,19642,42,98,0,83886092,0x0500000C,misc,,00000012.pro,-1,,0
1824,,257392,1,1162,19680,80,98,0,50332269,0x0300026D,wall,,00000621.pro,-1,,0
1825,,257480,1,1163,19681,81,98,0,50332270,0x0300026E,wall,,00000622.pro,-1,,0
1826,,257568,1,1164,19683,83,98,0,50332230,0x03000246,wall,,00000582.pro,-1,,0
1827,,257656,1,1166,19684,84,98,0,50332269,0x0300026D,wall,,00000621.pro,-1,,0
1828,,257744,1,1167,19685,85,98,0,50331880,0x030000E8,wall,,00000232.pro,-1,,0
1829,,257832,1,1169,19697,97,98,0,83886092,0x0500000C,misc,,00000012.pro,-1,,0
1830,,257920,1,1171,19698,98,98,0,83886092,0x0500000C,misc,,00000012.pro,-1,,0
1831,,258008,1,1184,19842,42,99,0,83886092,0x0500000C,misc,,00000012.pro,-1,,0
1832,,258096,1,1189,19880,80,99,0,50332242,0x03000252,wall,,00000594.pro,-1,,0
1833,,258184,1,1191,19884,84,99,0,50332242,0x03000252,wall,,00000594.pro,-1,,0
1834,,258272,1,1192,19885,85,99,0,50331881,0x030000E9,wall,,00000233.pro,-1,,0
1835,,258360,1,1195,19898,98,99,0,83886092,0x0500000C,misc,,00000012.pro,-1,,0
1836,,258448,1,1205,20043,43,100,0,83886092,0x0500000C,misc,,00000012.pro,-1,,0
1837,,258536,1,1208,20080,80,100,0,50332246,0x03000256,wall,,00000598.pro,-1,,0
1838,,258624,1,1210,20084,84,100,0,50332246,0x03000256,wall,,00000598.pro,-1,,0
1839,,258712,1,1211,20085,85,100,0,50331884,0x030000EC,wall,,00000236.pro,-1,,0
1840,,258800,1,1216,20099,99,100,0,83886092,0x0500000C,misc,,00000012.pro,-1,,0
1841,,258888,1,1227,20243,43,101,0,83886092,0x0500000C,misc,,00000012.pro,-1,,0
1842,,258976,1,1228,20244,44,101,0,83886092,0x0500000C,misc,,00000012.pro,-1,,0
1843,,259064,1,1231,20276,76,101,0,50332241,0x03000251,wall,,00000593.pro,-1,,0
1844,,259152,1,1232,20277,77,101,0,50332238,0x0300024E,wall,,00000590.pro,-1,,0
1845,,259240,1,1233,20278,78,101,0,50332240,0x03000250,wall,,00000592.pro,-1,,0
1846,,259328,1,1234,20279,79,101,0,50332239,0x0300024F,wall,,00000591.pro,-1,,0
1847,,259416,1,1235,20280,80,101,0,50332263,0x03000267,wall,,00000615.pro,-1,,0
1848,,259504,1,1237,20284,84,101,0,50332258,0x03000262,wall,,00000610.pro,-1,,0
1849,,259592,1,1238,20285,85,101,0,50332236,0x0300024C,wall,,00000588.pro,-1,,0
1850,,259680,1,1240,20286,86,101,0,50332234,0x0300024A,wall,,00000586.pro,-1,,0
1851,,259768,1,1241,20287,87,101,0,50332238,0x0300024E,wall,,00000590.pro,-1,,0
1852,,259856,1,1242,20288,88,101,0,50332260,0x03000264,wall,,00000612.pro,-1,,0
1853,,259944,1,1243,20289,89,101,0,50332270,0x0300026E,wall,,00000622.pro,-1,,0
1854,,260032,1,1246,20299,99,101,0,83886092,0x0500000C,misc,,00000012.pro,-1,,0
1855,,260120,1,1247,20300,100,101,0,83886092,0x0500000C,misc,,00000012.pro,-1,,0
1856,,260208,1,1254,20444,44,102,0,83886092,0x0500000C,misc,,00000012.pro,-1,,0
1857,,260296,1,1258,20476,76,102,0,50332269,0x0300026D,wall,,00000621.pro,-1,,0
1858,,260384,1,1259,20477,77,102,0,50332270,0x0300026E,wall,,00000622.pro,-1,,0
1859,,260472,1,1260,20479,79,102,0,50332270,0x0300026E,wall,,00000622.pro,-1,,0
1860,,260560,1,1262,20485,85,102,0,50332270,0x0300026E,wall,,00000622.pro,-1,,0
1861,,260648,1,1263,20487,87,102,0,50332270,0x0300026E,wall,,00000622.pro,-1,,0
1862,,260736,1,1264,20488,88,102,0,50332269,0x0300026D,wall,,00000621.pro,-1,,0
1863,,260824,1,1265,20489,89,102,0,50332270,0x0300026E,wall,,00000622.pro,-1,,0
1864,,260912,1,1268,20500,100,102,0,83886092,0x0500000C,misc,,00000012.pro,-1,,0
1865,,261000,1,1275,20645,45,103,0,83886092,0x0500000C,misc,,00000012.pro,-1,,0
1866,,261088,1,1278,20676,76,103,0,50332242,0x03000252,wall,,00000594.pro,-1,,0
1867,,261176,1,1279,20682,82,103,0,33554573,0x0200008D,scenery,generic,00000142.pro,-1,,0
1868,,261264,1,1282,20688,88,103,0,50332242,0x03000252,wall,,00000594.pro,-1,,0
1869,,261352,1,1283,20689,89,103,0,50331878,0x030000E6,wall,,00000230.pro,-1,,0
1870,,261440,1,1289,20701,101,103,0,83886092,0x0500000C,misc,,00000012.pro,-1,,0
1871,,261528,1,1315,20845,45,104,0,83886092,0x0500000C,misc,,00000012.pro,-1,,0
1872,,261616,1,1316,20846,46,104,0,83886092,0x0500000C,misc,,00000012.pro,-1,,0
1873,,261704,1,1319,20876,76,104,0,50332243,0x03000253,wall,,00000595.pro,-1,,0
1874,,261792,1,1323,20888,88,104,0,50332243,0x03000253,wall,,00000595.pro,-1,,0
1875,,261880,1,1324,20889,89,104,0,50331879,0x030000E7,wall,,00000231.pro,-1,,0
1876,,261968,1,1330,20901,101,104,0,83886092,0x0500000C,misc,,00000012.pro,-1,,0
1877,,262056,1,1332,20902,102,104,0,83886092,0x0500000C,misc,,00000012.pro,-1,,0
1878,,262144,1,1345,21046,46,105,0,83886092,0x0500000C,misc,,00000012.pro,-1,,0
1879,,262232,1,1349,21076,76,105,0,50332246,0x03000256,wall,,00000598.pro,-1,,0
1880,,262320,1,1359,21088,88,105,0,50332249,0x03000259,wall,,00000601.pro,-1,,0
1881,,262408,1,1360,21089,89,105,0,50331880,0x030000E8,wall,,00000232.pro,-1,,0
1882,,262496,1,1365,21102,102,105,0,83886092,0x0500000C,misc,,00000012.pro,-1,,0
1883,,262584,1,1390,21247,47,106,0,83886092,0x0500000C,misc,,00000012.pro,-1,,0
1884,,262672,1,1393,21276,76,106,0,50332249,0x03000259,wall,,00000601.pro,-1,,0
1885,,262760,1,1399,21288,88,106,0,50332246,0x03000256,wall,,00000598.pro,-1,,0
1886,,262848,1,1400,21289,89,106,0,50331881,0x030000E9,wall,,00000233.pro,-1,,0
1887,,262936,1,1405,21303,103,106,0,83886092,0x0500000C,misc,,00000012.pro,-1,,0
1888,,263024,1,1420,21447,47,107,0,83886092,0x0500000C,misc,,00000012.pro,-1,,0
1889,,263112,1,1421,21448,48,107,0,83886092,0x0500000C,misc,,00000012.pro,-1,,0
1890,,263200,1,1424,21476,76,107,0,50332243,0x03000253,wall,,00000595.pro,-1,,0
1891,,263288,1,1427,21488,88,107,0,50332243,0x03000253,wall,,00000595.pro,-1,,0
1892,,263376,1,1428,21489,89,107,0,50331878,0x030000E6,wall,,00000230.pro,-1,,0
1893,,263464,1,1432,21503,103,107,0,83886092,0x0500000C,misc,,00000012.pro,-1,,0
1894,,263552,1,1434,21504,104,107,0,83886092,0x0500000C,misc,,00000012.pro,-1,,0
1895,,263640,1,1437,21648,48,108,0,83886092,0x0500000C,misc,,00000012.pro,-1,,0
1896,,263728,1,1441,21676,76,108,0,50332246,0x03000256,wall,,00000598.pro,-1,,0
1897,,263816,1,1445,21688,88,108,0,50332249,0x03000259,wall,,00000601.pro,-1,,0
1898,,263904,1,1446,21689,89,108,0,50331879,0x030000E7,wall,,00000231.pro,-1,,0
1899,,263992,1,1449,21704,104,108,0,83886092,0x0500000C,misc,,00000012.pro,-1,,0
1900,,264080,1,1453,21849,49,109,0,83886092,0x0500000C,misc,,00000012.pro,-1,,0
1901,,264168,1,1456,21876,76,109,0,50332249,0x03000259,wall,,00000601.pro,-1,,0
1902,,264256,1,1459,21888,88,109,0,50332246,0x03000256,wall,,00000598.pro,-1,,0
1903,,264344,1,1460,21889,89,109,0,50331880,0x030000E8,wall,,00000232.pro,-1,,0
1904,,264432,1,1464,21905,105,109,0,83886092,0x0500000C,misc,,00000012.pro,-1,,0
1905,,264520,1,1468,22049,49,110,0,83886092,0x0500000C,misc,,00000012.pro,-1,,0
1906,,264608,1,1469,22050,50,110,0,83886092,0x0500000C,misc,,00000012.pro,-1,,0
1907,,264696,1,1472,22076,76,110,0,50332243,0x03000253,wall,,00000595.pro,-1,,0
1908,,264784,1,1479,22088,88,110,0,50332243,0x03000253,wall,,00000595.pro,-1,,0
1909,,264872,1,1480,22089,89,110,0,50331881,0x030000E9,wall,,00000233.pro,-1,,0
1910,,264960,1,1483,22105,105,110,0,83886092,0x0500000C,misc,,00000012.pro,-1,,0
1911,,265048,1,1484,22106,106,110,0,83886092,0x0500000C,misc,,00000012.pro,-1,,0
1912,,265136,1,1487,22250,50,111,0,83886092,0x0500000C,misc,,00000012.pro,-1,,0
1913,,265224,1,1491,22276,76,111,0,50332249,0x03000259,wall,,00000601.pro,-1,,0
1914,,265312,1,1496,22288,88,111,0,50332249,0x03000259,wall,,00000601.pro,-1,,0
1915,,265400,1,1497,22289,89,111,0,50331878,0x030000E6,wall,,00000230.pro,-1,,0
1916,,265488,1,1500,22306,106,111,0,83886092,0x0500000C,misc,,00000012.pro,-1,,0
1917,,265576,1,1527,22451,51,112,0,83886092,0x0500000C,misc,,00000012.pro,-1,,0
1918,,265664,1,1530,22476,76,112,0,50332246,0x03000256,wall,,00000598.pro,-1,,0
1919,,265752,1,1531,22488,88,112,0,50332246,0x03000256,wall,,00000598.pro,-1,,0
1920,,265840,1,1532,22489,89,112,0,50331879,0x030000E7,wall,,00000231.pro,-1,,0
1921,,265928,1,1535,22507,107,112,0,83886092,0x0500000C,misc,,00000012.pro,-1,,0
1922,,266016,1,1555,22651,51,113,0,83886092,0x0500000C,misc,,00000012.pro,-1,,0
1923,,266104,1,1556,22652,52,113,0,83886092,0x0500000C,misc,,00000012.pro,-1,,0
1924,,266192,1,1559,22676,76,113,0,50332261,0x03000265,wall,,00000613.pro,-1,,0
1925,,266280,1,1560,22677,77,113,0,50332238,0x0300024E,wall,,00000590.pro,-1,,0
1926,,266368,1,1561,22678,78,113,0,50332237,0x0300024D,wall,,00000589.pro,-1,,0
1927,,266456,1,1562,22679,79,113,0,50332231,0x03000247,wall,,00000583.pro,-1,,0
1928,,266544,1,1563,22680,80,113,0,33554764,0x0200014C,scenery,door,00000333.pro,50331662,Door.int,0
1929,,266636,1,1564,22681,81,113,0,50332236,0x0300024C,wall,,00000588.pro,-1,,0
1930,,266724,1,1565,22682,82,113,0,50332235,0x0300024B,wall,,00000587.pro,-1,,0
1931,,266812,1,1566,22683,83,113,0,50332231,0x03000247,wall,,00000583.pro,-1,,0
1932,,266900,1,1567,22684,84,113,0,33554764,0x0200014C,scenery,door,00000333.pro,50331661,Door.int,0
1933,,266992,1,1568,22685,85,113,0,50332236,0x0300024C,wall,,00000588.pro,-1,,0
1934,,267080,1,1569,22686,86,113,0,50332237,0x0300024D,wall,,00000589.pro,-1,,0
1935,,267168,1,1570,22687,87,113,0,50332238,0x0300024E,wall,,00000590.pro,-1,,0
1936,,267256,1,1571,22688,88,113,0,50332259,0x03000263,wall,,00000611.pro,-1,,0
1937,,267344,1,1572,22689,89,113,0,50331880,0x030000E8,wall,,00000232.pro,-1,,0
1938,,267432,1,1585,22707,107,113,0,83886092,0x0500000C,misc,,00000012.pro,-1,,0
1939,,267520,1,1587,22708,108,113,0,83886092,0x0500000C,misc,,00000012.pro,-1,,0
1940,,267608,1,1607,22852,52,114,0,83886092,0x0500000C,misc,,00000012.pro,-1,,0
1941,,267696,1,1611,22876,76,114,0,50332269,0x0300026D,wall,,00000621.pro,-1,,0
1942,,267784,1,1612,22877,77,114,0,50332270,0x0300026E,wall,,00000622.pro,-1,,0
1943,,267872,1,1613,22879,79,114,0,50332270,0x0300026E,wall,,00000622.pro,-1,,0
1944,,267960,1,1614,22881,81,114,0,50332230,0x03000246,wall,,00000582.pro,-1,,0
1945,,268048,1,1615,22883,83,114,0,50332270,0x0300026E,wall,,00000622.pro,-1,,0
1946,,268136,1,1616,22885,85,114,0,50332230,0x03000246,wall,,00000582.pro,-1,,0
1947,,268224,1,1617,22887,87,114,0,50332270,0x0300026E,wall,,00000622.pro,-1,,0
1948,,268312,1,1618,22888,88,114,0,50332269,0x0300026D,wall,,00000621.pro,-1,,0
1949,,268400,1,1619,22889,89,114,0,50331881,0x030000E9,wall,,00000233.pro,-1,,0
1950,,268488,1,1626,22908,108,114,0,83886092,0x0500000C,misc,,00000012.pro,-1,,0
1951,,268576,1,1639,23053,53,115,0,83886092,0x0500000C,misc,,00000012.pro,-1,,0
1952,,268664,1,1642,23076,76,115,0,50332242,0x03000252,wall,,00000594.pro,-1,,0
1953,,268752,1,1643,23088,88,115,0,50332242,0x03000252,wall,,00000594.pro,-1,,0
1954,,268840,1,1644,23089,89,115,0,50331878,0x030000E6,wall,,00000230.pro,-1,,0
1955,,268928,1,1646,23109,109,115,0,83886092,0x0500000C,misc,,00000012.pro,-1,,0
1956,,269016,1,1654,23253,53,116,0,83886092,0x0500000C,misc,,00000012.pro,-1,,0
1957,,269104,1,1655,23254,54,116,0,83886092,0x0500000C,misc,,00000012.pro,-1,,0
1958,,269192,1,1658,23276,76,116,0,50332243,0x03000253,wall,,00000595.pro,-1,,0
1959,,269280,1,1659,23288,88,116,0,50332243,0x03000253,wall,,00000595.pro,-1,,0
1960,,269368,1,1660,23289,89,116,0,50331879,0x030000E7,wall,,00000231.pro,-1,,0
1961,,269456,1,1663,23309,109,116,0,83886092,0x0500000C,misc,,00000012.pro,-1,,0
1962,,269544,1,1664,23310,110,116,0,83886092,0x0500000C,misc,,00000012.pro,-1,,0
1963,,269632,1,1673,23454,54,117,0,83886092,0x0500000C,misc,,00000012.pro,-1,,0
1964,,269720,1,1677,23476,76,117,0,50332246,0x03000256,wall,,00000598.pro,-1,,0
1965,,269808,1,1690,23488,88,117,0,50332246,0x03000256,wall,,00000598.pro,-1,,0
1966,,269896,1,1692,23489,89,117,0,50331880,0x030000E8,wall,,00000232.pro,-1,,0
1967,,269984,1,1709,23510,110,117,0,83886092,0x0500000C,misc,,00000012.pro,-1,,0
1968,,270072,1,1717,23655,55,118,0,83886092,0x0500000C,misc,,00000012.pro,-1,,0
1969,,270160,1,1720,23676,76,118,0,50332249,0x03000259,wall,,00000601.pro,-1,,0
1970,,270248,1,1725,23681,81,118,0,33554573,0x0200008D,scenery,generic,00000142.pro,-1,,0
1971,,270336,1,1733,23688,88,118,0,50332249,0x03000259,wall,,00000601.pro,-1,,0
1972,,270424,1,1735,23689,89,118,0,50331881,0x030000E9,wall,,00000233.pro,-1,,0
1973,,270512,1,1749,23711,111,118,0,83886092,0x0500000C,misc,,00000012.pro,-1,,0
1974,,270600,1,1757,23855,55,119,0,83886092,0x0500000C,misc,,00000012.pro,-1,,0
1975,,270688,1,1758,23856,56,119,0,83886092,0x0500000C,misc,,00000012.pro,-1,,0
1976,,270776,1,1760,23876,76,119,0,50332243,0x03000253,wall,,00000595.pro,-1,,0
1977,,270864,1,1769,23888,88,119,0,50332243,0x03000253,wall,,00000595.pro,-1,,0
1978,,270952,1,1770,23889,89,119,0,50331878,0x030000E6,wall,,00000230.pro,-1,,0
1979,,271040,1,1775,23911,111,119,0,83886092,0x0500000C,misc,,00000012.pro,-1,,0
1980,,271128,1,1776,23912,112,119,0,83886092,0x0500000C,misc,,00000012.pro,-1,,0
1981,,271216,1,1784,24056,56,120,0,83886092,0x0500000C,misc,,00000012.pro,-1,,0
1982,,271304,1,1786,24076,76,120,0,50332246,0x03000256,wall,,00000598.pro,-1,,0
1983,,271392,1,1792,24088,88,120,0,50332246,0x03000256,wall,,00000598.pro,-1,,0
1984,,271480,1,1793,24089,89,120,0,50331879,0x030000E7,wall,,00000231.pro,-1,,0
1985,,271568,1,1799,24112,112,120,0,83886092,0x0500000C,misc,,00000012.pro,-1,,0
1986,,271656,1,1809,24257,57,121,0,83886092,0x0500000C,misc,,00000012.pro,-1,,0
1987,,271744,1,1811,24276,76,121,0,50332258,0x03000262,wall,,00000610.pro,-1,,0
1988,,271832,1,1812,24277,77,121,0,50332236,0x0300024C,wall,,00000588.pro,-1,,0
1989,,271920,1,1814,24278,78,121,0,50332260,0x03000264,wall,,00000612.pro,-1,,0
1990,,272008,1,1818,24286,86,121,0,50332241,0x03000251,wall,,00000593.pro,-1,,0
1991,,272096,1,1819,24287,87,121,0,50332238,0x0300024E,wall,,00000590.pro,-1,,0
1992,,272184,1,1820,24288,88,121,0,50332263,0x03000267,wall,,00000615.pro,-1,,0
1993,,272272,1,1821,24289,89,121,0,50331880,0x030000E8,wall,,00000232.pro,-1,,0
1994,,272360,1,1824,24313,113,121,0,83886092,0x0500000C,misc,,00000012.pro,-1,,0
1995,,272448,1,1833,24457,57,122,0,83886092,0x0500000C,misc,,00000012.pro,-1,,0
1996,,272536,1,1834,24458,58,122,0,83886092,0x0500000C,misc,,00000012.pro,-1,,0
1997,,272624,1,1836,24476,76,122,0,50332270,0x0300026E,wall,,00000622.pro,-1,,0
1998,,272712,1,1839,24478,78,122,0,50332269,0x0300026D,wall,,00000621.pro,-1,,0
1999,,272800,1,1842,24486,86,122,0,50332269,0x0300026D,wall,,00000621.pro,-1,,0
2000,,272888,1,1843,24488,88,122,0,50331877,0x030000E5,wall,,00000229.pro,-1,,0
2001,,272976,1,1844,24489,89,122,0,50331881,0x030000E9,wall,,00000233.pro,-1,,0
2002,,273064,1,1847,24513,113,122,0,83886092,0x0500000C,misc,,00000012.pro,-1,,0
2003,,273152,1,1848,24514,114,122,0,83886092,0x0500000C,misc,,00000012.pro,-1,,0
2004,,273240,1,1860,24658,58,123,0,83886092,0x0500000C,misc,,00000012.pro,-1,,0
2005,,273328,1,1862,24677,77,123,0,50331872,0x030000E0,wall,,00000224.pro,-1,,0
2006,,273416,1,1863,24678,78,123,0,50332242,0x03000252,wall,,00000594.pro,-1,,0
2007,,273504,1,1866,24686,86,123,0,50332242,0x03000252,wall,,00000594.pro,-1,,0
2008,,273592,1,1867,24687,87,123,0,50332300,0x0300028C,wall,,00000652.pro,-1,,0
2009,,273680,1,1868,24689,89,123,0,50332301,0x0300028D,wall,,00000653.pro,-1,,0
2010,,273768,1,1871,24714,114,123,0,83886092,0x0500000C,misc,,00000012.pro,-1,,0
2011,,273856,1,1898,24859,59,124,0,83886092,0x0500000C,misc,,00000012.pro,-1,,0
2012,,273944,1,1900,24878,78,124,0,50332243,0x03000253,wall,,00000595.pro,-1,,0
2013,,274032,1,1902,24886,86,124,0,50332243,0x03000253,wall,,00000595.pro,-1,,0
2014,,274120,1,1903,24887,87,124,0,50332270,0x0300026E,wall,,00000622.pro,-1,,0
2015,,274208,1,1906,24915,115,124,0,83886092,0x0500000C,misc,,00000012.pro,-1,,0
2016,,274296,1,1922,25059,59,125,0,83886092,0x0500000C,misc,,00000012.pro,-1,,0
2017,,274384,1,1923,25060,60,125,0,83886092,0x0500000C,misc,,00000012.pro,-1,,0
2018,,274472,1,1925,25078,78,125,0,50332246,0x03000256,wall,,00000598.pro,-1,,0
2019,,274560,1,1927,25086,86,125,0,50332246,0x03000256,wall,,00000598.pro,-1,,0
2020,,274648,1,1928,25087,87,125,0,50331879,0x030000E7,wall,,00000231.pro,-1,,0
2021,,274736,1,1931,25115,115,125,0,83886092,0x0500000C,misc,,00000012.pro,-1,,0
2022,,274824,1,1933,25116,116,125,0,83886092,0x0500000C,misc,,00000012.pro,-1,,0
2023,,274912,1,1941,25260,60,126,0,83886092,0x0500000C,misc,,00000012.pro,-1,,0
2024,,275000,1,1943,25278,78,126,0,50332249,0x03000259,wall,,00000601.pro,-1,,0
2025,,275088,1,1946,25286,86,126,0,50332249,0x03000259,wall,,00000601.pro,-1,,0
2026,,275176,1,1947,25287,87,126,0,50331880,0x030000E8,wall,,00000232.pro,-1,,0
2027,,275264,1,1950,25316,116,126,0,83886092,0x0500000C,misc,,00000012.pro,-1,,0
2028,,275352,1,1955,25461,61,127,0,83886092,0x0500000C,misc,,00000012.pro,-1,,0
2029,,275440,1,1957,25478,78,127,0,50332243,0x03000253,wall,,00000595.pro,-1,,0
2030,,275528,1,1959,25486,86,127,0,50332243,0x03000253,wall,,00000595.pro,-1,,0
2031,,275616,1,1960,25487,87,127,0,50331881,0x030000E9,wall,,00000233.pro,-1,,0
2032,,275704,1,1965,25517,117,127,0,83886092,0x0500000C,misc,,00000012.pro,-1,,0
2033,,275792,1,1968,25661,61,128,0,83886092,0x0500000C,misc,,00000012.pro,-1,,0
2034,,275880,1,1969,25662,62,128,0,83886092,0x0500000C,misc,,00000012.pro,-1,,0
2035,,275968,1,1971,25678,78,128,0,50332246,0x03000256,wall,,00000598.pro,-1,,0
2036,,276056,1,1973,25686,86,128,0,50332246,0x03000256,wall,,00000598.pro,-1,,0
2037,,276144,1,1974,25687,87,128,0,50331884,0x030000EC,wall,,00000236.pro,-1,,0
2038,,276232,1,1983,25717,117,128,0,83886092,0x0500000C,misc,,00000012.pro,-1,,0
2039,,276320,1,1984,25718,118,128,0,83886092,0x0500000C,misc,,00000012.pro,-1,,0
2040,,276408,1,1985,25862,62,129,0,83886092,0x0500000C,misc,,00000012.pro,-1,,0
2041,,276496,1,1988,25876,76,129,0,50332241,0x03000251,wall,,00000593.pro,-1,,0
2042,,276584,1,1990,25877,77,129,0,50332239,0x0300024F,wall,,00000591.pro,-1,,0
2043,,276672,1,1992,25878,78,129,0,50332262,0x03000266,wall,,00000614.pro,-1,,0
2044,,276760,1,1994,25879,79,129,0,50332238,0x0300024E,wall,,00000590.pro,-1,,0
2045,,276848,1,1996,25880,80,129,0,50332235,0x0300024B,wall,,00000587.pro,-1,,0
2046,,276936,1,1998,25881,81,129,0,50332231,0x03000247,wall,,00000583.pro,-1,,0
2047,,277024,1,2000,25882,82,129,0,33554764,0x0200014C,scenery,door,00000333.pro,50331663,Door.int,0
2048,,277116,1,2003,25883,83,129,0,50332236,0x0300024C,wall,,00000588.pro,-1,,0
2049,,277204,1,2006,25884,84,129,0,50332234,0x0300024A,wall,,00000586.pro,-1,,0
2050,,277292,1,2008,25885,85,129,0,50332239,0x0300024F,wall,,00000591.pro,-1,,0
2051,,277380,1,2010,25886,86,129,0,50332262,0x03000266,wall,,00000614.pro,-1,,0
2052,,277468,1,2012,25887,87,129,0,50332238,0x0300024E,wall,,00000590.pro,-1,,0
2053,,277556,1,2014,25888,88,129,0,50332240,0x03000250,wall,,00000592.pro,-1,,0
2054,,277644,1,2016,25889,89,129,0,50332239,0x0300024F,wall,,00000591.pro,-1,,0
2055,,277732,1,2018,25890,90,129,0,50332237,0x0300024D,wall,,00000589.pro,-1,,0
2056,,277820,1,2020,25891,91,129,0,50332236,0x0300024C,wall,,00000588.pro,-1,,0
2057,,277908,1,2023,25892,92,129,0,50332235,0x0300024B,wall,,00000587.pro,-1,,0
2058,,277996,1,2025,25893,93,129,0,50332239,0x0300024F,wall,,00000591.pro,-1,,0
2059,,278084,1,2027,25894,94,129,0,50332234,0x0300024A,wall,,00000586.pro,-1,,0
2060,,278172,1,2029,25895,95,129,0,50332238,0x0300024E,wall,,00000590.pro,-1,,0
2061,,278260,1,2031,25896,96,129,0,50332260,0x03000264,wall,,00000612.pro,-1,,0
2062,,278348,1,2033,25897,97,129,0,50332270,0x0300026E,wall,,00000622.pro,-1,,0
2063,,278436,1,2045,25918,118,129,0,83886092,0x0500000C,misc,,00000012.pro,-1,,0
2064,,278524,1,2046,26063,63,130,0,83886092,0x0500000C,misc,,00000012.pro,-1,,0
2065,,278612,1,2049,26076,76,130,0,50332269,0x0300026D,wall,,00000621.pro,-1,,0
2066,,278700,1,2051,26077,77,130,0,50332270,0x0300026E,wall,,00000622.pro,-1,,0
2067,,278788,1,2053,26079,79,130,0,50332270,0x0300026E,wall,,00000622.pro,-1,,0
2068,,278876,1,2055,26081,81,130,0,50332270,0x0300026E,wall,,00000622.pro,-1,,0
2069,,278964,1,2057,26083,83,130,0,50332230,0x03000246,wall,,00000582.pro,-1,,0
2070,,279052,1,2060,26085,85,130,0,50332270,0x0300026E,wall,,00000622.pro,-1,,0
2071,,279140,1,2062,26087,87,130,0,50332270,0x0300026E,wall,,00000622.pro,-1,,0
2072,,279228,1,2063,26088,88,130,0,33554499,0x02000043,scenery,generic,00000068.pro,-1,,0
2073,,279316,1,2064,26088,88,130,0,66,0x00000042,item,container,00000066.pro,-1,,0
2074,,279404,1,2066,26089,89,130,0,50332270,0x0300026E,wall,,00000622.pro,-1,,0
2075,,279492,1,2068,26090,90,130,0,33554499,0x02000043,scenery,generic,00000068.pro,-1,,0
2076,,279580,1,2071,26091,91,130,0,50332270,0x0300026E,wall,,00000622.pro,-1,,0
2077,,279668,1,2073,26093,93,130,0,50332270,0x0300026E,wall,,00000622.pro,-1,,0
2078,,279756,1,2075,26095,95,130,0,50332270,0x0300026E,wall,,00000622.pro,-1,,0
2079,,279844,1,2076,26096,96,130,0,50332269,0x0300026D,wall,,00000621.pro,-1,,0
2080,,279932,1,2078,26097,97,130,0,50332270,0x0300026E,wall,,00000622.pro,-1,,0
2081,,280020,1,2087,26119,119,130,0,83886092,0x0500000C,misc,,00000012.pro,-1,,0
2082,,280108,1,2088,26263,63,131,0,83886092,0x0500000C,misc,,00000012.pro,-1,,0
2083,,280196,1,2089,26264,64,131,0,83886092,0x0500000C,misc,,00000012.pro,-1,,0
2084,,280284,1,2090,26276,76,131,0,50332242,0x03000252,wall,,00000594.pro,-1,,0
2085,,280372,1,2091,26277,77,131,0,33554499,0x02000043,scenery,generic,00000068.pro,-1,,0
2086,,280460,1,2092,26277,77,131,0,149,0x00000095,item,container,00000149.pro,-1,,0
2087,,280548,1,2094,26285,85,131,0,16777446,0x010000E6,critter,,00000230.pro,67108905,cleo.int,8
2087/inventory/0,1,280680,1,2095,-1,,,0,4,0x00000004,item,weapon,00000012.pro,-1,,0
2087/inventory/1,1,280780,1,2096,-1,,,0,40,0x00000028,item,drug,00000040.pro,-1,,0
2087/inventory/2,1,280872,1,2097,-1,,,0,25,0x00000019,item,weapon,00000025.pro,-1,,0
2087/inventory/3,2,280972,1,2098,-1,,,0,45,0x0000002D,item,weapon,00000045.pro,-1,,0
2087/inventory/4,1,281072,1,2099,-1,,,0,84,0x00000054,item,misc,00000084.pro,-1,,0
2087/inventory/5,5,281168,1,2100,-1,,,0,79,0x0000004F,item,weapon,00000079.pro,-1,,0
2087/inventory/6,1,281268,1,2101,-1,,,0,87,0x00000057,item,drug,00000087.pro,-1,,0
2087/inventory/7,1,281360,1,2102,-1,,,0,124,0x0000007C,item,drug,00000124.pro,-1,,0
2088,,281448,1,2104,26289,89,131,0,33555108,0x020002A4,scenery,generic,00000677.pro,-1,,0
2089,,281536,1,2109,26296,96,131,0,50332242,0x03000252,wall,,00000594.pro,-1,,0
2090,,281624,1,2110,26297,97,131,0,50331878,0x030000E6,wall,,00000230.pro,-1,,0
2091,,281712,1,2116,26319,119,131,0,83886092,0x0500000C,misc,,00000012.pro,-1,,0
2092,,281800,1,2117,26320,120,131,0,83886092,0x0500000C,misc,,00000012.pro,-1,,0
2093,,281888,1,2118,26464,64,132,0,83886092,0x0500000C,misc,,00000012.pro,-1,,0
2094,,281976,1,2119,26476,76,132,0,50332243,0x03000253,wall,,00000595.pro,-1,,0
2095,,282064,1,2120,26477,77,132,0,33554499,0x02000043,scenery,generic,00000068.pro,-1,,0
2096,,282152,1,2121,26479,79,132,5,16777339,0x0100007B,critter,,00000123.pro,67108868,jasmine.int,3
2096/inventory/0,1,282284,1,2122,-1,,,0,4,0x00000004,item,weapon,00000012.pro,-1,,0
2096/inventory/1,1,282384,1,2123,-1,,,0,8,0x00000008,item,weapon,00000004.pro,-1,,0
2096/inventory/2,2,282484,1,2124,-1,,,0,30,0x0000001E,item,ammo,00000030.pro,-1,,0
2097,,282576,1,2127,26490,90,132,1,16777450,0x010000EA,critter,,00000234.pro,67108904,hubsmity.int,0
2098,,282704,1,2128,26496,96,132,0,50332243,0x03000253,wall,,00000595.pro,-1,,0
2099,,282792,1,2129,26497,97,132,0,50331881,0x030000E9,wall,,00000233.pro,-1,,0
2100,,282880,1,2134,26520,120,132,0,83886092,0x0500000C,misc,,00000012.pro,-1,,0
2101,,282968,1,2135,26665,65,133,0,83886092,0x0500000C,misc,,00000012.pro,-1,,0
2102,,283056,1,2136,26676,76,133,0,50332249,0x03000259,wall,,00000601.pro,-1,,0
2103,,283144,1,2137,26677,77,133,0,33554499,0x02000043,scenery,generic,00000068.pro,-1,,0
2104,,283232,1,2138,26677,77,133,0,150,0x00000096,item,misc,00000150.pro,-1,,0
2105,,283324,1,2139,26682,82,133,0,33555100,0x0200029C,scenery,generic,00000669.pro,-1,,0
2106,,283412,1,2140,26684,84,133,0,33555098,0x0200029A,scenery,generic,00000667.pro,-1,,0
2107,,283500,1,2143,26696,96,133,0,50332246,0x03000256,wall,,00000598.pro,-1,,0
2108,,283588,1,2144,26697,97,133,0,50331878,0x030000E6,wall,,00000230.pro,-1,,0
2109,,283676,1,2149,26721,121,133,0,83886092,0x0500000C,misc,,00000012.pro,-1,,0
2110,,283764,1,2150,26865,65,134,0,83886092,0x0500000C,misc,,00000012.pro,-1,,0
2111,,283852,1,2151,26866,66,134,0,83886092,0x0500000C,misc,,00000012.pro,-1,,0
2112,,283940,1,2152,26876,76,134,0,50332246,0x03000256,wall,,00000598.pro,-1,,0
2113,,284028,1,2153,26877,77,134,0,33554499,0x02000043,scenery,generic,00000068.pro,-1,,0
2114,,284116,1,2154,26880,80,134,0,33554573,0x0200008D,scenery,generic,00000142.pro,-1,,0
2115,,284204,1,2155,26882,82,134,0,33554499,0x02000043,scenery,generic,00000068.pro,-1,,0
2116,,284292,1,2156,26884,84,134,0,33554499,0x02000043,scenery,generic,00000068.pro,-1,,0
2117,,284380,1,2157,26886,86,134,0,33555099,0x0200029B,scenery,generic,00000668.pro,-1,,0
2118,,284468,1,2159,26888,88,134,0,33555098,0x0200029A,scenery,generic,00000667.pro,-1,,0
2119,,284556,1,2160,26896,96,134,0,50332249,0x03000259,wall,,00000601.pro,-1,,0
2120,,284644,1,2161,26897,97,134,0,50331880,0x030000E8,wall,,00000232.pro,-1,,0
2121,,284732,1,2166,26921,121,134,0,83886092,0x0500000C,misc,,00000012.pro,-1,,0
2122,,284820,1,2167,26922,122,134,0,83886092,0x0500000C,misc,,00000012.pro,-1,,0
2123,,284908,1,2168,27066,66,135,0,83886092,0x0500000C,misc,,00000012.pro,-1,,0
2124,,284996,1,2169,27076,76,135,0,50332243,0x03000253,wall,,00000595.pro,-1,,0
2125,,285084,1,2170,27077,77,135,0,33554499,0x02000043,scenery,generic,00000068.pro,-1,,0
2126,,285172,1,2171,27077,77,135,0,147,0x00000093,item,container,00000147.pro,-1,,0
2127,,285260,1,2172,27081,81,135,0,33554499,0x02000043,scenery,generic,00000068.pro,-1,,0
2128,,285348,1,2173,27082,82,135,0,33554499,0x02000043,scenery,generic,00000068.pro,-1,,0
2129,,285436,1,2174,27083,83,135,0,33554499,0x02000043,scenery,generic,00000068.pro,-1,,0
2130,,285524,1,2175,27084,84,135,0,33554499,0x02000043,scenery,generic,00000068.pro,-1,,0
2131,,285612,1,2176,27085,85,135,0,33554499,0x02000043,scenery,generic,00000068.pro,-1,,0
2132,,285700,1,2178,27087,87,135,0,33554499,0x02000043,scenery,generic,00000068.pro,-1,,0
2133,,285788,1,2180,27088,88,135,0,33554573,0x0200008D,scenery,generic,00000142.pro,-1,,0
2134,,285876,1,2181,27089,89,135,0,33554499,0x02000043,scenery,generic,00000068.pro,-1,,0
2135,,285964,1,2182,27090,90,135,0,33554499,0x02000043,scenery,generic,00000068.pro,-1,,0
2136,,286052,1,2183,27096,96,135,0,50332243,0x03000253,wall,,00000595.pro,-1,,0
2137,,286140,1,2184,27097,97,135,0,50331881,0x030000E9,wall,,00000233.pro,-1,,0
2138,,286228,1,2189,27122,122,135,0,83886092,0x0500000C,misc,,00000012.pro,-1,,0
2139,,286316,1,2190,27267,67,136,0,83886092,0x0500000C,misc,,00000012.pro,-1,,0
2140,,286404,1,2191,27276,76,136,0,50332249,0x03000259,wall,,00000601.pro,-1,,0
2141,,286492,1,2192,27277,77,136,0,33554499,0x02000043,scenery,generic,00000068.pro,-1,,0
2142,,286580,1,2193,27281,81,136,0,33554499,0x02000043,scenery,generic,00000068.pro,-1,,0
2143,,286668,1,2194,27282,82,136,0,33554499,0x02000043,scenery,generic,00000068.pro,-1,,0
2144,,286756,1,2195,27283,83,136,0,33554573,0x0200008D,scenery,generic,00000142.pro,-1,,0
2145,,286844,1,2196,27283,83,136,0,33554925,0x020001ED,scenery,generic,00000494.pro,-1,,0
2146,,286932,1,2197,27285,85,136,0,33554499,0x02000043,scenery,generic,00000068.pro,-1,,0
2147,,287020,1,2198,27286,86,136,0,33554499,0x02000043,scenery,generic,00000068.pro,-1,,0
2148,,287108,1,2200,27288,88,136,0,33554926,0x020001EE,scenery,generic,00000495.pro,-1,,0
2149,,287196,1,2201,27290,90,136,0,33554499,0x02000043,scenery,generic,00000068.pro,-1,,0
2150,,287284,1,2202,27291,91,136,0,33555095,0x02000297,scenery,generic,00000664.pro,-1,,0
2151,,287372,1,2203,27296,96,136,0,50332246,0x03000256,wall,,00000598.pro,-1,,0
2152,,287460,1,2204,27297,97,136,0,50331878,0x030000E6,wall,,00000230.pro,-1,,0
2153,,287548,1,2210,27320,120,136,0,83886092,0x0500000C,misc,,00000012.pro,-1,,0
2154,,287636,1,2211,27321,121,136,0,83886092,0x0500000C,misc,,00000012.pro,-1,,0
2155,,287724,1,2212,27322,122,136,0,83886092,0x0500000C,misc,,00000012.pro,-1,,0
2156,,287812,1,2213,27323,123,136,0,83886092,0x0500000C,misc,,00000012.pro,-1,,0
2157,,287900,1,2214,27467,67,137,0,83886092,0x0500000C,misc,,00000012.pro,-1,,0
2158,,287988,1,2215,27468,68,137,0,83886092,0x0500000C,misc,,00000012.pro,-1,,0
2159,,288076,1,2216,27476,76,137,0,50332246,0x03000256,wall,,00000598.pro,-1,,0
2160,,288164,1,2217,27477,77,137,0,33554499,0x02000043,scenery,generic,00000068.pro,-1,,0
2161,,288252,1,2218,27477,77,137,0,148,0x00000094,item,misc,00000148.pro,-1,,0
2162,,288344,1,2219,27483,83,137,0,33555108,0x020002A4,scenery,generic,00000677.pro,-1,,0
2163,,288432,1,2220,27487,87,137,0,33555108,0x020002A4,scenery,generic,00000677.pro,-1,,0
2164,,288520,1,2222,27489,89,137,0,33555109,0x020002A5,scenery,generic,00000678.pro,-1,,0
2165,,288608,1,2224,27496,96,137,0,50332249,0x03000259,wall,,00000601.pro,-1,,0
2166,,288696,1,2226,27497,97,137,0,50331880,0x030000E8,wall,,00000232.pro,-1,,0
2167,,288784,1,2232,27518,118,137,0,83886092,0x0500000C,misc,,00000012.pro,-1,,0
2168,,288872,1,2233,27519,119,137,0,83886092,0x0500000C,misc,,00000012.pro,-1,,0
2169,,288960,1,2234,27520,120,137,0,83886092,0x0500000C,misc,,00000012.pro,-1,,0
2170,,289048,1,2235,27521,121,137,0,83886092,0x0500000C,misc,,00000012.pro,-1,,0
2171,,289136,1,2236,27668,68,138,0,83886092,0x0500000C,misc,,00000012.pro,-1,,0
2172,,289224,1,2237,27676,76,138,0,50332243,0x03000253,wall,,00000595.pro,-1,,0
2173,,289312,1,2238,27677,77,138,0,33554499,0x02000043,scenery,generic,00000068.pro,-1,,0
2174,,289400,1,2244,27696,96,138,0,50332243,0x03000253,wall,,00000595.pro,-1,,0
2175,,289488,1,2246,27697,97,138,0,50331881,0x030000E9,wall,,00000233.pro,-1,,0
2176,,289576,1,2250,27716,116,138,0,83886092,0x0500000C,misc,,00000012.pro,-1,,0
2177,,289664,1,2251,27717,117,138,0,83886092,0x0500000C,misc,,00000012.pro,-1,,0
2178,,289752,1,2252,27718,118,138,0,83886092,0x0500000C,misc,,00000012.pro,-1,,0
2179,,289840,1,2253,27719,119,138,0,83886092,0x0500000C,misc,,00000012.pro,-1,,0
2180,,289928,1,2254,27869,69,139,0,83886092,0x0500000C,misc,,00000012.pro,-1,,0
2181,,290016,1,2255,27876,76,139,0,50332249,0x03000259,wall,,00000601.pro,-1,,0
2182,,290104,1,2261,27896,96,139,0,50332246,0x03000256,wall,,00000598.pro,-1,,0
2183,,290192,1,2262,27897,97,139,0,50331878,0x030000E6,wall,,00000230.pro,-1,,0
2184,,290280,1,2266,27914,114,139,0,83886092,0x0500000C,misc,,00000012.pro,-1,,0
2185,,290368,1,2267,27915,115,139,0,83886092,0x0500000C,misc,,00000012.pro,-1,,0
2186,,290456,1,2268,27916,116,139,0,83886092,0x0500000C,misc,,00000012.pro,-1,,0
2187,,290544,1,2269,27917,117,139,0,83886092,0x0500000C,misc,,00000012.pro,-1,,0
2188,,290632,1,2270,28069,69,140,0,83886092,0x0500000C,misc,,00000012.pro,-1,,0
2189,,290720,1,2271,28070,70,140,0,83886092,0x0500000C,misc,,00000012.pro,-1,,0
2190,,290808,1,2272,28076,76,140,0,50332246,0x03000256,wall,,00000598.pro,-1,,0
2191,,290896,1,2276,28096,96,140,0,50332249,0x03000259,wall,,00000601.pro,-1,,0
2192,,290984,1,2277,28097,97,140,0,50331880,0x030000E8,wall,,00000232.pro,-1,,0
2193,,291072,1,2280,28112,112,140,0,83886092,0x0500000C,misc,,00000012.pro,-1,,0
2194,,291160,1,2281,28113,113,140,0,83886092,0x0500000C,misc,,00000012.pro,-1,,0
2195,,291248,1,2282,28114,114,140,0,83886092,0x0500000C,misc,,00000012.pro,-1,,0
2196,,291336,1,2283,28115,115,140,0,83886092,0x0500000C,misc,,00000012.pro,-1,,0
2197,,291424,1,2284,28270,70,141,0,83886092,0x0500000C,misc,,00000012.pro,-1,,0
2198,,291512,1,2285,28276,76,141,0,50332261,0x03000265,wall,,00000613.pro,-1,,0
2199,,291600,1,2286,28277,77,141,0,50332239,0x0300024F,wall,,00000591.pro,-1,,0
2200,,291688,1,2287,28278,78,141,0,50332234,0x0300024A,wall,,00000586.pro,-1,,0
2201,,291776,1,2288,28279,79,141,0,50332236,0x0300024C,wall,,00000588.pro,-1,,0
2202,,291864,1,2289,28280,80,141,0,50332257,0x03000261,wall,,00000609.pro,-1,,0
2203,,291952,1,2290,28281,81,141,0,50332236,0x0300024C,wall,,00000588.pro,-1,,0
2204,,292040,1,2291,28282,82,141,0,50332235,0x0300024B,wall,,00000587.pro,-1,,0
2205,,292128,1,2292,28283,83,141,0,50332238,0x0300024E,wall,,00000590.pro,-1,,0
2206,,292216,1,2293,28284,84,141,0,50332257,0x03000261,wall,,00000609.pro,-1,,0
2207,,292304,1,2294,28285,85,141,0,50332236,0x0300024C,wall,,00000588.pro,-1,,0
2208,,292392,1,2295,28286,86,141,0,50332240,0x03000250,wall,,00000592.pro,-1,,0
2209,,292480,1,2296,28287,87,141,0,50332238,0x0300024E,wall,,00000590.pro,-1,,0
2210,,292568,1,2297,28288,88,141,0,50332234,0x0300024A,wall,,00000586.pro,-1,,0
2211,,292656,1,2298,28289,89,141,0,50332231,0x03000247,wall,,00000583.pro,-1,,0
2212,,292744,1,2300,28291,91,141,0,50332236,0x0300024C,wall,,00000588.pro,-1,,0
2213,,292832,1,2301,28292,92,141,0,50332235,0x0300024B,wall,,00000587.pro,-1,,0
2214,,292920,1,2302,28293,93,141,0,50332239,0x0300024F,wall,,00000591.pro,-1,,0
2215,,293008,1,2303,28294,94,141,0,50332237,0x0300024D,wall,,00000589.pro,-1,,0
2216,,293096,1,2304,28295,95,141,0,50332238,0x0300024E,wall,,00000590.pro,-1,,0
2217,,293184,1,2305,28296,96,141,0,50332259,0x03000263,wall,,00000611.pro,-1,,0
2218,,293272,1,2306,28297,97,141,0,50331881,0x030000E9,wall,,00000233.pro,-1,,0
2219,,293360,1,2310,28310,110,141,0,83886092,0x0500000C,misc,,00000012.pro,-1,,0
2220,,293448,1,2312,28311,111,141,0,83886092,0x0500000C,misc,,00000012.pro,-1,,0
2221,,293536,1,2313,28312,112,141,0,83886092,0x0500000C,misc,,00000012.pro,-1,,0
2222,,293624,1,2314,28313,113,141,0,83886092,0x0500000C,misc,,00000012.pro,-1,,0
2223,,293712,1,2315,28471,71,142,0,83886092,0x0500000C,misc,,00000012.pro,-1,,0
2224,,293800,1,2316,28476,76,142,0,50332269,0x0300026D,wall,,00000621.pro,-1,,0
2225,,293888,1,2317,28477,77,142,0,50332270,0x0300026E,wall,,00000622.pro,-1,,0
2226,,293976,1,2318,28479,79,142,0,50332270,0x0300026E,wall,,00000622.pro,-1,,0
2227,,294064,1,2319,28480,80,142,0,50332269,0x0300026D,wall,,00000621.pro,-1,,0
2228,,294152,1,2320,28481,81,142,0,50332270,0x0300026E,wall,,00000622.pro,-1,,0
2229,,294240,1,2321,28483,83,142,0,50332270,0x0300026E,wall,,00000622.pro,-1,,0
2230,,294328,1,2322,28484,84,142,0,50332269,0x0300026D,wall,,00000621.pro,-1,,0
2231,,294416,1,2323,28485,85,142,0,50332270,0x0300026E,wall,,00000622.pro,-1,,0
2232,,294504,1,2324,28487,87,142,0,50332270,0x0300026E,wall,,00000622.pro,-1,,0
2233,,294592,1,2325,28489,89,142,0,50332270,0x0300026E,wall,,00000622.pro,-1,,0
2234,,294680,1,2326,28491,91,142,0,50332230,0x03000246,wall,,00000582.pro,-1,,0
2235,,294768,1,2327,28493,93,142,0,50332270,0x0300026E,wall,,00000622.pro,-1,,0
2236,,294856,1,2328,28493,93,142,0,60,0x0000003C,item,container,00000060.pro,-1,,0
2237,,294944,1,2329,28495,95,142,0,50332270,0x0300026E,wall,,00000622.pro,-1,,0
2238,,295032,1,2330,28496,96,142,0,50332269,0x0300026D,wall,,00000621.pro,-1,,0
2239,,295120,1,2331,28497,97,142,0,50331878,0x030000E6,wall,,00000230.pro,-1,,0
2240,,295208,1,2332,28508,108,142,0,83886092,0x0500000C,misc,,00000012.pro,-1,,0
2241,,295296,1,2333,28509,109,142,0,83886092,0x0500000C,misc,,00000012.pro,-1,,0
2242,,295384,1,2334,28510,110,142,0,83886092,0x0500000C,misc,,00000012.pro,-1,,0
2243,,295472,1,2336,28511,111,142,0,83886092,0x0500000C,misc,,00000012.pro,-1,,0
2244,,295560,1,2337,28671,71,143,0,83886092,0x0500000C,misc,,00000012.pro,-1,,0
2245,,295648,1,2338,28672,72,143,0,83886092,0x0500000C,misc,,00000012.pro,-1,,0
2246,,295736,1,2339,28676,76,143,0,50332242,0x03000252,wall,,00000594.pro,-1,,0
2247,,295824,1,2340,28680,80,143,0,50332242,0x03000252,wall,,00000594.pro,-1,,0
2248,,295912,1,2341,28684,84,143,0,50332242,0x03000252,wall,,00000594.pro,-1,,0
2249,,296000,1,2342,28685,85,143,0,33555112,0x020002A8,scenery,generic,00000681.pro,-1,,0
2250,,296088,1,2345,28687,87,143,0,33554499,0x02000043,scenery,generic,00000068.pro,-1,,0
2251,,296176,1,2354,28696,96,143,0,50332242,0x03000252,wall,,00000594.pro,-1,,0
2252,,296264,1,2356,28697,97,143,0,50331880,0x030000E8,wall,,00000232.pro,-1,,0
2253,,296352,1,2359,28706,106,143,0,83886092,0x0500000C,misc,,00000012.pro,-1,,0
2254,,296440,1,2360,28707,107,143,0,83886092,0x0500000C,misc,,00000012.pro,-1,,0
2255,,296528,1,2361,28708,108,143,0,83886092,0x0500000C,misc,,00000012.pro,-1,,0
2256,,296616,1,2362,28709,109,143,0,83886092,0x0500000C,misc,,00000012.pro,-1,,0
2257,,296704,1,2363,28872,72,144,0,83886092,0x0500000C,misc,,00000012.pro,-1,,0
2258,,296792,1,2364,28876,76,144,0,50332243,0x03000253,wall,,00000595.pro,-1,,0
2259,,296880,1,2365,28876,76,144,0,33555045,0x02000265,scenery,generic,00000614.pro,-1,,0
2260,,296968,1,2366,28876,76,144,0,33555047,0x02000267,scenery,generic,00000616.pro,50331666,Sink.int,0
2261,,297056,1,2367,28880,80,144,0,50332243,0x03000253,wall,,00000595.pro,-1,,0
2262,,297144,1,2368,28884,84,144,0,50332243,0x03000253,wall,,00000595.pro,-1,,0
2263,,297232,1,2370,28887,87,144,0,33554499,0x02000043,scenery,generic,00000068.pro,-1,,0
2264,,297320,1,2372,28889,89,144,3,16777371,0x0100009B,critter,,00000155.pro,67108867,Loxley.int,4
2264/inventory/0,1,297452,1,2373,-1,,,0,4,0x00000004,item,weapon,00000012.pro,-1,,0
2264/inventory/1,1,297552,1,2374,-1,,,0,10,0x0000000A,item,weapon,00000011.pro,-1,,0
2264/inventory/2,1,297652,1,2375,-1,,,0,33,0x00000021,item,ammo,00000033.pro,-1,,0
2264/inventory/3,1,297748,1,2376,-1,,,0,22,0x00000016,item,weapon,00000022.pro,-1,,0
2265,,297844,1,2380,28896,96,144,0,50332243,0x03000253,wall,,00000595.pro,-1,,0
2266,,297932,1,2382,28897,97,144,0,50331881,0x030000E9,wall,,00000233.pro,-1,,0
2267,,298020,1,2384,28904,104,144,0,83886092,0x0500000C,misc,,00000012.pro,-1,,0
2268,,298108,1,2385,28905,105,144,0,83886092,0x0500000C,misc,,00000012.pro,-1,,0
2269,,298196,1,2386,28906,106,144,0,83886092,0x0500000C,misc,,00000012.pro,-1,,0
2270,,298284,1,2387,28907,107,144,0,83886092,0x0500000C,misc,,00000012.pro,-1,,0
2271,,298372,1,2388,29073,73,145,0,83886092,0x0500000C,misc,,00000012.pro,-1,,0
2272,,298460,1,2389,29076,76,145,0,50332246,0x03000256,wall,,00000598.pro,-1,,0
2273,,298548,1,2390,29080,80,145,0,50332261,0x03000265,wall,,00000613.pro,-1,,0
2274,,298636,1,2391,29081,81,145,0,50332231,0x03000247,wall,,00000583.pro,-1,,0
2275,,298724,1,2392,29083,83,145,0,50332236,0x0300024C,wall,,00000588.pro,-1,,0
2276,,298812,1,2393,29084,84,145,0,50332263,0x03000267,wall,,00000615.pro,-1,,0
2277,,298900,1,2394,29085,85,145,0,33554499,0x02000043,scenery,generic,00000068.pro,-1,,0
2278,,298988,1,2395,29086,86,145,0,33554499,0x02000043,scenery,generic,00000068.pro,-1,,0
2279,,299076,1,2396,29087,87,145,0,33554499,0x02000043,scenery,generic,00000068.pro,-1,,0
2280,,299164,1,2398,29091,91,145,0,33554573,0x0200008D,scenery,generic,00000142.pro,-1,,0
2281,,299252,1,2399,29096,96,145,0,50332246,0x03000256,wall,,00000598.pro,-1,,0
2282,,299340,1,2400,29097,97,145,0,50331878,0x030000E6,wall,,00000230.pro,-1,,0
2283,,299428,1,2401,29102,102,145,0,83886092,0x0500000C,misc,,00000012.pro,-1,,0
2284,,299516,1,2402,29103,103,145,0,83886092,0x0500000C,misc,,00000012.pro,-1,,0
2285,,299604,1,2403,29104,104,145,0,83886092,0x0500000C,misc,,00000012.pro,-1,,0
2286,,299692,1,2404,29104,104,145,0,83886092,0x0500000C,misc,,00000012.pro,-1,,0
2287,,299780,1,2405,29105,105,145,0,83886092,0x0500000C,misc,,00000012.pro,-1,,0
2288,,299868,1,2406,29273,73,146,0,83886092,0x0500000C,misc,,00000012.pro,-1,,0
2289,,299956,1,2407,29274,74,146,0,83886092,0x0500000C,misc,,00000012.pro,-1,,0
2290,,300044,1,2408,29276,76,146,0,50332249,0x03000259,wall,,00000601.pro,-1,,0
2291,,300132,1,2409,29277,77,146,0,33555048,0x02000268,scenery,generic,00000617.pro,-1,,0
2292,,300220,1,2410,29280,80,146,0,50332247,0x03000257,wall,,00000599.pro,-1,,0
2293,,300308,1,2411,29281,81,146,0,50332270,0x0300026E,wall,,00000622.pro,-1,,0
2294,,300396,1,2412,29283,83,146,0,50332230,0x03000246,wall,,00000582.pro,-1,,0
2295,,300484,1,2414,29296,96,146,0,50332249,0x03000259,wall,,00000601.pro,-1,,0
2296,,300572,1,2415,29297,97,146,0,50331880,0x030000E8,wall,,00000232.pro,-1,,0
2297,,300660,1,2416,29300,100,146,0,83886092,0x0500000C,misc,,00000012.pro,-1,,0
2298,,300748,1,2417,29301,101,146,0,83886092,0x0500000C,misc,,00000012.pro,-1,,0
2299,,300836,1,2418,29302,102,146,0,83886092,0x0500000C,misc,,00000012.pro,-1,,0
2300,,300924,1,2419,29303,103,146,0,83886092,0x0500000C,misc,,00000012.pro,-1,,0
2301,,301012,1,2420,29474,74,147,0,83886092,0x0500000C,misc,,00000012.pro,-1,,0
2302,,301100,1,2421,29476,76,147,0,50332243,0x03000253,wall,,00000595.pro,-1,,0
2303,,301188,1,2423,29496,96,147,0,50332243,0x03000253,wall,,00000595.pro,-1,,0
2304,,301276,1,2424,29497,97,147,0,50331881,0x030000E9,wall,,00000233.pro,-1,,0
2305,,301364,1,2425,29498,98,147,0,83886092,0x0500000C,misc,,00000012.pro,-1,,0
2306,,301452,1,2426,29499,99,147,0,83886092,0x0500000C,misc,,00000012.pro,-1,,0
2307,,301540,1,2427,29500,100,147,0,83886092,0x0500000C,misc,,00000012.pro,-1,,0
2308,,301628,1,2428,29501,101,147,0,83886092,0x0500000C,misc,,00000012.pro,-1,,0
2309,,301716,1,2429,29675,75,148,0,83886092,0x0500000C,misc,,00000012.pro,-1,,0
2310,,301804,1,2430,29676,76,148,0,50332246,0x03000256,wall,,00000598.pro,-1,,0
2311,,301892,1,2431,29680,80,148,0,50332248,0x03000258,wall,,00000600.pro,-1,,0
2312,,301980,1,2433,29696,96,148,0,83886092,0x0500000C,misc,,00000012.pro,-1,,0
2313,,302068,1,2434,29696,96,148,0,50332246,0x03000256,wall,,00000598.pro,-1,,0
2314,,302156,1,2435,29697,97,148,0,83886092,0x0500000C,misc,,00000012.pro,-1,,0
2315,,302244,1,2436,29697,97,148,0,50331878,0x030000E6,wall,,00000230.pro,-1,,0
2316,,302332,1,2437,29698,98,148,0,83886092,0x0500000C,misc,,00000012.pro,-1,,0
2317,,302420,1,2438,29699,99,148,0,83886092,0x0500000C,misc,,00000012.pro,-1,,0
2318,,302508,1,2439,29875,75,149,0,83886092,0x0500000C,misc,,00000012.pro,-1,,0
2319,,302596,1,2440,29876,76,149,0,83886092,0x0500000C,misc,,00000012.pro,-1,,0
2320,,302684,1,2441,29876,76,149,0,50332258,0x03000262,wall,,00000610.pro,-1,,0
2321,,302772,1,2442,29877,77,149,0,50332236,0x0300024C,wall,,00000588.pro,-1,,0
2322,,302860,1,2443,29878,78,149,0,50332240,0x03000250,wall,,00000592.pro,-1,,0
2323,,302948,1,2444,29879,79,149,0,50332239,0x0300024F,wall,,00000591.pro,-1,,0
2324,,303036,1,2445,29880,80,149,0,50332262,0x03000266,wall,,00000614.pro,-1,,0
2325,,303124,1,2446,29881,81,149,0,50332236,0x0300024C,wall,,00000588.pro,-1,,0
2326,,303212,1,2447,29882,82,149,0,50332237,0x0300024D,wall,,00000589.pro,-1,,0
2327,,303300,1,2448,29883,83,149,0,50332236,0x0300024C,wall,,00000588.pro,-1,,0
2328,,303388,1,2449,29884,84,149,0,50332235,0x0300024B,wall,,00000587.pro,-1,,0
2329,,303476,1,2450,29885,85,149,0,50332238,0x0300024E,wall,,00000590.pro,-1,,0
2330,,303564,1,2451,29886,86,149,0,50332234,0x0300024A,wall,,00000586.pro,-1,,0
2331,,303652,1,2452,29887,87,149,0,50332239,0x0300024F,wall,,00000591.pro,-1,,0
2332,,303740,1,2453,29888,88,149,0,50332240,0x03000250,wall,,00000592.pro,-1,,0
2333,,303828,1,2454,29889,89,149,0,50332238,0x0300024E,wall,,00000590.pro,-1,,0
2334,,303916,1,2456,29890,90,149,0,50332237,0x0300024D,wall,,00000589.pro,-1,,0
2335,,304004,1,2457,29891,91,149,0,50332236,0x0300024C,wall,,00000588.pro,-1,,0
2336,,304092,1,2458,29892,92,149,0,50332235,0x0300024B,wall,,00000587.pro,-1,,0
2337,,304180,1,2459,29893,93,149,0,50332236,0x0300024C,wall,,00000588.pro,-1,,0
2338,,304268,1,2460,29894,94,149,0,83886092,0x0500000C,misc,,00000012.pro,-1,,0
2339,,304356,1,2461,29894,94,149,0,50332234,0x0300024A,wall,,00000586.pro,-1,,0
2340,,304444,1,2462,29895,95,149,0,83886092,0x0500000C,misc,,00000012.pro,-1,,0
2341,,304532,1,2463,29895,95,149,0,50332238,0x0300024E,wall,,00000590.pro,-1,,0
2342,,304620,1,2464,29896,96,149,0,83886092,0x0500000C,misc,,00000012.pro,-1,,0
2343,,304708,1,2465,29896,96,149,0,50332263,0x03000267,wall,,00000615.pro,-1,,0
2344,,304796,1,2466,29897,97,149,0,83886092,0x0500000C,misc,,00000012.pro,-1,,0
2345,,304884,1,2467,29897,97,149,0,50331880,0x030000E8,wall,,00000232.pro,-1,,0
2346,,304972,1,2468,30076,76,150,0,50332270,0x0300026E,wall,,00000622.pro,-1,,0
2347,,305060,1,2469,30076,76,150,0,83886092,0x0500000C,misc,,00000012.pro,-1,,0
2348,,305148,1,2470,30078,78,150,0,50331877,0x030000E5,wall,,00000229.pro,-1,,0
2349,,305236,1,2471,30080,80,150,0,50331873,0x030000E1,wall,,00000225.pro,-1,,0
2350,,305324,1,2472,30082,82,150,0,50331875,0x030000E3,wall,,00000227.pro,-1,,0
2351,,305412,1,2473,30084,84,150,0,50331877,0x030000E5,wall,,00000229.pro,-1,,0
2352,,305500,1,2474,30086,86,150,0,50331873,0x030000E1,wall,,00000225.pro,-1,,0
2353,,305588,1,2475,30088,88,150,0,50331875,0x030000E3,wall,,00000227.pro,-1,,0
2354,,305676,1,2476,30090,90,150,0,50331877,0x030000E5,wall,,00000229.pro,-1,,0
2355,,305764,1,2477,30092,92,150,0,83886092,0x0500000C,misc,,00000012.pro,-1,,0
2356,,305852,1,2478,30092,92,150,0,50331873,0x030000E1,wall,,00000225.pro,-1,,0
2357,,305940,1,2479,30093,93,150,0,83886092,0x0500000C,misc,,00000012.pro,-1,,0
2358,,306028,1,2480,30094,94,150,0,83886092,0x0500000C,misc,,00000012.pro,-1,,0
2359,,306116,1,2481,30094,94,150,0,50331875,0x030000E3,wall,,00000227.pro,-1,,0
2360,,306204,1,2482,30095,95,150,0,83886092,0x0500000C,misc,,00000012.pro,-1,,0
2361,,306292,1,2483,30096,96,150,0,50331877,0x030000E5,wall,,00000229.pro,-1,,0
2362,,306380,1,2484,30097,97,150,0,50331881,0x030000E9,wall,,00000233.pro,-1,,0
2363,,306468,1,2485,30277,77,151,0,83886092,0x0500000C,misc,,00000012.pro,-1,,0
2364,,306556,1,2486,30277,77,151,0,50331872,0x030000E0,wall,,00000224.pro,-1,,0
2365,,306644,1,2487,30279,79,151,0,50331876,0x030000E4,wall,,00000228.pro,-1,,0
2366,,306732,1,2488,30281,81,151,0,50331874,0x030000E2,wall,,00000226.pro,-1,,0
2367,,306820,1,2489,30283,83,151,0,50331872,0x030000E0,wall,,00000224.pro,-1,,0
2368,,306908,1,2490,30285,85,151,0,50331876,0x030000E4,wall,,00000228.pro,-1,,0
2369,,306996,1,2491,30287,87,151,0,50331874,0x030000E2,wall,,00000226.pro,-1,,0
2370,,307084,1,2492,30289,89,151,0,50331872,0x030000E0,wall,,00000224.pro,-1,,0
2371,,307172,1,2493,30290,90,151,0,83886092,0x0500000C,misc,,00000012.pro,-1,,0
2372,,307260,1,2494,30291,91,151,0,83886092,0x0500000C,misc,,00000012.pro,-1,,0
2373,,307348,1,2495,30291,91,151,0,50331876,0x030000E4,wall,,00000228.pro,-1,,0
2374,,307436,1,2496,30292,92,151,0,83886092,0x0500000C,misc,,00000012.pro,-1,,0
2375,,307524,1,2497,30293,93,151,0,83886092,0x0500000C,misc,,00000012.pro,-1,,0
2376,,307612,1,2498,30293,93,151,0,50331874,0x030000E2,wall,,00000226.pro,-1,,0
2377,,307700,1,2499,30295,95,151,0,50331872,0x030000E0,wall,,00000224.pro,-1,,0
2378,,307788,1,2500,30297,97,151,0,50332301,0x0300028D,wall,,00000653.pro,-1,,0
2379,,307876,1,2501,30477,77,152,0,83886092,0x0500000C,misc,,00000012.pro,-1,,0
2380,,307964,1,2502,30478,78,152,0,83886092,0x0500000C,misc,,00000012.pro,-1,,0
2381,,308052,1,2503,30488,88,152,0,83886092,0x0500000C,misc,,00000012.pro,-1,,0
2382,,308140,1,2504,30489,89,152,0,83886092,0x0500000C,misc,,00000012.pro,-1,,0
2383,,308228,1,2505,30490,90,152,0,83886092,0x0500000C,misc,,00000012.pro,-1,,0
2384,,308316,1,2506,30491,91,152,0,83886092,0x0500000C,misc,,00000012.pro,-1,,0
2385,,308404,1,2507,30678,78,153,0,83886092,0x0500000C,misc,,00000012.pro,-1,,0
2386,,308492,1,2508,30686,86,153,0,83886092,0x0500000C,misc,,00000012.pro,-1,,0
2387,,308580,1,2509,30687,87,153,0,83886092,0x0500000C,misc,,00000012.pro,-1,,0
2388,,308668,1,2510,30688,88,153,0,83886092,0x0500000C,misc,,00000012.pro,-1,,0
2389,,308756,1,2511,30689,89,153,0,83886092,0x0500000C,misc,,00000012.pro,-1,,0
2390,,308844,1,2512,30879,79,154,0,83886092,0x0500000C,misc,,00000012.pro,-1,,0
2391,,308932,1,2513,30884,84,154,0,83886092,0x0500000C,misc,,00000012.pro,-1,,0
2392,,309020,1,2514,30885,85,154,0,83886092,0x0500000C,misc,,00000012.pro,-1,,0
2393,,309108,1,2515,30886,86,154,0,83886092,0x0500000C,misc,,00000012.pro,-1,,0
2394,,309196,1,2516,30887,87,154,0,83886092,0x0500000C,misc,,00000012.pro,-1,,0
2395,,309284,1,2517,31079,79,155,0,83886092,0x0500000C,misc,,00000012.pro,-1,,0
2396,,309372,1,2518,31080,80,155,0,83886092,0x0500000C,misc,,00000012.pro,-1,,0
2397,,309460,1,2519,31082,82,155,0,83886092,0x0500000C,misc,,00000012.pro,-1,,0
2398,,309548,1,2520,31083,83,155,0,83886092,0x0500000C,misc,,00000012.pro,-1,,0
2399,,309636,1,2521,31084,84,155,0,83886092,0x0500000C,misc,,00000012.pro,-1,,0
2400,,309724,1,2522,31085,85,155,0,83886092,0x0500000C,misc,,00000012.pro,-1,,0
2401,,309812,1,2523,31280,80,156,0,83886092,0x0500000C,misc,,00000012.pro,-1,,0
2402,,309900,1,2524,31281,81,156,0,83886092,0x0500000C,misc,,00000012.pro,-1,,0
2403,,309988,1,2525,31282,82,156,0,83886092,0x0500000C,misc,,00000012.pro,-1,,0
2404,,310076,1,2526,31283,83,156,0,83886092,0x0500000C,misc,,00000012.pro,-1,,0
2405,,310164,1,2527,31481,81,157,0,83886092,0x0500000C,misc,,00000012.pro,-1,,0
