path,inventory_quantity,file_offset,elevation_group,object_id,tile,tile_x,tile_y,rotation,pid,pid_hex,prototype_type,prototype_subtype,prototype_filename,script_id,script_filename,inventory_length
0,,43408,0,25,0,0,0,0,3,0x00000003,item,armor,00000014.pro,-1,,0
1,,43496,0,26,4711,111,23,0,33554536,0x02000068,scenery,generic,00000105.pro,-1,,0
2,,43584,0,27,6526,126,32,0,33554776,0x02000158,scenery,generic,00000345.pro,-1,,0
3,,43672,0,28,6688,88,33,0,33554776,0x02000158,scenery,generic,00000345.pro,-1,,0
4,,43760,0,29,6689,89,33,0,33554776,0x02000158,scenery,generic,00000345.pro,-1,,0
5,,43848,0,30,6690,90,33,0,50332157,0x030001FD,wall,,00000509.pro,-1,,0
6,,43936,0,31,6715,115,33,0,33554534,0x02000066,scenery,generic,00000103.pro,-1,,0
7,,44024,0,32,6726,126,33,0,33554776,0x02000158,scenery,generic,00000345.pro,-1,,0
8,,44112,0,33,6886,86,34,0,33554776,0x02000158,scenery,generic,00000345.pro,-1,,0
9,,44200,0,34,6887,87,34,0,33554776,0x02000158,scenery,generic,00000345.pro,-1,,0
10,,44288,0,35,6890,90,34,0,50332289,0x03000281,wall,,00000641.pro,-1,,0
11,,44376,0,36,6914,114,34,0,33554535,0x02000067,scenery,generic,00000104.pro,-1,,0
12,,44464,0,37,6927,127,34,0,33554776,0x02000158,scenery,generic,00000345.pro,-1,,0
13,,44552,0,38,7084,84,35,0,33554776,0x02000158,scenery,generic,00000345.pro,-1,,0
14,,44640,0,39,7085,85,35,0,33554776,0x02000158,scenery,generic,00000345.pro,-1,,0
15,,44728,0,40,7090,90,35,0,50332156,0x030001FC,wall,,00000508.pro,-1,,0
16,,44816,0,41,7113,113,35,0,33554537,0x02000069,scenery,generic,00000106.pro,-1,,0
17,,44904,0,42,7122,122,35,0,50332270,0x0300026E,wall,,00000622.pro,-1,,0
18,,44992,0,43,7127,127,35,0,33554776,0x02000158,scenery,generic,00000345.pro,-1,,0
19,,45080,0,44,7128,128,35,0,33554776,0x02000158,scenery,generic,00000345.pro,-1,,0
20,,45168,0,45,7282,82,36,0,33554776,0x02000158,scenery,generic,00000345.pro,-1,,0
21,,45256,0,46,7283,83,36,0,33554776,0x02000158,scenery,generic,00000345.pro,-1,,0
22,,45344,0,47,7290,90,36,0,50332155,0x030001FB,wall,,00000507.pro,-1,,0
23,,45432,0,48,7322,122,36,0,50332282,0x0300027A,wall,,00000634.pro,-1,,0
24,,45520,0,49,7328,128,36,0,33554776,0x02000158,scenery,generic,00000345.pro,-1,,0
25,,45608,0,50,7480,80,37,0,33554776,0x02000158,scenery,generic,00000345.pro,-1,,0
26,,45696,0,51,7481,81,37,0,33554776,0x02000158,scenery,generic,00000345.pro,-1,,0
27,,45784,0,52,7490,90,37,0,50332157,0x030001FD,wall,,00000509.pro,-1,,0
28,,45872,0,53,7492,92,37,0,33554724,0x02000124,scenery,generic,00000293.pro,-1,,0
29,,45960,0,54,7504,104,37,0,50332270,0x0300026E,wall,,00000622.pro,-1,,0
30,,46048,0,55,7522,122,37,0,50332242,0x03000252,wall,,00000594.pro,-1,,0
31,,46136,0,56,7529,129,37,0,33554776,0x02000158,scenery,generic,00000345.pro,-1,,0
32,,46224,0,57,7678,78,38,0,33554776,0x02000158,scenery,generic,00000345.pro,-1,,0
33,,46312,0,58,7679,79,38,0,33554776,0x02000158,scenery,generic,00000345.pro,-1,,0
34,,46400,0,59,7690,90,38,0,50332288,0x03000280,wall,,00000640.pro,-1,,0
35,,46488,0,60,7704,104,38,0,50332282,0x0300027A,wall,,00000634.pro,-1,,0
36,,46576,0,61,7712,112,38,0,83886092,0x0500000C,misc,,00000012.pro,-1,,0
37,,46664,0,62,7713,113,38,0,83886092,0x0500000C,misc,,00000012.pro,-1,,0
38,,46752,0,63,7714,114,38,0,83886092,0x0500000C,misc,,00000012.pro,-1,,0
39,,46840,0,64,7722,122,38,0,50332243,0x03000253,wall,,00000595.pro,-1,,0
40,,46928,0,65,7729,129,38,0,33554776,0x02000158,scenery,generic,00000345.pro,-1,,0
41,,47016,0,66,7730,130,38,0,33554776,0x02000158,scenery,generic,00000345.pro,-1,,0
42,,47104,0,67,7876,76,39,0,33554776,0x02000158,scenery,generic,00000345.pro,-1,,0
43,,47192,0,68,7877,77,39,0,33554776,0x02000158,scenery,generic,00000345.pro,-1,,0
44,,47280,0,69,7890,90,39,0,50332156,0x030001FC,wall,,00000508.pro,-1,,0
45,,47368,0,70,7904,104,39,0,50332242,0x03000252,wall,,00000594.pro,-1,,0
46,,47456,0,71,7910,110,39,0,83886092,0x0500000C,misc,,00000012.pro,-1,,0
47,,47544,0,72,7911,111,39,0,83886092,0x0500000C,misc,,00000012.pro,-1,,0
48,,47632,0,73,7912,112,39,0,83886092,0x0500000C,misc,,00000012.pro,-1,,0
49,,47720,0,74,7913,113,39,0,83886092,0x0500000C,misc,,00000012.pro,-1,,0
50,,47808,0,75,7914,114,39,0,83886092,0x0500000C,misc,,00000012.pro,-1,,0
51,,47896,0,76,7922,122,39,0,50332249,0x03000259,wall,,00000601.pro,-1,,0
52,,47984,0,77,7930,130,39,0,33554776,0x02000158,scenery,generic,00000345.pro,-1,,0
53,,48072,0,78,8076,76,40,0,33554776,0x02000158,scenery,generic,00000345.pro,-1,,0
54,,48160,0,79,8090,90,40,0,50332155,0x030001FB,wall,,00000507.pro,-1,,0
55,,48248,0,80,8104,104,40,0,50332243,0x03000253,wall,,00000595.pro,-1,,0
56,,48336,0,81,8108,108,40,0,83886092,0x0500000C,misc,,00000012.pro,-1,,0
57,,48424,0,82,8109,109,40,0,83886092,0x0500000C,misc,,00000012.pro,-1,,0
58,,48512,0,83,8110,110,40,0,83886092,0x0500000C,misc,,00000012.pro,-1,,0
59,,48600,0,84,8111,111,40,0,83886092,0x0500000C,misc,,00000012.pro,-1,,0
60,,48688,0,85,8115,115,40,0,83886092,0x0500000C,misc,,00000012.pro,-1,,0
61,,48776,0,86,8122,122,40,0,50332246,0x03000256,wall,,00000598.pro,-1,,0
62,,48864,0,87,8131,131,40,0,33554776,0x02000158,scenery,generic,00000345.pro,-1,,0
63,,48952,0,88,8276,76,41,0,50332151,0x030001F7,wall,,00000503.pro,-1,,0
64,,49040,0,89,8277,77,41,0,135,0x00000087,item,container,00000135.pro,50331650,GunCache.int,32
64/inventory/0,1,49132,0,105,-1,,,0,13,0x0000000D,item,weapon,00000007.pro,-1,,0
64/inventory/1,3,49232,0,111,-1,,,0,14,0x0000000E,item,ammo,00000008.pro,-1,,0
64/inventory/2,10,49328,0,131,-1,,,0,37,0x00000025,item,ammo,00000037.pro,-1,,0
64/inventory/3,14,49424,0,160,-1,,,0,29,0x0000001D,item,ammo,00000029.pro,-1,,0
64/inventory/4,14,49520,0,192,-1,,,0,30,0x0000001E,item,ammo,00000030.pro,-1,,0
64/inventory/5,20,49616,0,855,-1,,,0,35,0x00000023,item,ammo,00000035.pro,-1,,0
64/inventory/6,20,49712,0,904,-1,,,0,36,0x00000024,item,ammo,00000036.pro,-1,,0
64/inventory/7,21,49808,0,941,-1,,,0,34,0x00000022,item,ammo,00000034.pro,-1,,0
64/inventory/8,11,49904,0,692,-1,,,0,33,0x00000021,item,ammo,00000033.pro,-1,,0
64/inventory/9,6,50000,0,705,-1,,,0,26,0x0000001A,item,weapon,00000026.pro,-1,,0
64/inventory/10,14,50100,0,775,-1,,,0,25,0x00000019,item,weapon,00000025.pro,-1,,0
64/inventory/11,2,50200,0,793,-1,,,0,15,0x0000000F,item,weapon,00000015.pro,-1,,0
64/inventory/12,2,50300,0,799,-1,,,0,11,0x0000000B,item,weapon,00000010.pro,-1,,0
64/inventory/13,1,50400,0,801,-1,,,0,12,0x0000000C,item,weapon,00000006.pro,-1,,0
64/inventory/14,2,50500,0,805,-1,,,0,24,0x00000018,item,weapon,00000024.pro,-1,,0
64/inventory/15,1,50600,0,807,-1,,,0,27,0x0000001B,item,weapon,00000027.pro,-1,,0
64/inventory/16,10,50700,0,977,-1,,,0,38,0x00000026,item,ammo,00000038.pro,-1,,0
64/inventory/17,10,50796,0,1013,-1,,,0,39,0x00000027,item,ammo,00000039.pro,-1,,0
64/inventory/18,2,50892,0,1027,-1,,,0,23,0x00000017,item,weapon,00000023.pro,-1,,0
64/inventory/19,18,50992,0,1254,-1,,,0,95,0x0000005F,item,ammo,00000095.pro,-1,,0
64/inventory/20,1,51088,0,1058,-1,,,0,160,0x000000A0,item,weapon,00000160.pro,-1,,0
64/inventory/21,1,51188,0,1067,-1,,,0,235,0x000000EB,item,weapon,00000235.pro,-1,,0
64/inventory/22,2,51288,0,1071,-1,,,0,234,0x000000EA,item,weapon,00000234.pro,-1,,0
64/inventory/23,2,51388,0,1076,-1,,,0,242,0x000000F2,item,weapon,00000242.pro,-1,,0
64/inventory/24,2,51488,0,1087,-1,,,0,236,0x000000EC,item,weapon,00000236.pro,-1,,0
64/inventory/25,4,51588,0,1118,-1,,,0,8,0x00000008,item,weapon,00000004.pro,-1,,0
64/inventory/26,4,51688,0,1138,-1,,,0,9,0x00000009,item,weapon,00000002.pro,-1,,0
64/inventory/27,4,51788,0,1157,-1,,,0,32,0x00000020,item,ammo,00000032.pro,-1,,0
64/inventory/28,1,51884,0,1160,-1,,,0,17,0x00000011,item,armor,00000017.pro,-1,,0
64/inventory/29,7,51976,0,1184,-1,,,0,31,0x0000001F,item,ammo,00000031.pro,-1,,0
64/inventory/30,8,52072,0,1222,-1,,,0,111,0x0000006F,item,ammo,00000111.pro,-1,,0
64/inventory/31,1,52168,0,1228,-1,,,0,116,0x00000074,item,weapon,00000116.pro,-1,,0
65,,52264,0,117,8277,77,41,0,50332153,0x030001F9,wall,,00000505.pro,-1,,0
66,,52352,0,118,8278,78,41,0,50332147,0x030001F3,wall,,00000499.pro,-1,,0
67,,52440,0,119,8279,79,41,0,50332150,0x030001F6,wall,,00000502.pro,-1,,0
68,,52528,0,120,8280,80,41,0,50332287,0x0300027F,wall,,00000639.pro,-1,,0
69,,52616,0,121,8281,81,41,0,50332153,0x030001F9,wall,,00000505.pro,-1,,0
70,,52704,0,122,8282,82,41,0,50332147,0x030001F3,wall,,00000499.pro,-1,,0
71,,52792,0,123,8283,83,41,0,50332150,0x030001F6,wall,,00000502.pro,-1,,0
72,,52880,0,124,8284,84,41,0,50332286,0x0300027E,wall,,00000638.pro,-1,,0
73,,52968,0,125,8285,85,41,0,50332153,0x030001F9,wall,,00000505.pro,-1,,0
74,,53056,0,126,8286,86,41,0,50332184,0x03000218,wall,,00000536.pro,-1,,0
75,,53144,0,127,8287,87,41,0,50332150,0x030001F6,wall,,00000502.pro,-1,,0
76,,53232,0,128,8288,88,41,0,50332151,0x030001F7,wall,,00000503.pro,-1,,0
77,,53320,0,129,8289,89,41,0,50332183,0x03000217,wall,,00000535.pro,-1,,0
78,,53408,0,130,8290,90,41,0,50332182,0x03000216,wall,,00000534.pro,-1,,0
79,,53496,0,131,8304,104,41,0,50332154,0x030001FA,wall,,00000506.pro,-1,,0
80,,53584,0,132,8305,105,41,0,50332150,0x030001F6,wall,,00000502.pro,-1,,0
81,,53672,0,133,8306,106,41,0,83886092,0x0500000C,misc,,00000012.pro,-1,,0
82,,53760,0,134,8306,106,41,0,50332147,0x030001F3,wall,,00000499.pro,-1,,0
83,,53848,0,135,8307,107,41,0,83886092,0x0500000C,misc,,00000012.pro,-1,,0
84,,53936,0,136,8307,107,41,0,50332153,0x030001F9,wall,,00000505.pro,-1,,0
85,,54024,0,137,8308,108,41,0,83886092,0x0500000C,misc,,00000012.pro,-1,,0
86,,54112,0,138,8308,108,41,0,50332151,0x030001F7,wall,,00000503.pro,-1,,0
87,,54200,0,139,8309,109,41,0,83886092,0x0500000C,misc,,00000012.pro,-1,,0
88,,54288,0,140,8309,109,41,0,50332150,0x030001F6,wall,,00000502.pro,-1,,0
89,,54376,0,141,8310,110,41,0,50332286,0x0300027E,wall,,00000638.pro,-1,,0
90,,54464,0,142,8311,111,41,0,50332153,0x030001F9,wall,,00000505.pro,-1,,0
91,,54552,0,143,8312,112,41,0,50332271,0x0300026F,wall,,00000623.pro,-1,,0
92,,54640,0,144,8313,113,41,0,50332270,0x0300026E,wall,,00000622.pro,-1,,0
93,,54728,0,145,8315,115,41,0,83886092,0x0500000C,misc,,00000012.pro,-1,,0
94,,54816,0,146,8316,116,41,0,83886092,0x0500000C,misc,,00000012.pro,-1,,0
95,,54904,0,147,8316,116,41,0,50332272,0x03000270,wall,,00000624.pro,-1,,0
96,,54992,0,148,8317,117,41,0,50332150,0x030001F6,wall,,00000502.pro,-1,,0
97,,55080,0,149,8318,118,41,0,50332286,0x0300027E,wall,,00000638.pro,-1,,0
98,,55168,0,150,8319,119,41,0,50332153,0x030001F9,wall,,00000505.pro,-1,,0
99,,55256,0,151,8320,120,41,0,50332147,0x030001F3,wall,,00000499.pro,-1,,0
100,,55344,0,152,8321,121,41,0,50332150,0x030001F6,wall,,00000502.pro,-1,,0
101,,55432,0,153,8322,122,41,0,50332256,0x03000260,wall,,00000608.pro,-1,,0
102,,55520,0,154,8322,122,41,0,50332151,0x030001F7,wall,,00000503.pro,-1,,0
103,,55608,0,155,8323,123,41,0,50332153,0x030001F9,wall,,00000505.pro,-1,,0
104,,55696,0,156,8324,124,41,0,50332147,0x030001F3,wall,,00000499.pro,-1,,0
105,,55784,0,157,8325,125,41,0,50332153,0x030001F9,wall,,00000505.pro,-1,,0
106,,55872,0,158,8326,126,41,0,50332287,0x0300027F,wall,,00000639.pro,-1,,0
107,,55960,0,159,8327,127,41,0,50332150,0x030001F6,wall,,00000502.pro,-1,,0
108,,56048,0,160,8328,128,41,0,50332147,0x030001F3,wall,,00000499.pro,-1,,0
109,,56136,0,161,8329,129,41,0,50332153,0x030001F9,wall,,00000505.pro,-1,,0
110,,56224,0,162,8330,130,41,0,50332151,0x030001F7,wall,,00000503.pro,-1,,0
111,,56312,0,163,8331,131,41,0,50332153,0x030001F9,wall,,00000505.pro,-1,,0
112,,56400,0,164,8332,132,41,0,33554776,0x02000158,scenery,generic,00000345.pro,-1,,0
113,,56488,0,165,8477,77,42,0,50332270,0x0300026E,wall,,00000622.pro,-1,,0
114,,56576,0,166,8479,79,42,0,50332270,0x0300026E,wall,,00000622.pro,-1,,0
115,,56664,0,167,8481,81,42,0,50332270,0x0300026E,wall,,00000622.pro,-1,,0
116,,56752,0,168,8482,82,42,0,33554687,0x020000FF,scenery,generic,00000256.pro,-1,,0
117,,56840,0,169,8483,83,42,0,50332270,0x0300026E,wall,,00000622.pro,-1,,0
118,,56928,0,170,8485,85,42,0,50332270,0x0300026E,wall,,00000622.pro,-1,,0
119,,57016,0,171,8487,87,42,0,50332270,0x0300026E,wall,,00000622.pro,-1,,0
120,,57104,0,172,8489,89,42,0,50332270,0x0300026E,wall,,00000622.pro,-1,,0
121,,57192,0,173,8504,104,42,0,83886092,0x0500000C,misc,,00000012.pro,-1,,0
122,,57280,0,174,8505,105,42,0,83886092,0x0500000C,misc,,00000012.pro,-1,,0
123,,57368,0,175,8505,105,42,0,50332270,0x0300026E,wall,,00000622.pro,-1,,0
124,,57456,0,176,8506,106,42,0,83886092,0x0500000C,misc,,00000012.pro,-1,,0
125,,57544,0,177,8507,107,42,0,83886092,0x0500000C,misc,,00000012.pro,-1,,0
126,,57632,0,178,8507,107,42,0,50332270,0x0300026E,wall,,00000622.pro,-1,,0
127,,57720,0,179,8509,109,42,0,50332270,0x0300026E,wall,,00000622.pro,-1,,0
128,,57808,0,180,8511,111,42,0,50332270,0x0300026E,wall,,00000622.pro,-1,,0
129,,57896,0,181,8513,113,42,0,50332270,0x0300026E,wall,,00000622.pro,-1,,0
130,,57984,0,182,8516,116,42,0,83886092,0x0500000C,misc,,00000012.pro,-1,,0
131,,58072,0,183,8517,117,42,0,50332270,0x0300026E,wall,,00000622.pro,-1,,0
132,,58160,0,184,8518,118,42,0,33554499,0x02000043,scenery,generic,00000068.pro,-1,,0
133,,58248,0,185,8519,119,42,0,50332270,0x0300026E,wall,,00000622.pro,-1,,0
134,,58336,0,186,8521,121,42,0,50332270,0x0300026E,wall,,00000622.pro,-1,,0
135,,58424,0,187,8523,123,42,0,50332270,0x0300026E,wall,,00000622.pro,-1,,0
136,,58512,0,188,8525,125,42,0,50332270,0x0300026E,wall,,00000622.pro,-1,,0
137,,58600,0,189,8527,127,42,0,50332270,0x0300026E,wall,,00000622.pro,-1,,0
138,,58688,0,190,8529,129,42,0,50332270,0x0300026E,wall,,00000622.pro,-1,,0
139,,58776,0,191,8531,131,42,0,50332270,0x0300026E,wall,,00000622.pro,-1,,0
140,,58864,0,192,8533,133,42,0,33554776,0x02000158,scenery,generic,00000345.pro,-1,,0
141,,58952,0,193,8681,81,43,0,33554499,0x02000043,scenery,generic,00000068.pro,-1,,0
142,,59040,0,194,8683,83,43,0,33554499,0x02000043,scenery,generic,00000068.pro,-1,,0
143,,59128,0,195,8686,86,43,0,33554727,0x02000127,scenery,generic,00000296.pro,-1,,0
144,,59216,0,196,8702,102,43,0,83886092,0x0500000C,misc,,00000012.pro,-1,,0
145,,59304,0,197,8703,103,43,0,83886092,0x0500000C,misc,,00000012.pro,-1,,0
146,,59392,0,198,8704,104,43,0,83886092,0x0500000C,misc,,00000012.pro,-1,,0
147,,59480,0,199,8705,105,43,0,83886092,0x0500000C,misc,,00000012.pro,-1,,0
148,,59568,0,200,8717,117,43,0,83886092,0x0500000C,misc,,00000012.pro,-1,,0
149,,59656,0,201,8717,117,43,0,33554539,0x0200006B,scenery,generic,00000108.pro,-1,,0
150,,59744,0,202,8719,119,43,0,33554499,0x02000043,scenery,generic,00000068.pro,-1,,0
151,,59832,0,203,8733,133,43,0,33554776,0x02000158,scenery,generic,00000345.pro,-1,,0
152,,59920,0,204,8734,134,43,0,33554776,0x02000158,scenery,generic,00000345.pro,-1,,0
153,,60008,0,205,8891,91,44,0,33554557,0x0200007D,scenery,generic,00000126.pro,-1,,0
154,,60096,0,206,8900,100,44,0,83886092,0x0500000C,misc,,00000012.pro,-1,,0
155,,60184,0,207,8901,101,44,0,83886092,0x0500000C,misc,,00000012.pro,-1,,0
156,,60272,0,208,8902,102,44,0,83886092,0x0500000C,misc,,00000012.pro,-1,,0
157,,60360,0,209,8903,103,44,0,83886092,0x0500000C,misc,,00000012.pro,-1,,0
158,,60448,0,210,8917,117,44,0,83886092,0x0500000C,misc,,00000012.pro,-1,,0
159,,60536,0,211,8918,118,44,0,83886092,0x0500000C,misc,,00000012.pro,-1,,0
160,,60624,0,212,8925,125,44,0,33554726,0x02000126,scenery,generic,00000295.pro,-1,,0
161,,60712,0,213,8934,134,44,0,33554776,0x02000158,scenery,generic,00000345.pro,-1,,0
162,,60800,0,214,9098,98,45,0,83886092,0x0500000C,misc,,00000012.pro,-1,,0
163,,60888,0,215,9099,99,45,0,83886092,0x0500000C,misc,,00000012.pro,-1,,0
164,,60976,0,216,9100,100,45,0,83886092,0x0500000C,misc,,00000012.pro,-1,,0
165,,61064,0,217,9101,101,45,0,83886092,0x0500000C,misc,,00000012.pro,-1,,0
166,,61152,0,218,9118,118,45,0,83886092,0x0500000C,misc,,00000012.pro,-1,,0
167,,61240,0,219,9135,135,45,0,33554776,0x02000158,scenery,generic,00000345.pro,-1,,0
168,,61328,0,220,9296,96,46,0,83886092,0x0500000C,misc,,00000012.pro,-1,,0
169,,61416,0,221,9297,97,46,0,83886092,0x0500000C,misc,,00000012.pro,-1,,0
170,,61504,0,222,9298,98,46,0,83886092,0x0500000C,misc,,00000012.pro,-1,,0
171,,61592,0,223,9299,99,46,0,83886092,0x0500000C,misc,,00000012.pro,-1,,0
172,,61680,0,224,9319,119,46,0,83886092,0x0500000C,misc,,00000012.pro,-1,,0
173,,61768,0,225,9335,135,46,0,33554776,0x02000158,scenery,generic,00000345.pro,-1,,0
174,,61856,0,226,9336,136,46,0,33554776,0x02000158,scenery,generic,00000345.pro,-1,,0
175,,61944,0,227,9494,94,47,0,83886092,0x0500000C,misc,,00000012.pro,-1,,0
176,,62032,0,228,9495,95,47,0,83886092,0x0500000C,misc,,00000012.pro,-1,,0
177,,62120,0,229,9496,96,47,0,83886092,0x0500000C,misc,,00000012.pro,-1,,0
178,,62208,0,230,9497,97,47,0,83886092,0x0500000C,misc,,00000012.pro,-1,,0
179,,62296,0,231,9519,119,47,0,83886092,0x0500000C,misc,,00000012.pro,-1,,0
180,,62384,0,232,9520,120,47,0,83886092,0x0500000C,misc,,00000012.pro,-1,,0
181,,62472,0,233,9536,136,47,0,33554776,0x02000158,scenery,generic,00000345.pro,-1,,0
182,,62560,0,234,9682,82,48,0,33554776,0x02000158,scenery,generic,00000345.pro,-1,,0
183,,62648,0,235,9684,84,48,0,33554776,0x02000158,scenery,generic,00000345.pro,-1,,0
184,,62736,0,236,9686,86,48,0,33554776,0x02000158,scenery,generic,00000345.pro,-1,,0
185,,62824,0,237,9688,88,48,0,33554776,0x02000158,scenery,generic,00000345.pro,-1,,0
186,,62912,0,238,9689,89,48,0,33554776,0x02000158,scenery,generic,00000345.pro,-1,,0
187,,63000,0,239,9690,90,48,0,33554776,0x02000158,scenery,generic,00000345.pro,-1,,0
188,,63088,0,240,9692,92,48,0,83886092,0x0500000C,misc,,00000012.pro,-1,,0
189,,63176,0,241,9693,93,48,0,83886092,0x0500000C,misc,,00000012.pro,-1,,0
190,,63264,0,242,9694,94,48,0,83886092,0x0500000C,misc,,00000012.pro,-1,,0
191,,63352,0,243,9695,95,48,0,83886092,0x0500000C,misc,,00000012.pro,-1,,0
192,,63440,0,244,9696,96,48,0,33554776,0x02000158,scenery,generic,00000345.pro,-1,,0
193,,63528,0,245,9698,98,48,0,33554776,0x02000158,scenery,generic,00000345.pro,-1,,0
194,,63616,0,246,9720,120,48,0,83886092,0x0500000C,misc,,00000012.pro,-1,,0
195,,63704,0,247,9737,137,48,0,33554776,0x02000158,scenery,generic,00000345.pro,-1,,0
196,,63792,0,248,9881,81,49,0,33554776,0x02000158,scenery,generic,00000345.pro,-1,,0
197,,63880,0,249,9883,83,49,0,33554776,0x02000158,scenery,generic,00000345.pro,-1,,0
198,,63968,0,250,9885,85,49,0,33554776,0x02000158,scenery,generic,00000345.pro,-1,,0
199,,64056,0,251,9887,87,49,0,33554776,0x02000158,scenery,generic,00000345.pro,-1,,0
200,,64144,0,252,9890,90,49,0,83886092,0x0500000C,misc,,00000012.pro,-1,,0
201,,64232,0,253,9891,91,49,0,83886092,0x0500000C,misc,,00000012.pro,-1,,0
202,,64320,0,254,9891,91,49,0,33554776,0x02000158,scenery,generic,00000345.pro,-1,,0
203,,64408,0,255,9892,92,49,0,83886092,0x0500000C,misc,,00000012.pro,-1,,0
204,,64496,0,256,9893,93,49,0,83886092,0x0500000C,misc,,00000012.pro,-1,,0
205,,64584,0,257,9895,95,49,0,33554776,0x02000158,scenery,generic,00000345.pro,-1,,0
206,,64672,0,258,9897,97,49,0,33554776,0x02000158,scenery,generic,00000345.pro,-1,,0
207,,64760,0,259,9899,99,49,0,33554776,0x02000158,scenery,generic,00000345.pro,-1,,0
208,,64848,0,260,9921,121,49,0,83886092,0x0500000C,misc,,00000012.pro,-1,,0
209,,64936,0,261,9937,137,49,0,33554776,0x02000158,scenery,generic,00000345.pro,-1,,0
210,,65024,0,262,9938,138,49,0,33554776,0x02000158,scenery,generic,00000345.pro,-1,,0
211,,65112,0,263,10072,72,50,0,33554776,0x02000158,scenery,generic,00000345.pro,-1,,0
212,,65200,0,264,10074,74,50,0,33554776,0x02000158,scenery,generic,00000345.pro,-1,,0
213,,65288,0,265,10075,75,50,0,33554776,0x02000158,scenery,generic,00000345.pro,-1,,0
214,,65376,0,266,10076,76,50,0,33554776,0x02000158,scenery,generic,00000345.pro,-1,,0
215,,65464,0,267,10077,77,50,0,33554776,0x02000158,scenery,generic,00000345.pro,-1,,0
216,,65552,0,268,10078,78,50,0,33554776,0x02000158,scenery,generic,00000345.pro,-1,,0
217,,65640,0,269,10079,79,50,0,33554776,0x02000158,scenery,generic,00000345.pro,-1,,0
218,,65728,0,270,10080,80,50,0,33554776,0x02000158,scenery,generic,00000345.pro,-1,,0
219,,65816,0,271,10081,81,50,0,33554776,0x02000158,scenery,generic,00000345.pro,-1,,0
220,,65904,0,272,10088,88,50,0,83886092,0x0500000C,misc,,00000012.pro,-1,,0
221,,65992,0,273,10089,89,50,0,83886092,0x0500000C,misc,,00000012.pro,-1,,0
222,,66080,0,274,10090,90,50,0,83886092,0x0500000C,misc,,00000012.pro,-1,,0
223,,66168,0,275,10091,91,50,0,83886092,0x0500000C,misc,,00000012.pro,-1,,0
224,,66256,0,276,10091,91,50,0,33554776,0x02000158,scenery,generic,00000345.pro,-1,,0
225,,66344,0,277,10092,92,50,0,33554776,0x02000158,scenery,generic,00000345.pro,-1,,0
226,,66432,0,278,10094,94,50,0,33554776,0x02000158,scenery,generic,00000345.pro,-1,,0
227,,66520,0,279,10095,95,50,0,33554776,0x02000158,scenery,generic,00000345.pro,-1,,0
228,,66608,0,280,10099,99,50,0,33554776,0x02000158,scenery,generic,00000345.pro,-1,,0
229,,66696,0,281,10108,108,50,0,33554776,0x02000158,scenery,generic,00000345.pro,-1,,0
230,,66784,0,282,10110,110,50,0,33554776,0x02000158,scenery,generic,00000345.pro,-1,,0
231,,66872,0,283,10112,112,50,0,33554776,0x02000158,scenery,generic,00000345.pro,-1,,0
232,,66960,0,284,10114,114,50,0,33554776,0x02000158,scenery,generic,00000345.pro,-1,,0
233,,67048,0,285,10121,121,50,0,83886092,0x0500000C,misc,,00000012.pro,-1,,0
234,,67136,0,286,10122,122,50,0,83886092,0x0500000C,misc,,00000012.pro,-1,,0
235,,67224,0,287,10138,138,50,0,33554776,0x02000158,scenery,generic,00000345.pro,-1,,0
236,,67312,0,288,10271,71,51,0,33554776,0x02000158,scenery,generic,00000345.pro,-1,,0
237,,67400,0,289,10273,73,51,0,33554776,0x02000158,scenery,generic,00000345.pro,-1,,0
238,,67488,0,290,10284,84,51,0,33554573,0x0200008D,scenery,generic,00000142.pro,-1,,0
239,,67576,0,291,10286,86,51,0,83886092,0x0500000C,misc,,00000012.pro,-1,,0
240,,67664,0,292,10287,87,51,0,83886092,0x0500000C,misc,,00000012.pro,-1,,0
241,,67752,0,293,10288,88,51,0,83886092,0x0500000C,misc,,00000012.pro,-1,,0
242,,67840,0,294,10289,89,51,0,83886092,0x0500000C,misc,,00000012.pro,-1,,0
243,,67928,0,295,10289,89,51,0,83886092,0x0500000C,misc,,00000012.pro,-1,,0
244,,68016,0,296,10293,93,51,0,33554776,0x02000158,scenery,generic,00000345.pro,-1,,0
245,,68104,0,297,10297,97,51,0,33554573,0x0200008D,scenery,generic,00000142.pro,-1,,0
246,,68192,0,298,10299,99,51,0,33554776,0x02000158,scenery,generic,00000345.pro,-1,,0
247,,68280,0,299,10307,107,51,0,33554776,0x02000158,scenery,generic,00000345.pro,-1,,0
248,,68368,0,300,10309,109,51,0,33554776,0x02000158,scenery,generic,00000345.pro,-1,,0
249,,68456,0,301,10311,111,51,0,33554776,0x02000158,scenery,generic,00000345.pro,-1,,0
250,,68544,0,302,10313,113,51,0,33554776,0x02000158,scenery,generic,00000345.pro,-1,,0
251,,68632,0,303,10315,115,51,0,33554776,0x02000158,scenery,generic,00000345.pro,-1,,0
252,,68720,0,304,10322,122,51,0,83886092,0x0500000C,misc,,00000012.pro,-1,,0
253,,68808,0,305,10339,139,51,0,33554776,0x02000158,scenery,generic,00000345.pro,-1,,0
254,,68896,0,306,10471,71,52,0,33554776,0x02000158,scenery,generic,00000345.pro,-1,,0
255,,68984,0,307,10472,72,52,0,33554776,0x02000158,scenery,generic,00000345.pro,-1,,0
256,,69072,0,308,10474,74,52,0,33554573,0x0200008D,scenery,generic,00000142.pro,-1,,0
257,,69160,0,309,10482,82,52,0,33554573,0x0200008D,scenery,generic,00000142.pro,-1,,0
258,,69248,0,310,10484,84,52,0,83886092,0x0500000C,misc,,00000012.pro,-1,,0
259,,69336,0,311,10485,85,52,0,83886092,0x0500000C,misc,,00000012.pro,-1,,0
260,,69424,0,312,10486,86,52,0,83886092,0x0500000C,misc,,00000012.pro,-1,,0
261,,69512,0,313,10487,87,52,0,83886092,0x0500000C,misc,,00000012.pro,-1,,0
262,,69600,0,314,10487,87,52,0,33554573,0x0200008D,scenery,generic,00000142.pro,-1,,0
263,,69688,0,315,10490,90,52,0,33554573,0x0200008D,scenery,generic,00000142.pro,-1,,0
264,,69776,0,316,10497,97,52,0,33554573,0x0200008D,scenery,generic,00000142.pro,-1,,0
265,,69864,0,317,10498,98,52,0,33554573,0x0200008D,scenery,generic,00000142.pro,-1,,0
266,,69952,0,318,10499,99,52,0,33554776,0x02000158,scenery,generic,00000345.pro,-1,,0
267,,70040,0,319,10500,100,52,0,33554776,0x02000158,scenery,generic,00000345.pro,-1,,0
268,,70128,0,320,10502,102,52,0,33554776,0x02000158,scenery,generic,00000345.pro,-1,,0
269,,70216,0,321,10504,104,52,0,33554776,0x02000158,scenery,generic,00000345.pro,-1,,0
270,,70304,0,322,10506,106,52,0,33554776,0x02000158,scenery,generic,00000345.pro,-1,,0
271,,70392,0,323,10507,107,52,0,33554776,0x02000158,scenery,generic,00000345.pro,-1,,0
272,,70480,0,324,10510,110,52,0,33554573,0x0200008D,scenery,generic,00000142.pro,-1,,0
273,,70568,0,325,10515,115,52,0,33554776,0x02000158,scenery,generic,00000345.pro,-1,,0
274,,70656,0,326,10516,116,52,0,33554776,0x02000158,scenery,generic,00000345.pro,-1,,0
275,,70744,0,327,10517,117,52,0,33554499,0x02000043,scenery,generic,00000068.pro,-1,,0
276,,70832,0,328,10517,117,52,0,33555074,0x02000282,scenery,generic,00000643.pro,-1,,0
277,,70920,0,329,10518,118,52,0,33554776,0x02000158,scenery,generic,00000345.pro,-1,,0
278,,71008,0,330,10520,120,52,0,33554776,0x02000158,scenery,generic,00000345.pro,-1,,0
279,,71096,0,331,10522,122,52,0,33554776,0x02000158,scenery,generic,00000345.pro,-1,,0
280,,71184,0,332,10523,123,52,0,83886092,0x0500000C,misc,,00000012.pro,-1,,0
281,,71272,0,333,10524,124,52,0,33554776,0x02000158,scenery,generic,00000345.pro,-1,,0
282,,71360,0,334,10539,139,52,0,33554776,0x02000158,scenery,generic,00000345.pro,-1,,0
283,,71448,0,335,10540,140,52,0,33554776,0x02000158,scenery,generic,00000345.pro,-1,,0
284,,71536,0,336,10659,59,53,0,33554557,0x0200007D,scenery,generic,00000126.pro,-1,,0
285,,71624,0,337,10659,59,53,0,33554534,0x02000066,scenery,generic,00000103.pro,-1,,0
286,,71712,0,338,10673,73,53,0,33554776,0x02000158,scenery,generic,00000345.pro,-1,,0
287,,71800,0,339,10674,74,53,0,33554573,0x0200008D,scenery,generic,00000142.pro,-1,,0
288,,71888,0,340,10676,76,53,0,33554573,0x0200008D,scenery,generic,00000142.pro,-1,,0
289,,71976,0,341,10682,82,53,0,83886092,0x0500000C,misc,,00000012.pro,-1,,0
290,,72064,0,342,10683,83,53,0,83886092,0x0500000C,misc,,00000012.pro,-1,,0
291,,72152,0,343,10684,84,53,0,83886092,0x0500000C,misc,,00000012.pro,-1,,0
292,,72240,0,344,10685,85,53,0,83886092,0x0500000C,misc,,00000012.pro,-1,,0
293,,72328,0,345,10692,92,53,0,33554573,0x0200008D,scenery,generic,00000142.pro,-1,,0
294,,72416,0,346,10701,101,53,0,33554776,0x02000158,scenery,generic,00000345.pro,-1,,0
295,,72504,0,347,10703,103,53,0,33554776,0x02000158,scenery,generic,00000345.pro,-1,,0
296,,72592,0,348,10705,105,53,0,33554776,0x02000158,scenery,generic,00000345.pro,-1,,0
297,,72680,0,349,10713,113,53,0,33554573,0x0200008D,scenery,generic,00000142.pro,-1,,0
298,,72768,0,350,10717,117,53,0,33554776,0x02000158,scenery,generic,00000345.pro,-1,,0
299,,72856,0,351,10719,119,53,0,33554776,0x02000158,scenery,generic,00000345.pro,-1,,0
300,,72944,0,352,10721,121,53,0,33554776,0x02000158,scenery,generic,00000345.pro,-1,,0
301,,73032,0,353,10723,123,53,0,83886092,0x0500000C,misc,,00000012.pro,-1,,0
302,,73120,0,354,10723,123,53,0,33554776,0x02000158,scenery,generic,00000345.pro,-1,,0
303,,73208,0,355,10724,124,53,0,83886092,0x0500000C,misc,,00000012.pro,-1,,0
304,,73296,0,356,10725,125,53,0,33554776,0x02000158,scenery,generic,00000345.pro,-1,,0
305,,73384,0,357,10873,73,54,0,33554776,0x02000158,scenery,generic,00000345.pro,-1,,0
306,,73472,0,358,10880,80,54,0,83886092,0x0500000C,misc,,00000012.pro,-1,,0
307,,73560,0,359,10881,81,54,0,83886092,0x0500000C,misc,,00000012.pro,-1,,0
308,,73648,0,360,10882,82,54,0,83886092,0x0500000C,misc,,00000012.pro,-1,,0
309,,73736,0,361,10883,83,54,0,83886092,0x0500000C,misc,,00000012.pro,-1,,0
310,,73824,0,362,10890,90,54,0,33554776,0x02000158,scenery,generic,00000345.pro,-1,,0
311,,73912,0,363,10891,91,54,0,33554776,0x02000158,scenery,generic,00000345.pro,-1,,0
312,,74000,0,364,10892,92,54,0,33554776,0x02000158,scenery,generic,00000345.pro,-1,,0
313,,74088,0,365,10893,93,54,0,33554776,0x02000158,scenery,generic,00000345.pro,-1,,0
314,,74176,0,366,10894,94,54,0,33554776,0x02000158,scenery,generic,00000345.pro,-1,,0
315,,74264,0,367,10896,96,54,0,33554776,0x02000158,scenery,generic,00000345.pro,-1,,0
316,,74352,0,368,10898,98,54,0,33554776,0x02000158,scenery,generic,00000345.pro,-1,,0
317,,74440,0,369,10911,111,54,0,33554573,0x0200008D,scenery,generic,00000142.pro,-1,,0
318,,74528,0,370,10924,124,54,0,83886092,0x0500000C,misc,,00000012.pro,-1,,0
319,,74616,0,371,10925,125,54,0,33554776,0x02000158,scenery,generic,00000345.pro,-1,,0
320,,74704,0,372,11058,58,55,0,50332270,0x0300026E,wall,,00000622.pro,-1,,0
321,,74792,0,373,11073,73,55,0,33554776,0x02000158,scenery,generic,00000345.pro,-1,,0
322,,74880,0,374,11078,78,55,0,83886092,0x0500000C,misc,,00000012.pro,-1,,0
323,,74968,0,375,11079,79,55,0,83886092,0x0500000C,misc,,00000012.pro,-1,,0
324,,75056,0,376,11080,80,55,0,83886092,0x0500000C,misc,,00000012.pro,-1,,0
325,,75144,0,377,11081,81,55,0,83886092,0x0500000C,misc,,00000012.pro,-1,,0
326,,75232,0,378,11089,89,55,0,33554776,0x02000158,scenery,generic,00000345.pro,-1,,0
327,,75320,0,379,11095,95,55,0,33554776,0x02000158,scenery,generic,00000345.pro,-1,,0
328,,75408,0,380,11097,97,55,0,33554776,0x02000158,scenery,generic,00000345.pro,-1,,0
329,,75496,0,381,11099,99,55,0,33554776,0x02000158,scenery,generic,00000345.pro,-1,,0
330,,75584,0,382,11101,101,55,0,33554573,0x0200008D,scenery,generic,00000142.pro,-1,,0
331,,75672,0,383,11103,103,55,0,33554573,0x0200008D,scenery,generic,00000142.pro,-1,,0
332,,75760,0,384,11108,108,55,0,33554573,0x0200008D,scenery,generic,00000142.pro,-1,,0
333,,75848,0,385,11119,119,55,0,33554573,0x0200008D,scenery,generic,00000142.pro,-1,,0
334,,75936,0,386,11120,120,55,0,33554573,0x0200008D,scenery,generic,00000142.pro,-1,,0
335,,76024,0,387,11125,125,55,0,83886092,0x0500000C,misc,,00000012.pro,-1,,0
336,,76112,0,388,11125,125,55,0,33554776,0x02000158,scenery,generic,00000345.pro,-1,,0
337,,76200,0,389,11258,58,56,0,50332274,0x03000272,wall,,00000626.pro,-1,,0
338,,76288,0,390,11273,73,56,0,33554776,0x02000158,scenery,generic,00000345.pro,-1,,0
339,,76376,0,391,11276,76,56,0,83886092,0x0500000C,misc,,00000012.pro,-1,,0
340,,76464,0,392,11277,77,56,0,83886092,0x0500000C,misc,,00000012.pro,-1,,0
341,,76552,0,393,11278,78,56,0,83886092,0x0500000C,misc,,00000012.pro,-1,,0
342,,76640,0,394,11279,79,56,0,83886092,0x0500000C,misc,,00000012.pro,-1,,0
343,,76728,0,395,11280,80,56,0,33554776,0x02000158,scenery,generic,00000345.pro,-1,,0
344,,76816,0,396,11281,81,56,0,33554776,0x02000158,scenery,generic,00000345.pro,-1,,0
345,,76904,0,397,11282,82,56,0,33554776,0x02000158,scenery,generic,00000345.pro,-1,,0
346,,76992,0,398,11283,83,56,0,33554776,0x02000158,scenery,generic,00000345.pro,-1,,0
347,,77080,0,399,11284,84,56,0,33554776,0x02000158,scenery,generic,00000345.pro,-1,,0
348,,77168,0,400,11285,85,56,0,33554776,0x02000158,scenery,generic,00000345.pro,-1,,0
349,,77256,0,401,11286,86,56,0,33554776,0x02000158,scenery,generic,00000345.pro,-1,,0
350,,77344,0,402,11288,88,56,0,33554776,0x02000158,scenery,generic,00000345.pro,-1,,0
351,,77432,0,403,11289,89,56,0,33554776,0x02000158,scenery,generic,00000345.pro,-1,,0
352,,77520,0,404,11299,99,56,0,33554776,0x02000158,scenery,generic,00000345.pro,-1,,0
353,,77608,0,405,11305,105,56,0,33554573,0x0200008D,scenery,generic,00000142.pro,-1,,0
354,,77696,0,406,11316,116,56,0,33554573,0x0200008D,scenery,generic,00000142.pro,-1,,0
355,,77784,0,407,11322,122,56,0,33554573,0x0200008D,scenery,generic,00000142.pro,-1,,0
356,,77872,0,408,11325,125,56,0,83886092,0x0500000C,misc,,00000012.pro,-1,,0
357,,77960,0,409,11325,125,56,0,33554776,0x02000158,scenery,generic,00000345.pro,-1,,0
358,,78048,0,410,11326,126,56,0,83886092,0x0500000C,misc,,00000012.pro,-1,,0
359,,78136,0,411,11326,126,56,0,33554776,0x02000158,scenery,generic,00000345.pro,-1,,0
360,,78224,0,412,11328,128,56,0,33554776,0x02000158,scenery,generic,00000345.pro,-1,,0
361,,78312,0,413,11330,130,56,0,33554776,0x02000158,scenery,generic,00000345.pro,-1,,0
362,,78400,0,414,11458,58,57,0,50332177,0x03000211,wall,,00000529.pro,-1,,0
363,,78488,0,415,11473,73,57,0,33554776,0x02000158,scenery,generic,00000345.pro,-1,,0
364,,78576,0,416,11474,74,57,0,83886092,0x0500000C,misc,,00000012.pro,-1,,0
365,,78664,0,417,11475,75,57,0,83886092,0x0500000C,misc,,00000012.pro,-1,,0
366,,78752,0,418,11476,76,57,0,83886092,0x0500000C,misc,,00000012.pro,-1,,0
367,,78840,0,419,11477,77,57,0,83886092,0x0500000C,misc,,00000012.pro,-1,,0
368,,78928,0,420,11479,79,57,0,33554776,0x02000158,scenery,generic,00000345.pro,-1,,0
369,,79016,0,421,11487,87,57,0,33554776,0x02000158,scenery,generic,00000345.pro,-1,,0
370,,79104,0,422,11499,99,57,0,33554776,0x02000158,scenery,generic,00000345.pro,-1,,0
371,,79192,0,423,11500,100,57,0,33554776,0x02000158,scenery,generic,00000345.pro,-1,,0
372,,79280,0,424,11526,126,57,0,83886092,0x0500000C,misc,,00000012.pro,-1,,0
373,,79368,0,425,11527,127,57,0,33554776,0x02000158,scenery,generic,00000345.pro,-1,,0
374,,79456,0,426,11529,129,57,0,33554776,0x02000158,scenery,generic,00000345.pro,-1,,0
375,,79544,0,427,11531,131,57,0,33554776,0x02000158,scenery,generic,00000345.pro,-1,,0
376,,79632,0,428,11658,58,58,0,50332288,0x03000280,wall,,00000640.pro,-1,,0
377,,79720,0,429,11672,72,58,0,83886092,0x0500000C,misc,,00000012.pro,-1,,0
378,,79808,0,430,11673,73,58,0,83886092,0x0500000C,misc,,00000012.pro,-1,,0
379,,79896,0,431,11673,73,58,0,33554776,0x02000158,scenery,generic,00000345.pro,-1,,0
380,,79984,0,432,11674,74,58,0,83886092,0x0500000C,misc,,00000012.pro,-1,,0
381,,80072,0,433,11675,75,58,0,83886092,0x0500000C,misc,,00000012.pro,-1,,0
382,,80160,0,434,11675,75,58,0,33554573,0x0200008D,scenery,generic,00000142.pro,-1,,0
383,,80248,0,435,11679,79,58,0,33554776,0x02000158,scenery,generic,00000345.pro,-1,,0
384,,80336,0,436,11700,100,58,0,33554776,0x02000158,scenery,generic,00000345.pro,-1,,0
385,,80424,0,437,11701,101,58,0,33554776,0x02000158,scenery,generic,00000345.pro,-1,,0
386,,80512,0,438,11702,102,58,0,33554776,0x02000158,scenery,generic,00000345.pro,-1,,0
387,,80600,0,439,11704,104,58,0,33554776,0x02000158,scenery,generic,00000345.pro,-1,,0
388,,80688,0,440,11706,106,58,0,33554776,0x02000158,scenery,generic,00000345.pro,-1,,0
389,,80776,0,441,11708,108,58,0,33554776,0x02000158,scenery,generic,00000345.pro,-1,,0
390,,80864,0,442,11709,109,58,0,33554776,0x02000158,scenery,generic,00000345.pro,-1,,0
391,,80952,0,443,11710,110,58,0,33554776,0x02000158,scenery,generic,00000345.pro,-1,,0
392,,81040,0,444,11712,112,58,0,33554776,0x02000158,scenery,generic,00000345.pro,-1,,0
393,,81128,0,445,11713,113,58,0,33554573,0x0200008D,scenery,generic,00000142.pro,-1,,0
394,,81216,0,446,11715,115,58,0,33554573,0x0200008D,scenery,generic,00000142.pro,-1,,0
395,,81304,0,447,11727,127,58,0,83886092,0x0500000C,misc,,00000012.pro,-1,,0
396,,81392,0,448,11731,131,58,0,33554776,0x02000158,scenery,generic,00000345.pro,-1,,0
397,,81480,0,449,11858,58,59,0,50332178,0x03000212,wall,,00000530.pro,-1,,0
398,,81568,0,450,11870,70,59,0,83886092,0x0500000C,misc,,00000012.pro,-1,,0
399,,81656,0,451,11871,71,59,0,83886092,0x0500000C,misc,,00000012.pro,-1,,0
400,,81744,0,452,11872,72,59,0,83886092,0x0500000C,misc,,00000012.pro,-1,,0
401,,81832,0,453,11873,73,59,0,83886092,0x0500000C,misc,,00000012.pro,-1,,0
402,,81920,0,454,11873,73,59,0,33554776,0x02000158,scenery,generic,00000345.pro,-1,,0
403,,82008,0,455,11879,79,59,0,33554776,0x02000158,scenery,generic,00000345.pro,-1,,0
404,,82096,0,456,11903,103,59,0,33554776,0x02000158,scenery,generic,00000345.pro,-1,,0
405,,82184,0,457,11905,105,59,0,33554776,0x02000158,scenery,generic,00000345.pro,-1,,0
406,,82272,0,458,11907,107,59,0,33554776,0x02000158,scenery,generic,00000345.pro,-1,,0
407,,82360,0,459,11911,111,59,0,33554776,0x02000158,scenery,generic,00000345.pro,-1,,0
408,,82448,0,460,11913,113,59,0,33554776,0x02000158,scenery,generic,00000345.pro,-1,,0
409,,82536,0,461,11914,114,59,0,33554776,0x02000158,scenery,generic,00000345.pro,-1,,0
410,,82624,0,462,11927,127,59,0,83886092,0x0500000C,misc,,00000012.pro,-1,,0
411,,82712,0,463,11927,127,59,0,33554573,0x0200008D,scenery,generic,00000142.pro,-1,,0
412,,82800,0,464,11928,128,59,0,83886092,0x0500000C,misc,,00000012.pro,-1,,0
413,,82888,0,465,11931,131,59,0,33554776,0x02000158,scenery,generic,00000345.pro,-1,,0
414,,82976,0,466,12058,58,60,0,50332176,0x03000210,wall,,00000528.pro,-1,,0
415,,83064,0,467,12068,68,60,0,83886092,0x0500000C,misc,,00000012.pro,-1,,0
416,,83152,0,468,12069,69,60,0,83886092,0x0500000C,misc,,00000012.pro,-1,,0
417,,83240,0,469,12070,70,60,0,83886092,0x0500000C,misc,,00000012.pro,-1,,0
418,,83328,0,470,12071,71,60,0,83886092,0x0500000C,misc,,00000012.pro,-1,,0
419,,83416,0,471,12073,73,60,0,33554776,0x02000158,scenery,generic,00000345.pro,-1,,0
420,,83504,0,472,12079,79,60,0,33554776,0x02000158,scenery,generic,00000345.pro,-1,,0
421,,83592,0,473,12111,111,60,0,33554983,0x02000227,scenery,generic,00000552.pro,-1,,0
422,,83680,0,474,12114,114,60,0,33554776,0x02000158,scenery,generic,00000345.pro,-1,,0
423,,83768,0,475,12116,116,60,0,33554776,0x02000158,scenery,generic,00000345.pro,-1,,0
424,,83856,0,476,12118,118,60,0,33554776,0x02000158,scenery,generic,00000345.pro,-1,,0
425,,83944,0,477,12120,120,60,0,33554776,0x02000158,scenery,generic,00000345.pro,-1,,0
426,,84032,0,478,12121,121,60,0,33554776,0x02000158,scenery,generic,00000345.pro,-1,,0
427,,84120,0,479,12122,122,60,0,33554776,0x02000158,scenery,generic,00000345.pro,-1,,0
428,,84208,0,480,12123,123,60,0,33554776,0x02000158,scenery,generic,00000345.pro,-1,,0
429,,84296,0,481,12124,124,60,0,33554776,0x02000158,scenery,generic,00000345.pro,-1,,0
430,,84384,0,482,12128,128,60,0,83886092,0x0500000C,misc,,00000012.pro,-1,,0
431,,84472,0,483,12129,129,60,0,33554573,0x0200008D,scenery,generic,00000142.pro,-1,,0
432,,84560,0,484,12131,131,60,0,33554776,0x02000158,scenery,generic,00000345.pro,-1,,0
433,,84648,0,485,12132,132,60,0,33554776,0x02000158,scenery,generic,00000345.pro,-1,,0
434,,84736,0,486,12134,134,60,0,33554776,0x02000158,scenery,generic,00000345.pro,-1,,0
435,,84824,0,487,12136,136,60,0,33554776,0x02000158,scenery,generic,00000345.pro,-1,,0
436,,84912,0,488,12258,58,61,0,50332177,0x03000211,wall,,00000529.pro,-1,,0
437,,85000,0,489,12266,66,61,0,83886092,0x0500000C,misc,,00000012.pro,-1,,0
438,,85088,0,490,12267,67,61,0,83886092,0x0500000C,misc,,00000012.pro,-1,,0
439,,85176,0,491,12268,68,61,0,83886092,0x0500000C,misc,,00000012.pro,-1,,0
440,,85264,0,492,12269,69,61,0,83886092,0x0500000C,misc,,00000012.pro,-1,,0
441,,85352,0,493,12273,73,61,0,33554776,0x02000158,scenery,generic,00000345.pro,-1,,0
442,,85440,0,494,12279,79,61,0,33554776,0x02000158,scenery,generic,00000345.pro,-1,,0
443,,85528,0,495,12315,115,61,0,33554776,0x02000158,scenery,generic,00000345.pro,-1,,0
444,,85616,0,496,12317,117,61,0,33554776,0x02000158,scenery,generic,00000345.pro,-1,,0
445,,85704,0,497,12319,119,61,0,33554776,0x02000158,scenery,generic,00000345.pro,-1,,0
446,,85792,0,498,12325,125,61,0,33554776,0x02000158,scenery,generic,00000345.pro,-1,,0
447,,85880,0,499,12329,129,61,0,83886092,0x0500000C,misc,,00000012.pro,-1,,0
448,,85968,0,500,12331,131,61,0,33554573,0x0200008D,scenery,generic,00000142.pro,-1,,0
449,,86056,0,501,12333,133,61,0,33554776,0x02000158,scenery,generic,00000345.pro,-1,,0
450,,86144,0,502,12335,135,61,0,33554776,0x02000158,scenery,generic,00000345.pro,-1,,0
451,,86232,0,503,12337,137,61,0,33554776,0x02000158,scenery,generic,00000345.pro,-1,,0
452,,86320,0,504,12458,58,62,0,50332289,0x03000281,wall,,00000641.pro,-1,,0
453,,86408,0,505,12459,59,62,0,33554686,0x020000FE,scenery,generic,00000255.pro,-1,,0
454,,86496,0,506,12460,60,62,0,33554499,0x02000043,scenery,generic,00000068.pro,-1,,0
455,,86584,0,507,12464,64,62,0,83886092,0x0500000C,misc,,00000012.pro,-1,,0
456,,86672,0,508,12465,65,62,0,83886092,0x0500000C,misc,,00000012.pro,-1,,0
457,,86760,0,509,12466,66,62,0,83886092,0x0500000C,misc,,00000012.pro,-1,,0
458,,86848,0,510,12467,67,62,0,83886092,0x0500000C,misc,,00000012.pro,-1,,0
459,,86936,0,511,12472,72,62,0,33554776,0x02000158,scenery,generic,00000345.pro,-1,,0
460,,87024,0,512,12473,73,62,0,33554776,0x02000158,scenery,generic,00000345.pro,-1,,0
461,,87112,0,513,12477,77,62,0,33554573,0x0200008D,scenery,generic,00000142.pro,-1,,0
462,,87200,0,514,12479,79,62,0,33554776,0x02000158,scenery,generic,00000345.pro,-1,,0
463,,87288,0,515,12525,125,62,0,33554776,0x02000158,scenery,generic,00000345.pro,-1,,0
464,,87376,0,516,12528,128,62,0,33554573,0x0200008D,scenery,generic,00000142.pro,-1,,0
465,,87464,0,517,12529,129,62,0,83886092,0x0500000C,misc,,00000012.pro,-1,,0
466,,87552,0,518,12530,130,62,0,83886092,0x0500000C,misc,,00000012.pro,-1,,0
467,,87640,0,519,12537,137,62,0,33554776,0x02000158,scenery,generic,00000345.pro,-1,,0
468,,87728,0,520,12658,58,63,0,50332178,0x03000212,wall,,00000530.pro,-1,,0
469,,87816,0,521,12662,62,63,0,83886092,0x0500000C,misc,,00000012.pro,-1,,0
470,,87904,0,522,12663,63,63,0,83886092,0x0500000C,misc,,00000012.pro,-1,,0
471,,87992,0,523,12664,64,63,0,83886092,0x0500000C,misc,,00000012.pro,-1,,0
472,,88080,0,524,12665,65,63,0,83886092,0x0500000C,misc,,00000012.pro,-1,,0
473,,88168,0,525,12671,71,63,0,33554776,0x02000158,scenery,generic,00000345.pro,-1,,0
474,,88256,0,526,12679,79,63,0,33554776,0x02000158,scenery,generic,00000345.pro,-1,,0
475,,88344,0,527,12725,125,63,0,33554776,0x02000158,scenery,generic,00000345.pro,-1,,0
476,,88432,0,528,12726,126,63,0,33554776,0x02000158,scenery,generic,00000345.pro,-1,,0
477,,88520,0,529,12730,130,63,0,83886092,0x0500000C,misc,,00000012.pro,-1,,0
478,,88608,0,530,12733,133,63,0,33554573,0x0200008D,scenery,generic,00000142.pro,-1,,0
479,,88696,0,531,12737,137,63,0,33554776,0x02000158,scenery,generic,00000345.pro,-1,,0
480,,88784,0,532,12846,46,64,0,33554535,0x02000067,scenery,generic,00000104.pro,-1,,0
481,,88872,0,533,12858,58,64,0,50332176,0x03000210,wall,,00000528.pro,-1,,0
482,,88960,0,534,12860,60,64,0,83886092,0x0500000C,misc,,00000012.pro,-1,,0
483,,89048,0,535,12861,61,64,0,83886092,0x0500000C,misc,,00000012.pro,-1,,0
484,,89136,0,536,12861,61,64,0,83886092,0x0500000C,misc,,00000012.pro,-1,,0
485,,89224,0,537,12862,62,64,0,83886092,0x0500000C,misc,,00000012.pro,-1,,0
486,,89312,0,538,12863,63,64,0,83886092,0x0500000C,misc,,00000012.pro,-1,,0
487,,89400,0,539,12871,71,64,0,33554776,0x02000158,scenery,generic,00000345.pro,-1,,0
488,,89488,0,540,12879,79,64,0,33554776,0x02000158,scenery,generic,00000345.pro,-1,,0
489,,89576,0,541,12926,126,64,0,33554776,0x02000158,scenery,generic,00000345.pro,-1,,0
490,,89664,0,542,12927,127,64,0,33554776,0x02000158,scenery,generic,00000345.pro,-1,,0
491,,89752,0,543,12928,128,64,0,33554776,0x02000158,scenery,generic,00000345.pro,-1,,0
492,,89840,0,544,12930,130,64,0,33554776,0x02000158,scenery,generic,00000345.pro,-1,,0
493,,89928,0,545,12931,131,64,0,83886092,0x0500000C,misc,,00000012.pro,-1,,0
494,,90016,0,546,12932,132,64,0,33554776,0x02000158,scenery,generic,00000345.pro,-1,,0
495,,90104,0,547,12937,137,64,0,33554776,0x02000158,scenery,generic,00000345.pro,-1,,0
496,,90192,0,548,13050,50,65,0,50332280,0x03000278,wall,,00000632.pro,-1,,0
497,,90280,0,549,13051,51,65,0,50332236,0x0300024C,wall,,00000588.pro,-1,,0
498,,90368,0,550,13052,52,65,0,50332235,0x0300024B,wall,,00000587.pro,-1,,0
499,,90456,0,551,13053,53,65,0,50332231,0x03000247,wall,,00000583.pro,-1,,0
500,,90544,0,552,13055,55,65,0,50332236,0x0300024C,wall,,00000588.pro,-1,,0
501,,90632,0,553,13056,56,65,0,50332234,0x0300024A,wall,,00000586.pro,-1,,0
502,,90720,0,554,13057,57,65,0,50332238,0x0300024E,wall,,00000590.pro,-1,,0
503,,90808,0,555,13058,58,65,0,83886092,0x0500000C,misc,,00000012.pro,-1,,0
504,,90896,0,556,13058,58,65,0,50332255,0x0300025F,wall,,00000607.pro,-1,,0
505,,90984,0,557,13059,59,65,0,83886092,0x0500000C,misc,,00000012.pro,-1,,0
506,,91072,0,558,13060,60,65,0,83886092,0x0500000C,misc,,00000012.pro,-1,,0
507,,91160,0,559,13061,61,65,0,83886092,0x0500000C,misc,,00000012.pro,-1,,0
508,,91248,0,560,13071,71,65,0,33554776,0x02000158,scenery,generic,00000345.pro,-1,,0
509,,91336,0,561,13079,79,65,0,33554776,0x02000158,scenery,generic,00000345.pro,-1,,0
510,,91424,0,562,13129,129,65,0,33554776,0x02000158,scenery,generic,00000345.pro,-1,,0
511,,91512,0,563,13131,131,65,0,83886092,0x0500000C,misc,,00000012.pro,-1,,0
512,,91600,0,564,13131,131,65,0,33554776,0x02000158,scenery,generic,00000345.pro,-1,,0
513,,91688,0,565,13132,132,65,0,83886092,0x0500000C,misc,,00000012.pro,-1,,0
514,,91776,0,566,13133,133,65,0,33554776,0x02000158,scenery,generic,00000345.pro,-1,,0
515,,91864,0,567,13135,135,65,0,33554573,0x0200008D,scenery,generic,00000142.pro,-1,,0
516,,91952,0,568,13137,137,65,0,33554776,0x02000158,scenery,generic,00000345.pro,-1,,0
517,,92040,0,569,13251,51,66,0,50332270,0x0300026E,wall,,00000622.pro,-1,,0
518,,92128,0,570,13253,53,66,0,50332270,0x0300026E,wall,,00000622.pro,-1,,0
519,,92216,0,571,13255,55,66,0,50332230,0x03000246,wall,,00000582.pro,-1,,0
520,,92304,0,572,13256,56,66,0,83886092,0x0500000C,misc,,00000012.pro,-1,,0
521,,92392,0,573,13257,57,66,0,83886092,0x0500000C,misc,,00000012.pro,-1,,0
522,,92480,0,574,13257,57,66,0,50332270,0x0300026E,wall,,00000622.pro,-1,,0
523,,92568,0,575,13258,58,66,0,83886092,0x0500000C,misc,,00000012.pro,-1,,0
524,,92656,0,576,13258,58,66,0,50332269,0x0300026D,wall,,00000621.pro,-1,,0
525,,92744,0,577,13259,59,66,0,83886092,0x0500000C,misc,,00000012.pro,-1,,0
526,,92832,0,578,13271,71,66,0,33554776,0x02000158,scenery,generic,00000345.pro,-1,,0
527,,92920,0,579,13277,77,66,0,33554573,0x0200008D,scenery,generic,00000142.pro,-1,,0
528,,93008,0,580,13279,79,66,0,33554776,0x02000158,scenery,generic,00000345.pro,-1,,0
529,,93096,0,581,13332,132,66,0,83886092,0x0500000C,misc,,00000012.pro,-1,,0
530,,93184,0,582,13333,133,66,0,33554776,0x02000158,scenery,generic,00000345.pro,-1,,0
531,,93272,0,583,13337,137,66,0,33554776,0x02000158,scenery,generic,00000345.pro,-1,,0
532,,93360,0,584,13338,138,66,0,33554776,0x02000158,scenery,generic,00000345.pro,-1,,0
533,,93448,0,585,13454,54,67,0,83886092,0x0500000C,misc,,00000012.pro,-1,,0
534,,93536,0,586,13455,55,67,0,83886092,0x0500000C,misc,,00000012.pro,-1,,0
535,,93624,0,587,13456,56,67,0,83886092,0x0500000C,misc,,00000012.pro,-1,,0
536,,93712,0,588,13457,57,67,0,83886092,0x0500000C,misc,,00000012.pro,-1,,0
537,,93800,0,589,13458,58,67,0,50332176,0x03000210,wall,,00000528.pro,-1,,0
538,,93888,0,590,13471,71,67,0,33554776,0x02000158,scenery,generic,00000345.pro,-1,,0
539,,93976,0,591,13475,75,67,0,33554573,0x0200008D,scenery,generic,00000142.pro,-1,,0
540,,94064,0,592,13479,79,67,0,33554776,0x02000158,scenery,generic,00000345.pro,-1,,0
541,,94152,0,593,13533,133,67,0,83886092,0x0500000C,misc,,00000012.pro,-1,,0
542,,94240,0,594,13533,133,67,0,33554776,0x02000158,scenery,generic,00000345.pro,-1,,0
543,,94328,0,595,13539,139,67,0,33554776,0x02000158,scenery,generic,00000345.pro,-1,,0
544,,94416,0,596,13652,52,68,0,83886092,0x0500000C,misc,,00000012.pro,-1,,0
545,,94504,0,597,13653,53,68,0,83886092,0x0500000C,misc,,00000012.pro,-1,,0
546,,94592,0,598,13654,54,68,0,83886092,0x0500000C,misc,,00000012.pro,-1,,0
547,,94680,0,599,13655,55,68,0,83886092,0x0500000C,misc,,00000012.pro,-1,,0
548,,94768,0,600,13658,58,68,0,50332139,0x030001EB,wall,,00000491.pro,-1,,0
549,,94856,0,601,13671,71,68,0,33554776,0x02000158,scenery,generic,00000345.pro,-1,,0
550,,94944,0,602,13678,78,68,0,33554776,0x02000158,scenery,generic,00000345.pro,-1,,0
551,,95032,0,603,13679,79,68,0,33554776,0x02000158,scenery,generic,00000345.pro,-1,,0
552,,95120,0,604,13733,133,68,0,83886092,0x0500000C,misc,,00000012.pro,-1,,0
553,,95208,0,605,13733,133,68,0,33554776,0x02000158,scenery,generic,00000345.pro,-1,,0
554,,95296,0,606,13734,134,68,0,83886092,0x0500000C,misc,,00000012.pro,-1,,0
555,,95384,0,607,13736,136,68,0,33554573,0x0200008D,scenery,generic,00000142.pro,-1,,0
556,,95472,0,608,13739,139,68,0,33554776,0x02000158,scenery,generic,00000345.pro,-1,,0
557,,95560,0,609,13850,50,69,0,83886092,0x0500000C,misc,,00000012.pro,-1,,0
558,,95648,0,610,13851,51,69,0,83886092,0x0500000C,misc,,00000012.pro,-1,,0
559,,95736,0,611,13852,52,69,0,83886092,0x0500000C,misc,,00000012.pro,-1,,0
560,,95824,0,612,13853,53,69,0,83886092,0x0500000C,misc,,00000012.pro,-1,,0
561,,95912,0,613,13860,60,69,0,33554724,0x02000124,scenery,generic,00000293.pro,-1,,0
562,,96000,0,614,13871,71,69,0,33554776,0x02000158,scenery,generic,00000345.pro,-1,,0
563,,96088,0,615,13877,77,69,0,33554776,0x02000158,scenery,generic,00000345.pro,-1,,0
564,,96176,0,616,13933,133,69,0,33554776,0x02000158,scenery,generic,00000345.pro,-1,,0
565,,96264,0,617,13934,134,69,0,83886092,0x0500000C,misc,,00000012.pro,-1,,0
566,,96352,0,618,13939,139,69,0,33554776,0x02000158,scenery,generic,00000345.pro,-1,,0
567,,96440,0,619,14048,48,70,0,83886092,0x0500000C,misc,,00000012.pro,-1,,0
568,,96528,0,620,14049,49,70,0,83886092,0x0500000C,misc,,00000012.pro,-1,,0
569,,96616,0,621,14050,50,70,0,83886092,0x0500000C,misc,,00000012.pro,-1,,0
570,,96704,0,622,14051,51,70,0,83886092,0x0500000C,misc,,00000012.pro,-1,,0
571,,96792,0,623,14058,58,70,0,50332140,0x030001EC,wall,,00000492.pro,-1,,0
572,,96880,0,624,14071,71,70,0,33554776,0x02000158,scenery,generic,00000345.pro,-1,,0
573,,96968,0,625,14074,74,70,0,33554573,0x0200008D,scenery,generic,00000142.pro,-1,,0
574,,97056,0,626,14077,77,70,0,33554776,0x02000158,scenery,generic,00000345.pro,-1,,0
575,,97144,0,627,14133,133,70,0,33554776,0x02000158,scenery,generic,00000345.pro,-1,,0
576,,97232,0,628,14135,135,70,0,83886092,0x0500000C,misc,,00000012.pro,-1,,0
577,,97320,0,629,14139,139,70,0,33554776,0x02000158,scenery,generic,00000345.pro,-1,,0
578,,97408,0,630,14246,46,71,0,83886092,0x0500000C,misc,,00000012.pro,-1,,0
579,,97496,0,631,14247,47,71,0,83886092,0x0500000C,misc,,00000012.pro,-1,,0
580,,97584,0,632,14248,48,71,0,83886092,0x0500000C,misc,,00000012.pro,-1,,0
581,,97672,0,633,14249,49,71,0,83886092,0x0500000C,misc,,00000012.pro,-1,,0
582,,97760,0,634,14258,58,71,0,50332177,0x03000211,wall,,00000529.pro,-1,,0
583,,97848,0,635,14271,71,71,0,33554776,0x02000158,scenery,generic,00000345.pro,-1,,0
584,,97936,0,636,14277,77,71,0,33554776,0x02000158,scenery,generic,00000345.pro,-1,,0
585,,98024,0,637,14333,133,71,0,33554776,0x02000158,scenery,generic,00000345.pro,-1,,0
586,,98112,0,638,14335,135,71,0,83886092,0x0500000C,misc,,00000012.pro,-1,,0
587,,98200,0,639,14336,136,71,0,83886092,0x0500000C,misc,,00000012.pro,-1,,0
588,,98288,0,640,14339,139,71,0,33554776,0x02000158,scenery,generic,00000345.pro,-1,,0
589,,98376,0,641,14444,44,72,0,83886092,0x0500000C,misc,,00000012.pro,-1,,0
590,,98464,0,642,14445,45,72,0,83886092,0x0500000C,misc,,00000012.pro,-1,,0
591,,98552,0,643,14446,46,72,0,83886092,0x0500000C,misc,,00000012.pro,-1,,0
592,,98640,0,644,14447,47,72,0,83886092,0x0500000C,misc,,00000012.pro,-1,,0
593,,98728,0,645,14456,56,72,0,33554776,0x02000158,scenery,generic,00000345.pro,-1,,0
594,,98816,0,646,14457,57,72,0,33554776,0x02000158,scenery,generic,00000345.pro,-1,,0
595,,98904,0,647,14458,58,72,0,50332176,0x03000210,wall,,00000528.pro,-1,,0
596,,98992,0,648,14471,71,72,0,33554776,0x02000158,scenery,generic,00000345.pro,-1,,0
597,,99080,0,649,14477,77,72,0,33554776,0x02000158,scenery,generic,00000345.pro,-1,,0
598,,99168,0,650,14533,133,72,0,33554776,0x02000158,scenery,generic,00000345.pro,-1,,0
599,,99256,0,651,14536,136,72,0,83886092,0x0500000C,misc,,00000012.pro,-1,,0
600,,99344,0,652,14537,137,72,0,33554573,0x0200008D,scenery,generic,00000142.pro,-1,,0
601,,99432,0,653,14539,139,72,0,33554776,0x02000158,scenery,generic,00000345.pro,-1,,0
602,,99520,0,654,14642,42,73,0,50332272,0x03000270,wall,,00000624.pro,-1,,0
603,,99608,0,655,14643,43,73,0,83886092,0x0500000C,misc,,00000012.pro,-1,,0
604,,99696,0,656,14643,43,73,0,50332173,0x0300020D,wall,,00000525.pro,-1,,0
605,,99784,0,657,14644,44,73,0,83886092,0x0500000C,misc,,00000012.pro,-1,,0
606,,99872,0,658,14644,44,73,0,50332171,0x0300020B,wall,,00000523.pro,-1,,0
607,,99960,0,659,14645,45,73,0,83886092,0x0500000C,misc,,00000012.pro,-1,,0
608,,100048,0,660,14645,45,73,0,50332174,0x0300020E,wall,,00000526.pro,-1,,0
609,,100136,0,661,14646,46,73,0,50332287,0x0300027F,wall,,00000639.pro,-1,,0
610,,100224,0,662,14647,47,73,0,50332173,0x0300020D,wall,,00000525.pro,-1,,0
611,,100312,0,663,14648,48,73,0,50332171,0x0300020B,wall,,00000523.pro,-1,,0
612,,100400,0,664,14649,49,73,0,50332174,0x0300020E,wall,,00000526.pro,-1,,0
613,,100488,0,665,14650,50,73,0,50332286,0x0300027E,wall,,00000638.pro,-1,,0
614,,100576,0,666,14651,51,73,0,50332173,0x0300020D,wall,,00000525.pro,-1,,0
615,,100664,0,667,14652,52,73,0,50332171,0x0300020B,wall,,00000523.pro,-1,,0
616,,100752,0,668,14653,53,73,0,50332174,0x0300020E,wall,,00000526.pro,-1,,0
617,,100840,0,669,14654,54,73,0,50332287,0x0300027F,wall,,00000639.pro,-1,,0
618,,100928,0,670,14655,55,73,0,50332173,0x0300020D,wall,,00000525.pro,-1,,0
619,,101016,0,671,14656,56,73,0,50332171,0x0300020B,wall,,00000523.pro,-1,,0
620,,101104,0,672,14657,57,73,0,50332146,0x030001F2,wall,,00000498.pro,-1,,0
621,,101192,0,673,14658,58,73,0,50332145,0x030001F1,wall,,00000497.pro,-1,,0
622,,101280,0,674,14671,71,73,0,33554776,0x02000158,scenery,generic,00000345.pro,-1,,0
623,,101368,0,675,14677,77,73,0,33554776,0x02000158,scenery,generic,00000345.pro,-1,,0
624,,101456,0,676,14692,92,73,0,50332763,0x0300045B,wall,,00001115.pro,-1,,0
625,,101544,0,677,14693,93,73,0,50332773,0x03000465,wall,,00001125.pro,-1,,0
626,,101632,0,678,14694,94,73,0,50332774,0x03000466,wall,,00001126.pro,-1,,0
627,,101720,0,679,14695,95,73,0,50332773,0x03000465,wall,,00001125.pro,-1,,0
628,,101808,0,680,14696,96,73,0,50332774,0x03000466,wall,,00001126.pro,-1,,0
629,,101896,0,681,14696,96,73,0,33554906,0x020001DA,scenery,generic,00000475.pro,-1,,0
630,,101984,0,682,14697,97,73,0,50332779,0x0300046B,wall,,00001131.pro,-1,,0
631,,102072,0,683,14698,98,73,0,33554913,0x020001E1,scenery,door,00000482.pro,50331651,Door.int,0
632,,102164,0,684,14699,99,73,0,50332780,0x0300046C,wall,,00001132.pro,-1,,0
633,,102252,0,685,14700,100,73,0,50332772,0x03000464,wall,,00001124.pro,-1,,0
634,,102340,0,686,14701,101,73,0,50332773,0x03000465,wall,,00001125.pro,-1,,0
635,,102428,0,687,14702,102,73,0,50332774,0x03000466,wall,,00001126.pro,-1,,0
636,,102516,0,688,14702,102,73,0,33554906,0x020001DA,scenery,generic,00000475.pro,-1,,0
637,,102604,0,689,14703,103,73,0,50332773,0x03000465,wall,,00001125.pro,-1,,0
638,,102692,0,690,14704,104,73,0,50332772,0x03000464,wall,,00001124.pro,-1,,0
639,,102780,0,691,14705,105,73,0,50332773,0x03000465,wall,,00001125.pro,-1,,0
640,,102868,0,692,14706,106,73,0,50332777,0x03000469,wall,,00001129.pro,-1,,0
641,,102956,0,693,14707,107,73,0,33554907,0x020001DB,scenery,generic,00000476.pro,-1,,0
642,,103044,0,694,14708,108,73,0,50332778,0x0300046A,wall,,00001130.pro,-1,,0
643,,103132,0,695,14709,109,73,0,50332773,0x03000465,wall,,00001125.pro,-1,,0
644,,103220,0,696,14710,110,73,0,50332777,0x03000469,wall,,00001129.pro,-1,,0
645,,103308,0,697,14711,111,73,0,33554908,0x020001DC,scenery,generic,00000477.pro,-1,,0
646,,103396,0,698,14712,112,73,0,50332778,0x0300046A,wall,,00001130.pro,-1,,0
647,,103484,0,699,14713,113,73,0,50332771,0x03000463,wall,,00001123.pro,-1,,0
648,,103572,0,700,14714,114,73,0,50332772,0x03000464,wall,,00001124.pro,-1,,0
649,,103660,0,701,14715,115,73,0,50332773,0x03000465,wall,,00001125.pro,-1,,0
650,,103748,0,702,14716,116,73,0,50332774,0x03000466,wall,,00001126.pro,-1,,0
651,,103836,0,703,14716,116,73,0,33554906,0x020001DA,scenery,generic,00000475.pro,-1,,0
652,,103924,0,704,14717,117,73,0,50332773,0x03000465,wall,,00001125.pro,-1,,0
653,,104012,0,705,14718,118,73,0,50332772,0x03000464,wall,,00001124.pro,-1,,0
654,,104100,0,706,14719,119,73,0,50332773,0x03000465,wall,,00001125.pro,-1,,0
655,,104188,0,707,14720,120,73,0,50332766,0x0300045E,wall,,00001118.pro,-1,,0
656,,104276,0,708,14733,133,73,0,33554776,0x02000158,scenery,generic,00000345.pro,-1,,0
657,,104364,0,709,14737,137,73,0,83886092,0x0500000C,misc,,00000012.pro,-1,,0
658,,104452,0,710,14739,139,73,0,33554776,0x02000158,scenery,generic,00000345.pro,-1,,0
659,,104540,0,711,14843,43,74,0,83886092,0x0500000C,misc,,00000012.pro,-1,,0
660,,104628,0,712,14843,43,74,0,50332270,0x0300026E,wall,,00000622.pro,-1,,0
661,,104716,0,713,14844,44,74,0,83886092,0x0500000C,misc,,00000012.pro,-1,,0
662,,104804,0,714,14845,45,74,0,50332270,0x0300026E,wall,,00000622.pro,-1,,0
663,,104892,0,715,14847,47,74,0,50332270,0x0300026E,wall,,00000622.pro,-1,,0
664,,104980,0,716,14849,49,74,0,50332270,0x0300026E,wall,,00000622.pro,-1,,0
665,,105068,0,717,14851,51,74,0,50332270,0x0300026E,wall,,00000622.pro,-1,,0
666,,105156,0,718,14853,53,74,0,50332270,0x0300026E,wall,,00000622.pro,-1,,0
667,,105244,0,719,14855,55,74,0,50332270,0x0300026E,wall,,00000622.pro,-1,,0
668,,105332,0,720,14857,57,74,0,50332270,0x0300026E,wall,,00000622.pro,-1,,0
669,,105420,0,721,14871,71,74,0,33554776,0x02000158,scenery,generic,00000345.pro,-1,,0
670,,105508,0,722,14874,74,74,0,33554573,0x0200008D,scenery,generic,00000142.pro,-1,,0
671,,105596,0,723,14877,77,74,0,33554776,0x02000158,scenery,generic,00000345.pro,-1,,0
672,,105684,0,724,14892,92,74,0,50332269,0x0300026D,wall,,00000621.pro,-1,,0
673,,105772,0,725,14893,93,74,0,33554622,0x020000BE,scenery,generic,00000191.pro,-1,,0
674,,105860,0,726,14896,96,74,0,33554499,0x02000043,scenery,generic,00000068.pro,-1,,0
675,,105948,0,727,14900,100,74,0,33554499,0x02000043,scenery,generic,00000068.pro,-1,,0
676,,106036,0,728,14900,100,74,0,66,0x00000042,item,container,00000066.pro,-1,,0
677,,106124,0,729,14901,101,74,0,33554499,0x02000043,scenery,generic,00000068.pro,-1,,0
678,,106212,0,730,14902,102,74,0,33554499,0x02000043,scenery,generic,00000068.pro,-1,,0
679,,106300,0,731,14904,104,74,0,50332807,0x03000487,wall,,00001159.pro,-1,,0
680,,106388,0,732,14904,104,74,0,50331768,0x03000078,wall,,00000035.pro,-1,,0
681,,106476,0,733,14906,106,74,0,33554438,0x02000006,scenery,generic,00000006.pro,-1,,0
682,,106564,0,734,14910,110,74,0,33554499,0x02000043,scenery,generic,00000068.pro,-1,,0
683,,106652,0,735,14911,111,74,0,33554499,0x02000043,scenery,generic,00000068.pro,-1,,0
684,,106740,0,736,14912,112,74,0,33554499,0x02000043,scenery,generic,00000068.pro,-1,,0
685,,106828,0,737,14913,113,74,0,33554499,0x02000043,scenery,generic,00000068.pro,-1,,0
686,,106916,0,738,14914,114,74,0,33554831,0x0200018F,scenery,generic,00000400.pro,-1,,0
687,,107004,0,739,14916,116,74,0,33554831,0x0200018F,scenery,generic,00000400.pro,-1,,0
688,,107092,0,740,14918,118,74,0,33554830,0x0200018E,scenery,generic,00000399.pro,-1,,0
689,,107180,0,741,14920,120,74,0,50332269,0x0300026D,wall,,00000621.pro,-1,,0
690,,107268,0,742,14933,133,74,0,33554776,0x02000158,scenery,generic,00000345.pro,-1,,0
691,,107356,0,743,14936,136,74,0,33554573,0x0200008D,scenery,generic,00000142.pro,-1,,0
692,,107444,0,744,14937,137,74,0,83886092,0x0500000C,misc,,00000012.pro,-1,,0
693,,107532,0,745,14938,138,74,0,83886092,0x0500000C,misc,,00000012.pro,-1,,0
694,,107620,0,746,14939,139,74,0,33554776,0x02000158,scenery,generic,00000345.pro,-1,,0
695,,107708,0,747,15044,44,75,0,83886092,0x0500000C,misc,,00000012.pro,-1,,0
696,,107796,0,748,15071,71,75,0,33554776,0x02000158,scenery,generic,00000345.pro,-1,,0
697,,107884,0,749,15077,77,75,0,33554776,0x02000158,scenery,generic,00000345.pro,-1,,0
698,,107972,0,750,15092,92,75,0,50332770,0x03000462,wall,,00001122.pro,-1,,0
699,,108060,0,751,15096,96,75,0,33554499,0x02000043,scenery,generic,00000068.pro,-1,,0
700,,108148,0,752,15104,104,75,0,50331898,0x030000FA,wall,,00000250.pro,-1,,0
701,,108236,0,753,15105,105,75,0,33554830,0x0200018E,scenery,generic,00000399.pro,-1,,0
702,,108324,0,754,15110,110,75,0,33554499,0x02000043,scenery,generic,00000068.pro,-1,,0
703,,108412,0,755,15111,111,75,0,33555081,0x02000289,scenery,generic,00000650.pro,-1,,0
704,,108500,0,756,15112,112,75,0,33554499,0x02000043,scenery,generic,00000068.pro,-1,,0
705,,108588,0,757,15114,114,75,0,33554830,0x0200018E,scenery,generic,00000399.pro,-1,,0
706,,108676,0,758,15115,115,75,0,33554830,0x0200018E,scenery,generic,00000399.pro,-1,,0
707,,108764,0,759,15117,117,75,0,33554831,0x0200018F,scenery,generic,00000400.pro,-1,,0
708,,108852,0,760,15119,119,75,0,33554830,0x0200018E,scenery,generic,00000399.pro,-1,,0
709,,108940,0,761,15120,120,75,0,50332768,0x03000460,wall,,00001120.pro,-1,,0
710,,109028,0,762,15133,133,75,0,33554776,0x02000158,scenery,generic,00000345.pro,-1,,0
711,,109116,0,763,15138,138,75,0,83886092,0x0500000C,misc,,00000012.pro,-1,,0
712,,109204,0,764,15139,139,75,0,33554776,0x02000158,scenery,generic,00000345.pro,-1,,0
713,,109292,0,765,15245,45,76,0,83886092,0x0500000C,misc,,00000012.pro,-1,,0
714,,109380,0,766,15252,52,76,0,33554499,0x02000043,scenery,generic,00000068.pro,-1,,0
715,,109468,0,767,15271,71,76,0,33554776,0x02000158,scenery,generic,00000345.pro,-1,,0
716,,109556,0,768,15274,74,76,0,33554776,0x02000158,scenery,generic,00000345.pro,-1,,0
717,,109644,0,769,15276,76,76,0,33554776,0x02000158,scenery,generic,00000345.pro,-1,,0
718,,109732,0,770,15277,77,76,0,33554776,0x02000158,scenery,generic,00000345.pro,-1,,0
719,,109820,0,771,15292,92,76,0,50332767,0x0300045F,wall,,00001119.pro,-1,,0
720,,109908,0,772,15293,93,76,0,33554622,0x020000BE,scenery,generic,00000191.pro,-1,,0
721,,109996,0,773,15296,96,76,0,33554499,0x02000043,scenery,generic,00000068.pro,-1,,0
722,,110084,0,774,15304,104,76,0,50332269,0x0300026D,wall,,00000621.pro,-1,,0
723,,110172,0,775,15310,110,76,0,33554499,0x02000043,scenery,generic,00000068.pro,-1,,0
724,,110260,0,776,15311,111,76,0,33554499,0x02000043,scenery,generic,00000068.pro,-1,,0
725,,110348,0,777,15314,114,76,0,33554829,0x0200018D,scenery,generic,00000398.pro,-1,,0
726,,110436,0,778,15315,115,76,0,33554829,0x0200018D,scenery,generic,00000398.pro,-1,,0
727,,110524,0,779,15320,120,76,0,50332769,0x03000461,wall,,00001121.pro,-1,,0
728,,110612,0,780,15333,133,76,0,33554776,0x02000158,scenery,generic,00000345.pro,-1,,0
729,,110700,0,781,15339,139,76,0,83886092,0x0500000C,misc,,00000012.pro,-1,,0
730,,110788,0,782,15339,139,76,0,33554776,0x02000158,scenery,generic,00000345.pro,-1,,0
731,,110876,0,783,15340,140,76,0,33554776,0x02000158,scenery,generic,00000345.pro,-1,,0
732,,110964,0,784,15445,45,77,0,83886092,0x0500000C,misc,,00000012.pro,-1,,0
733,,111052,0,785,15446,46,77,0,83886092,0x0500000C,misc,,00000012.pro,-1,,0
734,,111140,0,786,15451,51,77,0,33554541,0x0200006D,scenery,generic,00000110.pro,-1,,0
735,,111228,0,787,15452,52,77,0,33554499,0x02000043,scenery,generic,00000068.pro,-1,,0
736,,111316,0,788,15471,71,77,0,33554776,0x02000158,scenery,generic,00000345.pro,-1,,0
737,,111404,0,789,15472,72,77,0,33554776,0x02000158,scenery,generic,00000345.pro,-1,,0
738,,111492,0,790,15473,73,77,0,33554776,0x02000158,scenery,generic,00000345.pro,-1,,0
739,,111580,0,791,15475,75,77,0,33554776,0x02000158,scenery,generic,00000345.pro,-1,,0
740,,111668,0,792,15492,92,77,0,50332768,0x03000460,wall,,00001120.pro,-1,,0
741,,111756,0,793,15493,93,77,0,33554499,0x02000043,scenery,generic,00000068.pro,-1,,0
742,,111844,0,794,15496,96,77,0,33554499,0x02000043,scenery,generic,00000068.pro,-1,,0
743,,111932,0,795,15498,98,77,3,16777462,0x010000F6,critter,,00000246.pro,67108870,GunRnr.int,8
743/inventory/0,2,112064,0,796,-1,,,0,31,0x0000001F,item,ammo,00000031.pro,-1,,0
743/inventory/1,1,112160,0,797,-1,,,0,51,0x00000033,item,misc,00000051.pro,-1,,0
743/inventory/2,2,112256,0,798,-1,,,0,79,0x0000004F,item,weapon,00000079.pro,-1,,0
743/inventory/3,2,112356,0,799,-1,,,0,111,0x0000006F,item,ammo,00000111.pro,-1,,0
743/inventory/4,43,112452,0,800,-1,,,0,41,0x00000029,item,misc,00000041.pro,-1,,0
743/inventory/5,1,112548,0,801,-1,,,0,18,0x00000012,item,weapon,00000018.pro,-1,,0
743/inventory/6,1,112648,0,802,-1,,,0,2,0x00000002,item,armor,00000001.pro,-1,,0
743/inventory/7,2,112740,0,803,-1,,,0,25,0x00000019,item,weapon,00000025.pro,-1,,0
744,,112836,0,804,15504,104,77,0,50332394,0x030002EA,wall,,00000746.pro,-1,,0
745,,112924,0,805,15514,114,77,0,33554828,0x0200018C,scenery,generic,00000397.pro,-1,,0
746,,113012,0,806,15520,120,77,0,50332770,0x03000462,wall,,00001122.pro,-1,,0
747,,113100,0,807,15520,120,77,0,33554903,0x020001D7,scenery,generic,00000472.pro,-1,,0
748,,113188,0,808,15533,133,77,0,33554776,0x02000158,scenery,generic,00000345.pro,-1,,0
749,,113276,0,809,15539,139,77,0,83886092,0x0500000C,misc,,00000012.pro,-1,,0
750,,113364,0,810,15540,140,77,0,83886092,0x0500000C,misc,,00000012.pro,-1,,0
751,,113452,0,811,15541,141,77,0,33554776,0x02000158,scenery,generic,00000345.pro,-1,,0
752,,113540,0,812,15554,154,77,0,50332270,0x0300026E,wall,,00000622.pro,-1,,0
753,,113628,0,813,15643,43,78,0,33554536,0x02000068,scenery,generic,00000105.pro,-1,,0
754,,113716,0,814,15646,46,78,0,83886092,0x0500000C,misc,,00000012.pro,-1,,0
755,,113804,0,815,15672,72,78,0,33554573,0x0200008D,scenery,generic,00000142.pro,-1,,0
756,,113892,0,816,15692,92,78,0,50332769,0x03000461,wall,,00001121.pro,-1,,0
757,,113980,0,817,15693,93,78,0,33554499,0x02000043,scenery,generic,00000068.pro,-1,,0
758,,114068,0,818,15693,93,78,0,33554622,0x020000BE,scenery,generic,00000191.pro,-1,,0
759,,114156,0,819,15694,94,78,0,33554499,0x02000043,scenery,generic,00000068.pro,-1,,0
760,,114244,0,820,15696,96,78,0,33554499,0x02000043,scenery,generic,00000068.pro,-1,,0
761,,114332,0,821,15699,99,78,0,33554573,0x0200008D,scenery,generic,00000142.pro,-1,,0
762,,114420,0,822,15720,120,78,0,50332767,0x0300045F,wall,,00001119.pro,-1,,0
763,,114508,0,823,15721,121,78,0,33554830,0x0200018E,scenery,generic,00000399.pro,-1,,0
764,,114596,0,824,15722,122,78,0,33554828,0x0200018C,scenery,generic,00000397.pro,-1,,0
765,,114684,0,825,15733,133,78,0,33554776,0x02000158,scenery,generic,00000345.pro,-1,,0
766,,114772,0,826,15737,137,78,0,33554573,0x0200008D,scenery,generic,00000142.pro,-1,,0
767,,114860,0,827,15740,140,78,0,83886092,0x0500000C,misc,,00000012.pro,-1,,0
768,,114948,0,828,15741,141,78,0,33554776,0x02000158,scenery,generic,00000345.pro,-1,,0
769,,115036,0,829,15754,154,78,0,50332249,0x03000259,wall,,00000601.pro,-1,,0
770,,115124,0,830,15755,155,78,0,33554776,0x02000158,scenery,generic,00000345.pro,-1,,0
771,,115212,0,831,15756,156,78,0,33554776,0x02000158,scenery,generic,00000345.pro,-1,,0
772,,115300,0,832,15847,47,79,0,83886092,0x0500000C,misc,,00000012.pro,-1,,0
773,,115388,0,833,15892,92,79,0,50332770,0x03000462,wall,,00001122.pro,-1,,0
774,,115476,0,834,15893,93,79,0,33554499,0x02000043,scenery,generic,00000068.pro,-1,,0
775,,115564,0,835,15895,95,79,0,33554499,0x02000043,scenery,generic,00000068.pro,-1,,0
776,,115652,0,836,15904,104,79,0,50332395,0x030002EB,wall,,00000747.pro,-1,,0
777,,115740,0,837,15904,104,79,0,50331898,0x030000FA,wall,,00000250.pro,-1,,0
778,,115828,0,838,15909,109,79,0,33554573,0x0200008D,scenery,generic,00000142.pro,-1,,0
779,,115916,0,839,15920,120,79,0,50332768,0x03000460,wall,,00001120.pro,-1,,0
780,,116004,0,840,15921,121,79,0,33554983,0x02000227,scenery,generic,00000552.pro,-1,,0
781,,116092,0,841,15922,122,79,0,33554829,0x0200018D,scenery,generic,00000398.pro,-1,,0
782,,116180,0,842,15933,133,79,0,33554776,0x02000158,scenery,generic,00000345.pro,-1,,0
783,,116268,0,843,15941,141,79,0,83886092,0x0500000C,misc,,00000012.pro,-1,,0
784,,116356,0,844,15941,141,79,0,33554776,0x02000158,scenery,generic,00000345.pro,-1,,0
785,,116444,0,845,15954,154,79,0,50332243,0x03000253,wall,,00000595.pro,-1,,0
786,,116532,0,846,15956,156,79,0,33554776,0x02000158,scenery,generic,00000345.pro,-1,,0
787,,116620,0,847,16047,47,80,0,83886092,0x0500000C,misc,,00000012.pro,-1,,0
788,,116708,0,848,16048,48,80,0,83886092,0x0500000C,misc,,00000012.pro,-1,,0
789,,116796,0,849,16072,72,80,0,33554776,0x02000158,scenery,generic,00000345.pro,-1,,0
790,,116884,0,850,16092,92,80,0,50332767,0x0300045F,wall,,00001119.pro,-1,,0
791,,116972,0,851,16092,92,80,0,33554905,0x020001D9,scenery,generic,00000474.pro,-1,,0
792,,117060,0,852,16093,93,80,0,33554499,0x02000043,scenery,generic,00000068.pro,-1,,0
793,,117148,0,853,16093,93,80,0,63,0x0000003F,item,container,00000063.pro,-1,,0
794,,117236,0,854,16104,104,80,0,50331768,0x03000078,wall,,00000035.pro,-1,,0
795,,117324,0,855,16120,120,80,0,50332769,0x03000461,wall,,00001121.pro,-1,,0
796,,117412,0,856,16120,120,80,0,33554903,0x020001D7,scenery,generic,00000472.pro,-1,,0
797,,117500,0,857,16121,121,80,0,33554984,0x02000228,scenery,generic,00000553.pro,-1,,0
798,,117588,0,858,16133,133,80,0,33554776,0x02000158,scenery,generic,00000345.pro,-1,,0
799,,117676,0,859,16141,141,80,0,83886092,0x0500000C,misc,,00000012.pro,-1,,0
800,,117764,0,860,16141,141,80,0,33554776,0x02000158,scenery,generic,00000345.pro,-1,,0
801,,117852,0,861,16142,142,80,0,83886092,0x0500000C,misc,,00000012.pro,-1,,0
802,,117940,0,862,16154,154,80,0,50332246,0x03000256,wall,,00000598.pro,-1,,0
803,,118028,0,863,16157,157,80,0,33554776,0x02000158,scenery,generic,00000345.pro,-1,,0
804,,118116,0,864,16248,48,81,0,83886092,0x0500000C,misc,,00000012.pro,-1,,0
805,,118204,0,865,16271,71,81,0,33554776,0x02000158,scenery,generic,00000345.pro,-1,,0
806,,118292,0,866,16273,73,81,0,33554776,0x02000158,scenery,generic,00000345.pro,-1,,0
807,,118380,0,867,16292,92,81,0,50332768,0x03000460,wall,,00001120.pro,-1,,0
808,,118468,0,868,16293,93,81,0,33554499,0x02000043,scenery,generic,00000068.pro,-1,,0
809,,118556,0,869,16304,104,81,0,50331898,0x030000FA,wall,,00000250.pro,-1,,0
810,,118644,0,870,16314,114,81,0,33554834,0x02000192,scenery,generic,00000403.pro,-1,,0
811,,118732,0,871,16320,120,81,0,50332770,0x03000462,wall,,00001122.pro,-1,,0
812,,118820,0,872,16333,133,81,0,33554776,0x02000158,scenery,generic,00000345.pro,-1,,0
813,,118908,0,873,16336,136,81,0,33554573,0x0200008D,scenery,generic,00000142.pro,-1,,0
814,,118996,0,874,16341,141,81,0,33554776,0x02000158,scenery,generic,00000345.pro,-1,,0
815,,119084,0,875,16342,142,81,0,83886092,0x0500000C,misc,,00000012.pro,-1,,0
816,,119172,0,876,16354,154,81,0,50332249,0x03000259,wall,,00000601.pro,-1,,0
817,,119260,0,877,16357,157,81,0,33554776,0x02000158,scenery,generic,00000345.pro,-1,,0
818,,119348,0,878,16358,158,81,0,33554776,0x02000158,scenery,generic,00000345.pro,-1,,0
819,,119436,0,879,16449,49,82,0,83886092,0x0500000C,misc,,00000012.pro,-1,,0
820,,119524,0,880,16471,71,82,0,33554776,0x02000158,scenery,generic,00000345.pro,-1,,0
821,,119612,0,881,16473,73,82,0,33554776,0x02000158,scenery,generic,00000345.pro,-1,,0
822,,119700,0,882,16474,74,82,0,33554776,0x02000158,scenery,generic,00000345.pro,-1,,0
823,,119788,0,883,16492,92,82,0,50332769,0x03000461,wall,,00001121.pro,-1,,0
824,,119876,0,884,16504,104,82,0,50332381,0x030002DD,wall,,00000733.pro,-1,,0
825,,119964,0,885,16505,105,82,0,33554828,0x0200018C,scenery,generic,00000397.pro,-1,,0
826,,120052,0,886,16514,114,82,0,33554833,0x02000191,scenery,generic,00000402.pro,-1,,0
827,,120140,0,887,16515,115,82,0,33554834,0x02000192,scenery,generic,00000403.pro,-1,,0
828,,120228,0,888,16520,120,82,0,50332767,0x0300045F,wall,,00001119.pro,-1,,0
829,,120316,0,889,16521,121,82,0,33554983,0x02000227,scenery,generic,00000552.pro,-1,,0
830,,120404,0,890,16532,132,82,0,33554776,0x02000158,scenery,generic,00000345.pro,-1,,0
831,,120492,0,891,16533,133,82,0,33554776,0x02000158,scenery,generic,00000345.pro,-1,,0
832,,120580,0,892,16541,141,82,0,33554776,0x02000158,scenery,generic,00000345.pro,-1,,0
833,,120668,0,893,16543,143,82,0,83886092,0x0500000C,misc,,00000012.pro,-1,,0
834,,120756,0,894,16554,154,82,0,50332291,0x03000283,wall,,00000643.pro,-1,,0
835,,120844,0,895,16558,158,82,0,33554776,0x02000158,scenery,generic,00000345.pro,-1,,0
836,,120932,0,896,16649,49,83,0,83886092,0x0500000C,misc,,00000012.pro,-1,,0
837,,121020,0,897,16650,50,83,0,83886092,0x0500000C,misc,,00000012.pro,-1,,0
838,,121108,0,898,16671,71,83,0,33554776,0x02000158,scenery,generic,00000345.pro,-1,,0
839,,121196,0,899,16673,73,83,0,33554573,0x0200008D,scenery,generic,00000142.pro,-1,,0
840,,121284,0,900,16675,75,83,0,33554776,0x02000158,scenery,generic,00000345.pro,-1,,0
841,,121372,0,901,16692,92,83,0,50332770,0x03000462,wall,,00001122.pro,-1,,0
842,,121460,0,902,16693,93,83,0,50332270,0x0300026E,wall,,00000622.pro,-1,,0
843,,121548,0,903,16693,93,83,0,50332806,0x03000486,wall,,00001158.pro,-1,,0
844,,121636,0,904,16694,94,83,0,50331778,0x03000082,wall,,00000045.pro,-1,,0
845,,121724,0,905,16695,95,83,0,50331777,0x03000081,wall,,00000044.pro,-1,,0
846,,121812,0,906,16696,96,83,0,50331772,0x0300007C,wall,,00000039.pro,-1,,0
847,,121900,0,907,16697,97,83,0,50331771,0x0300007B,wall,,00000038.pro,-1,,0
848,,121988,0,908,16698,98,83,0,50331770,0x0300007A,wall,,00000037.pro,-1,,0
849,,122076,0,909,16699,99,83,0,50331777,0x03000081,wall,,00000044.pro,-1,,0
850,,122164,0,910,16700,100,83,0,50331772,0x0300007C,wall,,00000039.pro,-1,,0
851,,122252,0,911,16701,101,83,0,50331771,0x0300007B,wall,,00000038.pro,-1,,0
852,,122340,0,912,16702,102,83,0,50331770,0x0300007A,wall,,00000037.pro,-1,,0
853,,122428,0,913,16703,103,83,0,50331777,0x03000081,wall,,00000044.pro,-1,,0
854,,122516,0,914,16704,104,83,0,50332270,0x0300026E,wall,,00000622.pro,-1,,0
855,,122604,0,915,16705,105,83,0,33554829,0x0200018D,scenery,generic,00000398.pro,-1,,0
856,,122692,0,916,16707,107,83,0,33554528,0x02000060,scenery,generic,00000097.pro,-1,,0
857,,122780,0,917,16715,115,83,0,33554835,0x02000193,scenery,generic,00000404.pro,-1,,0
858,,122868,0,918,16720,120,83,0,50332768,0x03000460,wall,,00001120.pro,-1,,0
859,,122956,0,919,16721,121,83,0,33554984,0x02000228,scenery,generic,00000553.pro,-1,,0
860,,123044,0,920,16723,123,83,0,33554984,0x02000228,scenery,generic,00000553.pro,-1,,0
861,,123132,0,921,16731,131,83,0,33554776,0x02000158,scenery,generic,00000345.pro,-1,,0
862,,123220,0,922,16736,136,83,0,33554573,0x0200008D,scenery,generic,00000142.pro,-1,,0
863,,123308,0,923,16741,141,83,0,33554776,0x02000158,scenery,generic,00000345.pro,-1,,0
864,,123396,0,924,16743,143,83,0,83886092,0x0500000C,misc,,00000012.pro,-1,,0
865,,123484,0,925,16744,144,83,0,83886092,0x0500000C,misc,,00000012.pro,-1,,0
866,,123572,0,926,16754,154,83,0,50332246,0x03000256,wall,,00000598.pro,-1,,0
867,,123660,0,927,16759,159,83,0,33554776,0x02000158,scenery,generic,00000345.pro,-1,,0
868,,123748,0,928,16850,50,84,0,83886092,0x0500000C,misc,,00000012.pro,-1,,0
869,,123836,0,929,16870,70,84,0,33554776,0x02000158,scenery,generic,00000345.pro,-1,,0
870,,123924,0,930,16871,71,84,0,33554776,0x02000158,scenery,generic,00000345.pro,-1,,0
871,,124012,0,931,16875,75,84,0,33554776,0x02000158,scenery,generic,00000345.pro,-1,,0
872,,124100,0,932,16892,92,84,0,50332767,0x0300045F,wall,,00001119.pro,-1,,0
873,,124188,0,933,16893,93,84,0,33554499,0x02000043,scenery,generic,00000068.pro,-1,,0
874,,124276,0,934,16895,95,84,0,33554499,0x02000043,scenery,generic,00000068.pro,-1,,0
875,,124364,0,935,16895,95,84,0,188,0x000000BC,item,container,00000188.pro,-1,,2
875/inventory/0,1,124456,0,936,-1,,,0,13,0x0000000D,item,weapon,00000007.pro,-1,,0
875/inventory/1,3,124556,0,937,-1,,,0,14,0x0000000E,item,ammo,00000008.pro,-1,,0
876,,124648,0,938,16897,97,84,0,33554499,0x02000043,scenery,generic,00000068.pro,-1,,0
877,,124736,0,939,16897,97,84,0,132,0x00000084,item,container,00000132.pro,-1,,4
877/inventory/0,1,124828,0,940,-1,,,0,15,0x0000000F,item,weapon,00000015.pro,-1,,0
877/inventory/1,1,124928,0,941,-1,,,0,24,0x00000018,item,weapon,00000024.pro,-1,,0
877/inventory/2,1,125028,0,942,-1,,,0,39,0x00000027,item,ammo,00000039.pro,-1,,0
877/inventory/3,2,125124,0,943,-1,,,0,38,0x00000026,item,ammo,00000038.pro,-1,,0
878,,125216,0,944,16898,98,84,0,33554834,0x02000192,scenery,generic,00000403.pro,-1,,0
879,,125304,0,945,16899,99,84,0,33554835,0x02000193,scenery,generic,00000404.pro,-1,,0
880,,125392,0,946,16901,101,84,2,16777474,0x01000102,critter,,00000258.pro,67108873,GunRnr.int,3
880/inventory/0,6,125524,0,947,-1,,,0,37,0x00000025,item,ammo,00000037.pro,-1,,0
880/inventory/1,4,125620,0,948,-1,,,0,40,0x00000028,item,drug,00000040.pro,-1,,0
880/inventory/2,1,125712,0,949,-1,,,0,13,0x0000000D,item,weapon,00000007.pro,-1,,0
881,,125808,0,950,16903,103,84,0,33554499,0x02000043,scenery,generic,00000068.pro,-1,,0
882,,125896,0,951,16904,104,84,0,33554653,0x020000DD,scenery,generic,00000222.pro,-1,,0
883,,125984,0,952,16905,105,84,0,33554499,0x02000043,scenery,generic,00000068.pro,-1,,0
884,,126072,0,953,16908,108,84,0,33554499,0x02000043,scenery,generic,00000068.pro,-1,,0
885,,126160,0,954,16911,111,84,2,16777348,0x01000084,critter,,00000132.pro,67108866,Gabriel.int,6
885/inventory/0,1,126292,0,955,-1,,,0,39,0x00000027,item,ammo,00000039.pro,-1,,0
885/inventory/1,6,126388,0,956,-1,,,0,40,0x00000028,item,drug,00000040.pro,-1,,0
885/inventory/2,56,126480,0,957,-1,,,0,41,0x00000029,item,misc,00000041.pro,-1,,0
885/inventory/3,1,126576,0,958,-1,,,0,116,0x00000074,item,weapon,00000116.pro,-1,,0
885/inventory/4,2,126676,0,959,-1,,,0,38,0x00000026,item,ammo,00000038.pro,-1,,0
885/inventory/5,1,126772,0,960,-1,,,0,15,0x0000000F,item,weapon,00000015.pro,-1,,0
886,,126868,0,961,16914,114,84,0,33554833,0x02000191,scenery,generic,00000402.pro,-1,,0
887,,126956,0,962,16920,120,84,0,50332769,0x03000461,wall,,00001121.pro,-1,,0
888,,127044,0,963,16931,131,84,0,33554776,0x02000158,scenery,generic,00000345.pro,-1,,0
889,,127132,0,964,16941,141,84,0,33554776,0x02000158,scenery,generic,00000345.pro,-1,,0
890,,127220,0,965,16944,144,84,0,83886092,0x0500000C,misc,,00000012.pro,-1,,0
891,,127308,0,966,16954,154,84,0,50332281,0x03000279,wall,,00000633.pro,-1,,0
892,,127396,0,967,16959,159,84,0,33554776,0x02000158,scenery,generic,00000345.pro,-1,,0
893,,127484,0,968,16960,160,84,0,33554776,0x02000158,scenery,generic,00000345.pro,-1,,0
894,,127572,0,969,17044,44,85,0,33554723,0x02000123,scenery,generic,00000292.pro,-1,,0
895,,127660,0,970,17051,51,85,0,83886092,0x0500000C,misc,,00000012.pro,-1,,0
896,,127748,0,971,17069,69,85,0,33554776,0x02000158,scenery,generic,00000345.pro,-1,,0
897,,127836,0,972,17075,75,85,0,33554776,0x02000158,scenery,generic,00000345.pro,-1,,0
898,,127924,0,973,17092,92,85,0,50332768,0x03000460,wall,,00001120.pro,-1,,0
899,,128012,0,974,17093,93,85,0,33554499,0x02000043,scenery,generic,00000068.pro,-1,,0
900,,128100,0,975,17093,93,85,0,134,0x00000086,item,container,00000134.pro,-1,,2
900/inventory/0,1,128192,0,976,-1,,,0,235,0x000000EB,item,weapon,00000235.pro,-1,,0
900/inventory/1,1,128292,0,977,-1,,,0,116,0x00000074,item,weapon,00000116.pro,-1,,0
901,,128388,0,978,17094,94,85,3,16777474,0x01000102,critter,,00000258.pro,67108877,GunRnr.int,3
901/inventory/0,3,128520,0,979,-1,,,0,31,0x0000001F,item,ammo,00000031.pro,-1,,0
901/inventory/1,3,128616,0,980,-1,,,0,40,0x00000028,item,drug,00000040.pro,-1,,0
901/inventory/2,1,128708,0,981,-1,,,0,18,0x00000012,item,weapon,00000018.pro,-1,,0
902,,128804,0,982,17097,97,85,3,16777474,0x01000102,critter,,00000258.pro,67108876,GunRnr.int,3
902/inventory/0,3,128936,0,983,-1,,,0,31,0x0000001F,item,ammo,00000031.pro,-1,,0
902/inventory/1,3,129032,0,984,-1,,,0,40,0x00000028,item,drug,00000040.pro,-1,,0
902/inventory/2,1,129124,0,985,-1,,,0,18,0x00000012,item,weapon,00000018.pro,-1,,0
903,,129220,0,986,17099,99,85,0,33554833,0x02000191,scenery,generic,00000402.pro,-1,,0
904,,129308,0,987,17105,105,85,0,33554499,0x02000043,scenery,generic,00000068.pro,-1,,0
905,,129396,0,988,17107,107,85,0,33554499,0x02000043,scenery,generic,00000068.pro,-1,,0
906,,129484,0,989,17108,108,85,0,33554436,0x02000004,scenery,generic,00000004.pro,-1,,0
907,,129572,0,990,17109,109,85,0,33554529,0x02000061,scenery,generic,00000098.pro,-1,,0
908,,129660,0,991,17120,120,85,0,50332770,0x03000462,wall,,00001122.pro,-1,,0
909,,129748,0,992,17121,121,85,0,33554829,0x0200018D,scenery,generic,00000398.pro,-1,,0
910,,129836,0,993,17131,131,85,0,33554776,0x02000158,scenery,generic,00000345.pro,-1,,0
911,,129924,0,994,17134,134,85,0,33554573,0x0200008D,scenery,generic,00000142.pro,-1,,0
912,,130012,0,995,17141,141,85,0,33554776,0x02000158,scenery,generic,00000345.pro,-1,,0
913,,130100,0,996,17145,145,85,0,83886092,0x0500000C,misc,,00000012.pro,-1,,0
914,,130188,0,997,17160,160,85,0,33554776,0x02000158,scenery,generic,00000345.pro,-1,,0
915,,130276,0,998,17251,51,86,0,83886092,0x0500000C,misc,,00000012.pro,-1,,0
916,,130364,0,999,17252,52,86,0,83886092,0x0500000C,misc,,00000012.pro,-1,,0
917,,130452,0,1000,17269,69,86,0,33554776,0x02000158,scenery,generic,00000345.pro,-1,,0
918,,130540,0,1001,17275,75,86,0,33554776,0x02000158,scenery,generic,00000345.pro,-1,,0
919,,130628,0,1002,17292,92,86,0,50332769,0x03000461,wall,,00001121.pro,-1,,0
920,,130716,0,1003,17293,93,86,0,33554499,0x02000043,scenery,generic,00000068.pro,-1,,0
921,,130804,0,1004,17293,93,86,0,134,0x00000086,item,container,00000134.pro,-1,,3
921/inventory/0,2,130896,0,1005,-1,,,0,26,0x0000001A,item,weapon,00000026.pro,-1,,0
921/inventory/1,4,130996,0,1006,-1,,,0,25,0x00000019,item,weapon,00000025.pro,-1,,0
921/inventory/2,4,131096,0,1007,-1,,,0,40,0x00000028,item,drug,00000040.pro,-1,,0
922,,131184,0,1008,17294,94,86,0,33554499,0x02000043,scenery,generic,00000068.pro,-1,,0
923,,131272,0,1009,17296,96,86,3,16777479,0x01000107,critter,,00000263.pro,67108872,GunRnr.int,4
923/inventory/0,4,131404,0,1010,-1,,,0,40,0x00000028,item,drug,00000040.pro,-1,,0
923/inventory/1,33,131496,0,1011,-1,,,0,41,0x00000029,item,misc,00000041.pro,-1,,0
923/inventory/2,4,131592,0,1012,-1,,,0,95,0x0000005F,item,ammo,00000095.pro,-1,,0
923/inventory/3,1,131688,0,1013,-1,,,0,242,0x000000F2,item,weapon,00000242.pro,-1,,0
924,,131784,0,1014,17297,97,86,0,33554835,0x02000193,scenery,generic,00000404.pro,-1,,0
925,,131872,0,1015,17308,108,86,0,33554530,0x02000062,scenery,generic,00000099.pro,-1,,0
926,,131960,0,1016,17309,109,86,0,33554499,0x02000043,scenery,generic,00000068.pro,-1,,0
927,,132048,0,1017,17320,120,86,0,50332767,0x0300045F,wall,,00001119.pro,-1,,0
928,,132136,0,1018,17321,121,86,0,33554438,0x02000006,scenery,generic,00000006.pro,-1,,0
929,,132224,0,1019,17331,131,86,0,33554776,0x02000158,scenery,generic,00000345.pro,-1,,0
930,,132312,0,1020,17338,138,86,0,33554573,0x0200008D,scenery,generic,00000142.pro,-1,,0
931,,132400,0,1021,17341,141,86,0,33554776,0x02000158,scenery,generic,00000345.pro,-1,,0
932,,132488,0,1022,17345,145,86,0,83886092,0x0500000C,misc,,00000012.pro,-1,,0
933,,132576,0,1023,17346,146,86,0,83886092,0x0500000C,misc,,00000012.pro,-1,,0
934,,132664,0,1024,17356,156,86,0,33554537,0x02000069,scenery,generic,00000106.pro,-1,,0
935,,132752,0,1025,17361,161,86,0,33554776,0x02000158,scenery,generic,00000345.pro,-1,,0
936,,132840,0,1026,17438,38,87,0,50332234,0x0300024A,wall,,00000586.pro,-1,,0
937,,132928,0,1027,17439,39,87,0,50332236,0x0300024C,wall,,00000588.pro,-1,,0
938,,133016,0,1028,17440,40,87,0,50332240,0x03000250,wall,,00000592.pro,-1,,0
939,,133104,0,1029,17441,41,87,0,50332239,0x0300024F,wall,,00000591.pro,-1,,0
940,,133192,0,1030,17442,42,87,0,50332235,0x0300024B,wall,,00000587.pro,-1,,0
941,,133280,0,1031,17443,43,87,0,50332238,0x0300024E,wall,,00000590.pro,-1,,0
942,,133368,0,1032,17444,44,87,0,50332292,0x03000284,wall,,00000644.pro,-1,,0
943,,133456,0,1033,17445,45,87,0,50332236,0x0300024C,wall,,00000588.pro,-1,,0
944,,133544,0,1034,17446,46,87,0,50332279,0x03000277,wall,,00000631.pro,-1,,0
945,,133632,0,1035,17447,47,87,0,50332270,0x0300026E,wall,,00000622.pro,-1,,0
946,,133720,0,1036,17450,50,87,0,50332280,0x03000278,wall,,00000632.pro,-1,,0
947,,133808,0,1037,17451,51,87,0,50332236,0x0300024C,wall,,00000588.pro,-1,,0
948,,133896,0,1038,17452,52,87,0,83886092,0x0500000C,misc,,00000012.pro,-1,,0
949,,133984,0,1039,17452,52,87,0,50332237,0x0300024D,wall,,00000589.pro,-1,,0
950,,134072,0,1040,17453,53,87,0,50332238,0x0300024E,wall,,00000590.pro,-1,,0
951,,134160,0,1041,17454,54,87,0,50332292,0x03000284,wall,,00000644.pro,-1,,0
952,,134248,0,1042,17455,55,87,0,50332239,0x0300024F,wall,,00000591.pro,-1,,0
953,,134336,0,1043,17456,56,87,0,50332234,0x0300024A,wall,,00000586.pro,-1,,0
954,,134424,0,1044,17457,57,87,0,50332238,0x0300024E,wall,,00000590.pro,-1,,0
955,,134512,0,1045,17458,58,87,0,50332269,0x0300026D,wall,,00000621.pro,-1,,0
956,,134600,0,1046,17469,69,87,0,33554776,0x02000158,scenery,generic,00000345.pro,-1,,0
957,,134688,0,1047,17475,75,87,0,33554776,0x02000158,scenery,generic,00000345.pro,-1,,0
958,,134776,0,1048,17492,92,87,0,50332770,0x03000462,wall,,00001122.pro,-1,,0
959,,134864,0,1049,17493,93,87,0,33554499,0x02000043,scenery,generic,00000068.pro,-1,,0
960,,134952,0,1050,17495,95,87,0,33554499,0x02000043,scenery,generic,00000068.pro,-1,,0
961,,135040,0,1051,17496,96,87,0,33554529,0x02000061,scenery,generic,00000098.pro,-1,,0
962,,135128,0,1052,17505,105,87,0,33554531,0x02000063,scenery,generic,00000100.pro,-1,,0
963,,135216,0,1053,17506,106,87,0,33554573,0x0200008D,scenery,generic,00000142.pro,-1,,0
964,,135304,0,1054,17507,107,87,2,16777478,0x01000106,critter,,00000262.pro,67108878,GunRnr.int,3
964/inventory/0,4,135436,0,1055,-1,,,0,34,0x00000022,item,ammo,00000034.pro,-1,,0
964/inventory/1,4,135532,0,1056,-1,,,0,40,0x00000028,item,drug,00000040.pro,-1,,0
964/inventory/2,1,135624,0,1057,-1,,,0,10,0x0000000A,item,weapon,00000011.pro,-1,,0
965,,135720,0,1058,17520,120,87,0,50332768,0x03000460,wall,,00001120.pro,-1,,0
966,,135808,0,1059,17531,131,87,0,33554776,0x02000158,scenery,generic,00000345.pro,-1,,0
967,,135896,0,1060,17534,134,87,0,33554573,0x0200008D,scenery,generic,00000142.pro,-1,,0
968,,135984,0,1061,17541,141,87,0,33554776,0x02000158,scenery,generic,00000345.pro,-1,,0
969,,136072,0,1062,17546,146,87,0,83886092,0x0500000C,misc,,00000012.pro,-1,,0
970,,136160,0,1063,17561,161,87,0,33554776,0x02000158,scenery,generic,00000345.pro,-1,,0
971,,136248,0,1064,17562,162,87,0,33554776,0x02000158,scenery,generic,00000345.pro,-1,,0
972,,136336,0,1065,17638,38,88,0,33554776,0x02000158,scenery,generic,00000345.pro,-1,,0
973,,136424,0,1066,17639,39,88,0,50332270,0x0300026E,wall,,00000622.pro,-1,,0
974,,136512,0,1067,17641,41,88,0,50332270,0x0300026E,wall,,00000622.pro,-1,,0
975,,136600,0,1068,17643,43,88,0,50332270,0x0300026E,wall,,00000622.pro,-1,,0
976,,136688,0,1069,17645,45,88,0,50332270,0x0300026E,wall,,00000622.pro,-1,,0
977,,136776,0,1070,17647,47,88,0,50332270,0x0300026E,wall,,00000622.pro,-1,,0
978,,136864,0,1071,17651,51,88,0,50332270,0x0300026E,wall,,00000622.pro,-1,,0
979,,136952,0,1072,17653,53,88,0,83886092,0x0500000C,misc,,00000012.pro,-1,,0
980,,137040,0,1073,17653,53,88,0,50332270,0x0300026E,wall,,00000622.pro,-1,,0
981,,137128,0,1074,17655,55,88,0,50332270,0x0300026E,wall,,00000622.pro,-1,,0
982,,137216,0,1075,17657,57,88,0,50332270,0x0300026E,wall,,00000622.pro,-1,,0
983,,137304,0,1076,17658,58,88,0,50332186,0x0300021A,wall,,00000538.pro,-1,,0
984,,137392,0,1077,17669,69,88,0,33554776,0x02000158,scenery,generic,00000345.pro,-1,,0
985,,137480,0,1078,17673,73,88,0,33554573,0x0200008D,scenery,generic,00000142.pro,-1,,0
986,,137568,0,1079,17675,75,88,0,33554776,0x02000158,scenery,generic,00000345.pro,-1,,0
987,,137656,0,1080,17692,92,88,0,50332767,0x0300045F,wall,,00001119.pro,-1,,0
988,,137744,0,1081,17692,92,88,0,33554905,0x020001D9,scenery,generic,00000474.pro,-1,,0
989,,137832,0,1082,17695,95,88,0,33555017,0x02000249,scenery,generic,00000586.pro,-1,,0
990,,137920,0,1083,17697,97,88,0,33554573,0x0200008D,scenery,generic,00000142.pro,-1,,0
991,,138008,0,1084,17707,107,88,0,33554435,0x02000003,scenery,generic,00000003.pro,-1,,0
992,,138096,0,1085,17714,114,88,0,33554573,0x0200008D,scenery,generic,00000142.pro,-1,,0
993,,138184,0,1086,17720,120,88,0,50332769,0x03000461,wall,,00001121.pro,-1,,0
994,,138272,0,1087,17720,120,88,0,33554903,0x020001D7,scenery,generic,00000472.pro,-1,,0
995,,138360,0,1088,17730,130,88,0,33554983,0x02000227,scenery,generic,00000552.pro,-1,,0
996,,138448,0,1089,17731,131,88,0,33554776,0x02000158,scenery,generic,00000345.pro,-1,,0
997,,138536,0,1090,17741,141,88,0,33554776,0x02000158,scenery,generic,00000345.pro,-1,,0
998,,138624,0,1091,17742,142,88,0,33554776,0x02000158,scenery,generic,00000345.pro,-1,,0
999,,138712,0,1092,17743,143,88,0,33554499,0x02000043,scenery,generic,00000068.pro,-1,,0
1000,,138800,0,1093,17743,143,88,0,33555075,0x02000283,scenery,generic,00000644.pro,-1,,0
1001,,138888,0,1094,17744,144,88,0,33554776,0x02000158,scenery,generic,00000345.pro,-1,,0
1002,,138976,0,1095,17747,147,88,0,83886092,0x0500000C,misc,,00000012.pro,-1,,0
1003,,139064,0,1096,17762,162,88,0,33554776,0x02000158,scenery,generic,00000345.pro,-1,,0
1004,,139152,0,1097,17838,38,89,0,33554776,0x02000158,scenery,generic,00000345.pro,-1,,0
1005,,139240,0,1098,17850,50,89,0,33554557,0x0200007D,scenery,generic,00000126.pro,-1,,0
1006,,139328,0,1099,17853,53,89,0,83886092,0x0500000C,misc,,00000012.pro,-1,,0
1007,,139416,0,1100,17854,54,89,0,83886092,0x0500000C,misc,,00000012.pro,-1,,0
1008,,139504,0,1101,17858,58,89,0,50332156,0x030001FC,wall,,00000508.pro,-1,,0
1009,,139592,0,1102,17869,69,89,0,33554776,0x02000158,scenery,generic,00000345.pro,-1,,0
1010,,139680,0,1103,17871,71,89,0,33554573,0x0200008D,scenery,generic,00000142.pro,-1,,0
1011,,139768,0,1104,17875,75,89,0,33554776,0x02000158,scenery,generic,00000345.pro,-1,,0
1012,,139856,0,1105,17892,92,89,0,50332768,0x03000460,wall,,00001120.pro,-1,,0
1013,,139944,0,1106,17895,95,89,0,33554499,0x02000043,scenery,generic,00000068.pro,-1,,0
1014,,140032,0,1107,17920,120,89,0,50332770,0x03000462,wall,,00001122.pro,-1,,0
1015,,140120,0,1108,17931,131,89,0,33554776,0x02000158,scenery,generic,00000345.pro,-1,,0
1016,,140208,0,1109,17943,143,89,0,33554776,0x02000158,scenery,generic,00000345.pro,-1,,0
1017,,140296,0,1110,17945,145,89,0,33554776,0x02000158,scenery,generic,00000345.pro,-1,,0
1018,,140384,0,1111,17947,147,89,0,83886092,0x0500000C,misc,,00000012.pro,-1,,0
1019,,140472,0,1112,17948,148,89,0,83886092,0x0500000C,misc,,00000012.pro,-1,,0
1020,,140560,0,1113,17963,163,89,0,33554776,0x02000158,scenery,generic,00000345.pro,-1,,0
1021,,140648,0,1114,18038,38,90,0,33554776,0x02000158,scenery,generic,00000345.pro,-1,,0
1022,,140736,0,1115,18051,51,90,0,33554537,0x02000069,scenery,generic,00000106.pro,-1,,0
1023,,140824,0,1116,18054,54,90,0,83886092,0x0500000C,misc,,00000012.pro,-1,,0
1024,,140912,0,1117,18058,58,90,0,50332157,0x030001FD,wall,,00000509.pro,-1,,0
1025,,141000,0,1118,18069,69,90,0,33554776,0x02000158,scenery,generic,00000345.pro,-1,,0
1026,,141088,0,1119,18075,75,90,0,33554776,0x02000158,scenery,generic,00000345.pro,-1,,0
1027,,141176,0,1120,18076,76,90,0,33554776,0x02000158,scenery,generic,00000345.pro,-1,,0
1028,,141264,0,1121,18077,77,90,0,33554776,0x02000158,scenery,generic,00000345.pro,-1,,0
1029,,141352,0,1122,18078,78,90,0,33554776,0x02000158,scenery,generic,00000345.pro,-1,,0
1030,,141440,0,1123,18092,92,90,0,50332769,0x03000461,wall,,00001121.pro,-1,,0
1031,,141528,0,1124,18095,95,90,0,33554499,0x02000043,scenery,generic,00000068.pro,-1,,0
1032,,141616,0,1125,18097,97,90,0,33555022,0x0200024E,scenery,generic,00000591.pro,-1,,0
1033,,141704,0,1126,18120,120,90,0,50332767,0x0300045F,wall,,00001119.pro,-1,,0
1034,,141792,0,1127,18131,131,90,0,33554776,0x02000158,scenery,generic,00000345.pro,-1,,0
1035,,141880,0,1128,18141,141,90,0,33554573,0x0200008D,scenery,generic,00000142.pro,-1,,0
1036,,141968,0,1129,18142,142,90,0,33554573,0x0200008D,scenery,generic,00000142.pro,-1,,0
1037,,142056,0,1130,18145,145,90,0,33554776,0x02000158,scenery,generic,00000345.pro,-1,,0
1038,,142144,0,1131,18148,148,90,0,83886092,0x0500000C,misc,,00000012.pro,-1,,0
1039,,142232,0,1132,18163,163,90,0,33554776,0x02000158,scenery,generic,00000345.pro,-1,,0
1040,,142320,0,1133,18164,164,90,0,33554776,0x02000158,scenery,generic,00000345.pro,-1,,0
1041,,142408,0,1134,18239,39,91,0,33554776,0x02000158,scenery,generic,00000345.pro,-1,,0
1042,,142496,0,1135,18248,48,91,0,50332270,0x0300026E,wall,,00000622.pro,-1,,0
1043,,142584,0,1136,18255,55,91,0,83886092,0x0500000C,misc,,00000012.pro,-1,,0
1044,,142672,0,1137,18258,58,91,0,50332155,0x030001FB,wall,,00000507.pro,-1,,0
1045,,142760,0,1138,18269,69,91,0,33554776,0x02000158,scenery,generic,00000345.pro,-1,,0
1046,,142848,0,1139,18279,79,91,0,33554776,0x02000158,scenery,generic,00000345.pro,-1,,0
1047,,142936,0,1140,18292,92,91,0,50332770,0x03000462,wall,,00001122.pro,-1,,0
1048,,143024,0,1141,18292,92,91,0,33554905,0x020001D9,scenery,generic,00000474.pro,-1,,0
1049,,143112,0,1142,18295,95,91,0,33555018,0x0200024A,scenery,generic,00000587.pro,-1,,0
1050,,143200,0,1143,18307,107,91,2,16777313,0x01000061,critter,,00000097.pro,67108879,Zack.int,0
1051,,143328,0,1144,18320,120,91,0,50332768,0x03000460,wall,,00001120.pro,-1,,0
1052,,143416,0,1145,18320,120,91,0,33554903,0x020001D7,scenery,generic,00000472.pro,-1,,0
1053,,143504,0,1146,18331,131,91,0,33554776,0x02000158,scenery,generic,00000345.pro,-1,,0
1054,,143592,0,1147,18332,132,91,0,33554776,0x02000158,scenery,generic,00000345.pro,-1,,0
1055,,143680,0,1148,18335,135,91,0,33554573,0x0200008D,scenery,generic,00000142.pro,-1,,0
1056,,143768,0,1149,18340,140,91,0,33554573,0x0200008D,scenery,generic,00000142.pro,-1,,0
1057,,143856,0,1150,18345,145,91,0,33554776,0x02000158,scenery,generic,00000345.pro,-1,,0
1058,,143944,0,1151,18349,149,91,0,83886092,0x0500000C,misc,,00000012.pro,-1,,0
1059,,144032,0,1152,18354,154,91,0,50332282,0x0300027A,wall,,00000634.pro,-1,,0
1060,,144120,0,1153,18364,164,91,0,33554776,0x02000158,scenery,generic,00000345.pro,-1,,0
1061,,144208,0,1154,18439,39,92,0,33554776,0x02000158,scenery,generic,00000345.pro,-1,,0
1062,,144296,0,1155,18440,40,92,0,33554776,0x02000158,scenery,generic,00000345.pro,-1,,0
1063,,144384,0,1156,18448,48,92,0,50332282,0x0300027A,wall,,00000634.pro,-1,,0
1064,,144472,0,1157,18455,55,92,0,83886092,0x0500000C,misc,,00000012.pro,-1,,0
1065,,144560,0,1158,18456,56,92,0,83886092,0x0500000C,misc,,00000012.pro,-1,,0
1066,,144648,0,1159,18458,58,92,0,50332288,0x03000280,wall,,00000640.pro,-1,,0
1067,,144736,0,1160,18469,69,92,0,33554776,0x02000158,scenery,generic,00000345.pro,-1,,0
1068,,144824,0,1161,18479,79,92,0,33554776,0x02000158,scenery,generic,00000345.pro,-1,,0
1069,,144912,0,1162,18492,92,92,0,50332767,0x0300045F,wall,,00001119.pro,-1,,0
1070,,145000,0,1163,18495,95,92,0,33554499,0x02000043,scenery,generic,00000068.pro,-1,,0
1071,,145088,0,1164,18520,120,92,0,50332769,0x03000461,wall,,00001121.pro,-1,,0
1072,,145176,0,1165,18532,132,92,0,33554776,0x02000158,scenery,generic,00000345.pro,-1,,0
1073,,145264,0,1166,18534,134,92,0,33554776,0x02000158,scenery,generic,00000345.pro,-1,,0
1074,,145352,0,1167,18544,144,92,0,33554776,0x02000158,scenery,generic,00000345.pro,-1,,0
1075,,145440,0,1168,18545,145,92,0,33554776,0x02000158,scenery,generic,00000345.pro,-1,,0
1076,,145528,0,1169,18549,149,92,0,83886092,0x0500000C,misc,,00000012.pro,-1,,0
1077,,145616,0,1170,18550,150,92,0,83886092,0x0500000C,misc,,00000012.pro,-1,,0
1078,,145704,0,1171,18554,154,92,0,50332242,0x03000252,wall,,00000594.pro,-1,,0
1079,,145792,0,1172,18565,165,92,0,33554776,0x02000158,scenery,generic,00000345.pro,-1,,0
1080,,145880,0,1173,18640,40,93,0,33554776,0x02000158,scenery,generic,00000345.pro,-1,,0
1081,,145968,0,1174,18648,48,93,0,50332246,0x03000256,wall,,00000598.pro,-1,,0
1082,,146056,0,1175,18656,56,93,0,83886092,0x0500000C,misc,,00000012.pro,-1,,0
1083,,146144,0,1176,18658,58,93,0,50332156,0x030001FC,wall,,00000508.pro,-1,,0
1084,,146232,0,1177,18669,69,93,0,33554776,0x02000158,scenery,generic,00000345.pro,-1,,0
1085,,146320,0,1178,18673,73,93,0,33554573,0x0200008D,scenery,generic,00000142.pro,-1,,0
1086,,146408,0,1179,18679,79,93,0,33554776,0x02000158,scenery,generic,00000345.pro,-1,,0
1087,,146496,0,1180,18692,92,93,0,50332768,0x03000460,wall,,00001120.pro,-1,,0
1088,,146584,0,1181,18695,95,93,0,33554499,0x02000043,scenery,generic,00000068.pro,-1,,0
1089,,146672,0,1182,18699,99,93,0,33554641,0x020000D1,scenery,generic,00000210.pro,-1,,0
1090,,146760,0,1183,18720,120,93,0,50332770,0x03000462,wall,,00001122.pro,-1,,0
1091,,146848,0,1184,18722,122,93,0,33554983,0x02000227,scenery,generic,00000552.pro,-1,,0
1092,,146936,0,1185,18733,133,93,0,33554776,0x02000158,scenery,generic,00000345.pro,-1,,0
1093,,147024,0,1186,18735,135,93,0,33554776,0x02000158,scenery,generic,00000345.pro,-1,,0
1094,,147112,0,1187,18738,138,93,0,33554573,0x0200008D,scenery,generic,00000142.pro,-1,,0
1095,,147200,0,1188,18743,143,93,0,33554776,0x02000158,scenery,generic,00000345.pro,-1,,0
1096,,147288,0,1189,18750,150,93,0,83886092,0x0500000C,misc,,00000012.pro,-1,,0
1097,,147376,0,1190,18754,154,93,0,50332243,0x03000253,wall,,00000595.pro,-1,,0
1098,,147464,0,1191,18765,165,93,0,33554776,0x02000158,scenery,generic,00000345.pro,-1,,0
1099,,147552,0,1192,18766,166,93,0,33554776,0x02000158,scenery,generic,00000345.pro,-1,,0
1100,,147640,0,1193,18841,41,94,0,33554776,0x02000158,scenery,generic,00000345.pro,-1,,0
1101,,147728,0,1194,18848,48,94,0,50332281,0x03000279,wall,,00000633.pro,-1,,0
1102,,147816,0,1195,18857,57,94,0,83886092,0x0500000C,misc,,00000012.pro,-1,,0
1103,,147904,0,1196,18858,58,94,0,50332139,0x030001EB,wall,,00000491.pro,-1,,0
1104,,147992,0,1197,18869,69,94,0,33554776,0x02000158,scenery,generic,00000345.pro,-1,,0
1105,,148080,0,1198,18873,73,94,0,33554573,0x0200008D,scenery,generic,00000142.pro,-1,,0
1106,,148168,0,1199,18875,75,94,0,33554573,0x0200008D,scenery,generic,00000142.pro,-1,,0
1107,,148256,0,1200,18879,79,94,0,33554776,0x02000158,scenery,generic,00000345.pro,-1,,0
1108,,148344,0,1201,18892,92,94,0,50332769,0x03000461,wall,,00001121.pro,-1,,0
1109,,148432,0,1202,18895,95,94,0,33555019,0x0200024B,scenery,generic,00000588.pro,-1,,0
1110,,148520,0,1203,18896,96,94,0,33554499,0x02000043,scenery,generic,00000068.pro,-1,,0
1111,,148608,0,1204,18920,120,94,0,50332767,0x0300045F,wall,,00001119.pro,-1,,0
1112,,148696,0,1205,18933,133,94,0,33554983,0x02000227,scenery,generic,00000552.pro,-1,,0
1113,,148784,0,1206,18935,135,94,0,33554776,0x02000158,scenery,generic,00000345.pro,-1,,0
1114,,148872,0,1207,18943,143,94,0,33554776,0x02000158,scenery,generic,00000345.pro,-1,,0
1115,,148960,0,1208,18951,151,94,0,83886092,0x0500000C,misc,,00000012.pro,-1,,0
1116,,149048,0,1209,18954,154,94,0,50332290,0x03000282,wall,,00000642.pro,-1,,0
1117,,149136,0,1210,18966,166,94,0,33554776,0x02000158,scenery,generic,00000345.pro,-1,,0
1118,,149224,0,1211,19041,41,95,0,33554776,0x02000158,scenery,generic,00000345.pro,-1,,0
1119,,149312,0,1212,19042,42,95,0,33554776,0x02000158,scenery,generic,00000345.pro,-1,,0
1120,,149400,0,1213,19057,57,95,0,83886092,0x0500000C,misc,,00000012.pro,-1,,0
1121,,149488,0,1214,19058,58,95,0,83886092,0x0500000C,misc,,00000012.pro,-1,,0
1122,,149576,0,1215,19069,69,95,0,33554776,0x02000158,scenery,generic,00000345.pro,-1,,0
1123,,149664,0,1216,19070,70,95,0,33554776,0x02000158,scenery,generic,00000345.pro,-1,,0
1124,,149752,0,1217,19076,76,95,0,33554573,0x0200008D,scenery,generic,00000142.pro,-1,,0
1125,,149840,0,1218,19079,79,95,0,33554776,0x02000158,scenery,generic,00000345.pro,-1,,0
1126,,149928,0,1219,19092,92,95,0,50332770,0x03000462,wall,,00001122.pro,-1,,0
1127,,150016,0,1220,19096,96,95,0,33554499,0x02000043,scenery,generic,00000068.pro,-1,,0
1128,,150104,0,1221,19120,120,95,0,50332768,0x03000460,wall,,00001120.pro,-1,,0
1129,,150192,0,1222,19121,121,95,0,33554437,0x02000005,scenery,generic,00000005.pro,-1,,0
1130,,150280,0,1223,19135,135,95,0,33554776,0x02000158,scenery,generic,00000345.pro,-1,,0
1131,,150368,0,1224,19143,143,95,0,33554776,0x02000158,scenery,generic,00000345.pro,-1,,0
1132,,150456,0,1225,19151,151,95,0,83886092,0x0500000C,misc,,00000012.pro,-1,,0
1133,,150544,0,1226,19152,152,95,0,83886092,0x0500000C,misc,,00000012.pro,-1,,0
1134,,150632,0,1227,19154,154,95,0,50332249,0x03000259,wall,,00000601.pro,-1,,0
1135,,150720,0,1228,19167,167,95,0,33554776,0x02000158,scenery,generic,00000345.pro,-1,,0
1136,,150808,0,1229,19242,42,96,0,33554776,0x02000158,scenery,generic,00000345.pro,-1,,0
1137,,150896,0,1230,19258,58,96,0,83886092,0x0500000C,misc,,00000012.pro,-1,,0
1138,,150984,0,1231,19258,58,96,0,83886092,0x0500000C,misc,,00000012.pro,-1,,0
1139,,151072,0,1232,19258,58,96,0,50332140,0x030001EC,wall,,00000492.pro,-1,,0
1140,,151160,0,1233,19271,71,96,0,33554776,0x02000158,scenery,generic,00000345.pro,-1,,0
1141,,151248,0,1234,19272,72,96,0,33554776,0x02000158,scenery,generic,00000345.pro,-1,,0
1142,,151336,0,1235,19279,79,96,0,33554776,0x02000158,scenery,generic,00000345.pro,-1,,0
1143,,151424,0,1236,19292,92,96,0,50332767,0x0300045F,wall,,00001119.pro,-1,,0
1144,,151512,0,1237,19296,96,96,0,33554499,0x02000043,scenery,generic,00000068.pro,-1,,0
1145,,151600,0,1238,19298,98,96,0,33554640,0x020000D0,scenery,generic,00000209.pro,-1,,0
1146,,151688,0,1239,19320,120,96,0,50332769,0x03000461,wall,,00001121.pro,-1,,0
1147,,151776,0,1240,19321,121,96,0,33554438,0x02000006,scenery,generic,00000006.pro,-1,,0
1148,,151864,0,1241,19335,135,96,0,33554776,0x02000158,scenery,generic,00000345.pro,-1,,0
1149,,151952,0,1242,19343,143,96,0,33554776,0x02000158,scenery,generic,00000345.pro,-1,,0
1150,,152040,0,1243,19352,152,96,0,83886092,0x0500000C,misc,,00000012.pro,-1,,0
1151,,152128,0,1244,19354,154,96,0,50332243,0x03000253,wall,,00000595.pro,-1,,0
1152,,152216,0,1245,19367,167,96,0,33554776,0x02000158,scenery,generic,00000345.pro,-1,,0
1153,,152304,0,1246,19443,43,97,0,33554776,0x02000158,scenery,generic,00000345.pro,-1,,0
1154,,152392,0,1247,19458,58,97,0,50332155,0x030001FB,wall,,00000507.pro,-1,,0
1155,,152480,0,1248,19459,59,97,0,83886092,0x0500000C,misc,,00000012.pro,-1,,0
1156,,152568,0,1249,19473,73,97,0,33554776,0x02000158,scenery,generic,00000345.pro,-1,,0
1157,,152656,0,1250,19479,79,97,0,33554776,0x02000158,scenery,generic,00000345.pro,-1,,0
1158,,152744,0,1251,19492,92,97,0,50332768,0x03000460,wall,,00001120.pro,-1,,0
1159,,152832,0,1252,19496,96,97,0,33555020,0x0200024C,scenery,generic,00000589.pro,-1,,0
1160,,152920,0,1253,19520,120,97,0,50332770,0x03000462,wall,,00001122.pro,-1,,0
1161,,153008,0,1254,19521,121,97,0,33554984,0x02000228,scenery,generic,00000553.pro,-1,,0
1162,,153096,0,1255,19535,135,97,0,33554776,0x02000158,scenery,generic,00000345.pro,-1,,0
1163,,153184,0,1256,19539,139,97,0,33554573,0x0200008D,scenery,generic,00000142.pro,-1,,0
1164,,153272,0,1257,19543,143,97,0,33554776,0x02000158,scenery,generic,00000345.pro,-1,,0
1165,,153360,0,1258,19553,153,97,0,83886092,0x0500000C,misc,,00000012.pro,-1,,0
1166,,153448,0,1259,19554,154,97,0,50332185,0x03000219,wall,,00000537.pro,-1,,0
1167,,153536,0,1260,19555,155,97,0,50332153,0x030001F9,wall,,00000505.pro,-1,,0
1168,,153624,0,1261,19556,156,97,0,50332147,0x030001F3,wall,,00000499.pro,-1,,0
1169,,153712,0,1262,19557,157,97,0,50332150,0x030001F6,wall,,00000502.pro,-1,,0
1170,,153800,0,1263,19558,158,97,0,50332287,0x0300027F,wall,,00000639.pro,-1,,0
1171,,153888,0,1264,19559,159,97,0,50332138,0x030001EA,wall,,00000490.pro,-1,,0
1172,,153976,0,1265,19561,161,97,0,50332137,0x030001E9,wall,,00000489.pro,-1,,0
1173,,154064,0,1266,19562,162,97,0,50332151,0x030001F7,wall,,00000503.pro,-1,,0
1174,,154152,0,1267,19563,163,97,0,50332153,0x030001F9,wall,,00000505.pro,-1,,0
1175,,154240,0,1268,19564,164,97,0,50332286,0x0300027E,wall,,00000638.pro,-1,,0
1176,,154328,0,1269,19565,165,97,0,50332150,0x030001F6,wall,,00000502.pro,-1,,0
1177,,154416,0,1270,19566,166,97,0,50332147,0x030001F3,wall,,00000499.pro,-1,,0
1178,,154504,0,1271,19567,167,97,0,50332150,0x030001F6,wall,,00000502.pro,-1,,0
1179,,154592,0,1272,19643,43,98,0,33554776,0x02000158,scenery,generic,00000345.pro,-1,,0
1180,,154680,0,1273,19644,44,98,0,33554776,0x02000158,scenery,generic,00000345.pro,-1,,0
1181,,154768,0,1274,19658,58,98,0,50332157,0x030001FD,wall,,00000509.pro,-1,,0
1182,,154856,0,1275,19659,59,98,0,83886092,0x0500000C,misc,,00000012.pro,-1,,0
1183,,154944,0,1276,19660,60,98,0,83886092,0x0500000C,misc,,00000012.pro,-1,,0
1184,,155032,0,1277,19673,73,98,0,33554776,0x02000158,scenery,generic,00000345.pro,-1,,0
1185,,155120,0,1278,19679,79,98,0,33554776,0x02000158,scenery,generic,00000345.pro,-1,,0
1186,,155208,0,1279,19692,92,98,0,50332769,0x03000461,wall,,00001121.pro,-1,,0
1187,,155296,0,1280,19693,93,98,0,33554499,0x02000043,scenery,generic,00000068.pro,-1,,0
1188,,155384,0,1281,19694,94,98,0,33555021,0x0200024D,scenery,generic,00000590.pro,-1,,0
1189,,155472,0,1282,19696,96,98,0,33554499,0x02000043,scenery,generic,00000068.pro,-1,,0
1190,,155560,0,1283,19699,99,98,0,33554573,0x0200008D,scenery,generic,00000142.pro,-1,,0
1191,,155648,0,1284,19711,111,98,0,33554573,0x0200008D,scenery,generic,00000142.pro,-1,,0
1192,,155736,0,1285,19720,120,98,0,50332767,0x0300045F,wall,,00001119.pro,-1,,0
1193,,155824,0,1286,19735,135,98,0,33554776,0x02000158,scenery,generic,00000345.pro,-1,,0
1194,,155912,0,1287,19742,142,98,0,33554776,0x02000158,scenery,generic,00000345.pro,-1,,0
1195,,156000,0,1288,19743,143,98,0,33554776,0x02000158,scenery,generic,00000345.pro,-1,,0
1196,,156088,0,1289,19753,153,98,0,83886092,0x0500000C,misc,,00000012.pro,-1,,0
1197,,156176,0,1290,19754,154,98,0,83886092,0x0500000C,misc,,00000012.pro,-1,,0
1198,,156264,0,1291,19755,155,98,0,50332270,0x0300026E,wall,,00000622.pro,-1,,0
1199,,156352,0,1292,19756,156,98,0,33554688,0x02000100,scenery,generic,00000257.pro,-1,,0
1200,,156440,0,1293,19757,157,98,0,50332270,0x0300026E,wall,,00000622.pro,-1,,0
1201,,156528,0,1294,19759,159,98,0,50332270,0x0300026E,wall,,00000622.pro,-1,,0
1202,,156616,0,1295,19763,163,98,0,50332270,0x0300026E,wall,,00000622.pro,-1,,0
1203,,156704,0,1296,19765,165,98,0,50332270,0x0300026E,wall,,00000622.pro,-1,,0
1204,,156792,0,1297,19767,167,98,0,50332270,0x0300026E,wall,,00000622.pro,-1,,0
1205,,156880,0,1298,19844,44,99,0,33554776,0x02000158,scenery,generic,00000345.pro,-1,,0
1206,,156968,0,1299,19858,58,99,0,50332156,0x030001FC,wall,,00000508.pro,-1,,0
1207,,157056,0,1300,19860,60,99,0,83886092,0x0500000C,misc,,00000012.pro,-1,,0
1208,,157144,0,1301,19873,73,99,0,33554776,0x02000158,scenery,generic,00000345.pro,-1,,0
1209,,157232,0,1302,19875,75,99,0,33554573,0x0200008D,scenery,generic,00000142.pro,-1,,0
1210,,157320,0,1303,19879,79,99,0,33554776,0x02000158,scenery,generic,00000345.pro,-1,,0
1211,,157408,0,1304,19892,92,99,0,50332770,0x03000462,wall,,00001122.pro,-1,,0
1212,,157496,0,1305,19892,92,99,0,33554905,0x020001D9,scenery,generic,00000474.pro,-1,,0
1213,,157584,0,1306,19895,95,99,0,33554499,0x02000043,scenery,generic,00000068.pro,-1,,0
1214,,157672,0,1307,19920,120,99,0,50332768,0x03000460,wall,,00001120.pro,-1,,0
1215,,157760,0,1308,19921,121,99,0,33554705,0x02000111,scenery,generic,00000274.pro,-1,,0
1216,,157848,0,1309,19935,135,99,0,33554776,0x02000158,scenery,generic,00000345.pro,-1,,0
1217,,157936,0,1310,19941,141,99,0,33554776,0x02000158,scenery,generic,00000345.pro,-1,,0
1218,,158024,0,1311,19954,154,99,0,83886092,0x0500000C,misc,,00000012.pro,-1,,0
1219,,158112,0,1312,19955,155,99,0,33554499,0x02000043,scenery,generic,00000068.pro,-1,,0
1220,,158200,0,1313,19965,165,99,0,83886100,0x05000014,misc,,00000020.pro,-1,,0
1221,,158304,0,1314,20045,45,100,0,33554776,0x02000158,scenery,generic,00000345.pro,-1,,0
1222,,158392,0,1315,20058,58,100,0,50332288,0x03000280,wall,,00000640.pro,-1,,0
1223,,158480,0,1316,20061,61,100,0,83886092,0x0500000C,misc,,00000012.pro,-1,,0
1224,,158568,0,1317,20073,73,100,0,33554776,0x02000158,scenery,generic,00000345.pro,-1,,0
1225,,158656,0,1318,20079,79,100,0,33554776,0x02000158,scenery,generic,00000345.pro,-1,,0
1226,,158744,0,1319,20092,92,100,0,50332767,0x0300045F,wall,,00001119.pro,-1,,0
1227,,158832,0,1320,20120,120,100,0,50332769,0x03000461,wall,,00001121.pro,-1,,0
1228,,158920,0,1321,20120,120,100,0,33554903,0x020001D7,scenery,generic,00000472.pro,-1,,0
1229,,159008,0,1322,20135,135,100,0,33554776,0x02000158,scenery,generic,00000345.pro,-1,,0
1230,,159096,0,1323,20138,138,100,0,33554573,0x0200008D,scenery,generic,00000142.pro,-1,,0
1231,,159184,0,1324,20141,141,100,0,33554776,0x02000158,scenery,generic,00000345.pro,-1,,0
1232,,159272,0,1325,20155,155,100,0,83886092,0x0500000C,misc,,00000012.pro,-1,,0
1233,,159360,0,1326,20165,165,100,0,83886100,0x05000014,misc,,00000020.pro,-1,,0
1234,,159464,0,1327,20245,45,101,0,33554776,0x02000158,scenery,generic,00000345.pro,-1,,0
1235,,159552,0,1328,20246,46,101,0,33554776,0x02000158,scenery,generic,00000345.pro,-1,,0
1236,,159640,0,1329,20258,58,101,0,50332155,0x030001FB,wall,,00000507.pro,-1,,0
1237,,159728,0,1330,20260,60,101,0,33554724,0x02000124,scenery,generic,00000293.pro,-1,,0
1238,,159816,0,1331,20261,61,101,0,83886092,0x0500000C,misc,,00000012.pro,-1,,0
1239,,159904,0,1332,20262,62,101,0,83886092,0x0500000C,misc,,00000012.pro,-1,,0
1240,,159992,0,1333,20273,73,101,0,33554776,0x02000158,scenery,generic,00000345.pro,-1,,0
1241,,160080,0,1334,20279,79,101,0,33554776,0x02000158,scenery,generic,00000345.pro,-1,,0
1242,,160168,0,1335,20292,92,101,0,50332768,0x03000460,wall,,00001120.pro,-1,,0
1243,,160256,0,1336,20294,94,101,0,33554640,0x020000D0,scenery,generic,00000209.pro,-1,,0
1244,,160344,0,1337,20320,120,101,0,50332770,0x03000462,wall,,00001122.pro,-1,,0
1245,,160432,0,1338,20335,135,101,0,33554776,0x02000158,scenery,generic,00000345.pro,-1,,0
1246,,160520,0,1339,20341,141,101,0,33554776,0x02000158,scenery,generic,00000345.pro,-1,,0
1247,,160608,0,1340,20355,155,101,0,83886092,0x0500000C,misc,,00000012.pro,-1,,0
1248,,160696,0,1341,20356,156,101,0,83886092,0x0500000C,misc,,00000012.pro,-1,,0
1249,,160784,0,1342,20365,165,101,0,83886100,0x05000014,misc,,00000020.pro,-1,,0
1250,,160888,0,1343,20367,167,101,0,33554481,0x02000031,scenery,generic,00000050.pro,-1,,0
1251,,160976,0,1344,20446,46,102,0,33554776,0x02000158,scenery,generic,00000345.pro,-1,,0
1252,,161064,0,1345,20458,58,102,0,50332273,0x03000271,wall,,00000625.pro,-1,,0
1253,,161152,0,1346,20462,62,102,0,83886092,0x0500000C,misc,,00000012.pro,-1,,0
1254,,161240,0,1347,20473,73,102,0,33554776,0x02000158,scenery,generic,00000345.pro,-1,,0
1255,,161328,0,1348,20479,79,102,0,33554776,0x02000158,scenery,generic,00000345.pro,-1,,0
1256,,161416,0,1349,20492,92,102,0,50332769,0x03000461,wall,,00001121.pro,-1,,0
1257,,161504,0,1350,20492,92,102,0,33554905,0x020001D9,scenery,generic,00000474.pro,-1,,0
1258,,161592,0,1351,20520,120,102,0,50332767,0x0300045F,wall,,00001119.pro,-1,,0
1259,,161680,0,1352,20535,135,102,0,33554776,0x02000158,scenery,generic,00000345.pro,-1,,0
1260,,161768,0,1353,20541,141,102,0,33554776,0x02000158,scenery,generic,00000345.pro,-1,,0
1261,,161856,0,1354,20556,156,102,0,83886092,0x0500000C,misc,,00000012.pro,-1,,0
1262,,161944,0,1355,20565,165,102,0,83886100,0x05000014,misc,,00000020.pro,-1,,0
1263,,162048,0,1356,20647,47,103,0,33554776,0x02000158,scenery,generic,00000345.pro,-1,,0
1264,,162136,0,1357,20663,63,103,0,83886092,0x0500000C,misc,,00000012.pro,-1,,0
1265,,162224,0,1358,20673,73,103,0,33554776,0x02000158,scenery,generic,00000345.pro,-1,,0
1266,,162312,0,1359,20679,79,103,0,33554776,0x02000158,scenery,generic,00000345.pro,-1,,0
1267,,162400,0,1360,20692,92,103,0,50332770,0x03000462,wall,,00001122.pro,-1,,0
1268,,162488,0,1361,20699,99,103,0,33554640,0x020000D0,scenery,generic,00000209.pro,-1,,0
1269,,162576,0,1362,20702,102,103,0,33554641,0x020000D1,scenery,generic,00000210.pro,-1,,0
1270,,162664,0,1363,20720,120,103,0,50332768,0x03000460,wall,,00001120.pro,-1,,0
1271,,162752,0,1364,20720,120,103,0,33554903,0x020001D7,scenery,generic,00000472.pro,-1,,0
1272,,162840,0,1365,20735,135,103,0,33554776,0x02000158,scenery,generic,00000345.pro,-1,,0
1273,,162928,0,1366,20739,139,103,0,33554573,0x0200008D,scenery,generic,00000142.pro,-1,,0
1274,,163016,0,1367,20741,141,103,0,33554776,0x02000158,scenery,generic,00000345.pro,-1,,0
1275,,163104,0,1368,20757,157,103,0,83886092,0x0500000C,misc,,00000012.pro,-1,,0
1276,,163192,0,1369,20765,165,103,0,83886096,0x05000010,misc,,00000016.pro,-1,,0
1277,,163296,0,1370,20766,166,103,0,83886096,0x05000010,misc,,00000016.pro,-1,,0
1278,,163400,0,1371,20847,47,104,0,33554776,0x02000158,scenery,generic,00000345.pro,-1,,0
1279,,163488,0,1372,20848,48,104,0,33554776,0x02000158,scenery,generic,00000345.pro,-1,,0
1280,,163576,0,1373,20858,58,104,0,50332270,0x0300026E,wall,,00000622.pro,-1,,0
1281,,163664,0,1374,20863,63,104,0,83886092,0x0500000C,misc,,00000012.pro,-1,,0
1282,,163752,0,1375,20864,64,104,0,83886092,0x0500000C,misc,,00000012.pro,-1,,0
1283,,163840,0,1376,20873,73,104,0,33554776,0x02000158,scenery,generic,00000345.pro,-1,,0
1284,,163928,0,1377,20876,76,104,0,33554573,0x0200008D,scenery,generic,00000142.pro,-1,,0
1285,,164016,0,1378,20879,79,104,0,33554776,0x02000158,scenery,generic,00000345.pro,-1,,0
1286,,164104,0,1379,20892,92,104,0,50332767,0x0300045F,wall,,00001119.pro,-1,,0
1287,,164192,0,1380,20896,96,104,0,33554641,0x020000D1,scenery,generic,00000210.pro,-1,,0
1288,,164280,0,1381,20918,118,104,0,33554776,0x02000158,scenery,generic,00000345.pro,-1,,0
1289,,164368,0,1382,20919,119,104,0,33554776,0x02000158,scenery,generic,00000345.pro,-1,,0
1290,,164456,0,1383,20920,120,104,0,50332769,0x03000461,wall,,00001121.pro,-1,,0
1291,,164544,0,1384,20935,135,104,0,33554776,0x02000158,scenery,generic,00000345.pro,-1,,0
1292,,164632,0,1385,20941,141,104,0,33554776,0x02000158,scenery,generic,00000345.pro,-1,,0
1293,,164720,0,1386,20957,157,104,0,83886092,0x0500000C,misc,,00000012.pro,-1,,0
1294,,164808,0,1387,20958,158,104,0,83886092,0x0500000C,misc,,00000012.pro,-1,,0
1295,,164896,0,1388,20966,166,104,0,83886096,0x05000010,misc,,00000016.pro,-1,,0
1296,,165000,0,1389,21048,48,105,0,33554776,0x02000158,scenery,generic,00000345.pro,-1,,0
1297,,165088,0,1390,21058,58,105,0,50332274,0x03000272,wall,,00000626.pro,-1,,0
1298,,165176,0,1391,21064,64,105,0,83886092,0x0500000C,misc,,00000012.pro,-1,,0
1299,,165264,0,1392,21073,73,105,0,33554776,0x02000158,scenery,generic,00000345.pro,-1,,0
1300,,165352,0,1393,21079,79,105,0,33554776,0x02000158,scenery,generic,00000345.pro,-1,,0
1301,,165440,0,1394,21092,92,105,0,50332765,0x0300045D,wall,,00001117.pro,-1,,0
1302,,165528,0,1395,21093,93,105,0,50332773,0x03000465,wall,,00001125.pro,-1,,0
1303,,165616,0,1396,21094,94,105,0,50332774,0x03000466,wall,,00001126.pro,-1,,0
1304,,165704,0,1397,21095,95,105,0,50332773,0x03000465,wall,,00001125.pro,-1,,0
1305,,165792,0,1398,21096,96,105,0,50332772,0x03000464,wall,,00001124.pro,-1,,0
1306,,165880,0,1399,21096,96,105,0,33554904,0x020001D8,scenery,generic,00000473.pro,-1,,0
1307,,165968,0,1400,21097,97,105,0,50332773,0x03000465,wall,,00001125.pro,-1,,0
1308,,166056,0,1401,21098,98,105,0,50332774,0x03000466,wall,,00001126.pro,-1,,0
1309,,166144,0,1402,21099,99,105,0,50332773,0x03000465,wall,,00001125.pro,-1,,0
1310,,166232,0,1403,21100,100,105,0,50332772,0x03000464,wall,,00001124.pro,-1,,0
1311,,166320,0,1404,21100,100,105,0,33554904,0x020001D8,scenery,generic,00000473.pro,-1,,0
1312,,166408,0,1405,21101,101,105,0,50332773,0x03000465,wall,,00001125.pro,-1,,0
1313,,166496,0,1406,21102,102,105,0,50332772,0x03000464,wall,,00001124.pro,-1,,0
1314,,166584,0,1407,21103,103,105,0,50332773,0x03000465,wall,,00001125.pro,-1,,0
1315,,166672,0,1408,21104,104,105,0,50332772,0x03000464,wall,,00001124.pro,-1,,0
1316,,166760,0,1409,21104,104,105,0,33555304,0x02000368,scenery,generic,00000873.pro,-1,,0
1317,,166848,0,1410,21105,105,105,0,50332779,0x0300046B,wall,,00001131.pro,-1,,0
1318,,166936,0,1411,21106,106,105,0,33554913,0x020001E1,scenery,door,00000482.pro,50331649,WoodDoor.int,0
1319,,167028,0,1412,21107,107,105,0,50332780,0x0300046C,wall,,00001132.pro,-1,,0
1320,,167116,0,1413,21108,108,105,0,50332777,0x03000469,wall,,00001129.pro,-1,,0
1321,,167204,0,1414,21109,109,105,0,33554907,0x020001DB,scenery,generic,00000476.pro,-1,,0
1322,,167292,0,1415,21110,110,105,0,50332778,0x0300046A,wall,,00001130.pro,-1,,0
1323,,167380,0,1416,21111,111,105,0,50332773,0x03000465,wall,,00001125.pro,-1,,0
1324,,167468,0,1417,21112,112,105,0,50332774,0x03000466,wall,,00001126.pro,-1,,0
1325,,167556,0,1418,21113,113,105,0,50332771,0x03000463,wall,,00001123.pro,-1,,0
1326,,167644,0,1419,21114,114,105,0,50332772,0x03000464,wall,,00001124.pro,-1,,0
1327,,167732,0,1420,21114,114,105,0,33554904,0x020001D8,scenery,generic,00000473.pro,-1,,0
1328,,167820,0,1421,21115,115,105,0,50332771,0x03000463,wall,,00001123.pro,-1,,0
1329,,167908,0,1422,21116,116,105,0,50332772,0x03000464,wall,,00001124.pro,-1,,0
1330,,167996,0,1423,21117,117,105,0,50332771,0x03000463,wall,,00001123.pro,-1,,0
1331,,168084,0,1424,21118,118,105,0,50332772,0x03000464,wall,,00001124.pro,-1,,0
1332,,168172,0,1425,21118,118,105,0,33554904,0x020001D8,scenery,generic,00000473.pro,-1,,0
1333,,168260,0,1426,21119,119,105,0,50332771,0x03000463,wall,,00001123.pro,-1,,0
1334,,168348,0,1427,21120,120,105,0,50332764,0x0300045C,wall,,00001116.pro,-1,,0
1335,,168436,0,1428,21135,135,105,0,33554776,0x02000158,scenery,generic,00000345.pro,-1,,0
1336,,168524,0,1429,21141,141,105,0,33554776,0x02000158,scenery,generic,00000345.pro,-1,,0
1337,,168612,0,1430,21158,158,105,0,83886092,0x0500000C,misc,,00000012.pro,-1,,0
1338,,168700,0,1431,21167,167,105,0,33554481,0x02000031,scenery,generic,00000050.pro,-1,,0
1339,,168788,0,1432,21167,167,105,0,83886096,0x05000010,misc,,00000016.pro,-1,,0
1340,,168892,0,1433,21249,49,106,0,33554776,0x02000158,scenery,generic,00000345.pro,-1,,0
1341,,168980,0,1434,21256,56,106,0,33554776,0x02000158,scenery,generic,00000345.pro,-1,,0
1342,,169068,0,1435,21257,57,106,0,33554776,0x02000158,scenery,generic,00000345.pro,-1,,0
1343,,169156,0,1436,21258,58,106,0,50332160,0x03000200,wall,,00000512.pro,-1,,0
1344,,169244,0,1437,21265,65,106,0,83886092,0x0500000C,misc,,00000012.pro,-1,,0
1345,,169332,0,1438,21273,73,106,0,33554776,0x02000158,scenery,generic,00000345.pro,-1,,0
1346,,169420,0,1439,21279,79,106,0,33554776,0x02000158,scenery,generic,00000345.pro,-1,,0
1347,,169508,0,1440,21335,135,106,0,33554776,0x02000158,scenery,generic,00000345.pro,-1,,0
1348,,169596,0,1441,21341,141,106,0,33554776,0x02000158,scenery,generic,00000345.pro,-1,,0
1349,,169684,0,1442,21359,159,106,0,83886092,0x0500000C,misc,,00000012.pro,-1,,0
1350,,169772,0,1443,21367,167,106,0,83886096,0x05000010,misc,,00000016.pro,-1,,0
1351,,169876,0,1444,21368,168,106,0,83886096,0x05000010,misc,,00000016.pro,-1,,0
1352,,169980,0,1445,21449,49,107,0,33554776,0x02000158,scenery,generic,00000345.pro,-1,,0
1353,,170068,0,1446,21450,50,107,0,33554776,0x02000158,scenery,generic,00000345.pro,-1,,0
1354,,170156,0,1447,21451,51,107,0,50332150,0x030001F6,wall,,00000502.pro,-1,,0
1355,,170244,0,1448,21452,52,107,0,50332147,0x030001F3,wall,,00000499.pro,-1,,0
1356,,170332,0,1449,21453,53,107,0,50332153,0x030001F9,wall,,00000505.pro,-1,,0
1357,,170420,0,1450,21454,54,107,0,50332287,0x0300027F,wall,,00000639.pro,-1,,0
1358,,170508,0,1451,21455,55,107,0,50332150,0x030001F6,wall,,00000502.pro,-1,,0
1359,,170596,0,1452,21456,56,107,0,50332151,0x030001F7,wall,,00000503.pro,-1,,0
1360,,170684,0,1453,21457,57,107,0,50332183,0x03000217,wall,,00000535.pro,-1,,0
1361,,170772,0,1454,21458,58,107,0,50332182,0x03000216,wall,,00000534.pro,-1,,0
1362,,170860,0,1455,21465,65,107,0,83886092,0x0500000C,misc,,00000012.pro,-1,,0
1363,,170948,0,1456,21466,66,107,0,83886092,0x0500000C,misc,,00000012.pro,-1,,0
1364,,171036,0,1457,21473,73,107,0,33554776,0x02000158,scenery,generic,00000345.pro,-1,,0
1365,,171124,0,1458,21474,74,107,0,33554776,0x02000158,scenery,generic,00000345.pro,-1,,0
1366,,171212,0,1459,21479,79,107,0,33554776,0x02000158,scenery,generic,00000345.pro,-1,,0
1367,,171300,0,1460,21514,114,107,0,33554726,0x02000126,scenery,generic,00000295.pro,-1,,0
1368,,171388,0,1461,21535,135,107,0,33554776,0x02000158,scenery,generic,00000345.pro,-1,,0
1369,,171476,0,1462,21538,138,107,0,33554573,0x0200008D,scenery,generic,00000142.pro,-1,,0
1370,,171564,0,1463,21541,141,107,0,33554776,0x02000158,scenery,generic,00000345.pro,-1,,0
1371,,171652,0,1464,21559,159,107,0,83886092,0x0500000C,misc,,00000012.pro,-1,,0
1372,,171740,0,1465,21560,160,107,0,83886092,0x0500000C,misc,,00000012.pro,-1,,0
1373,,171828,0,1466,21568,168,107,0,83886096,0x05000010,misc,,00000016.pro,-1,,0
1374,,171932,0,1467,21651,51,108,0,50332270,0x0300026E,wall,,00000622.pro,-1,,0
1375,,172020,0,1468,21653,53,108,0,50332270,0x0300026E,wall,,00000622.pro,-1,,0
1376,,172108,0,1469,21655,55,108,0,50332270,0x0300026E,wall,,00000622.pro,-1,,0
1377,,172196,0,1470,21657,57,108,0,50332270,0x0300026E,wall,,00000622.pro,-1,,0
1378,,172284,0,1471,21658,58,108,0,33554685,0x020000FD,scenery,generic,00000254.pro,-1,,0
1379,,172372,0,1472,21659,59,108,0,33554499,0x02000043,scenery,generic,00000068.pro,-1,,0
1380,,172460,0,1473,21666,66,108,0,83886092,0x0500000C,misc,,00000012.pro,-1,,0
1381,,172548,0,1474,21674,74,108,0,33554776,0x02000158,scenery,generic,00000345.pro,-1,,0
1382,,172636,0,1475,21677,77,108,0,33554573,0x0200008D,scenery,generic,00000142.pro,-1,,0
1383,,172724,0,1476,21679,79,108,0,33554776,0x02000158,scenery,generic,00000345.pro,-1,,0
1384,,172812,0,1477,21680,80,108,0,33554776,0x02000158,scenery,generic,00000345.pro,-1,,0
1385,,172900,0,1478,21704,104,108,0,33554433,0x02000001,scenery,generic,00000024.pro,-1,,0
1386,,172988,0,1479,21735,135,108,0,33554776,0x02000158,scenery,generic,00000345.pro,-1,,0
1387,,173076,0,1480,21741,141,108,0,33554776,0x02000158,scenery,generic,00000345.pro,-1,,0
1388,,173164,0,1481,21760,160,108,0,83886092,0x0500000C,misc,,00000012.pro,-1,,0
1389,,173252,0,1482,21769,169,108,0,33554481,0x02000031,scenery,generic,00000050.pro,-1,,0
1390,,173340,0,1483,21769,169,108,0,83886096,0x05000010,misc,,00000016.pro,-1,,0
1391,,173444,0,1484,21857,57,109,0,33554499,0x02000043,scenery,generic,00000068.pro,-1,,0
1392,,173532,0,1485,21858,58,109,0,33554499,0x02000043,scenery,generic,00000068.pro,-1,,0
1393,,173620,0,1486,21859,59,109,0,33554499,0x02000043,scenery,generic,00000068.pro,-1,,0
1394,,173708,0,1487,21860,60,109,0,33554499,0x02000043,scenery,generic,00000068.pro,-1,,0
1395,,173796,0,1488,21867,67,109,0,83886092,0x0500000C,misc,,00000012.pro,-1,,0
1396,,173884,0,1489,21875,75,109,0,33554776,0x02000158,scenery,generic,00000345.pro,-1,,0
1397,,173972,0,1490,21881,81,109,0,33554776,0x02000158,scenery,generic,00000345.pro,-1,,0
1398,,174060,0,1491,21914,114,109,0,33554573,0x0200008D,scenery,generic,00000142.pro,-1,,0
1399,,174148,0,1492,21935,135,109,0,33554776,0x02000158,scenery,generic,00000345.pro,-1,,0
1400,,174236,0,1493,21938,138,109,0,33554573,0x0200008D,scenery,generic,00000142.pro,-1,,0
1401,,174324,0,1494,21941,141,109,0,33554776,0x02000158,scenery,generic,00000345.pro,-1,,0
1402,,174412,0,1495,21961,161,109,0,83886092,0x0500000C,misc,,00000012.pro,-1,,0
1403,,174500,0,1496,21969,169,109,0,83886096,0x05000010,misc,,00000016.pro,-1,,0
1404,,174604,0,1497,21970,170,109,0,83886096,0x05000010,misc,,00000016.pro,-1,,0
1405,,174708,0,1498,21971,171,109,0,83886100,0x05000014,misc,,00000020.pro,-1,,0
1406,,174812,0,1499,22057,57,110,0,33554499,0x02000043,scenery,generic,00000068.pro,-1,,0
1407,,174900,0,1500,22059,59,110,0,33554499,0x02000043,scenery,generic,00000068.pro,-1,,0
1408,,174988,0,1501,22067,67,110,0,83886092,0x0500000C,misc,,00000012.pro,-1,,0
1409,,175076,0,1502,22068,68,110,0,83886092,0x0500000C,misc,,00000012.pro,-1,,0
1410,,175164,0,1503,22075,75,110,0,33554776,0x02000158,scenery,generic,00000345.pro,-1,,0
1411,,175252,0,1504,22081,81,110,0,33554776,0x02000158,scenery,generic,00000345.pro,-1,,0
1412,,175340,0,1505,22089,89,110,0,33554830,0x0200018E,scenery,generic,00000399.pro,-1,,0
1413,,175428,0,1506,22135,135,110,0,33554776,0x02000158,scenery,generic,00000345.pro,-1,,0
1414,,175516,0,1507,22141,141,110,0,33554776,0x02000158,scenery,generic,00000345.pro,-1,,0
1415,,175604,0,1508,22161,161,110,0,83886092,0x0500000C,misc,,00000012.pro,-1,,0
1416,,175692,0,1509,22162,162,110,0,83886092,0x0500000C,misc,,00000012.pro,-1,,0
1417,,175780,0,1510,22170,170,110,0,83886096,0x05000010,misc,,00000016.pro,-1,,0
1418,,175884,0,1511,22171,171,110,0,83886100,0x05000014,misc,,00000020.pro,-1,,0
1419,,175988,0,1512,22268,68,111,0,83886092,0x0500000C,misc,,00000012.pro,-1,,0
1420,,176076,0,1513,22275,75,111,0,33554776,0x02000158,scenery,generic,00000345.pro,-1,,0
1421,,176164,0,1514,22278,78,111,0,33554573,0x0200008D,scenery,generic,00000142.pro,-1,,0
1422,,176252,0,1515,22281,81,111,0,33554776,0x02000158,scenery,generic,00000345.pro,-1,,0
1423,,176340,0,1516,22289,89,111,0,33554830,0x0200018E,scenery,generic,00000399.pro,-1,,0
1424,,176428,0,1517,22297,97,111,0,33554829,0x0200018D,scenery,generic,00000398.pro,-1,,0
1425,,176516,0,1518,22335,135,111,0,33554776,0x02000158,scenery,generic,00000345.pro,-1,,0
1426,,176604,0,1519,22338,138,111,0,33554573,0x0200008D,scenery,generic,00000142.pro,-1,,0
1427,,176692,0,1520,22341,141,111,0,33554776,0x02000158,scenery,generic,00000345.pro,-1,,0
1428,,176780,0,1521,22354,154,111,0,50332241,0x03000251,wall,,00000593.pro,-1,,0
1429,,176868,0,1522,22355,155,111,0,50332238,0x0300024E,wall,,00000590.pro,-1,,0
1430,,176956,0,1523,22356,156,111,0,50332240,0x03000250,wall,,00000592.pro,-1,,0
1431,,177044,0,1524,22357,157,111,0,50332236,0x0300024C,wall,,00000588.pro,-1,,0
1432,,177132,0,1525,22358,158,111,0,50332292,0x03000284,wall,,00000644.pro,-1,,0
1433,,177220,0,1526,22359,159,111,0,50332239,0x0300024F,wall,,00000591.pro,-1,,0
1434,,177308,0,1527,22360,160,111,0,50332234,0x0300024A,wall,,00000586.pro,-1,,0
1435,,177396,0,1528,22361,161,111,0,50332236,0x0300024C,wall,,00000588.pro,-1,,0
1436,,177484,0,1529,22362,162,111,0,83886092,0x0500000C,misc,,00000012.pro,-1,,0
1437,,177572,0,1530,22362,162,111,0,50332257,0x03000261,wall,,00000609.pro,-1,,0
1438,,177660,0,1531,22363,163,111,0,50332238,0x0300024E,wall,,00000590.pro,-1,,0
1439,,177748,0,1532,22364,164,111,0,50332237,0x0300024D,wall,,00000589.pro,-1,,0
1440,,177836,0,1533,22365,165,111,0,50332236,0x0300024C,wall,,00000588.pro,-1,,0
1441,,177924,0,1534,22366,166,111,0,50332279,0x03000277,wall,,00000631.pro,-1,,0
1442,,178012,0,1535,22367,167,111,0,50332270,0x0300026E,wall,,00000622.pro,-1,,0
1443,,178100,0,1536,22371,171,111,0,33554481,0x02000031,scenery,generic,00000050.pro,-1,,0
1444,,178188,0,1537,22371,171,111,0,83886100,0x05000014,misc,,00000020.pro,-1,,0
1445,,178292,0,1538,22469,69,112,0,83886092,0x0500000C,misc,,00000012.pro,-1,,0
1446,,178380,0,1539,22475,75,112,0,33554776,0x02000158,scenery,generic,00000345.pro,-1,,0
1447,,178468,0,1540,22481,81,112,0,33554776,0x02000158,scenery,generic,00000345.pro,-1,,0
1448,,178556,0,1541,22489,89,112,0,33554830,0x0200018E,scenery,generic,00000399.pro,-1,,0
1449,,178644,0,1542,22497,97,112,0,33554829,0x0200018D,scenery,generic,00000398.pro,-1,,0
1450,,178732,0,1543,22534,134,112,0,33554776,0x02000158,scenery,generic,00000345.pro,-1,,0
1451,,178820,0,1544,22535,135,112,0,33554776,0x02000158,scenery,generic,00000345.pro,-1,,0
1452,,178908,0,1545,22541,141,112,0,33554776,0x02000158,scenery,generic,00000345.pro,-1,,0
1453,,178996,0,1546,22554,154,112,0,50332269,0x0300026D,wall,,00000621.pro,-1,,0
1454,,179084,0,1547,22555,155,112,0,50332270,0x0300026E,wall,,00000622.pro,-1,,0
1455,,179172,0,1548,22557,157,112,0,50332270,0x0300026E,wall,,00000622.pro,-1,,0
1456,,179260,0,1549,22559,159,112,0,50332270,0x0300026E,wall,,00000622.pro,-1,,0
1457,,179348,0,1550,22561,161,112,0,50332270,0x0300026E,wall,,00000622.pro,-1,,0
1458,,179436,0,1551,22562,162,112,0,50332269,0x0300026D,wall,,00000621.pro,-1,,0
1459,,179524,0,1552,22563,163,112,0,83886092,0x0500000C,misc,,00000012.pro,-1,,0
1460,,179612,0,1553,22563,163,112,0,50332270,0x0300026E,wall,,00000622.pro,-1,,0
1461,,179700,0,1554,22565,165,112,0,50332270,0x0300026E,wall,,00000622.pro,-1,,0
1462,,179788,0,1555,22567,167,112,0,50332270,0x0300026E,wall,,00000622.pro,-1,,0
1463,,179876,0,1556,22571,171,112,0,83886100,0x05000014,misc,,00000020.pro,-1,,0
1464,,179980,0,1557,22660,60,113,0,33554558,0x0200007E,scenery,generic,00000127.pro,-1,,0
1465,,180068,0,1558,22669,69,113,0,83886092,0x0500000C,misc,,00000012.pro,-1,,0
1466,,180156,0,1559,22670,70,113,0,83886092,0x0500000C,misc,,00000012.pro,-1,,0
1467,,180244,0,1560,22675,75,113,0,33554776,0x02000158,scenery,generic,00000345.pro,-1,,0
1468,,180332,0,1561,22681,81,113,0,33554776,0x02000158,scenery,generic,00000345.pro,-1,,0
1469,,180420,0,1562,22689,89,113,0,33554830,0x0200018E,scenery,generic,00000399.pro,-1,,0
1470,,180508,0,1563,22690,90,113,0,33554830,0x0200018E,scenery,generic,00000399.pro,-1,,0
1471,,180596,0,1564,22691,91,113,2,16777231,0x0100000F,critter,,00000015.pro,67108874,GunRnr.int,6
1471/inventory/0,6,180728,0,1565,-1,,,0,40,0x00000028,item,drug,00000040.pro,-1,,0
1471/inventory/1,26,180820,0,1566,-1,,,0,41,0x00000029,item,misc,00000041.pro,-1,,0
1471/inventory/2,5,180916,0,1567,-1,,,0,34,0x00000022,item,ammo,00000034.pro,-1,,0
1471/inventory/3,1,181012,0,1568,-1,,,0,25,0x00000019,item,weapon,00000025.pro,-1,,0
1471/inventory/4,1,181112,0,1569,-1,,,0,143,0x0000008F,item,weapon,00000143.pro,-1,,0
1471/inventory/5,1,181212,0,1570,-1,,,0,17,0x00000011,item,armor,00000017.pro,-1,,0
1472,,181300,0,1571,22696,96,113,0,33554830,0x0200018E,scenery,generic,00000399.pro,-1,,0
1473,,181388,0,1572,22697,97,113,0,33554830,0x0200018E,scenery,generic,00000399.pro,-1,,0
1474,,181476,0,1573,22725,125,113,0,33554830,0x0200018E,scenery,generic,00000399.pro,-1,,0
1475,,181564,0,1574,22734,134,113,0,33554776,0x02000158,scenery,generic,00000345.pro,-1,,0
1476,,181652,0,1575,22738,138,113,0,33554573,0x0200008D,scenery,generic,00000142.pro,-1,,0
1477,,181740,0,1576,22741,141,113,0,33554776,0x02000158,scenery,generic,00000345.pro,-1,,0
1478,,181828,0,1577,22754,154,113,0,50332242,0x03000252,wall,,00000594.pro,-1,,0
1479,,181916,0,1578,22762,162,113,0,50332247,0x03000257,wall,,00000599.pro,-1,,0
1480,,182004,0,1579,22763,163,113,0,83886092,0x0500000C,misc,,00000012.pro,-1,,0
1481,,182092,0,1580,22764,164,113,0,83886092,0x0500000C,misc,,00000012.pro,-1,,0
1482,,182180,0,1581,22771,171,113,0,83886100,0x05000014,misc,,00000020.pro,-1,,0
1483,,182284,0,1582,22870,70,114,0,83886092,0x0500000C,misc,,00000012.pro,-1,,0
1484,,182372,0,1583,22872,72,114,0,33554776,0x02000158,scenery,generic,00000345.pro,-1,,0
1485,,182460,0,1584,22874,74,114,0,33554776,0x02000158,scenery,generic,00000345.pro,-1,,0
1486,,182548,0,1585,22875,75,114,0,33554776,0x02000158,scenery,generic,00000345.pro,-1,,0
1487,,182636,0,1586,22880,80,114,0,33554776,0x02000158,scenery,generic,00000345.pro,-1,,0
1488,,182724,0,1587,22881,81,114,0,33554776,0x02000158,scenery,generic,00000345.pro,-1,,0
1489,,182812,0,1588,22890,90,114,0,33554829,0x0200018D,scenery,generic,00000398.pro,-1,,0
1490,,182900,0,1589,22896,96,114,0,33554830,0x0200018E,scenery,generic,00000399.pro,-1,,0
1491,,182988,0,1590,22897,97,114,0,33554829,0x0200018D,scenery,generic,00000398.pro,-1,,0
1492,,183076,0,1591,22917,117,114,0,33554830,0x0200018E,scenery,generic,00000399.pro,-1,,0
1493,,183164,0,1592,22925,125,114,0,33554829,0x0200018D,scenery,generic,00000398.pro,-1,,0
1494,,183252,0,1593,22933,133,114,0,33554776,0x02000158,scenery,generic,00000345.pro,-1,,0
1495,,183340,0,1594,22937,137,114,0,33554573,0x0200008D,scenery,generic,00000142.pro,-1,,0
1496,,183428,0,1595,22940,140,114,0,33554776,0x02000158,scenery,generic,00000345.pro,-1,,0
1497,,183516,0,1596,22941,141,114,0,33554776,0x02000158,scenery,generic,00000345.pro,-1,,0
1498,,183604,0,1597,22954,154,114,0,50332290,0x03000282,wall,,00000642.pro,-1,,0
1499,,183692,0,1598,22958,158,114,0,33554559,0x0200007F,scenery,generic,00000128.pro,-1,,0
1500,,183780,0,1599,22964,164,114,0,83886092,0x0500000C,misc,,00000012.pro,-1,,0
1501,,183868,0,1600,22966,166,114,0,33554535,0x02000067,scenery,generic,00000104.pro,-1,,0
1502,,183956,0,1601,22971,171,114,0,83886100,0x05000014,misc,,00000020.pro,-1,,0
1503,,184060,0,1602,23071,71,115,0,83886092,0x0500000C,misc,,00000012.pro,-1,,0
1504,,184148,0,1603,23071,71,115,0,33554776,0x02000158,scenery,generic,00000345.pro,-1,,0
1505,,184236,0,1604,23073,73,115,0,33554776,0x02000158,scenery,generic,00000345.pro,-1,,0
1506,,184324,0,1605,23077,77,115,0,33554573,0x0200008D,scenery,generic,00000142.pro,-1,,0
1507,,184412,0,1606,23079,79,115,0,33554776,0x02000158,scenery,generic,00000345.pro,-1,,0
1508,,184500,0,1607,23091,91,115,0,33554830,0x0200018E,scenery,generic,00000399.pro,-1,,0
1509,,184588,0,1608,23092,92,115,0,33554829,0x0200018D,scenery,generic,00000398.pro,-1,,0
1510,,184676,0,1609,23093,93,115,0,33554830,0x0200018E,scenery,generic,00000399.pro,-1,,0
1511,,184764,0,1610,23094,94,115,0,33554830,0x0200018E,scenery,generic,00000399.pro,-1,,0
1512,,184852,0,1611,23095,95,115,0,33554830,0x0200018E,scenery,generic,00000399.pro,-1,,0
1513,,184940,0,1612,23096,96,115,0,33554829,0x0200018D,scenery,generic,00000398.pro,-1,,0
1514,,185028,0,1613,23116,116,115,0,33554829,0x0200018D,scenery,generic,00000398.pro,-1,,0
1515,,185116,0,1614,23117,117,115,0,33554830,0x0200018E,scenery,generic,00000399.pro,-1,,0
1516,,185204,0,1615,23125,125,115,0,33554829,0x0200018D,scenery,generic,00000398.pro,-1,,0
1517,,185292,0,1616,23133,133,115,0,33554776,0x02000158,scenery,generic,00000345.pro,-1,,0
1518,,185380,0,1617,23139,139,115,0,33554776,0x02000158,scenery,generic,00000345.pro,-1,,0
1519,,185468,0,1618,23154,154,115,0,50332243,0x03000253,wall,,00000595.pro,-1,,0
1520,,185556,0,1619,23158,158,115,0,33554558,0x0200007E,scenery,generic,00000127.pro,-1,,0
1521,,185644,0,1620,23162,162,115,0,50332248,0x03000258,wall,,00000600.pro,-1,,0
1522,,185732,0,1621,23165,165,115,0,83886092,0x0500000C,misc,,00000012.pro,-1,,0
1523,,185820,0,1622,23171,171,115,0,33554481,0x02000031,scenery,generic,00000050.pro,-1,,0
1524,,185908,0,1623,23171,171,115,0,83886100,0x05000014,misc,,00000020.pro,-1,,0
1525,,186012,0,1624,23271,71,116,0,83886092,0x0500000C,misc,,00000012.pro,-1,,0
1526,,186100,0,1625,23271,71,116,0,33554776,0x02000158,scenery,generic,00000345.pro,-1,,0
1527,,186188,0,1626,23272,72,116,0,83886092,0x0500000C,misc,,00000012.pro,-1,,0
1528,,186276,0,1627,23276,76,116,0,33554573,0x0200008D,scenery,generic,00000142.pro,-1,,0
1529,,186364,0,1628,23279,79,116,0,33554776,0x02000158,scenery,generic,00000345.pro,-1,,0
1530,,186452,0,1629,23293,93,116,0,33554829,0x0200018D,scenery,generic,00000398.pro,-1,,0
1531,,186540,0,1630,23295,95,116,0,33554830,0x0200018E,scenery,generic,00000399.pro,-1,,0
1532,,186628,0,1631,23317,117,116,0,33554830,0x0200018E,scenery,generic,00000399.pro,-1,,0
1533,,186716,0,1632,23320,120,116,2,16777237,0x01000015,critter,,00000021.pro,67108875,GunRnr.int,5
1533/inventory/0,6,186848,0,1633,-1,,,0,34,0x00000022,item,ammo,00000034.pro,-1,,0
1533/inventory/1,5,186944,0,1634,-1,,,0,40,0x00000028,item,drug,00000040.pro,-1,,0
1533/inventory/2,39,187036,0,1635,-1,,,0,41,0x00000029,item,misc,00000041.pro,-1,,0
1533/inventory/3,2,187132,0,1636,-1,,,0,25,0x00000019,item,weapon,00000025.pro,-1,,0
1533/inventory/4,1,187232,0,1637,-1,,,0,143,0x0000008F,item,weapon,00000143.pro,-1,,0
1534,,187328,0,1638,23325,125,116,0,33554830,0x0200018E,scenery,generic,00000399.pro,-1,,0
1535,,187416,0,1639,23333,133,116,0,33554776,0x02000158,scenery,generic,00000345.pro,-1,,0
1536,,187504,0,1640,23339,139,116,0,33554776,0x02000158,scenery,generic,00000345.pro,-1,,0
1537,,187592,0,1641,23354,154,116,0,50332249,0x03000259,wall,,00000601.pro,-1,,0
1538,,187680,0,1642,23362,162,116,0,50332242,0x03000252,wall,,00000594.pro,-1,,0
1539,,187768,0,1643,23365,165,116,0,83886092,0x0500000C,misc,,00000012.pro,-1,,0
1540,,187856,0,1644,23366,166,116,0,83886092,0x0500000C,misc,,00000012.pro,-1,,0
1541,,187944,0,1645,23371,171,116,0,83886100,0x05000014,misc,,00000020.pro,-1,,0
1542,,188048,0,1646,23471,71,117,0,33554776,0x02000158,scenery,generic,00000345.pro,-1,,0
1543,,188136,0,1647,23472,72,117,0,83886092,0x0500000C,misc,,00000012.pro,-1,,0
1544,,188224,0,1648,23479,79,117,0,33554776,0x02000158,scenery,generic,00000345.pro,-1,,0
1545,,188312,0,1649,23517,117,117,0,33554829,0x0200018D,scenery,generic,00000398.pro,-1,,0
1546,,188400,0,1650,23518,118,117,0,33554830,0x0200018E,scenery,generic,00000399.pro,-1,,0
1547,,188488,0,1651,23524,124,117,0,33554830,0x0200018E,scenery,generic,00000399.pro,-1,,0
1548,,188576,0,1652,23525,125,117,0,33554830,0x0200018E,scenery,generic,00000399.pro,-1,,0
1549,,188664,0,1653,23533,133,117,0,33554776,0x02000158,scenery,generic,00000345.pro,-1,,0
1550,,188752,0,1654,23537,137,117,0,33554573,0x0200008D,scenery,generic,00000142.pro,-1,,0
1551,,188840,0,1655,23539,139,117,0,33554776,0x02000158,scenery,generic,00000345.pro,-1,,0
1552,,188928,0,1656,23554,154,117,0,50332246,0x03000256,wall,,00000598.pro,-1,,0
1553,,189016,0,1657,23562,162,117,0,50332243,0x03000253,wall,,00000595.pro,-1,,0
1554,,189104,0,1658,23566,166,117,0,83886092,0x0500000C,misc,,00000012.pro,-1,,0
1555,,189192,0,1659,23571,171,117,0,83886100,0x05000014,misc,,00000020.pro,-1,,0
1556,,189296,0,1660,23671,71,118,0,33554776,0x02000158,scenery,generic,00000345.pro,-1,,0
1557,,189384,0,1661,23673,73,118,0,83886092,0x0500000C,misc,,00000012.pro,-1,,0
1558,,189472,0,1662,23679,79,118,0,33554776,0x02000158,scenery,generic,00000345.pro,-1,,0
1559,,189560,0,1663,23718,118,118,0,33554829,0x0200018D,scenery,generic,00000398.pro,-1,,0
1560,,189648,0,1664,23719,119,118,0,33554830,0x0200018E,scenery,generic,00000399.pro,-1,,0
1561,,189736,0,1665,23720,120,118,0,33554829,0x0200018D,scenery,generic,00000398.pro,-1,,0
1562,,189824,0,1666,23722,122,118,0,33554830,0x0200018E,scenery,generic,00000399.pro,-1,,0
1563,,189912,0,1667,23723,123,118,0,33554830,0x0200018E,scenery,generic,00000399.pro,-1,,0
1564,,190000,0,1668,23724,124,118,0,33554829,0x0200018D,scenery,generic,00000398.pro,-1,,0
1565,,190088,0,1669,23733,133,118,0,33554776,0x02000158,scenery,generic,00000345.pro,-1,,0
1566,,190176,0,1670,23739,139,118,0,33554776,0x02000158,scenery,generic,00000345.pro,-1,,0
1567,,190264,0,1671,23754,154,118,0,50332290,0x03000282,wall,,00000642.pro,-1,,0
1568,,190352,0,1672,23762,162,118,0,50332246,0x03000256,wall,,00000598.pro,-1,,0
1569,,190440,0,1673,23767,167,118,0,83886092,0x0500000C,misc,,00000012.pro,-1,,0
1570,,190528,0,1674,23771,171,118,0,83886100,0x05000014,misc,,00000020.pro,-1,,0
1571,,190632,0,1675,23871,71,119,0,33554776,0x02000158,scenery,generic,00000345.pro,-1,,0
1572,,190720,0,1676,23872,72,119,0,33554776,0x02000158,scenery,generic,00000345.pro,-1,,0
1573,,190808,0,1677,23873,73,119,0,83886092,0x0500000C,misc,,00000012.pro,-1,,0
1574,,190896,0,1678,23874,74,119,0,83886092,0x0500000C,misc,,00000012.pro,-1,,0
1575,,190984,0,1679,23875,75,119,0,33554573,0x0200008D,scenery,generic,00000142.pro,-1,,0
1576,,191072,0,1680,23879,79,119,0,33554776,0x02000158,scenery,generic,00000345.pro,-1,,0
1577,,191160,0,1681,23919,119,119,0,33554829,0x0200018D,scenery,generic,00000398.pro,-1,,0
1578,,191248,0,1682,23921,121,119,0,33554830,0x0200018E,scenery,generic,00000399.pro,-1,,0
1579,,191336,0,1683,23922,122,119,0,33554830,0x0200018E,scenery,generic,00000399.pro,-1,,0
1580,,191424,0,1684,23923,123,119,0,33554829,0x0200018D,scenery,generic,00000398.pro,-1,,0
1581,,191512,0,1685,23933,133,119,0,33554776,0x02000158,scenery,generic,00000345.pro,-1,,0
1582,,191600,0,1686,23937,137,119,0,33554573,0x0200008D,scenery,generic,00000142.pro,-1,,0
1583,,191688,0,1687,23939,139,119,0,33554776,0x02000158,scenery,generic,00000345.pro,-1,,0
1584,,191776,0,1688,23954,154,119,0,50332242,0x03000252,wall,,00000594.pro,-1,,0
1585,,191864,0,1689,23962,162,119,0,50332249,0x03000259,wall,,00000601.pro,-1,,0
1586,,191952,0,1690,23967,167,119,0,83886092,0x0500000C,misc,,00000012.pro,-1,,0
1587,,192040,0,1691,23968,168,119,0,83886092,0x0500000C,misc,,00000012.pro,-1,,0
1588,,192128,0,1692,23971,171,119,0,33554481,0x02000031,scenery,generic,00000050.pro,-1,,0
1589,,192216,0,1693,23971,171,119,0,83886100,0x05000014,misc,,00000020.pro,-1,,0
1590,,192320,0,1694,24072,72,120,0,33554776,0x02000158,scenery,generic,00000345.pro,-1,,0
1591,,192408,0,1695,24074,74,120,0,83886092,0x0500000C,misc,,00000012.pro,-1,,0
1592,,192496,0,1696,24079,79,120,0,33554776,0x02000158,scenery,generic,00000345.pro,-1,,0
1593,,192584,0,1697,24133,133,120,0,33554776,0x02000158,scenery,generic,00000345.pro,-1,,0
1594,,192672,0,1698,24139,139,120,0,33554776,0x02000158,scenery,generic,00000345.pro,-1,,0
1595,,192760,0,1699,24140,140,120,0,33554776,0x02000158,scenery,generic,00000345.pro,-1,,0
1596,,192848,0,1700,24142,142,120,0,33554776,0x02000158,scenery,generic,00000345.pro,-1,,0
1597,,192936,0,1701,24154,154,120,0,50332246,0x03000256,wall,,00000598.pro,-1,,0
1598,,193024,0,1702,24162,162,120,0,50332243,0x03000253,wall,,00000595.pro,-1,,0
1599,,193112,0,1703,24166,166,120,0,83886092,0x0500000C,misc,,00000012.pro,-1,,0
1600,,193200,0,1704,24167,167,120,0,83886092,0x0500000C,misc,,00000012.pro,-1,,0
1601,,193288,0,1705,24168,168,120,0,83886092,0x0500000C,misc,,00000012.pro,-1,,0
1602,,193376,0,1706,24171,171,120,0,83886100,0x05000014,misc,,00000020.pro,-1,,0
1603,,193480,0,1707,24273,73,121,0,33554776,0x02000158,scenery,generic,00000345.pro,-1,,0
1604,,193568,0,1708,24275,75,121,0,83886092,0x0500000C,misc,,00000012.pro,-1,,0
1605,,193656,0,1709,24279,79,121,0,33554776,0x02000158,scenery,generic,00000345.pro,-1,,0
1606,,193744,0,1710,24333,133,121,0,33554776,0x02000158,scenery,generic,00000345.pro,-1,,0
1607,,193832,0,1711,24341,141,121,0,33554776,0x02000158,scenery,generic,00000345.pro,-1,,0
1608,,193920,0,1712,24343,143,121,0,33554776,0x02000158,scenery,generic,00000345.pro,-1,,0
1609,,194008,0,1713,24354,154,121,0,50332261,0x03000265,wall,,00000613.pro,-1,,0
1610,,194096,0,1714,24355,155,121,0,50332236,0x0300024C,wall,,00000588.pro,-1,,0
1611,,194184,0,1715,24356,156,121,0,50332237,0x0300024D,wall,,00000589.pro,-1,,0
1612,,194272,0,1716,24357,157,121,0,50332231,0x03000247,wall,,00000583.pro,-1,,0
1613,,194360,0,1717,24359,159,121,0,50332236,0x0300024C,wall,,00000588.pro,-1,,0
1614,,194448,0,1718,24360,160,121,0,50332240,0x03000250,wall,,00000592.pro,-1,,0
1615,,194536,0,1719,24361,161,121,0,50332238,0x0300024E,wall,,00000590.pro,-1,,0
1616,,194624,0,1720,24362,162,121,0,50332259,0x03000263,wall,,00000611.pro,-1,,0
1617,,194712,0,1721,24364,164,121,0,83886092,0x0500000C,misc,,00000012.pro,-1,,0
1618,,194800,0,1722,24365,165,121,0,83886092,0x0500000C,misc,,00000012.pro,-1,,0
1619,,194888,0,1723,24366,166,121,0,83886092,0x0500000C,misc,,00000012.pro,-1,,0
1620,,194976,0,1724,24367,167,121,0,83886092,0x0500000C,misc,,00000012.pro,-1,,0
1621,,195064,0,1725,24371,171,121,0,83886100,0x05000014,misc,,00000020.pro,-1,,0
1622,,195168,0,1726,24473,73,122,0,33554776,0x02000158,scenery,generic,00000345.pro,-1,,0
1623,,195256,0,1727,24475,75,122,0,83886092,0x0500000C,misc,,00000012.pro,-1,,0
1624,,195344,0,1728,24475,75,122,0,33554573,0x0200008D,scenery,generic,00000142.pro,-1,,0
1625,,195432,0,1729,24476,76,122,0,83886092,0x0500000C,misc,,00000012.pro,-1,,0
1626,,195520,0,1730,24479,79,122,0,33554776,0x02000158,scenery,generic,00000345.pro,-1,,0
1627,,195608,0,1731,24533,133,122,0,33554776,0x02000158,scenery,generic,00000345.pro,-1,,0
1628,,195696,0,1732,24540,140,122,0,33554573,0x0200008D,scenery,generic,00000142.pro,-1,,0
1629,,195784,0,1733,24543,143,122,0,33554776,0x02000158,scenery,generic,00000345.pro,-1,,0
1630,,195872,0,1734,24554,154,122,0,50332269,0x0300026D,wall,,00000621.pro,-1,,0
1631,,195960,0,1735,24555,155,122,0,50332270,0x0300026E,wall,,00000622.pro,-1,,0
1632,,196048,0,1736,24557,157,122,0,50332270,0x0300026E,wall,,00000622.pro,-1,,0
1633,,196136,0,1737,24559,159,122,0,50332230,0x03000246,wall,,00000582.pro,-1,,0
1634,,196224,0,1738,24561,161,122,0,50332270,0x0300026E,wall,,00000622.pro,-1,,0
1635,,196312,0,1739,24562,162,122,0,83886092,0x0500000C,misc,,00000012.pro,-1,,0
1636,,196400,0,1740,24562,162,122,0,50332242,0x03000252,wall,,00000594.pro,-1,,0
1637,,196488,0,1741,24563,163,122,0,83886092,0x0500000C,misc,,00000012.pro,-1,,0
1638,,196576,0,1742,24564,164,122,0,83886092,0x0500000C,misc,,00000012.pro,-1,,0
1639,,196664,0,1743,24565,165,122,0,83886092,0x0500000C,misc,,00000012.pro,-1,,0
1640,,196752,0,1744,24571,171,122,0,83886100,0x05000014,misc,,00000020.pro,-1,,0
1641,,196856,0,1745,24673,73,123,0,33554776,0x02000158,scenery,generic,00000345.pro,-1,,0
1642,,196944,0,1746,24676,76,123,0,83886092,0x0500000C,misc,,00000012.pro,-1,,0
1643,,197032,0,1747,24679,79,123,0,33554776,0x02000158,scenery,generic,00000345.pro,-1,,0
1644,,197120,0,1748,24733,133,123,0,33554776,0x02000158,scenery,generic,00000345.pro,-1,,0
1645,,197208,0,1749,24736,136,123,0,33554573,0x0200008D,scenery,generic,00000142.pro,-1,,0
1646,,197296,0,1750,24739,139,123,0,33554573,0x0200008D,scenery,generic,00000142.pro,-1,,0
1647,,197384,0,1751,24743,143,123,0,33554776,0x02000158,scenery,generic,00000345.pro,-1,,0
1648,,197472,0,1752,24754,154,123,0,50332144,0x030001F0,wall,,00000496.pro,-1,,0
1649,,197560,0,1753,24760,160,123,0,83886092,0x0500000C,misc,,00000012.pro,-1,,0
1650,,197648,0,1754,24761,161,123,0,83886092,0x0500000C,misc,,00000012.pro,-1,,0
1651,,197736,0,1755,24762,162,123,0,83886092,0x0500000C,misc,,00000012.pro,-1,,0
1652,,197824,0,1756,24762,162,123,0,50332243,0x03000253,wall,,00000595.pro,-1,,0
1653,,197912,0,1757,24763,163,123,0,83886092,0x0500000C,misc,,00000012.pro,-1,,0
1654,,198000,0,1758,24771,171,123,0,33554481,0x02000031,scenery,generic,00000050.pro,-1,,0
1655,,198088,0,1759,24771,171,123,0,83886100,0x05000014,misc,,00000020.pro,-1,,0
1656,,198192,0,1760,24873,73,124,0,33554776,0x02000158,scenery,generic,00000345.pro,-1,,0
1657,,198280,0,1761,24877,77,124,0,83886092,0x0500000C,misc,,00000012.pro,-1,,0
1658,,198368,0,1762,24879,79,124,0,33554776,0x02000158,scenery,generic,00000345.pro,-1,,0
1659,,198456,0,1763,24928,128,124,0,33554776,0x02000158,scenery,generic,00000345.pro,-1,,0
1660,,198544,0,1764,24930,130,124,0,33554776,0x02000158,scenery,generic,00000345.pro,-1,,0
1661,,198632,0,1765,24932,132,124,0,33554776,0x02000158,scenery,generic,00000345.pro,-1,,0
1662,,198720,0,1766,24933,133,124,0,33554776,0x02000158,scenery,generic,00000345.pro,-1,,0
1663,,198808,0,1767,24943,143,124,0,33554776,0x02000158,scenery,generic,00000345.pro,-1,,0
1664,,198896,0,1768,24958,158,124,0,83886092,0x0500000C,misc,,00000012.pro,-1,,0
1665,,198984,0,1769,24959,159,124,0,83886092,0x0500000C,misc,,00000012.pro,-1,,0
1666,,199072,0,1770,24960,160,124,0,83886092,0x0500000C,misc,,00000012.pro,-1,,0
1667,,199160,0,1771,24961,161,124,0,83886092,0x0500000C,misc,,00000012.pro,-1,,0
1668,,199248,0,1772,24962,162,124,0,50332281,0x03000279,wall,,00000633.pro,-1,,0
1669,,199336,0,1773,24971,171,124,0,83886100,0x05000014,misc,,00000020.pro,-1,,0
1670,,199440,0,1774,25073,73,125,0,33554776,0x02000158,scenery,generic,00000345.pro,-1,,0
1671,,199528,0,1775,25076,76,125,0,33554573,0x0200008D,scenery,generic,00000142.pro,-1,,0
1672,,199616,0,1776,25077,77,125,0,83886092,0x0500000C,misc,,00000012.pro,-1,,0
1673,,199704,0,1777,25078,78,125,0,83886092,0x0500000C,misc,,00000012.pro,-1,,0
1674,,199792,0,1778,25079,79,125,0,33554776,0x02000158,scenery,generic,00000345.pro,-1,,0
1675,,199880,0,1779,25127,127,125,0,33554776,0x02000158,scenery,generic,00000345.pro,-1,,0
1676,,199968,0,1780,25129,129,125,0,33554776,0x02000158,scenery,generic,00000345.pro,-1,,0
1677,,200056,0,1781,25131,131,125,0,33554776,0x02000158,scenery,generic,00000345.pro,-1,,0
1678,,200144,0,1782,25143,143,125,0,33554776,0x02000158,scenery,generic,00000345.pro,-1,,0
1679,,200232,0,1783,25152,152,125,0,33554725,0x02000125,scenery,generic,00000294.pro,-1,,0
1680,,200320,0,1784,25154,154,125,0,50332143,0x030001EF,wall,,00000495.pro,-1,,0
1681,,200408,0,1785,25156,156,125,0,83886092,0x0500000C,misc,,00000012.pro,-1,,0
1682,,200496,0,1786,25157,157,125,0,83886092,0x0500000C,misc,,00000012.pro,-1,,0
1683,,200584,0,1787,25158,158,125,0,83886092,0x0500000C,misc,,00000012.pro,-1,,0
1684,,200672,0,1788,25159,159,125,0,83886092,0x0500000C,misc,,00000012.pro,-1,,0
1685,,200760,0,1789,25171,171,125,0,83886100,0x05000014,misc,,00000020.pro,-1,,0
1686,,200864,0,1790,25273,73,126,0,33554776,0x02000158,scenery,generic,00000345.pro,-1,,0
1687,,200952,0,1791,25278,78,126,0,83886092,0x0500000C,misc,,00000012.pro,-1,,0
1688,,201040,0,1792,25279,79,126,0,33554776,0x02000158,scenery,generic,00000345.pro,-1,,0
1689,,201128,0,1793,25280,80,126,0,33554776,0x02000158,scenery,generic,00000345.pro,-1,,0
1690,,201216,0,1794,25327,127,126,0,33554776,0x02000158,scenery,generic,00000345.pro,-1,,0
1691,,201304,0,1795,25342,142,126,0,33554776,0x02000158,scenery,generic,00000345.pro,-1,,0
1692,,201392,0,1796,25343,143,126,0,33554776,0x02000158,scenery,generic,00000345.pro,-1,,0
1693,,201480,0,1797,25354,154,126,0,83886092,0x0500000C,misc,,00000012.pro,-1,,0
1694,,201568,0,1798,25354,154,126,0,50332242,0x03000252,wall,,00000594.pro,-1,,0
1695,,201656,0,1799,25355,155,126,0,83886092,0x0500000C,misc,,00000012.pro,-1,,0
1696,,201744,0,1800,25356,156,126,0,83886092,0x0500000C,misc,,00000012.pro,-1,,0
1697,,201832,0,1801,25357,157,126,0,83886092,0x0500000C,misc,,00000012.pro,-1,,0
1698,,201920,0,1802,25364,164,126,0,33554538,0x0200006A,scenery,generic,00000107.pro,-1,,0
1699,,202008,0,1803,25365,165,126,0,33554499,0x02000043,scenery,generic,00000068.pro,-1,,0
1700,,202096,0,1804,25366,166,126,0,33554499,0x02000043,scenery,generic,00000068.pro,-1,,0
1701,,202184,0,1805,25371,171,126,0,83886100,0x05000014,misc,,00000020.pro,-1,,0
1702,,202288,0,1806,25372,172,126,0,83886098,0x05000012,misc,,00000018.pro,-1,,0
1703,,202392,0,1807,25373,173,126,0,83886098,0x05000012,misc,,00000018.pro,-1,,0
1704,,202496,0,1808,25473,73,127,0,33554776,0x02000158,scenery,generic,00000345.pro,-1,,0
1705,,202584,0,1809,25479,79,127,0,83886092,0x0500000C,misc,,00000012.pro,-1,,0
1706,,202672,0,1810,25481,81,127,0,33554776,0x02000158,scenery,generic,00000345.pro,-1,,0
1707,,202760,0,1811,25527,127,127,0,33554776,0x02000158,scenery,generic,00000345.pro,-1,,0
1708,,202848,0,1812,25530,130,127,0,33554573,0x0200008D,scenery,generic,00000142.pro,-1,,0
1709,,202936,0,1813,25533,133,127,0,33554573,0x0200008D,scenery,generic,00000142.pro,-1,,0
1710,,203024,0,1814,25538,138,127,0,33554573,0x0200008D,scenery,generic,00000142.pro,-1,,0
1711,,203112,0,1815,25541,141,127,0,33554776,0x02000158,scenery,generic,00000345.pro,-1,,0
1712,,203200,0,1816,25552,152,127,0,83886092,0x0500000C,misc,,00000012.pro,-1,,0
1713,,203288,0,1817,25553,153,127,0,83886092,0x0500000C,misc,,00000012.pro,-1,,0
1714,,203376,0,1818,25554,154,127,0,83886092,0x0500000C,misc,,00000012.pro,-1,,0
1715,,203464,0,1819,25554,154,127,0,50332290,0x03000282,wall,,00000642.pro,-1,,0
1716,,203552,0,1820,25555,155,127,0,83886092,0x0500000C,misc,,00000012.pro,-1,,0
1717,,203640,0,1821,25565,165,127,0,33554499,0x02000043,scenery,generic,00000068.pro,-1,,0
1718,,203728,0,1822,25570,170,127,0,83886098,0x05000012,misc,,00000018.pro,-1,,0
1719,,203832,0,1823,25571,171,127,0,33554481,0x02000031,scenery,generic,00000050.pro,-1,,0
1720,,203920,0,1824,25571,171,127,0,83886098,0x05000012,misc,,00000018.pro,-1,,0
1721,,204024,0,1825,25673,73,128,0,33554776,0x02000158,scenery,generic,00000345.pro,-1,,0
1722,,204112,0,1826,25677,77,128,0,33554573,0x0200008D,scenery,generic,00000142.pro,-1,,0
1723,,204200,0,1827,25679,79,128,0,83886092,0x0500000C,misc,,00000012.pro,-1,,0
1724,,204288,0,1828,25680,80,128,0,83886092,0x0500000C,misc,,00000012.pro,-1,,0
1725,,204376,0,1829,25681,81,128,0,33554776,0x02000158,scenery,generic,00000345.pro,-1,,0
1726,,204464,0,1830,25716,116,128,0,33554776,0x02000158,scenery,generic,00000345.pro,-1,,0
1727,,204552,0,1831,25718,118,128,0,33554776,0x02000158,scenery,generic,00000345.pro,-1,,0
1728,,204640,0,1832,25720,120,128,0,33554776,0x02000158,scenery,generic,00000345.pro,-1,,0
1729,,204728,0,1833,25722,122,128,0,33554776,0x02000158,scenery,generic,00000345.pro,-1,,0
1730,,204816,0,1834,25724,124,128,0,33554776,0x02000158,scenery,generic,00000345.pro,-1,,0
1731,,204904,0,1835,25726,126,128,0,33554776,0x02000158,scenery,generic,00000345.pro,-1,,0
1732,,204992,0,1836,25727,127,128,0,33554776,0x02000158,scenery,generic,00000345.pro,-1,,0
1733,,205080,0,1837,25732,132,128,0,33554573,0x0200008D,scenery,generic,00000142.pro,-1,,0
1734,,205168,0,1838,25741,141,128,0,33554776,0x02000158,scenery,generic,00000345.pro,-1,,0
1735,,205256,0,1839,25750,150,128,0,83886092,0x0500000C,misc,,00000012.pro,-1,,0
1736,,205344,0,1840,25751,151,128,0,83886092,0x0500000C,misc,,00000012.pro,-1,,0
1737,,205432,0,1841,25752,152,128,0,83886092,0x0500000C,misc,,00000012.pro,-1,,0
1738,,205520,0,1842,25753,153,128,0,83886092,0x0500000C,misc,,00000012.pro,-1,,0
1739,,205608,0,1843,25754,154,128,0,50332246,0x03000256,wall,,00000598.pro,-1,,0
1740,,205696,0,1844,25768,168,128,0,83886098,0x05000012,misc,,00000018.pro,-1,,0
1741,,205800,0,1845,25769,169,128,0,83886098,0x05000012,misc,,00000018.pro,-1,,0
1742,,205904,0,1846,25873,73,129,0,33554776,0x02000158,scenery,generic,00000345.pro,-1,,0
1743,,205992,0,1847,25874,74,129,0,33554776,0x02000158,scenery,generic,00000345.pro,-1,,0
1744,,206080,0,1848,25880,80,129,0,83886092,0x0500000C,misc,,00000012.pro,-1,,0
1745,,206168,0,1849,25881,81,129,0,33554776,0x02000158,scenery,generic,00000345.pro,-1,,0
1746,,206256,0,1850,25915,115,129,0,33554776,0x02000158,scenery,generic,00000345.pro,-1,,0
1747,,206344,0,1851,25917,117,129,0,33554776,0x02000158,scenery,generic,00000345.pro,-1,,0
1748,,206432,0,1852,25919,119,129,0,33554776,0x02000158,scenery,generic,00000345.pro,-1,,0
1749,,206520,0,1853,25921,121,129,0,33554776,0x02000158,scenery,generic,00000345.pro,-1,,0
1750,,206608,0,1854,25923,123,129,0,33554776,0x02000158,scenery,generic,00000345.pro,-1,,0
1751,,206696,0,1855,25925,125,129,0,33554776,0x02000158,scenery,generic,00000345.pro,-1,,0
1752,,206784,0,1856,25937,137,129,0,33554573,0x0200008D,scenery,generic,00000142.pro,-1,,0
1753,,206872,0,1857,25938,138,129,0,33554573,0x0200008D,scenery,generic,00000142.pro,-1,,0
1754,,206960,0,1858,25941,141,129,0,33554776,0x02000158,scenery,generic,00000345.pro,-1,,0
1755,,207048,0,1859,25948,148,129,0,83886092,0x0500000C,misc,,00000012.pro,-1,,0
1756,,207136,0,1860,25949,149,129,0,83886092,0x0500000C,misc,,00000012.pro,-1,,0
1757,,207224,0,1861,25950,150,129,0,83886092,0x0500000C,misc,,00000012.pro,-1,,0
1758,,207312,0,1862,25951,151,129,0,83886092,0x0500000C,misc,,00000012.pro,-1,,0
1759,,207400,0,1863,25954,154,129,0,50332154,0x030001FA,wall,,00000506.pro,-1,,0
1760,,207488,0,1864,25955,155,129,0,50332174,0x0300020E,wall,,00000526.pro,-1,,0
1761,,207576,0,1865,25956,156,129,0,50332172,0x0300020C,wall,,00000524.pro,-1,,0
1762,,207664,0,1866,25957,157,129,0,50332173,0x0300020D,wall,,00000525.pro,-1,,0
1763,,207752,0,1867,25958,158,129,0,50332287,0x0300027F,wall,,00000639.pro,-1,,0
1764,,207840,0,1868,25959,159,129,0,50332174,0x0300020E,wall,,00000526.pro,-1,,0
1765,,207928,0,1869,25960,160,129,0,50332271,0x0300026F,wall,,00000623.pro,-1,,0
1766,,208016,0,1870,25961,161,129,0,50332270,0x0300026E,wall,,00000622.pro,-1,,0
1767,,208104,0,1871,25966,166,129,0,83886098,0x05000012,misc,,00000018.pro,-1,,0
1768,,208208,0,1872,25967,167,129,0,33554481,0x02000031,scenery,generic,00000050.pro,-1,,0
1769,,208296,0,1873,25967,167,129,0,83886098,0x05000012,misc,,00000018.pro,-1,,0
1770,,208400,0,1874,26074,74,130,0,33554776,0x02000158,scenery,generic,00000345.pro,-1,,0
1771,,208488,0,1875,26075,75,130,0,33554776,0x02000158,scenery,generic,00000345.pro,-1,,0
1772,,208576,0,1876,26076,76,130,0,33554776,0x02000158,scenery,generic,00000345.pro,-1,,0
1773,,208664,0,1877,26081,81,130,0,83886092,0x0500000C,misc,,00000012.pro,-1,,0
1774,,208752,0,1878,26081,81,130,0,33554776,0x02000158,scenery,generic,00000345.pro,-1,,0
1775,,208840,0,1879,26082,82,130,0,33554776,0x02000158,scenery,generic,00000345.pro,-1,,0
1776,,208928,0,1880,26084,84,130,0,33554776,0x02000158,scenery,generic,00000345.pro,-1,,0
1777,,209016,0,1881,26086,86,130,0,33554776,0x02000158,scenery,generic,00000345.pro,-1,,0
1778,,209104,0,1882,26088,88,130,0,33554776,0x02000158,scenery,generic,00000345.pro,-1,,0
1779,,209192,0,1883,26102,102,130,0,33554776,0x02000158,scenery,generic,00000345.pro,-1,,0
1780,,209280,0,1884,26104,104,130,0,33554776,0x02000158,scenery,generic,00000345.pro,-1,,0
1781,,209368,0,1885,26106,106,130,0,33554776,0x02000158,scenery,generic,00000345.pro,-1,,0
1782,,209456,0,1886,26108,108,130,0,33554776,0x02000158,scenery,generic,00000345.pro,-1,,0
1783,,209544,0,1887,26110,110,130,0,33554776,0x02000158,scenery,generic,00000345.pro,-1,,0
1784,,209632,0,1888,26112,112,130,0,33554776,0x02000158,scenery,generic,00000345.pro,-1,,0
1785,,209720,0,1889,26114,114,130,0,33554776,0x02000158,scenery,generic,00000345.pro,-1,,0
1786,,209808,0,1890,26115,115,130,0,33554776,0x02000158,scenery,generic,00000345.pro,-1,,0
1787,,209896,0,1891,26117,117,130,0,33554573,0x0200008D,scenery,generic,00000142.pro,-1,,0
1788,,209984,0,1892,26131,131,130,0,33554573,0x0200008D,scenery,generic,00000142.pro,-1,,0
1789,,210072,0,1893,26141,141,130,0,33554776,0x02000158,scenery,generic,00000345.pro,-1,,0
1790,,210160,0,1894,26146,146,130,0,83886092,0x0500000C,misc,,00000012.pro,-1,,0
1791,,210248,0,1895,26147,147,130,0,83886092,0x0500000C,misc,,00000012.pro,-1,,0
1792,,210336,0,1896,26148,148,130,0,83886092,0x0500000C,misc,,00000012.pro,-1,,0
1793,,210424,0,1897,26149,149,130,0,83886092,0x0500000C,misc,,00000012.pro,-1,,0
1794,,210512,0,1898,26155,155,130,0,50332270,0x0300026E,wall,,00000622.pro,-1,,0
1795,,210600,0,1899,26157,157,130,0,50332270,0x0300026E,wall,,00000622.pro,-1,,0
1796,,210688,0,1900,26159,159,130,0,50332270,0x0300026E,wall,,00000622.pro,-1,,0
1797,,210776,0,1901,26161,161,130,0,50332270,0x0300026E,wall,,00000622.pro,-1,,0
1798,,210864,0,1902,26164,164,130,0,83886098,0x05000012,misc,,00000018.pro,-1,,0
1799,,210968,0,1903,26165,165,130,0,83886098,0x05000012,misc,,00000018.pro,-1,,0
1800,,211072,0,1904,26277,77,131,0,33554776,0x02000158,scenery,generic,00000345.pro,-1,,0
1801,,211160,0,1905,26280,80,131,0,33554573,0x0200008D,scenery,generic,00000142.pro,-1,,0
1802,,211248,0,1906,26281,81,131,0,83886092,0x0500000C,misc,,00000012.pro,-1,,0
1803,,211336,0,1907,26282,82,131,0,83886092,0x0500000C,misc,,00000012.pro,-1,,0
1804,,211424,0,1908,26283,83,131,0,33554776,0x02000158,scenery,generic,00000345.pro,-1,,0
1805,,211512,0,1909,26285,85,131,0,33554776,0x02000158,scenery,generic,00000345.pro,-1,,0
1806,,211600,0,1910,26287,87,131,0,33554776,0x02000158,scenery,generic,00000345.pro,-1,,0
1807,,211688,0,1911,26289,89,131,0,33554776,0x02000158,scenery,generic,00000345.pro,-1,,0
1808,,211776,0,1912,26301,101,131,0,33554776,0x02000158,scenery,generic,00000345.pro,-1,,0
1809,,211864,0,1913,26303,103,131,0,33554776,0x02000158,scenery,generic,00000345.pro,-1,,0
1810,,211952,0,1914,26305,105,131,0,33554776,0x02000158,scenery,generic,00000345.pro,-1,,0
1811,,212040,0,1915,26307,107,131,0,33554776,0x02000158,scenery,generic,00000345.pro,-1,,0
1812,,212128,0,1916,26309,109,131,0,33554776,0x02000158,scenery,generic,00000345.pro,-1,,0
1813,,212216,0,1917,26311,111,131,0,33554776,0x02000158,scenery,generic,00000345.pro,-1,,0
1814,,212304,0,1918,26313,113,131,0,33554776,0x02000158,scenery,generic,00000345.pro,-1,,0
1815,,212392,0,1919,26319,119,131,0,33554573,0x0200008D,scenery,generic,00000142.pro,-1,,0
1816,,212480,0,1920,26320,120,131,0,33554573,0x0200008D,scenery,generic,00000142.pro,-1,,0
1817,,212568,0,1921,26341,141,131,0,33554776,0x02000158,scenery,generic,00000345.pro,-1,,0
1818,,212656,0,1922,26344,144,131,0,83886092,0x0500000C,misc,,00000012.pro,-1,,0
1819,,212744,0,1923,26345,145,131,0,83886092,0x0500000C,misc,,00000012.pro,-1,,0
1820,,212832,0,1924,26346,146,131,0,83886092,0x0500000C,misc,,00000012.pro,-1,,0
1821,,212920,0,1925,26347,147,131,0,83886092,0x0500000C,misc,,00000012.pro,-1,,0
1822,,213008,0,1926,26362,162,131,0,83886098,0x05000012,misc,,00000018.pro,-1,,0
1823,,213112,0,1927,26363,163,131,0,33554481,0x02000031,scenery,generic,00000050.pro,-1,,0
1824,,213200,0,1928,26363,163,131,0,83886098,0x05000012,misc,,00000018.pro,-1,,0
1825,,213304,0,1929,26477,77,132,0,33554776,0x02000158,scenery,generic,00000345.pro,-1,,0
1826,,213392,0,1930,26482,82,132,0,83886092,0x0500000C,misc,,00000012.pro,-1,,0
1827,,213480,0,1931,26487,87,132,0,33554573,0x0200008D,scenery,generic,00000142.pro,-1,,0
1828,,213568,0,1932,26489,89,132,0,33554776,0x02000158,scenery,generic,00000345.pro,-1,,0
1829,,213656,0,1933,26490,90,132,0,33554776,0x02000158,scenery,generic,00000345.pro,-1,,0
1830,,213744,0,1934,26492,92,132,0,33554776,0x02000158,scenery,generic,00000345.pro,-1,,0
1831,,213832,0,1935,26494,94,132,0,33554776,0x02000158,scenery,generic,00000345.pro,-1,,0
1832,,213920,0,1936,26501,101,132,0,33554776,0x02000158,scenery,generic,00000345.pro,-1,,0
1833,,214008,0,1937,26504,104,132,0,33554573,0x0200008D,scenery,generic,00000142.pro,-1,,0
1834,,214096,0,1938,26524,124,132,0,33554573,0x0200008D,scenery,generic,00000142.pro,-1,,0
1835,,214184,0,1939,26529,129,132,0,33554573,0x0200008D,scenery,generic,00000142.pro,-1,,0
1836,,214272,0,1940,26536,136,132,0,33554776,0x02000158,scenery,generic,00000345.pro,-1,,0
1837,,214360,0,1941,26538,138,132,0,33554776,0x02000158,scenery,generic,00000345.pro,-1,,0
1838,,214448,0,1942,26539,139,132,0,33554776,0x02000158,scenery,generic,00000345.pro,-1,,0
1839,,214536,0,1943,26540,140,132,0,33554776,0x02000158,scenery,generic,00000345.pro,-1,,0
1840,,214624,0,1944,26541,141,132,0,33554776,0x02000158,scenery,generic,00000345.pro,-1,,0
1841,,214712,0,1945,26542,142,132,0,83886092,0x0500000C,misc,,00000012.pro,-1,,0
1842,,214800,0,1946,26543,143,132,0,83886092,0x0500000C,misc,,00000012.pro,-1,,0
1843,,214888,0,1947,26544,144,132,0,83886092,0x0500000C,misc,,00000012.pro,-1,,0
1844,,214976,0,1948,26545,145,132,0,83886092,0x0500000C,misc,,00000012.pro,-1,,0
1845,,215064,0,1949,26560,160,132,0,83886098,0x05000012,misc,,00000018.pro,-1,,0
1846,,215168,0,1950,26561,161,132,0,83886098,0x05000012,misc,,00000018.pro,-1,,0
1847,,215272,0,1951,26677,77,133,0,33554776,0x02000158,scenery,generic,00000345.pro,-1,,0
1848,,215360,0,1952,26678,78,133,0,33554776,0x02000158,scenery,generic,00000345.pro,-1,,0
1849,,215448,0,1953,26683,83,133,0,83886092,0x0500000C,misc,,00000012.pro,-1,,0
1850,,215536,0,1954,26691,91,133,0,33554776,0x02000158,scenery,generic,00000345.pro,-1,,0
1851,,215624,0,1955,26693,93,133,0,33554776,0x02000158,scenery,generic,00000345.pro,-1,,0
1852,,215712,0,1956,26695,95,133,0,33554776,0x02000158,scenery,generic,00000345.pro,-1,,0
1853,,215800,0,1957,26701,101,133,0,33554776,0x02000158,scenery,generic,00000345.pro,-1,,0
1854,,215888,0,1958,26708,108,133,0,33554573,0x0200008D,scenery,generic,00000142.pro,-1,,0
1855,,215976,0,1959,26712,112,133,0,33554573,0x0200008D,scenery,generic,00000142.pro,-1,,0
1856,,216064,0,1960,26727,127,133,0,33554573,0x0200008D,scenery,generic,00000142.pro,-1,,0
1857,,216152,0,1961,26733,133,133,0,33554573,0x0200008D,scenery,generic,00000142.pro,-1,,0
1858,,216240,0,1962,26735,135,133,0,33554776,0x02000158,scenery,generic,00000345.pro,-1,,0
1859,,216328,0,1963,26737,137,133,0,33554776,0x02000158,scenery,generic,00000345.pro,-1,,0
1860,,216416,0,1964,26740,140,133,0,83886092,0x0500000C,misc,,00000012.pro,-1,,0
1861,,216504,0,1965,26741,141,133,0,83886092,0x0500000C,misc,,00000012.pro,-1,,0
1862,,216592,0,1966,26742,142,133,0,83886092,0x0500000C,misc,,00000012.pro,-1,,0
1863,,216680,0,1967,26743,143,133,0,83886092,0x0500000C,misc,,00000012.pro,-1,,0
1864,,216768,0,1968,26758,158,133,0,83886098,0x05000012,misc,,00000018.pro,-1,,0
1865,,216872,0,1969,26759,159,133,0,33554481,0x02000031,scenery,generic,00000050.pro,-1,,0
1866,,216960,0,1970,26759,159,133,0,83886098,0x05000012,misc,,00000018.pro,-1,,0
1867,,217064,0,1971,26877,77,134,0,33554499,0x02000043,scenery,generic,00000068.pro,-1,,0
1868,,217152,0,1972,26877,77,134,0,33555073,0x02000281,scenery,generic,00000642.pro,-1,,0
1869,,217240,0,1973,26878,78,134,0,33554776,0x02000158,scenery,generic,00000345.pro,-1,,0
1870,,217328,0,1974,26882,82,134,0,33554573,0x0200008D,scenery,generic,00000142.pro,-1,,0
1871,,217416,0,1975,26883,83,134,0,83886092,0x0500000C,misc,,00000012.pro,-1,,0
1872,,217504,0,1976,26884,84,134,0,83886092,0x0500000C,misc,,00000012.pro,-1,,0
1873,,217592,0,1977,26884,84,134,0,33554573,0x0200008D,scenery,generic,00000142.pro,-1,,0
1874,,217680,0,1978,26895,95,134,0,33554776,0x02000158,scenery,generic,00000345.pro,-1,,0
1875,,217768,0,1979,26896,96,134,0,33554776,0x02000158,scenery,generic,00000345.pro,-1,,0
1876,,217856,0,1980,26897,97,134,0,33554776,0x02000158,scenery,generic,00000345.pro,-1,,0
1877,,217944,0,1981,26898,98,134,0,33554776,0x02000158,scenery,generic,00000345.pro,-1,,0
1878,,218032,0,1982,26900,100,134,0,33554776,0x02000158,scenery,generic,00000345.pro,-1,,0
1879,,218120,0,1983,26901,101,134,0,33554776,0x02000158,scenery,generic,00000345.pro,-1,,0
1880,,218208,0,1984,26908,108,134,0,33554573,0x0200008D,scenery,generic,00000142.pro,-1,,0
1881,,218296,0,1985,26913,113,134,0,33554573,0x0200008D,scenery,generic,00000142.pro,-1,,0
1882,,218384,0,1986,26921,121,134,0,33555076,0x02000284,scenery,generic,00000645.pro,-1,,0
1883,,218472,0,1987,26930,130,134,0,33554776,0x02000158,scenery,generic,00000345.pro,-1,,0
1884,,218560,0,1988,26931,131,134,0,33554776,0x02000158,scenery,generic,00000345.pro,-1,,0
1885,,218648,0,1989,26932,132,134,0,33554776,0x02000158,scenery,generic,00000345.pro,-1,,0
1886,,218736,0,1990,26933,133,134,0,33554776,0x02000158,scenery,generic,00000345.pro,-1,,0
1887,,218824,0,1991,26934,134,134,0,33554776,0x02000158,scenery,generic,00000345.pro,-1,,0
1888,,218912,0,1992,26935,135,134,0,33554776,0x02000158,scenery,generic,00000345.pro,-1,,0
1889,,219000,0,1993,26938,138,134,0,83886092,0x0500000C,misc,,00000012.pro,-1,,0
1890,,219088,0,1994,26939,139,134,0,83886092,0x0500000C,misc,,00000012.pro,-1,,0
1891,,219176,0,1995,26940,140,134,0,83886092,0x0500000C,misc,,00000012.pro,-1,,0
1892,,219264,0,1996,26941,141,134,0,83886092,0x0500000C,misc,,00000012.pro,-1,,0
1893,,219352,0,1997,26956,156,134,0,83886098,0x05000012,misc,,00000018.pro,-1,,0
1894,,219456,0,1998,26957,157,134,0,83886098,0x05000012,misc,,00000018.pro,-1,,0
1895,,219560,0,1999,27079,79,135,0,33554776,0x02000158,scenery,generic,00000345.pro,-1,,0
1896,,219648,0,2000,27084,84,135,0,83886092,0x0500000C,misc,,00000012.pro,-1,,0
1897,,219736,0,2001,27098,98,135,0,33554776,0x02000158,scenery,generic,00000345.pro,-1,,0
1898,,219824,0,2002,27100,100,135,0,33554776,0x02000158,scenery,generic,00000345.pro,-1,,0
1899,,219912,0,2003,27129,129,135,0,33554776,0x02000158,scenery,generic,00000345.pro,-1,,0
1900,,220000,0,2004,27136,136,135,0,83886092,0x0500000C,misc,,00000012.pro,-1,,0
1901,,220088,0,2005,27137,137,135,0,83886092,0x0500000C,misc,,00000012.pro,-1,,0
1902,,220176,0,2006,27138,138,135,0,83886092,0x0500000C,misc,,00000012.pro,-1,,0
1903,,220264,0,2007,27139,139,135,0,83886092,0x0500000C,misc,,00000012.pro,-1,,0
1904,,220352,0,2008,27154,154,135,0,83886098,0x05000012,misc,,00000018.pro,-1,,0
1905,,220456,0,2009,27155,155,135,0,33554481,0x02000031,scenery,generic,00000050.pro,-1,,0
1906,,220544,0,2010,27155,155,135,0,83886098,0x05000012,misc,,00000018.pro,-1,,0
1907,,220648,0,2011,27279,79,136,0,33554776,0x02000158,scenery,generic,00000345.pro,-1,,0
1908,,220736,0,2012,27281,81,136,0,33554573,0x0200008D,scenery,generic,00000142.pro,-1,,0
1909,,220824,0,2013,27285,85,136,0,83886092,0x0500000C,misc,,00000012.pro,-1,,0
1910,,220912,0,2014,27287,87,136,0,33554573,0x0200008D,scenery,generic,00000142.pro,-1,,0
1911,,221000,0,2015,27290,90,136,0,33554573,0x0200008D,scenery,generic,00000142.pro,-1,,0
1912,,221088,0,2016,27293,93,136,0,33554573,0x0200008D,scenery,generic,00000142.pro,-1,,0
1913,,221176,0,2017,27298,98,136,0,33554776,0x02000158,scenery,generic,00000345.pro,-1,,0
1914,,221264,0,2018,27300,100,136,0,33554776,0x02000158,scenery,generic,00000345.pro,-1,,0
1915,,221352,0,2019,27305,105,136,0,33554573,0x0200008D,scenery,generic,00000142.pro,-1,,0
1916,,221440,0,2020,27310,110,136,0,33554776,0x02000158,scenery,generic,00000345.pro,-1,,0
1917,,221528,0,2021,27311,111,136,0,33554776,0x02000158,scenery,generic,00000345.pro,-1,,0
1918,,221616,0,2022,27312,112,136,0,33554776,0x02000158,scenery,generic,00000345.pro,-1,,0
1919,,221704,0,2023,27314,114,136,0,33554776,0x02000158,scenery,generic,00000345.pro,-1,,0
1920,,221792,0,2024,27316,116,136,0,33554776,0x02000158,scenery,generic,00000345.pro,-1,,0
1921,,221880,0,2025,27329,129,136,0,33554776,0x02000158,scenery,generic,00000345.pro,-1,,0
1922,,221968,0,2026,27334,134,136,0,83886092,0x0500000C,misc,,00000012.pro,-1,,0
1923,,222056,0,2027,27335,135,136,0,83886092,0x0500000C,misc,,00000012.pro,-1,,0
1924,,222144,0,2028,27336,136,136,0,83886092,0x0500000C,misc,,00000012.pro,-1,,0
1925,,222232,0,2029,27337,137,136,0,83886092,0x0500000C,misc,,00000012.pro,-1,,0
1926,,222320,0,2030,27352,152,136,0,83886098,0x05000012,misc,,00000018.pro,-1,,0
1927,,222424,0,2031,27353,153,136,0,83886098,0x05000012,misc,,00000018.pro,-1,,0
1928,,222528,0,2032,27479,79,137,0,33554776,0x02000158,scenery,generic,00000345.pro,-1,,0
1929,,222616,0,2033,27480,80,137,0,33554776,0x02000158,scenery,generic,00000345.pro,-1,,0
1930,,222704,0,2034,27485,85,137,0,83886092,0x0500000C,misc,,00000012.pro,-1,,0
1931,,222792,0,2035,27486,86,137,0,83886092,0x0500000C,misc,,00000012.pro,-1,,0
1932,,222880,0,2036,27495,95,137,0,33554573,0x0200008D,scenery,generic,00000142.pro,-1,,0
1933,,222968,0,2037,27498,98,137,0,33554776,0x02000158,scenery,generic,00000345.pro,-1,,0
1934,,223056,0,2038,27500,100,137,0,33554776,0x02000158,scenery,generic,00000345.pro,-1,,0
1935,,223144,0,2039,27509,109,137,0,33554776,0x02000158,scenery,generic,00000345.pro,-1,,0
1936,,223232,0,2040,27513,113,137,0,33554776,0x02000158,scenery,generic,00000345.pro,-1,,0
1937,,223320,0,2041,27515,115,137,0,33554776,0x02000158,scenery,generic,00000345.pro,-1,,0
1938,,223408,0,2042,27517,117,137,0,33554776,0x02000158,scenery,generic,00000345.pro,-1,,0
1939,,223496,0,2043,27520,120,137,0,33554573,0x0200008D,scenery,generic,00000142.pro,-1,,0
1940,,223584,0,2044,27523,123,137,0,33554573,0x0200008D,scenery,generic,00000142.pro,-1,,0
1941,,223672,0,2045,27528,128,137,0,33554573,0x0200008D,scenery,generic,00000142.pro,-1,,0
1942,,223760,0,2046,27529,129,137,0,33554776,0x02000158,scenery,generic,00000345.pro,-1,,0
1943,,223848,0,2047,27532,132,137,0,83886092,0x0500000C,misc,,00000012.pro,-1,,0
1944,,223936,0,2048,27533,133,137,0,83886092,0x0500000C,misc,,00000012.pro,-1,,0
1945,,224024,0,2049,27534,134,137,0,83886092,0x0500000C,misc,,00000012.pro,-1,,0
1946,,224112,0,2050,27535,135,137,0,83886092,0x0500000C,misc,,00000012.pro,-1,,0
1947,,224200,0,2051,27550,150,137,0,83886098,0x05000012,misc,,00000018.pro,-1,,0
1948,,224304,0,2052,27551,151,137,0,33554481,0x02000031,scenery,generic,00000050.pro,-1,,0
1949,,224392,0,2053,27551,151,137,0,83886098,0x05000012,misc,,00000018.pro,-1,,0
1950,,224496,0,2054,27680,80,138,0,33554776,0x02000158,scenery,generic,00000345.pro,-1,,0
1951,,224584,0,2055,27682,82,138,0,33554776,0x02000158,scenery,generic,00000345.pro,-1,,0
1952,,224672,0,2056,27684,84,138,0,33554776,0x02000158,scenery,generic,00000345.pro,-1,,0
1953,,224760,0,2057,27686,86,138,0,83886092,0x0500000C,misc,,00000012.pro,-1,,0
1954,,224848,0,2058,27686,86,138,0,33554776,0x02000158,scenery,generic,00000345.pro,-1,,0
1955,,224936,0,2059,27688,88,138,0,33554776,0x02000158,scenery,generic,00000345.pro,-1,,0
1956,,225024,0,2060,27689,89,138,0,33554776,0x02000158,scenery,generic,00000345.pro,-1,,0
1957,,225112,0,2061,27690,90,138,0,33554776,0x02000158,scenery,generic,00000345.pro,-1,,0
1958,,225200,0,2062,27691,91,138,0,33554776,0x02000158,scenery,generic,00000345.pro,-1,,0
1959,,225288,0,2063,27692,92,138,0,33554776,0x02000158,scenery,generic,00000345.pro,-1,,0
1960,,225376,0,2064,27693,93,138,0,33554776,0x02000158,scenery,generic,00000345.pro,-1,,0
1961,,225464,0,2065,27694,94,138,0,33554776,0x02000158,scenery,generic,00000345.pro,-1,,0
1962,,225552,0,2066,27698,98,138,0,33554776,0x02000158,scenery,generic,00000345.pro,-1,,0
1963,,225640,0,2067,27699,99,138,0,33554976,0x02000220,scenery,generic,00000545.pro,-1,,0
1964,,225728,0,2068,27700,100,138,0,33554776,0x02000158,scenery,generic,00000345.pro,-1,,0
1965,,225816,0,2069,27701,101,138,0,33554573,0x0200008D,scenery,generic,00000142.pro,-1,,0
1966,,225904,0,2070,27703,103,138,0,33554573,0x0200008D,scenery,generic,00000142.pro,-1,,0
1967,,225992,0,2071,27704,104,138,0,33554776,0x02000158,scenery,generic,00000345.pro,-1,,0
1968,,226080,0,2072,27706,106,138,0,33554776,0x02000158,scenery,generic,00000345.pro,-1,,0
1969,,226168,0,2073,27708,108,138,0,33554776,0x02000158,scenery,generic,00000345.pro,-1,,0
1970,,226256,0,2074,27709,109,138,0,33554776,0x02000158,scenery,generic,00000345.pro,-1,,0
1971,,226344,0,2075,27717,117,138,0,33554776,0x02000158,scenery,generic,00000345.pro,-1,,0
1972,,226432,0,2076,27721,121,138,0,33554573,0x0200008D,scenery,generic,00000142.pro,-1,,0
1973,,226520,0,2077,27724,124,138,0,33554776,0x02000158,scenery,generic,00000345.pro,-1,,0
1974,,226608,0,2078,27726,126,138,0,33554776,0x02000158,scenery,generic,00000345.pro,-1,,0
1975,,226696,0,2079,27728,128,138,0,33554776,0x02000158,scenery,generic,00000345.pro,-1,,0
1976,,226784,0,2080,27729,129,138,0,33554776,0x02000158,scenery,generic,00000345.pro,-1,,0
1977,,226872,0,2081,27730,130,138,0,83886092,0x0500000C,misc,,00000012.pro,-1,,0
1978,,226960,0,2082,27731,131,138,0,83886092,0x0500000C,misc,,00000012.pro,-1,,0
1979,,227048,0,2083,27732,132,138,0,83886092,0x0500000C,misc,,00000012.pro,-1,,0
1980,,227136,0,2084,27733,133,138,0,83886092,0x0500000C,misc,,00000012.pro,-1,,0
1981,,227224,0,2085,27750,150,138,0,83886100,0x05000014,misc,,00000020.pro,-1,,0
1982,,227328,0,2086,27871,71,139,0,33554776,0x02000158,scenery,generic,00000345.pro,-1,,0
1983,,227416,0,2087,27872,72,139,0,33554776,0x02000158,scenery,generic,00000345.pro,-1,,0
1984,,227504,0,2088,27881,81,139,0,33554776,0x02000158,scenery,generic,00000345.pro,-1,,0
1985,,227592,0,2089,27883,83,139,0,33554776,0x02000158,scenery,generic,00000345.pro,-1,,0
1986,,227680,0,2090,27885,85,139,0,33554776,0x02000158,scenery,generic,00000345.pro,-1,,0
1987,,227768,0,2091,27887,87,139,0,83886092,0x0500000C,misc,,00000012.pro,-1,,0
1988,,227856,0,2092,27887,87,139,0,33554776,0x02000158,scenery,generic,00000345.pro,-1,,0
1989,,227944,0,2093,27895,95,139,0,33554776,0x02000158,scenery,generic,00000345.pro,-1,,0
1990,,228032,0,2094,27898,98,139,0,33554776,0x02000158,scenery,generic,00000345.pro,-1,,0
1991,,228120,0,2095,27900,100,139,0,33554776,0x02000158,scenery,generic,00000345.pro,-1,,0
1992,,228208,0,2096,27903,103,139,0,33554776,0x02000158,scenery,generic,00000345.pro,-1,,0
1993,,228296,0,2097,27905,105,139,0,33554776,0x02000158,scenery,generic,00000345.pro,-1,,0
1994,,228384,0,2098,27907,107,139,0,33554776,0x02000158,scenery,generic,00000345.pro,-1,,0
1995,,228472,0,2099,27917,117,139,0,33554776,0x02000158,scenery,generic,00000345.pro,-1,,0
1996,,228560,0,2100,27923,123,139,0,33554776,0x02000158,scenery,generic,00000345.pro,-1,,0
1997,,228648,0,2101,27925,125,139,0,33554776,0x02000158,scenery,generic,00000345.pro,-1,,0
1998,,228736,0,2102,27927,127,139,0,33554776,0x02000158,scenery,generic,00000345.pro,-1,,0
1999,,228824,0,2103,27928,128,139,0,83886092,0x0500000C,misc,,00000012.pro,-1,,0
2000,,228912,0,2104,27929,129,139,0,83886092,0x0500000C,misc,,00000012.pro,-1,,0
2001,,229000,0,2105,27930,130,139,0,83886092,0x0500000C,misc,,00000012.pro,-1,,0
2002,,229088,0,2106,27931,131,139,0,83886092,0x0500000C,misc,,00000012.pro,-1,,0
2003,,229176,0,2107,27950,150,139,0,83886100,0x05000014,misc,,00000020.pro,-1,,0
2004,,229280,0,2108,28072,72,140,0,33554776,0x02000158,scenery,generic,00000345.pro,-1,,0
2005,,229368,0,2109,28087,87,140,0,83886092,0x0500000C,misc,,00000012.pro,-1,,0
2006,,229456,0,2110,28088,88,140,0,83886092,0x0500000C,misc,,00000012.pro,-1,,0
2007,,229544,0,2111,28095,95,140,0,33554776,0x02000158,scenery,generic,00000345.pro,-1,,0
2008,,229632,0,2112,28096,96,140,0,33554776,0x02000158,scenery,generic,00000345.pro,-1,,0
2009,,229720,0,2113,28097,97,140,0,33554776,0x02000158,scenery,generic,00000345.pro,-1,,0
2010,,229808,0,2114,28098,98,140,0,33554776,0x02000158,scenery,generic,00000345.pro,-1,,0
2011,,229896,0,2115,28100,100,140,0,33554776,0x02000158,scenery,generic,00000345.pro,-1,,0
2012,,229984,0,2116,28101,101,140,0,33554776,0x02000158,scenery,generic,00000345.pro,-1,,0
2013,,230072,0,2117,28102,102,140,0,33554776,0x02000158,scenery,generic,00000345.pro,-1,,0
2014,,230160,0,2118,28103,103,140,0,33554776,0x02000158,scenery,generic,00000345.pro,-1,,0
2015,,230248,0,2119,28117,117,140,0,33554776,0x02000158,scenery,generic,00000345.pro,-1,,0
2016,,230336,0,2120,28118,118,140,0,33554776,0x02000158,scenery,generic,00000345.pro,-1,,0
2017,,230424,0,2121,28119,119,140,0,33554776,0x02000158,scenery,generic,00000345.pro,-1,,0
2018,,230512,0,2122,28120,120,140,0,33554776,0x02000158,scenery,generic,00000345.pro,-1,,0
2019,,230600,0,2123,28121,121,140,0,33554776,0x02000158,scenery,generic,00000345.pro,-1,,0
2020,,230688,0,2124,28122,122,140,0,33554776,0x02000158,scenery,generic,00000345.pro,-1,,0
2021,,230776,0,2125,28123,123,140,0,33554776,0x02000158,scenery,generic,00000345.pro,-1,,0
2022,,230864,0,2126,28126,126,140,0,83886092,0x0500000C,misc,,00000012.pro,-1,,0
2023,,230952,0,2127,28127,127,140,0,83886092,0x0500000C,misc,,00000012.pro,-1,,0
2024,,231040,0,2128,28128,128,140,0,83886092,0x0500000C,misc,,00000012.pro,-1,,0
2025,,231128,0,2129,28129,129,140,0,83886092,0x0500000C,misc,,00000012.pro,-1,,0
2026,,231216,0,2130,28150,150,140,0,83886100,0x05000014,misc,,00000020.pro,-1,,0
2027,,231320,0,2131,28273,73,141,0,33554776,0x02000158,scenery,generic,00000345.pro,-1,,0
2028,,231408,0,2132,28288,88,141,0,83886092,0x0500000C,misc,,00000012.pro,-1,,0
2029,,231496,0,2133,28299,99,141,2,16777484,0x0100010C,critter,,00000268.pro,67108880,MoatGrd.int,3
2029/inventory/0,5,231628,0,2134,-1,,,0,95,0x0000005F,item,ammo,00000095.pro,-1,,0
2029/inventory/1,5,231724,0,2135,-1,,,0,40,0x00000028,item,drug,00000040.pro,-1,,0
2029/inventory/2,1,231816,0,2136,-1,,,0,94,0x0000005E,item,weapon,00000094.pro,-1,,0
2030,,231912,0,2137,28324,124,141,0,83886092,0x0500000C,misc,,00000012.pro,-1,,0
2031,,232000,0,2138,28325,125,141,0,83886092,0x0500000C,misc,,00000012.pro,-1,,0
2032,,232088,0,2139,28326,126,141,0,83886092,0x0500000C,misc,,00000012.pro,-1,,0
2033,,232176,0,2140,28327,127,141,0,83886092,0x0500000C,misc,,00000012.pro,-1,,0
2034,,232264,0,2141,28350,150,141,0,83886100,0x05000014,misc,,00000020.pro,-1,,0
2035,,232368,0,2142,28351,151,141,0,33554481,0x02000031,scenery,generic,00000050.pro,-1,,0
2036,,232456,0,2143,28473,73,142,0,33554776,0x02000158,scenery,generic,00000345.pro,-1,,0
2037,,232544,0,2144,28474,74,142,0,33554776,0x02000158,scenery,generic,00000345.pro,-1,,0
2038,,232632,0,2145,28489,89,142,0,83886092,0x0500000C,misc,,00000012.pro,-1,,0
2039,,232720,0,2146,28522,122,142,0,83886092,0x0500000C,misc,,00000012.pro,-1,,0
2040,,232808,0,2147,28523,123,142,0,83886092,0x0500000C,misc,,00000012.pro,-1,,0
2041,,232896,0,2148,28524,124,142,0,83886092,0x0500000C,misc,,00000012.pro,-1,,0
2042,,232984,0,2149,28525,125,142,0,83886092,0x0500000C,misc,,00000012.pro,-1,,0
2043,,233072,0,2150,28550,150,142,0,83886100,0x05000014,misc,,00000020.pro,-1,,0
2044,,233176,0,2151,28674,74,143,0,33554776,0x02000158,scenery,generic,00000345.pro,-1,,0
2045,,233264,0,2152,28689,89,143,0,83886092,0x0500000C,misc,,00000012.pro,-1,,0
2046,,233352,0,2153,28690,90,143,0,83886092,0x0500000C,misc,,00000012.pro,-1,,0
2047,,233440,0,2154,28720,120,143,0,83886092,0x0500000C,misc,,00000012.pro,-1,,0
2048,,233528,0,2155,28721,121,143,0,83886092,0x0500000C,misc,,00000012.pro,-1,,0
2049,,233616,0,2156,28722,122,143,0,83886092,0x0500000C,misc,,00000012.pro,-1,,0
2050,,233704,0,2157,28723,123,143,0,83886092,0x0500000C,misc,,00000012.pro,-1,,0
2051,,233792,0,2158,28750,150,143,0,83886100,0x05000014,misc,,00000020.pro,-1,,0
2052,,233896,0,2159,28875,75,144,0,33554776,0x02000158,scenery,generic,00000345.pro,-1,,0
2053,,233984,0,2160,28890,90,144,0,83886092,0x0500000C,misc,,00000012.pro,-1,,0
2054,,234072,0,2161,28918,118,144,0,83886092,0x0500000C,misc,,00000012.pro,-1,,0
2055,,234160,0,2162,28919,119,144,0,83886092,0x0500000C,misc,,00000012.pro,-1,,0
2056,,234248,0,2163,28920,120,144,0,83886092,0x0500000C,misc,,00000012.pro,-1,,0
2057,,234336,0,2164,28921,121,144,0,83886092,0x0500000C,misc,,00000012.pro,-1,,0
2058,,234424,0,2165,29075,75,145,0,33554776,0x02000158,scenery,generic,00000345.pro,-1,,0
2059,,234512,0,2166,29076,76,145,0,33554776,0x02000158,scenery,generic,00000345.pro,-1,,0
2060,,234600,0,2167,29091,91,145,0,83886092,0x0500000C,misc,,00000012.pro,-1,,0
2061,,234688,0,2168,29116,116,145,0,83886092,0x0500000C,misc,,00000012.pro,-1,,0
2062,,234776,0,2169,29117,117,145,0,83886092,0x0500000C,misc,,00000012.pro,-1,,0
2063,,234864,0,2170,29118,118,145,0,83886092,0x0500000C,misc,,00000012.pro,-1,,0
2064,,234952,0,2171,29119,119,145,0,83886092,0x0500000C,misc,,00000012.pro,-1,,0
2065,,235040,0,2172,29140,140,145,0,33554559,0x0200007F,scenery,generic,00000128.pro,-1,,0
2066,,235128,0,2173,29276,76,146,0,33554776,0x02000158,scenery,generic,00000345.pro,-1,,0
2067,,235216,0,2174,29291,91,146,0,83886092,0x0500000C,misc,,00000012.pro,-1,,0
2068,,235304,0,2175,29292,92,146,0,83886092,0x0500000C,misc,,00000012.pro,-1,,0
2069,,235392,0,2176,29314,114,146,0,83886092,0x0500000C,misc,,00000012.pro,-1,,0
2070,,235480,0,2177,29315,115,146,0,83886092,0x0500000C,misc,,00000012.pro,-1,,0
2071,,235568,0,2178,29316,116,146,0,83886092,0x0500000C,misc,,00000012.pro,-1,,0
2072,,235656,0,2179,29317,117,146,0,83886092,0x0500000C,misc,,00000012.pro,-1,,0
2073,,235744,0,2180,29477,77,147,0,33554776,0x02000158,scenery,generic,00000345.pro,-1,,0
2074,,235832,0,2181,29492,92,147,0,83886092,0x0500000C,misc,,00000012.pro,-1,,0
2075,,235920,0,2182,29512,112,147,0,83886092,0x0500000C,misc,,00000012.pro,-1,,0
2076,,236008,0,2183,29513,113,147,0,83886092,0x0500000C,misc,,00000012.pro,-1,,0
2077,,236096,0,2184,29514,114,147,0,83886092,0x0500000C,misc,,00000012.pro,-1,,0
2078,,236184,0,2185,29515,115,147,0,83886092,0x0500000C,misc,,00000012.pro,-1,,0
2079,,236272,0,2186,29677,77,148,0,33554776,0x02000158,scenery,generic,00000345.pro,-1,,0
2080,,236360,0,2187,29678,78,148,0,33554776,0x02000158,scenery,generic,00000345.pro,-1,,0
2081,,236448,0,2188,29693,93,148,0,83886092,0x0500000C,misc,,00000012.pro,-1,,0
2082,,236536,0,2189,29710,110,148,0,83886092,0x0500000C,misc,,00000012.pro,-1,,0
2083,,236624,0,2190,29711,111,148,0,83886092,0x0500000C,misc,,00000012.pro,-1,,0
2084,,236712,0,2191,29712,112,148,0,83886092,0x0500000C,misc,,00000012.pro,-1,,0
2085,,236800,0,2192,29713,113,148,0,83886092,0x0500000C,misc,,00000012.pro,-1,,0
2086,,236888,0,2193,29878,78,149,0,33554776,0x02000158,scenery,generic,00000345.pro,-1,,0
2087,,236976,0,2194,29886,86,149,0,33554723,0x02000123,scenery,generic,00000292.pro,-1,,0
2088,,237064,0,2195,29893,93,149,0,83886092,0x0500000C,misc,,00000012.pro,-1,,0
2089,,237152,0,2196,29894,94,149,0,83886092,0x0500000C,misc,,00000012.pro,-1,,0
2090,,237240,0,2197,29908,108,149,0,83886092,0x0500000C,misc,,00000012.pro,-1,,0
2091,,237328,0,2198,29909,109,149,0,83886092,0x0500000C,misc,,00000012.pro,-1,,0
2092,,237416,0,2199,29910,110,149,0,83886092,0x0500000C,misc,,00000012.pro,-1,,0
2093,,237504,0,2200,29911,111,149,0,83886092,0x0500000C,misc,,00000012.pro,-1,,0
2094,,237592,0,2201,29916,116,149,0,33554723,0x02000123,scenery,generic,00000292.pro,-1,,0
2095,,237680,0,2202,30079,79,150,0,33554776,0x02000158,scenery,generic,00000345.pro,-1,,0
2096,,237768,0,2203,30094,94,150,0,83886092,0x0500000C,misc,,00000012.pro,-1,,0
2097,,237856,0,2204,30106,106,150,0,83886092,0x0500000C,misc,,00000012.pro,-1,,0
2098,,237944,0,2205,30107,107,150,0,83886092,0x0500000C,misc,,00000012.pro,-1,,0
2099,,238032,0,2206,30108,108,150,0,83886092,0x0500000C,misc,,00000012.pro,-1,,0
2100,,238120,0,2207,30109,109,150,0,83886092,0x0500000C,misc,,00000012.pro,-1,,0
2101,,238208,0,2208,30279,79,151,0,33554776,0x02000158,scenery,generic,00000345.pro,-1,,0
2102,,238296,0,2209,30280,80,151,0,33554776,0x02000158,scenery,generic,00000345.pro,-1,,0
2103,,238384,0,2210,30281,81,151,0,50332238,0x0300024E,wall,,00000590.pro,-1,,0
2104,,238472,0,2211,30282,82,151,0,50332237,0x0300024D,wall,,00000589.pro,-1,,0
2105,,238560,0,2212,30283,83,151,0,50332236,0x0300024C,wall,,00000588.pro,-1,,0
2106,,238648,0,2213,30284,84,151,0,50332240,0x03000250,wall,,00000592.pro,-1,,0
2107,,238736,0,2214,30285,85,151,0,50332239,0x0300024F,wall,,00000591.pro,-1,,0
2108,,238824,0,2215,30286,86,151,0,50332292,0x03000284,wall,,00000644.pro,-1,,0
2109,,238912,0,2216,30287,87,151,0,50332238,0x0300024E,wall,,00000590.pro,-1,,0
2110,,239000,0,2217,30288,88,151,0,50332234,0x0300024A,wall,,00000586.pro,-1,,0
2111,,239088,0,2218,30289,89,151,0,50332236,0x0300024C,wall,,00000588.pro,-1,,0
2112,,239176,0,2219,30290,90,151,0,50332269,0x0300026D,wall,,00000621.pro,-1,,0
2113,,239264,0,2220,30295,95,151,0,83886092,0x0500000C,misc,,00000012.pro,-1,,0
2114,,239352,0,2221,30304,104,151,0,83886092,0x0500000C,misc,,00000012.pro,-1,,0
2115,,239440,0,2222,30305,105,151,0,83886092,0x0500000C,misc,,00000012.pro,-1,,0
2116,,239528,0,2223,30306,106,151,0,83886092,0x0500000C,misc,,00000012.pro,-1,,0
2117,,239616,0,2224,30307,107,151,0,83886092,0x0500000C,misc,,00000012.pro,-1,,0
2118,,239704,0,2225,30312,112,151,0,50332241,0x03000251,wall,,00000593.pro,-1,,0
2119,,239792,0,2226,30313,113,151,0,50332239,0x0300024F,wall,,00000591.pro,-1,,0
2120,,239880,0,2227,30314,114,151,0,50332235,0x0300024B,wall,,00000587.pro,-1,,0
2121,,239968,0,2228,30315,115,151,0,50332238,0x0300024E,wall,,00000590.pro,-1,,0
2122,,240056,0,2229,30316,116,151,0,50332292,0x03000284,wall,,00000644.pro,-1,,0
2123,,240144,0,2230,30317,117,151,0,50332142,0x030001EE,wall,,00000494.pro,-1,,0
2124,,240232,0,2231,30319,119,151,0,50332141,0x030001ED,wall,,00000493.pro,-1,,0
2125,,240320,0,2232,30320,120,151,0,50332220,0x0300023C,wall,,00000572.pro,-1,,0
2126,,240408,0,2233,30321,121,151,0,50332219,0x0300023B,wall,,00000571.pro,-1,,0
2127,,240496,0,2234,30322,122,151,0,50332293,0x03000285,wall,,00000645.pro,-1,,0
2128,,240584,0,2235,30323,123,151,0,50332236,0x0300024C,wall,,00000588.pro,-1,,0
2129,,240672,0,2236,30324,124,151,0,50332279,0x03000277,wall,,00000631.pro,-1,,0
2130,,240760,0,2237,30325,125,151,0,50332270,0x0300026E,wall,,00000622.pro,-1,,0
2131,,240848,0,2238,30481,81,152,0,50332270,0x0300026E,wall,,00000622.pro,-1,,0
2132,,240936,0,2239,30483,83,152,0,50332270,0x0300026E,wall,,00000622.pro,-1,,0
2133,,241024,0,2240,30485,85,152,0,50332270,0x0300026E,wall,,00000622.pro,-1,,0
2134,,241112,0,2241,30487,87,152,0,50332270,0x0300026E,wall,,00000622.pro,-1,,0
2135,,241200,0,2242,30489,89,152,0,50332270,0x0300026E,wall,,00000622.pro,-1,,0
2136,,241288,0,2243,30490,90,152,0,50332162,0x03000202,wall,,00000514.pro,-1,,0
2137,,241376,0,2244,30495,95,152,0,83886092,0x0500000C,misc,,00000012.pro,-1,,0
2138,,241464,0,2245,30496,96,152,0,83886092,0x0500000C,misc,,00000012.pro,-1,,0
2139,,241552,0,2246,30502,102,152,0,83886092,0x0500000C,misc,,00000012.pro,-1,,0
2140,,241640,0,2247,30503,103,152,0,83886092,0x0500000C,misc,,00000012.pro,-1,,0
2141,,241728,0,2248,30504,104,152,0,83886092,0x0500000C,misc,,00000012.pro,-1,,0
2142,,241816,0,2249,30505,105,152,0,83886092,0x0500000C,misc,,00000012.pro,-1,,0
2143,,241904,0,2250,30512,112,152,0,50332269,0x0300026D,wall,,00000621.pro,-1,,0
2144,,241992,0,2251,30513,113,152,0,50332270,0x0300026E,wall,,00000622.pro,-1,,0
2145,,242080,0,2252,30515,115,152,0,50332270,0x0300026E,wall,,00000622.pro,-1,,0
2146,,242168,0,2253,30517,117,152,0,50332270,0x0300026E,wall,,00000622.pro,-1,,0
2147,,242256,0,2254,30521,121,152,0,50332270,0x0300026E,wall,,00000622.pro,-1,,0
2148,,242344,0,2255,30523,123,152,0,50332270,0x0300026E,wall,,00000622.pro,-1,,0
2149,,242432,0,2256,30525,125,152,0,50332270,0x0300026E,wall,,00000622.pro,-1,,0
2150,,242520,0,2257,30681,81,153,0,33554776,0x02000158,scenery,generic,00000345.pro,-1,,0
2151,,242608,0,2258,30690,90,153,0,50332177,0x03000211,wall,,00000529.pro,-1,,0
2152,,242696,0,2259,30696,96,153,0,83886092,0x0500000C,misc,,00000012.pro,-1,,0
2153,,242784,0,2260,30700,100,153,0,83886092,0x0500000C,misc,,00000012.pro,-1,,0
2154,,242872,0,2261,30701,101,153,0,83886092,0x0500000C,misc,,00000012.pro,-1,,0
2155,,242960,0,2262,30702,102,153,0,83886092,0x0500000C,misc,,00000012.pro,-1,,0
2156,,243048,0,2263,30703,103,153,0,83886092,0x0500000C,misc,,00000012.pro,-1,,0
2157,,243136,0,2264,30712,112,153,0,50332242,0x03000252,wall,,00000594.pro,-1,,0
2158,,243224,0,2265,30881,81,154,0,33554776,0x02000158,scenery,generic,00000345.pro,-1,,0
2159,,243312,0,2266,30882,82,154,0,33554776,0x02000158,scenery,generic,00000345.pro,-1,,0
2160,,243400,0,2267,30890,90,154,0,50332289,0x03000281,wall,,00000641.pro,-1,,0
2161,,243488,0,2268,30897,97,154,0,83886092,0x0500000C,misc,,00000012.pro,-1,,0
2162,,243576,0,2269,30898,98,154,0,83886092,0x0500000C,misc,,00000012.pro,-1,,0
2163,,243664,0,2270,30899,99,154,0,83886092,0x0500000C,misc,,00000012.pro,-1,,0
2164,,243752,0,2271,30900,100,154,0,83886092,0x0500000C,misc,,00000012.pro,-1,,0
2165,,243840,0,2272,30901,101,154,0,83886092,0x0500000C,misc,,00000012.pro,-1,,0
2166,,243928,0,2273,30912,112,154,0,50332243,0x03000253,wall,,00000595.pro,-1,,0
2167,,244016,0,2274,30916,116,154,0,33554537,0x02000069,scenery,generic,00000106.pro,-1,,0
2168,,244104,0,2275,31082,82,155,0,33554776,0x02000158,scenery,generic,00000345.pro,-1,,0
2169,,244192,0,2276,31090,90,155,0,50332178,0x03000212,wall,,00000530.pro,-1,,0
2170,,244280,0,2277,31097,97,155,0,83886092,0x0500000C,misc,,00000012.pro,-1,,0
2171,,244368,0,2278,31098,98,155,0,83886092,0x0500000C,misc,,00000012.pro,-1,,0
2172,,244456,0,2279,31099,99,155,0,83886092,0x0500000C,misc,,00000012.pro,-1,,0
2173,,244544,0,2280,31112,112,155,0,50332249,0x03000259,wall,,00000601.pro,-1,,0
2174,,244632,0,2281,31117,117,155,0,33554534,0x02000066,scenery,generic,00000103.pro,-1,,0
2175,,244720,0,2282,31283,83,156,0,33554776,0x02000158,scenery,generic,00000345.pro,-1,,0
2176,,244808,0,2283,31290,90,156,0,50332177,0x03000211,wall,,00000529.pro,-1,,0
2177,,244896,0,2284,31312,112,156,0,50332290,0x03000282,wall,,00000642.pro,-1,,0
2178,,244984,0,2285,31483,83,157,0,33554776,0x02000158,scenery,generic,00000345.pro,-1,,0
2179,,245072,0,2286,31484,84,157,0,33554776,0x02000158,scenery,generic,00000345.pro,-1,,0
2180,,245160,0,2287,31490,90,157,0,50332273,0x03000271,wall,,00000625.pro,-1,,0
2181,,245248,0,2288,31512,112,157,0,50332246,0x03000256,wall,,00000598.pro,-1,,0
2182,,245336,0,2289,31684,84,158,0,33554776,0x02000158,scenery,generic,00000345.pro,-1,,0
2183,,245424,0,2290,31712,112,158,0,50332243,0x03000253,wall,,00000595.pro,-1,,0
2184,,245512,0,2291,31885,85,159,0,33554776,0x02000158,scenery,generic,00000345.pro,-1,,0
2185,,245600,0,2292,31912,112,159,0,50332281,0x03000279,wall,,00000633.pro,-1,,0
2186,,245688,0,2293,32085,85,160,0,33554776,0x02000158,scenery,generic,00000345.pro,-1,,0
2187,,245776,0,2294,32086,86,160,0,33554776,0x02000158,scenery,generic,00000345.pro,-1,,0
2188,,245864,0,2295,32286,86,161,0,33554776,0x02000158,scenery,generic,00000345.pro,-1,,0
