index,chunk_index,file_offset,payload_offset,payload_size,opcode,opcode_name,version
0,0,30,34,6,0x0A,init_video_mode,0
1,0,40,44,8,0x05,init_video_buffers,2
2,0,52,56,766,0x0C,set_palette,0
3,0,822,826,4,0x15,documented_unknown_15,0
4,0,830,834,0,0x01,end_of_chunk,0
5,1,838,842,6,0x02,create_timer,0
6,1,848,852,1080,0x0F,set_decoding_map,0
7,1,1932,1936,44418,0x11,video_data_11,3
8,1,46354,46358,132,0x13,documented_unknown_13,0
9,1,46490,46494,0,0x04,start_stop_audio,0
10,1,46494,46498,6,0x07,send_buffer,1
11,1,46504,46508,0,0x01,end_of_chunk,0
12,2,46512,46516,1080,0x0F,set_decoding_map,0
13,2,47596,47600,14074,0x11,video_data_11,3
14,2,61674,61678,132,0x13,documented_unknown_13,0
15,2,61810,61814,0,0x04,start_stop_audio,0
16,2,61814,61818,6,0x07,send_buffer,1
17,2,61824,61828,0,0x01,end_of_chunk,0
18,3,61832,61836,1080,0x0F,set_decoding_map,0
19,3,62916,62920,14064,0x11,video_data_11,3
20,3,76984,76988,132,0x13,documented_unknown_13,0
21,3,77120,77124,0,0x04,start_stop_audio,0
22,3,77124,77128,6,0x07,send_buffer,1
23,3,77134,77138,0,0x01,end_of_chunk,0
24,4,77142,77146,1080,0x0F,set_decoding_map,0
25,4,78226,78230,14080,0x11,video_data_11,3
26,4,92310,92314,132,0x13,documented_unknown_13,0
27,4,92446,92450,0,0x04,start_stop_audio,0
28,4,92450,92454,6,0x07,send_buffer,1
29,4,92460,92464,0,0x01,end_of_chunk,0
30,5,92468,92472,1080,0x0F,set_decoding_map,0
31,5,93552,93556,14056,0x11,video_data_11,3
32,5,107612,107616,132,0x13,documented_unknown_13,0
33,5,107748,107752,0,0x04,start_stop_audio,0
34,5,107752,107756,6,0x07,send_buffer,1
35,5,107762,107766,0,0x01,end_of_chunk,0
36,6,107770,107774,1080,0x0F,set_decoding_map,0
37,6,108854,108858,14028,0x11,video_data_11,3
38,6,122886,122890,132,0x13,documented_unknown_13,0
39,6,123022,123026,0,0x04,start_stop_audio,0
40,6,123026,123030,6,0x07,send_buffer,1
41,6,123036,123040,0,0x01,end_of_chunk,0
42,7,123044,123048,1080,0x0F,set_decoding_map,0
43,7,124128,124132,14078,0x11,video_data_11,3
44,7,138210,138214,132,0x13,documented_unknown_13,0
45,7,138346,138350,0,0x04,start_stop_audio,0
46,7,138350,138354,6,0x07,send_buffer,1
47,7,138360,138364,0,0x01,end_of_chunk,0
48,8,138368,138372,1080,0x0F,set_decoding_map,0
49,8,139452,139456,14052,0x11,video_data_11,3
50,8,153508,153512,132,0x13,documented_unknown_13,0
51,8,153644,153648,0,0x04,start_stop_audio,0
52,8,153648,153652,6,0x07,send_buffer,1
53,8,153658,153662,0,0x01,end_of_chunk,0
54,9,153666,153670,1080,0x0F,set_decoding_map,0
55,9,154750,154754,4750,0x11,video_data_11,3
56,9,159504,159508,132,0x13,documented_unknown_13,0
57,9,159640,159644,0,0x04,start_stop_audio,0
58,9,159644,159648,6,0x07,send_buffer,1
59,9,159654,159658,0,0x01,end_of_chunk,0
60,10,159662,159666,1080,0x0F,set_decoding_map,0
61,10,160746,160750,14,0x11,video_data_11,3
62,10,160764,160768,132,0x13,documented_unknown_13,0
63,10,160900,160904,0,0x04,start_stop_audio,0
64,10,160904,160908,6,0x07,send_buffer,1
65,10,160914,160918,0,0x01,end_of_chunk,0
66,11,160922,160926,1080,0x0F,set_decoding_map,0
67,11,162006,162010,14,0x11,video_data_11,3
68,11,162024,162028,132,0x13,documented_unknown_13,0
69,11,162160,162164,0,0x04,start_stop_audio,0
70,11,162164,162168,6,0x07,send_buffer,1
71,11,162174,162178,0,0x01,end_of_chunk,0
72,12,162182,162186,1080,0x0F,set_decoding_map,0
73,12,163266,163270,14,0x11,video_data_11,3
74,12,163284,163288,132,0x13,documented_unknown_13,0
75,12,163420,163424,0,0x04,start_stop_audio,0
76,12,163424,163428,6,0x07,send_buffer,1
77,12,163434,163438,0,0x01,end_of_chunk,0
78,13,163442,163446,1080,0x0F,set_decoding_map,0
79,13,164526,164530,14,0x11,video_data_11,3
80,13,164544,164548,132,0x13,documented_unknown_13,0
81,13,164680,164684,0,0x04,start_stop_audio,0
82,13,164684,164688,6,0x07,send_buffer,1
83,13,164694,164698,0,0x01,end_of_chunk,0
84,14,164702,164706,1080,0x0F,set_decoding_map,0
85,14,165786,165790,14,0x11,video_data_11,3
86,14,165804,165808,132,0x13,documented_unknown_13,0
87,14,165940,165944,0,0x04,start_stop_audio,0
88,14,165944,165948,6,0x07,send_buffer,1
89,14,165954,165958,0,0x01,end_of_chunk,0
90,15,165962,165966,1080,0x0F,set_decoding_map,0
91,15,167046,167050,14,0x11,video_data_11,3
92,15,167064,167068,132,0x13,documented_unknown_13,0
93,15,167200,167204,0,0x04,start_stop_audio,0
94,15,167204,167208,6,0x07,send_buffer,1
95,15,167214,167218,0,0x01,end_of_chunk,0
96,16,167222,167226,1080,0x0F,set_decoding_map,0
97,16,168306,168310,14026,0x11,video_data_11,3
98,16,182336,182340,132,0x13,documented_unknown_13,0
99,16,182472,182476,0,0x04,start_stop_audio,0
100,16,182476,182480,6,0x07,send_buffer,1
101,16,182486,182490,0,0x01,end_of_chunk,0
102,17,182494,182498,1080,0x0F,set_decoding_map,0
103,17,183578,183582,14076,0x11,video_data_11,3
104,17,197658,197662,132,0x13,documented_unknown_13,0
105,17,197794,197798,0,0x04,start_stop_audio,0
106,17,197798,197802,6,0x07,send_buffer,1
107,17,197808,197812,0,0x01,end_of_chunk,0
108,18,197816,197820,1080,0x0F,set_decoding_map,0
109,18,198900,198904,14044,0x11,video_data_11,3
110,18,212948,212952,132,0x13,documented_unknown_13,0
111,18,213084,213088,0,0x04,start_stop_audio,0
112,18,213088,213092,6,0x07,send_buffer,1
113,18,213098,213102,0,0x01,end_of_chunk,0
114,19,213106,213110,1080,0x0F,set_decoding_map,0
115,19,214190,214194,14052,0x11,video_data_11,3
116,19,228246,228250,132,0x13,documented_unknown_13,0
117,19,228382,228386,0,0x04,start_stop_audio,0
118,19,228386,228390,6,0x07,send_buffer,1
119,19,228396,228400,0,0x01,end_of_chunk,0
120,20,228404,228408,1080,0x0F,set_decoding_map,0
121,20,229488,229492,14022,0x11,video_data_11,3
122,20,243514,243518,132,0x13,documented_unknown_13,0
123,20,243650,243654,0,0x04,start_stop_audio,0
124,20,243654,243658,6,0x07,send_buffer,1
125,20,243664,243668,0,0x01,end_of_chunk,0
126,21,243672,243676,1080,0x0F,set_decoding_map,0
127,21,244756,244760,14022,0x11,video_data_11,3
128,21,258782,258786,132,0x13,documented_unknown_13,0
129,21,258918,258922,0,0x04,start_stop_audio,0
130,21,258922,258926,6,0x07,send_buffer,1
131,21,258932,258936,0,0x01,end_of_chunk,0
132,22,258940,258944,1080,0x0F,set_decoding_map,0
133,22,260024,260028,14028,0x11,video_data_11,3
134,22,274056,274060,132,0x13,documented_unknown_13,0
135,22,274192,274196,0,0x04,start_stop_audio,0
136,22,274196,274200,6,0x07,send_buffer,1
137,22,274206,274210,0,0x01,end_of_chunk,0
138,23,274214,274218,1080,0x0F,set_decoding_map,0
139,23,275298,275302,14028,0x11,video_data_11,3
140,23,289330,289334,132,0x13,documented_unknown_13,0
141,23,289466,289470,0,0x04,start_stop_audio,0
142,23,289470,289474,6,0x07,send_buffer,1
143,23,289480,289484,0,0x01,end_of_chunk,0
144,24,289488,289492,1080,0x0F,set_decoding_map,0
145,24,290572,290576,14022,0x11,video_data_11,3
146,24,304598,304602,132,0x13,documented_unknown_13,0
147,24,304734,304738,0,0x04,start_stop_audio,0
148,24,304738,304742,6,0x07,send_buffer,1
149,24,304748,304752,0,0x01,end_of_chunk,0
150,25,304756,304760,1080,0x0F,set_decoding_map,0
151,25,305840,305844,14048,0x11,video_data_11,3
152,25,319892,319896,132,0x13,documented_unknown_13,0
153,25,320028,320032,0,0x04,start_stop_audio,0
154,25,320032,320036,6,0x07,send_buffer,1
155,25,320042,320046,0,0x01,end_of_chunk,0
156,26,320050,320054,1080,0x0F,set_decoding_map,0
157,26,321134,321138,14028,0x11,video_data_11,3
158,26,335166,335170,132,0x13,documented_unknown_13,0
159,26,335302,335306,0,0x04,start_stop_audio,0
160,26,335306,335310,6,0x07,send_buffer,1
161,26,335316,335320,0,0x01,end_of_chunk,0
162,27,335324,335328,1080,0x0F,set_decoding_map,0
163,27,336408,336412,14028,0x11,video_data_11,3
164,27,350440,350444,132,0x13,documented_unknown_13,0
165,27,350576,350580,0,0x04,start_stop_audio,0
166,27,350580,350584,6,0x07,send_buffer,1
167,27,350590,350594,0,0x01,end_of_chunk,0
168,28,350598,350602,1080,0x0F,set_decoding_map,0
169,28,351682,351686,14022,0x11,video_data_11,3
170,28,365708,365712,132,0x13,documented_unknown_13,0
171,28,365844,365848,0,0x04,start_stop_audio,0
172,28,365848,365852,6,0x07,send_buffer,1
173,28,365858,365862,0,0x01,end_of_chunk,0
174,29,365866,365870,1080,0x0F,set_decoding_map,0
175,29,366950,366954,14050,0x11,video_data_11,3
176,29,381004,381008,132,0x13,documented_unknown_13,0
177,29,381140,381144,0,0x04,start_stop_audio,0
178,29,381144,381148,6,0x07,send_buffer,1
179,29,381154,381158,0,0x01,end_of_chunk,0
180,30,381162,381166,1080,0x0F,set_decoding_map,0
181,30,382246,382250,14022,0x11,video_data_11,3
182,30,396272,396276,132,0x13,documented_unknown_13,0
183,30,396408,396412,0,0x04,start_stop_audio,0
184,30,396412,396416,6,0x07,send_buffer,1
185,30,396422,396426,0,0x01,end_of_chunk,0
186,31,396430,396434,1080,0x0F,set_decoding_map,0
187,31,397514,397518,14026,0x11,video_data_11,3
188,31,411544,411548,132,0x13,documented_unknown_13,0
189,31,411680,411684,0,0x04,start_stop_audio,0
190,31,411684,411688,6,0x07,send_buffer,1
191,31,411694,411698,0,0x01,end_of_chunk,0
192,32,411702,411706,1080,0x0F,set_decoding_map,0
193,32,412786,412790,14070,0x11,video_data_11,3
194,32,426860,426864,132,0x13,documented_unknown_13,0
195,32,426996,427000,0,0x04,start_stop_audio,0
196,32,427000,427004,6,0x07,send_buffer,1
197,32,427010,427014,0,0x01,end_of_chunk,0
198,33,427018,427022,1080,0x0F,set_decoding_map,0
199,33,428102,428106,14034,0x11,video_data_11,3
200,33,442140,442144,132,0x13,documented_unknown_13,0
201,33,442276,442280,0,0x04,start_stop_audio,0
202,33,442280,442284,6,0x07,send_buffer,1
203,33,442290,442294,0,0x01,end_of_chunk,0
204,34,442298,442302,1080,0x0F,set_decoding_map,0
205,34,443382,443386,14026,0x11,video_data_11,3
206,34,457412,457416,132,0x13,documented_unknown_13,0
207,34,457548,457552,0,0x04,start_stop_audio,0
208,34,457552,457556,6,0x07,send_buffer,1
209,34,457562,457566,0,0x01,end_of_chunk,0
210,35,457570,457574,1080,0x0F,set_decoding_map,0
211,35,458654,458658,14058,0x11,video_data_11,3
212,35,472716,472720,132,0x13,documented_unknown_13,0
213,35,472852,472856,0,0x04,start_stop_audio,0
214,35,472856,472860,6,0x07,send_buffer,1
215,35,472866,472870,0,0x01,end_of_chunk,0
216,36,472874,472878,1080,0x0F,set_decoding_map,0
217,36,473958,473962,14024,0x11,video_data_11,3
218,36,487986,487990,132,0x13,documented_unknown_13,0
219,36,488122,488126,0,0x04,start_stop_audio,0
220,36,488126,488130,6,0x07,send_buffer,1
221,36,488136,488140,0,0x01,end_of_chunk,0
222,37,488144,488148,1080,0x0F,set_decoding_map,0
223,37,489228,489232,14044,0x11,video_data_11,3
224,37,503276,503280,132,0x13,documented_unknown_13,0
225,37,503412,503416,0,0x04,start_stop_audio,0
226,37,503416,503420,6,0x07,send_buffer,1
227,37,503426,503430,0,0x01,end_of_chunk,0
228,38,503434,503438,1080,0x0F,set_decoding_map,0
229,38,504518,504522,14038,0x11,video_data_11,3
230,38,518560,518564,132,0x13,documented_unknown_13,0
231,38,518696,518700,0,0x04,start_stop_audio,0
232,38,518700,518704,6,0x07,send_buffer,1
233,38,518710,518714,0,0x01,end_of_chunk,0
234,39,518718,518722,1080,0x0F,set_decoding_map,0
235,39,519802,519806,14052,0x11,video_data_11,3
236,39,533858,533862,132,0x13,documented_unknown_13,0
237,39,533994,533998,0,0x04,start_stop_audio,0
238,39,533998,534002,6,0x07,send_buffer,1
239,39,534008,534012,0,0x01,end_of_chunk,0
240,40,534016,534020,1080,0x0F,set_decoding_map,0
241,40,535100,535104,14030,0x11,video_data_11,3
242,40,549134,549138,132,0x13,documented_unknown_13,0
243,40,549270,549274,0,0x04,start_stop_audio,0
244,40,549274,549278,6,0x07,send_buffer,1
245,40,549284,549288,0,0x01,end_of_chunk,0
246,41,549292,549296,1080,0x0F,set_decoding_map,0
247,41,550376,550380,14024,0x11,video_data_11,3
248,41,564404,564408,132,0x13,documented_unknown_13,0
249,41,564540,564544,0,0x04,start_stop_audio,0
250,41,564544,564548,6,0x07,send_buffer,1
251,41,564554,564558,0,0x01,end_of_chunk,0
252,42,564562,564566,1080,0x0F,set_decoding_map,0
253,42,565646,565650,14026,0x11,video_data_11,3
254,42,579676,579680,132,0x13,documented_unknown_13,0
255,42,579812,579816,0,0x04,start_stop_audio,0
256,42,579816,579820,6,0x07,send_buffer,1
257,42,579826,579830,0,0x01,end_of_chunk,0
258,43,579834,579838,1080,0x0F,set_decoding_map,0
259,43,580918,580922,14026,0x11,video_data_11,3
260,43,594948,594952,132,0x13,documented_unknown_13,0
261,43,595084,595088,0,0x04,start_stop_audio,0
262,43,595088,595092,6,0x07,send_buffer,1
263,43,595098,595102,0,0x01,end_of_chunk,0
264,44,595106,595110,1080,0x0F,set_decoding_map,0
265,44,596190,596194,14046,0x11,video_data_11,3
266,44,610240,610244,132,0x13,documented_unknown_13,0
267,44,610376,610380,0,0x04,start_stop_audio,0
268,44,610380,610384,6,0x07,send_buffer,1
269,44,610390,610394,0,0x01,end_of_chunk,0
270,45,610398,610402,1080,0x0F,set_decoding_map,0
271,45,611482,611486,14034,0x11,video_data_11,3
272,45,625520,625524,132,0x13,documented_unknown_13,0
273,45,625656,625660,0,0x04,start_stop_audio,0
274,45,625660,625664,6,0x07,send_buffer,1
275,45,625670,625674,0,0x01,end_of_chunk,0
276,46,625678,625682,1080,0x0F,set_decoding_map,0
277,46,626762,626766,14036,0x11,video_data_11,3
278,46,640802,640806,132,0x13,documented_unknown_13,0
279,46,640938,640942,0,0x04,start_stop_audio,0
280,46,640942,640946,6,0x07,send_buffer,1
281,46,640952,640956,0,0x01,end_of_chunk,0
282,47,640960,640964,1080,0x0F,set_decoding_map,0
283,47,642044,642048,14024,0x11,video_data_11,3
284,47,656072,656076,132,0x13,documented_unknown_13,0
285,47,656208,656212,0,0x04,start_stop_audio,0
286,47,656212,656216,6,0x07,send_buffer,1
287,47,656222,656226,0,0x01,end_of_chunk,0
288,48,656230,656234,1080,0x0F,set_decoding_map,0
289,48,657314,657318,14048,0x11,video_data_11,3
290,48,671366,671370,132,0x13,documented_unknown_13,0
291,48,671502,671506,0,0x04,start_stop_audio,0
292,48,671506,671510,6,0x07,send_buffer,1
293,48,671516,671520,0,0x01,end_of_chunk,0
294,49,671524,671528,1080,0x0F,set_decoding_map,0
295,49,672608,672612,14062,0x11,video_data_11,3
296,49,686674,686678,132,0x13,documented_unknown_13,0
297,49,686810,686814,0,0x04,start_stop_audio,0
298,49,686814,686818,6,0x07,send_buffer,1
299,49,686824,686828,0,0x01,end_of_chunk,0
300,50,686832,686836,1080,0x0F,set_decoding_map,0
301,50,687916,687920,14038,0x11,video_data_11,3
302,50,701958,701962,132,0x13,documented_unknown_13,0
303,50,702094,702098,0,0x04,start_stop_audio,0
304,50,702098,702102,6,0x07,send_buffer,1
305,50,702108,702112,0,0x01,end_of_chunk,0
306,51,702116,702120,1080,0x0F,set_decoding_map,0
307,51,703200,703204,14030,0x11,video_data_11,3
308,51,717234,717238,132,0x13,documented_unknown_13,0
309,51,717370,717374,0,0x04,start_stop_audio,0
310,51,717374,717378,6,0x07,send_buffer,1
311,51,717384,717388,0,0x01,end_of_chunk,0
312,52,717392,717396,1080,0x0F,set_decoding_map,0
313,52,718476,718480,14040,0x11,video_data_11,3
314,52,732520,732524,132,0x13,documented_unknown_13,0
315,52,732656,732660,0,0x04,start_stop_audio,0
316,52,732660,732664,6,0x07,send_buffer,1
317,52,732670,732674,0,0x01,end_of_chunk,0
318,53,732678,732682,1080,0x0F,set_decoding_map,0
319,53,733762,733766,14060,0x11,video_data_11,3
320,53,747826,747830,132,0x13,documented_unknown_13,0
321,53,747962,747966,0,0x04,start_stop_audio,0
322,53,747966,747970,6,0x07,send_buffer,1
323,53,747976,747980,0,0x01,end_of_chunk,0
324,54,747984,747988,1080,0x0F,set_decoding_map,0
325,54,749068,749072,14082,0x11,video_data_11,3
326,54,763154,763158,132,0x13,documented_unknown_13,0
327,54,763290,763294,0,0x04,start_stop_audio,0
328,54,763294,763298,6,0x07,send_buffer,1
329,54,763304,763308,0,0x01,end_of_chunk,0
330,55,763312,763316,1080,0x0F,set_decoding_map,0
331,55,764396,764400,14032,0x11,video_data_11,3
332,55,778432,778436,132,0x13,documented_unknown_13,0
333,55,778568,778572,0,0x04,start_stop_audio,0
334,55,778572,778576,6,0x07,send_buffer,1
335,55,778582,778586,0,0x01,end_of_chunk,0
336,56,778590,778594,1080,0x0F,set_decoding_map,0
337,56,779674,779678,14028,0x11,video_data_11,3
338,56,793706,793710,132,0x13,documented_unknown_13,0
339,56,793842,793846,0,0x04,start_stop_audio,0
340,56,793846,793850,6,0x07,send_buffer,1
341,56,793856,793860,0,0x01,end_of_chunk,0
342,57,793864,793868,1080,0x0F,set_decoding_map,0
343,57,794948,794952,14076,0x11,video_data_11,3
344,57,809028,809032,132,0x13,documented_unknown_13,0
345,57,809164,809168,0,0x04,start_stop_audio,0
346,57,809168,809172,6,0x07,send_buffer,1
347,57,809178,809182,0,0x01,end_of_chunk,0
348,58,809186,809190,1080,0x0F,set_decoding_map,0
349,58,810270,810274,14038,0x11,video_data_11,3
350,58,824312,824316,132,0x13,documented_unknown_13,0
351,58,824448,824452,0,0x04,start_stop_audio,0
352,58,824452,824456,6,0x07,send_buffer,1
353,58,824462,824466,0,0x01,end_of_chunk,0
354,59,824470,824474,1080,0x0F,set_decoding_map,0
355,59,825554,825558,14036,0x11,video_data_11,3
356,59,839594,839598,132,0x13,documented_unknown_13,0
357,59,839730,839734,0,0x04,start_stop_audio,0
358,59,839734,839738,6,0x07,send_buffer,1
359,59,839744,839748,0,0x01,end_of_chunk,0
360,60,839752,839756,1080,0x0F,set_decoding_map,0
361,60,840836,840840,14072,0x11,video_data_11,3
362,60,854912,854916,132,0x13,documented_unknown_13,0
363,60,855048,855052,0,0x04,start_stop_audio,0
364,60,855052,855056,6,0x07,send_buffer,1
365,60,855062,855066,0,0x01,end_of_chunk,0
366,61,855070,855074,1080,0x0F,set_decoding_map,0
367,61,856154,856158,14036,0x11,video_data_11,3
368,61,870194,870198,132,0x13,documented_unknown_13,0
369,61,870330,870334,0,0x04,start_stop_audio,0
370,61,870334,870338,6,0x07,send_buffer,1
371,61,870344,870348,0,0x01,end_of_chunk,0
372,62,870352,870356,1080,0x0F,set_decoding_map,0
373,62,871436,871440,14034,0x11,video_data_11,3
374,62,885474,885478,132,0x13,documented_unknown_13,0
375,62,885610,885614,0,0x04,start_stop_audio,0
376,62,885614,885618,6,0x07,send_buffer,1
377,62,885624,885628,0,0x01,end_of_chunk,0
378,63,885632,885636,1080,0x0F,set_decoding_map,0
379,63,886716,886720,14022,0x11,video_data_11,3
380,63,900742,900746,132,0x13,documented_unknown_13,0
381,63,900878,900882,0,0x04,start_stop_audio,0
382,63,900882,900886,6,0x07,send_buffer,1
383,63,900892,900896,0,0x01,end_of_chunk,0
384,64,900900,900904,1080,0x0F,set_decoding_map,0
385,64,901984,901988,14022,0x11,video_data_11,3
386,64,916010,916014,132,0x13,documented_unknown_13,0
387,64,916146,916150,0,0x04,start_stop_audio,0
388,64,916150,916154,6,0x07,send_buffer,1
389,64,916160,916164,0,0x01,end_of_chunk,0
390,65,916168,916172,1080,0x0F,set_decoding_map,0
391,65,917252,917256,14022,0x11,video_data_11,3
392,65,931278,931282,132,0x13,documented_unknown_13,0
393,65,931414,931418,0,0x04,start_stop_audio,0
394,65,931418,931422,6,0x07,send_buffer,1
395,65,931428,931432,0,0x01,end_of_chunk,0
396,66,931436,931440,1080,0x0F,set_decoding_map,0
397,66,932520,932524,14056,0x11,video_data_11,3
398,66,946580,946584,132,0x13,documented_unknown_13,0
399,66,946716,946720,0,0x04,start_stop_audio,0
400,66,946720,946724,6,0x07,send_buffer,1
401,66,946730,946734,0,0x01,end_of_chunk,0
402,67,946738,946742,1080,0x0F,set_decoding_map,0
403,67,947822,947826,14028,0x11,video_data_11,3
404,67,961854,961858,132,0x13,documented_unknown_13,0
405,67,961990,961994,0,0x04,start_stop_audio,0
406,67,961994,961998,6,0x07,send_buffer,1
407,67,962004,962008,0,0x01,end_of_chunk,0
408,68,962012,962016,1080,0x0F,set_decoding_map,0
409,68,963096,963100,14040,0x11,video_data_11,3
410,68,977140,977144,132,0x13,documented_unknown_13,0
411,68,977276,977280,0,0x04,start_stop_audio,0
412,68,977280,977284,6,0x07,send_buffer,1
413,68,977290,977294,0,0x01,end_of_chunk,0
414,69,977298,977302,1080,0x0F,set_decoding_map,0
415,69,978382,978386,14028,0x11,video_data_11,3
416,69,992414,992418,132,0x13,documented_unknown_13,0
417,69,992550,992554,0,0x04,start_stop_audio,0
418,69,992554,992558,6,0x07,send_buffer,1
419,69,992564,992568,0,0x01,end_of_chunk,0
420,70,992572,992576,1080,0x0F,set_decoding_map,0
421,70,993656,993660,14028,0x11,video_data_11,3
422,70,1007688,1007692,132,0x13,documented_unknown_13,0
423,70,1007824,1007828,0,0x04,start_stop_audio,0
424,70,1007828,1007832,6,0x07,send_buffer,1
425,70,1007838,1007842,0,0x01,end_of_chunk,0
426,71,1007846,1007850,1080,0x0F,set_decoding_map,0
427,71,1008930,1008934,14030,0x11,video_data_11,3
428,71,1022964,1022968,132,0x13,documented_unknown_13,0
429,71,1023100,1023104,0,0x04,start_stop_audio,0
430,71,1023104,1023108,6,0x07,send_buffer,1
431,71,1023114,1023118,0,0x01,end_of_chunk,0
432,72,1023122,1023126,1080,0x0F,set_decoding_map,0
433,72,1024206,1024210,14034,0x11,video_data_11,3
434,72,1038244,1038248,132,0x13,documented_unknown_13,0
435,72,1038380,1038384,0,0x04,start_stop_audio,0
436,72,1038384,1038388,6,0x07,send_buffer,1
437,72,1038394,1038398,0,0x01,end_of_chunk,0
438,73,1038402,1038406,1080,0x0F,set_decoding_map,0
439,73,1039486,1039490,14070,0x11,video_data_11,3
440,73,1053560,1053564,132,0x13,documented_unknown_13,0
441,73,1053696,1053700,0,0x04,start_stop_audio,0
442,73,1053700,1053704,6,0x07,send_buffer,1
443,73,1053710,1053714,0,0x01,end_of_chunk,0
444,74,1053718,1053722,1080,0x0F,set_decoding_map,0
445,74,1054802,1054806,14028,0x11,video_data_11,3
446,74,1068834,1068838,132,0x13,documented_unknown_13,0
447,74,1068970,1068974,0,0x04,start_stop_audio,0
448,74,1068974,1068978,6,0x07,send_buffer,1
449,74,1068984,1068988,0,0x01,end_of_chunk,0
450,75,1068992,1068996,1080,0x0F,set_decoding_map,0
451,75,1070076,1070080,14076,0x11,video_data_11,3
452,75,1084156,1084160,132,0x13,documented_unknown_13,0
453,75,1084292,1084296,0,0x04,start_stop_audio,0
454,75,1084296,1084300,6,0x07,send_buffer,1
455,75,1084306,1084310,0,0x01,end_of_chunk,0
456,76,1084314,1084318,1080,0x0F,set_decoding_map,0
457,76,1085398,1085402,14024,0x11,video_data_11,3
458,76,1099426,1099430,132,0x13,documented_unknown_13,0
459,76,1099562,1099566,0,0x04,start_stop_audio,0
460,76,1099566,1099570,6,0x07,send_buffer,1
461,76,1099576,1099580,0,0x01,end_of_chunk,0
462,77,1099584,1099588,1080,0x0F,set_decoding_map,0
463,77,1100668,1100672,14030,0x11,video_data_11,3
464,77,1114702,1114706,132,0x13,documented_unknown_13,0
465,77,1114838,1114842,0,0x04,start_stop_audio,0
466,77,1114842,1114846,6,0x07,send_buffer,1
467,77,1114852,1114856,0,0x01,end_of_chunk,0
468,78,1114860,1114864,1080,0x0F,set_decoding_map,0
469,78,1115944,1115948,14042,0x11,video_data_11,3
470,78,1129990,1129994,132,0x13,documented_unknown_13,0
471,78,1130126,1130130,0,0x04,start_stop_audio,0
472,78,1130130,1130134,6,0x07,send_buffer,1
473,78,1130140,1130144,0,0x01,end_of_chunk,0
474,79,1130148,1130152,1080,0x0F,set_decoding_map,0
475,79,1131232,1131236,14060,0x11,video_data_11,3
476,79,1145296,1145300,132,0x13,documented_unknown_13,0
477,79,1145432,1145436,0,0x04,start_stop_audio,0
478,79,1145436,1145440,6,0x07,send_buffer,1
479,79,1145446,1145450,0,0x01,end_of_chunk,0
480,80,1145454,1145458,1080,0x0F,set_decoding_map,0
481,80,1146538,1146542,14074,0x11,video_data_11,3
482,80,1160616,1160620,132,0x13,documented_unknown_13,0
483,80,1160752,1160756,0,0x04,start_stop_audio,0
484,80,1160756,1160760,6,0x07,send_buffer,1
485,80,1160766,1160770,0,0x01,end_of_chunk,0
486,81,1160774,1160778,1080,0x0F,set_decoding_map,0
487,81,1161858,1161862,14052,0x11,video_data_11,3
488,81,1175914,1175918,132,0x13,documented_unknown_13,0
489,81,1176050,1176054,0,0x04,start_stop_audio,0
490,81,1176054,1176058,6,0x07,send_buffer,1
491,81,1176064,1176068,0,0x01,end_of_chunk,0
492,82,1176072,1176076,1080,0x0F,set_decoding_map,0
493,82,1177156,1177160,14050,0x11,video_data_11,3
494,82,1191210,1191214,132,0x13,documented_unknown_13,0
495,82,1191346,1191350,0,0x04,start_stop_audio,0
496,82,1191350,1191354,6,0x07,send_buffer,1
497,82,1191360,1191364,0,0x01,end_of_chunk,0
498,83,1191368,1191372,1080,0x0F,set_decoding_map,0
499,83,1192452,1192456,14032,0x11,video_data_11,3
500,83,1206488,1206492,132,0x13,documented_unknown_13,0
501,83,1206624,1206628,0,0x04,start_stop_audio,0
502,83,1206628,1206632,6,0x07,send_buffer,1
503,83,1206638,1206642,0,0x01,end_of_chunk,0
504,84,1206646,1206650,1080,0x0F,set_decoding_map,0
505,84,1207730,1207734,14036,0x11,video_data_11,3
506,84,1221770,1221774,132,0x13,documented_unknown_13,0
507,84,1221906,1221910,0,0x04,start_stop_audio,0
508,84,1221910,1221914,6,0x07,send_buffer,1
509,84,1221920,1221924,0,0x01,end_of_chunk,0
510,85,1221928,1221932,1080,0x0F,set_decoding_map,0
511,85,1223012,1223016,14060,0x11,video_data_11,3
512,85,1237076,1237080,132,0x13,documented_unknown_13,0
513,85,1237212,1237216,0,0x04,start_stop_audio,0
514,85,1237216,1237220,6,0x07,send_buffer,1
515,85,1237226,1237230,0,0x01,end_of_chunk,0
516,86,1237234,1237238,1080,0x0F,set_decoding_map,0
517,86,1238318,1238322,14072,0x11,video_data_11,3
518,86,1252394,1252398,132,0x13,documented_unknown_13,0
519,86,1252530,1252534,0,0x04,start_stop_audio,0
520,86,1252534,1252538,6,0x07,send_buffer,1
521,86,1252544,1252548,0,0x01,end_of_chunk,0
522,87,1252552,1252556,1080,0x0F,set_decoding_map,0
523,87,1253636,1253640,14046,0x11,video_data_11,3
524,87,1267686,1267690,132,0x13,documented_unknown_13,0
525,87,1267822,1267826,0,0x04,start_stop_audio,0
526,87,1267826,1267830,6,0x07,send_buffer,1
527,87,1267836,1267840,0,0x01,end_of_chunk,0
528,88,1267844,1267848,1080,0x0F,set_decoding_map,0
529,88,1268928,1268932,14042,0x11,video_data_11,3
530,88,1282974,1282978,132,0x13,documented_unknown_13,0
531,88,1283110,1283114,0,0x04,start_stop_audio,0
532,88,1283114,1283118,6,0x07,send_buffer,1
533,88,1283124,1283128,0,0x01,end_of_chunk,0
534,89,1283132,1283136,1080,0x0F,set_decoding_map,0
535,89,1284216,1284220,14066,0x11,video_data_11,3
536,89,1298286,1298290,132,0x13,documented_unknown_13,0
537,89,1298422,1298426,0,0x04,start_stop_audio,0
538,89,1298426,1298430,6,0x07,send_buffer,1
539,89,1298436,1298440,0,0x01,end_of_chunk,0
540,90,1298444,1298448,1080,0x0F,set_decoding_map,0
541,90,1299528,1299532,14038,0x11,video_data_11,3
542,90,1313570,1313574,132,0x13,documented_unknown_13,0
543,90,1313706,1313710,0,0x04,start_stop_audio,0
544,90,1313710,1313714,6,0x07,send_buffer,1
545,90,1313720,1313724,0,0x01,end_of_chunk,0
546,91,1313728,1313732,1080,0x0F,set_decoding_map,0
547,91,1314812,1314816,14044,0x11,video_data_11,3
548,91,1328860,1328864,132,0x13,documented_unknown_13,0
549,91,1328996,1329000,0,0x04,start_stop_audio,0
550,91,1329000,1329004,6,0x07,send_buffer,1
551,91,1329010,1329014,0,0x01,end_of_chunk,0
552,92,1329018,1329022,1080,0x0F,set_decoding_map,0
553,92,1330102,1330106,14074,0x11,video_data_11,3
554,92,1344180,1344184,132,0x13,documented_unknown_13,0
555,92,1344316,1344320,0,0x04,start_stop_audio,0
556,92,1344320,1344324,6,0x07,send_buffer,1
557,92,1344330,1344334,0,0x01,end_of_chunk,0
558,93,1344338,1344342,1080,0x0F,set_decoding_map,0
559,93,1345422,1345426,14084,0x11,video_data_11,3
560,93,1359510,1359514,132,0x13,documented_unknown_13,0
561,93,1359646,1359650,0,0x04,start_stop_audio,0
562,93,1359650,1359654,6,0x07,send_buffer,1
563,93,1359660,1359664,0,0x01,end_of_chunk,0
564,94,1359668,1359672,1080,0x0F,set_decoding_map,0
565,94,1360752,1360756,14062,0x11,video_data_11,3
566,94,1374818,1374822,132,0x13,documented_unknown_13,0
567,94,1374954,1374958,0,0x04,start_stop_audio,0
568,94,1374958,1374962,6,0x07,send_buffer,1
569,94,1374968,1374972,0,0x01,end_of_chunk,0
570,95,1374976,1374980,1080,0x0F,set_decoding_map,0
571,95,1376060,1376064,14044,0x11,video_data_11,3
572,95,1390108,1390112,132,0x13,documented_unknown_13,0
573,95,1390244,1390248,0,0x04,start_stop_audio,0
574,95,1390248,1390252,6,0x07,send_buffer,1
575,95,1390258,1390262,0,0x01,end_of_chunk,0
576,96,1390266,1390270,1080,0x0F,set_decoding_map,0
577,96,1391350,1391354,14046,0x11,video_data_11,3
578,96,1405400,1405404,132,0x13,documented_unknown_13,0
579,96,1405536,1405540,0,0x04,start_stop_audio,0
580,96,1405540,1405544,6,0x07,send_buffer,1
581,96,1405550,1405554,0,0x01,end_of_chunk,0
582,97,1405558,1405562,1080,0x0F,set_decoding_map,0
583,97,1406642,1406646,14080,0x11,video_data_11,3
584,97,1420726,1420730,132,0x13,documented_unknown_13,0
585,97,1420862,1420866,0,0x04,start_stop_audio,0
586,97,1420866,1420870,6,0x07,send_buffer,1
587,97,1420876,1420880,0,0x01,end_of_chunk,0
588,98,1420884,1420888,1080,0x0F,set_decoding_map,0
589,98,1421968,1421972,14060,0x11,video_data_11,3
590,98,1436032,1436036,132,0x13,documented_unknown_13,0
591,98,1436168,1436172,0,0x04,start_stop_audio,0
592,98,1436172,1436176,6,0x07,send_buffer,1
593,98,1436182,1436186,0,0x01,end_of_chunk,0
594,99,1436190,1436194,1080,0x0F,set_decoding_map,0
595,99,1437274,1437278,14044,0x11,video_data_11,3
596,99,1451322,1451326,132,0x13,documented_unknown_13,0
597,99,1451458,1451462,0,0x04,start_stop_audio,0
598,99,1451462,1451466,6,0x07,send_buffer,1
599,99,1451472,1451476,0,0x01,end_of_chunk,0
600,100,1451480,1451484,1080,0x0F,set_decoding_map,0
601,100,1452564,1452568,14058,0x11,video_data_11,3
602,100,1466626,1466630,132,0x13,documented_unknown_13,0
603,100,1466762,1466766,0,0x04,start_stop_audio,0
604,100,1466766,1466770,6,0x07,send_buffer,1
605,100,1466776,1466780,0,0x01,end_of_chunk,0
606,101,1466784,1466788,1080,0x0F,set_decoding_map,0
607,101,1467868,1467872,14070,0x11,video_data_11,3
608,101,1481942,1481946,132,0x13,documented_unknown_13,0
609,101,1482078,1482082,0,0x04,start_stop_audio,0
610,101,1482082,1482086,6,0x07,send_buffer,1
611,101,1482092,1482096,0,0x01,end_of_chunk,0
612,102,1482100,1482104,1080,0x0F,set_decoding_map,0
613,102,1483184,1483188,14048,0x11,video_data_11,3
614,102,1497236,1497240,132,0x13,documented_unknown_13,0
615,102,1497372,1497376,0,0x04,start_stop_audio,0
616,102,1497376,1497380,6,0x07,send_buffer,1
617,102,1497386,1497390,0,0x01,end_of_chunk,0
618,103,1497394,1497398,1080,0x0F,set_decoding_map,0
619,103,1498478,1498482,14024,0x11,video_data_11,3
620,103,1512506,1512510,132,0x13,documented_unknown_13,0
621,103,1512642,1512646,0,0x04,start_stop_audio,0
622,103,1512646,1512650,6,0x07,send_buffer,1
623,103,1512656,1512660,0,0x01,end_of_chunk,0
624,104,1512664,1512668,1080,0x0F,set_decoding_map,0
625,104,1513748,1513752,14080,0x11,video_data_11,3
626,104,1527832,1527836,132,0x13,documented_unknown_13,0
627,104,1527968,1527972,0,0x04,start_stop_audio,0
628,104,1527972,1527976,6,0x07,send_buffer,1
629,104,1527982,1527986,0,0x01,end_of_chunk,0
630,105,1527990,1527994,1080,0x0F,set_decoding_map,0
631,105,1529074,1529078,14030,0x11,video_data_11,3
632,105,1543108,1543112,132,0x13,documented_unknown_13,0
633,105,1543244,1543248,0,0x04,start_stop_audio,0
634,105,1543248,1543252,6,0x07,send_buffer,1
635,105,1543258,1543262,0,0x01,end_of_chunk,0
636,106,1543266,1543270,1080,0x0F,set_decoding_map,0
637,106,1544350,1544354,14046,0x11,video_data_11,3
638,106,1558400,1558404,132,0x13,documented_unknown_13,0
639,106,1558536,1558540,0,0x04,start_stop_audio,0
640,106,1558540,1558544,6,0x07,send_buffer,1
641,106,1558550,1558554,0,0x01,end_of_chunk,0
642,107,1558558,1558562,1080,0x0F,set_decoding_map,0
643,107,1559642,1559646,14060,0x11,video_data_11,3
644,107,1573706,1573710,132,0x13,documented_unknown_13,0
645,107,1573842,1573846,0,0x04,start_stop_audio,0
646,107,1573846,1573850,6,0x07,send_buffer,1
647,107,1573856,1573860,0,0x01,end_of_chunk,0
648,108,1573864,1573868,1080,0x0F,set_decoding_map,0
649,108,1574948,1574952,14066,0x11,video_data_11,3
650,108,1589018,1589022,132,0x13,documented_unknown_13,0
651,108,1589154,1589158,0,0x04,start_stop_audio,0
652,108,1589158,1589162,6,0x07,send_buffer,1
653,108,1589168,1589172,0,0x01,end_of_chunk,0
654,109,1589176,1589180,1080,0x0F,set_decoding_map,0
655,109,1590260,1590264,14060,0x11,video_data_11,3
656,109,1604324,1604328,132,0x13,documented_unknown_13,0
657,109,1604460,1604464,0,0x04,start_stop_audio,0
658,109,1604464,1604468,6,0x07,send_buffer,1
659,109,1604474,1604478,0,0x01,end_of_chunk,0
660,110,1604482,1604486,1080,0x0F,set_decoding_map,0
661,110,1605566,1605570,14022,0x11,video_data_11,3
662,110,1619592,1619596,132,0x13,documented_unknown_13,0
663,110,1619728,1619732,0,0x04,start_stop_audio,0
664,110,1619732,1619736,6,0x07,send_buffer,1
665,110,1619742,1619746,0,0x01,end_of_chunk,0
666,111,1619750,1619754,1080,0x0F,set_decoding_map,0
667,111,1620834,1620838,14042,0x11,video_data_11,3
668,111,1634880,1634884,132,0x13,documented_unknown_13,0
669,111,1635016,1635020,0,0x04,start_stop_audio,0
670,111,1635020,1635024,6,0x07,send_buffer,1
671,111,1635030,1635034,0,0x01,end_of_chunk,0
672,112,1635038,1635042,1080,0x0F,set_decoding_map,0
673,112,1636122,1636126,14026,0x11,video_data_11,3
674,112,1650152,1650156,132,0x13,documented_unknown_13,0
675,112,1650288,1650292,0,0x04,start_stop_audio,0
676,112,1650292,1650296,6,0x07,send_buffer,1
677,112,1650302,1650306,0,0x01,end_of_chunk,0
678,113,1650310,1650314,1080,0x0F,set_decoding_map,0
679,113,1651394,1651398,14070,0x11,video_data_11,3
680,113,1665468,1665472,132,0x13,documented_unknown_13,0
681,113,1665604,1665608,0,0x04,start_stop_audio,0
682,113,1665608,1665612,6,0x07,send_buffer,1
683,113,1665618,1665622,0,0x01,end_of_chunk,0
684,114,1665626,1665630,1080,0x0F,set_decoding_map,0
685,114,1666710,1666714,14082,0x11,video_data_11,3
686,114,1680796,1680800,132,0x13,documented_unknown_13,0
687,114,1680932,1680936,0,0x04,start_stop_audio,0
688,114,1680936,1680940,6,0x07,send_buffer,1
689,114,1680946,1680950,0,0x01,end_of_chunk,0
690,115,1680954,1680958,1080,0x0F,set_decoding_map,0
691,115,1682038,1682042,14070,0x11,video_data_11,3
692,115,1696112,1696116,132,0x13,documented_unknown_13,0
693,115,1696248,1696252,0,0x04,start_stop_audio,0
694,115,1696252,1696256,6,0x07,send_buffer,1
695,115,1696262,1696266,0,0x01,end_of_chunk,0
696,116,1696270,1696274,1080,0x0F,set_decoding_map,0
697,116,1697354,1697358,14072,0x11,video_data_11,3
698,116,1711430,1711434,132,0x13,documented_unknown_13,0
699,116,1711566,1711570,0,0x04,start_stop_audio,0
700,116,1711570,1711574,6,0x07,send_buffer,1
701,116,1711580,1711584,0,0x01,end_of_chunk,0
702,117,1711588,1711592,1080,0x0F,set_decoding_map,0
703,117,1712672,1712676,14044,0x11,video_data_11,3
704,117,1726720,1726724,132,0x13,documented_unknown_13,0
705,117,1726856,1726860,0,0x04,start_stop_audio,0
706,117,1726860,1726864,6,0x07,send_buffer,1
707,117,1726870,1726874,0,0x01,end_of_chunk,0
708,118,1726878,1726882,1080,0x0F,set_decoding_map,0
709,118,1727962,1727966,14072,0x11,video_data_11,3
710,118,1742038,1742042,132,0x13,documented_unknown_13,0
711,118,1742174,1742178,0,0x04,start_stop_audio,0
712,118,1742178,1742182,6,0x07,send_buffer,1
713,118,1742188,1742192,0,0x01,end_of_chunk,0
714,119,1742196,1742200,1080,0x0F,set_decoding_map,0
715,119,1743280,1743284,14058,0x11,video_data_11,3
716,119,1757342,1757346,132,0x13,documented_unknown_13,0
717,119,1757478,1757482,0,0x04,start_stop_audio,0
718,119,1757482,1757486,6,0x07,send_buffer,1
719,119,1757492,1757496,0,0x01,end_of_chunk,0
720,120,1757500,1757504,1080,0x0F,set_decoding_map,0
721,120,1758584,1758588,14082,0x11,video_data_11,3
722,120,1772670,1772674,132,0x13,documented_unknown_13,0
723,120,1772806,1772810,0,0x04,start_stop_audio,0
724,120,1772810,1772814,6,0x07,send_buffer,1
725,120,1772820,1772824,0,0x01,end_of_chunk,0
726,121,1772828,1772832,1080,0x0F,set_decoding_map,0
727,121,1773912,1773916,14028,0x11,video_data_11,3
728,121,1787944,1787948,132,0x13,documented_unknown_13,0
729,121,1788080,1788084,0,0x04,start_stop_audio,0
730,121,1788084,1788088,6,0x07,send_buffer,1
731,121,1788094,1788098,0,0x01,end_of_chunk,0
732,122,1788102,1788106,1080,0x0F,set_decoding_map,0
733,122,1789186,1789190,14044,0x11,video_data_11,3
734,122,1803234,1803238,132,0x13,documented_unknown_13,0
735,122,1803370,1803374,0,0x04,start_stop_audio,0
736,122,1803374,1803378,6,0x07,send_buffer,1
737,122,1803384,1803388,0,0x01,end_of_chunk,0
738,123,1803392,1803396,1080,0x0F,set_decoding_map,0
739,123,1804476,1804480,14064,0x11,video_data_11,3
740,123,1818544,1818548,132,0x13,documented_unknown_13,0
741,123,1818680,1818684,0,0x04,start_stop_audio,0
742,123,1818684,1818688,6,0x07,send_buffer,1
743,123,1818694,1818698,0,0x01,end_of_chunk,0
744,124,1818702,1818706,1080,0x0F,set_decoding_map,0
745,124,1819786,1819790,14038,0x11,video_data_11,3
746,124,1833828,1833832,132,0x13,documented_unknown_13,0
747,124,1833964,1833968,0,0x04,start_stop_audio,0
748,124,1833968,1833972,6,0x07,send_buffer,1
749,124,1833978,1833982,0,0x01,end_of_chunk,0
750,125,1833986,1833990,1080,0x0F,set_decoding_map,0
751,125,1835070,1835074,14058,0x11,video_data_11,3
752,125,1849132,1849136,132,0x13,documented_unknown_13,0
753,125,1849268,1849272,0,0x04,start_stop_audio,0
754,125,1849272,1849276,6,0x07,send_buffer,1
755,125,1849282,1849286,0,0x01,end_of_chunk,0
756,126,1849290,1849294,1080,0x0F,set_decoding_map,0
757,126,1850374,1850378,14050,0x11,video_data_11,3
758,126,1864428,1864432,132,0x13,documented_unknown_13,0
759,126,1864564,1864568,0,0x04,start_stop_audio,0
760,126,1864568,1864572,6,0x07,send_buffer,1
761,126,1864578,1864582,0,0x01,end_of_chunk,0
762,127,1864586,1864590,1080,0x0F,set_decoding_map,0
763,127,1865670,1865674,14022,0x11,video_data_11,3
764,127,1879696,1879700,132,0x13,documented_unknown_13,0
765,127,1879832,1879836,0,0x04,start_stop_audio,0
766,127,1879836,1879840,6,0x07,send_buffer,1
767,127,1879846,1879850,0,0x01,end_of_chunk,0
768,128,1879854,1879858,1080,0x0F,set_decoding_map,0
769,128,1880938,1880942,14056,0x11,video_data_11,3
770,128,1894998,1895002,132,0x13,documented_unknown_13,0
771,128,1895134,1895138,0,0x04,start_stop_audio,0
772,128,1895138,1895142,6,0x07,send_buffer,1
773,128,1895148,1895152,0,0x01,end_of_chunk,0
774,129,1895156,1895160,1080,0x0F,set_decoding_map,0
775,129,1896240,1896244,14030,0x11,video_data_11,3
776,129,1910274,1910278,132,0x13,documented_unknown_13,0
777,129,1910410,1910414,0,0x04,start_stop_audio,0
778,129,1910414,1910418,6,0x07,send_buffer,1
779,129,1910424,1910428,0,0x01,end_of_chunk,0
780,130,1910432,1910436,1080,0x0F,set_decoding_map,0
781,130,1911516,1911520,14066,0x11,video_data_11,3
782,130,1925586,1925590,132,0x13,documented_unknown_13,0
783,130,1925722,1925726,0,0x04,start_stop_audio,0
784,130,1925726,1925730,6,0x07,send_buffer,1
785,130,1925736,1925740,0,0x01,end_of_chunk,0
786,131,1925744,1925748,1080,0x0F,set_decoding_map,0
787,131,1926828,1926832,14052,0x11,video_data_11,3
788,131,1940884,1940888,132,0x13,documented_unknown_13,0
789,131,1941020,1941024,0,0x04,start_stop_audio,0
790,131,1941024,1941028,6,0x07,send_buffer,1
791,131,1941034,1941038,0,0x01,end_of_chunk,0
792,132,1941042,1941046,1080,0x0F,set_decoding_map,0
793,132,1942126,1942130,14052,0x11,video_data_11,3
794,132,1956182,1956186,132,0x13,documented_unknown_13,0
795,132,1956318,1956322,0,0x04,start_stop_audio,0
796,132,1956322,1956326,6,0x07,send_buffer,1
797,132,1956332,1956336,0,0x01,end_of_chunk,0
798,133,1956340,1956344,1080,0x0F,set_decoding_map,0
799,133,1957424,1957428,14036,0x11,video_data_11,3
800,133,1971464,1971468,132,0x13,documented_unknown_13,0
801,133,1971600,1971604,0,0x04,start_stop_audio,0
802,133,1971604,1971608,6,0x07,send_buffer,1
803,133,1971614,1971618,0,0x01,end_of_chunk,0
804,134,1971622,1971626,1080,0x0F,set_decoding_map,0
805,134,1972706,1972710,14070,0x11,video_data_11,3
806,134,1986780,1986784,132,0x13,documented_unknown_13,0
807,134,1986916,1986920,0,0x04,start_stop_audio,0
808,134,1986920,1986924,6,0x07,send_buffer,1
809,134,1986930,1986934,0,0x01,end_of_chunk,0
810,135,1986938,1986942,1080,0x0F,set_decoding_map,0
811,135,1988022,1988026,14078,0x11,video_data_11,3
812,135,2002104,2002108,132,0x13,documented_unknown_13,0
813,135,2002240,2002244,0,0x04,start_stop_audio,0
814,135,2002244,2002248,6,0x07,send_buffer,1
815,135,2002254,2002258,0,0x01,end_of_chunk,0
816,136,2002262,2002266,1080,0x0F,set_decoding_map,0
817,136,2003346,2003350,14038,0x11,video_data_11,3
818,136,2017388,2017392,132,0x13,documented_unknown_13,0
819,136,2017524,2017528,0,0x04,start_stop_audio,0
820,136,2017528,2017532,6,0x07,send_buffer,1
821,136,2017538,2017542,0,0x01,end_of_chunk,0
822,137,2017546,2017550,1080,0x0F,set_decoding_map,0
823,137,2018630,2018634,14056,0x11,video_data_11,3
824,137,2032690,2032694,132,0x13,documented_unknown_13,0
825,137,2032826,2032830,0,0x04,start_stop_audio,0
826,137,2032830,2032834,6,0x07,send_buffer,1
827,137,2032840,2032844,0,0x01,end_of_chunk,0
828,138,2032848,2032852,1080,0x0F,set_decoding_map,0
829,138,2033932,2033936,14076,0x11,video_data_11,3
830,138,2048012,2048016,132,0x13,documented_unknown_13,0
831,138,2048148,2048152,0,0x04,start_stop_audio,0
832,138,2048152,2048156,6,0x07,send_buffer,1
833,138,2048162,2048166,0,0x01,end_of_chunk,0
834,139,2048170,2048174,1080,0x0F,set_decoding_map,0
835,139,2049254,2049258,14054,0x11,video_data_11,3
836,139,2063312,2063316,132,0x13,documented_unknown_13,0
837,139,2063448,2063452,0,0x04,start_stop_audio,0
838,139,2063452,2063456,6,0x07,send_buffer,1
839,139,2063462,2063466,0,0x01,end_of_chunk,0
840,140,2063470,2063474,1080,0x0F,set_decoding_map,0
841,140,2064554,2064558,14050,0x11,video_data_11,3
842,140,2078608,2078612,132,0x13,documented_unknown_13,0
843,140,2078744,2078748,0,0x04,start_stop_audio,0
844,140,2078748,2078752,6,0x07,send_buffer,1
845,140,2078758,2078762,0,0x01,end_of_chunk,0
846,141,2078766,2078770,1080,0x0F,set_decoding_map,0
847,141,2079850,2079854,14022,0x11,video_data_11,3
848,141,2093876,2093880,132,0x13,documented_unknown_13,0
849,141,2094012,2094016,0,0x04,start_stop_audio,0
850,141,2094016,2094020,6,0x07,send_buffer,1
851,141,2094026,2094030,0,0x01,end_of_chunk,0
852,142,2094034,2094038,1080,0x0F,set_decoding_map,0
853,142,2095118,2095122,14026,0x11,video_data_11,3
854,142,2109148,2109152,132,0x13,documented_unknown_13,0
855,142,2109284,2109288,0,0x04,start_stop_audio,0
856,142,2109288,2109292,6,0x07,send_buffer,1
857,142,2109298,2109302,0,0x01,end_of_chunk,0
858,143,2109306,2109310,1080,0x0F,set_decoding_map,0
859,143,2110390,2110394,14022,0x11,video_data_11,3
860,143,2124416,2124420,132,0x13,documented_unknown_13,0
861,143,2124552,2124556,0,0x04,start_stop_audio,0
862,143,2124556,2124560,6,0x07,send_buffer,1
863,143,2124566,2124570,0,0x01,end_of_chunk,0
864,144,2124574,2124578,1080,0x0F,set_decoding_map,0
865,144,2125658,2125662,14030,0x11,video_data_11,3
866,144,2139692,2139696,132,0x13,documented_unknown_13,0
867,144,2139828,2139832,0,0x04,start_stop_audio,0
868,144,2139832,2139836,6,0x07,send_buffer,1
869,144,2139842,2139846,0,0x01,end_of_chunk,0
870,145,2139850,2139854,1080,0x0F,set_decoding_map,0
871,145,2140934,2140938,14038,0x11,video_data_11,3
872,145,2154976,2154980,132,0x13,documented_unknown_13,0
873,145,2155112,2155116,0,0x04,start_stop_audio,0
874,145,2155116,2155120,6,0x07,send_buffer,1
875,145,2155126,2155130,0,0x01,end_of_chunk,0
876,146,2155134,2155138,1080,0x0F,set_decoding_map,0
877,146,2156218,2156222,14082,0x11,video_data_11,3
878,146,2170304,2170308,132,0x13,documented_unknown_13,0
879,146,2170440,2170444,0,0x04,start_stop_audio,0
880,146,2170444,2170448,6,0x07,send_buffer,1
881,146,2170454,2170458,0,0x01,end_of_chunk,0
882,147,2170462,2170466,1080,0x0F,set_decoding_map,0
883,147,2171546,2171550,14048,0x11,video_data_11,3
884,147,2185598,2185602,132,0x13,documented_unknown_13,0
885,147,2185734,2185738,0,0x04,start_stop_audio,0
886,147,2185738,2185742,6,0x07,send_buffer,1
887,147,2185748,2185752,0,0x01,end_of_chunk,0
888,148,2185756,2185760,1080,0x0F,set_decoding_map,0
889,148,2186840,2186844,14066,0x11,video_data_11,3
890,148,2200910,2200914,132,0x13,documented_unknown_13,0
891,148,2201046,2201050,0,0x04,start_stop_audio,0
892,148,2201050,2201054,6,0x07,send_buffer,1
893,148,2201060,2201064,0,0x01,end_of_chunk,0
894,149,2201068,2201072,1080,0x0F,set_decoding_map,0
895,149,2202152,2202156,14032,0x11,video_data_11,3
896,149,2216188,2216192,132,0x13,documented_unknown_13,0
897,149,2216324,2216328,0,0x04,start_stop_audio,0
898,149,2216328,2216332,6,0x07,send_buffer,1
899,149,2216338,2216342,0,0x01,end_of_chunk,0
900,150,2216346,2216350,1080,0x0F,set_decoding_map,0
901,150,2217430,2217434,14056,0x11,video_data_11,3
902,150,2231490,2231494,132,0x13,documented_unknown_13,0
903,150,2231626,2231630,0,0x04,start_stop_audio,0
904,150,2231630,2231634,6,0x07,send_buffer,1
905,150,2231640,2231644,0,0x01,end_of_chunk,0
906,151,2231648,2231652,1080,0x0F,set_decoding_map,0
907,151,2232732,2232736,14048,0x11,video_data_11,3
908,151,2246784,2246788,132,0x13,documented_unknown_13,0
909,151,2246920,2246924,0,0x04,start_stop_audio,0
910,151,2246924,2246928,6,0x07,send_buffer,1
911,151,2246934,2246938,0,0x01,end_of_chunk,0
912,152,2246942,2246946,1080,0x0F,set_decoding_map,0
913,152,2248026,2248030,14040,0x11,video_data_11,3
914,152,2262070,2262074,132,0x13,documented_unknown_13,0
915,152,2262206,2262210,0,0x04,start_stop_audio,0
916,152,2262210,2262214,6,0x07,send_buffer,1
917,152,2262220,2262224,0,0x01,end_of_chunk,0
918,153,2262228,2262232,1080,0x0F,set_decoding_map,0
919,153,2263312,2263316,14064,0x11,video_data_11,3
920,153,2277380,2277384,132,0x13,documented_unknown_13,0
921,153,2277516,2277520,0,0x04,start_stop_audio,0
922,153,2277520,2277524,6,0x07,send_buffer,1
923,153,2277530,2277534,0,0x01,end_of_chunk,0
924,154,2277538,2277542,1080,0x0F,set_decoding_map,0
925,154,2278622,2278626,14030,0x11,video_data_11,3
926,154,2292656,2292660,132,0x13,documented_unknown_13,0
927,154,2292792,2292796,0,0x04,start_stop_audio,0
928,154,2292796,2292800,6,0x07,send_buffer,1
929,154,2292806,2292810,0,0x01,end_of_chunk,0
930,155,2292814,2292818,1080,0x0F,set_decoding_map,0
931,155,2293898,2293902,14052,0x11,video_data_11,3
932,155,2307954,2307958,132,0x13,documented_unknown_13,0
933,155,2308090,2308094,0,0x04,start_stop_audio,0
934,155,2308094,2308098,6,0x07,send_buffer,1
935,155,2308104,2308108,0,0x01,end_of_chunk,0
936,156,2308112,2308116,1080,0x0F,set_decoding_map,0
937,156,2309196,2309200,14034,0x11,video_data_11,3
938,156,2323234,2323238,132,0x13,documented_unknown_13,0
939,156,2323370,2323374,0,0x04,start_stop_audio,0
940,156,2323374,2323378,6,0x07,send_buffer,1
941,156,2323384,2323388,0,0x01,end_of_chunk,0
942,157,2323392,2323396,1080,0x0F,set_decoding_map,0
943,157,2324476,2324480,14026,0x11,video_data_11,3
944,157,2338506,2338510,132,0x13,documented_unknown_13,0
945,157,2338642,2338646,0,0x04,start_stop_audio,0
946,157,2338646,2338650,6,0x07,send_buffer,1
947,157,2338656,2338660,0,0x01,end_of_chunk,0
948,158,2338664,2338668,1080,0x0F,set_decoding_map,0
949,158,2339748,2339752,14036,0x11,video_data_11,3
950,158,2353788,2353792,132,0x13,documented_unknown_13,0
951,158,2353924,2353928,0,0x04,start_stop_audio,0
952,158,2353928,2353932,6,0x07,send_buffer,1
953,158,2353938,2353942,0,0x01,end_of_chunk,0
954,159,2353946,2353950,1080,0x0F,set_decoding_map,0
955,159,2355030,2355034,14068,0x11,video_data_11,3
956,159,2369102,2369106,132,0x13,documented_unknown_13,0
957,159,2369238,2369242,0,0x04,start_stop_audio,0
958,159,2369242,2369246,6,0x07,send_buffer,1
959,159,2369252,2369256,0,0x01,end_of_chunk,0
960,160,2369260,2369264,1080,0x0F,set_decoding_map,0
961,160,2370344,2370348,14038,0x11,video_data_11,3
962,160,2384386,2384390,132,0x13,documented_unknown_13,0
963,160,2384522,2384526,0,0x04,start_stop_audio,0
964,160,2384526,2384530,6,0x07,send_buffer,1
965,160,2384536,2384540,0,0x01,end_of_chunk,0
966,161,2384544,2384548,1080,0x0F,set_decoding_map,0
967,161,2385628,2385632,14046,0x11,video_data_11,3
968,161,2399678,2399682,132,0x13,documented_unknown_13,0
969,161,2399814,2399818,0,0x04,start_stop_audio,0
970,161,2399818,2399822,6,0x07,send_buffer,1
971,161,2399828,2399832,0,0x01,end_of_chunk,0
972,162,2399836,2399840,1080,0x0F,set_decoding_map,0
973,162,2400920,2400924,14064,0x11,video_data_11,3
974,162,2414988,2414992,132,0x13,documented_unknown_13,0
975,162,2415124,2415128,0,0x04,start_stop_audio,0
976,162,2415128,2415132,6,0x07,send_buffer,1
977,162,2415138,2415142,0,0x01,end_of_chunk,0
978,163,2415146,2415150,1080,0x0F,set_decoding_map,0
979,163,2416230,2416234,14048,0x11,video_data_11,3
980,163,2430282,2430286,132,0x13,documented_unknown_13,0
981,163,2430418,2430422,0,0x04,start_stop_audio,0
982,163,2430422,2430426,6,0x07,send_buffer,1
983,163,2430432,2430436,0,0x01,end_of_chunk,0
984,164,2430440,2430444,1080,0x0F,set_decoding_map,0
985,164,2431524,2431528,14052,0x11,video_data_11,3
986,164,2445580,2445584,132,0x13,documented_unknown_13,0
987,164,2445716,2445720,0,0x04,start_stop_audio,0
988,164,2445720,2445724,6,0x07,send_buffer,1
989,164,2445730,2445734,0,0x01,end_of_chunk,0
990,165,2445738,2445742,1080,0x0F,set_decoding_map,0
991,165,2446822,2446826,14038,0x11,video_data_11,3
992,165,2460864,2460868,132,0x13,documented_unknown_13,0
993,165,2461000,2461004,0,0x04,start_stop_audio,0
994,165,2461004,2461008,6,0x07,send_buffer,1
995,165,2461014,2461018,0,0x01,end_of_chunk,0
996,166,2461022,2461026,1080,0x0F,set_decoding_map,0
997,166,2462106,2462110,14050,0x11,video_data_11,3
998,166,2476160,2476164,132,0x13,documented_unknown_13,0
999,166,2476296,2476300,0,0x04,start_stop_audio,0
1000,166,2476300,2476304,6,0x07,send_buffer,1
1001,166,2476310,2476314,0,0x01,end_of_chunk,0
1002,167,2476318,2476322,1080,0x0F,set_decoding_map,0
1003,167,2477402,2477406,14068,0x11,video_data_11,3
1004,167,2491474,2491478,132,0x13,documented_unknown_13,0
1005,167,2491610,2491614,0,0x04,start_stop_audio,0
1006,167,2491614,2491618,6,0x07,send_buffer,1
1007,167,2491624,2491628,0,0x01,end_of_chunk,0
1008,168,2491632,2491636,1080,0x0F,set_decoding_map,0
1009,168,2492716,2492720,14078,0x11,video_data_11,3
1010,168,2506798,2506802,132,0x13,documented_unknown_13,0
1011,168,2506934,2506938,0,0x04,start_stop_audio,0
1012,168,2506938,2506942,6,0x07,send_buffer,1
1013,168,2506948,2506952,0,0x01,end_of_chunk,0
1014,169,2506956,2506960,1080,0x0F,set_decoding_map,0
1015,169,2508040,2508044,14032,0x11,video_data_11,3
1016,169,2522076,2522080,132,0x13,documented_unknown_13,0
1017,169,2522212,2522216,0,0x04,start_stop_audio,0
1018,169,2522216,2522220,6,0x07,send_buffer,1
1019,169,2522226,2522230,0,0x01,end_of_chunk,0
1020,170,2522234,2522238,1080,0x0F,set_decoding_map,0
1021,170,2523318,2523322,14042,0x11,video_data_11,3
1022,170,2537364,2537368,132,0x13,documented_unknown_13,0
1023,170,2537500,2537504,0,0x04,start_stop_audio,0
1024,170,2537504,2537508,6,0x07,send_buffer,1
1025,170,2537514,2537518,0,0x01,end_of_chunk,0
1026,171,2537522,2537526,1080,0x0F,set_decoding_map,0
1027,171,2538606,2538610,14046,0x11,video_data_11,3
1028,171,2552656,2552660,132,0x13,documented_unknown_13,0
1029,171,2552792,2552796,0,0x04,start_stop_audio,0
1030,171,2552796,2552800,6,0x07,send_buffer,1
1031,171,2552806,2552810,0,0x01,end_of_chunk,0
1032,172,2552814,2552818,1080,0x0F,set_decoding_map,0
1033,172,2553898,2553902,14082,0x11,video_data_11,3
1034,172,2567984,2567988,132,0x13,documented_unknown_13,0
1035,172,2568120,2568124,0,0x04,start_stop_audio,0
1036,172,2568124,2568128,6,0x07,send_buffer,1
1037,172,2568134,2568138,0,0x01,end_of_chunk,0
1038,173,2568142,2568146,1080,0x0F,set_decoding_map,0
1039,173,2569226,2569230,14034,0x11,video_data_11,3
1040,173,2583264,2583268,132,0x13,documented_unknown_13,0
1041,173,2583400,2583404,0,0x04,start_stop_audio,0
1042,173,2583404,2583408,6,0x07,send_buffer,1
1043,173,2583414,2583418,0,0x01,end_of_chunk,0
1044,174,2583422,2583426,1080,0x0F,set_decoding_map,0
1045,174,2584506,2584510,14058,0x11,video_data_11,3
1046,174,2598568,2598572,132,0x13,documented_unknown_13,0
1047,174,2598704,2598708,0,0x04,start_stop_audio,0
1048,174,2598708,2598712,6,0x07,send_buffer,1
1049,174,2598718,2598722,0,0x01,end_of_chunk,0
1050,175,2598726,2598730,1080,0x0F,set_decoding_map,0
1051,175,2599810,2599814,14066,0x11,video_data_11,3
1052,175,2613880,2613884,132,0x13,documented_unknown_13,0
1053,175,2614016,2614020,0,0x04,start_stop_audio,0
1054,175,2614020,2614024,6,0x07,send_buffer,1
1055,175,2614030,2614034,0,0x01,end_of_chunk,0
1056,176,2614038,2614042,1080,0x0F,set_decoding_map,0
1057,176,2615122,2615126,14022,0x11,video_data_11,3
1058,176,2629148,2629152,132,0x13,documented_unknown_13,0
1059,176,2629284,2629288,0,0x04,start_stop_audio,0
1060,176,2629288,2629292,6,0x07,send_buffer,1
1061,176,2629298,2629302,0,0x01,end_of_chunk,0
1062,177,2629306,2629310,1080,0x0F,set_decoding_map,0
1063,177,2630390,2630394,14076,0x11,video_data_11,3
1064,177,2644470,2644474,132,0x13,documented_unknown_13,0
1065,177,2644606,2644610,0,0x04,start_stop_audio,0
1066,177,2644610,2644614,6,0x07,send_buffer,1
1067,177,2644620,2644624,0,0x01,end_of_chunk,0
1068,178,2644628,2644632,1080,0x0F,set_decoding_map,0
1069,178,2645712,2645716,14022,0x11,video_data_11,3
1070,178,2659738,2659742,132,0x13,documented_unknown_13,0
1071,178,2659874,2659878,0,0x04,start_stop_audio,0
1072,178,2659878,2659882,6,0x07,send_buffer,1
1073,178,2659888,2659892,0,0x01,end_of_chunk,0
1074,179,2659896,2659900,1080,0x0F,set_decoding_map,0
1075,179,2660980,2660984,14074,0x11,video_data_11,3
1076,179,2675058,2675062,132,0x13,documented_unknown_13,0
1077,179,2675194,2675198,0,0x04,start_stop_audio,0
1078,179,2675198,2675202,6,0x07,send_buffer,1
1079,179,2675208,2675212,0,0x01,end_of_chunk,0
1080,180,2675216,2675220,1080,0x0F,set_decoding_map,0
1081,180,2676300,2676304,14026,0x11,video_data_11,3
1082,180,2690330,2690334,132,0x13,documented_unknown_13,0
1083,180,2690466,2690470,0,0x04,start_stop_audio,0
1084,180,2690470,2690474,6,0x07,send_buffer,1
1085,180,2690480,2690484,0,0x01,end_of_chunk,0
1086,181,2690488,2690492,1080,0x0F,set_decoding_map,0
1087,181,2691572,2691576,14028,0x11,video_data_11,3
1088,181,2705604,2705608,132,0x13,documented_unknown_13,0
1089,181,2705740,2705744,0,0x04,start_stop_audio,0
1090,181,2705744,2705748,6,0x07,send_buffer,1
1091,181,2705754,2705758,0,0x01,end_of_chunk,0
1092,182,2705762,2705766,1080,0x0F,set_decoding_map,0
1093,182,2706846,2706850,14080,0x11,video_data_11,3
1094,182,2720930,2720934,132,0x13,documented_unknown_13,0
1095,182,2721066,2721070,0,0x04,start_stop_audio,0
1096,182,2721070,2721074,6,0x07,send_buffer,1
1097,182,2721080,2721084,0,0x01,end_of_chunk,0
1098,183,2721088,2721092,1080,0x0F,set_decoding_map,0
1099,183,2722172,2722176,14078,0x11,video_data_11,3
1100,183,2736254,2736258,132,0x13,documented_unknown_13,0
1101,183,2736390,2736394,0,0x04,start_stop_audio,0
1102,183,2736394,2736398,6,0x07,send_buffer,1
1103,183,2736404,2736408,0,0x01,end_of_chunk,0
1104,184,2736412,2736416,1080,0x0F,set_decoding_map,0
1105,184,2737496,2737500,14022,0x11,video_data_11,3
1106,184,2751522,2751526,132,0x13,documented_unknown_13,0
1107,184,2751658,2751662,0,0x04,start_stop_audio,0
1108,184,2751662,2751666,6,0x07,send_buffer,1
1109,184,2751672,2751676,0,0x01,end_of_chunk,0
1110,185,2751680,2751684,1080,0x0F,set_decoding_map,0
1111,185,2752764,2752768,14048,0x11,video_data_11,3
1112,185,2766816,2766820,132,0x13,documented_unknown_13,0
1113,185,2766952,2766956,0,0x04,start_stop_audio,0
1114,185,2766956,2766960,6,0x07,send_buffer,1
1115,185,2766966,2766970,0,0x01,end_of_chunk,0
1116,186,2766974,2766978,1080,0x0F,set_decoding_map,0
1117,186,2768058,2768062,14062,0x11,video_data_11,3
1118,186,2782124,2782128,132,0x13,documented_unknown_13,0
1119,186,2782260,2782264,0,0x04,start_stop_audio,0
1120,186,2782264,2782268,6,0x07,send_buffer,1
1121,186,2782274,2782278,0,0x01,end_of_chunk,0
1122,187,2782282,2782286,1080,0x0F,set_decoding_map,0
1123,187,2783366,2783370,14046,0x11,video_data_11,3
1124,187,2797416,2797420,132,0x13,documented_unknown_13,0
1125,187,2797552,2797556,0,0x04,start_stop_audio,0
1126,187,2797556,2797560,6,0x07,send_buffer,1
1127,187,2797566,2797570,0,0x01,end_of_chunk,0
1128,188,2797574,2797578,1080,0x0F,set_decoding_map,0
1129,188,2798658,2798662,14030,0x11,video_data_11,3
1130,188,2812692,2812696,132,0x13,documented_unknown_13,0
1131,188,2812828,2812832,0,0x04,start_stop_audio,0
1132,188,2812832,2812836,6,0x07,send_buffer,1
1133,188,2812842,2812846,0,0x01,end_of_chunk,0
1134,189,2812850,2812854,1080,0x0F,set_decoding_map,0
1135,189,2813934,2813938,14052,0x11,video_data_11,3
1136,189,2827990,2827994,132,0x13,documented_unknown_13,0
1137,189,2828126,2828130,0,0x04,start_stop_audio,0
1138,189,2828130,2828134,6,0x07,send_buffer,1
1139,189,2828140,2828144,0,0x01,end_of_chunk,0
1140,190,2828148,2828152,1080,0x0F,set_decoding_map,0
1141,190,2829232,2829236,14076,0x11,video_data_11,3
1142,190,2843312,2843316,132,0x13,documented_unknown_13,0
1143,190,2843448,2843452,0,0x04,start_stop_audio,0
1144,190,2843452,2843456,6,0x07,send_buffer,1
1145,190,2843462,2843466,0,0x01,end_of_chunk,0
1146,191,2843470,2843474,1080,0x0F,set_decoding_map,0
1147,191,2844554,2844558,14028,0x11,video_data_11,3
1148,191,2858586,2858590,132,0x13,documented_unknown_13,0
1149,191,2858722,2858726,0,0x04,start_stop_audio,0
1150,191,2858726,2858730,6,0x07,send_buffer,1
1151,191,2858736,2858740,0,0x01,end_of_chunk,0
1152,192,2858744,2858748,1080,0x0F,set_decoding_map,0
1153,192,2859828,2859832,14062,0x11,video_data_11,3
1154,192,2873894,2873898,132,0x13,documented_unknown_13,0
1155,192,2874030,2874034,0,0x04,start_stop_audio,0
1156,192,2874034,2874038,6,0x07,send_buffer,1
1157,192,2874044,2874048,0,0x01,end_of_chunk,0
1158,193,2874052,2874056,1080,0x0F,set_decoding_map,0
1159,193,2875136,2875140,14064,0x11,video_data_11,3
1160,193,2889204,2889208,132,0x13,documented_unknown_13,0
1161,193,2889340,2889344,0,0x04,start_stop_audio,0
1162,193,2889344,2889348,6,0x07,send_buffer,1
1163,193,2889354,2889358,0,0x01,end_of_chunk,0
1164,194,2889362,2889366,1080,0x0F,set_decoding_map,0
1165,194,2890446,2890450,14030,0x11,video_data_11,3
1166,194,2904480,2904484,132,0x13,documented_unknown_13,0
1167,194,2904616,2904620,0,0x04,start_stop_audio,0
1168,194,2904620,2904624,6,0x07,send_buffer,1
1169,194,2904630,2904634,0,0x01,end_of_chunk,0
1170,195,2904638,2904642,1080,0x0F,set_decoding_map,0
1171,195,2905722,2905726,14046,0x11,video_data_11,3
1172,195,2919772,2919776,132,0x13,documented_unknown_13,0
1173,195,2919908,2919912,0,0x04,start_stop_audio,0
1174,195,2919912,2919916,6,0x07,send_buffer,1
1175,195,2919922,2919926,0,0x01,end_of_chunk,0
1176,196,2919930,2919934,1080,0x0F,set_decoding_map,0
1177,196,2921014,2921018,14064,0x11,video_data_11,3
1178,196,2935082,2935086,132,0x13,documented_unknown_13,0
1179,196,2935218,2935222,0,0x04,start_stop_audio,0
1180,196,2935222,2935226,6,0x07,send_buffer,1
1181,196,2935232,2935236,0,0x01,end_of_chunk,0
1182,197,2935240,2935244,1080,0x0F,set_decoding_map,0
1183,197,2936324,2936328,14068,0x11,video_data_11,3
1184,197,2950396,2950400,132,0x13,documented_unknown_13,0
1185,197,2950532,2950536,0,0x04,start_stop_audio,0
1186,197,2950536,2950540,6,0x07,send_buffer,1
1187,197,2950546,2950550,0,0x01,end_of_chunk,0
1188,198,2950554,2950558,1080,0x0F,set_decoding_map,0
1189,198,2951638,2951642,14066,0x11,video_data_11,3
1190,198,2965708,2965712,132,0x13,documented_unknown_13,0
1191,198,2965844,2965848,0,0x04,start_stop_audio,0
1192,198,2965848,2965852,6,0x07,send_buffer,1
1193,198,2965858,2965862,0,0x01,end_of_chunk,0
1194,199,2965866,2965870,1080,0x0F,set_decoding_map,0
1195,199,2966950,2966954,14084,0x11,video_data_11,3
1196,199,2981038,2981042,132,0x13,documented_unknown_13,0
1197,199,2981174,2981178,0,0x04,start_stop_audio,0
1198,199,2981178,2981182,6,0x07,send_buffer,1
1199,199,2981188,2981192,0,0x01,end_of_chunk,0
1200,200,2981196,2981200,1080,0x0F,set_decoding_map,0
1201,200,2982280,2982284,14044,0x11,video_data_11,3
1202,200,2996328,2996332,132,0x13,documented_unknown_13,0
1203,200,2996464,2996468,0,0x04,start_stop_audio,0
1204,200,2996468,2996472,6,0x07,send_buffer,1
1205,200,2996478,2996482,0,0x01,end_of_chunk,0
1206,201,2996486,2996490,1080,0x0F,set_decoding_map,0
1207,201,2997570,2997574,14070,0x11,video_data_11,3
1208,201,3011644,3011648,132,0x13,documented_unknown_13,0
1209,201,3011780,3011784,0,0x04,start_stop_audio,0
1210,201,3011784,3011788,6,0x07,send_buffer,1
1211,201,3011794,3011798,0,0x01,end_of_chunk,0
1212,202,3011802,3011806,1080,0x0F,set_decoding_map,0
1213,202,3012886,3012890,14060,0x11,video_data_11,3
1214,202,3026950,3026954,132,0x13,documented_unknown_13,0
1215,202,3027086,3027090,0,0x04,start_stop_audio,0
1216,202,3027090,3027094,6,0x07,send_buffer,1
1217,202,3027100,3027104,0,0x01,end_of_chunk,0
1218,203,3027108,3027112,1080,0x0F,set_decoding_map,0
1219,203,3028192,3028196,14054,0x11,video_data_11,3
1220,203,3042250,3042254,132,0x13,documented_unknown_13,0
1221,203,3042386,3042390,0,0x04,start_stop_audio,0
1222,203,3042390,3042394,6,0x07,send_buffer,1
1223,203,3042400,3042404,0,0x01,end_of_chunk,0
1224,204,3042408,3042412,1080,0x0F,set_decoding_map,0
1225,204,3043492,3043496,14070,0x11,video_data_11,3
1226,204,3057566,3057570,132,0x13,documented_unknown_13,0
1227,204,3057702,3057706,0,0x04,start_stop_audio,0
1228,204,3057706,3057710,6,0x07,send_buffer,1
1229,204,3057716,3057720,0,0x01,end_of_chunk,0
1230,205,3057724,3057728,1080,0x0F,set_decoding_map,0
1231,205,3058808,3058812,14056,0x11,video_data_11,3
1232,205,3072868,3072872,132,0x13,documented_unknown_13,0
1233,205,3073004,3073008,0,0x04,start_stop_audio,0
1234,205,3073008,3073012,6,0x07,send_buffer,1
1235,205,3073018,3073022,0,0x01,end_of_chunk,0
1236,206,3073026,3073030,1080,0x0F,set_decoding_map,0
1237,206,3074110,3074114,14056,0x11,video_data_11,3
1238,206,3088170,3088174,132,0x13,documented_unknown_13,0
1239,206,3088306,3088310,0,0x04,start_stop_audio,0
1240,206,3088310,3088314,6,0x07,send_buffer,1
1241,206,3088320,3088324,0,0x01,end_of_chunk,0
1242,207,3088328,3088332,1080,0x0F,set_decoding_map,0
1243,207,3089412,3089416,14062,0x11,video_data_11,3
1244,207,3103478,3103482,132,0x13,documented_unknown_13,0
1245,207,3103614,3103618,0,0x04,start_stop_audio,0
1246,207,3103618,3103622,6,0x07,send_buffer,1
1247,207,3103628,3103632,0,0x01,end_of_chunk,0
1248,208,3103636,3103640,1080,0x0F,set_decoding_map,0
1249,208,3104720,3104724,14044,0x11,video_data_11,3
1250,208,3118768,3118772,132,0x13,documented_unknown_13,0
1251,208,3118904,3118908,0,0x04,start_stop_audio,0
1252,208,3118908,3118912,6,0x07,send_buffer,1
1253,208,3118918,3118922,0,0x01,end_of_chunk,0
1254,209,3118926,3118930,1080,0x0F,set_decoding_map,0
1255,209,3120010,3120014,14058,0x11,video_data_11,3
1256,209,3134072,3134076,132,0x13,documented_unknown_13,0
1257,209,3134208,3134212,0,0x04,start_stop_audio,0
1258,209,3134212,3134216,6,0x07,send_buffer,1
1259,209,3134222,3134226,0,0x01,end_of_chunk,0
1260,210,3134230,3134234,1080,0x0F,set_decoding_map,0
1261,210,3135314,3135318,14042,0x11,video_data_11,3
1262,210,3149360,3149364,132,0x13,documented_unknown_13,0
1263,210,3149496,3149500,0,0x04,start_stop_audio,0
1264,210,3149500,3149504,6,0x07,send_buffer,1
1265,210,3149510,3149514,0,0x01,end_of_chunk,0
1266,211,3149518,3149522,1080,0x0F,set_decoding_map,0
1267,211,3150602,3150606,14056,0x11,video_data_11,3
1268,211,3164662,3164666,132,0x13,documented_unknown_13,0
1269,211,3164798,3164802,0,0x04,start_stop_audio,0
1270,211,3164802,3164806,6,0x07,send_buffer,1
1271,211,3164812,3164816,0,0x01,end_of_chunk,0
1272,212,3164820,3164824,1080,0x0F,set_decoding_map,0
1273,212,3165904,3165908,14080,0x11,video_data_11,3
1274,212,3179988,3179992,132,0x13,documented_unknown_13,0
1275,212,3180124,3180128,0,0x04,start_stop_audio,0
1276,212,3180128,3180132,6,0x07,send_buffer,1
1277,212,3180138,3180142,0,0x01,end_of_chunk,0
1278,213,3180146,3180150,1080,0x0F,set_decoding_map,0
1279,213,3181230,3181234,14072,0x11,video_data_11,3
1280,213,3195306,3195310,132,0x13,documented_unknown_13,0
1281,213,3195442,3195446,0,0x04,start_stop_audio,0
1282,213,3195446,3195450,6,0x07,send_buffer,1
1283,213,3195456,3195460,0,0x01,end_of_chunk,0
1284,214,3195464,3195468,1080,0x0F,set_decoding_map,0
1285,214,3196548,3196552,14062,0x11,video_data_11,3
1286,214,3210614,3210618,132,0x13,documented_unknown_13,0
1287,214,3210750,3210754,0,0x04,start_stop_audio,0
1288,214,3210754,3210758,6,0x07,send_buffer,1
1289,214,3210764,3210768,0,0x01,end_of_chunk,0
1290,215,3210772,3210776,1080,0x0F,set_decoding_map,0
1291,215,3211856,3211860,14066,0x11,video_data_11,3
1292,215,3225926,3225930,132,0x13,documented_unknown_13,0
1293,215,3226062,3226066,0,0x04,start_stop_audio,0
1294,215,3226066,3226070,6,0x07,send_buffer,1
1295,215,3226076,3226080,0,0x01,end_of_chunk,0
1296,216,3226084,3226088,1080,0x0F,set_decoding_map,0
1297,216,3227168,3227172,14032,0x11,video_data_11,3
1298,216,3241204,3241208,132,0x13,documented_unknown_13,0
1299,216,3241340,3241344,0,0x04,start_stop_audio,0
1300,216,3241344,3241348,6,0x07,send_buffer,1
1301,216,3241354,3241358,0,0x01,end_of_chunk,0
1302,217,3241362,3241366,1080,0x0F,set_decoding_map,0
1303,217,3242446,3242450,14026,0x11,video_data_11,3
1304,217,3256476,3256480,132,0x13,documented_unknown_13,0
1305,217,3256612,3256616,0,0x04,start_stop_audio,0
1306,217,3256616,3256620,6,0x07,send_buffer,1
1307,217,3256626,3256630,0,0x01,end_of_chunk,0
1308,218,3256634,3256638,1080,0x0F,set_decoding_map,0
1309,218,3257718,3257722,14060,0x11,video_data_11,3
1310,218,3271782,3271786,132,0x13,documented_unknown_13,0
1311,218,3271918,3271922,0,0x04,start_stop_audio,0
1312,218,3271922,3271926,6,0x07,send_buffer,1
1313,218,3271932,3271936,0,0x01,end_of_chunk,0
1314,219,3271940,3271944,1080,0x0F,set_decoding_map,0
1315,219,3273024,3273028,14072,0x11,video_data_11,3
1316,219,3287100,3287104,132,0x13,documented_unknown_13,0
1317,219,3287236,3287240,0,0x04,start_stop_audio,0
1318,219,3287240,3287244,6,0x07,send_buffer,1
1319,219,3287250,3287254,0,0x01,end_of_chunk,0
1320,220,3287258,3287262,1080,0x0F,set_decoding_map,0
1321,220,3288342,3288346,14030,0x11,video_data_11,3
1322,220,3302376,3302380,132,0x13,documented_unknown_13,0
1323,220,3302512,3302516,0,0x04,start_stop_audio,0
1324,220,3302516,3302520,6,0x07,send_buffer,1
1325,220,3302526,3302530,0,0x01,end_of_chunk,0
1326,221,3302534,3302538,1080,0x0F,set_decoding_map,0
1327,221,3303618,3303622,14044,0x11,video_data_11,3
1328,221,3317666,3317670,132,0x13,documented_unknown_13,0
1329,221,3317802,3317806,0,0x04,start_stop_audio,0
1330,221,3317806,3317810,6,0x07,send_buffer,1
1331,221,3317816,3317820,0,0x01,end_of_chunk,0
1332,222,3317824,3317828,1080,0x0F,set_decoding_map,0
1333,222,3318908,3318912,14036,0x11,video_data_11,3
1334,222,3332948,3332952,132,0x13,documented_unknown_13,0
1335,222,3333084,3333088,0,0x04,start_stop_audio,0
1336,222,3333088,3333092,6,0x07,send_buffer,1
1337,222,3333098,3333102,0,0x01,end_of_chunk,0
1338,223,3333106,3333110,1080,0x0F,set_decoding_map,0
1339,223,3334190,3334194,14026,0x11,video_data_11,3
1340,223,3348220,3348224,132,0x13,documented_unknown_13,0
1341,223,3348356,3348360,0,0x04,start_stop_audio,0
1342,223,3348360,3348364,6,0x07,send_buffer,1
1343,223,3348370,3348374,0,0x01,end_of_chunk,0
1344,224,3348378,3348382,1080,0x0F,set_decoding_map,0
1345,224,3349462,3349466,14050,0x11,video_data_11,3
1346,224,3363516,3363520,132,0x13,documented_unknown_13,0
1347,224,3363652,3363656,0,0x04,start_stop_audio,0
1348,224,3363656,3363660,6,0x07,send_buffer,1
1349,224,3363666,3363670,0,0x01,end_of_chunk,0
1350,225,3363674,3363678,1080,0x0F,set_decoding_map,0
1351,225,3364758,3364762,14080,0x11,video_data_11,3
1352,225,3378842,3378846,132,0x13,documented_unknown_13,0
1353,225,3378978,3378982,0,0x04,start_stop_audio,0
1354,225,3378982,3378986,6,0x07,send_buffer,1
1355,225,3378992,3378996,0,0x01,end_of_chunk,0
1356,226,3379000,3379004,1080,0x0F,set_decoding_map,0
1357,226,3380084,3380088,14082,0x11,video_data_11,3
1358,226,3394170,3394174,132,0x13,documented_unknown_13,0
1359,226,3394306,3394310,0,0x04,start_stop_audio,0
1360,226,3394310,3394314,6,0x07,send_buffer,1
1361,226,3394320,3394324,0,0x01,end_of_chunk,0
1362,227,3394328,3394332,1080,0x0F,set_decoding_map,0
1363,227,3395412,3395416,14072,0x11,video_data_11,3
1364,227,3409488,3409492,132,0x13,documented_unknown_13,0
1365,227,3409624,3409628,0,0x04,start_stop_audio,0
1366,227,3409628,3409632,6,0x07,send_buffer,1
1367,227,3409638,3409642,0,0x01,end_of_chunk,0
1368,228,3409646,3409650,1080,0x0F,set_decoding_map,0
1369,228,3410730,3410734,14048,0x11,video_data_11,3
1370,228,3424782,3424786,132,0x13,documented_unknown_13,0
1371,228,3424918,3424922,0,0x04,start_stop_audio,0
1372,228,3424922,3424926,6,0x07,send_buffer,1
1373,228,3424932,3424936,0,0x01,end_of_chunk,0
1374,229,3424940,3424944,1080,0x0F,set_decoding_map,0
1375,229,3426024,3426028,14058,0x11,video_data_11,3
1376,229,3440086,3440090,132,0x13,documented_unknown_13,0
1377,229,3440222,3440226,0,0x04,start_stop_audio,0
1378,229,3440226,3440230,6,0x07,send_buffer,1
1379,229,3440236,3440240,0,0x01,end_of_chunk,0
1380,230,3440244,3440248,1080,0x0F,set_decoding_map,0
1381,230,3441328,3441332,14068,0x11,video_data_11,3
1382,230,3455400,3455404,132,0x13,documented_unknown_13,0
1383,230,3455536,3455540,0,0x04,start_stop_audio,0
1384,230,3455540,3455544,6,0x07,send_buffer,1
1385,230,3455550,3455554,0,0x01,end_of_chunk,0
1386,231,3455558,3455562,1080,0x0F,set_decoding_map,0
1387,231,3456642,3456646,14068,0x11,video_data_11,3
1388,231,3470714,3470718,132,0x13,documented_unknown_13,0
1389,231,3470850,3470854,0,0x04,start_stop_audio,0
1390,231,3470854,3470858,6,0x07,send_buffer,1
1391,231,3470864,3470868,0,0x01,end_of_chunk,0
1392,232,3470872,3470876,1080,0x0F,set_decoding_map,0
1393,232,3471956,3471960,14038,0x11,video_data_11,3
1394,232,3485998,3486002,132,0x13,documented_unknown_13,0
1395,232,3486134,3486138,0,0x04,start_stop_audio,0
1396,232,3486138,3486142,6,0x07,send_buffer,1
1397,232,3486148,3486152,0,0x01,end_of_chunk,0
1398,233,3486156,3486160,1080,0x0F,set_decoding_map,0
1399,233,3487240,3487244,14054,0x11,video_data_11,3
1400,233,3501298,3501302,132,0x13,documented_unknown_13,0
1401,233,3501434,3501438,0,0x04,start_stop_audio,0
1402,233,3501438,3501442,6,0x07,send_buffer,1
1403,233,3501448,3501452,0,0x01,end_of_chunk,0
1404,234,3501456,3501460,1080,0x0F,set_decoding_map,0
1405,234,3502540,3502544,14060,0x11,video_data_11,3
1406,234,3516604,3516608,132,0x13,documented_unknown_13,0
1407,234,3516740,3516744,0,0x04,start_stop_audio,0
1408,234,3516744,3516748,6,0x07,send_buffer,1
1409,234,3516754,3516758,0,0x01,end_of_chunk,0
1410,235,3516762,3516766,1080,0x0F,set_decoding_map,0
1411,235,3517846,3517850,14078,0x11,video_data_11,3
1412,235,3531928,3531932,132,0x13,documented_unknown_13,0
1413,235,3532064,3532068,0,0x04,start_stop_audio,0
1414,235,3532068,3532072,6,0x07,send_buffer,1
1415,235,3532078,3532082,0,0x01,end_of_chunk,0
1416,236,3532086,3532090,1080,0x0F,set_decoding_map,0
1417,236,3533170,3533174,14058,0x11,video_data_11,3
1418,236,3547232,3547236,132,0x13,documented_unknown_13,0
1419,236,3547368,3547372,0,0x04,start_stop_audio,0
1420,236,3547372,3547376,6,0x07,send_buffer,1
1421,236,3547382,3547386,0,0x01,end_of_chunk,0
1422,237,3547390,3547394,1080,0x0F,set_decoding_map,0
1423,237,3548474,3548478,14078,0x11,video_data_11,3
1424,237,3562556,3562560,132,0x13,documented_unknown_13,0
1425,237,3562692,3562696,0,0x04,start_stop_audio,0
1426,237,3562696,3562700,6,0x07,send_buffer,1
1427,237,3562706,3562710,0,0x01,end_of_chunk,0
1428,238,3562714,3562718,1080,0x0F,set_decoding_map,0
1429,238,3563798,3563802,14084,0x11,video_data_11,3
1430,238,3577886,3577890,132,0x13,documented_unknown_13,0
1431,238,3578022,3578026,0,0x04,start_stop_audio,0
1432,238,3578026,3578030,6,0x07,send_buffer,1
1433,238,3578036,3578040,0,0x01,end_of_chunk,0
1434,239,3578044,3578048,1080,0x0F,set_decoding_map,0
1435,239,3579128,3579132,14052,0x11,video_data_11,3
1436,239,3593184,3593188,132,0x13,documented_unknown_13,0
1437,239,3593320,3593324,0,0x04,start_stop_audio,0
1438,239,3593324,3593328,6,0x07,send_buffer,1
1439,239,3593334,3593338,0,0x01,end_of_chunk,0
1440,240,3593342,3593346,1080,0x0F,set_decoding_map,0
1441,240,3594426,3594430,14058,0x11,video_data_11,3
1442,240,3608488,3608492,132,0x13,documented_unknown_13,0
1443,240,3608624,3608628,0,0x04,start_stop_audio,0
1444,240,3608628,3608632,6,0x07,send_buffer,1
1445,240,3608638,3608642,0,0x01,end_of_chunk,0
1446,241,3608646,3608650,1080,0x0F,set_decoding_map,0
1447,241,3609730,3609734,14080,0x11,video_data_11,3
1448,241,3623814,3623818,132,0x13,documented_unknown_13,0
1449,241,3623950,3623954,0,0x04,start_stop_audio,0
1450,241,3623954,3623958,6,0x07,send_buffer,1
1451,241,3623964,3623968,0,0x01,end_of_chunk,0
1452,242,3623972,3623976,1080,0x0F,set_decoding_map,0
1453,242,3625056,3625060,14076,0x11,video_data_11,3
1454,242,3639136,3639140,132,0x13,documented_unknown_13,0
1455,242,3639272,3639276,0,0x04,start_stop_audio,0
1456,242,3639276,3639280,6,0x07,send_buffer,1
1457,242,3639286,3639290,0,0x01,end_of_chunk,0
1458,243,3639294,3639298,1080,0x0F,set_decoding_map,0
1459,243,3640378,3640382,14056,0x11,video_data_11,3
1460,243,3654438,3654442,132,0x13,documented_unknown_13,0
1461,243,3654574,3654578,0,0x04,start_stop_audio,0
1462,243,3654578,3654582,6,0x07,send_buffer,1
1463,243,3654588,3654592,0,0x01,end_of_chunk,0
1464,244,3654596,3654600,1080,0x0F,set_decoding_map,0
1465,244,3655680,3655684,14030,0x11,video_data_11,3
1466,244,3669714,3669718,132,0x13,documented_unknown_13,0
1467,244,3669850,3669854,0,0x04,start_stop_audio,0
1468,244,3669854,3669858,6,0x07,send_buffer,1
1469,244,3669864,3669868,0,0x01,end_of_chunk,0
1470,245,3669872,3669876,1080,0x0F,set_decoding_map,0
1471,245,3670956,3670960,14042,0x11,video_data_11,3
1472,245,3685002,3685006,132,0x13,documented_unknown_13,0
1473,245,3685138,3685142,0,0x04,start_stop_audio,0
1474,245,3685142,3685146,6,0x07,send_buffer,1
1475,245,3685152,3685156,0,0x01,end_of_chunk,0
1476,246,3685160,3685164,1080,0x0F,set_decoding_map,0
1477,246,3686244,3686248,14080,0x11,video_data_11,3
1478,246,3700328,3700332,132,0x13,documented_unknown_13,0
1479,246,3700464,3700468,0,0x04,start_stop_audio,0
1480,246,3700468,3700472,6,0x07,send_buffer,1
1481,246,3700478,3700482,0,0x01,end_of_chunk,0
1482,247,3700486,3700490,1080,0x0F,set_decoding_map,0
1483,247,3701570,3701574,14038,0x11,video_data_11,3
1484,247,3715612,3715616,132,0x13,documented_unknown_13,0
1485,247,3715748,3715752,0,0x04,start_stop_audio,0
1486,247,3715752,3715756,6,0x07,send_buffer,1
1487,247,3715762,3715766,0,0x01,end_of_chunk,0
1488,248,3715770,3715774,1080,0x0F,set_decoding_map,0
1489,248,3716854,3716858,14078,0x11,video_data_11,3
1490,248,3730936,3730940,132,0x13,documented_unknown_13,0
1491,248,3731072,3731076,0,0x04,start_stop_audio,0
1492,248,3731076,3731080,6,0x07,send_buffer,1
1493,248,3731086,3731090,0,0x01,end_of_chunk,0
1494,249,3731094,3731098,1080,0x0F,set_decoding_map,0
1495,249,3732178,3732182,14056,0x11,video_data_11,3
1496,249,3746238,3746242,132,0x13,documented_unknown_13,0
1497,249,3746374,3746378,0,0x04,start_stop_audio,0
1498,249,3746378,3746382,6,0x07,send_buffer,1
1499,249,3746388,3746392,0,0x01,end_of_chunk,0
1500,250,3746396,3746400,1080,0x0F,set_decoding_map,0
1501,250,3747480,3747484,14042,0x11,video_data_11,3
1502,250,3761526,3761530,132,0x13,documented_unknown_13,0
1503,250,3761662,3761666,0,0x04,start_stop_audio,0
1504,250,3761666,3761670,6,0x07,send_buffer,1
1505,250,3761676,3761680,0,0x01,end_of_chunk,0
1506,251,3761684,3761688,1080,0x0F,set_decoding_map,0
1507,251,3762768,3762772,14044,0x11,video_data_11,3
1508,251,3776816,3776820,132,0x13,documented_unknown_13,0
1509,251,3776952,3776956,0,0x04,start_stop_audio,0
1510,251,3776956,3776960,6,0x07,send_buffer,1
1511,251,3776966,3776970,0,0x01,end_of_chunk,0
1512,252,3776974,3776978,1080,0x0F,set_decoding_map,0
1513,252,3778058,3778062,14046,0x11,video_data_11,3
1514,252,3792108,3792112,132,0x13,documented_unknown_13,0
1515,252,3792244,3792248,0,0x04,start_stop_audio,0
1516,252,3792248,3792252,6,0x07,send_buffer,1
1517,252,3792258,3792262,0,0x01,end_of_chunk,0
1518,253,3792266,3792270,1080,0x0F,set_decoding_map,0
1519,253,3793350,3793354,14080,0x11,video_data_11,3
1520,253,3807434,3807438,132,0x13,documented_unknown_13,0
1521,253,3807570,3807574,0,0x04,start_stop_audio,0
1522,253,3807574,3807578,6,0x07,send_buffer,1
1523,253,3807584,3807588,0,0x01,end_of_chunk,0
1524,254,3807592,3807596,1080,0x0F,set_decoding_map,0
1525,254,3808676,3808680,14026,0x11,video_data_11,3
1526,254,3822706,3822710,132,0x13,documented_unknown_13,0
1527,254,3822842,3822846,0,0x04,start_stop_audio,0
1528,254,3822846,3822850,6,0x07,send_buffer,1
1529,254,3822856,3822860,0,0x01,end_of_chunk,0
1530,255,3822864,3822868,1080,0x0F,set_decoding_map,0
1531,255,3823948,3823952,14044,0x11,video_data_11,3
1532,255,3837996,3838000,132,0x13,documented_unknown_13,0
1533,255,3838132,3838136,0,0x04,start_stop_audio,0
1534,255,3838136,3838140,6,0x07,send_buffer,1
1535,255,3838146,3838150,0,0x01,end_of_chunk,0
1536,256,3838154,3838158,1080,0x0F,set_decoding_map,0
1537,256,3839238,3839242,14040,0x11,video_data_11,3
1538,256,3853282,3853286,132,0x13,documented_unknown_13,0
1539,256,3853418,3853422,0,0x04,start_stop_audio,0
1540,256,3853422,3853426,6,0x07,send_buffer,1
1541,256,3853432,3853436,0,0x01,end_of_chunk,0
1542,257,3853440,3853444,1080,0x0F,set_decoding_map,0
1543,257,3854524,3854528,14034,0x11,video_data_11,3
1544,257,3868562,3868566,132,0x13,documented_unknown_13,0
1545,257,3868698,3868702,0,0x04,start_stop_audio,0
1546,257,3868702,3868706,6,0x07,send_buffer,1
1547,257,3868712,3868716,0,0x01,end_of_chunk,0
1548,258,3868720,3868724,1080,0x0F,set_decoding_map,0
1549,258,3869804,3869808,14056,0x11,video_data_11,3
1550,258,3883864,3883868,132,0x13,documented_unknown_13,0
1551,258,3884000,3884004,0,0x04,start_stop_audio,0
1552,258,3884004,3884008,6,0x07,send_buffer,1
1553,258,3884014,3884018,0,0x01,end_of_chunk,0
1554,259,3884022,3884026,1080,0x0F,set_decoding_map,0
1555,259,3885106,3885110,14066,0x11,video_data_11,3
1556,259,3899176,3899180,132,0x13,documented_unknown_13,0
1557,259,3899312,3899316,0,0x04,start_stop_audio,0
1558,259,3899316,3899320,6,0x07,send_buffer,1
1559,259,3899326,3899330,0,0x01,end_of_chunk,0
1560,260,3899334,3899338,1080,0x0F,set_decoding_map,0
1561,260,3900418,3900422,14046,0x11,video_data_11,3
1562,260,3914468,3914472,132,0x13,documented_unknown_13,0
1563,260,3914604,3914608,0,0x04,start_stop_audio,0
1564,260,3914608,3914612,6,0x07,send_buffer,1
1565,260,3914618,3914622,0,0x01,end_of_chunk,0
1566,261,3914626,3914630,1080,0x0F,set_decoding_map,0
1567,261,3915710,3915714,14072,0x11,video_data_11,3
1568,261,3929786,3929790,132,0x13,documented_unknown_13,0
1569,261,3929922,3929926,0,0x04,start_stop_audio,0
1570,261,3929926,3929930,6,0x07,send_buffer,1
1571,261,3929936,3929940,0,0x01,end_of_chunk,0
1572,262,3929944,3929948,1080,0x0F,set_decoding_map,0
1573,262,3931028,3931032,14080,0x11,video_data_11,3
1574,262,3945112,3945116,132,0x13,documented_unknown_13,0
1575,262,3945248,3945252,0,0x04,start_stop_audio,0
1576,262,3945252,3945256,6,0x07,send_buffer,1
1577,262,3945262,3945266,0,0x01,end_of_chunk,0
1578,263,3945270,3945274,1080,0x0F,set_decoding_map,0
1579,263,3946354,3946358,14056,0x11,video_data_11,3
1580,263,3960414,3960418,132,0x13,documented_unknown_13,0
1581,263,3960550,3960554,0,0x04,start_stop_audio,0
1582,263,3960554,3960558,6,0x07,send_buffer,1
1583,263,3960564,3960568,0,0x01,end_of_chunk,0
1584,264,3960572,3960576,1080,0x0F,set_decoding_map,0
1585,264,3961656,3961660,14058,0x11,video_data_11,3
1586,264,3975718,3975722,132,0x13,documented_unknown_13,0
1587,264,3975854,3975858,0,0x04,start_stop_audio,0
1588,264,3975858,3975862,6,0x07,send_buffer,1
1589,264,3975868,3975872,0,0x01,end_of_chunk,0
1590,265,3975876,3975880,1080,0x0F,set_decoding_map,0
1591,265,3976960,3976964,14030,0x11,video_data_11,3
1592,265,3990994,3990998,132,0x13,documented_unknown_13,0
1593,265,3991130,3991134,0,0x04,start_stop_audio,0
1594,265,3991134,3991138,6,0x07,send_buffer,1
1595,265,3991144,3991148,0,0x01,end_of_chunk,0
1596,266,3991152,3991156,1080,0x0F,set_decoding_map,0
1597,266,3992236,3992240,14028,0x11,video_data_11,3
1598,266,4006268,4006272,132,0x13,documented_unknown_13,0
1599,266,4006404,4006408,0,0x04,start_stop_audio,0
1600,266,4006408,4006412,6,0x07,send_buffer,1
1601,266,4006418,4006422,0,0x01,end_of_chunk,0
1602,267,4006426,4006430,1080,0x0F,set_decoding_map,0
1603,267,4007510,4007514,14040,0x11,video_data_11,3
1604,267,4021554,4021558,132,0x13,documented_unknown_13,0
1605,267,4021690,4021694,0,0x04,start_stop_audio,0
1606,267,4021694,4021698,6,0x07,send_buffer,1
1607,267,4021704,4021708,0,0x01,end_of_chunk,0
1608,268,4021712,4021716,1080,0x0F,set_decoding_map,0
1609,268,4022796,4022800,14024,0x11,video_data_11,3
1610,268,4036824,4036828,132,0x13,documented_unknown_13,0
1611,268,4036960,4036964,0,0x04,start_stop_audio,0
1612,268,4036964,4036968,6,0x07,send_buffer,1
1613,268,4036974,4036978,0,0x01,end_of_chunk,0
1614,269,4036982,4036986,1080,0x0F,set_decoding_map,0
1615,269,4038066,4038070,14070,0x11,video_data_11,3
1616,269,4052140,4052144,132,0x13,documented_unknown_13,0
1617,269,4052276,4052280,0,0x04,start_stop_audio,0
1618,269,4052280,4052284,6,0x07,send_buffer,1
1619,269,4052290,4052294,0,0x01,end_of_chunk,0
1620,270,4052298,4052302,1080,0x0F,set_decoding_map,0
1621,270,4053382,4053386,14060,0x11,video_data_11,3
1622,270,4067446,4067450,132,0x13,documented_unknown_13,0
1623,270,4067582,4067586,0,0x04,start_stop_audio,0
1624,270,4067586,4067590,6,0x07,send_buffer,1
1625,270,4067596,4067600,0,0x01,end_of_chunk,0
1626,271,4067604,4067608,1080,0x0F,set_decoding_map,0
1627,271,4068688,4068692,14044,0x11,video_data_11,3
1628,271,4082736,4082740,132,0x13,documented_unknown_13,0
1629,271,4082872,4082876,0,0x04,start_stop_audio,0
1630,271,4082876,4082880,6,0x07,send_buffer,1
1631,271,4082886,4082890,0,0x01,end_of_chunk,0
1632,272,4082894,4082898,1080,0x0F,set_decoding_map,0
1633,272,4083978,4083982,14042,0x11,video_data_11,3
1634,272,4098024,4098028,132,0x13,documented_unknown_13,0
1635,272,4098160,4098164,0,0x04,start_stop_audio,0
1636,272,4098164,4098168,6,0x07,send_buffer,1
1637,272,4098174,4098178,0,0x01,end_of_chunk,0
1638,273,4098182,4098186,1080,0x0F,set_decoding_map,0
1639,273,4099266,4099270,14076,0x11,video_data_11,3
1640,273,4113346,4113350,132,0x13,documented_unknown_13,0
1641,273,4113482,4113486,0,0x04,start_stop_audio,0
1642,273,4113486,4113490,6,0x07,send_buffer,1
1643,273,4113496,4113500,0,0x01,end_of_chunk,0
1644,274,4113504,4113508,1080,0x0F,set_decoding_map,0
1645,274,4114588,4114592,14070,0x11,video_data_11,3
1646,274,4128662,4128666,132,0x13,documented_unknown_13,0
1647,274,4128798,4128802,0,0x04,start_stop_audio,0
1648,274,4128802,4128806,6,0x07,send_buffer,1
1649,274,4128812,4128816,0,0x01,end_of_chunk,0
1650,275,4128820,4128824,1080,0x0F,set_decoding_map,0
1651,275,4129904,4129908,14052,0x11,video_data_11,3
1652,275,4143960,4143964,132,0x13,documented_unknown_13,0
1653,275,4144096,4144100,0,0x04,start_stop_audio,0
1654,275,4144100,4144104,6,0x07,send_buffer,1
1655,275,4144110,4144114,0,0x01,end_of_chunk,0
1656,276,4144118,4144122,1080,0x0F,set_decoding_map,0
1657,276,4145202,4145206,14032,0x11,video_data_11,3
1658,276,4159238,4159242,132,0x13,documented_unknown_13,0
1659,276,4159374,4159378,0,0x04,start_stop_audio,0
1660,276,4159378,4159382,6,0x07,send_buffer,1
1661,276,4159388,4159392,0,0x01,end_of_chunk,0
1662,277,4159396,4159400,1080,0x0F,set_decoding_map,0
1663,277,4160480,4160484,14036,0x11,video_data_11,3
1664,277,4174520,4174524,132,0x13,documented_unknown_13,0
1665,277,4174656,4174660,0,0x04,start_stop_audio,0
1666,277,4174660,4174664,6,0x07,send_buffer,1
1667,277,4174670,4174674,0,0x01,end_of_chunk,0
1668,278,4174678,4174682,1080,0x0F,set_decoding_map,0
1669,278,4175762,4175766,14030,0x11,video_data_11,3
1670,278,4189796,4189800,132,0x13,documented_unknown_13,0
1671,278,4189932,4189936,0,0x04,start_stop_audio,0
1672,278,4189936,4189940,6,0x07,send_buffer,1
1673,278,4189946,4189950,0,0x01,end_of_chunk,0
1674,279,4189954,4189958,1080,0x0F,set_decoding_map,0
1675,279,4191038,4191042,14082,0x11,video_data_11,3
1676,279,4205124,4205128,132,0x13,documented_unknown_13,0
1677,279,4205260,4205264,0,0x04,start_stop_audio,0
1678,279,4205264,4205268,6,0x07,send_buffer,1
1679,279,4205274,4205278,0,0x01,end_of_chunk,0
1680,280,4205282,4205286,1080,0x0F,set_decoding_map,0
1681,280,4206366,4206370,14034,0x11,video_data_11,3
1682,280,4220404,4220408,132,0x13,documented_unknown_13,0
1683,280,4220540,4220544,0,0x04,start_stop_audio,0
1684,280,4220544,4220548,6,0x07,send_buffer,1
1685,280,4220554,4220558,0,0x01,end_of_chunk,0
1686,281,4220562,4220566,1080,0x0F,set_decoding_map,0
1687,281,4221646,4221650,14026,0x11,video_data_11,3
1688,281,4235676,4235680,132,0x13,documented_unknown_13,0
1689,281,4235812,4235816,0,0x04,start_stop_audio,0
1690,281,4235816,4235820,6,0x07,send_buffer,1
1691,281,4235826,4235830,0,0x01,end_of_chunk,0
1692,282,4235834,4235838,1080,0x0F,set_decoding_map,0
1693,282,4236918,4236922,14064,0x11,video_data_11,3
1694,282,4250986,4250990,132,0x13,documented_unknown_13,0
1695,282,4251122,4251126,0,0x04,start_stop_audio,0
1696,282,4251126,4251130,6,0x07,send_buffer,1
1697,282,4251136,4251140,0,0x01,end_of_chunk,0
1698,283,4251144,4251148,1080,0x0F,set_decoding_map,0
1699,283,4252228,4252232,14024,0x11,video_data_11,3
1700,283,4266256,4266260,132,0x13,documented_unknown_13,0
1701,283,4266392,4266396,0,0x04,start_stop_audio,0
1702,283,4266396,4266400,6,0x07,send_buffer,1
1703,283,4266406,4266410,0,0x01,end_of_chunk,0
1704,284,4266414,4266418,1080,0x0F,set_decoding_map,0
1705,284,4267498,4267502,14048,0x11,video_data_11,3
1706,284,4281550,4281554,132,0x13,documented_unknown_13,0
1707,284,4281686,4281690,0,0x04,start_stop_audio,0
1708,284,4281690,4281694,6,0x07,send_buffer,1
1709,284,4281700,4281704,0,0x01,end_of_chunk,0
1710,285,4281708,4281712,1080,0x0F,set_decoding_map,0
1711,285,4282792,4282796,14070,0x11,video_data_11,3
1712,285,4296866,4296870,132,0x13,documented_unknown_13,0
1713,285,4297002,4297006,0,0x04,start_stop_audio,0
1714,285,4297006,4297010,6,0x07,send_buffer,1
1715,285,4297016,4297020,0,0x01,end_of_chunk,0
1716,286,4297024,4297028,1080,0x0F,set_decoding_map,0
1717,286,4298108,4298112,14050,0x11,video_data_11,3
1718,286,4312162,4312166,132,0x13,documented_unknown_13,0
1719,286,4312298,4312302,0,0x04,start_stop_audio,0
1720,286,4312302,4312306,6,0x07,send_buffer,1
1721,286,4312312,4312316,0,0x01,end_of_chunk,0
1722,287,4312320,4312324,1080,0x0F,set_decoding_map,0
1723,287,4313404,4313408,14048,0x11,video_data_11,3
1724,287,4327456,4327460,132,0x13,documented_unknown_13,0
1725,287,4327592,4327596,0,0x04,start_stop_audio,0
1726,287,4327596,4327600,6,0x07,send_buffer,1
1727,287,4327606,4327610,0,0x01,end_of_chunk,0
1728,288,4327614,4327618,1080,0x0F,set_decoding_map,0
1729,288,4328698,4328702,14040,0x11,video_data_11,3
1730,288,4342742,4342746,132,0x13,documented_unknown_13,0
1731,288,4342878,4342882,0,0x04,start_stop_audio,0
1732,288,4342882,4342886,6,0x07,send_buffer,1
1733,288,4342892,4342896,0,0x01,end_of_chunk,0
1734,289,4342900,4342904,1080,0x0F,set_decoding_map,0
1735,289,4343984,4343988,14052,0x11,video_data_11,3
1736,289,4358040,4358044,132,0x13,documented_unknown_13,0
1737,289,4358176,4358180,0,0x04,start_stop_audio,0
1738,289,4358180,4358184,6,0x07,send_buffer,1
1739,289,4358190,4358194,0,0x01,end_of_chunk,0
1740,290,4358198,4358202,1080,0x0F,set_decoding_map,0
1741,290,4359282,4359286,14062,0x11,video_data_11,3
1742,290,4373348,4373352,132,0x13,documented_unknown_13,0
1743,290,4373484,4373488,0,0x04,start_stop_audio,0
1744,290,4373488,4373492,6,0x07,send_buffer,1
1745,290,4373498,4373502,0,0x01,end_of_chunk,0
1746,291,4373506,4373510,1080,0x0F,set_decoding_map,0
1747,291,4374590,4374594,14070,0x11,video_data_11,3
1748,291,4388664,4388668,132,0x13,documented_unknown_13,0
1749,291,4388800,4388804,0,0x04,start_stop_audio,0
1750,291,4388804,4388808,6,0x07,send_buffer,1
1751,291,4388814,4388818,0,0x01,end_of_chunk,0
1752,292,4388822,4388826,1080,0x0F,set_decoding_map,0
1753,292,4389906,4389910,14056,0x11,video_data_11,3
1754,292,4403966,4403970,132,0x13,documented_unknown_13,0
1755,292,4404102,4404106,0,0x04,start_stop_audio,0
1756,292,4404106,4404110,6,0x07,send_buffer,1
1757,292,4404116,4404120,0,0x01,end_of_chunk,0
1758,293,4404124,4404128,1080,0x0F,set_decoding_map,0
1759,293,4405208,4405212,14074,0x11,video_data_11,3
1760,293,4419286,4419290,132,0x13,documented_unknown_13,0
1761,293,4419422,4419426,0,0x04,start_stop_audio,0
1762,293,4419426,4419430,6,0x07,send_buffer,1
1763,293,4419436,4419440,0,0x01,end_of_chunk,0
1764,294,4419444,4419448,1080,0x0F,set_decoding_map,0
1765,294,4420528,4420532,14072,0x11,video_data_11,3
1766,294,4434604,4434608,132,0x13,documented_unknown_13,0
1767,294,4434740,4434744,0,0x04,start_stop_audio,0
1768,294,4434744,4434748,6,0x07,send_buffer,1
1769,294,4434754,4434758,0,0x01,end_of_chunk,0
1770,295,4434762,4434766,1080,0x0F,set_decoding_map,0
1771,295,4435846,4435850,14076,0x11,video_data_11,3
1772,295,4449926,4449930,132,0x13,documented_unknown_13,0
1773,295,4450062,4450066,0,0x04,start_stop_audio,0
1774,295,4450066,4450070,6,0x07,send_buffer,1
1775,295,4450076,4450080,0,0x01,end_of_chunk,0
1776,296,4450084,4450088,1080,0x0F,set_decoding_map,0
1777,296,4451168,4451172,14056,0x11,video_data_11,3
1778,296,4465228,4465232,132,0x13,documented_unknown_13,0
1779,296,4465364,4465368,0,0x04,start_stop_audio,0
1780,296,4465368,4465372,6,0x07,send_buffer,1
1781,296,4465378,4465382,0,0x01,end_of_chunk,0
1782,297,4465386,4465390,1080,0x0F,set_decoding_map,0
1783,297,4466470,4466474,14084,0x11,video_data_11,3
1784,297,4480558,4480562,132,0x13,documented_unknown_13,0
1785,297,4480694,4480698,0,0x04,start_stop_audio,0
1786,297,4480698,4480702,6,0x07,send_buffer,1
1787,297,4480708,4480712,0,0x01,end_of_chunk,0
1788,298,4480716,4480720,1080,0x0F,set_decoding_map,0
1789,298,4481800,4481804,14048,0x11,video_data_11,3
1790,298,4495852,4495856,132,0x13,documented_unknown_13,0
1791,298,4495988,4495992,0,0x04,start_stop_audio,0
1792,298,4495992,4495996,6,0x07,send_buffer,1
1793,298,4496002,4496006,0,0x01,end_of_chunk,0
1794,299,4496010,4496014,1080,0x0F,set_decoding_map,0
1795,299,4497094,4497098,14078,0x11,video_data_11,3
1796,299,4511176,4511180,132,0x13,documented_unknown_13,0
1797,299,4511312,4511316,0,0x04,start_stop_audio,0
1798,299,4511316,4511320,6,0x07,send_buffer,1
1799,299,4511326,4511330,0,0x01,end_of_chunk,0
1800,300,4511334,4511338,1080,0x0F,set_decoding_map,0
1801,300,4512418,4512422,14074,0x11,video_data_11,3
1802,300,4526496,4526500,132,0x13,documented_unknown_13,0
1803,300,4526632,4526636,0,0x04,start_stop_audio,0
1804,300,4526636,4526640,6,0x07,send_buffer,1
1805,300,4526646,4526650,0,0x01,end_of_chunk,0
1806,301,4526654,4526658,1080,0x0F,set_decoding_map,0
1807,301,4527738,4527742,14050,0x11,video_data_11,3
1808,301,4541792,4541796,132,0x13,documented_unknown_13,0
1809,301,4541928,4541932,0,0x04,start_stop_audio,0
1810,301,4541932,4541936,6,0x07,send_buffer,1
1811,301,4541942,4541946,0,0x01,end_of_chunk,0
1812,302,4541950,4541954,1080,0x0F,set_decoding_map,0
1813,302,4543034,4543038,14066,0x11,video_data_11,3
1814,302,4557104,4557108,132,0x13,documented_unknown_13,0
1815,302,4557240,4557244,0,0x04,start_stop_audio,0
1816,302,4557244,4557248,6,0x07,send_buffer,1
1817,302,4557254,4557258,0,0x01,end_of_chunk,0
1818,303,4557262,4557266,1080,0x0F,set_decoding_map,0
1819,303,4558346,4558350,14074,0x11,video_data_11,3
1820,303,4572424,4572428,132,0x13,documented_unknown_13,0
1821,303,4572560,4572564,0,0x04,start_stop_audio,0
1822,303,4572564,4572568,6,0x07,send_buffer,1
1823,303,4572574,4572578,0,0x01,end_of_chunk,0
1824,304,4572582,4572586,1080,0x0F,set_decoding_map,0
1825,304,4573666,4573670,14026,0x11,video_data_11,3
1826,304,4587696,4587700,132,0x13,documented_unknown_13,0
1827,304,4587832,4587836,0,0x04,start_stop_audio,0
1828,304,4587836,4587840,6,0x07,send_buffer,1
1829,304,4587846,4587850,0,0x01,end_of_chunk,0
1830,305,4587854,4587858,1080,0x0F,set_decoding_map,0
1831,305,4588938,4588942,14038,0x11,video_data_11,3
1832,305,4602980,4602984,132,0x13,documented_unknown_13,0
1833,305,4603116,4603120,0,0x04,start_stop_audio,0
1834,305,4603120,4603124,6,0x07,send_buffer,1
1835,305,4603130,4603134,0,0x01,end_of_chunk,0
1836,306,4603138,4603142,1080,0x0F,set_decoding_map,0
1837,306,4604222,4604226,14080,0x11,video_data_11,3
1838,306,4618306,4618310,132,0x13,documented_unknown_13,0
1839,306,4618442,4618446,0,0x04,start_stop_audio,0
1840,306,4618446,4618450,6,0x07,send_buffer,1
1841,306,4618456,4618460,0,0x01,end_of_chunk,0
1842,307,4618464,4618468,1080,0x0F,set_decoding_map,0
1843,307,4619548,4619552,14062,0x11,video_data_11,3
1844,307,4633614,4633618,132,0x13,documented_unknown_13,0
1845,307,4633750,4633754,0,0x04,start_stop_audio,0
1846,307,4633754,4633758,6,0x07,send_buffer,1
1847,307,4633764,4633768,0,0x01,end_of_chunk,0
1848,308,4633772,4633776,1080,0x0F,set_decoding_map,0
1849,308,4634856,4634860,14026,0x11,video_data_11,3
1850,308,4648886,4648890,132,0x13,documented_unknown_13,0
1851,308,4649022,4649026,0,0x04,start_stop_audio,0
1852,308,4649026,4649030,6,0x07,send_buffer,1
1853,308,4649036,4649040,0,0x01,end_of_chunk,0
1854,309,4649044,4649048,1080,0x0F,set_decoding_map,0
1855,309,4650128,4650132,14042,0x11,video_data_11,3
1856,309,4664174,4664178,132,0x13,documented_unknown_13,0
1857,309,4664310,4664314,0,0x04,start_stop_audio,0
1858,309,4664314,4664318,6,0x07,send_buffer,1
1859,309,4664324,4664328,0,0x01,end_of_chunk,0
1860,310,4664332,4664336,1080,0x0F,set_decoding_map,0
1861,310,4665416,4665420,14066,0x11,video_data_11,3
1862,310,4679486,4679490,132,0x13,documented_unknown_13,0
1863,310,4679622,4679626,0,0x04,start_stop_audio,0
1864,310,4679626,4679630,6,0x07,send_buffer,1
1865,310,4679636,4679640,0,0x01,end_of_chunk,0
1866,311,4679644,4679648,1080,0x0F,set_decoding_map,0
1867,311,4680728,4680732,14082,0x11,video_data_11,3
1868,311,4694814,4694818,132,0x13,documented_unknown_13,0
1869,311,4694950,4694954,0,0x04,start_stop_audio,0
1870,311,4694954,4694958,6,0x07,send_buffer,1
1871,311,4694964,4694968,0,0x01,end_of_chunk,0
1872,312,4694972,4694976,1080,0x0F,set_decoding_map,0
1873,312,4696056,4696060,14068,0x11,video_data_11,3
1874,312,4710128,4710132,132,0x13,documented_unknown_13,0
1875,312,4710264,4710268,0,0x04,start_stop_audio,0
1876,312,4710268,4710272,6,0x07,send_buffer,1
1877,312,4710278,4710282,0,0x01,end_of_chunk,0
1878,313,4710286,4710290,1080,0x0F,set_decoding_map,0
1879,313,4711370,4711374,14074,0x11,video_data_11,3
1880,313,4725448,4725452,132,0x13,documented_unknown_13,0
1881,313,4725584,4725588,0,0x04,start_stop_audio,0
1882,313,4725588,4725592,6,0x07,send_buffer,1
1883,313,4725598,4725602,0,0x01,end_of_chunk,0
1884,314,4725606,4725610,1080,0x0F,set_decoding_map,0
1885,314,4726690,4726694,14052,0x11,video_data_11,3
1886,314,4740746,4740750,132,0x13,documented_unknown_13,0
1887,314,4740882,4740886,0,0x04,start_stop_audio,0
1888,314,4740886,4740890,6,0x07,send_buffer,1
1889,314,4740896,4740900,0,0x01,end_of_chunk,0
1890,315,4740904,4740908,1080,0x0F,set_decoding_map,0
1891,315,4741988,4741992,14054,0x11,video_data_11,3
1892,315,4756046,4756050,132,0x13,documented_unknown_13,0
1893,315,4756182,4756186,0,0x04,start_stop_audio,0
1894,315,4756186,4756190,6,0x07,send_buffer,1
1895,315,4756196,4756200,0,0x01,end_of_chunk,0
1896,316,4756204,4756208,1080,0x0F,set_decoding_map,0
1897,316,4757288,4757292,14068,0x11,video_data_11,3
1898,316,4771360,4771364,132,0x13,documented_unknown_13,0
1899,316,4771496,4771500,0,0x04,start_stop_audio,0
1900,316,4771500,4771504,6,0x07,send_buffer,1
1901,316,4771510,4771514,0,0x01,end_of_chunk,0
1902,317,4771518,4771522,1080,0x0F,set_decoding_map,0
1903,317,4772602,4772606,14058,0x11,video_data_11,3
1904,317,4786664,4786668,132,0x13,documented_unknown_13,0
1905,317,4786800,4786804,0,0x04,start_stop_audio,0
1906,317,4786804,4786808,6,0x07,send_buffer,1
1907,317,4786814,4786818,0,0x01,end_of_chunk,0
1908,318,4786822,4786826,1080,0x0F,set_decoding_map,0
1909,318,4787906,4787910,14084,0x11,video_data_11,3
1910,318,4801994,4801998,132,0x13,documented_unknown_13,0
1911,318,4802130,4802134,0,0x04,start_stop_audio,0
1912,318,4802134,4802138,6,0x07,send_buffer,1
1913,318,4802144,4802148,0,0x01,end_of_chunk,0
1914,319,4802152,4802156,1080,0x0F,set_decoding_map,0
1915,319,4803236,4803240,14072,0x11,video_data_11,3
1916,319,4817312,4817316,132,0x13,documented_unknown_13,0
1917,319,4817448,4817452,0,0x04,start_stop_audio,0
1918,319,4817452,4817456,6,0x07,send_buffer,1
1919,319,4817462,4817466,0,0x01,end_of_chunk,0
1920,320,4817470,4817474,1080,0x0F,set_decoding_map,0
1921,320,4818554,4818558,14062,0x11,video_data_11,3
1922,320,4832620,4832624,132,0x13,documented_unknown_13,0
1923,320,4832756,4832760,0,0x04,start_stop_audio,0
1924,320,4832760,4832764,6,0x07,send_buffer,1
1925,320,4832770,4832774,0,0x01,end_of_chunk,0
1926,321,4832778,4832782,1080,0x0F,set_decoding_map,0
1927,321,4833862,4833866,14028,0x11,video_data_11,3
1928,321,4847894,4847898,132,0x13,documented_unknown_13,0
1929,321,4848030,4848034,0,0x04,start_stop_audio,0
1930,321,4848034,4848038,6,0x07,send_buffer,1
1931,321,4848044,4848048,0,0x01,end_of_chunk,0
1932,322,4848052,4848056,1080,0x0F,set_decoding_map,0
1933,322,4849136,4849140,14032,0x11,video_data_11,3
1934,322,4863172,4863176,132,0x13,documented_unknown_13,0
1935,322,4863308,4863312,0,0x04,start_stop_audio,0
1936,322,4863312,4863316,6,0x07,send_buffer,1
1937,322,4863322,4863326,0,0x01,end_of_chunk,0
1938,323,4863330,4863334,1080,0x0F,set_decoding_map,0
1939,323,4864414,4864418,14084,0x11,video_data_11,3
1940,323,4878502,4878506,132,0x13,documented_unknown_13,0
1941,323,4878638,4878642,0,0x04,start_stop_audio,0
1942,323,4878642,4878646,6,0x07,send_buffer,1
1943,323,4878652,4878656,0,0x01,end_of_chunk,0
1944,324,4878660,4878664,1080,0x0F,set_decoding_map,0
1945,324,4879744,4879748,14062,0x11,video_data_11,3
1946,324,4893810,4893814,132,0x13,documented_unknown_13,0
1947,324,4893946,4893950,0,0x04,start_stop_audio,0
1948,324,4893950,4893954,6,0x07,send_buffer,1
1949,324,4893960,4893964,0,0x01,end_of_chunk,0
1950,325,4893968,4893972,1080,0x0F,set_decoding_map,0
1951,325,4895052,4895056,14080,0x11,video_data_11,3
1952,325,4909136,4909140,132,0x13,documented_unknown_13,0
1953,325,4909272,4909276,0,0x04,start_stop_audio,0
1954,325,4909276,4909280,6,0x07,send_buffer,1
1955,325,4909286,4909290,0,0x01,end_of_chunk,0
1956,326,4909294,4909298,1080,0x0F,set_decoding_map,0
1957,326,4910378,4910382,14054,0x11,video_data_11,3
1958,326,4924436,4924440,132,0x13,documented_unknown_13,0
1959,326,4924572,4924576,0,0x04,start_stop_audio,0
1960,326,4924576,4924580,6,0x07,send_buffer,1
1961,326,4924586,4924590,0,0x01,end_of_chunk,0
1962,327,4924594,4924598,1080,0x0F,set_decoding_map,0
1963,327,4925678,4925682,14070,0x11,video_data_11,3
1964,327,4939752,4939756,132,0x13,documented_unknown_13,0
1965,327,4939888,4939892,0,0x04,start_stop_audio,0
1966,327,4939892,4939896,6,0x07,send_buffer,1
1967,327,4939902,4939906,0,0x01,end_of_chunk,0
1968,328,4939910,4939914,1080,0x0F,set_decoding_map,0
1969,328,4940994,4940998,14030,0x11,video_data_11,3
1970,328,4955028,4955032,132,0x13,documented_unknown_13,0
1971,328,4955164,4955168,0,0x04,start_stop_audio,0
1972,328,4955168,4955172,6,0x07,send_buffer,1
1973,328,4955178,4955182,0,0x01,end_of_chunk,0
1974,329,4955186,4955190,1080,0x0F,set_decoding_map,0
1975,329,4956270,4956274,14074,0x11,video_data_11,3
1976,329,4970348,4970352,132,0x13,documented_unknown_13,0
1977,329,4970484,4970488,0,0x04,start_stop_audio,0
1978,329,4970488,4970492,6,0x07,send_buffer,1
1979,329,4970498,4970502,0,0x01,end_of_chunk,0
1980,330,4970506,4970510,1080,0x0F,set_decoding_map,0
1981,330,4971590,4971594,14024,0x11,video_data_11,3
1982,330,4985618,4985622,132,0x13,documented_unknown_13,0
1983,330,4985754,4985758,0,0x04,start_stop_audio,0
1984,330,4985758,4985762,6,0x07,send_buffer,1
1985,330,4985768,4985772,0,0x01,end_of_chunk,0
1986,331,4985776,4985780,1080,0x0F,set_decoding_map,0
1987,331,4986860,4986864,14084,0x11,video_data_11,3
1988,331,5000948,5000952,132,0x13,documented_unknown_13,0
1989,331,5001084,5001088,0,0x04,start_stop_audio,0
1990,331,5001088,5001092,6,0x07,send_buffer,1
1991,331,5001098,5001102,0,0x01,end_of_chunk,0
1992,332,5001106,5001110,1080,0x0F,set_decoding_map,0
1993,332,5002190,5002194,14040,0x11,video_data_11,3
1994,332,5016234,5016238,132,0x13,documented_unknown_13,0
1995,332,5016370,5016374,0,0x04,start_stop_audio,0
1996,332,5016374,5016378,6,0x07,send_buffer,1
1997,332,5016384,5016388,0,0x01,end_of_chunk,0
1998,333,5016392,5016396,1080,0x0F,set_decoding_map,0
1999,333,5017476,5017480,14052,0x11,video_data_11,3
2000,333,5031532,5031536,132,0x13,documented_unknown_13,0
2001,333,5031668,5031672,0,0x04,start_stop_audio,0
2002,333,5031672,5031676,6,0x07,send_buffer,1
2003,333,5031682,5031686,0,0x01,end_of_chunk,0
2004,334,5031690,5031694,1080,0x0F,set_decoding_map,0
2005,334,5032774,5032778,14042,0x11,video_data_11,3
2006,334,5046820,5046824,132,0x13,documented_unknown_13,0
2007,334,5046956,5046960,0,0x04,start_stop_audio,0
2008,334,5046960,5046964,6,0x07,send_buffer,1
2009,334,5046970,5046974,0,0x01,end_of_chunk,0
2010,335,5046978,5046982,1080,0x0F,set_decoding_map,0
2011,335,5048062,5048066,14068,0x11,video_data_11,3
2012,335,5062134,5062138,132,0x13,documented_unknown_13,0
2013,335,5062270,5062274,0,0x04,start_stop_audio,0
2014,335,5062274,5062278,6,0x07,send_buffer,1
2015,335,5062284,5062288,0,0x01,end_of_chunk,0
2016,336,5062292,5062296,1080,0x0F,set_decoding_map,0
2017,336,5063376,5063380,14078,0x11,video_data_11,3
2018,336,5077458,5077462,132,0x13,documented_unknown_13,0
2019,336,5077594,5077598,0,0x04,start_stop_audio,0
2020,336,5077598,5077602,6,0x07,send_buffer,1
2021,336,5077608,5077612,0,0x01,end_of_chunk,0
2022,337,5077616,5077620,1080,0x0F,set_decoding_map,0
2023,337,5078700,5078704,14026,0x11,video_data_11,3
2024,337,5092730,5092734,132,0x13,documented_unknown_13,0
2025,337,5092866,5092870,0,0x04,start_stop_audio,0
2026,337,5092870,5092874,6,0x07,send_buffer,1
2027,337,5092880,5092884,0,0x01,end_of_chunk,0
2028,338,5092888,5092892,1080,0x0F,set_decoding_map,0
2029,338,5093972,5093976,14080,0x11,video_data_11,3
2030,338,5108056,5108060,132,0x13,documented_unknown_13,0
2031,338,5108192,5108196,0,0x04,start_stop_audio,0
2032,338,5108196,5108200,6,0x07,send_buffer,1
2033,338,5108206,5108210,0,0x01,end_of_chunk,0
2034,339,5108214,5108218,1080,0x0F,set_decoding_map,0
2035,339,5109298,5109302,14084,0x11,video_data_11,3
2036,339,5123386,5123390,132,0x13,documented_unknown_13,0
2037,339,5123522,5123526,0,0x04,start_stop_audio,0
2038,339,5123526,5123530,6,0x07,send_buffer,1
2039,339,5123536,5123540,0,0x01,end_of_chunk,0
2040,340,5123544,5123548,1080,0x0F,set_decoding_map,0
2041,340,5124628,5124632,14032,0x11,video_data_11,3
2042,340,5138664,5138668,132,0x13,documented_unknown_13,0
2043,340,5138800,5138804,0,0x04,start_stop_audio,0
2044,340,5138804,5138808,6,0x07,send_buffer,1
2045,340,5138814,5138818,0,0x01,end_of_chunk,0
2046,341,5138822,5138826,1080,0x0F,set_decoding_map,0
2047,341,5139906,5139910,14048,0x11,video_data_11,3
2048,341,5153958,5153962,132,0x13,documented_unknown_13,0
2049,341,5154094,5154098,0,0x04,start_stop_audio,0
2050,341,5154098,5154102,6,0x07,send_buffer,1
2051,341,5154108,5154112,0,0x01,end_of_chunk,0
2052,342,5154116,5154120,1080,0x0F,set_decoding_map,0
2053,342,5155200,5155204,14040,0x11,video_data_11,3
2054,342,5169244,5169248,132,0x13,documented_unknown_13,0
2055,342,5169380,5169384,0,0x04,start_stop_audio,0
2056,342,5169384,5169388,6,0x07,send_buffer,1
2057,342,5169394,5169398,0,0x01,end_of_chunk,0
2058,343,5169402,5169406,1080,0x0F,set_decoding_map,0
2059,343,5170486,5170490,14062,0x11,video_data_11,3
2060,343,5184552,5184556,132,0x13,documented_unknown_13,0
2061,343,5184688,5184692,0,0x04,start_stop_audio,0
2062,343,5184692,5184696,6,0x07,send_buffer,1
2063,343,5184702,5184706,0,0x01,end_of_chunk,0
2064,344,5184710,5184714,1080,0x0F,set_decoding_map,0
2065,344,5185794,5185798,14026,0x11,video_data_11,3
2066,344,5199824,5199828,132,0x13,documented_unknown_13,0
2067,344,5199960,5199964,0,0x04,start_stop_audio,0
2068,344,5199964,5199968,6,0x07,send_buffer,1
2069,344,5199974,5199978,0,0x01,end_of_chunk,0
2070,345,5199982,5199986,1080,0x0F,set_decoding_map,0
2071,345,5201066,5201070,14046,0x11,video_data_11,3
2072,345,5215116,5215120,132,0x13,documented_unknown_13,0
2073,345,5215252,5215256,0,0x04,start_stop_audio,0
2074,345,5215256,5215260,6,0x07,send_buffer,1
2075,345,5215266,5215270,0,0x01,end_of_chunk,0
2076,346,5215274,5215278,1080,0x0F,set_decoding_map,0
2077,346,5216358,5216362,14048,0x11,video_data_11,3
2078,346,5230410,5230414,132,0x13,documented_unknown_13,0
2079,346,5230546,5230550,0,0x04,start_stop_audio,0
2080,346,5230550,5230554,6,0x07,send_buffer,1
2081,346,5230560,5230564,0,0x01,end_of_chunk,0
2082,347,5230568,5230572,1080,0x0F,set_decoding_map,0
2083,347,5231652,5231656,14052,0x11,video_data_11,3
2084,347,5245708,5245712,132,0x13,documented_unknown_13,0
2085,347,5245844,5245848,0,0x04,start_stop_audio,0
2086,347,5245848,5245852,6,0x07,send_buffer,1
2087,347,5245858,5245862,0,0x01,end_of_chunk,0
2088,348,5245866,5245870,1080,0x0F,set_decoding_map,0
2089,348,5246950,5246954,14078,0x11,video_data_11,3
2090,348,5261032,5261036,132,0x13,documented_unknown_13,0
2091,348,5261168,5261172,0,0x04,start_stop_audio,0
2092,348,5261172,5261176,6,0x07,send_buffer,1
2093,348,5261182,5261186,0,0x01,end_of_chunk,0
2094,349,5261190,5261194,1080,0x0F,set_decoding_map,0
2095,349,5262274,5262278,14076,0x11,video_data_11,3
2096,349,5276354,5276358,132,0x13,documented_unknown_13,0
2097,349,5276490,5276494,0,0x04,start_stop_audio,0
2098,349,5276494,5276498,6,0x07,send_buffer,1
2099,349,5276504,5276508,0,0x01,end_of_chunk,0
2100,350,5276512,5276516,1080,0x0F,set_decoding_map,0
2101,350,5277596,5277600,14048,0x11,video_data_11,3
2102,350,5291648,5291652,132,0x13,documented_unknown_13,0
2103,350,5291784,5291788,0,0x04,start_stop_audio,0
2104,350,5291788,5291792,6,0x07,send_buffer,1
2105,350,5291798,5291802,0,0x01,end_of_chunk,0
2106,351,5291806,5291810,1080,0x0F,set_decoding_map,0
2107,351,5292890,5292894,14042,0x11,video_data_11,3
2108,351,5306936,5306940,132,0x13,documented_unknown_13,0
2109,351,5307072,5307076,0,0x04,start_stop_audio,0
2110,351,5307076,5307080,6,0x07,send_buffer,1
2111,351,5307086,5307090,0,0x01,end_of_chunk,0
2112,352,5307094,5307098,1080,0x0F,set_decoding_map,0
2113,352,5308178,5308182,14054,0x11,video_data_11,3
2114,352,5322236,5322240,132,0x13,documented_unknown_13,0
2115,352,5322372,5322376,0,0x04,start_stop_audio,0
2116,352,5322376,5322380,6,0x07,send_buffer,1
2117,352,5322386,5322390,0,0x01,end_of_chunk,0
2118,353,5322394,5322398,1080,0x0F,set_decoding_map,0
2119,353,5323478,5323482,14068,0x11,video_data_11,3
2120,353,5337550,5337554,132,0x13,documented_unknown_13,0
2121,353,5337686,5337690,0,0x04,start_stop_audio,0
2122,353,5337690,5337694,6,0x07,send_buffer,1
2123,353,5337700,5337704,0,0x01,end_of_chunk,0
2124,354,5337708,5337712,1080,0x0F,set_decoding_map,0
2125,354,5338792,5338796,14054,0x11,video_data_11,3
2126,354,5352850,5352854,132,0x13,documented_unknown_13,0
2127,354,5352986,5352990,0,0x04,start_stop_audio,0
2128,354,5352990,5352994,6,0x07,send_buffer,1
2129,354,5353000,5353004,0,0x01,end_of_chunk,0
2130,355,5353008,5353012,1080,0x0F,set_decoding_map,0
2131,355,5354092,5354096,14078,0x11,video_data_11,3
2132,355,5368174,5368178,132,0x13,documented_unknown_13,0
2133,355,5368310,5368314,0,0x04,start_stop_audio,0
2134,355,5368314,5368318,6,0x07,send_buffer,1
2135,355,5368324,5368328,0,0x01,end_of_chunk,0
2136,356,5368332,5368336,1080,0x0F,set_decoding_map,0
2137,356,5369416,5369420,14032,0x11,video_data_11,3
2138,356,5383452,5383456,132,0x13,documented_unknown_13,0
2139,356,5383588,5383592,0,0x04,start_stop_audio,0
2140,356,5383592,5383596,6,0x07,send_buffer,1
2141,356,5383602,5383606,0,0x01,end_of_chunk,0
2142,357,5383610,5383614,1080,0x0F,set_decoding_map,0
2143,357,5384694,5384698,14056,0x11,video_data_11,3
2144,357,5398754,5398758,132,0x13,documented_unknown_13,0
2145,357,5398890,5398894,0,0x04,start_stop_audio,0
2146,357,5398894,5398898,6,0x07,send_buffer,1
2147,357,5398904,5398908,0,0x01,end_of_chunk,0
2148,358,5398912,5398916,1080,0x0F,set_decoding_map,0
2149,358,5399996,5400000,14040,0x11,video_data_11,3
2150,358,5414040,5414044,132,0x13,documented_unknown_13,0
2151,358,5414176,5414180,0,0x04,start_stop_audio,0
2152,358,5414180,5414184,6,0x07,send_buffer,1
2153,358,5414190,5414194,0,0x01,end_of_chunk,0
2154,359,5414198,5414202,1080,0x0F,set_decoding_map,0
2155,359,5415282,5415286,14078,0x11,video_data_11,3
2156,359,5429364,5429368,132,0x13,documented_unknown_13,0
2157,359,5429500,5429504,0,0x04,start_stop_audio,0
2158,359,5429504,5429508,6,0x07,send_buffer,1
2159,359,5429514,5429518,0,0x01,end_of_chunk,0
2160,360,5429522,5429526,1080,0x0F,set_decoding_map,0
2161,360,5430606,5430610,14054,0x11,video_data_11,3
2162,360,5444664,5444668,132,0x13,documented_unknown_13,0
2163,360,5444800,5444804,0,0x04,start_stop_audio,0
2164,360,5444804,5444808,6,0x07,send_buffer,1
2165,360,5444814,5444818,0,0x01,end_of_chunk,0
2166,361,5444822,5444826,1080,0x0F,set_decoding_map,0
2167,361,5445906,5445910,14074,0x11,video_data_11,3
2168,361,5459984,5459988,132,0x13,documented_unknown_13,0
2169,361,5460120,5460124,0,0x04,start_stop_audio,0
2170,361,5460124,5460128,6,0x07,send_buffer,1
2171,361,5460134,5460138,0,0x01,end_of_chunk,0
2172,362,5460142,5460146,1080,0x0F,set_decoding_map,0
2173,362,5461226,5461230,14078,0x11,video_data_11,3
2174,362,5475308,5475312,132,0x13,documented_unknown_13,0
2175,362,5475444,5475448,0,0x04,start_stop_audio,0
2176,362,5475448,5475452,6,0x07,send_buffer,1
2177,362,5475458,5475462,0,0x01,end_of_chunk,0
2178,363,5475466,5475470,1080,0x0F,set_decoding_map,0
2179,363,5476550,5476554,14066,0x11,video_data_11,3
2180,363,5490620,5490624,132,0x13,documented_unknown_13,0
2181,363,5490756,5490760,0,0x04,start_stop_audio,0
2182,363,5490760,5490764,6,0x07,send_buffer,1
2183,363,5490770,5490774,0,0x01,end_of_chunk,0
2184,364,5490778,5490782,1080,0x0F,set_decoding_map,0
2185,364,5491862,5491866,14068,0x11,video_data_11,3
2186,364,5505934,5505938,132,0x13,documented_unknown_13,0
2187,364,5506070,5506074,0,0x04,start_stop_audio,0
2188,364,5506074,5506078,6,0x07,send_buffer,1
2189,364,5506084,5506088,0,0x01,end_of_chunk,0
2190,365,5506092,5506096,1080,0x0F,set_decoding_map,0
2191,365,5507176,5507180,14030,0x11,video_data_11,3
2192,365,5521210,5521214,132,0x13,documented_unknown_13,0
2193,365,5521346,5521350,0,0x04,start_stop_audio,0
2194,365,5521350,5521354,6,0x07,send_buffer,1
2195,365,5521360,5521364,0,0x01,end_of_chunk,0
2196,366,5521368,5521372,1080,0x0F,set_decoding_map,0
2197,366,5522452,5522456,14068,0x11,video_data_11,3
2198,366,5536524,5536528,132,0x13,documented_unknown_13,0
2199,366,5536660,5536664,0,0x04,start_stop_audio,0
2200,366,5536664,5536668,6,0x07,send_buffer,1
2201,366,5536674,5536678,0,0x01,end_of_chunk,0
2202,367,5536682,5536686,1080,0x0F,set_decoding_map,0
2203,367,5537766,5537770,14048,0x11,video_data_11,3
2204,367,5551818,5551822,132,0x13,documented_unknown_13,0
2205,367,5551954,5551958,0,0x04,start_stop_audio,0
2206,367,5551958,5551962,6,0x07,send_buffer,1
2207,367,5551968,5551972,0,0x01,end_of_chunk,0
2208,368,5551976,5551980,1080,0x0F,set_decoding_map,0
2209,368,5553060,5553064,14028,0x11,video_data_11,3
2210,368,5567092,5567096,132,0x13,documented_unknown_13,0
2211,368,5567228,5567232,0,0x04,start_stop_audio,0
2212,368,5567232,5567236,6,0x07,send_buffer,1
2213,368,5567242,5567246,0,0x01,end_of_chunk,0
2214,369,5567250,5567254,1080,0x0F,set_decoding_map,0
2215,369,5568334,5568338,14058,0x11,video_data_11,3
2216,369,5582396,5582400,132,0x13,documented_unknown_13,0
2217,369,5582532,5582536,0,0x04,start_stop_audio,0
2218,369,5582536,5582540,6,0x07,send_buffer,1
2219,369,5582546,5582550,0,0x01,end_of_chunk,0
2220,370,5582554,5582558,1080,0x0F,set_decoding_map,0
2221,370,5583638,5583642,14040,0x11,video_data_11,3
2222,370,5597682,5597686,132,0x13,documented_unknown_13,0
2223,370,5597818,5597822,0,0x04,start_stop_audio,0
2224,370,5597822,5597826,6,0x07,send_buffer,1
2225,370,5597832,5597836,0,0x01,end_of_chunk,0
2226,371,5597840,5597844,1080,0x0F,set_decoding_map,0
2227,371,5598924,5598928,14028,0x11,video_data_11,3
2228,371,5612956,5612960,132,0x13,documented_unknown_13,0
2229,371,5613092,5613096,0,0x04,start_stop_audio,0
2230,371,5613096,5613100,6,0x07,send_buffer,1
2231,371,5613106,5613110,0,0x01,end_of_chunk,0
2232,372,5613114,5613118,1080,0x0F,set_decoding_map,0
2233,372,5614198,5614202,14056,0x11,video_data_11,3
2234,372,5628258,5628262,132,0x13,documented_unknown_13,0
2235,372,5628394,5628398,0,0x04,start_stop_audio,0
2236,372,5628398,5628402,6,0x07,send_buffer,1
2237,372,5628408,5628412,0,0x01,end_of_chunk,0
2238,373,5628416,5628420,1080,0x0F,set_decoding_map,0
2239,373,5629500,5629504,14082,0x11,video_data_11,3
2240,373,5643586,5643590,132,0x13,documented_unknown_13,0
2241,373,5643722,5643726,0,0x04,start_stop_audio,0
2242,373,5643726,5643730,6,0x07,send_buffer,1
2243,373,5643736,5643740,0,0x01,end_of_chunk,0
2244,374,5643744,5643748,1080,0x0F,set_decoding_map,0
2245,374,5644828,5644832,14068,0x11,video_data_11,3
2246,374,5658900,5658904,132,0x13,documented_unknown_13,0
2247,374,5659036,5659040,0,0x04,start_stop_audio,0
2248,374,5659040,5659044,6,0x07,send_buffer,1
2249,374,5659050,5659054,0,0x01,end_of_chunk,0
2250,375,5659058,5659062,1080,0x0F,set_decoding_map,0
2251,375,5660142,5660146,14052,0x11,video_data_11,3
2252,375,5674198,5674202,132,0x13,documented_unknown_13,0
2253,375,5674334,5674338,0,0x04,start_stop_audio,0
2254,375,5674338,5674342,6,0x07,send_buffer,1
2255,375,5674348,5674352,0,0x01,end_of_chunk,0
2256,376,5674356,5674360,1080,0x0F,set_decoding_map,0
2257,376,5675440,5675444,14040,0x11,video_data_11,3
2258,376,5689484,5689488,132,0x13,documented_unknown_13,0
2259,376,5689620,5689624,0,0x04,start_stop_audio,0
2260,376,5689624,5689628,6,0x07,send_buffer,1
2261,376,5689634,5689638,0,0x01,end_of_chunk,0
2262,377,5689642,5689646,1080,0x0F,set_decoding_map,0
2263,377,5690726,5690730,14046,0x11,video_data_11,3
2264,377,5704776,5704780,132,0x13,documented_unknown_13,0
2265,377,5704912,5704916,0,0x04,start_stop_audio,0
2266,377,5704916,5704920,6,0x07,send_buffer,1
2267,377,5704926,5704930,0,0x01,end_of_chunk,0
2268,378,5704934,5704938,1080,0x0F,set_decoding_map,0
2269,378,5706018,5706022,14024,0x11,video_data_11,3
2270,378,5720046,5720050,132,0x13,documented_unknown_13,0
2271,378,5720182,5720186,0,0x04,start_stop_audio,0
2272,378,5720186,5720190,6,0x07,send_buffer,1
2273,378,5720196,5720200,0,0x01,end_of_chunk,0
2274,379,5720204,5720208,1080,0x0F,set_decoding_map,0
2275,379,5721288,5721292,14042,0x11,video_data_11,3
2276,379,5735334,5735338,132,0x13,documented_unknown_13,0
2277,379,5735470,5735474,0,0x04,start_stop_audio,0
2278,379,5735474,5735478,6,0x07,send_buffer,1
2279,379,5735484,5735488,0,0x01,end_of_chunk,0
2280,380,5735492,5735496,1080,0x0F,set_decoding_map,0
2281,380,5736576,5736580,14072,0x11,video_data_11,3
2282,380,5750652,5750656,132,0x13,documented_unknown_13,0
2283,380,5750788,5750792,0,0x04,start_stop_audio,0
2284,380,5750792,5750796,6,0x07,send_buffer,1
2285,380,5750802,5750806,0,0x01,end_of_chunk,0
2286,381,5750810,5750814,1080,0x0F,set_decoding_map,0
2287,381,5751894,5751898,14022,0x11,video_data_11,3
2288,381,5765920,5765924,132,0x13,documented_unknown_13,0
2289,381,5766056,5766060,0,0x04,start_stop_audio,0
2290,381,5766060,5766064,6,0x07,send_buffer,1
2291,381,5766070,5766074,0,0x01,end_of_chunk,0
2292,382,5766078,5766082,1080,0x0F,set_decoding_map,0
2293,382,5767162,5767166,14058,0x11,video_data_11,3
2294,382,5781224,5781228,132,0x13,documented_unknown_13,0
2295,382,5781360,5781364,0,0x04,start_stop_audio,0
2296,382,5781364,5781368,6,0x07,send_buffer,1
2297,382,5781374,5781378,0,0x01,end_of_chunk,0
2298,383,5781382,5781386,1080,0x0F,set_decoding_map,0
2299,383,5782466,5782470,14072,0x11,video_data_11,3
2300,383,5796542,5796546,132,0x13,documented_unknown_13,0
2301,383,5796678,5796682,0,0x04,start_stop_audio,0
2302,383,5796682,5796686,6,0x07,send_buffer,1
2303,383,5796692,5796696,0,0x01,end_of_chunk,0
2304,384,5796700,5796704,1080,0x0F,set_decoding_map,0
2305,384,5797784,5797788,14028,0x11,video_data_11,3
2306,384,5811816,5811820,132,0x13,documented_unknown_13,0
2307,384,5811952,5811956,0,0x04,start_stop_audio,0
2308,384,5811956,5811960,6,0x07,send_buffer,1
2309,384,5811966,5811970,0,0x01,end_of_chunk,0
2310,385,5811974,5811978,1080,0x0F,set_decoding_map,0
2311,385,5813058,5813062,14038,0x11,video_data_11,3
2312,385,5827100,5827104,132,0x13,documented_unknown_13,0
2313,385,5827236,5827240,0,0x04,start_stop_audio,0
2314,385,5827240,5827244,6,0x07,send_buffer,1
2315,385,5827250,5827254,0,0x01,end_of_chunk,0
2316,386,5827258,5827262,1080,0x0F,set_decoding_map,0
2317,386,5828342,5828346,14050,0x11,video_data_11,3
2318,386,5842396,5842400,132,0x13,documented_unknown_13,0
2319,386,5842532,5842536,0,0x04,start_stop_audio,0
2320,386,5842536,5842540,6,0x07,send_buffer,1
2321,386,5842546,5842550,0,0x01,end_of_chunk,0
2322,387,5842554,5842558,1080,0x0F,set_decoding_map,0
2323,387,5843638,5843642,14048,0x11,video_data_11,3
2324,387,5857690,5857694,132,0x13,documented_unknown_13,0
2325,387,5857826,5857830,0,0x04,start_stop_audio,0
2326,387,5857830,5857834,6,0x07,send_buffer,1
2327,387,5857840,5857844,0,0x01,end_of_chunk,0
2328,388,5857848,5857852,1080,0x0F,set_decoding_map,0
2329,388,5858932,5858936,14028,0x11,video_data_11,3
2330,388,5872964,5872968,132,0x13,documented_unknown_13,0
2331,388,5873100,5873104,0,0x04,start_stop_audio,0
2332,388,5873104,5873108,6,0x07,send_buffer,1
2333,388,5873114,5873118,0,0x01,end_of_chunk,0
2334,389,5873122,5873126,1080,0x0F,set_decoding_map,0
2335,389,5874206,5874210,14060,0x11,video_data_11,3
2336,389,5888270,5888274,132,0x13,documented_unknown_13,0
2337,389,5888406,5888410,0,0x04,start_stop_audio,0
2338,389,5888410,5888414,6,0x07,send_buffer,1
2339,389,5888420,5888424,0,0x01,end_of_chunk,0
2340,390,5888428,5888432,1080,0x0F,set_decoding_map,0
2341,390,5889512,5889516,14084,0x11,video_data_11,3
2342,390,5903600,5903604,132,0x13,documented_unknown_13,0
2343,390,5903736,5903740,0,0x04,start_stop_audio,0
2344,390,5903740,5903744,6,0x07,send_buffer,1
2345,390,5903750,5903754,0,0x01,end_of_chunk,0
2346,391,5903758,5903762,1080,0x0F,set_decoding_map,0
2347,391,5904842,5904846,14056,0x11,video_data_11,3
2348,391,5918902,5918906,132,0x13,documented_unknown_13,0
2349,391,5919038,5919042,0,0x04,start_stop_audio,0
2350,391,5919042,5919046,6,0x07,send_buffer,1
2351,391,5919052,5919056,0,0x01,end_of_chunk,0
2352,392,5919060,5919064,1080,0x0F,set_decoding_map,0
2353,392,5920144,5920148,14048,0x11,video_data_11,3
2354,392,5934196,5934200,132,0x13,documented_unknown_13,0
2355,392,5934332,5934336,0,0x04,start_stop_audio,0
2356,392,5934336,5934340,6,0x07,send_buffer,1
2357,392,5934346,5934350,0,0x01,end_of_chunk,0
2358,393,5934354,5934358,1080,0x0F,set_decoding_map,0
2359,393,5935438,5935442,14056,0x11,video_data_11,3
2360,393,5949498,5949502,132,0x13,documented_unknown_13,0
2361,393,5949634,5949638,0,0x04,start_stop_audio,0
2362,393,5949638,5949642,6,0x07,send_buffer,1
2363,393,5949648,5949652,0,0x01,end_of_chunk,0
2364,394,5949656,5949660,1080,0x0F,set_decoding_map,0
2365,394,5950740,5950744,14024,0x11,video_data_11,3
2366,394,5964768,5964772,132,0x13,documented_unknown_13,0
2367,394,5964904,5964908,0,0x04,start_stop_audio,0
2368,394,5964908,5964912,6,0x07,send_buffer,1
2369,394,5964918,5964922,0,0x01,end_of_chunk,0
2370,395,5964926,5964930,1080,0x0F,set_decoding_map,0
2371,395,5966010,5966014,14050,0x11,video_data_11,3
2372,395,5980064,5980068,132,0x13,documented_unknown_13,0
2373,395,5980200,5980204,0,0x04,start_stop_audio,0
2374,395,5980204,5980208,6,0x07,send_buffer,1
2375,395,5980214,5980218,0,0x01,end_of_chunk,0
2376,396,5980222,5980226,1080,0x0F,set_decoding_map,0
2377,396,5981306,5981310,14062,0x11,video_data_11,3
2378,396,5995372,5995376,132,0x13,documented_unknown_13,0
2379,396,5995508,5995512,0,0x04,start_stop_audio,0
2380,396,5995512,5995516,6,0x07,send_buffer,1
2381,396,5995522,5995526,0,0x01,end_of_chunk,0
2382,397,5995530,5995534,1080,0x0F,set_decoding_map,0
2383,397,5996614,5996618,14062,0x11,video_data_11,3
2384,397,6010680,6010684,132,0x13,documented_unknown_13,0
2385,397,6010816,6010820,0,0x04,start_stop_audio,0
2386,397,6010820,6010824,6,0x07,send_buffer,1
2387,397,6010830,6010834,0,0x01,end_of_chunk,0
2388,398,6010838,6010842,1080,0x0F,set_decoding_map,0
2389,398,6011922,6011926,14058,0x11,video_data_11,3
2390,398,6025984,6025988,132,0x13,documented_unknown_13,0
2391,398,6026120,6026124,0,0x04,start_stop_audio,0
2392,398,6026124,6026128,6,0x07,send_buffer,1
2393,398,6026134,6026138,0,0x01,end_of_chunk,0
2394,399,6026142,6026146,1080,0x0F,set_decoding_map,0
2395,399,6027226,6027230,14042,0x11,video_data_11,3
2396,399,6041272,6041276,132,0x13,documented_unknown_13,0
2397,399,6041408,6041412,0,0x04,start_stop_audio,0
2398,399,6041412,6041416,6,0x07,send_buffer,1
2399,399,6041422,6041426,0,0x01,end_of_chunk,0
2400,400,6041430,6041434,1080,0x0F,set_decoding_map,0
2401,400,6042514,6042518,14022,0x11,video_data_11,3
2402,400,6056540,6056544,132,0x13,documented_unknown_13,0
2403,400,6056676,6056680,0,0x04,start_stop_audio,0
2404,400,6056680,6056684,6,0x07,send_buffer,1
2405,400,6056690,6056694,0,0x01,end_of_chunk,0
2406,401,6056698,6056702,1080,0x0F,set_decoding_map,0
2407,401,6057782,6057786,14076,0x11,video_data_11,3
2408,401,6071862,6071866,132,0x13,documented_unknown_13,0
2409,401,6071998,6072002,0,0x04,start_stop_audio,0
2410,401,6072002,6072006,6,0x07,send_buffer,1
2411,401,6072012,6072016,0,0x01,end_of_chunk,0
2412,402,6072020,6072024,1080,0x0F,set_decoding_map,0
2413,402,6073104,6073108,14076,0x11,video_data_11,3
2414,402,6087184,6087188,132,0x13,documented_unknown_13,0
2415,402,6087320,6087324,0,0x04,start_stop_audio,0
2416,402,6087324,6087328,6,0x07,send_buffer,1
2417,402,6087334,6087338,0,0x01,end_of_chunk,0
2418,403,6087342,6087346,1080,0x0F,set_decoding_map,0
2419,403,6088426,6088430,14064,0x11,video_data_11,3
2420,403,6102494,6102498,132,0x13,documented_unknown_13,0
2421,403,6102630,6102634,0,0x04,start_stop_audio,0
2422,403,6102634,6102638,6,0x07,send_buffer,1
2423,403,6102644,6102648,0,0x01,end_of_chunk,0
2424,404,6102652,6102656,1080,0x0F,set_decoding_map,0
2425,404,6103736,6103740,14050,0x11,video_data_11,3
2426,404,6117790,6117794,132,0x13,documented_unknown_13,0
2427,404,6117926,6117930,0,0x04,start_stop_audio,0
2428,404,6117930,6117934,6,0x07,send_buffer,1
2429,404,6117940,6117944,0,0x01,end_of_chunk,0
2430,405,6117948,6117952,1080,0x0F,set_decoding_map,0
2431,405,6119032,6119036,14050,0x11,video_data_11,3
2432,405,6133086,6133090,132,0x13,documented_unknown_13,0
2433,405,6133222,6133226,0,0x04,start_stop_audio,0
2434,405,6133226,6133230,6,0x07,send_buffer,1
2435,405,6133236,6133240,0,0x01,end_of_chunk,0
2436,406,6133244,6133248,1080,0x0F,set_decoding_map,0
2437,406,6134328,6134332,14074,0x11,video_data_11,3
2438,406,6148406,6148410,132,0x13,documented_unknown_13,0
2439,406,6148542,6148546,0,0x04,start_stop_audio,0
2440,406,6148546,6148550,6,0x07,send_buffer,1
2441,406,6148556,6148560,0,0x01,end_of_chunk,0
2442,407,6148564,6148568,1080,0x0F,set_decoding_map,0
2443,407,6149648,6149652,14030,0x11,video_data_11,3
2444,407,6163682,6163686,132,0x13,documented_unknown_13,0
2445,407,6163818,6163822,0,0x04,start_stop_audio,0
2446,407,6163822,6163826,6,0x07,send_buffer,1
2447,407,6163832,6163836,0,0x01,end_of_chunk,0
2448,408,6163840,6163844,1080,0x0F,set_decoding_map,0
2449,408,6164924,6164928,14024,0x11,video_data_11,3
2450,408,6178952,6178956,132,0x13,documented_unknown_13,0
2451,408,6179088,6179092,0,0x04,start_stop_audio,0
2452,408,6179092,6179096,6,0x07,send_buffer,1
2453,408,6179102,6179106,0,0x01,end_of_chunk,0
2454,409,6179110,6179114,1080,0x0F,set_decoding_map,0
2455,409,6180194,6180198,14032,0x11,video_data_11,3
2456,409,6194230,6194234,132,0x13,documented_unknown_13,0
2457,409,6194366,6194370,0,0x04,start_stop_audio,0
2458,409,6194370,6194374,6,0x07,send_buffer,1
2459,409,6194380,6194384,0,0x01,end_of_chunk,0
2460,410,6194388,6194392,1080,0x0F,set_decoding_map,0
2461,410,6195472,6195476,14072,0x11,video_data_11,3
2462,410,6209548,6209552,132,0x13,documented_unknown_13,0
2463,410,6209684,6209688,0,0x04,start_stop_audio,0
2464,410,6209688,6209692,6,0x07,send_buffer,1
2465,410,6209698,6209702,0,0x01,end_of_chunk,0
2466,411,6209706,6209710,1080,0x0F,set_decoding_map,0
2467,411,6210790,6210794,14050,0x11,video_data_11,3
2468,411,6224844,6224848,132,0x13,documented_unknown_13,0
2469,411,6224980,6224984,0,0x04,start_stop_audio,0
2470,411,6224984,6224988,6,0x07,send_buffer,1
2471,411,6224994,6224998,0,0x01,end_of_chunk,0
2472,412,6225002,6225006,1080,0x0F,set_decoding_map,0
2473,412,6226086,6226090,14056,0x11,video_data_11,3
2474,412,6240146,6240150,132,0x13,documented_unknown_13,0
2475,412,6240282,6240286,0,0x04,start_stop_audio,0
2476,412,6240286,6240290,6,0x07,send_buffer,1
2477,412,6240296,6240300,0,0x01,end_of_chunk,0
2478,413,6240304,6240308,1080,0x0F,set_decoding_map,0
2479,413,6241388,6241392,14036,0x11,video_data_11,3
2480,413,6255428,6255432,132,0x13,documented_unknown_13,0
2481,413,6255564,6255568,0,0x04,start_stop_audio,0
2482,413,6255568,6255572,6,0x07,send_buffer,1
2483,413,6255578,6255582,0,0x01,end_of_chunk,0
2484,414,6255586,6255590,1080,0x0F,set_decoding_map,0
2485,414,6256670,6256674,14042,0x11,video_data_11,3
2486,414,6270716,6270720,132,0x13,documented_unknown_13,0
2487,414,6270852,6270856,0,0x04,start_stop_audio,0
2488,414,6270856,6270860,6,0x07,send_buffer,1
2489,414,6270866,6270870,0,0x01,end_of_chunk,0
2490,415,6270874,6270878,1080,0x0F,set_decoding_map,0
2491,415,6271958,6271962,14026,0x11,video_data_11,3
2492,415,6285988,6285992,132,0x13,documented_unknown_13,0
2493,415,6286124,6286128,0,0x04,start_stop_audio,0
2494,415,6286128,6286132,6,0x07,send_buffer,1
2495,415,6286138,6286142,0,0x01,end_of_chunk,0
2496,416,6286146,6286150,1080,0x0F,set_decoding_map,0
2497,416,6287230,6287234,14028,0x11,video_data_11,3
2498,416,6301262,6301266,132,0x13,documented_unknown_13,0
2499,416,6301398,6301402,0,0x04,start_stop_audio,0
2500,416,6301402,6301406,6,0x07,send_buffer,1
2501,416,6301412,6301416,0,0x01,end_of_chunk,0
2502,417,6301420,6301424,1080,0x0F,set_decoding_map,0
2503,417,6302504,6302508,14028,0x11,video_data_11,3
2504,417,6316536,6316540,132,0x13,documented_unknown_13,0
2505,417,6316672,6316676,0,0x04,start_stop_audio,0
2506,417,6316676,6316680,6,0x07,send_buffer,1
2507,417,6316686,6316690,0,0x01,end_of_chunk,0
2508,418,6316694,6316698,1080,0x0F,set_decoding_map,0
2509,418,6317778,6317782,14078,0x11,video_data_11,3
2510,418,6331860,6331864,132,0x13,documented_unknown_13,0
2511,418,6331996,6332000,0,0x04,start_stop_audio,0
2512,418,6332000,6332004,6,0x07,send_buffer,1
2513,418,6332010,6332014,0,0x01,end_of_chunk,0
2514,419,6332018,6332022,1080,0x0F,set_decoding_map,0
2515,419,6333102,6333106,14082,0x11,video_data_11,3
2516,419,6347188,6347192,132,0x13,documented_unknown_13,0
2517,419,6347324,6347328,0,0x04,start_stop_audio,0
2518,419,6347328,6347332,6,0x07,send_buffer,1
2519,419,6347338,6347342,0,0x01,end_of_chunk,0
2520,420,6347346,6347350,1080,0x0F,set_decoding_map,0
2521,420,6348430,6348434,14042,0x11,video_data_11,3
2522,420,6362476,6362480,132,0x13,documented_unknown_13,0
2523,420,6362612,6362616,0,0x04,start_stop_audio,0
2524,420,6362616,6362620,6,0x07,send_buffer,1
2525,420,6362626,6362630,0,0x01,end_of_chunk,0
2526,421,6362634,6362638,1080,0x0F,set_decoding_map,0
2527,421,6363718,6363722,14042,0x11,video_data_11,3
2528,421,6377764,6377768,132,0x13,documented_unknown_13,0
2529,421,6377900,6377904,0,0x04,start_stop_audio,0
2530,421,6377904,6377908,6,0x07,send_buffer,1
2531,421,6377914,6377918,0,0x01,end_of_chunk,0
2532,422,6377922,6377926,1080,0x0F,set_decoding_map,0
2533,422,6379006,6379010,14054,0x11,video_data_11,3
2534,422,6393064,6393068,132,0x13,documented_unknown_13,0
2535,422,6393200,6393204,0,0x04,start_stop_audio,0
2536,422,6393204,6393208,6,0x07,send_buffer,1
2537,422,6393214,6393218,0,0x01,end_of_chunk,0
2538,423,6393222,6393226,1080,0x0F,set_decoding_map,0
2539,423,6394306,6394310,14084,0x11,video_data_11,3
2540,423,6408394,6408398,132,0x13,documented_unknown_13,0
2541,423,6408530,6408534,0,0x04,start_stop_audio,0
2542,423,6408534,6408538,6,0x07,send_buffer,1
2543,423,6408544,6408548,0,0x01,end_of_chunk,0
2544,424,6408552,6408556,1080,0x0F,set_decoding_map,0
2545,424,6409636,6409640,14076,0x11,video_data_11,3
2546,424,6423716,6423720,132,0x13,documented_unknown_13,0
2547,424,6423852,6423856,0,0x04,start_stop_audio,0
2548,424,6423856,6423860,6,0x07,send_buffer,1
2549,424,6423866,6423870,0,0x01,end_of_chunk,0
2550,425,6423874,6423878,1080,0x0F,set_decoding_map,0
2551,425,6424958,6424962,14040,0x11,video_data_11,3
2552,425,6439002,6439006,132,0x13,documented_unknown_13,0
2553,425,6439138,6439142,0,0x04,start_stop_audio,0
2554,425,6439142,6439146,6,0x07,send_buffer,1
2555,425,6439152,6439156,0,0x01,end_of_chunk,0
2556,426,6439160,6439164,1080,0x0F,set_decoding_map,0
2557,426,6440244,6440248,14062,0x11,video_data_11,3
2558,426,6454310,6454314,132,0x13,documented_unknown_13,0
2559,426,6454446,6454450,0,0x04,start_stop_audio,0
2560,426,6454450,6454454,6,0x07,send_buffer,1
2561,426,6454460,6454464,0,0x01,end_of_chunk,0
2562,427,6454468,6454472,1080,0x0F,set_decoding_map,0
2563,427,6455552,6455556,14038,0x11,video_data_11,3
2564,427,6469594,6469598,132,0x13,documented_unknown_13,0
2565,427,6469730,6469734,0,0x04,start_stop_audio,0
2566,427,6469734,6469738,6,0x07,send_buffer,1
2567,427,6469744,6469748,0,0x01,end_of_chunk,0
2568,428,6469752,6469756,1080,0x0F,set_decoding_map,0
2569,428,6470836,6470840,14068,0x11,video_data_11,3
2570,428,6484908,6484912,132,0x13,documented_unknown_13,0
2571,428,6485044,6485048,0,0x04,start_stop_audio,0
2572,428,6485048,6485052,6,0x07,send_buffer,1
2573,428,6485058,6485062,0,0x01,end_of_chunk,0
2574,429,6485066,6485070,1080,0x0F,set_decoding_map,0
2575,429,6486150,6486154,14064,0x11,video_data_11,3
2576,429,6500218,6500222,132,0x13,documented_unknown_13,0
2577,429,6500354,6500358,0,0x04,start_stop_audio,0
2578,429,6500358,6500362,6,0x07,send_buffer,1
2579,429,6500368,6500372,0,0x01,end_of_chunk,0
2580,430,6500376,6500380,1080,0x0F,set_decoding_map,0
2581,430,6501460,6501464,14084,0x11,video_data_11,3
2582,430,6515548,6515552,132,0x13,documented_unknown_13,0
2583,430,6515684,6515688,0,0x04,start_stop_audio,0
2584,430,6515688,6515692,6,0x07,send_buffer,1
2585,430,6515698,6515702,0,0x01,end_of_chunk,0
2586,431,6515706,6515710,1080,0x0F,set_decoding_map,0
2587,431,6516790,6516794,14038,0x11,video_data_11,3
2588,431,6530832,6530836,132,0x13,documented_unknown_13,0
2589,431,6530968,6530972,0,0x04,start_stop_audio,0
2590,431,6530972,6530976,6,0x07,send_buffer,1
2591,431,6530982,6530986,0,0x01,end_of_chunk,0
2592,432,6530990,6530994,1080,0x0F,set_decoding_map,0
2593,432,6532074,6532078,14038,0x11,video_data_11,3
2594,432,6546116,6546120,132,0x13,documented_unknown_13,0
2595,432,6546252,6546256,0,0x04,start_stop_audio,0
2596,432,6546256,6546260,6,0x07,send_buffer,1
2597,432,6546266,6546270,0,0x01,end_of_chunk,0
2598,433,6546274,6546278,1080,0x0F,set_decoding_map,0
2599,433,6547358,6547362,14050,0x11,video_data_11,3
2600,433,6561412,6561416,132,0x13,documented_unknown_13,0
2601,433,6561548,6561552,0,0x04,start_stop_audio,0
2602,433,6561552,6561556,6,0x07,send_buffer,1
2603,433,6561562,6561566,0,0x01,end_of_chunk,0
2604,434,6561570,6561574,1080,0x0F,set_decoding_map,0
2605,434,6562654,6562658,14026,0x11,video_data_11,3
2606,434,6576684,6576688,132,0x13,documented_unknown_13,0
2607,434,6576820,6576824,0,0x04,start_stop_audio,0
2608,434,6576824,6576828,6,0x07,send_buffer,1
2609,434,6576834,6576838,0,0x01,end_of_chunk,0
2610,435,6576842,6576846,1080,0x0F,set_decoding_map,0
2611,435,6577926,6577930,14036,0x11,video_data_11,3
2612,435,6591966,6591970,132,0x13,documented_unknown_13,0
2613,435,6592102,6592106,0,0x04,start_stop_audio,0
2614,435,6592106,6592110,6,0x07,send_buffer,1
2615,435,6592116,6592120,0,0x01,end_of_chunk,0
2616,436,6592124,6592128,1080,0x0F,set_decoding_map,0
2617,436,6593208,6593212,14072,0x11,video_data_11,3
2618,436,6607284,6607288,132,0x13,documented_unknown_13,0
2619,436,6607420,6607424,0,0x04,start_stop_audio,0
2620,436,6607424,6607428,6,0x07,send_buffer,1
2621,436,6607434,6607438,0,0x01,end_of_chunk,0
2622,437,6607442,6607446,1080,0x0F,set_decoding_map,0
2623,437,6608526,6608530,14050,0x11,video_data_11,3
2624,437,6622580,6622584,132,0x13,documented_unknown_13,0
2625,437,6622716,6622720,0,0x04,start_stop_audio,0
2626,437,6622720,6622724,6,0x07,send_buffer,1
2627,437,6622730,6622734,0,0x01,end_of_chunk,0
2628,438,6622738,6622742,1080,0x0F,set_decoding_map,0
2629,438,6623822,6623826,14030,0x11,video_data_11,3
2630,438,6637856,6637860,132,0x13,documented_unknown_13,0
2631,438,6637992,6637996,0,0x04,start_stop_audio,0
2632,438,6637996,6638000,6,0x07,send_buffer,1
2633,438,6638006,6638010,0,0x01,end_of_chunk,0
2634,439,6638014,6638018,1080,0x0F,set_decoding_map,0
2635,439,6639098,6639102,14046,0x11,video_data_11,3
2636,439,6653148,6653152,132,0x13,documented_unknown_13,0
2637,439,6653284,6653288,0,0x04,start_stop_audio,0
2638,439,6653288,6653292,6,0x07,send_buffer,1
2639,439,6653298,6653302,0,0x01,end_of_chunk,0
2640,440,6653306,6653310,1080,0x0F,set_decoding_map,0
2641,440,6654390,6654394,14046,0x11,video_data_11,3
2642,440,6668440,6668444,132,0x13,documented_unknown_13,0
2643,440,6668576,6668580,0,0x04,start_stop_audio,0
2644,440,6668580,6668584,6,0x07,send_buffer,1
2645,440,6668590,6668594,0,0x01,end_of_chunk,0
2646,441,6668598,6668602,1080,0x0F,set_decoding_map,0
2647,441,6669682,6669686,14036,0x11,video_data_11,3
2648,441,6683722,6683726,132,0x13,documented_unknown_13,0
2649,441,6683858,6683862,0,0x04,start_stop_audio,0
2650,441,6683862,6683866,6,0x07,send_buffer,1
2651,441,6683872,6683876,0,0x01,end_of_chunk,0
2652,442,6683880,6683884,1080,0x0F,set_decoding_map,0
2653,442,6684964,6684968,14052,0x11,video_data_11,3
2654,442,6699020,6699024,132,0x13,documented_unknown_13,0
2655,442,6699156,6699160,0,0x04,start_stop_audio,0
2656,442,6699160,6699164,6,0x07,send_buffer,1
2657,442,6699170,6699174,0,0x01,end_of_chunk,0
2658,443,6699178,6699182,1080,0x0F,set_decoding_map,0
2659,443,6700262,6700266,14060,0x11,video_data_11,3
2660,443,6714326,6714330,132,0x13,documented_unknown_13,0
2661,443,6714462,6714466,0,0x04,start_stop_audio,0
2662,443,6714466,6714470,6,0x07,send_buffer,1
2663,443,6714476,6714480,0,0x01,end_of_chunk,0
2664,444,6714484,6714488,1080,0x0F,set_decoding_map,0
2665,444,6715568,6715572,14074,0x11,video_data_11,3
2666,444,6729646,6729650,132,0x13,documented_unknown_13,0
2667,444,6729782,6729786,0,0x04,start_stop_audio,0
2668,444,6729786,6729790,6,0x07,send_buffer,1
2669,444,6729796,6729800,0,0x01,end_of_chunk,0
2670,445,6729804,6729808,1080,0x0F,set_decoding_map,0
2671,445,6730888,6730892,14030,0x11,video_data_11,3
2672,445,6744922,6744926,132,0x13,documented_unknown_13,0
2673,445,6745058,6745062,0,0x04,start_stop_audio,0
2674,445,6745062,6745066,6,0x07,send_buffer,1
2675,445,6745072,6745076,0,0x01,end_of_chunk,0
2676,446,6745080,6745084,1080,0x0F,set_decoding_map,0
2677,446,6746164,6746168,14038,0x11,video_data_11,3
2678,446,6760206,6760210,132,0x13,documented_unknown_13,0
2679,446,6760342,6760346,0,0x04,start_stop_audio,0
2680,446,6760346,6760350,6,0x07,send_buffer,1
2681,446,6760356,6760360,0,0x01,end_of_chunk,0
2682,447,6760364,6760368,1080,0x0F,set_decoding_map,0
2683,447,6761448,6761452,14024,0x11,video_data_11,3
2684,447,6775476,6775480,132,0x13,documented_unknown_13,0
2685,447,6775612,6775616,0,0x04,start_stop_audio,0
2686,447,6775616,6775620,6,0x07,send_buffer,1
2687,447,6775626,6775630,0,0x01,end_of_chunk,0
2688,448,6775634,6775638,1080,0x0F,set_decoding_map,0
2689,448,6776718,6776722,14026,0x11,video_data_11,3
2690,448,6790748,6790752,132,0x13,documented_unknown_13,0
2691,448,6790884,6790888,0,0x04,start_stop_audio,0
2692,448,6790888,6790892,6,0x07,send_buffer,1
2693,448,6790898,6790902,0,0x01,end_of_chunk,0
2694,449,6790906,6790910,1080,0x0F,set_decoding_map,0
2695,449,6791990,6791994,14028,0x11,video_data_11,3
2696,449,6806022,6806026,132,0x13,documented_unknown_13,0
2697,449,6806158,6806162,0,0x04,start_stop_audio,0
2698,449,6806162,6806166,6,0x07,send_buffer,1
2699,449,6806172,6806176,0,0x01,end_of_chunk,0
2700,450,6806180,6806184,1080,0x0F,set_decoding_map,0
2701,450,6807264,6807268,14028,0x11,video_data_11,3
2702,450,6821296,6821300,132,0x13,documented_unknown_13,0
2703,450,6821432,6821436,0,0x04,start_stop_audio,0
2704,450,6821436,6821440,6,0x07,send_buffer,1
2705,450,6821446,6821450,0,0x01,end_of_chunk,0
2706,451,6821454,6821458,1080,0x0F,set_decoding_map,0
2707,451,6822538,6822542,14032,0x11,video_data_11,3
2708,451,6836574,6836578,132,0x13,documented_unknown_13,0
2709,451,6836710,6836714,0,0x04,start_stop_audio,0
2710,451,6836714,6836718,6,0x07,send_buffer,1
2711,451,6836724,6836728,0,0x01,end_of_chunk,0
2712,452,6836732,6836736,1080,0x0F,set_decoding_map,0
2713,452,6837816,6837820,14054,0x11,video_data_11,3
2714,452,6851874,6851878,132,0x13,documented_unknown_13,0
2715,452,6852010,6852014,0,0x04,start_stop_audio,0
2716,452,6852014,6852018,6,0x07,send_buffer,1
2717,452,6852024,6852028,0,0x01,end_of_chunk,0
2718,453,6852032,6852036,1080,0x0F,set_decoding_map,0
2719,453,6853116,6853120,14052,0x11,video_data_11,3
2720,453,6867172,6867176,132,0x13,documented_unknown_13,0
2721,453,6867308,6867312,0,0x04,start_stop_audio,0
2722,453,6867312,6867316,6,0x07,send_buffer,1
2723,453,6867322,6867326,0,0x01,end_of_chunk,0
2724,454,6867330,6867334,1080,0x0F,set_decoding_map,0
2725,454,6868414,6868418,14032,0x11,video_data_11,3
2726,454,6882450,6882454,132,0x13,documented_unknown_13,0
2727,454,6882586,6882590,0,0x04,start_stop_audio,0
2728,454,6882590,6882594,6,0x07,send_buffer,1
2729,454,6882600,6882604,0,0x01,end_of_chunk,0
2730,455,6882608,6882612,1080,0x0F,set_decoding_map,0
2731,455,6883692,6883696,14062,0x11,video_data_11,3
2732,455,6897758,6897762,132,0x13,documented_unknown_13,0
2733,455,6897894,6897898,0,0x04,start_stop_audio,0
2734,455,6897898,6897902,6,0x07,send_buffer,1
2735,455,6897908,6897912,0,0x01,end_of_chunk,0
2736,456,6897916,6897920,1080,0x0F,set_decoding_map,0
2737,456,6899000,6899004,14028,0x11,video_data_11,3
2738,456,6913032,6913036,132,0x13,documented_unknown_13,0
2739,456,6913168,6913172,0,0x04,start_stop_audio,0
2740,456,6913172,6913176,6,0x07,send_buffer,1
2741,456,6913182,6913186,0,0x01,end_of_chunk,0
2742,457,6913190,6913194,1080,0x0F,set_decoding_map,0
2743,457,6914274,6914278,14046,0x11,video_data_11,3
2744,457,6928324,6928328,132,0x13,documented_unknown_13,0
2745,457,6928460,6928464,0,0x04,start_stop_audio,0
2746,457,6928464,6928468,6,0x07,send_buffer,1
2747,457,6928474,6928478,0,0x01,end_of_chunk,0
2748,458,6928482,6928486,1080,0x0F,set_decoding_map,0
2749,458,6929566,6929570,14028,0x11,video_data_11,3
2750,458,6943598,6943602,132,0x13,documented_unknown_13,0
2751,458,6943734,6943738,0,0x04,start_stop_audio,0
2752,458,6943738,6943742,6,0x07,send_buffer,1
2753,458,6943748,6943752,0,0x01,end_of_chunk,0
2754,459,6943756,6943760,1080,0x0F,set_decoding_map,0
2755,459,6944840,6944844,14072,0x11,video_data_11,3
2756,459,6958916,6958920,132,0x13,documented_unknown_13,0
2757,459,6959052,6959056,0,0x04,start_stop_audio,0
2758,459,6959056,6959060,6,0x07,send_buffer,1
2759,459,6959066,6959070,0,0x01,end_of_chunk,0
2760,460,6959074,6959078,1080,0x0F,set_decoding_map,0
2761,460,6960158,6960162,14072,0x11,video_data_11,3
2762,460,6974234,6974238,132,0x13,documented_unknown_13,0
2763,460,6974370,6974374,0,0x04,start_stop_audio,0
2764,460,6974374,6974378,6,0x07,send_buffer,1
2765,460,6974384,6974388,0,0x01,end_of_chunk,0
2766,461,6974392,6974396,1080,0x0F,set_decoding_map,0
2767,461,6975476,6975480,14058,0x11,video_data_11,3
2768,461,6989538,6989542,132,0x13,documented_unknown_13,0
2769,461,6989674,6989678,0,0x04,start_stop_audio,0
2770,461,6989678,6989682,6,0x07,send_buffer,1
2771,461,6989688,6989692,0,0x01,end_of_chunk,0
2772,462,6989696,6989700,1080,0x0F,set_decoding_map,0
2773,462,6990780,6990784,14030,0x11,video_data_11,3
2774,462,7004814,7004818,132,0x13,documented_unknown_13,0
2775,462,7004950,7004954,0,0x04,start_stop_audio,0
2776,462,7004954,7004958,6,0x07,send_buffer,1
2777,462,7004964,7004968,0,0x01,end_of_chunk,0
2778,463,7004972,7004976,1080,0x0F,set_decoding_map,0
2779,463,7006056,7006060,14026,0x11,video_data_11,3
2780,463,7020086,7020090,132,0x13,documented_unknown_13,0
2781,463,7020222,7020226,0,0x04,start_stop_audio,0
2782,463,7020226,7020230,6,0x07,send_buffer,1
2783,463,7020236,7020240,0,0x01,end_of_chunk,0
2784,464,7020244,7020248,1080,0x0F,set_decoding_map,0
2785,464,7021328,7021332,14036,0x11,video_data_11,3
2786,464,7035368,7035372,132,0x13,documented_unknown_13,0
2787,464,7035504,7035508,0,0x04,start_stop_audio,0
2788,464,7035508,7035512,6,0x07,send_buffer,1
2789,464,7035518,7035522,0,0x01,end_of_chunk,0
2790,465,7035526,7035530,1080,0x0F,set_decoding_map,0
2791,465,7036610,7036614,14072,0x11,video_data_11,3
2792,465,7050686,7050690,132,0x13,documented_unknown_13,0
2793,465,7050822,7050826,0,0x04,start_stop_audio,0
2794,465,7050826,7050830,6,0x07,send_buffer,1
2795,465,7050836,7050840,0,0x01,end_of_chunk,0
2796,466,7050844,7050848,1080,0x0F,set_decoding_map,0
2797,466,7051928,7051932,14046,0x11,video_data_11,3
2798,466,7065978,7065982,132,0x13,documented_unknown_13,0
2799,466,7066114,7066118,0,0x04,start_stop_audio,0
2800,466,7066118,7066122,6,0x07,send_buffer,1
2801,466,7066128,7066132,0,0x01,end_of_chunk,0
2802,467,7066136,7066140,1080,0x0F,set_decoding_map,0
2803,467,7067220,7067224,14048,0x11,video_data_11,3
2804,467,7081272,7081276,132,0x13,documented_unknown_13,0
2805,467,7081408,7081412,0,0x04,start_stop_audio,0
2806,467,7081412,7081416,6,0x07,send_buffer,1
2807,467,7081422,7081426,0,0x01,end_of_chunk,0
2808,468,7081430,7081434,1080,0x0F,set_decoding_map,0
2809,468,7082514,7082518,14050,0x11,video_data_11,3
2810,468,7096568,7096572,132,0x13,documented_unknown_13,0
2811,468,7096704,7096708,0,0x04,start_stop_audio,0
2812,468,7096708,7096712,6,0x07,send_buffer,1
2813,468,7096718,7096722,0,0x01,end_of_chunk,0
2814,469,7096726,7096730,1080,0x0F,set_decoding_map,0
2815,469,7097810,7097814,14028,0x11,video_data_11,3
2816,469,7111842,7111846,132,0x13,documented_unknown_13,0
2817,469,7111978,7111982,0,0x04,start_stop_audio,0
2818,469,7111982,7111986,6,0x07,send_buffer,1
2819,469,7111992,7111996,0,0x01,end_of_chunk,0
2820,470,7112000,7112004,1080,0x0F,set_decoding_map,0
2821,470,7113084,7113088,14054,0x11,video_data_11,3
2822,470,7127142,7127146,132,0x13,documented_unknown_13,0
2823,470,7127278,7127282,0,0x04,start_stop_audio,0
2824,470,7127282,7127286,6,0x07,send_buffer,1
2825,470,7127292,7127296,0,0x01,end_of_chunk,0
2826,471,7127300,7127304,1080,0x0F,set_decoding_map,0
2827,471,7128384,7128388,14054,0x11,video_data_11,3
2828,471,7142442,7142446,132,0x13,documented_unknown_13,0
2829,471,7142578,7142582,0,0x04,start_stop_audio,0
2830,471,7142582,7142586,6,0x07,send_buffer,1
2831,471,7142592,7142596,0,0x01,end_of_chunk,0
2832,472,7142600,7142604,1080,0x0F,set_decoding_map,0
2833,472,7143684,7143688,14046,0x11,video_data_11,3
2834,472,7157734,7157738,132,0x13,documented_unknown_13,0
2835,472,7157870,7157874,0,0x04,start_stop_audio,0
2836,472,7157874,7157878,6,0x07,send_buffer,1
2837,472,7157884,7157888,0,0x01,end_of_chunk,0
2838,473,7157892,7157896,1080,0x0F,set_decoding_map,0
2839,473,7158976,7158980,14054,0x11,video_data_11,3
2840,473,7173034,7173038,132,0x13,documented_unknown_13,0
2841,473,7173170,7173174,0,0x04,start_stop_audio,0
2842,473,7173174,7173178,6,0x07,send_buffer,1
2843,473,7173184,7173188,0,0x01,end_of_chunk,0
2844,474,7173192,7173196,1080,0x0F,set_decoding_map,0
2845,474,7174276,7174280,14038,0x11,video_data_11,3
2846,474,7188318,7188322,132,0x13,documented_unknown_13,0
2847,474,7188454,7188458,0,0x04,start_stop_audio,0
2848,474,7188458,7188462,6,0x07,send_buffer,1
2849,474,7188468,7188472,0,0x01,end_of_chunk,0
2850,475,7188476,7188480,1080,0x0F,set_decoding_map,0
2851,475,7189560,7189564,14046,0x11,video_data_11,3
2852,475,7203610,7203614,132,0x13,documented_unknown_13,0
2853,475,7203746,7203750,0,0x04,start_stop_audio,0
2854,475,7203750,7203754,6,0x07,send_buffer,1
2855,475,7203760,7203764,0,0x01,end_of_chunk,0
2856,476,7203768,7203772,1080,0x0F,set_decoding_map,0
2857,476,7204852,7204856,14060,0x11,video_data_11,3
2858,476,7218916,7218920,132,0x13,documented_unknown_13,0
2859,476,7219052,7219056,0,0x04,start_stop_audio,0
2860,476,7219056,7219060,6,0x07,send_buffer,1
2861,476,7219066,7219070,0,0x01,end_of_chunk,0
2862,477,7219074,7219078,1080,0x0F,set_decoding_map,0
2863,477,7220158,7220162,14072,0x11,video_data_11,3
2864,477,7234234,7234238,132,0x13,documented_unknown_13,0
2865,477,7234370,7234374,0,0x04,start_stop_audio,0
2866,477,7234374,7234378,6,0x07,send_buffer,1
2867,477,7234384,7234388,0,0x01,end_of_chunk,0
2868,478,7234392,7234396,1080,0x0F,set_decoding_map,0
2869,478,7235476,7235480,14042,0x11,video_data_11,3
2870,478,7249522,7249526,132,0x13,documented_unknown_13,0
2871,478,7249658,7249662,0,0x04,start_stop_audio,0
2872,478,7249662,7249666,6,0x07,send_buffer,1
2873,478,7249672,7249676,0,0x01,end_of_chunk,0
2874,479,7249680,7249684,1080,0x0F,set_decoding_map,0
2875,479,7250764,7250768,14052,0x11,video_data_11,3
2876,479,7264820,7264824,132,0x13,documented_unknown_13,0
2877,479,7264956,7264960,0,0x04,start_stop_audio,0
2878,479,7264960,7264964,6,0x07,send_buffer,1
2879,479,7264970,7264974,0,0x01,end_of_chunk,0
2880,480,7264978,7264982,1080,0x0F,set_decoding_map,0
2881,480,7266062,7266066,14034,0x11,video_data_11,3
2882,480,7280100,7280104,132,0x13,documented_unknown_13,0
2883,480,7280236,7280240,0,0x04,start_stop_audio,0
2884,480,7280240,7280244,6,0x07,send_buffer,1
2885,480,7280250,7280254,0,0x01,end_of_chunk,0
2886,481,7280258,7280262,1080,0x0F,set_decoding_map,0
2887,481,7281342,7281346,14048,0x11,video_data_11,3
2888,481,7295394,7295398,132,0x13,documented_unknown_13,0
2889,481,7295530,7295534,0,0x04,start_stop_audio,0
2890,481,7295534,7295538,6,0x07,send_buffer,1
2891,481,7295544,7295548,0,0x01,end_of_chunk,0
2892,482,7295552,7295556,1080,0x0F,set_decoding_map,0
2893,482,7296636,7296640,14054,0x11,video_data_11,3
2894,482,7310694,7310698,132,0x13,documented_unknown_13,0
2895,482,7310830,7310834,0,0x04,start_stop_audio,0
2896,482,7310834,7310838,6,0x07,send_buffer,1
2897,482,7310844,7310848,0,0x01,end_of_chunk,0
2898,483,7310852,7310856,1080,0x0F,set_decoding_map,0
2899,483,7311936,7311940,14074,0x11,video_data_11,3
2900,483,7326014,7326018,132,0x13,documented_unknown_13,0
2901,483,7326150,7326154,0,0x04,start_stop_audio,0
2902,483,7326154,7326158,6,0x07,send_buffer,1
2903,483,7326164,7326168,0,0x01,end_of_chunk,0
2904,484,7326172,7326176,1080,0x0F,set_decoding_map,0
2905,484,7327256,7327260,14050,0x11,video_data_11,3
2906,484,7341310,7341314,132,0x13,documented_unknown_13,0
2907,484,7341446,7341450,0,0x04,start_stop_audio,0
2908,484,7341450,7341454,6,0x07,send_buffer,1
2909,484,7341460,7341464,0,0x01,end_of_chunk,0
2910,485,7341468,7341472,1080,0x0F,set_decoding_map,0
2911,485,7342552,7342556,14030,0x11,video_data_11,3
2912,485,7356586,7356590,132,0x13,documented_unknown_13,0
2913,485,7356722,7356726,0,0x04,start_stop_audio,0
2914,485,7356726,7356730,6,0x07,send_buffer,1
2915,485,7356736,7356740,0,0x01,end_of_chunk,0
2916,486,7356744,7356748,1080,0x0F,set_decoding_map,0
2917,486,7357828,7357832,14054,0x11,video_data_11,3
2918,486,7371886,7371890,132,0x13,documented_unknown_13,0
2919,486,7372022,7372026,0,0x04,start_stop_audio,0
2920,486,7372026,7372030,6,0x07,send_buffer,1
2921,486,7372036,7372040,0,0x01,end_of_chunk,0
2922,487,7372044,7372048,1080,0x0F,set_decoding_map,0
2923,487,7373128,7373132,14084,0x11,video_data_11,3
2924,487,7387216,7387220,132,0x13,documented_unknown_13,0
2925,487,7387352,7387356,0,0x04,start_stop_audio,0
2926,487,7387356,7387360,6,0x07,send_buffer,1
2927,487,7387366,7387370,0,0x01,end_of_chunk,0
2928,488,7387374,7387378,1080,0x0F,set_decoding_map,0
2929,488,7388458,7388462,14032,0x11,video_data_11,3
2930,488,7402494,7402498,132,0x13,documented_unknown_13,0
2931,488,7402630,7402634,0,0x04,start_stop_audio,0
2932,488,7402634,7402638,6,0x07,send_buffer,1
2933,488,7402644,7402648,0,0x01,end_of_chunk,0
2934,489,7402652,7402656,1080,0x0F,set_decoding_map,0
2935,489,7403736,7403740,14026,0x11,video_data_11,3
2936,489,7417766,7417770,132,0x13,documented_unknown_13,0
2937,489,7417902,7417906,0,0x04,start_stop_audio,0
2938,489,7417906,7417910,6,0x07,send_buffer,1
2939,489,7417916,7417920,0,0x01,end_of_chunk,0
2940,490,7417924,7417928,1080,0x0F,set_decoding_map,0
2941,490,7419008,7419012,14046,0x11,video_data_11,3
2942,490,7433058,7433062,132,0x13,documented_unknown_13,0
2943,490,7433194,7433198,0,0x04,start_stop_audio,0
2944,490,7433198,7433202,6,0x07,send_buffer,1
2945,490,7433208,7433212,0,0x01,end_of_chunk,0
2946,491,7433216,7433220,1080,0x0F,set_decoding_map,0
2947,491,7434300,7434304,14050,0x11,video_data_11,3
2948,491,7448354,7448358,132,0x13,documented_unknown_13,0
2949,491,7448490,7448494,0,0x04,start_stop_audio,0
2950,491,7448494,7448498,6,0x07,send_buffer,1
2951,491,7448504,7448508,0,0x01,end_of_chunk,0
2952,492,7448512,7448516,1080,0x0F,set_decoding_map,0
2953,492,7449596,7449600,14058,0x11,video_data_11,3
2954,492,7463658,7463662,132,0x13,documented_unknown_13,0
2955,492,7463794,7463798,0,0x04,start_stop_audio,0
2956,492,7463798,7463802,6,0x07,send_buffer,1
2957,492,7463808,7463812,0,0x01,end_of_chunk,0
2958,493,7463816,7463820,1080,0x0F,set_decoding_map,0
2959,493,7464900,7464904,14030,0x11,video_data_11,3
2960,493,7478934,7478938,132,0x13,documented_unknown_13,0
2961,493,7479070,7479074,0,0x04,start_stop_audio,0
2962,493,7479074,7479078,6,0x07,send_buffer,1
2963,493,7479084,7479088,0,0x01,end_of_chunk,0
2964,494,7479092,7479096,1080,0x0F,set_decoding_map,0
2965,494,7480176,7480180,14028,0x11,video_data_11,3
2966,494,7494208,7494212,132,0x13,documented_unknown_13,0
2967,494,7494344,7494348,0,0x04,start_stop_audio,0
2968,494,7494348,7494352,6,0x07,send_buffer,1
2969,494,7494358,7494362,0,0x01,end_of_chunk,0
2970,495,7494366,7494370,1080,0x0F,set_decoding_map,0
2971,495,7495450,7495454,14056,0x11,video_data_11,3
2972,495,7509510,7509514,132,0x13,documented_unknown_13,0
2973,495,7509646,7509650,0,0x04,start_stop_audio,0
2974,495,7509650,7509654,6,0x07,send_buffer,1
2975,495,7509660,7509664,0,0x01,end_of_chunk,0
2976,496,7509668,7509672,1080,0x0F,set_decoding_map,0
2977,496,7510752,7510756,14038,0x11,video_data_11,3
2978,496,7524794,7524798,132,0x13,documented_unknown_13,0
2979,496,7524930,7524934,0,0x04,start_stop_audio,0
2980,496,7524934,7524938,6,0x07,send_buffer,1
2981,496,7524944,7524948,0,0x01,end_of_chunk,0
2982,497,7524952,7524956,1080,0x0F,set_decoding_map,0
2983,497,7526036,7526040,14032,0x11,video_data_11,3
2984,497,7540072,7540076,132,0x13,documented_unknown_13,0
2985,497,7540208,7540212,0,0x04,start_stop_audio,0
2986,497,7540212,7540216,6,0x07,send_buffer,1
2987,497,7540222,7540226,0,0x01,end_of_chunk,0
2988,498,7540230,7540234,1080,0x0F,set_decoding_map,0
2989,498,7541314,7541318,14054,0x11,video_data_11,3
2990,498,7555372,7555376,132,0x13,documented_unknown_13,0
2991,498,7555508,7555512,0,0x04,start_stop_audio,0
2992,498,7555512,7555516,6,0x07,send_buffer,1
2993,498,7555522,7555526,0,0x01,end_of_chunk,0
2994,499,7555530,7555534,1080,0x0F,set_decoding_map,0
2995,499,7556614,7556618,14056,0x11,video_data_11,3
2996,499,7570674,7570678,132,0x13,documented_unknown_13,0
2997,499,7570810,7570814,0,0x04,start_stop_audio,0
2998,499,7570814,7570818,6,0x07,send_buffer,1
2999,499,7570824,7570828,0,0x01,end_of_chunk,0
3000,500,7570832,7570836,1080,0x0F,set_decoding_map,0
3001,500,7571916,7571920,14042,0x11,video_data_11,3
3002,500,7585962,7585966,132,0x13,documented_unknown_13,0
3003,500,7586098,7586102,0,0x04,start_stop_audio,0
3004,500,7586102,7586106,6,0x07,send_buffer,1
3005,500,7586112,7586116,0,0x01,end_of_chunk,0
3006,501,7586120,7586124,1080,0x0F,set_decoding_map,0
3007,501,7587204,7587208,14030,0x11,video_data_11,3
3008,501,7601238,7601242,132,0x13,documented_unknown_13,0
3009,501,7601374,7601378,0,0x04,start_stop_audio,0
3010,501,7601378,7601382,6,0x07,send_buffer,1
3011,501,7601388,7601392,0,0x01,end_of_chunk,0
3012,502,7601396,7601400,1080,0x0F,set_decoding_map,0
3013,502,7602480,7602484,14026,0x11,video_data_11,3
3014,502,7616510,7616514,132,0x13,documented_unknown_13,0
3015,502,7616646,7616650,0,0x04,start_stop_audio,0
3016,502,7616650,7616654,6,0x07,send_buffer,1
3017,502,7616660,7616664,0,0x01,end_of_chunk,0
3018,503,7616668,7616672,1080,0x0F,set_decoding_map,0
3019,503,7617752,7617756,14050,0x11,video_data_11,3
3020,503,7631806,7631810,132,0x13,documented_unknown_13,0
3021,503,7631942,7631946,0,0x04,start_stop_audio,0
3022,503,7631946,7631950,6,0x07,send_buffer,1
3023,503,7631956,7631960,0,0x01,end_of_chunk,0
3024,504,7631964,7631968,1080,0x0F,set_decoding_map,0
3025,504,7633048,7633052,14028,0x11,video_data_11,3
3026,504,7647080,7647084,132,0x13,documented_unknown_13,0
3027,504,7647216,7647220,0,0x04,start_stop_audio,0
3028,504,7647220,7647224,6,0x07,send_buffer,1
3029,504,7647230,7647234,0,0x01,end_of_chunk,0
3030,505,7647238,7647242,1080,0x0F,set_decoding_map,0
3031,505,7648322,7648326,14026,0x11,video_data_11,3
3032,505,7662352,7662356,132,0x13,documented_unknown_13,0
3033,505,7662488,7662492,0,0x04,start_stop_audio,0
3034,505,7662492,7662496,6,0x07,send_buffer,1
3035,505,7662502,7662506,0,0x01,end_of_chunk,0
3036,506,7662510,7662514,1080,0x0F,set_decoding_map,0
3037,506,7663594,7663598,14078,0x11,video_data_11,3
3038,506,7677676,7677680,132,0x13,documented_unknown_13,0
3039,506,7677812,7677816,0,0x04,start_stop_audio,0
3040,506,7677816,7677820,6,0x07,send_buffer,1
3041,506,7677826,7677830,0,0x01,end_of_chunk,0
3042,507,7677834,7677838,1080,0x0F,set_decoding_map,0
3043,507,7678918,7678922,14038,0x11,video_data_11,3
3044,507,7692960,7692964,132,0x13,documented_unknown_13,0
3045,507,7693096,7693100,0,0x04,start_stop_audio,0
3046,507,7693100,7693104,6,0x07,send_buffer,1
3047,507,7693110,7693114,0,0x01,end_of_chunk,0
3048,508,7693118,7693122,1080,0x0F,set_decoding_map,0
3049,508,7694202,7694206,14064,0x11,video_data_11,3
3050,508,7708270,7708274,132,0x13,documented_unknown_13,0
3051,508,7708406,7708410,0,0x04,start_stop_audio,0
3052,508,7708410,7708414,6,0x07,send_buffer,1
3053,508,7708420,7708424,0,0x01,end_of_chunk,0
3054,509,7708428,7708432,1080,0x0F,set_decoding_map,0
3055,509,7709512,7709516,14084,0x11,video_data_11,3
3056,509,7723600,7723604,132,0x13,documented_unknown_13,0
3057,509,7723736,7723740,0,0x04,start_stop_audio,0
3058,509,7723740,7723744,6,0x07,send_buffer,1
3059,509,7723750,7723754,0,0x01,end_of_chunk,0
3060,510,7723758,7723762,1080,0x0F,set_decoding_map,0
3061,510,7724842,7724846,14038,0x11,video_data_11,3
3062,510,7738884,7738888,132,0x13,documented_unknown_13,0
3063,510,7739020,7739024,0,0x04,start_stop_audio,0
3064,510,7739024,7739028,6,0x07,send_buffer,1
3065,510,7739034,7739038,0,0x01,end_of_chunk,0
3066,511,7739042,7739046,1080,0x0F,set_decoding_map,0
3067,511,7740126,7740130,14038,0x11,video_data_11,3
3068,511,7754168,7754172,132,0x13,documented_unknown_13,0
3069,511,7754304,7754308,0,0x04,start_stop_audio,0
3070,511,7754308,7754312,6,0x07,send_buffer,1
3071,511,7754318,7754322,0,0x01,end_of_chunk,0
3072,512,7754326,7754330,1080,0x0F,set_decoding_map,0
3073,512,7755410,7755414,14052,0x11,video_data_11,3
3074,512,7769466,7769470,132,0x13,documented_unknown_13,0
3075,512,7769602,7769606,0,0x04,start_stop_audio,0
3076,512,7769606,7769610,6,0x07,send_buffer,1
3077,512,7769616,7769620,0,0x01,end_of_chunk,0
3078,513,7769624,7769628,1080,0x0F,set_decoding_map,0
3079,513,7770708,7770712,14032,0x11,video_data_11,3
3080,513,7784744,7784748,132,0x13,documented_unknown_13,0
3081,513,7784880,7784884,0,0x04,start_stop_audio,0
3082,513,7784884,7784888,6,0x07,send_buffer,1
3083,513,7784894,7784898,0,0x01,end_of_chunk,0
3084,514,7784902,7784906,1080,0x0F,set_decoding_map,0
3085,514,7785986,7785990,14084,0x11,video_data_11,3
3086,514,7800074,7800078,132,0x13,documented_unknown_13,0
3087,514,7800210,7800214,0,0x04,start_stop_audio,0
3088,514,7800214,7800218,6,0x07,send_buffer,1
3089,514,7800224,7800228,0,0x01,end_of_chunk,0
3090,515,7800232,7800236,1080,0x0F,set_decoding_map,0
3091,515,7801316,7801320,14072,0x11,video_data_11,3
3092,515,7815392,7815396,132,0x13,documented_unknown_13,0
3093,515,7815528,7815532,0,0x04,start_stop_audio,0
3094,515,7815532,7815536,6,0x07,send_buffer,1
3095,515,7815542,7815546,0,0x01,end_of_chunk,0
3096,516,7815550,7815554,1080,0x0F,set_decoding_map,0
3097,516,7816634,7816638,14024,0x11,video_data_11,3
3098,516,7830662,7830666,132,0x13,documented_unknown_13,0
3099,516,7830798,7830802,0,0x04,start_stop_audio,0
3100,516,7830802,7830806,6,0x07,send_buffer,1
3101,516,7830812,7830816,0,0x01,end_of_chunk,0
3102,517,7830820,7830824,1080,0x0F,set_decoding_map,0
3103,517,7831904,7831908,14034,0x11,video_data_11,3
3104,517,7845942,7845946,132,0x13,documented_unknown_13,0
3105,517,7846078,7846082,0,0x04,start_stop_audio,0
3106,517,7846082,7846086,6,0x07,send_buffer,1
3107,517,7846092,7846096,0,0x01,end_of_chunk,0
3108,518,7846100,7846104,1080,0x0F,set_decoding_map,0
3109,518,7847184,7847188,14074,0x11,video_data_11,3
3110,518,7861262,7861266,132,0x13,documented_unknown_13,0
3111,518,7861398,7861402,0,0x04,start_stop_audio,0
3112,518,7861402,7861406,6,0x07,send_buffer,1
3113,518,7861412,7861416,0,0x01,end_of_chunk,0
3114,519,7861420,7861424,1080,0x0F,set_decoding_map,0
3115,519,7862504,7862508,14034,0x11,video_data_11,3
3116,519,7876542,7876546,132,0x13,documented_unknown_13,0
3117,519,7876678,7876682,0,0x04,start_stop_audio,0
3118,519,7876682,7876686,6,0x07,send_buffer,1
3119,519,7876692,7876696,0,0x01,end_of_chunk,0
3120,520,7876700,7876704,1080,0x0F,set_decoding_map,0
3121,520,7877784,7877788,14032,0x11,video_data_11,3
3122,520,7891820,7891824,132,0x13,documented_unknown_13,0
3123,520,7891956,7891960,0,0x04,start_stop_audio,0
3124,520,7891960,7891964,6,0x07,send_buffer,1
3125,520,7891970,7891974,0,0x01,end_of_chunk,0
3126,521,7891978,7891982,1080,0x0F,set_decoding_map,0
3127,521,7893062,7893066,14026,0x11,video_data_11,3
3128,521,7907092,7907096,132,0x13,documented_unknown_13,0
3129,521,7907228,7907232,0,0x04,start_stop_audio,0
3130,521,7907232,7907236,6,0x07,send_buffer,1
3131,521,7907242,7907246,0,0x01,end_of_chunk,0
3132,522,7907250,7907254,1080,0x0F,set_decoding_map,0
3133,522,7908334,7908338,14032,0x11,video_data_11,3
3134,522,7922370,7922374,132,0x13,documented_unknown_13,0
3135,522,7922506,7922510,0,0x04,start_stop_audio,0
3136,522,7922510,7922514,6,0x07,send_buffer,1
3137,522,7922520,7922524,0,0x01,end_of_chunk,0
3138,523,7922528,7922532,1080,0x0F,set_decoding_map,0
3139,523,7923612,7923616,14066,0x11,video_data_11,3
3140,523,7937682,7937686,132,0x13,documented_unknown_13,0
3141,523,7937818,7937822,0,0x04,start_stop_audio,0
3142,523,7937822,7937826,6,0x07,send_buffer,1
3143,523,7937832,7937836,0,0x01,end_of_chunk,0
3144,524,7937840,7937844,1080,0x0F,set_decoding_map,0
3145,524,7938924,7938928,14054,0x11,video_data_11,3
3146,524,7952982,7952986,132,0x13,documented_unknown_13,0
3147,524,7953118,7953122,0,0x04,start_stop_audio,0
3148,524,7953122,7953126,6,0x07,send_buffer,1
3149,524,7953132,7953136,0,0x01,end_of_chunk,0
3150,525,7953140,7953144,1080,0x0F,set_decoding_map,0
3151,525,7954224,7954228,14058,0x11,video_data_11,3
3152,525,7968286,7968290,132,0x13,documented_unknown_13,0
3153,525,7968422,7968426,0,0x04,start_stop_audio,0
3154,525,7968426,7968430,6,0x07,send_buffer,1
3155,525,7968436,7968440,0,0x01,end_of_chunk,0
3156,526,7968444,7968448,1080,0x0F,set_decoding_map,0
3157,526,7969528,7969532,14032,0x11,video_data_11,3
3158,526,7983564,7983568,132,0x13,documented_unknown_13,0
3159,526,7983700,7983704,0,0x04,start_stop_audio,0
3160,526,7983704,7983708,6,0x07,send_buffer,1
3161,526,7983714,7983718,0,0x01,end_of_chunk,0
3162,527,7983722,7983726,1080,0x0F,set_decoding_map,0
3163,527,7984806,7984810,14076,0x11,video_data_11,3
3164,527,7998886,7998890,132,0x13,documented_unknown_13,0
3165,527,7999022,7999026,0,0x04,start_stop_audio,0
3166,527,7999026,7999030,6,0x07,send_buffer,1
3167,527,7999036,7999040,0,0x01,end_of_chunk,0
3168,528,7999044,7999048,1080,0x0F,set_decoding_map,0
3169,528,8000128,8000132,14048,0x11,video_data_11,3
3170,528,8014180,8014184,132,0x13,documented_unknown_13,0
3171,528,8014316,8014320,0,0x04,start_stop_audio,0
3172,528,8014320,8014324,6,0x07,send_buffer,1
3173,528,8014330,8014334,0,0x01,end_of_chunk,0
3174,529,8014338,8014342,1080,0x0F,set_decoding_map,0
3175,529,8015422,8015426,14044,0x11,video_data_11,3
3176,529,8029470,8029474,132,0x13,documented_unknown_13,0
3177,529,8029606,8029610,0,0x04,start_stop_audio,0
3178,529,8029610,8029614,6,0x07,send_buffer,1
3179,529,8029620,8029624,0,0x01,end_of_chunk,0
3180,530,8029628,8029632,1080,0x0F,set_decoding_map,0
3181,530,8030712,8030716,14024,0x11,video_data_11,3
3182,530,8044740,8044744,132,0x13,documented_unknown_13,0
3183,530,8044876,8044880,0,0x04,start_stop_audio,0
3184,530,8044880,8044884,6,0x07,send_buffer,1
3185,530,8044890,8044894,0,0x01,end_of_chunk,0
3186,531,8044898,8044902,0,0x00,end_of_stream,0
3187,531,8044902,8044906,0,0x01,end_of_chunk,0
