path,inventory_quantity,file_offset,elevation_group,object_id,tile,tile_x,tile_y,rotation,pid,pid_hex,prototype_type,prototype_subtype,prototype_filename,script_id,script_filename,inventory_length
0,,44404,0,25,5912,112,29,0,33554776,0x02000158,scenery,generic,00000345.pro,-1,,0
1,,44492,0,26,6110,110,30,0,33554776,0x02000158,scenery,generic,00000345.pro,-1,,0
2,,44580,0,27,6111,111,30,0,33554776,0x02000158,scenery,generic,00000345.pro,-1,,0
3,,44668,0,28,6111,111,30,0,83886096,0x05000010,misc,,00000016.pro,-1,,0
4,,44772,0,29,6113,113,30,0,33554776,0x02000158,scenery,generic,00000345.pro,-1,,0
5,,44860,0,30,6114,114,30,0,33554776,0x02000158,scenery,generic,00000345.pro,-1,,0
6,,44948,0,31,6114,114,30,0,83886098,0x05000012,misc,,00000018.pro,-1,,0
7,,45052,0,32,6308,108,31,0,33554776,0x02000158,scenery,generic,00000345.pro,-1,,0
8,,45140,0,33,6308,108,31,0,83886096,0x05000010,misc,,00000016.pro,-1,,0
9,,45244,0,34,6309,109,31,0,33554776,0x02000158,scenery,generic,00000345.pro,-1,,0
10,,45332,0,35,6313,113,31,0,83886097,0x05000011,misc,,00000017.pro,-1,,0
11,,45436,0,36,6315,115,31,0,33554776,0x02000158,scenery,generic,00000345.pro,-1,,0
12,,45524,0,37,6316,116,31,0,33554776,0x02000158,scenery,generic,00000345.pro,-1,,0
13,,45612,0,38,6504,104,32,0,33554776,0x02000158,scenery,generic,00000345.pro,-1,,0
14,,45700,0,39,6505,105,32,0,33554776,0x02000158,scenery,generic,00000345.pro,-1,,0
15,,45788,0,40,6506,106,32,0,33554776,0x02000158,scenery,generic,00000345.pro,-1,,0
16,,45876,0,41,6507,107,32,0,33554776,0x02000158,scenery,generic,00000345.pro,-1,,0
17,,45964,0,42,6507,107,32,0,83886097,0x05000011,misc,,00000017.pro,-1,,0
18,,46068,0,43,6510,110,32,0,83886097,0x05000011,misc,,00000017.pro,-1,,0
19,,46172,0,44,6514,114,32,0,83886097,0x05000011,misc,,00000017.pro,-1,,0
20,,46276,0,45,6517,117,32,0,33554776,0x02000158,scenery,generic,00000345.pro,-1,,0
21,,46364,0,46,6518,118,32,0,33554776,0x02000158,scenery,generic,00000345.pro,-1,,0
22,,46452,0,47,6702,102,33,0,33554776,0x02000158,scenery,generic,00000345.pro,-1,,0
23,,46540,0,48,6703,103,33,0,33554776,0x02000158,scenery,generic,00000345.pro,-1,,0
24,,46628,0,49,6718,118,33,0,33554776,0x02000158,scenery,generic,00000345.pro,-1,,0
25,,46716,0,50,6900,100,34,0,33554776,0x02000158,scenery,generic,00000345.pro,-1,,0
26,,46804,0,51,6901,101,34,0,33554776,0x02000158,scenery,generic,00000345.pro,-1,,0
27,,46892,0,52,6901,101,34,0,33554481,0x02000031,scenery,generic,00000050.pro,-1,,0
28,,46980,0,53,6917,117,34,0,33554481,0x02000031,scenery,generic,00000050.pro,-1,,0
29,,47068,0,54,6919,119,34,0,33554776,0x02000158,scenery,generic,00000345.pro,-1,,0
30,,47156,0,55,7098,98,35,0,33554776,0x02000158,scenery,generic,00000345.pro,-1,,0
31,,47244,0,56,7099,99,35,0,33554776,0x02000158,scenery,generic,00000345.pro,-1,,0
32,,47332,0,57,7119,119,35,0,33554776,0x02000158,scenery,generic,00000345.pro,-1,,0
33,,47420,0,58,7120,120,35,0,33554776,0x02000158,scenery,generic,00000345.pro,-1,,0
34,,47508,0,59,7296,96,36,0,33554776,0x02000158,scenery,generic,00000345.pro,-1,,0
35,,47596,0,60,7297,97,36,0,33554776,0x02000158,scenery,generic,00000345.pro,-1,,0
36,,47684,0,61,7300,100,36,0,83886103,0x05000017,misc,,00000023.pro,-1,,0
37,,47788,0,62,7301,101,36,0,83886103,0x05000017,misc,,00000023.pro,-1,,0
38,,47892,0,63,7302,102,36,0,83886103,0x05000017,misc,,00000023.pro,-1,,0
39,,47996,0,64,7303,103,36,0,83886103,0x05000017,misc,,00000023.pro,-1,,0
40,,48100,0,65,7304,104,36,0,83886103,0x05000017,misc,,00000023.pro,-1,,0
41,,48204,0,66,7305,105,36,0,33554481,0x02000031,scenery,generic,00000050.pro,-1,,0
42,,48292,0,67,7305,105,36,0,83886103,0x05000017,misc,,00000023.pro,-1,,0
43,,48396,0,68,7306,106,36,0,83886103,0x05000017,misc,,00000023.pro,-1,,0
44,,48500,0,69,7307,107,36,0,83886103,0x05000017,misc,,00000023.pro,-1,,0
45,,48604,0,70,7308,108,36,0,83886103,0x05000017,misc,,00000023.pro,-1,,0
46,,48708,0,71,7309,109,36,0,33554481,0x02000031,scenery,generic,00000050.pro,-1,,0
47,,48796,0,72,7309,109,36,0,83886103,0x05000017,misc,,00000023.pro,-1,,0
48,,48900,0,73,7310,110,36,0,83886103,0x05000017,misc,,00000023.pro,-1,,0
49,,49004,0,74,7311,111,36,0,83886103,0x05000017,misc,,00000023.pro,-1,,0
50,,49108,0,75,7312,112,36,0,83886103,0x05000017,misc,,00000023.pro,-1,,0
51,,49212,0,76,7313,113,36,0,33554481,0x02000031,scenery,generic,00000050.pro,-1,,0
52,,49300,0,77,7313,113,36,0,83886103,0x05000017,misc,,00000023.pro,-1,,0
53,,49404,0,78,7314,114,36,0,83886103,0x05000017,misc,,00000023.pro,-1,,0
54,,49508,0,79,7315,115,36,0,83886103,0x05000017,misc,,00000023.pro,-1,,0
55,,49612,0,80,7316,116,36,0,83886103,0x05000017,misc,,00000023.pro,-1,,0
56,,49716,0,81,7317,117,36,0,83886103,0x05000017,misc,,00000023.pro,-1,,0
57,,49820,0,82,7318,118,36,0,83886103,0x05000017,misc,,00000023.pro,-1,,0
58,,49924,0,83,7320,120,36,0,33554776,0x02000158,scenery,generic,00000345.pro,-1,,0
59,,50012,0,84,7494,94,37,0,33554776,0x02000158,scenery,generic,00000345.pro,-1,,0
60,,50100,0,85,7495,95,37,0,33554776,0x02000158,scenery,generic,00000345.pro,-1,,0
61,,50188,0,86,7521,121,37,0,33554776,0x02000158,scenery,generic,00000345.pro,-1,,0
62,,50276,0,87,7692,92,38,0,33554776,0x02000158,scenery,generic,00000345.pro,-1,,0
63,,50364,0,88,7693,93,38,0,33554776,0x02000158,scenery,generic,00000345.pro,-1,,0
64,,50452,0,89,7721,121,38,0,33554776,0x02000158,scenery,generic,00000345.pro,-1,,0
65,,50540,0,90,7722,122,38,0,33554776,0x02000158,scenery,generic,00000345.pro,-1,,0
66,,50628,0,91,7890,90,39,0,33554776,0x02000158,scenery,generic,00000345.pro,-1,,0
67,,50716,0,92,7891,91,39,0,33554776,0x02000158,scenery,generic,00000345.pro,-1,,0
68,,50804,0,93,7922,122,39,0,33554776,0x02000158,scenery,generic,00000345.pro,-1,,0
69,,50892,0,94,8088,88,40,0,33554776,0x02000158,scenery,generic,00000345.pro,-1,,0
70,,50980,0,95,8089,89,40,0,33554776,0x02000158,scenery,generic,00000345.pro,-1,,0
71,,51068,0,96,8123,123,40,0,33554776,0x02000158,scenery,generic,00000345.pro,-1,,0
72,,51156,0,97,8286,86,41,0,33554776,0x02000158,scenery,generic,00000345.pro,-1,,0
73,,51244,0,98,8287,87,41,0,33554776,0x02000158,scenery,generic,00000345.pro,-1,,0
74,,51332,0,99,8323,123,41,0,33554776,0x02000158,scenery,generic,00000345.pro,-1,,0
75,,51420,0,100,8324,124,41,0,33554776,0x02000158,scenery,generic,00000345.pro,-1,,0
76,,51508,0,101,8484,84,42,0,33554776,0x02000158,scenery,generic,00000345.pro,-1,,0
77,,51596,0,102,8485,85,42,0,33554776,0x02000158,scenery,generic,00000345.pro,-1,,0
78,,51684,0,103,8524,124,42,0,33554776,0x02000158,scenery,generic,00000345.pro,-1,,0
79,,51772,0,104,8682,82,43,0,33554776,0x02000158,scenery,generic,00000345.pro,-1,,0
80,,51860,0,105,8683,83,43,0,33554776,0x02000158,scenery,generic,00000345.pro,-1,,0
81,,51948,0,106,8725,125,43,0,33554776,0x02000158,scenery,generic,00000345.pro,-1,,0
82,,52036,0,107,8880,80,44,0,33554776,0x02000158,scenery,generic,00000345.pro,-1,,0
83,,52124,0,108,8881,81,44,0,33554776,0x02000158,scenery,generic,00000345.pro,-1,,0
84,,52212,0,109,8925,125,44,0,33554776,0x02000158,scenery,generic,00000345.pro,-1,,0
85,,52300,0,110,8926,126,44,0,33554776,0x02000158,scenery,generic,00000345.pro,-1,,0
86,,52388,0,111,9078,78,45,0,33554776,0x02000158,scenery,generic,00000345.pro,-1,,0
87,,52476,0,112,9079,79,45,0,33554776,0x02000158,scenery,generic,00000345.pro,-1,,0
88,,52564,0,113,9110,110,45,0,83886092,0x0500000C,misc,,00000012.pro,-1,,0
89,,52652,0,114,9111,111,45,0,83886092,0x0500000C,misc,,00000012.pro,-1,,0
90,,52740,0,115,9112,112,45,0,83886092,0x0500000C,misc,,00000012.pro,-1,,0
91,,52828,0,116,9126,126,45,0,33554776,0x02000158,scenery,generic,00000345.pro,-1,,0
92,,52916,0,117,9266,66,46,0,33554776,0x02000158,scenery,generic,00000345.pro,-1,,0
93,,53004,0,118,9267,67,46,0,33554776,0x02000158,scenery,generic,00000345.pro,-1,,0
94,,53092,0,119,9268,68,46,0,33554776,0x02000158,scenery,generic,00000345.pro,-1,,0
95,,53180,0,120,9276,76,46,0,33554776,0x02000158,scenery,generic,00000345.pro,-1,,0
96,,53268,0,121,9277,77,46,0,33554776,0x02000158,scenery,generic,00000345.pro,-1,,0
97,,53356,0,122,9308,108,46,0,83886092,0x0500000C,misc,,00000012.pro,-1,,0
98,,53444,0,123,9309,109,46,0,83886092,0x0500000C,misc,,00000012.pro,-1,,0
99,,53532,0,124,9310,110,46,0,83886092,0x0500000C,misc,,00000012.pro,-1,,0
100,,53620,0,125,9311,111,46,0,83886092,0x0500000C,misc,,00000012.pro,-1,,0
101,,53708,0,126,9312,112,46,0,83886092,0x0500000C,misc,,00000012.pro,-1,,0
102,,53796,0,127,9327,127,46,0,33554776,0x02000158,scenery,generic,00000345.pro,-1,,0
103,,53884,0,128,9458,58,47,0,33554776,0x02000158,scenery,generic,00000345.pro,-1,,0
104,,53972,0,129,9464,64,47,0,33554776,0x02000158,scenery,generic,00000345.pro,-1,,0
105,,54060,0,130,9465,65,47,0,33554776,0x02000158,scenery,generic,00000345.pro,-1,,0
106,,54148,0,131,9469,69,47,0,33554776,0x02000158,scenery,generic,00000345.pro,-1,,0
107,,54236,0,132,9470,70,47,0,33554776,0x02000158,scenery,generic,00000345.pro,-1,,0
108,,54324,0,133,9474,74,47,0,33554776,0x02000158,scenery,generic,00000345.pro,-1,,0
109,,54412,0,134,9475,75,47,0,33554776,0x02000158,scenery,generic,00000345.pro,-1,,0
110,,54500,0,135,9499,99,47,0,33554499,0x02000043,scenery,generic,00000068.pro,-1,,0
111,,54588,0,136,9500,100,47,0,33554499,0x02000043,scenery,generic,00000068.pro,-1,,0
112,,54676,0,137,9501,101,47,0,33554499,0x02000043,scenery,generic,00000068.pro,-1,,0
113,,54764,0,138,9506,106,47,0,83886092,0x0500000C,misc,,00000012.pro,-1,,0
114,,54852,0,139,9507,107,47,0,83886092,0x0500000C,misc,,00000012.pro,-1,,0
115,,54940,0,140,9508,108,47,0,83886092,0x0500000C,misc,,00000012.pro,-1,,0
116,,55028,0,141,9509,109,47,0,83886092,0x0500000C,misc,,00000012.pro,-1,,0
117,,55116,0,142,9513,113,47,0,83886092,0x0500000C,misc,,00000012.pro,-1,,0
118,,55204,0,143,9527,127,47,0,33554776,0x02000158,scenery,generic,00000345.pro,-1,,0
119,,55292,0,144,9528,128,47,0,33554776,0x02000158,scenery,generic,00000345.pro,-1,,0
120,,55380,0,145,9656,56,48,0,33554776,0x02000158,scenery,generic,00000345.pro,-1,,0
121,,55468,0,146,9657,57,48,0,33554776,0x02000158,scenery,generic,00000345.pro,-1,,0
122,,55556,0,147,9659,59,48,0,33554776,0x02000158,scenery,generic,00000345.pro,-1,,0
123,,55644,0,148,9660,60,48,0,33554776,0x02000158,scenery,generic,00000345.pro,-1,,0
124,,55732,0,149,9662,62,48,0,33554776,0x02000158,scenery,generic,00000345.pro,-1,,0
125,,55820,0,150,9663,63,48,0,33554776,0x02000158,scenery,generic,00000345.pro,-1,,0
126,,55908,0,151,9671,71,48,0,33554776,0x02000158,scenery,generic,00000345.pro,-1,,0
127,,55996,0,152,9672,72,48,0,33554776,0x02000158,scenery,generic,00000345.pro,-1,,0
128,,56084,0,153,9673,73,48,0,33554776,0x02000158,scenery,generic,00000345.pro,-1,,0
129,,56172,0,154,9698,98,48,3,16777447,0x010000E7,critter,,00000231.pro,67108892,HCaravn3.int,0
130,,56300,0,155,9699,99,48,0,33554499,0x02000043,scenery,generic,00000068.pro,-1,,0
131,,56388,0,156,9701,101,48,0,33554962,0x02000212,scenery,generic,00000531.pro,-1,,0
132,,56476,0,157,9702,102,48,0,33554499,0x02000043,scenery,generic,00000068.pro,-1,,0
133,,56564,0,158,9704,104,48,0,83886092,0x0500000C,misc,,00000012.pro,-1,,0
134,,56652,0,159,9705,105,48,0,83886092,0x0500000C,misc,,00000012.pro,-1,,0
135,,56740,0,160,9706,106,48,0,83886092,0x0500000C,misc,,00000012.pro,-1,,0
136,,56828,0,161,9707,107,48,0,83886092,0x0500000C,misc,,00000012.pro,-1,,0
137,,56916,0,162,9713,113,48,0,83886092,0x0500000C,misc,,00000012.pro,-1,,0
138,,57004,0,163,9714,114,48,0,83886092,0x0500000C,misc,,00000012.pro,-1,,0
139,,57092,0,164,9728,128,48,0,33554776,0x02000158,scenery,generic,00000345.pro,-1,,0
140,,57180,0,165,9854,54,49,0,33554776,0x02000158,scenery,generic,00000345.pro,-1,,0
141,,57268,0,166,9855,55,49,0,33554776,0x02000158,scenery,generic,00000345.pro,-1,,0
142,,57356,0,167,9861,61,49,0,33554776,0x02000158,scenery,generic,00000345.pro,-1,,0
143,,57444,0,168,9899,99,49,0,33554499,0x02000043,scenery,generic,00000068.pro,-1,,0
144,,57532,0,169,9900,100,49,0,33554961,0x02000211,scenery,generic,00000530.pro,-1,,0
145,,57620,0,170,9902,102,49,0,83886092,0x0500000C,misc,,00000012.pro,-1,,0
146,,57708,0,171,9902,102,49,0,33554499,0x02000043,scenery,generic,00000068.pro,-1,,0
147,,57796,0,172,9903,103,49,0,83886092,0x0500000C,misc,,00000012.pro,-1,,0
148,,57884,0,173,9904,104,49,0,83886092,0x0500000C,misc,,00000012.pro,-1,,0
149,,57972,0,174,9904,104,49,0,16777441,0x010000E1,critter,,00000225.pro,67108893,HCaravn3.int,0
150,,58100,0,175,9905,105,49,0,83886092,0x0500000C,misc,,00000012.pro,-1,,0
151,,58188,0,176,9913,113,49,0,16777474,0x01000102,critter,,00000258.pro,67108887,HCaravn1.int,0
152,,58316,0,177,9914,114,49,0,83886092,0x0500000C,misc,,00000012.pro,-1,,0
153,,58404,0,178,9916,116,49,2,16777463,0x010000F7,critter,,00000247.pro,67108881,HCaravn1.int,0
154,,58532,0,179,9929,129,49,0,33554776,0x02000158,scenery,generic,00000345.pro,-1,,0
155,,58620,0,180,10053,53,50,0,33554776,0x02000158,scenery,generic,00000345.pro,-1,,0
156,,58708,0,181,10099,99,50,0,33554499,0x02000043,scenery,generic,00000068.pro,-1,,0
157,,58796,0,182,10100,100,50,0,83886092,0x0500000C,misc,,00000012.pro,-1,,0
158,,58884,0,183,10101,101,50,0,83886092,0x0500000C,misc,,00000012.pro,-1,,0
159,,58972,0,184,10102,102,50,0,83886092,0x0500000C,misc,,00000012.pro,-1,,0
160,,59060,0,185,10102,102,50,0,33554499,0x02000043,scenery,generic,00000068.pro,-1,,0
161,,59148,0,186,10103,103,50,0,83886092,0x0500000C,misc,,00000012.pro,-1,,0
162,,59236,0,187,10115,115,50,0,83886092,0x0500000C,misc,,00000012.pro,-1,,0
163,,59324,0,188,10116,116,50,0,33554499,0x02000043,scenery,generic,00000068.pro,-1,,0
164,,59412,0,189,10129,129,50,0,33554776,0x02000158,scenery,generic,00000345.pro,-1,,0
165,,59500,0,190,10130,130,50,0,33554776,0x02000158,scenery,generic,00000345.pro,-1,,0
166,,59588,0,191,10253,53,51,0,33554776,0x02000158,scenery,generic,00000345.pro,-1,,0
167,,59676,0,192,10298,98,51,0,83886092,0x0500000C,misc,,00000012.pro,-1,,0
168,,59764,0,193,10299,99,51,0,83886092,0x0500000C,misc,,00000012.pro,-1,,0
169,,59852,0,194,10299,99,51,0,33554499,0x02000043,scenery,generic,00000068.pro,-1,,0
170,,59940,0,195,10300,100,51,0,83886092,0x0500000C,misc,,00000012.pro,-1,,0
171,,60028,0,196,10300,100,51,0,33554499,0x02000043,scenery,generic,00000068.pro,-1,,0
172,,60116,0,197,10301,101,51,0,83886092,0x0500000C,misc,,00000012.pro,-1,,0
173,,60204,0,198,10301,101,51,0,33554499,0x02000043,scenery,generic,00000068.pro,-1,,0
174,,60292,0,199,10307,107,51,5,16777396,0x010000B4,critter,,00000180.pro,67108903,CarvLead.int,0
175,,60420,0,200,10314,114,51,0,33554499,0x02000043,scenery,generic,00000068.pro,-1,,0
176,,60508,0,201,10315,115,51,0,83886092,0x0500000C,misc,,00000012.pro,-1,,0
177,,60596,0,202,10315,115,51,0,33554499,0x02000043,scenery,generic,00000068.pro,-1,,0
178,,60684,0,203,10316,116,51,0,83886092,0x0500000C,misc,,00000012.pro,-1,,0
179,,60772,0,204,10317,117,51,0,33554499,0x02000043,scenery,generic,00000068.pro,-1,,0
180,,60860,0,205,10330,130,51,0,33554776,0x02000158,scenery,generic,00000345.pro,-1,,0
181,,60948,0,206,10453,53,52,0,33554776,0x02000158,scenery,generic,00000345.pro,-1,,0
182,,61036,0,207,10496,96,52,0,83886092,0x0500000C,misc,,00000012.pro,-1,,0
183,,61124,0,208,10497,97,52,0,83886092,0x0500000C,misc,,00000012.pro,-1,,0
184,,61212,0,209,10498,98,52,0,83886092,0x0500000C,misc,,00000012.pro,-1,,0
185,,61300,0,210,10499,99,52,0,83886092,0x0500000C,misc,,00000012.pro,-1,,0
186,,61388,0,211,10512,112,52,0,33554499,0x02000043,scenery,generic,00000068.pro,-1,,0
187,,61476,0,212,10513,113,52,0,33554499,0x02000043,scenery,generic,00000068.pro,-1,,0
188,,61564,0,213,10514,114,52,0,33554960,0x02000210,scenery,generic,00000529.pro,-1,,0
189,,61652,0,214,10516,116,52,0,83886092,0x0500000C,misc,,00000012.pro,-1,,0
190,,61740,0,215,10517,117,52,0,33554499,0x02000043,scenery,generic,00000068.pro,-1,,0
191,,61828,0,216,10531,131,52,0,33554776,0x02000158,scenery,generic,00000345.pro,-1,,0
192,,61916,0,217,10653,53,53,0,33554776,0x02000158,scenery,generic,00000345.pro,-1,,0
193,,62004,0,218,10656,56,53,0,50331800,0x03000098,wall,,00000067.pro,-1,,0
194,,62092,0,219,10657,57,53,0,50331799,0x03000097,wall,,00000066.pro,-1,,0
195,,62180,0,220,10658,58,53,0,50331798,0x03000096,wall,,00000065.pro,-1,,0
196,,62268,0,221,10659,59,53,0,50331799,0x03000097,wall,,00000066.pro,-1,,0
197,,62356,0,222,10660,60,53,0,50331798,0x03000096,wall,,00000065.pro,-1,,0
198,,62444,0,223,10661,61,53,0,50331799,0x03000097,wall,,00000066.pro,-1,,0
199,,62532,0,224,10662,62,53,0,50331798,0x03000096,wall,,00000065.pro,-1,,0
200,,62620,0,225,10663,63,53,0,50331799,0x03000097,wall,,00000066.pro,-1,,0
201,,62708,0,226,10664,64,53,0,50331798,0x03000096,wall,,00000065.pro,-1,,0
202,,62796,0,227,10665,65,53,0,50331799,0x03000097,wall,,00000066.pro,-1,,0
203,,62884,0,228,10666,66,53,0,50331798,0x03000096,wall,,00000065.pro,-1,,0
204,,62972,0,229,10667,67,53,0,50331799,0x03000097,wall,,00000066.pro,-1,,0
205,,63060,0,230,10668,68,53,0,50331798,0x03000096,wall,,00000065.pro,-1,,0
206,,63148,0,231,10669,69,53,0,50331799,0x03000097,wall,,00000066.pro,-1,,0
207,,63236,0,232,10670,70,53,0,50331798,0x03000096,wall,,00000065.pro,-1,,0
208,,63324,0,233,10671,71,53,0,50331799,0x03000097,wall,,00000066.pro,-1,,0
209,,63412,0,234,10672,72,53,0,50331797,0x03000095,wall,,00000064.pro,-1,,0
210,,63500,0,235,10678,78,53,0,50331800,0x03000098,wall,,00000067.pro,-1,,0
211,,63588,0,236,10679,79,53,0,50331799,0x03000097,wall,,00000066.pro,-1,,0
212,,63676,0,237,10680,80,53,0,50331798,0x03000096,wall,,00000065.pro,-1,,0
213,,63764,0,238,10681,81,53,0,50331799,0x03000097,wall,,00000066.pro,-1,,0
214,,63852,0,239,10682,82,53,0,50331798,0x03000096,wall,,00000065.pro,-1,,0
215,,63940,0,240,10683,83,53,0,50331799,0x03000097,wall,,00000066.pro,-1,,0
216,,64028,0,241,10684,84,53,0,50331798,0x03000096,wall,,00000065.pro,-1,,0
217,,64116,0,242,10685,85,53,0,50331799,0x03000097,wall,,00000066.pro,-1,,0
218,,64204,0,243,10686,86,53,0,50331798,0x03000096,wall,,00000065.pro,-1,,0
219,,64292,0,244,10687,87,53,0,50331799,0x03000097,wall,,00000066.pro,-1,,0
220,,64380,0,245,10688,88,53,0,50331798,0x03000096,wall,,00000065.pro,-1,,0
221,,64468,0,246,10689,89,53,0,50331799,0x03000097,wall,,00000066.pro,-1,,0
222,,64556,0,247,10690,90,53,0,50331798,0x03000096,wall,,00000065.pro,-1,,0
223,,64644,0,248,10691,91,53,0,50331799,0x03000097,wall,,00000066.pro,-1,,0
224,,64732,0,249,10692,92,53,0,50331798,0x03000096,wall,,00000065.pro,-1,,0
225,,64820,0,250,10693,93,53,0,50331799,0x03000097,wall,,00000066.pro,-1,,0
226,,64908,0,251,10694,94,53,0,83886092,0x0500000C,misc,,00000012.pro,-1,,0
227,,64996,0,252,10694,94,53,0,50331797,0x03000095,wall,,00000064.pro,-1,,0
228,,65084,0,253,10695,95,53,0,83886092,0x0500000C,misc,,00000012.pro,-1,,0
229,,65172,0,254,10696,96,53,0,83886092,0x0500000C,misc,,00000012.pro,-1,,0
230,,65260,0,255,10697,97,53,0,83886092,0x0500000C,misc,,00000012.pro,-1,,0
231,,65348,0,256,10702,102,53,5,16777313,0x01000061,critter,,00000097.pro,67108880,HCaravn3.int,0
232,,65476,0,257,10712,112,53,0,33554499,0x02000043,scenery,generic,00000068.pro,-1,,0
233,,65564,0,258,10713,113,53,0,33554499,0x02000043,scenery,generic,00000068.pro,-1,,0
234,,65652,0,259,10714,114,53,0,33554499,0x02000043,scenery,generic,00000068.pro,-1,,0
235,,65740,0,260,10716,116,53,0,33554499,0x02000043,scenery,generic,00000068.pro,-1,,0
236,,65828,0,261,10717,117,53,0,83886092,0x0500000C,misc,,00000012.pro,-1,,0
237,,65916,0,262,10717,117,53,0,33554499,0x02000043,scenery,generic,00000068.pro,-1,,0
238,,66004,0,263,10731,131,53,0,33554776,0x02000158,scenery,generic,00000345.pro,-1,,0
239,,66092,0,264,10732,132,53,0,33554776,0x02000158,scenery,generic,00000345.pro,-1,,0
240,,66180,0,265,10853,53,54,0,33554776,0x02000158,scenery,generic,00000345.pro,-1,,0
241,,66268,0,266,10856,56,54,0,50331795,0x03000093,wall,,00000062.pro,-1,,0
242,,66356,0,267,10872,72,54,0,50332270,0x0300026E,wall,,00000622.pro,-1,,0
243,,66444,0,268,10878,78,54,0,50331795,0x03000093,wall,,00000062.pro,-1,,0
244,,66532,0,269,10892,92,54,0,83886092,0x0500000C,misc,,00000012.pro,-1,,0
245,,66620,0,270,10893,93,54,0,83886092,0x0500000C,misc,,00000012.pro,-1,,0
246,,66708,0,271,10894,94,54,0,83886092,0x0500000C,misc,,00000012.pro,-1,,0
247,,66796,0,272,10894,94,54,0,50332270,0x0300026E,wall,,00000622.pro,-1,,0
248,,66884,0,273,10895,95,54,0,83886092,0x0500000C,misc,,00000012.pro,-1,,0
249,,66972,0,274,10915,115,54,0,33554499,0x02000043,scenery,generic,00000068.pro,-1,,0
250,,67060,0,275,10916,116,54,5,16777421,0x010000CD,critter,,00000205.pro,67108886,Mat.int,0
251,,67188,0,276,10917,117,54,0,83886092,0x0500000C,misc,,00000012.pro,-1,,0
252,,67276,0,277,10917,117,54,0,33554499,0x02000043,scenery,generic,00000068.pro,-1,,0
253,,67364,0,278,10918,118,54,0,83886092,0x0500000C,misc,,00000012.pro,-1,,0
254,,67452,0,279,10932,132,54,0,33554776,0x02000158,scenery,generic,00000345.pro,-1,,0
255,,67540,0,280,11053,53,55,0,33554776,0x02000158,scenery,generic,00000345.pro,-1,,0
256,,67628,0,281,11056,56,55,0,50331796,0x03000094,wall,,00000063.pro,-1,,0
257,,67716,0,282,11072,72,55,0,50331792,0x03000090,wall,,00000059.pro,-1,,0
258,,67804,0,283,11078,78,55,0,50331796,0x03000094,wall,,00000063.pro,-1,,0
259,,67892,0,284,11090,90,55,0,83886092,0x0500000C,misc,,00000012.pro,-1,,0
260,,67980,0,285,11091,91,55,0,83886092,0x0500000C,misc,,00000012.pro,-1,,0
261,,68068,0,286,11092,92,55,0,83886092,0x0500000C,misc,,00000012.pro,-1,,0
262,,68156,0,287,11093,93,55,0,83886092,0x0500000C,misc,,00000012.pro,-1,,0
263,,68244,0,288,11094,94,55,0,50331792,0x03000090,wall,,00000059.pro,-1,,0
264,,68332,0,289,11098,98,55,4,16777459,0x010000F3,critter,,00000243.pro,67108889,HCaravn4.int,0
265,,68460,0,290,11100,100,55,0,33554499,0x02000043,scenery,generic,00000068.pro,-1,,0
266,,68548,0,291,11101,101,55,0,33554499,0x02000043,scenery,generic,00000068.pro,-1,,0
267,,68636,0,292,11102,102,55,0,33554499,0x02000043,scenery,generic,00000068.pro,-1,,0
268,,68724,0,293,11118,118,55,0,83886092,0x0500000C,misc,,00000012.pro,-1,,0
269,,68812,0,294,11133,133,55,0,33554776,0x02000158,scenery,generic,00000345.pro,-1,,0
270,,68900,0,295,11253,53,56,0,33554776,0x02000158,scenery,generic,00000345.pro,-1,,0
271,,68988,0,296,11256,56,56,0,50331795,0x03000093,wall,,00000062.pro,-1,,0
272,,69076,0,297,11272,72,56,0,50331793,0x03000091,wall,,00000060.pro,-1,,0
273,,69164,0,298,11278,78,56,0,50331795,0x03000093,wall,,00000062.pro,-1,,0
274,,69252,0,299,11288,88,56,0,83886092,0x0500000C,misc,,00000012.pro,-1,,0
275,,69340,0,300,11289,89,56,0,83886092,0x0500000C,misc,,00000012.pro,-1,,0
276,,69428,0,301,11290,90,56,0,83886092,0x0500000C,misc,,00000012.pro,-1,,0
277,,69516,0,302,11291,91,56,0,83886092,0x0500000C,misc,,00000012.pro,-1,,0
278,,69604,0,303,11294,94,56,0,50331793,0x03000091,wall,,00000060.pro,-1,,0
279,,69692,0,304,11300,100,56,0,33554499,0x02000043,scenery,generic,00000068.pro,-1,,0
280,,69780,0,305,11302,102,56,0,33554964,0x02000214,scenery,generic,00000533.pro,-1,,0
281,,69868,0,306,11319,119,56,0,83886092,0x0500000C,misc,,00000012.pro,-1,,0
282,,69956,0,307,11333,133,56,0,33554776,0x02000158,scenery,generic,00000345.pro,-1,,0
283,,70044,0,308,11334,134,56,0,33554776,0x02000158,scenery,generic,00000345.pro,-1,,0
284,,70132,0,309,11453,53,57,0,33554776,0x02000158,scenery,generic,00000345.pro,-1,,0
285,,70220,0,310,11456,56,57,0,50331796,0x03000094,wall,,00000063.pro,-1,,0
286,,70308,0,2325,11460,60,57,3,16777244,0x0100001C,critter,,00000028.pro,67108870,Brahmin.int,0
287,,70436,0,312,11472,72,57,0,50331792,0x03000090,wall,,00000059.pro,-1,,0
288,,70524,0,313,11478,78,57,0,50331796,0x03000094,wall,,00000063.pro,-1,,0
289,,70612,0,2313,11482,82,57,0,16777244,0x0100001C,critter,,00000028.pro,67108910,Brahmin.int,0
290,,70740,0,315,11486,86,57,0,83886092,0x0500000C,misc,,00000012.pro,-1,,0
291,,70828,0,316,11487,87,57,0,83886092,0x0500000C,misc,,00000012.pro,-1,,0
292,,70916,0,317,11488,88,57,0,83886092,0x0500000C,misc,,00000012.pro,-1,,0
293,,71004,0,318,11489,89,57,0,83886092,0x0500000C,misc,,00000012.pro,-1,,0
294,,71092,0,1994,11490,90,57,2,16777244,0x0100001C,critter,,00000028.pro,67108867,Brahmin.int,0
295,,71220,0,320,11494,94,57,0,50331792,0x03000090,wall,,00000059.pro,-1,,0
296,,71308,0,321,11500,100,57,0,33554499,0x02000043,scenery,generic,00000068.pro,-1,,0
297,,71396,0,322,11503,103,57,0,33554499,0x02000043,scenery,generic,00000068.pro,-1,,0
298,,71484,0,323,11504,104,57,0,16777456,0x010000F0,critter,,00000240.pro,67108888,HCaravn4.int,0
299,,71612,0,324,11510,110,57,2,16777441,0x010000E1,critter,,00000225.pro,67108865,John.int,3
299/inventory/0,4,71744,0,325,-1,,,0,95,0x0000005F,item,ammo,00000095.pro,-1,,0
299/inventory/1,3,71840,0,326,-1,,,0,40,0x00000028,item,drug,00000040.pro,-1,,0
299/inventory/2,1,71932,0,327,-1,,,0,94,0x0000005E,item,weapon,00000094.pro,-1,,0
300,,72028,0,328,11519,119,57,0,83886092,0x0500000C,misc,,00000012.pro,-1,,0
301,,72116,0,329,11520,120,57,0,83886092,0x0500000C,misc,,00000012.pro,-1,,0
302,,72204,0,330,11534,134,57,0,33554776,0x02000158,scenery,generic,00000345.pro,-1,,0
303,,72292,0,331,11652,52,58,0,33554776,0x02000158,scenery,generic,00000345.pro,-1,,0
304,,72380,0,332,11653,53,58,0,33554776,0x02000158,scenery,generic,00000345.pro,-1,,0
305,,72468,0,333,11656,56,58,0,50331795,0x03000093,wall,,00000062.pro,-1,,0
306,,72556,0,2321,11668,68,58,0,16777244,0x0100001C,critter,,00000028.pro,67108871,Brahmin.int,0
307,,72684,0,335,11672,72,58,0,50331793,0x03000091,wall,,00000060.pro,-1,,0
308,,72772,0,336,11678,78,58,0,50331795,0x03000093,wall,,00000062.pro,-1,,0
309,,72860,0,337,11684,84,58,0,83886092,0x0500000C,misc,,00000012.pro,-1,,0
310,,72948,0,338,11685,85,58,0,83886092,0x0500000C,misc,,00000012.pro,-1,,0
311,,73036,0,339,11686,86,58,0,83886092,0x0500000C,misc,,00000012.pro,-1,,0
312,,73124,0,340,11687,87,58,0,83886092,0x0500000C,misc,,00000012.pro,-1,,0
313,,73212,0,341,11694,94,58,0,50331793,0x03000091,wall,,00000060.pro,-1,,0
314,,73300,0,342,11700,100,58,0,33554499,0x02000043,scenery,generic,00000068.pro,-1,,0
315,,73388,0,343,11701,101,58,0,33554963,0x02000213,scenery,generic,00000532.pro,-1,,0
316,,73476,0,344,11703,103,58,0,33554499,0x02000043,scenery,generic,00000068.pro,-1,,0
317,,73564,0,345,11720,120,58,0,83886092,0x0500000C,misc,,00000012.pro,-1,,0
318,,73652,0,346,11735,135,58,0,33554776,0x02000158,scenery,generic,00000345.pro,-1,,0
319,,73740,0,347,11850,50,59,0,33554776,0x02000158,scenery,generic,00000345.pro,-1,,0
320,,73828,0,348,11851,51,59,0,33554776,0x02000158,scenery,generic,00000345.pro,-1,,0
321,,73916,0,349,11856,56,59,0,50331796,0x03000094,wall,,00000063.pro,-1,,0
322,,74004,0,350,11865,65,59,0,33554433,0x02000001,scenery,generic,00000024.pro,-1,,0
323,,74092,0,351,11872,72,59,0,50331792,0x03000090,wall,,00000059.pro,-1,,0
324,,74180,0,352,11878,78,59,0,50331796,0x03000094,wall,,00000063.pro,-1,,0
325,,74268,0,353,11882,82,59,0,83886092,0x0500000C,misc,,00000012.pro,-1,,0
326,,74356,0,354,11883,83,59,0,83886092,0x0500000C,misc,,00000012.pro,-1,,0
327,,74444,0,355,11884,84,59,0,83886092,0x0500000C,misc,,00000012.pro,-1,,0
328,,74532,0,356,11885,85,59,0,83886092,0x0500000C,misc,,00000012.pro,-1,,0
329,,74620,0,357,11885,85,59,0,33554433,0x02000001,scenery,generic,00000024.pro,-1,,0
330,,74708,0,358,11894,94,59,0,50331792,0x03000090,wall,,00000059.pro,-1,,0
331,,74796,0,359,11900,100,59,0,33554499,0x02000043,scenery,generic,00000068.pro,-1,,0
332,,74884,0,360,11903,103,59,0,33554499,0x02000043,scenery,generic,00000068.pro,-1,,0
333,,74972,0,361,11914,114,59,3,16777451,0x010000EB,critter,,00000235.pro,67108897,HCaravn2.int,0
334,,75100,0,362,11916,116,59,0,33554499,0x02000043,scenery,generic,00000068.pro,-1,,0
335,,75188,0,363,11917,117,59,0,33554499,0x02000043,scenery,generic,00000068.pro,-1,,0
336,,75276,0,364,11918,118,59,0,33554499,0x02000043,scenery,generic,00000068.pro,-1,,0
337,,75364,0,365,11919,119,59,0,33554499,0x02000043,scenery,generic,00000068.pro,-1,,0
338,,75452,0,366,11920,120,59,0,33554499,0x02000043,scenery,generic,00000068.pro,-1,,0
339,,75540,0,367,11921,121,59,0,83886092,0x0500000C,misc,,00000012.pro,-1,,0
340,,75628,0,368,11935,135,59,0,33554776,0x02000158,scenery,generic,00000345.pro,-1,,0
341,,75716,0,369,11936,136,59,0,33554776,0x02000158,scenery,generic,00000345.pro,-1,,0
342,,75804,0,370,12048,48,60,0,33554776,0x02000158,scenery,generic,00000345.pro,-1,,0
343,,75892,0,371,12049,49,60,0,33554776,0x02000158,scenery,generic,00000345.pro,-1,,0
344,,75980,0,372,12056,56,60,0,50331795,0x03000093,wall,,00000062.pro,-1,,0
345,,76068,0,373,12072,72,60,0,50331793,0x03000091,wall,,00000060.pro,-1,,0
346,,76156,0,374,12078,78,60,0,50331795,0x03000093,wall,,00000062.pro,-1,,0
347,,76244,0,375,12080,80,60,0,83886092,0x0500000C,misc,,00000012.pro,-1,,0
348,,76332,0,376,12081,81,60,0,83886092,0x0500000C,misc,,00000012.pro,-1,,0
349,,76420,0,377,12082,82,60,0,83886092,0x0500000C,misc,,00000012.pro,-1,,0
350,,76508,0,378,12083,83,60,0,83886092,0x0500000C,misc,,00000012.pro,-1,,0
351,,76596,0,379,12094,94,60,0,50331793,0x03000091,wall,,00000060.pro,-1,,0
352,,76684,0,380,12099,99,60,3,16777411,0x010000C3,critter,,00000195.pro,67108890,HCaravn4.int,0
353,,76812,0,381,12100,100,60,0,33554499,0x02000043,scenery,generic,00000068.pro,-1,,0
354,,76900,0,382,12101,101,60,0,33554499,0x02000043,scenery,generic,00000068.pro,-1,,0
355,,76988,0,383,12102,102,60,0,33554499,0x02000043,scenery,generic,00000068.pro,-1,,0
356,,77076,0,384,12103,103,60,0,33554499,0x02000043,scenery,generic,00000068.pro,-1,,0
357,,77164,0,385,12115,115,60,0,33554499,0x02000043,scenery,generic,00000068.pro,-1,,0
358,,77252,0,386,12120,120,60,0,33554499,0x02000043,scenery,generic,00000068.pro,-1,,0
359,,77340,0,387,12121,121,60,0,83886092,0x0500000C,misc,,00000012.pro,-1,,0
360,,77428,0,388,12122,122,60,0,83886092,0x0500000C,misc,,00000012.pro,-1,,0
361,,77516,0,389,12136,136,60,0,33554776,0x02000158,scenery,generic,00000345.pro,-1,,0
362,,77604,0,390,12246,46,61,0,33554776,0x02000158,scenery,generic,00000345.pro,-1,,0
363,,77692,0,391,12247,47,61,0,33554776,0x02000158,scenery,generic,00000345.pro,-1,,0
364,,77780,0,392,12256,56,61,0,50331796,0x03000094,wall,,00000063.pro,-1,,0
365,,77868,0,393,12272,72,61,0,50331792,0x03000090,wall,,00000059.pro,-1,,0
366,,77956,0,394,12278,78,61,0,83886092,0x0500000C,misc,,00000012.pro,-1,,0
367,,78044,0,395,12278,78,61,0,50331796,0x03000094,wall,,00000063.pro,-1,,0
368,,78132,0,396,12279,79,61,0,83886092,0x0500000C,misc,,00000012.pro,-1,,0
369,,78220,0,397,12280,80,61,0,83886092,0x0500000C,misc,,00000012.pro,-1,,0
370,,78308,0,398,12281,81,61,0,83886092,0x0500000C,misc,,00000012.pro,-1,,0
371,,78396,0,399,12294,94,61,0,50331792,0x03000090,wall,,00000059.pro,-1,,0
372,,78484,0,400,12315,115,61,0,33554499,0x02000043,scenery,generic,00000068.pro,-1,,0
373,,78572,0,401,12316,116,61,0,33554499,0x02000043,scenery,generic,00000068.pro,-1,,0
374,,78660,0,402,12317,117,61,0,33554959,0x0200020F,scenery,generic,00000528.pro,-1,,0
375,,78748,0,403,12320,120,61,0,33554499,0x02000043,scenery,generic,00000068.pro,-1,,0
376,,78836,0,404,12322,122,61,0,83886092,0x0500000C,misc,,00000012.pro,-1,,0
377,,78924,0,405,12337,137,61,0,33554776,0x02000158,scenery,generic,00000345.pro,-1,,0
378,,79012,0,406,12444,44,62,0,33554776,0x02000158,scenery,generic,00000345.pro,-1,,0
379,,79100,0,407,12445,45,62,0,33554776,0x02000158,scenery,generic,00000345.pro,-1,,0
380,,79188,0,408,12456,56,62,0,50332270,0x0300026E,wall,,00000622.pro,-1,,0
381,,79276,0,409,12472,72,62,0,50331793,0x03000091,wall,,00000060.pro,-1,,0
382,,79364,0,410,12476,76,62,0,83886092,0x0500000C,misc,,00000012.pro,-1,,0
383,,79452,0,411,12477,77,62,0,83886092,0x0500000C,misc,,00000012.pro,-1,,0
384,,79540,0,412,12478,78,62,0,83886092,0x0500000C,misc,,00000012.pro,-1,,0
385,,79628,0,413,12478,78,62,0,50331795,0x03000093,wall,,00000062.pro,-1,,0
386,,79716,0,414,12479,79,62,0,83886092,0x0500000C,misc,,00000012.pro,-1,,0
387,,79804,0,2204,12488,88,62,3,16777244,0x0100001C,critter,,00000028.pro,67108868,Brahmin.int,0
388,,79932,0,416,12494,94,62,0,50331793,0x03000091,wall,,00000060.pro,-1,,0
389,,80020,0,417,12515,115,62,0,33554499,0x02000043,scenery,generic,00000068.pro,-1,,0
390,,80108,0,418,12517,117,62,0,33554499,0x02000043,scenery,generic,00000068.pro,-1,,0
391,,80196,0,419,12518,118,62,0,33554499,0x02000043,scenery,generic,00000068.pro,-1,,0
392,,80284,0,420,12519,119,62,0,33554499,0x02000043,scenery,generic,00000068.pro,-1,,0
393,,80372,0,421,12523,123,62,0,83886092,0x0500000C,misc,,00000012.pro,-1,,0
394,,80460,0,422,12525,125,62,0,33554558,0x0200007E,scenery,generic,00000127.pro,-1,,0
395,,80548,0,423,12537,137,62,0,33554776,0x02000158,scenery,generic,00000345.pro,-1,,0
396,,80636,0,424,12538,138,62,0,33554776,0x02000158,scenery,generic,00000345.pro,-1,,0
397,,80724,0,425,12642,42,63,0,33554776,0x02000158,scenery,generic,00000345.pro,-1,,0
398,,80812,0,426,12643,43,63,0,33554776,0x02000158,scenery,generic,00000345.pro,-1,,0
399,,80900,0,427,12656,56,63,0,50331794,0x03000092,wall,,00000061.pro,-1,,0
400,,80988,0,428,12657,57,63,0,50331791,0x0300008F,wall,,00000058.pro,-1,,0
401,,81076,0,429,12658,58,63,0,50331790,0x0300008E,wall,,00000057.pro,-1,,0
402,,81164,0,430,12659,59,63,0,50331791,0x0300008F,wall,,00000058.pro,-1,,0
403,,81252,0,431,12660,60,63,0,50331790,0x0300008E,wall,,00000057.pro,-1,,0
404,,81340,0,432,12661,61,63,0,50331791,0x0300008F,wall,,00000058.pro,-1,,0
405,,81428,0,433,12662,62,63,0,50332136,0x030001E8,wall,,00000488.pro,-1,,0
406,,81516,0,434,12663,63,63,0,33554519,0x02000057,scenery,door,00000088.pro,-1,,0
407,,81608,0,435,12664,64,63,0,50332135,0x030001E7,wall,,00000487.pro,-1,,0
408,,81696,0,436,12665,65,63,0,50331791,0x0300008F,wall,,00000058.pro,-1,,0
409,,81784,0,437,12666,66,63,0,50331790,0x0300008E,wall,,00000057.pro,-1,,0
410,,81872,0,438,12667,67,63,0,50331791,0x0300008F,wall,,00000058.pro,-1,,0
411,,81960,0,439,12668,68,63,0,50331790,0x0300008E,wall,,00000057.pro,-1,,0
412,,82048,0,440,12669,69,63,0,50331791,0x0300008F,wall,,00000058.pro,-1,,0
413,,82136,0,441,12670,70,63,0,50331790,0x0300008E,wall,,00000057.pro,-1,,0
414,,82224,0,442,12671,71,63,0,50331791,0x0300008F,wall,,00000058.pro,-1,,0
415,,82312,0,443,12672,72,63,0,50331789,0x0300008D,wall,,00000056.pro,-1,,0
416,,82400,0,444,12674,74,63,0,83886092,0x0500000C,misc,,00000012.pro,-1,,0
417,,82488,0,445,12675,75,63,0,83886092,0x0500000C,misc,,00000012.pro,-1,,0
418,,82576,0,446,12676,76,63,0,83886092,0x0500000C,misc,,00000012.pro,-1,,0
419,,82664,0,447,12677,77,63,0,83886092,0x0500000C,misc,,00000012.pro,-1,,0
420,,82752,0,448,12678,78,63,0,50331796,0x03000094,wall,,00000063.pro,-1,,0
421,,82840,0,449,12694,94,63,0,50331792,0x03000090,wall,,00000059.pro,-1,,0
422,,82928,0,450,12715,115,63,5,16777451,0x010000EB,critter,,00000235.pro,67108891,HCaravn2.int,0
423,,83056,0,451,12718,118,63,5,16777304,0x01000058,critter,,00000088.pro,67108879,HCaravn2.int,0
424,,83184,0,452,12723,123,63,0,83886092,0x0500000C,misc,,00000012.pro,-1,,0
425,,83272,0,453,12724,124,63,0,83886092,0x0500000C,misc,,00000012.pro,-1,,0
426,,83360,0,454,12738,138,63,0,33554776,0x02000158,scenery,generic,00000345.pro,-1,,0
427,,83448,0,455,12840,40,64,0,33554776,0x02000158,scenery,generic,00000345.pro,-1,,0
428,,83536,0,456,12841,41,64,0,33554776,0x02000158,scenery,generic,00000345.pro,-1,,0
429,,83624,0,457,12868,68,64,0,33554535,0x02000067,scenery,generic,00000104.pro,-1,,0
430,,83712,0,458,12872,72,64,0,83886092,0x0500000C,misc,,00000012.pro,-1,,0
431,,83800,0,459,12873,73,64,0,83886092,0x0500000C,misc,,00000012.pro,-1,,0
432,,83888,0,460,12874,74,64,0,83886092,0x0500000C,misc,,00000012.pro,-1,,0
433,,83976,0,461,12875,75,64,0,83886092,0x0500000C,misc,,00000012.pro,-1,,0
434,,84064,0,462,12878,78,64,0,50331795,0x03000093,wall,,00000062.pro,-1,,0
435,,84152,0,2317,12883,83,64,1,16777244,0x0100001C,critter,,00000028.pro,67108869,Brahmin.int,0
436,,84280,0,464,12894,94,64,0,50331793,0x03000091,wall,,00000060.pro,-1,,0
437,,84368,0,465,12902,102,64,0,33554535,0x02000067,scenery,generic,00000104.pro,-1,,0
438,,84456,0,466,12924,124,64,0,83886092,0x0500000C,misc,,00000012.pro,-1,,0
439,,84544,0,467,12939,139,64,0,33554776,0x02000158,scenery,generic,00000345.pro,-1,,0
440,,84632,0,468,13038,38,65,0,33554776,0x02000158,scenery,generic,00000345.pro,-1,,0
441,,84720,0,469,13039,39,65,0,33554776,0x02000158,scenery,generic,00000345.pro,-1,,0
442,,84808,0,470,13068,68,65,0,33554537,0x02000069,scenery,generic,00000106.pro,-1,,0
443,,84896,0,471,13070,70,65,0,83886092,0x0500000C,misc,,00000012.pro,-1,,0
444,,84984,0,472,13071,71,65,0,83886092,0x0500000C,misc,,00000012.pro,-1,,0
445,,85072,0,473,13072,72,65,0,83886092,0x0500000C,misc,,00000012.pro,-1,,0
446,,85160,0,474,13073,73,65,0,83886092,0x0500000C,misc,,00000012.pro,-1,,0
447,,85248,0,475,13078,78,65,0,50331796,0x03000094,wall,,00000063.pro,-1,,0
448,,85336,0,476,13094,94,65,0,50331792,0x03000090,wall,,00000059.pro,-1,,0
449,,85424,0,477,13102,102,65,5,16777397,0x010000B5,critter,,00000181.pro,67108884,Luke.int,0
450,,85552,0,478,13125,125,65,0,83886092,0x0500000C,misc,,00000012.pro,-1,,0
451,,85640,0,479,13139,139,65,0,33554776,0x02000158,scenery,generic,00000345.pro,-1,,0
452,,85728,0,480,13140,140,65,0,33554776,0x02000158,scenery,generic,00000345.pro,-1,,0
453,,85816,0,481,13236,36,66,0,33554776,0x02000158,scenery,generic,00000345.pro,-1,,0
454,,85904,0,482,13237,37,66,0,33554776,0x02000158,scenery,generic,00000345.pro,-1,,0
455,,85992,0,483,13252,52,66,0,33554557,0x0200007D,scenery,generic,00000126.pro,-1,,0
456,,86080,0,484,13252,52,66,0,33554534,0x02000066,scenery,generic,00000103.pro,-1,,0
457,,86168,0,485,13268,68,66,0,83886092,0x0500000C,misc,,00000012.pro,-1,,0
458,,86256,0,486,13269,69,66,0,83886092,0x0500000C,misc,,00000012.pro,-1,,0
459,,86344,0,487,13270,70,66,0,83886092,0x0500000C,misc,,00000012.pro,-1,,0
460,,86432,0,488,13271,71,66,0,83886092,0x0500000C,misc,,00000012.pro,-1,,0
461,,86520,0,489,13278,78,66,0,50332270,0x0300026E,wall,,00000622.pro,-1,,0
462,,86608,0,490,13294,94,66,0,50331793,0x03000091,wall,,00000060.pro,-1,,0
463,,86696,0,491,13325,125,66,0,83886092,0x0500000C,misc,,00000012.pro,-1,,0
464,,86784,0,492,13326,126,66,0,83886092,0x0500000C,misc,,00000012.pro,-1,,0
465,,86872,0,493,13340,140,66,0,33554776,0x02000158,scenery,generic,00000345.pro,-1,,0
466,,86960,0,494,13434,34,67,0,33554776,0x02000158,scenery,generic,00000345.pro,-1,,0
467,,87048,0,495,13435,35,67,0,33554776,0x02000158,scenery,generic,00000345.pro,-1,,0
468,,87136,0,496,13466,66,67,0,83886092,0x0500000C,misc,,00000012.pro,-1,,0
469,,87224,0,497,13467,67,67,0,83886092,0x0500000C,misc,,00000012.pro,-1,,0
470,,87312,0,498,13468,68,67,0,83886092,0x0500000C,misc,,00000012.pro,-1,,0
471,,87400,0,499,13469,69,67,0,83886092,0x0500000C,misc,,00000012.pro,-1,,0
472,,87488,0,500,13478,78,67,0,50331794,0x03000092,wall,,00000061.pro,-1,,0
473,,87576,0,501,13479,79,67,0,50331791,0x0300008F,wall,,00000058.pro,-1,,0
474,,87664,0,502,13480,80,67,0,50331790,0x0300008E,wall,,00000057.pro,-1,,0
475,,87752,0,503,13481,81,67,0,50331791,0x0300008F,wall,,00000058.pro,-1,,0
476,,87840,0,504,13482,82,67,0,50331790,0x0300008E,wall,,00000057.pro,-1,,0
477,,87928,0,505,13483,83,67,0,50331791,0x0300008F,wall,,00000058.pro,-1,,0
478,,88016,0,506,13484,84,67,0,50331790,0x0300008E,wall,,00000057.pro,-1,,0
479,,88104,0,507,13485,85,67,0,50331791,0x0300008F,wall,,00000058.pro,-1,,0
480,,88192,0,508,13486,86,67,0,50331790,0x0300008E,wall,,00000057.pro,-1,,0
481,,88280,0,509,13487,87,67,0,50331791,0x0300008F,wall,,00000058.pro,-1,,0
482,,88368,0,510,13488,88,67,0,50332136,0x030001E8,wall,,00000488.pro,-1,,0
483,,88456,0,511,13489,89,67,0,33554519,0x02000057,scenery,door,00000088.pro,-1,,0
484,,88548,0,512,13490,90,67,0,50332135,0x030001E7,wall,,00000487.pro,-1,,0
485,,88636,0,513,13491,91,67,0,50331791,0x0300008F,wall,,00000058.pro,-1,,0
486,,88724,0,514,13492,92,67,0,50331790,0x0300008E,wall,,00000057.pro,-1,,0
487,,88812,0,515,13493,93,67,0,50331791,0x0300008F,wall,,00000058.pro,-1,,0
488,,88900,0,516,13494,94,67,0,50331789,0x0300008D,wall,,00000056.pro,-1,,0
489,,88988,0,517,13526,126,67,0,83886092,0x0500000C,misc,,00000012.pro,-1,,0
490,,89076,0,518,13541,141,67,0,33554776,0x02000158,scenery,generic,00000345.pro,-1,,0
491,,89164,0,519,13632,32,68,0,33554776,0x02000158,scenery,generic,00000345.pro,-1,,0
492,,89252,0,520,13633,33,68,0,33554776,0x02000158,scenery,generic,00000345.pro,-1,,0
493,,89340,0,521,13664,64,68,0,83886092,0x0500000C,misc,,00000012.pro,-1,,0
494,,89428,0,522,13665,65,68,0,83886092,0x0500000C,misc,,00000012.pro,-1,,0
495,,89516,0,523,13666,66,68,0,83886092,0x0500000C,misc,,00000012.pro,-1,,0
496,,89604,0,524,13667,67,68,0,83886092,0x0500000C,misc,,00000012.pro,-1,,0
497,,89692,0,525,13727,127,68,0,83886092,0x0500000C,misc,,00000012.pro,-1,,0
498,,89780,0,526,13741,141,68,0,33554776,0x02000158,scenery,generic,00000345.pro,-1,,0
499,,89868,0,527,13742,142,68,0,33554776,0x02000158,scenery,generic,00000345.pro,-1,,0
500,,89956,0,528,13830,30,69,0,33554776,0x02000158,scenery,generic,00000345.pro,-1,,0
501,,90044,0,529,13831,31,69,0,33554776,0x02000158,scenery,generic,00000345.pro,-1,,0
502,,90132,0,530,13862,62,69,0,83886092,0x0500000C,misc,,00000012.pro,-1,,0
503,,90220,0,531,13863,63,69,0,83886092,0x0500000C,misc,,00000012.pro,-1,,0
504,,90308,0,532,13864,64,69,0,83886092,0x0500000C,misc,,00000012.pro,-1,,0
505,,90396,0,533,13864,64,69,0,83886092,0x0500000C,misc,,00000012.pro,-1,,0
506,,90484,0,534,13865,65,69,0,83886092,0x0500000C,misc,,00000012.pro,-1,,0
507,,90572,0,535,13889,89,69,5,16777258,0x0100002A,critter,,00000042.pro,67108882,billy.int,3
507/inventory/0,1,90704,0,536,0,0,0,0,7,0x00000007,item,weapon,00000013.pro,-1,,0
507/inventory/1,5,90804,0,537,0,0,0,0,19,0x00000013,item,weapon,00000019.pro,-1,,0
507/inventory/2,1,90904,0,538,0,0,0,0,81,0x00000051,item,drug,00000081.pro,-1,,0
508,,90992,0,539,13927,127,69,0,83886092,0x0500000C,misc,,00000012.pro,-1,,0
509,,91080,0,540,13928,128,69,0,83886092,0x0500000C,misc,,00000012.pro,-1,,0
510,,91168,0,541,13928,128,69,0,50332241,0x03000251,wall,,00000593.pro,-1,,0
511,,91256,0,542,13929,129,69,0,50332238,0x0300024E,wall,,00000590.pro,-1,,0
512,,91344,0,543,13930,130,69,0,50332293,0x03000285,wall,,00000645.pro,-1,,0
513,,91432,0,544,13931,131,69,0,50332239,0x0300024F,wall,,00000591.pro,-1,,0
514,,91520,0,545,13932,132,69,0,50332234,0x0300024A,wall,,00000586.pro,-1,,0
515,,91608,0,546,13933,133,69,0,50332238,0x0300024E,wall,,00000590.pro,-1,,0
516,,91696,0,547,13934,134,69,0,50332292,0x03000284,wall,,00000644.pro,-1,,0
517,,91784,0,548,13935,135,69,0,50332236,0x0300024C,wall,,00000588.pro,-1,,0
518,,91872,0,549,13936,136,69,0,50332269,0x0300026D,wall,,00000621.pro,-1,,0
519,,91960,0,550,13942,142,69,0,33554776,0x02000158,scenery,generic,00000345.pro,-1,,0
520,,92048,0,551,14028,28,70,0,33554776,0x02000158,scenery,generic,00000345.pro,-1,,0
521,,92136,0,552,14029,29,70,0,33554776,0x02000158,scenery,generic,00000345.pro,-1,,0
522,,92224,0,553,14060,60,70,0,83886092,0x0500000C,misc,,00000012.pro,-1,,0
523,,92312,0,554,14061,61,70,0,83886092,0x0500000C,misc,,00000012.pro,-1,,0
524,,92400,0,555,14062,62,70,0,83886092,0x0500000C,misc,,00000012.pro,-1,,0
525,,92488,0,556,14063,63,70,0,83886092,0x0500000C,misc,,00000012.pro,-1,,0
526,,92576,0,557,14128,128,70,0,83886092,0x0500000C,misc,,00000012.pro,-1,,0
527,,92664,0,558,14128,128,70,0,50332269,0x0300026D,wall,,00000621.pro,-1,,0
528,,92752,0,559,14129,129,70,0,50332270,0x0300026E,wall,,00000622.pro,-1,,0
529,,92840,0,560,14130,130,70,0,33554499,0x02000043,scenery,generic,00000068.pro,-1,,0
530,,92928,0,561,14131,131,70,0,50332270,0x0300026E,wall,,00000622.pro,-1,,0
531,,93016,0,562,14133,133,70,0,50332270,0x0300026E,wall,,00000622.pro,-1,,0
532,,93104,0,563,14135,135,70,0,50332270,0x0300026E,wall,,00000622.pro,-1,,0
533,,93192,0,564,14136,136,70,0,50332186,0x0300021A,wall,,00000538.pro,-1,,0
534,,93280,0,565,14143,143,70,0,33554776,0x02000158,scenery,generic,00000345.pro,-1,,0
535,,93368,0,566,14228,28,71,0,33554776,0x02000158,scenery,generic,00000345.pro,-1,,0
536,,93456,0,567,14252,52,71,0,50331800,0x03000098,wall,,00000067.pro,-1,,0
537,,93544,0,568,14253,53,71,0,50331799,0x03000097,wall,,00000066.pro,-1,,0
538,,93632,0,569,14254,54,71,0,50331798,0x03000096,wall,,00000065.pro,-1,,0
539,,93720,0,570,14255,55,71,0,50331799,0x03000097,wall,,00000066.pro,-1,,0
540,,93808,0,571,14256,56,71,0,50331798,0x03000096,wall,,00000065.pro,-1,,0
541,,93896,0,572,14257,57,71,0,50331799,0x03000097,wall,,00000066.pro,-1,,0
542,,93984,0,573,14258,58,71,0,83886092,0x0500000C,misc,,00000012.pro,-1,,0
543,,94072,0,574,14258,58,71,0,50331798,0x03000096,wall,,00000065.pro,-1,,0
544,,94160,0,575,14259,59,71,0,83886092,0x0500000C,misc,,00000012.pro,-1,,0
545,,94248,0,576,14259,59,71,0,50331799,0x03000097,wall,,00000066.pro,-1,,0
546,,94336,0,577,14260,60,71,0,83886092,0x0500000C,misc,,00000012.pro,-1,,0
547,,94424,0,578,14260,60,71,0,50331798,0x03000096,wall,,00000065.pro,-1,,0
548,,94512,0,579,14261,61,71,0,83886092,0x0500000C,misc,,00000012.pro,-1,,0
549,,94600,0,580,14261,61,71,0,50331799,0x03000097,wall,,00000066.pro,-1,,0
550,,94688,0,581,14262,62,71,0,50331798,0x03000096,wall,,00000065.pro,-1,,0
551,,94776,0,582,14263,63,71,0,50331799,0x03000097,wall,,00000066.pro,-1,,0
552,,94864,0,583,14264,64,71,0,50331798,0x03000096,wall,,00000065.pro,-1,,0
553,,94952,0,584,14265,65,71,0,50331799,0x03000097,wall,,00000066.pro,-1,,0
554,,95040,0,585,14266,66,71,0,50331798,0x03000096,wall,,00000065.pro,-1,,0
555,,95128,0,586,14267,67,71,0,50331799,0x03000097,wall,,00000066.pro,-1,,0
556,,95216,0,587,14268,68,71,0,50331798,0x03000096,wall,,00000065.pro,-1,,0
557,,95304,0,588,14269,69,71,0,50331799,0x03000097,wall,,00000066.pro,-1,,0
558,,95392,0,589,14270,70,71,0,50331798,0x03000096,wall,,00000065.pro,-1,,0
559,,95480,0,590,14271,71,71,0,50331799,0x03000097,wall,,00000066.pro,-1,,0
560,,95568,0,591,14272,72,71,0,50331798,0x03000096,wall,,00000065.pro,-1,,0
561,,95656,0,592,14273,73,71,0,50331799,0x03000097,wall,,00000066.pro,-1,,0
562,,95744,0,593,14274,74,71,0,50331798,0x03000096,wall,,00000065.pro,-1,,0
563,,95832,0,594,14275,75,71,0,50331799,0x03000097,wall,,00000066.pro,-1,,0
564,,95920,0,595,14276,76,71,0,50331797,0x03000095,wall,,00000064.pro,-1,,0
565,,96008,0,596,14328,128,71,0,50332242,0x03000252,wall,,00000594.pro,-1,,0
566,,96096,0,597,14329,129,71,0,83886092,0x0500000C,misc,,00000012.pro,-1,,0
567,,96184,0,598,14329,129,71,0,33554661,0x020000E5,scenery,generic,00000230.pro,-1,,0
568,,96272,0,599,14331,131,71,0,33555112,0x020002A8,scenery,generic,00000681.pro,-1,,0
569,,96360,0,600,14333,133,71,0,33554499,0x02000043,scenery,generic,00000068.pro,-1,,0
570,,96448,0,601,14336,136,71,0,50332155,0x030001FB,wall,,00000507.pro,-1,,0
571,,96536,0,602,14343,143,71,0,33554776,0x02000158,scenery,generic,00000345.pro,-1,,0
572,,96624,0,603,14344,144,71,0,33554776,0x02000158,scenery,generic,00000345.pro,-1,,0
573,,96712,0,604,14428,28,72,0,33554776,0x02000158,scenery,generic,00000345.pro,-1,,0
574,,96800,0,605,14452,52,72,0,50331795,0x03000093,wall,,00000062.pro,-1,,0
575,,96888,0,606,14456,56,72,0,83886092,0x0500000C,misc,,00000012.pro,-1,,0
576,,96976,0,607,14457,57,72,0,83886092,0x0500000C,misc,,00000012.pro,-1,,0
577,,97064,0,608,14458,58,72,0,83886092,0x0500000C,misc,,00000012.pro,-1,,0
578,,97152,0,609,14459,59,72,0,83886092,0x0500000C,misc,,00000012.pro,-1,,0
579,,97240,0,610,14476,76,72,0,50332270,0x0300026E,wall,,00000622.pro,-1,,0
580,,97328,0,611,14528,128,72,0,50332246,0x03000256,wall,,00000598.pro,-1,,0
581,,97416,0,612,14529,129,72,0,83886092,0x0500000C,misc,,00000012.pro,-1,,0
582,,97504,0,613,14530,130,72,0,83886092,0x0500000C,misc,,00000012.pro,-1,,0
583,,97592,0,614,14531,131,72,0,33554499,0x02000043,scenery,generic,00000068.pro,-1,,0
584,,97680,0,615,14533,133,72,0,33554499,0x02000043,scenery,generic,00000068.pro,-1,,0
585,,97768,0,616,14536,136,72,0,50332289,0x03000281,wall,,00000641.pro,-1,,0
586,,97856,0,617,14544,144,72,0,33554776,0x02000158,scenery,generic,00000345.pro,-1,,0
587,,97944,0,618,14628,28,73,0,33554776,0x02000158,scenery,generic,00000345.pro,-1,,0
588,,98032,0,619,14652,52,73,0,50331796,0x03000094,wall,,00000063.pro,-1,,0
589,,98120,0,620,14654,54,73,0,83886092,0x0500000C,misc,,00000012.pro,-1,,0
590,,98208,0,621,14655,55,73,0,83886092,0x0500000C,misc,,00000012.pro,-1,,0
591,,98296,0,622,14656,56,73,0,83886092,0x0500000C,misc,,00000012.pro,-1,,0
592,,98384,0,623,14657,57,73,0,83886092,0x0500000C,misc,,00000012.pro,-1,,0
593,,98472,0,624,14676,76,73,0,50331792,0x03000090,wall,,00000059.pro,-1,,0
594,,98560,0,625,14720,120,73,0,50332241,0x03000251,wall,,00000593.pro,-1,,0
595,,98648,0,626,14721,121,73,0,50332238,0x0300024E,wall,,00000590.pro,-1,,0
596,,98736,0,627,14722,122,73,0,50332237,0x0300024D,wall,,00000589.pro,-1,,0
597,,98824,0,628,14723,123,73,0,50332236,0x0300024C,wall,,00000588.pro,-1,,0
598,,98912,0,629,14724,124,73,0,50332292,0x03000284,wall,,00000644.pro,-1,,0
599,,99000,0,630,14725,125,73,0,50332239,0x0300024F,wall,,00000591.pro,-1,,0
600,,99088,0,631,14726,126,73,0,50332240,0x03000250,wall,,00000592.pro,-1,,0
601,,99176,0,632,14727,127,73,0,50332238,0x0300024E,wall,,00000590.pro,-1,,0
602,,99264,0,633,14728,128,73,0,50332259,0x03000263,wall,,00000611.pro,-1,,0
603,,99352,0,634,14730,130,73,0,83886092,0x0500000C,misc,,00000012.pro,-1,,0
604,,99440,0,635,14731,131,73,0,33554499,0x02000043,scenery,generic,00000068.pro,-1,,0
605,,99528,0,636,14732,132,73,0,33554499,0x02000043,scenery,generic,00000068.pro,-1,,0
606,,99616,0,637,14733,133,73,0,33554499,0x02000043,scenery,generic,00000068.pro,-1,,0
607,,99704,0,638,14736,136,73,0,50332156,0x030001FC,wall,,00000508.pro,-1,,0
608,,99792,0,639,14745,145,73,0,33554776,0x02000158,scenery,generic,00000345.pro,-1,,0
609,,99880,0,640,14828,28,74,0,33554776,0x02000158,scenery,generic,00000345.pro,-1,,0
610,,99968,0,641,14852,52,74,0,83886092,0x0500000C,misc,,00000012.pro,-1,,0
611,,100056,0,642,14852,52,74,0,50331795,0x03000093,wall,,00000062.pro,-1,,0
612,,100144,0,643,14853,53,74,0,83886092,0x0500000C,misc,,00000012.pro,-1,,0
613,,100232,0,644,14854,54,74,0,83886092,0x0500000C,misc,,00000012.pro,-1,,0
614,,100320,0,645,14855,55,74,0,83886092,0x0500000C,misc,,00000012.pro,-1,,0
615,,100408,0,646,14876,76,74,0,50331793,0x03000091,wall,,00000060.pro,-1,,0
616,,100496,0,647,14920,120,74,0,50332269,0x0300026D,wall,,00000621.pro,-1,,0
617,,100584,0,648,14921,121,74,0,50332270,0x0300026E,wall,,00000622.pro,-1,,0
618,,100672,0,649,14922,122,74,0,33554499,0x02000043,scenery,generic,00000068.pro,-1,,0
619,,100760,0,650,14922,122,74,0,66,0x00000042,item,container,00000066.pro,-1,,0
620,,100848,0,651,14923,123,74,0,50332270,0x0300026E,wall,,00000622.pro,-1,,0
621,,100936,0,652,14924,124,74,0,33554499,0x02000043,scenery,generic,00000068.pro,-1,,0
622,,101024,0,653,14925,125,74,0,50332270,0x0300026E,wall,,00000622.pro,-1,,0
623,,101112,0,654,14927,127,74,0,50332270,0x0300026E,wall,,00000622.pro,-1,,0
624,,101200,0,655,14928,128,74,0,50332269,0x0300026D,wall,,00000621.pro,-1,,0
625,,101288,0,656,14930,130,74,2,16777256,0x01000028,critter,,00000040.pro,67108883,danwife.int,0
626,,101416,0,657,14931,131,74,0,83886092,0x0500000C,misc,,00000012.pro,-1,,0
627,,101504,0,658,14933,133,74,0,33554573,0x0200008D,scenery,generic,00000142.pro,-1,,0
628,,101592,0,659,14936,136,74,0,50332155,0x030001FB,wall,,00000507.pro,-1,,0
629,,101680,0,660,14945,145,74,0,33554776,0x02000158,scenery,generic,00000345.pro,-1,,0
630,,101768,0,661,14946,146,74,0,33554776,0x02000158,scenery,generic,00000345.pro,-1,,0
631,,101856,0,662,15028,28,75,0,33554776,0x02000158,scenery,generic,00000345.pro,-1,,0
632,,101944,0,663,15050,50,75,0,83886092,0x0500000C,misc,,00000012.pro,-1,,0
633,,102032,0,664,15051,51,75,0,83886092,0x0500000C,misc,,00000012.pro,-1,,0
634,,102120,0,665,15052,52,75,0,83886092,0x0500000C,misc,,00000012.pro,-1,,0
635,,102208,0,666,15052,52,75,0,50331796,0x03000094,wall,,00000063.pro,-1,,0
636,,102296,0,667,15053,53,75,0,83886092,0x0500000C,misc,,00000012.pro,-1,,0
637,,102384,0,2333,15064,64,75,1,16777244,0x0100001C,critter,,00000028.pro,67108876,Brahmin.int,0
638,,102512,0,669,15076,76,75,0,50331792,0x03000090,wall,,00000059.pro,-1,,0
639,,102600,0,670,15082,82,75,0,50331786,0x0300008A,wall,,00000053.pro,-1,,0
640,,102688,0,671,15083,83,75,0,50331777,0x03000081,wall,,00000044.pro,-1,,0
641,,102776,0,672,15084,84,75,0,50331772,0x0300007C,wall,,00000039.pro,-1,,0
642,,102864,0,673,15085,85,75,0,50331771,0x0300007B,wall,,00000038.pro,-1,,0
643,,102952,0,674,15086,86,75,0,50331770,0x0300007A,wall,,00000037.pro,-1,,0
644,,103040,0,675,15087,87,75,0,50331776,0x03000080,wall,,00000043.pro,-1,,0
645,,103128,0,676,15088,88,75,0,50331775,0x0300007F,wall,,00000042.pro,-1,,0
646,,103216,0,677,15089,89,75,0,50331774,0x0300007E,wall,,00000041.pro,-1,,0
647,,103304,0,678,15090,90,75,0,50331773,0x0300007D,wall,,00000040.pro,-1,,0
648,,103392,0,679,15091,91,75,0,50331777,0x03000081,wall,,00000044.pro,-1,,0
649,,103480,0,680,15092,92,75,0,50332015,0x0300016F,wall,,00000367.pro,-1,,0
650,,103568,0,681,15120,120,75,0,50332242,0x03000252,wall,,00000594.pro,-1,,0
651,,103656,0,682,15128,128,75,0,50332242,0x03000252,wall,,00000594.pro,-1,,0
652,,103744,0,683,15131,131,75,0,83886092,0x0500000C,misc,,00000012.pro,-1,,0
653,,103832,0,684,15132,132,75,0,83886092,0x0500000C,misc,,00000012.pro,-1,,0
654,,103920,0,685,15136,136,75,0,50332159,0x030001FF,wall,,00000511.pro,-1,,0
655,,104008,0,686,15146,146,75,0,33554776,0x02000158,scenery,generic,00000345.pro,-1,,0
656,,104096,0,687,15228,28,76,0,33554776,0x02000158,scenery,generic,00000345.pro,-1,,0
657,,104184,0,688,15248,48,76,0,83886092,0x0500000C,misc,,00000012.pro,-1,,0
658,,104272,0,689,15249,49,76,0,83886092,0x0500000C,misc,,00000012.pro,-1,,0
659,,104360,0,690,15250,50,76,0,83886092,0x0500000C,misc,,00000012.pro,-1,,0
660,,104448,0,691,15251,51,76,0,83886092,0x0500000C,misc,,00000012.pro,-1,,0
661,,104536,0,692,15252,52,76,0,50331795,0x03000093,wall,,00000062.pro,-1,,0
662,,104624,0,2341,15260,60,76,0,16777244,0x0100001C,critter,,00000028.pro,67108874,Brahmin.int,0
663,,104752,0,2329,15271,71,76,0,16777244,0x0100001C,critter,,00000028.pro,67108872,Brahmin.int,0
664,,104880,0,695,15276,76,76,0,50331793,0x03000091,wall,,00000060.pro,-1,,0
665,,104968,0,696,15282,82,76,0,50331768,0x03000078,wall,,00000035.pro,-1,,0
666,,105056,0,697,15283,83,76,0,50332270,0x0300026E,wall,,00000622.pro,-1,,0
667,,105144,0,698,15285,85,76,0,50332270,0x0300026E,wall,,00000622.pro,-1,,0
668,,105232,0,699,15285,85,76,0,33554528,0x02000060,scenery,generic,00000097.pro,-1,,0
669,,105320,0,700,15287,87,76,0,50332270,0x0300026E,wall,,00000622.pro,-1,,0
670,,105408,0,701,15289,89,76,0,50332270,0x0300026E,wall,,00000622.pro,-1,,0
671,,105496,0,702,15291,91,76,0,50332270,0x0300026E,wall,,00000622.pro,-1,,0
672,,105584,0,703,15292,92,76,0,50332269,0x0300026D,wall,,00000621.pro,-1,,0
673,,105672,0,704,15320,120,76,0,50332290,0x03000282,wall,,00000642.pro,-1,,0
674,,105760,0,705,15323,123,76,0,33555108,0x020002A4,scenery,generic,00000677.pro,-1,,0
675,,105848,0,706,15328,128,76,0,50332243,0x03000253,wall,,00000595.pro,-1,,0
676,,105936,0,707,15329,129,76,0,33554499,0x02000043,scenery,generic,00000068.pro,-1,,0
677,,106024,0,708,15329,129,76,0,63,0x0000003F,item,container,00000063.pro,-1,,0
678,,106112,0,709,15332,132,76,0,83886092,0x0500000C,misc,,00000012.pro,-1,,0
679,,106200,0,710,15336,136,76,0,50332157,0x030001FD,wall,,00000509.pro,-1,,0
680,,106288,0,711,15347,147,76,0,33554776,0x02000158,scenery,generic,00000345.pro,-1,,0
681,,106376,0,712,15428,28,77,0,33554776,0x02000158,scenery,generic,00000345.pro,-1,,0
682,,106464,0,713,15446,46,77,0,83886092,0x0500000C,misc,,00000012.pro,-1,,0
683,,106552,0,714,15447,47,77,0,83886092,0x0500000C,misc,,00000012.pro,-1,,0
684,,106640,0,715,15448,48,77,0,83886092,0x0500000C,misc,,00000012.pro,-1,,0
685,,106728,0,716,15449,49,77,0,83886092,0x0500000C,misc,,00000012.pro,-1,,0
686,,106816,0,717,15452,52,77,0,50331796,0x03000094,wall,,00000063.pro,-1,,0
687,,106904,0,718,15468,68,77,0,33554433,0x02000001,scenery,generic,00000024.pro,-1,,0
688,,106992,0,719,15476,76,77,0,50331792,0x03000090,wall,,00000059.pro,-1,,0
689,,107080,0,720,15482,82,77,0,50331898,0x030000FA,wall,,00000250.pro,-1,,0
690,,107168,0,721,15483,83,77,0,33554527,0x0200005F,scenery,generic,00000096.pro,-1,,0
691,,107256,0,722,15484,84,77,0,33554499,0x02000043,scenery,generic,00000068.pro,-1,,0
692,,107344,0,723,15485,85,77,0,33554499,0x02000043,scenery,generic,00000068.pro,-1,,0
693,,107432,0,724,15492,92,77,0,50331758,0x0300006E,wall,,00000025.pro,-1,,0
694,,107520,0,725,15493,93,77,0,33554546,0x02000072,scenery,generic,00000115.pro,-1,,0
695,,107608,0,726,15520,120,77,0,50332242,0x03000252,wall,,00000594.pro,-1,,0
696,,107696,0,727,15522,122,77,1,16777327,0x0100006F,critter,,00000111.pro,67108877,dan.int,0
697,,107824,0,728,15524,124,77,0,33554573,0x0200008D,scenery,generic,00000142.pro,-1,,0
698,,107912,0,729,15528,128,77,0,50332249,0x03000259,wall,,00000601.pro,-1,,0
699,,108000,0,730,15529,129,77,0,33554499,0x02000043,scenery,generic,00000068.pro,-1,,0
700,,108088,0,731,15533,133,77,0,83886092,0x0500000C,misc,,00000012.pro,-1,,0
701,,108176,0,732,15536,136,77,0,50332155,0x030001FB,wall,,00000507.pro,-1,,0
702,,108264,0,733,15547,147,77,0,33554776,0x02000158,scenery,generic,00000345.pro,-1,,0
703,,108352,0,734,15548,148,77,0,33554776,0x02000158,scenery,generic,00000345.pro,-1,,0
704,,108440,0,735,15628,28,78,0,33554776,0x02000158,scenery,generic,00000345.pro,-1,,0
705,,108528,0,736,15644,44,78,0,83886092,0x0500000C,misc,,00000012.pro,-1,,0
706,,108616,0,737,15645,45,78,0,83886092,0x0500000C,misc,,00000012.pro,-1,,0
707,,108704,0,738,15646,46,78,0,83886092,0x0500000C,misc,,00000012.pro,-1,,0
708,,108792,0,739,15647,47,78,0,83886092,0x0500000C,misc,,00000012.pro,-1,,0
709,,108880,0,740,15652,52,78,0,50331795,0x03000093,wall,,00000062.pro,-1,,0
710,,108968,0,741,15676,76,78,0,50331793,0x03000091,wall,,00000060.pro,-1,,0
711,,109056,0,742,15682,82,78,0,50331768,0x03000078,wall,,00000035.pro,-1,,0
712,,109144,0,743,15685,85,78,0,33554435,0x02000003,scenery,generic,00000003.pro,-1,,0
713,,109232,0,744,15692,92,78,0,50331759,0x0300006F,wall,,00000026.pro,-1,,0
714,,109320,0,745,15693,93,78,0,33554544,0x02000070,scenery,generic,00000113.pro,-1,,0
715,,109408,0,746,15695,95,78,0,33555318,0x02000376,scenery,generic,00000887.pro,-1,,0
716,,109496,0,747,15720,120,78,0,50332144,0x030001F0,wall,,00000496.pro,-1,,0
717,,109584,0,748,15728,128,78,0,50332247,0x03000257,wall,,00000599.pro,-1,,0
718,,109672,0,749,15733,133,78,0,83886092,0x0500000C,misc,,00000012.pro,-1,,0
719,,109760,0,750,15734,134,78,0,83886092,0x0500000C,misc,,00000012.pro,-1,,0
720,,109848,0,751,15736,136,78,0,50332289,0x03000281,wall,,00000641.pro,-1,,0
721,,109936,0,752,15748,148,78,0,33554776,0x02000158,scenery,generic,00000345.pro,-1,,0
722,,110024,0,753,15828,28,79,0,33554776,0x02000158,scenery,generic,00000345.pro,-1,,0
723,,110112,0,754,15842,42,79,0,83886092,0x0500000C,misc,,00000012.pro,-1,,0
724,,110200,0,755,15843,43,79,0,83886092,0x0500000C,misc,,00000012.pro,-1,,0
725,,110288,0,756,15844,44,79,0,83886092,0x0500000C,misc,,00000012.pro,-1,,0
726,,110376,0,757,15845,45,79,0,83886092,0x0500000C,misc,,00000012.pro,-1,,0
727,,110464,0,758,15852,52,79,0,50331796,0x03000094,wall,,00000063.pro,-1,,0
728,,110552,0,759,15876,76,79,0,50331792,0x03000090,wall,,00000059.pro,-1,,0
729,,110640,0,760,15882,82,79,0,50331898,0x030000FA,wall,,00000250.pro,-1,,0
730,,110728,0,761,15889,89,79,0,33554573,0x0200008D,scenery,generic,00000142.pro,-1,,0
731,,110816,0,762,15892,92,79,0,50331754,0x0300006A,wall,,00000021.pro,-1,,0
732,,110904,0,763,15895,95,79,0,33554573,0x0200008D,scenery,generic,00000142.pro,-1,,0
733,,110992,0,764,15920,120,79,0,33554693,0x02000105,scenery,door,00000262.pro,50331649,WoodDoor.int,0
734,,111084,0,765,15928,128,79,0,33554765,0x0200014D,scenery,door,00000334.pro,50331650,WoodDoor.int,0
735,,111176,0,766,15934,134,79,0,83886092,0x0500000C,misc,,00000012.pro,-1,,0
736,,111264,0,767,15936,136,79,0,50332156,0x030001FC,wall,,00000508.pro,-1,,0
737,,111352,0,768,15949,149,79,0,33554776,0x02000158,scenery,generic,00000345.pro,-1,,0
738,,111440,0,769,16028,28,80,0,33554776,0x02000158,scenery,generic,00000345.pro,-1,,0
739,,111528,0,770,16040,40,80,0,83886092,0x0500000C,misc,,00000012.pro,-1,,0
740,,111616,0,771,16041,41,80,0,83886092,0x0500000C,misc,,00000012.pro,-1,,0
741,,111704,0,772,16042,42,80,0,83886092,0x0500000C,misc,,00000012.pro,-1,,0
742,,111792,0,773,16043,43,80,0,83886092,0x0500000C,misc,,00000012.pro,-1,,0
743,,111880,0,774,16052,52,80,0,50331795,0x03000093,wall,,00000062.pro,-1,,0
744,,111968,0,2337,16066,66,80,4,16777244,0x0100001C,critter,,00000028.pro,67108873,Brahmin.int,0
745,,112096,0,776,16076,76,80,0,50331793,0x03000091,wall,,00000060.pro,-1,,0
746,,112184,0,777,16082,82,80,0,50331768,0x03000078,wall,,00000035.pro,-1,,0
747,,112272,0,778,16092,92,80,0,33554434,0x02000002,scenery,door,00000002.pro,50331648,WoodDoor.int,0
748,,112364,0,779,16120,120,80,0,50332143,0x030001EF,wall,,00000495.pro,-1,,0
749,,112452,0,780,16128,128,80,0,50332248,0x03000258,wall,,00000600.pro,-1,,0
750,,112540,0,781,16135,135,80,0,83886092,0x0500000C,misc,,00000012.pro,-1,,0
751,,112628,0,782,16136,136,80,0,50332155,0x030001FB,wall,,00000507.pro,-1,,0
752,,112716,0,783,16149,149,80,0,33554776,0x02000158,scenery,generic,00000345.pro,-1,,0
753,,112804,0,784,16150,150,80,0,33554776,0x02000158,scenery,generic,00000345.pro,-1,,0
754,,112892,0,785,16228,28,81,0,33554776,0x02000158,scenery,generic,00000345.pro,-1,,0
755,,112980,0,786,16238,38,81,0,83886092,0x0500000C,misc,,00000012.pro,-1,,0
756,,113068,0,787,16239,39,81,0,83886092,0x0500000C,misc,,00000012.pro,-1,,0
757,,113156,0,788,16240,40,81,0,83886092,0x0500000C,misc,,00000012.pro,-1,,0
758,,113244,0,789,16241,41,81,0,83886092,0x0500000C,misc,,00000012.pro,-1,,0
759,,113332,0,790,16252,52,81,0,50331796,0x03000094,wall,,00000063.pro,-1,,0
760,,113420,0,791,16276,76,81,0,50331792,0x03000090,wall,,00000059.pro,-1,,0
761,,113508,0,792,16282,82,81,0,50331898,0x030000FA,wall,,00000250.pro,-1,,0
762,,113596,0,793,16285,85,81,0,33554641,0x020000D1,scenery,generic,00000210.pro,-1,,0
763,,113684,0,794,16292,92,81,0,50331755,0x0300006B,wall,,00000022.pro,-1,,0
764,,113772,0,795,16320,120,81,0,50332243,0x03000253,wall,,00000595.pro,-1,,0
765,,113860,0,796,16328,128,81,0,50332242,0x03000252,wall,,00000594.pro,-1,,0
766,,113948,0,797,16335,135,81,0,83886092,0x0500000C,misc,,00000012.pro,-1,,0
767,,114036,0,798,16336,136,81,0,83886092,0x0500000C,misc,,00000012.pro,-1,,0
768,,114124,0,799,16336,136,81,0,50332157,0x030001FD,wall,,00000509.pro,-1,,0
769,,114212,0,800,16350,150,81,0,33554776,0x02000158,scenery,generic,00000345.pro,-1,,0
770,,114300,0,801,16428,28,82,0,33554776,0x02000158,scenery,generic,00000345.pro,-1,,0
771,,114388,0,802,16438,38,82,0,83886092,0x0500000C,misc,,00000012.pro,-1,,0
772,,114476,0,803,16439,39,82,0,83886092,0x0500000C,misc,,00000012.pro,-1,,0
773,,114564,0,804,16452,52,82,0,50331795,0x03000093,wall,,00000062.pro,-1,,0
774,,114652,0,805,16476,76,82,0,50331793,0x03000091,wall,,00000060.pro,-1,,0
775,,114740,0,806,16482,82,82,0,50332269,0x0300026D,wall,,00000621.pro,-1,,0
776,,114828,0,807,16490,90,82,0,33554776,0x02000158,scenery,generic,00000345.pro,-1,,0
777,,114916,0,808,16491,91,82,0,33554776,0x02000158,scenery,generic,00000345.pro,-1,,0
778,,115004,0,809,16492,92,82,0,50331762,0x03000072,wall,,00000029.pro,-1,,0
779,,115092,0,810,16493,93,82,0,33554545,0x02000071,scenery,generic,00000114.pro,-1,,0
780,,115180,0,811,16514,114,82,3,16777474,0x01000102,critter,,00000258.pro,67108901,gencop.int,2
780/inventory/0,1,115312,0,812,0,0,0,0,10,0x0000000A,item,weapon,00000011.pro,-1,,0
780/inventory/1,1,115412,0,813,0,0,0,0,4,0x00000004,item,weapon,00000012.pro,-1,,0
781,,115508,0,814,16520,120,82,0,50332246,0x03000256,wall,,00000598.pro,-1,,0
782,,115596,0,815,16521,121,82,0,33555102,0x0200029E,scenery,generic,00000671.pro,-1,,0
783,,115684,0,816,16528,128,82,0,50332243,0x03000253,wall,,00000595.pro,-1,,0
784,,115772,0,817,16536,136,82,0,83886092,0x0500000C,misc,,00000012.pro,-1,,0
785,,115860,0,818,16536,136,82,0,50332288,0x03000280,wall,,00000640.pro,-1,,0
786,,115948,0,819,16546,146,82,0,33554536,0x02000068,scenery,generic,00000105.pro,-1,,0
787,,116036,0,820,16551,151,82,0,33554776,0x02000158,scenery,generic,00000345.pro,-1,,0
788,,116124,0,821,16628,28,83,0,33554776,0x02000158,scenery,generic,00000345.pro,-1,,0
789,,116212,0,822,16639,39,83,0,83886092,0x0500000C,misc,,00000012.pro,-1,,0
790,,116300,0,823,16652,52,83,0,50331796,0x03000094,wall,,00000063.pro,-1,,0
791,,116388,0,2345,16659,59,83,4,16777244,0x0100001C,critter,,00000028.pro,67108875,Brahmin.int,0
792,,116516,0,825,16676,76,83,0,50331792,0x03000090,wall,,00000059.pro,-1,,0
793,,116604,0,826,16682,82,83,0,50331787,0x0300008B,wall,,00000054.pro,-1,,0
794,,116692,0,827,16683,83,83,0,50331747,0x03000063,wall,,00000014.pro,-1,,0
795,,116780,0,828,16684,84,83,0,50331746,0x03000062,wall,,00000013.pro,-1,,0
796,,116868,0,829,16685,85,83,0,50331745,0x03000061,wall,,00000012.pro,-1,,0
797,,116956,0,830,16686,86,83,0,50331744,0x03000060,wall,,00000011.pro,-1,,0
798,,117044,0,831,16687,87,83,0,50331751,0x03000067,wall,,00000018.pro,-1,,0
799,,117132,0,832,16688,88,83,0,50331750,0x03000066,wall,,00000017.pro,-1,,0
800,,117220,0,833,16689,89,83,0,50331749,0x03000065,wall,,00000016.pro,-1,,0
801,,117308,0,834,16690,90,83,0,50331748,0x03000064,wall,,00000015.pro,-1,,0
802,,117396,0,835,16691,91,83,0,50331745,0x03000061,wall,,00000012.pro,-1,,0
803,,117484,0,836,16692,92,83,0,50331801,0x03000099,wall,,00000068.pro,-1,,0
804,,117572,0,837,16697,97,83,0,33554534,0x02000066,scenery,generic,00000103.pro,-1,,0
805,,117660,0,838,16720,120,83,0,50332291,0x03000283,wall,,00000643.pro,-1,,0
806,,117748,0,839,16728,128,83,0,50332246,0x03000256,wall,,00000598.pro,-1,,0
807,,117836,0,840,16736,136,83,0,50332155,0x030001FB,wall,,00000507.pro,-1,,0
808,,117924,0,841,16737,137,83,0,83886092,0x0500000C,misc,,00000012.pro,-1,,0
809,,118012,0,842,16747,147,83,0,33554537,0x02000069,scenery,generic,00000106.pro,-1,,0
810,,118100,0,843,16751,151,83,0,33554776,0x02000158,scenery,generic,00000345.pro,-1,,0
811,,118188,0,844,16752,152,83,0,33554776,0x02000158,scenery,generic,00000345.pro,-1,,0
812,,118276,0,845,16828,28,84,0,33554776,0x02000158,scenery,generic,00000345.pro,-1,,0
813,,118364,0,846,16839,39,84,0,83886092,0x0500000C,misc,,00000012.pro,-1,,0
814,,118452,0,847,16840,40,84,0,83886092,0x0500000C,misc,,00000012.pro,-1,,0
815,,118540,0,848,16852,52,84,0,50332270,0x0300026E,wall,,00000622.pro,-1,,0
816,,118628,0,849,16876,76,84,0,50331793,0x03000091,wall,,00000060.pro,-1,,0
817,,118716,0,850,16883,83,84,0,50332270,0x0300026E,wall,,00000622.pro,-1,,0
818,,118804,0,851,16883,83,84,0,33554552,0x02000078,scenery,generic,00000121.pro,-1,,0
819,,118892,0,852,16885,85,84,0,50332270,0x0300026E,wall,,00000622.pro,-1,,0
820,,118980,0,853,16885,85,84,0,33554553,0x02000079,scenery,generic,00000122.pro,-1,,0
821,,119068,0,854,16886,86,84,0,33554555,0x0200007B,scenery,generic,00000124.pro,-1,,0
822,,119156,0,855,16887,87,84,0,50332270,0x0300026E,wall,,00000622.pro,-1,,0
823,,119244,0,856,16887,87,84,0,33554553,0x02000079,scenery,generic,00000122.pro,-1,,0
824,,119332,0,857,16889,89,84,0,50332270,0x0300026E,wall,,00000622.pro,-1,,0
825,,119420,0,858,16890,90,84,0,33554554,0x0200007A,scenery,generic,00000123.pro,-1,,0
826,,119508,0,859,16891,91,84,0,50332270,0x0300026E,wall,,00000622.pro,-1,,0
827,,119596,0,860,16920,120,84,0,50332243,0x03000253,wall,,00000595.pro,-1,,0
828,,119684,0,861,16922,122,84,0,33555108,0x020002A4,scenery,generic,00000677.pro,-1,,0
829,,119772,0,862,16928,128,84,0,50332243,0x03000253,wall,,00000595.pro,-1,,0
830,,119860,0,863,16934,134,84,0,33554776,0x02000158,scenery,generic,00000345.pro,-1,,0
831,,119948,0,864,16935,135,84,0,33554776,0x02000158,scenery,generic,00000345.pro,-1,,0
832,,120036,0,865,16936,136,84,0,50332156,0x030001FC,wall,,00000508.pro,-1,,0
833,,120124,0,866,16937,137,84,0,83886092,0x0500000C,misc,,00000012.pro,-1,,0
834,,120212,0,867,16938,138,84,0,83886092,0x0500000C,misc,,00000012.pro,-1,,0
835,,120300,0,868,16952,152,84,0,33554776,0x02000158,scenery,generic,00000345.pro,-1,,0
836,,120388,0,869,17028,28,85,0,33554776,0x02000158,scenery,generic,00000345.pro,-1,,0
837,,120476,0,870,17040,40,85,0,83886092,0x0500000C,misc,,00000012.pro,-1,,0
838,,120564,0,871,17052,52,85,0,50331794,0x03000092,wall,,00000061.pro,-1,,0
839,,120652,0,872,17053,53,85,0,50331791,0x0300008F,wall,,00000058.pro,-1,,0
840,,120740,0,873,17054,54,85,0,50331790,0x0300008E,wall,,00000057.pro,-1,,0
841,,120828,0,874,17055,55,85,0,50331791,0x0300008F,wall,,00000058.pro,-1,,0
842,,120916,0,875,17056,56,85,0,50331790,0x0300008E,wall,,00000057.pro,-1,,0
843,,121004,0,876,17057,57,85,0,50331791,0x0300008F,wall,,00000058.pro,-1,,0
844,,121092,0,877,17058,58,85,0,50331790,0x0300008E,wall,,00000057.pro,-1,,0
845,,121180,0,878,17059,59,85,0,50331791,0x0300008F,wall,,00000058.pro,-1,,0
846,,121268,0,879,17060,60,85,0,50331790,0x0300008E,wall,,00000057.pro,-1,,0
847,,121356,0,880,17061,61,85,0,50331791,0x0300008F,wall,,00000058.pro,-1,,0
848,,121444,0,881,17062,62,85,0,50331790,0x0300008E,wall,,00000057.pro,-1,,0
849,,121532,0,882,17063,63,85,0,50331791,0x0300008F,wall,,00000058.pro,-1,,0
850,,121620,0,883,17064,64,85,0,50331790,0x0300008E,wall,,00000057.pro,-1,,0
851,,121708,0,884,17065,65,85,0,50331791,0x0300008F,wall,,00000058.pro,-1,,0
852,,121796,0,885,17066,66,85,0,50331790,0x0300008E,wall,,00000057.pro,-1,,0
853,,121884,0,886,17067,67,85,0,50331791,0x0300008F,wall,,00000058.pro,-1,,0
854,,121972,0,887,17068,68,85,0,50331790,0x0300008E,wall,,00000057.pro,-1,,0
855,,122060,0,888,17069,69,85,0,50331791,0x0300008F,wall,,00000058.pro,-1,,0
856,,122148,0,889,17070,70,85,0,50332136,0x030001E8,wall,,00000488.pro,-1,,0
857,,122236,0,890,17071,71,85,0,33554519,0x02000057,scenery,door,00000088.pro,-1,,0
858,,122328,0,891,17072,72,85,0,50332135,0x030001E7,wall,,00000487.pro,-1,,0
859,,122416,0,892,17073,73,85,0,50331791,0x0300008F,wall,,00000058.pro,-1,,0
860,,122504,0,893,17074,74,85,0,50331790,0x0300008E,wall,,00000057.pro,-1,,0
861,,122592,0,894,17075,75,85,0,50331791,0x0300008F,wall,,00000058.pro,-1,,0
862,,122680,0,895,17076,76,85,0,50331789,0x0300008D,wall,,00000056.pro,-1,,0
863,,122768,0,896,17120,120,85,0,50332185,0x03000219,wall,,00000537.pro,-1,,0
864,,122856,0,897,17121,121,85,0,50332150,0x030001F6,wall,,00000502.pro,-1,,0
865,,122944,0,898,17122,122,85,0,50332151,0x030001F7,wall,,00000503.pro,-1,,0
866,,123032,0,899,17123,123,85,0,50332153,0x030001F9,wall,,00000505.pro,-1,,0
867,,123120,0,900,17124,124,85,0,50332287,0x0300027F,wall,,00000639.pro,-1,,0
868,,123208,0,901,17125,125,85,0,50332150,0x030001F6,wall,,00000502.pro,-1,,0
869,,123296,0,902,17126,126,85,0,50332147,0x030001F3,wall,,00000499.pro,-1,,0
870,,123384,0,903,17127,127,85,0,50332153,0x030001F9,wall,,00000505.pro,-1,,0
871,,123472,0,904,17128,128,85,0,50332256,0x03000260,wall,,00000608.pro,-1,,0
872,,123560,0,905,17128,128,85,0,50332151,0x030001F7,wall,,00000503.pro,-1,,0
873,,123648,0,906,17129,129,85,0,50332150,0x030001F6,wall,,00000502.pro,-1,,0
874,,123736,0,907,17130,130,85,0,50332147,0x030001F3,wall,,00000499.pro,-1,,0
875,,123824,0,908,17131,131,85,0,50332153,0x030001F9,wall,,00000505.pro,-1,,0
876,,123912,0,909,17132,132,85,0,50332286,0x0300027E,wall,,00000638.pro,-1,,0
877,,124000,0,910,17133,133,85,0,50332150,0x030001F6,wall,,00000502.pro,-1,,0
878,,124088,0,911,17134,134,85,0,50332151,0x030001F7,wall,,00000503.pro,-1,,0
879,,124176,0,912,17135,135,85,0,50332183,0x03000217,wall,,00000535.pro,-1,,0
880,,124264,0,913,17136,136,85,0,50332182,0x03000216,wall,,00000534.pro,-1,,0
881,,124352,0,914,17138,138,85,0,83886092,0x0500000C,misc,,00000012.pro,-1,,0
882,,124440,0,915,17153,153,85,0,33554776,0x02000158,scenery,generic,00000345.pro,-1,,0
883,,124528,0,916,17228,28,86,0,33554776,0x02000158,scenery,generic,00000345.pro,-1,,0
884,,124616,0,917,17241,41,86,0,83886092,0x0500000C,misc,,00000012.pro,-1,,0
885,,124704,0,918,17321,121,86,0,50332270,0x0300026E,wall,,00000622.pro,-1,,0
886,,124792,0,919,17323,123,86,0,50332270,0x0300026E,wall,,00000622.pro,-1,,0
887,,124880,0,920,17325,125,86,0,50332270,0x0300026E,wall,,00000622.pro,-1,,0
888,,124968,0,921,17327,127,86,0,50332270,0x0300026E,wall,,00000622.pro,-1,,0
889,,125056,0,922,17329,129,86,0,50332270,0x0300026E,wall,,00000622.pro,-1,,0
890,,125144,0,923,17331,131,86,0,50332270,0x0300026E,wall,,00000622.pro,-1,,0
891,,125232,0,924,17332,132,86,0,33554555,0x0200007B,scenery,generic,00000124.pro,-1,,0
892,,125320,0,925,17333,133,86,0,50332270,0x0300026E,wall,,00000622.pro,-1,,0
893,,125408,0,926,17335,135,86,0,50332270,0x0300026E,wall,,00000622.pro,-1,,0
894,,125496,0,927,17339,139,86,0,83886092,0x0500000C,misc,,00000012.pro,-1,,0
895,,125584,0,928,17353,153,86,0,33554776,0x02000158,scenery,generic,00000345.pro,-1,,0
896,,125672,0,929,17354,154,86,0,33554776,0x02000158,scenery,generic,00000345.pro,-1,,0
897,,125760,0,930,17428,28,87,0,33554776,0x02000158,scenery,generic,00000345.pro,-1,,0
898,,125848,0,931,17441,41,87,0,83886092,0x0500000C,misc,,00000012.pro,-1,,0
899,,125936,0,932,17442,42,87,0,83886092,0x0500000C,misc,,00000012.pro,-1,,0
900,,126024,0,933,17500,100,87,0,33554727,0x02000127,scenery,generic,00000296.pro,-1,,0
901,,126112,0,934,17539,139,87,0,83886092,0x0500000C,misc,,00000012.pro,-1,,0
902,,126200,0,935,17540,140,87,0,83886092,0x0500000C,misc,,00000012.pro,-1,,0
903,,126288,0,936,17554,154,87,0,33554776,0x02000158,scenery,generic,00000345.pro,-1,,0
904,,126376,0,937,17629,29,88,0,33554776,0x02000158,scenery,generic,00000345.pro,-1,,0
905,,126464,0,938,17642,42,88,0,83886092,0x0500000C,misc,,00000012.pro,-1,,0
906,,126552,0,939,17740,140,88,0,83886092,0x0500000C,misc,,00000012.pro,-1,,0
907,,126640,0,940,17750,150,88,0,33554557,0x0200007D,scenery,generic,00000126.pro,-1,,0
908,,126728,0,941,17755,155,88,0,33554776,0x02000158,scenery,generic,00000345.pro,-1,,0
909,,126816,0,942,17829,29,89,0,33554776,0x02000158,scenery,generic,00000345.pro,-1,,0
910,,126904,0,943,17830,30,89,0,33554776,0x02000158,scenery,generic,00000345.pro,-1,,0
911,,126992,0,944,17843,43,89,0,83886092,0x0500000C,misc,,00000012.pro,-1,,0
912,,127080,0,945,17941,141,89,0,83886092,0x0500000C,misc,,00000012.pro,-1,,0
913,,127168,0,946,17950,150,89,0,33554559,0x0200007F,scenery,generic,00000128.pro,-1,,0
914,,127256,0,947,17950,150,89,0,33554534,0x02000066,scenery,generic,00000103.pro,-1,,0
915,,127344,0,948,17955,155,89,0,33554776,0x02000158,scenery,generic,00000345.pro,-1,,0
916,,127432,0,949,17956,156,89,0,33554776,0x02000158,scenery,generic,00000345.pro,-1,,0
917,,127520,0,950,18030,30,90,0,33554776,0x02000158,scenery,generic,00000345.pro,-1,,0
918,,127608,0,951,18043,43,90,0,83886092,0x0500000C,misc,,00000012.pro,-1,,0
919,,127696,0,952,18044,44,90,0,83886092,0x0500000C,misc,,00000012.pro,-1,,0
920,,127784,0,953,18141,141,90,0,83886092,0x0500000C,misc,,00000012.pro,-1,,0
921,,127872,0,954,18142,142,90,0,83886092,0x0500000C,misc,,00000012.pro,-1,,0
922,,127960,0,955,18156,156,90,0,33554776,0x02000158,scenery,generic,00000345.pro,-1,,0
923,,128048,0,956,18231,31,91,0,33554776,0x02000158,scenery,generic,00000345.pro,-1,,0
924,,128136,0,957,18244,44,91,0,83886092,0x0500000C,misc,,00000012.pro,-1,,0
925,,128224,0,958,18283,83,91,0,33554534,0x02000066,scenery,generic,00000103.pro,-1,,0
926,,128312,0,959,18284,84,91,0,33554537,0x02000069,scenery,generic,00000106.pro,-1,,0
927,,128400,0,960,18342,142,91,0,83886092,0x0500000C,misc,,00000012.pro,-1,,0
928,,128488,0,961,18357,157,91,0,33554776,0x02000158,scenery,generic,00000345.pro,-1,,0
929,,128576,0,962,18431,31,92,0,33554776,0x02000158,scenery,generic,00000345.pro,-1,,0
930,,128664,0,963,18445,45,92,0,83886092,0x0500000C,misc,,00000012.pro,-1,,0
931,,128752,0,964,18543,143,92,0,83886092,0x0500000C,misc,,00000012.pro,-1,,0
932,,128840,0,965,18557,157,92,0,33554776,0x02000158,scenery,generic,00000345.pro,-1,,0
933,,128928,0,966,18630,30,93,0,50332610,0x030003C2,wall,,00000962.pro,-1,,0
934,,129016,0,967,18631,31,93,0,50332606,0x030003BE,wall,,00000958.pro,-1,,0
935,,129104,0,968,18632,32,93,0,50332605,0x030003BD,wall,,00000957.pro,-1,,0
936,,129192,0,969,18633,33,93,0,50332606,0x030003BE,wall,,00000958.pro,-1,,0
937,,129280,0,970,18634,34,93,0,50332610,0x030003C2,wall,,00000962.pro,-1,,0
938,,129368,0,971,18635,35,93,0,50332606,0x030003BE,wall,,00000958.pro,-1,,0
939,,129456,0,972,18636,36,93,0,50332605,0x030003BD,wall,,00000957.pro,-1,,0
940,,129544,0,973,18637,37,93,0,50332606,0x030003BE,wall,,00000958.pro,-1,,0
941,,129632,0,974,18638,38,93,0,50332610,0x030003C2,wall,,00000962.pro,-1,,0
942,,129720,0,975,18639,39,93,0,50332606,0x030003BE,wall,,00000958.pro,-1,,0
943,,129808,0,976,18640,40,93,0,50332605,0x030003BD,wall,,00000957.pro,-1,,0
944,,129896,0,977,18641,41,93,0,50332606,0x030003BE,wall,,00000958.pro,-1,,0
945,,129984,0,978,18642,42,93,0,50332610,0x030003C2,wall,,00000962.pro,-1,,0
946,,130072,0,979,18643,43,93,0,50332606,0x030003BE,wall,,00000958.pro,-1,,0
947,,130160,0,980,18644,44,93,0,50332605,0x030003BD,wall,,00000957.pro,-1,,0
948,,130248,0,981,18645,45,93,0,83886092,0x0500000C,misc,,00000012.pro,-1,,0
949,,130336,0,982,18645,45,93,0,50332606,0x030003BE,wall,,00000958.pro,-1,,0
950,,130424,0,983,18646,46,93,0,83886092,0x0500000C,misc,,00000012.pro,-1,,0
951,,130512,0,984,18646,46,93,0,50332610,0x030003C2,wall,,00000962.pro,-1,,0
952,,130600,0,985,18647,47,93,0,50332606,0x030003BE,wall,,00000958.pro,-1,,0
953,,130688,0,986,18648,48,93,0,50332605,0x030003BD,wall,,00000957.pro,-1,,0
954,,130776,0,987,18649,49,93,0,50332606,0x030003BE,wall,,00000958.pro,-1,,0
955,,130864,0,988,18650,50,93,0,50332610,0x030003C2,wall,,00000962.pro,-1,,0
956,,130952,0,989,18651,51,93,0,50332606,0x030003BE,wall,,00000958.pro,-1,,0
957,,131040,0,990,18652,52,93,0,50332605,0x030003BD,wall,,00000957.pro,-1,,0
958,,131128,0,991,18653,53,93,0,50332606,0x030003BE,wall,,00000958.pro,-1,,0
959,,131216,0,992,18654,54,93,0,50332610,0x030003C2,wall,,00000962.pro,-1,,0
960,,131304,0,993,18655,55,93,0,50332606,0x030003BE,wall,,00000958.pro,-1,,0
961,,131392,0,994,18656,56,93,0,50332605,0x030003BD,wall,,00000957.pro,-1,,0
962,,131480,0,995,18657,57,93,0,50332606,0x030003BE,wall,,00000958.pro,-1,,0
963,,131568,0,996,18658,58,93,0,50332610,0x030003C2,wall,,00000962.pro,-1,,0
964,,131656,0,997,18659,59,93,0,50332606,0x030003BE,wall,,00000958.pro,-1,,0
965,,131744,0,998,18660,60,93,0,50332620,0x030003CC,wall,,00000972.pro,-1,,0
966,,131832,0,999,18661,61,93,0,50332606,0x030003BE,wall,,00000958.pro,-1,,0
967,,131920,0,1000,18662,62,93,0,50332610,0x030003C2,wall,,00000962.pro,-1,,0
968,,132008,0,1001,18663,63,93,0,50332606,0x030003BE,wall,,00000958.pro,-1,,0
969,,132096,0,1002,18664,64,93,0,50332618,0x030003CA,wall,,00000970.pro,-1,,0
970,,132184,0,1003,18665,65,93,0,50332606,0x030003BE,wall,,00000958.pro,-1,,0
971,,132272,0,1004,18666,66,93,0,50332610,0x030003C2,wall,,00000962.pro,-1,,0
972,,132360,0,1005,18667,67,93,0,50332606,0x030003BE,wall,,00000958.pro,-1,,0
973,,132448,0,1006,18668,68,93,0,50332605,0x030003BD,wall,,00000957.pro,-1,,0
974,,132536,0,1007,18669,69,93,0,50332606,0x030003BE,wall,,00000958.pro,-1,,0
975,,132624,0,1008,18670,70,93,0,50332610,0x030003C2,wall,,00000962.pro,-1,,0
976,,132712,0,1009,18671,71,93,0,50332606,0x030003BE,wall,,00000958.pro,-1,,0
977,,132800,0,1010,18672,72,93,0,50332619,0x030003CB,wall,,00000971.pro,-1,,0
978,,132888,0,1011,18673,73,93,0,50332606,0x030003BE,wall,,00000958.pro,-1,,0
979,,132976,0,1012,18674,74,93,0,50332610,0x030003C2,wall,,00000962.pro,-1,,0
980,,133064,0,1013,18675,75,93,0,50332606,0x030003BE,wall,,00000958.pro,-1,,0
981,,133152,0,1014,18676,76,93,0,50332605,0x030003BD,wall,,00000957.pro,-1,,0
982,,133240,0,1015,18677,77,93,0,50332606,0x030003BE,wall,,00000958.pro,-1,,0
983,,133328,0,1016,18678,78,93,0,50332610,0x030003C2,wall,,00000962.pro,-1,,0
984,,133416,0,1017,18679,79,93,0,50332606,0x030003BE,wall,,00000958.pro,-1,,0
985,,133504,0,1018,18680,80,93,0,50332620,0x030003CC,wall,,00000972.pro,-1,,0
986,,133592,0,1019,18681,81,93,0,50332606,0x030003BE,wall,,00000958.pro,-1,,0
987,,133680,0,1020,18682,82,93,0,50332610,0x030003C2,wall,,00000962.pro,-1,,0
988,,133768,0,1021,18683,83,93,0,50332606,0x030003BE,wall,,00000958.pro,-1,,0
989,,133856,0,1022,18684,84,93,0,50332605,0x030003BD,wall,,00000957.pro,-1,,0
990,,133944,0,1023,18685,85,93,0,50332606,0x030003BE,wall,,00000958.pro,-1,,0
991,,134032,0,1024,18686,86,93,0,50332610,0x030003C2,wall,,00000962.pro,-1,,0
992,,134120,0,1025,18687,87,93,0,50332606,0x030003BE,wall,,00000958.pro,-1,,0
993,,134208,0,1026,18688,88,93,0,50332618,0x030003CA,wall,,00000970.pro,-1,,0
994,,134296,0,1027,18689,89,93,0,50332606,0x030003BE,wall,,00000958.pro,-1,,0
995,,134384,0,1028,18690,90,93,0,50332610,0x030003C2,wall,,00000962.pro,-1,,0
996,,134472,0,1029,18691,91,93,0,50332606,0x030003BE,wall,,00000958.pro,-1,,0
997,,134560,0,1030,18692,92,93,0,50332605,0x030003BD,wall,,00000957.pro,-1,,0
998,,134648,0,1031,18693,93,93,0,50332606,0x030003BE,wall,,00000958.pro,-1,,0
999,,134736,0,1032,18694,94,93,0,50332610,0x030003C2,wall,,00000962.pro,-1,,0
1000,,134824,0,1033,18695,95,93,0,50332606,0x030003BE,wall,,00000958.pro,-1,,0
1001,,134912,0,1034,18696,96,93,0,50332619,0x030003CB,wall,,00000971.pro,-1,,0
1002,,135000,0,1035,18697,97,93,0,50332606,0x030003BE,wall,,00000958.pro,-1,,0
1003,,135088,0,1036,18698,98,93,0,50332616,0x030003C8,wall,,00000968.pro,-1,,0
1004,,135176,0,1037,18700,100,93,0,33554433,0x02000001,scenery,generic,00000024.pro,-1,,0
1005,,135264,0,1038,18720,120,93,0,50332614,0x030003C6,wall,,00000966.pro,-1,,0
1006,,135352,0,1039,18721,121,93,0,50332606,0x030003BE,wall,,00000958.pro,-1,,0
1007,,135440,0,1040,18722,122,93,0,50332618,0x030003CA,wall,,00000970.pro,-1,,0
1008,,135528,0,1041,18723,123,93,0,50332606,0x030003BE,wall,,00000958.pro,-1,,0
1009,,135616,0,1042,18724,124,93,0,50332610,0x030003C2,wall,,00000962.pro,-1,,0
1010,,135704,0,1043,18725,125,93,0,50332606,0x030003BE,wall,,00000958.pro,-1,,0
1011,,135792,0,1044,18726,126,93,0,50332620,0x030003CC,wall,,00000972.pro,-1,,0
1012,,135880,0,1045,18727,127,93,0,50332606,0x030003BE,wall,,00000958.pro,-1,,0
1013,,135968,0,1046,18728,128,93,0,50332610,0x030003C2,wall,,00000962.pro,-1,,0
1014,,136056,0,1047,18729,129,93,0,50332606,0x030003BE,wall,,00000958.pro,-1,,0
1015,,136144,0,1048,18730,130,93,0,50332605,0x030003BD,wall,,00000957.pro,-1,,0
1016,,136232,0,1049,18731,131,93,0,50332606,0x030003BE,wall,,00000958.pro,-1,,0
1017,,136320,0,1050,18732,132,93,0,50332610,0x030003C2,wall,,00000962.pro,-1,,0
1018,,136408,0,1051,18733,133,93,0,50332606,0x030003BE,wall,,00000958.pro,-1,,0
1019,,136496,0,1052,18734,134,93,0,50332619,0x030003CB,wall,,00000971.pro,-1,,0
1020,,136584,0,1053,18735,135,93,0,50332606,0x030003BE,wall,,00000958.pro,-1,,0
1021,,136672,0,1054,18736,136,93,0,50332610,0x030003C2,wall,,00000962.pro,-1,,0
1022,,136760,0,1055,18737,137,93,0,50332606,0x030003BE,wall,,00000958.pro,-1,,0
1023,,136848,0,1056,18738,138,93,0,50332605,0x030003BD,wall,,00000957.pro,-1,,0
1024,,136936,0,1057,18739,139,93,0,50332606,0x030003BE,wall,,00000958.pro,-1,,0
1025,,137024,0,1058,18740,140,93,0,50332610,0x030003C2,wall,,00000962.pro,-1,,0
1026,,137112,0,1059,18741,141,93,0,50332606,0x030003BE,wall,,00000958.pro,-1,,0
1027,,137200,0,1060,18742,142,93,0,50332618,0x030003CA,wall,,00000970.pro,-1,,0
1028,,137288,0,1061,18743,143,93,0,83886092,0x0500000C,misc,,00000012.pro,-1,,0
1029,,137376,0,1062,18743,143,93,0,50332606,0x030003BE,wall,,00000958.pro,-1,,0
1030,,137464,0,1063,18744,144,93,0,83886092,0x0500000C,misc,,00000012.pro,-1,,0
1031,,137552,0,1064,18744,144,93,0,50332610,0x030003C2,wall,,00000962.pro,-1,,0
1032,,137640,0,1065,18745,145,93,0,50332606,0x030003BE,wall,,00000958.pro,-1,,0
1033,,137728,0,1066,18746,146,93,0,50332605,0x030003BD,wall,,00000957.pro,-1,,0
1034,,137816,0,1067,18747,147,93,0,50332606,0x030003BE,wall,,00000958.pro,-1,,0
1035,,137904,0,1068,18748,148,93,0,50332610,0x030003C2,wall,,00000962.pro,-1,,0
1036,,137992,0,1069,18749,149,93,0,50332606,0x030003BE,wall,,00000958.pro,-1,,0
1037,,138080,0,1070,18750,150,93,0,50332620,0x030003CC,wall,,00000972.pro,-1,,0
1038,,138168,0,1071,18751,151,93,0,50332606,0x030003BE,wall,,00000958.pro,-1,,0
1039,,138256,0,1072,18752,152,93,0,50332610,0x030003C2,wall,,00000962.pro,-1,,0
1040,,138344,0,1073,18753,153,93,0,50332606,0x030003BE,wall,,00000958.pro,-1,,0
1041,,138432,0,1074,18754,154,93,0,50332605,0x030003BD,wall,,00000957.pro,-1,,0
1042,,138520,0,1075,18755,155,93,0,50332606,0x030003BE,wall,,00000958.pro,-1,,0
1043,,138608,0,1076,18756,156,93,0,50332610,0x030003C2,wall,,00000962.pro,-1,,0
1044,,138696,0,1077,18757,157,93,0,50332606,0x030003BE,wall,,00000958.pro,-1,,0
1045,,138784,0,1078,18758,158,93,0,50332619,0x030003CB,wall,,00000971.pro,-1,,0
1046,,138872,0,1079,18759,159,93,0,50332606,0x030003BE,wall,,00000958.pro,-1,,0
1047,,138960,0,1080,18760,160,93,0,50332610,0x030003C2,wall,,00000962.pro,-1,,0
1048,,139048,0,1081,18761,161,93,0,50332606,0x030003BE,wall,,00000958.pro,-1,,0
1049,,139136,0,1082,18762,162,93,0,50332605,0x030003BD,wall,,00000957.pro,-1,,0
1050,,139224,0,1083,18763,163,93,0,50332606,0x030003BE,wall,,00000958.pro,-1,,0
1051,,139312,0,1084,18764,164,93,0,50332610,0x030003C2,wall,,00000962.pro,-1,,0
1052,,139400,0,1085,18765,165,93,0,50332606,0x030003BE,wall,,00000958.pro,-1,,0
1053,,139488,0,1086,18766,166,93,0,50332605,0x030003BD,wall,,00000957.pro,-1,,0
1054,,139576,0,1087,18767,167,93,0,50332606,0x030003BE,wall,,00000958.pro,-1,,0
1055,,139664,0,1088,18768,168,93,0,50332610,0x030003C2,wall,,00000962.pro,-1,,0
1056,,139752,0,1089,18831,31,94,0,50332270,0x0300026E,wall,,00000622.pro,-1,,0
1057,,139840,0,1090,18832,32,94,0,33554827,0x0200018B,scenery,generic,00000396.pro,-1,,0
1058,,139928,0,1091,18833,33,94,0,50332270,0x0300026E,wall,,00000622.pro,-1,,0
1059,,140016,0,1092,18835,35,94,0,50332270,0x0300026E,wall,,00000622.pro,-1,,0
1060,,140104,0,1093,18836,36,94,0,33554827,0x0200018B,scenery,generic,00000396.pro,-1,,0
1061,,140192,0,1094,18837,37,94,0,50332270,0x0300026E,wall,,00000622.pro,-1,,0
1062,,140280,0,1095,18839,39,94,0,50332270,0x0300026E,wall,,00000622.pro,-1,,0
1063,,140368,0,1096,18840,40,94,0,33554827,0x0200018B,scenery,generic,00000396.pro,-1,,0
1064,,140456,0,1097,18841,41,94,0,50332270,0x0300026E,wall,,00000622.pro,-1,,0
1065,,140544,0,1098,18843,43,94,0,50332270,0x0300026E,wall,,00000622.pro,-1,,0
1066,,140632,0,1099,18844,44,94,0,33554827,0x0200018B,scenery,generic,00000396.pro,-1,,0
1067,,140720,0,1100,18845,45,94,0,50332270,0x0300026E,wall,,00000622.pro,-1,,0
1068,,140808,0,1101,18846,46,94,0,83886092,0x0500000C,misc,,00000012.pro,-1,,0
1069,,140896,0,1102,18847,47,94,0,50332270,0x0300026E,wall,,00000622.pro,-1,,0
1070,,140984,0,1103,18848,48,94,0,33554827,0x0200018B,scenery,generic,00000396.pro,-1,,0
1071,,141072,0,1104,18849,49,94,0,50332270,0x0300026E,wall,,00000622.pro,-1,,0
1072,,141160,0,1105,18849,49,94,0,33554552,0x02000078,scenery,generic,00000121.pro,-1,,0
1073,,141248,0,1106,18851,51,94,0,50332270,0x0300026E,wall,,00000622.pro,-1,,0
1074,,141336,0,1107,18852,52,94,0,33554827,0x0200018B,scenery,generic,00000396.pro,-1,,0
1075,,141424,0,1108,18853,53,94,0,50332270,0x0300026E,wall,,00000622.pro,-1,,0
1076,,141512,0,1109,18855,55,94,0,50332270,0x0300026E,wall,,00000622.pro,-1,,0
1077,,141600,0,1110,18855,55,94,0,33554552,0x02000078,scenery,generic,00000121.pro,-1,,0
1078,,141688,0,1111,18856,56,94,0,33554827,0x0200018B,scenery,generic,00000396.pro,-1,,0
1079,,141776,0,1112,18857,57,94,0,50332270,0x0300026E,wall,,00000622.pro,-1,,0
1080,,141864,0,1113,18859,59,94,0,50332270,0x0300026E,wall,,00000622.pro,-1,,0
1081,,141952,0,1114,18860,60,94,0,33554827,0x0200018B,scenery,generic,00000396.pro,-1,,0
1082,,142040,0,1115,18861,61,94,0,50332270,0x0300026E,wall,,00000622.pro,-1,,0
1083,,142128,0,1116,18863,63,94,0,50332270,0x0300026E,wall,,00000622.pro,-1,,0
1084,,142216,0,1117,18864,64,94,0,33554827,0x0200018B,scenery,generic,00000396.pro,-1,,0
1085,,142304,0,1118,18865,65,94,0,50332270,0x0300026E,wall,,00000622.pro,-1,,0
1086,,142392,0,1119,18865,65,94,0,33554552,0x02000078,scenery,generic,00000121.pro,-1,,0
1087,,142480,0,1120,18867,67,94,0,50332270,0x0300026E,wall,,00000622.pro,-1,,0
1088,,142568,0,1121,18867,67,94,0,33554552,0x02000078,scenery,generic,00000121.pro,-1,,0
1089,,142656,0,1122,18868,68,94,0,33554827,0x0200018B,scenery,generic,00000396.pro,-1,,0
1090,,142744,0,1123,18869,69,94,0,50332270,0x0300026E,wall,,00000622.pro,-1,,0
1091,,142832,0,1124,18871,71,94,0,50332270,0x0300026E,wall,,00000622.pro,-1,,0
1092,,142920,0,1125,18872,72,94,0,33554827,0x0200018B,scenery,generic,00000396.pro,-1,,0
1093,,143008,0,1126,18873,73,94,0,50332270,0x0300026E,wall,,00000622.pro,-1,,0
1094,,143096,0,1127,18875,75,94,0,50332270,0x0300026E,wall,,00000622.pro,-1,,0
1095,,143184,0,1128,18875,75,94,0,33554553,0x02000079,scenery,generic,00000122.pro,-1,,0
1096,,143272,0,1129,18876,76,94,0,33554827,0x0200018B,scenery,generic,00000396.pro,-1,,0
1097,,143360,0,1130,18877,77,94,0,50332270,0x0300026E,wall,,00000622.pro,-1,,0
1098,,143448,0,1131,18879,79,94,0,50332270,0x0300026E,wall,,00000622.pro,-1,,0
1099,,143536,0,1132,18880,80,94,0,33554827,0x0200018B,scenery,generic,00000396.pro,-1,,0
1100,,143624,0,1133,18881,81,94,0,50332270,0x0300026E,wall,,00000622.pro,-1,,0
1101,,143712,0,1134,18883,83,94,0,50332270,0x0300026E,wall,,00000622.pro,-1,,0
1102,,143800,0,1135,18884,84,94,0,33554827,0x0200018B,scenery,generic,00000396.pro,-1,,0
1103,,143888,0,1136,18885,85,94,0,50332270,0x0300026E,wall,,00000622.pro,-1,,0
1104,,143976,0,1137,18885,85,94,0,33554552,0x02000078,scenery,generic,00000121.pro,-1,,0
1105,,144064,0,1138,18887,87,94,0,50332270,0x0300026E,wall,,00000622.pro,-1,,0
1106,,144152,0,1139,18888,88,94,0,33554827,0x0200018B,scenery,generic,00000396.pro,-1,,0
1107,,144240,0,1140,18889,89,94,0,50332270,0x0300026E,wall,,00000622.pro,-1,,0
1108,,144328,0,1141,18891,91,94,0,50332270,0x0300026E,wall,,00000622.pro,-1,,0
1109,,144416,0,1142,18892,92,94,0,33554827,0x0200018B,scenery,generic,00000396.pro,-1,,0
1110,,144504,0,1143,18893,93,94,0,50332270,0x0300026E,wall,,00000622.pro,-1,,0
1111,,144592,0,1144,18895,95,94,0,50332270,0x0300026E,wall,,00000622.pro,-1,,0
1112,,144680,0,1145,18896,96,94,0,33554827,0x0200018B,scenery,generic,00000396.pro,-1,,0
1113,,144768,0,1146,18897,97,94,0,50332270,0x0300026E,wall,,00000622.pro,-1,,0
1114,,144856,0,1147,18898,98,94,0,50332621,0x030003CD,wall,,00000973.pro,-1,,0
1115,,144944,0,1148,18920,120,94,0,50332623,0x030003CF,wall,,00000975.pro,-1,,0
1116,,145032,0,1149,18921,121,94,0,50332270,0x0300026E,wall,,00000622.pro,-1,,0
1117,,145120,0,1150,18922,122,94,0,33554827,0x0200018B,scenery,generic,00000396.pro,-1,,0
1118,,145208,0,1151,18923,123,94,0,50332270,0x0300026E,wall,,00000622.pro,-1,,0
1119,,145296,0,1152,18923,123,94,0,33554552,0x02000078,scenery,generic,00000121.pro,-1,,0
1120,,145384,0,1153,18925,125,94,0,50332270,0x0300026E,wall,,00000622.pro,-1,,0
1121,,145472,0,1154,18926,126,94,0,33554827,0x0200018B,scenery,generic,00000396.pro,-1,,0
1122,,145560,0,1155,18927,127,94,0,50332270,0x0300026E,wall,,00000622.pro,-1,,0
1123,,145648,0,1156,18929,129,94,0,50332270,0x0300026E,wall,,00000622.pro,-1,,0
1124,,145736,0,1157,18930,130,94,0,33554827,0x0200018B,scenery,generic,00000396.pro,-1,,0
1125,,145824,0,1158,18931,131,94,0,50332270,0x0300026E,wall,,00000622.pro,-1,,0
1126,,145912,0,1159,18933,133,94,0,50332270,0x0300026E,wall,,00000622.pro,-1,,0
1127,,146000,0,1160,18934,134,94,0,33554827,0x0200018B,scenery,generic,00000396.pro,-1,,0
1128,,146088,0,1161,18935,135,94,0,50332270,0x0300026E,wall,,00000622.pro,-1,,0
1129,,146176,0,1162,18937,137,94,0,50332270,0x0300026E,wall,,00000622.pro,-1,,0
1130,,146264,0,1163,18937,137,94,0,33554552,0x02000078,scenery,generic,00000121.pro,-1,,0
1131,,146352,0,1164,18938,138,94,0,33554827,0x0200018B,scenery,generic,00000396.pro,-1,,0
1132,,146440,0,1165,18939,139,94,0,50332270,0x0300026E,wall,,00000622.pro,-1,,0
1133,,146528,0,1166,18941,141,94,0,50332270,0x0300026E,wall,,00000622.pro,-1,,0
1134,,146616,0,1167,18942,142,94,0,33554827,0x0200018B,scenery,generic,00000396.pro,-1,,0
1135,,146704,0,1168,18943,143,94,0,50332270,0x0300026E,wall,,00000622.pro,-1,,0
1136,,146792,0,1169,18944,144,94,0,83886092,0x0500000C,misc,,00000012.pro,-1,,0
1137,,146880,0,1170,18945,145,94,0,50332270,0x0300026E,wall,,00000622.pro,-1,,0
1138,,146968,0,1171,18946,146,94,0,33554827,0x0200018B,scenery,generic,00000396.pro,-1,,0
1139,,147056,0,1172,18947,147,94,0,50332270,0x0300026E,wall,,00000622.pro,-1,,0
1140,,147144,0,1173,18949,149,94,0,50332270,0x0300026E,wall,,00000622.pro,-1,,0
1141,,147232,0,1174,18950,150,94,0,33554827,0x0200018B,scenery,generic,00000396.pro,-1,,0
1142,,147320,0,1175,18951,151,94,0,50332270,0x0300026E,wall,,00000622.pro,-1,,0
1143,,147408,0,1176,18951,151,94,0,33554552,0x02000078,scenery,generic,00000121.pro,-1,,0
1144,,147496,0,1177,18953,153,94,0,50332270,0x0300026E,wall,,00000622.pro,-1,,0
1145,,147584,0,1178,18954,154,94,0,33554827,0x0200018B,scenery,generic,00000396.pro,-1,,0
1146,,147672,0,1179,18955,155,94,0,50332270,0x0300026E,wall,,00000622.pro,-1,,0
1147,,147760,0,1180,18957,157,94,0,50332270,0x0300026E,wall,,00000622.pro,-1,,0
1148,,147848,0,1181,18958,158,94,0,33554827,0x0200018B,scenery,generic,00000396.pro,-1,,0
1149,,147936,0,1182,18959,159,94,0,50332270,0x0300026E,wall,,00000622.pro,-1,,0
1150,,148024,0,1183,18961,161,94,0,50332270,0x0300026E,wall,,00000622.pro,-1,,0
1151,,148112,0,1184,18962,162,94,0,33554827,0x0200018B,scenery,generic,00000396.pro,-1,,0
1152,,148200,0,1185,18963,163,94,0,50332270,0x0300026E,wall,,00000622.pro,-1,,0
1153,,148288,0,1186,18965,165,94,0,50332270,0x0300026E,wall,,00000622.pro,-1,,0
1154,,148376,0,1187,18966,166,94,0,33554827,0x0200018B,scenery,generic,00000396.pro,-1,,0
1155,,148464,0,1188,18967,167,94,0,50332270,0x0300026E,wall,,00000622.pro,-1,,0
1156,,148552,0,1189,19032,32,95,0,33554499,0x02000043,scenery,generic,00000068.pro,-1,,0
1157,,148640,0,1190,19036,36,95,0,33554499,0x02000043,scenery,generic,00000068.pro,-1,,0
1158,,148728,0,1191,19040,40,95,0,33554499,0x02000043,scenery,generic,00000068.pro,-1,,0
1159,,148816,0,1192,19044,44,95,0,33554499,0x02000043,scenery,generic,00000068.pro,-1,,0
1160,,148904,0,1193,19047,47,95,0,83886092,0x0500000C,misc,,00000012.pro,-1,,0
1161,,148992,0,1194,19048,48,95,0,33554499,0x02000043,scenery,generic,00000068.pro,-1,,0
1162,,149080,0,1195,19052,52,95,0,33554499,0x02000043,scenery,generic,00000068.pro,-1,,0
1163,,149168,0,1196,19056,56,95,0,33554499,0x02000043,scenery,generic,00000068.pro,-1,,0
1164,,149256,0,1197,19060,60,95,0,33554499,0x02000043,scenery,generic,00000068.pro,-1,,0
1165,,149344,0,1198,19064,64,95,0,33554499,0x02000043,scenery,generic,00000068.pro,-1,,0
1166,,149432,0,1199,19068,68,95,0,33554499,0x02000043,scenery,generic,00000068.pro,-1,,0
1167,,149520,0,1200,19072,72,95,0,33554499,0x02000043,scenery,generic,00000068.pro,-1,,0
1168,,149608,0,1201,19076,76,95,0,33554499,0x02000043,scenery,generic,00000068.pro,-1,,0
1169,,149696,0,1202,19080,80,95,0,33554499,0x02000043,scenery,generic,00000068.pro,-1,,0
1170,,149784,0,1203,19084,84,95,0,33554499,0x02000043,scenery,generic,00000068.pro,-1,,0
1171,,149872,0,1204,19088,88,95,0,33554499,0x02000043,scenery,generic,00000068.pro,-1,,0
1172,,149960,0,1205,19092,92,95,0,33554499,0x02000043,scenery,generic,00000068.pro,-1,,0
1173,,150048,0,1206,19096,96,95,0,33554499,0x02000043,scenery,generic,00000068.pro,-1,,0
1174,,150136,0,1207,19098,98,95,0,50332608,0x030003C0,wall,,00000960.pro,-1,,0
1175,,150224,0,1208,19118,118,95,0,33554433,0x02000001,scenery,generic,00000024.pro,-1,,0
1176,,150312,0,1209,19120,120,95,0,50332608,0x030003C0,wall,,00000960.pro,-1,,0
1177,,150400,0,1210,19122,122,95,0,33554499,0x02000043,scenery,generic,00000068.pro,-1,,0
1178,,150488,0,1211,19126,126,95,0,33554499,0x02000043,scenery,generic,00000068.pro,-1,,0
1179,,150576,0,1212,19130,130,95,0,33554499,0x02000043,scenery,generic,00000068.pro,-1,,0
1180,,150664,0,1213,19134,134,95,0,33554499,0x02000043,scenery,generic,00000068.pro,-1,,0
1181,,150752,0,1214,19138,138,95,0,33554499,0x02000043,scenery,generic,00000068.pro,-1,,0
1182,,150840,0,1215,19142,142,95,0,33554499,0x02000043,scenery,generic,00000068.pro,-1,,0
1183,,150928,0,1216,19145,145,95,0,83886092,0x0500000C,misc,,00000012.pro,-1,,0
1184,,151016,0,1217,19146,146,95,0,33554499,0x02000043,scenery,generic,00000068.pro,-1,,0
1185,,151104,0,1218,19150,150,95,0,33554499,0x02000043,scenery,generic,00000068.pro,-1,,0
1186,,151192,0,1219,19154,154,95,0,33554499,0x02000043,scenery,generic,00000068.pro,-1,,0
1187,,151280,0,1220,19158,158,95,0,33554499,0x02000043,scenery,generic,00000068.pro,-1,,0
1188,,151368,0,1221,19162,162,95,0,33554499,0x02000043,scenery,generic,00000068.pro,-1,,0
1189,,151456,0,1222,19166,166,95,0,33554499,0x02000043,scenery,generic,00000068.pro,-1,,0
1190,,151544,0,1223,19247,47,96,0,83886092,0x0500000C,misc,,00000012.pro,-1,,0
1191,,151632,0,1224,19248,48,96,0,83886092,0x0500000C,misc,,00000012.pro,-1,,0
1192,,151720,0,1225,19298,98,96,0,50332613,0x030003C5,wall,,00000965.pro,-1,,0
1193,,151808,0,1226,19320,120,96,0,50332612,0x030003C4,wall,,00000964.pro,-1,,0
1194,,151896,0,1227,19345,145,96,0,83886092,0x0500000C,misc,,00000012.pro,-1,,0
1195,,151984,0,1228,19346,146,96,0,83886092,0x0500000C,misc,,00000012.pro,-1,,0
1196,,152072,0,1229,19448,48,97,0,83886092,0x0500000C,misc,,00000012.pro,-1,,0
1197,,152160,0,1230,19498,98,97,0,50332269,0x0300026D,wall,,00000621.pro,-1,,0
1198,,152248,0,1231,19520,120,97,0,50332269,0x0300026D,wall,,00000621.pro,-1,,0
1199,,152336,0,1232,19546,146,97,0,83886092,0x0500000C,misc,,00000012.pro,-1,,0
1200,,152424,0,1233,19649,49,98,0,83886092,0x0500000C,misc,,00000012.pro,-1,,0
1201,,152512,0,1234,19747,147,98,0,83886092,0x0500000C,misc,,00000012.pro,-1,,0
1202,,152600,0,1235,19849,49,99,0,83886092,0x0500000C,misc,,00000012.pro,-1,,0
1203,,152688,0,1236,19850,50,99,0,83886092,0x0500000C,misc,,00000012.pro,-1,,0
1204,,152776,0,1237,19947,147,99,0,83886092,0x0500000C,misc,,00000012.pro,-1,,0
1205,,152864,0,1238,19947,147,99,0,83886092,0x0500000C,misc,,00000012.pro,-1,,0
1206,,152952,0,1239,19948,148,99,0,83886092,0x0500000C,misc,,00000012.pro,-1,,0
1207,,153040,0,1240,20050,50,100,0,83886092,0x0500000C,misc,,00000012.pro,-1,,0
1208,,153128,0,1241,20148,148,100,0,83886092,0x0500000C,misc,,00000012.pro,-1,,0
1209,,153216,0,1242,20247,47,101,0,33554499,0x02000043,scenery,generic,00000068.pro,-1,,0
1210,,153304,0,1243,20248,48,101,0,33554800,0x02000170,scenery,generic,00000369.pro,-1,,0
1211,,153392,0,1244,20251,51,101,0,83886092,0x0500000C,misc,,00000012.pro,-1,,0
1212,,153480,0,1245,20345,145,101,0,33554801,0x02000171,scenery,generic,00000370.pro,-1,,0
1213,,153568,0,1246,20349,149,101,0,83886092,0x0500000C,misc,,00000012.pro,-1,,0
1214,,153656,0,1247,20447,47,102,0,33554499,0x02000043,scenery,generic,00000068.pro,-1,,0
1215,,153744,0,1248,20449,49,102,0,33554499,0x02000043,scenery,generic,00000068.pro,-1,,0
1216,,153832,0,1249,20451,51,102,0,83886092,0x0500000C,misc,,00000012.pro,-1,,0
1217,,153920,0,1250,20452,52,102,0,83886092,0x0500000C,misc,,00000012.pro,-1,,0
1218,,154008,0,1251,20537,137,102,0,33554801,0x02000171,scenery,generic,00000370.pro,-1,,0
1219,,154096,0,1252,20541,141,102,0,33554803,0x02000173,scenery,generic,00000372.pro,-1,,0
1220,,154184,0,1253,20545,145,102,0,33554802,0x02000172,scenery,generic,00000371.pro,-1,,0
1221,,154272,0,1254,20549,149,102,0,83886092,0x0500000C,misc,,00000012.pro,-1,,0
1222,,154360,0,1255,20550,150,102,0,83886092,0x0500000C,misc,,00000012.pro,-1,,0
1223,,154448,0,1256,20652,52,103,0,83886092,0x0500000C,misc,,00000012.pro,-1,,0
1224,,154536,0,1257,20729,129,103,0,33554801,0x02000171,scenery,generic,00000370.pro,-1,,0
1225,,154624,0,1258,20733,133,103,0,33554802,0x02000172,scenery,generic,00000371.pro,-1,,0
1226,,154712,0,1259,20741,141,103,0,33554802,0x02000172,scenery,generic,00000371.pro,-1,,0
1227,,154800,0,1260,20749,149,103,0,33554801,0x02000171,scenery,generic,00000370.pro,-1,,0
1228,,154888,0,1261,20750,150,103,0,83886092,0x0500000C,misc,,00000012.pro,-1,,0
1229,,154976,0,1262,20753,153,103,0,33554801,0x02000171,scenery,generic,00000370.pro,-1,,0
1230,,155064,0,1263,20757,157,103,0,33554801,0x02000171,scenery,generic,00000370.pro,-1,,0
1231,,155152,0,1264,20843,43,104,0,33554798,0x0200016E,scenery,generic,00000367.pro,-1,,0
1232,,155240,0,1265,20851,51,104,0,33554799,0x0200016F,scenery,generic,00000368.pro,-1,,0
1233,,155328,0,1266,20853,53,104,0,83886092,0x0500000C,misc,,00000012.pro,-1,,0
1234,,155416,0,1267,20859,59,104,0,33554798,0x0200016E,scenery,generic,00000367.pro,-1,,0
1235,,155504,0,1268,20929,129,104,0,33554802,0x02000172,scenery,generic,00000371.pro,-1,,0
1236,,155592,0,1269,20933,133,104,0,33554801,0x02000171,scenery,generic,00000370.pro,-1,,0
1237,,155680,0,1270,20937,137,104,0,33554802,0x02000172,scenery,generic,00000371.pro,-1,,0
1238,,155768,0,1271,20945,145,104,0,33554801,0x02000171,scenery,generic,00000370.pro,-1,,0
1239,,155856,0,1272,20949,149,104,0,33554803,0x02000173,scenery,generic,00000372.pro,-1,,0
1240,,155944,0,1273,20951,151,104,0,83886092,0x0500000C,misc,,00000012.pro,-1,,0
1241,,156032,0,1274,20957,157,104,0,33554803,0x02000173,scenery,generic,00000372.pro,-1,,0
1242,,156120,0,1275,21039,39,105,0,33554798,0x0200016E,scenery,generic,00000367.pro,-1,,0
1243,,156208,0,1276,21043,43,105,0,33554799,0x0200016F,scenery,generic,00000368.pro,-1,,0
1244,,156296,0,1277,21047,47,105,0,33554798,0x0200016E,scenery,generic,00000367.pro,-1,,0
1245,,156384,0,1278,21051,51,105,0,33554798,0x0200016E,scenery,generic,00000367.pro,-1,,0
1246,,156472,0,1279,21053,53,105,0,83886092,0x0500000C,misc,,00000012.pro,-1,,0
1247,,156560,0,1280,21054,54,105,0,83886092,0x0500000C,misc,,00000012.pro,-1,,0
1248,,156648,0,1281,21055,55,105,0,33554799,0x0200016F,scenery,generic,00000368.pro,-1,,0
1249,,156736,0,1282,21059,59,105,0,33554799,0x0200016F,scenery,generic,00000368.pro,-1,,0
1250,,156824,0,1283,21141,141,105,0,33554801,0x02000171,scenery,generic,00000370.pro,-1,,0
1251,,156912,0,1284,21149,149,105,0,33554802,0x02000172,scenery,generic,00000371.pro,-1,,0
1252,,157000,0,1285,21151,151,105,0,83886092,0x0500000C,misc,,00000012.pro,-1,,0
1253,,157088,0,1286,21152,152,105,0,83886092,0x0500000C,misc,,00000012.pro,-1,,0
1254,,157176,0,1287,21153,153,105,0,33554802,0x02000172,scenery,generic,00000371.pro,-1,,0
1255,,157264,0,1288,21157,157,105,0,33554802,0x02000172,scenery,generic,00000371.pro,-1,,0
1256,,157352,0,1289,21239,39,106,0,33554799,0x0200016F,scenery,generic,00000368.pro,-1,,0
1257,,157440,0,1290,21247,47,106,0,33554799,0x0200016F,scenery,generic,00000368.pro,-1,,0
1258,,157528,0,1291,21251,51,106,0,33554799,0x0200016F,scenery,generic,00000368.pro,-1,,0
1259,,157616,0,1292,21254,54,106,0,83886092,0x0500000C,misc,,00000012.pro,-1,,0
1260,,157704,0,1293,21255,55,106,0,33554798,0x0200016E,scenery,generic,00000367.pro,-1,,0
1261,,157792,0,1294,21271,71,106,0,33554536,0x02000068,scenery,generic,00000105.pro,-1,,0
1262,,157880,0,1295,21272,72,106,0,33554537,0x02000069,scenery,generic,00000106.pro,-1,,0
1263,,157968,0,1296,21329,129,106,0,33554803,0x02000173,scenery,generic,00000372.pro,-1,,0
1264,,158056,0,1297,21333,133,106,0,33554801,0x02000171,scenery,generic,00000370.pro,-1,,0
1265,,158144,0,1298,21337,137,106,0,33554801,0x02000171,scenery,generic,00000370.pro,-1,,0
1266,,158232,0,1299,21341,141,106,0,33554802,0x02000172,scenery,generic,00000371.pro,-1,,0
1267,,158320,0,1300,21347,147,106,0,16777394,0x010000B2,critter,,00000178.pro,67108895,RedFarm.int,0
1268,,158448,0,1301,21352,152,106,0,83886092,0x0500000C,misc,,00000012.pro,-1,,0
1269,,158536,0,1302,21439,39,107,0,33554799,0x0200016F,scenery,generic,00000368.pro,-1,,0
1270,,158624,0,1303,21443,43,107,0,33554798,0x0200016E,scenery,generic,00000367.pro,-1,,0
1271,,158712,0,1304,21447,47,107,0,33554799,0x0200016F,scenery,generic,00000368.pro,-1,,0
1272,,158800,0,1305,21455,55,107,0,83886092,0x0500000C,misc,,00000012.pro,-1,,0
1273,,158888,0,1306,21455,55,107,0,33554799,0x0200016F,scenery,generic,00000368.pro,-1,,0
1274,,158976,0,1307,21459,59,107,0,33554799,0x0200016F,scenery,generic,00000368.pro,-1,,0
1275,,159064,0,1308,21461,61,107,0,16777389,0x010000AD,critter,,00000173.pro,67108885,hgenfarm.int,0
1276,,159192,0,1309,21500,100,107,0,33554724,0x02000124,scenery,generic,00000293.pro,-1,,0
1277,,159280,0,1310,21502,102,107,0,33554573,0x0200008D,scenery,generic,00000142.pro,-1,,0
1278,,159368,0,1311,21508,108,107,5,16777329,0x01000071,critter,,00000113.pro,67108907,fry.int,4
1278/inventory/0,2,159500,0,1312,-1,,,0,35,0x00000023,item,ammo,00000035.pro,-1,,0
1278/inventory/1,2,159596,0,1313,-1,,,0,36,0x00000024,item,ammo,00000036.pro,-1,,0
1278/inventory/2,5,159692,0,1314,-1,,,0,40,0x00000028,item,drug,00000040.pro,-1,,0
1278/inventory/3,1,159784,0,1315,-1,,,0,23,0x00000017,item,weapon,00000023.pro,-1,,0
1279,,159880,0,1316,21529,129,107,0,33554801,0x02000171,scenery,generic,00000370.pro,-1,,0
1280,,159968,0,1317,21537,137,107,0,33554802,0x02000172,scenery,generic,00000371.pro,-1,,0
1281,,160056,0,1318,21545,145,107,0,33554801,0x02000171,scenery,generic,00000370.pro,-1,,0
1282,,160144,0,1319,21549,149,107,0,33554803,0x02000173,scenery,generic,00000372.pro,-1,,0
1283,,160232,0,1320,21553,153,107,0,83886092,0x0500000C,misc,,00000012.pro,-1,,0
1284,,160320,0,1321,21553,153,107,0,33554801,0x02000171,scenery,generic,00000370.pro,-1,,0
1285,,160408,0,1322,21557,157,107,0,33554801,0x02000171,scenery,generic,00000370.pro,-1,,0
1286,,160496,0,1323,21639,39,108,0,33554798,0x0200016E,scenery,generic,00000367.pro,-1,,0
1287,,160584,0,1324,21643,43,108,0,33554799,0x0200016F,scenery,generic,00000368.pro,-1,,0
1288,,160672,0,1325,21651,51,108,0,33554799,0x0200016F,scenery,generic,00000368.pro,-1,,0
1289,,160760,0,1326,21655,55,108,0,83886092,0x0500000C,misc,,00000012.pro,-1,,0
1290,,160848,0,1327,21656,56,108,0,83886092,0x0500000C,misc,,00000012.pro,-1,,0
1291,,160936,0,1328,21659,59,108,0,33554798,0x0200016E,scenery,generic,00000367.pro,-1,,0
1292,,161024,0,1329,21733,133,108,0,33554802,0x02000172,scenery,generic,00000371.pro,-1,,0
1293,,161112,0,1330,21737,137,108,0,33554803,0x02000173,scenery,generic,00000372.pro,-1,,0
1294,,161200,0,1331,21741,141,108,0,33554803,0x02000173,scenery,generic,00000372.pro,-1,,0
1295,,161288,0,1332,21749,149,108,0,33554801,0x02000171,scenery,generic,00000370.pro,-1,,0
1296,,161376,0,1333,21753,153,108,0,83886092,0x0500000C,misc,,00000012.pro,-1,,0
1297,,161464,0,1334,21754,154,108,0,83886092,0x0500000C,misc,,00000012.pro,-1,,0
1298,,161552,0,1335,21839,39,109,0,33554799,0x0200016F,scenery,generic,00000368.pro,-1,,0
1299,,161640,0,1336,21843,43,109,0,33554799,0x0200016F,scenery,generic,00000368.pro,-1,,0
1300,,161728,0,1337,21847,47,109,0,33554799,0x0200016F,scenery,generic,00000368.pro,-1,,0
1301,,161816,0,1338,21855,55,109,0,33554799,0x0200016F,scenery,generic,00000368.pro,-1,,0
1302,,161904,0,1339,21856,56,109,0,83886092,0x0500000C,misc,,00000012.pro,-1,,0
1303,,161992,0,1340,21859,59,109,0,33554799,0x0200016F,scenery,generic,00000368.pro,-1,,0
1304,,162080,0,1341,21876,76,109,0,50332241,0x03000251,wall,,00000593.pro,-1,,0
1305,,162168,0,1342,21877,77,109,0,50332238,0x0300024E,wall,,00000590.pro,-1,,0
1306,,162256,0,1343,21878,78,109,0,50332240,0x03000250,wall,,00000592.pro,-1,,0
1307,,162344,0,1344,21879,79,109,0,50332236,0x0300024C,wall,,00000588.pro,-1,,0
1308,,162432,0,1345,21880,80,109,0,50332292,0x03000284,wall,,00000644.pro,-1,,0
1309,,162520,0,1346,21881,81,109,0,50332239,0x0300024F,wall,,00000591.pro,-1,,0
1310,,162608,0,1347,21882,82,109,0,50332237,0x0300024D,wall,,00000589.pro,-1,,0
1311,,162696,0,1348,21883,83,109,0,50332238,0x0300024E,wall,,00000590.pro,-1,,0
1312,,162784,0,1349,21884,84,109,0,50332257,0x03000261,wall,,00000609.pro,-1,,0
1313,,162872,0,1350,21885,85,109,0,50332216,0x03000238,wall,,00000568.pro,-1,,0
1314,,162960,0,1351,21886,86,109,0,50332215,0x03000237,wall,,00000567.pro,-1,,0
1315,,163048,0,1352,21887,87,109,0,50332218,0x0300023A,wall,,00000570.pro,-1,,0
1316,,163136,0,1353,21888,88,109,0,50332293,0x03000285,wall,,00000645.pro,-1,,0
1317,,163224,0,1354,21889,89,109,0,50332238,0x0300024E,wall,,00000590.pro,-1,,0
1318,,163312,0,1355,21890,90,109,0,50332237,0x0300024D,wall,,00000589.pro,-1,,0
1319,,163400,0,1356,21891,91,109,0,50332236,0x0300024C,wall,,00000588.pro,-1,,0
1320,,163488,0,1357,21892,92,109,0,50332235,0x0300024B,wall,,00000587.pro,-1,,0
1321,,163576,0,1358,21893,93,109,0,50332239,0x0300024F,wall,,00000591.pro,-1,,0
1322,,163664,0,1359,21894,94,109,0,50332292,0x03000284,wall,,00000644.pro,-1,,0
1323,,163752,0,1360,21895,95,109,0,50332239,0x0300024F,wall,,00000591.pro,-1,,0
1324,,163840,0,1361,21896,96,109,0,50332234,0x0300024A,wall,,00000586.pro,-1,,0
1325,,163928,0,1362,21897,97,109,0,50332236,0x0300024C,wall,,00000588.pro,-1,,0
1326,,164016,0,1363,21898,98,109,0,50332269,0x0300026D,wall,,00000621.pro,-1,,0
1327,,164104,0,1364,21907,107,109,5,16777474,0x01000102,critter,,00000258.pro,67108905,gencop.int,3
1327/inventory/0,1,164236,0,1365,-1,,,0,9,0x00000009,item,weapon,00000002.pro,-1,,0
1327/inventory/1,1,164336,0,1366,-1,,,0,29,0x0000001D,item,ammo,00000029.pro,-1,,0
1327/inventory/2,1,164432,0,1367,-1,,,0,30,0x0000001E,item,ammo,00000030.pro,-1,,0
1328,,164524,0,1368,21910,110,109,5,16777469,0x010000FD,critter,,00000253.pro,67108906,gencop.int,1
1328/inventory/0,1,164656,0,1369,-1,,,0,236,0x000000EC,item,weapon,00000236.pro,-1,,0
1329,,164752,0,1370,21929,129,109,0,33554802,0x02000172,scenery,generic,00000371.pro,-1,,0
1330,,164840,0,1371,21931,131,109,0,16777311,0x0100005F,critter,,00000095.pro,67108896,femfarmr.int,0
1331,,164968,0,1372,21941,141,109,0,33554801,0x02000171,scenery,generic,00000370.pro,-1,,0
1332,,165056,0,1373,21945,145,109,0,33554802,0x02000172,scenery,generic,00000371.pro,-1,,0
1333,,165144,0,1374,21953,153,109,0,33554802,0x02000172,scenery,generic,00000371.pro,-1,,0
1334,,165232,0,1375,21954,154,109,0,83886092,0x0500000C,misc,,00000012.pro,-1,,0
1335,,165320,0,1376,21957,157,109,0,33554803,0x02000173,scenery,generic,00000372.pro,-1,,0
1336,,165408,0,1377,22039,39,110,0,33554798,0x0200016E,scenery,generic,00000367.pro,-1,,0
1337,,165496,0,1378,22043,43,110,0,33554798,0x0200016E,scenery,generic,00000367.pro,-1,,0
1338,,165584,0,1379,22047,47,110,0,33554798,0x0200016E,scenery,generic,00000367.pro,-1,,0
1339,,165672,0,1380,22051,51,110,0,33554798,0x0200016E,scenery,generic,00000367.pro,-1,,0
1340,,165760,0,1381,22057,57,110,0,83886092,0x0500000C,misc,,00000012.pro,-1,,0
1341,,165848,0,1382,22076,76,110,0,50332269,0x0300026D,wall,,00000621.pro,-1,,0
1342,,165936,0,1383,22077,77,110,0,50332270,0x0300026E,wall,,00000622.pro,-1,,0
1343,,166024,0,1384,22079,79,110,0,50332270,0x0300026E,wall,,00000622.pro,-1,,0
1344,,166112,0,1385,22081,81,110,0,50332270,0x0300026E,wall,,00000622.pro,-1,,0
1345,,166200,0,1386,22081,81,110,0,33554732,0x0200012C,scenery,generic,00000301.pro,-1,,0
1346,,166288,0,1387,22082,82,110,0,33554499,0x02000043,scenery,generic,00000068.pro,-1,,0
1347,,166376,0,1388,22083,83,110,0,50332270,0x0300026E,wall,,00000622.pro,-1,,0
1348,,166464,0,1389,22084,84,110,0,50332269,0x0300026D,wall,,00000621.pro,-1,,0
1349,,166552,0,1390,22085,85,110,0,50332270,0x0300026E,wall,,00000622.pro,-1,,0
1350,,166640,0,1391,22086,86,110,0,33554661,0x020000E5,scenery,generic,00000230.pro,-1,,0
1351,,166728,0,1392,22087,87,110,0,50332270,0x0300026E,wall,,00000622.pro,-1,,0
1352,,166816,0,1393,22089,89,110,0,50332270,0x0300026E,wall,,00000622.pro,-1,,0
1353,,166904,0,1394,22091,91,110,0,50332270,0x0300026E,wall,,00000622.pro,-1,,0
1354,,166992,0,1395,22093,93,110,0,50332270,0x0300026E,wall,,00000622.pro,-1,,0
1355,,167080,0,1396,22095,95,110,0,50332270,0x0300026E,wall,,00000622.pro,-1,,0
1356,,167168,0,1397,22097,97,110,0,50332270,0x0300026E,wall,,00000622.pro,-1,,0
1357,,167256,0,1398,22098,98,110,0,50332162,0x03000202,wall,,00000514.pro,-1,,0
1358,,167344,0,1399,22133,133,110,0,33554801,0x02000171,scenery,generic,00000370.pro,-1,,0
1359,,167432,0,1400,22137,137,110,0,33554801,0x02000171,scenery,generic,00000370.pro,-1,,0
1360,,167520,0,1401,22149,149,110,0,33554801,0x02000171,scenery,generic,00000370.pro,-1,,0
1361,,167608,0,1402,22153,153,110,0,33554801,0x02000171,scenery,generic,00000370.pro,-1,,0
1362,,167696,0,1403,22155,155,110,0,83886092,0x0500000C,misc,,00000012.pro,-1,,0
1363,,167784,0,1404,22251,51,111,0,33554799,0x0200016F,scenery,generic,00000368.pro,-1,,0
1364,,167872,0,1405,22255,55,111,0,33554799,0x0200016F,scenery,generic,00000368.pro,-1,,0
1365,,167960,0,1406,22257,57,111,0,83886092,0x0500000C,misc,,00000012.pro,-1,,0
1366,,168048,0,1407,22258,58,111,0,83886092,0x0500000C,misc,,00000012.pro,-1,,0
1367,,168136,0,1408,22259,59,111,0,33554798,0x0200016E,scenery,generic,00000367.pro,-1,,0
1368,,168224,0,1409,22276,76,111,0,50332242,0x03000252,wall,,00000594.pro,-1,,0
1369,,168312,0,1410,22277,77,111,0,33555112,0x020002A8,scenery,generic,00000681.pro,-1,,0
1370,,168400,0,1411,22279,79,111,0,33554499,0x02000043,scenery,generic,00000068.pro,-1,,0
1371,,168488,0,1412,22284,84,111,0,50332222,0x0300023E,wall,,00000574.pro,-1,,0
1372,,168576,0,1413,22298,98,111,0,50332177,0x03000211,wall,,00000529.pro,-1,,0
1373,,168664,0,1414,22329,129,111,0,33554801,0x02000171,scenery,generic,00000370.pro,-1,,0
1374,,168752,0,1415,22341,141,111,0,33554802,0x02000172,scenery,generic,00000371.pro,-1,,0
1375,,168840,0,1416,22355,155,111,0,83886092,0x0500000C,misc,,00000012.pro,-1,,0
1376,,168928,0,1417,22356,156,111,0,83886092,0x0500000C,misc,,00000012.pro,-1,,0
1377,,169016,0,1418,22357,157,111,0,33554802,0x02000172,scenery,generic,00000371.pro,-1,,0
1378,,169104,0,1419,22439,39,112,0,33554799,0x0200016F,scenery,generic,00000368.pro,-1,,0
1379,,169192,0,1420,22443,43,112,0,33554799,0x0200016F,scenery,generic,00000368.pro,-1,,0
1380,,169280,0,1421,22447,47,112,0,33554799,0x0200016F,scenery,generic,00000368.pro,-1,,0
1381,,169368,0,1422,22455,55,112,0,33554798,0x0200016E,scenery,generic,00000367.pro,-1,,0
1382,,169456,0,1423,22458,58,112,0,83886092,0x0500000C,misc,,00000012.pro,-1,,0
1383,,169544,0,1424,22476,76,112,0,50332243,0x03000253,wall,,00000595.pro,-1,,0
1384,,169632,0,1425,22479,79,112,0,33554499,0x02000043,scenery,generic,00000068.pro,-1,,0
1385,,169720,0,1426,22484,84,112,0,50332227,0x03000243,wall,,00000579.pro,-1,,0
1386,,169808,0,1427,22485,85,112,0,33554663,0x020000E7,scenery,generic,00000232.pro,-1,,0
1387,,169896,0,1428,22490,90,112,0,33555098,0x0200029A,scenery,generic,00000667.pro,-1,,0
1388,,169984,0,1429,22498,98,112,0,50332139,0x030001EB,wall,,00000491.pro,-1,,0
1389,,170072,0,1430,22533,133,112,0,33554802,0x02000172,scenery,generic,00000371.pro,-1,,0
1390,,170160,0,1431,22537,137,112,0,33554802,0x02000172,scenery,generic,00000371.pro,-1,,0
1391,,170248,0,1432,22541,141,112,0,33554803,0x02000173,scenery,generic,00000372.pro,-1,,0
1392,,170336,0,1433,22545,145,112,0,33554802,0x02000172,scenery,generic,00000371.pro,-1,,0
1393,,170424,0,1434,22549,149,112,0,33554802,0x02000172,scenery,generic,00000371.pro,-1,,0
1394,,170512,0,1435,22553,153,112,0,33554803,0x02000173,scenery,generic,00000372.pro,-1,,0
1395,,170600,0,1436,22556,156,112,0,83886092,0x0500000C,misc,,00000012.pro,-1,,0
1396,,170688,0,1437,22557,157,112,0,33554803,0x02000173,scenery,generic,00000372.pro,-1,,0
1397,,170776,0,1438,22643,43,113,0,33554798,0x0200016E,scenery,generic,00000367.pro,-1,,0
1398,,170864,0,1439,22647,47,113,0,33554798,0x0200016E,scenery,generic,00000367.pro,-1,,0
1399,,170952,0,1440,22651,51,113,0,33554799,0x0200016F,scenery,generic,00000368.pro,-1,,0
1400,,171040,0,1441,22659,59,113,0,83886092,0x0500000C,misc,,00000012.pro,-1,,0
1401,,171128,0,1442,22659,59,113,0,33554799,0x0200016F,scenery,generic,00000368.pro,-1,,0
1402,,171216,0,1443,22676,76,113,0,50332246,0x03000256,wall,,00000598.pro,-1,,0
1403,,171304,0,1444,22677,77,113,0,33554499,0x02000043,scenery,generic,00000068.pro,-1,,0
1404,,171392,0,1445,22678,78,113,0,33554499,0x02000043,scenery,generic,00000068.pro,-1,,0
1405,,171480,0,1446,22679,79,113,0,33554499,0x02000043,scenery,generic,00000068.pro,-1,,0
1406,,171568,0,1447,22680,80,113,0,33554573,0x0200008D,scenery,generic,00000142.pro,-1,,0
1407,,171656,0,1448,22684,84,113,0,33554765,0x0200014D,scenery,door,00000334.pro,50331659,WoodDoor.int,0
1408,,171748,0,1449,22688,88,113,0,33554499,0x02000043,scenery,generic,00000068.pro,-1,,0
1409,,171836,0,1450,22689,89,113,0,33554499,0x02000043,scenery,generic,00000068.pro,-1,,0
1410,,171924,0,1451,22690,90,113,0,33554499,0x02000043,scenery,generic,00000068.pro,-1,,0
1411,,172012,0,1452,22691,91,113,0,33554499,0x02000043,scenery,generic,00000068.pro,-1,,0
1412,,172100,0,1453,22692,92,113,0,33554499,0x02000043,scenery,generic,00000068.pro,-1,,0
1413,,172188,0,1454,22693,93,113,3,16777469,0x010000FD,critter,,00000253.pro,67108898,gencop.int,2
1413/inventory/0,1,172320,0,1455,-1,,,0,236,0x000000EC,item,weapon,00000236.pro,-1,,0
1413/inventory/1,4,172420,0,1456,-1,,,0,40,0x00000028,item,drug,00000040.pro,-1,,0
1414,,172508,0,1457,22698,98,113,0,33554691,0x02000103,scenery,door,00000260.pro,50331657,WoodDoor.int,0
1415,,172600,0,1458,22729,129,113,0,33554802,0x02000172,scenery,generic,00000371.pro,-1,,0
1416,,172688,0,1459,22733,133,113,0,33554801,0x02000171,scenery,generic,00000370.pro,-1,,0
1417,,172776,0,1460,22737,137,113,0,33554801,0x02000171,scenery,generic,00000370.pro,-1,,0
1418,,172864,0,1461,22745,145,113,0,33554801,0x02000171,scenery,generic,00000370.pro,-1,,0
1419,,172952,0,1462,22753,153,113,0,33554802,0x02000172,scenery,generic,00000371.pro,-1,,0
1420,,173040,0,1463,22757,157,113,0,83886092,0x0500000C,misc,,00000012.pro,-1,,0
1421,,173128,0,1464,22757,157,113,0,33554801,0x02000171,scenery,generic,00000370.pro,-1,,0
1422,,173216,0,1465,22839,39,114,0,33554798,0x0200016E,scenery,generic,00000367.pro,-1,,0
1423,,173304,0,1466,22843,43,114,0,33554799,0x0200016F,scenery,generic,00000368.pro,-1,,0
1424,,173392,0,1467,22851,51,114,0,33554798,0x0200016E,scenery,generic,00000367.pro,-1,,0
1425,,173480,0,1468,22855,55,114,0,33554799,0x0200016F,scenery,generic,00000368.pro,-1,,0
1426,,173568,0,1469,22859,59,114,0,83886092,0x0500000C,misc,,00000012.pro,-1,,0
1427,,173656,0,1470,22860,60,114,0,83886092,0x0500000C,misc,,00000012.pro,-1,,0
1428,,173744,0,1471,22876,76,114,0,50332249,0x03000259,wall,,00000601.pro,-1,,0
1429,,173832,0,1472,22877,77,114,0,33555102,0x0200029E,scenery,generic,00000671.pro,-1,,0
1430,,173920,0,1473,22884,84,114,0,50332228,0x03000244,wall,,00000580.pro,-1,,0
1431,,174008,0,1474,22888,88,114,0,33554499,0x02000043,scenery,generic,00000068.pro,-1,,0
1432,,174096,0,1475,22889,89,114,0,33554499,0x02000043,scenery,generic,00000068.pro,-1,,0
1433,,174184,0,1476,22890,90,114,0,33554573,0x0200008D,scenery,generic,00000142.pro,-1,,0
1434,,174272,0,1477,22890,90,114,0,33554926,0x020001EE,scenery,generic,00000495.pro,-1,,0
1435,,174360,0,1478,22891,91,114,0,33554499,0x02000043,scenery,generic,00000068.pro,-1,,0
1436,,174448,0,1479,22892,92,114,0,33554499,0x02000043,scenery,generic,00000068.pro,-1,,0
1437,,174536,0,1480,22898,98,114,0,50332140,0x030001EC,wall,,00000492.pro,-1,,0
1438,,174624,0,1481,22933,133,114,0,33554803,0x02000173,scenery,generic,00000372.pro,-1,,0
1439,,174712,0,1482,22939,139,114,4,16777387,0x010000AB,critter,,00000171.pro,67108878,GrnFarm.int,0
1440,,174840,0,1483,22941,141,114,0,33554801,0x02000171,scenery,generic,00000370.pro,-1,,0
1441,,174928,0,1484,22949,149,114,0,33554801,0x02000171,scenery,generic,00000370.pro,-1,,0
1442,,175016,0,1485,22957,157,114,0,83886092,0x0500000C,misc,,00000012.pro,-1,,0
1443,,175104,0,1486,22958,158,114,0,83886092,0x0500000C,misc,,00000012.pro,-1,,0
1444,,175192,0,1487,23039,39,115,0,33554799,0x0200016F,scenery,generic,00000368.pro,-1,,0
1445,,175280,0,1488,23047,47,115,0,33554799,0x0200016F,scenery,generic,00000368.pro,-1,,0
1446,,175368,0,1489,23051,51,115,0,33554799,0x0200016F,scenery,generic,00000368.pro,-1,,0
1447,,175456,0,1490,23055,55,115,0,33554798,0x0200016E,scenery,generic,00000367.pro,-1,,0
1448,,175544,0,1491,23059,59,115,0,33554798,0x0200016E,scenery,generic,00000367.pro,-1,,0
1449,,175632,0,1492,23060,60,115,0,83886092,0x0500000C,misc,,00000012.pro,-1,,0
1450,,175720,0,1493,23076,76,115,0,50332243,0x03000253,wall,,00000595.pro,-1,,0
1451,,175808,0,1494,23084,84,115,0,50332229,0x03000245,wall,,00000581.pro,-1,,0
1452,,175896,0,1495,23086,86,115,0,16777474,0x01000102,critter,,00000258.pro,67108899,gencop.int,2
1452/inventory/0,1,176028,0,1496,0,0,0,0,9,0x00000009,item,weapon,00000002.pro,-1,,0
1452/inventory/1,3,176128,0,1497,0,0,0,0,30,0x0000001E,item,ammo,00000030.pro,-1,,0
1453,,176220,0,1498,23090,90,115,0,33555108,0x020002A4,scenery,generic,00000677.pro,-1,,0
1454,,176308,0,1499,23093,93,115,0,33555095,0x02000297,scenery,generic,00000664.pro,-1,,0
1455,,176396,0,1500,23098,98,115,0,50332178,0x03000212,wall,,00000530.pro,-1,,0
1456,,176484,0,1501,23129,129,115,0,33554803,0x02000173,scenery,generic,00000372.pro,-1,,0
1457,,176572,0,1502,23137,137,115,0,33554803,0x02000173,scenery,generic,00000372.pro,-1,,0
1458,,176660,0,1503,23153,153,115,0,33554801,0x02000171,scenery,generic,00000370.pro,-1,,0
1459,,176748,0,1504,23157,157,115,0,33554803,0x02000173,scenery,generic,00000372.pro,-1,,0
1460,,176836,0,1505,23158,158,115,0,83886092,0x0500000C,misc,,00000012.pro,-1,,0
1461,,176924,0,1506,23243,43,116,0,33554798,0x0200016E,scenery,generic,00000367.pro,-1,,0
1462,,177012,0,1507,23259,59,116,0,33554799,0x0200016F,scenery,generic,00000368.pro,-1,,0
1463,,177100,0,1508,23261,61,116,0,83886092,0x0500000C,misc,,00000012.pro,-1,,0
1464,,177188,0,1509,23276,76,116,0,50332249,0x03000259,wall,,00000601.pro,-1,,0
1465,,177276,0,1510,23284,84,116,0,50332226,0x03000242,wall,,00000578.pro,-1,,0
1466,,177364,0,1511,23298,98,116,0,50332177,0x03000211,wall,,00000529.pro,-1,,0
1467,,177452,0,1512,23329,129,116,0,33554801,0x02000171,scenery,generic,00000370.pro,-1,,0
1468,,177540,0,1513,23333,133,116,0,33554802,0x02000172,scenery,generic,00000371.pro,-1,,0
1469,,177628,0,1514,23337,137,116,0,33554801,0x02000171,scenery,generic,00000370.pro,-1,,0
1470,,177716,0,1515,23341,141,116,0,33554802,0x02000172,scenery,generic,00000371.pro,-1,,0
1471,,177804,0,1516,23345,145,116,0,33554801,0x02000171,scenery,generic,00000370.pro,-1,,0
1472,,177892,0,1517,23349,149,116,0,33554802,0x02000172,scenery,generic,00000371.pro,-1,,0
1473,,177980,0,1518,23357,157,116,0,33554802,0x02000172,scenery,generic,00000371.pro,-1,,0
1474,,178068,0,1519,23359,159,116,0,83886092,0x0500000C,misc,,00000012.pro,-1,,0
1475,,178156,0,1520,23439,39,117,0,33554798,0x0200016E,scenery,generic,00000367.pro,-1,,0
1476,,178244,0,1521,23447,47,117,0,33554798,0x0200016E,scenery,generic,00000367.pro,-1,,0
1477,,178332,0,1522,23451,51,117,0,33554798,0x0200016E,scenery,generic,00000367.pro,-1,,0
1478,,178420,0,1523,23455,55,117,0,33554799,0x0200016F,scenery,generic,00000368.pro,-1,,0
1479,,178508,0,1524,23459,59,117,0,33554798,0x0200016E,scenery,generic,00000367.pro,-1,,0
1480,,178596,0,1525,23461,61,117,0,83886092,0x0500000C,misc,,00000012.pro,-1,,0
1481,,178684,0,1526,23462,62,117,0,83886092,0x0500000C,misc,,00000012.pro,-1,,0
1482,,178772,0,1527,23476,76,117,0,50332261,0x03000265,wall,,00000613.pro,-1,,0
1483,,178860,0,1528,23477,77,117,0,50332231,0x03000247,wall,,00000583.pro,-1,,0
1484,,178948,0,1529,23479,79,117,0,50332236,0x0300024C,wall,,00000588.pro,-1,,0
1485,,179036,0,1530,23480,80,117,0,50332257,0x03000261,wall,,00000609.pro,-1,,0
1486,,179124,0,1531,23481,81,117,0,50332211,0x03000233,wall,,00000563.pro,-1,,0
1487,,179212,0,1532,23482,82,117,0,33554764,0x0200014C,scenery,door,00000333.pro,50331660,WoodDoor.int,0
1488,,179304,0,1533,23483,83,117,0,50332236,0x0300024C,wall,,00000588.pro,-1,,0
1489,,179392,0,1534,23484,84,117,0,50332259,0x03000263,wall,,00000611.pro,-1,,0
1490,,179480,0,1535,23498,98,117,0,50332178,0x03000212,wall,,00000530.pro,-1,,0
1491,,179568,0,1536,23516,116,117,0,33554573,0x0200008D,scenery,generic,00000142.pro,-1,,0
1492,,179656,0,1537,23518,118,117,0,33554725,0x02000125,scenery,generic,00000294.pro,-1,,0
1493,,179744,0,1538,23533,133,117,0,33554801,0x02000171,scenery,generic,00000370.pro,-1,,0
1494,,179832,0,1539,23549,149,117,0,33554801,0x02000171,scenery,generic,00000370.pro,-1,,0
1495,,179920,0,1540,23553,153,117,0,33554802,0x02000172,scenery,generic,00000371.pro,-1,,0
1496,,180008,0,1541,23557,157,117,0,33554801,0x02000171,scenery,generic,00000370.pro,-1,,0
1497,,180096,0,1542,23559,159,117,0,83886092,0x0500000C,misc,,00000012.pro,-1,,0
1498,,180184,0,1543,23560,160,117,0,83886092,0x0500000C,misc,,00000012.pro,-1,,0
1499,,180272,0,1544,23639,39,118,0,33554799,0x0200016F,scenery,generic,00000368.pro,-1,,0
1500,,180360,0,1545,23643,43,118,0,33554799,0x0200016F,scenery,generic,00000368.pro,-1,,0
1501,,180448,0,1546,23647,47,118,0,33554799,0x0200016F,scenery,generic,00000368.pro,-1,,0
1502,,180536,0,1547,23651,51,118,0,33554799,0x0200016F,scenery,generic,00000368.pro,-1,,0
1503,,180624,0,1548,23662,62,118,0,83886092,0x0500000C,misc,,00000012.pro,-1,,0
1504,,180712,0,1549,23676,76,118,0,50332269,0x0300026D,wall,,00000621.pro,-1,,0
1505,,180800,0,1550,23677,77,118,0,50332270,0x0300026E,wall,,00000622.pro,-1,,0
1506,,180888,0,1551,23679,79,118,0,50332230,0x03000246,wall,,00000582.pro,-1,,0
1507,,180976,0,1552,23680,80,118,0,50332269,0x0300026D,wall,,00000621.pro,-1,,0
1508,,181064,0,1553,23681,81,118,0,50332270,0x0300026E,wall,,00000622.pro,-1,,0
1509,,181152,0,1554,23683,83,118,0,50332210,0x03000232,wall,,00000562.pro,-1,,0
1510,,181240,0,1555,23684,84,118,0,50332269,0x0300026D,wall,,00000621.pro,-1,,0
1511,,181328,0,1556,23698,98,118,0,50332288,0x03000280,wall,,00000640.pro,-1,,0
1512,,181416,0,1557,23741,141,118,0,33554801,0x02000171,scenery,generic,00000370.pro,-1,,0
1513,,181504,0,1558,23760,160,118,0,83886092,0x0500000C,misc,,00000012.pro,-1,,0
1514,,181592,0,1559,23843,43,119,0,33554799,0x0200016F,scenery,generic,00000368.pro,-1,,0
1515,,181680,0,1560,23855,55,119,0,33554798,0x0200016E,scenery,generic,00000367.pro,-1,,0
1516,,181768,0,1561,23859,59,119,0,33554799,0x0200016F,scenery,generic,00000368.pro,-1,,0
1517,,181856,0,1562,23863,63,119,0,83886092,0x0500000C,misc,,00000012.pro,-1,,0
1518,,181944,0,1563,23876,76,119,0,50332242,0x03000252,wall,,00000594.pro,-1,,0
1519,,182032,0,1564,23880,80,119,0,50332242,0x03000252,wall,,00000594.pro,-1,,0
1520,,182120,0,1565,23881,81,119,0,33554741,0x02000135,scenery,generic,00000310.pro,-1,,0
1521,,182208,0,1566,23884,84,119,0,50332242,0x03000252,wall,,00000594.pro,-1,,0
1522,,182296,0,1567,23898,98,119,0,50332177,0x03000211,wall,,00000529.pro,-1,,0
1523,,182384,0,1568,23961,161,119,0,83886092,0x0500000C,misc,,00000012.pro,-1,,0
1524,,182472,0,1569,24039,39,120,0,33554799,0x0200016F,scenery,generic,00000368.pro,-1,,0
1525,,182560,0,1570,24043,43,120,0,33554798,0x0200016E,scenery,generic,00000367.pro,-1,,0
1526,,182648,0,1571,24047,47,120,0,33554798,0x0200016E,scenery,generic,00000367.pro,-1,,0
1527,,182736,0,1572,24051,51,120,0,33554798,0x0200016E,scenery,generic,00000367.pro,-1,,0
1528,,182824,0,1573,24055,55,120,0,33554799,0x0200016F,scenery,generic,00000368.pro,-1,,0
1529,,182912,0,1574,24059,59,120,0,33554798,0x0200016E,scenery,generic,00000367.pro,-1,,0
1530,,183000,0,1575,24063,63,120,0,83886092,0x0500000C,misc,,00000012.pro,-1,,0
1531,,183088,0,1576,24064,64,120,0,83886092,0x0500000C,misc,,00000012.pro,-1,,0
1532,,183176,0,1577,24076,76,120,0,50332249,0x03000259,wall,,00000601.pro,-1,,0
1533,,183264,0,1578,24080,80,120,0,50332243,0x03000253,wall,,00000595.pro,-1,,0
1534,,183352,0,1579,24084,84,120,0,50332243,0x03000253,wall,,00000595.pro,-1,,0
1535,,183440,0,1580,24098,98,120,0,50332178,0x03000212,wall,,00000530.pro,-1,,0
1536,,183528,0,1581,24161,161,120,0,83886092,0x0500000C,misc,,00000012.pro,-1,,0
1537,,183616,0,1582,24162,162,120,0,83886092,0x0500000C,misc,,00000012.pro,-1,,0
1538,,183704,0,1583,24239,39,121,0,33554798,0x0200016E,scenery,generic,00000367.pro,-1,,0
1539,,183792,0,1584,24243,43,121,0,33554799,0x0200016F,scenery,generic,00000368.pro,-1,,0
1540,,183880,0,1585,24247,47,121,0,33554799,0x0200016F,scenery,generic,00000368.pro,-1,,0
1541,,183968,0,1586,24251,51,121,0,33554799,0x0200016F,scenery,generic,00000368.pro,-1,,0
1542,,184056,0,1587,24259,59,121,0,33554799,0x0200016F,scenery,generic,00000368.pro,-1,,0
1543,,184144,0,1588,24264,64,121,0,83886092,0x0500000C,misc,,00000012.pro,-1,,0
1544,,184232,0,1589,24276,76,121,0,50332154,0x030001FA,wall,,00000506.pro,-1,,0
1545,,184320,0,1590,24277,77,121,0,50332174,0x0300020E,wall,,00000526.pro,-1,,0
1546,,184408,0,1591,24278,78,121,0,50332287,0x0300027F,wall,,00000639.pro,-1,,0
1547,,184496,0,1592,24279,79,121,0,50332173,0x0300020D,wall,,00000525.pro,-1,,0
1548,,184584,0,1593,24280,80,121,0,50332256,0x03000260,wall,,00000608.pro,-1,,0
1549,,184672,0,1594,24281,81,121,0,50332174,0x0300020E,wall,,00000526.pro,-1,,0
1550,,184760,0,1595,24282,82,121,0,50332172,0x0300020C,wall,,00000524.pro,-1,,0
1551,,184848,0,1596,24283,83,121,0,50332173,0x0300020D,wall,,00000525.pro,-1,,0
1552,,184936,0,1597,24284,84,121,0,50332264,0x03000268,wall,,00000616.pro,-1,,0
1553,,185024,0,1598,24285,85,121,0,50332238,0x0300024E,wall,,00000590.pro,-1,,0
1554,,185112,0,1599,24286,86,121,0,50332240,0x03000250,wall,,00000592.pro,-1,,0
1555,,185200,0,1600,24287,87,121,0,50332239,0x0300024F,wall,,00000591.pro,-1,,0
1556,,185288,0,1601,24288,88,121,0,50332237,0x0300024D,wall,,00000589.pro,-1,,0
1557,,185376,0,1602,24289,89,121,0,50332231,0x03000247,wall,,00000583.pro,-1,,0
1558,,185464,0,1603,24290,90,121,0,33554764,0x0200014C,scenery,door,00000333.pro,50331658,WoodDoor.int,0
1559,,185556,0,1604,24291,91,121,0,50332236,0x0300024C,wall,,00000588.pro,-1,,0
1560,,185644,0,1605,24292,92,121,0,50332235,0x0300024B,wall,,00000587.pro,-1,,0
1561,,185732,0,1606,24293,93,121,0,50332239,0x0300024F,wall,,00000591.pro,-1,,0
1562,,185820,0,1607,24294,94,121,0,50332234,0x0300024A,wall,,00000586.pro,-1,,0
1563,,185908,0,1608,24295,95,121,0,50332238,0x0300024E,wall,,00000590.pro,-1,,0
1564,,185996,0,1609,24296,96,121,0,50332240,0x03000250,wall,,00000592.pro,-1,,0
1565,,186084,0,1610,24297,97,121,0,50332236,0x0300024C,wall,,00000588.pro,-1,,0
1566,,186172,0,1611,24298,98,121,0,50332255,0x0300025F,wall,,00000607.pro,-1,,0
1567,,186260,0,1612,24345,145,121,0,33554499,0x02000043,scenery,generic,00000068.pro,-1,,0
1568,,186348,0,1613,24346,146,121,0,33554800,0x02000170,scenery,generic,00000369.pro,-1,,0
1569,,186436,0,1614,24360,160,121,0,83886092,0x0500000C,misc,,00000012.pro,-1,,0
1570,,186524,0,1615,24361,161,121,0,83886092,0x0500000C,misc,,00000012.pro,-1,,0
1571,,186612,0,1616,24362,162,121,0,83886092,0x0500000C,misc,,00000012.pro,-1,,0
1572,,186700,0,1617,24465,65,122,0,83886092,0x0500000C,misc,,00000012.pro,-1,,0
1573,,186788,0,1618,24477,77,122,0,50332270,0x0300026E,wall,,00000622.pro,-1,,0
1574,,186876,0,1619,24479,79,122,0,50332270,0x0300026E,wall,,00000622.pro,-1,,0
1575,,186964,0,1620,24481,81,122,0,50332270,0x0300026E,wall,,00000622.pro,-1,,0
1576,,187052,0,1621,24483,83,122,0,50332270,0x0300026E,wall,,00000622.pro,-1,,0
1577,,187140,0,1622,24484,84,122,0,50332269,0x0300026D,wall,,00000621.pro,-1,,0
1578,,187228,0,1623,24485,85,122,0,50332270,0x0300026E,wall,,00000622.pro,-1,,0
1579,,187316,0,1624,24486,86,122,0,33555110,0x020002A6,scenery,generic,00000679.pro,-1,,0
1580,,187404,0,1625,24487,87,122,0,50332270,0x0300026E,wall,,00000622.pro,-1,,0
1581,,187492,0,1626,24488,88,122,0,33554499,0x02000043,scenery,generic,00000068.pro,-1,,0
1582,,187580,0,1627,24489,89,122,0,50332270,0x0300026E,wall,,00000622.pro,-1,,0
1583,,187668,0,1628,24491,91,122,0,50332230,0x03000246,wall,,00000582.pro,-1,,0
1584,,187756,0,1629,24493,93,122,0,50332270,0x0300026E,wall,,00000622.pro,-1,,0
1585,,187844,0,1630,24495,95,122,0,50332270,0x0300026E,wall,,00000622.pro,-1,,0
1586,,187932,0,1631,24497,97,122,0,50332270,0x0300026E,wall,,00000622.pro,-1,,0
1587,,188020,0,1632,24498,98,122,0,50332269,0x0300026D,wall,,00000621.pro,-1,,0
1588,,188108,0,1633,24545,145,122,0,33554499,0x02000043,scenery,generic,00000068.pro,-1,,0
1589,,188196,0,1634,24547,147,122,0,33554499,0x02000043,scenery,generic,00000068.pro,-1,,0
1590,,188284,0,1635,24558,158,122,0,83886092,0x0500000C,misc,,00000012.pro,-1,,0
1591,,188372,0,1636,24559,159,122,0,83886092,0x0500000C,misc,,00000012.pro,-1,,0
1592,,188460,0,1637,24560,160,122,0,83886092,0x0500000C,misc,,00000012.pro,-1,,0
1593,,188548,0,1638,24561,161,122,0,83886092,0x0500000C,misc,,00000012.pro,-1,,0
1594,,188636,0,1639,24665,65,123,0,83886092,0x0500000C,misc,,00000012.pro,-1,,0
1595,,188724,0,1640,24666,66,123,0,83886092,0x0500000C,misc,,00000012.pro,-1,,0
1596,,188812,0,1641,24684,84,123,0,50332242,0x03000252,wall,,00000594.pro,-1,,0
1597,,188900,0,1642,24688,88,123,0,33554499,0x02000043,scenery,generic,00000068.pro,-1,,0
1598,,188988,0,1643,24693,93,123,0,33555112,0x020002A8,scenery,generic,00000681.pro,-1,,0
1599,,189076,0,1644,24695,95,123,0,33554499,0x02000043,scenery,generic,00000068.pro,-1,,0
1600,,189164,0,1645,24698,98,123,0,50332178,0x03000212,wall,,00000530.pro,-1,,0
1601,,189252,0,1646,24756,156,123,0,83886092,0x0500000C,misc,,00000012.pro,-1,,0
1602,,189340,0,1647,24757,157,123,0,83886092,0x0500000C,misc,,00000012.pro,-1,,0
1603,,189428,0,1648,24758,158,123,0,83886092,0x0500000C,misc,,00000012.pro,-1,,0
1604,,189516,0,1649,24759,159,123,0,83886092,0x0500000C,misc,,00000012.pro,-1,,0
1605,,189604,0,1650,24866,66,124,0,83886092,0x0500000C,misc,,00000012.pro,-1,,0
1606,,189692,0,1651,24884,84,124,0,50332243,0x03000253,wall,,00000595.pro,-1,,0
1607,,189780,0,1652,24885,85,124,0,33554499,0x02000043,scenery,generic,00000068.pro,-1,,0
1608,,189868,0,1653,24886,86,124,0,33554499,0x02000043,scenery,generic,00000068.pro,-1,,0
1609,,189956,0,1654,24887,87,124,0,33554499,0x02000043,scenery,generic,00000068.pro,-1,,0
1610,,190044,0,1655,24888,88,124,0,33554499,0x02000043,scenery,generic,00000068.pro,-1,,0
1611,,190132,0,1656,24891,91,124,0,33554573,0x0200008D,scenery,generic,00000142.pro,-1,,0
1612,,190220,0,1657,24893,93,124,0,33554499,0x02000043,scenery,generic,00000068.pro,-1,,0
1613,,190308,0,1658,24895,95,124,0,33554499,0x02000043,scenery,generic,00000068.pro,-1,,0
1614,,190396,0,1659,24898,98,124,0,50332177,0x03000211,wall,,00000529.pro,-1,,0
1615,,190484,0,1660,24954,154,124,0,83886092,0x0500000C,misc,,00000012.pro,-1,,0
1616,,190572,0,1661,24955,155,124,0,83886092,0x0500000C,misc,,00000012.pro,-1,,0
1617,,190660,0,1662,24956,156,124,0,83886092,0x0500000C,misc,,00000012.pro,-1,,0
1618,,190748,0,1663,24957,157,124,0,83886092,0x0500000C,misc,,00000012.pro,-1,,0
1619,,190836,0,1664,25067,67,125,0,83886092,0x0500000C,misc,,00000012.pro,-1,,0
1620,,190924,0,1665,25084,84,125,0,50332246,0x03000256,wall,,00000598.pro,-1,,0
1621,,191012,0,1666,25093,93,125,0,33554499,0x02000043,scenery,generic,00000068.pro,-1,,0
1622,,191100,0,1667,25094,94,125,0,33554499,0x02000043,scenery,generic,00000068.pro,-1,,0
1623,,191188,0,1668,25095,95,125,0,33554499,0x02000043,scenery,generic,00000068.pro,-1,,0
1624,,191276,0,1669,25098,98,125,0,50332178,0x03000212,wall,,00000530.pro,-1,,0
1625,,191364,0,1670,25152,152,125,0,83886092,0x0500000C,misc,,00000012.pro,-1,,0
1626,,191452,0,1671,25153,153,125,0,83886092,0x0500000C,misc,,00000012.pro,-1,,0
1627,,191540,0,1672,25154,154,125,0,83886092,0x0500000C,misc,,00000012.pro,-1,,0
1628,,191628,0,1673,25155,155,125,0,83886092,0x0500000C,misc,,00000012.pro,-1,,0
1629,,191716,0,1674,25267,67,126,0,83886092,0x0500000C,misc,,00000012.pro,-1,,0
1630,,191804,0,1675,25268,68,126,0,83886092,0x0500000C,misc,,00000012.pro,-1,,0
1631,,191892,0,1676,25284,84,126,0,50332246,0x03000256,wall,,00000598.pro,-1,,0
1632,,191980,0,1677,25298,98,126,0,50332288,0x03000280,wall,,00000640.pro,-1,,0
1633,,192068,0,1678,25350,150,126,0,83886092,0x0500000C,misc,,00000012.pro,-1,,0
1634,,192156,0,1679,25351,151,126,0,83886092,0x0500000C,misc,,00000012.pro,-1,,0
1635,,192244,0,1680,25352,152,126,0,83886092,0x0500000C,misc,,00000012.pro,-1,,0
1636,,192332,0,1681,25353,153,126,0,83886092,0x0500000C,misc,,00000012.pro,-1,,0
1637,,192420,0,1682,25468,68,127,0,83886092,0x0500000C,misc,,00000012.pro,-1,,0
1638,,192508,0,1683,25484,84,127,0,50332249,0x03000259,wall,,00000601.pro,-1,,0
1639,,192596,0,1684,25485,85,127,0,33555102,0x0200029E,scenery,generic,00000671.pro,-1,,0
1640,,192684,0,1685,25498,98,127,0,50332177,0x03000211,wall,,00000529.pro,-1,,0
1641,,192772,0,1686,25500,100,127,0,33554724,0x02000124,scenery,generic,00000293.pro,-1,,0
1642,,192860,0,1687,25502,102,127,0,33554573,0x0200008D,scenery,generic,00000142.pro,-1,,0
1643,,192948,0,1688,25548,148,127,0,83886092,0x0500000C,misc,,00000012.pro,-1,,0
1644,,193036,0,1689,25549,149,127,0,83886092,0x0500000C,misc,,00000012.pro,-1,,0
1645,,193124,0,1690,25550,150,127,0,83886092,0x0500000C,misc,,00000012.pro,-1,,0
1646,,193212,0,1691,25551,151,127,0,83886092,0x0500000C,misc,,00000012.pro,-1,,0
1647,,193300,0,1692,25669,69,128,0,83886092,0x0500000C,misc,,00000012.pro,-1,,0
1648,,193388,0,1693,25684,84,128,0,50332249,0x03000259,wall,,00000601.pro,-1,,0
1649,,193476,0,1694,25696,96,128,0,33554776,0x02000158,scenery,generic,00000345.pro,-1,,0
1650,,193564,0,1695,25697,97,128,0,33554776,0x02000158,scenery,generic,00000345.pro,-1,,0
1651,,193652,0,1696,25698,98,128,0,50332178,0x03000212,wall,,00000530.pro,-1,,0
1652,,193740,0,1697,25746,146,128,0,83886092,0x0500000C,misc,,00000012.pro,-1,,0
1653,,193828,0,1698,25747,147,128,0,83886092,0x0500000C,misc,,00000012.pro,-1,,0
1654,,193916,0,1699,25748,148,128,0,83886092,0x0500000C,misc,,00000012.pro,-1,,0
1655,,194004,0,1700,25749,149,128,0,83886092,0x0500000C,misc,,00000012.pro,-1,,0
1656,,194092,0,1701,25868,68,129,0,50331786,0x0300008A,wall,,00000053.pro,-1,,0
1657,,194180,0,1702,25869,69,129,0,83886092,0x0500000C,misc,,00000012.pro,-1,,0
1658,,194268,0,1703,25869,69,129,0,50331777,0x03000081,wall,,00000044.pro,-1,,0
1659,,194356,0,1704,25870,70,129,0,83886092,0x0500000C,misc,,00000012.pro,-1,,0
1660,,194444,0,1705,25870,70,129,0,50331778,0x03000082,wall,,00000045.pro,-1,,0
1661,,194532,0,1706,25871,71,129,0,50331777,0x03000081,wall,,00000044.pro,-1,,0
1662,,194620,0,1707,25872,72,129,0,50331778,0x03000082,wall,,00000045.pro,-1,,0
1663,,194708,0,1708,25873,73,129,0,50331777,0x03000081,wall,,00000044.pro,-1,,0
1664,,194796,0,1709,25874,74,129,0,50332015,0x0300016F,wall,,00000367.pro,-1,,0
1665,,194884,0,1710,25884,84,129,0,50332154,0x030001FA,wall,,00000506.pro,-1,,0
1666,,194972,0,1711,25885,85,129,0,50332174,0x0300020E,wall,,00000526.pro,-1,,0
1667,,195060,0,1712,25886,86,129,0,50332286,0x0300027E,wall,,00000638.pro,-1,,0
1668,,195148,0,1713,25887,87,129,0,50332173,0x0300020D,wall,,00000525.pro,-1,,0
1669,,195236,0,1714,25888,88,129,0,50332167,0x03000207,wall,,00000519.pro,-1,,0
1670,,195324,0,1715,25889,89,129,0,50332174,0x0300020E,wall,,00000526.pro,-1,,0
1671,,195412,0,1716,25890,90,129,0,50332287,0x0300027F,wall,,00000639.pro,-1,,0
1672,,195500,0,1717,25891,91,129,0,50332173,0x0300020D,wall,,00000525.pro,-1,,0
1673,,195588,0,1718,25892,92,129,0,50332172,0x0300020C,wall,,00000524.pro,-1,,0
1674,,195676,0,1719,25893,93,129,0,50332174,0x0300020E,wall,,00000526.pro,-1,,0
1675,,195764,0,1720,25894,94,129,0,50332286,0x0300027E,wall,,00000638.pro,-1,,0
1676,,195852,0,1721,25895,95,129,0,50332173,0x0300020D,wall,,00000525.pro,-1,,0
1677,,195940,0,1722,25896,96,129,0,50332167,0x03000207,wall,,00000519.pro,-1,,0
1678,,196028,0,1723,25897,97,129,0,50332146,0x030001F2,wall,,00000498.pro,-1,,0
1679,,196116,0,1724,25898,98,129,0,50332145,0x030001F1,wall,,00000497.pro,-1,,0
1680,,196204,0,1725,25910,110,129,0,16777464,0x010000F8,critter,,00000248.pro,67108900,gencop.int,2
1680/inventory/0,1,196336,0,1726,0,0,0,0,23,0x00000017,item,weapon,00000023.pro,-1,,0
1680/inventory/1,1,196436,0,1727,0,0,0,0,4,0x00000004,item,weapon,00000012.pro,-1,,0
1681,,196532,0,1728,25944,144,129,0,83886092,0x0500000C,misc,,00000012.pro,-1,,0
1682,,196620,0,1729,25945,145,129,0,83886092,0x0500000C,misc,,00000012.pro,-1,,0
1683,,196708,0,1730,25946,146,129,0,83886092,0x0500000C,misc,,00000012.pro,-1,,0
1684,,196796,0,1731,25947,147,129,0,83886092,0x0500000C,misc,,00000012.pro,-1,,0
1685,,196884,0,1732,26068,68,130,0,50331768,0x03000078,wall,,00000035.pro,-1,,0
1686,,196972,0,1733,26069,69,130,0,50332270,0x0300026E,wall,,00000622.pro,-1,,0
1687,,197060,0,1734,26070,70,130,0,83886092,0x0500000C,misc,,00000012.pro,-1,,0
1688,,197148,0,1735,26070,70,130,0,33554499,0x02000043,scenery,generic,00000068.pro,-1,,0
1689,,197236,0,1736,26071,71,130,0,50332270,0x0300026E,wall,,00000622.pro,-1,,0
1690,,197324,0,1737,26072,72,130,0,33554499,0x02000043,scenery,generic,00000068.pro,-1,,0
1691,,197412,0,1738,26073,73,130,0,50332270,0x0300026E,wall,,00000622.pro,-1,,0
1692,,197500,0,1739,26074,74,130,0,50332269,0x0300026D,wall,,00000621.pro,-1,,0
1693,,197588,0,1740,26085,85,130,0,50332270,0x0300026E,wall,,00000622.pro,-1,,0
1694,,197676,0,1741,26087,87,130,0,50332270,0x0300026E,wall,,00000622.pro,-1,,0
1695,,197764,0,1742,26089,89,130,0,50332270,0x0300026E,wall,,00000622.pro,-1,,0
1696,,197852,0,1743,26091,91,130,0,50332270,0x0300026E,wall,,00000622.pro,-1,,0
1697,,197940,0,1744,26093,93,130,0,50332270,0x0300026E,wall,,00000622.pro,-1,,0
1698,,198028,0,1745,26095,95,130,0,50332270,0x0300026E,wall,,00000622.pro,-1,,0
1699,,198116,0,1746,26097,97,130,0,50332270,0x0300026E,wall,,00000622.pro,-1,,0
1700,,198204,0,1747,26142,142,130,0,83886092,0x0500000C,misc,,00000012.pro,-1,,0
1701,,198292,0,1748,26143,143,130,0,83886092,0x0500000C,misc,,00000012.pro,-1,,0
1702,,198380,0,1749,26144,144,130,0,83886092,0x0500000C,misc,,00000012.pro,-1,,0
1703,,198468,0,1750,26145,145,130,0,83886092,0x0500000C,misc,,00000012.pro,-1,,0
1704,,198556,0,1751,26268,68,131,0,50331898,0x030000FA,wall,,00000250.pro,-1,,0
1705,,198644,0,1752,26269,69,131,0,33554499,0x02000043,scenery,generic,00000068.pro,-1,,0
1706,,198732,0,1753,26269,69,131,0,152,0x00000098,item,container,00000152.pro,-1,,0
1707,,198820,0,1754,26271,71,131,0,83886092,0x0500000C,misc,,00000012.pro,-1,,0
1708,,198908,0,1755,26271,71,131,0,33554499,0x02000043,scenery,generic,00000068.pro,-1,,0
1709,,198996,0,1756,26274,74,131,0,50331762,0x03000072,wall,,00000029.pro,-1,,0
1710,,199084,0,1757,26275,75,131,0,33554547,0x02000073,scenery,generic,00000116.pro,-1,,0
1711,,199172,0,1758,26320,120,131,0,50332241,0x03000251,wall,,00000593.pro,-1,,0
1712,,199260,0,1759,26321,121,131,0,50332236,0x0300024C,wall,,00000588.pro,-1,,0
1713,,199348,0,1760,26322,122,131,0,50332234,0x0300024A,wall,,00000586.pro,-1,,0
1714,,199436,0,1761,26323,123,131,0,50332239,0x0300024F,wall,,00000591.pro,-1,,0
1715,,199524,0,1762,26324,124,131,0,50332292,0x03000284,wall,,00000644.pro,-1,,0
1716,,199612,0,1763,26325,125,131,0,50332238,0x0300024E,wall,,00000590.pro,-1,,0
1717,,199700,0,1764,26326,126,131,0,50332240,0x03000250,wall,,00000592.pro,-1,,0
1718,,199788,0,1765,26327,127,131,0,50332239,0x0300024F,wall,,00000591.pro,-1,,0
1719,,199876,0,1766,26328,128,131,0,50332293,0x03000285,wall,,00000645.pro,-1,,0
1720,,199964,0,1767,26329,129,131,0,50332238,0x0300024E,wall,,00000590.pro,-1,,0
1721,,200052,0,1768,26330,130,131,0,50332237,0x0300024D,wall,,00000589.pro,-1,,0
1722,,200140,0,1769,26331,131,131,0,50332236,0x0300024C,wall,,00000588.pro,-1,,0
1723,,200228,0,1770,26332,132,131,0,50332257,0x03000261,wall,,00000609.pro,-1,,0
1724,,200316,0,1771,26333,133,131,0,50332238,0x0300024E,wall,,00000590.pro,-1,,0
1725,,200404,0,1772,26334,134,131,0,50332235,0x0300024B,wall,,00000587.pro,-1,,0
1726,,200492,0,1773,26335,135,131,0,50332142,0x030001EE,wall,,00000494.pro,-1,,0
1727,,200580,0,1774,26336,136,131,0,33554692,0x02000104,scenery,door,00000261.pro,50331652,WoodDoor.int,0
1728,,200672,0,1775,26337,137,131,0,50332141,0x030001ED,wall,,00000493.pro,-1,,0
1729,,200760,0,1776,26338,138,131,0,50332234,0x0300024A,wall,,00000586.pro,-1,,0
1730,,200848,0,1777,26339,139,131,0,50332236,0x0300024C,wall,,00000588.pro,-1,,0
1731,,200936,0,1778,26340,140,131,0,83886092,0x0500000C,misc,,00000012.pro,-1,,0
1732,,201024,0,1779,26340,140,131,0,50332269,0x0300026D,wall,,00000621.pro,-1,,0
1733,,201112,0,1780,26341,141,131,0,83886092,0x0500000C,misc,,00000012.pro,-1,,0
1734,,201200,0,1781,26342,142,131,0,83886092,0x0500000C,misc,,00000012.pro,-1,,0
1735,,201288,0,1782,26343,143,131,0,83886092,0x0500000C,misc,,00000012.pro,-1,,0
1736,,201376,0,1783,26468,68,132,0,50331768,0x03000078,wall,,00000035.pro,-1,,0
1737,,201464,0,1784,26471,71,132,0,83886092,0x0500000C,misc,,00000012.pro,-1,,0
1738,,201552,0,1785,26472,72,132,0,83886092,0x0500000C,misc,,00000012.pro,-1,,0
1739,,201640,0,1786,26474,74,132,0,50331763,0x03000073,wall,,00000030.pro,-1,,0
1740,,201728,0,1787,26520,120,132,0,50332269,0x0300026D,wall,,00000621.pro,-1,,0
1741,,201816,0,1788,26521,121,132,0,50332270,0x0300026E,wall,,00000622.pro,-1,,0
1742,,201904,0,1789,26522,122,132,0,33554499,0x02000043,scenery,generic,00000068.pro,-1,,0
1743,,201992,0,1790,26522,122,132,0,60,0x0000003C,item,container,00000060.pro,-1,,0
1744,,202080,0,1791,26523,123,132,0,50332270,0x0300026E,wall,,00000622.pro,-1,,0
1745,,202168,0,1792,26525,125,132,0,50332270,0x0300026E,wall,,00000622.pro,-1,,0
1746,,202256,0,1793,26527,127,132,0,50332270,0x0300026E,wall,,00000622.pro,-1,,0
1747,,202344,0,1794,26529,129,132,0,50332270,0x0300026E,wall,,00000622.pro,-1,,0
1748,,202432,0,1795,26531,131,132,0,50332270,0x0300026E,wall,,00000622.pro,-1,,0
1749,,202520,0,1796,26532,132,132,0,50332269,0x0300026D,wall,,00000621.pro,-1,,0
1750,,202608,0,1797,26533,133,132,0,50332270,0x0300026E,wall,,00000622.pro,-1,,0
1751,,202696,0,1798,26534,134,132,0,33554929,0x020001F1,scenery,generic,00000498.pro,-1,,0
1752,,202784,0,1799,26535,135,132,0,50332270,0x0300026E,wall,,00000622.pro,-1,,0
1753,,202872,0,1800,26538,138,132,0,83886092,0x0500000C,misc,,00000012.pro,-1,,0
1754,,202960,0,1801,26539,139,132,0,83886092,0x0500000C,misc,,00000012.pro,-1,,0
1755,,203048,0,1802,26539,139,132,0,50332270,0x0300026E,wall,,00000622.pro,-1,,0
1756,,203136,0,1803,26540,140,132,0,83886092,0x0500000C,misc,,00000012.pro,-1,,0
1757,,203224,0,1804,26540,140,132,0,50332162,0x03000202,wall,,00000514.pro,-1,,0
1758,,203312,0,1805,26541,141,132,0,83886092,0x0500000C,misc,,00000012.pro,-1,,0
1759,,203400,0,1806,26555,155,132,0,33554798,0x0200016E,scenery,generic,00000367.pro,-1,,0
1760,,203488,0,1807,26559,159,132,0,33554798,0x0200016E,scenery,generic,00000367.pro,-1,,0
1761,,203576,0,1808,26567,167,132,0,33554798,0x0200016E,scenery,generic,00000367.pro,-1,,0
1762,,203664,0,1809,26655,55,133,0,33554534,0x02000066,scenery,generic,00000103.pro,-1,,0
1763,,203752,0,1810,26656,56,133,0,33554558,0x0200007E,scenery,generic,00000127.pro,-1,,0
1764,,203840,0,1811,26668,68,133,0,50331898,0x030000FA,wall,,00000250.pro,-1,,0
1765,,203928,0,1812,26672,72,133,0,83886092,0x0500000C,misc,,00000012.pro,-1,,0
1766,,204016,0,1813,26674,74,133,0,50331762,0x03000072,wall,,00000029.pro,-1,,0
1767,,204104,0,1814,26675,75,133,0,33554544,0x02000070,scenery,generic,00000113.pro,-1,,0
1768,,204192,0,1815,26720,120,133,0,50332242,0x03000252,wall,,00000594.pro,-1,,0
1769,,204280,0,1816,26725,125,133,0,33555112,0x020002A8,scenery,generic,00000681.pro,-1,,0
1770,,204368,0,1817,26727,127,133,0,33554499,0x02000043,scenery,generic,00000068.pro,-1,,0
1771,,204456,0,1818,26732,132,133,0,50332242,0x03000252,wall,,00000594.pro,-1,,0
1772,,204544,0,1819,26734,134,133,0,33554499,0x02000043,scenery,generic,00000068.pro,-1,,0
1773,,204632,0,1820,26736,136,133,0,83886092,0x0500000C,misc,,00000012.pro,-1,,0
1774,,204720,0,1821,26737,137,133,0,83886092,0x0500000C,misc,,00000012.pro,-1,,0
1775,,204808,0,1822,26738,138,133,0,83886092,0x0500000C,misc,,00000012.pro,-1,,0
1776,,204896,0,1823,26739,139,133,0,83886092,0x0500000C,misc,,00000012.pro,-1,,0
1777,,204984,0,1824,26740,140,133,0,50332156,0x030001FC,wall,,00000508.pro,-1,,0
1778,,205072,0,1825,26751,151,133,0,33554798,0x0200016E,scenery,generic,00000367.pro,-1,,0
1779,,205160,0,1826,26755,155,133,0,33554799,0x0200016F,scenery,generic,00000368.pro,-1,,0
1780,,205248,0,1827,26759,159,133,0,33554799,0x0200016F,scenery,generic,00000368.pro,-1,,0
1781,,205336,0,1828,26763,163,133,0,33554798,0x0200016E,scenery,generic,00000367.pro,-1,,0
1782,,205424,0,1829,26767,167,133,0,33554799,0x0200016F,scenery,generic,00000368.pro,-1,,0
1783,,205512,0,1830,26855,55,134,0,33554536,0x02000068,scenery,generic,00000105.pro,-1,,0
1784,,205600,0,1831,26856,56,134,0,33554559,0x0200007F,scenery,generic,00000128.pro,-1,,0
1785,,205688,0,1832,26868,68,134,0,50332269,0x0300026D,wall,,00000621.pro,-1,,0
1786,,205776,0,1833,26873,73,134,0,83886092,0x0500000C,misc,,00000012.pro,-1,,0
1787,,205864,0,1834,26873,73,134,0,33554776,0x02000158,scenery,generic,00000345.pro,-1,,0
1788,,205952,0,1835,26874,74,134,0,50331763,0x03000073,wall,,00000030.pro,-1,,0
1789,,206040,0,1836,26875,75,134,0,33554545,0x02000071,scenery,generic,00000114.pro,-1,,0
1790,,206128,0,1837,26878,78,134,0,33554559,0x0200007F,scenery,generic,00000128.pro,-1,,0
1791,,206216,0,1838,26878,78,134,0,33554534,0x02000066,scenery,generic,00000103.pro,-1,,0
1792,,206304,0,1839,26898,98,134,3,16777348,0x01000084,critter,,00000132.pro,67108908,gencop.int,4
1792/inventory/0,3,206436,0,1840,-1,,,0,35,0x00000023,item,ammo,00000035.pro,-1,,0
1792/inventory/1,3,206532,0,1841,-1,,,0,36,0x00000024,item,ammo,00000036.pro,-1,,0
1792/inventory/2,6,206628,0,1842,-1,,,0,40,0x00000028,item,drug,00000040.pro,-1,,0
1792/inventory/3,1,206720,0,1843,-1,,,0,23,0x00000017,item,weapon,00000023.pro,-1,,0
1793,,206816,0,1844,26920,120,134,0,50332290,0x03000282,wall,,00000642.pro,-1,,0
1794,,206904,0,1845,26925,125,134,0,33554499,0x02000043,scenery,generic,00000068.pro,-1,,0
1795,,206992,0,1846,26927,127,134,0,33554499,0x02000043,scenery,generic,00000068.pro,-1,,0
1796,,207080,0,1847,26932,132,134,0,50332246,0x03000256,wall,,00000598.pro,-1,,0
1797,,207168,0,1848,26934,134,134,0,83886092,0x0500000C,misc,,00000012.pro,-1,,0
1798,,207256,0,1849,26934,134,134,0,33554930,0x020001F2,scenery,generic,00000499.pro,-1,,0
1799,,207344,0,1850,26934,134,134,0,170,0x000000AA,item,container,00000170.pro,-1,,0
1800,,207432,0,1851,26935,135,134,0,83886092,0x0500000C,misc,,00000012.pro,-1,,0
1801,,207520,0,1852,26936,136,134,0,83886092,0x0500000C,misc,,00000012.pro,-1,,0
1802,,207608,0,1853,26937,137,134,0,83886092,0x0500000C,misc,,00000012.pro,-1,,0
1803,,207696,0,1854,26940,140,134,0,50332288,0x03000280,wall,,00000640.pro,-1,,0
1804,,207784,0,1855,26951,151,134,0,33554799,0x0200016F,scenery,generic,00000368.pro,-1,,0
1805,,207872,0,1856,26955,155,134,0,33554798,0x0200016E,scenery,generic,00000367.pro,-1,,0
1806,,207960,0,1857,26963,163,134,0,33554799,0x0200016F,scenery,generic,00000368.pro,-1,,0
1807,,208048,0,1858,27055,55,135,0,33554536,0x02000068,scenery,generic,00000105.pro,-1,,0
1808,,208136,0,1859,27056,56,135,0,33554557,0x0200007D,scenery,generic,00000126.pro,-1,,0
1809,,208224,0,1860,27068,68,135,0,50331787,0x0300008B,wall,,00000054.pro,-1,,0
1810,,208312,0,1861,27069,69,135,0,50331745,0x03000061,wall,,00000012.pro,-1,,0
1811,,208400,0,1862,27070,70,135,0,50332391,0x030002E7,wall,,00000743.pro,-1,,0
1812,,208488,0,1863,27071,71,135,0,33554838,0x02000196,scenery,door,00000407.pro,50331656,WoodDoor.int,0
1813,,208580,0,1864,27072,72,135,0,50332390,0x030002E6,wall,,00000742.pro,-1,,0
1814,,208668,0,1865,27073,73,135,0,83886092,0x0500000C,misc,,00000012.pro,-1,,0
1815,,208756,0,1866,27073,73,135,0,50331745,0x03000061,wall,,00000012.pro,-1,,0
1816,,208844,0,1867,27074,74,135,0,83886092,0x0500000C,misc,,00000012.pro,-1,,0
1817,,208932,0,1868,27074,74,135,0,50332382,0x030002DE,wall,,00000734.pro,-1,,0
1818,,209020,0,1869,27120,120,135,0,50332246,0x03000256,wall,,00000598.pro,-1,,0
1819,,209108,0,1870,27125,125,135,0,33554499,0x02000043,scenery,generic,00000068.pro,-1,,0
1820,,209196,0,1871,27126,126,135,0,33554499,0x02000043,scenery,generic,00000068.pro,-1,,0
1821,,209284,0,1872,27127,127,135,0,33554499,0x02000043,scenery,generic,00000068.pro,-1,,0
1822,,209372,0,1873,27132,132,135,0,83886092,0x0500000C,misc,,00000012.pro,-1,,0
1823,,209460,0,1874,27132,132,135,0,50332243,0x03000253,wall,,00000595.pro,-1,,0
1824,,209548,0,1875,27133,133,135,0,83886092,0x0500000C,misc,,00000012.pro,-1,,0
1825,,209636,0,1876,27134,134,135,0,83886092,0x0500000C,misc,,00000012.pro,-1,,0
1826,,209724,0,1877,27134,134,135,0,83886092,0x0500000C,misc,,00000012.pro,-1,,0
1827,,209812,0,1878,27134,134,135,0,33554499,0x02000043,scenery,generic,00000068.pro,-1,,0
1828,,209900,0,1879,27135,135,135,0,83886092,0x0500000C,misc,,00000012.pro,-1,,0
1829,,209988,0,1880,27140,140,135,0,50332155,0x030001FB,wall,,00000507.pro,-1,,0
1830,,210076,0,1881,27159,159,135,0,33554798,0x0200016E,scenery,generic,00000367.pro,-1,,0
1831,,210164,0,1882,27163,163,135,0,33554799,0x0200016F,scenery,generic,00000368.pro,-1,,0
1832,,210252,0,1883,27167,167,135,0,33554798,0x0200016E,scenery,generic,00000367.pro,-1,,0
1833,,210340,0,1884,27255,55,136,0,33554534,0x02000066,scenery,generic,00000103.pro,-1,,0
1834,,210428,0,1885,27256,56,136,0,33554558,0x0200007E,scenery,generic,00000127.pro,-1,,0
1835,,210516,0,1886,27269,69,136,0,50332270,0x0300026E,wall,,00000622.pro,-1,,0
1836,,210604,0,1887,27269,69,136,0,33554552,0x02000078,scenery,generic,00000121.pro,-1,,0
1837,,210692,0,1888,27273,73,136,0,50332270,0x0300026E,wall,,00000622.pro,-1,,0
1838,,210780,0,1889,27273,73,136,0,33554553,0x02000079,scenery,generic,00000122.pro,-1,,0
1839,,210868,0,1890,27274,74,136,0,83886092,0x0500000C,misc,,00000012.pro,-1,,0
1840,,210956,0,1891,27320,120,136,0,50332144,0x030001F0,wall,,00000496.pro,-1,,0
1841,,211044,0,1892,27330,130,136,0,83886092,0x0500000C,misc,,00000012.pro,-1,,0
1842,,211132,0,1893,27331,131,136,0,83886092,0x0500000C,misc,,00000012.pro,-1,,0
1843,,211220,0,1894,27332,132,136,0,83886092,0x0500000C,misc,,00000012.pro,-1,,0
1844,,211308,0,1895,27332,132,136,0,50332247,0x03000257,wall,,00000599.pro,-1,,0
1845,,211396,0,1896,27333,133,136,0,83886092,0x0500000C,misc,,00000012.pro,-1,,0
1846,,211484,0,1897,27333,133,136,0,33554499,0x02000043,scenery,generic,00000068.pro,-1,,0
1847,,211572,0,1898,27336,136,136,0,33554573,0x0200008D,scenery,generic,00000142.pro,-1,,0
1848,,211660,0,1899,27340,140,136,0,50332156,0x030001FC,wall,,00000508.pro,-1,,0
1849,,211748,0,1900,27351,151,136,0,33554798,0x0200016E,scenery,generic,00000367.pro,-1,,0
1850,,211836,0,1901,27355,155,136,0,33554799,0x0200016F,scenery,generic,00000368.pro,-1,,0
1851,,211924,0,1902,27359,159,136,0,33554799,0x0200016F,scenery,generic,00000368.pro,-1,,0
1852,,212012,0,1903,27363,163,136,0,33554798,0x0200016E,scenery,generic,00000367.pro,-1,,0
1853,,212100,0,1904,27367,167,136,0,33554799,0x0200016F,scenery,generic,00000368.pro,-1,,0
1854,,212188,0,1905,27475,75,137,0,83886092,0x0500000C,misc,,00000012.pro,-1,,0
1855,,212276,0,1906,27482,82,137,0,50332241,0x03000251,wall,,00000593.pro,-1,,0
1856,,212364,0,1907,27483,83,137,0,50332239,0x0300024F,wall,,00000591.pro,-1,,0
1857,,212452,0,1908,27484,84,137,0,50332292,0x03000284,wall,,00000644.pro,-1,,0
1858,,212540,0,1909,27485,85,137,0,50332236,0x0300024C,wall,,00000588.pro,-1,,0
1859,,212628,0,1910,27486,86,137,0,50332235,0x0300024B,wall,,00000587.pro,-1,,0
1860,,212716,0,1911,27487,87,137,0,50332236,0x0300024C,wall,,00000588.pro,-1,,0
1861,,212804,0,1912,27488,88,137,0,50332257,0x03000261,wall,,00000609.pro,-1,,0
1862,,212892,0,1913,27489,89,137,0,50332238,0x0300024E,wall,,00000590.pro,-1,,0
1863,,212980,0,1914,27490,90,137,0,50332293,0x03000285,wall,,00000645.pro,-1,,0
1864,,213068,0,1915,27491,91,137,0,50332239,0x0300024F,wall,,00000591.pro,-1,,0
1865,,213156,0,1916,27492,92,137,0,50332237,0x0300024D,wall,,00000589.pro,-1,,0
1866,,213244,0,1917,27493,93,137,0,50332236,0x0300024C,wall,,00000588.pro,-1,,0
1867,,213332,0,1918,27494,94,137,0,50332292,0x03000284,wall,,00000644.pro,-1,,0
1868,,213420,0,1919,27495,95,137,0,50332238,0x0300024E,wall,,00000590.pro,-1,,0
1869,,213508,0,1920,27496,96,137,0,50332234,0x0300024A,wall,,00000586.pro,-1,,0
1870,,213596,0,1921,27497,97,137,0,50332236,0x0300024C,wall,,00000588.pro,-1,,0
1871,,213684,0,1922,27498,98,137,0,50332269,0x0300026D,wall,,00000621.pro,-1,,0
1872,,213772,0,1923,27516,116,137,0,33554573,0x0200008D,scenery,generic,00000142.pro,-1,,0
1873,,213860,0,1924,27518,118,137,0,33554725,0x02000125,scenery,generic,00000294.pro,-1,,0
1874,,213948,0,1925,27520,120,137,0,33554693,0x02000105,scenery,door,00000262.pro,50331651,WoodDoor.int,0
1875,,214040,0,1926,27524,124,137,0,33555098,0x0200029A,scenery,generic,00000667.pro,-1,,0
1876,,214128,0,1927,27525,125,137,0,33554573,0x0200008D,scenery,generic,00000142.pro,-1,,0
1877,,214216,0,1928,27528,128,137,0,83886092,0x0500000C,misc,,00000012.pro,-1,,0
1878,,214304,0,1929,27529,129,137,0,83886092,0x0500000C,misc,,00000012.pro,-1,,0
1879,,214392,0,1930,27530,130,137,0,83886092,0x0500000C,misc,,00000012.pro,-1,,0
1880,,214480,0,1931,27531,131,137,0,83886092,0x0500000C,misc,,00000012.pro,-1,,0
1881,,214568,0,1932,27532,132,137,0,33554765,0x0200014D,scenery,door,00000334.pro,-1,,0
1882,,214660,0,1933,27540,140,137,0,50332159,0x030001FF,wall,,00000511.pro,-1,,0
1883,,214748,0,1934,27551,151,137,0,33554799,0x0200016F,scenery,generic,00000368.pro,-1,,0
1884,,214836,0,1935,27555,155,137,0,33554798,0x0200016E,scenery,generic,00000367.pro,-1,,0
1885,,214924,0,1936,27567,167,137,0,33554798,0x0200016E,scenery,generic,00000367.pro,-1,,0
1886,,215012,0,1937,27675,75,138,0,83886092,0x0500000C,misc,,00000012.pro,-1,,0
1887,,215100,0,1938,27676,76,138,0,83886092,0x0500000C,misc,,00000012.pro,-1,,0
1888,,215188,0,1939,27682,82,138,0,50332269,0x0300026D,wall,,00000621.pro,-1,,0
1889,,215276,0,1940,27683,83,138,0,50332270,0x0300026E,wall,,00000622.pro,-1,,0
1890,,215364,0,1941,27684,84,138,0,33554499,0x02000043,scenery,generic,00000068.pro,-1,,0
1891,,215452,0,1942,27685,85,138,0,50332270,0x0300026E,wall,,00000622.pro,-1,,0
1892,,215540,0,1943,27686,86,138,0,33554499,0x02000043,scenery,generic,00000068.pro,-1,,0
1893,,215628,0,1944,27687,87,138,0,50332270,0x0300026E,wall,,00000622.pro,-1,,0
1894,,215716,0,1945,27688,88,138,0,50332269,0x0300026D,wall,,00000621.pro,-1,,0
1895,,215804,0,1946,27689,89,138,0,50332270,0x0300026E,wall,,00000622.pro,-1,,0
1896,,215892,0,1947,27690,90,138,0,33555110,0x020002A6,scenery,generic,00000679.pro,-1,,0
1897,,215980,0,1948,27691,91,138,0,50332270,0x0300026E,wall,,00000622.pro,-1,,0
1898,,216068,0,1949,27692,92,138,0,33554499,0x02000043,scenery,generic,00000068.pro,-1,,0
1899,,216156,0,1950,27693,93,138,0,50332270,0x0300026E,wall,,00000622.pro,-1,,0
1900,,216244,0,1951,27695,95,138,0,50332270,0x0300026E,wall,,00000622.pro,-1,,0
1901,,216332,0,1952,27697,97,138,0,50332270,0x0300026E,wall,,00000622.pro,-1,,0
1902,,216420,0,1953,27698,98,138,0,50332186,0x0300021A,wall,,00000538.pro,-1,,0
1903,,216508,0,1954,27720,120,138,0,50332143,0x030001EF,wall,,00000495.pro,-1,,0
1904,,216596,0,1955,27723,123,138,0,33554499,0x02000043,scenery,generic,00000068.pro,-1,,0
1905,,216684,0,1956,27724,124,138,0,33554436,0x02000004,scenery,generic,00000004.pro,-1,,0
1906,,216772,0,1957,27726,126,138,0,83886092,0x0500000C,misc,,00000012.pro,-1,,0
1907,,216860,0,1958,27727,127,138,0,83886092,0x0500000C,misc,,00000012.pro,-1,,0
1908,,216948,0,1959,27728,128,138,0,83886092,0x0500000C,misc,,00000012.pro,-1,,0
1909,,217036,0,1960,27729,129,138,0,83886092,0x0500000C,misc,,00000012.pro,-1,,0
1910,,217124,0,1961,27732,132,138,0,50332248,0x03000258,wall,,00000600.pro,-1,,0
1911,,217212,0,1962,27740,140,138,0,50332155,0x030001FB,wall,,00000507.pro,-1,,0
1912,,217300,0,1963,27751,151,138,0,33554798,0x0200016E,scenery,generic,00000367.pro,-1,,0
1913,,217388,0,1964,27755,155,138,0,33554799,0x0200016F,scenery,generic,00000368.pro,-1,,0
1914,,217476,0,1965,27759,159,138,0,33554798,0x0200016E,scenery,generic,00000367.pro,-1,,0
1915,,217564,0,1966,27763,163,138,0,33554799,0x0200016F,scenery,generic,00000368.pro,-1,,0
1916,,217652,0,1967,27876,76,139,0,83886092,0x0500000C,misc,,00000012.pro,-1,,0
1917,,217740,0,1968,27882,82,139,0,50332242,0x03000252,wall,,00000594.pro,-1,,0
1918,,217828,0,1969,27883,83,139,0,33554499,0x02000043,scenery,generic,00000068.pro,-1,,0
1919,,217916,0,1970,27885,85,139,0,33554925,0x020001ED,scenery,generic,00000494.pro,-1,,0
1920,,218004,0,1971,27887,87,139,0,33554499,0x02000043,scenery,generic,00000068.pro,-1,,0
1921,,218092,0,1972,27888,88,139,0,50332242,0x03000252,wall,,00000594.pro,-1,,0
1922,,218180,0,1973,27892,92,139,0,33554499,0x02000043,scenery,generic,00000068.pro,-1,,0
1923,,218268,0,1974,27898,98,139,0,50332156,0x030001FC,wall,,00000508.pro,-1,,0
1924,,218356,0,1975,27920,120,139,0,50332242,0x03000252,wall,,00000594.pro,-1,,0
1925,,218444,0,1976,27923,123,139,0,33554499,0x02000043,scenery,generic,00000068.pro,-1,,0
1926,,218532,0,1977,27924,124,139,0,83886092,0x0500000C,misc,,00000012.pro,-1,,0
1927,,218620,0,1978,27925,125,139,0,83886092,0x0500000C,misc,,00000012.pro,-1,,0
1928,,218708,0,1979,27926,126,139,0,83886092,0x0500000C,misc,,00000012.pro,-1,,0
1929,,218796,0,1980,27927,127,139,0,83886092,0x0500000C,misc,,00000012.pro,-1,,0
1930,,218884,0,1981,27932,132,139,0,50332242,0x03000252,wall,,00000594.pro,-1,,0
1931,,218972,0,1982,27940,140,139,0,50332160,0x03000200,wall,,00000512.pro,-1,,0
1932,,219060,0,1983,27959,159,139,0,33554799,0x0200016F,scenery,generic,00000368.pro,-1,,0
1933,,219148,0,1984,27967,167,139,0,33554799,0x0200016F,scenery,generic,00000368.pro,-1,,0
1934,,219236,0,1985,28077,77,140,0,83886092,0x0500000C,misc,,00000012.pro,-1,,0
1935,,219324,0,1986,28082,82,140,0,50332144,0x030001F0,wall,,00000496.pro,-1,,0
1936,,219412,0,1987,28088,88,140,0,50332246,0x03000256,wall,,00000598.pro,-1,,0
1937,,219500,0,1988,28090,90,140,0,33554499,0x02000043,scenery,generic,00000068.pro,-1,,0
1938,,219588,0,1989,28091,91,140,0,33554499,0x02000043,scenery,generic,00000068.pro,-1,,0
1939,,219676,0,1990,28092,92,140,0,33554499,0x02000043,scenery,generic,00000068.pro,-1,,0
1940,,219764,0,1991,28098,98,140,0,50332159,0x030001FF,wall,,00000511.pro,-1,,0
1941,,219852,0,1992,28104,104,140,0,16777469,0x010000FD,critter,,00000253.pro,67108902,gencop.int,2
1941/inventory/0,1,219984,0,1993,0,0,0,0,9,0x00000009,item,weapon,00000002.pro,-1,,0
1941/inventory/1,3,220084,0,1994,0,0,0,0,30,0x0000001E,item,ammo,00000030.pro,-1,,0
1942,,220176,0,1995,28120,120,140,0,50332291,0x03000283,wall,,00000643.pro,-1,,0
1943,,220264,0,1996,28122,122,140,0,83886092,0x0500000C,misc,,00000012.pro,-1,,0
1944,,220352,0,1997,28123,123,140,0,83886092,0x0500000C,misc,,00000012.pro,-1,,0
1945,,220440,0,1998,28123,123,140,0,33555108,0x020002A4,scenery,generic,00000677.pro,-1,,0
1946,,220528,0,1999,28124,124,140,0,83886092,0x0500000C,misc,,00000012.pro,-1,,0
1947,,220616,0,2000,28125,125,140,0,83886092,0x0500000C,misc,,00000012.pro,-1,,0
1948,,220704,0,2001,28132,132,140,0,50332244,0x03000254,wall,,00000596.pro,-1,,0
1949,,220792,0,2002,28140,140,140,0,50332289,0x03000281,wall,,00000641.pro,-1,,0
1950,,220880,0,2003,28151,151,140,0,33554798,0x0200016E,scenery,generic,00000367.pro,-1,,0
1951,,220968,0,2004,28155,155,140,0,33554798,0x0200016E,scenery,generic,00000367.pro,-1,,0
1952,,221056,0,2005,28159,159,140,0,33554799,0x0200016F,scenery,generic,00000368.pro,-1,,0
1953,,221144,0,2006,28163,163,140,0,33554799,0x0200016F,scenery,generic,00000368.pro,-1,,0
1954,,221232,0,2007,28277,77,141,0,83886092,0x0500000C,misc,,00000012.pro,-1,,0
1955,,221320,0,2008,28278,78,141,0,83886092,0x0500000C,misc,,00000012.pro,-1,,0
1956,,221408,0,2009,28282,82,141,0,33554693,0x02000105,scenery,door,00000262.pro,50331654,WoodDoor.int,0
1957,,221500,0,2010,28288,88,141,0,50332247,0x03000257,wall,,00000599.pro,-1,,0
1958,,221588,0,2011,28289,89,141,0,33555102,0x0200029E,scenery,generic,00000671.pro,-1,,0
1959,,221676,0,2012,28295,95,141,0,33554573,0x0200008D,scenery,generic,00000142.pro,-1,,0
1960,,221764,0,2013,28298,98,141,0,50332155,0x030001FB,wall,,00000507.pro,-1,,0
1961,,221852,0,2014,28320,120,141,0,83886092,0x0500000C,misc,,00000012.pro,-1,,0
1962,,221940,0,2015,28320,120,141,0,50332243,0x03000253,wall,,00000595.pro,-1,,0
1963,,222028,0,2016,28321,121,141,0,83886092,0x0500000C,misc,,00000012.pro,-1,,0
1964,,222116,0,2017,28322,122,141,0,83886092,0x0500000C,misc,,00000012.pro,-1,,0
1965,,222204,0,2018,28323,123,141,0,83886092,0x0500000C,misc,,00000012.pro,-1,,0
1966,,222292,0,2019,28332,132,141,0,50332245,0x03000255,wall,,00000597.pro,-1,,0
1967,,222380,0,2020,28340,140,141,0,50332156,0x030001FC,wall,,00000508.pro,-1,,0
1968,,222468,0,2021,28351,151,141,0,33554799,0x0200016F,scenery,generic,00000368.pro,-1,,0
1969,,222556,0,2022,28355,155,141,0,33554799,0x0200016F,scenery,generic,00000368.pro,-1,,0
1970,,222644,0,2023,28367,167,141,0,33554798,0x0200016E,scenery,generic,00000367.pro,-1,,0
1971,,222732,0,2024,28478,78,142,0,83886092,0x0500000C,misc,,00000012.pro,-1,,0
1972,,222820,0,2025,28482,82,142,0,50332143,0x030001EF,wall,,00000495.pro,-1,,0
1973,,222908,0,2026,28488,88,142,0,33554765,0x0200014D,scenery,door,00000334.pro,50331653,WoodDoor.int,0
1974,,223000,0,2027,28498,98,142,0,50332288,0x03000280,wall,,00000640.pro,-1,,0
1975,,223088,0,2028,28518,118,142,0,83886092,0x0500000C,misc,,00000012.pro,-1,,0
1976,,223176,0,2029,28519,119,142,0,83886092,0x0500000C,misc,,00000012.pro,-1,,0
1977,,223264,0,2030,28520,120,142,0,83886092,0x0500000C,misc,,00000012.pro,-1,,0
1978,,223352,0,2031,28520,120,142,0,50332249,0x03000259,wall,,00000601.pro,-1,,0
1979,,223440,0,2032,28521,121,142,0,83886092,0x0500000C,misc,,00000012.pro,-1,,0
1980,,223528,0,2033,28532,132,142,0,50332249,0x03000259,wall,,00000601.pro,-1,,0
1981,,223616,0,2034,28538,138,142,0,33554776,0x02000158,scenery,generic,00000345.pro,-1,,0
1982,,223704,0,2035,28539,139,142,0,33554776,0x02000158,scenery,generic,00000345.pro,-1,,0
1983,,223792,0,2036,28540,140,142,0,50332155,0x030001FB,wall,,00000507.pro,-1,,0
1984,,223880,0,2037,28555,155,142,0,33554799,0x0200016F,scenery,generic,00000368.pro,-1,,0
1985,,223968,0,2038,28559,159,142,0,33554798,0x0200016E,scenery,generic,00000367.pro,-1,,0
1986,,224056,0,2039,28563,163,142,0,33554798,0x0200016E,scenery,generic,00000367.pro,-1,,0
1987,,224144,0,2040,28679,79,143,0,83886092,0x0500000C,misc,,00000012.pro,-1,,0
1988,,224232,0,2041,28682,82,143,0,50332243,0x03000253,wall,,00000595.pro,-1,,0
1989,,224320,0,2042,28688,88,143,0,50332248,0x03000258,wall,,00000600.pro,-1,,0
1990,,224408,0,2043,28691,91,143,3,16777246,0x0100001E,critter,,00000030.pro,67108904,Gunther.int,1
1990/inventory/0,11,224540,0,2044,-1,,,0,41,0x00000029,item,misc,00000041.pro,-1,,0
1991,,224632,0,2045,28692,92,143,0,33554499,0x02000043,scenery,generic,00000068.pro,-1,,0
1992,,224720,0,2046,28693,93,143,0,33555098,0x0200029A,scenery,generic,00000667.pro,-1,,0
1993,,224808,0,2047,28698,98,143,0,50332139,0x030001EB,wall,,00000491.pro,-1,,0
1994,,224896,0,2048,28716,116,143,0,83886092,0x0500000C,misc,,00000012.pro,-1,,0
1995,,224984,0,2049,28717,117,143,0,83886092,0x0500000C,misc,,00000012.pro,-1,,0
1996,,225072,0,2050,28718,118,143,0,83886092,0x0500000C,misc,,00000012.pro,-1,,0
1997,,225160,0,2051,28719,119,143,0,83886092,0x0500000C,misc,,00000012.pro,-1,,0
1998,,225248,0,2052,28720,120,143,0,50332154,0x030001FA,wall,,00000506.pro,-1,,0
1999,,225336,0,2053,28721,121,143,0,50332150,0x030001F6,wall,,00000502.pro,-1,,0
2000,,225424,0,2054,28722,122,143,0,50332147,0x030001F3,wall,,00000499.pro,-1,,0
2001,,225512,0,2055,28723,123,143,0,50332153,0x030001F9,wall,,00000505.pro,-1,,0
2002,,225600,0,2056,28724,124,143,0,50332286,0x0300027E,wall,,00000638.pro,-1,,0
2003,,225688,0,2057,28725,125,143,0,50332150,0x030001F6,wall,,00000502.pro,-1,,0
2004,,225776,0,2058,28726,126,143,0,50332151,0x030001F7,wall,,00000503.pro,-1,,0
2005,,225864,0,2059,28727,127,143,0,50332153,0x030001F9,wall,,00000505.pro,-1,,0
2006,,225952,0,2060,28728,128,143,0,50332152,0x030001F8,wall,,00000504.pro,-1,,0
2007,,226040,0,2061,28729,129,143,0,50332150,0x030001F6,wall,,00000502.pro,-1,,0
2008,,226128,0,2062,28730,130,143,0,50332147,0x030001F3,wall,,00000499.pro,-1,,0
2009,,226216,0,2063,28731,131,143,0,50332153,0x030001F9,wall,,00000505.pro,-1,,0
2010,,226304,0,2064,28732,132,143,0,50332256,0x03000260,wall,,00000608.pro,-1,,0
2011,,226392,0,2065,28732,132,143,0,50332151,0x030001F7,wall,,00000503.pro,-1,,0
2012,,226480,0,2066,28733,133,143,0,50332150,0x030001F6,wall,,00000502.pro,-1,,0
2013,,226568,0,2067,28734,134,143,0,50332147,0x030001F3,wall,,00000499.pro,-1,,0
2014,,226656,0,2068,28735,135,143,0,50332153,0x030001F9,wall,,00000505.pro,-1,,0
2015,,226744,0,2069,28736,136,143,0,50332286,0x0300027E,wall,,00000638.pro,-1,,0
2016,,226832,0,2070,28737,137,143,0,50332150,0x030001F6,wall,,00000502.pro,-1,,0
2017,,226920,0,2071,28738,138,143,0,50332147,0x030001F3,wall,,00000499.pro,-1,,0
2018,,227008,0,2072,28739,139,143,0,50332146,0x030001F2,wall,,00000498.pro,-1,,0
2019,,227096,0,2073,28740,140,143,0,50332145,0x030001F1,wall,,00000497.pro,-1,,0
2020,,227184,0,2074,28751,151,143,0,33554799,0x0200016F,scenery,generic,00000368.pro,-1,,0
2021,,227272,0,2075,28763,163,143,0,33554798,0x0200016E,scenery,generic,00000367.pro,-1,,0
2022,,227360,0,2076,28767,167,143,0,33554798,0x0200016E,scenery,generic,00000367.pro,-1,,0
2023,,227448,0,2077,28879,79,144,0,83886092,0x0500000C,misc,,00000012.pro,-1,,0
2024,,227536,0,2078,28880,80,144,0,83886092,0x0500000C,misc,,00000012.pro,-1,,0
2025,,227624,0,2079,28882,82,144,0,50332246,0x03000256,wall,,00000598.pro,-1,,0
2026,,227712,0,2080,28883,83,144,0,33554499,0x02000043,scenery,generic,00000068.pro,-1,,0
2027,,227800,0,2081,28883,83,144,0,63,0x0000003F,item,container,00000063.pro,-1,,0
2028,,227888,0,2082,28885,85,144,0,33554573,0x0200008D,scenery,generic,00000142.pro,-1,,0
2029,,227976,0,2083,28888,88,144,0,50332242,0x03000252,wall,,00000594.pro,-1,,0
2030,,228064,0,2084,28893,93,144,0,33554436,0x02000004,scenery,generic,00000004.pro,-1,,0
2031,,228152,0,2085,28898,98,144,0,33554691,0x02000103,scenery,door,00000260.pro,50331655,WoodDoor.int,0
2032,,228244,0,2086,28914,114,144,0,83886092,0x0500000C,misc,,00000012.pro,-1,,0
2033,,228332,0,2087,28915,115,144,0,83886092,0x0500000C,misc,,00000012.pro,-1,,0
2034,,228420,0,2088,28916,116,144,0,83886092,0x0500000C,misc,,00000012.pro,-1,,0
2035,,228508,0,2089,28917,117,144,0,83886092,0x0500000C,misc,,00000012.pro,-1,,0
2036,,228596,0,2090,28921,121,144,0,50332270,0x0300026E,wall,,00000622.pro,-1,,0
2037,,228684,0,2091,28923,123,144,0,50332270,0x0300026E,wall,,00000622.pro,-1,,0
2038,,228772,0,2092,28925,125,144,0,50332270,0x0300026E,wall,,00000622.pro,-1,,0
2039,,228860,0,2093,28927,127,144,0,50332270,0x0300026E,wall,,00000622.pro,-1,,0
2040,,228948,0,2094,28929,129,144,0,50332270,0x0300026E,wall,,00000622.pro,-1,,0
2041,,229036,0,2095,28931,131,144,0,50332270,0x0300026E,wall,,00000622.pro,-1,,0
2042,,229124,0,2096,28933,133,144,0,50332270,0x0300026E,wall,,00000622.pro,-1,,0
2043,,229212,0,2097,28935,135,144,0,50332270,0x0300026E,wall,,00000622.pro,-1,,0
2044,,229300,0,2098,28937,137,144,0,50332270,0x0300026E,wall,,00000622.pro,-1,,0
2045,,229388,0,2099,28939,139,144,0,50332270,0x0300026E,wall,,00000622.pro,-1,,0
2046,,229476,0,2100,29080,80,145,0,83886092,0x0500000C,misc,,00000012.pro,-1,,0
2047,,229564,0,2101,29082,82,145,0,50332249,0x03000259,wall,,00000601.pro,-1,,0
2048,,229652,0,2102,29083,83,145,0,33554499,0x02000043,scenery,generic,00000068.pro,-1,,0
2049,,229740,0,2103,29088,88,145,0,50332243,0x03000253,wall,,00000595.pro,-1,,0
2050,,229828,0,2104,29098,98,145,0,50332140,0x030001EC,wall,,00000492.pro,-1,,0
2051,,229916,0,2105,29112,112,145,0,83886092,0x0500000C,misc,,00000012.pro,-1,,0
2052,,230004,0,2106,29113,113,145,0,83886092,0x0500000C,misc,,00000012.pro,-1,,0
2053,,230092,0,2107,29114,114,145,0,83886092,0x0500000C,misc,,00000012.pro,-1,,0
2054,,230180,0,2108,29115,115,145,0,83886092,0x0500000C,misc,,00000012.pro,-1,,0
2055,,230268,0,2109,29281,81,146,0,83886092,0x0500000C,misc,,00000012.pro,-1,,0
2056,,230356,0,2110,29282,82,146,0,50332290,0x03000282,wall,,00000642.pro,-1,,0
2057,,230444,0,2111,29288,88,146,0,50332246,0x03000256,wall,,00000598.pro,-1,,0
2058,,230532,0,2112,29291,91,146,0,33554573,0x0200008D,scenery,generic,00000142.pro,-1,,0
2059,,230620,0,2113,29293,93,146,0,33555108,0x020002A4,scenery,generic,00000677.pro,-1,,0
2060,,230708,0,2114,29298,98,146,0,50332289,0x03000281,wall,,00000641.pro,-1,,0
2061,,230796,0,2115,29310,110,146,0,83886092,0x0500000C,misc,,00000012.pro,-1,,0
2062,,230884,0,2116,29311,111,146,0,83886092,0x0500000C,misc,,00000012.pro,-1,,0
2063,,230972,0,2117,29312,112,146,0,83886092,0x0500000C,misc,,00000012.pro,-1,,0
2064,,231060,0,2118,29313,113,146,0,83886092,0x0500000C,misc,,00000012.pro,-1,,0
2065,,231148,0,2119,29319,119,146,0,16777348,0x01000084,critter,,00000132.pro,67108894,gencop.int,4
2065/inventory/0,4,231280,0,2120,-1,,,0,35,0x00000023,item,ammo,00000035.pro,-1,,0
2065/inventory/1,4,231376,0,2121,-1,,,0,36,0x00000024,item,ammo,00000036.pro,-1,,0
2065/inventory/2,4,231472,0,2122,-1,,,0,40,0x00000028,item,drug,00000040.pro,-1,,0
2065/inventory/3,1,231564,0,2123,-1,,,0,23,0x00000017,item,weapon,00000023.pro,-1,,0
2066,,231660,0,2124,29481,81,147,0,83886092,0x0500000C,misc,,00000012.pro,-1,,0
2067,,231748,0,2125,29482,82,147,0,83886092,0x0500000C,misc,,00000012.pro,-1,,0
2068,,231836,0,2126,29482,82,147,0,50332242,0x03000252,wall,,00000594.pro,-1,,0
2069,,231924,0,2127,29488,88,147,0,50332249,0x03000259,wall,,00000601.pro,-1,,0
2070,,232012,0,2128,29498,98,147,0,50332156,0x030001FC,wall,,00000508.pro,-1,,0
2071,,232100,0,2129,29508,108,147,0,83886092,0x0500000C,misc,,00000012.pro,-1,,0
2072,,232188,0,2130,29509,109,147,0,83886092,0x0500000C,misc,,00000012.pro,-1,,0
2073,,232276,0,2131,29510,110,147,0,83886092,0x0500000C,misc,,00000012.pro,-1,,0
2074,,232364,0,2132,29511,111,147,0,83886092,0x0500000C,misc,,00000012.pro,-1,,0
2075,,232452,0,2133,29682,82,148,0,83886092,0x0500000C,misc,,00000012.pro,-1,,0
2076,,232540,0,2134,29682,82,148,0,50332243,0x03000253,wall,,00000595.pro,-1,,0
2077,,232628,0,2135,29688,88,148,0,50332243,0x03000253,wall,,00000595.pro,-1,,0
2078,,232716,0,2136,29696,96,148,0,33554776,0x02000158,scenery,generic,00000345.pro,-1,,0
2079,,232804,0,2137,29697,97,148,0,33554776,0x02000158,scenery,generic,00000345.pro,-1,,0
2080,,232892,0,2138,29698,98,148,0,50332155,0x030001FB,wall,,00000507.pro,-1,,0
2081,,232980,0,2139,29706,106,148,0,83886092,0x0500000C,misc,,00000012.pro,-1,,0
2082,,233068,0,2140,29707,107,148,0,83886092,0x0500000C,misc,,00000012.pro,-1,,0
2083,,233156,0,2141,29708,108,148,0,83886092,0x0500000C,misc,,00000012.pro,-1,,0
2084,,233244,0,2142,29709,109,148,0,83886092,0x0500000C,misc,,00000012.pro,-1,,0
2085,,233332,0,2143,29882,82,149,0,50332185,0x03000219,wall,,00000537.pro,-1,,0
2086,,233420,0,2144,29883,83,149,0,83886092,0x0500000C,misc,,00000012.pro,-1,,0
2087,,233508,0,2145,29883,83,149,0,50332150,0x030001F6,wall,,00000502.pro,-1,,0
2088,,233596,0,2146,29884,84,149,0,50332286,0x0300027E,wall,,00000638.pro,-1,,0
2089,,233684,0,2147,29885,85,149,0,50332153,0x030001F9,wall,,00000505.pro,-1,,0
2090,,233772,0,2148,29886,86,149,0,50332184,0x03000218,wall,,00000536.pro,-1,,0
2091,,233860,0,2149,29887,87,149,0,50332150,0x030001F6,wall,,00000502.pro,-1,,0
2092,,233948,0,2150,29888,88,149,0,50332256,0x03000260,wall,,00000608.pro,-1,,0
2093,,234036,0,2151,29888,88,149,0,50332151,0x030001F7,wall,,00000503.pro,-1,,0
2094,,234124,0,2152,29889,89,149,0,50332153,0x030001F9,wall,,00000505.pro,-1,,0
2095,,234212,0,2153,29890,90,149,0,50332287,0x0300027F,wall,,00000639.pro,-1,,0
2096,,234300,0,2154,29891,91,149,0,50332150,0x030001F6,wall,,00000502.pro,-1,,0
2097,,234388,0,2155,29892,92,149,0,50332147,0x030001F3,wall,,00000499.pro,-1,,0
2098,,234476,0,2156,29893,93,149,0,50332153,0x030001F9,wall,,00000505.pro,-1,,0
2099,,234564,0,2157,29894,94,149,0,50332286,0x0300027E,wall,,00000638.pro,-1,,0
2100,,234652,0,2158,29895,95,149,0,50332150,0x030001F6,wall,,00000502.pro,-1,,0
2101,,234740,0,2159,29896,96,149,0,50332147,0x030001F3,wall,,00000499.pro,-1,,0
2102,,234828,0,2160,29897,97,149,0,50332183,0x03000217,wall,,00000535.pro,-1,,0
2103,,234916,0,2161,29898,98,149,0,50332182,0x03000216,wall,,00000534.pro,-1,,0
2104,,235004,0,2162,29900,100,149,0,33554724,0x02000124,scenery,generic,00000293.pro,-1,,0
2105,,235092,0,2163,29902,102,149,0,33554573,0x0200008D,scenery,generic,00000142.pro,-1,,0
2106,,235180,0,2164,29904,104,149,0,83886092,0x0500000C,misc,,00000012.pro,-1,,0
2107,,235268,0,2165,29905,105,149,0,83886092,0x0500000C,misc,,00000012.pro,-1,,0
2108,,235356,0,2166,29906,106,149,0,83886092,0x0500000C,misc,,00000012.pro,-1,,0
2109,,235444,0,2167,29907,107,149,0,83886092,0x0500000C,misc,,00000012.pro,-1,,0
2110,,235532,0,2168,29930,130,149,0,33554535,0x02000067,scenery,generic,00000104.pro,-1,,0
2111,,235620,0,2169,30083,83,150,0,83886092,0x0500000C,misc,,00000012.pro,-1,,0
2112,,235708,0,2170,30083,83,150,0,50332270,0x0300026E,wall,,00000622.pro,-1,,0
2113,,235796,0,2171,30084,84,150,0,83886092,0x0500000C,misc,,00000012.pro,-1,,0
2114,,235884,0,2172,30085,85,150,0,50332270,0x0300026E,wall,,00000622.pro,-1,,0
2115,,235972,0,2173,30087,87,150,0,50332270,0x0300026E,wall,,00000622.pro,-1,,0
2116,,236060,0,2174,30089,89,150,0,50332270,0x0300026E,wall,,00000622.pro,-1,,0
2117,,236148,0,2175,30091,91,150,0,50332270,0x0300026E,wall,,00000622.pro,-1,,0
2118,,236236,0,2176,30093,93,150,0,50332270,0x0300026E,wall,,00000622.pro,-1,,0
2119,,236324,0,2177,30095,95,150,0,50332270,0x0300026E,wall,,00000622.pro,-1,,0
2120,,236412,0,2178,30097,97,150,0,50332270,0x0300026E,wall,,00000622.pro,-1,,0
2121,,236500,0,2179,30102,102,150,0,83886092,0x0500000C,misc,,00000012.pro,-1,,0
2122,,236588,0,2180,30103,103,150,0,83886092,0x0500000C,misc,,00000012.pro,-1,,0
2123,,236676,0,2181,30104,104,150,0,83886092,0x0500000C,misc,,00000012.pro,-1,,0
2124,,236764,0,2182,30105,105,150,0,83886092,0x0500000C,misc,,00000012.pro,-1,,0
2125,,236852,0,2183,30129,129,150,0,33554537,0x02000069,scenery,generic,00000106.pro,-1,,0
2126,,236940,0,2184,30135,135,150,0,33554535,0x02000067,scenery,generic,00000104.pro,-1,,0
2127,,237028,0,2185,30137,137,150,0,33554534,0x02000066,scenery,generic,00000103.pro,-1,,0
2128,,237116,0,2186,30284,84,151,0,83886092,0x0500000C,misc,,00000012.pro,-1,,0
2129,,237204,0,2187,30300,100,151,0,83886092,0x0500000C,misc,,00000012.pro,-1,,0
2130,,237292,0,2188,30301,101,151,0,83886092,0x0500000C,misc,,00000012.pro,-1,,0
2131,,237380,0,2189,30302,102,151,0,83886092,0x0500000C,misc,,00000012.pro,-1,,0
2132,,237468,0,2190,30303,103,151,0,83886092,0x0500000C,misc,,00000012.pro,-1,,0
2133,,237556,0,2191,30304,104,151,0,33554776,0x02000158,scenery,generic,00000345.pro,-1,,0
2134,,237644,0,2192,30485,85,152,0,83886092,0x0500000C,misc,,00000012.pro,-1,,0
2135,,237732,0,2193,30498,98,152,0,83886092,0x0500000C,misc,,00000012.pro,-1,,0
2136,,237820,0,2194,30499,99,152,0,83886092,0x0500000C,misc,,00000012.pro,-1,,0
2137,,237908,0,2195,30500,100,152,0,83886092,0x0500000C,misc,,00000012.pro,-1,,0
2138,,237996,0,2196,30501,101,152,0,83886092,0x0500000C,misc,,00000012.pro,-1,,0
2139,,238084,0,2197,30685,85,153,0,83886092,0x0500000C,misc,,00000012.pro,-1,,0
2140,,238172,0,2198,30686,86,153,0,83886092,0x0500000C,misc,,00000012.pro,-1,,0
2141,,238260,0,2199,30696,96,153,0,83886092,0x0500000C,misc,,00000012.pro,-1,,0
2142,,238348,0,2200,30697,97,153,0,83886092,0x0500000C,misc,,00000012.pro,-1,,0
2143,,238436,0,2201,30698,98,153,0,83886092,0x0500000C,misc,,00000012.pro,-1,,0
2144,,238524,0,2202,30698,98,153,3,16777348,0x01000084,critter,,00000132.pro,67108909,gencop.int,4
2144/inventory/0,3,238656,0,2203,-1,,,0,35,0x00000023,item,ammo,00000035.pro,-1,,0
2144/inventory/1,3,238752,0,2204,-1,,,0,36,0x00000024,item,ammo,00000036.pro,-1,,0
2144/inventory/2,5,238848,0,2205,-1,,,0,40,0x00000028,item,drug,00000040.pro,-1,,0
2144/inventory/3,1,238940,0,2206,-1,,,0,23,0x00000017,item,weapon,00000023.pro,-1,,0
2145,,239036,0,2207,30699,99,153,0,83886092,0x0500000C,misc,,00000012.pro,-1,,0
2146,,239124,0,2208,30886,86,154,0,83886092,0x0500000C,misc,,00000012.pro,-1,,0
2147,,239212,0,2209,30894,94,154,0,83886092,0x0500000C,misc,,00000012.pro,-1,,0
2148,,239300,0,2210,30895,95,154,0,83886092,0x0500000C,misc,,00000012.pro,-1,,0
2149,,239388,0,2211,30896,96,154,0,83886092,0x0500000C,misc,,00000012.pro,-1,,0
2150,,239476,0,2212,30897,97,154,0,83886092,0x0500000C,misc,,00000012.pro,-1,,0
2151,,239564,0,2213,31087,87,155,0,83886092,0x0500000C,misc,,00000012.pro,-1,,0
2152,,239652,0,2214,31092,92,155,0,83886092,0x0500000C,misc,,00000012.pro,-1,,0
2153,,239740,0,2215,31093,93,155,0,83886092,0x0500000C,misc,,00000012.pro,-1,,0
2154,,239828,0,2216,31094,94,155,0,83886092,0x0500000C,misc,,00000012.pro,-1,,0
2155,,239916,0,2217,31095,95,155,0,83886092,0x0500000C,misc,,00000012.pro,-1,,0
2156,,240004,0,2218,31287,87,156,0,83886092,0x0500000C,misc,,00000012.pro,-1,,0
2157,,240092,0,2219,31288,88,156,0,83886092,0x0500000C,misc,,00000012.pro,-1,,0
2158,,240180,0,2220,31290,90,156,0,83886092,0x0500000C,misc,,00000012.pro,-1,,0
2159,,240268,0,2221,31291,91,156,0,83886092,0x0500000C,misc,,00000012.pro,-1,,0
2160,,240356,0,2222,31292,92,156,0,83886092,0x0500000C,misc,,00000012.pro,-1,,0
2161,,240444,0,2223,31293,93,156,0,83886092,0x0500000C,misc,,00000012.pro,-1,,0
2162,,240532,0,2224,31488,88,157,0,83886092,0x0500000C,misc,,00000012.pro,-1,,0
2163,,240620,0,2225,31489,89,157,0,83886092,0x0500000C,misc,,00000012.pro,-1,,0
2164,,240708,0,2226,31490,90,157,0,83886092,0x0500000C,misc,,00000012.pro,-1,,0
2165,,240796,0,2227,31491,91,157,0,83886092,0x0500000C,misc,,00000012.pro,-1,,0
2166,,240884,0,2228,31504,104,157,0,83886102,0x05000016,misc,,00000022.pro,-1,,0
2167,,240988,0,2229,31506,106,157,0,83886102,0x05000016,misc,,00000022.pro,-1,,0
2168,,241092,0,2230,31508,108,157,0,83886102,0x05000016,misc,,00000022.pro,-1,,0
2169,,241196,0,2231,31510,110,157,0,83886102,0x05000016,misc,,00000022.pro,-1,,0
2170,,241300,0,2232,31512,112,157,0,83886102,0x05000016,misc,,00000022.pro,-1,,0
2171,,241404,0,2233,31514,114,157,0,83886102,0x05000016,misc,,00000022.pro,-1,,0
2172,,241508,0,2234,31516,116,157,0,83886102,0x05000016,misc,,00000022.pro,-1,,0
2173,,241612,0,2235,31518,118,157,0,83886102,0x05000016,misc,,00000022.pro,-1,,0
2174,,241716,0,2236,31689,89,158,0,83886092,0x0500000C,misc,,00000012.pro,-1,,0
2175,,241804,0,2237,31702,102,158,0,83886098,0x05000012,misc,,00000018.pro,-1,,0
2176,,241908,0,2238,31703,103,158,0,83886098,0x05000012,misc,,00000018.pro,-1,,0
2177,,242012,0,2239,31704,104,158,0,33554481,0x02000031,scenery,generic,00000050.pro,-1,,0
2178,,242100,0,2240,31705,105,158,0,83886102,0x05000016,misc,,00000022.pro,-1,,0
2179,,242204,0,2241,31707,107,158,0,83886102,0x05000016,misc,,00000022.pro,-1,,0
2180,,242308,0,2242,31708,108,158,0,33554481,0x02000031,scenery,generic,00000050.pro,-1,,0
2181,,242396,0,2243,31709,109,158,0,83886102,0x05000016,misc,,00000022.pro,-1,,0
2182,,242500,0,2244,31711,111,158,0,83886102,0x05000016,misc,,00000022.pro,-1,,0
2183,,242604,0,2245,31712,112,158,0,33554481,0x02000031,scenery,generic,00000050.pro,-1,,0
2184,,242692,0,2246,31713,113,158,0,83886102,0x05000016,misc,,00000022.pro,-1,,0
2185,,242796,0,2247,31715,115,158,0,83886102,0x05000016,misc,,00000022.pro,-1,,0
2186,,242900,0,2248,31717,117,158,0,83886102,0x05000016,misc,,00000022.pro,-1,,0
2187,,243004,0,2249,31879,79,159,0,33554801,0x02000171,scenery,generic,00000370.pro,-1,,0
2188,,243092,0,2250,31900,100,159,0,83886098,0x05000012,misc,,00000018.pro,-1,,0
2189,,243196,0,2251,31901,101,159,0,83886098,0x05000012,misc,,00000018.pro,-1,,0
2190,,243300,0,2252,32075,75,160,0,33554801,0x02000171,scenery,generic,00000370.pro,-1,,0
2191,,243388,0,2253,32083,83,160,0,33554801,0x02000171,scenery,generic,00000370.pro,-1,,0
2192,,243476,0,2254,32087,87,160,0,33554802,0x02000172,scenery,generic,00000371.pro,-1,,0
2193,,243564,0,2255,32091,91,160,0,33554801,0x02000171,scenery,generic,00000370.pro,-1,,0
2194,,243652,0,2256,32098,98,160,0,83886098,0x05000012,misc,,00000018.pro,-1,,0
2195,,243756,0,2257,32099,99,160,0,83886098,0x05000012,misc,,00000018.pro,-1,,0
2196,,243860,0,2258,32100,100,160,0,33554481,0x02000031,scenery,generic,00000050.pro,-1,,0
2197,,243948,0,2259,32116,116,160,0,33554481,0x02000031,scenery,generic,00000050.pro,-1,,0
2198,,244036,0,2260,32279,79,161,0,33554802,0x02000172,scenery,generic,00000371.pro,-1,,0
2199,,244124,0,2261,32287,87,161,0,33554801,0x02000171,scenery,generic,00000370.pro,-1,,0
2200,,244212,0,2262,32298,98,161,0,83886100,0x05000014,misc,,00000020.pro,-1,,0
2201,,244316,0,2263,32309,109,161,0,83886097,0x05000011,misc,,00000017.pro,-1,,0
2202,,244420,0,2264,32475,75,162,0,33554801,0x02000171,scenery,generic,00000370.pro,-1,,0
2203,,244508,0,2265,32479,79,162,0,33554801,0x02000171,scenery,generic,00000370.pro,-1,,0
2204,,244596,0,2266,32483,83,162,0,33554802,0x02000172,scenery,generic,00000371.pro,-1,,0
2205,,244684,0,2267,32491,91,162,0,33554802,0x02000172,scenery,generic,00000371.pro,-1,,0
2206,,244772,0,2268,32498,98,162,0,83886100,0x05000014,misc,,00000020.pro,-1,,0
2207,,244876,0,2269,32675,75,163,0,33554802,0x02000172,scenery,generic,00000371.pro,-1,,0
2208,,244964,0,2270,32683,83,163,0,33554801,0x02000171,scenery,generic,00000370.pro,-1,,0
2209,,245052,0,2271,32687,87,163,0,33554803,0x02000173,scenery,generic,00000372.pro,-1,,0
2210,,245140,0,2272,32691,91,163,0,33554801,0x02000171,scenery,generic,00000370.pro,-1,,0
2211,,245228,0,2273,32698,98,163,0,83886100,0x05000014,misc,,00000020.pro,-1,,0
2212,,245332,0,2274,32879,79,164,0,33554801,0x02000171,scenery,generic,00000370.pro,-1,,0
2213,,245420,0,2275,32887,87,164,0,33554801,0x02000171,scenery,generic,00000370.pro,-1,,0
2214,,245508,0,2276,32898,98,164,0,83886100,0x05000014,misc,,00000020.pro,-1,,0
2215,,245612,0,2277,33075,75,165,0,33554801,0x02000171,scenery,generic,00000370.pro,-1,,0
2216,,245700,0,2278,33083,83,165,0,33554803,0x02000173,scenery,generic,00000372.pro,-1,,0
2217,,245788,0,2279,33091,91,165,0,33554801,0x02000171,scenery,generic,00000370.pro,-1,,0
2218,,245876,0,2280,33098,98,165,0,83886100,0x05000014,misc,,00000020.pro,-1,,0
2219,,245980,0,2281,33279,79,166,0,33554802,0x02000172,scenery,generic,00000371.pro,-1,,0
2220,,246068,0,2282,33283,83,166,0,33554801,0x02000171,scenery,generic,00000370.pro,-1,,0
2221,,246156,0,2283,33287,87,166,0,33554801,0x02000171,scenery,generic,00000370.pro,-1,,0
2222,,246244,0,2284,33291,91,166,0,33554802,0x02000172,scenery,generic,00000371.pro,-1,,0
2223,,246332,0,2285,33298,98,166,0,83886100,0x05000014,misc,,00000020.pro,-1,,0
2224,,246436,0,2286,33475,75,167,0,33554802,0x02000172,scenery,generic,00000371.pro,-1,,0
2225,,246524,0,2287,33483,83,167,0,33554802,0x02000172,scenery,generic,00000371.pro,-1,,0
2226,,246612,0,2288,33498,98,167,0,83886100,0x05000014,misc,,00000020.pro,-1,,0
2227,,246716,0,2289,33679,79,168,0,33554801,0x02000171,scenery,generic,00000370.pro,-1,,0
2228,,246804,0,2290,33687,87,168,0,33554803,0x02000173,scenery,generic,00000372.pro,-1,,0
2229,,246892,0,2291,33691,91,168,0,33554801,0x02000171,scenery,generic,00000370.pro,-1,,0
2230,,246980,0,2292,33875,75,169,0,33554801,0x02000171,scenery,generic,00000370.pro,-1,,0
2231,,247068,0,2293,33883,83,169,0,33554801,0x02000171,scenery,generic,00000370.pro,-1,,0
2232,,247156,0,2294,33887,87,169,0,33554801,0x02000171,scenery,generic,00000370.pro,-1,,0
2233,,247244,0,2295,33936,136,169,0,33554536,0x02000068,scenery,generic,00000105.pro,-1,,0
2234,,247332,0,2296,33937,137,169,0,33554534,0x02000066,scenery,generic,00000103.pro,-1,,0
2235,,247420,0,2297,34079,79,170,0,33554803,0x02000173,scenery,generic,00000372.pro,-1,,0
2236,,247508,0,2298,34091,91,170,0,33554801,0x02000171,scenery,generic,00000370.pro,-1,,0
2237,,247596,0,2299,34263,63,171,0,33554535,0x02000067,scenery,generic,00000104.pro,-1,,0
2238,,247684,0,2300,34265,65,171,0,33554535,0x02000067,scenery,generic,00000104.pro,-1,,0
2239,,247772,0,2301,34275,75,171,0,33554803,0x02000173,scenery,generic,00000372.pro,-1,,0
2240,,247860,0,2302,34283,83,171,0,33554802,0x02000172,scenery,generic,00000371.pro,-1,,0
2241,,247948,0,2303,34287,87,171,0,33554803,0x02000173,scenery,generic,00000372.pro,-1,,0
2242,,248036,0,2304,34465,65,172,0,33554537,0x02000069,scenery,generic,00000106.pro,-1,,0
2243,,248124,0,2305,34475,75,172,0,33554803,0x02000173,scenery,generic,00000372.pro,-1,,0
2244,,248212,0,2306,34479,79,172,0,33554803,0x02000173,scenery,generic,00000372.pro,-1,,0
2245,,248300,0,2307,34483,83,172,0,33554801,0x02000171,scenery,generic,00000370.pro,-1,,0
2246,,248388,0,2308,34491,91,172,0,33554803,0x02000173,scenery,generic,00000372.pro,-1,,0
2247,,248476,0,2309,34687,87,173,0,33554801,0x02000171,scenery,generic,00000370.pro,-1,,0
2248,,248564,0,2310,34891,91,174,0,33554801,0x02000171,scenery,generic,00000370.pro,-1,,0
2249,,248652,0,2311,35087,87,175,0,33554802,0x02000172,scenery,generic,00000371.pro,-1,,0
