path,inventory_quantity,file_offset,elevation_group,object_id,tile,tile_x,tile_y,rotation,pid,pid_hex,prototype_type,prototype_subtype,prototype_filename,script_id,script_filename,inventory_length
0,,86716,0,25,6140,140,30,0,50331837,0x030000BD,wall,,00000189.pro,-1,,0
1,,86804,0,26,6146,146,30,0,50331879,0x030000E7,wall,,00000231.pro,-1,,0
2,,86892,0,27,6340,140,31,0,50331838,0x030000BE,wall,,00000190.pro,-1,,0
3,,86980,0,28,6341,141,31,0,50332270,0x0300026E,wall,,00000622.pro,-1,,0
4,,87068,0,29,6342,142,31,0,33554776,0x02000158,scenery,generic,00000345.pro,-1,,0
5,,87156,0,30,6344,144,31,0,33554776,0x02000158,scenery,generic,00000345.pro,-1,,0
6,,87244,0,31,6346,146,31,0,50331878,0x030000E6,wall,,00000230.pro,-1,,0
7,,87332,0,32,6540,140,32,0,50331839,0x030000BF,wall,,00000191.pro,-1,,0
8,,87420,0,33,6541,141,32,0,50332270,0x0300026E,wall,,00000622.pro,-1,,0
9,,87508,0,34,6543,143,32,0,33554776,0x02000158,scenery,generic,00000345.pro,-1,,0
10,,87596,0,35,6545,145,32,0,33554776,0x02000158,scenery,generic,00000345.pro,-1,,0
11,,87684,0,36,6546,146,32,0,50331881,0x030000E9,wall,,00000233.pro,-1,,0
12,,87772,0,37,6740,140,33,0,50331840,0x030000C0,wall,,00000192.pro,-1,,0
13,,87860,0,38,6741,141,33,0,50332270,0x0300026E,wall,,00000622.pro,-1,,0
14,,87948,0,39,6746,146,33,0,50331878,0x030000E6,wall,,00000230.pro,-1,,0
15,,88036,0,40,6940,140,34,0,50331841,0x030000C1,wall,,00000193.pro,-1,,0
16,,88124,0,41,6941,141,34,0,50332270,0x0300026E,wall,,00000622.pro,-1,,0
17,,88212,0,42,6946,146,34,0,50331879,0x030000E7,wall,,00000231.pro,-1,,0
18,,88300,0,44,7140,140,35,0,50331842,0x030000C2,wall,,00000194.pro,-1,,0
19,,88388,0,45,7141,141,35,0,50332270,0x0300026E,wall,,00000622.pro,-1,,0
20,,88476,0,46,7146,146,35,0,50331880,0x030000E8,wall,,00000232.pro,-1,,0
21,,88564,0,50,7340,140,36,0,50331843,0x030000C3,wall,,00000195.pro,-1,,0
22,,88652,0,51,7341,141,36,0,50332270,0x0300026E,wall,,00000622.pro,-1,,0
23,,88740,0,52,7346,146,36,0,50331881,0x030000E9,wall,,00000233.pro,-1,,0
24,,88828,0,57,7540,140,37,0,50331844,0x030000C4,wall,,00000196.pro,-1,,0
25,,88916,0,58,7541,141,37,0,50332270,0x0300026E,wall,,00000622.pro,-1,,0
26,,89004,0,59,7541,141,37,0,83886103,0x05000017,misc,,00000023.pro,-1,,0
27,,89108,0,60,7543,143,37,0,83886103,0x05000017,misc,,00000023.pro,-1,,0
28,,89212,0,61,7544,144,37,0,33554481,0x02000031,scenery,generic,00000050.pro,-1,,0
29,,89300,0,62,7545,145,37,0,83886103,0x05000017,misc,,00000023.pro,-1,,0
30,,89404,0,63,7546,146,37,0,50331878,0x030000E6,wall,,00000230.pro,-1,,0
31,,89492,0,67,7740,140,38,0,50331845,0x030000C5,wall,,00000197.pro,-1,,0
32,,89580,0,68,7741,141,38,0,50332270,0x0300026E,wall,,00000622.pro,-1,,0
33,,89668,0,69,7743,143,38,0,33554481,0x02000031,scenery,generic,00000050.pro,-1,,0
34,,89756,0,70,7746,146,38,0,50331879,0x030000E7,wall,,00000231.pro,-1,,0
35,,89844,0,73,7940,140,39,0,50331838,0x030000BE,wall,,00000190.pro,-1,,0
36,,89932,0,74,7941,141,39,0,50332270,0x0300026E,wall,,00000622.pro,-1,,0
37,,90020,0,75,7944,144,39,0,33554481,0x02000031,scenery,generic,00000050.pro,-1,,0
38,,90108,0,76,7946,146,39,0,50331880,0x030000E8,wall,,00000232.pro,-1,,0
39,,90196,0,80,8140,140,40,0,50331839,0x030000BF,wall,,00000191.pro,-1,,0
40,,90284,0,81,8141,141,40,0,50332270,0x0300026E,wall,,00000622.pro,-1,,0
41,,90372,0,82,8142,142,40,0,83886103,0x05000017,misc,,00000023.pro,-1,,0
42,,90476,0,83,8143,143,40,0,33554481,0x02000031,scenery,generic,00000050.pro,-1,,0
43,,90564,0,84,8144,144,40,0,83886103,0x05000017,misc,,00000023.pro,-1,,0
44,,90668,0,85,8146,146,40,0,50331881,0x030000E9,wall,,00000233.pro,-1,,0
45,,90756,0,91,8340,140,41,0,50331840,0x030000C0,wall,,00000192.pro,-1,,0
46,,90844,0,92,8341,141,41,0,83886103,0x05000017,misc,,00000023.pro,-1,,0
47,,90948,0,93,8341,141,41,0,33554563,0x02000083,scenery,generic,00000132.pro,-1,,0
48,,91036,0,94,8343,143,41,0,83886103,0x05000017,misc,,00000023.pro,-1,,0
49,,91140,0,95,8345,145,41,0,83886103,0x05000017,misc,,00000023.pro,-1,,0
50,,91244,0,96,8346,146,41,0,50331878,0x030000E6,wall,,00000230.pro,-1,,0
51,,91332,0,102,8540,140,42,0,50331841,0x030000C1,wall,,00000193.pro,-1,,0
52,,91420,0,103,8541,141,42,0,50332270,0x0300026E,wall,,00000622.pro,-1,,0
53,,91508,0,104,8546,146,42,0,50331879,0x030000E7,wall,,00000231.pro,-1,,0
54,,91596,0,111,8740,140,43,0,50331842,0x030000C2,wall,,00000194.pro,-1,,0
55,,91684,0,112,8741,141,43,0,50332270,0x0300026E,wall,,00000622.pro,-1,,0
56,,91772,0,113,8746,146,43,0,50331880,0x030000E8,wall,,00000232.pro,-1,,0
57,,91860,0,119,8940,140,44,0,50331843,0x030000C3,wall,,00000195.pro,-1,,0
58,,91948,0,120,8941,141,44,0,50332270,0x0300026E,wall,,00000622.pro,-1,,0
59,,92036,0,121,8946,146,44,0,50331881,0x030000E9,wall,,00000233.pro,-1,,0
60,,92124,0,127,9140,140,45,0,50331844,0x030000C4,wall,,00000196.pro,-1,,0
61,,92212,0,128,9141,141,45,0,33554562,0x02000082,scenery,generic,00000131.pro,-1,,0
62,,92300,0,129,9146,146,45,0,50331878,0x030000E6,wall,,00000230.pro,-1,,0
63,,92388,0,130,9150,150,45,0,83886092,0x0500000C,misc,,00000012.pro,-1,,0
64,,92476,0,137,9340,140,46,0,50331845,0x030000C5,wall,,00000197.pro,-1,,0
65,,92564,0,138,9341,141,46,0,50332270,0x0300026E,wall,,00000622.pro,-1,,0
66,,92652,0,139,9346,146,46,0,50331881,0x030000E9,wall,,00000233.pro,-1,,0
67,,92740,0,140,9348,148,46,0,83886092,0x0500000C,misc,,00000012.pro,-1,,0
68,,92828,0,141,9349,149,46,0,83886092,0x0500000C,misc,,00000012.pro,-1,,0
69,,92916,0,142,9350,150,46,0,83886092,0x0500000C,misc,,00000012.pro,-1,,0
70,,93004,0,143,9351,151,46,0,83886092,0x0500000C,misc,,00000012.pro,-1,,0
71,,93092,0,149,9536,136,47,0,50332294,0x03000286,wall,,00000646.pro,-1,,0
72,,93180,0,150,9537,137,47,0,50331825,0x030000B1,wall,,00000177.pro,-1,,0
73,,93268,0,151,9538,138,47,0,50331824,0x030000B0,wall,,00000176.pro,-1,,0
74,,93356,0,152,9539,139,47,0,50331823,0x030000AF,wall,,00000175.pro,-1,,0
75,,93444,0,153,9540,140,47,0,50332295,0x03000287,wall,,00000647.pro,-1,,0
76,,93532,0,154,9541,141,47,0,50332270,0x0300026E,wall,,00000622.pro,-1,,0
77,,93620,0,155,9546,146,47,0,83886092,0x0500000C,misc,,00000012.pro,-1,,0
78,,93708,0,156,9546,146,47,0,50332296,0x03000288,wall,,00000648.pro,-1,,0
79,,93796,0,157,9547,147,47,0,83886092,0x0500000C,misc,,00000012.pro,-1,,0
80,,93884,0,158,9547,147,47,0,50331825,0x030000B1,wall,,00000177.pro,-1,,0
81,,93972,0,159,9548,148,47,0,83886092,0x0500000C,misc,,00000012.pro,-1,,0
82,,94060,0,160,9548,148,47,0,50331824,0x030000B0,wall,,00000176.pro,-1,,0
83,,94148,0,161,9549,149,47,0,83886092,0x0500000C,misc,,00000012.pro,-1,,0
84,,94236,0,162,9549,149,47,0,50332299,0x0300028B,wall,,00000651.pro,-1,,0
85,,94324,0,163,9550,150,47,0,50332269,0x0300026D,wall,,00000621.pro,-1,,0
86,,94412,0,164,9551,151,47,0,83886092,0x0500000C,misc,,00000012.pro,-1,,0
87,,94500,0,165,9552,152,47,0,83886092,0x0500000C,misc,,00000012.pro,-1,,0
88,,94588,0,170,9736,136,48,0,50332269,0x0300026D,wall,,00000621.pro,-1,,0
89,,94676,0,171,9737,137,48,0,50332270,0x0300026E,wall,,00000622.pro,-1,,0
90,,94764,0,172,9739,139,48,0,50332270,0x0300026E,wall,,00000622.pro,-1,,0
91,,94852,0,173,9744,144,48,0,83886092,0x0500000C,misc,,00000012.pro,-1,,0
92,,94940,0,174,9745,145,48,0,83886092,0x0500000C,misc,,00000012.pro,-1,,0
93,,95028,0,175,9746,146,48,0,83886092,0x0500000C,misc,,00000012.pro,-1,,0
94,,95116,0,176,9747,147,48,0,50332270,0x0300026E,wall,,00000622.pro,-1,,0
95,,95204,0,177,9747,147,48,0,83886092,0x0500000C,misc,,00000012.pro,-1,,0
96,,95292,0,178,9749,149,48,0,50332270,0x0300026E,wall,,00000622.pro,-1,,0
97,,95380,0,179,9750,150,48,0,50332269,0x0300026D,wall,,00000621.pro,-1,,0
98,,95468,0,180,9752,152,48,0,83886092,0x0500000C,misc,,00000012.pro,-1,,0
99,,95556,0,215,9936,136,49,0,50331840,0x030000C0,wall,,00000192.pro,-1,,0
100,,95644,0,216,9937,137,49,0,50332270,0x0300026E,wall,,00000622.pro,-1,,0
101,,95732,0,217,9940,140,49,0,33554710,0x02000116,scenery,generic,00000279.pro,-1,,0
102,,95820,0,218,9942,142,49,0,83886092,0x0500000C,misc,,00000012.pro,-1,,0
103,,95908,0,219,9943,143,49,0,83886092,0x0500000C,misc,,00000012.pro,-1,,0
104,,95996,0,220,9944,144,49,0,83886092,0x0500000C,misc,,00000012.pro,-1,,0
105,,96084,0,221,9945,145,49,0,83886092,0x0500000C,misc,,00000012.pro,-1,,0
106,,96172,0,222,9950,150,49,0,50332269,0x0300026D,wall,,00000621.pro,-1,,0
107,,96260,0,223,9953,153,49,0,83886092,0x0500000C,misc,,00000012.pro,-1,,0
108,,96348,0,240,10136,136,50,0,50331841,0x030000C1,wall,,00000193.pro,-1,,0
109,,96436,0,241,10137,137,50,0,50332270,0x0300026E,wall,,00000622.pro,-1,,0
110,,96524,0,242,10140,140,50,0,83886092,0x0500000C,misc,,00000012.pro,-1,,0
111,,96612,0,243,10141,141,50,0,83886092,0x0500000C,misc,,00000012.pro,-1,,0
112,,96700,0,244,10142,142,50,0,83886092,0x0500000C,misc,,00000012.pro,-1,,0
113,,96788,0,245,10143,143,50,0,83886092,0x0500000C,misc,,00000012.pro,-1,,0
114,,96876,0,246,10150,150,50,0,50331878,0x030000E6,wall,,00000230.pro,-1,,0
115,,96964,0,247,10153,153,50,0,83886092,0x0500000C,misc,,00000012.pro,-1,,0
116,,97052,0,248,10154,154,50,0,83886092,0x0500000C,misc,,00000012.pro,-1,,0
117,,97140,0,249,10336,136,51,0,50331842,0x030000C2,wall,,00000194.pro,-1,,0
118,,97228,0,250,10337,137,51,0,50332270,0x0300026E,wall,,00000622.pro,-1,,0
119,,97316,0,251,10338,138,51,0,83886092,0x0500000C,misc,,00000012.pro,-1,,0
120,,97404,0,252,10339,139,51,0,83886092,0x0500000C,misc,,00000012.pro,-1,,0
121,,97492,0,253,10340,140,51,0,83886092,0x0500000C,misc,,00000012.pro,-1,,0
122,,97580,0,254,10341,141,51,0,83886092,0x0500000C,misc,,00000012.pro,-1,,0
123,,97668,0,255,10350,150,51,0,50331879,0x030000E7,wall,,00000231.pro,-1,,0
124,,97756,0,256,10354,154,51,0,83886092,0x0500000C,misc,,00000012.pro,-1,,0
125,,97844,0,257,10536,136,52,0,83886092,0x0500000C,misc,,00000012.pro,-1,,0
126,,97932,0,258,10536,136,52,0,50331843,0x030000C3,wall,,00000195.pro,-1,,0
127,,98020,0,259,10537,137,52,0,50332270,0x0300026E,wall,,00000622.pro,-1,,0
128,,98108,0,260,10537,137,52,0,83886092,0x0500000C,misc,,00000012.pro,-1,,0
129,,98196,0,261,10538,138,52,0,83886092,0x0500000C,misc,,00000012.pro,-1,,0
130,,98284,0,262,10539,139,52,0,83886092,0x0500000C,misc,,00000012.pro,-1,,0
131,,98372,0,263,10550,150,52,0,50331880,0x030000E8,wall,,00000232.pro,-1,,0
132,,98460,0,264,10555,155,52,0,83886092,0x0500000C,misc,,00000012.pro,-1,,0
133,,98548,0,266,10734,134,53,0,83886092,0x0500000C,misc,,00000012.pro,-1,,0
134,,98636,0,267,10735,135,53,0,83886092,0x0500000C,misc,,00000012.pro,-1,,0
135,,98724,0,268,10736,136,53,0,83886092,0x0500000C,misc,,00000012.pro,-1,,0
136,,98812,0,269,10736,136,53,0,50331844,0x030000C4,wall,,00000196.pro,-1,,0
137,,98900,0,270,10737,137,53,0,83886092,0x0500000C,misc,,00000012.pro,-1,,0
138,,98988,0,271,10737,137,53,0,33554567,0x02000087,scenery,generic,00000136.pro,-1,,0
139,,99076,0,272,10750,150,53,0,50331881,0x030000E9,wall,,00000233.pro,-1,,0
140,,99164,0,273,10755,155,53,0,83886092,0x0500000C,misc,,00000012.pro,-1,,0
141,,99252,0,274,10756,156,53,0,83886092,0x0500000C,misc,,00000012.pro,-1,,0
142,,99340,0,278,10932,132,54,0,83886092,0x0500000C,misc,,00000012.pro,-1,,0
143,,99428,0,279,10933,133,54,0,83886092,0x0500000C,misc,,00000012.pro,-1,,0
144,,99516,0,280,10934,134,54,0,83886092,0x0500000C,misc,,00000012.pro,-1,,0
145,,99604,0,281,10935,135,54,0,83886092,0x0500000C,misc,,00000012.pro,-1,,0
146,,99692,0,282,10936,136,54,0,50332298,0x0300028A,wall,,00000650.pro,-1,,0
147,,99780,0,283,10937,137,54,0,50332270,0x0300026E,wall,,00000622.pro,-1,,0
148,,99868,0,284,10938,138,54,0,50332270,0x0300026E,wall,,00000622.pro,-1,,0
149,,99956,0,285,10950,150,54,0,50331878,0x030000E6,wall,,00000230.pro,-1,,0
150,,100044,0,286,10956,156,54,0,83886092,0x0500000C,misc,,00000012.pro,-1,,0
151,,100132,0,292,11130,130,55,0,83886092,0x0500000C,misc,,00000012.pro,-1,,0
152,,100220,0,293,11131,131,55,0,83886092,0x0500000C,misc,,00000012.pro,-1,,0
153,,100308,0,294,11132,132,55,0,83886092,0x0500000C,misc,,00000012.pro,-1,,0
154,,100396,0,295,11133,133,55,0,83886092,0x0500000C,misc,,00000012.pro,-1,,0
155,,100484,0,296,11136,136,55,0,50332269,0x0300026D,wall,,00000621.pro,-1,,0
156,,100572,0,297,11138,138,55,0,50331872,0x030000E0,wall,,00000224.pro,-1,,0
157,,100660,0,298,11139,139,55,0,50331875,0x030000E3,wall,,00000227.pro,-1,,0
158,,100748,0,299,11140,140,55,0,50332270,0x0300026E,wall,,00000622.pro,-1,,0
159,,100836,0,300,11146,146,55,0,50332300,0x0300028C,wall,,00000652.pro,-1,,0
160,,100924,0,301,11147,147,55,0,50331875,0x030000E3,wall,,00000227.pro,-1,,0
161,,101012,0,302,11148,148,55,0,50331874,0x030000E2,wall,,00000226.pro,-1,,0
162,,101100,0,303,11149,149,55,0,50331873,0x030000E1,wall,,00000225.pro,-1,,0
163,,101188,0,304,11150,150,55,0,50332301,0x0300028D,wall,,00000653.pro,-1,,0
164,,101276,0,305,11157,157,55,0,83886092,0x0500000C,misc,,00000012.pro,-1,,0
165,,101364,0,312,11328,128,56,0,83886092,0x0500000C,misc,,00000012.pro,-1,,0
166,,101452,0,313,11329,129,56,0,83886092,0x0500000C,misc,,00000012.pro,-1,,0
167,,101540,0,314,11330,130,56,0,83886092,0x0500000C,misc,,00000012.pro,-1,,0
168,,101628,0,315,11331,131,56,0,83886092,0x0500000C,misc,,00000012.pro,-1,,0
169,,101716,0,316,11337,137,56,0,50332269,0x0300026D,wall,,00000621.pro,-1,,0
170,,101804,0,317,11339,139,56,0,50332269,0x0300026D,wall,,00000621.pro,-1,,0
171,,101892,0,318,11340,140,56,0,50332297,0x03000289,wall,,00000649.pro,-1,,0
172,,101980,0,319,11341,141,56,0,50332270,0x0300026E,wall,,00000622.pro,-1,,0
173,,102068,0,320,11346,146,56,0,50332269,0x0300026D,wall,,00000621.pro,-1,,0
174,,102156,0,321,11357,157,56,0,83886092,0x0500000C,misc,,00000012.pro,-1,,0
175,,102244,0,322,11358,158,56,0,83886092,0x0500000C,misc,,00000012.pro,-1,,0
176,,102332,0,329,11526,126,57,0,83886092,0x0500000C,misc,,00000012.pro,-1,,0
177,,102420,0,330,11527,127,57,0,83886092,0x0500000C,misc,,00000012.pro,-1,,0
178,,102508,0,331,11528,128,57,0,83886092,0x0500000C,misc,,00000012.pro,-1,,0
179,,102596,0,332,11529,129,57,0,83886092,0x0500000C,misc,,00000012.pro,-1,,0
180,,102684,0,333,11540,140,57,0,50331837,0x030000BD,wall,,00000189.pro,-1,,0
181,,102772,0,334,11541,141,57,0,50332270,0x0300026E,wall,,00000622.pro,-1,,0
182,,102860,0,335,11546,146,57,0,50331878,0x030000E6,wall,,00000230.pro,-1,,0
183,,102948,0,336,11558,158,57,0,83886092,0x0500000C,misc,,00000012.pro,-1,,0
184,,103036,0,349,11724,124,58,0,83886092,0x0500000C,misc,,00000012.pro,-1,,0
185,,103124,0,350,11725,125,58,0,83886092,0x0500000C,misc,,00000012.pro,-1,,0
186,,103212,0,351,11726,126,58,0,83886092,0x0500000C,misc,,00000012.pro,-1,,0
187,,103300,0,352,11727,127,58,0,83886092,0x0500000C,misc,,00000012.pro,-1,,0
188,,103388,0,353,11740,140,58,0,50331838,0x030000BE,wall,,00000190.pro,-1,,0
189,,103476,0,354,11741,141,58,0,50332270,0x0300026E,wall,,00000622.pro,-1,,0
190,,103564,0,355,11746,146,58,0,50331879,0x030000E7,wall,,00000231.pro,-1,,0
191,,103652,0,356,11759,159,58,0,83886092,0x0500000C,misc,,00000012.pro,-1,,0
192,,103740,0,362,11922,122,59,0,83886092,0x0500000C,misc,,00000012.pro,-1,,0
193,,103828,0,363,11923,123,59,0,83886092,0x0500000C,misc,,00000012.pro,-1,,0
194,,103916,0,365,11924,124,59,0,83886092,0x0500000C,misc,,00000012.pro,-1,,0
195,,104004,0,367,11925,125,59,0,83886092,0x0500000C,misc,,00000012.pro,-1,,0
196,,104092,0,368,11940,140,59,0,50331839,0x030000BF,wall,,00000191.pro,-1,,0
197,,104180,0,369,11941,141,59,0,50332270,0x0300026E,wall,,00000622.pro,-1,,0
198,,104268,0,370,11946,146,59,0,50331880,0x030000E8,wall,,00000232.pro,-1,,0
199,,104356,0,371,11959,159,59,0,83886092,0x0500000C,misc,,00000012.pro,-1,,0
200,,104444,0,372,11960,160,59,0,83886092,0x0500000C,misc,,00000012.pro,-1,,0
201,,104532,0,379,12120,120,60,0,83886092,0x0500000C,misc,,00000012.pro,-1,,0
202,,104620,0,380,12121,121,60,0,83886092,0x0500000C,misc,,00000012.pro,-1,,0
203,,104708,0,381,12122,122,60,0,83886092,0x0500000C,misc,,00000012.pro,-1,,0
204,,104796,0,382,12123,123,60,0,83886092,0x0500000C,misc,,00000012.pro,-1,,0
205,,104884,0,384,12140,140,60,0,50331840,0x030000C0,wall,,00000192.pro,-1,,0
206,,104972,0,385,12141,141,60,0,50332270,0x0300026E,wall,,00000622.pro,-1,,0
207,,105060,0,386,12146,146,60,0,50331881,0x030000E9,wall,,00000233.pro,-1,,0
208,,105148,0,387,12160,160,60,0,83886092,0x0500000C,misc,,00000012.pro,-1,,0
209,,105236,0,393,12318,118,61,0,83886092,0x0500000C,misc,,00000012.pro,-1,,0
210,,105324,0,394,12319,119,61,0,83886092,0x0500000C,misc,,00000012.pro,-1,,0
211,,105412,0,395,12320,120,61,0,83886092,0x0500000C,misc,,00000012.pro,-1,,0
212,,105500,0,396,12321,121,61,0,83886092,0x0500000C,misc,,00000012.pro,-1,,0
213,,105588,0,399,12340,140,61,0,50331841,0x030000C1,wall,,00000193.pro,-1,,0
214,,105676,0,400,12341,141,61,0,33554561,0x02000081,scenery,generic,00000130.pro,-1,,0
215,,105764,0,401,12346,146,61,0,50331878,0x030000E6,wall,,00000230.pro,-1,,0
216,,105852,0,402,12361,161,61,0,83886092,0x0500000C,misc,,00000012.pro,-1,,0
217,,105940,0,407,12516,116,62,0,83886092,0x0500000C,misc,,00000012.pro,-1,,0
218,,106028,0,408,12517,117,62,0,83886092,0x0500000C,misc,,00000012.pro,-1,,0
219,,106116,0,409,12518,118,62,0,83886092,0x0500000C,misc,,00000012.pro,-1,,0
220,,106204,0,410,12519,119,62,0,83886092,0x0500000C,misc,,00000012.pro,-1,,0
221,,106292,0,415,12540,140,62,0,50331842,0x030000C2,wall,,00000194.pro,-1,,0
222,,106380,0,416,12541,141,62,0,50332270,0x0300026E,wall,,00000622.pro,-1,,0
223,,106468,0,417,12546,146,62,0,50331879,0x030000E7,wall,,00000231.pro,-1,,0
224,,106556,0,418,12561,161,62,0,83886092,0x0500000C,misc,,00000012.pro,-1,,0
225,,106644,0,419,12562,162,62,0,83886092,0x0500000C,misc,,00000012.pro,-1,,0
226,,106732,0,430,12714,114,63,0,83886092,0x0500000C,misc,,00000012.pro,-1,,0
227,,106820,0,432,12715,115,63,0,83886092,0x0500000C,misc,,00000012.pro,-1,,0
228,,106908,0,434,12716,116,63,0,83886092,0x0500000C,misc,,00000012.pro,-1,,0
229,,106996,0,436,12717,117,63,0,83886092,0x0500000C,misc,,00000012.pro,-1,,0
230,,107084,0,455,12740,140,63,0,50331843,0x030000C3,wall,,00000195.pro,-1,,0
231,,107172,0,456,12741,141,63,0,50332270,0x0300026E,wall,,00000622.pro,-1,,0
232,,107260,0,457,12746,146,63,0,50331880,0x030000E8,wall,,00000232.pro,-1,,0
233,,107348,0,458,12762,162,63,0,83886092,0x0500000C,misc,,00000012.pro,-1,,0
234,,107436,0,470,12912,112,64,0,83886092,0x0500000C,misc,,00000012.pro,-1,,0
235,,107524,0,471,12913,113,64,0,83886092,0x0500000C,misc,,00000012.pro,-1,,0
236,,107612,0,473,12914,114,64,0,83886092,0x0500000C,misc,,00000012.pro,-1,,0
237,,107700,0,475,12915,115,64,0,83886092,0x0500000C,misc,,00000012.pro,-1,,0
238,,107788,0,495,12940,140,64,0,50331844,0x030000C4,wall,,00000196.pro,-1,,0
239,,107876,0,496,12941,141,64,0,50332270,0x0300026E,wall,,00000622.pro,-1,,0
240,,107964,0,497,12946,146,64,0,50331881,0x030000E9,wall,,00000233.pro,-1,,0
241,,108052,0,498,12963,163,64,0,83886092,0x0500000C,misc,,00000012.pro,-1,,0
242,,108140,0,508,13110,110,65,0,83886092,0x0500000C,misc,,00000012.pro,-1,,0
243,,108228,0,509,13111,111,65,0,83886092,0x0500000C,misc,,00000012.pro,-1,,0
244,,108316,0,510,13111,111,65,0,83886092,0x0500000C,misc,,00000012.pro,-1,,0
245,,108404,0,511,13112,112,65,0,83886092,0x0500000C,misc,,00000012.pro,-1,,0
246,,108492,0,512,13113,113,65,0,83886092,0x0500000C,misc,,00000012.pro,-1,,0
247,,108580,0,518,13140,140,65,0,50331845,0x030000C5,wall,,00000197.pro,-1,,0
248,,108668,0,519,13141,141,65,0,50332270,0x0300026E,wall,,00000622.pro,-1,,0
249,,108756,0,520,13146,146,65,0,50331878,0x030000E6,wall,,00000230.pro,-1,,0
250,,108844,0,521,13163,163,65,0,83886092,0x0500000C,misc,,00000012.pro,-1,,0
251,,108932,0,522,13164,164,65,0,83886092,0x0500000C,misc,,00000012.pro,-1,,0
252,,109020,0,530,13308,108,66,0,83886092,0x0500000C,misc,,00000012.pro,-1,,0
253,,109108,0,532,13309,109,66,0,83886092,0x0500000C,misc,,00000012.pro,-1,,0
254,,109196,0,534,13310,110,66,0,83886092,0x0500000C,misc,,00000012.pro,-1,,0
255,,109284,0,535,13311,111,66,0,83886092,0x0500000C,misc,,00000012.pro,-1,,0
256,,109372,0,544,13340,140,66,0,50331838,0x030000BE,wall,,00000190.pro,-1,,0
257,,109460,0,545,13341,141,66,0,50332270,0x0300026E,wall,,00000622.pro,-1,,0
258,,109548,0,546,13346,146,66,0,50331879,0x030000E7,wall,,00000231.pro,-1,,0
259,,109636,0,547,13364,164,66,0,83886092,0x0500000C,misc,,00000012.pro,-1,,0
260,,109724,0,555,13506,106,67,0,83886092,0x0500000C,misc,,00000012.pro,-1,,0
261,,109812,0,556,13507,107,67,0,83886092,0x0500000C,misc,,00000012.pro,-1,,0
262,,109900,0,557,13508,108,67,0,83886092,0x0500000C,misc,,00000012.pro,-1,,0
263,,109988,0,559,13509,109,67,0,83886092,0x0500000C,misc,,00000012.pro,-1,,0
264,,110076,0,570,13540,140,67,0,50331839,0x030000BF,wall,,00000191.pro,-1,,0
265,,110164,0,571,13541,141,67,0,50332270,0x0300026E,wall,,00000622.pro,-1,,0
266,,110252,0,572,13546,146,67,0,50331880,0x030000E8,wall,,00000232.pro,-1,,0
267,,110340,0,573,13565,165,67,0,83886092,0x0500000C,misc,,00000012.pro,-1,,0
268,,110428,0,582,13704,104,68,0,83886092,0x0500000C,misc,,00000012.pro,-1,,0
269,,110516,0,583,13705,105,68,0,83886092,0x0500000C,misc,,00000012.pro,-1,,0
270,,110604,0,584,13706,106,68,0,83886092,0x0500000C,misc,,00000012.pro,-1,,0
271,,110692,0,585,13707,107,68,0,83886092,0x0500000C,misc,,00000012.pro,-1,,0
272,,110780,0,600,13740,140,68,0,50331840,0x030000C0,wall,,00000192.pro,-1,,0
273,,110868,0,601,13741,141,68,0,50332270,0x0300026E,wall,,00000622.pro,-1,,0
274,,110956,0,602,13746,146,68,0,50331881,0x030000E9,wall,,00000233.pro,-1,,0
275,,111044,0,603,13765,165,68,0,83886092,0x0500000C,misc,,00000012.pro,-1,,0
276,,111132,0,604,13766,166,68,0,83886092,0x0500000C,misc,,00000012.pro,-1,,0
277,,111220,0,614,13902,102,69,0,83886092,0x0500000C,misc,,00000012.pro,-1,,0
278,,111308,0,615,13903,103,69,0,83886092,0x0500000C,misc,,00000012.pro,-1,,0
279,,111396,0,616,13904,104,69,0,83886092,0x0500000C,misc,,00000012.pro,-1,,0
280,,111484,0,617,13905,105,69,0,83886092,0x0500000C,misc,,00000012.pro,-1,,0
281,,111572,0,626,13940,140,69,0,50331841,0x030000C1,wall,,00000193.pro,-1,,0
282,,111660,0,627,13941,141,69,0,50332270,0x0300026E,wall,,00000622.pro,-1,,0
283,,111748,0,628,13946,146,69,0,50331878,0x030000E6,wall,,00000230.pro,-1,,0
284,,111836,0,629,13966,166,69,0,83886092,0x0500000C,misc,,00000012.pro,-1,,0
285,,111924,0,637,14100,100,70,0,83886092,0x0500000C,misc,,00000012.pro,-1,,0
286,,112012,0,639,14101,101,70,0,83886092,0x0500000C,misc,,00000012.pro,-1,,0
287,,112100,0,640,14102,102,70,0,83886092,0x0500000C,misc,,00000012.pro,-1,,0
288,,112188,0,641,14103,103,70,0,83886092,0x0500000C,misc,,00000012.pro,-1,,0
289,,112276,0,647,14140,140,70,0,50331842,0x030000C2,wall,,00000194.pro,-1,,0
290,,112364,0,648,14141,141,70,0,50332270,0x0300026E,wall,,00000622.pro,-1,,0
291,,112452,0,649,14146,146,70,0,50331879,0x030000E7,wall,,00000231.pro,-1,,0
292,,112540,0,650,14167,167,70,0,83886092,0x0500000C,misc,,00000012.pro,-1,,0
293,,112628,0,659,14298,98,71,0,83886092,0x0500000C,misc,,00000012.pro,-1,,0
294,,112716,0,660,14299,99,71,0,83886092,0x0500000C,misc,,00000012.pro,-1,,0
295,,112804,0,661,14300,100,71,0,83886092,0x0500000C,misc,,00000012.pro,-1,,0
296,,112892,0,662,14300,100,71,0,50332294,0x03000286,wall,,00000646.pro,-1,,0
297,,112980,0,663,14301,101,71,0,83886092,0x0500000C,misc,,00000012.pro,-1,,0
298,,113068,0,664,14301,101,71,0,50331825,0x030000B1,wall,,00000177.pro,-1,,0
299,,113156,0,665,14302,102,71,0,50331822,0x030000AE,wall,,00000174.pro,-1,,0
300,,113244,0,666,14303,103,71,0,50331825,0x030000B1,wall,,00000177.pro,-1,,0
301,,113332,0,667,14304,104,71,0,50331824,0x030000B0,wall,,00000176.pro,-1,,0
302,,113420,0,668,14305,105,71,0,50332299,0x0300028B,wall,,00000651.pro,-1,,0
303,,113508,0,669,14306,106,71,0,50332269,0x0300026D,wall,,00000621.pro,-1,,0
304,,113596,0,682,14322,122,71,0,50332294,0x03000286,wall,,00000646.pro,-1,,0
305,,113684,0,683,14323,123,71,0,50331831,0x030000B7,wall,,00000183.pro,-1,,0
306,,113772,0,684,14324,124,71,0,50331830,0x030000B6,wall,,00000182.pro,-1,,0
307,,113860,0,686,14325,125,71,0,50331829,0x030000B5,wall,,00000181.pro,-1,,0
308,,113948,0,688,14326,126,71,0,50331828,0x030000B4,wall,,00000180.pro,-1,,0
309,,114036,0,690,14327,127,71,0,50332299,0x0300028B,wall,,00000651.pro,-1,,0
310,,114124,0,692,14328,128,71,0,50332269,0x0300026D,wall,,00000621.pro,-1,,0
311,,114212,0,700,14340,140,71,0,50331843,0x030000C3,wall,,00000195.pro,-1,,0
312,,114300,0,701,14341,141,71,0,50332270,0x0300026E,wall,,00000622.pro,-1,,0
313,,114388,0,702,14346,146,71,0,50331880,0x030000E8,wall,,00000232.pro,-1,,0
314,,114476,0,703,14367,167,71,0,83886092,0x0500000C,misc,,00000012.pro,-1,,0
315,,114564,0,704,14368,168,71,0,83886092,0x0500000C,misc,,00000012.pro,-1,,0
316,,114652,0,713,14496,96,72,0,83886092,0x0500000C,misc,,00000012.pro,-1,,0
317,,114740,0,714,14497,97,72,0,83886092,0x0500000C,misc,,00000012.pro,-1,,0
318,,114828,0,715,14498,98,72,0,83886092,0x0500000C,misc,,00000012.pro,-1,,0
319,,114916,0,716,14499,99,72,0,83886092,0x0500000C,misc,,00000012.pro,-1,,0
320,,115004,0,717,14500,100,72,0,50332269,0x0300026D,wall,,00000621.pro,-1,,0
321,,115092,0,718,14501,101,72,0,50332270,0x0300026E,wall,,00000622.pro,-1,,0
322,,115180,0,719,14502,102,72,0,50332270,0x0300026E,wall,,00000622.pro,-1,,0
323,,115268,0,720,14503,103,72,0,50332270,0x0300026E,wall,,00000622.pro,-1,,0
324,,115356,0,721,14504,104,72,0,33554568,0x02000088,scenery,generic,00000137.pro,-1,,0
325,,115444,0,722,14506,106,72,0,50332269,0x0300026D,wall,,00000621.pro,-1,,0
326,,115532,0,731,14522,122,72,0,50332269,0x0300026D,wall,,00000621.pro,-1,,0
327,,115620,0,732,14523,123,72,0,50332270,0x0300026E,wall,,00000622.pro,-1,,0
328,,115708,0,733,14524,124,72,0,50332270,0x0300026E,wall,,00000622.pro,-1,,0
329,,115796,0,735,14525,125,72,0,50332270,0x0300026E,wall,,00000622.pro,-1,,0
330,,115884,0,737,14526,126,72,0,33554568,0x02000088,scenery,generic,00000137.pro,-1,,0
331,,115972,0,739,14528,128,72,0,50332269,0x0300026D,wall,,00000621.pro,-1,,0
332,,116060,0,745,14540,140,72,0,50331844,0x030000C4,wall,,00000196.pro,-1,,0
333,,116148,0,746,14541,141,72,0,33554563,0x02000083,scenery,generic,00000132.pro,-1,,0
334,,116236,0,747,14546,146,72,0,50331881,0x030000E9,wall,,00000233.pro,-1,,0
335,,116324,0,748,14568,168,72,0,83886092,0x0500000C,misc,,00000012.pro,-1,,0
336,,116412,0,757,14694,94,73,0,83886092,0x0500000C,misc,,00000012.pro,-1,,0
337,,116500,0,759,14695,95,73,0,83886092,0x0500000C,misc,,00000012.pro,-1,,0
338,,116588,0,760,14696,96,73,0,83886092,0x0500000C,misc,,00000012.pro,-1,,0
339,,116676,0,761,14697,97,73,0,83886092,0x0500000C,misc,,00000012.pro,-1,,0
340,,116764,0,762,14700,100,73,0,50331837,0x030000BD,wall,,00000189.pro,-1,,0
341,,116852,0,763,14701,101,73,0,50332270,0x0300026E,wall,,00000622.pro,-1,,0
342,,116940,0,764,14705,105,73,0,50332270,0x0300026E,wall,,00000622.pro,-1,,0
343,,117028,0,765,14706,106,73,0,50332269,0x0300026D,wall,,00000621.pro,-1,,0
344,,117116,0,768,14722,122,73,0,50331837,0x030000BD,wall,,00000189.pro,-1,,0
345,,117204,0,769,14723,123,73,0,50332270,0x0300026E,wall,,00000622.pro,-1,,0
346,,117292,0,771,14727,127,73,0,50332270,0x0300026E,wall,,00000622.pro,-1,,0
347,,117380,0,772,14728,128,73,0,50332269,0x0300026D,wall,,00000621.pro,-1,,0
348,,117468,0,777,14740,140,73,0,50331845,0x030000C5,wall,,00000197.pro,-1,,0
349,,117556,0,778,14741,141,73,0,50332270,0x0300026E,wall,,00000622.pro,-1,,0
350,,117644,0,779,14746,146,73,0,50331878,0x030000E6,wall,,00000230.pro,-1,,0
351,,117732,0,780,14769,169,73,0,83886092,0x0500000C,misc,,00000012.pro,-1,,0
352,,117820,0,787,14892,92,74,0,83886092,0x0500000C,misc,,00000012.pro,-1,,0
353,,117908,0,788,14893,93,74,0,83886092,0x0500000C,misc,,00000012.pro,-1,,0
354,,117996,0,789,14894,94,74,0,83886092,0x0500000C,misc,,00000012.pro,-1,,0
355,,118084,0,790,14895,95,74,0,83886092,0x0500000C,misc,,00000012.pro,-1,,0
356,,118172,0,791,14900,100,74,0,50331838,0x030000BE,wall,,00000190.pro,-1,,0
357,,118260,0,792,14901,101,74,0,50332270,0x0300026E,wall,,00000622.pro,-1,,0
358,,118348,0,793,14906,106,74,0,50331881,0x030000E9,wall,,00000233.pro,-1,,0
359,,118436,0,798,14922,122,74,0,50331838,0x030000BE,wall,,00000190.pro,-1,,0
360,,118524,0,799,14923,123,74,0,50332270,0x0300026E,wall,,00000622.pro,-1,,0
361,,118612,0,801,14928,128,74,0,50331881,0x030000E9,wall,,00000233.pro,-1,,0
362,,118700,0,805,14940,140,74,0,50331839,0x030000BF,wall,,00000191.pro,-1,,0
363,,118788,0,806,14941,141,74,0,50332270,0x0300026E,wall,,00000622.pro,-1,,0
364,,118876,0,807,14946,146,74,0,50331879,0x030000E7,wall,,00000231.pro,-1,,0
365,,118964,0,808,14969,169,74,0,83886092,0x0500000C,misc,,00000012.pro,-1,,0
366,,119052,0,809,14970,170,74,0,83886092,0x0500000C,misc,,00000012.pro,-1,,0
367,,119140,0,816,15090,90,75,0,83886092,0x0500000C,misc,,00000012.pro,-1,,0
368,,119228,0,817,15091,91,75,0,83886092,0x0500000C,misc,,00000012.pro,-1,,0
369,,119316,0,818,15092,92,75,0,83886092,0x0500000C,misc,,00000012.pro,-1,,0
370,,119404,0,819,15093,93,75,0,83886092,0x0500000C,misc,,00000012.pro,-1,,0
371,,119492,0,820,15096,96,75,0,50332294,0x03000286,wall,,00000646.pro,-1,,0
372,,119580,0,821,15097,97,75,0,50331825,0x030000B1,wall,,00000177.pro,-1,,0
373,,119668,0,822,15098,98,75,0,50331824,0x030000B0,wall,,00000176.pro,-1,,0
374,,119756,0,823,15098,98,75,0,33554571,0x0200008B,scenery,ladder_up,00000140.pro,50331661,NHDn2Up1.int,0
375,,119848,0,824,15099,99,75,0,50331823,0x030000AF,wall,,00000175.pro,-1,,0
376,,119936,0,825,15100,100,75,0,50332295,0x03000287,wall,,00000647.pro,-1,,0
377,,120024,0,826,15101,101,75,0,50332270,0x0300026E,wall,,00000622.pro,-1,,0
378,,120112,0,828,15106,106,75,0,50332296,0x03000288,wall,,00000648.pro,-1,,0
379,,120200,0,829,15107,107,75,0,50331829,0x030000B5,wall,,00000181.pro,-1,,0
380,,120288,0,830,15108,108,75,0,50331828,0x030000B4,wall,,00000180.pro,-1,,0
381,,120376,0,832,15109,109,75,0,50331827,0x030000B3,wall,,00000179.pro,-1,,0
382,,120464,0,834,15110,110,75,0,50331826,0x030000B2,wall,,00000178.pro,-1,,0
383,,120552,0,836,15111,111,75,0,50331825,0x030000B1,wall,,00000177.pro,-1,,0
384,,120640,0,838,15112,112,75,0,50331824,0x030000B0,wall,,00000176.pro,-1,,0
385,,120728,0,840,15113,113,75,0,50331831,0x030000B7,wall,,00000183.pro,-1,,0
386,,120816,0,842,15114,114,75,0,50331830,0x030000B6,wall,,00000182.pro,-1,,0
387,,120904,0,844,15115,115,75,0,50331829,0x030000B5,wall,,00000181.pro,-1,,0
388,,120992,0,846,15116,116,75,0,50331828,0x030000B4,wall,,00000180.pro,-1,,0
389,,121080,0,847,15117,117,75,0,50331827,0x030000B3,wall,,00000179.pro,-1,,0
390,,121168,0,850,15118,118,75,0,50331826,0x030000B2,wall,,00000178.pro,-1,,0
391,,121256,0,852,15119,119,75,0,50331825,0x030000B1,wall,,00000177.pro,-1,,0
392,,121344,0,854,15120,120,75,0,50331824,0x030000B0,wall,,00000176.pro,-1,,0
393,,121432,0,856,15121,121,75,0,50331823,0x030000AF,wall,,00000175.pro,-1,,0
394,,121520,0,857,15122,122,75,0,50332295,0x03000287,wall,,00000647.pro,-1,,0
395,,121608,0,858,15123,123,75,0,50332270,0x0300026E,wall,,00000622.pro,-1,,0
396,,121696,0,863,15128,128,75,0,50332296,0x03000288,wall,,00000648.pro,-1,,0
397,,121784,0,864,15129,129,75,0,50331825,0x030000B1,wall,,00000177.pro,-1,,0
398,,121872,0,867,15130,130,75,0,50331824,0x030000B0,wall,,00000176.pro,-1,,0
399,,121960,0,869,15131,131,75,0,50331831,0x030000B7,wall,,00000183.pro,-1,,0
400,,122048,0,871,15132,132,75,0,50331830,0x030000B6,wall,,00000182.pro,-1,,0
401,,122136,0,873,15133,133,75,0,50331829,0x030000B5,wall,,00000181.pro,-1,,0
402,,122224,0,875,15134,134,75,0,50331828,0x030000B4,wall,,00000180.pro,-1,,0
403,,122312,0,877,15135,135,75,0,50331827,0x030000B3,wall,,00000179.pro,-1,,0
404,,122400,0,878,15136,136,75,0,50331826,0x030000B2,wall,,00000178.pro,-1,,0
405,,122488,0,879,15137,137,75,0,50331825,0x030000B1,wall,,00000177.pro,-1,,0
406,,122576,0,880,15138,138,75,0,50331824,0x030000B0,wall,,00000176.pro,-1,,0
407,,122664,0,881,15139,139,75,0,50331823,0x030000AF,wall,,00000175.pro,-1,,0
408,,122752,0,882,15140,140,75,0,50332295,0x03000287,wall,,00000647.pro,-1,,0
409,,122840,0,883,15141,141,75,0,50332270,0x0300026E,wall,,00000622.pro,-1,,0
410,,122928,0,884,15146,146,75,0,50332296,0x03000288,wall,,00000648.pro,-1,,0
411,,123016,0,885,15147,147,75,0,50331831,0x030000B7,wall,,00000183.pro,-1,,0
412,,123104,0,886,15148,148,75,0,50331830,0x030000B6,wall,,00000182.pro,-1,,0
413,,123192,0,887,15149,149,75,0,50332299,0x0300028B,wall,,00000651.pro,-1,,0
414,,123280,0,888,15150,150,75,0,50332269,0x0300026D,wall,,00000621.pro,-1,,0
415,,123368,0,889,15170,170,75,0,83886092,0x0500000C,misc,,00000012.pro,-1,,0
416,,123456,0,896,15288,88,76,0,83886092,0x0500000C,misc,,00000012.pro,-1,,0
417,,123544,0,897,15289,89,76,0,83886092,0x0500000C,misc,,00000012.pro,-1,,0
418,,123632,0,898,15290,90,76,0,83886092,0x0500000C,misc,,00000012.pro,-1,,0
419,,123720,0,899,15291,91,76,0,83886092,0x0500000C,misc,,00000012.pro,-1,,0
420,,123808,0,900,15296,96,76,0,50332269,0x0300026D,wall,,00000621.pro,-1,,0
421,,123896,0,901,15297,97,76,0,50332270,0x0300026E,wall,,00000622.pro,-1,,0
422,,123984,0,902,15299,99,76,0,50332270,0x0300026E,wall,,00000622.pro,-1,,0
423,,124072,0,904,15307,107,76,0,50332270,0x0300026E,wall,,00000622.pro,-1,,0
424,,124160,0,905,15309,109,76,0,33554566,0x02000086,scenery,generic,00000135.pro,-1,,0
425,,124248,0,908,15311,111,76,0,33554569,0x02000089,scenery,generic,00000138.pro,-1,,0
426,,124336,0,910,15313,113,76,0,50332270,0x0300026E,wall,,00000622.pro,-1,,0
427,,124424,0,912,15315,115,76,0,50332270,0x0300026E,wall,,00000622.pro,-1,,0
428,,124512,0,914,15317,117,76,0,33554564,0x02000084,scenery,generic,00000133.pro,-1,,0
429,,124600,0,915,15319,119,76,0,50332270,0x0300026E,wall,,00000622.pro,-1,,0
430,,124688,0,917,15321,121,76,0,50332270,0x0300026E,wall,,00000622.pro,-1,,0
431,,124776,0,921,15329,129,76,0,50332270,0x0300026E,wall,,00000622.pro,-1,,0
432,,124864,0,922,15331,131,76,0,33554565,0x02000085,scenery,generic,00000134.pro,-1,,0
433,,124952,0,924,15333,133,76,0,50332270,0x0300026E,wall,,00000622.pro,-1,,0
434,,125040,0,926,15335,135,76,0,33554569,0x02000089,scenery,generic,00000138.pro,-1,,0
435,,125128,0,928,15337,137,76,0,33554566,0x02000086,scenery,generic,00000135.pro,-1,,0
436,,125216,0,929,15339,139,76,0,50332270,0x0300026E,wall,,00000622.pro,-1,,0
437,,125304,0,930,15347,147,76,0,50332270,0x0300026E,wall,,00000622.pro,-1,,0
438,,125392,0,931,15349,149,76,0,50332270,0x0300026E,wall,,00000622.pro,-1,,0
439,,125480,0,932,15350,150,76,0,50332269,0x0300026D,wall,,00000621.pro,-1,,0
440,,125568,0,933,15371,171,76,0,83886092,0x0500000C,misc,,00000012.pro,-1,,0
441,,125656,0,940,15486,86,77,0,83886092,0x0500000C,misc,,00000012.pro,-1,,0
442,,125744,0,941,15487,87,77,0,83886092,0x0500000C,misc,,00000012.pro,-1,,0
443,,125832,0,942,15488,88,77,0,83886092,0x0500000C,misc,,00000012.pro,-1,,0
444,,125920,0,943,15489,89,77,0,83886092,0x0500000C,misc,,00000012.pro,-1,,0
445,,126008,0,944,15496,96,77,0,50331837,0x030000BD,wall,,00000189.pro,-1,,0
446,,126096,0,945,15497,97,77,0,50332270,0x0300026E,wall,,00000622.pro,-1,,0
447,,126184,0,948,15521,121,77,0,33554711,0x02000117,scenery,generic,00000280.pro,-1,,0
448,,126272,0,949,15525,125,77,2,16777230,0x0100000E,critter,,00000014.pro,67108875,dead.int,0
449,,126400,0,953,15538,138,77,3,16777230,0x0100000E,critter,,00000014.pro,67108878,dead.int,0
450,,126528,0,954,15546,146,77,0,33554710,0x02000116,scenery,generic,00000279.pro,-1,,0
451,,126616,0,955,15550,150,77,0,50332269,0x0300026D,wall,,00000621.pro,-1,,0
452,,126704,0,956,15571,171,77,0,83886092,0x0500000C,misc,,00000012.pro,-1,,0
453,,126792,0,957,15572,172,77,0,83886092,0x0500000C,misc,,00000012.pro,-1,,0
454,,126880,0,964,15684,84,78,0,83886092,0x0500000C,misc,,00000012.pro,-1,,0
455,,126968,0,965,15685,85,78,0,83886092,0x0500000C,misc,,00000012.pro,-1,,0
456,,127056,0,966,15686,86,78,0,83886092,0x0500000C,misc,,00000012.pro,-1,,0
457,,127144,0,967,15687,87,78,0,83886092,0x0500000C,misc,,00000012.pro,-1,,0
458,,127232,0,968,15687,87,78,0,83886092,0x0500000C,misc,,00000012.pro,-1,,0
459,,127320,0,969,15696,96,78,0,50331838,0x030000BE,wall,,00000190.pro,-1,,0
460,,127408,0,970,15697,97,78,0,50332270,0x0300026E,wall,,00000622.pro,-1,,0
461,,127496,0,972,15714,114,78,5,16777230,0x0100000E,critter,,00000014.pro,67108873,dead.int,0
462,,127624,0,976,15732,132,78,3,16777230,0x0100000E,critter,,00000014.pro,67108876,dead.int,1
462/inventory/0,1,127756,0,977,0,0,0,0,4,0x00000004,item,weapon,00000012.pro,-1,,0
463,,127852,0,979,15750,150,78,0,50331878,0x030000E6,wall,,00000230.pro,-1,,0
464,,127940,0,1006,15882,82,79,0,83886092,0x0500000C,misc,,00000012.pro,-1,,0
465,,128028,0,1007,15883,83,79,0,83886092,0x0500000C,misc,,00000012.pro,-1,,0
466,,128116,0,1008,15884,84,79,0,83886092,0x0500000C,misc,,00000012.pro,-1,,0
467,,128204,0,1009,15885,85,79,0,83886092,0x0500000C,misc,,00000012.pro,-1,,0
468,,128292,0,1010,15896,96,79,0,50331839,0x030000BF,wall,,00000191.pro,-1,,0
469,,128380,0,1011,15897,97,79,0,50332270,0x0300026E,wall,,00000622.pro,-1,,0
470,,128468,0,1015,15909,109,79,3,16777230,0x0100000E,critter,,00000014.pro,67108872,dead.int,0
471,,128596,0,1018,15950,150,79,0,50331879,0x030000E7,wall,,00000231.pro,-1,,0
472,,128684,0,1033,16080,80,80,0,83886092,0x0500000C,misc,,00000012.pro,-1,,0
473,,128772,0,1034,16081,81,80,0,83886092,0x0500000C,misc,,00000012.pro,-1,,0
474,,128860,0,1035,16082,82,80,0,83886092,0x0500000C,misc,,00000012.pro,-1,,0
475,,128948,0,1036,16083,83,80,0,83886092,0x0500000C,misc,,00000012.pro,-1,,0
476,,129036,0,1037,16083,83,80,0,83886092,0x0500000C,misc,,00000012.pro,-1,,0
477,,129124,0,1038,16096,96,80,0,50332298,0x0300028A,wall,,00000650.pro,-1,,0
478,,129212,0,1039,16097,97,80,0,50332270,0x0300026E,wall,,00000622.pro,-1,,0
479,,129300,0,1040,16098,98,80,0,50332270,0x0300026E,wall,,00000622.pro,-1,,0
480,,129388,0,1041,16120,120,80,0,16777230,0x0100000E,critter,,00000014.pro,67108874,dead.int,0
481,,129516,0,1044,16150,150,80,0,50331880,0x030000E8,wall,,00000232.pro,-1,,0
482,,129604,0,1049,16278,78,81,0,83886092,0x0500000C,misc,,00000012.pro,-1,,0
483,,129692,0,1050,16279,79,81,0,83886092,0x0500000C,misc,,00000012.pro,-1,,0
484,,129780,0,1051,16280,80,81,0,83886092,0x0500000C,misc,,00000012.pro,-1,,0
485,,129868,0,1052,16281,81,81,0,83886092,0x0500000C,misc,,00000012.pro,-1,,0
486,,129956,0,1053,16296,96,81,0,50332269,0x0300026D,wall,,00000621.pro,-1,,0
487,,130044,0,1054,16298,98,81,0,50331874,0x030000E2,wall,,00000226.pro,-1,,0
488,,130132,0,1055,16299,99,81,0,50331877,0x030000E5,wall,,00000229.pro,-1,,0
489,,130220,0,1056,16300,100,81,0,50332270,0x0300026E,wall,,00000622.pro,-1,,0
490,,130308,0,1058,16350,150,81,0,50331881,0x030000E9,wall,,00000233.pro,-1,,0
491,,130396,0,1063,16476,76,82,0,83886092,0x0500000C,misc,,00000012.pro,-1,,0
492,,130484,0,1064,16477,77,82,0,83886092,0x0500000C,misc,,00000012.pro,-1,,0
493,,130572,0,1065,16478,78,82,0,83886092,0x0500000C,misc,,00000012.pro,-1,,0
494,,130660,0,1066,16479,79,82,0,83886092,0x0500000C,misc,,00000012.pro,-1,,0
495,,130748,0,1067,16497,97,82,0,50332269,0x0300026D,wall,,00000621.pro,-1,,0
496,,130836,0,1068,16499,99,82,0,50332269,0x0300026D,wall,,00000621.pro,-1,,0
497,,130924,0,1069,16500,100,82,0,50332297,0x03000289,wall,,00000649.pro,-1,,0
498,,131012,0,1070,16501,101,82,0,50332270,0x0300026E,wall,,00000622.pro,-1,,0
499,,131100,0,1074,16550,150,82,0,50331878,0x030000E6,wall,,00000230.pro,-1,,0
500,,131188,0,1079,16674,74,83,0,83886092,0x0500000C,misc,,00000012.pro,-1,,0
501,,131276,0,1080,16675,75,83,0,83886092,0x0500000C,misc,,00000012.pro,-1,,0
502,,131364,0,1081,16676,76,83,0,83886092,0x0500000C,misc,,00000012.pro,-1,,0
503,,131452,0,1082,16677,77,83,0,83886092,0x0500000C,misc,,00000012.pro,-1,,0
504,,131540,0,1083,16700,100,83,0,50331838,0x030000BE,wall,,00000190.pro,-1,,0
505,,131628,0,1084,16701,101,83,0,50332270,0x0300026E,wall,,00000622.pro,-1,,0
506,,131716,0,1085,16706,106,83,0,50332300,0x0300028C,wall,,00000652.pro,-1,,0
507,,131804,0,1086,16707,107,83,0,50331875,0x030000E3,wall,,00000227.pro,-1,,0
508,,131892,0,1087,16708,108,83,0,50331874,0x030000E2,wall,,00000226.pro,-1,,0
509,,131980,0,1088,16709,109,83,0,50331873,0x030000E1,wall,,00000225.pro,-1,,0
510,,132068,0,1089,16710,110,83,0,50331872,0x030000E0,wall,,00000224.pro,-1,,0
511,,132156,0,1090,16711,111,83,0,50331877,0x030000E5,wall,,00000229.pro,-1,,0
512,,132244,0,1091,16712,112,83,0,50331876,0x030000E4,wall,,00000228.pro,-1,,0
513,,132332,0,1092,16713,113,83,0,50331875,0x030000E3,wall,,00000227.pro,-1,,0
514,,132420,0,1093,16714,114,83,0,50331874,0x030000E2,wall,,00000226.pro,-1,,0
515,,132508,0,1094,16715,115,83,0,50331873,0x030000E1,wall,,00000225.pro,-1,,0
516,,132596,0,1095,16716,116,83,0,50331872,0x030000E0,wall,,00000224.pro,-1,,0
517,,132684,0,1096,16717,117,83,0,50331877,0x030000E5,wall,,00000229.pro,-1,,0
518,,132772,0,1097,16718,118,83,0,50331876,0x030000E4,wall,,00000228.pro,-1,,0
519,,132860,0,1098,16719,119,83,0,50331875,0x030000E3,wall,,00000227.pro,-1,,0
520,,132948,0,1099,16720,120,83,0,50331874,0x030000E2,wall,,00000226.pro,-1,,0
521,,133036,0,1100,16721,121,83,0,50331873,0x030000E1,wall,,00000225.pro,-1,,0
522,,133124,0,1101,16722,122,83,0,50331872,0x030000E0,wall,,00000224.pro,-1,,0
523,,133212,0,1102,16723,123,83,0,50331877,0x030000E5,wall,,00000229.pro,-1,,0
524,,133300,0,1103,16724,124,83,0,50331876,0x030000E4,wall,,00000228.pro,-1,,0
525,,133388,0,1104,16725,125,83,0,50331875,0x030000E3,wall,,00000227.pro,-1,,0
526,,133476,0,1105,16726,126,83,0,50331874,0x030000E2,wall,,00000226.pro,-1,,0
527,,133564,0,1106,16727,127,83,0,50331873,0x030000E1,wall,,00000225.pro,-1,,0
528,,133652,0,1107,16728,128,83,0,50331872,0x030000E0,wall,,00000224.pro,-1,,0
529,,133740,0,1108,16729,129,83,0,50331877,0x030000E5,wall,,00000229.pro,-1,,0
530,,133828,0,1109,16730,130,83,0,50331872,0x030000E0,wall,,00000224.pro,-1,,0
531,,133916,0,1110,16731,131,83,0,50331875,0x030000E3,wall,,00000227.pro,-1,,0
532,,134004,0,1111,16732,132,83,0,50331874,0x030000E2,wall,,00000226.pro,-1,,0
533,,134092,0,1112,16733,133,83,0,50331873,0x030000E1,wall,,00000225.pro,-1,,0
534,,134180,0,1113,16734,134,83,0,50331872,0x030000E0,wall,,00000224.pro,-1,,0
535,,134268,0,1114,16735,135,83,0,50331877,0x030000E5,wall,,00000229.pro,-1,,0
536,,134356,0,1115,16736,136,83,0,50331876,0x030000E4,wall,,00000228.pro,-1,,0
537,,134444,0,1116,16737,137,83,0,50331875,0x030000E3,wall,,00000227.pro,-1,,0
538,,134532,0,1117,16738,138,83,0,50331874,0x030000E2,wall,,00000226.pro,-1,,0
539,,134620,0,1118,16739,139,83,0,50331877,0x030000E5,wall,,00000229.pro,-1,,0
540,,134708,0,1120,16740,140,83,0,50332270,0x0300026E,wall,,00000622.pro,-1,,0
541,,134796,0,1122,16746,146,83,0,50332300,0x0300028C,wall,,00000652.pro,-1,,0
542,,134884,0,1123,16747,147,83,0,50331875,0x030000E3,wall,,00000227.pro,-1,,0
543,,134972,0,1124,16748,148,83,0,50331872,0x030000E0,wall,,00000224.pro,-1,,0
544,,135060,0,1125,16749,149,83,0,50331873,0x030000E1,wall,,00000225.pro,-1,,0
545,,135148,0,1126,16750,150,83,0,50332301,0x0300028D,wall,,00000653.pro,-1,,0
546,,135236,0,1131,16872,72,84,0,83886092,0x0500000C,misc,,00000012.pro,-1,,0
547,,135324,0,1132,16873,73,84,0,83886092,0x0500000C,misc,,00000012.pro,-1,,0
548,,135412,0,1133,16874,74,84,0,83886092,0x0500000C,misc,,00000012.pro,-1,,0
549,,135500,0,1134,16875,75,84,0,83886092,0x0500000C,misc,,00000012.pro,-1,,0
550,,135588,0,1135,16900,100,84,0,50331839,0x030000BF,wall,,00000191.pro,-1,,0
551,,135676,0,1136,16901,101,84,0,50332270,0x0300026E,wall,,00000622.pro,-1,,0
552,,135764,0,1137,16906,106,84,0,50332269,0x0300026D,wall,,00000621.pro,-1,,0
553,,135852,0,1138,16939,139,84,0,50332269,0x0300026D,wall,,00000621.pro,-1,,0
554,,135940,0,1139,16940,140,84,0,50332297,0x03000289,wall,,00000649.pro,-1,,0
555,,136028,0,1141,16941,141,84,0,50332270,0x0300026E,wall,,00000622.pro,-1,,0
556,,136116,0,1143,16946,146,84,0,50332269,0x0300026D,wall,,00000621.pro,-1,,0
557,,136204,0,1149,17070,70,85,0,83886092,0x0500000C,misc,,00000012.pro,-1,,0
558,,136292,0,1150,17071,71,85,0,83886092,0x0500000C,misc,,00000012.pro,-1,,0
559,,136380,0,1151,17072,72,85,0,83886092,0x0500000C,misc,,00000012.pro,-1,,0
560,,136468,0,1152,17073,73,85,0,83886092,0x0500000C,misc,,00000012.pro,-1,,0
561,,136556,0,1153,17100,100,85,0,50331840,0x030000C0,wall,,00000192.pro,-1,,0
562,,136644,0,1154,17101,101,85,0,50332270,0x0300026E,wall,,00000622.pro,-1,,0
563,,136732,0,1155,17106,106,85,0,50331878,0x030000E6,wall,,00000230.pro,-1,,0
564,,136820,0,1156,17140,140,85,0,50331837,0x030000BD,wall,,00000189.pro,-1,,0
565,,136908,0,1157,17141,141,85,0,50332270,0x0300026E,wall,,00000622.pro,-1,,0
566,,136996,0,1160,17146,146,85,0,50331878,0x030000E6,wall,,00000230.pro,-1,,0
567,,137084,0,1165,17268,68,86,0,83886092,0x0500000C,misc,,00000012.pro,-1,,0
568,,137172,0,1166,17269,69,86,0,83886092,0x0500000C,misc,,00000012.pro,-1,,0
569,,137260,0,1167,17270,70,86,0,83886092,0x0500000C,misc,,00000012.pro,-1,,0
570,,137348,0,1168,17271,71,86,0,83886092,0x0500000C,misc,,00000012.pro,-1,,0
571,,137436,0,1169,17300,100,86,0,50331841,0x030000C1,wall,,00000193.pro,-1,,0
572,,137524,0,1170,17301,101,86,0,33554561,0x02000081,scenery,generic,00000130.pro,-1,,0
573,,137612,0,1171,17306,106,86,0,50331879,0x030000E7,wall,,00000231.pro,-1,,0
574,,137700,0,1172,17340,140,86,0,50331838,0x030000BE,wall,,00000190.pro,-1,,0
575,,137788,0,1173,17341,141,86,0,50332270,0x0300026E,wall,,00000622.pro,-1,,0
576,,137876,0,1176,17346,146,86,0,50331879,0x030000E7,wall,,00000231.pro,-1,,0
577,,137964,0,1181,17466,66,87,0,83886092,0x0500000C,misc,,00000012.pro,-1,,0
578,,138052,0,1183,17467,67,87,0,83886092,0x0500000C,misc,,00000012.pro,-1,,0
579,,138140,0,1184,17468,68,87,0,83886092,0x0500000C,misc,,00000012.pro,-1,,0
580,,138228,0,1185,17469,69,87,0,83886092,0x0500000C,misc,,00000012.pro,-1,,0
581,,138316,0,1187,17500,100,87,0,50331842,0x030000C2,wall,,00000194.pro,-1,,0
582,,138404,0,1188,17501,101,87,0,50332270,0x0300026E,wall,,00000622.pro,-1,,0
583,,138492,0,1189,17506,106,87,0,50331880,0x030000E8,wall,,00000232.pro,-1,,0
584,,138580,0,1191,17540,140,87,0,50331839,0x030000BF,wall,,00000191.pro,-1,,0
585,,138668,0,1192,17541,141,87,0,50332270,0x0300026E,wall,,00000622.pro,-1,,0
586,,138756,0,1194,17546,146,87,0,50331880,0x030000E8,wall,,00000232.pro,-1,,0
587,,138844,0,1197,17664,64,88,0,83886092,0x0500000C,misc,,00000012.pro,-1,,0
588,,138932,0,1198,17665,65,88,0,83886092,0x0500000C,misc,,00000012.pro,-1,,0
589,,139020,0,1199,17666,66,88,0,83886092,0x0500000C,misc,,00000012.pro,-1,,0
590,,139108,0,1200,17667,67,88,0,83886092,0x0500000C,misc,,00000012.pro,-1,,0
591,,139196,0,1202,17700,100,88,0,50331843,0x030000C3,wall,,00000195.pro,-1,,0
592,,139284,0,1203,17701,101,88,0,50332270,0x0300026E,wall,,00000622.pro,-1,,0
593,,139372,0,1204,17706,106,88,0,50331881,0x030000E9,wall,,00000233.pro,-1,,0
594,,139460,0,1205,17740,140,88,0,50331840,0x030000C0,wall,,00000192.pro,-1,,0
595,,139548,0,1206,17741,141,88,0,33554562,0x02000082,scenery,generic,00000131.pro,-1,,0
596,,139636,0,1208,17746,146,88,0,50331881,0x030000E9,wall,,00000233.pro,-1,,0
597,,139724,0,1210,17862,62,89,0,83886092,0x0500000C,misc,,00000012.pro,-1,,0
598,,139812,0,1211,17863,63,89,0,83886092,0x0500000C,misc,,00000012.pro,-1,,0
599,,139900,0,1212,17864,64,89,0,83886092,0x0500000C,misc,,00000012.pro,-1,,0
600,,139988,0,1213,17865,65,89,0,83886092,0x0500000C,misc,,00000012.pro,-1,,0
601,,140076,0,1226,17900,100,89,0,50331844,0x030000C4,wall,,00000196.pro,-1,,0
602,,140164,0,1228,17901,101,89,0,50332270,0x0300026E,wall,,00000622.pro,-1,,0
603,,140252,0,1233,17906,106,89,0,50331878,0x030000E6,wall,,00000230.pro,-1,,0
604,,140340,0,1260,17940,140,89,0,50331841,0x030000C1,wall,,00000193.pro,-1,,0
605,,140428,0,1261,17941,141,89,0,50332270,0x0300026E,wall,,00000622.pro,-1,,0
606,,140516,0,1264,17946,146,89,0,50331878,0x030000E6,wall,,00000230.pro,-1,,0
607,,140604,0,1267,18060,60,90,0,83886092,0x0500000C,misc,,00000012.pro,-1,,0
608,,140692,0,1268,18061,61,90,0,83886092,0x0500000C,misc,,00000012.pro,-1,,0
609,,140780,0,1269,18062,62,90,0,83886092,0x0500000C,misc,,00000012.pro,-1,,0
610,,140868,0,1270,18063,63,90,0,83886092,0x0500000C,misc,,00000012.pro,-1,,0
611,,140956,0,1279,18100,100,90,0,50331845,0x030000C5,wall,,00000197.pro,-1,,0
612,,141044,0,1281,18101,101,90,0,50332270,0x0300026E,wall,,00000622.pro,-1,,0
613,,141132,0,1285,18106,106,90,0,50331879,0x030000E7,wall,,00000231.pro,-1,,0
614,,141220,0,1303,18140,140,90,0,50331842,0x030000C2,wall,,00000194.pro,-1,,0
615,,141308,0,1304,18141,141,90,0,50332270,0x0300026E,wall,,00000622.pro,-1,,0
616,,141396,0,1306,18146,146,90,0,50331879,0x030000E7,wall,,00000231.pro,-1,,0
617,,141484,0,1310,18258,58,91,0,83886092,0x0500000C,misc,,00000012.pro,-1,,0
618,,141572,0,1311,18259,59,91,0,83886092,0x0500000C,misc,,00000012.pro,-1,,0
619,,141660,0,1312,18260,60,91,0,83886092,0x0500000C,misc,,00000012.pro,-1,,0
620,,141748,0,1313,18261,61,91,0,83886092,0x0500000C,misc,,00000012.pro,-1,,0
621,,141836,0,1320,18300,100,91,0,50331837,0x030000BD,wall,,00000189.pro,-1,,0
622,,141924,0,1322,18301,101,91,0,33554563,0x02000083,scenery,generic,00000132.pro,-1,,0
623,,142012,0,1326,18306,106,91,0,50331880,0x030000E8,wall,,00000232.pro,-1,,0
624,,142100,0,1337,18340,140,91,0,50331843,0x030000C3,wall,,00000195.pro,-1,,0
625,,142188,0,1338,18341,141,91,0,50332270,0x0300026E,wall,,00000622.pro,-1,,0
626,,142276,0,1340,18346,146,91,0,50331880,0x030000E8,wall,,00000232.pro,-1,,0
627,,142364,0,1344,18456,56,92,0,83886092,0x0500000C,misc,,00000012.pro,-1,,0
628,,142452,0,1346,18457,57,92,0,83886092,0x0500000C,misc,,00000012.pro,-1,,0
629,,142540,0,1347,18458,58,92,0,83886092,0x0500000C,misc,,00000012.pro,-1,,0
630,,142628,0,1348,18459,59,92,0,83886092,0x0500000C,misc,,00000012.pro,-1,,0
631,,142716,0,1354,18500,100,92,0,50331838,0x030000BE,wall,,00000190.pro,-1,,0
632,,142804,0,1356,18501,101,92,0,50332270,0x0300026E,wall,,00000622.pro,-1,,0
633,,142892,0,1358,18506,106,92,0,50331881,0x030000E9,wall,,00000233.pro,-1,,0
634,,142980,0,1367,18540,140,92,0,50331844,0x030000C4,wall,,00000196.pro,-1,,0
635,,143068,0,1368,18541,141,92,0,33554561,0x02000081,scenery,generic,00000130.pro,-1,,0
636,,143156,0,1370,18546,146,92,0,50331881,0x030000E9,wall,,00000233.pro,-1,,0
637,,143244,0,1375,18654,54,93,0,83886092,0x0500000C,misc,,00000012.pro,-1,,0
638,,143332,0,1376,18655,55,93,0,83886092,0x0500000C,misc,,00000012.pro,-1,,0
639,,143420,0,1377,18656,56,93,0,83886092,0x0500000C,misc,,00000012.pro,-1,,0
640,,143508,0,1378,18657,57,93,0,83886092,0x0500000C,misc,,00000012.pro,-1,,0
641,,143596,0,1387,18696,96,93,0,50332294,0x03000286,wall,,00000646.pro,-1,,0
642,,143684,0,1389,18697,97,93,0,50331825,0x030000B1,wall,,00000177.pro,-1,,0
643,,143772,0,1390,18698,98,93,0,50331824,0x030000B0,wall,,00000176.pro,-1,,0
644,,143860,0,1391,18699,99,93,0,50331823,0x030000AF,wall,,00000175.pro,-1,,0
645,,143948,0,1392,18700,100,93,0,50332295,0x03000287,wall,,00000647.pro,-1,,0
646,,144036,0,1393,18701,101,93,0,50332270,0x0300026E,wall,,00000622.pro,-1,,0
647,,144124,0,1394,18706,106,93,0,50332296,0x03000288,wall,,00000648.pro,-1,,0
648,,144212,0,1395,18707,107,93,0,50331831,0x030000B7,wall,,00000183.pro,-1,,0
649,,144300,0,1396,18708,108,93,0,50331830,0x030000B6,wall,,00000182.pro,-1,,0
650,,144388,0,1398,18709,109,93,0,50331829,0x030000B5,wall,,00000181.pro,-1,,0
651,,144476,0,1400,18710,110,93,0,50331828,0x030000B4,wall,,00000180.pro,-1,,0
652,,144564,0,1402,18711,111,93,0,50331827,0x030000B3,wall,,00000179.pro,-1,,0
653,,144652,0,1403,18712,112,93,0,50331826,0x030000B2,wall,,00000178.pro,-1,,0
654,,144740,0,1405,18713,113,93,0,50331825,0x030000B1,wall,,00000177.pro,-1,,0
655,,144828,0,1406,18714,114,93,0,50331824,0x030000B0,wall,,00000176.pro,-1,,0
656,,144916,0,1407,18715,115,93,0,50331831,0x030000B7,wall,,00000183.pro,-1,,0
657,,145004,0,1408,18716,116,93,0,50331830,0x030000B6,wall,,00000182.pro,-1,,0
658,,145092,0,1409,18717,117,93,0,50331829,0x030000B5,wall,,00000181.pro,-1,,0
659,,145180,0,1410,18718,118,93,0,50331828,0x030000B4,wall,,00000180.pro,-1,,0
660,,145268,0,1412,18719,119,93,0,50331827,0x030000B3,wall,,00000179.pro,-1,,0
661,,145356,0,1413,18720,120,93,0,50331826,0x030000B2,wall,,00000178.pro,-1,,0
662,,145444,0,1416,18721,121,93,0,50331825,0x030000B1,wall,,00000177.pro,-1,,0
663,,145532,0,1417,18722,122,93,0,50331824,0x030000B0,wall,,00000176.pro,-1,,0
664,,145620,0,1418,18723,123,93,0,50331831,0x030000B7,wall,,00000183.pro,-1,,0
665,,145708,0,1419,18724,124,93,0,50331830,0x030000B6,wall,,00000182.pro,-1,,0
666,,145796,0,1420,18725,125,93,0,50331829,0x030000B5,wall,,00000181.pro,-1,,0
667,,145884,0,1421,18726,126,93,0,50331828,0x030000B4,wall,,00000180.pro,-1,,0
668,,145972,0,1423,18727,127,93,0,50331827,0x030000B3,wall,,00000179.pro,-1,,0
669,,146060,0,1424,18728,128,93,0,50331826,0x030000B2,wall,,00000178.pro,-1,,0
670,,146148,0,1426,18729,129,93,0,50331825,0x030000B1,wall,,00000177.pro,-1,,0
671,,146236,0,1427,18730,130,93,0,50331824,0x030000B0,wall,,00000176.pro,-1,,0
672,,146324,0,1428,18731,131,93,0,50331831,0x030000B7,wall,,00000183.pro,-1,,0
673,,146412,0,1429,18732,132,93,0,50331830,0x030000B6,wall,,00000182.pro,-1,,0
674,,146500,0,1430,18733,133,93,0,50331829,0x030000B5,wall,,00000181.pro,-1,,0
675,,146588,0,1431,18734,134,93,0,50331828,0x030000B4,wall,,00000180.pro,-1,,0
676,,146676,0,1433,18735,135,93,0,50331827,0x030000B3,wall,,00000179.pro,-1,,0
677,,146764,0,1434,18736,136,93,0,50331826,0x030000B2,wall,,00000178.pro,-1,,0
678,,146852,0,1435,18737,137,93,0,50331825,0x030000B1,wall,,00000177.pro,-1,,0
679,,146940,0,1436,18738,138,93,0,50331824,0x030000B0,wall,,00000176.pro,-1,,0
680,,147028,0,1437,18738,138,93,0,33554571,0x0200008B,scenery,ladder_up,00000140.pro,50331662,NHDn2Up2.int,0
681,,147120,0,1438,18739,139,93,0,50331823,0x030000AF,wall,,00000175.pro,-1,,0
682,,147208,0,1439,18740,140,93,0,50332295,0x03000287,wall,,00000647.pro,-1,,0
683,,147296,0,1440,18741,141,93,0,50332270,0x0300026E,wall,,00000622.pro,-1,,0
684,,147384,0,1441,18746,146,93,0,50332296,0x03000288,wall,,00000648.pro,-1,,0
685,,147472,0,1443,18747,147,93,0,50331825,0x030000B1,wall,,00000177.pro,-1,,0
686,,147560,0,1444,18748,148,93,0,50331824,0x030000B0,wall,,00000176.pro,-1,,0
687,,147648,0,1445,18749,149,93,0,50332299,0x0300028B,wall,,00000651.pro,-1,,0
688,,147736,0,1446,18750,150,93,0,50332269,0x0300026D,wall,,00000621.pro,-1,,0
689,,147824,0,1450,18853,53,94,0,83886092,0x0500000C,misc,,00000012.pro,-1,,0
690,,147912,0,1451,18854,54,94,0,83886092,0x0500000C,misc,,00000012.pro,-1,,0
691,,148000,0,1452,18855,55,94,0,83886092,0x0500000C,misc,,00000012.pro,-1,,0
692,,148088,0,1458,18896,96,94,0,50332269,0x0300026D,wall,,00000621.pro,-1,,0
693,,148176,0,1459,18897,97,94,0,50332270,0x0300026E,wall,,00000622.pro,-1,,0
694,,148264,0,1460,18899,99,94,0,33554564,0x02000084,scenery,generic,00000133.pro,-1,,0
695,,148352,0,1461,18907,107,94,0,50332270,0x0300026E,wall,,00000622.pro,-1,,0
696,,148440,0,1462,18909,109,94,0,50332270,0x0300026E,wall,,00000622.pro,-1,,0
697,,148528,0,1465,18911,111,94,0,33554569,0x02000089,scenery,generic,00000138.pro,-1,,0
698,,148616,0,1467,18913,113,94,0,50332270,0x0300026E,wall,,00000622.pro,-1,,0
699,,148704,0,1469,18915,115,94,0,33554565,0x02000085,scenery,generic,00000134.pro,-1,,0
700,,148792,0,1470,18917,117,94,0,50332270,0x0300026E,wall,,00000622.pro,-1,,0
701,,148880,0,1472,18919,119,94,0,33554564,0x02000084,scenery,generic,00000133.pro,-1,,0
702,,148968,0,1473,18921,121,94,0,50332270,0x0300026E,wall,,00000622.pro,-1,,0
703,,149056,0,1474,18923,123,94,0,50332270,0x0300026E,wall,,00000622.pro,-1,,0
704,,149144,0,1475,18925,125,94,0,50332270,0x0300026E,wall,,00000622.pro,-1,,0
705,,149232,0,1476,18927,127,94,0,33554566,0x02000086,scenery,generic,00000135.pro,-1,,0
706,,149320,0,1478,18929,129,94,0,50332270,0x0300026E,wall,,00000622.pro,-1,,0
707,,149408,0,1479,18931,131,94,0,50332270,0x0300026E,wall,,00000622.pro,-1,,0
708,,149496,0,1480,18933,133,94,0,33554564,0x02000084,scenery,generic,00000133.pro,-1,,0
709,,149584,0,1482,18935,135,94,0,33554569,0x02000089,scenery,generic,00000138.pro,-1,,0
710,,149672,0,1483,18937,137,94,0,50332270,0x0300026E,wall,,00000622.pro,-1,,0
711,,149760,0,1484,18939,139,94,0,50332270,0x0300026E,wall,,00000622.pro,-1,,0
712,,149848,0,1485,18947,147,94,0,50332270,0x0300026E,wall,,00000622.pro,-1,,0
713,,149936,0,1487,18949,149,94,0,50332270,0x0300026E,wall,,00000622.pro,-1,,0
714,,150024,0,1489,18950,150,94,0,50332269,0x0300026D,wall,,00000621.pro,-1,,0
715,,150112,0,1494,19053,53,95,0,83886092,0x0500000C,misc,,00000012.pro,-1,,0
716,,150200,0,1495,19054,54,95,0,83886092,0x0500000C,misc,,00000012.pro,-1,,0
717,,150288,0,1502,19096,96,95,0,50331837,0x030000BD,wall,,00000189.pro,-1,,0
718,,150376,0,1503,19097,97,95,0,50332270,0x0300026E,wall,,00000622.pro,-1,,0
719,,150464,0,1505,19100,100,95,0,33554710,0x02000116,scenery,generic,00000279.pro,-1,,0
720,,150552,0,1513,19122,122,95,0,33554711,0x02000117,scenery,generic,00000280.pro,-1,,0
721,,150640,0,1519,19150,150,95,0,50332269,0x0300026D,wall,,00000621.pro,-1,,0
722,,150728,0,1526,19254,54,96,0,83886092,0x0500000C,misc,,00000012.pro,-1,,0
723,,150816,0,1530,19296,96,96,0,50331838,0x030000BE,wall,,00000190.pro,-1,,0
724,,150904,0,1531,19297,97,96,0,50332270,0x0300026E,wall,,00000622.pro,-1,,0
725,,150992,0,1541,19350,150,96,0,50331878,0x030000E6,wall,,00000230.pro,-1,,0
726,,151080,0,1551,19455,55,97,0,83886092,0x0500000C,misc,,00000012.pro,-1,,0
727,,151168,0,1560,19496,96,97,0,50331839,0x030000BF,wall,,00000191.pro,-1,,0
728,,151256,0,1561,19497,97,97,0,50332270,0x0300026E,wall,,00000622.pro,-1,,0
729,,151344,0,1571,19550,150,97,0,50331879,0x030000E7,wall,,00000231.pro,-1,,0
730,,151432,0,1579,19655,55,98,0,83886092,0x0500000C,misc,,00000012.pro,-1,,0
731,,151520,0,1581,19656,56,98,0,83886092,0x0500000C,misc,,00000012.pro,-1,,0
732,,151608,0,1586,19696,96,98,0,50331840,0x030000C0,wall,,00000192.pro,-1,,0
733,,151696,0,1587,19697,97,98,0,50332270,0x0300026E,wall,,00000622.pro,-1,,0
734,,151784,0,1594,19750,150,98,0,50331880,0x030000E8,wall,,00000232.pro,-1,,0
735,,151872,0,1599,19856,56,99,0,83886092,0x0500000C,misc,,00000012.pro,-1,,0
736,,151960,0,1605,19896,96,99,0,50331841,0x030000C1,wall,,00000193.pro,-1,,0
737,,152048,0,1606,19897,97,99,0,33554567,0x02000087,scenery,generic,00000136.pro,-1,,0
738,,152136,0,1617,19950,150,99,0,50331881,0x030000E9,wall,,00000233.pro,-1,,0
739,,152224,0,1629,20057,57,100,0,83886092,0x0500000C,misc,,00000012.pro,-1,,0
740,,152312,0,1635,20096,96,100,0,50332298,0x0300028A,wall,,00000650.pro,-1,,0
741,,152400,0,1636,20097,97,100,0,50332270,0x0300026E,wall,,00000622.pro,-1,,0
742,,152488,0,1637,20098,98,100,0,50332270,0x0300026E,wall,,00000622.pro,-1,,0
743,,152576,0,1644,20150,150,100,0,50331878,0x030000E6,wall,,00000230.pro,-1,,0
744,,152664,0,1650,20257,57,101,0,83886092,0x0500000C,misc,,00000012.pro,-1,,0
745,,152752,0,1651,20258,58,101,0,83886092,0x0500000C,misc,,00000012.pro,-1,,0
746,,152840,0,1662,20296,96,101,0,50332269,0x0300026D,wall,,00000621.pro,-1,,0
747,,152928,0,1665,20298,98,101,0,50331876,0x030000E4,wall,,00000228.pro,-1,,0
748,,153016,0,1667,20299,99,101,0,50331877,0x030000E5,wall,,00000229.pro,-1,,0
749,,153104,0,1669,20300,100,101,0,50332270,0x0300026E,wall,,00000622.pro,-1,,0
750,,153192,0,1676,20306,106,101,0,50332300,0x0300028C,wall,,00000652.pro,-1,,0
751,,153280,0,1678,20307,107,101,0,50331877,0x030000E5,wall,,00000229.pro,-1,,0
752,,153368,0,1680,20308,108,101,0,50331872,0x030000E0,wall,,00000224.pro,-1,,0
753,,153456,0,1682,20309,109,101,0,50331877,0x030000E5,wall,,00000229.pro,-1,,0
754,,153544,0,1684,20310,110,101,0,50331876,0x030000E4,wall,,00000228.pro,-1,,0
755,,153632,0,1686,20311,111,101,0,50331875,0x030000E3,wall,,00000227.pro,-1,,0
756,,153720,0,1688,20312,112,101,0,50331874,0x030000E2,wall,,00000226.pro,-1,,0
757,,153808,0,1690,20313,113,101,0,50331873,0x030000E1,wall,,00000225.pro,-1,,0
758,,153896,0,1692,20314,114,101,0,50331872,0x030000E0,wall,,00000224.pro,-1,,0
759,,153984,0,1694,20315,115,101,0,50331877,0x030000E5,wall,,00000229.pro,-1,,0
760,,154072,0,1695,20316,116,101,0,50331876,0x030000E4,wall,,00000228.pro,-1,,0
761,,154160,0,1697,20317,117,101,0,50331875,0x030000E3,wall,,00000227.pro,-1,,0
762,,154248,0,1699,20318,118,101,0,50331872,0x030000E0,wall,,00000224.pro,-1,,0
763,,154336,0,1701,20319,119,101,0,50331873,0x030000E1,wall,,00000225.pro,-1,,0
764,,154424,0,1703,20320,120,101,0,50331874,0x030000E2,wall,,00000226.pro,-1,,0
765,,154512,0,1705,20321,121,101,0,50331877,0x030000E5,wall,,00000229.pro,-1,,0
766,,154600,0,1707,20322,122,101,0,50332270,0x0300026E,wall,,00000622.pro,-1,,0
767,,154688,0,1714,20328,128,101,0,50332300,0x0300028C,wall,,00000652.pro,-1,,0
768,,154776,0,1716,20329,129,101,0,50331873,0x030000E1,wall,,00000225.pro,-1,,0
769,,154864,0,1718,20330,130,101,0,50331872,0x030000E0,wall,,00000224.pro,-1,,0
770,,154952,0,1719,20331,131,101,0,50331877,0x030000E5,wall,,00000229.pro,-1,,0
771,,155040,0,1720,20332,132,101,0,50331876,0x030000E4,wall,,00000228.pro,-1,,0
772,,155128,0,1722,20333,133,101,0,50331875,0x030000E3,wall,,00000227.pro,-1,,0
773,,155216,0,1724,20334,134,101,0,50331874,0x030000E2,wall,,00000226.pro,-1,,0
774,,155304,0,1726,20335,135,101,0,50331873,0x030000E1,wall,,00000225.pro,-1,,0
775,,155392,0,1728,20336,136,101,0,50331872,0x030000E0,wall,,00000224.pro,-1,,0
776,,155480,0,1730,20337,137,101,0,50331873,0x030000E1,wall,,00000225.pro,-1,,0
777,,155568,0,1731,20338,138,101,0,50331874,0x030000E2,wall,,00000226.pro,-1,,0
778,,155656,0,1732,20339,139,101,0,50331877,0x030000E5,wall,,00000229.pro,-1,,0
779,,155744,0,1733,20340,140,101,0,50332270,0x0300026E,wall,,00000622.pro,-1,,0
780,,155832,0,1734,20350,150,101,0,50331879,0x030000E7,wall,,00000231.pro,-1,,0
781,,155920,0,1738,20458,58,102,0,83886092,0x0500000C,misc,,00000012.pro,-1,,0
782,,156008,0,1746,20497,97,102,0,50332269,0x0300026D,wall,,00000621.pro,-1,,0
783,,156096,0,1748,20499,99,102,0,50332269,0x0300026D,wall,,00000621.pro,-1,,0
784,,156184,0,1750,20500,100,102,0,50332297,0x03000289,wall,,00000649.pro,-1,,0
785,,156272,0,1752,20501,101,102,0,50332270,0x0300026E,wall,,00000622.pro,-1,,0
786,,156360,0,1756,20506,106,102,0,50332269,0x0300026D,wall,,00000621.pro,-1,,0
787,,156448,0,1766,20521,121,102,0,50332269,0x0300026D,wall,,00000621.pro,-1,,0
788,,156536,0,1768,20522,122,102,0,50332297,0x03000289,wall,,00000649.pro,-1,,0
789,,156624,0,1769,20523,123,102,0,50332270,0x0300026E,wall,,00000622.pro,-1,,0
790,,156712,0,1776,20528,128,102,0,50332269,0x0300026D,wall,,00000621.pro,-1,,0
791,,156800,0,1782,20539,139,102,0,50332269,0x0300026D,wall,,00000621.pro,-1,,0
792,,156888,0,1783,20540,140,102,0,50332297,0x03000289,wall,,00000649.pro,-1,,0
793,,156976,0,1784,20541,141,102,0,50332270,0x0300026E,wall,,00000622.pro,-1,,0
794,,157064,0,1785,20550,150,102,0,50331880,0x030000E8,wall,,00000232.pro,-1,,0
795,,157152,0,1787,20572,172,102,0,83886092,0x0500000C,misc,,00000012.pro,-1,,0
796,,157240,0,1788,20659,59,103,0,83886092,0x0500000C,misc,,00000012.pro,-1,,0
797,,157328,0,1794,20700,100,103,0,50331837,0x030000BD,wall,,00000189.pro,-1,,0
798,,157416,0,1796,20701,101,103,0,50332270,0x0300026E,wall,,00000622.pro,-1,,0
799,,157504,0,1798,20706,106,103,0,50331878,0x030000E6,wall,,00000230.pro,-1,,0
800,,157592,0,1802,20722,122,103,0,50331838,0x030000BE,wall,,00000190.pro,-1,,0
801,,157680,0,1803,20723,123,103,0,50332270,0x0300026E,wall,,00000622.pro,-1,,0
802,,157768,0,1806,20728,128,103,0,50331878,0x030000E6,wall,,00000230.pro,-1,,0
803,,157856,0,1808,20740,140,103,0,50331837,0x030000BD,wall,,00000189.pro,-1,,0
804,,157944,0,1809,20741,141,103,0,50332270,0x0300026E,wall,,00000622.pro,-1,,0
805,,158032,0,1810,20742,142,103,0,33554712,0x02000118,scenery,generic,00000281.pro,-1,,0
806,,158120,0,1811,20750,150,103,0,50331881,0x030000E9,wall,,00000233.pro,-1,,0
807,,158208,0,1813,20770,170,103,0,83886092,0x0500000C,misc,,00000012.pro,-1,,0
808,,158296,0,1814,20771,171,103,0,83886092,0x0500000C,misc,,00000012.pro,-1,,0
809,,158384,0,1815,20772,172,103,0,83886092,0x0500000C,misc,,00000012.pro,-1,,0
810,,158472,0,1816,20859,59,104,0,83886092,0x0500000C,misc,,00000012.pro,-1,,0
811,,158560,0,1817,20860,60,104,0,83886092,0x0500000C,misc,,00000012.pro,-1,,0
812,,158648,0,1820,20900,100,104,0,50331838,0x030000BE,wall,,00000190.pro,-1,,0
813,,158736,0,1821,20901,101,104,0,50332270,0x0300026E,wall,,00000622.pro,-1,,0
814,,158824,0,1823,20906,106,104,0,50331879,0x030000E7,wall,,00000231.pro,-1,,0
815,,158912,0,1827,20922,122,104,0,50332298,0x0300028A,wall,,00000650.pro,-1,,0
816,,159000,0,1828,20923,123,104,0,50332270,0x0300026E,wall,,00000622.pro,-1,,0
817,,159088,0,1829,20924,124,104,0,50332270,0x0300026E,wall,,00000622.pro,-1,,0
818,,159176,0,1831,20928,128,104,0,50331881,0x030000E9,wall,,00000233.pro,-1,,0
819,,159264,0,1833,20940,140,104,0,50331838,0x030000BE,wall,,00000190.pro,-1,,0
820,,159352,0,1834,20941,141,104,0,50332270,0x0300026E,wall,,00000622.pro,-1,,0
821,,159440,0,1835,20950,150,104,0,50331878,0x030000E6,wall,,00000230.pro,-1,,0
822,,159528,0,1838,20968,168,104,0,83886092,0x0500000C,misc,,00000012.pro,-1,,0
823,,159616,0,1839,20969,169,104,0,83886092,0x0500000C,misc,,00000012.pro,-1,,0
824,,159704,0,1840,20970,170,104,0,83886092,0x0500000C,misc,,00000012.pro,-1,,0
825,,159792,0,1841,20971,171,104,0,83886092,0x0500000C,misc,,00000012.pro,-1,,0
826,,159880,0,1842,21060,60,105,0,83886092,0x0500000C,misc,,00000012.pro,-1,,0
827,,159968,0,1846,21100,100,105,0,50331839,0x030000BF,wall,,00000191.pro,-1,,0
828,,160056,0,1847,21101,101,105,0,50332270,0x0300026E,wall,,00000622.pro,-1,,0
829,,160144,0,1848,21106,106,105,0,50331880,0x030000E8,wall,,00000232.pro,-1,,0
830,,160232,0,1850,21122,122,105,0,50332269,0x0300026D,wall,,00000621.pro,-1,,0
831,,160320,0,1851,21123,123,105,0,50332269,0x0300026D,wall,,00000621.pro,-1,,0
832,,160408,0,1852,21124,124,105,0,50331874,0x030000E2,wall,,00000226.pro,-1,,0
833,,160496,0,1854,21125,125,105,0,50331875,0x030000E3,wall,,00000227.pro,-1,,0
834,,160584,0,1855,21126,126,105,0,50331872,0x030000E0,wall,,00000224.pro,-1,,0
835,,160672,0,1856,21127,127,105,0,50331877,0x030000E5,wall,,00000229.pro,-1,,0
836,,160760,0,1857,21128,128,105,0,50332301,0x0300028D,wall,,00000653.pro,-1,,0
837,,160848,0,1859,21140,140,105,0,50331839,0x030000BF,wall,,00000191.pro,-1,,0
838,,160936,0,1860,21141,141,105,0,50332270,0x0300026E,wall,,00000622.pro,-1,,0
839,,161024,0,1861,21150,150,105,0,50331879,0x030000E7,wall,,00000231.pro,-1,,0
840,,161112,0,1863,21166,166,105,0,83886092,0x0500000C,misc,,00000012.pro,-1,,0
841,,161200,0,1864,21167,167,105,0,83886092,0x0500000C,misc,,00000012.pro,-1,,0
842,,161288,0,1865,21168,168,105,0,83886092,0x0500000C,misc,,00000012.pro,-1,,0
843,,161376,0,1866,21169,169,105,0,83886092,0x0500000C,misc,,00000012.pro,-1,,0
844,,161464,0,1867,21261,61,106,0,83886092,0x0500000C,misc,,00000012.pro,-1,,0
845,,161552,0,1871,21300,100,106,0,50331840,0x030000C0,wall,,00000192.pro,-1,,0
846,,161640,0,1872,21301,101,106,0,50332270,0x0300026E,wall,,00000622.pro,-1,,0
847,,161728,0,1873,21306,106,106,0,50331881,0x030000E9,wall,,00000233.pro,-1,,0
848,,161816,0,1879,21340,140,106,0,50331840,0x030000C0,wall,,00000192.pro,-1,,0
849,,161904,0,1880,21341,141,106,0,33554563,0x02000083,scenery,generic,00000132.pro,-1,,0
850,,161992,0,1881,21350,150,106,0,50331880,0x030000E8,wall,,00000232.pro,-1,,0
851,,162080,0,1883,21364,164,106,0,83886092,0x0500000C,misc,,00000012.pro,-1,,0
852,,162168,0,1884,21365,165,106,0,83886092,0x0500000C,misc,,00000012.pro,-1,,0
853,,162256,0,1885,21366,166,106,0,83886092,0x0500000C,misc,,00000012.pro,-1,,0
854,,162344,0,1886,21367,167,106,0,83886092,0x0500000C,misc,,00000012.pro,-1,,0
855,,162432,0,1887,21461,61,107,0,83886092,0x0500000C,misc,,00000012.pro,-1,,0
856,,162520,0,1888,21462,62,107,0,83886092,0x0500000C,misc,,00000012.pro,-1,,0
857,,162608,0,1892,21500,100,107,0,50331841,0x030000C1,wall,,00000193.pro,-1,,0
858,,162696,0,1893,21501,101,107,0,50332270,0x0300026E,wall,,00000622.pro,-1,,0
859,,162784,0,1894,21506,106,107,0,50331878,0x030000E6,wall,,00000230.pro,-1,,0
860,,162872,0,1896,21540,140,107,0,50331841,0x030000C1,wall,,00000193.pro,-1,,0
861,,162960,0,1897,21541,141,107,0,50332270,0x0300026E,wall,,00000622.pro,-1,,0
862,,163048,0,1898,21550,150,107,0,50331881,0x030000E9,wall,,00000233.pro,-1,,0
863,,163136,0,1901,21562,162,107,0,83886092,0x0500000C,misc,,00000012.pro,-1,,0
864,,163224,0,1902,21563,163,107,0,83886092,0x0500000C,misc,,00000012.pro,-1,,0
865,,163312,0,1903,21564,164,107,0,83886092,0x0500000C,misc,,00000012.pro,-1,,0
866,,163400,0,1904,21565,165,107,0,83886092,0x0500000C,misc,,00000012.pro,-1,,0
867,,163488,0,1905,21662,62,108,0,83886092,0x0500000C,misc,,00000012.pro,-1,,0
868,,163576,0,1911,21700,100,108,0,50331842,0x030000C2,wall,,00000194.pro,-1,,0
869,,163664,0,1912,21701,101,108,0,50332270,0x0300026E,wall,,00000622.pro,-1,,0
870,,163752,0,1913,21706,106,108,0,50331879,0x030000E7,wall,,00000231.pro,-1,,0
871,,163840,0,1918,21740,140,108,0,50331842,0x030000C2,wall,,00000194.pro,-1,,0
872,,163928,0,1919,21741,141,108,0,50332270,0x0300026E,wall,,00000622.pro,-1,,0
873,,164016,0,1920,21750,150,108,0,50331878,0x030000E6,wall,,00000230.pro,-1,,0
874,,164104,0,1922,21760,160,108,0,83886092,0x0500000C,misc,,00000012.pro,-1,,0
875,,164192,0,1923,21761,161,108,0,83886092,0x0500000C,misc,,00000012.pro,-1,,0
876,,164280,0,1924,21762,162,108,0,83886092,0x0500000C,misc,,00000012.pro,-1,,0
877,,164368,0,1925,21763,163,108,0,83886092,0x0500000C,misc,,00000012.pro,-1,,0
878,,164456,0,1932,21863,63,109,0,83886092,0x0500000C,misc,,00000012.pro,-1,,0
879,,164544,0,1937,21900,100,109,0,50331843,0x030000C3,wall,,00000195.pro,-1,,0
880,,164632,0,1938,21901,101,109,0,33554562,0x02000082,scenery,generic,00000131.pro,-1,,0
881,,164720,0,1939,21906,106,109,0,50331880,0x030000E8,wall,,00000232.pro,-1,,0
882,,164808,0,1962,21940,140,109,0,50331843,0x030000C3,wall,,00000195.pro,-1,,0
883,,164896,0,1963,21941,141,109,0,50332270,0x0300026E,wall,,00000622.pro,-1,,0
884,,164984,0,1965,21950,150,109,0,50331879,0x030000E7,wall,,00000231.pro,-1,,0
885,,165072,0,1967,21958,158,109,0,83886092,0x0500000C,misc,,00000012.pro,-1,,0
886,,165160,0,1968,21959,159,109,0,83886092,0x0500000C,misc,,00000012.pro,-1,,0
887,,165248,0,1969,21960,160,109,0,83886092,0x0500000C,misc,,00000012.pro,-1,,0
888,,165336,0,1970,21961,161,109,0,83886092,0x0500000C,misc,,00000012.pro,-1,,0
889,,165424,0,1975,22063,63,110,0,83886092,0x0500000C,misc,,00000012.pro,-1,,0
890,,165512,0,1977,22064,64,110,0,83886092,0x0500000C,misc,,00000012.pro,-1,,0
891,,165600,0,1982,22100,100,110,0,50331844,0x030000C4,wall,,00000196.pro,-1,,0
892,,165688,0,1983,22101,101,110,0,50332270,0x0300026E,wall,,00000622.pro,-1,,0
893,,165776,0,1984,22106,106,110,0,50331881,0x030000E9,wall,,00000233.pro,-1,,0
894,,165864,0,2001,22140,140,110,0,50331844,0x030000C4,wall,,00000196.pro,-1,,0
895,,165952,0,2002,22141,141,110,0,50332270,0x0300026E,wall,,00000622.pro,-1,,0
896,,166040,0,2003,22150,150,110,0,50331880,0x030000E8,wall,,00000232.pro,-1,,0
897,,166128,0,2004,22156,156,110,0,83886092,0x0500000C,misc,,00000012.pro,-1,,0
898,,166216,0,2005,22156,156,110,0,83886092,0x0500000C,misc,,00000012.pro,-1,,0
899,,166304,0,2006,22157,157,110,0,83886092,0x0500000C,misc,,00000012.pro,-1,,0
900,,166392,0,2007,22157,157,110,0,83886092,0x0500000C,misc,,00000012.pro,-1,,0
901,,166480,0,2009,22158,158,110,0,83886092,0x0500000C,misc,,00000012.pro,-1,,0
902,,166568,0,2011,22159,159,110,0,83886092,0x0500000C,misc,,00000012.pro,-1,,0
903,,166656,0,2012,22264,64,111,0,83886092,0x0500000C,misc,,00000012.pro,-1,,0
904,,166744,0,2014,22290,90,111,0,50332294,0x03000286,wall,,00000646.pro,-1,,0
905,,166832,0,2015,22291,91,111,0,50331831,0x030000B7,wall,,00000183.pro,-1,,0
906,,166920,0,2016,22292,92,111,0,50331830,0x030000B6,wall,,00000182.pro,-1,,0
907,,167008,0,2017,22293,93,111,0,50331829,0x030000B5,wall,,00000181.pro,-1,,0
908,,167096,0,2018,22294,94,111,0,50331828,0x030000B4,wall,,00000180.pro,-1,,0
909,,167184,0,2019,22295,95,111,0,50331827,0x030000B3,wall,,00000179.pro,-1,,0
910,,167272,0,2020,22296,96,111,0,50331826,0x030000B2,wall,,00000178.pro,-1,,0
911,,167360,0,2021,22297,97,111,0,50331825,0x030000B1,wall,,00000177.pro,-1,,0
912,,167448,0,2022,22298,98,111,0,50331824,0x030000B0,wall,,00000176.pro,-1,,0
913,,167536,0,2023,22298,98,111,0,33554571,0x0200008B,scenery,ladder_up,00000140.pro,50331660,NHDn2Up3.int,0
914,,167628,0,2024,22299,99,111,0,50331823,0x030000AF,wall,,00000175.pro,-1,,0
915,,167716,0,2025,22300,100,111,0,50332295,0x03000287,wall,,00000647.pro,-1,,0
916,,167804,0,2026,22301,101,111,0,50332270,0x0300026E,wall,,00000622.pro,-1,,0
917,,167892,0,2027,22306,106,111,0,50332296,0x03000288,wall,,00000648.pro,-1,,0
918,,167980,0,2028,22307,107,111,0,50331827,0x030000B3,wall,,00000179.pro,-1,,0
919,,168068,0,2029,22308,108,111,0,50331826,0x030000B2,wall,,00000178.pro,-1,,0
920,,168156,0,2030,22309,109,111,0,50332299,0x0300028B,wall,,00000651.pro,-1,,0
921,,168244,0,2031,22310,110,111,0,50332269,0x0300026D,wall,,00000621.pro,-1,,0
922,,168332,0,2038,22340,140,111,0,50331845,0x030000C5,wall,,00000197.pro,-1,,0
923,,168420,0,2039,22341,141,111,0,50332270,0x0300026E,wall,,00000622.pro,-1,,0
924,,168508,0,2041,22350,150,111,0,50331881,0x030000E9,wall,,00000233.pro,-1,,0
925,,168596,0,2042,22354,154,111,0,83886092,0x0500000C,misc,,00000012.pro,-1,,0
926,,168684,0,2043,22355,155,111,0,83886092,0x0500000C,misc,,00000012.pro,-1,,0
927,,168772,0,2044,22356,156,111,0,83886092,0x0500000C,misc,,00000012.pro,-1,,0
928,,168860,0,2045,22357,157,111,0,83886092,0x0500000C,misc,,00000012.pro,-1,,0
929,,168948,0,2047,22465,65,112,0,83886092,0x0500000C,misc,,00000012.pro,-1,,0
930,,169036,0,2052,22490,90,112,0,50332269,0x0300026D,wall,,00000621.pro,-1,,0
931,,169124,0,2053,22491,91,112,0,50332270,0x0300026E,wall,,00000622.pro,-1,,0
932,,169212,0,2054,22493,93,112,0,33554565,0x02000085,scenery,generic,00000134.pro,-1,,0
933,,169300,0,2055,22495,95,112,0,50332270,0x0300026E,wall,,00000622.pro,-1,,0
934,,169388,0,2056,22497,97,112,0,50332270,0x0300026E,wall,,00000622.pro,-1,,0
935,,169476,0,2057,22499,99,112,0,50332270,0x0300026E,wall,,00000622.pro,-1,,0
936,,169564,0,2058,22507,107,112,0,50332270,0x0300026E,wall,,00000622.pro,-1,,0
937,,169652,0,2059,22509,109,112,0,50332270,0x0300026E,wall,,00000622.pro,-1,,0
938,,169740,0,2060,22510,110,112,0,50332269,0x0300026D,wall,,00000621.pro,-1,,0
939,,169828,0,2069,22540,140,112,0,50332298,0x0300028A,wall,,00000650.pro,-1,,0
940,,169916,0,2070,22541,141,112,0,33554570,0x0200008A,scenery,generic,00000139.pro,-1,,0
941,,170004,0,2071,22542,142,112,0,50332270,0x0300026E,wall,,00000622.pro,-1,,0
942,,170092,0,2072,22550,150,112,0,50331878,0x030000E6,wall,,00000230.pro,-1,,0
943,,170180,0,2074,22552,152,112,0,83886092,0x0500000C,misc,,00000012.pro,-1,,0
944,,170268,0,2075,22553,153,112,0,83886092,0x0500000C,misc,,00000012.pro,-1,,0
945,,170356,0,2076,22554,154,112,0,83886092,0x0500000C,misc,,00000012.pro,-1,,0
946,,170444,0,2077,22555,155,112,0,83886092,0x0500000C,misc,,00000012.pro,-1,,0
947,,170532,0,2079,22665,65,113,0,83886092,0x0500000C,misc,,00000012.pro,-1,,0
948,,170620,0,2080,22666,66,113,0,83886092,0x0500000C,misc,,00000012.pro,-1,,0
949,,170708,0,2083,22690,90,113,0,50331838,0x030000BE,wall,,00000190.pro,-1,,0
950,,170796,0,2084,22691,91,113,0,50332270,0x0300026E,wall,,00000622.pro,-1,,0
951,,170884,0,2086,22695,95,113,0,33554711,0x02000117,scenery,generic,00000280.pro,-1,,0
952,,170972,0,2089,22710,110,113,0,50332269,0x0300026D,wall,,00000621.pro,-1,,0
953,,171060,0,2093,22740,140,113,0,50332269,0x0300026D,wall,,00000621.pro,-1,,0
954,,171148,0,2094,22741,141,113,0,50332269,0x0300026D,wall,,00000621.pro,-1,,0
955,,171236,0,2096,22742,142,113,0,50331874,0x030000E2,wall,,00000226.pro,-1,,0
956,,171324,0,2097,22743,143,113,0,50331873,0x030000E1,wall,,00000225.pro,-1,,0
957,,171412,0,2098,22744,144,113,0,50331872,0x030000E0,wall,,00000224.pro,-1,,0
958,,171500,0,2099,22745,145,113,0,50331875,0x030000E3,wall,,00000227.pro,-1,,0
959,,171588,0,2100,22746,146,113,0,50331874,0x030000E2,wall,,00000226.pro,-1,,0
960,,171676,0,2101,22747,147,113,0,50331873,0x030000E1,wall,,00000225.pro,-1,,0
961,,171764,0,2102,22748,148,113,0,50331872,0x030000E0,wall,,00000224.pro,-1,,0
962,,171852,0,2103,22749,149,113,0,50331875,0x030000E3,wall,,00000227.pro,-1,,0
963,,171940,0,2104,22750,150,113,0,83886092,0x0500000C,misc,,00000012.pro,-1,,0
964,,172028,0,2105,22750,150,113,0,50332301,0x0300028D,wall,,00000653.pro,-1,,0
965,,172116,0,2106,22751,151,113,0,83886092,0x0500000C,misc,,00000012.pro,-1,,0
966,,172204,0,2107,22752,152,113,0,83886092,0x0500000C,misc,,00000012.pro,-1,,0
967,,172292,0,2108,22753,153,113,0,83886092,0x0500000C,misc,,00000012.pro,-1,,0
968,,172380,0,2111,22866,66,114,0,83886092,0x0500000C,misc,,00000012.pro,-1,,0
969,,172468,0,2113,22890,90,114,0,50331839,0x030000BF,wall,,00000191.pro,-1,,0
970,,172556,0,2114,22891,91,114,0,50332270,0x0300026E,wall,,00000622.pro,-1,,0
971,,172644,0,2116,22910,110,114,0,50331878,0x030000E6,wall,,00000230.pro,-1,,0
972,,172732,0,2121,22948,148,114,0,83886092,0x0500000C,misc,,00000012.pro,-1,,0
973,,172820,0,2122,22949,149,114,0,83886092,0x0500000C,misc,,00000012.pro,-1,,0
974,,172908,0,2123,22950,150,114,0,83886092,0x0500000C,misc,,00000012.pro,-1,,0
975,,172996,0,2124,22951,151,114,0,83886092,0x0500000C,misc,,00000012.pro,-1,,0
976,,173084,0,2140,23067,67,115,0,83886092,0x0500000C,misc,,00000012.pro,-1,,0
977,,173172,0,2145,23090,90,115,0,50331840,0x030000C0,wall,,00000192.pro,-1,,0
978,,173260,0,2146,23091,91,115,0,50332270,0x0300026E,wall,,00000622.pro,-1,,0
979,,173348,0,2147,23110,110,115,0,50331879,0x030000E7,wall,,00000231.pro,-1,,0
980,,173436,0,2150,23146,146,115,0,83886092,0x0500000C,misc,,00000012.pro,-1,,0
981,,173524,0,2151,23147,147,115,0,83886092,0x0500000C,misc,,00000012.pro,-1,,0
982,,173612,0,2152,23148,148,115,0,83886092,0x0500000C,misc,,00000012.pro,-1,,0
983,,173700,0,2153,23149,149,115,0,83886092,0x0500000C,misc,,00000012.pro,-1,,0
984,,173788,0,2164,23267,67,116,0,83886092,0x0500000C,misc,,00000012.pro,-1,,0
985,,173876,0,2165,23268,68,116,0,83886092,0x0500000C,misc,,00000012.pro,-1,,0
986,,173964,0,2167,23290,90,116,0,50331841,0x030000C1,wall,,00000193.pro,-1,,0
987,,174052,0,2168,23291,91,116,0,50332270,0x0300026E,wall,,00000622.pro,-1,,0
988,,174140,0,2170,23310,110,116,0,50331880,0x030000E8,wall,,00000232.pro,-1,,0
989,,174228,0,2176,23344,144,116,0,83886092,0x0500000C,misc,,00000012.pro,-1,,0
990,,174316,0,2177,23345,145,116,0,83886092,0x0500000C,misc,,00000012.pro,-1,,0
991,,174404,0,2178,23346,146,116,0,83886092,0x0500000C,misc,,00000012.pro,-1,,0
992,,174492,0,2179,23347,147,116,0,83886092,0x0500000C,misc,,00000012.pro,-1,,0
993,,174580,0,2184,23468,68,117,0,83886092,0x0500000C,misc,,00000012.pro,-1,,0
994,,174668,0,2186,23490,90,117,0,50331842,0x030000C2,wall,,00000194.pro,-1,,0
995,,174756,0,2187,23491,91,117,0,33554567,0x02000087,scenery,generic,00000136.pro,-1,,0
996,,174844,0,2189,23510,110,117,0,50331879,0x030000E7,wall,,00000231.pro,-1,,0
997,,174932,0,2213,23542,142,117,0,83886092,0x0500000C,misc,,00000012.pro,-1,,0
998,,175020,0,2214,23543,143,117,0,83886092,0x0500000C,misc,,00000012.pro,-1,,0
999,,175108,0,2215,23544,144,117,0,83886092,0x0500000C,misc,,00000012.pro,-1,,0
1000,,175196,0,2216,23545,145,117,0,83886092,0x0500000C,misc,,00000012.pro,-1,,0
1001,,175284,0,2221,23669,69,118,0,83886092,0x0500000C,misc,,00000012.pro,-1,,0
1002,,175372,0,2224,23690,90,118,0,50332298,0x0300028A,wall,,00000650.pro,-1,,0
1003,,175460,0,2226,23691,91,118,0,50332270,0x0300026E,wall,,00000622.pro,-1,,0
1004,,175548,0,2228,23692,92,118,0,50332270,0x0300026E,wall,,00000622.pro,-1,,0
1005,,175636,0,2229,23710,110,118,0,50331881,0x030000E9,wall,,00000233.pro,-1,,0
1006,,175724,0,2251,23740,140,118,0,83886092,0x0500000C,misc,,00000012.pro,-1,,0
1007,,175812,0,2252,23741,141,118,0,83886092,0x0500000C,misc,,00000012.pro,-1,,0
1008,,175900,0,2253,23742,142,118,0,83886092,0x0500000C,misc,,00000012.pro,-1,,0
1009,,175988,0,2254,23743,143,118,0,83886092,0x0500000C,misc,,00000012.pro,-1,,0
1010,,176076,0,2259,23869,69,119,0,83886092,0x0500000C,misc,,00000012.pro,-1,,0
1011,,176164,0,2260,23870,70,119,0,83886092,0x0500000C,misc,,00000012.pro,-1,,0
1012,,176252,0,2262,23890,90,119,0,50332269,0x0300026D,wall,,00000621.pro,-1,,0
1013,,176340,0,2264,23891,91,119,0,50332269,0x0300026D,wall,,00000621.pro,-1,,0
1014,,176428,0,2265,23892,92,119,0,50331876,0x030000E4,wall,,00000228.pro,-1,,0
1015,,176516,0,2266,23893,93,119,0,50331875,0x030000E3,wall,,00000227.pro,-1,,0
1016,,176604,0,2267,23894,94,119,0,50331874,0x030000E2,wall,,00000226.pro,-1,,0
1017,,176692,0,2268,23895,95,119,0,50331873,0x030000E1,wall,,00000225.pro,-1,,0
1018,,176780,0,2269,23896,96,119,0,50331872,0x030000E0,wall,,00000224.pro,-1,,0
1019,,176868,0,2270,23897,97,119,0,50331877,0x030000E5,wall,,00000229.pro,-1,,0
1020,,176956,0,2271,23898,98,119,0,50331876,0x030000E4,wall,,00000228.pro,-1,,0
1021,,177044,0,2272,23899,99,119,0,50331877,0x030000E5,wall,,00000229.pro,-1,,0
1022,,177132,0,2273,23900,100,119,0,50332270,0x0300026E,wall,,00000622.pro,-1,,0
1023,,177220,0,2274,23906,106,119,0,50332300,0x0300028C,wall,,00000652.pro,-1,,0
1024,,177308,0,2275,23907,107,119,0,50331877,0x030000E5,wall,,00000229.pro,-1,,0
1025,,177396,0,2276,23908,108,119,0,50331876,0x030000E4,wall,,00000228.pro,-1,,0
1026,,177484,0,2277,23909,109,119,0,50331877,0x030000E5,wall,,00000229.pro,-1,,0
1027,,177572,0,2278,23910,110,119,0,50332301,0x0300028D,wall,,00000653.pro,-1,,0
1028,,177660,0,2286,23938,138,119,0,83886092,0x0500000C,misc,,00000012.pro,-1,,0
1029,,177748,0,2287,23939,139,119,0,83886092,0x0500000C,misc,,00000012.pro,-1,,0
1030,,177836,0,2288,23940,140,119,0,83886092,0x0500000C,misc,,00000012.pro,-1,,0
1031,,177924,0,2289,23941,141,119,0,83886092,0x0500000C,misc,,00000012.pro,-1,,0
1032,,178012,0,2294,24070,70,120,0,83886092,0x0500000C,misc,,00000012.pro,-1,,0
1033,,178100,0,2298,24099,99,120,0,50332269,0x0300026D,wall,,00000621.pro,-1,,0
1034,,178188,0,2299,24100,100,120,0,50332297,0x03000289,wall,,00000649.pro,-1,,0
1035,,178276,0,2300,24101,101,120,0,50332270,0x0300026E,wall,,00000622.pro,-1,,0
1036,,178364,0,2301,24106,106,120,0,50332269,0x0300026D,wall,,00000621.pro,-1,,0
1037,,178452,0,2309,24136,136,120,0,83886092,0x0500000C,misc,,00000012.pro,-1,,0
1038,,178540,0,2311,24137,137,120,0,83886092,0x0500000C,misc,,00000012.pro,-1,,0
1039,,178628,0,2312,24138,138,120,0,83886092,0x0500000C,misc,,00000012.pro,-1,,0
1040,,178716,0,2313,24139,139,120,0,83886092,0x0500000C,misc,,00000012.pro,-1,,0
1041,,178804,0,2318,24271,71,121,0,83886092,0x0500000C,misc,,00000012.pro,-1,,0
1042,,178892,0,2321,24300,100,121,0,50331837,0x030000BD,wall,,00000189.pro,-1,,0
1043,,178980,0,2322,24301,101,121,0,50332270,0x0300026E,wall,,00000622.pro,-1,,0
1044,,179068,0,2323,24306,106,121,0,50331878,0x030000E6,wall,,00000230.pro,-1,,0
1045,,179156,0,2327,24334,134,121,0,83886092,0x0500000C,misc,,00000012.pro,-1,,0
1046,,179244,0,2328,24335,135,121,0,83886092,0x0500000C,misc,,00000012.pro,-1,,0
1047,,179332,0,2329,24336,136,121,0,83886092,0x0500000C,misc,,00000012.pro,-1,,0
1048,,179420,0,2331,24337,137,121,0,83886092,0x0500000C,misc,,00000012.pro,-1,,0
1049,,179508,0,2344,24471,71,122,0,83886092,0x0500000C,misc,,00000012.pro,-1,,0
1050,,179596,0,2345,24472,72,122,0,83886092,0x0500000C,misc,,00000012.pro,-1,,0
1051,,179684,0,2347,24500,100,122,0,50331838,0x030000BE,wall,,00000190.pro,-1,,0
1052,,179772,0,2348,24501,101,122,0,50332270,0x0300026E,wall,,00000622.pro,-1,,0
1053,,179860,0,2349,24506,106,122,0,50331879,0x030000E7,wall,,00000231.pro,-1,,0
1054,,179948,0,2356,24532,132,122,0,83886092,0x0500000C,misc,,00000012.pro,-1,,0
1055,,180036,0,2357,24533,133,122,0,83886092,0x0500000C,misc,,00000012.pro,-1,,0
1056,,180124,0,2358,24534,134,122,0,83886092,0x0500000C,misc,,00000012.pro,-1,,0
1057,,180212,0,2359,24535,135,122,0,83886092,0x0500000C,misc,,00000012.pro,-1,,0
1058,,180300,0,2370,24672,72,123,0,83886092,0x0500000C,misc,,00000012.pro,-1,,0
1059,,180388,0,2372,24700,100,123,0,50331839,0x030000BF,wall,,00000191.pro,-1,,0
1060,,180476,0,2373,24701,101,123,0,50332270,0x0300026E,wall,,00000622.pro,-1,,0
1061,,180564,0,2374,24706,106,123,0,50331880,0x030000E8,wall,,00000232.pro,-1,,0
1062,,180652,0,2377,24730,130,123,0,83886092,0x0500000C,misc,,00000012.pro,-1,,0
1063,,180740,0,2382,24731,131,123,0,83886092,0x0500000C,misc,,00000012.pro,-1,,0
1064,,180828,0,2383,24732,132,123,0,83886092,0x0500000C,misc,,00000012.pro,-1,,0
1065,,180916,0,2384,24733,133,123,0,83886092,0x0500000C,misc,,00000012.pro,-1,,0
1066,,181004,0,2390,24873,73,124,0,83886092,0x0500000C,misc,,00000012.pro,-1,,0
1067,,181092,0,2393,24900,100,124,0,50331840,0x030000C0,wall,,00000192.pro,-1,,0
1068,,181180,0,2394,24901,101,124,0,50332270,0x0300026E,wall,,00000622.pro,-1,,0
1069,,181268,0,2395,24906,106,124,0,50331881,0x030000E9,wall,,00000233.pro,-1,,0
1070,,181356,0,2399,24928,128,124,0,83886092,0x0500000C,misc,,00000012.pro,-1,,0
1071,,181444,0,2400,24929,129,124,0,83886092,0x0500000C,misc,,00000012.pro,-1,,0
1072,,181532,0,2401,24930,130,124,0,83886092,0x0500000C,misc,,00000012.pro,-1,,0
1073,,181620,0,2402,24931,131,124,0,83886092,0x0500000C,misc,,00000012.pro,-1,,0
1074,,181708,0,2408,25073,73,125,0,83886092,0x0500000C,misc,,00000012.pro,-1,,0
1075,,181796,0,2409,25074,74,125,0,83886092,0x0500000C,misc,,00000012.pro,-1,,0
1076,,181884,0,2411,25100,100,125,0,50331841,0x030000C1,wall,,00000193.pro,-1,,0
1077,,181972,0,2412,25101,101,125,0,33554563,0x02000083,scenery,generic,00000132.pro,-1,,0
1078,,182060,0,2413,25106,106,125,0,50331878,0x030000E6,wall,,00000230.pro,-1,,0
1079,,182148,0,2425,25127,127,125,0,83886092,0x0500000C,misc,,00000012.pro,-1,,0
1080,,182236,0,2426,25128,128,125,0,83886092,0x0500000C,misc,,00000012.pro,-1,,0
1081,,182324,0,2427,25129,129,125,0,83886092,0x0500000C,misc,,00000012.pro,-1,,0
1082,,182412,0,2434,25274,74,126,0,83886092,0x0500000C,misc,,00000012.pro,-1,,0
1083,,182500,0,2436,25300,100,126,0,50331842,0x030000C2,wall,,00000194.pro,-1,,0
1084,,182588,0,2437,25301,101,126,0,50332270,0x0300026E,wall,,00000622.pro,-1,,0
1085,,182676,0,2438,25306,106,126,0,50331879,0x030000E7,wall,,00000231.pro,-1,,0
1086,,182764,0,2449,25327,127,126,0,83886092,0x0500000C,misc,,00000012.pro,-1,,0
1087,,182852,0,2450,25328,128,126,0,83886092,0x0500000C,misc,,00000012.pro,-1,,0
1088,,182940,0,2459,25475,75,127,0,83886092,0x0500000C,misc,,00000012.pro,-1,,0
1089,,183028,0,2463,25500,100,127,0,50331843,0x030000C3,wall,,00000195.pro,-1,,0
1090,,183116,0,2464,25501,101,127,0,50332270,0x0300026E,wall,,00000622.pro,-1,,0
1091,,183204,0,2465,25506,106,127,0,50331880,0x030000E8,wall,,00000232.pro,-1,,0
1092,,183292,0,2469,25528,128,127,0,83886092,0x0500000C,misc,,00000012.pro,-1,,0
1093,,183380,0,2477,25675,75,128,0,83886092,0x0500000C,misc,,00000012.pro,-1,,0
1094,,183468,0,2478,25676,76,128,0,83886092,0x0500000C,misc,,00000012.pro,-1,,0
1095,,183556,0,2480,25700,100,128,0,50331844,0x030000C4,wall,,00000196.pro,-1,,0
1096,,183644,0,2481,25701,101,128,0,50332270,0x0300026E,wall,,00000622.pro,-1,,0
1097,,183732,0,2482,25706,106,128,0,50331881,0x030000E9,wall,,00000233.pro,-1,,0
1098,,183820,0,2487,25729,129,128,0,83886092,0x0500000C,misc,,00000012.pro,-1,,0
1099,,183908,0,2504,25876,76,129,0,83886092,0x0500000C,misc,,00000012.pro,-1,,0
1100,,183996,0,2506,25900,100,129,0,50331845,0x030000C5,wall,,00000197.pro,-1,,0
1101,,184084,0,2507,25901,101,129,0,50332270,0x0300026E,wall,,00000622.pro,-1,,0
1102,,184172,0,2508,25906,106,129,0,50331878,0x030000E6,wall,,00000230.pro,-1,,0
1103,,184260,0,2514,25929,129,129,0,83886092,0x0500000C,misc,,00000012.pro,-1,,0
1104,,184348,0,2515,25930,130,129,0,83886092,0x0500000C,misc,,00000012.pro,-1,,0
1105,,184436,0,2523,26077,77,130,0,83886092,0x0500000C,misc,,00000012.pro,-1,,0
1106,,184524,0,2526,26100,100,130,0,50331838,0x030000BE,wall,,00000190.pro,-1,,0
1107,,184612,0,2527,26101,101,130,0,50332270,0x0300026E,wall,,00000622.pro,-1,,0
1108,,184700,0,2531,26106,106,130,0,50331879,0x030000E7,wall,,00000231.pro,-1,,0
1109,,184788,0,2539,26130,130,130,0,83886092,0x0500000C,misc,,00000012.pro,-1,,0
1110,,184876,0,2548,26277,77,131,0,83886092,0x0500000C,misc,,00000012.pro,-1,,0
1111,,184964,0,2549,26278,78,131,0,83886092,0x0500000C,misc,,00000012.pro,-1,,0
1112,,185052,0,2552,26300,100,131,0,50331839,0x030000BF,wall,,00000191.pro,-1,,0
1113,,185140,0,2553,26301,101,131,0,33554561,0x02000081,scenery,generic,00000130.pro,-1,,0
1114,,185228,0,2554,26306,106,131,0,50331880,0x030000E8,wall,,00000232.pro,-1,,0
1115,,185316,0,2563,26331,131,131,0,83886092,0x0500000C,misc,,00000012.pro,-1,,0
1116,,185404,0,2575,26478,78,132,0,83886092,0x0500000C,misc,,00000012.pro,-1,,0
1117,,185492,0,2580,26500,100,132,0,50331840,0x030000C0,wall,,00000192.pro,-1,,0
1118,,185580,0,2581,26501,101,132,0,50332270,0x0300026E,wall,,00000622.pro,-1,,0
1119,,185668,0,2582,26506,106,132,0,50331881,0x030000E9,wall,,00000233.pro,-1,,0
1120,,185756,0,2588,26531,131,132,0,83886092,0x0500000C,misc,,00000012.pro,-1,,0
1121,,185844,0,2589,26532,132,132,0,83886092,0x0500000C,misc,,00000012.pro,-1,,0
1122,,185932,0,2599,26679,79,133,0,83886092,0x0500000C,misc,,00000012.pro,-1,,0
1123,,186020,0,2602,26688,88,133,0,50332294,0x03000286,wall,,00000646.pro,-1,,0
1124,,186108,0,2603,26689,89,133,0,50331825,0x030000B1,wall,,00000177.pro,-1,,0
1125,,186196,0,2604,26690,90,133,0,50331824,0x030000B0,wall,,00000176.pro,-1,,0
1126,,186284,0,2605,26691,91,133,0,50331831,0x030000B7,wall,,00000183.pro,-1,,0
1127,,186372,0,2606,26692,92,133,0,50331830,0x030000B6,wall,,00000182.pro,-1,,0
1128,,186460,0,2607,26693,93,133,0,50331829,0x030000B5,wall,,00000181.pro,-1,,0
1129,,186548,0,2608,26694,94,133,0,50331828,0x030000B4,wall,,00000180.pro,-1,,0
1130,,186636,0,2609,26695,95,133,0,50331827,0x030000B3,wall,,00000179.pro,-1,,0
1131,,186724,0,2610,26696,96,133,0,50331826,0x030000B2,wall,,00000178.pro,-1,,0
1132,,186812,0,2611,26697,97,133,0,50331825,0x030000B1,wall,,00000177.pro,-1,,0
1133,,186900,0,2612,26698,98,133,0,50331824,0x030000B0,wall,,00000176.pro,-1,,0
1134,,186988,0,2613,26699,99,133,0,50331823,0x030000AF,wall,,00000175.pro,-1,,0
1135,,187076,0,2614,26700,100,133,0,50332295,0x03000287,wall,,00000647.pro,-1,,0
1136,,187164,0,2615,26701,101,133,0,50332270,0x0300026E,wall,,00000622.pro,-1,,0
1137,,187252,0,2616,26706,106,133,0,50331878,0x030000E6,wall,,00000230.pro,-1,,0
1138,,187340,0,2618,26732,132,133,0,83886092,0x0500000C,misc,,00000012.pro,-1,,0
1139,,187428,0,2627,26879,79,134,0,83886092,0x0500000C,misc,,00000012.pro,-1,,0
1140,,187516,0,2628,26880,80,134,0,83886092,0x0500000C,misc,,00000012.pro,-1,,0
1141,,187604,0,2630,26888,88,134,0,50332269,0x0300026D,wall,,00000621.pro,-1,,0
1142,,187692,0,2631,26889,89,134,0,50332270,0x0300026E,wall,,00000622.pro,-1,,0
1143,,187780,0,2632,26891,91,134,0,33554569,0x02000089,scenery,generic,00000138.pro,-1,,0
1144,,187868,0,2633,26893,93,134,0,33554566,0x02000086,scenery,generic,00000135.pro,-1,,0
1145,,187956,0,2634,26895,95,134,0,50332270,0x0300026E,wall,,00000622.pro,-1,,0
1146,,188044,0,2635,26897,97,134,0,33554569,0x02000089,scenery,generic,00000138.pro,-1,,0
1147,,188132,0,2636,26899,99,134,0,50332270,0x0300026E,wall,,00000622.pro,-1,,0
1148,,188220,0,2637,26906,106,134,0,50331879,0x030000E7,wall,,00000231.pro,-1,,0
1149,,188308,0,2640,26932,132,134,0,83886092,0x0500000C,misc,,00000012.pro,-1,,0
1150,,188396,0,2641,26933,133,134,0,83886092,0x0500000C,misc,,00000012.pro,-1,,0
1151,,188484,0,2642,26933,133,134,0,83886092,0x0500000C,misc,,00000012.pro,-1,,0
1152,,188572,0,2655,27080,80,135,0,83886092,0x0500000C,misc,,00000012.pro,-1,,0
1153,,188660,0,2657,27088,88,135,0,50331837,0x030000BD,wall,,00000189.pro,-1,,0
1154,,188748,0,2658,27089,89,135,0,50332270,0x0300026E,wall,,00000622.pro,-1,,0
1155,,188836,0,2659,27106,106,135,0,50331880,0x030000E8,wall,,00000232.pro,-1,,0
1156,,188924,0,2662,27130,130,135,0,83886092,0x0500000C,misc,,00000012.pro,-1,,0
1157,,189012,0,2663,27131,131,135,0,83886092,0x0500000C,misc,,00000012.pro,-1,,0
1158,,189100,0,2664,27132,132,135,0,83886092,0x0500000C,misc,,00000012.pro,-1,,0
1159,,189188,0,2665,27133,133,135,0,83886092,0x0500000C,misc,,00000012.pro,-1,,0
1160,,189276,0,2674,27281,81,136,0,83886092,0x0500000C,misc,,00000012.pro,-1,,0
1161,,189364,0,2677,27288,88,136,0,50331838,0x030000BE,wall,,00000190.pro,-1,,0
1162,,189452,0,2678,27289,89,136,0,50332270,0x0300026E,wall,,00000622.pro,-1,,0
1163,,189540,0,2679,27296,96,136,1,16777226,0x0100000A,critter,,00000010.pro,67108879,WanRats.int,0
1164,,189668,0,2680,27306,106,136,0,50331881,0x030000E9,wall,,00000233.pro,-1,,0
1165,,189756,0,2683,27328,128,136,0,83886092,0x0500000C,misc,,00000012.pro,-1,,0
1166,,189844,0,2684,27329,129,136,0,83886092,0x0500000C,misc,,00000012.pro,-1,,0
1167,,189932,0,2685,27330,130,136,0,83886092,0x0500000C,misc,,00000012.pro,-1,,0
1168,,190020,0,2686,27331,131,136,0,83886092,0x0500000C,misc,,00000012.pro,-1,,0
1169,,190108,0,2696,27481,81,137,0,83886092,0x0500000C,misc,,00000012.pro,-1,,0
1170,,190196,0,2697,27482,82,137,0,83886092,0x0500000C,misc,,00000012.pro,-1,,0
1171,,190284,0,2699,27488,88,137,0,50331839,0x030000BF,wall,,00000191.pro,-1,,0
1172,,190372,0,2700,27489,89,137,0,50332270,0x0300026E,wall,,00000622.pro,-1,,0
1173,,190460,0,2701,27491,91,137,1,16777230,0x0100000E,critter,,00000014.pro,-1,,1
1173/inventory/0,1,190592,0,2702,-1,,,0,160,0x000000A0,item,weapon,00000160.pro,-1,,0
1174,,190688,0,2703,27506,106,137,0,50331878,0x030000E6,wall,,00000230.pro,-1,,0
1175,,190776,0,2719,27526,126,137,0,83886092,0x0500000C,misc,,00000012.pro,-1,,0
1176,,190864,0,2721,27527,127,137,0,83886092,0x0500000C,misc,,00000012.pro,-1,,0
1177,,190952,0,2723,27528,128,137,0,83886092,0x0500000C,misc,,00000012.pro,-1,,0
1178,,191040,0,2725,27529,129,137,0,83886092,0x0500000C,misc,,00000012.pro,-1,,0
1179,,191128,0,2749,27682,82,138,0,83886092,0x0500000C,misc,,00000012.pro,-1,,0
1180,,191216,0,2751,27688,88,138,0,50331840,0x030000C0,wall,,00000192.pro,-1,,0
1181,,191304,0,2752,27689,89,138,0,33554570,0x0200008A,scenery,generic,00000139.pro,-1,,0
1182,,191392,0,2753,27706,106,138,0,50331879,0x030000E7,wall,,00000231.pro,-1,,0
1183,,191480,0,2761,27724,124,138,0,83886092,0x0500000C,misc,,00000012.pro,-1,,0
1184,,191568,0,2763,27725,125,138,0,83886092,0x0500000C,misc,,00000012.pro,-1,,0
1185,,191656,0,2765,27726,126,138,0,83886092,0x0500000C,misc,,00000012.pro,-1,,0
1186,,191744,0,2766,27727,127,138,0,83886092,0x0500000C,misc,,00000012.pro,-1,,0
1187,,191832,0,2781,27883,83,139,0,83886092,0x0500000C,misc,,00000012.pro,-1,,0
1188,,191920,0,2784,27888,88,139,0,50331841,0x030000C1,wall,,00000193.pro,-1,,0
1189,,192008,0,2786,27889,89,139,0,50332270,0x0300026E,wall,,00000622.pro,-1,,0
1190,,192096,0,2787,27893,93,139,0,33554710,0x02000116,scenery,generic,00000279.pro,-1,,0
1191,,192184,0,2788,27906,106,139,0,50331880,0x030000E8,wall,,00000232.pro,-1,,0
1192,,192272,0,2791,27922,122,139,0,83886092,0x0500000C,misc,,00000012.pro,-1,,0
1193,,192360,0,2792,27923,123,139,0,83886092,0x0500000C,misc,,00000012.pro,-1,,0
1194,,192448,0,2793,27924,124,139,0,83886092,0x0500000C,misc,,00000012.pro,-1,,0
1195,,192536,0,2794,27925,125,139,0,83886092,0x0500000C,misc,,00000012.pro,-1,,0
1196,,192624,0,2801,28083,83,140,0,83886092,0x0500000C,misc,,00000012.pro,-1,,0
1197,,192712,0,2802,28084,84,140,0,83886092,0x0500000C,misc,,00000012.pro,-1,,0
1198,,192800,0,2803,28088,88,140,0,50331842,0x030000C2,wall,,00000194.pro,-1,,0
1199,,192888,0,2805,28089,89,140,0,50332270,0x0300026E,wall,,00000622.pro,-1,,0
1200,,192976,0,2806,28092,92,140,3,16777226,0x0100000A,critter,,00000010.pro,67108881,WanRats.int,0
1201,,193104,0,2807,28106,106,140,0,50331881,0x030000E9,wall,,00000233.pro,-1,,0
1202,,193192,0,2808,28120,120,140,0,83886092,0x0500000C,misc,,00000012.pro,-1,,0
1203,,193280,0,2809,28121,121,140,0,83886092,0x0500000C,misc,,00000012.pro,-1,,0
1204,,193368,0,2810,28122,122,140,0,83886092,0x0500000C,misc,,00000012.pro,-1,,0
1205,,193456,0,2811,28123,123,140,0,83886092,0x0500000C,misc,,00000012.pro,-1,,0
1206,,193544,0,2821,28284,84,141,0,83886092,0x0500000C,misc,,00000012.pro,-1,,0
1207,,193632,0,2822,28288,88,141,0,50331843,0x030000C3,wall,,00000195.pro,-1,,0
1208,,193720,0,2823,28289,89,141,0,33554562,0x02000082,scenery,generic,00000131.pro,-1,,0
1209,,193808,0,2825,28300,100,141,5,16777226,0x0100000A,critter,,00000010.pro,67108880,WanRats.int,0
1210,,193936,0,2826,28306,106,141,0,50331878,0x030000E6,wall,,00000230.pro,-1,,0
1211,,194024,0,2827,28318,118,141,0,83886092,0x0500000C,misc,,00000012.pro,-1,,0
1212,,194112,0,2828,28319,119,141,0,83886092,0x0500000C,misc,,00000012.pro,-1,,0
1213,,194200,0,2829,28320,120,141,0,83886092,0x0500000C,misc,,00000012.pro,-1,,0
1214,,194288,0,2830,28321,121,141,0,83886092,0x0500000C,misc,,00000012.pro,-1,,0
1215,,194376,0,2836,28485,85,142,0,83886092,0x0500000C,misc,,00000012.pro,-1,,0
1216,,194464,0,2837,28488,88,142,0,50331844,0x030000C4,wall,,00000196.pro,-1,,0
1217,,194552,0,2838,28489,89,142,0,50332270,0x0300026E,wall,,00000622.pro,-1,,0
1218,,194640,0,2841,28506,106,142,0,50331879,0x030000E7,wall,,00000231.pro,-1,,0
1219,,194728,0,2842,28516,116,142,0,83886092,0x0500000C,misc,,00000012.pro,-1,,0
1220,,194816,0,2843,28517,117,142,0,83886092,0x0500000C,misc,,00000012.pro,-1,,0
1221,,194904,0,2844,28518,118,142,0,83886092,0x0500000C,misc,,00000012.pro,-1,,0
1222,,194992,0,2845,28519,119,142,0,83886092,0x0500000C,misc,,00000012.pro,-1,,0
1223,,195080,0,2851,28685,85,143,0,83886092,0x0500000C,misc,,00000012.pro,-1,,0
1224,,195168,0,2852,28686,86,143,0,83886092,0x0500000C,misc,,00000012.pro,-1,,0
1225,,195256,0,2853,28688,88,143,0,50331845,0x030000C5,wall,,00000197.pro,-1,,0
1226,,195344,0,2854,28689,89,143,0,50332270,0x0300026E,wall,,00000622.pro,-1,,0
1227,,195432,0,2857,28706,106,143,0,50331880,0x030000E8,wall,,00000232.pro,-1,,0
1228,,195520,0,2858,28714,114,143,0,83886092,0x0500000C,misc,,00000012.pro,-1,,0
1229,,195608,0,2859,28715,115,143,0,83886092,0x0500000C,misc,,00000012.pro,-1,,0
1230,,195696,0,2860,28716,116,143,0,83886092,0x0500000C,misc,,00000012.pro,-1,,0
1231,,195784,0,2861,28717,117,143,0,83886092,0x0500000C,misc,,00000012.pro,-1,,0
1232,,195872,0,2869,28886,86,144,0,83886092,0x0500000C,misc,,00000012.pro,-1,,0
1233,,195960,0,2870,28888,88,144,0,50331838,0x030000BE,wall,,00000190.pro,-1,,0
1234,,196048,0,2871,28889,89,144,0,50332270,0x0300026E,wall,,00000622.pro,-1,,0
1235,,196136,0,2873,28896,96,144,2,16777226,0x0100000A,critter,,00000010.pro,67108882,WanRats.int,0
1236,,196264,0,2874,28906,106,144,0,50331881,0x030000E9,wall,,00000233.pro,-1,,0
1237,,196352,0,2875,28912,112,144,0,83886092,0x0500000C,misc,,00000012.pro,-1,,0
1238,,196440,0,2876,28913,113,144,0,83886092,0x0500000C,misc,,00000012.pro,-1,,0
1239,,196528,0,2877,28914,114,144,0,83886092,0x0500000C,misc,,00000012.pro,-1,,0
1240,,196616,0,2878,28915,115,144,0,83886092,0x0500000C,misc,,00000012.pro,-1,,0
1241,,196704,0,2884,29087,87,145,0,83886092,0x0500000C,misc,,00000012.pro,-1,,0
1242,,196792,0,2885,29088,88,145,0,50331839,0x030000BF,wall,,00000191.pro,-1,,0
1243,,196880,0,2886,29089,89,145,0,33554563,0x02000083,scenery,generic,00000132.pro,-1,,0
1244,,196968,0,2889,29106,106,145,0,50331878,0x030000E6,wall,,00000230.pro,-1,,0
1245,,197056,0,2890,29110,110,145,0,83886092,0x0500000C,misc,,00000012.pro,-1,,0
1246,,197144,0,2891,29111,111,145,0,83886092,0x0500000C,misc,,00000012.pro,-1,,0
1247,,197232,0,2892,29112,112,145,0,83886092,0x0500000C,misc,,00000012.pro,-1,,0
1248,,197320,0,2893,29113,113,145,0,83886092,0x0500000C,misc,,00000012.pro,-1,,0
1249,,197408,0,2901,29287,87,146,0,83886092,0x0500000C,misc,,00000012.pro,-1,,0
1250,,197496,0,2902,29288,88,146,0,83886092,0x0500000C,misc,,00000012.pro,-1,,0
1251,,197584,0,2903,29288,88,146,0,50332298,0x0300028A,wall,,00000650.pro,-1,,0
1252,,197672,0,2904,29289,89,146,0,33554570,0x0200008A,scenery,generic,00000139.pro,-1,,0
1253,,197760,0,2905,29290,90,146,0,50332270,0x0300026E,wall,,00000622.pro,-1,,0
1254,,197848,0,2907,29306,106,146,0,50331881,0x030000E9,wall,,00000233.pro,-1,,0
1255,,197936,0,2908,29308,108,146,0,83886092,0x0500000C,misc,,00000012.pro,-1,,0
1256,,198024,0,2909,29309,109,146,0,83886092,0x0500000C,misc,,00000012.pro,-1,,0
1257,,198112,0,2910,29310,110,146,0,83886092,0x0500000C,misc,,00000012.pro,-1,,0
1258,,198200,0,2911,29311,111,146,0,83886092,0x0500000C,misc,,00000012.pro,-1,,0
1259,,198288,0,2930,29488,88,147,0,50332269,0x0300026D,wall,,00000621.pro,-1,,0
1260,,198376,0,2931,29488,88,147,0,83886092,0x0500000C,misc,,00000012.pro,-1,,0
1261,,198464,0,2932,29489,89,147,0,50332269,0x0300026D,wall,,00000621.pro,-1,,0
1262,,198552,0,2933,29490,90,147,0,50331874,0x030000E2,wall,,00000226.pro,-1,,0
1263,,198640,0,2934,29491,91,147,0,50331873,0x030000E1,wall,,00000225.pro,-1,,0
1264,,198728,0,2935,29492,92,147,0,50331872,0x030000E0,wall,,00000224.pro,-1,,0
1265,,198816,0,2936,29493,93,147,0,50331877,0x030000E5,wall,,00000229.pro,-1,,0
1266,,198904,0,2938,29494,94,147,0,50331876,0x030000E4,wall,,00000228.pro,-1,,0
1267,,198992,0,2939,29495,95,147,0,50331875,0x030000E3,wall,,00000227.pro,-1,,0
1268,,199080,0,2940,29496,96,147,0,50331874,0x030000E2,wall,,00000226.pro,-1,,0
1269,,199168,0,2941,29497,97,147,0,50331873,0x030000E1,wall,,00000225.pro,-1,,0
1270,,199256,0,2942,29498,98,147,0,50331872,0x030000E0,wall,,00000224.pro,-1,,0
1271,,199344,0,2943,29499,99,147,0,50331877,0x030000E5,wall,,00000229.pro,-1,,0
1272,,199432,0,2944,29500,100,147,0,50331876,0x030000E4,wall,,00000228.pro,-1,,0
1273,,199520,0,2945,29501,101,147,0,50331875,0x030000E3,wall,,00000227.pro,-1,,0
1274,,199608,0,2946,29502,102,147,0,50331874,0x030000E2,wall,,00000226.pro,-1,,0
1275,,199696,0,2947,29503,103,147,0,50331873,0x030000E1,wall,,00000225.pro,-1,,0
1276,,199784,0,2948,29504,104,147,0,50331872,0x030000E0,wall,,00000224.pro,-1,,0
1277,,199872,0,2949,29505,105,147,0,50331877,0x030000E5,wall,,00000229.pro,-1,,0
1278,,199960,0,2950,29506,106,147,0,83886092,0x0500000C,misc,,00000012.pro,-1,,0
1279,,200048,0,2951,29506,106,147,0,50332301,0x0300028D,wall,,00000653.pro,-1,,0
1280,,200136,0,2952,29507,107,147,0,83886092,0x0500000C,misc,,00000012.pro,-1,,0
1281,,200224,0,2953,29508,108,147,0,83886092,0x0500000C,misc,,00000012.pro,-1,,0
1282,,200312,0,2954,29509,109,147,0,83886092,0x0500000C,misc,,00000012.pro,-1,,0
1283,,200400,0,2973,29689,89,148,0,83886092,0x0500000C,misc,,00000012.pro,-1,,0
1284,,200488,0,2976,29704,104,148,0,83886092,0x0500000C,misc,,00000012.pro,-1,,0
1285,,200576,0,2977,29705,105,148,0,83886092,0x0500000C,misc,,00000012.pro,-1,,0
1286,,200664,0,2978,29706,106,148,0,83886092,0x0500000C,misc,,00000012.pro,-1,,0
1287,,200752,0,2979,29707,107,148,0,83886092,0x0500000C,misc,,00000012.pro,-1,,0
1288,,200840,0,2988,29889,89,149,0,83886092,0x0500000C,misc,,00000012.pro,-1,,0
1289,,200928,0,2989,29890,90,149,0,83886092,0x0500000C,misc,,00000012.pro,-1,,0
1290,,201016,0,2991,29902,102,149,0,83886092,0x0500000C,misc,,00000012.pro,-1,,0
1291,,201104,0,2992,29903,103,149,0,83886092,0x0500000C,misc,,00000012.pro,-1,,0
1292,,201192,0,2993,29904,104,149,0,83886092,0x0500000C,misc,,00000012.pro,-1,,0
1293,,201280,0,2994,29905,105,149,0,83886092,0x0500000C,misc,,00000012.pro,-1,,0
1294,,201368,0,3004,30090,90,150,0,83886092,0x0500000C,misc,,00000012.pro,-1,,0
1295,,201456,0,3006,30100,100,150,0,83886092,0x0500000C,misc,,00000012.pro,-1,,0
1296,,201544,0,3007,30101,101,150,0,83886092,0x0500000C,misc,,00000012.pro,-1,,0
1297,,201632,0,3008,30102,102,150,0,83886092,0x0500000C,misc,,00000012.pro,-1,,0
1298,,201720,0,3009,30103,103,150,0,83886092,0x0500000C,misc,,00000012.pro,-1,,0
1299,,201808,0,3021,30291,91,151,0,83886092,0x0500000C,misc,,00000012.pro,-1,,0
1300,,201896,0,3024,30298,98,151,0,83886092,0x0500000C,misc,,00000012.pro,-1,,0
1301,,201984,0,3025,30299,99,151,0,83886092,0x0500000C,misc,,00000012.pro,-1,,0
1302,,202072,0,3026,30300,100,151,0,83886092,0x0500000C,misc,,00000012.pro,-1,,0
1303,,202160,0,3027,30301,101,151,0,83886092,0x0500000C,misc,,00000012.pro,-1,,0
1304,,202248,0,3038,30491,91,152,0,83886092,0x0500000C,misc,,00000012.pro,-1,,0
1305,,202336,0,3039,30492,92,152,0,83886092,0x0500000C,misc,,00000012.pro,-1,,0
1306,,202424,0,3041,30496,96,152,0,83886092,0x0500000C,misc,,00000012.pro,-1,,0
1307,,202512,0,3043,30497,97,152,0,83886092,0x0500000C,misc,,00000012.pro,-1,,0
1308,,202600,0,3044,30498,98,152,0,83886092,0x0500000C,misc,,00000012.pro,-1,,0
1309,,202688,0,3045,30499,99,152,0,83886092,0x0500000C,misc,,00000012.pro,-1,,0
1310,,202776,0,3056,30692,92,153,0,83886092,0x0500000C,misc,,00000012.pro,-1,,0
1311,,202864,0,3057,30694,94,153,0,83886092,0x0500000C,misc,,00000012.pro,-1,,0
1312,,202952,0,3058,30695,95,153,0,83886092,0x0500000C,misc,,00000012.pro,-1,,0
1313,,203040,0,3059,30696,96,153,0,83886092,0x0500000C,misc,,00000012.pro,-1,,0
1314,,203128,0,3060,30697,97,153,0,83886092,0x0500000C,misc,,00000012.pro,-1,,0
1315,,203216,0,3070,30893,93,154,0,83886092,0x0500000C,misc,,00000012.pro,-1,,0
1316,,203304,0,3071,30894,94,154,0,83886092,0x0500000C,misc,,00000012.pro,-1,,0
1317,,203392,0,3072,30895,95,154,0,83886092,0x0500000C,misc,,00000012.pro,-1,,0
1318,,203480,0,3085,31093,93,155,0,83886092,0x0500000C,misc,,00000012.pro,-1,,0
1319,,203572,1,43,7122,122,35,0,33554776,0x02000158,scenery,generic,00000345.pro,-1,,0
1320,,203660,1,47,7320,120,36,0,33554776,0x02000158,scenery,generic,00000345.pro,-1,,0
1321,,203748,1,48,7321,121,36,0,33554776,0x02000158,scenery,generic,00000345.pro,-1,,0
1322,,203836,1,49,7323,123,36,0,33554776,0x02000158,scenery,generic,00000345.pro,-1,,0
1323,,203924,1,53,7518,118,37,0,33554776,0x02000158,scenery,generic,00000345.pro,-1,,0
1324,,204012,1,54,7519,119,37,0,33554776,0x02000158,scenery,generic,00000345.pro,-1,,0
1325,,204100,1,55,7523,123,37,0,33554776,0x02000158,scenery,generic,00000345.pro,-1,,0
1326,,204188,1,56,7524,124,37,0,33554776,0x02000158,scenery,generic,00000345.pro,-1,,0
1327,,204276,1,64,7716,116,38,0,33554776,0x02000158,scenery,generic,00000345.pro,-1,,0
1328,,204364,1,65,7717,117,38,0,33554776,0x02000158,scenery,generic,00000345.pro,-1,,0
1329,,204452,1,66,7724,124,38,0,33554776,0x02000158,scenery,generic,00000345.pro,-1,,0
1330,,204540,1,71,7916,116,39,0,33554776,0x02000158,scenery,generic,00000345.pro,-1,,0
1331,,204628,1,72,7925,125,39,0,33554776,0x02000158,scenery,generic,00000345.pro,-1,,0
1332,,204716,1,77,8116,116,40,0,33554776,0x02000158,scenery,generic,00000345.pro,-1,,0
1333,,204804,1,78,8125,125,40,0,33554776,0x02000158,scenery,generic,00000345.pro,-1,,0
1334,,204892,1,79,8126,126,40,0,33554776,0x02000158,scenery,generic,00000345.pro,-1,,0
1335,,204980,1,86,8310,110,41,0,33554776,0x02000158,scenery,generic,00000345.pro,-1,,0
1336,,205068,1,87,8311,111,41,0,33554776,0x02000158,scenery,generic,00000345.pro,-1,,0
1337,,205156,1,88,8312,112,41,0,50332156,0x030001FC,wall,,00000508.pro,-1,,0
1338,,205244,1,89,8316,116,41,0,50332242,0x03000252,wall,,00000594.pro,-1,,0
1339,,205332,1,90,8326,126,41,0,33554776,0x02000158,scenery,generic,00000345.pro,-1,,0
1340,,205420,1,97,8508,108,42,0,33554776,0x02000158,scenery,generic,00000345.pro,-1,,0
1341,,205508,1,98,8509,109,42,0,33554776,0x02000158,scenery,generic,00000345.pro,-1,,0
1342,,205596,1,99,8512,112,42,0,50332155,0x030001FB,wall,,00000507.pro,-1,,0
1343,,205684,1,100,8516,116,42,0,50332243,0x03000253,wall,,00000595.pro,-1,,0
1344,,205772,1,101,8527,127,42,0,33554776,0x02000158,scenery,generic,00000345.pro,-1,,0
1345,,205860,1,105,8706,106,43,0,33554776,0x02000158,scenery,generic,00000345.pro,-1,,0
1346,,205948,1,106,8707,107,43,0,33554776,0x02000158,scenery,generic,00000345.pro,-1,,0
1347,,206036,1,107,8712,112,43,0,50332157,0x030001FD,wall,,00000509.pro,-1,,0
1348,,206124,1,108,8716,116,43,0,50332246,0x03000256,wall,,00000598.pro,-1,,0
1349,,206212,1,109,8727,127,43,0,33554776,0x02000158,scenery,generic,00000345.pro,-1,,0
1350,,206300,1,110,8728,128,43,0,33554776,0x02000158,scenery,generic,00000345.pro,-1,,0
1351,,206388,1,114,8904,104,44,0,33554776,0x02000158,scenery,generic,00000345.pro,-1,,0
1352,,206476,1,115,8905,105,44,0,33554776,0x02000158,scenery,generic,00000345.pro,-1,,0
1353,,206564,1,116,8912,112,44,0,50332156,0x030001FC,wall,,00000508.pro,-1,,0
1354,,206652,1,117,8916,116,44,0,50332243,0x03000253,wall,,00000595.pro,-1,,0
1355,,206740,1,118,8928,128,44,0,33554776,0x02000158,scenery,generic,00000345.pro,-1,,0
1356,,206828,1,122,9102,102,45,0,33554776,0x02000158,scenery,generic,00000345.pro,-1,,0
1357,,206916,1,123,9103,103,45,0,33554776,0x02000158,scenery,generic,00000345.pro,-1,,0
1358,,207004,1,124,9112,112,45,0,50332155,0x030001FB,wall,,00000507.pro,-1,,0
1359,,207092,1,125,9116,116,45,0,50332246,0x03000256,wall,,00000598.pro,-1,,0
1360,,207180,1,126,9129,129,45,0,33554776,0x02000158,scenery,generic,00000345.pro,-1,,0
1361,,207268,1,131,9300,100,46,0,33554776,0x02000158,scenery,generic,00000345.pro,-1,,0
1362,,207356,1,132,9301,101,46,0,33554776,0x02000158,scenery,generic,00000345.pro,-1,,0
1363,,207444,1,133,9312,112,46,0,50332157,0x030001FD,wall,,00000509.pro,-1,,0
1364,,207532,1,134,9316,116,46,0,50332243,0x03000253,wall,,00000595.pro,-1,,0
1365,,207620,1,135,9329,129,46,0,33554776,0x02000158,scenery,generic,00000345.pro,-1,,0
1366,,207708,1,136,9330,130,46,0,33554776,0x02000158,scenery,generic,00000345.pro,-1,,0
1367,,207796,1,144,9498,98,47,0,33554776,0x02000158,scenery,generic,00000345.pro,-1,,0
1368,,207884,1,145,9499,99,47,0,33554776,0x02000158,scenery,generic,00000345.pro,-1,,0
1369,,207972,1,146,9512,112,47,0,50332156,0x030001FC,wall,,00000508.pro,-1,,0
1370,,208060,1,147,9516,116,47,0,50332246,0x03000256,wall,,00000598.pro,-1,,0
1371,,208148,1,148,9530,130,47,0,33554776,0x02000158,scenery,generic,00000345.pro,-1,,0
1372,,208236,1,166,9697,97,48,0,33554776,0x02000158,scenery,generic,00000345.pro,-1,,0
1373,,208324,1,167,9712,112,48,0,50332155,0x030001FB,wall,,00000507.pro,-1,,0
1374,,208412,1,168,9716,116,48,0,50332243,0x03000253,wall,,00000595.pro,-1,,0
1375,,208500,1,169,9731,131,48,0,33554776,0x02000158,scenery,generic,00000345.pro,-1,,0
1376,,208588,1,181,9896,96,49,0,50332147,0x030001F3,wall,,00000499.pro,-1,,0
1377,,208676,1,182,9897,97,49,0,50332153,0x030001F9,wall,,00000505.pro,-1,,0
1378,,208764,1,183,9898,98,49,0,50332147,0x030001F3,wall,,00000499.pro,-1,,0
1379,,208852,1,184,9899,99,49,0,50332150,0x030001F6,wall,,00000502.pro,-1,,0
1380,,208940,1,185,9900,100,49,0,50332151,0x030001F7,wall,,00000503.pro,-1,,0
1381,,209028,1,186,9901,101,49,0,50332153,0x030001F9,wall,,00000505.pro,-1,,0
1382,,209116,1,187,9902,102,49,0,50332287,0x0300027F,wall,,00000639.pro,-1,,0
1383,,209204,1,188,9903,103,49,0,50332150,0x030001F6,wall,,00000502.pro,-1,,0
1384,,209292,1,189,9904,104,49,0,50332147,0x030001F3,wall,,00000499.pro,-1,,0
1385,,209380,1,190,9905,105,49,0,50332153,0x030001F9,wall,,00000505.pro,-1,,0
1386,,209468,1,191,9906,106,49,0,50332151,0x030001F7,wall,,00000503.pro,-1,,0
1387,,209556,1,192,9907,107,49,0,50332150,0x030001F6,wall,,00000502.pro,-1,,0
1388,,209644,1,193,9908,108,49,0,50332287,0x0300027F,wall,,00000639.pro,-1,,0
1389,,209732,1,194,9909,109,49,0,50332150,0x030001F6,wall,,00000502.pro,-1,,0
1390,,209820,1,195,9910,110,49,0,50332147,0x030001F3,wall,,00000499.pro,-1,,0
1391,,209908,1,196,9911,111,49,0,50332146,0x030001F2,wall,,00000498.pro,-1,,0
1392,,209996,1,197,9912,112,49,0,50332145,0x030001F1,wall,,00000497.pro,-1,,0
1393,,210084,1,198,9916,116,49,0,50332154,0x030001FA,wall,,00000506.pro,-1,,0
1394,,210172,1,199,9917,117,49,0,50332150,0x030001F6,wall,,00000502.pro,-1,,0
1395,,210260,1,200,9918,118,49,0,50332151,0x030001F7,wall,,00000503.pro,-1,,0
1396,,210348,1,201,9919,119,49,0,50332150,0x030001F6,wall,,00000502.pro,-1,,0
1397,,210436,1,202,9920,120,49,0,50332287,0x0300027F,wall,,00000639.pro,-1,,0
1398,,210524,1,203,9921,121,49,0,50332153,0x030001F9,wall,,00000505.pro,-1,,0
1399,,210612,1,204,9922,122,49,0,50332151,0x030001F7,wall,,00000503.pro,-1,,0
1400,,210700,1,205,9923,123,49,0,50332150,0x030001F6,wall,,00000502.pro,-1,,0
1401,,210788,1,206,9924,124,49,0,50332147,0x030001F3,wall,,00000499.pro,-1,,0
1402,,210876,1,207,9925,125,49,0,50332153,0x030001F9,wall,,00000505.pro,-1,,0
1403,,210964,1,208,9926,126,49,0,50332286,0x0300027E,wall,,00000638.pro,-1,,0
1404,,211052,1,209,9927,127,49,0,50332150,0x030001F6,wall,,00000502.pro,-1,,0
1405,,211140,1,210,9928,128,49,0,50332151,0x030001F7,wall,,00000503.pro,-1,,0
1406,,211228,1,211,9929,129,49,0,50332153,0x030001F9,wall,,00000505.pro,-1,,0
1407,,211316,1,212,9930,130,49,0,50332147,0x030001F3,wall,,00000499.pro,-1,,0
1408,,211404,1,213,9931,131,49,0,50332150,0x030001F6,wall,,00000502.pro,-1,,0
1409,,211492,1,214,9932,132,49,0,50332151,0x030001F7,wall,,00000503.pro,-1,,0
1410,,211580,1,224,10097,97,50,0,50332270,0x0300026E,wall,,00000622.pro,-1,,0
1411,,211668,1,225,10099,99,50,0,50332270,0x0300026E,wall,,00000622.pro,-1,,0
1412,,211756,1,226,10101,101,50,0,50332270,0x0300026E,wall,,00000622.pro,-1,,0
1413,,211844,1,227,10103,103,50,0,50332270,0x0300026E,wall,,00000622.pro,-1,,0
1414,,211932,1,228,10105,105,50,0,50332270,0x0300026E,wall,,00000622.pro,-1,,0
1415,,212020,1,229,10107,107,50,0,50332270,0x0300026E,wall,,00000622.pro,-1,,0
1416,,212108,1,230,10109,109,50,0,50332270,0x0300026E,wall,,00000622.pro,-1,,0
1417,,212196,1,231,10111,111,50,0,50332270,0x0300026E,wall,,00000622.pro,-1,,0
1418,,212284,1,232,10117,117,50,0,50332270,0x0300026E,wall,,00000622.pro,-1,,0
1419,,212372,1,233,10119,119,50,0,50332270,0x0300026E,wall,,00000622.pro,-1,,0
1420,,212460,1,234,10121,121,50,0,50332270,0x0300026E,wall,,00000622.pro,-1,,0
1421,,212548,1,235,10123,123,50,0,50332270,0x0300026E,wall,,00000622.pro,-1,,0
1422,,212636,1,236,10125,125,50,0,50332270,0x0300026E,wall,,00000622.pro,-1,,0
1423,,212724,1,237,10127,127,50,0,50332270,0x0300026E,wall,,00000622.pro,-1,,0
1424,,212812,1,238,10129,129,50,0,50332270,0x0300026E,wall,,00000622.pro,-1,,0
1425,,212900,1,239,10131,131,50,0,50332270,0x0300026E,wall,,00000622.pro,-1,,0
1426,,212988,1,265,10720,120,53,0,83886092,0x0500000C,misc,,00000012.pro,-1,,0
1427,,213076,1,275,10918,118,54,0,83886092,0x0500000C,misc,,00000012.pro,-1,,0
1428,,213164,1,276,10919,119,54,0,83886092,0x0500000C,misc,,00000012.pro,-1,,0
1429,,213252,1,277,10920,120,54,0,83886092,0x0500000C,misc,,00000012.pro,-1,,0
1430,,213340,1,287,11116,116,55,0,83886092,0x0500000C,misc,,00000012.pro,-1,,0
1431,,213428,1,288,11117,117,55,0,83886092,0x0500000C,misc,,00000012.pro,-1,,0
1432,,213516,1,289,11118,118,55,0,83886092,0x0500000C,misc,,00000012.pro,-1,,0
1433,,213604,1,290,11119,119,55,0,83886092,0x0500000C,misc,,00000012.pro,-1,,0
1434,,213692,1,291,11121,121,55,0,83886092,0x0500000C,misc,,00000012.pro,-1,,0
1435,,213780,1,306,11314,114,56,0,83886092,0x0500000C,misc,,00000012.pro,-1,,0
1436,,213868,1,307,11315,115,56,0,83886092,0x0500000C,misc,,00000012.pro,-1,,0
1437,,213956,1,308,11316,116,56,0,83886092,0x0500000C,misc,,00000012.pro,-1,,0
1438,,214044,1,309,11317,117,56,0,83886092,0x0500000C,misc,,00000012.pro,-1,,0
1439,,214132,1,310,11321,121,56,0,83886092,0x0500000C,misc,,00000012.pro,-1,,0
1440,,214220,1,311,11322,122,56,0,83886092,0x0500000C,misc,,00000012.pro,-1,,0
1441,,214308,1,323,11512,112,57,0,83886092,0x0500000C,misc,,00000012.pro,-1,,0
1442,,214396,1,324,11513,113,57,0,83886092,0x0500000C,misc,,00000012.pro,-1,,0
1443,,214484,1,325,11514,114,57,0,83886092,0x0500000C,misc,,00000012.pro,-1,,0
1444,,214572,1,326,11515,115,57,0,83886092,0x0500000C,misc,,00000012.pro,-1,,0
1445,,214660,1,327,11518,118,57,0,33554557,0x0200007D,scenery,generic,00000126.pro,-1,,0
1446,,214748,1,328,11522,122,57,0,83886092,0x0500000C,misc,,00000012.pro,-1,,0
1447,,214836,1,337,11710,110,58,0,83886092,0x0500000C,misc,,00000012.pro,-1,,0
1448,,214924,1,338,11711,111,58,0,83886092,0x0500000C,misc,,00000012.pro,-1,,0
1449,,215012,1,339,11712,112,58,0,83886092,0x0500000C,misc,,00000012.pro,-1,,0
1450,,215100,1,340,11713,113,58,0,83886092,0x0500000C,misc,,00000012.pro,-1,,0
1451,,215188,1,341,11716,116,58,0,33554534,0x02000066,scenery,generic,00000103.pro,-1,,0
1452,,215276,1,342,11717,117,58,0,33554557,0x0200007D,scenery,generic,00000126.pro,-1,,0
1453,,215364,1,343,11717,117,58,0,33554558,0x0200007E,scenery,generic,00000127.pro,-1,,0
1454,,215452,1,344,11717,117,58,0,33554534,0x02000066,scenery,generic,00000103.pro,-1,,0
1455,,215540,1,345,11718,118,58,0,33554559,0x0200007F,scenery,generic,00000128.pro,-1,,0
1456,,215628,1,346,11718,118,58,0,33554534,0x02000066,scenery,generic,00000103.pro,-1,,0
1457,,215716,1,347,11719,119,58,0,33554558,0x0200007E,scenery,generic,00000127.pro,-1,,0
1458,,215804,1,348,11723,123,58,0,83886092,0x0500000C,misc,,00000012.pro,-1,,0
1459,,215892,1,357,11908,108,59,0,83886092,0x0500000C,misc,,00000012.pro,-1,,0
1460,,215980,1,358,11909,109,59,0,83886092,0x0500000C,misc,,00000012.pro,-1,,0
1461,,216068,1,359,11910,110,59,0,83886092,0x0500000C,misc,,00000012.pro,-1,,0
1462,,216156,1,360,11911,111,59,0,83886092,0x0500000C,misc,,00000012.pro,-1,,0
1463,,216244,1,361,11919,119,59,0,33554559,0x0200007F,scenery,generic,00000128.pro,-1,,0
1464,,216332,1,364,11923,123,59,0,83886092,0x0500000C,misc,,00000012.pro,-1,,0
1465,,216420,1,366,11924,124,59,0,83886092,0x0500000C,misc,,00000012.pro,-1,,0
1466,,216508,1,373,12097,97,60,0,33554535,0x02000067,scenery,generic,00000104.pro,-1,,0
1467,,216596,1,374,12098,98,60,0,33554534,0x02000066,scenery,generic,00000103.pro,-1,,0
1468,,216684,1,375,12106,106,60,0,83886092,0x0500000C,misc,,00000012.pro,-1,,0
1469,,216772,1,376,12107,107,60,0,83886092,0x0500000C,misc,,00000012.pro,-1,,0
1470,,216860,1,377,12108,108,60,0,83886092,0x0500000C,misc,,00000012.pro,-1,,0
1471,,216948,1,378,12109,109,60,0,83886092,0x0500000C,misc,,00000012.pro,-1,,0
1472,,217036,1,383,12124,124,60,0,83886092,0x0500000C,misc,,00000012.pro,-1,,0
1473,,217124,1,388,12297,97,61,0,33554559,0x0200007F,scenery,generic,00000128.pro,-1,,0
1474,,217212,1,389,12304,104,61,0,83886092,0x0500000C,misc,,00000012.pro,-1,,0
1475,,217300,1,390,12305,105,61,0,83886092,0x0500000C,misc,,00000012.pro,-1,,0
1476,,217388,1,391,12306,106,61,0,83886092,0x0500000C,misc,,00000012.pro,-1,,0
1477,,217476,1,392,12307,107,61,0,83886092,0x0500000C,misc,,00000012.pro,-1,,0
1478,,217564,1,397,12324,124,61,0,33554723,0x02000123,scenery,generic,00000292.pro,-1,,0
1479,,217652,1,398,12325,125,61,0,83886092,0x0500000C,misc,,00000012.pro,-1,,0
1480,,217740,1,403,12502,102,62,0,83886092,0x0500000C,misc,,00000012.pro,-1,,0
1481,,217828,1,404,12503,103,62,0,83886092,0x0500000C,misc,,00000012.pro,-1,,0
1482,,217916,1,405,12504,104,62,0,83886092,0x0500000C,misc,,00000012.pro,-1,,0
1483,,218004,1,406,12505,105,62,0,83886092,0x0500000C,misc,,00000012.pro,-1,,0
1484,,218092,1,411,12520,120,62,0,50332270,0x0300026E,wall,,00000622.pro,-1,,0
1485,,218180,1,412,12525,125,62,0,83886092,0x0500000C,misc,,00000012.pro,-1,,0
1486,,218268,1,413,12526,126,62,0,83886092,0x0500000C,misc,,00000012.pro,-1,,0
1487,,218356,1,414,12536,136,62,0,50332270,0x0300026E,wall,,00000622.pro,-1,,0
1488,,218444,1,420,12700,100,63,0,83886092,0x0500000C,misc,,00000012.pro,-1,,0
1489,,218532,1,421,12701,101,63,0,83886092,0x0500000C,misc,,00000012.pro,-1,,0
1490,,218620,1,422,12702,102,63,0,83886092,0x0500000C,misc,,00000012.pro,-1,,0
1491,,218708,1,423,12703,103,63,0,83886092,0x0500000C,misc,,00000012.pro,-1,,0
1492,,218796,1,424,12708,108,63,0,50332241,0x03000251,wall,,00000593.pro,-1,,0
1493,,218884,1,425,12709,109,63,0,50332236,0x0300024C,wall,,00000588.pro,-1,,0
1494,,218972,1,426,12710,110,63,0,50332240,0x03000250,wall,,00000592.pro,-1,,0
1495,,219060,1,427,12711,111,63,0,50332238,0x0300024E,wall,,00000590.pro,-1,,0
1496,,219148,1,428,12712,112,63,0,50332237,0x0300024D,wall,,00000589.pro,-1,,0
1497,,219236,1,429,12713,113,63,0,50332239,0x0300024F,wall,,00000591.pro,-1,,0
1498,,219324,1,431,12714,114,63,0,50332235,0x0300024B,wall,,00000587.pro,-1,,0
1499,,219412,1,433,12715,115,63,0,50332236,0x0300024C,wall,,00000588.pro,-1,,0
1500,,219500,1,435,12716,116,63,0,50332234,0x0300024A,wall,,00000586.pro,-1,,0
1501,,219588,1,437,12717,117,63,0,50332238,0x0300024E,wall,,00000590.pro,-1,,0
1502,,219676,1,438,12718,118,63,0,50332240,0x03000250,wall,,00000592.pro,-1,,0
1503,,219764,1,439,12719,119,63,0,50332239,0x0300024F,wall,,00000591.pro,-1,,0
1504,,219852,1,440,12720,120,63,0,50332269,0x0300026D,wall,,00000621.pro,-1,,0
1505,,219940,1,441,12724,124,63,0,50332241,0x03000251,wall,,00000593.pro,-1,,0
1506,,220028,1,442,12725,125,63,0,50332239,0x0300024F,wall,,00000591.pro,-1,,0
1507,,220116,1,443,12726,126,63,0,83886092,0x0500000C,misc,,00000012.pro,-1,,0
1508,,220204,1,444,12726,126,63,0,50332240,0x03000250,wall,,00000592.pro,-1,,0
1509,,220292,1,445,12727,127,63,0,50332238,0x0300024E,wall,,00000590.pro,-1,,0
1510,,220380,1,446,12728,128,63,0,50332237,0x0300024D,wall,,00000589.pro,-1,,0
1511,,220468,1,447,12729,129,63,0,50332236,0x0300024C,wall,,00000588.pro,-1,,0
1512,,220556,1,448,12730,130,63,0,50332235,0x0300024B,wall,,00000587.pro,-1,,0
1513,,220644,1,449,12731,131,63,0,50332238,0x0300024E,wall,,00000590.pro,-1,,0
1514,,220732,1,450,12732,132,63,0,50332234,0x0300024A,wall,,00000586.pro,-1,,0
1515,,220820,1,451,12733,133,63,0,50332239,0x0300024F,wall,,00000591.pro,-1,,0
1516,,220908,1,452,12734,134,63,0,50332240,0x03000250,wall,,00000592.pro,-1,,0
1517,,220996,1,453,12735,135,63,0,50332238,0x0300024E,wall,,00000590.pro,-1,,0
1518,,221084,1,454,12736,136,63,0,50332269,0x0300026D,wall,,00000621.pro,-1,,0
1519,,221172,1,459,12862,62,64,0,33554776,0x02000158,scenery,generic,00000345.pro,-1,,0
1520,,221260,1,460,12898,98,64,0,83886092,0x0500000C,misc,,00000012.pro,-1,,0
1521,,221348,1,461,12899,99,64,0,83886092,0x0500000C,misc,,00000012.pro,-1,,0
1522,,221436,1,462,12900,100,64,0,83886092,0x0500000C,misc,,00000012.pro,-1,,0
1523,,221524,1,463,12901,101,64,0,83886092,0x0500000C,misc,,00000012.pro,-1,,0
1524,,221612,1,464,12908,108,64,0,50332269,0x0300026D,wall,,00000621.pro,-1,,0
1525,,221700,1,465,12909,109,64,0,50332270,0x0300026E,wall,,00000622.pro,-1,,0
1526,,221788,1,466,12909,109,64,0,33554714,0x0200011A,scenery,generic,00000283.pro,-1,,0
1527,,221876,1,467,12911,111,64,0,50332270,0x0300026E,wall,,00000622.pro,-1,,0
1528,,221964,1,468,12911,111,64,0,33555046,0x02000266,scenery,generic,00000615.pro,-1,,0
1529,,222052,1,469,12911,111,64,0,33554715,0x0200011B,scenery,generic,00000284.pro,-1,,0
1530,,222140,1,472,12913,113,64,0,50332270,0x0300026E,wall,,00000622.pro,-1,,0
1531,,222228,1,474,12914,114,64,0,33554760,0x02000148,scenery,generic,00000329.pro,-1,,0
1532,,222316,1,476,12915,115,64,0,50332270,0x0300026E,wall,,00000622.pro,-1,,0
1533,,222404,1,477,12916,116,64,0,33554759,0x02000147,scenery,generic,00000328.pro,-1,,0
1534,,222492,1,478,12917,117,64,0,50332270,0x0300026E,wall,,00000622.pro,-1,,0
1535,,222580,1,479,12918,118,64,0,33554740,0x02000134,scenery,generic,00000309.pro,-1,,0
1536,,222668,1,480,12919,119,64,0,50332270,0x0300026E,wall,,00000622.pro,-1,,0
1537,,222756,1,481,12920,120,64,0,50332209,0x03000231,wall,,00000561.pro,-1,,0
1538,,222844,1,482,12924,124,64,0,50332269,0x0300026D,wall,,00000621.pro,-1,,0
1539,,222932,1,483,12925,125,64,0,50332270,0x0300026E,wall,,00000622.pro,-1,,0
1540,,223020,1,484,12925,125,64,0,33554715,0x0200011B,scenery,generic,00000284.pro,-1,,0
1541,,223108,1,485,12927,127,64,0,50332270,0x0300026E,wall,,00000622.pro,-1,,0
1542,,223196,1,486,12927,127,64,0,83886092,0x0500000C,misc,,00000012.pro,-1,,0
1543,,223284,1,487,12927,127,64,0,33554714,0x0200011A,scenery,generic,00000283.pro,-1,,0
1544,,223372,1,488,12929,129,64,0,50332270,0x0300026E,wall,,00000622.pro,-1,,0
1545,,223460,1,489,12930,130,64,0,33554740,0x02000134,scenery,generic,00000309.pro,-1,,0
1546,,223548,1,490,12931,131,64,0,50332270,0x0300026E,wall,,00000622.pro,-1,,0
1547,,223636,1,491,12932,132,64,0,33554739,0x02000133,scenery,generic,00000308.pro,-1,,0
1548,,223724,1,492,12933,133,64,0,50332270,0x0300026E,wall,,00000622.pro,-1,,0
1549,,223812,1,493,12935,135,64,0,50332270,0x0300026E,wall,,00000622.pro,-1,,0
1550,,223900,1,494,12936,136,64,0,50332209,0x03000231,wall,,00000561.pro,-1,,0
1551,,223988,1,499,13060,60,65,0,33554776,0x02000158,scenery,generic,00000345.pro,-1,,0
1552,,224076,1,500,13061,61,65,0,33554776,0x02000158,scenery,generic,00000345.pro,-1,,0
1553,,224164,1,501,13063,63,65,0,33554776,0x02000158,scenery,generic,00000345.pro,-1,,0
1554,,224252,1,502,13064,64,65,0,33554776,0x02000158,scenery,generic,00000345.pro,-1,,0
1555,,224340,1,503,13096,96,65,0,83886092,0x0500000C,misc,,00000012.pro,-1,,0
1556,,224428,1,504,13097,97,65,0,83886092,0x0500000C,misc,,00000012.pro,-1,,0
1557,,224516,1,505,13098,98,65,0,83886092,0x0500000C,misc,,00000012.pro,-1,,0
1558,,224604,1,506,13099,99,65,0,83886092,0x0500000C,misc,,00000012.pro,-1,,0
1559,,224692,1,507,13108,108,65,0,50332242,0x03000252,wall,,00000594.pro,-1,,0
1560,,224780,1,513,13120,120,65,0,50332203,0x0300022B,wall,,00000555.pro,-1,,0
1561,,224868,1,514,13124,124,65,0,50332242,0x03000252,wall,,00000594.pro,-1,,0
1562,,224956,1,515,13127,127,65,0,83886092,0x0500000C,misc,,00000012.pro,-1,,0
1563,,225044,1,516,13128,128,65,0,83886092,0x0500000C,misc,,00000012.pro,-1,,0
1564,,225132,1,517,13136,136,65,0,50332201,0x03000229,wall,,00000553.pro,-1,,0
1565,,225220,1,523,13258,58,66,0,33554776,0x02000158,scenery,generic,00000345.pro,-1,,0
1566,,225308,1,524,13259,59,66,0,33554776,0x02000158,scenery,generic,00000345.pro,-1,,0
1567,,225396,1,525,13264,64,66,0,50332159,0x030001FF,wall,,00000511.pro,-1,,0
1568,,225484,1,526,13294,94,66,0,83886092,0x0500000C,misc,,00000012.pro,-1,,0
1569,,225572,1,527,13295,95,66,0,83886092,0x0500000C,misc,,00000012.pro,-1,,0
1570,,225660,1,528,13296,96,66,0,83886092,0x0500000C,misc,,00000012.pro,-1,,0
1571,,225748,1,529,13297,97,66,0,83886092,0x0500000C,misc,,00000012.pro,-1,,0
1572,,225836,1,531,13308,108,66,0,50332243,0x03000253,wall,,00000595.pro,-1,,0
1573,,225924,1,533,13309,109,66,0,33554742,0x02000136,scenery,generic,00000311.pro,-1,,0
1574,,226012,1,536,13312,112,66,0,33554499,0x02000043,scenery,generic,00000068.pro,-1,,0
1575,,226100,1,537,13313,113,66,0,33554757,0x02000145,scenery,generic,00000326.pro,-1,,0
1576,,226188,1,538,13314,114,66,0,33554499,0x02000043,scenery,generic,00000068.pro,-1,,0
1577,,226276,1,539,13320,120,66,0,50332201,0x03000229,wall,,00000553.pro,-1,,0
1578,,226364,1,540,13324,124,66,0,50332243,0x03000253,wall,,00000595.pro,-1,,0
1579,,226452,1,541,13325,125,66,0,33554741,0x02000135,scenery,generic,00000310.pro,-1,,0
1580,,226540,1,542,13328,128,66,0,83886092,0x0500000C,misc,,00000012.pro,-1,,0
1581,,226628,1,543,13336,136,66,0,50332202,0x0300022A,wall,,00000554.pro,-1,,0
1582,,226716,1,548,13456,56,67,0,33554776,0x02000158,scenery,generic,00000345.pro,-1,,0
1583,,226804,1,549,13457,57,67,0,33554776,0x02000158,scenery,generic,00000345.pro,-1,,0
1584,,226892,1,550,13464,64,67,0,50332157,0x030001FD,wall,,00000509.pro,-1,,0
1585,,226980,1,551,13492,92,67,0,83886092,0x0500000C,misc,,00000012.pro,-1,,0
1586,,227068,1,552,13493,93,67,0,83886092,0x0500000C,misc,,00000012.pro,-1,,0
1587,,227156,1,553,13494,94,67,0,83886092,0x0500000C,misc,,00000012.pro,-1,,0
1588,,227244,1,554,13495,95,67,0,83886092,0x0500000C,misc,,00000012.pro,-1,,0
1589,,227332,1,558,13508,108,67,0,50332246,0x03000256,wall,,00000598.pro,-1,,0
1590,,227420,1,560,13512,112,67,0,33554499,0x02000043,scenery,generic,00000068.pro,-1,,0
1591,,227508,1,561,13514,114,67,0,33554499,0x02000043,scenery,generic,00000068.pro,-1,,0
1592,,227596,1,562,13520,120,67,0,50332202,0x0300022A,wall,,00000554.pro,-1,,0
1593,,227684,1,563,13524,124,67,0,50332246,0x03000256,wall,,00000598.pro,-1,,0
1594,,227772,1,564,13529,129,67,0,83886092,0x0500000C,misc,,00000012.pro,-1,,0
1595,,227860,1,565,13530,130,67,0,33554499,0x02000043,scenery,generic,00000068.pro,-1,,0
1596,,227948,1,566,13532,132,67,0,33554499,0x02000043,scenery,generic,00000068.pro,-1,,0
1597,,228036,1,567,13536,136,67,0,50332203,0x0300022B,wall,,00000555.pro,-1,,0
1598,,228124,1,568,13537,137,67,0,33554705,0x02000111,scenery,generic,00000274.pro,-1,,0
1599,,228212,1,569,13538,138,67,0,33554499,0x02000043,scenery,generic,00000068.pro,-1,,0
1600,,228300,1,574,13654,54,68,0,33554776,0x02000158,scenery,generic,00000345.pro,-1,,0
1601,,228388,1,575,13655,55,68,0,33554776,0x02000158,scenery,generic,00000345.pro,-1,,0
1602,,228476,1,576,13664,64,68,0,50332288,0x03000280,wall,,00000640.pro,-1,,0
1603,,228564,1,577,13690,90,68,0,83886092,0x0500000C,misc,,00000012.pro,-1,,0
1604,,228652,1,578,13691,91,68,0,83886092,0x0500000C,misc,,00000012.pro,-1,,0
1605,,228740,1,579,13692,92,68,0,83886092,0x0500000C,misc,,00000012.pro,-1,,0
1606,,228828,1,580,13693,93,68,0,83886092,0x0500000C,misc,,00000012.pro,-1,,0
1607,,228916,1,581,13694,94,68,0,16777521,0x01000131,critter,,00000305.pro,67108887,genghoul.int,0
1608,,229044,1,586,13708,108,68,0,50332249,0x03000259,wall,,00000601.pro,-1,,0
1609,,229132,1,587,13709,109,68,0,33554741,0x02000135,scenery,generic,00000310.pro,-1,,0
1610,,229220,1,588,13713,113,68,0,33554499,0x02000043,scenery,generic,00000068.pro,-1,,0
1611,,229308,1,589,13720,120,68,0,50332201,0x03000229,wall,,00000553.pro,-1,,0
1612,,229396,1,590,13724,124,68,0,50332249,0x03000259,wall,,00000601.pro,-1,,0
1613,,229484,1,591,13725,125,68,0,33554742,0x02000136,scenery,generic,00000311.pro,-1,,0
1614,,229572,1,592,13729,129,68,0,33554499,0x02000043,scenery,generic,00000068.pro,-1,,0
1615,,229660,1,593,13729,129,68,0,83886092,0x0500000C,misc,,00000012.pro,-1,,0
1616,,229748,1,594,13730,130,68,0,83886092,0x0500000C,misc,,00000012.pro,-1,,0
1617,,229836,1,595,13730,130,68,0,33554758,0x02000146,scenery,generic,00000327.pro,-1,,0
1618,,229924,1,596,13731,131,68,0,33554499,0x02000043,scenery,generic,00000068.pro,-1,,0
1619,,230012,1,597,13732,132,68,0,33554499,0x02000043,scenery,generic,00000068.pro,-1,,0
1620,,230100,1,598,13736,136,68,0,50332201,0x03000229,wall,,00000553.pro,-1,,0
1621,,230188,1,599,13737,137,68,0,33554499,0x02000043,scenery,generic,00000068.pro,-1,,0
1622,,230276,1,605,13852,52,69,0,33554776,0x02000158,scenery,generic,00000345.pro,-1,,0
1623,,230364,1,606,13853,53,69,0,33554776,0x02000158,scenery,generic,00000345.pro,-1,,0
1624,,230452,1,607,13864,64,69,0,50332156,0x030001FC,wall,,00000508.pro,-1,,0
1625,,230540,1,608,13877,77,69,0,33554534,0x02000066,scenery,generic,00000103.pro,-1,,0
1626,,230628,1,609,13878,78,69,0,33554537,0x02000069,scenery,generic,00000106.pro,-1,,0
1627,,230716,1,610,13888,88,69,0,83886092,0x0500000C,misc,,00000012.pro,-1,,0
1628,,230804,1,611,13889,89,69,0,83886092,0x0500000C,misc,,00000012.pro,-1,,0
1629,,230892,1,612,13890,90,69,0,83886092,0x0500000C,misc,,00000012.pro,-1,,0
1630,,230980,1,613,13891,91,69,0,83886092,0x0500000C,misc,,00000012.pro,-1,,0
1631,,231068,1,618,13908,108,69,0,50332243,0x03000253,wall,,00000595.pro,-1,,0
1632,,231156,1,619,13920,120,69,0,50332202,0x0300022A,wall,,00000554.pro,-1,,0
1633,,231244,1,620,13924,124,69,0,50332243,0x03000253,wall,,00000595.pro,-1,,0
1634,,231332,1,621,13929,129,69,0,33554499,0x02000043,scenery,generic,00000068.pro,-1,,0
1635,,231420,1,622,13930,130,69,0,83886092,0x0500000C,misc,,00000012.pro,-1,,0
1636,,231508,1,623,13931,131,69,0,33554499,0x02000043,scenery,generic,00000068.pro,-1,,0
1637,,231596,1,624,13932,132,69,0,33554499,0x02000043,scenery,generic,00000068.pro,-1,,0
1638,,231684,1,625,13936,136,69,0,50332202,0x0300022A,wall,,00000554.pro,-1,,0
1639,,231772,1,630,14050,50,70,0,33554776,0x02000158,scenery,generic,00000345.pro,-1,,0
1640,,231860,1,631,14051,51,70,0,33554776,0x02000158,scenery,generic,00000345.pro,-1,,0
1641,,231948,1,632,14064,64,70,0,50332155,0x030001FB,wall,,00000507.pro,-1,,0
1642,,232036,1,633,14086,86,70,0,83886092,0x0500000C,misc,,00000012.pro,-1,,0
1643,,232124,1,634,14087,87,70,0,83886092,0x0500000C,misc,,00000012.pro,-1,,0
1644,,232212,1,635,14088,88,70,0,83886092,0x0500000C,misc,,00000012.pro,-1,,0
1645,,232300,1,636,14089,89,70,0,83886092,0x0500000C,misc,,00000012.pro,-1,,0
1646,,232388,1,638,14100,100,70,3,16777521,0x01000131,critter,,00000305.pro,67108886,genghoul.int,0
1647,,232516,1,642,14108,108,70,0,50332246,0x03000256,wall,,00000598.pro,-1,,0
1648,,232604,1,643,14120,120,70,0,50332203,0x0300022B,wall,,00000555.pro,-1,,0
1649,,232692,1,644,14124,124,70,0,50332246,0x03000256,wall,,00000598.pro,-1,,0
1650,,232780,1,645,14131,131,70,0,83886092,0x0500000C,misc,,00000012.pro,-1,,0
1651,,232868,1,646,14136,136,70,0,50332203,0x0300022B,wall,,00000555.pro,-1,,0
1652,,232956,1,651,14248,48,71,0,33554776,0x02000158,scenery,generic,00000345.pro,-1,,0
1653,,233044,1,652,14249,49,71,0,33554776,0x02000158,scenery,generic,00000345.pro,-1,,0
1654,,233132,1,653,14264,64,71,0,50332157,0x030001FD,wall,,00000509.pro,-1,,0
1655,,233220,1,654,14284,84,71,0,83886092,0x0500000C,misc,,00000012.pro,-1,,0
1656,,233308,1,655,14284,84,71,0,33554725,0x02000125,scenery,generic,00000294.pro,-1,,0
1657,,233396,1,656,14285,85,71,0,83886092,0x0500000C,misc,,00000012.pro,-1,,0
1658,,233484,1,657,14286,86,71,0,83886092,0x0500000C,misc,,00000012.pro,-1,,0
1659,,233572,1,658,14287,87,71,0,83886092,0x0500000C,misc,,00000012.pro,-1,,0
1660,,233660,1,670,14308,108,71,0,50332261,0x03000265,wall,,00000613.pro,-1,,0
1661,,233748,1,671,14309,109,71,0,50332236,0x0300024C,wall,,00000588.pro,-1,,0
1662,,233836,1,672,14310,110,71,0,50332234,0x0300024A,wall,,00000586.pro,-1,,0
1663,,233924,1,673,14311,111,71,0,50332231,0x03000247,wall,,00000583.pro,-1,,0
1664,,234012,1,674,14313,113,71,0,50332239,0x0300024F,wall,,00000591.pro,-1,,0
1665,,234100,1,675,14314,114,71,0,50332235,0x0300024B,wall,,00000587.pro,-1,,0
1666,,234188,1,676,14315,115,71,0,50332238,0x0300024E,wall,,00000590.pro,-1,,0
1667,,234276,1,677,14316,116,71,0,50332237,0x0300024D,wall,,00000589.pro,-1,,0
1668,,234364,1,678,14317,117,71,0,50332236,0x0300024C,wall,,00000588.pro,-1,,0
1669,,234452,1,679,14318,118,71,0,50332235,0x0300024B,wall,,00000587.pro,-1,,0
1670,,234540,1,680,14319,119,71,0,50332238,0x0300024E,wall,,00000590.pro,-1,,0
1671,,234628,1,681,14320,120,71,0,50332305,0x03000291,wall,,00000657.pro,-1,,0
1672,,234716,1,685,14324,124,71,0,50332261,0x03000265,wall,,00000613.pro,-1,,0
1673,,234804,1,687,14325,125,71,0,50332236,0x0300024C,wall,,00000588.pro,-1,,0
1674,,234892,1,689,14326,126,71,0,50332279,0x03000277,wall,,00000631.pro,-1,,0
1675,,234980,1,691,14327,127,71,0,50332270,0x0300026E,wall,,00000622.pro,-1,,0
1676,,235068,1,693,14330,130,71,0,50332280,0x03000278,wall,,00000632.pro,-1,,0
1677,,235156,1,694,14331,131,71,0,83886092,0x0500000C,misc,,00000012.pro,-1,,0
1678,,235244,1,695,14331,131,71,0,50332236,0x0300024C,wall,,00000588.pro,-1,,0
1679,,235332,1,696,14332,132,71,0,83886092,0x0500000C,misc,,00000012.pro,-1,,0
1680,,235420,1,697,14332,132,71,0,50332279,0x03000277,wall,,00000631.pro,-1,,0
1681,,235508,1,698,14333,133,71,0,50332270,0x0300026E,wall,,00000622.pro,-1,,0
1682,,235596,1,699,14336,136,71,0,50332201,0x03000229,wall,,00000553.pro,-1,,0
1683,,235684,1,705,14446,46,72,0,33554776,0x02000158,scenery,generic,00000345.pro,-1,,0
1684,,235772,1,706,14447,47,72,0,33554776,0x02000158,scenery,generic,00000345.pro,-1,,0
1685,,235860,1,707,14464,64,72,0,50332288,0x03000280,wall,,00000640.pro,-1,,0
1686,,235948,1,708,14482,82,72,0,83886092,0x0500000C,misc,,00000012.pro,-1,,0
1687,,236036,1,709,14483,83,72,0,83886092,0x0500000C,misc,,00000012.pro,-1,,0
1688,,236124,1,710,14484,84,72,0,83886092,0x0500000C,misc,,00000012.pro,-1,,0
1689,,236212,1,711,14485,85,72,0,83886092,0x0500000C,misc,,00000012.pro,-1,,0
1690,,236300,1,712,14490,90,72,0,33554534,0x02000066,scenery,generic,00000103.pro,-1,,0
1691,,236388,1,723,14508,108,72,0,50332269,0x0300026D,wall,,00000621.pro,-1,,0
1692,,236476,1,724,14509,109,72,0,50332270,0x0300026E,wall,,00000622.pro,-1,,0
1693,,236564,1,725,14511,111,72,0,50332270,0x0300026E,wall,,00000622.pro,-1,,0
1694,,236652,1,726,14513,113,72,0,50332230,0x03000246,wall,,00000582.pro,-1,,0
1695,,236740,1,727,14515,115,72,0,50332270,0x0300026E,wall,,00000622.pro,-1,,0
1696,,236828,1,728,14517,117,72,0,50332270,0x0300026E,wall,,00000622.pro,-1,,0
1697,,236916,1,729,14519,119,72,0,50332270,0x0300026E,wall,,00000622.pro,-1,,0
1698,,237004,1,730,14520,120,72,0,50332269,0x0300026D,wall,,00000621.pro,-1,,0
1699,,237092,1,734,14524,124,72,0,50332269,0x0300026D,wall,,00000621.pro,-1,,0
1700,,237180,1,736,14525,125,72,0,50332270,0x0300026E,wall,,00000622.pro,-1,,0
1701,,237268,1,738,14527,127,72,0,50332270,0x0300026E,wall,,00000622.pro,-1,,0
1702,,237356,1,740,14531,131,72,0,50332270,0x0300026E,wall,,00000622.pro,-1,,0
1703,,237444,1,741,14532,132,72,0,83886092,0x0500000C,misc,,00000012.pro,-1,,0
1704,,237532,1,742,14533,133,72,0,50332270,0x0300026E,wall,,00000622.pro,-1,,0
1705,,237620,1,743,14536,136,72,0,50332202,0x0300022A,wall,,00000554.pro,-1,,0
1706,,237708,1,744,14537,137,72,0,33554499,0x02000043,scenery,generic,00000068.pro,-1,,0
1707,,237796,1,749,14644,44,73,0,50332246,0x03000256,wall,,00000598.pro,-1,,0
1708,,237884,1,750,14645,45,73,0,33554776,0x02000158,scenery,generic,00000345.pro,-1,,0
1709,,237972,1,751,14664,64,73,0,50332156,0x030001FC,wall,,00000508.pro,-1,,0
1710,,238060,1,752,14680,80,73,0,83886092,0x0500000C,misc,,00000012.pro,-1,,0
1711,,238148,1,753,14681,81,73,0,83886092,0x0500000C,misc,,00000012.pro,-1,,0
1712,,238236,1,754,14682,82,73,0,83886092,0x0500000C,misc,,00000012.pro,-1,,0
1713,,238324,1,755,14683,83,73,0,83886092,0x0500000C,misc,,00000012.pro,-1,,0
1714,,238412,1,756,14690,90,73,0,33554536,0x02000068,scenery,generic,00000105.pro,-1,,0
1715,,238500,1,758,14694,94,73,1,16777521,0x01000131,critter,,00000305.pro,67108868,genghoul.int,0
1716,,238628,1,766,14708,108,73,0,50332246,0x03000256,wall,,00000598.pro,-1,,0
1717,,238716,1,767,14720,120,73,0,50332201,0x03000229,wall,,00000553.pro,-1,,0
1718,,238804,1,770,14724,124,73,0,50332242,0x03000252,wall,,00000594.pro,-1,,0
1719,,238892,1,773,14733,133,73,0,83886092,0x0500000C,misc,,00000012.pro,-1,,0
1720,,238980,1,774,14736,136,73,0,50332203,0x0300022B,wall,,00000555.pro,-1,,0
1721,,239068,1,775,14737,137,73,0,33554653,0x020000DD,scenery,generic,00000222.pro,-1,,0
1722,,239156,1,776,14738,138,73,0,33554499,0x02000043,scenery,generic,00000068.pro,-1,,0
1723,,239244,1,781,14844,44,74,0,50332243,0x03000253,wall,,00000595.pro,-1,,0
1724,,239332,1,782,14864,64,74,0,50332155,0x030001FB,wall,,00000507.pro,-1,,0
1725,,239420,1,783,14878,78,74,0,83886092,0x0500000C,misc,,00000012.pro,-1,,0
1726,,239508,1,784,14879,79,74,0,83886092,0x0500000C,misc,,00000012.pro,-1,,0
1727,,239596,1,785,14880,80,74,0,83886092,0x0500000C,misc,,00000012.pro,-1,,0
1728,,239684,1,786,14881,81,74,0,83886092,0x0500000C,misc,,00000012.pro,-1,,0
1729,,239772,1,794,14908,108,74,0,50332249,0x03000259,wall,,00000601.pro,-1,,0
1730,,239860,1,795,14918,118,74,0,33554776,0x02000158,scenery,generic,00000345.pro,-1,,0
1731,,239948,1,796,14919,119,74,0,33554776,0x02000158,scenery,generic,00000345.pro,-1,,0
1732,,240036,1,797,14920,120,74,0,50332203,0x0300022B,wall,,00000555.pro,-1,,0
1733,,240124,1,800,14924,124,74,0,50332249,0x03000259,wall,,00000601.pro,-1,,0
1734,,240212,1,802,14933,133,74,0,83886092,0x0500000C,misc,,00000012.pro,-1,,0
1735,,240300,1,803,14934,134,74,0,83886092,0x0500000C,misc,,00000012.pro,-1,,0
1736,,240388,1,804,14936,136,74,0,50332277,0x03000275,wall,,00000629.pro,-1,,0
1737,,240476,1,810,15044,44,75,0,50332246,0x03000256,wall,,00000598.pro,-1,,0
1738,,240564,1,811,15064,64,75,0,50332159,0x030001FF,wall,,00000511.pro,-1,,0
1739,,240652,1,812,15076,76,75,0,83886092,0x0500000C,misc,,00000012.pro,-1,,0
1740,,240740,1,813,15077,77,75,0,83886092,0x0500000C,misc,,00000012.pro,-1,,0
1741,,240828,1,814,15078,78,75,0,83886092,0x0500000C,misc,,00000012.pro,-1,,0
1742,,240916,1,815,15079,79,75,0,83886092,0x0500000C,misc,,00000012.pro,-1,,0
1743,,241004,1,827,15101,101,75,1,16777521,0x01000131,critter,,00000305.pro,67108884,genghoul.int,0
1744,,241132,1,831,15108,108,75,0,50332208,0x03000230,wall,,00000560.pro,-1,,0
1745,,241220,1,833,15109,109,75,0,50332200,0x03000228,wall,,00000552.pro,-1,,0
1746,,241308,1,835,15110,110,75,0,50332199,0x03000227,wall,,00000551.pro,-1,,0
1747,,241396,1,837,15111,111,75,0,50332194,0x03000222,wall,,00000546.pro,-1,,0
1748,,241484,1,839,15112,112,75,0,50332193,0x03000221,wall,,00000545.pro,-1,,0
1749,,241572,1,841,15113,113,75,0,50332200,0x03000228,wall,,00000552.pro,-1,,0
1750,,241660,1,843,15114,114,75,0,50332199,0x03000227,wall,,00000551.pro,-1,,0
1751,,241748,1,845,15115,115,75,0,50332309,0x03000295,wall,,00000661.pro,-1,,0
1752,,241836,1,848,15117,117,75,0,50332270,0x0300026E,wall,,00000622.pro,-1,,0
1753,,241924,1,849,15117,117,75,0,50332308,0x03000294,wall,,00000660.pro,-1,,0
1754,,242012,1,851,15118,118,75,0,50332199,0x03000227,wall,,00000551.pro,-1,,0
1755,,242100,1,853,15119,119,75,0,50332192,0x03000220,wall,,00000544.pro,-1,,0
1756,,242188,1,855,15120,120,75,0,50332191,0x0300021F,wall,,00000543.pro,-1,,0
1757,,242276,1,859,15124,124,75,0,50332208,0x03000230,wall,,00000560.pro,-1,,0
1758,,242364,1,860,15125,125,75,0,50332200,0x03000228,wall,,00000552.pro,-1,,0
1759,,242452,1,861,15126,126,75,0,50332193,0x03000221,wall,,00000545.pro,-1,,0
1760,,242540,1,862,15127,127,75,0,50332309,0x03000295,wall,,00000661.pro,-1,,0
1761,,242628,1,865,15129,129,75,0,50332270,0x0300026E,wall,,00000622.pro,-1,,0
1762,,242716,1,866,15129,129,75,0,50332308,0x03000294,wall,,00000660.pro,-1,,0
1763,,242804,1,868,15130,130,75,0,50332193,0x03000221,wall,,00000545.pro,-1,,0
1764,,242892,1,870,15131,131,75,0,50332200,0x03000228,wall,,00000552.pro,-1,,0
1765,,242980,1,872,15132,132,75,0,50332275,0x03000273,wall,,00000627.pro,-1,,0
1766,,243068,1,874,15133,133,75,0,50332270,0x0300026E,wall,,00000622.pro,-1,,0
1767,,243156,1,876,15134,134,75,0,83886092,0x0500000C,misc,,00000012.pro,-1,,0
1768,,243244,1,890,15244,44,76,0,50332243,0x03000253,wall,,00000595.pro,-1,,0
1769,,243332,1,891,15264,64,76,0,50332288,0x03000280,wall,,00000640.pro,-1,,0
1770,,243420,1,892,15274,74,76,0,83886092,0x0500000C,misc,,00000012.pro,-1,,0
1771,,243508,1,893,15275,75,76,0,83886092,0x0500000C,misc,,00000012.pro,-1,,0
1772,,243596,1,894,15276,76,76,0,83886092,0x0500000C,misc,,00000012.pro,-1,,0
1773,,243684,1,895,15277,77,76,0,83886092,0x0500000C,misc,,00000012.pro,-1,,0
1774,,243772,1,903,15305,105,76,0,16777521,0x01000131,critter,,00000305.pro,67108885,genghoul.int,0
1775,,243900,1,906,15309,109,76,0,50332270,0x0300026E,wall,,00000622.pro,-1,,0
1776,,243988,1,907,15310,110,76,0,33554688,0x02000100,scenery,generic,00000257.pro,-1,,0
1777,,244076,1,909,15311,111,76,0,50332270,0x0300026E,wall,,00000622.pro,-1,,0
1778,,244164,1,911,15313,113,76,0,50332270,0x0300026E,wall,,00000622.pro,-1,,0
1779,,244252,1,913,15315,115,76,0,50332270,0x0300026E,wall,,00000622.pro,-1,,0
1780,,244340,1,916,15319,119,76,0,50332270,0x0300026E,wall,,00000622.pro,-1,,0
1781,,244428,1,918,15325,125,76,0,50332270,0x0300026E,wall,,00000622.pro,-1,,0
1782,,244516,1,919,15326,126,76,0,33554554,0x0200007A,scenery,generic,00000123.pro,-1,,0
1783,,244604,1,920,15327,127,76,0,50332270,0x0300026E,wall,,00000622.pro,-1,,0
1784,,244692,1,923,15331,131,76,0,50332270,0x0300026E,wall,,00000622.pro,-1,,0
1785,,244780,1,925,15333,133,76,0,50332270,0x0300026E,wall,,00000622.pro,-1,,0
1786,,244868,1,927,15335,135,76,0,83886092,0x0500000C,misc,,00000012.pro,-1,,0
1787,,244956,1,934,15444,44,77,0,50332246,0x03000256,wall,,00000598.pro,-1,,0
1788,,245044,1,935,15464,64,77,0,50332156,0x030001FC,wall,,00000508.pro,-1,,0
1789,,245132,1,936,15472,72,77,0,83886092,0x0500000C,misc,,00000012.pro,-1,,0
1790,,245220,1,937,15473,73,77,0,83886092,0x0500000C,misc,,00000012.pro,-1,,0
1791,,245308,1,938,15474,74,77,0,83886092,0x0500000C,misc,,00000012.pro,-1,,0
1792,,245396,1,939,15475,75,77,0,83886092,0x0500000C,misc,,00000012.pro,-1,,0
1793,,245484,1,946,15501,101,77,2,16777521,0x01000131,critter,,00000305.pro,67108883,genghoul.int,0
1794,,245612,1,947,15509,109,77,0,33554499,0x02000043,scenery,generic,00000068.pro,-1,,0
1795,,245700,1,950,15526,126,77,0,33554536,0x02000068,scenery,generic,00000105.pro,-1,,0
1796,,245788,1,951,15535,135,77,0,83886092,0x0500000C,misc,,00000012.pro,-1,,0
1797,,245876,1,952,15536,136,77,0,83886092,0x0500000C,misc,,00000012.pro,-1,,0
1798,,245964,1,958,15644,44,78,0,50332243,0x03000253,wall,,00000595.pro,-1,,0
1799,,246052,1,959,15664,64,78,0,50332155,0x030001FB,wall,,00000507.pro,-1,,0
1800,,246140,1,960,15670,70,78,0,83886092,0x0500000C,misc,,00000012.pro,-1,,0
1801,,246228,1,961,15671,71,78,0,83886092,0x0500000C,misc,,00000012.pro,-1,,0
1802,,246316,1,962,15672,72,78,0,83886092,0x0500000C,misc,,00000012.pro,-1,,0
1803,,246404,1,963,15673,73,78,0,83886092,0x0500000C,misc,,00000012.pro,-1,,0
1804,,246492,1,971,15705,105,78,0,33554559,0x0200007F,scenery,generic,00000128.pro,-1,,0
1805,,246580,1,973,15724,124,78,0,33554536,0x02000068,scenery,generic,00000105.pro,-1,,0
1806,,246668,1,974,15726,126,78,0,33554534,0x02000066,scenery,generic,00000103.pro,-1,,0
1807,,246756,1,975,15727,127,78,0,33554535,0x02000067,scenery,generic,00000104.pro,-1,,0
1808,,246844,1,978,15736,136,78,0,83886092,0x0500000C,misc,,00000012.pro,-1,,0
1809,,246932,1,980,15844,44,79,0,50332154,0x030001FA,wall,,00000506.pro,-1,,0
1810,,247020,1,981,15845,45,79,0,50332150,0x030001F6,wall,,00000502.pro,-1,,0
1811,,247108,1,982,15846,46,79,0,50332147,0x030001F3,wall,,00000499.pro,-1,,0
1812,,247196,1,983,15847,47,79,0,50332153,0x030001F9,wall,,00000505.pro,-1,,0
1813,,247284,1,984,15848,48,79,0,50332286,0x0300027E,wall,,00000638.pro,-1,,0
1814,,247372,1,985,15849,49,79,0,50332150,0x030001F6,wall,,00000502.pro,-1,,0
1815,,247460,1,986,15850,50,79,0,50332151,0x030001F7,wall,,00000503.pro,-1,,0
1816,,247548,1,987,15851,51,79,0,50332153,0x030001F9,wall,,00000505.pro,-1,,0
1817,,247636,1,988,15852,52,79,0,50332147,0x030001F3,wall,,00000499.pro,-1,,0
1818,,247724,1,989,15853,53,79,0,50332150,0x030001F6,wall,,00000502.pro,-1,,0
1819,,247812,1,990,15854,54,79,0,50332287,0x0300027F,wall,,00000639.pro,-1,,0
1820,,247900,1,991,15855,55,79,0,50332153,0x030001F9,wall,,00000505.pro,-1,,0
1821,,247988,1,992,15856,56,79,0,50332147,0x030001F3,wall,,00000499.pro,-1,,0
1822,,248076,1,993,15857,57,79,0,50332150,0x030001F6,wall,,00000502.pro,-1,,0
1823,,248164,1,994,15858,58,79,0,50332151,0x030001F7,wall,,00000503.pro,-1,,0
1824,,248252,1,995,15859,59,79,0,50332153,0x030001F9,wall,,00000505.pro,-1,,0
1825,,248340,1,996,15860,60,79,0,50332286,0x0300027E,wall,,00000638.pro,-1,,0
1826,,248428,1,997,15861,61,79,0,50332150,0x030001F6,wall,,00000502.pro,-1,,0
1827,,248516,1,998,15862,62,79,0,50332147,0x030001F3,wall,,00000499.pro,-1,,0
1828,,248604,1,999,15863,63,79,0,50332146,0x030001F2,wall,,00000498.pro,-1,,0
1829,,248692,1,1000,15864,64,79,0,50332145,0x030001F1,wall,,00000497.pro,-1,,0
1830,,248780,1,1001,15868,68,79,0,83886092,0x0500000C,misc,,00000012.pro,-1,,0
1831,,248868,1,1002,15868,68,79,0,83886092,0x0500000C,misc,,00000012.pro,-1,,0
1832,,248956,1,1003,15869,69,79,0,83886092,0x0500000C,misc,,00000012.pro,-1,,0
1833,,249044,1,1004,15870,70,79,0,83886092,0x0500000C,misc,,00000012.pro,-1,,0
1834,,249132,1,1005,15871,71,79,0,83886092,0x0500000C,misc,,00000012.pro,-1,,0
1835,,249220,1,1012,15900,100,79,0,33554535,0x02000067,scenery,generic,00000104.pro,-1,,0
1836,,249308,1,1013,15903,103,79,0,33554534,0x02000066,scenery,generic,00000103.pro,-1,,0
1837,,249396,1,1014,15904,104,79,0,33554537,0x02000069,scenery,generic,00000106.pro,-1,,0
1838,,249484,1,1016,15925,125,79,0,33554537,0x02000069,scenery,generic,00000106.pro,-1,,0
1839,,249572,1,1017,15937,137,79,0,83886092,0x0500000C,misc,,00000012.pro,-1,,0
1840,,249660,1,1019,16045,45,80,0,50332270,0x0300026E,wall,,00000622.pro,-1,,0
1841,,249748,1,1020,16047,47,80,0,50332270,0x0300026E,wall,,00000622.pro,-1,,0
1842,,249836,1,1021,16049,49,80,0,50332270,0x0300026E,wall,,00000622.pro,-1,,0
1843,,249924,1,1022,16051,51,80,0,50332270,0x0300026E,wall,,00000622.pro,-1,,0
1844,,250012,1,1023,16053,53,80,0,50332270,0x0300026E,wall,,00000622.pro,-1,,0
1845,,250100,1,1024,16055,55,80,0,50332270,0x0300026E,wall,,00000622.pro,-1,,0
1846,,250188,1,1025,16057,57,80,0,50332270,0x0300026E,wall,,00000622.pro,-1,,0
1847,,250276,1,1026,16059,59,80,0,50332270,0x0300026E,wall,,00000622.pro,-1,,0
1848,,250364,1,1027,16061,61,80,0,50332270,0x0300026E,wall,,00000622.pro,-1,,0
1849,,250452,1,1028,16063,63,80,0,50332270,0x0300026E,wall,,00000622.pro,-1,,0
1850,,250540,1,1029,16066,66,80,0,83886092,0x0500000C,misc,,00000012.pro,-1,,0
1851,,250628,1,1030,16067,67,80,0,83886092,0x0500000C,misc,,00000012.pro,-1,,0
1852,,250716,1,1031,16068,68,80,0,83886092,0x0500000C,misc,,00000012.pro,-1,,0
1853,,250804,1,1032,16069,69,80,0,83886092,0x0500000C,misc,,00000012.pro,-1,,0
1854,,250892,1,1042,16137,137,80,0,83886092,0x0500000C,misc,,00000012.pro,-1,,0
1855,,250980,1,1043,16138,138,80,0,83886092,0x0500000C,misc,,00000012.pro,-1,,0
1856,,251068,1,1045,16264,64,81,0,83886092,0x0500000C,misc,,00000012.pro,-1,,0
1857,,251156,1,1046,16265,65,81,0,83886092,0x0500000C,misc,,00000012.pro,-1,,0
1858,,251244,1,1047,16266,66,81,0,83886092,0x0500000C,misc,,00000012.pro,-1,,0
1859,,251332,1,1048,16267,67,81,0,83886092,0x0500000C,misc,,00000012.pro,-1,,0
1860,,251420,1,1057,16338,138,81,0,83886092,0x0500000C,misc,,00000012.pro,-1,,0
1861,,251508,1,1059,16462,62,82,0,83886092,0x0500000C,misc,,00000012.pro,-1,,0
1862,,251596,1,1060,16463,63,82,0,83886092,0x0500000C,misc,,00000012.pro,-1,,0
1863,,251684,1,1061,16464,64,82,0,83886092,0x0500000C,misc,,00000012.pro,-1,,0
1864,,251772,1,1062,16465,65,82,0,83886092,0x0500000C,misc,,00000012.pro,-1,,0
1865,,251860,1,1071,16508,108,82,0,33554572,0x0200008C,scenery,ladder_down,00000141.pro,50331664,NHUp2Dn1.int,0
1866,,251952,1,1072,16508,108,82,0,33554576,0x02000090,scenery,door,00000145.pro,-1,,0
1867,,252044,1,1073,16539,139,82,0,83886092,0x0500000C,misc,,00000012.pro,-1,,0
1868,,252132,1,1075,16660,60,83,0,83886092,0x0500000C,misc,,00000012.pro,-1,,0
1869,,252220,1,1076,16661,61,83,0,83886092,0x0500000C,misc,,00000012.pro,-1,,0
1870,,252308,1,1077,16662,62,83,0,83886092,0x0500000C,misc,,00000012.pro,-1,,0
1871,,252396,1,1078,16663,63,83,0,83886092,0x0500000C,misc,,00000012.pro,-1,,0
1872,,252484,1,1119,16739,139,83,0,83886092,0x0500000C,misc,,00000012.pro,-1,,0
1873,,252572,1,1121,16740,140,83,0,83886092,0x0500000C,misc,,00000012.pro,-1,,0
1874,,252660,1,1127,16858,58,84,0,83886092,0x0500000C,misc,,00000012.pro,-1,,0
1875,,252748,1,1128,16859,59,84,0,83886092,0x0500000C,misc,,00000012.pro,-1,,0
1876,,252836,1,1129,16860,60,84,0,83886092,0x0500000C,misc,,00000012.pro,-1,,0
1877,,252924,1,1130,16861,61,84,0,83886092,0x0500000C,misc,,00000012.pro,-1,,0
1878,,253012,1,1140,16940,140,84,0,83886092,0x0500000C,misc,,00000012.pro,-1,,0
1879,,253100,1,1142,16942,142,84,0,33554533,0x02000065,scenery,generic,00000102.pro,-1,,0
1880,,253188,1,1144,17056,56,85,0,83886092,0x0500000C,misc,,00000012.pro,-1,,0
1881,,253276,1,1145,17057,57,85,0,83886092,0x0500000C,misc,,00000012.pro,-1,,0
1882,,253364,1,1146,17058,58,85,0,83886092,0x0500000C,misc,,00000012.pro,-1,,0
1883,,253452,1,1147,17059,59,85,0,83886092,0x0500000C,misc,,00000012.pro,-1,,0
1884,,253540,1,1148,17068,68,85,3,16777521,0x01000131,critter,,00000305.pro,67108892,genghoul.int,0
1885,,253668,1,1158,17141,141,85,0,83886092,0x0500000C,misc,,00000012.pro,-1,,0
1886,,253756,1,1159,17143,143,85,0,33554534,0x02000066,scenery,generic,00000103.pro,-1,,0
1887,,253844,1,1161,17254,54,86,0,83886092,0x0500000C,misc,,00000012.pro,-1,,0
1888,,253932,1,1162,17255,55,86,0,83886092,0x0500000C,misc,,00000012.pro,-1,,0
1889,,254020,1,1163,17256,56,86,0,83886092,0x0500000C,misc,,00000012.pro,-1,,0
1890,,254108,1,1164,17257,57,86,0,83886092,0x0500000C,misc,,00000012.pro,-1,,0
1891,,254196,1,1174,17341,141,86,0,83886092,0x0500000C,misc,,00000012.pro,-1,,0
1892,,254284,1,1175,17342,142,86,0,83886092,0x0500000C,misc,,00000012.pro,-1,,0
1893,,254372,1,1177,17453,53,87,0,83886092,0x0500000C,misc,,00000012.pro,-1,,0
1894,,254460,1,1178,17454,54,87,0,83886092,0x0500000C,misc,,00000012.pro,-1,,0
1895,,254548,1,1179,17455,55,87,0,83886092,0x0500000C,misc,,00000012.pro,-1,,0
1896,,254636,1,1180,17465,65,87,0,33554536,0x02000068,scenery,generic,00000105.pro,-1,,0
1897,,254724,1,1182,17466,66,87,0,33554537,0x02000069,scenery,generic,00000106.pro,-1,,0
1898,,254812,1,1186,17484,84,87,0,33554731,0x0200012B,scenery,generic,00000300.pro,-1,,0
1899,,254900,1,1190,17538,138,87,0,33554718,0x0200011E,scenery,generic,00000287.pro,-1,,0
1900,,254988,1,1193,17542,142,87,0,83886092,0x0500000C,misc,,00000012.pro,-1,,0
1901,,255076,1,1195,17653,53,88,0,83886092,0x0500000C,misc,,00000012.pro,-1,,0
1902,,255164,1,1196,17654,54,88,0,83886092,0x0500000C,misc,,00000012.pro,-1,,0
1903,,255252,1,1201,17672,72,88,5,16777521,0x01000131,critter,,00000305.pro,67108893,genghoul.int,0
1904,,255380,1,1207,17743,143,88,0,83886092,0x0500000C,misc,,00000012.pro,-1,,0
1905,,255468,1,1209,17854,54,89,0,83886092,0x0500000C,misc,,00000012.pro,-1,,0
1906,,255556,1,1214,17886,86,89,0,50332221,0x0300023D,wall,,00000573.pro,-1,,0
1907,,255644,1,1215,17887,87,89,0,50332142,0x030001EE,wall,,00000494.pro,-1,,0
1908,,255732,1,1216,17889,89,89,0,50332141,0x030001ED,wall,,00000493.pro,-1,,0
1909,,255820,1,1217,17890,90,89,0,50332240,0x03000250,wall,,00000592.pro,-1,,0
1910,,255908,1,1218,17891,91,89,0,50332239,0x0300024F,wall,,00000591.pro,-1,,0
1911,,255996,1,1219,17892,92,89,0,50332292,0x03000284,wall,,00000644.pro,-1,,0
1912,,256084,1,1220,17893,93,89,0,50332239,0x0300024F,wall,,00000591.pro,-1,,0
1913,,256172,1,1221,17894,94,89,0,50332257,0x03000261,wall,,00000609.pro,-1,,0
1914,,256260,1,1222,17895,95,89,0,50332142,0x030001EE,wall,,00000494.pro,-1,,0
1915,,256348,1,1223,17897,97,89,0,50332141,0x030001ED,wall,,00000493.pro,-1,,0
1916,,256436,1,1224,17898,98,89,0,50332235,0x0300024B,wall,,00000587.pro,-1,,0
1917,,256524,1,1225,17899,99,89,0,50332238,0x0300024E,wall,,00000590.pro,-1,,0
1918,,256612,1,1227,17900,100,89,0,50332293,0x03000285,wall,,00000645.pro,-1,,0
1919,,256700,1,1229,17901,101,89,0,50332239,0x0300024F,wall,,00000591.pro,-1,,0
1920,,256788,1,1230,17902,102,89,0,50332257,0x03000261,wall,,00000609.pro,-1,,0
1921,,256876,1,1231,17903,103,89,0,50332142,0x030001EE,wall,,00000494.pro,-1,,0
1922,,256964,1,1232,17905,105,89,0,50332141,0x030001ED,wall,,00000493.pro,-1,,0
1923,,257052,1,1234,17906,106,89,0,50332234,0x0300024A,wall,,00000586.pro,-1,,0
1924,,257140,1,1235,17907,107,89,0,50332238,0x0300024E,wall,,00000590.pro,-1,,0
1925,,257228,1,1236,17908,108,89,0,50332292,0x03000284,wall,,00000644.pro,-1,,0
1926,,257316,1,1237,17909,109,89,0,50332239,0x0300024F,wall,,00000591.pro,-1,,0
1927,,257404,1,1238,17910,110,89,0,50332257,0x03000261,wall,,00000609.pro,-1,,0
1928,,257492,1,1239,17911,111,89,0,50332142,0x030001EE,wall,,00000494.pro,-1,,0
1929,,257580,1,1240,17913,113,89,0,50332141,0x030001ED,wall,,00000493.pro,-1,,0
1930,,257668,1,1241,17914,114,89,0,50332240,0x03000250,wall,,00000592.pro,-1,,0
1931,,257756,1,1242,17915,115,89,0,50332238,0x0300024E,wall,,00000590.pro,-1,,0
1932,,257844,1,1243,17916,116,89,0,50332292,0x03000284,wall,,00000644.pro,-1,,0
1933,,257932,1,1244,17917,117,89,0,50332236,0x0300024C,wall,,00000588.pro,-1,,0
1934,,258020,1,1245,17918,118,89,0,50332257,0x03000261,wall,,00000609.pro,-1,,0
1935,,258108,1,1246,17919,119,89,0,50332142,0x030001EE,wall,,00000494.pro,-1,,0
1936,,258196,1,1247,17921,121,89,0,50332141,0x030001ED,wall,,00000493.pro,-1,,0
1937,,258284,1,1248,17922,122,89,0,50332237,0x0300024D,wall,,00000589.pro,-1,,0
1938,,258372,1,1249,17923,123,89,0,50332238,0x0300024E,wall,,00000590.pro,-1,,0
1939,,258460,1,1250,17924,124,89,0,50332293,0x03000285,wall,,00000645.pro,-1,,0
1940,,258548,1,1251,17925,125,89,0,50332236,0x0300024C,wall,,00000588.pro,-1,,0
1941,,258636,1,1252,17926,126,89,0,50332257,0x03000261,wall,,00000609.pro,-1,,0
1942,,258724,1,1253,17927,127,89,0,50332142,0x030001EE,wall,,00000494.pro,-1,,0
1943,,258812,1,1254,17929,129,89,0,50332141,0x030001ED,wall,,00000493.pro,-1,,0
1944,,258900,1,1255,17930,130,89,0,50332234,0x0300024A,wall,,00000586.pro,-1,,0
1945,,258988,1,1256,17931,131,89,0,50332239,0x0300024F,wall,,00000591.pro,-1,,0
1946,,259076,1,1257,17932,132,89,0,50332292,0x03000284,wall,,00000644.pro,-1,,0
1947,,259164,1,1258,17933,133,89,0,50332236,0x0300024C,wall,,00000588.pro,-1,,0
1948,,259252,1,1259,17934,134,89,0,50332269,0x0300026D,wall,,00000621.pro,-1,,0
1949,,259340,1,1262,17943,143,89,0,83886092,0x0500000C,misc,,00000012.pro,-1,,0
1950,,259428,1,1263,17944,144,89,0,83886092,0x0500000C,misc,,00000012.pro,-1,,0
1951,,259516,1,1265,17958,158,89,0,50332249,0x03000259,wall,,00000601.pro,-1,,0
1952,,259604,1,1266,18055,55,90,0,83886092,0x0500000C,misc,,00000012.pro,-1,,0
1953,,259692,1,1271,18066,66,90,3,16777521,0x01000131,critter,,00000305.pro,67108891,genghoul.int,0
1954,,259820,1,1272,18086,86,90,0,50332269,0x0300026D,wall,,00000621.pro,-1,,0
1955,,259908,1,1273,18087,87,90,0,50332270,0x0300026E,wall,,00000622.pro,-1,,0
1956,,259996,1,1274,18091,91,90,0,50332270,0x0300026E,wall,,00000622.pro,-1,,0
1957,,260084,1,1275,18093,93,90,0,50332270,0x0300026E,wall,,00000622.pro,-1,,0
1958,,260172,1,1276,18094,94,90,0,50332269,0x0300026D,wall,,00000621.pro,-1,,0
1959,,260260,1,1277,18095,95,90,0,50332270,0x0300026E,wall,,00000622.pro,-1,,0
1960,,260348,1,1278,18099,99,90,0,50332270,0x0300026E,wall,,00000622.pro,-1,,0
1961,,260436,1,1280,18100,100,90,0,33554499,0x02000043,scenery,generic,00000068.pro,-1,,0
1962,,260524,1,1282,18101,101,90,0,50332270,0x0300026E,wall,,00000622.pro,-1,,0
1963,,260612,1,1283,18102,102,90,0,50332269,0x0300026D,wall,,00000621.pro,-1,,0
1964,,260700,1,1284,18103,103,90,0,50332270,0x0300026E,wall,,00000622.pro,-1,,0
1965,,260788,1,1286,18107,107,90,0,50332270,0x0300026E,wall,,00000622.pro,-1,,0
1966,,260876,1,1287,18108,108,90,0,50332270,0x0300026E,wall,,00000622.pro,-1,,0
1967,,260964,1,1288,18109,109,90,0,50332270,0x0300026E,wall,,00000622.pro,-1,,0
1968,,261052,1,1289,18110,110,90,0,50332269,0x0300026D,wall,,00000621.pro,-1,,0
1969,,261140,1,1290,18111,111,90,0,50332270,0x0300026E,wall,,00000622.pro,-1,,0
1970,,261228,1,1291,18115,115,90,0,50332270,0x0300026E,wall,,00000622.pro,-1,,0
1971,,261316,1,1292,18117,117,90,0,50332270,0x0300026E,wall,,00000622.pro,-1,,0
1972,,261404,1,1293,18118,118,90,0,50332269,0x0300026D,wall,,00000621.pro,-1,,0
1973,,261492,1,1294,18119,119,90,0,50332270,0x0300026E,wall,,00000622.pro,-1,,0
1974,,261580,1,1295,18122,122,90,0,33554499,0x02000043,scenery,generic,00000068.pro,-1,,0
1975,,261668,1,1296,18123,123,90,0,50332270,0x0300026E,wall,,00000622.pro,-1,,0
1976,,261756,1,1297,18125,125,90,0,50332270,0x0300026E,wall,,00000622.pro,-1,,0
1977,,261844,1,1298,18126,126,90,0,50332269,0x0300026D,wall,,00000621.pro,-1,,0
1978,,261932,1,1299,18127,127,90,0,50332270,0x0300026E,wall,,00000622.pro,-1,,0
1979,,262020,1,1300,18131,131,90,0,50332270,0x0300026E,wall,,00000622.pro,-1,,0
1980,,262108,1,1301,18133,133,90,0,50332270,0x0300026E,wall,,00000622.pro,-1,,0
1981,,262196,1,1302,18134,134,90,0,50332209,0x03000231,wall,,00000561.pro,-1,,0
1982,,262284,1,1305,18144,144,90,0,83886092,0x0500000C,misc,,00000012.pro,-1,,0
1983,,262372,1,1307,18158,158,90,0,50332243,0x03000253,wall,,00000595.pro,-1,,0
1984,,262460,1,1308,18255,55,91,0,83886092,0x0500000C,misc,,00000012.pro,-1,,0
1985,,262548,1,1309,18256,56,91,0,83886092,0x0500000C,misc,,00000012.pro,-1,,0
1986,,262636,1,1314,18286,86,91,0,50332222,0x0300023E,wall,,00000574.pro,-1,,0
1987,,262724,1,1315,18294,94,91,0,50332242,0x03000252,wall,,00000594.pro,-1,,0
1988,,262812,1,1316,18295,95,91,0,33554499,0x02000043,scenery,generic,00000068.pro,-1,,0
1989,,262900,1,1317,18296,96,91,0,33554499,0x02000043,scenery,generic,00000068.pro,-1,,0
1990,,262988,1,1318,18296,96,91,0,69,0x00000045,item,container,00000069.pro,50331649,Stuff.int,0
1991,,263076,1,1319,18299,99,91,0,33554499,0x02000043,scenery,generic,00000068.pro,-1,,0
1992,,263164,1,1321,18300,100,91,0,33554499,0x02000043,scenery,generic,00000068.pro,-1,,0
1993,,263252,1,1323,18302,102,91,0,50332242,0x03000252,wall,,00000594.pro,-1,,0
1994,,263340,1,1324,18303,103,91,0,33554734,0x0200012E,scenery,generic,00000303.pro,-1,,0
1995,,263428,1,1325,18304,104,91,0,33554499,0x02000043,scenery,generic,00000068.pro,-1,,0
1996,,263516,1,1327,18308,108,91,0,50332270,0x0300026E,wall,,00000622.pro,-1,,0
1997,,263604,1,1328,18309,109,91,0,50332270,0x0300026E,wall,,00000622.pro,-1,,0
1998,,263692,1,1329,18310,110,91,0,50332242,0x03000252,wall,,00000594.pro,-1,,0
1999,,263780,1,1330,18318,118,91,0,50332242,0x03000252,wall,,00000594.pro,-1,,0
2000,,263868,1,1331,18323,123,91,0,33554703,0x0200010F,scenery,generic,00000272.pro,-1,,0
2001,,263956,1,1332,18324,124,91,0,33554499,0x02000043,scenery,generic,00000068.pro,-1,,0
2002,,264044,1,1333,18325,125,91,0,33554499,0x02000043,scenery,generic,00000068.pro,-1,,0
2003,,264132,1,1334,18326,126,91,0,50332281,0x03000279,wall,,00000633.pro,-1,,0
2004,,264220,1,1335,18327,127,91,0,33554499,0x02000043,scenery,generic,00000068.pro,-1,,0
2005,,264308,1,1336,18334,134,91,0,50332201,0x03000229,wall,,00000553.pro,-1,,0
2006,,264396,1,1339,18345,145,91,0,83886092,0x0500000C,misc,,00000012.pro,-1,,0
2007,,264484,1,1341,18358,158,91,0,50332246,0x03000256,wall,,00000598.pro,-1,,0
2008,,264572,1,1342,18450,50,92,0,33554537,0x02000069,scenery,generic,00000106.pro,-1,,0
2009,,264660,1,1343,18451,51,92,0,33554535,0x02000067,scenery,generic,00000104.pro,-1,,0
2010,,264748,1,1345,18456,56,92,0,83886092,0x0500000C,misc,,00000012.pro,-1,,0
2011,,264836,1,1349,18470,70,92,2,16777521,0x01000131,critter,,00000305.pro,67108889,genghoul.int,0
2012,,264964,1,1350,18486,86,92,0,50332246,0x03000256,wall,,00000598.pro,-1,,0
2013,,265052,1,1351,18494,94,92,0,50332249,0x03000259,wall,,00000601.pro,-1,,0
2014,,265140,1,1352,18496,96,92,0,33554499,0x02000043,scenery,generic,00000068.pro,-1,,0
2015,,265228,1,1353,18499,99,92,0,33554644,0x020000D4,scenery,generic,00000213.pro,-1,,0
2016,,265316,1,1355,18500,100,92,0,33554499,0x02000043,scenery,generic,00000068.pro,-1,,0
2017,,265404,1,1357,18502,102,92,0,50332281,0x03000279,wall,,00000633.pro,-1,,0
2018,,265492,1,1359,18508,108,92,0,50332270,0x0300026E,wall,,00000622.pro,-1,,0
2019,,265580,1,1360,18509,109,92,0,50332270,0x0300026E,wall,,00000622.pro,-1,,0
2020,,265668,1,1361,18510,110,92,0,50332249,0x03000259,wall,,00000601.pro,-1,,0
2021,,265756,1,1362,18518,118,92,0,50332243,0x03000253,wall,,00000595.pro,-1,,0
2022,,265844,1,1363,18526,126,92,0,33554499,0x02000043,scenery,generic,00000068.pro,-1,,0
2023,,265932,1,1364,18527,127,92,0,33554736,0x02000130,scenery,generic,00000305.pro,-1,,0
2024,,266020,1,1365,18528,128,92,0,33554499,0x02000043,scenery,generic,00000068.pro,-1,,0
2025,,266108,1,1366,18534,134,92,0,50332203,0x0300022B,wall,,00000555.pro,-1,,0
2026,,266196,1,1369,18545,145,92,0,83886092,0x0500000C,misc,,00000012.pro,-1,,0
2027,,266284,1,1371,18546,146,92,0,83886092,0x0500000C,misc,,00000012.pro,-1,,0
2028,,266372,1,1372,18558,158,92,0,50332249,0x03000259,wall,,00000601.pro,-1,,0
2029,,266460,1,1373,18559,159,92,0,33554776,0x02000158,scenery,generic,00000345.pro,-1,,0
2030,,266548,1,1374,18560,160,92,0,33554776,0x02000158,scenery,generic,00000345.pro,-1,,0
2031,,266636,1,1379,18657,57,93,0,83886092,0x0500000C,misc,,00000012.pro,-1,,0
2032,,266724,1,1380,18679,79,93,0,33554557,0x0200007D,scenery,generic,00000126.pro,-1,,0
2033,,266812,1,1381,18680,80,93,0,33554558,0x0200007E,scenery,generic,00000127.pro,-1,,0
2034,,266900,1,1382,18686,86,93,0,50332281,0x03000279,wall,,00000633.pro,-1,,0
2035,,266988,1,1383,18687,87,93,0,33554499,0x02000043,scenery,generic,00000068.pro,-1,,0
2036,,267076,1,1384,18688,88,93,0,33554499,0x02000043,scenery,generic,00000068.pro,-1,,0
2037,,267164,1,1385,18694,94,93,0,50332243,0x03000253,wall,,00000595.pro,-1,,0
2038,,267252,1,1386,18695,95,93,0,33554499,0x02000043,scenery,generic,00000068.pro,-1,,0
2039,,267340,1,1388,18696,96,93,0,33554499,0x02000043,scenery,generic,00000068.pro,-1,,0
2040,,267428,1,1397,18708,108,93,0,50332270,0x0300026E,wall,,00000622.pro,-1,,0
2041,,267516,1,1399,18709,109,93,0,50332270,0x0300026E,wall,,00000622.pro,-1,,0
2042,,267604,1,1401,18710,110,93,0,50332243,0x03000253,wall,,00000595.pro,-1,,0
2043,,267692,1,1404,18712,112,93,0,33554499,0x02000043,scenery,generic,00000068.pro,-1,,0
2044,,267780,1,1411,18718,118,93,0,50332246,0x03000256,wall,,00000598.pro,-1,,0
2045,,267868,1,1414,18720,120,93,2,16777230,0x0100000E,critter,,00000014.pro,67108869,HotGhoul.int,1
2045/inventory/0,1,268000,1,1415,-1,,,0,106,0x0000006A,item,drug,00000106.pro,-1,,0
2046,,268088,1,1422,18726,126,93,0,33554499,0x02000043,scenery,generic,00000068.pro,-1,,0
2047,,268176,1,1425,18728,128,93,0,33554499,0x02000043,scenery,generic,00000068.pro,-1,,0
2048,,268264,1,1432,18734,134,93,0,50332202,0x0300022A,wall,,00000554.pro,-1,,0
2049,,268352,1,1442,18746,146,93,0,83886092,0x0500000C,misc,,00000012.pro,-1,,0
2050,,268440,1,1447,18758,158,93,0,50332243,0x03000253,wall,,00000595.pro,-1,,0
2051,,268528,1,1448,18760,160,93,0,33554776,0x02000158,scenery,generic,00000345.pro,-1,,0
2052,,268616,1,1449,18852,52,94,0,50332270,0x0300026E,wall,,00000622.pro,-1,,0
2053,,268704,1,1453,18857,57,94,0,83886092,0x0500000C,misc,,00000012.pro,-1,,0
2054,,268792,1,1454,18858,58,94,0,83886092,0x0500000C,misc,,00000012.pro,-1,,0
2055,,268880,1,1455,18886,86,94,0,33554499,0x02000043,scenery,generic,00000068.pro,-1,,0
2056,,268968,1,1456,18889,89,94,0,33554643,0x020000D3,scenery,generic,00000212.pro,-1,,0
2057,,269056,1,1457,18894,94,94,0,50332246,0x03000256,wall,,00000598.pro,-1,,0
2058,,269144,1,1463,18909,109,94,0,50332270,0x0300026E,wall,,00000622.pro,-1,,0
2059,,269232,1,1464,18910,110,94,0,50332246,0x03000256,wall,,00000598.pro,-1,,0
2060,,269320,1,1466,18911,111,94,0,33554499,0x02000043,scenery,generic,00000068.pro,-1,,0
2061,,269408,1,1468,18913,113,94,0,33554645,0x020000D5,scenery,generic,00000214.pro,-1,,0
2062,,269496,1,1471,18918,118,94,0,50332249,0x03000259,wall,,00000601.pro,-1,,0
2063,,269584,1,1477,18927,127,94,0,33554499,0x02000043,scenery,generic,00000068.pro,-1,,0
2064,,269672,1,1481,18934,134,94,0,50332201,0x03000229,wall,,00000553.pro,-1,,0
2065,,269760,1,1486,18947,147,94,0,83886092,0x0500000C,misc,,00000012.pro,-1,,0
2066,,269848,1,1488,18949,149,94,0,33554534,0x02000066,scenery,generic,00000103.pro,-1,,0
2067,,269936,1,1490,18950,150,94,0,33554537,0x02000069,scenery,generic,00000106.pro,-1,,0
2068,,270024,1,1491,18958,158,94,0,50332249,0x03000259,wall,,00000601.pro,-1,,0
2069,,270112,1,1492,18961,161,94,0,33554776,0x02000158,scenery,generic,00000345.pro,-1,,0
2070,,270200,1,1493,19052,52,95,0,50332282,0x0300027A,wall,,00000634.pro,-1,,0
2071,,270288,1,1496,19058,58,95,0,83886092,0x0500000C,misc,,00000012.pro,-1,,0
2072,,270376,1,1497,19067,67,95,4,16777521,0x01000131,critter,,00000305.pro,67108890,genghoul.int,0
2073,,270504,1,1498,19087,87,95,0,33554499,0x02000043,scenery,generic,00000068.pro,-1,,0
2074,,270592,1,1499,19088,88,95,0,33554499,0x02000043,scenery,generic,00000068.pro,-1,,0
2075,,270680,1,1500,19089,89,95,0,33554499,0x02000043,scenery,generic,00000068.pro,-1,,0
2076,,270768,1,1501,19094,94,95,0,50332243,0x03000253,wall,,00000595.pro,-1,,0
2077,,270856,1,1504,19097,97,95,5,16777230,0x0100000E,critter,,00000014.pro,67108870,HotGhoul.int,0
2078,,270984,1,1506,19110,110,95,0,50332249,0x03000259,wall,,00000601.pro,-1,,0
2079,,271072,1,1507,19111,111,95,0,33554499,0x02000043,scenery,generic,00000068.pro,-1,,0
2080,,271160,1,1508,19112,112,95,0,33554499,0x02000043,scenery,generic,00000068.pro,-1,,0
2081,,271248,1,1509,19113,113,95,0,33554499,0x02000043,scenery,generic,00000068.pro,-1,,0
2082,,271336,1,1510,19118,118,95,0,50332243,0x03000253,wall,,00000595.pro,-1,,0
2083,,271424,1,1511,19120,120,95,4,16777230,0x0100000E,critter,,00000014.pro,67108877,HotGhoul.int,1
2083/inventory/0,1,271556,1,1512,-1,,,0,106,0x0000006A,item,drug,00000106.pro,-1,,0
2084,,271644,1,1514,19134,134,95,0,50332203,0x0300022B,wall,,00000555.pro,-1,,0
2085,,271732,1,1515,19135,135,95,0,33554689,0x02000101,scenery,generic,00000258.pro,-1,,0
2086,,271820,1,1516,19138,138,95,0,33554724,0x02000124,scenery,generic,00000293.pro,-1,,0
2087,,271908,1,1517,19147,147,95,0,83886092,0x0500000C,misc,,00000012.pro,-1,,0
2088,,271996,1,1518,19148,148,95,0,83886092,0x0500000C,misc,,00000012.pro,-1,,0
2089,,272084,1,1520,19150,150,95,0,33554535,0x02000067,scenery,generic,00000104.pro,-1,,0
2090,,272172,1,1521,19151,151,95,0,33554557,0x0200007D,scenery,generic,00000126.pro,-1,,0
2091,,272260,1,1522,19158,158,95,0,50332246,0x03000256,wall,,00000598.pro,-1,,0
2092,,272348,1,1523,19161,161,95,0,33554776,0x02000158,scenery,generic,00000345.pro,-1,,0
2093,,272436,1,1524,19162,162,95,0,33554776,0x02000158,scenery,generic,00000345.pro,-1,,0
2094,,272524,1,1525,19252,52,96,0,50332243,0x03000253,wall,,00000595.pro,-1,,0
2095,,272612,1,1527,19259,59,96,0,83886092,0x0500000C,misc,,00000012.pro,-1,,0
2096,,272700,1,1528,19289,89,96,0,33554499,0x02000043,scenery,generic,00000068.pro,-1,,0
2097,,272788,1,1529,19294,94,96,0,50332249,0x03000259,wall,,00000601.pro,-1,,0
2098,,272876,1,1532,19310,110,96,0,50332243,0x03000253,wall,,00000595.pro,-1,,0
2099,,272964,1,1533,19318,118,96,0,50332246,0x03000256,wall,,00000598.pro,-1,,0
2100,,273052,1,1534,19319,119,96,0,33554499,0x02000043,scenery,generic,00000068.pro,-1,,0
2101,,273140,1,1535,19319,119,96,0,64,0x00000040,item,container,00000064.pro,50331650,Stuff.int,2
2101/inventory/0,1,273232,1,1536,-1,,,0,101,0x00000065,item,misc,00000101.pro,-1,,0
2101/inventory/1,1,273328,1,1537,-1,,,0,124,0x0000007C,item,drug,00000124.pro,-1,,0
2102,,273416,1,1538,19326,126,96,0,50332270,0x0300026E,wall,,00000622.pro,-1,,0
2103,,273504,1,1539,19334,134,96,0,50332202,0x0300022A,wall,,00000554.pro,-1,,0
2104,,273592,1,1540,19348,148,96,0,83886092,0x0500000C,misc,,00000012.pro,-1,,0
2105,,273680,1,1542,19358,158,96,0,50332290,0x03000282,wall,,00000642.pro,-1,,0
2106,,273768,1,1543,19362,162,96,0,33554776,0x02000158,scenery,generic,00000345.pro,-1,,0
2107,,273856,1,1544,19448,48,97,0,50332280,0x03000278,wall,,00000632.pro,-1,,0
2108,,273944,1,1545,19449,49,97,0,50332236,0x0300024C,wall,,00000588.pro,-1,,0
2109,,274032,1,1546,19450,50,97,0,50332235,0x0300024B,wall,,00000587.pro,-1,,0
2110,,274120,1,1547,19451,51,97,0,50332236,0x0300024C,wall,,00000588.pro,-1,,0
2111,,274208,1,1548,19452,52,97,0,50332264,0x03000268,wall,,00000616.pro,-1,,0
2112,,274296,1,1549,19453,53,97,0,50332219,0x0300023B,wall,,00000571.pro,-1,,0
2113,,274384,1,1550,19454,54,97,0,50332279,0x03000277,wall,,00000631.pro,-1,,0
2114,,274472,1,1552,19455,55,97,0,50332270,0x0300026E,wall,,00000622.pro,-1,,0
2115,,274560,1,1553,19459,59,97,0,83886092,0x0500000C,misc,,00000012.pro,-1,,0
2116,,274648,1,1554,19460,60,97,0,83886092,0x0500000C,misc,,00000012.pro,-1,,0
2117,,274736,1,1555,19460,60,97,0,50332280,0x03000278,wall,,00000632.pro,-1,,0
2118,,274824,1,1556,19461,61,97,0,50332236,0x0300024C,wall,,00000588.pro,-1,,0
2119,,274912,1,1557,19462,62,97,0,50332279,0x03000277,wall,,00000631.pro,-1,,0
2120,,275000,1,1558,19464,64,97,0,50332270,0x0300026E,wall,,00000622.pro,-1,,0
2121,,275088,1,1559,19494,94,97,0,50332243,0x03000253,wall,,00000595.pro,-1,,0
2122,,275176,1,1562,19510,110,97,0,50332249,0x03000259,wall,,00000601.pro,-1,,0
2123,,275264,1,1563,19518,118,97,0,50332249,0x03000259,wall,,00000601.pro,-1,,0
2124,,275352,1,1564,19519,119,97,0,33554499,0x02000043,scenery,generic,00000068.pro,-1,,0
2125,,275440,1,1565,19526,126,97,0,50332282,0x0300027A,wall,,00000634.pro,-1,,0
2126,,275528,1,1566,19528,128,97,0,33554639,0x020000CF,scenery,generic,00000208.pro,-1,,0
2127,,275616,1,1567,19534,134,97,0,50332201,0x03000229,wall,,00000553.pro,-1,,0
2128,,275704,1,1568,19547,147,97,0,33554572,0x0200008C,scenery,ladder_down,00000141.pro,50331665,NHUp2Dn2.int,0
2129,,275796,1,1569,19547,147,97,0,33554576,0x02000090,scenery,door,00000145.pro,-1,,0
2130,,275888,1,1570,19549,149,97,0,83886092,0x0500000C,misc,,00000012.pro,-1,,0
2131,,275976,1,1572,19558,158,97,0,50332246,0x03000256,wall,,00000598.pro,-1,,0
2132,,276064,1,1573,19563,163,97,0,33554776,0x02000158,scenery,generic,00000345.pro,-1,,0
2133,,276152,1,1574,19648,48,98,0,50332270,0x0300026E,wall,,00000622.pro,-1,,0
2134,,276240,1,1575,19649,49,98,0,50332270,0x0300026E,wall,,00000622.pro,-1,,0
2135,,276328,1,1576,19651,51,98,0,50332270,0x0300026E,wall,,00000622.pro,-1,,0
2136,,276416,1,1577,19652,52,98,0,50332269,0x0300026D,wall,,00000621.pro,-1,,0
2137,,276504,1,1578,19653,53,98,0,50332270,0x0300026E,wall,,00000622.pro,-1,,0
2138,,276592,1,1580,19655,55,98,0,50332270,0x0300026E,wall,,00000622.pro,-1,,0
2139,,276680,1,1582,19660,60,98,0,83886092,0x0500000C,misc,,00000012.pro,-1,,0
2140,,276768,1,1583,19661,61,98,0,50332270,0x0300026E,wall,,00000622.pro,-1,,0
2141,,276856,1,1584,19664,64,98,0,50332274,0x03000272,wall,,00000626.pro,-1,,0
2142,,276944,1,1585,19694,94,98,0,50332246,0x03000256,wall,,00000598.pro,-1,,0
2143,,277032,1,1588,19705,105,98,0,33554638,0x020000CE,scenery,generic,00000207.pro,-1,,0
2144,,277120,1,1589,19710,110,98,0,50332243,0x03000253,wall,,00000595.pro,-1,,0
2145,,277208,1,1590,19718,118,98,0,50332243,0x03000253,wall,,00000595.pro,-1,,0
2146,,277296,1,1591,19726,126,98,0,50332246,0x03000256,wall,,00000598.pro,-1,,0
2147,,277384,1,1592,19734,134,98,0,50332203,0x0300022B,wall,,00000555.pro,-1,,0
2148,,277472,1,1593,19749,149,98,0,83886092,0x0500000C,misc,,00000012.pro,-1,,0
2149,,277560,1,1595,19750,150,98,0,83886092,0x0500000C,misc,,00000012.pro,-1,,0
2150,,277648,1,1596,19758,158,98,0,50332249,0x03000259,wall,,00000601.pro,-1,,0
2151,,277736,1,1597,19763,163,98,0,33554776,0x02000158,scenery,generic,00000345.pro,-1,,0
2152,,277824,1,1598,19852,52,99,0,50332242,0x03000252,wall,,00000594.pro,-1,,0
2153,,277912,1,1600,19861,61,99,0,83886092,0x0500000C,misc,,00000012.pro,-1,,0
2154,,278000,1,1601,19864,64,99,0,50332288,0x03000280,wall,,00000640.pro,-1,,0
2155,,278088,1,1602,19866,66,99,0,33554727,0x02000127,scenery,generic,00000296.pro,-1,,0
2156,,278176,1,1603,19886,86,99,0,50332270,0x0300026E,wall,,00000622.pro,-1,,0
2157,,278264,1,1604,19894,94,99,0,50332243,0x03000253,wall,,00000595.pro,-1,,0
2158,,278352,1,1607,19902,102,99,0,50332282,0x0300027A,wall,,00000634.pro,-1,,0
2159,,278440,1,1608,19910,110,99,0,50332249,0x03000259,wall,,00000601.pro,-1,,0
2160,,278528,1,1609,19918,118,99,0,50332246,0x03000256,wall,,00000598.pro,-1,,0
2161,,278616,1,1610,19919,119,99,0,50332270,0x0300026E,wall,,00000622.pro,-1,,0
2162,,278704,1,1611,19920,120,99,0,50332270,0x0300026E,wall,,00000622.pro,-1,,0
2163,,278792,1,1612,19921,121,99,0,50332270,0x0300026E,wall,,00000622.pro,-1,,0
2164,,278880,1,1613,19924,124,99,0,53,0x00000035,item,drug,00000053.pro,-1,,0
2165,,278968,1,1614,19925,125,99,0,48,0x00000030,item,drug,00000048.pro,-1,,0
2166,,279056,1,1615,19926,126,99,0,50332243,0x03000253,wall,,00000595.pro,-1,,0
2167,,279144,1,1616,19934,134,99,0,50332277,0x03000275,wall,,00000629.pro,-1,,0
2168,,279232,1,1618,19950,150,99,0,83886092,0x0500000C,misc,,00000012.pro,-1,,0
2169,,279320,1,1619,19958,158,99,0,50332154,0x030001FA,wall,,00000506.pro,-1,,0
2170,,279408,1,1620,19959,159,99,0,50332153,0x030001F9,wall,,00000505.pro,-1,,0
2171,,279496,1,1621,19960,160,99,0,50332151,0x030001F7,wall,,00000503.pro,-1,,0
2172,,279584,1,1622,19961,161,99,0,50332150,0x030001F6,wall,,00000502.pro,-1,,0
2173,,279672,1,1623,19962,162,99,0,50332286,0x0300027E,wall,,00000638.pro,-1,,0
2174,,279760,1,1624,19963,163,99,0,50332153,0x030001F9,wall,,00000505.pro,-1,,0
2175,,279848,1,1625,19964,164,99,0,50332147,0x030001F3,wall,,00000499.pro,-1,,0
2176,,279936,1,1626,19965,165,99,0,50332150,0x030001F6,wall,,00000502.pro,-1,,0
2177,,280024,1,1627,19966,166,99,0,50332151,0x030001F7,wall,,00000503.pro,-1,,0
2178,,280112,1,1628,20052,52,100,0,50332281,0x03000279,wall,,00000633.pro,-1,,0
2179,,280200,1,1630,20061,61,100,0,83886092,0x0500000C,misc,,00000012.pro,-1,,0
2180,,280288,1,1631,20062,62,100,0,83886092,0x0500000C,misc,,00000012.pro,-1,,0
2181,,280376,1,1632,20064,64,100,0,50332155,0x030001FB,wall,,00000507.pro,-1,,0
2182,,280464,1,1633,20086,86,100,2,50332274,0x03000272,wall,,00000626.pro,-1,,0
2183,,280552,1,1634,20094,94,100,0,50332249,0x03000259,wall,,00000601.pro,-1,,0
2184,,280640,1,1638,20102,102,100,0,50332243,0x03000253,wall,,00000595.pro,-1,,0
2185,,280728,1,1639,20110,110,100,0,50332243,0x03000253,wall,,00000595.pro,-1,,0
2186,,280816,1,1640,20118,118,100,0,50332249,0x03000259,wall,,00000601.pro,-1,,0
2187,,280904,1,1641,20121,121,100,0,50332270,0x0300026E,wall,,00000622.pro,-1,,0
2188,,280992,1,1642,20126,126,100,0,50332249,0x03000259,wall,,00000601.pro,-1,,0
2189,,281080,1,1643,20134,134,100,0,50332278,0x03000276,wall,,00000630.pro,-1,,0
2190,,281168,1,1645,20151,151,100,0,83886092,0x0500000C,misc,,00000012.pro,-1,,0
2191,,281256,1,1646,20159,159,100,0,50332270,0x0300026E,wall,,00000622.pro,-1,,0
2192,,281344,1,1647,20161,161,100,0,50332270,0x0300026E,wall,,00000622.pro,-1,,0
2193,,281432,1,1648,20163,163,100,0,50332270,0x0300026E,wall,,00000622.pro,-1,,0
2194,,281520,1,1649,20165,165,100,0,50332270,0x0300026E,wall,,00000622.pro,-1,,0
2195,,281608,1,1652,20262,62,101,0,83886092,0x0500000C,misc,,00000012.pro,-1,,0
2196,,281696,1,1653,20264,64,101,0,50332157,0x030001FD,wall,,00000509.pro,-1,,0
2197,,281784,1,1654,20286,86,101,0,50332208,0x03000230,wall,,00000560.pro,-1,,0
2198,,281872,1,1655,20287,87,101,0,50332194,0x03000222,wall,,00000546.pro,-1,,0
2199,,281960,1,1656,20288,88,101,2,50332275,0x03000273,wall,,00000627.pro,-1,,0
2200,,282048,1,1657,20289,89,101,0,50332270,0x0300026E,wall,,00000622.pro,-1,,0
2201,,282136,1,1658,20292,92,101,2,50332276,0x03000274,wall,,00000628.pro,-1,,0
2202,,282224,1,1659,20293,93,101,0,50332200,0x03000228,wall,,00000552.pro,-1,,0
2203,,282312,1,1660,20294,94,101,0,50332306,0x03000292,wall,,00000658.pro,-1,,0
2204,,282400,1,1661,20295,95,101,0,50332194,0x03000222,wall,,00000546.pro,-1,,0
2205,,282488,1,1663,20296,96,101,0,50332193,0x03000221,wall,,00000545.pro,-1,,0
2206,,282576,1,1664,20297,97,101,0,50332200,0x03000228,wall,,00000552.pro,-1,,0
2207,,282664,1,1666,20298,98,101,0,50332193,0x03000221,wall,,00000545.pro,-1,,0
2208,,282752,1,1668,20299,99,101,0,50332194,0x03000222,wall,,00000546.pro,-1,,0
2209,,282840,1,1670,20300,100,101,0,50332193,0x03000221,wall,,00000545.pro,-1,,0
2210,,282928,1,1671,20301,101,101,0,50332200,0x03000228,wall,,00000552.pro,-1,,0
2211,,283016,1,1672,20302,102,101,0,50332306,0x03000292,wall,,00000658.pro,-1,,0
2212,,283104,1,1673,20303,103,101,0,50332194,0x03000222,wall,,00000546.pro,-1,,0
2213,,283192,1,1674,20304,104,101,0,50332193,0x03000221,wall,,00000545.pro,-1,,0
2214,,283280,1,1675,20305,105,101,0,50332194,0x03000222,wall,,00000546.pro,-1,,0
2215,,283368,1,1677,20306,106,101,0,50332193,0x03000221,wall,,00000545.pro,-1,,0
2216,,283456,1,1679,20307,107,101,0,50332200,0x03000228,wall,,00000552.pro,-1,,0
2217,,283544,1,1681,20308,108,101,0,50332199,0x03000227,wall,,00000551.pro,-1,,0
2218,,283632,1,1683,20309,109,101,0,50332200,0x03000228,wall,,00000552.pro,-1,,0
2219,,283720,1,1685,20310,110,101,0,50332306,0x03000292,wall,,00000658.pro,-1,,0
2220,,283808,1,1687,20311,111,101,0,50332200,0x03000228,wall,,00000552.pro,-1,,0
2221,,283896,1,1689,20312,112,101,0,50332257,0x03000261,wall,,00000609.pro,-1,,0
2222,,283984,1,1691,20313,113,101,0,50332238,0x0300024E,wall,,00000590.pro,-1,,0
2223,,284072,1,1693,20314,114,101,0,50332279,0x03000277,wall,,00000631.pro,-1,,0
2224,,284160,1,1696,20316,116,101,0,50332280,0x03000278,wall,,00000632.pro,-1,,0
2225,,284248,1,1698,20317,117,101,0,50332236,0x0300024C,wall,,00000588.pro,-1,,0
2226,,284336,1,1700,20318,118,101,0,50332262,0x03000266,wall,,00000614.pro,-1,,0
2227,,284424,1,1702,20319,119,101,0,50332238,0x0300024E,wall,,00000590.pro,-1,,0
2228,,284512,1,1704,20320,120,101,0,50332235,0x0300024B,wall,,00000587.pro,-1,,0
2229,,284600,1,1706,20321,121,101,0,50332239,0x0300024F,wall,,00000591.pro,-1,,0
2230,,284688,1,1708,20322,122,101,0,50332234,0x0300024A,wall,,00000586.pro,-1,,0
2231,,284776,1,1709,20323,123,101,0,50332236,0x0300024C,wall,,00000588.pro,-1,,0
2232,,284864,1,1710,20324,124,101,0,50332257,0x03000261,wall,,00000609.pro,-1,,0
2233,,284952,1,1711,20325,125,101,0,50332238,0x0300024E,wall,,00000590.pro,-1,,0
2234,,285040,1,1712,20326,126,101,0,50332262,0x03000266,wall,,00000614.pro,-1,,0
2235,,285128,1,1713,20327,127,101,0,50332238,0x0300024E,wall,,00000590.pro,-1,,0
2236,,285216,1,1715,20328,128,101,0,50332279,0x03000277,wall,,00000631.pro,-1,,0
2237,,285304,1,1717,20329,129,101,0,50332270,0x0300026E,wall,,00000622.pro,-1,,0
2238,,285392,1,1721,20332,132,101,0,50332280,0x03000278,wall,,00000632.pro,-1,,0
2239,,285480,1,1723,20333,133,101,0,50332238,0x0300024E,wall,,00000590.pro,-1,,0
2240,,285568,1,1725,20334,134,101,0,50332262,0x03000266,wall,,00000614.pro,-1,,0
2241,,285656,1,1727,20335,135,101,0,50332236,0x0300024C,wall,,00000588.pro,-1,,0
2242,,285744,1,1729,20336,136,101,0,50332269,0x0300026D,wall,,00000621.pro,-1,,0
2243,,285832,1,1735,20351,151,101,0,83886092,0x0500000C,misc,,00000012.pro,-1,,0
2244,,285920,1,1736,20352,152,101,0,83886092,0x0500000C,misc,,00000012.pro,-1,,0
2245,,286008,1,1737,20454,54,102,0,33554537,0x02000069,scenery,generic,00000106.pro,-1,,0
2246,,286096,1,1739,20463,63,102,0,83886092,0x0500000C,misc,,00000012.pro,-1,,0
2247,,286184,1,1740,20464,64,102,0,50332156,0x030001FC,wall,,00000508.pro,-1,,0
2248,,286272,1,1741,20484,84,102,0,33554701,0x0200010D,scenery,generic,00000270.pro,-1,,0
2249,,286360,1,1742,20487,87,102,0,50332270,0x0300026E,wall,,00000622.pro,-1,,0
2250,,286448,1,1743,20489,89,102,0,50332270,0x0300026E,wall,,00000622.pro,-1,,0
2251,,286536,1,1744,20493,93,102,0,50332270,0x0300026E,wall,,00000622.pro,-1,,0
2252,,286624,1,1745,20495,95,102,0,50332270,0x0300026E,wall,,00000622.pro,-1,,0
2253,,286712,1,1747,20497,97,102,0,50332270,0x0300026E,wall,,00000622.pro,-1,,0
2254,,286800,1,1749,20499,99,102,0,50332270,0x0300026E,wall,,00000622.pro,-1,,0
2255,,286888,1,1751,20500,100,102,0,33554685,0x020000FD,scenery,generic,00000254.pro,-1,,0
2256,,286976,1,1753,20501,101,102,0,50332270,0x0300026E,wall,,00000622.pro,-1,,0
2257,,287064,1,1754,20503,103,102,0,50332270,0x0300026E,wall,,00000622.pro,-1,,0
2258,,287152,1,1755,20505,105,102,0,50332270,0x0300026E,wall,,00000622.pro,-1,,0
2259,,287240,1,1757,20507,107,102,0,50332270,0x0300026E,wall,,00000622.pro,-1,,0
2260,,287328,1,1758,20509,109,102,0,50332270,0x0300026E,wall,,00000622.pro,-1,,0
2261,,287416,1,1759,20511,111,102,0,50332270,0x0300026E,wall,,00000622.pro,-1,,0
2262,,287504,1,1760,20512,112,102,0,50332269,0x0300026D,wall,,00000621.pro,-1,,0
2263,,287592,1,1761,20513,113,102,0,50332270,0x0300026E,wall,,00000622.pro,-1,,0
2264,,287680,1,1762,20516,116,102,0,50332270,0x0300026E,wall,,00000622.pro,-1,,0
2265,,287768,1,1763,20517,117,102,0,50332270,0x0300026E,wall,,00000622.pro,-1,,0
2266,,287856,1,1764,20518,118,102,0,33554499,0x02000043,scenery,generic,00000068.pro,-1,,0
2267,,287944,1,1765,20519,119,102,0,50332270,0x0300026E,wall,,00000622.pro,-1,,0
2268,,288032,1,1767,20521,121,102,0,50332270,0x0300026E,wall,,00000622.pro,-1,,0
2269,,288120,1,1770,20523,123,102,0,50332270,0x0300026E,wall,,00000622.pro,-1,,0
2270,,288208,1,1771,20524,124,102,0,50332269,0x0300026D,wall,,00000621.pro,-1,,0
2271,,288296,1,1772,20525,125,102,0,50332270,0x0300026E,wall,,00000622.pro,-1,,0
2272,,288384,1,1773,20526,126,102,0,33554499,0x02000043,scenery,generic,00000068.pro,-1,,0
2273,,288472,1,1774,20526,126,102,0,70,0x00000046,item,container,00000070.pro,50331651,Stuff.int,0
2274,,288560,1,1775,20527,127,102,0,50332270,0x0300026E,wall,,00000622.pro,-1,,0
2275,,288648,1,1777,20528,128,102,0,33554499,0x02000043,scenery,generic,00000068.pro,-1,,0
2276,,288736,1,1778,20529,129,102,0,50332270,0x0300026E,wall,,00000622.pro,-1,,0
2277,,288824,1,1779,20533,133,102,0,50332270,0x0300026E,wall,,00000622.pro,-1,,0
2278,,288912,1,1780,20535,135,102,0,50332270,0x0300026E,wall,,00000622.pro,-1,,0
2279,,289000,1,1781,20536,136,102,0,50332209,0x03000231,wall,,00000561.pro,-1,,0
2280,,289088,1,1786,20552,152,102,0,83886092,0x0500000C,misc,,00000012.pro,-1,,0
2281,,289176,1,1789,20663,63,103,0,83886092,0x0500000C,misc,,00000012.pro,-1,,0
2282,,289264,1,1790,20664,64,103,0,83886092,0x0500000C,misc,,00000012.pro,-1,,0
2283,,289352,1,1791,20664,64,103,0,50332155,0x030001FB,wall,,00000507.pro,-1,,0
2284,,289440,1,1792,20684,84,103,0,33554499,0x02000043,scenery,generic,00000068.pro,-1,,0
2285,,289528,1,1793,20699,99,103,0,33554499,0x02000043,scenery,generic,00000068.pro,-1,,0
2286,,289616,1,1795,20700,100,103,0,33554499,0x02000043,scenery,generic,00000068.pro,-1,,0
2287,,289704,1,1797,20701,101,103,0,33554499,0x02000043,scenery,generic,00000068.pro,-1,,0
2288,,289792,1,1799,20712,112,103,0,50332242,0x03000252,wall,,00000594.pro,-1,,0
2289,,289880,1,1800,20717,117,103,0,33554499,0x02000043,scenery,generic,00000068.pro,-1,,0
2290,,289968,1,1801,20718,118,103,0,33554499,0x02000043,scenery,generic,00000068.pro,-1,,0
2291,,290056,1,1804,20724,124,103,0,50332242,0x03000252,wall,,00000594.pro,-1,,0
2292,,290144,1,1805,20727,127,103,0,33554499,0x02000043,scenery,generic,00000068.pro,-1,,0
2293,,290232,1,1807,20736,136,103,0,50332202,0x0300022A,wall,,00000554.pro,-1,,0
2294,,290320,1,1812,20753,153,103,0,83886092,0x0500000C,misc,,00000012.pro,-1,,0
2295,,290408,1,1818,20864,64,104,0,83886092,0x0500000C,misc,,00000012.pro,-1,,0
2296,,290496,1,1819,20864,64,104,0,50332289,0x03000281,wall,,00000641.pro,-1,,0
2297,,290584,1,1822,20901,101,104,0,33554499,0x02000043,scenery,generic,00000068.pro,-1,,0
2298,,290672,1,1824,20912,112,104,0,50332291,0x03000283,wall,,00000643.pro,-1,,0
2299,,290760,1,1825,20917,117,104,0,33554644,0x020000D4,scenery,generic,00000213.pro,-1,,0
2300,,290848,1,1826,20918,118,104,0,33554499,0x02000043,scenery,generic,00000068.pro,-1,,0
2301,,290936,1,1830,20924,124,104,0,50332249,0x03000259,wall,,00000601.pro,-1,,0
2302,,291024,1,1832,20936,136,104,0,50332313,0x03000299,wall,,00000665.pro,-1,,0
2303,,291112,1,1836,20953,153,104,0,83886092,0x0500000C,misc,,00000012.pro,-1,,0
2304,,291200,1,1837,20954,154,104,0,83886092,0x0500000C,misc,,00000012.pro,-1,,0
2305,,291288,1,1843,21064,64,105,0,50332157,0x030001FD,wall,,00000509.pro,-1,,0
2306,,291376,1,1844,21065,65,105,0,83886092,0x0500000C,misc,,00000012.pro,-1,,0
2307,,291464,1,1845,21089,89,105,0,33554534,0x02000066,scenery,generic,00000103.pro,-1,,0
2308,,291552,1,1849,21112,112,105,0,50332242,0x03000252,wall,,00000594.pro,-1,,0
2309,,291640,1,1853,21124,124,105,0,50332243,0x03000253,wall,,00000595.pro,-1,,0
2310,,291728,1,1858,21136,136,105,0,50332201,0x03000229,wall,,00000553.pro,-1,,0
2311,,291816,1,1862,21154,154,105,0,83886092,0x0500000C,misc,,00000012.pro,-1,,0
2312,,291904,1,1868,21264,64,106,0,50332159,0x030001FF,wall,,00000511.pro,-1,,0
2313,,291992,1,1869,21265,65,106,0,83886092,0x0500000C,misc,,00000012.pro,-1,,0
2314,,292080,1,1870,21266,66,106,0,83886092,0x0500000C,misc,,00000012.pro,-1,,0
2315,,292168,1,1874,21312,112,106,0,50332144,0x030001F0,wall,,00000496.pro,-1,,0
2316,,292256,1,1875,21324,124,106,0,50332246,0x03000256,wall,,00000598.pro,-1,,0
2317,,292344,1,1876,21329,129,106,2,16777230,0x0100000E,critter,,00000014.pro,67108867,HotGhoul.int,1
2317/inventory/0,1,292476,1,1877,0,0,0,0,4,0x00000004,item,weapon,00000012.pro,-1,,0
2318,,292572,1,1878,21336,136,106,0,50332310,0x03000296,wall,,00000662.pro,-1,,0
2319,,292660,1,1882,21355,155,106,0,83886092,0x0500000C,misc,,00000012.pro,-1,,0
2320,,292748,1,1889,21464,64,107,0,50332156,0x030001FC,wall,,00000508.pro,-1,,0
2321,,292836,1,1890,21465,65,107,0,33554545,0x02000071,scenery,generic,00000114.pro,-1,,0
2322,,292924,1,1891,21466,66,107,0,83886092,0x0500000C,misc,,00000012.pro,-1,,0
2323,,293012,1,1895,21524,124,107,0,50332243,0x03000253,wall,,00000595.pro,-1,,0
2324,,293100,1,1899,21555,155,107,0,83886092,0x0500000C,misc,,00000012.pro,-1,,0
2325,,293188,1,1900,21556,156,107,0,83886092,0x0500000C,misc,,00000012.pro,-1,,0
2326,,293276,1,1906,21662,62,108,0,33554776,0x02000158,scenery,generic,00000345.pro,-1,,0
2327,,293364,1,1907,21663,63,108,0,33554776,0x02000158,scenery,generic,00000345.pro,-1,,0
2328,,293452,1,1908,21664,64,108,0,50332155,0x030001FB,wall,,00000507.pro,-1,,0
2329,,293540,1,1909,21665,65,108,0,33554544,0x02000070,scenery,generic,00000113.pro,-1,,0
2330,,293628,1,1910,21667,67,108,0,83886092,0x0500000C,misc,,00000012.pro,-1,,0
2331,,293716,1,1914,21712,112,108,0,50332143,0x030001EF,wall,,00000495.pro,-1,,0
2332,,293804,1,1915,21724,124,108,0,50332243,0x03000253,wall,,00000595.pro,-1,,0
2333,,293892,1,1916,21736,136,108,0,50332269,0x0300026D,wall,,00000621.pro,-1,,0
2334,,293980,1,1917,21736,136,108,0,50332311,0x03000297,wall,,00000663.pro,-1,,0
2335,,294068,1,1921,21756,156,108,0,83886092,0x0500000C,misc,,00000012.pro,-1,,0
2336,,294156,1,1926,21857,57,109,0,50332270,0x0300026E,wall,,00000622.pro,-1,,0
2337,,294244,1,1927,21858,58,109,0,50332272,0x03000270,wall,,00000624.pro,-1,,0
2338,,294332,1,1928,21859,59,109,0,50332150,0x030001F6,wall,,00000502.pro,-1,,0
2339,,294420,1,1929,21860,60,109,0,50332147,0x030001F3,wall,,00000499.pro,-1,,0
2340,,294508,1,1930,21861,61,109,0,50332153,0x030001F9,wall,,00000505.pro,-1,,0
2341,,294596,1,1931,21862,62,109,0,50332147,0x030001F3,wall,,00000499.pro,-1,,0
2342,,294684,1,1933,21863,63,109,0,50332146,0x030001F2,wall,,00000498.pro,-1,,0
2343,,294772,1,1934,21864,64,109,0,50332145,0x030001F1,wall,,00000497.pro,-1,,0
2344,,294860,1,1935,21867,67,109,0,83886092,0x0500000C,misc,,00000012.pro,-1,,0
2345,,294948,1,1936,21868,68,109,0,83886092,0x0500000C,misc,,00000012.pro,-1,,0
2346,,295036,1,1940,21912,112,109,0,50332281,0x03000279,wall,,00000633.pro,-1,,0
2347,,295124,1,1941,21914,114,109,0,50332280,0x03000278,wall,,00000632.pro,-1,,0
2348,,295212,1,1942,21915,115,109,0,50332218,0x0300023A,wall,,00000570.pro,-1,,0
2349,,295300,1,1943,21916,116,109,0,50332279,0x03000277,wall,,00000631.pro,-1,,0
2350,,295388,1,1944,21917,117,109,0,50332270,0x0300026E,wall,,00000622.pro,-1,,0
2351,,295476,1,1945,21920,120,109,0,50332280,0x03000278,wall,,00000632.pro,-1,,0
2352,,295564,1,1946,21921,121,109,0,50332238,0x0300024E,wall,,00000590.pro,-1,,0
2353,,295652,1,1947,21922,122,109,0,50332237,0x0300024D,wall,,00000589.pro,-1,,0
2354,,295740,1,1948,21923,123,109,0,50332236,0x0300024C,wall,,00000588.pro,-1,,0
2355,,295828,1,1949,21924,124,109,0,50332264,0x03000268,wall,,00000616.pro,-1,,0
2356,,295916,1,1950,21925,125,109,0,50332238,0x0300024E,wall,,00000590.pro,-1,,0
2357,,296004,1,1951,21926,126,109,0,50332237,0x0300024D,wall,,00000589.pro,-1,,0
2358,,296092,1,1952,21927,127,109,0,50332236,0x0300024C,wall,,00000588.pro,-1,,0
2359,,296180,1,1953,21928,128,109,0,50332234,0x0300024A,wall,,00000586.pro,-1,,0
2360,,296268,1,1954,21929,129,109,0,50332239,0x0300024F,wall,,00000591.pro,-1,,0
2361,,296356,1,1955,21930,130,109,0,50332240,0x03000250,wall,,00000592.pro,-1,,0
2362,,296444,1,1956,21931,131,109,0,50332239,0x0300024F,wall,,00000591.pro,-1,,0
2363,,296532,1,1957,21932,132,109,0,50332237,0x0300024D,wall,,00000589.pro,-1,,0
2364,,296620,1,1958,21933,133,109,0,50332238,0x0300024E,wall,,00000590.pro,-1,,0
2365,,296708,1,1959,21934,134,109,0,50332235,0x0300024B,wall,,00000587.pro,-1,,0
2366,,296796,1,1960,21935,135,109,0,50332236,0x0300024C,wall,,00000588.pro,-1,,0
2367,,296884,1,1961,21936,136,109,0,50332305,0x03000291,wall,,00000657.pro,-1,,0
2368,,296972,1,1964,21943,143,109,3,16777521,0x01000131,critter,,00000305.pro,67108902,genghoul.int,0
2369,,297100,1,1966,21957,157,109,0,83886092,0x0500000C,misc,,00000012.pro,-1,,0
2370,,297188,1,1971,22057,57,110,0,50332270,0x0300026E,wall,,00000622.pro,-1,,0
2371,,297276,1,1972,22059,59,110,0,50332270,0x0300026E,wall,,00000622.pro,-1,,0
2372,,297364,1,1973,22061,61,110,0,50332270,0x0300026E,wall,,00000622.pro,-1,,0
2373,,297452,1,1974,22062,62,110,0,33554706,0x02000112,scenery,generic,00000275.pro,-1,,0
2374,,297540,1,1976,22063,63,110,0,50332270,0x0300026E,wall,,00000622.pro,-1,,0
2375,,297628,1,1978,22068,68,110,0,83886092,0x0500000C,misc,,00000012.pro,-1,,0
2376,,297716,1,1979,22088,88,110,1,16777322,0x0100006A,critter,,00000106.pro,67108894,genghoul.int,0
2377,,297844,1,1980,22092,92,110,3,16777322,0x0100006A,critter,,00000106.pro,67108895,genghoul.int,0
2378,,297972,1,1981,22094,94,110,2,16777322,0x0100006A,critter,,00000106.pro,67108896,genghoul.int,0
2379,,298100,1,1985,22114,114,110,0,50332270,0x0300026E,wall,,00000622.pro,-1,,0
2380,,298188,1,1986,22115,115,110,0,50332270,0x0300026E,wall,,00000622.pro,-1,,0
2381,,298276,1,1987,22117,117,110,0,50332270,0x0300026E,wall,,00000622.pro,-1,,0
2382,,298364,1,1988,22121,121,110,0,50332270,0x0300026E,wall,,00000622.pro,-1,,0
2383,,298452,1,1989,22123,123,110,0,50332270,0x0300026E,wall,,00000622.pro,-1,,0
2384,,298540,1,1990,22124,124,110,0,50332269,0x0300026D,wall,,00000621.pro,-1,,0
2385,,298628,1,1991,22125,125,110,0,50332270,0x0300026E,wall,,00000622.pro,-1,,0
2386,,298716,1,1992,22127,127,110,0,50332270,0x0300026E,wall,,00000622.pro,-1,,0
2387,,298804,1,1993,22128,128,110,0,33554643,0x020000D3,scenery,generic,00000212.pro,-1,,0
2388,,298892,1,1994,22129,129,110,0,50332270,0x0300026E,wall,,00000622.pro,-1,,0
2389,,298980,1,1995,22130,130,110,0,33554499,0x02000043,scenery,generic,00000068.pro,-1,,0
2390,,299068,1,1996,22130,130,110,0,61,0x0000003D,item,container,00000061.pro,-1,,0
2391,,299156,1,1997,22131,131,110,0,50332270,0x0300026E,wall,,00000622.pro,-1,,0
2392,,299244,1,1998,22133,133,110,0,50332270,0x0300026E,wall,,00000622.pro,-1,,0
2393,,299332,1,1999,22135,135,110,0,50332270,0x0300026E,wall,,00000622.pro,-1,,0
2394,,299420,1,2000,22136,136,110,0,50332269,0x0300026D,wall,,00000621.pro,-1,,0
2395,,299508,1,2008,22157,157,110,0,83886092,0x0500000C,misc,,00000012.pro,-1,,0
2396,,299596,1,2010,22158,158,110,0,83886092,0x0500000C,misc,,00000012.pro,-1,,0
2397,,299684,1,2013,22269,69,111,0,83886092,0x0500000C,misc,,00000012.pro,-1,,0
2398,,299772,1,2032,22312,112,111,0,50332282,0x0300027A,wall,,00000634.pro,-1,,0
2399,,299860,1,2033,22324,124,111,0,50332242,0x03000252,wall,,00000594.pro,-1,,0
2400,,299948,1,2034,22325,125,111,0,33554499,0x02000043,scenery,generic,00000068.pro,-1,,0
2401,,300036,1,2035,22326,126,111,0,33554499,0x02000043,scenery,generic,00000068.pro,-1,,0
2402,,300124,1,2036,22328,128,111,0,33554499,0x02000043,scenery,generic,00000068.pro,-1,,0
2403,,300212,1,2037,22336,136,111,0,50332202,0x0300022A,wall,,00000554.pro,-1,,0
2404,,300300,1,2040,22346,146,111,2,16777521,0x01000131,critter,,00000305.pro,67108899,genghoul.int,0
2405,,300428,1,2046,22358,158,111,0,83886092,0x0500000C,misc,,00000012.pro,-1,,0
2406,,300516,1,2048,22469,69,112,0,83886092,0x0500000C,misc,,00000012.pro,-1,,0
2407,,300604,1,2049,22470,70,112,0,83886092,0x0500000C,misc,,00000012.pro,-1,,0
2408,,300692,1,2050,22472,72,112,0,33554559,0x0200007F,scenery,generic,00000128.pro,-1,,0
2409,,300780,1,2051,22472,72,112,0,33554534,0x02000066,scenery,generic,00000103.pro,-1,,0
2410,,300868,1,2061,22512,112,112,0,50332291,0x03000283,wall,,00000643.pro,-1,,0
2411,,300956,1,2062,22516,116,112,1,16777230,0x0100000E,critter,,00000014.pro,67108866,HotGhoul.int,2
2411/inventory/0,1,301088,1,2063,0,0,0,0,4,0x00000004,item,weapon,00000012.pro,-1,,0
2411/inventory/1,1,301188,1,2064,-1,,,0,71,0x00000047,item,drug,00000071.pro,-1,,0
2412,,301276,1,2065,22524,124,112,0,50332249,0x03000259,wall,,00000601.pro,-1,,0
2413,,301364,1,2066,22527,127,112,0,33554499,0x02000043,scenery,generic,00000068.pro,-1,,0
2414,,301452,1,2067,22528,128,112,0,33554499,0x02000043,scenery,generic,00000068.pro,-1,,0
2415,,301540,1,2068,22536,136,112,0,50332313,0x03000299,wall,,00000665.pro,-1,,0
2416,,301628,1,2073,22550,150,112,2,16777521,0x01000131,critter,,00000305.pro,67108888,genghoul.int,0
2417,,301756,1,2078,22559,159,112,0,83886092,0x0500000C,misc,,00000012.pro,-1,,0
2418,,301844,1,2081,22670,70,113,0,83886092,0x0500000C,misc,,00000012.pro,-1,,0
2419,,301932,1,2082,22673,73,113,0,33554559,0x0200007F,scenery,generic,00000128.pro,-1,,0
2420,,302020,1,2085,22691,91,113,2,16777322,0x0100006A,critter,,00000106.pro,67108898,genghoul.int,0
2421,,302148,1,2087,22699,99,113,0,33554572,0x0200008C,scenery,ladder_down,00000141.pro,50331663,NHUp2Dn3.int,0
2422,,302240,1,2088,22699,99,113,0,33554576,0x02000090,scenery,door,00000145.pro,-1,,0
2423,,302332,1,2090,22712,112,113,0,50332242,0x03000252,wall,,00000594.pro,-1,,0
2424,,302420,1,2091,22724,124,113,0,50332249,0x03000259,wall,,00000601.pro,-1,,0
2425,,302508,1,2092,22736,136,113,0,50332203,0x0300022B,wall,,00000555.pro,-1,,0
2426,,302596,1,2095,22741,141,113,4,16777521,0x01000131,critter,,00000305.pro,67108901,genghoul.int,0
2427,,302724,1,2109,22759,159,113,0,83886092,0x0500000C,misc,,00000012.pro,-1,,0
2428,,302812,1,2110,22760,160,113,0,83886092,0x0500000C,misc,,00000012.pro,-1,,0
2429,,302900,1,2112,22871,71,114,0,83886092,0x0500000C,misc,,00000012.pro,-1,,0
2430,,302988,1,2115,22894,94,114,3,16777322,0x0100006A,critter,,00000106.pro,67108897,genghoul.int,0
2431,,303116,1,2117,22912,112,114,0,50332144,0x030001F0,wall,,00000496.pro,-1,,0
2432,,303204,1,2118,22924,124,114,0,50332243,0x03000253,wall,,00000595.pro,-1,,0
2433,,303292,1,2119,22936,136,114,0,50332310,0x03000296,wall,,00000662.pro,-1,,0
2434,,303380,1,2120,22945,145,114,1,16777521,0x01000131,critter,,00000305.pro,67108900,genghoul.int,0
2435,,303508,1,2125,22960,160,114,0,83886092,0x0500000C,misc,,00000012.pro,-1,,0
2436,,303596,1,2126,23051,51,115,0,50332236,0x0300024C,wall,,00000588.pro,-1,,0
2437,,303684,1,2127,23052,52,115,0,50332240,0x03000250,wall,,00000592.pro,-1,,0
2438,,303772,1,2128,23053,53,115,0,50332239,0x0300024F,wall,,00000591.pro,-1,,0
2439,,303860,1,2129,23054,54,115,0,50332235,0x0300024B,wall,,00000587.pro,-1,,0
2440,,303948,1,2130,23055,55,115,0,50332239,0x0300024F,wall,,00000591.pro,-1,,0
2441,,304036,1,2131,23056,56,115,0,50332240,0x03000250,wall,,00000592.pro,-1,,0
2442,,304124,1,2132,23057,57,115,0,50332238,0x0300024E,wall,,00000590.pro,-1,,0
2443,,304212,1,2133,23058,58,115,0,50332237,0x0300024D,wall,,00000589.pro,-1,,0
2444,,304300,1,2134,23059,59,115,0,50332239,0x0300024F,wall,,00000591.pro,-1,,0
2445,,304388,1,2135,23060,60,115,0,50332235,0x0300024B,wall,,00000587.pro,-1,,0
2446,,304476,1,2136,23061,61,115,0,50332236,0x0300024C,wall,,00000588.pro,-1,,0
2447,,304564,1,2137,23062,62,115,0,50332234,0x0300024A,wall,,00000586.pro,-1,,0
2448,,304652,1,2138,23063,63,115,0,50332236,0x0300024C,wall,,00000588.pro,-1,,0
2449,,304740,1,2139,23064,64,115,0,50332269,0x0300026D,wall,,00000621.pro,-1,,0
2450,,304828,1,2141,23071,71,115,0,83886092,0x0500000C,misc,,00000012.pro,-1,,0
2451,,304916,1,2142,23072,72,115,0,83886092,0x0500000C,misc,,00000012.pro,-1,,0
2452,,305004,1,2143,23084,84,115,0,33554775,0x02000157,scenery,generic,00000344.pro,-1,,0
2453,,305092,1,2144,23085,85,115,2,16777396,0x010000B4,critter,,00000180.pro,67108871,CarvLead.int,0
2454,,305220,1,2148,23118,118,115,2,33554640,0x020000D0,scenery,generic,00000209.pro,-1,,0
2455,,305308,1,2149,23124,124,115,0,50332246,0x03000256,wall,,00000598.pro,-1,,0
2456,,305396,1,2154,23161,161,115,0,83886092,0x0500000C,misc,,00000012.pro,-1,,0
2457,,305484,1,2155,23251,51,116,0,50332270,0x0300026E,wall,,00000622.pro,-1,,0
2458,,305572,1,2156,23253,53,116,0,50332270,0x0300026E,wall,,00000622.pro,-1,,0
2459,,305660,1,2157,23255,55,116,0,50332270,0x0300026E,wall,,00000622.pro,-1,,0
2460,,305748,1,2158,23257,57,116,0,50332270,0x0300026E,wall,,00000622.pro,-1,,0
2461,,305836,1,2159,23258,58,116,0,33554776,0x02000158,scenery,generic,00000345.pro,-1,,0
2462,,305924,1,2160,23259,59,116,0,50332270,0x0300026E,wall,,00000622.pro,-1,,0
2463,,306012,1,2161,23261,61,116,0,50332270,0x0300026E,wall,,00000622.pro,-1,,0
2464,,306100,1,2162,23263,63,116,0,50332270,0x0300026E,wall,,00000622.pro,-1,,0
2465,,306188,1,2163,23264,64,116,0,50332162,0x03000202,wall,,00000514.pro,-1,,0
2466,,306276,1,2166,23272,72,116,0,83886092,0x0500000C,misc,,00000012.pro,-1,,0
2467,,306364,1,2169,23304,104,116,0,33554559,0x0200007F,scenery,generic,00000128.pro,-1,,0
2468,,306452,1,2171,23312,112,116,0,50332143,0x030001EF,wall,,00000495.pro,-1,,0
2469,,306540,1,2172,23324,124,116,0,50332243,0x03000253,wall,,00000595.pro,-1,,0
2470,,306628,1,2173,23336,136,116,0,50332269,0x0300026D,wall,,00000621.pro,-1,,0
2471,,306716,1,2174,23336,136,116,0,50332311,0x03000297,wall,,00000663.pro,-1,,0
2472,,306804,1,2175,23340,140,116,0,33554537,0x02000069,scenery,generic,00000106.pro,-1,,0
2473,,306892,1,2180,23361,161,116,0,83886092,0x0500000C,misc,,00000012.pro,-1,,0
2474,,306980,1,2181,23362,162,116,0,83886092,0x0500000C,misc,,00000012.pro,-1,,0
2475,,307068,1,2182,23458,58,117,0,33554776,0x02000158,scenery,generic,00000345.pro,-1,,0
2476,,307156,1,2183,23464,64,117,0,50332157,0x030001FD,wall,,00000509.pro,-1,,0
2477,,307244,1,2185,23473,73,117,0,83886092,0x0500000C,misc,,00000012.pro,-1,,0
2478,,307332,1,2188,23492,92,117,0,33554535,0x02000067,scenery,generic,00000104.pro,-1,,0
2479,,307420,1,2190,23512,112,117,0,50332261,0x03000265,wall,,00000613.pro,-1,,0
2480,,307508,1,2191,23513,113,117,0,50332236,0x0300024C,wall,,00000588.pro,-1,,0
2481,,307596,1,2192,23514,114,117,0,50332237,0x0300024D,wall,,00000589.pro,-1,,0
2482,,307684,1,2193,23515,115,117,0,50332238,0x0300024E,wall,,00000590.pro,-1,,0
2483,,307772,1,2194,23516,116,117,0,50332240,0x03000250,wall,,00000592.pro,-1,,0
2484,,307860,1,2195,23517,117,117,0,50332239,0x0300024F,wall,,00000591.pro,-1,,0
2485,,307948,1,2196,23518,118,117,0,50332237,0x0300024D,wall,,00000589.pro,-1,,0
2486,,308036,1,2197,23519,119,117,0,50332236,0x0300024C,wall,,00000588.pro,-1,,0
2487,,308124,1,2198,23520,120,117,0,50332235,0x0300024B,wall,,00000587.pro,-1,,0
2488,,308212,1,2199,23521,121,117,0,50332238,0x0300024E,wall,,00000590.pro,-1,,0
2489,,308300,1,2200,23522,122,117,0,50332234,0x0300024A,wall,,00000586.pro,-1,,0
2490,,308388,1,2201,23523,123,117,0,50332239,0x0300024F,wall,,00000591.pro,-1,,0
2491,,308476,1,2202,23524,124,117,0,50332264,0x03000268,wall,,00000616.pro,-1,,0
2492,,308564,1,2203,23525,125,117,0,50332236,0x0300024C,wall,,00000588.pro,-1,,0
2493,,308652,1,2204,23526,126,117,0,50332279,0x03000277,wall,,00000631.pro,-1,,0
2494,,308740,1,2205,23530,130,117,0,50332280,0x03000278,wall,,00000632.pro,-1,,0
2495,,308828,1,2206,23531,131,117,0,50332236,0x0300024C,wall,,00000588.pro,-1,,0
2496,,308916,1,2207,23532,132,117,0,50332235,0x0300024B,wall,,00000587.pro,-1,,0
2497,,309004,1,2208,23533,133,117,0,50332238,0x0300024E,wall,,00000590.pro,-1,,0
2498,,309092,1,2209,23534,134,117,0,50332237,0x0300024D,wall,,00000589.pro,-1,,0
2499,,309180,1,2210,23535,135,117,0,50332239,0x0300024F,wall,,00000591.pro,-1,,0
2500,,309268,1,2211,23536,136,117,0,50332305,0x03000291,wall,,00000657.pro,-1,,0
2501,,309356,1,2212,23539,139,117,0,33554534,0x02000066,scenery,generic,00000103.pro,-1,,0
2502,,309444,1,2217,23553,153,117,0,33554536,0x02000068,scenery,generic,00000105.pro,-1,,0
2503,,309532,1,2218,23562,162,117,0,83886092,0x0500000C,misc,,00000012.pro,-1,,0
2504,,309620,1,2219,23659,59,118,0,33554776,0x02000158,scenery,generic,00000345.pro,-1,,0
2505,,309708,1,2220,23664,64,118,0,50332155,0x030001FB,wall,,00000507.pro,-1,,0
2506,,309796,1,2222,23673,73,118,0,83886092,0x0500000C,misc,,00000012.pro,-1,,0
2507,,309884,1,2223,23674,74,118,0,83886092,0x0500000C,misc,,00000012.pro,-1,,0
2508,,309972,1,2225,23690,90,118,0,33554536,0x02000068,scenery,generic,00000105.pro,-1,,0
2509,,310060,1,2227,23691,91,118,0,33554537,0x02000069,scenery,generic,00000106.pro,-1,,0
2510,,310148,1,2230,23712,112,118,0,50332269,0x0300026D,wall,,00000621.pro,-1,,0
2511,,310236,1,2231,23713,113,118,0,50332270,0x0300026E,wall,,00000622.pro,-1,,0
2512,,310324,1,2232,23714,114,118,0,33554704,0x02000110,scenery,generic,00000273.pro,-1,,0
2513,,310412,1,2233,23715,115,118,0,50332270,0x0300026E,wall,,00000622.pro,-1,,0
2514,,310500,1,2234,23717,117,118,0,50332270,0x0300026E,wall,,00000622.pro,-1,,0
2515,,310588,1,2235,23717,117,118,0,33554737,0x02000131,scenery,generic,00000306.pro,-1,,0
2516,,310676,1,2236,23718,118,118,0,33554499,0x02000043,scenery,generic,00000068.pro,-1,,0
2517,,310764,1,2237,23719,119,118,0,50332270,0x0300026E,wall,,00000622.pro,-1,,0
2518,,310852,1,2238,23720,120,118,0,33554499,0x02000043,scenery,generic,00000068.pro,-1,,0
2519,,310940,1,2239,23721,121,118,0,50332270,0x0300026E,wall,,00000622.pro,-1,,0
2520,,311028,1,2240,23723,123,118,0,50332270,0x0300026E,wall,,00000622.pro,-1,,0
2521,,311116,1,2241,23724,124,118,0,50332269,0x0300026D,wall,,00000621.pro,-1,,0
2522,,311204,1,2242,23725,125,118,0,50332270,0x0300026E,wall,,00000622.pro,-1,,0
2523,,311292,1,2243,23727,127,118,0,50332270,0x0300026E,wall,,00000622.pro,-1,,0
2524,,311380,1,2244,23730,130,118,0,50332270,0x0300026E,wall,,00000622.pro,-1,,0
2525,,311468,1,2245,23731,131,118,0,50332270,0x0300026E,wall,,00000622.pro,-1,,0
2526,,311556,1,2246,23732,132,118,0,33554499,0x02000043,scenery,generic,00000068.pro,-1,,0
2527,,311644,1,2247,23733,133,118,0,50332270,0x0300026E,wall,,00000622.pro,-1,,0
2528,,311732,1,2248,23734,134,118,0,33554499,0x02000043,scenery,generic,00000068.pro,-1,,0
2529,,311820,1,2249,23735,135,118,0,50332270,0x0300026E,wall,,00000622.pro,-1,,0
2530,,311908,1,2250,23736,136,118,0,50332269,0x0300026D,wall,,00000621.pro,-1,,0
2531,,311996,1,2255,23763,163,118,0,83886092,0x0500000C,misc,,00000012.pro,-1,,0
2532,,312084,1,2256,23859,59,119,0,33554776,0x02000158,scenery,generic,00000345.pro,-1,,0
2533,,312172,1,2257,23860,60,119,0,33554776,0x02000158,scenery,generic,00000345.pro,-1,,0
2534,,312260,1,2258,23864,64,119,0,50332156,0x030001FC,wall,,00000508.pro,-1,,0
2535,,312348,1,2261,23874,74,119,0,83886092,0x0500000C,misc,,00000012.pro,-1,,0
2536,,312436,1,2263,23890,90,119,0,33554534,0x02000066,scenery,generic,00000103.pro,-1,,0
2537,,312524,1,2279,23912,112,119,0,50332242,0x03000252,wall,,00000594.pro,-1,,0
2538,,312612,1,2280,23917,117,119,0,33554499,0x02000043,scenery,generic,00000068.pro,-1,,0
2539,,312700,1,2281,23919,119,119,0,33554499,0x02000043,scenery,generic,00000068.pro,-1,,0
2540,,312788,1,2282,23924,124,119,0,50332242,0x03000252,wall,,00000594.pro,-1,,0
2541,,312876,1,2283,23932,132,119,0,33554499,0x02000043,scenery,generic,00000068.pro,-1,,0
2542,,312964,1,2284,23934,134,119,0,33554499,0x02000043,scenery,generic,00000068.pro,-1,,0
2543,,313052,1,2285,23936,136,119,0,50332201,0x03000229,wall,,00000553.pro,-1,,0
2544,,313140,1,2290,23963,163,119,0,83886092,0x0500000C,misc,,00000012.pro,-1,,0
2545,,313228,1,2291,23964,164,119,0,83886092,0x0500000C,misc,,00000012.pro,-1,,0
2546,,313316,1,2292,24060,60,120,0,33554776,0x02000158,scenery,generic,00000345.pro,-1,,0
2547,,313404,1,2293,24064,64,120,0,50332159,0x030001FF,wall,,00000511.pro,-1,,0
2548,,313492,1,2295,24075,75,120,0,83886092,0x0500000C,misc,,00000012.pro,-1,,0
2549,,313580,1,2296,24089,89,120,0,33554537,0x02000069,scenery,generic,00000106.pro,-1,,0
2550,,313668,1,2297,24090,90,120,0,33554559,0x0200007F,scenery,generic,00000128.pro,-1,,0
2551,,313756,1,2302,24112,112,120,0,50332291,0x03000283,wall,,00000643.pro,-1,,0
2552,,313844,1,2303,24116,116,120,2,16777230,0x0100000E,critter,,00000014.pro,67108865,HotGhoul.int,2
2552/inventory/0,1,313976,1,2304,-1,,,0,106,0x0000006A,item,drug,00000106.pro,-1,,0
2552/inventory/1,1,314068,1,2305,-1,,,0,101,0x00000065,item,misc,00000101.pro,-1,,0
2553,,314160,1,2306,24124,124,120,0,50332243,0x03000253,wall,,00000595.pro,-1,,0
2554,,314248,1,2307,24132,132,120,0,33554642,0x020000D2,scenery,generic,00000211.pro,-1,,0
2555,,314336,1,2308,24134,134,120,0,33554499,0x02000043,scenery,generic,00000068.pro,-1,,0
2556,,314424,1,2310,24136,136,120,0,50332313,0x03000299,wall,,00000665.pro,-1,,0
2557,,314512,1,2314,24164,164,120,0,83886092,0x0500000C,misc,,00000012.pro,-1,,0
2558,,314600,1,2315,24261,61,121,0,33554776,0x02000158,scenery,generic,00000345.pro,-1,,0
2559,,314688,1,2316,24264,64,121,0,50332289,0x03000281,wall,,00000641.pro,-1,,0
2560,,314776,1,2317,24266,66,121,0,33554724,0x02000124,scenery,generic,00000293.pro,-1,,0
2561,,314864,1,2319,24275,75,121,0,83886092,0x0500000C,misc,,00000012.pro,-1,,0
2562,,314952,1,2320,24276,76,121,0,83886092,0x0500000C,misc,,00000012.pro,-1,,0
2563,,315040,1,2324,24312,112,121,0,50332242,0x03000252,wall,,00000594.pro,-1,,0
2564,,315128,1,2325,24324,124,121,0,50332246,0x03000256,wall,,00000598.pro,-1,,0
2565,,315216,1,2326,24333,133,121,0,33554499,0x02000043,scenery,generic,00000068.pro,-1,,0
2566,,315304,1,2330,24336,136,121,0,50332202,0x0300022A,wall,,00000554.pro,-1,,0
2567,,315392,1,2332,24364,164,121,0,50332280,0x03000278,wall,,00000632.pro,-1,,0
2568,,315480,1,2333,24365,165,121,0,83886092,0x0500000C,misc,,00000012.pro,-1,,0
2569,,315568,1,2334,24365,165,121,0,50332238,0x0300024E,wall,,00000590.pro,-1,,0
2570,,315656,1,2335,24366,166,121,0,50332234,0x0300024A,wall,,00000586.pro,-1,,0
2571,,315744,1,2336,24367,167,121,0,50332236,0x0300024C,wall,,00000588.pro,-1,,0
2572,,315832,1,2337,24368,168,121,0,50332257,0x03000261,wall,,00000609.pro,-1,,0
2573,,315920,1,2338,24369,169,121,0,50332239,0x0300024F,wall,,00000591.pro,-1,,0
2574,,316008,1,2339,24370,170,121,0,50332279,0x03000277,wall,,00000631.pro,-1,,0
2575,,316096,1,2340,24371,171,121,0,50332270,0x0300026E,wall,,00000622.pro,-1,,0
2576,,316184,1,2341,24461,61,122,0,33554776,0x02000158,scenery,generic,00000345.pro,-1,,0
2577,,316272,1,2342,24462,62,122,0,33554776,0x02000158,scenery,generic,00000345.pro,-1,,0
2578,,316360,1,2343,24464,64,122,0,50332155,0x030001FB,wall,,00000507.pro,-1,,0
2579,,316448,1,2346,24476,76,122,0,83886092,0x0500000C,misc,,00000012.pro,-1,,0
2580,,316536,1,2350,24512,112,122,0,50332144,0x030001F0,wall,,00000496.pro,-1,,0
2581,,316624,1,2351,24524,124,122,0,50332249,0x03000259,wall,,00000601.pro,-1,,0
2582,,316712,1,2352,24525,125,122,0,33554499,0x02000043,scenery,generic,00000068.pro,-1,,0
2583,,316800,1,2353,24526,126,122,0,33554499,0x02000043,scenery,generic,00000068.pro,-1,,0
2584,,316888,1,2354,24526,126,122,0,68,0x00000044,item,container,00000068.pro,-1,,1
2584/inventory/0,3,316980,1,2355,-1,,,0,40,0x00000028,item,drug,00000040.pro,-1,,0
2585,,317068,1,2360,24536,136,122,0,50332201,0x03000229,wall,,00000553.pro,-1,,0
2586,,317156,1,2361,24564,164,122,0,50332270,0x0300026E,wall,,00000622.pro,-1,,0
2587,,317244,1,2362,24565,165,122,0,50332270,0x0300026E,wall,,00000622.pro,-1,,0
2588,,317332,1,2363,24565,165,122,0,83886092,0x0500000C,misc,,00000012.pro,-1,,0
2589,,317420,1,2364,24566,166,122,0,83886092,0x0500000C,misc,,00000012.pro,-1,,0
2590,,317508,1,2365,24568,168,122,0,50332269,0x0300026D,wall,,00000621.pro,-1,,0
2591,,317596,1,2366,24569,169,122,0,50332270,0x0300026E,wall,,00000622.pro,-1,,0
2592,,317684,1,2367,24571,171,122,0,50332270,0x0300026E,wall,,00000622.pro,-1,,0
2593,,317772,1,2368,24662,62,123,0,33554776,0x02000158,scenery,generic,00000345.pro,-1,,0
2594,,317860,1,2369,24664,64,123,0,50332157,0x030001FD,wall,,00000509.pro,-1,,0
2595,,317948,1,2371,24677,77,123,0,83886092,0x0500000C,misc,,00000012.pro,-1,,0
2596,,318036,1,2375,24724,124,123,0,50332243,0x03000253,wall,,00000595.pro,-1,,0
2597,,318124,1,2376,24726,126,123,0,33554499,0x02000043,scenery,generic,00000068.pro,-1,,0
2598,,318212,1,2378,24730,130,123,2,16777230,0x0100000E,critter,,00000014.pro,67108864,ghoul.int,3
2598/inventory/0,1,318344,1,2379,0,0,0,0,40,0x00000028,item,drug,00000040.pro,-1,,0
2598/inventory/1,1,318436,1,2380,0,0,0,0,4,0x00000004,item,weapon,00000012.pro,-1,,0
2598/inventory/2,1,318536,1,2381,-1,,,0,111,0x0000006F,item,ammo,00000111.pro,-1,,0
2599,,318628,1,2385,24736,136,123,0,50332201,0x03000229,wall,,00000553.pro,-1,,0
2600,,318716,1,2386,24766,166,123,0,83886092,0x0500000C,misc,,00000012.pro,-1,,0
2601,,318804,1,2387,24768,168,123,0,50332242,0x03000252,wall,,00000594.pro,-1,,0
2602,,318892,1,2388,24863,63,124,0,33554776,0x02000158,scenery,generic,00000345.pro,-1,,0
2603,,318980,1,2389,24864,64,124,0,50332156,0x030001FC,wall,,00000508.pro,-1,,0
2604,,319068,1,2391,24877,77,124,0,83886092,0x0500000C,misc,,00000012.pro,-1,,0
2605,,319156,1,2392,24878,78,124,0,83886092,0x0500000C,misc,,00000012.pro,-1,,0
2606,,319244,1,2396,24912,112,124,0,50332143,0x030001EF,wall,,00000495.pro,-1,,0
2607,,319332,1,2397,24924,124,124,0,50332249,0x03000259,wall,,00000601.pro,-1,,0
2608,,319420,1,2398,24926,126,124,0,33554499,0x02000043,scenery,generic,00000068.pro,-1,,0
2609,,319508,1,2403,24936,136,124,0,50332202,0x0300022A,wall,,00000554.pro,-1,,0
2610,,319596,1,2404,24966,166,124,0,83886092,0x0500000C,misc,,00000012.pro,-1,,0
2611,,319684,1,2405,24967,167,124,0,83886092,0x0500000C,misc,,00000012.pro,-1,,0
2612,,319772,1,2406,24968,168,124,0,50332281,0x03000279,wall,,00000633.pro,-1,,0
2613,,319860,1,2407,25064,64,125,0,50332155,0x030001FB,wall,,00000507.pro,-1,,0
2614,,319948,1,2410,25078,78,125,0,83886092,0x0500000C,misc,,00000012.pro,-1,,0
2615,,320036,1,2414,25112,112,125,0,50332261,0x03000265,wall,,00000613.pro,-1,,0
2616,,320124,1,2415,25113,113,125,0,50332238,0x0300024E,wall,,00000590.pro,-1,,0
2617,,320212,1,2416,25114,114,125,0,50332279,0x03000277,wall,,00000631.pro,-1,,0
2618,,320300,1,2417,25115,115,125,0,50332270,0x0300026E,wall,,00000622.pro,-1,,0
2619,,320388,1,2418,25120,120,125,0,50332280,0x03000278,wall,,00000632.pro,-1,,0
2620,,320476,1,2419,25121,121,125,0,50332239,0x0300024F,wall,,00000591.pro,-1,,0
2621,,320564,1,2420,25122,122,125,0,50332240,0x03000250,wall,,00000592.pro,-1,,0
2622,,320652,1,2421,25123,123,125,0,50332238,0x0300024E,wall,,00000590.pro,-1,,0
2623,,320740,1,2422,25124,124,125,0,50332262,0x03000266,wall,,00000614.pro,-1,,0
2624,,320828,1,2423,25125,125,125,0,50332236,0x0300024C,wall,,00000588.pro,-1,,0
2625,,320916,1,2424,25126,126,125,0,50332260,0x03000264,wall,,00000612.pro,-1,,0
2626,,321004,1,2428,25136,136,125,0,50332201,0x03000229,wall,,00000553.pro,-1,,0
2627,,321092,1,2429,25164,164,125,0,83886092,0x0500000C,misc,,00000012.pro,-1,,0
2628,,321180,1,2430,25165,165,125,0,83886092,0x0500000C,misc,,00000012.pro,-1,,0
2629,,321268,1,2431,25166,166,125,0,83886092,0x0500000C,misc,,00000012.pro,-1,,0
2630,,321356,1,2432,25167,167,125,0,83886092,0x0500000C,misc,,00000012.pro,-1,,0
2631,,321444,1,2433,25264,64,126,0,50332288,0x03000280,wall,,00000640.pro,-1,,0
2632,,321532,1,2435,25279,79,126,0,83886092,0x0500000C,misc,,00000012.pro,-1,,0
2633,,321620,1,2439,25312,112,126,0,50332269,0x0300026D,wall,,00000621.pro,-1,,0
2634,,321708,1,2440,25313,113,126,0,50332270,0x0300026E,wall,,00000622.pro,-1,,0
2635,,321796,1,2441,25314,114,126,0,33554626,0x020000C2,scenery,generic,00000195.pro,-1,,0
2636,,321884,1,2442,25315,115,126,0,50332270,0x0300026E,wall,,00000622.pro,-1,,0
2637,,321972,1,2443,25320,120,126,0,50332270,0x0300026E,wall,,00000622.pro,-1,,0
2638,,322060,1,2444,25321,121,126,0,50332270,0x0300026E,wall,,00000622.pro,-1,,0
2639,,322148,1,2445,25322,122,126,0,33554836,0x02000194,scenery,generic,00000405.pro,50331648,DeadComp.int,0
2640,,322236,1,2446,25323,123,126,0,50332270,0x0300026E,wall,,00000622.pro,-1,,0
2641,,322324,1,2447,25325,125,126,0,50332270,0x0300026E,wall,,00000622.pro,-1,,0
2642,,322412,1,2448,25326,126,126,0,50332269,0x0300026D,wall,,00000621.pro,-1,,0
2643,,322500,1,2451,25336,136,126,0,50332313,0x03000299,wall,,00000665.pro,-1,,0
2644,,322588,1,2452,25358,158,126,0,50332282,0x0300027A,wall,,00000634.pro,-1,,0
2645,,322676,1,2453,25362,162,126,0,83886092,0x0500000C,misc,,00000012.pro,-1,,0
2646,,322764,1,2454,25363,163,126,0,83886092,0x0500000C,misc,,00000012.pro,-1,,0
2647,,322852,1,2455,25364,164,126,0,83886092,0x0500000C,misc,,00000012.pro,-1,,0
2648,,322940,1,2456,25364,164,126,0,83886092,0x0500000C,misc,,00000012.pro,-1,,0
2649,,323028,1,2457,25365,165,126,0,83886092,0x0500000C,misc,,00000012.pro,-1,,0
2650,,323116,1,2458,25464,64,127,0,50332156,0x030001FC,wall,,00000508.pro,-1,,0
2651,,323204,1,2460,25479,79,127,0,83886092,0x0500000C,misc,,00000012.pro,-1,,0
2652,,323292,1,2461,25480,80,127,0,83886092,0x0500000C,misc,,00000012.pro,-1,,0
2653,,323380,1,2462,25481,81,127,0,33554559,0x0200007F,scenery,generic,00000128.pro,-1,,0
2654,,323468,1,2466,25512,112,127,0,50332242,0x03000252,wall,,00000594.pro,-1,,0
2655,,323556,1,2467,25522,122,127,0,33554499,0x02000043,scenery,generic,00000068.pro,-1,,0
2656,,323644,1,2468,25526,126,127,0,50332242,0x03000252,wall,,00000594.pro,-1,,0
2657,,323732,1,2470,25536,136,127,0,50332203,0x0300022B,wall,,00000555.pro,-1,,0
2658,,323820,1,2471,25558,158,127,0,50332229,0x03000245,wall,,00000581.pro,-1,,0
2659,,323908,1,2472,25560,160,127,0,83886092,0x0500000C,misc,,00000012.pro,-1,,0
2660,,323996,1,2473,25561,161,127,0,83886092,0x0500000C,misc,,00000012.pro,-1,,0
2661,,324084,1,2474,25562,162,127,0,83886092,0x0500000C,misc,,00000012.pro,-1,,0
2662,,324172,1,2475,25563,163,127,0,83886092,0x0500000C,misc,,00000012.pro,-1,,0
2663,,324260,1,2476,25664,64,128,0,50332157,0x030001FD,wall,,00000509.pro,-1,,0
2664,,324348,1,2479,25680,80,128,0,83886092,0x0500000C,misc,,00000012.pro,-1,,0
2665,,324436,1,2483,25712,112,128,0,50332290,0x03000282,wall,,00000642.pro,-1,,0
2666,,324524,1,2484,25713,113,128,0,33554527,0x0200005F,scenery,generic,00000096.pro,-1,,0
2667,,324612,1,2485,25722,122,128,0,33554837,0x02000195,scenery,generic,00000406.pro,-1,,0
2668,,324700,1,2486,25726,126,128,0,50332249,0x03000259,wall,,00000601.pro,-1,,0
2669,,324788,1,2488,25729,129,128,0,33554661,0x020000E5,scenery,generic,00000230.pro,-1,,0
2670,,324876,1,2489,25736,136,128,0,50332201,0x03000229,wall,,00000553.pro,-1,,0
2671,,324964,1,2490,25758,158,128,0,83886092,0x0500000C,misc,,00000012.pro,-1,,0
2672,,325052,1,2491,25758,158,128,0,50332226,0x03000242,wall,,00000578.pro,-1,,0
2673,,325140,1,2492,25759,159,128,0,83886092,0x0500000C,misc,,00000012.pro,-1,,0
2674,,325228,1,2493,25760,160,128,0,83886092,0x0500000C,misc,,00000012.pro,-1,,0
2675,,325316,1,2494,25761,161,128,0,83886092,0x0500000C,misc,,00000012.pro,-1,,0
2676,,325404,1,2495,25864,64,129,0,50332273,0x03000271,wall,,00000625.pro,-1,,0
2677,,325492,1,2496,25865,65,129,0,83886102,0x05000016,misc,,00000022.pro,-1,,0
2678,,325596,1,2497,25866,66,129,0,83886102,0x05000016,misc,,00000022.pro,-1,,0
2679,,325700,1,2498,25867,67,129,0,83886102,0x05000016,misc,,00000022.pro,-1,,0
2680,,325804,1,2499,25868,68,129,0,83886102,0x05000016,misc,,00000022.pro,-1,,0
2681,,325908,1,2500,25869,69,129,0,83886102,0x05000016,misc,,00000022.pro,-1,,0
2682,,326012,1,2501,25870,70,129,0,83886102,0x05000016,misc,,00000022.pro,-1,,0
2683,,326116,1,2502,25871,71,129,0,83886102,0x05000016,misc,,00000022.pro,-1,,0
2684,,326220,1,2503,25872,72,129,0,83886097,0x05000011,misc,,00000017.pro,-1,,0
2685,,326324,1,2505,25881,81,129,0,83886092,0x0500000C,misc,,00000012.pro,-1,,0
2686,,326412,1,2509,25912,112,129,0,50332291,0x03000283,wall,,00000643.pro,-1,,0
2687,,326500,1,2510,25913,113,129,0,33554499,0x02000043,scenery,generic,00000068.pro,-1,,0
2688,,326588,1,2511,25922,122,129,0,33554499,0x02000043,scenery,generic,00000068.pro,-1,,0
2689,,326676,1,2512,25926,126,129,0,50332244,0x03000254,wall,,00000596.pro,-1,,0
2690,,326764,1,2513,25928,128,129,0,33554499,0x02000043,scenery,generic,00000068.pro,-1,,0
2691,,326852,1,2516,25936,136,129,0,50332277,0x03000275,wall,,00000629.pro,-1,,0
2692,,326940,1,2517,25956,156,129,0,83886092,0x0500000C,misc,,00000012.pro,-1,,0
2693,,327028,1,2518,25957,157,129,0,83886092,0x0500000C,misc,,00000012.pro,-1,,0
2694,,327116,1,2519,25958,158,129,0,83886092,0x0500000C,misc,,00000012.pro,-1,,0
2695,,327204,1,2520,25958,158,129,0,50332224,0x03000240,wall,,00000576.pro,-1,,0
2696,,327292,1,2521,25959,159,129,0,83886092,0x0500000C,misc,,00000012.pro,-1,,0
2697,,327380,1,2522,26072,72,130,0,83886097,0x05000011,misc,,00000017.pro,-1,,0
2698,,327484,1,2524,26081,81,130,0,83886092,0x0500000C,misc,,00000012.pro,-1,,0
2699,,327572,1,2525,26082,82,130,0,83886092,0x0500000C,misc,,00000012.pro,-1,,0
2700,,327660,1,2528,26105,105,130,0,33554557,0x0200007D,scenery,generic,00000126.pro,-1,,0
2701,,327748,1,2529,26105,105,130,0,33554558,0x0200007E,scenery,generic,00000127.pro,-1,,0
2702,,327836,1,2530,26105,105,130,0,33554534,0x02000066,scenery,generic,00000103.pro,-1,,0
2703,,327924,1,2532,26112,112,130,0,50332290,0x03000282,wall,,00000642.pro,-1,,0
2704,,328012,1,2533,26113,113,130,0,33554531,0x02000063,scenery,generic,00000100.pro,-1,,0
2705,,328100,1,2534,26118,118,130,0,33554499,0x02000043,scenery,generic,00000068.pro,-1,,0
2706,,328188,1,2535,26126,126,130,0,50332245,0x03000255,wall,,00000597.pro,-1,,0
2707,,328276,1,2536,26127,127,130,0,33554663,0x020000E7,scenery,generic,00000232.pro,-1,,0
2708,,328364,1,2537,26128,128,130,0,33554499,0x02000043,scenery,generic,00000068.pro,-1,,0
2709,,328452,1,2538,26129,129,130,0,33554436,0x02000004,scenery,generic,00000004.pro,-1,,0
2710,,328540,1,2540,26136,136,130,0,50332278,0x03000276,wall,,00000630.pro,-1,,0
2711,,328628,1,2541,26137,137,130,0,50332270,0x0300026E,wall,,00000622.pro,-1,,0
2712,,328716,1,2542,26154,154,130,0,83886092,0x0500000C,misc,,00000012.pro,-1,,0
2713,,328804,1,2543,26155,155,130,0,83886092,0x0500000C,misc,,00000012.pro,-1,,0
2714,,328892,1,2544,26156,156,130,0,83886092,0x0500000C,misc,,00000012.pro,-1,,0
2715,,328980,1,2545,26157,157,130,0,83886092,0x0500000C,misc,,00000012.pro,-1,,0
2716,,329068,1,2546,26158,158,130,0,50332222,0x0300023E,wall,,00000574.pro,-1,,0
2717,,329156,1,2547,26273,73,131,0,83886097,0x05000011,misc,,00000017.pro,-1,,0
2718,,329260,1,2550,26282,82,131,0,83886092,0x0500000C,misc,,00000012.pro,-1,,0
2719,,329348,1,2551,26286,86,131,0,33554499,0x02000043,scenery,generic,00000068.pro,-1,,0
2720,,329436,1,2555,26312,112,131,0,50332291,0x03000283,wall,,00000643.pro,-1,,0
2721,,329524,1,2556,26313,113,131,0,33554499,0x02000043,scenery,generic,00000068.pro,-1,,0
2722,,329612,1,2557,26318,118,131,0,33554499,0x02000043,scenery,generic,00000068.pro,-1,,0
2723,,329700,1,2558,26319,119,131,0,33554499,0x02000043,scenery,generic,00000068.pro,-1,,0
2724,,329788,1,2559,26319,119,131,0,67,0x00000043,item,container,00000067.pro,-1,,2
2724/inventory/0,1,329880,1,2560,-1,,,0,51,0x00000033,item,misc,00000051.pro,-1,,0
2724/inventory/1,4,329976,1,2561,-1,,,0,79,0x0000004F,item,weapon,00000079.pro,-1,,0
2725,,330072,1,2562,26326,126,131,0,50332243,0x03000253,wall,,00000595.pro,-1,,0
2726,,330160,1,2564,26336,136,131,0,50332201,0x03000229,wall,,00000553.pro,-1,,0
2727,,330248,1,2565,26338,138,131,0,33554727,0x02000127,scenery,generic,00000296.pro,-1,,0
2728,,330336,1,2566,26352,152,131,0,83886092,0x0500000C,misc,,00000012.pro,-1,,0
2729,,330424,1,2567,26353,153,131,0,83886092,0x0500000C,misc,,00000012.pro,-1,,0
2730,,330512,1,2568,26354,154,131,0,83886092,0x0500000C,misc,,00000012.pro,-1,,0
2731,,330600,1,2569,26355,155,131,0,83886092,0x0500000C,misc,,00000012.pro,-1,,0
2732,,330688,1,2570,26358,158,131,0,50332243,0x03000253,wall,,00000595.pro,-1,,0
2733,,330776,1,2571,26469,69,132,0,33554481,0x02000031,scenery,generic,00000050.pro,-1,,0
2734,,330864,1,2572,26473,73,132,0,33554481,0x02000031,scenery,generic,00000050.pro,-1,,0
2735,,330952,1,2573,26473,73,132,0,83886097,0x05000011,misc,,00000017.pro,-1,,0
2736,,331056,1,2574,26474,74,132,0,83886097,0x05000011,misc,,00000017.pro,-1,,0
2737,,331160,1,2576,26483,83,132,0,83886092,0x0500000C,misc,,00000012.pro,-1,,0
2738,,331248,1,2577,26484,84,132,0,33554499,0x02000043,scenery,generic,00000068.pro,-1,,0
2739,,331336,1,2578,26485,85,132,0,33554687,0x020000FF,scenery,generic,00000256.pro,-1,,0
2740,,331424,1,2579,26486,86,132,0,33554499,0x02000043,scenery,generic,00000068.pro,-1,,0
2741,,331512,1,2583,26512,112,132,0,50332144,0x030001F0,wall,,00000496.pro,-1,,0
2742,,331600,1,2584,26518,118,132,0,33554499,0x02000043,scenery,generic,00000068.pro,-1,,0
2743,,331688,1,2585,26519,119,132,0,33554499,0x02000043,scenery,generic,00000068.pro,-1,,0
2744,,331776,1,2586,26521,121,132,0,33554486,0x02000036,scenery,generic,00000055.pro,50331655,chair.int,0
2745,,331864,1,2587,26526,126,132,0,50332247,0x03000257,wall,,00000599.pro,-1,,0
2746,,331952,1,2590,26536,136,132,0,50332313,0x03000299,wall,,00000665.pro,-1,,0
2747,,332040,1,2591,26550,150,132,0,83886092,0x0500000C,misc,,00000012.pro,-1,,0
2748,,332128,1,2592,26551,151,132,0,83886092,0x0500000C,misc,,00000012.pro,-1,,0
2749,,332216,1,2593,26552,152,132,0,83886092,0x0500000C,misc,,00000012.pro,-1,,0
2750,,332304,1,2594,26553,153,132,0,83886092,0x0500000C,misc,,00000012.pro,-1,,0
2751,,332392,1,2595,26554,154,132,0,33554559,0x0200007F,scenery,generic,00000128.pro,-1,,0
2752,,332480,1,2596,26554,154,132,0,33554558,0x0200007E,scenery,generic,00000127.pro,-1,,0
2753,,332568,1,2597,26558,158,132,0,50332246,0x03000256,wall,,00000598.pro,-1,,0
2754,,332656,1,2598,26674,74,133,0,83886097,0x05000011,misc,,00000017.pro,-1,,0
2755,,332760,1,2600,26683,83,133,0,83886092,0x0500000C,misc,,00000012.pro,-1,,0
2756,,332848,1,2601,26684,84,133,0,83886092,0x0500000C,misc,,00000012.pro,-1,,0
2757,,332936,1,2617,26719,119,133,0,33554499,0x02000043,scenery,generic,00000068.pro,-1,,0
2758,,333024,1,2619,26736,136,133,0,50332202,0x0300022A,wall,,00000554.pro,-1,,0
2759,,333112,1,2620,26748,148,133,0,83886092,0x0500000C,misc,,00000012.pro,-1,,0
2760,,333200,1,2621,26749,149,133,0,83886092,0x0500000C,misc,,00000012.pro,-1,,0
2761,,333288,1,2622,26750,150,133,0,83886092,0x0500000C,misc,,00000012.pro,-1,,0
2762,,333376,1,2623,26751,151,133,0,83886092,0x0500000C,misc,,00000012.pro,-1,,0
2763,,333464,1,2624,26758,158,133,0,50332249,0x03000259,wall,,00000601.pro,-1,,0
2764,,333552,1,2625,26762,162,133,0,33554558,0x0200007E,scenery,generic,00000127.pro,-1,,0
2765,,333640,1,2626,26875,75,134,0,83886097,0x05000011,misc,,00000017.pro,-1,,0
2766,,333744,1,2629,26884,84,134,0,83886092,0x0500000C,misc,,00000012.pro,-1,,0
2767,,333832,1,2638,26912,112,134,0,50332143,0x030001EF,wall,,00000495.pro,-1,,0
2768,,333920,1,2639,26926,126,134,0,50332248,0x03000258,wall,,00000600.pro,-1,,0
2769,,334008,1,2643,26936,136,134,0,50332201,0x03000229,wall,,00000553.pro,-1,,0
2770,,334096,1,2644,26937,137,134,0,33554686,0x020000FE,scenery,generic,00000255.pro,-1,,0
2771,,334184,1,2645,26938,138,134,0,33554499,0x02000043,scenery,generic,00000068.pro,-1,,0
2772,,334272,1,2646,26946,146,134,0,83886092,0x0500000C,misc,,00000012.pro,-1,,0
2773,,334360,1,2647,26947,147,134,0,83886092,0x0500000C,misc,,00000012.pro,-1,,0
2774,,334448,1,2648,26948,148,134,0,83886092,0x0500000C,misc,,00000012.pro,-1,,0
2775,,334536,1,2649,26949,149,134,0,83886092,0x0500000C,misc,,00000012.pro,-1,,0
2776,,334624,1,2650,26958,158,134,0,50332243,0x03000253,wall,,00000595.pro,-1,,0
2777,,334712,1,2651,26962,162,134,0,33554534,0x02000066,scenery,generic,00000103.pro,-1,,0
2778,,334800,1,2652,27075,75,135,0,33554481,0x02000031,scenery,generic,00000050.pro,-1,,0
2779,,334888,1,2653,27075,75,135,0,83886097,0x05000011,misc,,00000017.pro,-1,,0
2780,,334992,1,2654,27076,76,135,0,83886097,0x05000011,misc,,00000017.pro,-1,,0
2781,,335096,1,2656,27085,85,135,0,83886092,0x0500000C,misc,,00000012.pro,-1,,0
2782,,335184,1,2660,27112,112,135,0,50332243,0x03000253,wall,,00000595.pro,-1,,0
2783,,335272,1,2661,27126,126,135,0,50332242,0x03000252,wall,,00000594.pro,-1,,0
2784,,335360,1,2666,27136,136,135,0,50332203,0x0300022B,wall,,00000555.pro,-1,,0
2785,,335448,1,2667,27144,144,135,0,83886092,0x0500000C,misc,,00000012.pro,-1,,0
2786,,335536,1,2668,27145,145,135,0,83886092,0x0500000C,misc,,00000012.pro,-1,,0
2787,,335624,1,2669,27146,146,135,0,83886092,0x0500000C,misc,,00000012.pro,-1,,0
2788,,335712,1,2670,27147,147,135,0,83886092,0x0500000C,misc,,00000012.pro,-1,,0
2789,,335800,1,2671,27158,158,135,0,50332246,0x03000256,wall,,00000598.pro,-1,,0
2790,,335888,1,2672,27161,161,135,0,33554535,0x02000067,scenery,generic,00000104.pro,-1,,0
2791,,335976,1,2673,27276,76,136,0,83886097,0x05000011,misc,,00000017.pro,-1,,0
2792,,336080,1,2675,27285,85,136,0,83886092,0x0500000C,misc,,00000012.pro,-1,,0
2793,,336168,1,2676,27286,86,136,0,83886092,0x0500000C,misc,,00000012.pro,-1,,0
2794,,336256,1,2681,27312,112,136,0,50332246,0x03000256,wall,,00000598.pro,-1,,0
2795,,336344,1,2682,27326,126,136,0,50332243,0x03000253,wall,,00000595.pro,-1,,0
2796,,336432,1,2687,27334,134,136,0,33554776,0x02000158,scenery,generic,00000345.pro,-1,,0
2797,,336520,1,2688,27335,135,136,0,33554776,0x02000158,scenery,generic,00000345.pro,-1,,0
2798,,336608,1,2689,27336,136,136,0,50332202,0x0300022A,wall,,00000554.pro,-1,,0
2799,,336696,1,2690,27342,142,136,0,83886092,0x0500000C,misc,,00000012.pro,-1,,0
2800,,336784,1,2691,27343,143,136,0,83886092,0x0500000C,misc,,00000012.pro,-1,,0
2801,,336872,1,2692,27344,144,136,0,83886092,0x0500000C,misc,,00000012.pro,-1,,0
2802,,336960,1,2693,27345,145,136,0,83886092,0x0500000C,misc,,00000012.pro,-1,,0
2803,,337048,1,2694,27358,158,136,0,50332249,0x03000259,wall,,00000601.pro,-1,,0
2804,,337136,1,2695,27477,77,137,0,83886097,0x05000011,misc,,00000017.pro,-1,,0
2805,,337240,1,2698,27486,86,137,0,83886092,0x0500000C,misc,,00000012.pro,-1,,0
2806,,337328,1,2704,27512,112,137,0,50332208,0x03000230,wall,,00000560.pro,-1,,0
2807,,337416,1,2705,27513,113,137,0,50332194,0x03000222,wall,,00000546.pro,-1,,0
2808,,337504,1,2706,27514,114,137,0,50332199,0x03000227,wall,,00000551.pro,-1,,0
2809,,337592,1,2707,27515,115,137,0,50332194,0x03000222,wall,,00000546.pro,-1,,0
2810,,337680,1,2708,27516,116,137,0,50332312,0x03000298,wall,,00000664.pro,-1,,0
2811,,337768,1,2709,27516,116,137,0,33555319,0x02000377,scenery,generic,00000888.pro,-1,,0
2812,,337856,1,2710,27517,117,137,0,50332200,0x03000228,wall,,00000552.pro,-1,,0
2813,,337944,1,2711,27518,118,137,0,50332199,0x03000227,wall,,00000551.pro,-1,,0
2814,,338032,1,2712,27519,119,137,0,50332194,0x03000222,wall,,00000546.pro,-1,,0
2815,,338120,1,2713,27520,120,137,0,50332193,0x03000221,wall,,00000545.pro,-1,,0
2816,,338208,1,2714,27521,121,137,0,50332200,0x03000228,wall,,00000552.pro,-1,,0
2817,,338296,1,2715,27522,122,137,0,50332312,0x03000298,wall,,00000664.pro,-1,,0
2818,,338384,1,2716,27523,123,137,0,50332194,0x03000222,wall,,00000546.pro,-1,,0
2819,,338472,1,2717,27524,124,137,0,50332193,0x03000221,wall,,00000545.pro,-1,,0
2820,,338560,1,2718,27525,125,137,0,50332200,0x03000228,wall,,00000552.pro,-1,,0
2821,,338648,1,2720,27526,126,137,0,50332306,0x03000292,wall,,00000658.pro,-1,,0
2822,,338736,1,2722,27527,127,137,0,50332200,0x03000228,wall,,00000552.pro,-1,,0
2823,,338824,1,2724,27528,128,137,0,50332193,0x03000221,wall,,00000545.pro,-1,,0
2824,,338912,1,2726,27529,129,137,0,50332200,0x03000228,wall,,00000552.pro,-1,,0
2825,,339000,1,2727,27530,130,137,0,50332312,0x03000298,wall,,00000664.pro,-1,,0
2826,,339088,1,2728,27531,131,137,0,50332194,0x03000222,wall,,00000546.pro,-1,,0
2827,,339176,1,2729,27532,132,137,0,50332193,0x03000221,wall,,00000545.pro,-1,,0
2828,,339264,1,2730,27533,133,137,0,50332194,0x03000222,wall,,00000546.pro,-1,,0
2829,,339352,1,2731,27534,134,137,0,50332193,0x03000221,wall,,00000545.pro,-1,,0
2830,,339440,1,2732,27535,135,137,0,50332192,0x03000220,wall,,00000544.pro,-1,,0
2831,,339528,1,2733,27536,136,137,0,50332191,0x0300021F,wall,,00000543.pro,-1,,0
2832,,339616,1,2734,27540,140,137,0,83886092,0x0500000C,misc,,00000012.pro,-1,,0
2833,,339704,1,2735,27541,141,137,0,83886092,0x0500000C,misc,,00000012.pro,-1,,0
2834,,339792,1,2736,27542,142,137,0,83886092,0x0500000C,misc,,00000012.pro,-1,,0
2835,,339880,1,2737,27543,143,137,0,83886092,0x0500000C,misc,,00000012.pro,-1,,0
2836,,339968,1,2738,27558,158,137,0,50332154,0x030001FA,wall,,00000506.pro,-1,,0
2837,,340056,1,2739,27559,159,137,0,50332153,0x030001F9,wall,,00000505.pro,-1,,0
2838,,340144,1,2740,27560,160,137,0,50332184,0x03000218,wall,,00000536.pro,-1,,0
2839,,340232,1,2741,27561,161,137,0,50332150,0x030001F6,wall,,00000502.pro,-1,,0
2840,,340320,1,2742,27562,162,137,0,50332151,0x030001F7,wall,,00000503.pro,-1,,0
2841,,340408,1,2743,27563,163,137,0,50332153,0x030001F9,wall,,00000505.pro,-1,,0
2842,,340496,1,2744,27564,164,137,0,50332271,0x0300026F,wall,,00000623.pro,-1,,0
2843,,340584,1,2745,27565,165,137,0,50332270,0x0300026E,wall,,00000622.pro,-1,,0
2844,,340672,1,2746,27677,77,138,0,33554481,0x02000031,scenery,generic,00000050.pro,-1,,0
2845,,340760,1,2747,27677,77,138,0,83886097,0x05000011,misc,,00000017.pro,-1,,0
2846,,340864,1,2748,27678,78,138,0,83886097,0x05000011,misc,,00000017.pro,-1,,0
2847,,340968,1,2750,27687,87,138,0,83886092,0x0500000C,misc,,00000012.pro,-1,,0
2848,,341056,1,2754,27713,113,138,0,50332270,0x0300026E,wall,,00000622.pro,-1,,0
2849,,341144,1,2755,27715,115,138,0,50332270,0x0300026E,wall,,00000622.pro,-1,,0
2850,,341232,1,2756,27717,117,138,0,50332270,0x0300026E,wall,,00000622.pro,-1,,0
2851,,341320,1,2757,27719,119,138,0,50332270,0x0300026E,wall,,00000622.pro,-1,,0
2852,,341408,1,2758,27720,120,138,0,33554684,0x020000FC,scenery,generic,00000253.pro,-1,,0
2853,,341496,1,2759,27721,121,138,0,50332270,0x0300026E,wall,,00000622.pro,-1,,0
2854,,341584,1,2760,27723,123,138,0,50332270,0x0300026E,wall,,00000622.pro,-1,,0
2855,,341672,1,2762,27724,124,138,0,33554706,0x02000112,scenery,generic,00000275.pro,-1,,0
2856,,341760,1,2764,27725,125,138,0,50332270,0x0300026E,wall,,00000622.pro,-1,,0
2857,,341848,1,2767,27727,127,138,0,50332270,0x0300026E,wall,,00000622.pro,-1,,0
2858,,341936,1,2768,27729,129,138,0,50332270,0x0300026E,wall,,00000622.pro,-1,,0
2859,,342024,1,2769,27731,131,138,0,50332270,0x0300026E,wall,,00000622.pro,-1,,0
2860,,342112,1,2770,27733,133,138,0,50332270,0x0300026E,wall,,00000622.pro,-1,,0
2861,,342200,1,2771,27735,135,138,0,50332270,0x0300026E,wall,,00000622.pro,-1,,0
2862,,342288,1,2772,27738,138,138,0,83886092,0x0500000C,misc,,00000012.pro,-1,,0
2863,,342376,1,2773,27739,139,138,0,83886092,0x0500000C,misc,,00000012.pro,-1,,0
2864,,342464,1,2774,27740,140,138,0,83886092,0x0500000C,misc,,00000012.pro,-1,,0
2865,,342552,1,2775,27741,141,138,0,83886092,0x0500000C,misc,,00000012.pro,-1,,0
2866,,342640,1,2776,27759,159,138,0,50332270,0x0300026E,wall,,00000622.pro,-1,,0
2867,,342728,1,2777,27761,161,138,0,50332270,0x0300026E,wall,,00000622.pro,-1,,0
2868,,342816,1,2778,27763,163,138,0,50332270,0x0300026E,wall,,00000622.pro,-1,,0
2869,,342904,1,2779,27765,165,138,0,50332270,0x0300026E,wall,,00000622.pro,-1,,0
2870,,342992,1,2780,27878,78,139,0,83886097,0x05000011,misc,,00000017.pro,-1,,0
2871,,343096,1,2782,27884,84,139,0,33554720,0x02000120,scenery,generic,00000289.pro,-1,,0
2872,,343184,1,2783,27887,87,139,0,83886092,0x0500000C,misc,,00000012.pro,-1,,0
2873,,343272,1,2785,27888,88,139,0,83886092,0x0500000C,misc,,00000012.pro,-1,,0
2874,,343360,1,2789,27910,110,139,0,33554730,0x0200012A,scenery,generic,00000299.pro,-1,,0
2875,,343448,1,2790,27918,118,139,0,33554727,0x02000127,scenery,generic,00000296.pro,-1,,0
2876,,343536,1,2795,27930,130,139,0,33554726,0x02000126,scenery,generic,00000295.pro,-1,,0
2877,,343624,1,2796,27936,136,139,0,83886092,0x0500000C,misc,,00000012.pro,-1,,0
2878,,343712,1,2797,27937,137,139,0,83886092,0x0500000C,misc,,00000012.pro,-1,,0
2879,,343800,1,2798,27938,138,139,0,83886092,0x0500000C,misc,,00000012.pro,-1,,0
2880,,343888,1,2799,27939,139,139,0,83886092,0x0500000C,misc,,00000012.pro,-1,,0
2881,,343976,1,2800,28079,79,140,0,83886097,0x05000011,misc,,00000017.pro,-1,,0
2882,,344080,1,2804,28088,88,140,0,83886092,0x0500000C,misc,,00000012.pro,-1,,0
2883,,344168,1,2812,28134,134,140,0,83886092,0x0500000C,misc,,00000012.pro,-1,,0
2884,,344256,1,2813,28135,135,140,0,83886092,0x0500000C,misc,,00000012.pro,-1,,0
2885,,344344,1,2814,28136,136,140,0,83886092,0x0500000C,misc,,00000012.pro,-1,,0
2886,,344432,1,2815,28137,137,140,0,83886092,0x0500000C,misc,,00000012.pro,-1,,0
2887,,344520,1,2816,28140,140,140,0,33554557,0x0200007D,scenery,generic,00000126.pro,-1,,0
2888,,344608,1,2817,28140,140,140,0,33554534,0x02000066,scenery,generic,00000103.pro,-1,,0
2889,,344696,1,2818,28279,79,141,0,33554481,0x02000031,scenery,generic,00000050.pro,-1,,0
2890,,344784,1,2819,28279,79,141,0,83886097,0x05000011,misc,,00000017.pro,-1,,0
2891,,344888,1,2820,28280,80,141,0,83886097,0x05000011,misc,,00000017.pro,-1,,0
2892,,344992,1,2824,28289,89,141,0,83886092,0x0500000C,misc,,00000012.pro,-1,,0
2893,,345080,1,2831,28332,132,141,0,83886092,0x0500000C,misc,,00000012.pro,-1,,0
2894,,345168,1,2832,28333,133,141,0,83886092,0x0500000C,misc,,00000012.pro,-1,,0
2895,,345256,1,2833,28334,134,141,0,83886092,0x0500000C,misc,,00000012.pro,-1,,0
2896,,345344,1,2834,28335,135,141,0,83886092,0x0500000C,misc,,00000012.pro,-1,,0
2897,,345432,1,2835,28480,80,142,0,83886097,0x05000011,misc,,00000017.pro,-1,,0
2898,,345536,1,2839,28489,89,142,0,83886092,0x0500000C,misc,,00000012.pro,-1,,0
2899,,345624,1,2840,28490,90,142,0,83886092,0x0500000C,misc,,00000012.pro,-1,,0
2900,,345712,1,2846,28530,130,142,0,83886092,0x0500000C,misc,,00000012.pro,-1,,0
2901,,345800,1,2847,28531,131,142,0,83886092,0x0500000C,misc,,00000012.pro,-1,,0
2902,,345888,1,2848,28532,132,142,0,83886092,0x0500000C,misc,,00000012.pro,-1,,0
2903,,345976,1,2849,28533,133,142,0,83886092,0x0500000C,misc,,00000012.pro,-1,,0
2904,,346064,1,2850,28681,81,143,0,83886097,0x05000011,misc,,00000017.pro,-1,,0
2905,,346168,1,2855,28690,90,143,0,83886092,0x0500000C,misc,,00000012.pro,-1,,0
2906,,346256,1,2856,28694,94,143,0,33554534,0x02000066,scenery,generic,00000103.pro,-1,,0
2907,,346344,1,2862,28728,128,143,0,83886092,0x0500000C,misc,,00000012.pro,-1,,0
2908,,346432,1,2863,28729,129,143,0,83886092,0x0500000C,misc,,00000012.pro,-1,,0
2909,,346520,1,2864,28730,130,143,0,83886092,0x0500000C,misc,,00000012.pro,-1,,0
2910,,346608,1,2865,28731,131,143,0,83886092,0x0500000C,misc,,00000012.pro,-1,,0
2911,,346696,1,2866,28881,81,144,0,33554481,0x02000031,scenery,generic,00000050.pro,-1,,0
2912,,346784,1,2867,28881,81,144,0,83886097,0x05000011,misc,,00000017.pro,-1,,0
2913,,346888,1,2868,28882,82,144,0,83886097,0x05000011,misc,,00000017.pro,-1,,0
2914,,346992,1,2872,28891,91,144,0,83886092,0x0500000C,misc,,00000012.pro,-1,,0
2915,,347080,1,2879,28926,126,144,0,83886092,0x0500000C,misc,,00000012.pro,-1,,0
2916,,347168,1,2880,28927,127,144,0,83886092,0x0500000C,misc,,00000012.pro,-1,,0
2917,,347256,1,2881,28928,128,144,0,83886092,0x0500000C,misc,,00000012.pro,-1,,0
2918,,347344,1,2882,28929,129,144,0,83886092,0x0500000C,misc,,00000012.pro,-1,,0
2919,,347432,1,2883,29082,82,145,0,83886097,0x05000011,misc,,00000017.pro,-1,,0
2920,,347536,1,2887,29091,91,145,0,83886092,0x0500000C,misc,,00000012.pro,-1,,0
2921,,347624,1,2888,29092,92,145,0,83886092,0x0500000C,misc,,00000012.pro,-1,,0
2922,,347712,1,2894,29120,120,145,0,33554558,0x0200007E,scenery,generic,00000127.pro,-1,,0
2923,,347800,1,2895,29121,121,145,0,33554557,0x0200007D,scenery,generic,00000126.pro,-1,,0
2924,,347888,1,2896,29124,124,145,0,83886092,0x0500000C,misc,,00000012.pro,-1,,0
2925,,347976,1,2897,29125,125,145,0,83886092,0x0500000C,misc,,00000012.pro,-1,,0
2926,,348064,1,2898,29126,126,145,0,83886092,0x0500000C,misc,,00000012.pro,-1,,0
2927,,348152,1,2899,29127,127,145,0,83886092,0x0500000C,misc,,00000012.pro,-1,,0
2928,,348240,1,2900,29283,83,146,0,83886097,0x05000011,misc,,00000017.pro,-1,,0
2929,,348344,1,2906,29292,92,146,0,83886092,0x0500000C,misc,,00000012.pro,-1,,0
2930,,348432,1,2912,29321,121,146,0,33554559,0x0200007F,scenery,generic,00000128.pro,-1,,0
2931,,348520,1,2913,29322,122,146,0,83886092,0x0500000C,misc,,00000012.pro,-1,,0
2932,,348608,1,2914,29323,123,146,0,83886092,0x0500000C,misc,,00000012.pro,-1,,0
2933,,348696,1,2915,29324,124,146,0,83886092,0x0500000C,misc,,00000012.pro,-1,,0
2934,,348784,1,2916,29325,125,146,0,83886092,0x0500000C,misc,,00000012.pro,-1,,0
2935,,348872,1,2917,29338,138,146,0,83886102,0x05000016,misc,,00000022.pro,-1,,0
2936,,348976,1,2918,29340,140,146,0,83886102,0x05000016,misc,,00000022.pro,-1,,0
2937,,349080,1,2919,29342,142,146,0,83886102,0x05000016,misc,,00000022.pro,-1,,0
2938,,349184,1,2920,29344,144,146,0,83886102,0x05000016,misc,,00000022.pro,-1,,0
2939,,349288,1,2921,29346,146,146,0,83886102,0x05000016,misc,,00000022.pro,-1,,0
2940,,349392,1,2922,29348,148,146,0,83886102,0x05000016,misc,,00000022.pro,-1,,0
2941,,349496,1,2923,29350,150,146,0,83886102,0x05000016,misc,,00000022.pro,-1,,0
2942,,349600,1,2924,29352,152,146,0,83886102,0x05000016,misc,,00000022.pro,-1,,0
2943,,349704,1,2925,29354,154,146,0,83886102,0x05000016,misc,,00000022.pro,-1,,0
2944,,349808,1,2926,29356,156,146,0,83886102,0x05000016,misc,,00000022.pro,-1,,0
2945,,349912,1,2927,29483,83,147,0,33554481,0x02000031,scenery,generic,00000050.pro,-1,,0
2946,,350000,1,2928,29483,83,147,0,83886097,0x05000011,misc,,00000017.pro,-1,,0
2947,,350104,1,2929,29484,84,147,0,83886097,0x05000011,misc,,00000017.pro,-1,,0
2948,,350208,1,2937,29493,93,147,0,83886092,0x0500000C,misc,,00000012.pro,-1,,0
2949,,350296,1,2955,29520,120,147,0,83886092,0x0500000C,misc,,00000012.pro,-1,,0
2950,,350384,1,2956,29521,121,147,0,83886092,0x0500000C,misc,,00000012.pro,-1,,0
2951,,350472,1,2957,29522,122,147,0,83886092,0x0500000C,misc,,00000012.pro,-1,,0
2952,,350560,1,2958,29523,123,147,0,83886092,0x0500000C,misc,,00000012.pro,-1,,0
2953,,350648,1,2959,29530,130,147,0,33554536,0x02000068,scenery,generic,00000105.pro,-1,,0
2954,,350736,1,2960,29531,131,147,0,33554534,0x02000066,scenery,generic,00000103.pro,-1,,0
2955,,350824,1,2961,29536,136,147,0,83886098,0x05000012,misc,,00000018.pro,-1,,0
2956,,350928,1,2962,29537,137,147,0,83886098,0x05000012,misc,,00000018.pro,-1,,0
2957,,351032,1,2963,29539,139,147,0,83886102,0x05000016,misc,,00000022.pro,-1,,0
2958,,351136,1,2964,29541,141,147,0,83886102,0x05000016,misc,,00000022.pro,-1,,0
2959,,351240,1,2965,29543,143,147,0,83886102,0x05000016,misc,,00000022.pro,-1,,0
2960,,351344,1,2966,29545,145,147,0,83886102,0x05000016,misc,,00000022.pro,-1,,0
2961,,351448,1,2967,29547,147,147,0,83886102,0x05000016,misc,,00000022.pro,-1,,0
2962,,351552,1,2968,29549,149,147,0,83886102,0x05000016,misc,,00000022.pro,-1,,0
2963,,351656,1,2969,29551,151,147,0,83886102,0x05000016,misc,,00000022.pro,-1,,0
2964,,351760,1,2970,29553,153,147,0,83886102,0x05000016,misc,,00000022.pro,-1,,0
2965,,351864,1,2971,29555,155,147,0,83886102,0x05000016,misc,,00000022.pro,-1,,0
2966,,351968,1,2972,29684,84,148,0,83886097,0x05000011,misc,,00000017.pro,-1,,0
2967,,352072,1,2974,29693,93,148,0,83886092,0x0500000C,misc,,00000012.pro,-1,,0
2968,,352160,1,2975,29694,94,148,0,83886092,0x0500000C,misc,,00000012.pro,-1,,0
2969,,352248,1,2980,29718,118,148,0,83886092,0x0500000C,misc,,00000012.pro,-1,,0
2970,,352336,1,2981,29719,119,148,0,83886092,0x0500000C,misc,,00000012.pro,-1,,0
2971,,352424,1,2982,29720,120,148,0,83886092,0x0500000C,misc,,00000012.pro,-1,,0
2972,,352512,1,2983,29721,121,148,0,83886092,0x0500000C,misc,,00000012.pro,-1,,0
2973,,352600,1,2984,29734,134,148,0,83886098,0x05000012,misc,,00000018.pro,-1,,0
2974,,352704,1,2985,29735,135,148,0,83886098,0x05000012,misc,,00000018.pro,-1,,0
2975,,352808,1,2986,29737,137,148,0,33554481,0x02000031,scenery,generic,00000050.pro,-1,,0
2976,,352896,1,2987,29885,85,149,0,83886097,0x05000011,misc,,00000017.pro,-1,,0
2977,,353000,1,2990,29894,94,149,0,83886092,0x0500000C,misc,,00000012.pro,-1,,0
2978,,353088,1,2995,29916,116,149,0,83886092,0x0500000C,misc,,00000012.pro,-1,,0
2979,,353176,1,2996,29917,117,149,0,83886092,0x0500000C,misc,,00000012.pro,-1,,0
2980,,353264,1,2997,29918,118,149,0,83886092,0x0500000C,misc,,00000012.pro,-1,,0
2981,,353352,1,2998,29919,119,149,0,83886092,0x0500000C,misc,,00000012.pro,-1,,0
2982,,353440,1,2999,29932,132,149,0,83886098,0x05000012,misc,,00000018.pro,-1,,0
2983,,353544,1,3000,29933,133,149,0,83886098,0x05000012,misc,,00000018.pro,-1,,0
2984,,353648,1,3001,30085,85,150,0,33554481,0x02000031,scenery,generic,00000050.pro,-1,,0
2985,,353736,1,3002,30085,85,150,0,83886097,0x05000011,misc,,00000017.pro,-1,,0
2986,,353840,1,3003,30086,86,150,0,83886097,0x05000011,misc,,00000017.pro,-1,,0
2987,,353944,1,3005,30095,95,150,0,83886092,0x0500000C,misc,,00000012.pro,-1,,0
2988,,354032,1,3010,30114,114,150,0,83886092,0x0500000C,misc,,00000012.pro,-1,,0
2989,,354120,1,3011,30115,115,150,0,83886092,0x0500000C,misc,,00000012.pro,-1,,0
2990,,354208,1,3012,30116,116,150,0,83886092,0x0500000C,misc,,00000012.pro,-1,,0
2991,,354296,1,3013,30117,117,150,0,83886092,0x0500000C,misc,,00000012.pro,-1,,0
2992,,354384,1,3014,30130,130,150,0,83886098,0x05000012,misc,,00000018.pro,-1,,0
2993,,354488,1,3015,30131,131,150,0,83886098,0x05000012,misc,,00000018.pro,-1,,0
2994,,354592,1,3016,30133,133,150,0,33554481,0x02000031,scenery,generic,00000050.pro,-1,,0
2995,,354680,1,3017,30141,141,150,0,33554481,0x02000031,scenery,generic,00000050.pro,-1,,0
2996,,354768,1,3018,30143,143,150,0,83886097,0x05000011,misc,,00000017.pro,-1,,0
2997,,354872,1,3019,30147,147,150,0,83886097,0x05000011,misc,,00000017.pro,-1,,0
2998,,354976,1,3020,30286,86,151,0,83886097,0x05000011,misc,,00000017.pro,-1,,0
2999,,355080,1,3022,30295,95,151,0,83886092,0x0500000C,misc,,00000012.pro,-1,,0
3000,,355168,1,3023,30296,96,151,0,83886092,0x0500000C,misc,,00000012.pro,-1,,0
3001,,355256,1,3028,30306,106,151,0,33554535,0x02000067,scenery,generic,00000104.pro,-1,,0
3002,,355344,1,3029,30312,112,151,0,83886092,0x0500000C,misc,,00000012.pro,-1,,0
3003,,355432,1,3030,30313,113,151,0,83886092,0x0500000C,misc,,00000012.pro,-1,,0
3004,,355520,1,3031,30314,114,151,0,83886092,0x0500000C,misc,,00000012.pro,-1,,0
3005,,355608,1,3032,30315,115,151,0,83886092,0x0500000C,misc,,00000012.pro,-1,,0
3006,,355696,1,3033,30315,115,151,0,83886092,0x0500000C,misc,,00000012.pro,-1,,0
3007,,355784,1,3034,30328,128,151,0,83886098,0x05000012,misc,,00000018.pro,-1,,0
3008,,355888,1,3035,30329,129,151,0,83886098,0x05000012,misc,,00000018.pro,-1,,0
3009,,355992,1,3036,30344,144,151,0,83886097,0x05000011,misc,,00000017.pro,-1,,0
3010,,356096,1,3037,30487,87,152,0,83886097,0x05000011,misc,,00000017.pro,-1,,0
3011,,356200,1,3040,30492,92,152,0,33554537,0x02000069,scenery,generic,00000106.pro,-1,,0
3012,,356288,1,3042,30496,96,152,0,83886092,0x0500000C,misc,,00000012.pro,-1,,0
3013,,356376,1,3046,30510,110,152,0,83886092,0x0500000C,misc,,00000012.pro,-1,,0
3014,,356464,1,3047,30511,111,152,0,83886092,0x0500000C,misc,,00000012.pro,-1,,0
3015,,356552,1,3048,30512,112,152,0,83886092,0x0500000C,misc,,00000012.pro,-1,,0
3016,,356640,1,3049,30513,113,152,0,83886092,0x0500000C,misc,,00000012.pro,-1,,0
3017,,356728,1,3050,30526,126,152,0,83886098,0x05000012,misc,,00000018.pro,-1,,0
3018,,356832,1,3051,30527,127,152,0,83886098,0x05000012,misc,,00000018.pro,-1,,0
3019,,356936,1,3052,30529,129,152,0,33554481,0x02000031,scenery,generic,00000050.pro,-1,,0
3020,,357024,1,3053,30687,87,153,0,33554481,0x02000031,scenery,generic,00000050.pro,-1,,0
3021,,357112,1,3054,30687,87,153,0,83886097,0x05000011,misc,,00000017.pro,-1,,0
3022,,357216,1,3055,30688,88,153,0,83886097,0x05000011,misc,,00000017.pro,-1,,0
3023,,357320,1,3061,30697,97,153,0,83886092,0x0500000C,misc,,00000012.pro,-1,,0
3024,,357408,1,3062,30708,108,153,0,83886092,0x0500000C,misc,,00000012.pro,-1,,0
3025,,357496,1,3063,30709,109,153,0,83886092,0x0500000C,misc,,00000012.pro,-1,,0
3026,,357584,1,3064,30710,110,153,0,83886092,0x0500000C,misc,,00000012.pro,-1,,0
3027,,357672,1,3065,30711,111,153,0,83886092,0x0500000C,misc,,00000012.pro,-1,,0
3028,,357760,1,3066,30724,124,153,0,83886098,0x05000012,misc,,00000018.pro,-1,,0
3029,,357864,1,3067,30725,125,153,0,83886098,0x05000012,misc,,00000018.pro,-1,,0
3030,,357968,1,3068,30741,141,153,0,83886097,0x05000011,misc,,00000017.pro,-1,,0
3031,,358072,1,3069,30888,88,154,0,83886097,0x05000011,misc,,00000017.pro,-1,,0
3032,,358176,1,3073,30897,97,154,0,83886092,0x0500000C,misc,,00000012.pro,-1,,0
3033,,358264,1,3074,30898,98,154,0,83886092,0x0500000C,misc,,00000012.pro,-1,,0
3034,,358352,1,3075,30906,106,154,0,83886092,0x0500000C,misc,,00000012.pro,-1,,0
3035,,358440,1,3076,30906,106,154,0,83886092,0x0500000C,misc,,00000012.pro,-1,,0
3036,,358528,1,3077,30907,107,154,0,83886092,0x0500000C,misc,,00000012.pro,-1,,0
3037,,358616,1,3078,30908,108,154,0,83886092,0x0500000C,misc,,00000012.pro,-1,,0
3038,,358704,1,3079,30909,109,154,0,83886092,0x0500000C,misc,,00000012.pro,-1,,0
3039,,358792,1,3080,30922,122,154,0,83886098,0x05000012,misc,,00000018.pro,-1,,0
3040,,358896,1,3081,30923,123,154,0,83886098,0x05000012,misc,,00000018.pro,-1,,0
3041,,359000,1,3082,30925,125,154,0,33554481,0x02000031,scenery,generic,00000050.pro,-1,,0
3042,,359088,1,3083,30938,138,154,0,83886097,0x05000011,misc,,00000017.pro,-1,,0
3043,,359192,1,3084,31089,89,155,0,83886097,0x05000011,misc,,00000017.pro,-1,,0
3044,,359296,1,3086,31098,98,155,0,83886092,0x0500000C,misc,,00000012.pro,-1,,0
3045,,359384,1,3087,31104,104,155,0,83886092,0x0500000C,misc,,00000012.pro,-1,,0
3046,,359472,1,3088,31105,105,155,0,83886092,0x0500000C,misc,,00000012.pro,-1,,0
3047,,359560,1,3089,31106,106,155,0,83886092,0x0500000C,misc,,00000012.pro,-1,,0
3048,,359648,1,3090,31107,107,155,0,83886092,0x0500000C,misc,,00000012.pro,-1,,0
3049,,359736,1,3091,31120,120,155,0,83886098,0x05000012,misc,,00000018.pro,-1,,0
3050,,359840,1,3092,31121,121,155,0,83886098,0x05000012,misc,,00000018.pro,-1,,0
3051,,359944,1,3093,31289,89,156,0,33554481,0x02000031,scenery,generic,00000050.pro,-1,,0
3052,,360032,1,3094,31289,89,156,0,83886097,0x05000011,misc,,00000017.pro,-1,,0
3053,,360136,1,3095,31290,90,156,0,83886097,0x05000011,misc,,00000017.pro,-1,,0
3054,,360240,1,3096,31299,99,156,0,83886092,0x0500000C,misc,,00000012.pro,-1,,0
3055,,360328,1,3097,31302,102,156,0,83886092,0x0500000C,misc,,00000012.pro,-1,,0
3056,,360416,1,3098,31303,103,156,0,83886092,0x0500000C,misc,,00000012.pro,-1,,0
3057,,360504,1,3099,31304,104,156,0,83886092,0x0500000C,misc,,00000012.pro,-1,,0
3058,,360592,1,3100,31305,105,156,0,83886092,0x0500000C,misc,,00000012.pro,-1,,0
3059,,360680,1,3101,31318,118,156,0,83886098,0x05000012,misc,,00000018.pro,-1,,0
3060,,360784,1,3102,31319,119,156,0,83886098,0x05000012,misc,,00000018.pro,-1,,0
3061,,360888,1,3103,31321,121,156,0,33554481,0x02000031,scenery,generic,00000050.pro,-1,,0
3062,,360976,1,3104,31335,135,156,0,83886097,0x05000011,misc,,00000017.pro,-1,,0
3063,,361080,1,3105,31490,90,157,0,83886097,0x05000011,misc,,00000017.pro,-1,,0
3064,,361184,1,3106,31499,99,157,0,83886092,0x0500000C,misc,,00000012.pro,-1,,0
3065,,361272,1,3107,31500,100,157,0,83886092,0x0500000C,misc,,00000012.pro,-1,,0
3066,,361360,1,3108,31501,101,157,0,83886092,0x0500000C,misc,,00000012.pro,-1,,0
3067,,361448,1,3109,31502,102,157,0,83886092,0x0500000C,misc,,00000012.pro,-1,,0
3068,,361536,1,3110,31503,103,157,0,83886092,0x0500000C,misc,,00000012.pro,-1,,0
3069,,361624,1,3111,31516,116,157,0,83886098,0x05000012,misc,,00000018.pro,-1,,0
3070,,361728,1,3112,31517,117,157,0,83886098,0x05000012,misc,,00000018.pro,-1,,0
3071,,361832,1,3113,31532,132,157,0,83886097,0x05000011,misc,,00000017.pro,-1,,0
3072,,361936,1,3114,31691,91,158,0,83886097,0x05000011,misc,,00000017.pro,-1,,0
3073,,362040,1,3115,31700,100,158,0,83886092,0x0500000C,misc,,00000012.pro,-1,,0
3074,,362128,1,3116,31701,101,158,0,83886092,0x0500000C,misc,,00000012.pro,-1,,0
3075,,362216,1,3117,31714,114,158,0,83886098,0x05000012,misc,,00000018.pro,-1,,0
3076,,362320,1,3118,31715,115,158,0,83886098,0x05000012,misc,,00000018.pro,-1,,0
3077,,362424,1,3119,31717,117,158,0,33554481,0x02000031,scenery,generic,00000050.pro,-1,,0
3078,,362512,1,3120,31891,91,159,0,33554481,0x02000031,scenery,generic,00000050.pro,-1,,0
3079,,362600,1,3121,31891,91,159,0,83886097,0x05000011,misc,,00000017.pro,-1,,0
3080,,362704,1,3122,31892,92,159,0,83886097,0x05000011,misc,,00000017.pro,-1,,0
3081,,362808,1,3123,31912,112,159,0,83886098,0x05000012,misc,,00000018.pro,-1,,0
3082,,362912,1,3124,31913,113,159,0,83886098,0x05000012,misc,,00000018.pro,-1,,0
3083,,363016,1,3125,31929,129,159,0,83886097,0x05000011,misc,,00000017.pro,-1,,0
3084,,363120,1,3126,32092,92,160,0,83886097,0x05000011,misc,,00000017.pro,-1,,0
3085,,363224,1,3127,32110,110,160,0,83886098,0x05000012,misc,,00000018.pro,-1,,0
3086,,363328,1,3128,32111,111,160,0,83886098,0x05000012,misc,,00000018.pro,-1,,0
3087,,363432,1,3129,32113,113,160,0,33554481,0x02000031,scenery,generic,00000050.pro,-1,,0
3088,,363520,1,3130,32126,126,160,0,83886097,0x05000011,misc,,00000017.pro,-1,,0
3089,,363624,1,3131,32293,93,161,0,83886097,0x05000011,misc,,00000017.pro,-1,,0
3090,,363728,1,3132,32308,108,161,0,83886098,0x05000012,misc,,00000018.pro,-1,,0
3091,,363832,1,3133,32309,109,161,0,83886098,0x05000012,misc,,00000018.pro,-1,,0
3092,,363936,1,3134,32493,93,162,0,33554481,0x02000031,scenery,generic,00000050.pro,-1,,0
3093,,364024,1,3135,32493,93,162,0,83886097,0x05000011,misc,,00000017.pro,-1,,0
3094,,364128,1,3136,32494,94,162,0,83886097,0x05000011,misc,,00000017.pro,-1,,0
3095,,364232,1,3137,32506,106,162,0,83886098,0x05000012,misc,,00000018.pro,-1,,0
3096,,364336,1,3138,32507,107,162,0,83886098,0x05000012,misc,,00000018.pro,-1,,0
3097,,364440,1,3139,32509,109,162,0,33554481,0x02000031,scenery,generic,00000050.pro,-1,,0
3098,,364528,1,3140,32523,123,162,0,83886097,0x05000011,misc,,00000017.pro,-1,,0
3099,,364632,1,3141,32694,94,163,0,83886097,0x05000011,misc,,00000017.pro,-1,,0
3100,,364736,1,3142,32704,104,163,0,83886098,0x05000012,misc,,00000018.pro,-1,,0
3101,,364840,1,3143,32705,105,163,0,83886098,0x05000012,misc,,00000018.pro,-1,,0
3102,,364944,1,3144,32720,120,163,0,83886097,0x05000011,misc,,00000017.pro,-1,,0
3103,,365048,1,3145,32895,95,164,0,83886097,0x05000011,misc,,00000017.pro,-1,,0
3104,,365152,1,3146,32902,102,164,0,83886098,0x05000012,misc,,00000018.pro,-1,,0
3105,,365256,1,3147,32903,103,164,0,83886098,0x05000012,misc,,00000018.pro,-1,,0
3106,,365360,1,3148,32905,105,164,0,33554481,0x02000031,scenery,generic,00000050.pro,-1,,0
3107,,365448,1,3149,33095,95,165,0,33554481,0x02000031,scenery,generic,00000050.pro,-1,,0
3108,,365536,1,3150,33095,95,165,0,83886097,0x05000011,misc,,00000017.pro,-1,,0
3109,,365640,1,3151,33096,96,165,0,83886097,0x05000011,misc,,00000017.pro,-1,,0
3110,,365744,1,3152,33100,100,165,0,83886098,0x05000012,misc,,00000018.pro,-1,,0
3111,,365848,1,3153,33101,101,165,0,83886098,0x05000012,misc,,00000018.pro,-1,,0
3112,,365952,1,3154,33117,117,165,0,83886097,0x05000011,misc,,00000017.pro,-1,,0
3113,,366056,1,3155,33296,96,166,0,83886097,0x05000011,misc,,00000017.pro,-1,,0
3114,,366160,1,3156,33298,98,166,0,83886098,0x05000012,misc,,00000018.pro,-1,,0
3115,,366264,1,3157,33299,99,166,0,83886098,0x05000012,misc,,00000018.pro,-1,,0
3116,,366368,1,3158,33301,101,166,0,33554481,0x02000031,scenery,generic,00000050.pro,-1,,0
3117,,366456,1,3159,33314,114,166,0,83886097,0x05000011,misc,,00000017.pro,-1,,0
3118,,366560,1,3160,33496,96,167,0,83886098,0x05000012,misc,,00000018.pro,-1,,0
3119,,366664,1,3161,33497,97,167,0,83886098,0x05000012,misc,,00000018.pro,-1,,0
3120,,366768,1,3162,33694,94,168,0,83886098,0x05000012,misc,,00000018.pro,-1,,0
3121,,366872,1,3163,33695,95,168,0,83886098,0x05000012,misc,,00000018.pro,-1,,0
3122,,366976,1,3164,33697,97,168,0,33554481,0x02000031,scenery,generic,00000050.pro,-1,,0
3123,,367064,1,3165,33711,111,168,0,83886097,0x05000011,misc,,00000017.pro,-1,,0
3124,,367168,1,3166,33908,108,169,0,83886097,0x05000011,misc,,00000017.pro,-1,,0
