path,inventory_quantity,file_offset,elevation_group,object_id,tile,tile_x,tile_y,rotation,pid,pid_hex,prototype_type,prototype_subtype,prototype_filename,script_id,script_filename,inventory_length
0,,42332,0,25,8516,116,42,0,83886092,0x0500000C,misc,,00000012.pro,-1,,0
1,,42420,0,26,8714,114,43,0,83886092,0x0500000C,misc,,00000012.pro,-1,,0
2,,42508,0,27,8715,115,43,0,83886092,0x0500000C,misc,,00000012.pro,-1,,0
3,,42596,0,28,8716,116,43,0,83886092,0x0500000C,misc,,00000012.pro,-1,,0
4,,42684,0,29,8717,117,43,0,83886092,0x0500000C,misc,,00000012.pro,-1,,0
5,,42772,0,30,8912,112,44,0,83886092,0x0500000C,misc,,00000012.pro,-1,,0
6,,42860,0,31,8913,113,44,0,83886092,0x0500000C,misc,,00000012.pro,-1,,0
7,,42948,0,32,8914,114,44,0,83886092,0x0500000C,misc,,00000012.pro,-1,,0
8,,43036,0,33,8915,115,44,0,83886092,0x0500000C,misc,,00000012.pro,-1,,0
9,,43124,0,34,8917,117,44,0,83886092,0x0500000C,misc,,00000012.pro,-1,,0
10,,43212,0,35,8918,118,44,0,83886092,0x0500000C,misc,,00000012.pro,-1,,0
11,,43300,0,36,9110,110,45,0,83886092,0x0500000C,misc,,00000012.pro,-1,,0
12,,43388,0,37,9111,111,45,0,83886092,0x0500000C,misc,,00000012.pro,-1,,0
13,,43476,0,38,9112,112,45,0,83886092,0x0500000C,misc,,00000012.pro,-1,,0
14,,43564,0,39,9113,113,45,0,83886092,0x0500000C,misc,,00000012.pro,-1,,0
15,,43652,0,40,9118,118,45,0,83886092,0x0500000C,misc,,00000012.pro,-1,,0
16,,43740,0,41,9308,108,46,0,83886092,0x0500000C,misc,,00000012.pro,-1,,0
17,,43828,0,42,9308,108,46,0,83886092,0x0500000C,misc,,00000012.pro,-1,,0
18,,43916,0,43,9309,109,46,0,83886092,0x0500000C,misc,,00000012.pro,-1,,0
19,,44004,0,44,9310,110,46,0,83886092,0x0500000C,misc,,00000012.pro,-1,,0
20,,44092,0,45,9311,111,46,0,83886092,0x0500000C,misc,,00000012.pro,-1,,0
21,,44180,0,46,9319,119,46,0,83886092,0x0500000C,misc,,00000012.pro,-1,,0
22,,44268,0,47,9506,106,47,0,83886092,0x0500000C,misc,,00000012.pro,-1,,0
23,,44356,0,48,9507,107,47,0,83886092,0x0500000C,misc,,00000012.pro,-1,,0
24,,44444,0,49,9508,108,47,0,83886092,0x0500000C,misc,,00000012.pro,-1,,0
25,,44532,0,50,9509,109,47,0,83886092,0x0500000C,misc,,00000012.pro,-1,,0
26,,44620,0,51,9519,119,47,0,83886092,0x0500000C,misc,,00000012.pro,-1,,0
27,,44708,0,52,9520,120,47,0,83886092,0x0500000C,misc,,00000012.pro,-1,,0
28,,44796,0,53,9676,76,48,0,83886092,0x0500000C,misc,,00000012.pro,-1,,0
29,,44884,0,54,9677,77,48,0,83886092,0x0500000C,misc,,00000012.pro,-1,,0
30,,44972,0,55,9678,78,48,0,83886092,0x0500000C,misc,,00000012.pro,-1,,0
31,,45060,0,56,9704,104,48,0,83886092,0x0500000C,misc,,00000012.pro,-1,,0
32,,45148,0,57,9705,105,48,0,83886092,0x0500000C,misc,,00000012.pro,-1,,0
33,,45236,0,58,9706,106,48,0,83886092,0x0500000C,misc,,00000012.pro,-1,,0
34,,45324,0,59,9707,107,48,0,83886092,0x0500000C,misc,,00000012.pro,-1,,0
35,,45412,0,60,9720,120,48,0,83886092,0x0500000C,misc,,00000012.pro,-1,,0
36,,45500,0,61,9874,74,49,0,83886092,0x0500000C,misc,,00000012.pro,-1,,0
37,,45588,0,62,9875,75,49,0,83886092,0x0500000C,misc,,00000012.pro,-1,,0
38,,45676,0,63,9876,76,49,0,83886092,0x0500000C,misc,,00000012.pro,-1,,0
39,,45764,0,64,9877,77,49,0,83886092,0x0500000C,misc,,00000012.pro,-1,,0
40,,45852,0,65,9878,78,49,0,83886092,0x0500000C,misc,,00000012.pro,-1,,0
41,,45940,0,66,9879,79,49,0,83886092,0x0500000C,misc,,00000012.pro,-1,,0
42,,46028,0,67,9880,80,49,0,83886092,0x0500000C,misc,,00000012.pro,-1,,0
43,,46116,0,68,9902,102,49,0,83886092,0x0500000C,misc,,00000012.pro,-1,,0
44,,46204,0,69,9903,103,49,0,83886092,0x0500000C,misc,,00000012.pro,-1,,0
45,,46292,0,70,9904,104,49,0,83886092,0x0500000C,misc,,00000012.pro,-1,,0
46,,46380,0,71,9905,105,49,0,83886092,0x0500000C,misc,,00000012.pro,-1,,0
47,,46468,0,72,9921,121,49,0,83886092,0x0500000C,misc,,00000012.pro,-1,,0
48,,46556,0,73,10072,72,50,0,83886092,0x0500000C,misc,,00000012.pro,-1,,0
49,,46644,0,74,10073,73,50,0,83886092,0x0500000C,misc,,00000012.pro,-1,,0
50,,46732,0,75,10074,74,50,0,83886092,0x0500000C,misc,,00000012.pro,-1,,0
51,,46820,0,76,10075,75,50,0,83886092,0x0500000C,misc,,00000012.pro,-1,,0
52,,46908,0,77,10079,79,50,0,83886092,0x0500000C,misc,,00000012.pro,-1,,0
53,,46996,0,78,10080,80,50,0,83886092,0x0500000C,misc,,00000012.pro,-1,,0
54,,47084,0,79,10081,81,50,0,83886092,0x0500000C,misc,,00000012.pro,-1,,0
55,,47172,0,80,10082,82,50,0,83886092,0x0500000C,misc,,00000012.pro,-1,,0
56,,47260,0,81,10100,100,50,0,83886092,0x0500000C,misc,,00000012.pro,-1,,0
57,,47348,0,82,10101,101,50,0,83886092,0x0500000C,misc,,00000012.pro,-1,,0
58,,47436,0,83,10102,102,50,0,83886092,0x0500000C,misc,,00000012.pro,-1,,0
59,,47524,0,84,10103,103,50,0,83886092,0x0500000C,misc,,00000012.pro,-1,,0
60,,47612,0,85,10104,104,50,0,50331857,0x030000D1,wall,,00000209.pro,-1,,0
61,,47700,0,86,10105,105,50,0,50331831,0x030000B7,wall,,00000183.pro,-1,,0
62,,47788,0,87,10106,106,50,0,50331832,0x030000B8,wall,,00000184.pro,-1,,0
63,,47876,0,88,10107,107,50,0,50331829,0x030000B5,wall,,00000181.pro,-1,,0
64,,47964,0,89,10108,108,50,0,50331828,0x030000B4,wall,,00000180.pro,-1,,0
65,,48052,0,90,10121,121,50,0,83886092,0x0500000C,misc,,00000012.pro,-1,,0
66,,48140,0,91,10122,122,50,0,83886092,0x0500000C,misc,,00000012.pro,-1,,0
67,,48228,0,92,10270,70,51,0,83886092,0x0500000C,misc,,00000012.pro,-1,,0
68,,48316,0,93,10271,71,51,0,83886092,0x0500000C,misc,,00000012.pro,-1,,0
69,,48404,0,94,10272,72,51,0,83886092,0x0500000C,misc,,00000012.pro,-1,,0
70,,48492,0,95,10273,73,51,0,83886092,0x0500000C,misc,,00000012.pro,-1,,0
71,,48580,0,96,10281,81,51,0,83886092,0x0500000C,misc,,00000012.pro,-1,,0
72,,48668,0,97,10282,82,51,0,83886092,0x0500000C,misc,,00000012.pro,-1,,0
73,,48756,0,98,10283,83,51,0,83886092,0x0500000C,misc,,00000012.pro,-1,,0
74,,48844,0,99,10284,84,51,0,83886092,0x0500000C,misc,,00000012.pro,-1,,0
75,,48932,0,100,10298,98,51,0,83886092,0x0500000C,misc,,00000012.pro,-1,,0
76,,49020,0,101,10299,99,51,0,83886092,0x0500000C,misc,,00000012.pro,-1,,0
77,,49108,0,102,10300,100,51,0,83886092,0x0500000C,misc,,00000012.pro,-1,,0
78,,49196,0,103,10301,101,51,0,83886092,0x0500000C,misc,,00000012.pro,-1,,0
79,,49284,0,104,10302,102,51,0,50331867,0x030000DB,wall,,00000219.pro,-1,,0
80,,49372,0,105,10303,103,51,0,50331858,0x030000D2,wall,,00000210.pro,-1,,0
81,,49460,0,106,10306,106,51,0,33554514,0x02000052,scenery,generic,00000083.pro,-1,,0
82,,49548,0,107,10307,107,51,0,33554511,0x0200004F,scenery,generic,00000080.pro,-1,,0
83,,49636,0,108,10308,108,51,0,50332270,0x0300026E,wall,,00000622.pro,-1,,0
84,,49724,0,109,10309,109,51,0,50332269,0x0300026D,wall,,00000621.pro,-1,,0
85,,49812,0,110,10310,110,51,0,50331883,0x030000EB,wall,,00000235.pro,-1,,0
86,,49900,0,111,10322,122,51,0,83886092,0x0500000C,misc,,00000012.pro,-1,,0
87,,49988,0,112,10468,68,52,0,83886092,0x0500000C,misc,,00000012.pro,-1,,0
88,,50076,0,113,10469,69,52,0,83886092,0x0500000C,misc,,00000012.pro,-1,,0
89,,50164,0,114,10470,70,52,0,83886092,0x0500000C,misc,,00000012.pro,-1,,0
90,,50252,0,115,10471,71,52,0,83886092,0x0500000C,misc,,00000012.pro,-1,,0
91,,50340,0,116,10483,83,52,0,83886092,0x0500000C,misc,,00000012.pro,-1,,0
92,,50428,0,117,10484,84,52,0,83886092,0x0500000C,misc,,00000012.pro,-1,,0
93,,50516,0,118,10485,85,52,0,83886092,0x0500000C,misc,,00000012.pro,-1,,0
94,,50604,0,119,10486,86,52,0,83886092,0x0500000C,misc,,00000012.pro,-1,,0
95,,50692,0,120,10496,96,52,0,83886092,0x0500000C,misc,,00000012.pro,-1,,0
96,,50780,0,121,10497,97,52,0,83886092,0x0500000C,misc,,00000012.pro,-1,,0
97,,50868,0,122,10498,98,52,0,83886092,0x0500000C,misc,,00000012.pro,-1,,0
98,,50956,0,123,10499,99,52,0,83886092,0x0500000C,misc,,00000012.pro,-1,,0
99,,51044,0,124,10501,101,52,0,50332269,0x0300026D,wall,,00000621.pro,-1,,0
100,,51132,0,125,10502,102,52,0,50332270,0x0300026E,wall,,00000622.pro,-1,,0
101,,51220,0,126,10503,103,52,0,50332270,0x0300026E,wall,,00000622.pro,-1,,0
102,,51308,0,127,10507,107,52,0,50332270,0x0300026E,wall,,00000622.pro,-1,,0
103,,51396,0,128,10510,110,52,0,50332269,0x0300026D,wall,,00000621.pro,-1,,0
104,,51484,0,129,10523,123,52,0,83886092,0x0500000C,misc,,00000012.pro,-1,,0
105,,51572,0,130,10666,66,53,0,83886092,0x0500000C,misc,,00000012.pro,-1,,0
106,,51660,0,131,10667,67,53,0,83886092,0x0500000C,misc,,00000012.pro,-1,,0
107,,51748,0,132,10668,68,53,0,83886092,0x0500000C,misc,,00000012.pro,-1,,0
108,,51836,0,133,10669,69,53,0,83886092,0x0500000C,misc,,00000012.pro,-1,,0
109,,51924,0,134,10685,85,53,0,83886092,0x0500000C,misc,,00000012.pro,-1,,0
110,,52012,0,135,10686,86,53,0,83886092,0x0500000C,misc,,00000012.pro,-1,,0
111,,52100,0,136,10687,87,53,0,83886092,0x0500000C,misc,,00000012.pro,-1,,0
112,,52188,0,137,10688,88,53,0,83886092,0x0500000C,misc,,00000012.pro,-1,,0
113,,52276,0,138,10694,94,53,0,83886092,0x0500000C,misc,,00000012.pro,-1,,0
114,,52364,0,139,10695,95,53,0,83886092,0x0500000C,misc,,00000012.pro,-1,,0
115,,52452,0,140,10696,96,53,0,83886092,0x0500000C,misc,,00000012.pro,-1,,0
116,,52540,0,141,10697,97,53,0,83886092,0x0500000C,misc,,00000012.pro,-1,,0
117,,52628,0,142,10701,101,53,0,50332269,0x0300026D,wall,,00000621.pro,-1,,0
118,,52716,0,143,10702,102,53,0,50331837,0x030000BD,wall,,00000189.pro,-1,,0
119,,52804,0,144,10705,105,53,0,33554504,0x02000048,scenery,generic,00000073.pro,-1,,0
120,,52892,0,145,10711,111,53,0,50332269,0x0300026D,wall,,00000621.pro,-1,,0
121,,52980,0,146,10722,122,53,0,50331829,0x030000B5,wall,,00000181.pro,-1,,0
122,,53068,0,147,10723,123,53,0,83886092,0x0500000C,misc,,00000012.pro,-1,,0
123,,53156,0,148,10724,124,53,0,83886092,0x0500000C,misc,,00000012.pro,-1,,0
124,,53244,0,149,10864,64,54,0,83886092,0x0500000C,misc,,00000012.pro,-1,,0
125,,53332,0,150,10865,65,54,0,83886092,0x0500000C,misc,,00000012.pro,-1,,0
126,,53420,0,151,10866,66,54,0,83886092,0x0500000C,misc,,00000012.pro,-1,,0
127,,53508,0,152,10867,67,54,0,83886092,0x0500000C,misc,,00000012.pro,-1,,0
128,,53596,0,153,10887,87,54,0,83886092,0x0500000C,misc,,00000012.pro,-1,,0
129,,53684,0,154,10888,88,54,0,83886092,0x0500000C,misc,,00000012.pro,-1,,0
130,,53772,0,155,10889,89,54,0,83886092,0x0500000C,misc,,00000012.pro,-1,,0
131,,53860,0,156,10890,90,54,0,83886092,0x0500000C,misc,,00000012.pro,-1,,0
132,,53948,0,157,10892,92,54,0,83886092,0x0500000C,misc,,00000012.pro,-1,,0
133,,54036,0,158,10893,93,54,0,83886092,0x0500000C,misc,,00000012.pro,-1,,0
134,,54124,0,159,10894,94,54,0,83886092,0x0500000C,misc,,00000012.pro,-1,,0
135,,54212,0,160,10895,95,54,0,83886092,0x0500000C,misc,,00000012.pro,-1,,0
136,,54300,0,161,10898,98,54,0,50331831,0x030000B7,wall,,00000183.pro,-1,,0
137,,54388,0,162,10900,100,54,0,50331829,0x030000B5,wall,,00000181.pro,-1,,0
138,,54476,0,163,10902,102,54,0,50331846,0x030000C6,wall,,00000198.pro,-1,,0
139,,54564,0,164,10911,111,54,0,50332269,0x0300026D,wall,,00000621.pro,-1,,0
140,,54652,0,165,10918,118,54,0,50331861,0x030000D5,wall,,00000213.pro,-1,,0
141,,54740,0,166,10919,119,54,0,50331866,0x030000DA,wall,,00000218.pro,-1,,0
142,,54828,0,167,10920,120,54,0,50331865,0x030000D9,wall,,00000217.pro,-1,,0
143,,54916,0,168,10921,121,54,0,50331830,0x030000B6,wall,,00000182.pro,-1,,0
144,,55004,0,169,10922,122,54,0,50332270,0x0300026E,wall,,00000622.pro,-1,,0
145,,55092,0,170,10923,123,54,0,50331829,0x030000B5,wall,,00000181.pro,-1,,0
146,,55180,0,171,10924,124,54,0,83886092,0x0500000C,misc,,00000012.pro,-1,,0
147,,55268,0,172,10924,124,54,0,50331828,0x030000B4,wall,,00000180.pro,-1,,0
148,,55356,0,173,10925,125,54,0,50331827,0x030000B3,wall,,00000179.pro,-1,,0
149,,55444,0,174,10926,126,54,0,50331826,0x030000B2,wall,,00000178.pro,-1,,0
150,,55532,0,175,11062,62,55,0,83886092,0x0500000C,misc,,00000012.pro,-1,,0
151,,55620,0,176,11063,63,55,0,83886092,0x0500000C,misc,,00000012.pro,-1,,0
152,,55708,0,177,11064,64,55,0,83886092,0x0500000C,misc,,00000012.pro,-1,,0
153,,55796,0,178,11065,65,55,0,83886092,0x0500000C,misc,,00000012.pro,-1,,0
154,,55884,0,179,11065,65,55,0,83886092,0x0500000C,misc,,00000012.pro,-1,,0
155,,55972,0,180,11089,89,55,0,83886092,0x0500000C,misc,,00000012.pro,-1,,0
156,,56060,0,181,11090,90,55,0,83886092,0x0500000C,misc,,00000012.pro,-1,,0
157,,56148,0,182,11091,91,55,0,83886092,0x0500000C,misc,,00000012.pro,-1,,0
158,,56236,0,183,11092,92,55,0,83886092,0x0500000C,misc,,00000012.pro,-1,,0
159,,56324,0,184,11093,93,55,0,83886092,0x0500000C,misc,,00000012.pro,-1,,0
160,,56412,0,185,11097,97,55,0,50331832,0x030000B8,wall,,00000184.pro,-1,,0
161,,56500,0,186,11098,98,55,0,50332270,0x0300026E,wall,,00000622.pro,-1,,0
162,,56588,0,187,11099,99,55,0,50331830,0x030000B6,wall,,00000182.pro,-1,,0
163,,56676,0,188,11100,100,55,0,50332270,0x0300026E,wall,,00000622.pro,-1,,0
164,,56764,0,189,11101,101,55,0,50331828,0x030000B4,wall,,00000180.pro,-1,,0
165,,56852,0,190,11102,102,55,0,33554507,0x0200004B,scenery,generic,00000076.pro,-1,,0
166,,56940,0,191,11111,111,55,0,50331878,0x030000E6,wall,,00000230.pro,-1,,0
167,,57028,0,192,11112,112,55,0,50331827,0x030000B3,wall,,00000179.pro,-1,,0
168,,57116,0,193,11114,114,55,0,50331823,0x030000AF,wall,,00000175.pro,-1,,0
169,,57204,0,194,11116,116,55,0,50331864,0x030000D8,wall,,00000216.pro,-1,,0
170,,57292,0,195,11117,117,55,0,50331862,0x030000D6,wall,,00000214.pro,-1,,0
171,,57380,0,196,11118,118,55,0,50332270,0x0300026E,wall,,00000622.pro,-1,,0
172,,57468,0,197,11119,119,55,0,33554507,0x0200004B,scenery,generic,00000076.pro,-1,,0
173,,57556,0,198,11120,120,55,0,50332270,0x0300026E,wall,,00000622.pro,-1,,0
174,,57644,0,199,11123,123,55,0,50332270,0x0300026E,wall,,00000622.pro,-1,,0
175,,57732,0,200,11125,125,55,0,50332270,0x0300026E,wall,,00000622.pro,-1,,0
176,,57820,0,201,11125,125,55,0,83886092,0x0500000C,misc,,00000012.pro,-1,,0
177,,57908,0,202,11127,127,55,0,50332269,0x0300026D,wall,,00000621.pro,-1,,0
178,,57996,0,203,11128,128,55,0,50331883,0x030000EB,wall,,00000235.pro,-1,,0
179,,58084,0,204,11260,60,56,0,83886092,0x0500000C,misc,,00000012.pro,-1,,0
180,,58172,0,205,11261,61,56,0,83886092,0x0500000C,misc,,00000012.pro,-1,,0
181,,58260,0,206,11262,62,56,0,83886092,0x0500000C,misc,,00000012.pro,-1,,0
182,,58348,0,207,11263,63,56,0,83886092,0x0500000C,misc,,00000012.pro,-1,,0
183,,58436,0,208,11291,91,56,0,83886092,0x0500000C,misc,,00000012.pro,-1,,0
184,,58524,0,209,11294,94,56,0,50331836,0x030000BC,wall,,00000188.pro,-1,,0
185,,58612,0,210,11296,96,56,0,50331834,0x030000BA,wall,,00000186.pro,-1,,0
186,,58700,0,211,11297,97,56,0,50331833,0x030000B9,wall,,00000185.pro,-1,,0
187,,58788,0,212,11302,102,56,0,50332270,0x0300026E,wall,,00000622.pro,-1,,0
188,,58876,0,213,11303,103,56,0,50332270,0x0300026E,wall,,00000622.pro,-1,,0
189,,58964,0,214,11311,111,56,0,50331852,0x030000CC,wall,,00000204.pro,-1,,0
190,,59052,0,215,11312,112,56,0,50332270,0x0300026E,wall,,00000622.pro,-1,,0
191,,59140,0,216,11313,113,56,0,50331826,0x030000B2,wall,,00000178.pro,-1,,0
192,,59228,0,217,11314,114,56,0,50332270,0x0300026E,wall,,00000622.pro,-1,,0
193,,59316,0,218,11315,115,56,0,50331822,0x030000AE,wall,,00000174.pro,-1,,0
194,,59404,0,219,11317,117,56,0,50332270,0x0300026E,wall,,00000622.pro,-1,,0
195,,59492,0,220,11319,119,56,0,50332270,0x0300026E,wall,,00000622.pro,-1,,0
196,,59580,0,221,11325,125,56,0,83886092,0x0500000C,misc,,00000012.pro,-1,,0
197,,59668,0,222,11326,126,56,0,83886092,0x0500000C,misc,,00000012.pro,-1,,0
198,,59756,0,223,11328,128,56,0,50332269,0x0300026D,wall,,00000621.pro,-1,,0
199,,59844,0,224,11458,58,57,0,83886092,0x0500000C,misc,,00000012.pro,-1,,0
200,,59932,0,225,11459,59,57,0,83886092,0x0500000C,misc,,00000012.pro,-1,,0
201,,60020,0,226,11460,60,57,0,83886092,0x0500000C,misc,,00000012.pro,-1,,0
202,,60108,0,227,11461,61,57,0,83886092,0x0500000C,misc,,00000012.pro,-1,,0
203,,60196,0,228,11462,62,57,0,50332269,0x0300026D,wall,,00000621.pro,-1,,0
204,,60284,0,229,11464,64,57,0,50331866,0x030000DA,wall,,00000218.pro,-1,,0
205,,60372,0,230,11466,66,57,0,50331828,0x030000B4,wall,,00000180.pro,-1,,0
206,,60460,0,231,11467,67,57,0,50331827,0x030000B3,wall,,00000179.pro,-1,,0
207,,60548,0,232,11468,68,57,0,50331824,0x030000B0,wall,,00000176.pro,-1,,0
208,,60636,0,233,11494,94,57,0,50332270,0x0300026E,wall,,00000622.pro,-1,,0
209,,60724,0,234,11495,95,57,0,50331835,0x030000BB,wall,,00000187.pro,-1,,0
210,,60812,0,235,11496,96,57,0,50332270,0x0300026E,wall,,00000622.pro,-1,,0
211,,60900,0,236,11497,97,57,0,50332270,0x0300026E,wall,,00000622.pro,-1,,0
212,,60988,0,237,11526,126,57,0,83886092,0x0500000C,misc,,00000012.pro,-1,,0
213,,61076,0,238,11529,129,57,0,50332269,0x0300026D,wall,,00000621.pro,-1,,0
214,,61164,0,239,11656,56,58,0,83886092,0x0500000C,misc,,00000012.pro,-1,,0
215,,61252,0,240,11657,57,58,0,83886092,0x0500000C,misc,,00000012.pro,-1,,0
216,,61340,0,241,11658,58,58,0,83886092,0x0500000C,misc,,00000012.pro,-1,,0
217,,61428,0,242,11659,59,58,0,83886092,0x0500000C,misc,,00000012.pro,-1,,0
218,,61516,0,243,11662,62,58,0,50332269,0x0300026D,wall,,00000621.pro,-1,,0
219,,61604,0,244,11663,63,58,0,50331867,0x030000DB,wall,,00000219.pro,-1,,0
220,,61692,0,245,11664,64,58,0,50332270,0x0300026E,wall,,00000622.pro,-1,,0
221,,61780,0,246,11665,65,58,0,50331865,0x030000D9,wall,,00000217.pro,-1,,0
222,,61868,0,247,11667,67,58,0,50332270,0x0300026E,wall,,00000622.pro,-1,,0
223,,61956,0,248,11669,69,58,0,50332269,0x0300026D,wall,,00000621.pro,-1,,0
224,,62044,0,249,11670,70,58,0,50331883,0x030000EB,wall,,00000235.pro,-1,,0
225,,62132,0,250,11694,94,58,0,50331841,0x030000C1,wall,,00000193.pro,-1,,0
226,,62220,0,251,11727,127,58,0,83886092,0x0500000C,misc,,00000012.pro,-1,,0
227,,62308,0,252,11729,129,58,0,50332269,0x0300026D,wall,,00000621.pro,-1,,0
228,,62396,0,253,11854,54,59,0,83886092,0x0500000C,misc,,00000012.pro,-1,,0
229,,62484,0,254,11855,55,59,0,83886092,0x0500000C,misc,,00000012.pro,-1,,0
230,,62572,0,255,11856,56,59,0,83886092,0x0500000C,misc,,00000012.pro,-1,,0
231,,62660,0,256,11857,57,59,0,83886092,0x0500000C,misc,,00000012.pro,-1,,0
232,,62748,0,257,11862,62,59,0,50332269,0x0300026D,wall,,00000621.pro,-1,,0
233,,62836,0,258,11863,63,59,0,50332270,0x0300026E,wall,,00000622.pro,-1,,0
234,,62924,0,259,11870,70,59,0,50332269,0x0300026D,wall,,00000621.pro,-1,,0
235,,63012,0,260,11894,94,59,0,50331842,0x030000C2,wall,,00000194.pro,-1,,0
236,,63100,0,261,11896,96,59,0,33554501,0x02000045,scenery,generic,00000070.pro,-1,,0
237,,63188,0,262,11927,127,59,0,83886092,0x0500000C,misc,,00000012.pro,-1,,0
238,,63276,0,263,11928,128,59,0,83886092,0x0500000C,misc,,00000012.pro,-1,,0
239,,63364,0,264,11929,129,59,0,50331878,0x030000E6,wall,,00000230.pro,-1,,0
240,,63452,0,265,12052,52,60,0,83886092,0x0500000C,misc,,00000012.pro,-1,,0
241,,63540,0,266,12053,53,60,0,83886092,0x0500000C,misc,,00000012.pro,-1,,0
242,,63628,0,267,12054,54,60,0,83886092,0x0500000C,misc,,00000012.pro,-1,,0
243,,63716,0,268,12055,55,60,0,83886092,0x0500000C,misc,,00000012.pro,-1,,0
244,,63804,0,269,12063,63,60,0,50331845,0x030000C5,wall,,00000197.pro,-1,,0
245,,63892,0,270,12071,71,60,0,50332269,0x0300026D,wall,,00000621.pro,-1,,0
246,,63980,0,271,12094,94,60,0,50331843,0x030000C3,wall,,00000195.pro,-1,,0
247,,64068,0,272,12128,128,60,0,83886092,0x0500000C,misc,,00000012.pro,-1,,0
248,,64156,0,273,12129,129,60,0,50331868,0x030000DC,wall,,00000220.pro,-1,,0
249,,64244,0,274,12250,50,61,0,83886092,0x0500000C,misc,,00000012.pro,-1,,0
250,,64332,0,275,12251,51,61,0,83886092,0x0500000C,misc,,00000012.pro,-1,,0
251,,64420,0,276,12252,52,61,0,83886092,0x0500000C,misc,,00000012.pro,-1,,0
252,,64508,0,277,12253,53,61,0,83886092,0x0500000C,misc,,00000012.pro,-1,,0
253,,64596,0,278,12262,62,61,0,50331857,0x030000D1,wall,,00000209.pro,-1,,0
254,,64684,0,279,12263,63,61,0,50331856,0x030000D0,wall,,00000208.pro,-1,,0
255,,64772,0,280,12271,71,61,0,50332269,0x0300026D,wall,,00000621.pro,-1,,0
256,,64860,0,281,12294,94,61,0,50331844,0x030000C4,wall,,00000196.pro,-1,,0
257,,64948,0,282,12305,105,61,0,33554506,0x0200004A,scenery,generic,00000075.pro,-1,,0
258,,65036,0,283,12306,106,61,0,50332270,0x0300026E,wall,,00000622.pro,-1,,0
259,,65124,0,284,12324,124,61,1,16777227,0x0100000B,critter,,00000011.pro,67108869,SSRadSco.int,1
259/inventory/0,1,65256,0,285,0,0,0,0,92,0x0000005C,item,misc,00000092.pro,-1,,0
260,,65348,0,286,12329,129,61,0,50332269,0x0300026D,wall,,00000621.pro,-1,,0
261,,65436,0,287,12329,129,61,0,83886092,0x0500000C,misc,,00000012.pro,-1,,0
262,,65524,0,288,12448,48,62,0,83886092,0x0500000C,misc,,00000012.pro,-1,,0
263,,65612,0,289,12449,49,62,0,83886092,0x0500000C,misc,,00000012.pro,-1,,0
264,,65700,0,290,12450,50,62,0,83886092,0x0500000C,misc,,00000012.pro,-1,,0
265,,65788,0,291,12451,51,62,0,83886092,0x0500000C,misc,,00000012.pro,-1,,0
266,,65876,0,292,12460,60,62,0,50331862,0x030000D6,wall,,00000214.pro,-1,,0
267,,65964,0,293,12461,61,62,0,50331861,0x030000D5,wall,,00000213.pro,-1,,0
268,,66052,0,294,12462,62,62,0,33554506,0x0200004A,scenery,generic,00000075.pro,-1,,0
269,,66140,0,295,12463,63,62,0,50332270,0x0300026E,wall,,00000622.pro,-1,,0
270,,66228,0,296,12471,71,62,0,50331878,0x030000E6,wall,,00000230.pro,-1,,0
271,,66316,0,297,12494,94,62,0,50331856,0x030000D0,wall,,00000208.pro,-1,,0
272,,66404,0,298,12505,105,62,0,50332270,0x0300026E,wall,,00000622.pro,-1,,0
273,,66492,0,299,12529,129,62,0,83886092,0x0500000C,misc,,00000012.pro,-1,,0
274,,66580,0,300,12529,129,62,0,50331881,0x030000E9,wall,,00000233.pro,-1,,0
275,,66668,0,301,12530,130,62,0,83886092,0x0500000C,misc,,00000012.pro,-1,,0
276,,66756,0,302,12646,46,63,0,83886092,0x0500000C,misc,,00000012.pro,-1,,0
277,,66844,0,303,12647,47,63,0,83886092,0x0500000C,misc,,00000012.pro,-1,,0
278,,66932,0,304,12648,48,63,0,83886092,0x0500000C,misc,,00000012.pro,-1,,0
279,,67020,0,305,12649,49,63,0,83886092,0x0500000C,misc,,00000012.pro,-1,,0
280,,67108,0,306,12654,54,63,0,50331832,0x030000B8,wall,,00000184.pro,-1,,0
281,,67196,0,307,12655,55,63,0,50331831,0x030000B7,wall,,00000183.pro,-1,,0
282,,67284,0,308,12656,56,63,0,50331830,0x030000B6,wall,,00000182.pro,-1,,0
283,,67372,0,309,12657,57,63,0,50331829,0x030000B5,wall,,00000181.pro,-1,,0
284,,67460,0,310,12658,58,63,0,50331828,0x030000B4,wall,,00000180.pro,-1,,0
285,,67548,0,311,12659,59,63,0,50331864,0x030000D8,wall,,00000216.pro,-1,,0
286,,67636,0,312,12660,60,63,0,50332270,0x0300026E,wall,,00000622.pro,-1,,0
287,,67724,0,313,12661,61,63,0,50332270,0x0300026E,wall,,00000622.pro,-1,,0
288,,67812,0,314,12662,62,63,0,50332270,0x0300026E,wall,,00000622.pro,-1,,0
289,,67900,0,315,12663,63,63,0,50332270,0x0300026E,wall,,00000622.pro,-1,,0
290,,67988,0,316,12671,71,63,0,50331879,0x030000E7,wall,,00000231.pro,-1,,0
291,,68076,0,317,12692,92,63,0,50331858,0x030000D2,wall,,00000210.pro,-1,,0
292,,68164,0,318,12693,93,63,0,50331857,0x030000D1,wall,,00000209.pro,-1,,0
293,,68252,0,319,12694,94,63,0,50332270,0x0300026E,wall,,00000622.pro,-1,,0
294,,68340,0,320,12728,128,63,0,50331885,0x030000ED,wall,,00000237.pro,-1,,0
295,,68428,0,321,12729,129,63,0,50331884,0x030000EC,wall,,00000236.pro,-1,,0
296,,68516,0,322,12730,130,63,0,83886092,0x0500000C,misc,,00000012.pro,-1,,0
297,,68604,0,323,12844,44,64,0,83886092,0x0500000C,misc,,00000012.pro,-1,,0
298,,68692,0,324,12845,45,64,0,83886092,0x0500000C,misc,,00000012.pro,-1,,0
299,,68780,0,325,12846,46,64,0,83886092,0x0500000C,misc,,00000012.pro,-1,,0
300,,68868,0,326,12847,47,64,0,83886092,0x0500000C,misc,,00000012.pro,-1,,0
301,,68956,0,327,12854,54,64,0,50331833,0x030000B9,wall,,00000185.pro,-1,,0
302,,69044,0,328,12855,55,64,0,50332270,0x0300026E,wall,,00000622.pro,-1,,0
303,,69132,0,329,12857,57,64,0,50332270,0x0300026E,wall,,00000622.pro,-1,,0
304,,69220,0,330,12871,71,64,0,50332269,0x0300026D,wall,,00000621.pro,-1,,0
305,,69308,0,331,12890,90,64,0,50331863,0x030000D7,wall,,00000215.pro,-1,,0
306,,69396,0,332,12891,91,64,0,50331859,0x030000D3,wall,,00000211.pro,-1,,0
307,,69484,0,333,12892,92,64,0,50332270,0x0300026E,wall,,00000622.pro,-1,,0
308,,69572,0,334,12893,93,64,0,50332270,0x0300026E,wall,,00000622.pro,-1,,0
309,,69660,0,335,12928,128,64,0,50332269,0x0300026D,wall,,00000621.pro,-1,,0
310,,69748,0,336,12931,131,64,0,83886092,0x0500000C,misc,,00000012.pro,-1,,0
311,,69836,0,337,13042,42,65,0,83886092,0x0500000C,misc,,00000012.pro,-1,,0
312,,69924,0,338,13043,43,65,0,83886092,0x0500000C,misc,,00000012.pro,-1,,0
313,,70012,0,339,13044,44,65,0,83886092,0x0500000C,misc,,00000012.pro,-1,,0
314,,70100,0,340,13045,45,65,0,83886092,0x0500000C,misc,,00000012.pro,-1,,0
315,,70188,0,341,13051,51,65,0,50331836,0x030000BC,wall,,00000188.pro,-1,,0
316,,70276,0,342,13052,52,65,0,50331835,0x030000BB,wall,,00000187.pro,-1,,0
317,,70364,0,343,13053,53,65,0,50331834,0x030000BA,wall,,00000186.pro,-1,,0
318,,70452,0,344,13054,54,65,0,50332270,0x0300026E,wall,,00000622.pro,-1,,0
319,,70540,0,345,13071,71,65,0,50331887,0x030000EF,wall,,00000239.pro,-1,,0
320,,70628,0,346,13072,72,65,0,50331881,0x030000E9,wall,,00000233.pro,-1,,0
321,,70716,0,347,13089,89,65,0,50331867,0x030000DB,wall,,00000219.pro,-1,,0
322,,70804,0,348,13091,91,65,0,33554512,0x02000050,scenery,generic,00000081.pro,-1,,0
323,,70892,0,349,13092,92,65,0,50332270,0x0300026E,wall,,00000622.pro,-1,,0
324,,70980,0,350,13128,128,65,0,50331884,0x030000EC,wall,,00000236.pro,-1,,0
325,,71068,0,351,13131,131,65,0,83886092,0x0500000C,misc,,00000012.pro,-1,,0
326,,71156,0,352,13132,132,65,0,83886092,0x0500000C,misc,,00000012.pro,-1,,0
327,,71244,0,353,13132,132,65,0,83886092,0x0500000C,misc,,00000012.pro,-1,,0
328,,71332,0,354,13240,40,66,0,83886092,0x0500000C,misc,,00000012.pro,-1,,0
329,,71420,0,355,13241,41,66,0,83886092,0x0500000C,misc,,00000012.pro,-1,,0
330,,71508,0,356,13242,42,66,0,83886092,0x0500000C,misc,,00000012.pro,-1,,0
331,,71596,0,357,13243,43,66,0,83886092,0x0500000C,misc,,00000012.pro,-1,,0
332,,71684,0,358,13252,52,66,0,50332270,0x0300026E,wall,,00000622.pro,-1,,0
333,,71772,0,359,13253,53,66,0,50332270,0x0300026E,wall,,00000622.pro,-1,,0
334,,71860,0,360,13271,71,66,0,50332269,0x0300026D,wall,,00000621.pro,-1,,0
335,,71948,0,361,13289,89,66,0,50331842,0x030000C2,wall,,00000194.pro,-1,,0
336,,72036,0,362,13290,90,66,0,50332270,0x0300026E,wall,,00000622.pro,-1,,0
337,,72124,0,363,13291,91,66,0,50332270,0x0300026E,wall,,00000622.pro,-1,,0
338,,72212,0,364,13328,128,66,0,50332269,0x0300026D,wall,,00000621.pro,-1,,0
339,,72300,0,365,13332,132,66,0,83886092,0x0500000C,misc,,00000012.pro,-1,,0
340,,72388,0,366,13438,38,67,0,83886092,0x0500000C,misc,,00000012.pro,-1,,0
341,,72476,0,367,13439,39,67,0,83886092,0x0500000C,misc,,00000012.pro,-1,,0
342,,72564,0,368,13440,40,67,0,83886092,0x0500000C,misc,,00000012.pro,-1,,0
343,,72652,0,369,13441,41,67,0,83886092,0x0500000C,misc,,00000012.pro,-1,,0
344,,72740,0,370,13451,51,67,0,50331837,0x030000BD,wall,,00000189.pro,-1,,0
345,,72828,0,371,13455,55,67,0,33554514,0x02000052,scenery,generic,00000083.pro,-1,,0
346,,72916,0,372,13470,70,67,0,50332270,0x0300026E,wall,,00000622.pro,-1,,0
347,,73004,0,373,13471,71,67,0,50331879,0x030000E7,wall,,00000231.pro,-1,,0
348,,73092,0,374,13489,89,67,0,50331843,0x030000C3,wall,,00000195.pro,-1,,0
349,,73180,0,375,13524,124,67,0,50331873,0x030000E1,wall,,00000225.pro,-1,,0
350,,73268,0,376,13526,126,67,0,50331887,0x030000EF,wall,,00000239.pro,-1,,0
351,,73356,0,377,13527,127,67,0,50331886,0x030000EE,wall,,00000238.pro,-1,,0
352,,73444,0,378,13528,128,67,0,50331880,0x030000E8,wall,,00000232.pro,-1,,0
353,,73532,0,379,13533,133,67,0,83886092,0x0500000C,misc,,00000012.pro,-1,,0
354,,73620,0,380,13636,36,68,0,83886092,0x0500000C,misc,,00000012.pro,-1,,0
355,,73708,0,381,13637,37,68,0,83886092,0x0500000C,misc,,00000012.pro,-1,,0
356,,73796,0,382,13638,38,68,0,83886092,0x0500000C,misc,,00000012.pro,-1,,0
357,,73884,0,383,13639,39,68,0,83886092,0x0500000C,misc,,00000012.pro,-1,,0
358,,73972,0,384,13651,51,68,0,50331838,0x030000BE,wall,,00000190.pro,-1,,0
359,,74060,0,385,13660,60,68,0,33554504,0x02000048,scenery,generic,00000073.pro,-1,,0
360,,74148,0,386,13668,68,68,0,50332270,0x0300026E,wall,,00000622.pro,-1,,0
361,,74236,0,387,13669,69,68,0,50332270,0x0300026E,wall,,00000622.pro,-1,,0
362,,74324,0,388,13670,70,68,0,50331886,0x030000EE,wall,,00000238.pro,-1,,0
363,,74412,0,389,13671,71,68,0,50331880,0x030000E8,wall,,00000232.pro,-1,,0
364,,74500,0,390,13689,89,68,0,50331844,0x030000C4,wall,,00000196.pro,-1,,0
365,,74588,0,391,13718,118,68,0,50331886,0x030000EE,wall,,00000238.pro,-1,,0
366,,74676,0,392,13720,120,68,0,50331875,0x030000E3,wall,,00000227.pro,-1,,0
367,,74764,0,393,13722,122,68,0,50331886,0x030000EE,wall,,00000238.pro,-1,,0
368,,74852,0,394,13723,123,68,0,50331885,0x030000ED,wall,,00000237.pro,-1,,0
369,,74940,0,395,13725,125,68,0,50331872,0x030000E0,wall,,00000224.pro,-1,,0
370,,75028,0,396,13733,133,68,0,83886092,0x0500000C,misc,,00000012.pro,-1,,0
371,,75116,0,397,13734,134,68,0,83886092,0x0500000C,misc,,00000012.pro,-1,,0
372,,75204,0,398,13834,34,69,0,83886092,0x0500000C,misc,,00000012.pro,-1,,0
373,,75292,0,399,13835,35,69,0,83886092,0x0500000C,misc,,00000012.pro,-1,,0
374,,75380,0,400,13836,36,69,0,83886092,0x0500000C,misc,,00000012.pro,-1,,0
375,,75468,0,401,13837,37,69,0,83886092,0x0500000C,misc,,00000012.pro,-1,,0
376,,75556,0,402,13850,50,69,0,50331857,0x030000D1,wall,,00000209.pro,-1,,0
377,,75644,0,403,13851,51,69,0,50331856,0x030000D0,wall,,00000208.pro,-1,,0
378,,75732,0,404,13864,64,69,2,16777227,0x0100000B,critter,,00000011.pro,67108876,SSRadSco.int,1
378/inventory/0,1,75864,0,405,0,0,0,0,92,0x0000005C,item,misc,00000092.pro,-1,,0
379,,75956,0,406,13866,66,69,0,50331871,0x030000DF,wall,,00000223.pro,-1,,0
380,,76044,0,407,13867,67,69,0,50332270,0x0300026E,wall,,00000622.pro,-1,,0
381,,76132,0,408,13868,68,69,0,50331887,0x030000EF,wall,,00000239.pro,-1,,0
382,,76220,0,409,13869,69,69,0,50331885,0x030000ED,wall,,00000237.pro,-1,,0
383,,76308,0,410,13871,71,69,0,50331881,0x030000E9,wall,,00000233.pro,-1,,0
384,,76396,0,411,13889,89,69,0,50331845,0x030000C5,wall,,00000197.pro,-1,,0
385,,76484,0,412,13890,90,69,0,50332270,0x0300026E,wall,,00000622.pro,-1,,0
386,,76572,0,413,13891,91,69,0,33554507,0x0200004B,scenery,generic,00000076.pro,-1,,0
387,,76660,0,414,13892,92,69,0,50332270,0x0300026E,wall,,00000622.pro,-1,,0
388,,76748,0,415,13912,112,69,0,50331875,0x030000E3,wall,,00000227.pro,-1,,0
389,,76836,0,416,13914,114,69,0,50331873,0x030000E1,wall,,00000225.pro,-1,,0
390,,76924,0,417,13916,116,69,0,50331888,0x030000F0,wall,,00000240.pro,-1,,0
391,,77012,0,418,13917,117,69,0,50331887,0x030000EF,wall,,00000239.pro,-1,,0
392,,77100,0,419,13919,119,69,0,50331876,0x030000E4,wall,,00000228.pro,-1,,0
393,,77188,0,420,13921,121,69,0,50331874,0x030000E2,wall,,00000226.pro,-1,,0
394,,77276,0,421,13934,134,69,0,83886092,0x0500000C,misc,,00000012.pro,-1,,0
395,,77364,0,422,14032,32,70,0,83886092,0x0500000C,misc,,00000012.pro,-1,,0
396,,77452,0,423,14033,33,70,0,83886092,0x0500000C,misc,,00000012.pro,-1,,0
397,,77540,0,424,14034,34,70,0,83886092,0x0500000C,misc,,00000012.pro,-1,,0
398,,77628,0,425,14035,35,70,0,83886092,0x0500000C,misc,,00000012.pro,-1,,0
399,,77716,0,426,14048,48,70,0,50332269,0x0300026D,wall,,00000621.pro,-1,,0
400,,77804,0,427,14049,49,70,0,50331867,0x030000DB,wall,,00000219.pro,-1,,0
401,,77892,0,428,14050,50,70,0,33554506,0x0200004A,scenery,generic,00000075.pro,-1,,0
402,,77980,0,429,14051,51,70,0,50332270,0x0300026E,wall,,00000622.pro,-1,,0
403,,78068,0,430,14066,66,70,0,50332270,0x0300026E,wall,,00000622.pro,-1,,0
404,,78156,0,431,14067,67,70,0,50331870,0x030000DE,wall,,00000222.pro,-1,,0
405,,78244,0,432,14084,84,70,0,50331866,0x030000DA,wall,,00000218.pro,-1,,0
406,,78332,0,433,14086,86,70,0,50331831,0x030000B7,wall,,00000183.pro,-1,,0
407,,78420,0,434,14088,88,70,0,50331829,0x030000B5,wall,,00000181.pro,-1,,0
408,,78508,0,435,14089,89,70,0,50331848,0x030000C8,wall,,00000200.pro,-1,,0
409,,78596,0,436,14090,90,70,0,50332270,0x0300026E,wall,,00000622.pro,-1,,0
410,,78684,0,437,14091,91,70,0,50332270,0x0300026E,wall,,00000622.pro,-1,,0
411,,78772,0,438,14103,103,70,0,50331871,0x030000DF,wall,,00000223.pro,-1,,0
412,,78860,0,439,14104,104,70,0,50331869,0x030000DD,wall,,00000221.pro,-1,,0
413,,78948,0,440,14106,106,70,0,50331875,0x030000E3,wall,,00000227.pro,-1,,0
414,,79036,0,441,14108,108,70,0,50331873,0x030000E1,wall,,00000225.pro,-1,,0
415,,79124,0,442,14110,110,70,0,50331889,0x030000F1,wall,,00000241.pro,-1,,0
416,,79212,0,443,14111,111,70,0,50331888,0x030000F0,wall,,00000240.pro,-1,,0
417,,79300,0,444,14113,113,70,0,50331874,0x030000E2,wall,,00000226.pro,-1,,0
418,,79388,0,445,14115,115,70,0,50331872,0x030000E0,wall,,00000224.pro,-1,,0
419,,79476,0,446,14135,135,70,0,83886092,0x0500000C,misc,,00000012.pro,-1,,0
420,,79564,0,447,14230,30,71,0,83886092,0x0500000C,misc,,00000012.pro,-1,,0
421,,79652,0,448,14231,31,71,0,83886092,0x0500000C,misc,,00000012.pro,-1,,0
422,,79740,0,449,14232,32,71,0,83886092,0x0500000C,misc,,00000012.pro,-1,,0
423,,79828,0,450,14233,33,71,0,83886092,0x0500000C,misc,,00000012.pro,-1,,0
424,,79916,0,451,14248,48,71,0,50332269,0x0300026D,wall,,00000621.pro,-1,,0
425,,80004,0,452,14250,50,71,0,33554507,0x0200004B,scenery,generic,00000076.pro,-1,,0
426,,80092,0,453,14251,51,71,0,50332270,0x0300026E,wall,,00000622.pro,-1,,0
427,,80180,0,454,14266,66,71,0,50332270,0x0300026E,wall,,00000622.pro,-1,,0
428,,80268,0,455,14267,67,71,0,50332269,0x0300026D,wall,,00000621.pro,-1,,0
429,,80356,0,456,14283,83,71,0,50331867,0x030000DB,wall,,00000219.pro,-1,,0
430,,80444,0,457,14284,84,71,0,33554507,0x0200004B,scenery,generic,00000076.pro,-1,,0
431,,80532,0,458,14285,85,71,0,50331865,0x030000D9,wall,,00000217.pro,-1,,0
432,,80620,0,459,14286,86,71,0,33554502,0x02000046,scenery,generic,00000071.pro,-1,,0
433,,80708,0,460,14287,87,71,0,50331830,0x030000B6,wall,,00000182.pro,-1,,0
434,,80796,0,461,14288,88,71,0,50332270,0x0300026E,wall,,00000622.pro,-1,,0
435,,80884,0,462,14289,89,71,0,50331828,0x030000B4,wall,,00000180.pro,-1,,0
436,,80972,0,463,14301,101,71,0,50331873,0x030000E1,wall,,00000225.pro,-1,,0
437,,81060,0,464,14302,102,71,0,50331872,0x030000E0,wall,,00000224.pro,-1,,0
438,,81148,0,465,14303,103,71,0,50331873,0x030000E1,wall,,00000225.pro,-1,,0
439,,81236,0,466,14305,105,71,0,50331876,0x030000E4,wall,,00000228.pro,-1,,0
440,,81324,0,467,14307,107,71,0,50331874,0x030000E2,wall,,00000226.pro,-1,,0
441,,81412,0,468,14309,109,71,0,50331872,0x030000E0,wall,,00000224.pro,-1,,0
442,,81500,0,469,14335,135,71,0,83886092,0x0500000C,misc,,00000012.pro,-1,,0
443,,81588,0,470,14336,136,71,0,83886092,0x0500000C,misc,,00000012.pro,-1,,0
444,,81676,0,471,14430,30,72,0,83886092,0x0500000C,misc,,00000012.pro,-1,,0
445,,81764,0,472,14431,31,72,0,83886092,0x0500000C,misc,,00000012.pro,-1,,0
446,,81852,0,473,14449,49,72,0,50331842,0x030000C2,wall,,00000194.pro,-1,,0
447,,81940,0,474,14450,50,72,0,50332270,0x0300026E,wall,,00000622.pro,-1,,0
448,,82028,0,475,14451,51,72,0,50332270,0x0300026E,wall,,00000622.pro,-1,,0
449,,82116,0,476,14466,66,72,0,50332270,0x0300026E,wall,,00000622.pro,-1,,0
450,,82204,0,477,14467,67,72,0,50332269,0x0300026D,wall,,00000621.pro,-1,,0
451,,82292,0,478,14482,82,72,0,50331861,0x030000D5,wall,,00000213.pro,-1,,0
452,,82380,0,479,14483,83,72,0,50331866,0x030000DA,wall,,00000218.pro,-1,,0
453,,82468,0,480,14484,84,72,0,50332270,0x0300026E,wall,,00000622.pro,-1,,0
454,,82556,0,481,14485,85,72,0,50332270,0x0300026E,wall,,00000622.pro,-1,,0
455,,82644,0,482,14501,101,72,0,50332269,0x0300026D,wall,,00000621.pro,-1,,0
456,,82732,0,483,14536,136,72,0,83886092,0x0500000C,misc,,00000012.pro,-1,,0
457,,82820,0,484,14649,49,73,0,50331843,0x030000C3,wall,,00000195.pro,-1,,0
458,,82908,0,485,14656,56,73,3,16777227,0x0100000B,critter,,00000011.pro,67108877,SSRadSco.int,1
458/inventory/0,1,83040,0,486,0,0,0,0,92,0x0000005C,item,misc,00000092.pro,-1,,0
459,,83132,0,487,14667,67,73,0,50331868,0x030000DC,wall,,00000220.pro,-1,,0
460,,83220,0,488,14676,76,73,0,50331829,0x030000B5,wall,,00000181.pro,-1,,0
461,,83308,0,489,14678,78,73,0,50331827,0x030000B3,wall,,00000179.pro,-1,,0
462,,83396,0,490,14680,80,73,0,50331857,0x030000D1,wall,,00000209.pro,-1,,0
463,,83484,0,491,14681,81,73,0,50331862,0x030000D6,wall,,00000214.pro,-1,,0
464,,83572,0,492,14682,82,73,0,50332270,0x0300026E,wall,,00000622.pro,-1,,0
465,,83660,0,493,14683,83,73,0,33554506,0x0200004A,scenery,generic,00000075.pro,-1,,0
466,,83748,0,494,14684,84,73,0,50332270,0x0300026E,wall,,00000622.pro,-1,,0
467,,83836,0,495,14701,101,73,0,50331868,0x030000DC,wall,,00000220.pro,-1,,0
468,,83924,0,496,14737,137,73,0,83886092,0x0500000C,misc,,00000012.pro,-1,,0
469,,84012,0,497,14849,49,74,0,50331844,0x030000C4,wall,,00000196.pro,-1,,0
470,,84100,0,498,14850,50,74,0,50332270,0x0300026E,wall,,00000622.pro,-1,,0
471,,84188,0,499,14867,67,74,0,50332269,0x0300026D,wall,,00000621.pro,-1,,0
472,,84276,0,500,14868,68,74,0,50331829,0x030000B5,wall,,00000181.pro,-1,,0
473,,84364,0,501,14870,70,74,0,50331827,0x030000B3,wall,,00000179.pro,-1,,0
474,,84452,0,502,14872,72,74,0,50331827,0x030000B3,wall,,00000179.pro,-1,,0
475,,84540,0,503,14874,74,74,0,50331846,0x030000C6,wall,,00000198.pro,-1,,0
476,,84628,0,504,14875,75,74,0,50331822,0x030000AE,wall,,00000174.pro,-1,,0
477,,84716,0,505,14876,76,74,0,50332270,0x0300026E,wall,,00000622.pro,-1,,0
478,,84804,0,506,14877,77,74,0,50331828,0x030000B4,wall,,00000180.pro,-1,,0
479,,84892,0,507,14878,78,74,0,50332270,0x0300026E,wall,,00000622.pro,-1,,0
480,,84980,0,508,14879,79,74,0,50331858,0x030000D2,wall,,00000210.pro,-1,,0
481,,85068,0,509,14880,80,74,0,50332270,0x0300026E,wall,,00000622.pro,-1,,0
482,,85156,0,510,14881,81,74,0,50332270,0x0300026E,wall,,00000622.pro,-1,,0
483,,85244,0,511,14883,83,74,0,50332270,0x0300026E,wall,,00000622.pro,-1,,0
484,,85332,0,512,14901,101,74,0,50332269,0x0300026D,wall,,00000621.pro,-1,,0
485,,85420,0,513,14937,137,74,0,83886092,0x0500000C,misc,,00000012.pro,-1,,0
486,,85508,0,514,14938,138,74,0,83886092,0x0500000C,misc,,00000012.pro,-1,,0
487,,85596,0,515,15049,49,75,0,50332269,0x0300026D,wall,,00000621.pro,-1,,0
488,,85684,0,516,15050,50,75,0,50332269,0x0300026D,wall,,00000621.pro,-1,,0
489,,85772,0,517,15067,67,75,0,50331852,0x030000CC,wall,,00000204.pro,-1,,0
490,,85860,0,518,15068,68,75,0,50332270,0x0300026E,wall,,00000622.pro,-1,,0
491,,85948,0,519,15069,69,75,0,50331828,0x030000B4,wall,,00000180.pro,-1,,0
492,,86036,0,520,15070,70,75,0,33554511,0x0200004F,scenery,generic,00000080.pro,-1,,0
493,,86124,0,521,15071,71,75,0,50331826,0x030000B2,wall,,00000178.pro,-1,,0
494,,86212,0,522,15072,72,75,0,33554512,0x02000050,scenery,generic,00000081.pro,-1,,0
495,,86300,0,523,15073,73,75,0,50331824,0x030000B0,wall,,00000176.pro,-1,,0
496,,86388,0,524,15074,74,75,0,50332270,0x0300026E,wall,,00000622.pro,-1,,0
497,,86476,0,525,15075,75,75,0,33554506,0x0200004A,scenery,generic,00000075.pro,-1,,0
498,,86564,0,526,15076,76,75,0,50332270,0x0300026E,wall,,00000622.pro,-1,,0
499,,86652,0,527,15100,100,75,0,33554501,0x02000045,scenery,generic,00000070.pro,-1,,0
500,,86740,0,528,15101,101,75,0,50331884,0x030000EC,wall,,00000236.pro,-1,,0
501,,86828,0,529,15138,138,75,0,83886092,0x0500000C,misc,,00000012.pro,-1,,0
502,,86916,0,530,15250,50,76,0,50332269,0x0300026D,wall,,00000621.pro,-1,,0
503,,87004,0,531,15269,69,76,0,50332270,0x0300026E,wall,,00000622.pro,-1,,0
504,,87092,0,532,15270,70,76,0,50332270,0x0300026E,wall,,00000622.pro,-1,,0
505,,87180,0,533,15271,71,76,0,50332270,0x0300026E,wall,,00000622.pro,-1,,0
506,,87268,0,534,15272,72,76,0,50332270,0x0300026E,wall,,00000622.pro,-1,,0
507,,87356,0,535,15273,73,76,0,50332270,0x0300026E,wall,,00000622.pro,-1,,0
508,,87444,0,536,15275,75,76,0,50332270,0x0300026E,wall,,00000622.pro,-1,,0
509,,87532,0,537,15300,100,76,0,50332270,0x0300026E,wall,,00000622.pro,-1,,0
510,,87620,0,538,15301,101,76,0,50332269,0x0300026D,wall,,00000621.pro,-1,,0
511,,87708,0,539,15302,102,76,0,50331827,0x030000B3,wall,,00000179.pro,-1,,0
512,,87796,0,540,15304,104,76,0,50331831,0x030000B7,wall,,00000183.pro,-1,,0
513,,87884,0,541,15306,106,76,0,50331829,0x030000B5,wall,,00000181.pro,-1,,0
514,,87972,0,542,15339,139,76,0,83886092,0x0500000C,misc,,00000012.pro,-1,,0
515,,88060,0,543,15451,51,77,0,50332269,0x0300026D,wall,,00000621.pro,-1,,0
516,,88148,0,544,15452,52,77,0,50331872,0x030000E0,wall,,00000224.pro,-1,,0
517,,88236,0,545,15453,53,77,0,50331873,0x030000E1,wall,,00000225.pro,-1,,0
518,,88324,0,546,15454,54,77,0,50331872,0x030000E0,wall,,00000224.pro,-1,,0
519,,88412,0,547,15455,55,77,0,50331873,0x030000E1,wall,,00000225.pro,-1,,0
520,,88500,0,548,15456,56,77,0,50332270,0x0300026E,wall,,00000622.pro,-1,,0
521,,88588,0,549,15501,101,77,0,50331852,0x030000CC,wall,,00000204.pro,-1,,0
522,,88676,0,550,15502,102,77,0,33554506,0x0200004A,scenery,generic,00000075.pro,-1,,0
523,,88764,0,551,15503,103,77,0,50331824,0x030000B0,wall,,00000176.pro,-1,,0
524,,88852,0,552,15504,104,77,0,50332270,0x0300026E,wall,,00000622.pro,-1,,0
525,,88940,0,553,15505,105,77,0,50331830,0x030000B6,wall,,00000182.pro,-1,,0
526,,89028,0,554,15506,106,77,0,50332270,0x0300026E,wall,,00000622.pro,-1,,0
527,,89116,0,555,15507,107,77,0,50331828,0x030000B4,wall,,00000180.pro,-1,,0
528,,89204,0,556,15508,108,77,0,50332269,0x0300026D,wall,,00000621.pro,-1,,0
529,,89292,0,557,15539,139,77,0,83886092,0x0500000C,misc,,00000012.pro,-1,,0
530,,89380,0,558,15540,140,77,0,83886092,0x0500000C,misc,,00000012.pro,-1,,0
531,,89468,0,559,15651,51,78,0,50331882,0x030000EA,wall,,00000234.pro,-1,,0
532,,89556,0,560,15655,55,78,0,50332269,0x0300026D,wall,,00000621.pro,-1,,0
533,,89644,0,561,15656,56,78,0,50331855,0x030000CF,wall,,00000207.pro,-1,,0
534,,89732,0,562,15659,59,78,0,33554505,0x02000049,scenery,generic,00000074.pro,-1,,0
535,,89820,0,563,15701,101,78,0,50332270,0x0300026E,wall,,00000622.pro,-1,,0
536,,89908,0,564,15702,102,78,0,50332270,0x0300026E,wall,,00000622.pro,-1,,0
537,,89996,0,565,15703,103,78,0,50332270,0x0300026E,wall,,00000622.pro,-1,,0
538,,90084,0,566,15709,109,78,0,50331883,0x030000EB,wall,,00000235.pro,-1,,0
539,,90172,0,567,15740,140,78,0,83886092,0x0500000C,misc,,00000012.pro,-1,,0
540,,90260,0,568,15856,56,79,0,50331838,0x030000BE,wall,,00000190.pro,-1,,0
541,,90348,0,569,15909,109,79,0,50332269,0x0300026D,wall,,00000621.pro,-1,,0
542,,90436,0,570,15910,110,79,0,50332269,0x0300026D,wall,,00000621.pro,-1,,0
543,,90524,0,571,15941,141,79,0,83886092,0x0500000C,misc,,00000012.pro,-1,,0
544,,90612,0,572,16056,56,80,0,50331839,0x030000BF,wall,,00000191.pro,-1,,0
545,,90700,0,573,16110,110,80,0,50332269,0x0300026D,wall,,00000621.pro,-1,,0
546,,90788,0,574,16141,141,80,0,83886092,0x0500000C,misc,,00000012.pro,-1,,0
547,,90876,0,575,16142,142,80,0,83886092,0x0500000C,misc,,00000012.pro,-1,,0
548,,90964,0,576,16256,56,81,0,50331840,0x030000C0,wall,,00000192.pro,-1,,0
549,,91052,0,577,16257,57,81,0,33554511,0x0200004F,scenery,generic,00000080.pro,-1,,0
550,,91140,0,578,16258,58,81,0,50332270,0x0300026E,wall,,00000622.pro,-1,,0
551,,91228,0,579,16310,110,81,0,50331879,0x030000E7,wall,,00000231.pro,-1,,0
552,,91316,0,580,16342,142,81,0,83886092,0x0500000C,misc,,00000012.pro,-1,,0
553,,91404,0,581,16456,56,82,0,50331841,0x030000C1,wall,,00000193.pro,-1,,0
554,,91492,0,582,16457,57,82,0,50332270,0x0300026E,wall,,00000622.pro,-1,,0
555,,91580,0,583,16493,93,82,0,33554502,0x02000046,scenery,generic,00000071.pro,-1,,0
556,,91668,0,584,16510,110,82,0,50331884,0x030000EC,wall,,00000236.pro,-1,,0
557,,91756,0,585,16543,143,82,0,83886092,0x0500000C,misc,,00000012.pro,-1,,0
558,,91844,0,586,16656,56,83,0,50331842,0x030000C2,wall,,00000194.pro,-1,,0
559,,91932,0,587,16681,81,83,0,50331871,0x030000DF,wall,,00000223.pro,-1,,0
560,,92020,0,588,16682,82,83,0,50331870,0x030000DE,wall,,00000222.pro,-1,,0
561,,92108,0,589,16683,83,83,0,50331869,0x030000DD,wall,,00000221.pro,-1,,0
562,,92196,0,590,16684,84,83,0,50331877,0x030000E5,wall,,00000229.pro,-1,,0
563,,92284,0,591,16686,86,83,0,50331875,0x030000E3,wall,,00000227.pro,-1,,0
564,,92372,0,592,16688,88,83,0,50331870,0x030000DE,wall,,00000222.pro,-1,,0
565,,92460,0,593,16689,89,83,0,50331869,0x030000DD,wall,,00000221.pro,-1,,0
566,,92548,0,594,16690,90,83,0,50331876,0x030000E4,wall,,00000228.pro,-1,,0
567,,92636,0,595,16691,91,83,0,50331875,0x030000E3,wall,,00000227.pro,-1,,0
568,,92724,0,596,16692,92,83,0,50331874,0x030000E2,wall,,00000226.pro,-1,,0
569,,92812,0,597,16693,93,83,0,50331873,0x030000E1,wall,,00000225.pro,-1,,0
570,,92900,0,598,16694,94,83,0,50332270,0x0300026E,wall,,00000622.pro,-1,,0
571,,92988,0,599,16708,108,83,0,50332269,0x0300026D,wall,,00000621.pro,-1,,0
572,,93076,0,600,16709,109,83,0,50331885,0x030000ED,wall,,00000237.pro,-1,,0
573,,93164,0,601,16743,143,83,0,83886092,0x0500000C,misc,,00000012.pro,-1,,0
574,,93252,0,602,16744,144,83,0,83886092,0x0500000C,misc,,00000012.pro,-1,,0
575,,93340,0,603,16856,56,84,0,50331856,0x030000D0,wall,,00000208.pro,-1,,0
576,,93428,0,604,16876,76,84,0,50331870,0x030000DE,wall,,00000222.pro,-1,,0
577,,93516,0,605,16877,77,84,0,50331869,0x030000DD,wall,,00000221.pro,-1,,0
578,,93604,0,606,16878,78,84,0,50331875,0x030000E3,wall,,00000227.pro,-1,,0
579,,93692,0,607,16880,80,84,0,50331873,0x030000E1,wall,,00000225.pro,-1,,0
580,,93780,0,608,16881,81,84,0,50332269,0x0300026D,wall,,00000621.pro,-1,,0
581,,93868,0,609,16885,85,84,0,50331876,0x030000E4,wall,,00000228.pro,-1,,0
582,,93956,0,610,16887,87,84,0,50331874,0x030000E2,wall,,00000226.pro,-1,,0
583,,94044,0,611,16893,93,84,0,50332269,0x0300026D,wall,,00000621.pro,-1,,0
584,,94132,0,612,16894,94,84,0,50331855,0x030000CF,wall,,00000207.pro,-1,,0
585,,94220,0,613,16908,108,84,0,50331871,0x030000DF,wall,,00000223.pro,-1,,0
586,,94308,0,614,16944,144,84,0,83886092,0x0500000C,misc,,00000012.pro,-1,,0
587,,94396,0,615,17029,29,85,0,83886092,0x0500000C,misc,,00000012.pro,-1,,0
588,,94484,0,616,17030,30,85,0,83886092,0x0500000C,misc,,00000012.pro,-1,,0
589,,94572,0,617,17054,54,85,0,50331864,0x030000D8,wall,,00000216.pro,-1,,0
590,,94660,0,618,17055,55,85,0,50331857,0x030000D1,wall,,00000209.pro,-1,,0
591,,94748,0,619,17056,56,85,0,50332270,0x0300026E,wall,,00000622.pro,-1,,0
592,,94836,0,620,17070,70,85,0,50331873,0x030000E1,wall,,00000225.pro,-1,,0
593,,94924,0,621,17072,72,85,0,50331873,0x030000E1,wall,,00000225.pro,-1,,0
594,,95012,0,622,17074,74,85,0,50331886,0x030000EE,wall,,00000238.pro,-1,,0
595,,95100,0,623,17075,75,85,0,50331887,0x030000EF,wall,,00000239.pro,-1,,0
596,,95188,0,624,17079,79,85,0,50331874,0x030000E2,wall,,00000226.pro,-1,,0
597,,95276,0,625,17081,81,85,0,50331872,0x030000E0,wall,,00000224.pro,-1,,0
598,,95364,0,626,17094,94,85,0,50331837,0x030000BD,wall,,00000189.pro,-1,,0
599,,95452,0,627,17107,107,85,0,50332269,0x0300026D,wall,,00000621.pro,-1,,0
600,,95540,0,628,17109,109,85,0,50331884,0x030000EC,wall,,00000236.pro,-1,,0
601,,95628,0,629,17145,145,85,0,83886092,0x0500000C,misc,,00000012.pro,-1,,0
602,,95716,0,630,17230,30,86,0,83886092,0x0500000C,misc,,00000012.pro,-1,,0
603,,95804,0,631,17252,52,86,0,50331867,0x030000DB,wall,,00000219.pro,-1,,0
604,,95892,0,632,17253,53,86,0,50331866,0x030000DA,wall,,00000218.pro,-1,,0
605,,95980,0,633,17254,54,86,0,50331865,0x030000D9,wall,,00000217.pro,-1,,0
606,,96068,0,634,17255,55,86,0,33554513,0x02000051,scenery,generic,00000082.pro,-1,,0
607,,96156,0,635,17256,56,86,0,50332270,0x0300026E,wall,,00000622.pro,-1,,0
608,,96244,0,636,17257,57,86,0,50332270,0x0300026E,wall,,00000622.pro,-1,,0
609,,96332,0,637,17269,69,86,0,50331874,0x030000E2,wall,,00000226.pro,-1,,0
610,,96420,0,638,17271,71,86,0,50331874,0x030000E2,wall,,00000226.pro,-1,,0
611,,96508,0,639,17273,73,86,0,50331872,0x030000E0,wall,,00000224.pro,-1,,0
612,,96596,0,640,17294,94,86,0,50331838,0x030000BE,wall,,00000190.pro,-1,,0
613,,96684,0,641,17295,95,86,0,33554507,0x0200004B,scenery,generic,00000076.pro,-1,,0
614,,96772,0,642,17296,96,86,0,50332270,0x0300026E,wall,,00000622.pro,-1,,0
615,,96860,0,643,17307,107,86,0,50331869,0x030000DD,wall,,00000221.pro,-1,,0
616,,96948,0,644,17308,108,86,0,50331874,0x030000E2,wall,,00000226.pro,-1,,0
617,,97036,0,645,17345,145,86,0,83886092,0x0500000C,misc,,00000012.pro,-1,,0
618,,97124,0,646,17346,146,86,0,83886092,0x0500000C,misc,,00000012.pro,-1,,0
619,,97212,0,647,17431,31,87,0,83886092,0x0500000C,misc,,00000012.pro,-1,,0
620,,97300,0,648,17451,51,87,0,50332269,0x0300026D,wall,,00000621.pro,-1,,0
621,,97388,0,649,17452,52,87,0,50332270,0x0300026E,wall,,00000622.pro,-1,,0
622,,97476,0,650,17453,53,87,0,50332270,0x0300026E,wall,,00000622.pro,-1,,0
623,,97564,0,651,17454,54,87,0,50332270,0x0300026E,wall,,00000622.pro,-1,,0
624,,97652,0,652,17455,55,87,0,50332270,0x0300026E,wall,,00000622.pro,-1,,0
625,,97740,0,653,17456,56,87,0,50332270,0x0300026E,wall,,00000622.pro,-1,,0
626,,97828,0,654,17469,69,87,0,50332269,0x0300026D,wall,,00000621.pro,-1,,0
627,,97916,0,655,17494,94,87,0,50331839,0x030000BF,wall,,00000191.pro,-1,,0
628,,98004,0,656,17495,95,87,0,50332270,0x0300026E,wall,,00000622.pro,-1,,0
629,,98092,0,657,17507,107,87,0,50332269,0x0300026D,wall,,00000621.pro,-1,,0
630,,98180,0,658,17546,146,87,0,83886092,0x0500000C,misc,,00000012.pro,-1,,0
631,,98268,0,659,17631,31,88,0,83886092,0x0500000C,misc,,00000012.pro,-1,,0
632,,98356,0,660,17632,32,88,0,83886092,0x0500000C,misc,,00000012.pro,-1,,0
633,,98444,0,661,17651,51,88,0,50332269,0x0300026D,wall,,00000621.pro,-1,,0
634,,98532,0,662,17652,52,88,0,50331841,0x030000C1,wall,,00000193.pro,-1,,0
635,,98620,0,663,17669,69,88,0,50331879,0x030000E7,wall,,00000231.pro,-1,,0
636,,98708,0,664,17694,94,88,0,50331840,0x030000C0,wall,,00000192.pro,-1,,0
637,,98796,0,665,17695,95,88,0,50332270,0x0300026E,wall,,00000622.pro,-1,,0
638,,98884,0,666,17707,107,88,0,50331884,0x030000EC,wall,,00000236.pro,-1,,0
639,,98972,0,667,17747,147,88,0,83886092,0x0500000C,misc,,00000012.pro,-1,,0
640,,99060,0,668,17832,32,89,0,83886092,0x0500000C,misc,,00000012.pro,-1,,0
641,,99148,0,669,17852,52,89,0,50331842,0x030000C2,wall,,00000194.pro,-1,,0
642,,99236,0,670,17869,69,89,0,50331878,0x030000E6,wall,,00000230.pro,-1,,0
643,,99324,0,671,17894,94,89,0,50332269,0x0300026D,wall,,00000621.pro,-1,,0
644,,99412,0,672,17895,95,89,0,50332270,0x0300026E,wall,,00000622.pro,-1,,0
645,,99500,0,673,17907,107,89,0,50332269,0x0300026D,wall,,00000621.pro,-1,,0
646,,99588,0,674,17947,147,89,0,83886092,0x0500000C,misc,,00000012.pro,-1,,0
647,,99676,0,675,17948,148,89,0,83886092,0x0500000C,misc,,00000012.pro,-1,,0
648,,99764,0,676,18033,33,90,0,83886092,0x0500000C,misc,,00000012.pro,-1,,0
649,,99852,0,677,18052,52,90,0,50331843,0x030000C3,wall,,00000195.pro,-1,,0
650,,99940,0,678,18069,69,90,0,50331879,0x030000E7,wall,,00000231.pro,-1,,0
651,,100028,0,679,18092,92,90,0,50331836,0x030000BC,wall,,00000188.pro,-1,,0
652,,100116,0,680,18094,94,90,0,50331834,0x030000BA,wall,,00000186.pro,-1,,0
653,,100204,0,681,18095,95,90,0,50331833,0x030000B9,wall,,00000185.pro,-1,,0
654,,100292,0,682,18107,107,90,0,50331879,0x030000E7,wall,,00000231.pro,-1,,0
655,,100380,0,683,18115,115,90,0,50331831,0x030000B7,wall,,00000183.pro,-1,,0
656,,100468,0,684,18116,116,90,0,50331830,0x030000B6,wall,,00000182.pro,-1,,0
657,,100556,0,685,18117,117,90,0,50331829,0x030000B5,wall,,00000181.pro,-1,,0
658,,100644,0,686,18118,118,90,0,50331828,0x030000B4,wall,,00000180.pro,-1,,0
659,,100732,0,687,18119,119,90,0,50331827,0x030000B3,wall,,00000179.pro,-1,,0
660,,100820,0,688,18120,120,90,0,50332269,0x0300026D,wall,,00000621.pro,-1,,0
661,,100908,0,689,18148,148,90,0,83886092,0x0500000C,misc,,00000012.pro,-1,,0
662,,100996,0,690,18233,33,91,0,83886092,0x0500000C,misc,,00000012.pro,-1,,0
663,,101084,0,691,18234,34,91,0,83886092,0x0500000C,misc,,00000012.pro,-1,,0
664,,101172,0,692,18252,52,91,0,50331844,0x030000C4,wall,,00000196.pro,-1,,0
665,,101260,0,693,18259,59,91,0,33554506,0x0200004A,scenery,generic,00000075.pro,-1,,0
666,,101348,0,694,18260,60,91,0,50332270,0x0300026E,wall,,00000622.pro,-1,,0
667,,101436,0,695,18268,68,91,0,50331885,0x030000ED,wall,,00000237.pro,-1,,0
668,,101524,0,696,18269,69,91,0,50331884,0x030000EC,wall,,00000236.pro,-1,,0
669,,101612,0,697,18293,93,91,0,50331835,0x030000BB,wall,,00000187.pro,-1,,0
670,,101700,0,698,18294,94,91,0,50332270,0x0300026E,wall,,00000622.pro,-1,,0
671,,101788,0,699,18297,97,91,0,33554515,0x02000053,scenery,generic,00000084.pro,-1,,0
672,,101876,0,700,18307,107,91,0,50331880,0x030000E8,wall,,00000232.pro,-1,,0
673,,101964,0,701,18308,108,91,0,50331831,0x030000B7,wall,,00000183.pro,-1,,0
674,,102052,0,702,18310,110,91,0,50331831,0x030000B7,wall,,00000183.pro,-1,,0
675,,102140,0,703,18312,112,91,0,50331829,0x030000B5,wall,,00000181.pro,-1,,0
676,,102228,0,704,18314,114,91,0,50331848,0x030000C8,wall,,00000200.pro,-1,,0
677,,102316,0,705,18315,115,91,0,50331849,0x030000C9,wall,,00000201.pro,-1,,0
678,,102404,0,706,18317,117,91,0,50332270,0x0300026E,wall,,00000622.pro,-1,,0
679,,102492,0,707,18321,121,91,0,50332269,0x0300026D,wall,,00000621.pro,-1,,0
680,,102580,0,708,18349,149,91,0,83886092,0x0500000C,misc,,00000012.pro,-1,,0
681,,102668,0,709,18434,34,92,0,83886092,0x0500000C,misc,,00000012.pro,-1,,0
682,,102756,0,710,18452,52,92,0,50331848,0x030000C8,wall,,00000200.pro,-1,,0
683,,102844,0,711,18459,59,92,0,50332270,0x0300026E,wall,,00000622.pro,-1,,0
684,,102932,0,712,18468,68,92,0,50332269,0x0300026D,wall,,00000621.pro,-1,,0
685,,103020,0,713,18492,92,92,0,50331837,0x030000BD,wall,,00000189.pro,-1,,0
686,,103108,0,714,18493,93,92,0,33554506,0x0200004A,scenery,generic,00000075.pro,-1,,0
687,,103196,0,715,18494,94,92,0,50332270,0x0300026E,wall,,00000622.pro,-1,,0
688,,103284,0,716,18507,107,92,0,50331852,0x030000CC,wall,,00000204.pro,-1,,0
689,,103372,0,717,18508,108,92,0,50332270,0x0300026E,wall,,00000622.pro,-1,,0
690,,103460,0,718,18509,109,92,0,50331830,0x030000B6,wall,,00000182.pro,-1,,0
691,,103548,0,719,18510,110,92,0,50332270,0x0300026E,wall,,00000622.pro,-1,,0
692,,103636,0,720,18511,111,92,0,50331830,0x030000B6,wall,,00000182.pro,-1,,0
693,,103724,0,721,18512,112,92,0,33554507,0x0200004B,scenery,generic,00000076.pro,-1,,0
694,,103812,0,722,18513,113,92,0,50331828,0x030000B4,wall,,00000180.pro,-1,,0
695,,103900,0,723,18515,115,92,0,33554513,0x02000051,scenery,generic,00000082.pro,-1,,0
696,,103988,0,724,18516,116,92,0,50332270,0x0300026E,wall,,00000622.pro,-1,,0
697,,104076,0,725,18517,117,92,0,50332270,0x0300026E,wall,,00000622.pro,-1,,0
698,,104164,0,726,18521,121,92,0,50331883,0x030000EB,wall,,00000235.pro,-1,,0
699,,104252,0,727,18549,149,92,0,83886092,0x0500000C,misc,,00000012.pro,-1,,0
700,,104340,0,728,18550,150,92,0,83886092,0x0500000C,misc,,00000012.pro,-1,,0
701,,104428,0,729,18562,162,92,0,33554573,0x0200008D,scenery,generic,00000142.pro,-1,,0
702,,104516,0,730,18635,35,93,0,83886092,0x0500000C,misc,,00000012.pro,-1,,0
703,,104604,0,731,18652,52,93,0,50331847,0x030000C7,wall,,00000199.pro,-1,,0
704,,104692,0,732,18668,68,93,0,50331884,0x030000EC,wall,,00000236.pro,-1,,0
705,,104780,0,733,18692,92,93,0,50331840,0x030000C0,wall,,00000192.pro,-1,,0
706,,104868,0,734,18693,93,93,0,50332270,0x0300026E,wall,,00000622.pro,-1,,0
707,,104956,0,735,18709,109,93,0,33554506,0x0200004A,scenery,generic,00000075.pro,-1,,0
708,,105044,0,736,18710,110,93,0,50332270,0x0300026E,wall,,00000622.pro,-1,,0
709,,105132,0,737,18711,111,93,0,50332270,0x0300026E,wall,,00000622.pro,-1,,0
710,,105220,0,738,18712,112,93,0,50332270,0x0300026E,wall,,00000622.pro,-1,,0
711,,105308,0,739,18713,113,93,0,50332270,0x0300026E,wall,,00000622.pro,-1,,0
712,,105396,0,740,18714,114,93,0,50332270,0x0300026E,wall,,00000622.pro,-1,,0
713,,105484,0,741,18716,116,93,0,50332270,0x0300026E,wall,,00000622.pro,-1,,0
714,,105572,0,742,18721,121,93,0,50332269,0x0300026D,wall,,00000621.pro,-1,,0
715,,105660,0,743,18722,122,93,0,50332269,0x0300026D,wall,,00000621.pro,-1,,0
716,,105748,0,744,18750,150,93,0,83886092,0x0500000C,misc,,00000012.pro,-1,,0
717,,105836,0,745,18757,157,93,0,33554573,0x0200008D,scenery,generic,00000142.pro,-1,,0
718,,105924,0,746,18835,35,94,0,83886092,0x0500000C,misc,,00000012.pro,-1,,0
719,,106012,0,747,18836,36,94,0,83886092,0x0500000C,misc,,00000012.pro,-1,,0
720,,106100,0,748,18848,48,94,0,50331867,0x030000DB,wall,,00000219.pro,-1,,0
721,,106188,0,749,18849,49,94,0,50331866,0x030000DA,wall,,00000218.pro,-1,,0
722,,106276,0,750,18850,50,94,0,50331865,0x030000D9,wall,,00000217.pro,-1,,0
723,,106364,0,751,18851,51,94,0,50331865,0x030000D9,wall,,00000217.pro,-1,,0
724,,106452,0,752,18852,52,94,0,50332270,0x0300026E,wall,,00000622.pro,-1,,0
725,,106540,0,753,18856,56,94,0,33554501,0x02000045,scenery,generic,00000070.pro,-1,,0
726,,106628,0,754,18868,68,94,0,50332269,0x0300026D,wall,,00000621.pro,-1,,0
727,,106716,0,755,18892,92,94,0,50331841,0x030000C1,wall,,00000193.pro,-1,,0
728,,106804,0,756,18909,109,94,0,50332270,0x0300026E,wall,,00000622.pro,-1,,0
729,,106892,0,757,18915,115,94,0,50332270,0x0300026E,wall,,00000622.pro,-1,,0
730,,106980,0,758,18922,122,94,0,50332269,0x0300026D,wall,,00000621.pro,-1,,0
731,,107068,0,759,18951,151,94,0,83886092,0x0500000C,misc,,00000012.pro,-1,,0
732,,107156,0,760,19036,36,95,0,83886092,0x0500000C,misc,,00000012.pro,-1,,0
733,,107244,0,761,19051,51,95,0,33554510,0x0200004E,scenery,generic,00000079.pro,-1,,0
734,,107332,0,762,19052,52,95,0,50332270,0x0300026E,wall,,00000622.pro,-1,,0
735,,107420,0,763,19053,53,95,0,50332270,0x0300026E,wall,,00000622.pro,-1,,0
736,,107508,0,764,19068,68,95,0,50331881,0x030000E9,wall,,00000233.pro,-1,,0
737,,107596,0,765,19092,92,95,0,50332269,0x0300026D,wall,,00000621.pro,-1,,0
738,,107684,0,766,19122,122,95,0,50331881,0x030000E9,wall,,00000233.pro,-1,,0
739,,107772,0,767,19151,151,95,0,83886092,0x0500000C,misc,,00000012.pro,-1,,0
740,,107860,0,768,19152,152,95,0,83886092,0x0500000C,misc,,00000012.pro,-1,,0
741,,107948,0,769,19237,37,96,0,83886092,0x0500000C,misc,,00000012.pro,-1,,0
742,,108036,0,770,19248,48,96,0,50331837,0x030000BD,wall,,00000189.pro,-1,,0
743,,108124,0,771,19249,49,96,0,33554502,0x02000046,scenery,generic,00000071.pro,-1,,0
744,,108212,0,772,19250,50,96,0,50332270,0x0300026E,wall,,00000622.pro,-1,,0
745,,108300,0,773,19251,51,96,0,50332270,0x0300026E,wall,,00000622.pro,-1,,0
746,,108388,0,774,19268,68,96,0,50331880,0x030000E8,wall,,00000232.pro,-1,,0
747,,108476,0,775,19293,93,96,0,50332269,0x0300026D,wall,,00000621.pro,-1,,0
748,,108564,0,776,19298,98,96,0,50331871,0x030000DF,wall,,00000223.pro,-1,,0
749,,108652,0,777,19302,102,96,0,50331871,0x030000DF,wall,,00000223.pro,-1,,0
750,,108740,0,778,19322,122,96,0,50331880,0x030000E8,wall,,00000232.pro,-1,,0
751,,108828,0,779,19352,152,96,0,83886092,0x0500000C,misc,,00000012.pro,-1,,0
752,,108916,0,780,19437,37,97,0,83886092,0x0500000C,misc,,00000012.pro,-1,,0
753,,109004,0,781,19438,38,97,0,83886092,0x0500000C,misc,,00000012.pro,-1,,0
754,,109092,0,782,19448,48,97,0,50331838,0x030000BE,wall,,00000190.pro,-1,,0
755,,109180,0,783,19449,49,97,0,50332270,0x0300026E,wall,,00000622.pro,-1,,0
756,,109268,0,784,19468,68,97,0,50331879,0x030000E7,wall,,00000231.pro,-1,,0
757,,109356,0,785,19493,93,97,0,50332269,0x0300026D,wall,,00000621.pro,-1,,0
758,,109444,0,786,19494,94,97,0,50332269,0x0300026D,wall,,00000621.pro,-1,,0
759,,109532,0,787,19496,96,97,0,50331875,0x030000E3,wall,,00000227.pro,-1,,0
760,,109620,0,788,19498,98,97,0,50331875,0x030000E3,wall,,00000227.pro,-1,,0
761,,109708,0,789,19499,99,97,0,50331870,0x030000DE,wall,,00000222.pro,-1,,0
762,,109796,0,790,19500,100,97,0,50332269,0x0300026D,wall,,00000621.pro,-1,,0
763,,109884,0,791,19502,102,97,0,50331875,0x030000E3,wall,,00000227.pro,-1,,0
764,,109972,0,792,19509,109,97,0,33554505,0x02000049,scenery,generic,00000074.pro,-1,,0
765,,110060,0,793,19522,122,97,0,50331878,0x030000E6,wall,,00000230.pro,-1,,0
766,,110148,0,794,19553,153,97,0,83886092,0x0500000C,misc,,00000012.pro,-1,,0
767,,110236,0,795,19638,38,98,0,83886092,0x0500000C,misc,,00000012.pro,-1,,0
768,,110324,0,796,19648,48,98,0,50331839,0x030000BF,wall,,00000191.pro,-1,,0
769,,110412,0,797,19649,49,98,0,50332270,0x0300026E,wall,,00000622.pro,-1,,0
770,,110500,0,798,19658,58,98,0,33554517,0x02000055,scenery,generic,00000086.pro,-1,,0
771,,110588,0,799,19668,68,98,0,50331852,0x030000CC,wall,,00000204.pro,-1,,0
772,,110676,0,800,19669,69,98,0,50331831,0x030000B7,wall,,00000183.pro,-1,,0
773,,110764,0,801,19670,70,98,0,50331830,0x030000B6,wall,,00000182.pro,-1,,0
774,,110852,0,802,19671,71,98,0,50331829,0x030000B5,wall,,00000181.pro,-1,,0
775,,110940,0,803,19672,72,98,0,50331828,0x030000B4,wall,,00000180.pro,-1,,0
776,,111028,0,804,19673,73,98,0,50331829,0x030000B5,wall,,00000181.pro,-1,,0
777,,111116,0,805,19674,74,98,0,50331828,0x030000B4,wall,,00000180.pro,-1,,0
778,,111204,0,806,19675,75,98,0,50331827,0x030000B3,wall,,00000179.pro,-1,,0
779,,111292,0,807,19676,76,98,0,50331824,0x030000B0,wall,,00000176.pro,-1,,0
780,,111380,0,808,19694,94,98,0,50331882,0x030000EA,wall,,00000234.pro,-1,,0
781,,111468,0,809,19695,95,98,0,50331872,0x030000E0,wall,,00000224.pro,-1,,0
782,,111556,0,810,19697,97,98,0,50331876,0x030000E4,wall,,00000228.pro,-1,,0
783,,111644,0,811,19701,101,98,0,50331876,0x030000E4,wall,,00000228.pro,-1,,0
784,,111732,0,812,19703,103,98,0,50332269,0x0300026D,wall,,00000621.pro,-1,,0
785,,111820,0,813,19704,104,98,0,50332270,0x0300026E,wall,,00000622.pro,-1,,0
786,,111908,0,814,19721,121,98,0,50331885,0x030000ED,wall,,00000237.pro,-1,,0
787,,111996,0,815,19722,122,98,0,50331879,0x030000E7,wall,,00000231.pro,-1,,0
788,,112084,0,816,19748,148,98,0,50331867,0x030000DB,wall,,00000219.pro,-1,,0
789,,112172,0,817,19749,149,98,0,50331866,0x030000DA,wall,,00000218.pro,-1,,0
790,,112260,0,818,19750,150,98,0,50331865,0x030000D9,wall,,00000217.pro,-1,,0
791,,112348,0,819,19751,151,98,0,50331831,0x030000B7,wall,,00000183.pro,-1,,0
792,,112436,0,820,19752,152,98,0,50331830,0x030000B6,wall,,00000182.pro,-1,,0
793,,112524,0,821,19753,153,98,0,83886092,0x0500000C,misc,,00000012.pro,-1,,0
794,,112612,0,822,19753,153,98,0,50331829,0x030000B5,wall,,00000181.pro,-1,,0
795,,112700,0,823,19754,154,98,0,83886092,0x0500000C,misc,,00000012.pro,-1,,0
796,,112788,0,824,19754,154,98,0,50331828,0x030000B4,wall,,00000180.pro,-1,,0
797,,112876,0,825,19755,155,98,0,50331827,0x030000B3,wall,,00000179.pro,-1,,0
798,,112964,0,826,19756,156,98,0,50331826,0x030000B2,wall,,00000178.pro,-1,,0
799,,113052,0,827,19757,157,98,0,50331825,0x030000B1,wall,,00000177.pro,-1,,0
800,,113140,0,828,19758,158,98,0,50331824,0x030000B0,wall,,00000176.pro,-1,,0
801,,113228,0,829,19759,159,98,0,50331823,0x030000AF,wall,,00000175.pro,-1,,0
802,,113316,0,830,19760,160,98,0,50331822,0x030000AE,wall,,00000174.pro,-1,,0
803,,113404,0,831,19761,161,98,0,50331829,0x030000B5,wall,,00000181.pro,-1,,0
804,,113492,0,832,19762,162,98,0,50331828,0x030000B4,wall,,00000180.pro,-1,,0
805,,113580,0,833,19763,163,98,0,50331831,0x030000B7,wall,,00000183.pro,-1,,0
806,,113668,0,834,19764,164,98,0,50331830,0x030000B6,wall,,00000182.pro,-1,,0
807,,113756,0,835,19765,165,98,0,50331829,0x030000B5,wall,,00000181.pro,-1,,0
808,,113844,0,836,19766,166,98,0,50331828,0x030000B4,wall,,00000180.pro,-1,,0
809,,113932,0,837,19767,167,98,0,50331827,0x030000B3,wall,,00000179.pro,-1,,0
810,,114020,0,838,19768,168,98,0,50331826,0x030000B2,wall,,00000178.pro,-1,,0
811,,114108,0,839,19769,169,98,0,50331825,0x030000B1,wall,,00000177.pro,-1,,0
812,,114196,0,840,19770,170,98,0,50331824,0x030000B0,wall,,00000176.pro,-1,,0
813,,114284,0,841,19839,39,99,0,83886092,0x0500000C,misc,,00000012.pro,-1,,0
814,,114372,0,842,19848,48,99,0,50332269,0x0300026D,wall,,00000621.pro,-1,,0
815,,114460,0,843,19849,49,99,0,50332270,0x0300026E,wall,,00000622.pro,-1,,0
816,,114548,0,844,19853,53,99,4,16777227,0x0100000B,critter,,00000011.pro,67108873,SSRadSco.int,1
816/inventory/0,1,114680,0,845,0,0,0,0,92,0x0000005C,item,misc,00000092.pro,-1,,0
817,,114772,0,846,19869,69,99,0,33554507,0x0200004B,scenery,generic,00000076.pro,-1,,0
818,,114860,0,847,19870,70,99,0,50332270,0x0300026E,wall,,00000622.pro,-1,,0
819,,114948,0,848,19871,71,99,0,50332270,0x0300026E,wall,,00000622.pro,-1,,0
820,,115036,0,849,19873,73,99,0,33554512,0x02000050,scenery,generic,00000081.pro,-1,,0
821,,115124,0,850,19874,74,99,0,50332270,0x0300026E,wall,,00000622.pro,-1,,0
822,,115212,0,851,19875,75,99,0,50332270,0x0300026E,wall,,00000622.pro,-1,,0
823,,115300,0,852,19877,77,99,0,50332269,0x0300026D,wall,,00000621.pro,-1,,0
824,,115388,0,853,19878,78,99,0,50331883,0x030000EB,wall,,00000235.pro,-1,,0
825,,115476,0,854,19903,103,99,0,50332269,0x0300026D,wall,,00000621.pro,-1,,0
826,,115564,0,855,19904,104,99,0,50331891,0x030000F3,wall,,00000243.pro,-1,,0
827,,115652,0,856,19909,109,99,0,33554504,0x02000048,scenery,generic,00000073.pro,-1,,0
828,,115740,0,857,19910,110,99,0,50332270,0x0300026E,wall,,00000622.pro,-1,,0
829,,115828,0,858,19921,121,99,0,50332269,0x0300026D,wall,,00000621.pro,-1,,0
830,,115916,0,859,19948,148,99,0,50331842,0x030000C2,wall,,00000194.pro,-1,,0
831,,116004,0,860,19952,152,99,0,50332270,0x0300026E,wall,,00000622.pro,-1,,0
832,,116092,0,861,19953,153,99,0,50332270,0x0300026E,wall,,00000622.pro,-1,,0
833,,116180,0,862,19954,154,99,0,83886092,0x0500000C,misc,,00000012.pro,-1,,0
834,,116268,0,863,19955,155,99,0,50332270,0x0300026E,wall,,00000622.pro,-1,,0
835,,116356,0,864,19957,157,99,0,50332270,0x0300026E,wall,,00000622.pro,-1,,0
836,,116444,0,865,19959,159,99,0,50332270,0x0300026E,wall,,00000622.pro,-1,,0
837,,116532,0,866,19960,160,99,0,50332270,0x0300026E,wall,,00000622.pro,-1,,0
838,,116620,0,867,19961,161,99,0,33554573,0x0200008D,scenery,generic,00000142.pro,-1,,0
839,,116708,0,868,19961,161,99,0,33554512,0x02000050,scenery,generic,00000081.pro,-1,,0
840,,116796,0,869,19962,162,99,0,50332270,0x0300026E,wall,,00000622.pro,-1,,0
841,,116884,0,870,19963,163,99,0,50332270,0x0300026E,wall,,00000622.pro,-1,,0
842,,116972,0,871,19964,164,99,0,33554554,0x0200007A,scenery,generic,00000123.pro,-1,,0
843,,117060,0,872,19965,165,99,0,50332270,0x0300026E,wall,,00000622.pro,-1,,0
844,,117148,0,873,19966,166,99,0,33554555,0x0200007B,scenery,generic,00000124.pro,-1,,0
845,,117236,0,874,19967,167,99,0,50332270,0x0300026E,wall,,00000622.pro,-1,,0
846,,117324,0,875,19968,168,99,0,33554776,0x02000158,scenery,generic,00000345.pro,-1,,0
847,,117412,0,876,19968,168,99,0,33554554,0x0200007A,scenery,generic,00000123.pro,-1,,0
848,,117500,0,877,19969,169,99,0,50332270,0x0300026E,wall,,00000622.pro,-1,,0
849,,117588,0,878,20039,39,100,0,83886092,0x0500000C,misc,,00000012.pro,-1,,0
850,,117676,0,879,20040,40,100,0,83886092,0x0500000C,misc,,00000012.pro,-1,,0
851,,117764,0,880,20049,49,100,0,50332269,0x0300026D,wall,,00000621.pro,-1,,0
852,,117852,0,881,20058,58,100,0,33554514,0x02000052,scenery,generic,00000083.pro,-1,,0
853,,117940,0,882,20069,69,100,0,50332270,0x0300026E,wall,,00000622.pro,-1,,0
854,,118028,0,883,20073,73,100,0,50332270,0x0300026E,wall,,00000622.pro,-1,,0
855,,118116,0,884,20078,78,100,0,50332269,0x0300026D,wall,,00000621.pro,-1,,0
856,,118204,0,885,20104,104,100,0,50331841,0x030000C1,wall,,00000193.pro,-1,,0
857,,118292,0,886,20105,105,100,0,50332270,0x0300026E,wall,,00000622.pro,-1,,0
858,,118380,0,887,20109,109,100,0,50332270,0x0300026E,wall,,00000622.pro,-1,,0
859,,118468,0,888,20121,121,100,0,50331878,0x030000E6,wall,,00000230.pro,-1,,0
860,,118556,0,889,20148,148,100,0,50331838,0x030000BE,wall,,00000190.pro,-1,,0
861,,118644,0,890,20149,149,100,0,33554506,0x0200004A,scenery,generic,00000075.pro,-1,,0
862,,118732,0,891,20151,151,100,0,33554507,0x0200004B,scenery,generic,00000076.pro,-1,,0
863,,118820,0,892,20152,152,100,0,50332270,0x0300026E,wall,,00000622.pro,-1,,0
864,,118908,0,893,20155,155,100,0,83886092,0x0500000C,misc,,00000012.pro,-1,,0
865,,118996,0,894,20161,161,100,0,50332270,0x0300026E,wall,,00000622.pro,-1,,0
866,,119084,0,895,20163,163,100,0,33554555,0x0200007B,scenery,generic,00000124.pro,-1,,0
867,,119172,0,896,20163,163,100,0,33554545,0x02000071,scenery,generic,00000114.pro,-1,,0
868,,119260,0,897,20168,168,100,0,33554573,0x0200008D,scenery,generic,00000142.pro,-1,,0
869,,119348,0,898,20168,168,100,0,83886098,0x05000012,misc,,00000018.pro,-1,,0
870,,119452,0,899,20169,169,100,0,33554776,0x02000158,scenery,generic,00000345.pro,-1,,0
871,,119540,0,900,20240,40,101,0,83886092,0x0500000C,misc,,00000012.pro,-1,,0
872,,119628,0,901,20249,49,101,0,50332269,0x0300026D,wall,,00000621.pro,-1,,0
873,,119716,0,902,20257,57,101,0,30,0x0000001E,item,ammo,00000030.pro,-1,,0
874,,119808,0,903,20257,57,101,0,33554516,0x02000054,scenery,generic,00000085.pro,-1,,0
875,,119896,0,904,20278,78,101,0,50332269,0x0300026D,wall,,00000621.pro,-1,,0
876,,119984,0,905,20304,104,101,0,50331842,0x030000C2,wall,,00000194.pro,-1,,0
877,,120072,0,906,20305,105,101,0,33554502,0x02000046,scenery,generic,00000071.pro,-1,,0
878,,120160,0,907,20321,121,101,0,50331879,0x030000E7,wall,,00000231.pro,-1,,0
879,,120248,0,908,20338,138,101,0,50331858,0x030000D2,wall,,00000210.pro,-1,,0
880,,120336,0,909,20339,139,101,0,50331857,0x030000D1,wall,,00000209.pro,-1,,0
881,,120424,0,910,20348,148,101,0,50331839,0x030000BF,wall,,00000191.pro,-1,,0
882,,120512,0,911,20349,149,101,0,33554511,0x0200004F,scenery,generic,00000080.pro,-1,,0
883,,120600,0,912,20350,150,101,0,50332270,0x0300026E,wall,,00000622.pro,-1,,0
884,,120688,0,913,20351,151,101,0,50332270,0x0300026E,wall,,00000622.pro,-1,,0
885,,120776,0,914,20355,155,101,0,83886092,0x0500000C,misc,,00000012.pro,-1,,0
886,,120864,0,915,20356,156,101,0,83886092,0x0500000C,misc,,00000012.pro,-1,,0
887,,120952,0,916,20366,166,101,0,33554481,0x02000031,scenery,generic,00000050.pro,-1,,0
888,,121040,0,917,20366,166,101,0,83886098,0x05000012,misc,,00000018.pro,-1,,0
889,,121144,0,918,20367,167,101,0,33554573,0x0200008D,scenery,generic,00000142.pro,-1,,0
890,,121232,0,919,20367,167,101,0,83886098,0x05000012,misc,,00000018.pro,-1,,0
891,,121336,0,920,20368,168,101,0,33554573,0x0200008D,scenery,generic,00000142.pro,-1,,0
892,,121424,0,921,20369,169,101,0,33554776,0x02000158,scenery,generic,00000345.pro,-1,,0
893,,121512,0,922,20370,170,101,0,33554776,0x02000158,scenery,generic,00000345.pro,-1,,0
894,,121600,0,923,20441,41,102,0,83886092,0x0500000C,misc,,00000012.pro,-1,,0
895,,121688,0,924,20449,49,102,0,50332269,0x0300026D,wall,,00000621.pro,-1,,0
896,,121776,0,925,20450,50,102,0,50331882,0x030000EA,wall,,00000234.pro,-1,,0
897,,121864,0,926,20451,51,102,0,50331875,0x030000E3,wall,,00000227.pro,-1,,0
898,,121952,0,927,20452,52,102,0,50332270,0x0300026E,wall,,00000622.pro,-1,,0
899,,122040,0,928,20456,56,102,0,40,0x00000028,item,drug,00000040.pro,-1,,0
900,,122128,0,929,20456,56,102,0,33554515,0x02000053,scenery,generic,00000084.pro,-1,,0
901,,122216,0,930,20479,79,102,0,50332269,0x0300026D,wall,,00000621.pro,-1,,0
902,,122304,0,931,20504,104,102,0,50331837,0x030000BD,wall,,00000189.pro,-1,,0
903,,122392,0,932,20521,121,102,0,50331880,0x030000E8,wall,,00000232.pro,-1,,0
904,,122480,0,933,20534,134,102,0,50331831,0x030000B7,wall,,00000183.pro,-1,,0
905,,122568,0,934,20536,136,102,0,50331860,0x030000D4,wall,,00000212.pro,-1,,0
906,,122656,0,935,20537,137,102,0,50331859,0x030000D3,wall,,00000211.pro,-1,,0
907,,122744,0,936,20538,138,102,0,33554510,0x0200004E,scenery,generic,00000079.pro,-1,,0
908,,122832,0,937,20541,141,102,0,50331883,0x030000EB,wall,,00000235.pro,-1,,0
909,,122920,0,938,20548,148,102,0,50331840,0x030000C0,wall,,00000192.pro,-1,,0
910,,123008,0,939,20549,149,102,0,50332270,0x0300026E,wall,,00000622.pro,-1,,0
911,,123096,0,940,20551,151,102,0,33554518,0x02000056,scenery,generic,00000087.pro,-1,,0
912,,123184,0,941,20556,156,102,0,83886092,0x0500000C,misc,,00000012.pro,-1,,0
913,,123272,0,942,20557,157,102,0,33554573,0x0200008D,scenery,generic,00000142.pro,-1,,0
914,,123360,0,943,20566,166,102,0,83886100,0x05000014,misc,,00000020.pro,-1,,0
915,,123464,0,944,20570,170,102,0,33554776,0x02000158,scenery,generic,00000345.pro,-1,,0
916,,123552,0,945,20641,41,103,0,83886092,0x0500000C,misc,,00000012.pro,-1,,0
917,,123640,0,946,20642,42,103,0,83886092,0x0500000C,misc,,00000012.pro,-1,,0
918,,123728,0,947,20652,52,103,0,50331855,0x030000CF,wall,,00000207.pro,-1,,0
919,,123816,0,948,20679,79,103,0,50331881,0x030000E9,wall,,00000233.pro,-1,,0
920,,123904,0,949,20704,104,103,0,50331838,0x030000BE,wall,,00000190.pro,-1,,0
921,,123992,0,950,20721,121,103,0,50331881,0x030000E9,wall,,00000233.pro,-1,,0
922,,124080,0,951,20732,132,103,0,50331861,0x030000D5,wall,,00000213.pro,-1,,0
923,,124168,0,952,20733,133,103,0,50331860,0x030000D4,wall,,00000212.pro,-1,,0
924,,124256,0,953,20735,135,103,0,50331830,0x030000B6,wall,,00000182.pro,-1,,0
925,,124344,0,954,20736,136,103,0,50332270,0x0300026E,wall,,00000622.pro,-1,,0
926,,124432,0,955,20738,138,103,0,50332270,0x0300026E,wall,,00000622.pro,-1,,0
927,,124520,0,956,20748,148,103,0,50331841,0x030000C1,wall,,00000193.pro,-1,,0
928,,124608,0,957,20757,157,103,0,83886092,0x0500000C,misc,,00000012.pro,-1,,0
929,,124696,0,958,20765,165,103,0,33554573,0x0200008D,scenery,generic,00000142.pro,-1,,0
930,,124784,0,959,20766,166,103,0,83886100,0x05000014,misc,,00000020.pro,-1,,0
931,,124888,0,960,20771,171,103,0,33554776,0x02000158,scenery,generic,00000345.pro,-1,,0
932,,124976,0,961,20842,42,104,0,83886092,0x0500000C,misc,,00000012.pro,-1,,0
933,,125064,0,962,20852,52,104,0,50331844,0x030000C4,wall,,00000196.pro,-1,,0
934,,125152,0,963,20853,53,104,0,33554506,0x0200004A,scenery,generic,00000075.pro,-1,,0
935,,125240,0,964,20854,54,104,0,50332270,0x0300026E,wall,,00000622.pro,-1,,0
936,,125328,0,965,20878,78,104,0,50331887,0x030000EF,wall,,00000239.pro,-1,,0
937,,125416,0,966,20879,79,104,0,50331884,0x030000EC,wall,,00000236.pro,-1,,0
938,,125504,0,967,20904,104,104,0,50331839,0x030000BF,wall,,00000191.pro,-1,,0
939,,125592,0,968,20921,121,104,0,50331881,0x030000E9,wall,,00000233.pro,-1,,0
940,,125680,0,969,20922,122,104,0,50331829,0x030000B5,wall,,00000181.pro,-1,,0
941,,125768,0,970,20924,124,104,0,50331829,0x030000B5,wall,,00000181.pro,-1,,0
942,,125856,0,971,20930,130,104,0,50331863,0x030000D7,wall,,00000215.pro,-1,,0
943,,125944,0,972,20931,131,104,0,50331862,0x030000D6,wall,,00000214.pro,-1,,0
944,,126032,0,973,20932,132,104,0,50332270,0x0300026E,wall,,00000622.pro,-1,,0
945,,126120,0,974,20933,133,104,0,33554511,0x0200004F,scenery,generic,00000080.pro,-1,,0
946,,126208,0,975,20934,134,104,0,33554507,0x0200004B,scenery,generic,00000076.pro,-1,,0
947,,126296,0,976,20935,135,104,0,50332270,0x0300026E,wall,,00000622.pro,-1,,0
948,,126384,0,977,20937,137,104,0,50332270,0x0300026E,wall,,00000622.pro,-1,,0
949,,126472,0,978,20939,139,104,0,50332270,0x0300026E,wall,,00000622.pro,-1,,0
950,,126560,0,979,20940,140,104,0,33554506,0x0200004A,scenery,generic,00000075.pro,-1,,0
951,,126648,0,980,20948,148,104,0,50331846,0x030000C6,wall,,00000198.pro,50331649,CaveWall.int,0
952,,126736,0,981,20957,157,104,0,83886092,0x0500000C,misc,,00000012.pro,-1,,0
953,,126824,0,982,20958,158,104,0,83886092,0x0500000C,misc,,00000012.pro,-1,,0
954,,126912,0,983,20961,161,104,0,33554573,0x0200008D,scenery,generic,00000142.pro,-1,,0
955,,127000,0,984,20966,166,104,0,33554481,0x02000031,scenery,generic,00000050.pro,-1,,0
956,,127088,0,985,20966,166,104,0,83886100,0x05000014,misc,,00000020.pro,-1,,0
957,,127192,0,986,20971,171,104,0,33554776,0x02000158,scenery,generic,00000345.pro,-1,,0
958,,127280,0,987,20972,172,104,0,33554776,0x02000158,scenery,generic,00000345.pro,-1,,0
959,,127368,0,988,21043,43,105,0,83886092,0x0500000C,misc,,00000012.pro,-1,,0
960,,127456,0,989,21052,52,105,0,50331845,0x030000C5,wall,,00000197.pro,-1,,0
961,,127544,0,990,21053,53,105,0,50332270,0x0300026E,wall,,00000622.pro,-1,,0
962,,127632,0,991,21078,78,105,0,50332269,0x0300026D,wall,,00000621.pro,-1,,0
963,,127720,0,992,21104,104,105,0,50331840,0x030000C0,wall,,00000192.pro,-1,,0
964,,127808,0,993,21105,105,105,0,50332270,0x0300026E,wall,,00000622.pro,-1,,0
965,,127896,0,994,21121,121,105,0,50331890,0x030000F2,wall,,00000242.pro,-1,,0
966,,127984,0,995,21122,122,105,0,33554501,0x02000045,scenery,generic,00000070.pro,-1,,0
967,,128072,0,996,21123,123,105,0,50331830,0x030000B6,wall,,00000182.pro,-1,,0
968,,128160,0,997,21124,124,105,0,33554512,0x02000050,scenery,generic,00000081.pro,-1,,0
969,,128248,0,998,21125,125,105,0,50331829,0x030000B5,wall,,00000181.pro,-1,,0
970,,128336,0,999,21126,126,105,0,50331828,0x030000B4,wall,,00000180.pro,-1,,0
971,,128424,0,1000,21127,127,105,0,50331827,0x030000B3,wall,,00000179.pro,-1,,0
972,,128512,0,1001,21128,128,105,0,50331826,0x030000B2,wall,,00000178.pro,-1,,0
973,,128600,0,1002,21129,129,105,0,50331864,0x030000D8,wall,,00000216.pro,-1,,0
974,,128688,0,1003,21130,130,105,0,33554506,0x0200004A,scenery,generic,00000075.pro,-1,,0
975,,128776,0,1004,21131,131,105,0,50332270,0x0300026E,wall,,00000622.pro,-1,,0
976,,128864,0,1005,21133,133,105,0,50332270,0x0300026E,wall,,00000622.pro,-1,,0
977,,128952,0,1006,21134,134,105,0,50332270,0x0300026E,wall,,00000622.pro,-1,,0
978,,129040,0,1007,21135,135,105,0,50332270,0x0300026E,wall,,00000622.pro,-1,,0
979,,129128,0,1008,21140,140,105,0,50332270,0x0300026E,wall,,00000622.pro,-1,,0
980,,129216,0,1009,21141,141,105,0,50332270,0x0300026E,wall,,00000622.pro,-1,,0
981,,129304,0,1010,21142,142,105,0,50331852,0x030000CC,wall,,00000204.pro,-1,,0
982,,129392,0,1011,21143,143,105,0,50331827,0x030000B3,wall,,00000179.pro,-1,,0
983,,129480,0,1012,21144,144,105,0,50331826,0x030000B2,wall,,00000178.pro,50331653,CaveWall.int,0
984,,129568,0,1013,21145,145,105,0,50331823,0x030000AF,wall,,00000175.pro,50331652,CaveWall.int,0
985,,129656,0,1014,21146,146,105,0,50331824,0x030000B0,wall,,00000176.pro,50331651,CaveWall.int,0
986,,129744,0,1015,21147,147,105,0,50331823,0x030000AF,wall,,00000175.pro,50331648,CaveWall.int,0
987,,129832,0,1016,21148,148,105,0,50331847,0x030000C7,wall,,00000199.pro,50331650,CaveWall.int,0
988,,129920,0,1017,21158,158,105,0,83886092,0x0500000C,misc,,00000012.pro,-1,,0
989,,130008,0,1018,21166,166,105,0,83886100,0x05000014,misc,,00000020.pro,-1,,0
990,,130112,0,1019,21172,172,105,0,33554776,0x02000158,scenery,generic,00000345.pro,-1,,0
991,,130200,0,1020,21243,43,106,0,83886092,0x0500000C,misc,,00000012.pro,-1,,0
992,,130288,0,1021,21244,44,106,0,83886092,0x0500000C,misc,,00000012.pro,-1,,0
993,,130376,0,1022,21252,52,106,0,50331846,0x030000C6,wall,,00000198.pro,-1,,0
994,,130464,0,1023,21278,78,106,0,50331878,0x030000E6,wall,,00000230.pro,-1,,0
995,,130552,0,1024,21304,104,106,0,50331841,0x030000C1,wall,,00000193.pro,-1,,0
996,,130640,0,1025,21305,105,106,0,33554511,0x0200004F,scenery,generic,00000080.pro,-1,,0
997,,130728,0,1026,21306,106,106,0,50332270,0x0300026E,wall,,00000622.pro,-1,,0
998,,130816,0,1027,21321,121,106,0,50332270,0x0300026E,wall,,00000622.pro,-1,,0
999,,130904,0,1028,21322,122,106,0,50332270,0x0300026E,wall,,00000622.pro,-1,,0
1000,,130992,0,1029,21323,123,106,0,50332270,0x0300026E,wall,,00000622.pro,-1,,0
1001,,131080,0,1030,21324,124,106,0,50332270,0x0300026E,wall,,00000622.pro,-1,,0
1002,,131168,0,1031,21325,125,106,0,50332270,0x0300026E,wall,,00000622.pro,-1,,0
1003,,131256,0,1032,21327,127,106,0,50332270,0x0300026E,wall,,00000622.pro,-1,,0
1004,,131344,0,1033,21330,130,106,0,50332270,0x0300026E,wall,,00000622.pro,-1,,0
1005,,131432,0,1034,21331,131,106,0,50332270,0x0300026E,wall,,00000622.pro,-1,,0
1006,,131520,0,1035,21343,143,106,0,33554512,0x02000050,scenery,generic,00000081.pro,50331655,CaveWall.int,0
1007,,131608,0,1036,21344,144,106,0,50332270,0x0300026E,wall,,00000622.pro,-1,,0
1008,,131696,0,1037,21345,145,106,0,33554511,0x0200004F,scenery,generic,00000080.pro,50331654,CaveWall.int,0
1009,,131784,0,1038,21346,146,106,0,50332270,0x0300026E,wall,,00000622.pro,-1,,0
1010,,131872,0,1039,21359,159,106,0,83886092,0x0500000C,misc,,00000012.pro,-1,,0
1011,,131960,0,1040,21366,166,106,0,83886100,0x05000014,misc,,00000020.pro,-1,,0
1012,,132064,0,1041,21372,172,106,0,50331888,0x030000F0,wall,,00000240.pro,-1,,0
1013,,132152,0,1042,21444,44,107,0,83886092,0x0500000C,misc,,00000012.pro,-1,,0
1014,,132240,0,1043,21451,51,107,0,50331867,0x030000DB,wall,,00000219.pro,-1,,0
1015,,132328,0,1044,21452,52,107,0,33554507,0x0200004B,scenery,generic,00000076.pro,-1,,0
1016,,132416,0,1045,21471,71,107,0,16777227,0x0100000B,critter,,00000011.pro,67108870,SSRadSco.int,1
1016/inventory/0,1,132548,0,1046,-1,,,0,92,0x0000005C,item,misc,00000092.pro,-1,,0
1017,,132640,0,1047,21478,78,107,0,50331879,0x030000E7,wall,,00000231.pro,-1,,0
1018,,132728,0,1048,21504,104,107,0,50331842,0x030000C2,wall,,00000194.pro,-1,,0
1019,,132816,0,1049,21505,105,107,0,50332270,0x0300026E,wall,,00000622.pro,-1,,0
1020,,132904,0,1050,21514,114,107,0,50332270,0x0300026E,wall,,00000622.pro,-1,,0
1021,,132992,0,1051,21543,143,107,0,50332270,0x0300026E,wall,,00000622.pro,-1,,0
1022,,133080,0,1052,21545,145,107,0,50332270,0x0300026E,wall,,00000622.pro,-1,,0
1023,,133168,0,1053,21556,156,107,0,33554573,0x0200008D,scenery,generic,00000142.pro,-1,,0
1024,,133256,0,1054,21559,159,107,0,83886092,0x0500000C,misc,,00000012.pro,-1,,0
1025,,133344,0,1055,21560,160,107,0,83886092,0x0500000C,misc,,00000012.pro,-1,,0
1026,,133432,0,1056,21566,166,107,0,33554481,0x02000031,scenery,generic,00000050.pro,-1,,0
1027,,133520,0,1057,21566,166,107,0,83886100,0x05000014,misc,,00000020.pro,-1,,0
1028,,133624,0,1058,21570,170,107,0,50331886,0x030000EE,wall,,00000238.pro,-1,,0
1029,,133712,0,1059,21571,171,107,0,50331870,0x030000DE,wall,,00000222.pro,-1,,0
1030,,133800,0,1060,21645,45,108,0,83886092,0x0500000C,misc,,00000012.pro,-1,,0
1031,,133888,0,1061,21652,52,108,0,50332270,0x0300026E,wall,,00000622.pro,-1,,0
1032,,133976,0,1062,21653,53,108,0,50332270,0x0300026E,wall,,00000622.pro,-1,,0
1033,,134064,0,1063,21664,64,108,5,16777227,0x0100000B,critter,,00000011.pro,67108875,SSRadSco.int,1
1033/inventory/0,1,134196,0,1064,0,0,0,0,92,0x0000005C,item,misc,00000092.pro,-1,,0
1034,,134288,0,1065,21678,78,108,0,50331884,0x030000EC,wall,,00000236.pro,-1,,0
1035,,134376,0,1066,21705,105,108,0,50332270,0x0300026E,wall,,00000622.pro,-1,,0
1036,,134464,0,1067,21713,113,108,0,50332270,0x0300026E,wall,,00000622.pro,-1,,0
1037,,134552,0,1068,21714,114,108,0,33554510,0x0200004E,scenery,generic,00000079.pro,-1,,0
1038,,134640,0,1069,21715,115,108,0,50332270,0x0300026E,wall,,00000622.pro,-1,,0
1039,,134728,0,1070,21716,116,108,0,50332270,0x0300026E,wall,,00000622.pro,-1,,0
1040,,134816,0,1071,21760,160,108,0,83886092,0x0500000C,misc,,00000012.pro,-1,,0
1041,,134904,0,1072,21762,162,108,0,33554573,0x0200008D,scenery,generic,00000142.pro,-1,,0
1042,,134992,0,1073,21766,166,108,0,83886100,0x05000014,misc,,00000020.pro,-1,,0
1043,,135096,0,1074,21768,168,108,0,50332269,0x0300026D,wall,,00000621.pro,-1,,0
1044,,135184,0,1075,21769,169,108,0,50331870,0x030000DE,wall,,00000222.pro,-1,,0
1045,,135272,0,1076,21845,45,109,0,83886092,0x0500000C,misc,,00000012.pro,-1,,0
1046,,135360,0,1077,21846,46,109,0,83886092,0x0500000C,misc,,00000012.pro,-1,,0
1047,,135448,0,1078,21851,51,109,0,50331841,0x030000C1,wall,,00000193.pro,-1,,0
1048,,135536,0,1079,21859,59,109,5,16777227,0x0100000B,critter,,00000011.pro,67108874,SSRadSco.int,1
1048/inventory/0,1,135668,0,1080,0,0,0,0,92,0x0000005C,item,misc,00000092.pro,-1,,0
1049,,135760,0,1081,21877,77,109,0,50331885,0x030000ED,wall,,00000237.pro,-1,,0
1050,,135848,0,1082,21905,105,109,0,50331855,0x030000CF,wall,,00000207.pro,-1,,0
1051,,135936,0,1083,21913,113,109,0,50332270,0x0300026E,wall,,00000622.pro,-1,,0
1052,,136024,0,1084,21915,115,109,0,50332270,0x0300026E,wall,,00000622.pro,-1,,0
1053,,136112,0,1085,21961,161,109,0,83886092,0x0500000C,misc,,00000012.pro,-1,,0
1054,,136200,0,1086,21966,166,109,0,50332270,0x0300026E,wall,,00000622.pro,-1,,0
1055,,136288,0,1087,21967,167,109,0,50331871,0x030000DF,wall,,00000223.pro,-1,,0
1056,,136376,0,1088,21968,168,109,0,50331870,0x030000DE,wall,,00000222.pro,-1,,0
1057,,136464,0,1089,22046,46,110,0,83886092,0x0500000C,misc,,00000012.pro,-1,,0
1058,,136552,0,1090,22051,51,110,0,50331842,0x030000C2,wall,,00000194.pro,-1,,0
1059,,136640,0,1091,22077,77,110,0,50332269,0x0300026D,wall,,00000621.pro,-1,,0
1060,,136728,0,1092,22104,104,110,0,50331857,0x030000D1,wall,,00000209.pro,-1,,0
1061,,136816,0,1093,22105,105,110,0,50331856,0x030000D0,wall,,00000208.pro,-1,,0
1062,,136904,0,1094,22106,106,110,0,50332270,0x0300026E,wall,,00000622.pro,-1,,0
1063,,136992,0,1095,22113,113,110,0,50332270,0x0300026E,wall,,00000622.pro,-1,,0
1064,,137080,0,1096,22114,114,110,0,50332270,0x0300026E,wall,,00000622.pro,-1,,0
1065,,137168,0,1097,22115,115,110,0,50332270,0x0300026E,wall,,00000622.pro,-1,,0
1066,,137256,0,1098,22161,161,110,0,83886092,0x0500000C,misc,,00000012.pro,-1,,0
1067,,137344,0,1099,22162,162,110,0,83886092,0x0500000C,misc,,00000012.pro,-1,,0
1068,,137432,0,1100,22164,164,110,0,50331885,0x030000ED,wall,,00000237.pro,-1,,0
1069,,137520,0,1101,22165,165,110,0,50331885,0x030000ED,wall,,00000237.pro,-1,,0
1070,,137608,0,1102,22166,166,110,0,50331872,0x030000E0,wall,,00000224.pro,-1,,0
1071,,137696,0,1103,22167,167,110,0,50331877,0x030000E5,wall,,00000229.pro,-1,,0
1072,,137784,0,1104,22169,169,110,0,50331868,0x030000DC,wall,,00000220.pro,-1,,0
1073,,137872,0,1105,22247,47,111,0,83886092,0x0500000C,misc,,00000012.pro,-1,,0
1074,,137960,0,1106,22251,51,111,0,50331843,0x030000C3,wall,,00000195.pro,-1,,0
1075,,138048,0,1107,22272,72,111,0,50331873,0x030000E1,wall,,00000225.pro,-1,,0
1076,,138136,0,1108,22274,74,111,0,50331875,0x030000E3,wall,,00000227.pro,-1,,0
1077,,138224,0,1109,22276,76,111,0,50331885,0x030000ED,wall,,00000237.pro,-1,,0
1078,,138312,0,1110,22277,77,111,0,50331884,0x030000EC,wall,,00000236.pro,-1,,0
1079,,138400,0,1111,22303,103,111,0,50331864,0x030000D8,wall,,00000216.pro,-1,,0
1080,,138488,0,1112,22304,104,111,0,50332270,0x0300026E,wall,,00000622.pro,-1,,0
1081,,138576,0,1113,22305,105,111,0,33554507,0x0200004B,scenery,generic,00000076.pro,-1,,0
1082,,138664,0,1114,22306,106,111,0,50332270,0x0300026E,wall,,00000622.pro,-1,,0
1083,,138752,0,1115,22362,162,111,0,83886092,0x0500000C,misc,,00000012.pro,-1,,0
1084,,138840,0,1116,22362,162,111,0,50331871,0x030000DF,wall,,00000223.pro,-1,,0
1085,,138928,0,1117,22363,163,111,0,50332269,0x0300026D,wall,,00000621.pro,-1,,0
1086,,139016,0,1118,22447,47,112,0,83886092,0x0500000C,misc,,00000012.pro,-1,,0
1087,,139104,0,1119,22448,48,112,0,83886092,0x0500000C,misc,,00000012.pro,-1,,0
1088,,139192,0,1120,22451,51,112,0,50332269,0x0300026D,wall,,00000621.pro,-1,,0
1089,,139280,0,1121,22452,52,112,0,50332269,0x0300026D,wall,,00000621.pro,-1,,0
1090,,139368,0,1122,22470,70,112,0,50331886,0x030000EE,wall,,00000238.pro,-1,,0
1091,,139456,0,1123,22471,71,112,0,50331887,0x030000EF,wall,,00000239.pro,-1,,0
1092,,139544,0,1124,22473,73,112,0,50331872,0x030000E0,wall,,00000224.pro,-1,,0
1093,,139632,0,1125,22475,75,112,0,50331874,0x030000E2,wall,,00000226.pro,-1,,0
1094,,139720,0,1126,22503,103,112,0,50331846,0x030000C6,wall,,00000198.pro,-1,,0
1095,,139808,0,1127,22505,105,112,0,50332270,0x0300026E,wall,,00000622.pro,-1,,0
1096,,139896,0,1128,22532,132,112,0,50331870,0x030000DE,wall,,00000222.pro,-1,,0
1097,,139984,0,1129,22533,133,112,0,50331873,0x030000E1,wall,,00000225.pro,-1,,0
1098,,140072,0,1130,22534,134,112,0,50331875,0x030000E3,wall,,00000227.pro,-1,,0
1099,,140160,0,1131,22536,136,112,0,50331877,0x030000E5,wall,,00000229.pro,-1,,0
1100,,140248,0,1132,22560,160,112,0,50332270,0x0300026E,wall,,00000622.pro,-1,,0
1101,,140336,0,1133,22561,161,112,0,50332270,0x0300026E,wall,,00000622.pro,-1,,0
1102,,140424,0,1134,22563,163,112,0,83886092,0x0500000C,misc,,00000012.pro,-1,,0
1103,,140512,0,1135,22563,163,112,0,50331869,0x030000DD,wall,,00000221.pro,-1,,0
1104,,140600,0,1136,22564,164,112,0,50331880,0x030000E8,wall,,00000232.pro,-1,,0
1105,,140688,0,1137,22648,48,113,0,83886092,0x0500000C,misc,,00000012.pro,-1,,0
1106,,140776,0,1138,22652,52,113,0,50332269,0x0300026D,wall,,00000621.pro,-1,,0
1107,,140864,0,1139,22656,56,113,0,50331871,0x030000DF,wall,,00000223.pro,-1,,0
1108,,140952,0,1140,22664,64,113,0,50331873,0x030000E1,wall,,00000225.pro,-1,,0
1109,,141040,0,1141,22666,66,113,0,50331875,0x030000E3,wall,,00000227.pro,-1,,0
1110,,141128,0,1142,22668,68,113,0,50331877,0x030000E5,wall,,00000229.pro,-1,,0
1111,,141216,0,1143,22669,69,113,0,50331887,0x030000EF,wall,,00000239.pro,-1,,0
1112,,141304,0,1144,22703,103,113,0,50331845,0x030000C5,wall,,00000197.pro,-1,,0
1113,,141392,0,1145,22732,132,113,0,50332269,0x0300026D,wall,,00000621.pro,-1,,0
1114,,141480,0,1146,22735,135,113,0,50331876,0x030000E4,wall,,00000228.pro,-1,,0
1115,,141568,0,1147,22737,137,113,0,50332270,0x0300026E,wall,,00000622.pro,-1,,0
1116,,141656,0,1148,22752,152,113,0,50331870,0x030000DE,wall,,00000222.pro,-1,,0
1117,,141744,0,1149,22754,154,113,0,50331873,0x030000E1,wall,,00000225.pro,-1,,0
1118,,141832,0,1150,22756,156,113,0,50331885,0x030000ED,wall,,00000237.pro,-1,,0
1119,,141920,0,1151,22757,157,113,0,50331877,0x030000E5,wall,,00000229.pro,-1,,0
1120,,142008,0,1152,22758,158,113,0,50331876,0x030000E4,wall,,00000228.pro,-1,,0
1121,,142096,0,1153,22759,159,113,0,50331875,0x030000E3,wall,,00000227.pro,-1,,0
1122,,142184,0,1154,22760,160,113,0,50331874,0x030000E2,wall,,00000226.pro,-1,,0
1123,,142272,0,1155,22761,161,113,0,50331873,0x030000E1,wall,,00000225.pro,-1,,0
1124,,142360,0,1156,22762,162,113,0,50331872,0x030000E0,wall,,00000224.pro,-1,,0
1125,,142448,0,1157,22763,163,113,0,50332269,0x0300026D,wall,,00000621.pro,-1,,0
1126,,142536,0,1158,22763,163,113,0,83886092,0x0500000C,misc,,00000012.pro,-1,,0
1127,,142624,0,1159,22764,164,113,0,83886092,0x0500000C,misc,,00000012.pro,-1,,0
1128,,142712,0,1160,22764,164,113,0,50331881,0x030000E9,wall,,00000233.pro,-1,,0
1129,,142800,0,1161,22849,49,114,0,83886092,0x0500000C,misc,,00000012.pro,-1,,0
1130,,142888,0,1162,22853,53,114,0,50332269,0x0300026D,wall,,00000621.pro,-1,,0
1131,,142976,0,1163,22854,54,114,0,50331877,0x030000E5,wall,,00000229.pro,-1,,0
1132,,143064,0,1164,22856,56,114,0,50331875,0x030000E3,wall,,00000227.pro,-1,,0
1133,,143152,0,1165,22857,57,114,0,50331870,0x030000DE,wall,,00000222.pro,-1,,0
1134,,143240,0,1166,22858,58,114,0,50332269,0x0300026D,wall,,00000621.pro,-1,,0
1135,,143328,0,1167,22860,60,114,0,50331875,0x030000E3,wall,,00000227.pro,-1,,0
1136,,143416,0,1168,22862,62,114,0,50331887,0x030000EF,wall,,00000239.pro,-1,,0
1137,,143504,0,1169,22863,63,114,0,50331888,0x030000F0,wall,,00000240.pro,-1,,0
1138,,143592,0,1170,22865,65,114,0,50331872,0x030000E0,wall,,00000224.pro,-1,,0
1139,,143680,0,1171,22867,67,114,0,50331874,0x030000E2,wall,,00000226.pro,-1,,0
1140,,143768,0,1172,22869,69,114,0,50331872,0x030000E0,wall,,00000224.pro,-1,,0
1141,,143856,0,1173,22903,103,114,0,50331842,0x030000C2,wall,,00000194.pro,-1,,0
1142,,143944,0,1174,22932,132,114,0,50331868,0x030000DC,wall,,00000220.pro,-1,,0
1143,,144032,0,1175,22937,137,114,0,50331855,0x030000CF,wall,,00000207.pro,-1,,0
1144,,144120,0,1176,22948,148,114,0,50332270,0x0300026E,wall,,00000622.pro,-1,,0
1145,,144208,0,1177,22949,149,114,0,50331871,0x030000DF,wall,,00000223.pro,-1,,0
1146,,144296,0,1178,22950,150,114,0,50331886,0x030000EE,wall,,00000238.pro,-1,,0
1147,,144384,0,1179,22951,151,114,0,50331885,0x030000ED,wall,,00000237.pro,-1,,0
1148,,144472,0,1180,22953,153,114,0,50331874,0x030000E2,wall,,00000226.pro,-1,,0
1149,,144560,0,1181,22955,155,114,0,50331872,0x030000E0,wall,,00000224.pro,-1,,0
1150,,144648,0,1182,22964,164,114,0,83886092,0x0500000C,misc,,00000012.pro,-1,,0
1151,,144736,0,1183,23049,49,115,0,83886092,0x0500000C,misc,,00000012.pro,-1,,0
1152,,144824,0,1184,23050,50,115,0,83886092,0x0500000C,misc,,00000012.pro,-1,,0
1153,,144912,0,1185,23053,53,115,0,50331882,0x030000EA,wall,,00000234.pro,-1,,0
1154,,145000,0,1186,23055,55,115,0,50331876,0x030000E4,wall,,00000228.pro,-1,,0
1155,,145088,0,1187,23059,59,115,0,50331876,0x030000E4,wall,,00000228.pro,-1,,0
1156,,145176,0,1188,23061,61,115,0,50331872,0x030000E0,wall,,00000224.pro,-1,,0
1157,,145264,0,1189,23103,103,115,0,50331843,0x030000C3,wall,,00000195.pro,-1,,0
1158,,145352,0,1190,23132,132,115,0,50332269,0x0300026D,wall,,00000621.pro,-1,,0
1159,,145440,0,1191,23136,136,115,0,50331857,0x030000D1,wall,,00000209.pro,-1,,0
1160,,145528,0,1192,23137,137,115,0,50331846,0x030000C6,wall,,00000198.pro,-1,,0
1161,,145616,0,1193,23144,144,115,0,50331886,0x030000EE,wall,,00000238.pro,-1,,0
1162,,145704,0,1194,23145,145,115,0,50331885,0x030000ED,wall,,00000237.pro,-1,,0
1163,,145792,0,1195,23146,146,115,0,50331876,0x030000E4,wall,,00000228.pro,-1,,0
1164,,145880,0,1196,23147,147,115,0,50331875,0x030000E3,wall,,00000227.pro,-1,,0
1165,,145968,0,1197,23148,148,115,0,50331874,0x030000E2,wall,,00000226.pro,-1,,0
1166,,146056,0,1198,23149,149,115,0,50331873,0x030000E1,wall,,00000225.pro,-1,,0
1167,,146144,0,1199,23165,165,115,0,83886092,0x0500000C,misc,,00000012.pro,-1,,0
1168,,146232,0,1200,23250,50,116,0,83886092,0x0500000C,misc,,00000012.pro,-1,,0
1169,,146320,0,1201,23303,103,116,0,50332269,0x0300026D,wall,,00000621.pro,-1,,0
1170,,146408,0,1202,23304,104,116,0,50332269,0x0300026D,wall,,00000621.pro,-1,,0
1171,,146496,0,1203,23332,132,116,0,50331852,0x030000CC,wall,,00000204.pro,-1,,0
1172,,146584,0,1204,23333,133,116,0,50331829,0x030000B5,wall,,00000181.pro,-1,,0
1173,,146672,0,1205,23334,134,116,0,50331830,0x030000B6,wall,,00000182.pro,-1,,0
1174,,146760,0,1206,23335,135,116,0,50331864,0x030000D8,wall,,00000216.pro,-1,,0
1175,,146848,0,1207,23337,137,116,0,33554501,0x02000045,scenery,generic,00000070.pro,-1,,0
1176,,146936,0,1208,23344,144,116,0,50332269,0x0300026D,wall,,00000621.pro,-1,,0
1177,,147024,0,1209,23365,165,116,0,83886092,0x0500000C,misc,,00000012.pro,-1,,0
1178,,147112,0,1210,23366,166,116,0,83886092,0x0500000C,misc,,00000012.pro,-1,,0
1179,,147200,0,1211,23451,51,117,0,83886092,0x0500000C,misc,,00000012.pro,-1,,0
1180,,147288,0,1212,23504,104,117,0,50332269,0x0300026D,wall,,00000621.pro,-1,,0
1181,,147376,0,1213,23528,128,117,0,33554507,0x0200004B,scenery,generic,00000076.pro,-1,,0
1182,,147464,0,1214,23532,132,117,0,50332270,0x0300026E,wall,,00000622.pro,-1,,0
1183,,147552,0,1215,23533,133,117,0,33554511,0x0200004F,scenery,generic,00000080.pro,-1,,0
1184,,147640,0,1216,23535,135,117,0,33554513,0x02000051,scenery,generic,00000082.pro,-1,,0
1185,,147728,0,1217,23536,136,117,0,50332270,0x0300026E,wall,,00000622.pro,-1,,0
1186,,147816,0,1218,23537,137,117,0,50332270,0x0300026E,wall,,00000622.pro,-1,,0
1187,,147904,0,1219,23544,144,117,0,50331880,0x030000E8,wall,,00000232.pro,-1,,0
1188,,147992,0,1220,23566,166,117,0,83886092,0x0500000C,misc,,00000012.pro,-1,,0
1189,,148080,0,1221,23651,51,118,0,83886092,0x0500000C,misc,,00000012.pro,-1,,0
1190,,148168,0,1222,23652,52,118,0,83886092,0x0500000C,misc,,00000012.pro,-1,,0
1191,,148256,0,1223,23682,82,118,0,83886092,0x0500000C,misc,,00000012.pro,-1,,0
1192,,148344,0,1224,23683,83,118,0,83886092,0x0500000C,misc,,00000012.pro,-1,,0
1193,,148432,0,1225,23705,105,118,0,50332269,0x0300026D,wall,,00000621.pro,-1,,0
1194,,148520,0,1226,23706,106,118,0,50331872,0x030000E0,wall,,00000224.pro,-1,,0
1195,,148608,0,1227,23707,107,118,0,50331873,0x030000E1,wall,,00000225.pro,-1,,0
1196,,148696,0,1228,23708,108,118,0,50331889,0x030000F1,wall,,00000241.pro,-1,,0
1197,,148784,0,1229,23716,116,118,0,50331871,0x030000DF,wall,,00000223.pro,-1,,0
1198,,148872,0,1230,23718,118,118,0,50331869,0x030000DD,wall,,00000221.pro,-1,,0
1199,,148960,0,1231,23728,128,118,0,50332270,0x0300026E,wall,,00000622.pro,-1,,0
1200,,149048,0,1232,23729,129,118,0,50332270,0x0300026E,wall,,00000622.pro,-1,,0
1201,,149136,0,1233,23733,133,118,0,50332270,0x0300026E,wall,,00000622.pro,-1,,0
1202,,149224,0,1234,23734,134,118,0,50332270,0x0300026E,wall,,00000622.pro,-1,,0
1203,,149312,0,1235,23736,136,118,0,50332270,0x0300026E,wall,,00000622.pro,-1,,0
1204,,149400,0,1236,23744,144,118,0,50331881,0x030000E9,wall,,00000233.pro,-1,,0
1205,,149488,0,1237,23767,167,118,0,83886092,0x0500000C,misc,,00000012.pro,-1,,0
1206,,149576,0,1238,23852,52,119,0,83886092,0x0500000C,misc,,00000012.pro,-1,,0
1207,,149664,0,1239,23880,80,119,0,83886092,0x0500000C,misc,,00000012.pro,-1,,0
1208,,149752,0,1240,23881,81,119,0,83886092,0x0500000C,misc,,00000012.pro,-1,,0
1209,,149840,0,1241,23882,82,119,0,83886092,0x0500000C,misc,,00000012.pro,-1,,0
1210,,149928,0,1242,23883,83,119,0,83886092,0x0500000C,misc,,00000012.pro,-1,,0
1211,,150016,0,1243,23884,84,119,0,83886092,0x0500000C,misc,,00000012.pro,-1,,0
1212,,150104,0,1244,23905,105,119,0,50331882,0x030000EA,wall,,00000234.pro,-1,,0
1213,,150192,0,1245,23909,109,119,0,50331872,0x030000E0,wall,,00000224.pro,-1,,0
1214,,150280,0,1246,23910,110,119,0,50331872,0x030000E0,wall,,00000224.pro,-1,,0
1215,,150368,0,1247,23911,111,119,0,50331875,0x030000E3,wall,,00000227.pro,-1,,0
1216,,150456,0,1248,23912,112,119,0,50331874,0x030000E2,wall,,00000226.pro,-1,,0
1217,,150544,0,1249,23913,113,119,0,50331873,0x030000E1,wall,,00000225.pro,-1,,0
1218,,150632,0,1250,23914,114,119,0,50331875,0x030000E3,wall,,00000227.pro,-1,,0
1219,,150720,0,1251,23916,116,119,0,50331877,0x030000E5,wall,,00000229.pro,-1,,0
1220,,150808,0,1252,23917,117,119,0,50331870,0x030000DE,wall,,00000222.pro,-1,,0
1221,,150896,0,1253,23919,119,119,0,50331873,0x030000E1,wall,,00000225.pro,-1,,0
1222,,150984,0,1254,23920,120,119,0,50331872,0x030000E0,wall,,00000224.pro,-1,,0
1223,,151072,0,1255,23921,121,119,0,50331870,0x030000DE,wall,,00000222.pro,-1,,0
1224,,151160,0,1256,23922,122,119,0,50332269,0x0300026D,wall,,00000621.pro,-1,,0
1225,,151248,0,1257,23927,127,119,0,50331871,0x030000DF,wall,,00000223.pro,-1,,0
1226,,151336,0,1258,23928,128,119,0,33554512,0x02000050,scenery,generic,00000081.pro,-1,,0
1227,,151424,0,1259,23935,135,119,0,50332270,0x0300026E,wall,,00000622.pro,-1,,0
1228,,151512,0,1260,23944,144,119,0,50331878,0x030000E6,wall,,00000230.pro,-1,,0
1229,,151600,0,1261,23967,167,119,0,83886092,0x0500000C,misc,,00000012.pro,-1,,0
1230,,151688,0,1262,23968,168,119,0,83886092,0x0500000C,misc,,00000012.pro,-1,,0
1231,,151776,0,1263,24053,53,120,0,83886092,0x0500000C,misc,,00000012.pro,-1,,0
1232,,151864,0,1264,24078,78,120,0,83886092,0x0500000C,misc,,00000012.pro,-1,,0
1233,,151952,0,1265,24079,79,120,0,83886092,0x0500000C,misc,,00000012.pro,-1,,0
1234,,152040,0,1266,24080,80,120,0,83886092,0x0500000C,misc,,00000012.pro,-1,,0
1235,,152128,0,1267,24081,81,120,0,83886092,0x0500000C,misc,,00000012.pro,-1,,0
1236,,152216,0,1268,24084,84,120,0,83886092,0x0500000C,misc,,00000012.pro,-1,,0
1237,,152304,0,1269,24115,115,120,0,50331876,0x030000E4,wall,,00000228.pro,-1,,0
1238,,152392,0,1270,24123,123,120,0,50331876,0x030000E4,wall,,00000228.pro,-1,,0
1239,,152480,0,1271,24124,124,120,0,50331874,0x030000E2,wall,,00000226.pro,-1,,0
1240,,152568,0,1272,24125,125,120,0,50331875,0x030000E3,wall,,00000227.pro,-1,,0
1241,,152656,0,1273,24126,126,120,0,50331872,0x030000E0,wall,,00000224.pro,-1,,0
1242,,152744,0,1274,24127,127,120,0,50331873,0x030000E1,wall,,00000225.pro,-1,,0
1243,,152832,0,1275,24128,128,120,0,50332269,0x0300026D,wall,,00000621.pro,-1,,0
1244,,152920,0,1276,24129,129,120,0,50332270,0x0300026E,wall,,00000622.pro,-1,,0
1245,,153008,0,1277,24144,144,120,0,50331879,0x030000E7,wall,,00000231.pro,-1,,0
1246,,153096,0,1278,24168,168,120,0,83886092,0x0500000C,misc,,00000012.pro,-1,,0
1247,,153184,0,1279,24253,53,121,0,83886092,0x0500000C,misc,,00000012.pro,-1,,0
1248,,153272,0,1280,24254,54,121,0,83886092,0x0500000C,misc,,00000012.pro,-1,,0
1249,,153360,0,1281,24276,76,121,0,83886092,0x0500000C,misc,,00000012.pro,-1,,0
1250,,153448,0,1282,24277,77,121,0,83886092,0x0500000C,misc,,00000012.pro,-1,,0
1251,,153536,0,1283,24278,78,121,0,83886092,0x0500000C,misc,,00000012.pro,-1,,0
1252,,153624,0,1284,24279,79,121,0,83886092,0x0500000C,misc,,00000012.pro,-1,,0
1253,,153712,0,1285,24285,85,121,0,83886092,0x0500000C,misc,,00000012.pro,-1,,0
1254,,153800,0,1286,24329,129,121,0,33554502,0x02000046,scenery,generic,00000071.pro,-1,,0
1255,,153888,0,1287,24343,143,121,0,50332269,0x0300026D,wall,,00000621.pro,-1,,0
1256,,153976,0,1288,24344,144,121,0,50331880,0x030000E8,wall,,00000232.pro,-1,,0
1257,,154064,0,1289,24369,169,121,0,83886092,0x0500000C,misc,,00000012.pro,-1,,0
1258,,154152,0,1290,24454,54,122,0,83886092,0x0500000C,misc,,00000012.pro,-1,,0
1259,,154240,0,1291,24474,74,122,0,83886092,0x0500000C,misc,,00000012.pro,-1,,0
1260,,154328,0,1292,24475,75,122,0,83886092,0x0500000C,misc,,00000012.pro,-1,,0
1261,,154416,0,1293,24476,76,122,0,83886092,0x0500000C,misc,,00000012.pro,-1,,0
1262,,154504,0,1294,24477,77,122,0,83886092,0x0500000C,misc,,00000012.pro,-1,,0
1263,,154592,0,1295,24485,85,122,0,83886092,0x0500000C,misc,,00000012.pro,-1,,0
1264,,154680,0,1296,24486,86,122,0,83886092,0x0500000C,misc,,00000012.pro,-1,,0
1265,,154768,0,1297,24529,129,122,0,50331891,0x030000F3,wall,,00000243.pro,-1,,0
1266,,154856,0,1298,24530,130,122,0,50332270,0x0300026E,wall,,00000622.pro,-1,,0
1267,,154944,0,1299,24542,142,122,0,50331889,0x030000F1,wall,,00000241.pro,-1,,0
1268,,155032,0,1300,24543,143,122,0,50331888,0x030000F0,wall,,00000240.pro,-1,,0
1269,,155120,0,1301,24544,144,122,0,50331884,0x030000EC,wall,,00000236.pro,-1,,0
1270,,155208,0,1302,24655,55,123,0,83886092,0x0500000C,misc,,00000012.pro,-1,,0
1271,,155296,0,1303,24672,72,123,0,83886092,0x0500000C,misc,,00000012.pro,-1,,0
1272,,155384,0,1304,24673,73,123,0,83886092,0x0500000C,misc,,00000012.pro,-1,,0
1273,,155472,0,1305,24674,74,123,0,83886092,0x0500000C,misc,,00000012.pro,-1,,0
1274,,155560,0,1306,24675,75,123,0,83886092,0x0500000C,misc,,00000012.pro,-1,,0
1275,,155648,0,1307,24686,86,123,0,83886092,0x0500000C,misc,,00000012.pro,-1,,0
1276,,155736,0,1308,24729,129,123,0,50331837,0x030000BD,wall,,00000189.pro,-1,,0
1277,,155824,0,1309,24730,130,123,0,33554506,0x0200004A,scenery,generic,00000075.pro,-1,,0
1278,,155912,0,1310,24742,142,123,0,50332269,0x0300026D,wall,,00000621.pro,-1,,0
1279,,156000,0,1311,24855,55,124,0,83886092,0x0500000C,misc,,00000012.pro,-1,,0
1280,,156088,0,1312,24856,56,124,0,83886092,0x0500000C,misc,,00000012.pro,-1,,0
1281,,156176,0,1313,24870,70,124,0,83886092,0x0500000C,misc,,00000012.pro,-1,,0
1282,,156264,0,1314,24871,71,124,0,83886092,0x0500000C,misc,,00000012.pro,-1,,0
1283,,156352,0,1315,24872,72,124,0,83886092,0x0500000C,misc,,00000012.pro,-1,,0
1284,,156440,0,1316,24873,73,124,0,83886092,0x0500000C,misc,,00000012.pro,-1,,0
1285,,156528,0,1317,24887,87,124,0,83886092,0x0500000C,misc,,00000012.pro,-1,,0
1286,,156616,0,1318,24929,129,124,0,50331838,0x030000BE,wall,,00000190.pro,-1,,0
1287,,156704,0,1319,24930,130,124,0,33554502,0x02000046,scenery,generic,00000071.pro,-1,,0
1288,,156792,0,1320,24931,131,124,0,50332270,0x0300026E,wall,,00000622.pro,-1,,0
1289,,156880,0,1321,24942,142,124,0,50331881,0x030000E9,wall,,00000233.pro,-1,,0
1290,,156968,0,1322,25056,56,125,0,83886092,0x0500000C,misc,,00000012.pro,-1,,0
1291,,157056,0,1323,25068,68,125,0,83886092,0x0500000C,misc,,00000012.pro,-1,,0
1292,,157144,0,1324,25069,69,125,0,83886092,0x0500000C,misc,,00000012.pro,-1,,0
1293,,157232,0,1325,25070,70,125,0,83886092,0x0500000C,misc,,00000012.pro,-1,,0
1294,,157320,0,1326,25071,71,125,0,83886092,0x0500000C,misc,,00000012.pro,-1,,0
1295,,157408,0,1327,25087,87,125,0,83886092,0x0500000C,misc,,00000012.pro,-1,,0
1296,,157496,0,1328,25088,88,125,0,83886092,0x0500000C,misc,,00000012.pro,-1,,0
1297,,157584,0,1329,25129,129,125,0,50331839,0x030000BF,wall,,00000191.pro,-1,,0
1298,,157672,0,1330,25130,130,125,0,50332270,0x0300026E,wall,,00000622.pro,-1,,0
1299,,157760,0,1331,25142,142,125,0,50331879,0x030000E7,wall,,00000231.pro,-1,,0
1300,,157848,0,1332,25257,57,126,0,83886092,0x0500000C,misc,,00000012.pro,-1,,0
1301,,157936,0,1333,25266,66,126,0,83886092,0x0500000C,misc,,00000012.pro,-1,,0
1302,,158024,0,1334,25267,67,126,0,83886092,0x0500000C,misc,,00000012.pro,-1,,0
1303,,158112,0,1335,25268,68,126,0,83886092,0x0500000C,misc,,00000012.pro,-1,,0
1304,,158200,0,1336,25269,69,126,0,83886092,0x0500000C,misc,,00000012.pro,-1,,0
1305,,158288,0,1337,25288,88,126,0,83886092,0x0500000C,misc,,00000012.pro,-1,,0
1306,,158376,0,1338,25329,129,126,0,50331840,0x030000C0,wall,,00000192.pro,-1,,0
1307,,158464,0,1339,25330,130,126,0,50332270,0x0300026E,wall,,00000622.pro,-1,,0
1308,,158552,0,1340,25342,142,126,0,50331880,0x030000E8,wall,,00000232.pro,-1,,0
1309,,158640,0,1341,25457,57,127,0,83886092,0x0500000C,misc,,00000012.pro,-1,,0
1310,,158728,0,1342,25458,58,127,0,83886092,0x0500000C,misc,,00000012.pro,-1,,0
1311,,158816,0,1343,25464,64,127,0,83886092,0x0500000C,misc,,00000012.pro,-1,,0
1312,,158904,0,1344,25465,65,127,0,83886092,0x0500000C,misc,,00000012.pro,-1,,0
1313,,158992,0,1345,25466,66,127,0,83886092,0x0500000C,misc,,00000012.pro,-1,,0
1314,,159080,0,1346,25467,67,127,0,83886092,0x0500000C,misc,,00000012.pro,-1,,0
1315,,159168,0,1347,25489,89,127,0,83886092,0x0500000C,misc,,00000012.pro,-1,,0
1316,,159256,0,1348,25528,128,127,0,50331836,0x030000BC,wall,,00000188.pro,-1,,0
1317,,159344,0,1349,25529,129,127,0,50331832,0x030000B8,wall,,00000184.pro,-1,,0
1318,,159432,0,1350,25530,130,127,0,50332270,0x0300026E,wall,,00000622.pro,-1,,0
1319,,159520,0,1351,25540,140,127,0,50331870,0x030000DE,wall,,00000222.pro,-1,,0
1320,,159608,0,1352,25541,141,127,0,50331869,0x030000DD,wall,,00000221.pro,-1,,0
1321,,159696,0,1353,25542,142,127,0,50331868,0x030000DC,wall,,00000220.pro,-1,,0
1322,,159784,0,1354,25658,58,128,0,83886092,0x0500000C,misc,,00000012.pro,-1,,0
1323,,159872,0,1355,25662,62,128,0,83886092,0x0500000C,misc,,00000012.pro,-1,,0
1324,,159960,0,1356,25663,63,128,0,83886092,0x0500000C,misc,,00000012.pro,-1,,0
1325,,160048,0,1357,25664,64,128,0,83886092,0x0500000C,misc,,00000012.pro,-1,,0
1326,,160136,0,1358,25665,65,128,0,83886092,0x0500000C,misc,,00000012.pro,-1,,0
1327,,160224,0,1359,25689,89,128,0,83886092,0x0500000C,misc,,00000012.pro,-1,,0
1328,,160312,0,1360,25690,90,128,0,83886092,0x0500000C,misc,,00000012.pro,-1,,0
1329,,160400,0,1361,25729,129,128,0,33554511,0x0200004F,scenery,generic,00000080.pro,-1,,0
1330,,160488,0,1362,25730,130,128,0,50332270,0x0300026E,wall,,00000622.pro,-1,,0
1331,,160576,0,1363,25740,140,128,0,50332269,0x0300026D,wall,,00000621.pro,-1,,0
1332,,160664,0,1364,25859,59,129,0,83886092,0x0500000C,misc,,00000012.pro,-1,,0
1333,,160752,0,1365,25860,60,129,0,83886092,0x0500000C,misc,,00000012.pro,-1,,0
1334,,160840,0,1366,25861,61,129,0,83886092,0x0500000C,misc,,00000012.pro,-1,,0
1335,,160928,0,1367,25862,62,129,0,83886092,0x0500000C,misc,,00000012.pro,-1,,0
1336,,161016,0,1368,25863,63,129,0,83886092,0x0500000C,misc,,00000012.pro,-1,,0
1337,,161104,0,1369,25890,90,129,0,83886092,0x0500000C,misc,,00000012.pro,-1,,0
1338,,161192,0,1370,25928,128,129,0,50331837,0x030000BD,wall,,00000189.pro,-1,,0
1339,,161280,0,1371,25930,130,129,0,33554501,0x02000045,scenery,generic,00000070.pro,-1,,0
1340,,161368,0,1372,25940,140,129,0,50331879,0x030000E7,wall,,00000231.pro,-1,,0
1341,,161456,0,1373,26059,59,130,0,83886092,0x0500000C,misc,,00000012.pro,-1,,0
1342,,161544,0,1374,26060,60,130,0,83886092,0x0500000C,misc,,00000012.pro,-1,,0
1343,,161632,0,1375,26061,61,130,0,83886092,0x0500000C,misc,,00000012.pro,-1,,0
1344,,161720,0,1376,26091,91,130,0,83886092,0x0500000C,misc,,00000012.pro,-1,,0
1345,,161808,0,1377,26128,128,130,0,50331838,0x030000BE,wall,,00000190.pro,-1,,0
1346,,161896,0,1378,26129,129,130,0,50332270,0x0300026E,wall,,00000622.pro,-1,,0
1347,,161984,0,1379,26140,140,130,0,50331880,0x030000E8,wall,,00000232.pro,-1,,0
1348,,162072,0,1380,26291,91,131,0,83886092,0x0500000C,misc,,00000012.pro,-1,,0
1349,,162160,0,1381,26292,92,131,0,83886092,0x0500000C,misc,,00000012.pro,-1,,0
1350,,162248,0,1382,26328,128,131,0,50331839,0x030000BF,wall,,00000191.pro,-1,,0
1351,,162336,0,1383,26339,139,131,0,50331886,0x030000EE,wall,,00000238.pro,-1,,0
1352,,162424,0,1384,26340,140,131,0,50331880,0x030000E8,wall,,00000232.pro,-1,,0
1353,,162512,0,1385,26492,92,132,0,83886092,0x0500000C,misc,,00000012.pro,-1,,0
1354,,162600,0,1386,26528,128,132,0,50331840,0x030000C0,wall,,00000192.pro,-1,,0
1355,,162688,0,1387,26539,139,132,0,50332269,0x0300026D,wall,,00000621.pro,-1,,0
1356,,162776,0,1388,26693,93,133,0,83886092,0x0500000C,misc,,00000012.pro,-1,,0
1357,,162864,0,1389,26728,128,133,0,50331846,0x030000C6,wall,,00000198.pro,-1,,0
1358,,162952,0,1390,26739,139,133,0,50331879,0x030000E7,wall,,00000231.pro,-1,,0
1359,,163040,0,1391,26893,93,134,0,83886092,0x0500000C,misc,,00000012.pro,-1,,0
1360,,163128,0,1392,26894,94,134,0,83886092,0x0500000C,misc,,00000012.pro,-1,,0
1361,,163216,0,1393,26928,128,134,0,50331847,0x030000C7,wall,,00000199.pro,-1,,0
1362,,163304,0,1394,26939,139,134,0,50331880,0x030000E8,wall,,00000232.pro,-1,,0
1363,,163392,0,1395,27094,94,135,0,83886092,0x0500000C,misc,,00000012.pro,-1,,0
1364,,163480,0,1396,27126,126,135,0,50331857,0x030000D1,wall,,00000209.pro,-1,,0
1365,,163568,0,1397,27127,127,135,0,50331856,0x030000D0,wall,,00000208.pro,-1,,0
1366,,163656,0,1398,27128,128,135,0,33554507,0x0200004B,scenery,generic,00000076.pro,-1,,0
1367,,163744,0,1399,27139,139,135,0,50331881,0x030000E9,wall,,00000233.pro,-1,,0
1368,,163832,0,1400,27295,95,136,0,83886092,0x0500000C,misc,,00000012.pro,-1,,0
1369,,163920,0,1401,27324,124,136,0,50331864,0x030000D8,wall,,00000216.pro,-1,,0
1370,,164008,0,1402,27325,125,136,0,50331858,0x030000D2,wall,,00000210.pro,-1,,0
1371,,164096,0,1403,27326,126,136,0,50332270,0x0300026E,wall,,00000622.pro,-1,,0
1372,,164184,0,1404,27327,127,136,0,50332270,0x0300026E,wall,,00000622.pro,-1,,0
1373,,164272,0,1405,27328,128,136,0,50332270,0x0300026E,wall,,00000622.pro,-1,,0
1374,,164360,0,1406,27329,129,136,0,50332270,0x0300026E,wall,,00000622.pro,-1,,0
1375,,164448,0,1407,27339,139,136,0,50331868,0x030000DC,wall,,00000220.pro,-1,,0
1376,,164536,0,1408,27495,95,137,0,83886092,0x0500000C,misc,,00000012.pro,-1,,0
1377,,164624,0,1409,27496,96,137,0,83886092,0x0500000C,misc,,00000012.pro,-1,,0
1378,,164712,0,1410,27522,122,137,0,50331867,0x030000DB,wall,,00000219.pro,-1,,0
1379,,164800,0,1411,27523,123,137,0,50331866,0x030000DA,wall,,00000218.pro,-1,,0
1380,,164888,0,1412,27524,124,137,0,50331865,0x030000D9,wall,,00000217.pro,-1,,0
1381,,164976,0,1413,27525,125,137,0,33554506,0x0200004A,scenery,generic,00000075.pro,-1,,0
1382,,165064,0,1414,27526,126,137,0,50332270,0x0300026E,wall,,00000622.pro,-1,,0
1383,,165152,0,1415,27539,139,137,0,50332269,0x0300026D,wall,,00000621.pro,-1,,0
1384,,165240,0,1416,27540,140,137,0,50331829,0x030000B5,wall,,00000181.pro,-1,,0
1385,,165328,0,1417,27696,96,138,0,83886092,0x0500000C,misc,,00000012.pro,-1,,0
1386,,165416,0,1418,27722,122,138,0,50332270,0x0300026E,wall,,00000622.pro,-1,,0
1387,,165504,0,1419,27723,123,138,0,50332270,0x0300026E,wall,,00000622.pro,-1,,0
1388,,165592,0,1420,27725,125,138,0,50332270,0x0300026E,wall,,00000622.pro,-1,,0
1389,,165680,0,1421,27739,139,138,0,50331890,0x030000F2,wall,,00000242.pro,-1,,0
1390,,165768,0,1422,27740,140,138,0,33554502,0x02000046,scenery,generic,00000071.pro,-1,,0
1391,,165856,0,1423,27741,141,138,0,50331828,0x030000B4,wall,,00000180.pro,-1,,0
1392,,165944,0,1424,27742,142,138,0,50332269,0x0300026D,wall,,00000621.pro,-1,,0
1393,,166032,0,1425,27897,97,139,0,83886092,0x0500000C,misc,,00000012.pro,-1,,0
1394,,166120,0,1426,27922,122,139,0,50331841,0x030000C1,wall,,00000193.pro,-1,,0
1395,,166208,0,1427,27943,143,139,0,50331883,0x030000EB,wall,,00000235.pro,-1,,0
1396,,166296,0,1428,27944,144,139,0,50332269,0x0300026D,wall,,00000621.pro,-1,,0
1397,,166384,0,1429,28097,97,140,0,83886092,0x0500000C,misc,,00000012.pro,-1,,0
1398,,166472,0,1430,28098,98,140,0,83886092,0x0500000C,misc,,00000012.pro,-1,,0
1399,,166560,0,1431,28122,122,140,0,50331842,0x030000C2,wall,,00000194.pro,-1,,0
1400,,166648,0,1432,28144,144,140,0,50332269,0x0300026D,wall,,00000621.pro,-1,,0
1401,,166736,0,1433,28298,98,141,0,83886092,0x0500000C,misc,,00000012.pro,-1,,0
1402,,166824,0,1434,28322,122,141,0,50331843,0x030000C3,wall,,00000195.pro,-1,,0
1403,,166912,0,1435,28344,144,141,0,50331880,0x030000E8,wall,,00000232.pro,-1,,0
1404,,167000,0,1436,28499,99,142,0,83886092,0x0500000C,misc,,00000012.pro,-1,,0
1405,,167088,0,1437,28522,122,142,0,50331844,0x030000C4,wall,,00000196.pro,-1,,0
1406,,167176,0,1438,28544,144,142,0,50331881,0x030000E9,wall,,00000233.pro,-1,,0
1407,,167264,0,1439,28699,99,143,0,83886092,0x0500000C,misc,,00000012.pro,-1,,0
1408,,167352,0,1440,28700,100,143,0,83886092,0x0500000C,misc,,00000012.pro,-1,,0
1409,,167440,0,1441,28722,122,143,0,50331845,0x030000C5,wall,,00000197.pro,-1,,0
1410,,167528,0,1442,28732,132,143,0,33554506,0x0200004A,scenery,generic,00000075.pro,-1,,0
1411,,167616,0,1443,28733,133,143,0,33554511,0x0200004F,scenery,generic,00000080.pro,-1,,0
1412,,167704,0,1444,28734,134,143,0,50332270,0x0300026E,wall,,00000622.pro,-1,,0
1413,,167792,0,1445,28741,141,143,0,33554506,0x0200004A,scenery,generic,00000075.pro,-1,,0
1414,,167880,0,1446,28742,142,143,0,50332270,0x0300026E,wall,,00000622.pro,-1,,0
1415,,167968,0,1447,28744,144,143,0,50331884,0x030000EC,wall,,00000236.pro,-1,,0
1416,,168056,0,1448,28900,100,144,0,83886092,0x0500000C,misc,,00000012.pro,-1,,0
1417,,168144,0,1449,28922,122,144,0,50331837,0x030000BD,wall,,00000189.pro,-1,,0
1418,,168232,0,1450,28931,131,144,0,33554512,0x02000050,scenery,generic,00000081.pro,-1,,0
1419,,168320,0,1451,28932,132,144,0,50332270,0x0300026E,wall,,00000622.pro,-1,,0
1420,,168408,0,1452,28933,133,144,0,50332270,0x0300026E,wall,,00000622.pro,-1,,0
1421,,168496,0,1453,28941,141,144,0,50332270,0x0300026E,wall,,00000622.pro,-1,,0
1422,,168584,0,1454,28944,144,144,0,50332269,0x0300026D,wall,,00000621.pro,-1,,0
1423,,168672,0,1455,28950,150,144,0,50331829,0x030000B5,wall,,00000181.pro,-1,,0
1424,,168760,0,1456,28952,152,144,0,50331831,0x030000B7,wall,,00000183.pro,-1,,0
1425,,168848,0,1457,28954,154,144,0,50331823,0x030000AF,wall,,00000175.pro,-1,,0
1426,,168936,0,1458,29101,101,145,0,83886092,0x0500000C,misc,,00000012.pro,-1,,0
1427,,169024,0,1459,29122,122,145,0,50331838,0x030000BE,wall,,00000190.pro,-1,,0
1428,,169112,0,1460,29131,131,145,0,50332270,0x0300026E,wall,,00000622.pro,-1,,0
1429,,169200,0,1461,29144,144,145,0,50332270,0x0300026E,wall,,00000622.pro,-1,,0
1430,,169288,0,1462,29145,145,145,0,50332269,0x0300026D,wall,,00000621.pro,-1,,0
1431,,169376,0,1463,29146,146,145,0,50331827,0x030000B3,wall,,00000179.pro,-1,,0
1432,,169464,0,1464,29148,148,145,0,50331864,0x030000D8,wall,,00000216.pro,-1,,0
1433,,169552,0,1465,29149,149,145,0,50331857,0x030000D1,wall,,00000209.pro,-1,,0
1434,,169640,0,1466,29150,150,145,0,33554512,0x02000050,scenery,generic,00000081.pro,-1,,0
1435,,169728,0,1467,29151,151,145,0,50331826,0x030000B2,wall,,00000178.pro,-1,,0
1436,,169816,0,1468,29152,152,145,0,50332270,0x0300026E,wall,,00000622.pro,-1,,0
1437,,169904,0,1469,29153,153,145,0,50331824,0x030000B0,wall,,00000176.pro,-1,,0
1438,,169992,0,1470,29155,155,145,0,50331824,0x030000B0,wall,,00000176.pro,-1,,0
1439,,170080,0,1471,29156,156,145,0,50332269,0x0300026D,wall,,00000621.pro,-1,,0
1440,,170168,0,1472,29301,101,146,0,83886092,0x0500000C,misc,,00000012.pro,-1,,0
1441,,170256,0,1473,29302,102,146,0,83886092,0x0500000C,misc,,00000012.pro,-1,,0
1442,,170344,0,1474,29322,122,146,0,50331856,0x030000D0,wall,,00000208.pro,-1,,0
1443,,170432,0,1475,29327,127,146,4,16777227,0x0100000B,critter,,00000011.pro,67108868,SSRadSco.int,1
1443/inventory/0,1,170564,0,1476,0,0,0,0,92,0x0000005C,item,misc,00000092.pro,-1,,0
1444,,170656,0,1477,29345,145,146,0,50331852,0x030000CC,wall,,00000204.pro,-1,,0
1445,,170744,0,1478,29346,146,146,0,50332270,0x0300026E,wall,,00000622.pro,-1,,0
1446,,170832,0,1479,29347,147,146,0,50331826,0x030000B2,wall,,00000178.pro,-1,,0
1447,,170920,0,1480,29349,149,146,0,50332270,0x0300026E,wall,,00000622.pro,-1,,0
1448,,171008,0,1481,29350,150,146,0,50332270,0x0300026E,wall,,00000622.pro,-1,,0
1449,,171096,0,1482,29351,151,146,0,50332270,0x0300026E,wall,,00000622.pro,-1,,0
1450,,171184,0,1483,29357,157,146,0,50331883,0x030000EB,wall,,00000235.pro,-1,,0
1451,,171272,0,1484,29502,102,147,0,83886092,0x0500000C,misc,,00000012.pro,-1,,0
1452,,171360,0,1485,29520,120,147,0,50331859,0x030000D3,wall,,00000211.pro,-1,,0
1453,,171448,0,1486,29521,121,147,0,50331858,0x030000D2,wall,,00000210.pro,-1,,0
1454,,171536,0,1487,29522,122,147,0,33554507,0x0200004B,scenery,generic,00000076.pro,-1,,0
1455,,171624,0,1488,29523,123,147,0,50332270,0x0300026E,wall,,00000622.pro,-1,,0
1456,,171712,0,1489,29557,157,147,0,50332269,0x0300026D,wall,,00000621.pro,-1,,0
1457,,171800,0,1490,29558,158,147,0,50332269,0x0300026D,wall,,00000621.pro,-1,,0
1458,,171888,0,1491,29703,103,148,0,83886092,0x0500000C,misc,,00000012.pro,-1,,0
1459,,171976,0,1492,29718,118,148,0,50331832,0x030000B8,wall,,00000184.pro,-1,,0
1460,,172064,0,1493,29719,119,148,0,50331864,0x030000D8,wall,,00000216.pro,-1,,0
1461,,172152,0,1494,29720,120,148,0,50332270,0x0300026E,wall,,00000622.pro,-1,,0
1462,,172240,0,1495,29721,121,148,0,50332270,0x0300026E,wall,,00000622.pro,-1,,0
1463,,172328,0,1496,29722,122,148,0,50332270,0x0300026E,wall,,00000622.pro,-1,,0
1464,,172416,0,1497,29723,123,148,0,50332270,0x0300026E,wall,,00000622.pro,-1,,0
1465,,172504,0,1498,29746,146,148,0,33554514,0x02000052,scenery,generic,00000083.pro,-1,,0
1466,,172592,0,1499,29758,158,148,0,50331880,0x030000E8,wall,,00000232.pro,-1,,0
1467,,172680,0,1500,29903,103,149,0,83886092,0x0500000C,misc,,00000012.pro,-1,,0
1468,,172768,0,1501,29904,104,149,0,83886092,0x0500000C,misc,,00000012.pro,-1,,0
1469,,172856,0,1502,29918,118,149,0,50331833,0x030000B9,wall,,00000185.pro,-1,,0
1470,,172944,0,1503,29919,119,149,0,33554506,0x0200004A,scenery,generic,00000075.pro,-1,,0
1471,,173032,0,1504,29920,120,149,0,50332270,0x0300026E,wall,,00000622.pro,-1,,0
1472,,173120,0,1505,29942,142,149,0,33554511,0x0200004F,scenery,generic,00000080.pro,-1,,0
1473,,173208,0,1506,29945,145,149,0,33554516,0x02000054,scenery,generic,00000085.pro,-1,,0
1474,,173296,0,1507,29958,158,149,0,50331881,0x030000E9,wall,,00000233.pro,-1,,0
1475,,173384,0,1508,30104,104,150,0,83886092,0x0500000C,misc,,00000012.pro,-1,,0
1476,,173472,0,1509,30115,115,150,0,50331836,0x030000BC,wall,,00000188.pro,-1,,0
1477,,173560,0,1510,30116,116,150,0,50331835,0x030000BB,wall,,00000187.pro,-1,,0
1478,,173648,0,1511,30117,117,150,0,50331834,0x030000BA,wall,,00000186.pro,-1,,0
1479,,173736,0,1512,30118,118,150,0,50332270,0x0300026E,wall,,00000622.pro,-1,,0
1480,,173824,0,1513,30119,119,150,0,50332270,0x0300026E,wall,,00000622.pro,-1,,0
1481,,173912,0,1514,30124,124,150,0,29,0x0000001D,item,ammo,00000029.pro,-1,,0
1482,,174004,0,1515,30124,124,150,0,33554514,0x02000052,scenery,generic,00000083.pro,-1,,0
1483,,174092,0,1516,30139,139,150,5,16777227,0x0100000B,critter,,00000011.pro,67108866,SSRadSco.int,1
1483/inventory/0,1,174224,0,1517,0,0,0,0,92,0x0000005C,item,misc,00000092.pro,-1,,0
1484,,174316,0,1518,30142,142,150,0,50332270,0x0300026E,wall,,00000622.pro,-1,,0
1485,,174404,0,1519,30143,143,150,0,50332270,0x0300026E,wall,,00000622.pro,-1,,0
1486,,174492,0,1520,30144,144,150,0,29,0x0000001D,item,ammo,00000029.pro,-1,,0
1487,,174584,0,1521,30157,157,150,0,50331888,0x030000F0,wall,,00000240.pro,-1,,0
1488,,174672,0,1522,30158,158,150,0,50331868,0x030000DC,wall,,00000220.pro,-1,,0
1489,,174760,0,1523,30305,105,151,0,83886092,0x0500000C,misc,,00000012.pro,-1,,0
1490,,174848,0,1524,30316,116,151,0,50332270,0x0300026E,wall,,00000622.pro,-1,,0
1491,,174936,0,1525,30317,117,151,0,50332270,0x0300026E,wall,,00000622.pro,-1,,0
1492,,175024,0,1526,30323,123,151,0,33554517,0x02000055,scenery,generic,00000086.pro,-1,,0
1493,,175112,0,1527,30328,128,151,0,50332270,0x0300026E,wall,,00000622.pro,-1,,0
1494,,175200,0,1528,30357,157,151,0,50332269,0x0300026D,wall,,00000621.pro,-1,,0
1495,,175288,0,1529,30505,105,152,0,83886092,0x0500000C,misc,,00000012.pro,-1,,0
1496,,175376,0,1530,30506,106,152,0,83886092,0x0500000C,misc,,00000012.pro,-1,,0
1497,,175464,0,1531,30515,115,152,0,50331837,0x030000BD,wall,,00000189.pro,-1,,0
1498,,175552,0,1532,30516,116,152,0,50332270,0x0300026E,wall,,00000622.pro,-1,,0
1499,,175640,0,1533,30526,126,152,0,50332270,0x0300026E,wall,,00000622.pro,-1,,0
1500,,175728,0,1534,30527,127,152,0,33554513,0x02000051,scenery,generic,00000082.pro,-1,,0
1501,,175816,0,1535,30529,129,152,0,33554512,0x02000050,scenery,generic,00000081.pro,-1,,0
1502,,175904,0,1536,30530,130,152,0,50332270,0x0300026E,wall,,00000622.pro,-1,,0
1503,,175992,0,1537,30557,157,152,0,50331880,0x030000E8,wall,,00000232.pro,-1,,0
1504,,176080,0,1538,30706,106,153,0,83886092,0x0500000C,misc,,00000012.pro,-1,,0
1505,,176168,0,1539,30715,115,153,0,50331838,0x030000BE,wall,,00000190.pro,-1,,0
1506,,176256,0,1540,30725,125,153,0,33554511,0x0200004F,scenery,generic,00000080.pro,-1,,0
1507,,176344,0,1541,30726,126,153,0,50332270,0x0300026E,wall,,00000622.pro,-1,,0
1508,,176432,0,1542,30728,128,153,0,50332270,0x0300026E,wall,,00000622.pro,-1,,0
1509,,176520,0,1543,30729,129,153,0,50332270,0x0300026E,wall,,00000622.pro,-1,,0
1510,,176608,0,1544,30757,157,153,0,50331881,0x030000E9,wall,,00000233.pro,-1,,0
1511,,176696,0,1545,30907,107,154,0,83886092,0x0500000C,misc,,00000012.pro,-1,,0
1512,,176784,0,1546,30915,115,154,0,50331839,0x030000BF,wall,,00000191.pro,-1,,0
1513,,176872,0,1547,30925,125,154,0,50332270,0x0300026E,wall,,00000622.pro,-1,,0
1514,,176960,0,1548,30927,127,154,0,50332270,0x0300026E,wall,,00000622.pro,-1,,0
1515,,177048,0,1549,30956,156,154,0,50331886,0x030000EE,wall,,00000238.pro,-1,,0
1516,,177136,0,1550,30957,157,154,0,50331884,0x030000EC,wall,,00000236.pro,-1,,0
1517,,177224,0,1551,31107,107,155,0,83886092,0x0500000C,misc,,00000012.pro,-1,,0
1518,,177312,0,1552,31108,108,155,0,83886092,0x0500000C,misc,,00000012.pro,-1,,0
1519,,177400,0,1553,31115,115,155,0,50331840,0x030000C0,wall,,00000192.pro,-1,,0
1520,,177488,0,1554,31116,116,155,0,33554502,0x02000046,scenery,generic,00000071.pro,-1,,0
1521,,177576,0,1555,31140,140,155,0,50331871,0x030000DF,wall,,00000223.pro,-1,,0
1522,,177664,0,1556,31150,150,155,0,50331870,0x030000DE,wall,,00000222.pro,-1,,0
1523,,177752,0,1557,31153,153,155,0,50331871,0x030000DF,wall,,00000223.pro,-1,,0
1524,,177840,0,1558,31154,154,155,0,50331888,0x030000F0,wall,,00000240.pro,-1,,0
1525,,177928,0,1559,31155,155,155,0,50331885,0x030000ED,wall,,00000237.pro,-1,,0
1526,,178016,0,1560,31308,108,156,0,83886092,0x0500000C,misc,,00000012.pro,-1,,0
1527,,178104,0,1561,31315,115,156,0,50331841,0x030000C1,wall,,00000193.pro,-1,,0
1528,,178192,0,1562,31340,140,156,0,50331873,0x030000E1,wall,,00000225.pro,-1,,0
1529,,178280,0,1563,31341,141,156,0,50331870,0x030000DE,wall,,00000222.pro,-1,,0
1530,,178368,0,1564,31342,142,156,0,50332269,0x0300026D,wall,,00000621.pro,-1,,0
1531,,178456,0,1565,31344,144,156,0,50331875,0x030000E3,wall,,00000227.pro,-1,,0
1532,,178544,0,1566,31346,146,156,0,50331873,0x030000E1,wall,,00000225.pro,-1,,0
1533,,178632,0,1567,31348,148,156,0,50331888,0x030000F0,wall,,00000240.pro,-1,,0
1534,,178720,0,1568,31349,149,156,0,50331887,0x030000EF,wall,,00000239.pro,-1,,0
1535,,178808,0,1569,31351,151,156,0,50332269,0x0300026D,wall,,00000621.pro,-1,,0
1536,,178896,0,1570,31352,152,156,0,50331874,0x030000E2,wall,,00000226.pro,-1,,0
1537,,178984,0,1571,31353,153,156,0,50331873,0x030000E1,wall,,00000225.pro,-1,,0
1538,,179072,0,1572,31509,109,157,0,83886092,0x0500000C,misc,,00000012.pro,-1,,0
1539,,179160,0,1573,31515,115,157,0,50331842,0x030000C2,wall,,00000194.pro,-1,,0
1540,,179248,0,1574,31540,140,157,0,50332269,0x0300026D,wall,,00000621.pro,-1,,0
1541,,179336,0,1575,31543,143,157,0,50331876,0x030000E4,wall,,00000228.pro,-1,,0
1542,,179424,0,1576,31545,145,157,0,50331874,0x030000E2,wall,,00000226.pro,-1,,0
1543,,179512,0,1577,31547,147,157,0,50331872,0x030000E0,wall,,00000224.pro,-1,,0
1544,,179600,0,1578,31709,109,158,0,83886092,0x0500000C,misc,,00000012.pro,-1,,0
1545,,179688,0,1579,31710,110,158,0,83886092,0x0500000C,misc,,00000012.pro,-1,,0
1546,,179776,0,1580,31715,115,158,0,50331843,0x030000C3,wall,,00000195.pro,-1,,0
1547,,179864,0,1581,31740,140,158,0,50331884,0x030000EC,wall,,00000236.pro,-1,,0
1548,,179952,0,1582,31910,110,159,0,83886092,0x0500000C,misc,,00000012.pro,-1,,0
1549,,180040,0,1583,31915,115,159,0,50331844,0x030000C4,wall,,00000196.pro,-1,,0
1550,,180128,0,1584,31938,138,159,0,50331871,0x030000DF,wall,,00000223.pro,-1,,0
1551,,180216,0,1585,31939,139,159,0,50331885,0x030000ED,wall,,00000237.pro,-1,,0
1552,,180304,0,1586,32111,111,160,0,83886092,0x0500000C,misc,,00000012.pro,-1,,0
1553,,180392,0,1587,32115,115,160,0,50332269,0x0300026D,wall,,00000621.pro,-1,,0
1554,,180480,0,1588,32116,116,160,0,50332269,0x0300026D,wall,,00000621.pro,-1,,0
1555,,180568,0,1589,32138,138,160,0,50331870,0x030000DE,wall,,00000222.pro,-1,,0
1556,,180656,0,1590,32311,111,161,0,83886092,0x0500000C,misc,,00000012.pro,-1,,0
1557,,180744,0,1591,32312,112,161,0,83886092,0x0500000C,misc,,00000012.pro,-1,,0
1558,,180832,0,1592,32316,116,161,0,50332269,0x0300026D,wall,,00000621.pro,-1,,0
1559,,180920,0,1593,32332,132,161,0,50331871,0x030000DF,wall,,00000223.pro,-1,,0
1560,,181008,0,1594,32336,136,161,0,50331871,0x030000DF,wall,,00000223.pro,-1,,0
1561,,181096,0,1595,32338,138,161,0,50331886,0x030000EE,wall,,00000238.pro,-1,,0
1562,,181184,0,1596,32339,139,161,0,50331884,0x030000EC,wall,,00000236.pro,-1,,0
1563,,181272,0,1597,32512,112,162,0,83886092,0x0500000C,misc,,00000012.pro,-1,,0
1564,,181360,0,1598,32517,117,162,0,50332269,0x0300026D,wall,,00000621.pro,-1,,0
1565,,181448,0,1599,32518,118,162,0,50331874,0x030000E2,wall,,00000226.pro,-1,,0
1566,,181536,0,1600,32519,119,162,0,50331873,0x030000E1,wall,,00000225.pro,-1,,0
1567,,181624,0,1601,32520,120,162,0,50331872,0x030000E0,wall,,00000224.pro,-1,,0
1568,,181712,0,1602,32521,121,162,0,50331870,0x030000DE,wall,,00000222.pro,-1,,0
1569,,181800,0,1603,32522,122,162,0,50332269,0x0300026D,wall,,00000621.pro,-1,,0
1570,,181888,0,1604,32524,124,162,0,50331885,0x030000ED,wall,,00000237.pro,-1,,0
1571,,181976,0,1605,32526,126,162,0,50331875,0x030000E3,wall,,00000227.pro,-1,,0
1572,,182064,0,1606,32527,127,162,0,50331871,0x030000DF,wall,,00000223.pro,-1,,0
1573,,182152,0,1607,32528,128,162,0,50331870,0x030000DE,wall,,00000222.pro,-1,,0
1574,,182240,0,1608,32532,132,162,0,50331873,0x030000E1,wall,,00000225.pro,-1,,0
1575,,182328,0,1609,32533,133,162,0,50331870,0x030000DE,wall,,00000222.pro,-1,,0
1576,,182416,0,1610,32534,134,162,0,50332269,0x0300026D,wall,,00000621.pro,-1,,0
1577,,182504,0,1611,32536,136,162,0,50331873,0x030000E1,wall,,00000225.pro,-1,,0
1578,,182592,0,1612,32537,137,162,0,50331870,0x030000DE,wall,,00000222.pro,-1,,0
1579,,182680,0,1613,32713,113,163,0,83886092,0x0500000C,misc,,00000012.pro,-1,,0
1580,,182768,0,1614,32717,117,163,0,50331882,0x030000EA,wall,,00000234.pro,-1,,0
1581,,182856,0,1615,32723,123,163,0,50331872,0x030000E0,wall,,00000224.pro,-1,,0
1582,,182944,0,1616,32725,125,163,0,50331874,0x030000E2,wall,,00000226.pro,-1,,0
1583,,183032,0,1617,32727,127,163,0,50331874,0x030000E2,wall,,00000226.pro,-1,,0
1584,,183120,0,1618,32729,129,163,0,50332269,0x0300026D,wall,,00000621.pro,-1,,0
1585,,183208,0,1619,32730,130,163,0,50331876,0x030000E4,wall,,00000228.pro,-1,,0
1586,,183296,0,1620,32731,131,163,0,50331872,0x030000E0,wall,,00000224.pro,-1,,0
1587,,183384,0,1621,32735,135,163,0,50331874,0x030000E2,wall,,00000226.pro,-1,,0
1588,,183472,0,1622,32737,137,163,0,50331872,0x030000E0,wall,,00000224.pro,-1,,0
1589,,183560,0,1623,32913,113,164,0,83886092,0x0500000C,misc,,00000012.pro,-1,,0
1590,,183648,0,1624,32914,114,164,0,83886092,0x0500000C,misc,,00000012.pro,-1,,0
1591,,183736,0,1625,33114,114,165,0,83886092,0x0500000C,misc,,00000012.pro,-1,,0
1592,,183824,0,1626,33315,115,166,0,83886092,0x0500000C,misc,,00000012.pro,-1,,0
1593,,183912,0,1627,33515,115,167,0,83886092,0x0500000C,misc,,00000012.pro,-1,,0
1594,,184000,0,1628,33516,116,167,0,83886092,0x0500000C,misc,,00000012.pro,-1,,0
1595,,184088,0,1629,33716,116,168,0,83886092,0x0500000C,misc,,00000012.pro,-1,,0
