index,chunk_index,file_offset,payload_offset,payload_size,opcode,opcode_name,version
0,0,30,34,6,0x0A,init_video_mode,0
1,0,40,44,8,0x05,init_video_buffers,2
2,0,52,56,766,0x0C,set_palette,0
3,0,822,826,4,0x15,documented_unknown_15,0
4,0,830,834,0,0x01,end_of_chunk,0
5,1,838,842,6,0x02,create_timer,0
6,1,848,852,1080,0x0F,set_decoding_map,0
7,1,1932,1936,44422,0x11,video_data_11,3
8,1,46358,46362,132,0x13,documented_unknown_13,0
9,1,46494,46498,0,0x04,start_stop_audio,0
10,1,46498,46502,6,0x07,send_buffer,1
11,1,46508,46512,0,0x01,end_of_chunk,0
12,2,46516,46520,1080,0x0F,set_decoding_map,0
13,2,47600,47604,14022,0x11,video_data_11,3
14,2,61626,61630,132,0x13,documented_unknown_13,0
15,2,61762,61766,0,0x04,start_stop_audio,0
16,2,61766,61770,6,0x07,send_buffer,1
17,2,61776,61780,0,0x01,end_of_chunk,0
18,3,61784,61788,1080,0x0F,set_decoding_map,0
19,3,62868,62872,14050,0x11,video_data_11,3
20,3,76922,76926,132,0x13,documented_unknown_13,0
21,3,77058,77062,0,0x04,start_stop_audio,0
22,3,77062,77066,6,0x07,send_buffer,1
23,3,77072,77076,0,0x01,end_of_chunk,0
24,4,77080,77084,1080,0x0F,set_decoding_map,0
25,4,78164,78168,14030,0x11,video_data_11,3
26,4,92198,92202,132,0x13,documented_unknown_13,0
27,4,92334,92338,0,0x04,start_stop_audio,0
28,4,92338,92342,6,0x07,send_buffer,1
29,4,92348,92352,0,0x01,end_of_chunk,0
30,5,92356,92360,1080,0x0F,set_decoding_map,0
31,5,93440,93444,14084,0x11,video_data_11,3
32,5,107528,107532,132,0x13,documented_unknown_13,0
33,5,107664,107668,0,0x04,start_stop_audio,0
34,5,107668,107672,6,0x07,send_buffer,1
35,5,107678,107682,0,0x01,end_of_chunk,0
36,6,107686,107690,1080,0x0F,set_decoding_map,0
37,6,108770,108774,14046,0x11,video_data_11,3
38,6,122820,122824,132,0x13,documented_unknown_13,0
39,6,122956,122960,0,0x04,start_stop_audio,0
40,6,122960,122964,6,0x07,send_buffer,1
41,6,122970,122974,0,0x01,end_of_chunk,0
42,7,122978,122982,1080,0x0F,set_decoding_map,0
43,7,124062,124066,14038,0x11,video_data_11,3
44,7,138104,138108,132,0x13,documented_unknown_13,0
45,7,138240,138244,0,0x04,start_stop_audio,0
46,7,138244,138248,6,0x07,send_buffer,1
47,7,138254,138258,0,0x01,end_of_chunk,0
48,8,138262,138266,1080,0x0F,set_decoding_map,0
49,8,139346,139350,14024,0x11,video_data_11,3
50,8,153374,153378,132,0x13,documented_unknown_13,0
51,8,153510,153514,0,0x04,start_stop_audio,0
52,8,153514,153518,6,0x07,send_buffer,1
53,8,153524,153528,0,0x01,end_of_chunk,0
54,9,153532,153536,1080,0x0F,set_decoding_map,0
55,9,154616,154620,9038,0x11,video_data_11,3
56,9,163658,163662,132,0x13,documented_unknown_13,0
57,9,163794,163798,0,0x04,start_stop_audio,0
58,9,163798,163802,6,0x07,send_buffer,1
59,9,163808,163812,0,0x01,end_of_chunk,0
60,10,163816,163820,1080,0x0F,set_decoding_map,0
61,10,164900,164904,14,0x11,video_data_11,3
62,10,164918,164922,132,0x13,documented_unknown_13,0
63,10,165054,165058,0,0x04,start_stop_audio,0
64,10,165058,165062,6,0x07,send_buffer,1
65,10,165068,165072,0,0x01,end_of_chunk,0
66,11,165076,165080,1080,0x0F,set_decoding_map,0
67,11,166160,166164,14,0x11,video_data_11,3
68,11,166178,166182,132,0x13,documented_unknown_13,0
69,11,166314,166318,0,0x04,start_stop_audio,0
70,11,166318,166322,6,0x07,send_buffer,1
71,11,166328,166332,0,0x01,end_of_chunk,0
72,12,166336,166340,1080,0x0F,set_decoding_map,0
73,12,167420,167424,14,0x11,video_data_11,3
74,12,167438,167442,132,0x13,documented_unknown_13,0
75,12,167574,167578,0,0x04,start_stop_audio,0
76,12,167578,167582,6,0x07,send_buffer,1
77,12,167588,167592,0,0x01,end_of_chunk,0
78,13,167596,167600,1080,0x0F,set_decoding_map,0
79,13,168680,168684,14,0x11,video_data_11,3
80,13,168698,168702,132,0x13,documented_unknown_13,0
81,13,168834,168838,0,0x04,start_stop_audio,0
82,13,168838,168842,6,0x07,send_buffer,1
83,13,168848,168852,0,0x01,end_of_chunk,0
84,14,168856,168860,1080,0x0F,set_decoding_map,0
85,14,169940,169944,14,0x11,video_data_11,3
86,14,169958,169962,132,0x13,documented_unknown_13,0
87,14,170094,170098,0,0x04,start_stop_audio,0
88,14,170098,170102,6,0x07,send_buffer,1
89,14,170108,170112,0,0x01,end_of_chunk,0
90,15,170116,170120,1080,0x0F,set_decoding_map,0
91,15,171200,171204,14,0x11,video_data_11,3
92,15,171218,171222,132,0x13,documented_unknown_13,0
93,15,171354,171358,0,0x04,start_stop_audio,0
94,15,171358,171362,6,0x07,send_buffer,1
95,15,171368,171372,0,0x01,end_of_chunk,0
96,16,171376,171380,1080,0x0F,set_decoding_map,0
97,16,172460,172464,14070,0x11,video_data_11,3
98,16,186534,186538,132,0x13,documented_unknown_13,0
99,16,186670,186674,0,0x04,start_stop_audio,0
100,16,186674,186678,6,0x07,send_buffer,1
101,16,186684,186688,0,0x01,end_of_chunk,0
102,17,186692,186696,1080,0x0F,set_decoding_map,0
103,17,187776,187780,14022,0x11,video_data_11,3
104,17,201802,201806,132,0x13,documented_unknown_13,0
105,17,201938,201942,0,0x04,start_stop_audio,0
106,17,201942,201946,6,0x07,send_buffer,1
107,17,201952,201956,0,0x01,end_of_chunk,0
108,18,201960,201964,1080,0x0F,set_decoding_map,0
109,18,203044,203048,14024,0x11,video_data_11,3
110,18,217072,217076,132,0x13,documented_unknown_13,0
111,18,217208,217212,0,0x04,start_stop_audio,0
112,18,217212,217216,6,0x07,send_buffer,1
113,18,217222,217226,0,0x01,end_of_chunk,0
114,19,217230,217234,1080,0x0F,set_decoding_map,0
115,19,218314,218318,14022,0x11,video_data_11,3
116,19,232340,232344,132,0x13,documented_unknown_13,0
117,19,232476,232480,0,0x04,start_stop_audio,0
118,19,232480,232484,6,0x07,send_buffer,1
119,19,232490,232494,0,0x01,end_of_chunk,0
120,20,232498,232502,1080,0x0F,set_decoding_map,0
121,20,233582,233586,14036,0x11,video_data_11,3
122,20,247622,247626,132,0x13,documented_unknown_13,0
123,20,247758,247762,0,0x04,start_stop_audio,0
124,20,247762,247766,6,0x07,send_buffer,1
125,20,247772,247776,0,0x01,end_of_chunk,0
126,21,247780,247784,1080,0x0F,set_decoding_map,0
127,21,248864,248868,14052,0x11,video_data_11,3
128,21,262920,262924,132,0x13,documented_unknown_13,0
129,21,263056,263060,0,0x04,start_stop_audio,0
130,21,263060,263064,6,0x07,send_buffer,1
131,21,263070,263074,0,0x01,end_of_chunk,0
132,22,263078,263082,1080,0x0F,set_decoding_map,0
133,22,264162,264166,14022,0x11,video_data_11,3
134,22,278188,278192,132,0x13,documented_unknown_13,0
135,22,278324,278328,0,0x04,start_stop_audio,0
136,22,278328,278332,6,0x07,send_buffer,1
137,22,278338,278342,0,0x01,end_of_chunk,0
138,23,278346,278350,1080,0x0F,set_decoding_map,0
139,23,279430,279434,14044,0x11,video_data_11,3
140,23,293478,293482,132,0x13,documented_unknown_13,0
141,23,293614,293618,0,0x04,start_stop_audio,0
142,23,293618,293622,6,0x07,send_buffer,1
143,23,293628,293632,0,0x01,end_of_chunk,0
144,24,293636,293640,1080,0x0F,set_decoding_map,0
145,24,294720,294724,14050,0x11,video_data_11,3
146,24,308774,308778,132,0x13,documented_unknown_13,0
147,24,308910,308914,0,0x04,start_stop_audio,0
148,24,308914,308918,6,0x07,send_buffer,1
149,24,308924,308928,0,0x01,end_of_chunk,0
150,25,308932,308936,1080,0x0F,set_decoding_map,0
151,25,310016,310020,14036,0x11,video_data_11,3
152,25,324056,324060,132,0x13,documented_unknown_13,0
153,25,324192,324196,0,0x04,start_stop_audio,0
154,25,324196,324200,6,0x07,send_buffer,1
155,25,324206,324210,0,0x01,end_of_chunk,0
156,26,324214,324218,1080,0x0F,set_decoding_map,0
157,26,325298,325302,14022,0x11,video_data_11,3
158,26,339324,339328,132,0x13,documented_unknown_13,0
159,26,339460,339464,0,0x04,start_stop_audio,0
160,26,339464,339468,6,0x07,send_buffer,1
161,26,339474,339478,0,0x01,end_of_chunk,0
162,27,339482,339486,1080,0x0F,set_decoding_map,0
163,27,340566,340570,14028,0x11,video_data_11,3
164,27,354598,354602,132,0x13,documented_unknown_13,0
165,27,354734,354738,0,0x04,start_stop_audio,0
166,27,354738,354742,6,0x07,send_buffer,1
167,27,354748,354752,0,0x01,end_of_chunk,0
168,28,354756,354760,1080,0x0F,set_decoding_map,0
169,28,355840,355844,14048,0x11,video_data_11,3
170,28,369892,369896,132,0x13,documented_unknown_13,0
171,28,370028,370032,0,0x04,start_stop_audio,0
172,28,370032,370036,6,0x07,send_buffer,1
173,28,370042,370046,0,0x01,end_of_chunk,0
174,29,370050,370054,1080,0x0F,set_decoding_map,0
175,29,371134,371138,14036,0x11,video_data_11,3
176,29,385174,385178,132,0x13,documented_unknown_13,0
177,29,385310,385314,0,0x04,start_stop_audio,0
178,29,385314,385318,6,0x07,send_buffer,1
179,29,385324,385328,0,0x01,end_of_chunk,0
180,30,385332,385336,1080,0x0F,set_decoding_map,0
181,30,386416,386420,14028,0x11,video_data_11,3
182,30,400448,400452,132,0x13,documented_unknown_13,0
183,30,400584,400588,0,0x04,start_stop_audio,0
184,30,400588,400592,6,0x07,send_buffer,1
185,30,400598,400602,0,0x01,end_of_chunk,0
186,31,400606,400610,1080,0x0F,set_decoding_map,0
187,31,401690,401694,14028,0x11,video_data_11,3
188,31,415722,415726,132,0x13,documented_unknown_13,0
189,31,415858,415862,0,0x04,start_stop_audio,0
190,31,415862,415866,6,0x07,send_buffer,1
191,31,415872,415876,0,0x01,end_of_chunk,0
192,32,415880,415884,1080,0x0F,set_decoding_map,0
193,32,416964,416968,14028,0x11,video_data_11,3
194,32,430996,431000,132,0x13,documented_unknown_13,0
195,32,431132,431136,0,0x04,start_stop_audio,0
196,32,431136,431140,6,0x07,send_buffer,1
197,32,431146,431150,0,0x01,end_of_chunk,0
198,33,431154,431158,1080,0x0F,set_decoding_map,0
199,33,432238,432242,14046,0x11,video_data_11,3
200,33,446288,446292,132,0x13,documented_unknown_13,0
201,33,446424,446428,0,0x04,start_stop_audio,0
202,33,446428,446432,6,0x07,send_buffer,1
203,33,446438,446442,0,0x01,end_of_chunk,0
204,34,446446,446450,1080,0x0F,set_decoding_map,0
205,34,447530,447534,14046,0x11,video_data_11,3
206,34,461580,461584,132,0x13,documented_unknown_13,0
207,34,461716,461720,0,0x04,start_stop_audio,0
208,34,461720,461724,6,0x07,send_buffer,1
209,34,461730,461734,0,0x01,end_of_chunk,0
210,35,461738,461742,1080,0x0F,set_decoding_map,0
211,35,462822,462826,14030,0x11,video_data_11,3
212,35,476856,476860,132,0x13,documented_unknown_13,0
213,35,476992,476996,0,0x04,start_stop_audio,0
214,35,476996,477000,6,0x07,send_buffer,1
215,35,477006,477010,0,0x01,end_of_chunk,0
216,36,477014,477018,1080,0x0F,set_decoding_map,0
217,36,478098,478102,14026,0x11,video_data_11,3
218,36,492128,492132,132,0x13,documented_unknown_13,0
219,36,492264,492268,0,0x04,start_stop_audio,0
220,36,492268,492272,6,0x07,send_buffer,1
221,36,492278,492282,0,0x01,end_of_chunk,0
222,37,492286,492290,1080,0x0F,set_decoding_map,0
223,37,493370,493374,14050,0x11,video_data_11,3
224,37,507424,507428,132,0x13,documented_unknown_13,0
225,37,507560,507564,0,0x04,start_stop_audio,0
226,37,507564,507568,6,0x07,send_buffer,1
227,37,507574,507578,0,0x01,end_of_chunk,0
228,38,507582,507586,1080,0x0F,set_decoding_map,0
229,38,508666,508670,14026,0x11,video_data_11,3
230,38,522696,522700,132,0x13,documented_unknown_13,0
231,38,522832,522836,0,0x04,start_stop_audio,0
232,38,522836,522840,6,0x07,send_buffer,1
233,38,522846,522850,0,0x01,end_of_chunk,0
234,39,522854,522858,1080,0x0F,set_decoding_map,0
235,39,523938,523942,14030,0x11,video_data_11,3
236,39,537972,537976,132,0x13,documented_unknown_13,0
237,39,538108,538112,0,0x04,start_stop_audio,0
238,39,538112,538116,6,0x07,send_buffer,1
239,39,538122,538126,0,0x01,end_of_chunk,0
240,40,538130,538134,1080,0x0F,set_decoding_map,0
241,40,539214,539218,14078,0x11,video_data_11,3
242,40,553296,553300,132,0x13,documented_unknown_13,0
243,40,553432,553436,0,0x04,start_stop_audio,0
244,40,553436,553440,6,0x07,send_buffer,1
245,40,553446,553450,0,0x01,end_of_chunk,0
246,41,553454,553458,1080,0x0F,set_decoding_map,0
247,41,554538,554542,14046,0x11,video_data_11,3
248,41,568588,568592,132,0x13,documented_unknown_13,0
249,41,568724,568728,0,0x04,start_stop_audio,0
250,41,568728,568732,6,0x07,send_buffer,1
251,41,568738,568742,0,0x01,end_of_chunk,0
252,42,568746,568750,1080,0x0F,set_decoding_map,0
253,42,569830,569834,14036,0x11,video_data_11,3
254,42,583870,583874,132,0x13,documented_unknown_13,0
255,42,584006,584010,0,0x04,start_stop_audio,0
256,42,584010,584014,6,0x07,send_buffer,1
257,42,584020,584024,0,0x01,end_of_chunk,0
258,43,584028,584032,1080,0x0F,set_decoding_map,0
259,43,585112,585116,14058,0x11,video_data_11,3
260,43,599174,599178,132,0x13,documented_unknown_13,0
261,43,599310,599314,0,0x04,start_stop_audio,0
262,43,599314,599318,6,0x07,send_buffer,1
263,43,599324,599328,0,0x01,end_of_chunk,0
264,44,599332,599336,1080,0x0F,set_decoding_map,0
265,44,600416,600420,14034,0x11,video_data_11,3
266,44,614454,614458,132,0x13,documented_unknown_13,0
267,44,614590,614594,0,0x04,start_stop_audio,0
268,44,614594,614598,6,0x07,send_buffer,1
269,44,614604,614608,0,0x01,end_of_chunk,0
270,45,614612,614616,1080,0x0F,set_decoding_map,0
271,45,615696,615700,14030,0x11,video_data_11,3
272,45,629730,629734,132,0x13,documented_unknown_13,0
273,45,629866,629870,0,0x04,start_stop_audio,0
274,45,629870,629874,6,0x07,send_buffer,1
275,45,629880,629884,0,0x01,end_of_chunk,0
276,46,629888,629892,1080,0x0F,set_decoding_map,0
277,46,630972,630976,14044,0x11,video_data_11,3
278,46,645020,645024,132,0x13,documented_unknown_13,0
279,46,645156,645160,0,0x04,start_stop_audio,0
280,46,645160,645164,6,0x07,send_buffer,1
281,46,645170,645174,0,0x01,end_of_chunk,0
282,47,645178,645182,1080,0x0F,set_decoding_map,0
283,47,646262,646266,14036,0x11,video_data_11,3
284,47,660302,660306,132,0x13,documented_unknown_13,0
285,47,660438,660442,0,0x04,start_stop_audio,0
286,47,660442,660446,6,0x07,send_buffer,1
287,47,660452,660456,0,0x01,end_of_chunk,0
288,48,660460,660464,1080,0x0F,set_decoding_map,0
289,48,661544,661548,14026,0x11,video_data_11,3
290,48,675574,675578,132,0x13,documented_unknown_13,0
291,48,675710,675714,0,0x04,start_stop_audio,0
292,48,675714,675718,6,0x07,send_buffer,1
293,48,675724,675728,0,0x01,end_of_chunk,0
294,49,675732,675736,1080,0x0F,set_decoding_map,0
295,49,676816,676820,14022,0x11,video_data_11,3
296,49,690842,690846,132,0x13,documented_unknown_13,0
297,49,690978,690982,0,0x04,start_stop_audio,0
298,49,690982,690986,6,0x07,send_buffer,1
299,49,690992,690996,0,0x01,end_of_chunk,0
300,50,691000,691004,1080,0x0F,set_decoding_map,0
301,50,692084,692088,14052,0x11,video_data_11,3
302,50,706140,706144,132,0x13,documented_unknown_13,0
303,50,706276,706280,0,0x04,start_stop_audio,0
304,50,706280,706284,6,0x07,send_buffer,1
305,50,706290,706294,0,0x01,end_of_chunk,0
306,51,706298,706302,1080,0x0F,set_decoding_map,0
307,51,707382,707386,14046,0x11,video_data_11,3
308,51,721432,721436,132,0x13,documented_unknown_13,0
309,51,721568,721572,0,0x04,start_stop_audio,0
310,51,721572,721576,6,0x07,send_buffer,1
311,51,721582,721586,0,0x01,end_of_chunk,0
312,52,721590,721594,1080,0x0F,set_decoding_map,0
313,52,722674,722678,14064,0x11,video_data_11,3
314,52,736742,736746,132,0x13,documented_unknown_13,0
315,52,736878,736882,0,0x04,start_stop_audio,0
316,52,736882,736886,6,0x07,send_buffer,1
317,52,736892,736896,0,0x01,end_of_chunk,0
318,53,736900,736904,1080,0x0F,set_decoding_map,0
319,53,737984,737988,14082,0x11,video_data_11,3
320,53,752070,752074,132,0x13,documented_unknown_13,0
321,53,752206,752210,0,0x04,start_stop_audio,0
322,53,752210,752214,6,0x07,send_buffer,1
323,53,752220,752224,0,0x01,end_of_chunk,0
324,54,752228,752232,1080,0x0F,set_decoding_map,0
325,54,753312,753316,14024,0x11,video_data_11,3
326,54,767340,767344,132,0x13,documented_unknown_13,0
327,54,767476,767480,0,0x04,start_stop_audio,0
328,54,767480,767484,6,0x07,send_buffer,1
329,54,767490,767494,0,0x01,end_of_chunk,0
330,55,767498,767502,1080,0x0F,set_decoding_map,0
331,55,768582,768586,14038,0x11,video_data_11,3
332,55,782624,782628,132,0x13,documented_unknown_13,0
333,55,782760,782764,0,0x04,start_stop_audio,0
334,55,782764,782768,6,0x07,send_buffer,1
335,55,782774,782778,0,0x01,end_of_chunk,0
336,56,782782,782786,1080,0x0F,set_decoding_map,0
337,56,783866,783870,14048,0x11,video_data_11,3
338,56,797918,797922,132,0x13,documented_unknown_13,0
339,56,798054,798058,0,0x04,start_stop_audio,0
340,56,798058,798062,6,0x07,send_buffer,1
341,56,798068,798072,0,0x01,end_of_chunk,0
342,57,798076,798080,1080,0x0F,set_decoding_map,0
343,57,799160,799164,14084,0x11,video_data_11,3
344,57,813248,813252,132,0x13,documented_unknown_13,0
345,57,813384,813388,0,0x04,start_stop_audio,0
346,57,813388,813392,6,0x07,send_buffer,1
347,57,813398,813402,0,0x01,end_of_chunk,0
348,58,813406,813410,1080,0x0F,set_decoding_map,0
349,58,814490,814494,14022,0x11,video_data_11,3
350,58,828516,828520,132,0x13,documented_unknown_13,0
351,58,828652,828656,0,0x04,start_stop_audio,0
352,58,828656,828660,6,0x07,send_buffer,1
353,58,828666,828670,0,0x01,end_of_chunk,0
354,59,828674,828678,1080,0x0F,set_decoding_map,0
355,59,829758,829762,14034,0x11,video_data_11,3
356,59,843796,843800,132,0x13,documented_unknown_13,0
357,59,843932,843936,0,0x04,start_stop_audio,0
358,59,843936,843940,6,0x07,send_buffer,1
359,59,843946,843950,0,0x01,end_of_chunk,0
360,60,843954,843958,1080,0x0F,set_decoding_map,0
361,60,845038,845042,14076,0x11,video_data_11,3
362,60,859118,859122,132,0x13,documented_unknown_13,0
363,60,859254,859258,0,0x04,start_stop_audio,0
364,60,859258,859262,6,0x07,send_buffer,1
365,60,859268,859272,0,0x01,end_of_chunk,0
366,61,859276,859280,1080,0x0F,set_decoding_map,0
367,61,860360,860364,14050,0x11,video_data_11,3
368,61,874414,874418,132,0x13,documented_unknown_13,0
369,61,874550,874554,0,0x04,start_stop_audio,0
370,61,874554,874558,6,0x07,send_buffer,1
371,61,874564,874568,0,0x01,end_of_chunk,0
372,62,874572,874576,1080,0x0F,set_decoding_map,0
373,62,875656,875660,14056,0x11,video_data_11,3
374,62,889716,889720,132,0x13,documented_unknown_13,0
375,62,889852,889856,0,0x04,start_stop_audio,0
376,62,889856,889860,6,0x07,send_buffer,1
377,62,889866,889870,0,0x01,end_of_chunk,0
378,63,889874,889878,1080,0x0F,set_decoding_map,0
379,63,890958,890962,14024,0x11,video_data_11,3
380,63,904986,904990,132,0x13,documented_unknown_13,0
381,63,905122,905126,0,0x04,start_stop_audio,0
382,63,905126,905130,6,0x07,send_buffer,1
383,63,905136,905140,0,0x01,end_of_chunk,0
384,64,905144,905148,1080,0x0F,set_decoding_map,0
385,64,906228,906232,14064,0x11,video_data_11,3
386,64,920296,920300,132,0x13,documented_unknown_13,0
387,64,920432,920436,0,0x04,start_stop_audio,0
388,64,920436,920440,6,0x07,send_buffer,1
389,64,920446,920450,0,0x01,end_of_chunk,0
390,65,920454,920458,1080,0x0F,set_decoding_map,0
391,65,921538,921542,14062,0x11,video_data_11,3
392,65,935604,935608,132,0x13,documented_unknown_13,0
393,65,935740,935744,0,0x04,start_stop_audio,0
394,65,935744,935748,6,0x07,send_buffer,1
395,65,935754,935758,0,0x01,end_of_chunk,0
396,66,935762,935766,1080,0x0F,set_decoding_map,0
397,66,936846,936850,14060,0x11,video_data_11,3
398,66,950910,950914,132,0x13,documented_unknown_13,0
399,66,951046,951050,0,0x04,start_stop_audio,0
400,66,951050,951054,6,0x07,send_buffer,1
401,66,951060,951064,0,0x01,end_of_chunk,0
402,67,951068,951072,1080,0x0F,set_decoding_map,0
403,67,952152,952156,14034,0x11,video_data_11,3
404,67,966190,966194,132,0x13,documented_unknown_13,0
405,67,966326,966330,0,0x04,start_stop_audio,0
406,67,966330,966334,6,0x07,send_buffer,1
407,67,966340,966344,0,0x01,end_of_chunk,0
408,68,966348,966352,1080,0x0F,set_decoding_map,0
409,68,967432,967436,14024,0x11,video_data_11,3
410,68,981460,981464,132,0x13,documented_unknown_13,0
411,68,981596,981600,0,0x04,start_stop_audio,0
412,68,981600,981604,6,0x07,send_buffer,1
413,68,981610,981614,0,0x01,end_of_chunk,0
414,69,981618,981622,1080,0x0F,set_decoding_map,0
415,69,982702,982706,14032,0x11,video_data_11,3
416,69,996738,996742,132,0x13,documented_unknown_13,0
417,69,996874,996878,0,0x04,start_stop_audio,0
418,69,996878,996882,6,0x07,send_buffer,1
419,69,996888,996892,0,0x01,end_of_chunk,0
420,70,996896,996900,1080,0x0F,set_decoding_map,0
421,70,997980,997984,14066,0x11,video_data_11,3
422,70,1012050,1012054,132,0x13,documented_unknown_13,0
423,70,1012186,1012190,0,0x04,start_stop_audio,0
424,70,1012190,1012194,6,0x07,send_buffer,1
425,70,1012200,1012204,0,0x01,end_of_chunk,0
426,71,1012208,1012212,1080,0x0F,set_decoding_map,0
427,71,1013292,1013296,14070,0x11,video_data_11,3
428,71,1027366,1027370,132,0x13,documented_unknown_13,0
429,71,1027502,1027506,0,0x04,start_stop_audio,0
430,71,1027506,1027510,6,0x07,send_buffer,1
431,71,1027516,1027520,0,0x01,end_of_chunk,0
432,72,1027524,1027528,1080,0x0F,set_decoding_map,0
433,72,1028608,1028612,14070,0x11,video_data_11,3
434,72,1042682,1042686,132,0x13,documented_unknown_13,0
435,72,1042818,1042822,0,0x04,start_stop_audio,0
436,72,1042822,1042826,6,0x07,send_buffer,1
437,72,1042832,1042836,0,0x01,end_of_chunk,0
438,73,1042840,1042844,1080,0x0F,set_decoding_map,0
439,73,1043924,1043928,14030,0x11,video_data_11,3
440,73,1057958,1057962,132,0x13,documented_unknown_13,0
441,73,1058094,1058098,0,0x04,start_stop_audio,0
442,73,1058098,1058102,6,0x07,send_buffer,1
443,73,1058108,1058112,0,0x01,end_of_chunk,0
444,74,1058116,1058120,1080,0x0F,set_decoding_map,0
445,74,1059200,1059204,14034,0x11,video_data_11,3
446,74,1073238,1073242,132,0x13,documented_unknown_13,0
447,74,1073374,1073378,0,0x04,start_stop_audio,0
448,74,1073378,1073382,6,0x07,send_buffer,1
449,74,1073388,1073392,0,0x01,end_of_chunk,0
450,75,1073396,1073400,1080,0x0F,set_decoding_map,0
451,75,1074480,1074484,14040,0x11,video_data_11,3
452,75,1088524,1088528,132,0x13,documented_unknown_13,0
453,75,1088660,1088664,0,0x04,start_stop_audio,0
454,75,1088664,1088668,6,0x07,send_buffer,1
455,75,1088674,1088678,0,0x01,end_of_chunk,0
456,76,1088682,1088686,1080,0x0F,set_decoding_map,0
457,76,1089766,1089770,14034,0x11,video_data_11,3
458,76,1103804,1103808,132,0x13,documented_unknown_13,0
459,76,1103940,1103944,0,0x04,start_stop_audio,0
460,76,1103944,1103948,6,0x07,send_buffer,1
461,76,1103954,1103958,0,0x01,end_of_chunk,0
462,77,1103962,1103966,1080,0x0F,set_decoding_map,0
463,77,1105046,1105050,14028,0x11,video_data_11,3
464,77,1119078,1119082,132,0x13,documented_unknown_13,0
465,77,1119214,1119218,0,0x04,start_stop_audio,0
466,77,1119218,1119222,6,0x07,send_buffer,1
467,77,1119228,1119232,0,0x01,end_of_chunk,0
468,78,1119236,1119240,1080,0x0F,set_decoding_map,0
469,78,1120320,1120324,14048,0x11,video_data_11,3
470,78,1134372,1134376,132,0x13,documented_unknown_13,0
471,78,1134508,1134512,0,0x04,start_stop_audio,0
472,78,1134512,1134516,6,0x07,send_buffer,1
473,78,1134522,1134526,0,0x01,end_of_chunk,0
474,79,1134530,1134534,1080,0x0F,set_decoding_map,0
475,79,1135614,1135618,14082,0x11,video_data_11,3
476,79,1149700,1149704,132,0x13,documented_unknown_13,0
477,79,1149836,1149840,0,0x04,start_stop_audio,0
478,79,1149840,1149844,6,0x07,send_buffer,1
479,79,1149850,1149854,0,0x01,end_of_chunk,0
480,80,1149858,1149862,1080,0x0F,set_decoding_map,0
481,80,1150942,1150946,14028,0x11,video_data_11,3
482,80,1164974,1164978,132,0x13,documented_unknown_13,0
483,80,1165110,1165114,0,0x04,start_stop_audio,0
484,80,1165114,1165118,6,0x07,send_buffer,1
485,80,1165124,1165128,0,0x01,end_of_chunk,0
486,81,1165132,1165136,1080,0x0F,set_decoding_map,0
487,81,1166216,1166220,14070,0x11,video_data_11,3
488,81,1180290,1180294,132,0x13,documented_unknown_13,0
489,81,1180426,1180430,0,0x04,start_stop_audio,0
490,81,1180430,1180434,6,0x07,send_buffer,1
491,81,1180440,1180444,0,0x01,end_of_chunk,0
492,82,1180448,1180452,1080,0x0F,set_decoding_map,0
493,82,1181532,1181536,14054,0x11,video_data_11,3
494,82,1195590,1195594,132,0x13,documented_unknown_13,0
495,82,1195726,1195730,0,0x04,start_stop_audio,0
496,82,1195730,1195734,6,0x07,send_buffer,1
497,82,1195740,1195744,0,0x01,end_of_chunk,0
498,83,1195748,1195752,1080,0x0F,set_decoding_map,0
499,83,1196832,1196836,14042,0x11,video_data_11,3
500,83,1210878,1210882,132,0x13,documented_unknown_13,0
501,83,1211014,1211018,0,0x04,start_stop_audio,0
502,83,1211018,1211022,6,0x07,send_buffer,1
503,83,1211028,1211032,0,0x01,end_of_chunk,0
504,84,1211036,1211040,1080,0x0F,set_decoding_map,0
505,84,1212120,1212124,14054,0x11,video_data_11,3
506,84,1226178,1226182,132,0x13,documented_unknown_13,0
507,84,1226314,1226318,0,0x04,start_stop_audio,0
508,84,1226318,1226322,6,0x07,send_buffer,1
509,84,1226328,1226332,0,0x01,end_of_chunk,0
510,85,1226336,1226340,1080,0x0F,set_decoding_map,0
511,85,1227420,1227424,14064,0x11,video_data_11,3
512,85,1241488,1241492,132,0x13,documented_unknown_13,0
513,85,1241624,1241628,0,0x04,start_stop_audio,0
514,85,1241628,1241632,6,0x07,send_buffer,1
515,85,1241638,1241642,0,0x01,end_of_chunk,0
516,86,1241646,1241650,1080,0x0F,set_decoding_map,0
517,86,1242730,1242734,14056,0x11,video_data_11,3
518,86,1256790,1256794,132,0x13,documented_unknown_13,0
519,86,1256926,1256930,0,0x04,start_stop_audio,0
520,86,1256930,1256934,6,0x07,send_buffer,1
521,86,1256940,1256944,0,0x01,end_of_chunk,0
522,87,1256948,1256952,1080,0x0F,set_decoding_map,0
523,87,1258032,1258036,14052,0x11,video_data_11,3
524,87,1272088,1272092,132,0x13,documented_unknown_13,0
525,87,1272224,1272228,0,0x04,start_stop_audio,0
526,87,1272228,1272232,6,0x07,send_buffer,1
527,87,1272238,1272242,0,0x01,end_of_chunk,0
528,88,1272246,1272250,1080,0x0F,set_decoding_map,0
529,88,1273330,1273334,14028,0x11,video_data_11,3
530,88,1287362,1287366,132,0x13,documented_unknown_13,0
531,88,1287498,1287502,0,0x04,start_stop_audio,0
532,88,1287502,1287506,6,0x07,send_buffer,1
533,88,1287512,1287516,0,0x01,end_of_chunk,0
534,89,1287520,1287524,1080,0x0F,set_decoding_map,0
535,89,1288604,1288608,14062,0x11,video_data_11,3
536,89,1302670,1302674,132,0x13,documented_unknown_13,0
537,89,1302806,1302810,0,0x04,start_stop_audio,0
538,89,1302810,1302814,6,0x07,send_buffer,1
539,89,1302820,1302824,0,0x01,end_of_chunk,0
540,90,1302828,1302832,1080,0x0F,set_decoding_map,0
541,90,1303912,1303916,14072,0x11,video_data_11,3
542,90,1317988,1317992,132,0x13,documented_unknown_13,0
543,90,1318124,1318128,0,0x04,start_stop_audio,0
544,90,1318128,1318132,6,0x07,send_buffer,1
545,90,1318138,1318142,0,0x01,end_of_chunk,0
546,91,1318146,1318150,1080,0x0F,set_decoding_map,0
547,91,1319230,1319234,14032,0x11,video_data_11,3
548,91,1333266,1333270,132,0x13,documented_unknown_13,0
549,91,1333402,1333406,0,0x04,start_stop_audio,0
550,91,1333406,1333410,6,0x07,send_buffer,1
551,91,1333416,1333420,0,0x01,end_of_chunk,0
552,92,1333424,1333428,1080,0x0F,set_decoding_map,0
553,92,1334508,1334512,14038,0x11,video_data_11,3
554,92,1348550,1348554,132,0x13,documented_unknown_13,0
555,92,1348686,1348690,0,0x04,start_stop_audio,0
556,92,1348690,1348694,6,0x07,send_buffer,1
557,92,1348700,1348704,0,0x01,end_of_chunk,0
558,93,1348708,1348712,1080,0x0F,set_decoding_map,0
559,93,1349792,1349796,14078,0x11,video_data_11,3
560,93,1363874,1363878,132,0x13,documented_unknown_13,0
561,93,1364010,1364014,0,0x04,start_stop_audio,0
562,93,1364014,1364018,6,0x07,send_buffer,1
563,93,1364024,1364028,0,0x01,end_of_chunk,0
564,94,1364032,1364036,1080,0x0F,set_decoding_map,0
565,94,1365116,1365120,14046,0x11,video_data_11,3
566,94,1379166,1379170,132,0x13,documented_unknown_13,0
567,94,1379302,1379306,0,0x04,start_stop_audio,0
568,94,1379306,1379310,6,0x07,send_buffer,1
569,94,1379316,1379320,0,0x01,end_of_chunk,0
570,95,1379324,1379328,1080,0x0F,set_decoding_map,0
571,95,1380408,1380412,14060,0x11,video_data_11,3
572,95,1394472,1394476,132,0x13,documented_unknown_13,0
573,95,1394608,1394612,0,0x04,start_stop_audio,0
574,95,1394612,1394616,6,0x07,send_buffer,1
575,95,1394622,1394626,0,0x01,end_of_chunk,0
576,96,1394630,1394634,1080,0x0F,set_decoding_map,0
577,96,1395714,1395718,14024,0x11,video_data_11,3
578,96,1409742,1409746,132,0x13,documented_unknown_13,0
579,96,1409878,1409882,0,0x04,start_stop_audio,0
580,96,1409882,1409886,6,0x07,send_buffer,1
581,96,1409892,1409896,0,0x01,end_of_chunk,0
582,97,1409900,1409904,1080,0x0F,set_decoding_map,0
583,97,1410984,1410988,14058,0x11,video_data_11,3
584,97,1425046,1425050,132,0x13,documented_unknown_13,0
585,97,1425182,1425186,0,0x04,start_stop_audio,0
586,97,1425186,1425190,6,0x07,send_buffer,1
587,97,1425196,1425200,0,0x01,end_of_chunk,0
588,98,1425204,1425208,1080,0x0F,set_decoding_map,0
589,98,1426288,1426292,14028,0x11,video_data_11,3
590,98,1440320,1440324,132,0x13,documented_unknown_13,0
591,98,1440456,1440460,0,0x04,start_stop_audio,0
592,98,1440460,1440464,6,0x07,send_buffer,1
593,98,1440470,1440474,0,0x01,end_of_chunk,0
594,99,1440478,1440482,1080,0x0F,set_decoding_map,0
595,99,1441562,1441566,14030,0x11,video_data_11,3
596,99,1455596,1455600,132,0x13,documented_unknown_13,0
597,99,1455732,1455736,0,0x04,start_stop_audio,0
598,99,1455736,1455740,6,0x07,send_buffer,1
599,99,1455746,1455750,0,0x01,end_of_chunk,0
600,100,1455754,1455758,1080,0x0F,set_decoding_map,0
601,100,1456838,1456842,14080,0x11,video_data_11,3
602,100,1470922,1470926,132,0x13,documented_unknown_13,0
603,100,1471058,1471062,0,0x04,start_stop_audio,0
604,100,1471062,1471066,6,0x07,send_buffer,1
605,100,1471072,1471076,0,0x01,end_of_chunk,0
606,101,1471080,1471084,1080,0x0F,set_decoding_map,0
607,101,1472164,1472168,14080,0x11,video_data_11,3
608,101,1486248,1486252,132,0x13,documented_unknown_13,0
609,101,1486384,1486388,0,0x04,start_stop_audio,0
610,101,1486388,1486392,6,0x07,send_buffer,1
611,101,1486398,1486402,0,0x01,end_of_chunk,0
612,102,1486406,1486410,1080,0x0F,set_decoding_map,0
613,102,1487490,1487494,14042,0x11,video_data_11,3
614,102,1501536,1501540,132,0x13,documented_unknown_13,0
615,102,1501672,1501676,0,0x04,start_stop_audio,0
616,102,1501676,1501680,6,0x07,send_buffer,1
617,102,1501686,1501690,0,0x01,end_of_chunk,0
618,103,1501694,1501698,1080,0x0F,set_decoding_map,0
619,103,1502778,1502782,14056,0x11,video_data_11,3
620,103,1516838,1516842,132,0x13,documented_unknown_13,0
621,103,1516974,1516978,0,0x04,start_stop_audio,0
622,103,1516978,1516982,6,0x07,send_buffer,1
623,103,1516988,1516992,0,0x01,end_of_chunk,0
624,104,1516996,1517000,1080,0x0F,set_decoding_map,0
625,104,1518080,1518084,14030,0x11,video_data_11,3
626,104,1532114,1532118,132,0x13,documented_unknown_13,0
627,104,1532250,1532254,0,0x04,start_stop_audio,0
628,104,1532254,1532258,6,0x07,send_buffer,1
629,104,1532264,1532268,0,0x01,end_of_chunk,0
630,105,1532272,1532276,1080,0x0F,set_decoding_map,0
631,105,1533356,1533360,14028,0x11,video_data_11,3
632,105,1547388,1547392,132,0x13,documented_unknown_13,0
633,105,1547524,1547528,0,0x04,start_stop_audio,0
634,105,1547528,1547532,6,0x07,send_buffer,1
635,105,1547538,1547542,0,0x01,end_of_chunk,0
636,106,1547546,1547550,1080,0x0F,set_decoding_map,0
637,106,1548630,1548634,14046,0x11,video_data_11,3
638,106,1562680,1562684,132,0x13,documented_unknown_13,0
639,106,1562816,1562820,0,0x04,start_stop_audio,0
640,106,1562820,1562824,6,0x07,send_buffer,1
641,106,1562830,1562834,0,0x01,end_of_chunk,0
642,107,1562838,1562842,1080,0x0F,set_decoding_map,0
643,107,1563922,1563926,14058,0x11,video_data_11,3
644,107,1577984,1577988,132,0x13,documented_unknown_13,0
645,107,1578120,1578124,0,0x04,start_stop_audio,0
646,107,1578124,1578128,6,0x07,send_buffer,1
647,107,1578134,1578138,0,0x01,end_of_chunk,0
648,108,1578142,1578146,1080,0x0F,set_decoding_map,0
649,108,1579226,1579230,14052,0x11,video_data_11,3
650,108,1593282,1593286,132,0x13,documented_unknown_13,0
651,108,1593418,1593422,0,0x04,start_stop_audio,0
652,108,1593422,1593426,6,0x07,send_buffer,1
653,108,1593432,1593436,0,0x01,end_of_chunk,0
654,109,1593440,1593444,1080,0x0F,set_decoding_map,0
655,109,1594524,1594528,14046,0x11,video_data_11,3
656,109,1608574,1608578,132,0x13,documented_unknown_13,0
657,109,1608710,1608714,0,0x04,start_stop_audio,0
658,109,1608714,1608718,6,0x07,send_buffer,1
659,109,1608724,1608728,0,0x01,end_of_chunk,0
660,110,1608732,1608736,1080,0x0F,set_decoding_map,0
661,110,1609816,1609820,14056,0x11,video_data_11,3
662,110,1623876,1623880,132,0x13,documented_unknown_13,0
663,110,1624012,1624016,0,0x04,start_stop_audio,0
664,110,1624016,1624020,6,0x07,send_buffer,1
665,110,1624026,1624030,0,0x01,end_of_chunk,0
666,111,1624034,1624038,1080,0x0F,set_decoding_map,0
667,111,1625118,1625122,14040,0x11,video_data_11,3
668,111,1639162,1639166,132,0x13,documented_unknown_13,0
669,111,1639298,1639302,0,0x04,start_stop_audio,0
670,111,1639302,1639306,6,0x07,send_buffer,1
671,111,1639312,1639316,0,0x01,end_of_chunk,0
672,112,1639320,1639324,1080,0x0F,set_decoding_map,0
673,112,1640404,1640408,14076,0x11,video_data_11,3
674,112,1654484,1654488,132,0x13,documented_unknown_13,0
675,112,1654620,1654624,0,0x04,start_stop_audio,0
676,112,1654624,1654628,6,0x07,send_buffer,1
677,112,1654634,1654638,0,0x01,end_of_chunk,0
678,113,1654642,1654646,1080,0x0F,set_decoding_map,0
679,113,1655726,1655730,14054,0x11,video_data_11,3
680,113,1669784,1669788,132,0x13,documented_unknown_13,0
681,113,1669920,1669924,0,0x04,start_stop_audio,0
682,113,1669924,1669928,6,0x07,send_buffer,1
683,113,1669934,1669938,0,0x01,end_of_chunk,0
684,114,1669942,1669946,1080,0x0F,set_decoding_map,0
685,114,1671026,1671030,14082,0x11,video_data_11,3
686,114,1685112,1685116,132,0x13,documented_unknown_13,0
687,114,1685248,1685252,0,0x04,start_stop_audio,0
688,114,1685252,1685256,6,0x07,send_buffer,1
689,114,1685262,1685266,0,0x01,end_of_chunk,0
690,115,1685270,1685274,1080,0x0F,set_decoding_map,0
691,115,1686354,1686358,14044,0x11,video_data_11,3
692,115,1700402,1700406,132,0x13,documented_unknown_13,0
693,115,1700538,1700542,0,0x04,start_stop_audio,0
694,115,1700542,1700546,6,0x07,send_buffer,1
695,115,1700552,1700556,0,0x01,end_of_chunk,0
696,116,1700560,1700564,1080,0x0F,set_decoding_map,0
697,116,1701644,1701648,14030,0x11,video_data_11,3
698,116,1715678,1715682,132,0x13,documented_unknown_13,0
699,116,1715814,1715818,0,0x04,start_stop_audio,0
700,116,1715818,1715822,6,0x07,send_buffer,1
701,116,1715828,1715832,0,0x01,end_of_chunk,0
702,117,1715836,1715840,1080,0x0F,set_decoding_map,0
703,117,1716920,1716924,14068,0x11,video_data_11,3
704,117,1730992,1730996,132,0x13,documented_unknown_13,0
705,117,1731128,1731132,0,0x04,start_stop_audio,0
706,117,1731132,1731136,6,0x07,send_buffer,1
707,117,1731142,1731146,0,0x01,end_of_chunk,0
708,118,1731150,1731154,1080,0x0F,set_decoding_map,0
709,118,1732234,1732238,14026,0x11,video_data_11,3
710,118,1746264,1746268,132,0x13,documented_unknown_13,0
711,118,1746400,1746404,0,0x04,start_stop_audio,0
712,118,1746404,1746408,6,0x07,send_buffer,1
713,118,1746414,1746418,0,0x01,end_of_chunk,0
714,119,1746422,1746426,1080,0x0F,set_decoding_map,0
715,119,1747506,1747510,14024,0x11,video_data_11,3
716,119,1761534,1761538,132,0x13,documented_unknown_13,0
717,119,1761670,1761674,0,0x04,start_stop_audio,0
718,119,1761674,1761678,6,0x07,send_buffer,1
719,119,1761684,1761688,0,0x01,end_of_chunk,0
720,120,1761692,1761696,1080,0x0F,set_decoding_map,0
721,120,1762776,1762780,14068,0x11,video_data_11,3
722,120,1776848,1776852,132,0x13,documented_unknown_13,0
723,120,1776984,1776988,0,0x04,start_stop_audio,0
724,120,1776988,1776992,6,0x07,send_buffer,1
725,120,1776998,1777002,0,0x01,end_of_chunk,0
726,121,1777006,1777010,1080,0x0F,set_decoding_map,0
727,121,1778090,1778094,14032,0x11,video_data_11,3
728,121,1792126,1792130,132,0x13,documented_unknown_13,0
729,121,1792262,1792266,0,0x04,start_stop_audio,0
730,121,1792266,1792270,6,0x07,send_buffer,1
731,121,1792276,1792280,0,0x01,end_of_chunk,0
732,122,1792284,1792288,1080,0x0F,set_decoding_map,0
733,122,1793368,1793372,14068,0x11,video_data_11,3
734,122,1807440,1807444,132,0x13,documented_unknown_13,0
735,122,1807576,1807580,0,0x04,start_stop_audio,0
736,122,1807580,1807584,6,0x07,send_buffer,1
737,122,1807590,1807594,0,0x01,end_of_chunk,0
738,123,1807598,1807602,1080,0x0F,set_decoding_map,0
739,123,1808682,1808686,14060,0x11,video_data_11,3
740,123,1822746,1822750,132,0x13,documented_unknown_13,0
741,123,1822882,1822886,0,0x04,start_stop_audio,0
742,123,1822886,1822890,6,0x07,send_buffer,1
743,123,1822896,1822900,0,0x01,end_of_chunk,0
744,124,1822904,1822908,1080,0x0F,set_decoding_map,0
745,124,1823988,1823992,14042,0x11,video_data_11,3
746,124,1838034,1838038,132,0x13,documented_unknown_13,0
747,124,1838170,1838174,0,0x04,start_stop_audio,0
748,124,1838174,1838178,6,0x07,send_buffer,1
749,124,1838184,1838188,0,0x01,end_of_chunk,0
750,125,1838192,1838196,1080,0x0F,set_decoding_map,0
751,125,1839276,1839280,14076,0x11,video_data_11,3
752,125,1853356,1853360,132,0x13,documented_unknown_13,0
753,125,1853492,1853496,0,0x04,start_stop_audio,0
754,125,1853496,1853500,6,0x07,send_buffer,1
755,125,1853506,1853510,0,0x01,end_of_chunk,0
756,126,1853514,1853518,1080,0x0F,set_decoding_map,0
757,126,1854598,1854602,14072,0x11,video_data_11,3
758,126,1868674,1868678,132,0x13,documented_unknown_13,0
759,126,1868810,1868814,0,0x04,start_stop_audio,0
760,126,1868814,1868818,6,0x07,send_buffer,1
761,126,1868824,1868828,0,0x01,end_of_chunk,0
762,127,1868832,1868836,1080,0x0F,set_decoding_map,0
763,127,1869916,1869920,14026,0x11,video_data_11,3
764,127,1883946,1883950,132,0x13,documented_unknown_13,0
765,127,1884082,1884086,0,0x04,start_stop_audio,0
766,127,1884086,1884090,6,0x07,send_buffer,1
767,127,1884096,1884100,0,0x01,end_of_chunk,0
768,128,1884104,1884108,1080,0x0F,set_decoding_map,0
769,128,1885188,1885192,14022,0x11,video_data_11,3
770,128,1899214,1899218,132,0x13,documented_unknown_13,0
771,128,1899350,1899354,0,0x04,start_stop_audio,0
772,128,1899354,1899358,6,0x07,send_buffer,1
773,128,1899364,1899368,0,0x01,end_of_chunk,0
774,129,1899372,1899376,1080,0x0F,set_decoding_map,0
775,129,1900456,1900460,14068,0x11,video_data_11,3
776,129,1914528,1914532,132,0x13,documented_unknown_13,0
777,129,1914664,1914668,0,0x04,start_stop_audio,0
778,129,1914668,1914672,6,0x07,send_buffer,1
779,129,1914678,1914682,0,0x01,end_of_chunk,0
780,130,1914686,1914690,1080,0x0F,set_decoding_map,0
781,130,1915770,1915774,14034,0x11,video_data_11,3
782,130,1929808,1929812,132,0x13,documented_unknown_13,0
783,130,1929944,1929948,0,0x04,start_stop_audio,0
784,130,1929948,1929952,6,0x07,send_buffer,1
785,130,1929958,1929962,0,0x01,end_of_chunk,0
786,131,1929966,1929970,1080,0x0F,set_decoding_map,0
787,131,1931050,1931054,14028,0x11,video_data_11,3
788,131,1945082,1945086,132,0x13,documented_unknown_13,0
789,131,1945218,1945222,0,0x04,start_stop_audio,0
790,131,1945222,1945226,6,0x07,send_buffer,1
791,131,1945232,1945236,0,0x01,end_of_chunk,0
792,132,1945240,1945244,1080,0x0F,set_decoding_map,0
793,132,1946324,1946328,14074,0x11,video_data_11,3
794,132,1960402,1960406,132,0x13,documented_unknown_13,0
795,132,1960538,1960542,0,0x04,start_stop_audio,0
796,132,1960542,1960546,6,0x07,send_buffer,1
797,132,1960552,1960556,0,0x01,end_of_chunk,0
798,133,1960560,1960564,1080,0x0F,set_decoding_map,0
799,133,1961644,1961648,14072,0x11,video_data_11,3
800,133,1975720,1975724,132,0x13,documented_unknown_13,0
801,133,1975856,1975860,0,0x04,start_stop_audio,0
802,133,1975860,1975864,6,0x07,send_buffer,1
803,133,1975870,1975874,0,0x01,end_of_chunk,0
804,134,1975878,1975882,1080,0x0F,set_decoding_map,0
805,134,1976962,1976966,14024,0x11,video_data_11,3
806,134,1990990,1990994,132,0x13,documented_unknown_13,0
807,134,1991126,1991130,0,0x04,start_stop_audio,0
808,134,1991130,1991134,6,0x07,send_buffer,1
809,134,1991140,1991144,0,0x01,end_of_chunk,0
810,135,1991148,1991152,1080,0x0F,set_decoding_map,0
811,135,1992232,1992236,14028,0x11,video_data_11,3
812,135,2006264,2006268,132,0x13,documented_unknown_13,0
813,135,2006400,2006404,0,0x04,start_stop_audio,0
814,135,2006404,2006408,6,0x07,send_buffer,1
815,135,2006414,2006418,0,0x01,end_of_chunk,0
816,136,2006422,2006426,1080,0x0F,set_decoding_map,0
817,136,2007506,2007510,14052,0x11,video_data_11,3
818,136,2021562,2021566,132,0x13,documented_unknown_13,0
819,136,2021698,2021702,0,0x04,start_stop_audio,0
820,136,2021702,2021706,6,0x07,send_buffer,1
821,136,2021712,2021716,0,0x01,end_of_chunk,0
822,137,2021720,2021724,1080,0x0F,set_decoding_map,0
823,137,2022804,2022808,14054,0x11,video_data_11,3
824,137,2036862,2036866,132,0x13,documented_unknown_13,0
825,137,2036998,2037002,0,0x04,start_stop_audio,0
826,137,2037002,2037006,6,0x07,send_buffer,1
827,137,2037012,2037016,0,0x01,end_of_chunk,0
828,138,2037020,2037024,1080,0x0F,set_decoding_map,0
829,138,2038104,2038108,14080,0x11,video_data_11,3
830,138,2052188,2052192,132,0x13,documented_unknown_13,0
831,138,2052324,2052328,0,0x04,start_stop_audio,0
832,138,2052328,2052332,6,0x07,send_buffer,1
833,138,2052338,2052342,0,0x01,end_of_chunk,0
834,139,2052346,2052350,1080,0x0F,set_decoding_map,0
835,139,2053430,2053434,14084,0x11,video_data_11,3
836,139,2067518,2067522,132,0x13,documented_unknown_13,0
837,139,2067654,2067658,0,0x04,start_stop_audio,0
838,139,2067658,2067662,6,0x07,send_buffer,1
839,139,2067668,2067672,0,0x01,end_of_chunk,0
840,140,2067676,2067680,1080,0x0F,set_decoding_map,0
841,140,2068760,2068764,14038,0x11,video_data_11,3
842,140,2082802,2082806,132,0x13,documented_unknown_13,0
843,140,2082938,2082942,0,0x04,start_stop_audio,0
844,140,2082942,2082946,6,0x07,send_buffer,1
845,140,2082952,2082956,0,0x01,end_of_chunk,0
846,141,2082960,2082964,1080,0x0F,set_decoding_map,0
847,141,2084044,2084048,14066,0x11,video_data_11,3
848,141,2098114,2098118,132,0x13,documented_unknown_13,0
849,141,2098250,2098254,0,0x04,start_stop_audio,0
850,141,2098254,2098258,6,0x07,send_buffer,1
851,141,2098264,2098268,0,0x01,end_of_chunk,0
852,142,2098272,2098276,1080,0x0F,set_decoding_map,0
853,142,2099356,2099360,14072,0x11,video_data_11,3
854,142,2113432,2113436,132,0x13,documented_unknown_13,0
855,142,2113568,2113572,0,0x04,start_stop_audio,0
856,142,2113572,2113576,6,0x07,send_buffer,1
857,142,2113582,2113586,0,0x01,end_of_chunk,0
858,143,2113590,2113594,1080,0x0F,set_decoding_map,0
859,143,2114674,2114678,14042,0x11,video_data_11,3
860,143,2128720,2128724,132,0x13,documented_unknown_13,0
861,143,2128856,2128860,0,0x04,start_stop_audio,0
862,143,2128860,2128864,6,0x07,send_buffer,1
863,143,2128870,2128874,0,0x01,end_of_chunk,0
864,144,2128878,2128882,1080,0x0F,set_decoding_map,0
865,144,2129962,2129966,14078,0x11,video_data_11,3
866,144,2144044,2144048,132,0x13,documented_unknown_13,0
867,144,2144180,2144184,0,0x04,start_stop_audio,0
868,144,2144184,2144188,6,0x07,send_buffer,1
869,144,2144194,2144198,0,0x01,end_of_chunk,0
870,145,2144202,2144206,1080,0x0F,set_decoding_map,0
871,145,2145286,2145290,14034,0x11,video_data_11,3
872,145,2159324,2159328,132,0x13,documented_unknown_13,0
873,145,2159460,2159464,0,0x04,start_stop_audio,0
874,145,2159464,2159468,6,0x07,send_buffer,1
875,145,2159474,2159478,0,0x01,end_of_chunk,0
876,146,2159482,2159486,1080,0x0F,set_decoding_map,0
877,146,2160566,2160570,14070,0x11,video_data_11,3
878,146,2174640,2174644,132,0x13,documented_unknown_13,0
879,146,2174776,2174780,0,0x04,start_stop_audio,0
880,146,2174780,2174784,6,0x07,send_buffer,1
881,146,2174790,2174794,0,0x01,end_of_chunk,0
882,147,2174798,2174802,1080,0x0F,set_decoding_map,0
883,147,2175882,2175886,14048,0x11,video_data_11,3
884,147,2189934,2189938,132,0x13,documented_unknown_13,0
885,147,2190070,2190074,0,0x04,start_stop_audio,0
886,147,2190074,2190078,6,0x07,send_buffer,1
887,147,2190084,2190088,0,0x01,end_of_chunk,0
888,148,2190092,2190096,1080,0x0F,set_decoding_map,0
889,148,2191176,2191180,14028,0x11,video_data_11,3
890,148,2205208,2205212,132,0x13,documented_unknown_13,0
891,148,2205344,2205348,0,0x04,start_stop_audio,0
892,148,2205348,2205352,6,0x07,send_buffer,1
893,148,2205358,2205362,0,0x01,end_of_chunk,0
894,149,2205366,2205370,1080,0x0F,set_decoding_map,0
895,149,2206450,2206454,14042,0x11,video_data_11,3
896,149,2220496,2220500,132,0x13,documented_unknown_13,0
897,149,2220632,2220636,0,0x04,start_stop_audio,0
898,149,2220636,2220640,6,0x07,send_buffer,1
899,149,2220646,2220650,0,0x01,end_of_chunk,0
900,150,2220654,2220658,1080,0x0F,set_decoding_map,0
901,150,2221738,2221742,14070,0x11,video_data_11,3
902,150,2235812,2235816,132,0x13,documented_unknown_13,0
903,150,2235948,2235952,0,0x04,start_stop_audio,0
904,150,2235952,2235956,6,0x07,send_buffer,1
905,150,2235962,2235966,0,0x01,end_of_chunk,0
906,151,2235970,2235974,1080,0x0F,set_decoding_map,0
907,151,2237054,2237058,14062,0x11,video_data_11,3
908,151,2251120,2251124,132,0x13,documented_unknown_13,0
909,151,2251256,2251260,0,0x04,start_stop_audio,0
910,151,2251260,2251264,6,0x07,send_buffer,1
911,151,2251270,2251274,0,0x01,end_of_chunk,0
912,152,2251278,2251282,1080,0x0F,set_decoding_map,0
913,152,2252362,2252366,14054,0x11,video_data_11,3
914,152,2266420,2266424,132,0x13,documented_unknown_13,0
915,152,2266556,2266560,0,0x04,start_stop_audio,0
916,152,2266560,2266564,6,0x07,send_buffer,1
917,152,2266570,2266574,0,0x01,end_of_chunk,0
918,153,2266578,2266582,1080,0x0F,set_decoding_map,0
919,153,2267662,2267666,14022,0x11,video_data_11,3
920,153,2281688,2281692,132,0x13,documented_unknown_13,0
921,153,2281824,2281828,0,0x04,start_stop_audio,0
922,153,2281828,2281832,6,0x07,send_buffer,1
923,153,2281838,2281842,0,0x01,end_of_chunk,0
924,154,2281846,2281850,1080,0x0F,set_decoding_map,0
925,154,2282930,2282934,14054,0x11,video_data_11,3
926,154,2296988,2296992,132,0x13,documented_unknown_13,0
927,154,2297124,2297128,0,0x04,start_stop_audio,0
928,154,2297128,2297132,6,0x07,send_buffer,1
929,154,2297138,2297142,0,0x01,end_of_chunk,0
930,155,2297146,2297150,1080,0x0F,set_decoding_map,0
931,155,2298230,2298234,14060,0x11,video_data_11,3
932,155,2312294,2312298,132,0x13,documented_unknown_13,0
933,155,2312430,2312434,0,0x04,start_stop_audio,0
934,155,2312434,2312438,6,0x07,send_buffer,1
935,155,2312444,2312448,0,0x01,end_of_chunk,0
936,156,2312452,2312456,1080,0x0F,set_decoding_map,0
937,156,2313536,2313540,14046,0x11,video_data_11,3
938,156,2327586,2327590,132,0x13,documented_unknown_13,0
939,156,2327722,2327726,0,0x04,start_stop_audio,0
940,156,2327726,2327730,6,0x07,send_buffer,1
941,156,2327736,2327740,0,0x01,end_of_chunk,0
942,157,2327744,2327748,1080,0x0F,set_decoding_map,0
943,157,2328828,2328832,14058,0x11,video_data_11,3
944,157,2342890,2342894,132,0x13,documented_unknown_13,0
945,157,2343026,2343030,0,0x04,start_stop_audio,0
946,157,2343030,2343034,6,0x07,send_buffer,1
947,157,2343040,2343044,0,0x01,end_of_chunk,0
948,158,2343048,2343052,1080,0x0F,set_decoding_map,0
949,158,2344132,2344136,14056,0x11,video_data_11,3
950,158,2358192,2358196,132,0x13,documented_unknown_13,0
951,158,2358328,2358332,0,0x04,start_stop_audio,0
952,158,2358332,2358336,6,0x07,send_buffer,1
953,158,2358342,2358346,0,0x01,end_of_chunk,0
954,159,2358350,2358354,1080,0x0F,set_decoding_map,0
955,159,2359434,2359438,14060,0x11,video_data_11,3
956,159,2373498,2373502,132,0x13,documented_unknown_13,0
957,159,2373634,2373638,0,0x04,start_stop_audio,0
958,159,2373638,2373642,6,0x07,send_buffer,1
959,159,2373648,2373652,0,0x01,end_of_chunk,0
960,160,2373656,2373660,1080,0x0F,set_decoding_map,0
961,160,2374740,2374744,14050,0x11,video_data_11,3
962,160,2388794,2388798,132,0x13,documented_unknown_13,0
963,160,2388930,2388934,0,0x04,start_stop_audio,0
964,160,2388934,2388938,6,0x07,send_buffer,1
965,160,2388944,2388948,0,0x01,end_of_chunk,0
966,161,2388952,2388956,1080,0x0F,set_decoding_map,0
967,161,2390036,2390040,14052,0x11,video_data_11,3
968,161,2404092,2404096,132,0x13,documented_unknown_13,0
969,161,2404228,2404232,0,0x04,start_stop_audio,0
970,161,2404232,2404236,6,0x07,send_buffer,1
971,161,2404242,2404246,0,0x01,end_of_chunk,0
972,162,2404250,2404254,1080,0x0F,set_decoding_map,0
973,162,2405334,2405338,14066,0x11,video_data_11,3
974,162,2419404,2419408,132,0x13,documented_unknown_13,0
975,162,2419540,2419544,0,0x04,start_stop_audio,0
976,162,2419544,2419548,6,0x07,send_buffer,1
977,162,2419554,2419558,0,0x01,end_of_chunk,0
978,163,2419562,2419566,1080,0x0F,set_decoding_map,0
979,163,2420646,2420650,14030,0x11,video_data_11,3
980,163,2434680,2434684,132,0x13,documented_unknown_13,0
981,163,2434816,2434820,0,0x04,start_stop_audio,0
982,163,2434820,2434824,6,0x07,send_buffer,1
983,163,2434830,2434834,0,0x01,end_of_chunk,0
984,164,2434838,2434842,1080,0x0F,set_decoding_map,0
985,164,2435922,2435926,14024,0x11,video_data_11,3
986,164,2449950,2449954,132,0x13,documented_unknown_13,0
987,164,2450086,2450090,0,0x04,start_stop_audio,0
988,164,2450090,2450094,6,0x07,send_buffer,1
989,164,2450100,2450104,0,0x01,end_of_chunk,0
990,165,2450108,2450112,1080,0x0F,set_decoding_map,0
991,165,2451192,2451196,14026,0x11,video_data_11,3
992,165,2465222,2465226,132,0x13,documented_unknown_13,0
993,165,2465358,2465362,0,0x04,start_stop_audio,0
994,165,2465362,2465366,6,0x07,send_buffer,1
995,165,2465372,2465376,0,0x01,end_of_chunk,0
996,166,2465380,2465384,1080,0x0F,set_decoding_map,0
997,166,2466464,2466468,14074,0x11,video_data_11,3
998,166,2480542,2480546,132,0x13,documented_unknown_13,0
999,166,2480678,2480682,0,0x04,start_stop_audio,0
1000,166,2480682,2480686,6,0x07,send_buffer,1
1001,166,2480692,2480696,0,0x01,end_of_chunk,0
1002,167,2480700,2480704,1080,0x0F,set_decoding_map,0
1003,167,2481784,2481788,14044,0x11,video_data_11,3
1004,167,2495832,2495836,132,0x13,documented_unknown_13,0
1005,167,2495968,2495972,0,0x04,start_stop_audio,0
1006,167,2495972,2495976,6,0x07,send_buffer,1
1007,167,2495982,2495986,0,0x01,end_of_chunk,0
1008,168,2495990,2495994,1080,0x0F,set_decoding_map,0
1009,168,2497074,2497078,14068,0x11,video_data_11,3
1010,168,2511146,2511150,132,0x13,documented_unknown_13,0
1011,168,2511282,2511286,0,0x04,start_stop_audio,0
1012,168,2511286,2511290,6,0x07,send_buffer,1
1013,168,2511296,2511300,0,0x01,end_of_chunk,0
1014,169,2511304,2511308,1080,0x0F,set_decoding_map,0
1015,169,2512388,2512392,14036,0x11,video_data_11,3
1016,169,2526428,2526432,132,0x13,documented_unknown_13,0
1017,169,2526564,2526568,0,0x04,start_stop_audio,0
1018,169,2526568,2526572,6,0x07,send_buffer,1
1019,169,2526578,2526582,0,0x01,end_of_chunk,0
1020,170,2526586,2526590,1080,0x0F,set_decoding_map,0
1021,170,2527670,2527674,14052,0x11,video_data_11,3
1022,170,2541726,2541730,132,0x13,documented_unknown_13,0
1023,170,2541862,2541866,0,0x04,start_stop_audio,0
1024,170,2541866,2541870,6,0x07,send_buffer,1
1025,170,2541876,2541880,0,0x01,end_of_chunk,0
1026,171,2541884,2541888,1080,0x0F,set_decoding_map,0
1027,171,2542968,2542972,14046,0x11,video_data_11,3
1028,171,2557018,2557022,132,0x13,documented_unknown_13,0
1029,171,2557154,2557158,0,0x04,start_stop_audio,0
1030,171,2557158,2557162,6,0x07,send_buffer,1
1031,171,2557168,2557172,0,0x01,end_of_chunk,0
1032,172,2557176,2557180,1080,0x0F,set_decoding_map,0
1033,172,2558260,2558264,14070,0x11,video_data_11,3
1034,172,2572334,2572338,132,0x13,documented_unknown_13,0
1035,172,2572470,2572474,0,0x04,start_stop_audio,0
1036,172,2572474,2572478,6,0x07,send_buffer,1
1037,172,2572484,2572488,0,0x01,end_of_chunk,0
1038,173,2572492,2572496,1080,0x0F,set_decoding_map,0
1039,173,2573576,2573580,14034,0x11,video_data_11,3
1040,173,2587614,2587618,132,0x13,documented_unknown_13,0
1041,173,2587750,2587754,0,0x04,start_stop_audio,0
1042,173,2587754,2587758,6,0x07,send_buffer,1
1043,173,2587764,2587768,0,0x01,end_of_chunk,0
1044,174,2587772,2587776,1080,0x0F,set_decoding_map,0
1045,174,2588856,2588860,14032,0x11,video_data_11,3
1046,174,2602892,2602896,132,0x13,documented_unknown_13,0
1047,174,2603028,2603032,0,0x04,start_stop_audio,0
1048,174,2603032,2603036,6,0x07,send_buffer,1
1049,174,2603042,2603046,0,0x01,end_of_chunk,0
1050,175,2603050,2603054,1080,0x0F,set_decoding_map,0
1051,175,2604134,2604138,14042,0x11,video_data_11,3
1052,175,2618180,2618184,132,0x13,documented_unknown_13,0
1053,175,2618316,2618320,0,0x04,start_stop_audio,0
1054,175,2618320,2618324,6,0x07,send_buffer,1
1055,175,2618330,2618334,0,0x01,end_of_chunk,0
1056,176,2618338,2618342,1080,0x0F,set_decoding_map,0
1057,176,2619422,2619426,14070,0x11,video_data_11,3
1058,176,2633496,2633500,132,0x13,documented_unknown_13,0
1059,176,2633632,2633636,0,0x04,start_stop_audio,0
1060,176,2633636,2633640,6,0x07,send_buffer,1
1061,176,2633646,2633650,0,0x01,end_of_chunk,0
1062,177,2633654,2633658,1080,0x0F,set_decoding_map,0
1063,177,2634738,2634742,14072,0x11,video_data_11,3
1064,177,2648814,2648818,132,0x13,documented_unknown_13,0
1065,177,2648950,2648954,0,0x04,start_stop_audio,0
1066,177,2648954,2648958,6,0x07,send_buffer,1
1067,177,2648964,2648968,0,0x01,end_of_chunk,0
1068,178,2648972,2648976,1080,0x0F,set_decoding_map,0
1069,178,2650056,2650060,14082,0x11,video_data_11,3
1070,178,2664142,2664146,132,0x13,documented_unknown_13,0
1071,178,2664278,2664282,0,0x04,start_stop_audio,0
1072,178,2664282,2664286,6,0x07,send_buffer,1
1073,178,2664292,2664296,0,0x01,end_of_chunk,0
1074,179,2664300,2664304,1080,0x0F,set_decoding_map,0
1075,179,2665384,2665388,14062,0x11,video_data_11,3
1076,179,2679450,2679454,132,0x13,documented_unknown_13,0
1077,179,2679586,2679590,0,0x04,start_stop_audio,0
1078,179,2679590,2679594,6,0x07,send_buffer,1
1079,179,2679600,2679604,0,0x01,end_of_chunk,0
1080,180,2679608,2679612,1080,0x0F,set_decoding_map,0
1081,180,2680692,2680696,14072,0x11,video_data_11,3
1082,180,2694768,2694772,132,0x13,documented_unknown_13,0
1083,180,2694904,2694908,0,0x04,start_stop_audio,0
1084,180,2694908,2694912,6,0x07,send_buffer,1
1085,180,2694918,2694922,0,0x01,end_of_chunk,0
1086,181,2694926,2694930,1080,0x0F,set_decoding_map,0
1087,181,2696010,2696014,14048,0x11,video_data_11,3
1088,181,2710062,2710066,132,0x13,documented_unknown_13,0
1089,181,2710198,2710202,0,0x04,start_stop_audio,0
1090,181,2710202,2710206,6,0x07,send_buffer,1
1091,181,2710212,2710216,0,0x01,end_of_chunk,0
1092,182,2710220,2710224,1080,0x0F,set_decoding_map,0
1093,182,2711304,2711308,14026,0x11,video_data_11,3
1094,182,2725334,2725338,132,0x13,documented_unknown_13,0
1095,182,2725470,2725474,0,0x04,start_stop_audio,0
1096,182,2725474,2725478,6,0x07,send_buffer,1
1097,182,2725484,2725488,0,0x01,end_of_chunk,0
1098,183,2725492,2725496,1080,0x0F,set_decoding_map,0
1099,183,2726576,2726580,14060,0x11,video_data_11,3
1100,183,2740640,2740644,132,0x13,documented_unknown_13,0
1101,183,2740776,2740780,0,0x04,start_stop_audio,0
1102,183,2740780,2740784,6,0x07,send_buffer,1
1103,183,2740790,2740794,0,0x01,end_of_chunk,0
1104,184,2740798,2740802,1080,0x0F,set_decoding_map,0
1105,184,2741882,2741886,14040,0x11,video_data_11,3
1106,184,2755926,2755930,132,0x13,documented_unknown_13,0
1107,184,2756062,2756066,0,0x04,start_stop_audio,0
1108,184,2756066,2756070,6,0x07,send_buffer,1
1109,184,2756076,2756080,0,0x01,end_of_chunk,0
1110,185,2756084,2756088,1080,0x0F,set_decoding_map,0
1111,185,2757168,2757172,14068,0x11,video_data_11,3
1112,185,2771240,2771244,132,0x13,documented_unknown_13,0
1113,185,2771376,2771380,0,0x04,start_stop_audio,0
1114,185,2771380,2771384,6,0x07,send_buffer,1
1115,185,2771390,2771394,0,0x01,end_of_chunk,0
1116,186,2771398,2771402,1080,0x0F,set_decoding_map,0
1117,186,2772482,2772486,14078,0x11,video_data_11,3
1118,186,2786564,2786568,132,0x13,documented_unknown_13,0
1119,186,2786700,2786704,0,0x04,start_stop_audio,0
1120,186,2786704,2786708,6,0x07,send_buffer,1
1121,186,2786714,2786718,0,0x01,end_of_chunk,0
1122,187,2786722,2786726,1080,0x0F,set_decoding_map,0
1123,187,2787806,2787810,14036,0x11,video_data_11,3
1124,187,2801846,2801850,132,0x13,documented_unknown_13,0
1125,187,2801982,2801986,0,0x04,start_stop_audio,0
1126,187,2801986,2801990,6,0x07,send_buffer,1
1127,187,2801996,2802000,0,0x01,end_of_chunk,0
1128,188,2802004,2802008,1080,0x0F,set_decoding_map,0
1129,188,2803088,2803092,14056,0x11,video_data_11,3
1130,188,2817148,2817152,132,0x13,documented_unknown_13,0
1131,188,2817284,2817288,0,0x04,start_stop_audio,0
1132,188,2817288,2817292,6,0x07,send_buffer,1
1133,188,2817298,2817302,0,0x01,end_of_chunk,0
1134,189,2817306,2817310,1080,0x0F,set_decoding_map,0
1135,189,2818390,2818394,14040,0x11,video_data_11,3
1136,189,2832434,2832438,132,0x13,documented_unknown_13,0
1137,189,2832570,2832574,0,0x04,start_stop_audio,0
1138,189,2832574,2832578,6,0x07,send_buffer,1
1139,189,2832584,2832588,0,0x01,end_of_chunk,0
1140,190,2832592,2832596,1080,0x0F,set_decoding_map,0
1141,190,2833676,2833680,14078,0x11,video_data_11,3
1142,190,2847758,2847762,132,0x13,documented_unknown_13,0
1143,190,2847894,2847898,0,0x04,start_stop_audio,0
1144,190,2847898,2847902,6,0x07,send_buffer,1
1145,190,2847908,2847912,0,0x01,end_of_chunk,0
1146,191,2847916,2847920,1080,0x0F,set_decoding_map,0
1147,191,2849000,2849004,14042,0x11,video_data_11,3
1148,191,2863046,2863050,132,0x13,documented_unknown_13,0
1149,191,2863182,2863186,0,0x04,start_stop_audio,0
1150,191,2863186,2863190,6,0x07,send_buffer,1
1151,191,2863196,2863200,0,0x01,end_of_chunk,0
1152,192,2863204,2863208,1080,0x0F,set_decoding_map,0
1153,192,2864288,2864292,14082,0x11,video_data_11,3
1154,192,2878374,2878378,132,0x13,documented_unknown_13,0
1155,192,2878510,2878514,0,0x04,start_stop_audio,0
1156,192,2878514,2878518,6,0x07,send_buffer,1
1157,192,2878524,2878528,0,0x01,end_of_chunk,0
1158,193,2878532,2878536,1080,0x0F,set_decoding_map,0
1159,193,2879616,2879620,14058,0x11,video_data_11,3
1160,193,2893678,2893682,132,0x13,documented_unknown_13,0
1161,193,2893814,2893818,0,0x04,start_stop_audio,0
1162,193,2893818,2893822,6,0x07,send_buffer,1
1163,193,2893828,2893832,0,0x01,end_of_chunk,0
1164,194,2893836,2893840,1080,0x0F,set_decoding_map,0
1165,194,2894920,2894924,14056,0x11,video_data_11,3
1166,194,2908980,2908984,132,0x13,documented_unknown_13,0
1167,194,2909116,2909120,0,0x04,start_stop_audio,0
1168,194,2909120,2909124,6,0x07,send_buffer,1
1169,194,2909130,2909134,0,0x01,end_of_chunk,0
1170,195,2909138,2909142,1080,0x0F,set_decoding_map,0
1171,195,2910222,2910226,14064,0x11,video_data_11,3
1172,195,2924290,2924294,132,0x13,documented_unknown_13,0
1173,195,2924426,2924430,0,0x04,start_stop_audio,0
1174,195,2924430,2924434,6,0x07,send_buffer,1
1175,195,2924440,2924444,0,0x01,end_of_chunk,0
1176,196,2924448,2924452,1080,0x0F,set_decoding_map,0
1177,196,2925532,2925536,14078,0x11,video_data_11,3
1178,196,2939614,2939618,132,0x13,documented_unknown_13,0
1179,196,2939750,2939754,0,0x04,start_stop_audio,0
1180,196,2939754,2939758,6,0x07,send_buffer,1
1181,196,2939764,2939768,0,0x01,end_of_chunk,0
1182,197,2939772,2939776,1080,0x0F,set_decoding_map,0
1183,197,2940856,2940860,14058,0x11,video_data_11,3
1184,197,2954918,2954922,132,0x13,documented_unknown_13,0
1185,197,2955054,2955058,0,0x04,start_stop_audio,0
1186,197,2955058,2955062,6,0x07,send_buffer,1
1187,197,2955068,2955072,0,0x01,end_of_chunk,0
1188,198,2955076,2955080,1080,0x0F,set_decoding_map,0
1189,198,2956160,2956164,14050,0x11,video_data_11,3
1190,198,2970214,2970218,132,0x13,documented_unknown_13,0
1191,198,2970350,2970354,0,0x04,start_stop_audio,0
1192,198,2970354,2970358,6,0x07,send_buffer,1
1193,198,2970364,2970368,0,0x01,end_of_chunk,0
1194,199,2970372,2970376,1080,0x0F,set_decoding_map,0
1195,199,2971456,2971460,14066,0x11,video_data_11,3
1196,199,2985526,2985530,132,0x13,documented_unknown_13,0
1197,199,2985662,2985666,0,0x04,start_stop_audio,0
1198,199,2985666,2985670,6,0x07,send_buffer,1
1199,199,2985676,2985680,0,0x01,end_of_chunk,0
1200,200,2985684,2985688,1080,0x0F,set_decoding_map,0
1201,200,2986768,2986772,14040,0x11,video_data_11,3
1202,200,3000812,3000816,132,0x13,documented_unknown_13,0
1203,200,3000948,3000952,0,0x04,start_stop_audio,0
1204,200,3000952,3000956,6,0x07,send_buffer,1
1205,200,3000962,3000966,0,0x01,end_of_chunk,0
1206,201,3000970,3000974,1080,0x0F,set_decoding_map,0
1207,201,3002054,3002058,14048,0x11,video_data_11,3
1208,201,3016106,3016110,132,0x13,documented_unknown_13,0
1209,201,3016242,3016246,0,0x04,start_stop_audio,0
1210,201,3016246,3016250,6,0x07,send_buffer,1
1211,201,3016256,3016260,0,0x01,end_of_chunk,0
1212,202,3016264,3016268,1080,0x0F,set_decoding_map,0
1213,202,3017348,3017352,14080,0x11,video_data_11,3
1214,202,3031432,3031436,132,0x13,documented_unknown_13,0
1215,202,3031568,3031572,0,0x04,start_stop_audio,0
1216,202,3031572,3031576,6,0x07,send_buffer,1
1217,202,3031582,3031586,0,0x01,end_of_chunk,0
1218,203,3031590,3031594,1080,0x0F,set_decoding_map,0
1219,203,3032674,3032678,14026,0x11,video_data_11,3
1220,203,3046704,3046708,132,0x13,documented_unknown_13,0
1221,203,3046840,3046844,0,0x04,start_stop_audio,0
1222,203,3046844,3046848,6,0x07,send_buffer,1
1223,203,3046854,3046858,0,0x01,end_of_chunk,0
1224,204,3046862,3046866,1080,0x0F,set_decoding_map,0
1225,204,3047946,3047950,14046,0x11,video_data_11,3
1226,204,3061996,3062000,132,0x13,documented_unknown_13,0
1227,204,3062132,3062136,0,0x04,start_stop_audio,0
1228,204,3062136,3062140,6,0x07,send_buffer,1
1229,204,3062146,3062150,0,0x01,end_of_chunk,0
1230,205,3062154,3062158,1080,0x0F,set_decoding_map,0
1231,205,3063238,3063242,14058,0x11,video_data_11,3
1232,205,3077300,3077304,132,0x13,documented_unknown_13,0
1233,205,3077436,3077440,0,0x04,start_stop_audio,0
1234,205,3077440,3077444,6,0x07,send_buffer,1
1235,205,3077450,3077454,0,0x01,end_of_chunk,0
1236,206,3077458,3077462,1080,0x0F,set_decoding_map,0
1237,206,3078542,3078546,14078,0x11,video_data_11,3
1238,206,3092624,3092628,132,0x13,documented_unknown_13,0
1239,206,3092760,3092764,0,0x04,start_stop_audio,0
1240,206,3092764,3092768,6,0x07,send_buffer,1
1241,206,3092774,3092778,0,0x01,end_of_chunk,0
1242,207,3092782,3092786,1080,0x0F,set_decoding_map,0
1243,207,3093866,3093870,14042,0x11,video_data_11,3
1244,207,3107912,3107916,132,0x13,documented_unknown_13,0
1245,207,3108048,3108052,0,0x04,start_stop_audio,0
1246,207,3108052,3108056,6,0x07,send_buffer,1
1247,207,3108062,3108066,0,0x01,end_of_chunk,0
1248,208,3108070,3108074,1080,0x0F,set_decoding_map,0
1249,208,3109154,3109158,14066,0x11,video_data_11,3
1250,208,3123224,3123228,132,0x13,documented_unknown_13,0
1251,208,3123360,3123364,0,0x04,start_stop_audio,0
1252,208,3123364,3123368,6,0x07,send_buffer,1
1253,208,3123374,3123378,0,0x01,end_of_chunk,0
1254,209,3123382,3123386,1080,0x0F,set_decoding_map,0
1255,209,3124466,3124470,14050,0x11,video_data_11,3
1256,209,3138520,3138524,132,0x13,documented_unknown_13,0
1257,209,3138656,3138660,0,0x04,start_stop_audio,0
1258,209,3138660,3138664,6,0x07,send_buffer,1
1259,209,3138670,3138674,0,0x01,end_of_chunk,0
1260,210,3138678,3138682,1080,0x0F,set_decoding_map,0
1261,210,3139762,3139766,14052,0x11,video_data_11,3
1262,210,3153818,3153822,132,0x13,documented_unknown_13,0
1263,210,3153954,3153958,0,0x04,start_stop_audio,0
1264,210,3153958,3153962,6,0x07,send_buffer,1
1265,210,3153968,3153972,0,0x01,end_of_chunk,0
1266,211,3153976,3153980,1080,0x0F,set_decoding_map,0
1267,211,3155060,3155064,14068,0x11,video_data_11,3
1268,211,3169132,3169136,132,0x13,documented_unknown_13,0
1269,211,3169268,3169272,0,0x04,start_stop_audio,0
1270,211,3169272,3169276,6,0x07,send_buffer,1
1271,211,3169282,3169286,0,0x01,end_of_chunk,0
1272,212,3169290,3169294,1080,0x0F,set_decoding_map,0
1273,212,3170374,3170378,14052,0x11,video_data_11,3
1274,212,3184430,3184434,132,0x13,documented_unknown_13,0
1275,212,3184566,3184570,0,0x04,start_stop_audio,0
1276,212,3184570,3184574,6,0x07,send_buffer,1
1277,212,3184580,3184584,0,0x01,end_of_chunk,0
1278,213,3184588,3184592,1080,0x0F,set_decoding_map,0
1279,213,3185672,3185676,14036,0x11,video_data_11,3
1280,213,3199712,3199716,132,0x13,documented_unknown_13,0
1281,213,3199848,3199852,0,0x04,start_stop_audio,0
1282,213,3199852,3199856,6,0x07,send_buffer,1
1283,213,3199862,3199866,0,0x01,end_of_chunk,0
1284,214,3199870,3199874,1080,0x0F,set_decoding_map,0
1285,214,3200954,3200958,14078,0x11,video_data_11,3
1286,214,3215036,3215040,132,0x13,documented_unknown_13,0
1287,214,3215172,3215176,0,0x04,start_stop_audio,0
1288,214,3215176,3215180,6,0x07,send_buffer,1
1289,214,3215186,3215190,0,0x01,end_of_chunk,0
1290,215,3215194,3215198,1080,0x0F,set_decoding_map,0
1291,215,3216278,3216282,14068,0x11,video_data_11,3
1292,215,3230350,3230354,132,0x13,documented_unknown_13,0
1293,215,3230486,3230490,0,0x04,start_stop_audio,0
1294,215,3230490,3230494,6,0x07,send_buffer,1
1295,215,3230500,3230504,0,0x01,end_of_chunk,0
1296,216,3230508,3230512,1080,0x0F,set_decoding_map,0
1297,216,3231592,3231596,14026,0x11,video_data_11,3
1298,216,3245622,3245626,132,0x13,documented_unknown_13,0
1299,216,3245758,3245762,0,0x04,start_stop_audio,0
1300,216,3245762,3245766,6,0x07,send_buffer,1
1301,216,3245772,3245776,0,0x01,end_of_chunk,0
1302,217,3245780,3245784,1080,0x0F,set_decoding_map,0
1303,217,3246864,3246868,14042,0x11,video_data_11,3
1304,217,3260910,3260914,132,0x13,documented_unknown_13,0
1305,217,3261046,3261050,0,0x04,start_stop_audio,0
1306,217,3261050,3261054,6,0x07,send_buffer,1
1307,217,3261060,3261064,0,0x01,end_of_chunk,0
1308,218,3261068,3261072,1080,0x0F,set_decoding_map,0
1309,218,3262152,3262156,14032,0x11,video_data_11,3
1310,218,3276188,3276192,132,0x13,documented_unknown_13,0
1311,218,3276324,3276328,0,0x04,start_stop_audio,0
1312,218,3276328,3276332,6,0x07,send_buffer,1
1313,218,3276338,3276342,0,0x01,end_of_chunk,0
1314,219,3276346,3276350,1080,0x0F,set_decoding_map,0
1315,219,3277430,3277434,14064,0x11,video_data_11,3
1316,219,3291498,3291502,132,0x13,documented_unknown_13,0
1317,219,3291634,3291638,0,0x04,start_stop_audio,0
1318,219,3291638,3291642,6,0x07,send_buffer,1
1319,219,3291648,3291652,0,0x01,end_of_chunk,0
1320,220,3291656,3291660,1080,0x0F,set_decoding_map,0
1321,220,3292740,3292744,14048,0x11,video_data_11,3
1322,220,3306792,3306796,132,0x13,documented_unknown_13,0
1323,220,3306928,3306932,0,0x04,start_stop_audio,0
1324,220,3306932,3306936,6,0x07,send_buffer,1
1325,220,3306942,3306946,0,0x01,end_of_chunk,0
1326,221,3306950,3306954,1080,0x0F,set_decoding_map,0
1327,221,3308034,3308038,14024,0x11,video_data_11,3
1328,221,3322062,3322066,132,0x13,documented_unknown_13,0
1329,221,3322198,3322202,0,0x04,start_stop_audio,0
1330,221,3322202,3322206,6,0x07,send_buffer,1
1331,221,3322212,3322216,0,0x01,end_of_chunk,0
1332,222,3322220,3322224,1080,0x0F,set_decoding_map,0
1333,222,3323304,3323308,14078,0x11,video_data_11,3
1334,222,3337386,3337390,132,0x13,documented_unknown_13,0
1335,222,3337522,3337526,0,0x04,start_stop_audio,0
1336,222,3337526,3337530,6,0x07,send_buffer,1
1337,222,3337536,3337540,0,0x01,end_of_chunk,0
1338,223,3337544,3337548,1080,0x0F,set_decoding_map,0
1339,223,3338628,3338632,14076,0x11,video_data_11,3
1340,223,3352708,3352712,132,0x13,documented_unknown_13,0
1341,223,3352844,3352848,0,0x04,start_stop_audio,0
1342,223,3352848,3352852,6,0x07,send_buffer,1
1343,223,3352858,3352862,0,0x01,end_of_chunk,0
1344,224,3352866,3352870,1080,0x0F,set_decoding_map,0
1345,224,3353950,3353954,14068,0x11,video_data_11,3
1346,224,3368022,3368026,132,0x13,documented_unknown_13,0
1347,224,3368158,3368162,0,0x04,start_stop_audio,0
1348,224,3368162,3368166,6,0x07,send_buffer,1
1349,224,3368172,3368176,0,0x01,end_of_chunk,0
1350,225,3368180,3368184,1080,0x0F,set_decoding_map,0
1351,225,3369264,3369268,14048,0x11,video_data_11,3
1352,225,3383316,3383320,132,0x13,documented_unknown_13,0
1353,225,3383452,3383456,0,0x04,start_stop_audio,0
1354,225,3383456,3383460,6,0x07,send_buffer,1
1355,225,3383466,3383470,0,0x01,end_of_chunk,0
1356,226,3383474,3383478,1080,0x0F,set_decoding_map,0
1357,226,3384558,3384562,14040,0x11,video_data_11,3
1358,226,3398602,3398606,132,0x13,documented_unknown_13,0
1359,226,3398738,3398742,0,0x04,start_stop_audio,0
1360,226,3398742,3398746,6,0x07,send_buffer,1
1361,226,3398752,3398756,0,0x01,end_of_chunk,0
1362,227,3398760,3398764,1080,0x0F,set_decoding_map,0
1363,227,3399844,3399848,14030,0x11,video_data_11,3
1364,227,3413878,3413882,132,0x13,documented_unknown_13,0
1365,227,3414014,3414018,0,0x04,start_stop_audio,0
1366,227,3414018,3414022,6,0x07,send_buffer,1
1367,227,3414028,3414032,0,0x01,end_of_chunk,0
1368,228,3414036,3414040,1080,0x0F,set_decoding_map,0
1369,228,3415120,3415124,14040,0x11,video_data_11,3
1370,228,3429164,3429168,132,0x13,documented_unknown_13,0
1371,228,3429300,3429304,0,0x04,start_stop_audio,0
1372,228,3429304,3429308,6,0x07,send_buffer,1
1373,228,3429314,3429318,0,0x01,end_of_chunk,0
1374,229,3429322,3429326,1080,0x0F,set_decoding_map,0
1375,229,3430406,3430410,14048,0x11,video_data_11,3
1376,229,3444458,3444462,132,0x13,documented_unknown_13,0
1377,229,3444594,3444598,0,0x04,start_stop_audio,0
1378,229,3444598,3444602,6,0x07,send_buffer,1
1379,229,3444608,3444612,0,0x01,end_of_chunk,0
1380,230,3444616,3444620,1080,0x0F,set_decoding_map,0
1381,230,3445700,3445704,14042,0x11,video_data_11,3
1382,230,3459746,3459750,132,0x13,documented_unknown_13,0
1383,230,3459882,3459886,0,0x04,start_stop_audio,0
1384,230,3459886,3459890,6,0x07,send_buffer,1
1385,230,3459896,3459900,0,0x01,end_of_chunk,0
1386,231,3459904,3459908,1080,0x0F,set_decoding_map,0
1387,231,3460988,3460992,14084,0x11,video_data_11,3
1388,231,3475076,3475080,132,0x13,documented_unknown_13,0
1389,231,3475212,3475216,0,0x04,start_stop_audio,0
1390,231,3475216,3475220,6,0x07,send_buffer,1
1391,231,3475226,3475230,0,0x01,end_of_chunk,0
1392,232,3475234,3475238,1080,0x0F,set_decoding_map,0
1393,232,3476318,3476322,14052,0x11,video_data_11,3
1394,232,3490374,3490378,132,0x13,documented_unknown_13,0
1395,232,3490510,3490514,0,0x04,start_stop_audio,0
1396,232,3490514,3490518,6,0x07,send_buffer,1
1397,232,3490524,3490528,0,0x01,end_of_chunk,0
1398,233,3490532,3490536,1080,0x0F,set_decoding_map,0
1399,233,3491616,3491620,14078,0x11,video_data_11,3
1400,233,3505698,3505702,132,0x13,documented_unknown_13,0
1401,233,3505834,3505838,0,0x04,start_stop_audio,0
1402,233,3505838,3505842,6,0x07,send_buffer,1
1403,233,3505848,3505852,0,0x01,end_of_chunk,0
1404,234,3505856,3505860,1080,0x0F,set_decoding_map,0
1405,234,3506940,3506944,14044,0x11,video_data_11,3
1406,234,3520988,3520992,132,0x13,documented_unknown_13,0
1407,234,3521124,3521128,0,0x04,start_stop_audio,0
1408,234,3521128,3521132,6,0x07,send_buffer,1
1409,234,3521138,3521142,0,0x01,end_of_chunk,0
1410,235,3521146,3521150,1080,0x0F,set_decoding_map,0
1411,235,3522230,3522234,14034,0x11,video_data_11,3
1412,235,3536268,3536272,132,0x13,documented_unknown_13,0
1413,235,3536404,3536408,0,0x04,start_stop_audio,0
1414,235,3536408,3536412,6,0x07,send_buffer,1
1415,235,3536418,3536422,0,0x01,end_of_chunk,0
1416,236,3536426,3536430,1080,0x0F,set_decoding_map,0
1417,236,3537510,3537514,14074,0x11,video_data_11,3
1418,236,3551588,3551592,132,0x13,documented_unknown_13,0
1419,236,3551724,3551728,0,0x04,start_stop_audio,0
1420,236,3551728,3551732,6,0x07,send_buffer,1
1421,236,3551738,3551742,0,0x01,end_of_chunk,0
1422,237,3551746,3551750,1080,0x0F,set_decoding_map,0
1423,237,3552830,3552834,14080,0x11,video_data_11,3
1424,237,3566914,3566918,132,0x13,documented_unknown_13,0
1425,237,3567050,3567054,0,0x04,start_stop_audio,0
1426,237,3567054,3567058,6,0x07,send_buffer,1
1427,237,3567064,3567068,0,0x01,end_of_chunk,0
1428,238,3567072,3567076,1080,0x0F,set_decoding_map,0
1429,238,3568156,3568160,14058,0x11,video_data_11,3
1430,238,3582218,3582222,132,0x13,documented_unknown_13,0
1431,238,3582354,3582358,0,0x04,start_stop_audio,0
1432,238,3582358,3582362,6,0x07,send_buffer,1
1433,238,3582368,3582372,0,0x01,end_of_chunk,0
1434,239,3582376,3582380,1080,0x0F,set_decoding_map,0
1435,239,3583460,3583464,14024,0x11,video_data_11,3
1436,239,3597488,3597492,132,0x13,documented_unknown_13,0
1437,239,3597624,3597628,0,0x04,start_stop_audio,0
1438,239,3597628,3597632,6,0x07,send_buffer,1
1439,239,3597638,3597642,0,0x01,end_of_chunk,0
1440,240,3597646,3597650,1080,0x0F,set_decoding_map,0
1441,240,3598730,3598734,14058,0x11,video_data_11,3
1442,240,3612792,3612796,132,0x13,documented_unknown_13,0
1443,240,3612928,3612932,0,0x04,start_stop_audio,0
1444,240,3612932,3612936,6,0x07,send_buffer,1
1445,240,3612942,3612946,0,0x01,end_of_chunk,0
1446,241,3612950,3612954,1080,0x0F,set_decoding_map,0
1447,241,3614034,3614038,14084,0x11,video_data_11,3
1448,241,3628122,3628126,132,0x13,documented_unknown_13,0
1449,241,3628258,3628262,0,0x04,start_stop_audio,0
1450,241,3628262,3628266,6,0x07,send_buffer,1
1451,241,3628272,3628276,0,0x01,end_of_chunk,0
1452,242,3628280,3628284,1080,0x0F,set_decoding_map,0
1453,242,3629364,3629368,14046,0x11,video_data_11,3
1454,242,3643414,3643418,132,0x13,documented_unknown_13,0
1455,242,3643550,3643554,0,0x04,start_stop_audio,0
1456,242,3643554,3643558,6,0x07,send_buffer,1
1457,242,3643564,3643568,0,0x01,end_of_chunk,0
1458,243,3643572,3643576,1080,0x0F,set_decoding_map,0
1459,243,3644656,3644660,14038,0x11,video_data_11,3
1460,243,3658698,3658702,132,0x13,documented_unknown_13,0
1461,243,3658834,3658838,0,0x04,start_stop_audio,0
1462,243,3658838,3658842,6,0x07,send_buffer,1
1463,243,3658848,3658852,0,0x01,end_of_chunk,0
1464,244,3658856,3658860,1080,0x0F,set_decoding_map,0
1465,244,3659940,3659944,14080,0x11,video_data_11,3
1466,244,3674024,3674028,132,0x13,documented_unknown_13,0
1467,244,3674160,3674164,0,0x04,start_stop_audio,0
1468,244,3674164,3674168,6,0x07,send_buffer,1
1469,244,3674174,3674178,0,0x01,end_of_chunk,0
1470,245,3674182,3674186,1080,0x0F,set_decoding_map,0
1471,245,3675266,3675270,14064,0x11,video_data_11,3
1472,245,3689334,3689338,132,0x13,documented_unknown_13,0
1473,245,3689470,3689474,0,0x04,start_stop_audio,0
1474,245,3689474,3689478,6,0x07,send_buffer,1
1475,245,3689484,3689488,0,0x01,end_of_chunk,0
1476,246,3689492,3689496,1080,0x0F,set_decoding_map,0
1477,246,3690576,3690580,14060,0x11,video_data_11,3
1478,246,3704640,3704644,132,0x13,documented_unknown_13,0
1479,246,3704776,3704780,0,0x04,start_stop_audio,0
1480,246,3704780,3704784,6,0x07,send_buffer,1
1481,246,3704790,3704794,0,0x01,end_of_chunk,0
1482,247,3704798,3704802,1080,0x0F,set_decoding_map,0
1483,247,3705882,3705886,14082,0x11,video_data_11,3
1484,247,3719968,3719972,132,0x13,documented_unknown_13,0
1485,247,3720104,3720108,0,0x04,start_stop_audio,0
1486,247,3720108,3720112,6,0x07,send_buffer,1
1487,247,3720118,3720122,0,0x01,end_of_chunk,0
1488,248,3720126,3720130,1080,0x0F,set_decoding_map,0
1489,248,3721210,3721214,14034,0x11,video_data_11,3
1490,248,3735248,3735252,132,0x13,documented_unknown_13,0
1491,248,3735384,3735388,0,0x04,start_stop_audio,0
1492,248,3735388,3735392,6,0x07,send_buffer,1
1493,248,3735398,3735402,0,0x01,end_of_chunk,0
1494,249,3735406,3735410,1080,0x0F,set_decoding_map,0
1495,249,3736490,3736494,14026,0x11,video_data_11,3
1496,249,3750520,3750524,132,0x13,documented_unknown_13,0
1497,249,3750656,3750660,0,0x04,start_stop_audio,0
1498,249,3750660,3750664,6,0x07,send_buffer,1
1499,249,3750670,3750674,0,0x01,end_of_chunk,0
1500,250,3750678,3750682,1080,0x0F,set_decoding_map,0
1501,250,3751762,3751766,14052,0x11,video_data_11,3
1502,250,3765818,3765822,132,0x13,documented_unknown_13,0
1503,250,3765954,3765958,0,0x04,start_stop_audio,0
1504,250,3765958,3765962,6,0x07,send_buffer,1
1505,250,3765968,3765972,0,0x01,end_of_chunk,0
1506,251,3765976,3765980,1080,0x0F,set_decoding_map,0
1507,251,3767060,3767064,14052,0x11,video_data_11,3
1508,251,3781116,3781120,132,0x13,documented_unknown_13,0
1509,251,3781252,3781256,0,0x04,start_stop_audio,0
1510,251,3781256,3781260,6,0x07,send_buffer,1
1511,251,3781266,3781270,0,0x01,end_of_chunk,0
1512,252,3781274,3781278,1080,0x0F,set_decoding_map,0
1513,252,3782358,3782362,14044,0x11,video_data_11,3
1514,252,3796406,3796410,132,0x13,documented_unknown_13,0
1515,252,3796542,3796546,0,0x04,start_stop_audio,0
1516,252,3796546,3796550,6,0x07,send_buffer,1
1517,252,3796556,3796560,0,0x01,end_of_chunk,0
1518,253,3796564,3796568,1080,0x0F,set_decoding_map,0
1519,253,3797648,3797652,14072,0x11,video_data_11,3
1520,253,3811724,3811728,132,0x13,documented_unknown_13,0
1521,253,3811860,3811864,0,0x04,start_stop_audio,0
1522,253,3811864,3811868,6,0x07,send_buffer,1
1523,253,3811874,3811878,0,0x01,end_of_chunk,0
1524,254,3811882,3811886,1080,0x0F,set_decoding_map,0
1525,254,3812966,3812970,14070,0x11,video_data_11,3
1526,254,3827040,3827044,132,0x13,documented_unknown_13,0
1527,254,3827176,3827180,0,0x04,start_stop_audio,0
1528,254,3827180,3827184,6,0x07,send_buffer,1
1529,254,3827190,3827194,0,0x01,end_of_chunk,0
1530,255,3827198,3827202,1080,0x0F,set_decoding_map,0
1531,255,3828282,3828286,14040,0x11,video_data_11,3
1532,255,3842326,3842330,132,0x13,documented_unknown_13,0
1533,255,3842462,3842466,0,0x04,start_stop_audio,0
1534,255,3842466,3842470,6,0x07,send_buffer,1
1535,255,3842476,3842480,0,0x01,end_of_chunk,0
1536,256,3842484,3842488,1080,0x0F,set_decoding_map,0
1537,256,3843568,3843572,14040,0x11,video_data_11,3
1538,256,3857612,3857616,132,0x13,documented_unknown_13,0
1539,256,3857748,3857752,0,0x04,start_stop_audio,0
1540,256,3857752,3857756,6,0x07,send_buffer,1
1541,256,3857762,3857766,0,0x01,end_of_chunk,0
1542,257,3857770,3857774,1080,0x0F,set_decoding_map,0
1543,257,3858854,3858858,14040,0x11,video_data_11,3
1544,257,3872898,3872902,132,0x13,documented_unknown_13,0
1545,257,3873034,3873038,0,0x04,start_stop_audio,0
1546,257,3873038,3873042,6,0x07,send_buffer,1
1547,257,3873048,3873052,0,0x01,end_of_chunk,0
1548,258,3873056,3873060,1080,0x0F,set_decoding_map,0
1549,258,3874140,3874144,14066,0x11,video_data_11,3
1550,258,3888210,3888214,132,0x13,documented_unknown_13,0
1551,258,3888346,3888350,0,0x04,start_stop_audio,0
1552,258,3888350,3888354,6,0x07,send_buffer,1
1553,258,3888360,3888364,0,0x01,end_of_chunk,0
1554,259,3888368,3888372,1080,0x0F,set_decoding_map,0
1555,259,3889452,3889456,14072,0x11,video_data_11,3
1556,259,3903528,3903532,132,0x13,documented_unknown_13,0
1557,259,3903664,3903668,0,0x04,start_stop_audio,0
1558,259,3903668,3903672,6,0x07,send_buffer,1
1559,259,3903678,3903682,0,0x01,end_of_chunk,0
1560,260,3903686,3903690,1080,0x0F,set_decoding_map,0
1561,260,3904770,3904774,14052,0x11,video_data_11,3
1562,260,3918826,3918830,132,0x13,documented_unknown_13,0
1563,260,3918962,3918966,0,0x04,start_stop_audio,0
1564,260,3918966,3918970,6,0x07,send_buffer,1
1565,260,3918976,3918980,0,0x01,end_of_chunk,0
1566,261,3918984,3918988,1080,0x0F,set_decoding_map,0
1567,261,3920068,3920072,14054,0x11,video_data_11,3
1568,261,3934126,3934130,132,0x13,documented_unknown_13,0
1569,261,3934262,3934266,0,0x04,start_stop_audio,0
1570,261,3934266,3934270,6,0x07,send_buffer,1
1571,261,3934276,3934280,0,0x01,end_of_chunk,0
1572,262,3934284,3934288,1080,0x0F,set_decoding_map,0
1573,262,3935368,3935372,14028,0x11,video_data_11,3
1574,262,3949400,3949404,132,0x13,documented_unknown_13,0
1575,262,3949536,3949540,0,0x04,start_stop_audio,0
1576,262,3949540,3949544,6,0x07,send_buffer,1
1577,262,3949550,3949554,0,0x01,end_of_chunk,0
1578,263,3949558,3949562,1080,0x0F,set_decoding_map,0
1579,263,3950642,3950646,14074,0x11,video_data_11,3
1580,263,3964720,3964724,132,0x13,documented_unknown_13,0
1581,263,3964856,3964860,0,0x04,start_stop_audio,0
1582,263,3964860,3964864,6,0x07,send_buffer,1
1583,263,3964870,3964874,0,0x01,end_of_chunk,0
1584,264,3964878,3964882,1080,0x0F,set_decoding_map,0
1585,264,3965962,3965966,14038,0x11,video_data_11,3
1586,264,3980004,3980008,132,0x13,documented_unknown_13,0
1587,264,3980140,3980144,0,0x04,start_stop_audio,0
1588,264,3980144,3980148,6,0x07,send_buffer,1
1589,264,3980154,3980158,0,0x01,end_of_chunk,0
1590,265,3980162,3980166,1080,0x0F,set_decoding_map,0
1591,265,3981246,3981250,14062,0x11,video_data_11,3
1592,265,3995312,3995316,132,0x13,documented_unknown_13,0
1593,265,3995448,3995452,0,0x04,start_stop_audio,0
1594,265,3995452,3995456,6,0x07,send_buffer,1
1595,265,3995462,3995466,0,0x01,end_of_chunk,0
1596,266,3995470,3995474,1080,0x0F,set_decoding_map,0
1597,266,3996554,3996558,14032,0x11,video_data_11,3
1598,266,4010590,4010594,132,0x13,documented_unknown_13,0
1599,266,4010726,4010730,0,0x04,start_stop_audio,0
1600,266,4010730,4010734,6,0x07,send_buffer,1
1601,266,4010740,4010744,0,0x01,end_of_chunk,0
1602,267,4010748,4010752,1080,0x0F,set_decoding_map,0
1603,267,4011832,4011836,14036,0x11,video_data_11,3
1604,267,4025872,4025876,132,0x13,documented_unknown_13,0
1605,267,4026008,4026012,0,0x04,start_stop_audio,0
1606,267,4026012,4026016,6,0x07,send_buffer,1
1607,267,4026022,4026026,0,0x01,end_of_chunk,0
1608,268,4026030,4026034,1080,0x0F,set_decoding_map,0
1609,268,4027114,4027118,14056,0x11,video_data_11,3
1610,268,4041174,4041178,132,0x13,documented_unknown_13,0
1611,268,4041310,4041314,0,0x04,start_stop_audio,0
1612,268,4041314,4041318,6,0x07,send_buffer,1
1613,268,4041324,4041328,0,0x01,end_of_chunk,0
1614,269,4041332,4041336,1080,0x0F,set_decoding_map,0
1615,269,4042416,4042420,14042,0x11,video_data_11,3
1616,269,4056462,4056466,132,0x13,documented_unknown_13,0
1617,269,4056598,4056602,0,0x04,start_stop_audio,0
1618,269,4056602,4056606,6,0x07,send_buffer,1
1619,269,4056612,4056616,0,0x01,end_of_chunk,0
1620,270,4056620,4056624,1080,0x0F,set_decoding_map,0
1621,270,4057704,4057708,14068,0x11,video_data_11,3
1622,270,4071776,4071780,132,0x13,documented_unknown_13,0
1623,270,4071912,4071916,0,0x04,start_stop_audio,0
1624,270,4071916,4071920,6,0x07,send_buffer,1
1625,270,4071926,4071930,0,0x01,end_of_chunk,0
1626,271,4071934,4071938,1080,0x0F,set_decoding_map,0
1627,271,4073018,4073022,14038,0x11,video_data_11,3
1628,271,4087060,4087064,132,0x13,documented_unknown_13,0
1629,271,4087196,4087200,0,0x04,start_stop_audio,0
1630,271,4087200,4087204,6,0x07,send_buffer,1
1631,271,4087210,4087214,0,0x01,end_of_chunk,0
1632,272,4087218,4087222,1080,0x0F,set_decoding_map,0
1633,272,4088302,4088306,14032,0x11,video_data_11,3
1634,272,4102338,4102342,132,0x13,documented_unknown_13,0
1635,272,4102474,4102478,0,0x04,start_stop_audio,0
1636,272,4102478,4102482,6,0x07,send_buffer,1
1637,272,4102488,4102492,0,0x01,end_of_chunk,0
1638,273,4102496,4102500,1080,0x0F,set_decoding_map,0
1639,273,4103580,4103584,14034,0x11,video_data_11,3
1640,273,4117618,4117622,132,0x13,documented_unknown_13,0
1641,273,4117754,4117758,0,0x04,start_stop_audio,0
1642,273,4117758,4117762,6,0x07,send_buffer,1
1643,273,4117768,4117772,0,0x01,end_of_chunk,0
1644,274,4117776,4117780,1080,0x0F,set_decoding_map,0
1645,274,4118860,4118864,14052,0x11,video_data_11,3
1646,274,4132916,4132920,132,0x13,documented_unknown_13,0
1647,274,4133052,4133056,0,0x04,start_stop_audio,0
1648,274,4133056,4133060,6,0x07,send_buffer,1
1649,274,4133066,4133070,0,0x01,end_of_chunk,0
1650,275,4133074,4133078,1080,0x0F,set_decoding_map,0
1651,275,4134158,4134162,14032,0x11,video_data_11,3
1652,275,4148194,4148198,132,0x13,documented_unknown_13,0
1653,275,4148330,4148334,0,0x04,start_stop_audio,0
1654,275,4148334,4148338,6,0x07,send_buffer,1
1655,275,4148344,4148348,0,0x01,end_of_chunk,0
1656,276,4148352,4148356,1080,0x0F,set_decoding_map,0
1657,276,4149436,4149440,14040,0x11,video_data_11,3
1658,276,4163480,4163484,132,0x13,documented_unknown_13,0
1659,276,4163616,4163620,0,0x04,start_stop_audio,0
1660,276,4163620,4163624,6,0x07,send_buffer,1
1661,276,4163630,4163634,0,0x01,end_of_chunk,0
1662,277,4163638,4163642,1080,0x0F,set_decoding_map,0
1663,277,4164722,4164726,14082,0x11,video_data_11,3
1664,277,4178808,4178812,132,0x13,documented_unknown_13,0
1665,277,4178944,4178948,0,0x04,start_stop_audio,0
1666,277,4178948,4178952,6,0x07,send_buffer,1
1667,277,4178958,4178962,0,0x01,end_of_chunk,0
1668,278,4178966,4178970,1080,0x0F,set_decoding_map,0
1669,278,4180050,4180054,14034,0x11,video_data_11,3
1670,278,4194088,4194092,132,0x13,documented_unknown_13,0
1671,278,4194224,4194228,0,0x04,start_stop_audio,0
1672,278,4194228,4194232,6,0x07,send_buffer,1
1673,278,4194238,4194242,0,0x01,end_of_chunk,0
1674,279,4194246,4194250,1080,0x0F,set_decoding_map,0
1675,279,4195330,4195334,14072,0x11,video_data_11,3
1676,279,4209406,4209410,132,0x13,documented_unknown_13,0
1677,279,4209542,4209546,0,0x04,start_stop_audio,0
1678,279,4209546,4209550,6,0x07,send_buffer,1
1679,279,4209556,4209560,0,0x01,end_of_chunk,0
1680,280,4209564,4209568,1080,0x0F,set_decoding_map,0
1681,280,4210648,4210652,14068,0x11,video_data_11,3
1682,280,4224720,4224724,132,0x13,documented_unknown_13,0
1683,280,4224856,4224860,0,0x04,start_stop_audio,0
1684,280,4224860,4224864,6,0x07,send_buffer,1
1685,280,4224870,4224874,0,0x01,end_of_chunk,0
1686,281,4224878,4224882,1080,0x0F,set_decoding_map,0
1687,281,4225962,4225966,14026,0x11,video_data_11,3
1688,281,4239992,4239996,132,0x13,documented_unknown_13,0
1689,281,4240128,4240132,0,0x04,start_stop_audio,0
1690,281,4240132,4240136,6,0x07,send_buffer,1
1691,281,4240142,4240146,0,0x01,end_of_chunk,0
1692,282,4240150,4240154,1080,0x0F,set_decoding_map,0
1693,282,4241234,4241238,14078,0x11,video_data_11,3
1694,282,4255316,4255320,132,0x13,documented_unknown_13,0
1695,282,4255452,4255456,0,0x04,start_stop_audio,0
1696,282,4255456,4255460,6,0x07,send_buffer,1
1697,282,4255466,4255470,0,0x01,end_of_chunk,0
1698,283,4255474,4255478,1080,0x0F,set_decoding_map,0
1699,283,4256558,4256562,14022,0x11,video_data_11,3
1700,283,4270584,4270588,132,0x13,documented_unknown_13,0
1701,283,4270720,4270724,0,0x04,start_stop_audio,0
1702,283,4270724,4270728,6,0x07,send_buffer,1
1703,283,4270734,4270738,0,0x01,end_of_chunk,0
1704,284,4270742,4270746,1080,0x0F,set_decoding_map,0
1705,284,4271826,4271830,14072,0x11,video_data_11,3
1706,284,4285902,4285906,132,0x13,documented_unknown_13,0
1707,284,4286038,4286042,0,0x04,start_stop_audio,0
1708,284,4286042,4286046,6,0x07,send_buffer,1
1709,284,4286052,4286056,0,0x01,end_of_chunk,0
1710,285,4286060,4286064,1080,0x0F,set_decoding_map,0
1711,285,4287144,4287148,14076,0x11,video_data_11,3
1712,285,4301224,4301228,132,0x13,documented_unknown_13,0
1713,285,4301360,4301364,0,0x04,start_stop_audio,0
1714,285,4301364,4301368,6,0x07,send_buffer,1
1715,285,4301374,4301378,0,0x01,end_of_chunk,0
1716,286,4301382,4301386,1080,0x0F,set_decoding_map,0
1717,286,4302466,4302470,14076,0x11,video_data_11,3
1718,286,4316546,4316550,132,0x13,documented_unknown_13,0
1719,286,4316682,4316686,0,0x04,start_stop_audio,0
1720,286,4316686,4316690,6,0x07,send_buffer,1
1721,286,4316696,4316700,0,0x01,end_of_chunk,0
1722,287,4316704,4316708,1080,0x0F,set_decoding_map,0
1723,287,4317788,4317792,14064,0x11,video_data_11,3
1724,287,4331856,4331860,132,0x13,documented_unknown_13,0
1725,287,4331992,4331996,0,0x04,start_stop_audio,0
1726,287,4331996,4332000,6,0x07,send_buffer,1
1727,287,4332006,4332010,0,0x01,end_of_chunk,0
1728,288,4332014,4332018,1080,0x0F,set_decoding_map,0
1729,288,4333098,4333102,14056,0x11,video_data_11,3
1730,288,4347158,4347162,132,0x13,documented_unknown_13,0
1731,288,4347294,4347298,0,0x04,start_stop_audio,0
1732,288,4347298,4347302,6,0x07,send_buffer,1
1733,288,4347308,4347312,0,0x01,end_of_chunk,0
1734,289,4347316,4347320,1080,0x0F,set_decoding_map,0
1735,289,4348400,4348404,14022,0x11,video_data_11,3
1736,289,4362426,4362430,132,0x13,documented_unknown_13,0
1737,289,4362562,4362566,0,0x04,start_stop_audio,0
1738,289,4362566,4362570,6,0x07,send_buffer,1
1739,289,4362576,4362580,0,0x01,end_of_chunk,0
1740,290,4362584,4362588,1080,0x0F,set_decoding_map,0
1741,290,4363668,4363672,14026,0x11,video_data_11,3
1742,290,4377698,4377702,132,0x13,documented_unknown_13,0
1743,290,4377834,4377838,0,0x04,start_stop_audio,0
1744,290,4377838,4377842,6,0x07,send_buffer,1
1745,290,4377848,4377852,0,0x01,end_of_chunk,0
1746,291,4377856,4377860,1080,0x0F,set_decoding_map,0
1747,291,4378940,4378944,14046,0x11,video_data_11,3
1748,291,4392990,4392994,132,0x13,documented_unknown_13,0
1749,291,4393126,4393130,0,0x04,start_stop_audio,0
1750,291,4393130,4393134,6,0x07,send_buffer,1
1751,291,4393140,4393144,0,0x01,end_of_chunk,0
1752,292,4393148,4393152,1080,0x0F,set_decoding_map,0
1753,292,4394232,4394236,14032,0x11,video_data_11,3
1754,292,4408268,4408272,132,0x13,documented_unknown_13,0
1755,292,4408404,4408408,0,0x04,start_stop_audio,0
1756,292,4408408,4408412,6,0x07,send_buffer,1
1757,292,4408418,4408422,0,0x01,end_of_chunk,0
1758,293,4408426,4408430,1080,0x0F,set_decoding_map,0
1759,293,4409510,4409514,14070,0x11,video_data_11,3
1760,293,4423584,4423588,132,0x13,documented_unknown_13,0
1761,293,4423720,4423724,0,0x04,start_stop_audio,0
1762,293,4423724,4423728,6,0x07,send_buffer,1
1763,293,4423734,4423738,0,0x01,end_of_chunk,0
1764,294,4423742,4423746,1080,0x0F,set_decoding_map,0
1765,294,4424826,4424830,14036,0x11,video_data_11,3
1766,294,4438866,4438870,132,0x13,documented_unknown_13,0
1767,294,4439002,4439006,0,0x04,start_stop_audio,0
1768,294,4439006,4439010,6,0x07,send_buffer,1
1769,294,4439016,4439020,0,0x01,end_of_chunk,0
1770,295,4439024,4439028,1080,0x0F,set_decoding_map,0
1771,295,4440108,4440112,14048,0x11,video_data_11,3
1772,295,4454160,4454164,132,0x13,documented_unknown_13,0
1773,295,4454296,4454300,0,0x04,start_stop_audio,0
1774,295,4454300,4454304,6,0x07,send_buffer,1
1775,295,4454310,4454314,0,0x01,end_of_chunk,0
1776,296,4454318,4454322,1080,0x0F,set_decoding_map,0
1777,296,4455402,4455406,14044,0x11,video_data_11,3
1778,296,4469450,4469454,132,0x13,documented_unknown_13,0
1779,296,4469586,4469590,0,0x04,start_stop_audio,0
1780,296,4469590,4469594,6,0x07,send_buffer,1
1781,296,4469600,4469604,0,0x01,end_of_chunk,0
1782,297,4469608,4469612,1080,0x0F,set_decoding_map,0
1783,297,4470692,4470696,14076,0x11,video_data_11,3
1784,297,4484772,4484776,132,0x13,documented_unknown_13,0
1785,297,4484908,4484912,0,0x04,start_stop_audio,0
1786,297,4484912,4484916,6,0x07,send_buffer,1
1787,297,4484922,4484926,0,0x01,end_of_chunk,0
1788,298,4484930,4484934,1080,0x0F,set_decoding_map,0
1789,298,4486014,4486018,14074,0x11,video_data_11,3
1790,298,4500092,4500096,132,0x13,documented_unknown_13,0
1791,298,4500228,4500232,0,0x04,start_stop_audio,0
1792,298,4500232,4500236,6,0x07,send_buffer,1
1793,298,4500242,4500246,0,0x01,end_of_chunk,0
1794,299,4500250,4500254,1080,0x0F,set_decoding_map,0
1795,299,4501334,4501338,14064,0x11,video_data_11,3
1796,299,4515402,4515406,132,0x13,documented_unknown_13,0
1797,299,4515538,4515542,0,0x04,start_stop_audio,0
1798,299,4515542,4515546,6,0x07,send_buffer,1
1799,299,4515552,4515556,0,0x01,end_of_chunk,0
1800,300,4515560,4515564,1080,0x0F,set_decoding_map,0
1801,300,4516644,4516648,14022,0x11,video_data_11,3
1802,300,4530670,4530674,132,0x13,documented_unknown_13,0
1803,300,4530806,4530810,0,0x04,start_stop_audio,0
1804,300,4530810,4530814,6,0x07,send_buffer,1
1805,300,4530820,4530824,0,0x01,end_of_chunk,0
1806,301,4530828,4530832,1080,0x0F,set_decoding_map,0
1807,301,4531912,4531916,14032,0x11,video_data_11,3
1808,301,4545948,4545952,132,0x13,documented_unknown_13,0
1809,301,4546084,4546088,0,0x04,start_stop_audio,0
1810,301,4546088,4546092,6,0x07,send_buffer,1
1811,301,4546098,4546102,0,0x01,end_of_chunk,0
1812,302,4546106,4546110,1080,0x0F,set_decoding_map,0
1813,302,4547190,4547194,14066,0x11,video_data_11,3
1814,302,4561260,4561264,132,0x13,documented_unknown_13,0
1815,302,4561396,4561400,0,0x04,start_stop_audio,0
1816,302,4561400,4561404,6,0x07,send_buffer,1
1817,302,4561410,4561414,0,0x01,end_of_chunk,0
1818,303,4561418,4561422,1080,0x0F,set_decoding_map,0
1819,303,4562502,4562506,14074,0x11,video_data_11,3
1820,303,4576580,4576584,132,0x13,documented_unknown_13,0
1821,303,4576716,4576720,0,0x04,start_stop_audio,0
1822,303,4576720,4576724,6,0x07,send_buffer,1
1823,303,4576730,4576734,0,0x01,end_of_chunk,0
1824,304,4576738,4576742,1080,0x0F,set_decoding_map,0
1825,304,4577822,4577826,14036,0x11,video_data_11,3
1826,304,4591862,4591866,132,0x13,documented_unknown_13,0
1827,304,4591998,4592002,0,0x04,start_stop_audio,0
1828,304,4592002,4592006,6,0x07,send_buffer,1
1829,304,4592012,4592016,0,0x01,end_of_chunk,0
1830,305,4592020,4592024,1080,0x0F,set_decoding_map,0
1831,305,4593104,4593108,14042,0x11,video_data_11,3
1832,305,4607150,4607154,132,0x13,documented_unknown_13,0
1833,305,4607286,4607290,0,0x04,start_stop_audio,0
1834,305,4607290,4607294,6,0x07,send_buffer,1
1835,305,4607300,4607304,0,0x01,end_of_chunk,0
1836,306,4607308,4607312,1080,0x0F,set_decoding_map,0
1837,306,4608392,4608396,14058,0x11,video_data_11,3
1838,306,4622454,4622458,132,0x13,documented_unknown_13,0
1839,306,4622590,4622594,0,0x04,start_stop_audio,0
1840,306,4622594,4622598,6,0x07,send_buffer,1
1841,306,4622604,4622608,0,0x01,end_of_chunk,0
1842,307,4622612,4622616,1080,0x0F,set_decoding_map,0
1843,307,4623696,4623700,14024,0x11,video_data_11,3
1844,307,4637724,4637728,132,0x13,documented_unknown_13,0
1845,307,4637860,4637864,0,0x04,start_stop_audio,0
1846,307,4637864,4637868,6,0x07,send_buffer,1
1847,307,4637874,4637878,0,0x01,end_of_chunk,0
1848,308,4637882,4637886,1080,0x0F,set_decoding_map,0
1849,308,4638966,4638970,14060,0x11,video_data_11,3
1850,308,4653030,4653034,132,0x13,documented_unknown_13,0
1851,308,4653166,4653170,0,0x04,start_stop_audio,0
1852,308,4653170,4653174,6,0x07,send_buffer,1
1853,308,4653180,4653184,0,0x01,end_of_chunk,0
1854,309,4653188,4653192,1080,0x0F,set_decoding_map,0
1855,309,4654272,4654276,14052,0x11,video_data_11,3
1856,309,4668328,4668332,132,0x13,documented_unknown_13,0
1857,309,4668464,4668468,0,0x04,start_stop_audio,0
1858,309,4668468,4668472,6,0x07,send_buffer,1
1859,309,4668478,4668482,0,0x01,end_of_chunk,0
1860,310,4668486,4668490,1080,0x0F,set_decoding_map,0
1861,310,4669570,4669574,14060,0x11,video_data_11,3
1862,310,4683634,4683638,132,0x13,documented_unknown_13,0
1863,310,4683770,4683774,0,0x04,start_stop_audio,0
1864,310,4683774,4683778,6,0x07,send_buffer,1
1865,310,4683784,4683788,0,0x01,end_of_chunk,0
1866,311,4683792,4683796,1080,0x0F,set_decoding_map,0
1867,311,4684876,4684880,14036,0x11,video_data_11,3
1868,311,4698916,4698920,132,0x13,documented_unknown_13,0
1869,311,4699052,4699056,0,0x04,start_stop_audio,0
1870,311,4699056,4699060,6,0x07,send_buffer,1
1871,311,4699066,4699070,0,0x01,end_of_chunk,0
1872,312,4699074,4699078,1080,0x0F,set_decoding_map,0
1873,312,4700158,4700162,14058,0x11,video_data_11,3
1874,312,4714220,4714224,132,0x13,documented_unknown_13,0
1875,312,4714356,4714360,0,0x04,start_stop_audio,0
1876,312,4714360,4714364,6,0x07,send_buffer,1
1877,312,4714370,4714374,0,0x01,end_of_chunk,0
1878,313,4714378,4714382,1080,0x0F,set_decoding_map,0
1879,313,4715462,4715466,14080,0x11,video_data_11,3
1880,313,4729546,4729550,132,0x13,documented_unknown_13,0
1881,313,4729682,4729686,0,0x04,start_stop_audio,0
1882,313,4729686,4729690,6,0x07,send_buffer,1
1883,313,4729696,4729700,0,0x01,end_of_chunk,0
1884,314,4729704,4729708,1080,0x0F,set_decoding_map,0
1885,314,4730788,4730792,14036,0x11,video_data_11,3
1886,314,4744828,4744832,132,0x13,documented_unknown_13,0
1887,314,4744964,4744968,0,0x04,start_stop_audio,0
1888,314,4744968,4744972,6,0x07,send_buffer,1
1889,314,4744978,4744982,0,0x01,end_of_chunk,0
1890,315,4744986,4744990,1080,0x0F,set_decoding_map,0
1891,315,4746070,4746074,14024,0x11,video_data_11,3
1892,315,4760098,4760102,132,0x13,documented_unknown_13,0
1893,315,4760234,4760238,0,0x04,start_stop_audio,0
1894,315,4760238,4760242,6,0x07,send_buffer,1
1895,315,4760248,4760252,0,0x01,end_of_chunk,0
1896,316,4760256,4760260,1080,0x0F,set_decoding_map,0
1897,316,4761340,4761344,14040,0x11,video_data_11,3
1898,316,4775384,4775388,132,0x13,documented_unknown_13,0
1899,316,4775520,4775524,0,0x04,start_stop_audio,0
1900,316,4775524,4775528,6,0x07,send_buffer,1
1901,316,4775534,4775538,0,0x01,end_of_chunk,0
1902,317,4775542,4775546,1080,0x0F,set_decoding_map,0
1903,317,4776626,4776630,14048,0x11,video_data_11,3
1904,317,4790678,4790682,132,0x13,documented_unknown_13,0
1905,317,4790814,4790818,0,0x04,start_stop_audio,0
1906,317,4790818,4790822,6,0x07,send_buffer,1
1907,317,4790828,4790832,0,0x01,end_of_chunk,0
1908,318,4790836,4790840,1080,0x0F,set_decoding_map,0
1909,318,4791920,4791924,14056,0x11,video_data_11,3
1910,318,4805980,4805984,132,0x13,documented_unknown_13,0
1911,318,4806116,4806120,0,0x04,start_stop_audio,0
1912,318,4806120,4806124,6,0x07,send_buffer,1
1913,318,4806130,4806134,0,0x01,end_of_chunk,0
1914,319,4806138,4806142,1080,0x0F,set_decoding_map,0
1915,319,4807222,4807226,14072,0x11,video_data_11,3
1916,319,4821298,4821302,132,0x13,documented_unknown_13,0
1917,319,4821434,4821438,0,0x04,start_stop_audio,0
1918,319,4821438,4821442,6,0x07,send_buffer,1
1919,319,4821448,4821452,0,0x01,end_of_chunk,0
1920,320,4821456,4821460,1080,0x0F,set_decoding_map,0
1921,320,4822540,4822544,14054,0x11,video_data_11,3
1922,320,4836598,4836602,132,0x13,documented_unknown_13,0
1923,320,4836734,4836738,0,0x04,start_stop_audio,0
1924,320,4836738,4836742,6,0x07,send_buffer,1
1925,320,4836748,4836752,0,0x01,end_of_chunk,0
1926,321,4836756,4836760,1080,0x0F,set_decoding_map,0
1927,321,4837840,4837844,14028,0x11,video_data_11,3
1928,321,4851872,4851876,132,0x13,documented_unknown_13,0
1929,321,4852008,4852012,0,0x04,start_stop_audio,0
1930,321,4852012,4852016,6,0x07,send_buffer,1
1931,321,4852022,4852026,0,0x01,end_of_chunk,0
1932,322,4852030,4852034,1080,0x0F,set_decoding_map,0
1933,322,4853114,4853118,14068,0x11,video_data_11,3
1934,322,4867186,4867190,132,0x13,documented_unknown_13,0
1935,322,4867322,4867326,0,0x04,start_stop_audio,0
1936,322,4867326,4867330,6,0x07,send_buffer,1
1937,322,4867336,4867340,0,0x01,end_of_chunk,0
1938,323,4867344,4867348,1080,0x0F,set_decoding_map,0
1939,323,4868428,4868432,14040,0x11,video_data_11,3
1940,323,4882472,4882476,132,0x13,documented_unknown_13,0
1941,323,4882608,4882612,0,0x04,start_stop_audio,0
1942,323,4882612,4882616,6,0x07,send_buffer,1
1943,323,4882622,4882626,0,0x01,end_of_chunk,0
1944,324,4882630,4882634,1080,0x0F,set_decoding_map,0
1945,324,4883714,4883718,14024,0x11,video_data_11,3
1946,324,4897742,4897746,132,0x13,documented_unknown_13,0
1947,324,4897878,4897882,0,0x04,start_stop_audio,0
1948,324,4897882,4897886,6,0x07,send_buffer,1
1949,324,4897892,4897896,0,0x01,end_of_chunk,0
1950,325,4897900,4897904,1080,0x0F,set_decoding_map,0
1951,325,4898984,4898988,14060,0x11,video_data_11,3
1952,325,4913048,4913052,132,0x13,documented_unknown_13,0
1953,325,4913184,4913188,0,0x04,start_stop_audio,0
1954,325,4913188,4913192,6,0x07,send_buffer,1
1955,325,4913198,4913202,0,0x01,end_of_chunk,0
1956,326,4913206,4913210,1080,0x0F,set_decoding_map,0
1957,326,4914290,4914294,14040,0x11,video_data_11,3
1958,326,4928334,4928338,132,0x13,documented_unknown_13,0
1959,326,4928470,4928474,0,0x04,start_stop_audio,0
1960,326,4928474,4928478,6,0x07,send_buffer,1
1961,326,4928484,4928488,0,0x01,end_of_chunk,0
1962,327,4928492,4928496,1080,0x0F,set_decoding_map,0
1963,327,4929576,4929580,14048,0x11,video_data_11,3
1964,327,4943628,4943632,132,0x13,documented_unknown_13,0
1965,327,4943764,4943768,0,0x04,start_stop_audio,0
1966,327,4943768,4943772,6,0x07,send_buffer,1
1967,327,4943778,4943782,0,0x01,end_of_chunk,0
1968,328,4943786,4943790,1080,0x0F,set_decoding_map,0
1969,328,4944870,4944874,14036,0x11,video_data_11,3
1970,328,4958910,4958914,132,0x13,documented_unknown_13,0
1971,328,4959046,4959050,0,0x04,start_stop_audio,0
1972,328,4959050,4959054,6,0x07,send_buffer,1
1973,328,4959060,4959064,0,0x01,end_of_chunk,0
1974,329,4959068,4959072,1080,0x0F,set_decoding_map,0
1975,329,4960152,4960156,14028,0x11,video_data_11,3
1976,329,4974184,4974188,132,0x13,documented_unknown_13,0
1977,329,4974320,4974324,0,0x04,start_stop_audio,0
1978,329,4974324,4974328,6,0x07,send_buffer,1
1979,329,4974334,4974338,0,0x01,end_of_chunk,0
1980,330,4974342,4974346,1080,0x0F,set_decoding_map,0
1981,330,4975426,4975430,14054,0x11,video_data_11,3
1982,330,4989484,4989488,132,0x13,documented_unknown_13,0
1983,330,4989620,4989624,0,0x04,start_stop_audio,0
1984,330,4989624,4989628,6,0x07,send_buffer,1
1985,330,4989634,4989638,0,0x01,end_of_chunk,0
1986,331,4989642,4989646,1080,0x0F,set_decoding_map,0
1987,331,4990726,4990730,14084,0x11,video_data_11,3
1988,331,5004814,5004818,132,0x13,documented_unknown_13,0
1989,331,5004950,5004954,0,0x04,start_stop_audio,0
1990,331,5004954,5004958,6,0x07,send_buffer,1
1991,331,5004964,5004968,0,0x01,end_of_chunk,0
1992,332,5004972,5004976,1080,0x0F,set_decoding_map,0
1993,332,5006056,5006060,14072,0x11,video_data_11,3
1994,332,5020132,5020136,132,0x13,documented_unknown_13,0
1995,332,5020268,5020272,0,0x04,start_stop_audio,0
1996,332,5020272,5020276,6,0x07,send_buffer,1
1997,332,5020282,5020286,0,0x01,end_of_chunk,0
1998,333,5020290,5020294,1080,0x0F,set_decoding_map,0
1999,333,5021374,5021378,14048,0x11,video_data_11,3
2000,333,5035426,5035430,132,0x13,documented_unknown_13,0
2001,333,5035562,5035566,0,0x04,start_stop_audio,0
2002,333,5035566,5035570,6,0x07,send_buffer,1
2003,333,5035576,5035580,0,0x01,end_of_chunk,0
2004,334,5035584,5035588,1080,0x0F,set_decoding_map,0
2005,334,5036668,5036672,14074,0x11,video_data_11,3
2006,334,5050746,5050750,132,0x13,documented_unknown_13,0
2007,334,5050882,5050886,0,0x04,start_stop_audio,0
2008,334,5050886,5050890,6,0x07,send_buffer,1
2009,334,5050896,5050900,0,0x01,end_of_chunk,0
2010,335,5050904,5050908,1080,0x0F,set_decoding_map,0
2011,335,5051988,5051992,14064,0x11,video_data_11,3
2012,335,5066056,5066060,132,0x13,documented_unknown_13,0
2013,335,5066192,5066196,0,0x04,start_stop_audio,0
2014,335,5066196,5066200,6,0x07,send_buffer,1
2015,335,5066206,5066210,0,0x01,end_of_chunk,0
2016,336,5066214,5066218,1080,0x0F,set_decoding_map,0
2017,336,5067298,5067302,14038,0x11,video_data_11,3
2018,336,5081340,5081344,132,0x13,documented_unknown_13,0
2019,336,5081476,5081480,0,0x04,start_stop_audio,0
2020,336,5081480,5081484,6,0x07,send_buffer,1
2021,336,5081490,5081494,0,0x01,end_of_chunk,0
2022,337,5081498,5081502,1080,0x0F,set_decoding_map,0
2023,337,5082582,5082586,14074,0x11,video_data_11,3
2024,337,5096660,5096664,132,0x13,documented_unknown_13,0
2025,337,5096796,5096800,0,0x04,start_stop_audio,0
2026,337,5096800,5096804,6,0x07,send_buffer,1
2027,337,5096810,5096814,0,0x01,end_of_chunk,0
2028,338,5096818,5096822,1080,0x0F,set_decoding_map,0
2029,338,5097902,5097906,14064,0x11,video_data_11,3
2030,338,5111970,5111974,132,0x13,documented_unknown_13,0
2031,338,5112106,5112110,0,0x04,start_stop_audio,0
2032,338,5112110,5112114,6,0x07,send_buffer,1
2033,338,5112120,5112124,0,0x01,end_of_chunk,0
2034,339,5112128,5112132,1080,0x0F,set_decoding_map,0
2035,339,5113212,5113216,14068,0x11,video_data_11,3
2036,339,5127284,5127288,132,0x13,documented_unknown_13,0
2037,339,5127420,5127424,0,0x04,start_stop_audio,0
2038,339,5127424,5127428,6,0x07,send_buffer,1
2039,339,5127434,5127438,0,0x01,end_of_chunk,0
2040,340,5127442,5127446,1080,0x0F,set_decoding_map,0
2041,340,5128526,5128530,14056,0x11,video_data_11,3
2042,340,5142586,5142590,132,0x13,documented_unknown_13,0
2043,340,5142722,5142726,0,0x04,start_stop_audio,0
2044,340,5142726,5142730,6,0x07,send_buffer,1
2045,340,5142736,5142740,0,0x01,end_of_chunk,0
2046,341,5142744,5142748,1080,0x0F,set_decoding_map,0
2047,341,5143828,5143832,14056,0x11,video_data_11,3
2048,341,5157888,5157892,132,0x13,documented_unknown_13,0
2049,341,5158024,5158028,0,0x04,start_stop_audio,0
2050,341,5158028,5158032,6,0x07,send_buffer,1
2051,341,5158038,5158042,0,0x01,end_of_chunk,0
2052,342,5158046,5158050,1080,0x0F,set_decoding_map,0
2053,342,5159130,5159134,14076,0x11,video_data_11,3
2054,342,5173210,5173214,132,0x13,documented_unknown_13,0
2055,342,5173346,5173350,0,0x04,start_stop_audio,0
2056,342,5173350,5173354,6,0x07,send_buffer,1
2057,342,5173360,5173364,0,0x01,end_of_chunk,0
2058,343,5173368,5173372,1080,0x0F,set_decoding_map,0
2059,343,5174452,5174456,14032,0x11,video_data_11,3
2060,343,5188488,5188492,132,0x13,documented_unknown_13,0
2061,343,5188624,5188628,0,0x04,start_stop_audio,0
2062,343,5188628,5188632,6,0x07,send_buffer,1
2063,343,5188638,5188642,0,0x01,end_of_chunk,0
2064,344,5188646,5188650,1080,0x0F,set_decoding_map,0
2065,344,5189730,5189734,14042,0x11,video_data_11,3
2066,344,5203776,5203780,132,0x13,documented_unknown_13,0
2067,344,5203912,5203916,0,0x04,start_stop_audio,0
2068,344,5203916,5203920,6,0x07,send_buffer,1
2069,344,5203926,5203930,0,0x01,end_of_chunk,0
2070,345,5203934,5203938,1080,0x0F,set_decoding_map,0
2071,345,5205018,5205022,14076,0x11,video_data_11,3
2072,345,5219098,5219102,132,0x13,documented_unknown_13,0
2073,345,5219234,5219238,0,0x04,start_stop_audio,0
2074,345,5219238,5219242,6,0x07,send_buffer,1
2075,345,5219248,5219252,0,0x01,end_of_chunk,0
2076,346,5219256,5219260,1080,0x0F,set_decoding_map,0
2077,346,5220340,5220344,14052,0x11,video_data_11,3
2078,346,5234396,5234400,132,0x13,documented_unknown_13,0
2079,346,5234532,5234536,0,0x04,start_stop_audio,0
2080,346,5234536,5234540,6,0x07,send_buffer,1
2081,346,5234546,5234550,0,0x01,end_of_chunk,0
2082,347,5234554,5234558,1080,0x0F,set_decoding_map,0
2083,347,5235638,5235642,14072,0x11,video_data_11,3
2084,347,5249714,5249718,132,0x13,documented_unknown_13,0
2085,347,5249850,5249854,0,0x04,start_stop_audio,0
2086,347,5249854,5249858,6,0x07,send_buffer,1
2087,347,5249864,5249868,0,0x01,end_of_chunk,0
2088,348,5249872,5249876,1080,0x0F,set_decoding_map,0
2089,348,5250956,5250960,14022,0x11,video_data_11,3
2090,348,5264982,5264986,132,0x13,documented_unknown_13,0
2091,348,5265118,5265122,0,0x04,start_stop_audio,0
2092,348,5265122,5265126,6,0x07,send_buffer,1
2093,348,5265132,5265136,0,0x01,end_of_chunk,0
2094,349,5265140,5265144,1080,0x0F,set_decoding_map,0
2095,349,5266224,5266228,14058,0x11,video_data_11,3
2096,349,5280286,5280290,132,0x13,documented_unknown_13,0
2097,349,5280422,5280426,0,0x04,start_stop_audio,0
2098,349,5280426,5280430,6,0x07,send_buffer,1
2099,349,5280436,5280440,0,0x01,end_of_chunk,0
2100,350,5280444,5280448,1080,0x0F,set_decoding_map,0
2101,350,5281528,5281532,14034,0x11,video_data_11,3
2102,350,5295566,5295570,132,0x13,documented_unknown_13,0
2103,350,5295702,5295706,0,0x04,start_stop_audio,0
2104,350,5295706,5295710,6,0x07,send_buffer,1
2105,350,5295716,5295720,0,0x01,end_of_chunk,0
2106,351,5295724,5295728,1080,0x0F,set_decoding_map,0
2107,351,5296808,5296812,14030,0x11,video_data_11,3
2108,351,5310842,5310846,132,0x13,documented_unknown_13,0
2109,351,5310978,5310982,0,0x04,start_stop_audio,0
2110,351,5310982,5310986,6,0x07,send_buffer,1
2111,351,5310992,5310996,0,0x01,end_of_chunk,0
2112,352,5311000,5311004,1080,0x0F,set_decoding_map,0
2113,352,5312084,5312088,14058,0x11,video_data_11,3
2114,352,5326146,5326150,132,0x13,documented_unknown_13,0
2115,352,5326282,5326286,0,0x04,start_stop_audio,0
2116,352,5326286,5326290,6,0x07,send_buffer,1
2117,352,5326296,5326300,0,0x01,end_of_chunk,0
2118,353,5326304,5326308,1080,0x0F,set_decoding_map,0
2119,353,5327388,5327392,14034,0x11,video_data_11,3
2120,353,5341426,5341430,132,0x13,documented_unknown_13,0
2121,353,5341562,5341566,0,0x04,start_stop_audio,0
2122,353,5341566,5341570,6,0x07,send_buffer,1
2123,353,5341576,5341580,0,0x01,end_of_chunk,0
2124,354,5341584,5341588,1080,0x0F,set_decoding_map,0
2125,354,5342668,5342672,14050,0x11,video_data_11,3
2126,354,5356722,5356726,132,0x13,documented_unknown_13,0
2127,354,5356858,5356862,0,0x04,start_stop_audio,0
2128,354,5356862,5356866,6,0x07,send_buffer,1
2129,354,5356872,5356876,0,0x01,end_of_chunk,0
2130,355,5356880,5356884,1080,0x0F,set_decoding_map,0
2131,355,5357964,5357968,14024,0x11,video_data_11,3
2132,355,5371992,5371996,132,0x13,documented_unknown_13,0
2133,355,5372128,5372132,0,0x04,start_stop_audio,0
2134,355,5372132,5372136,6,0x07,send_buffer,1
2135,355,5372142,5372146,0,0x01,end_of_chunk,0
2136,356,5372150,5372154,1080,0x0F,set_decoding_map,0
2137,356,5373234,5373238,14062,0x11,video_data_11,3
2138,356,5387300,5387304,132,0x13,documented_unknown_13,0
2139,356,5387436,5387440,0,0x04,start_stop_audio,0
2140,356,5387440,5387444,6,0x07,send_buffer,1
2141,356,5387450,5387454,0,0x01,end_of_chunk,0
2142,357,5387458,5387462,1080,0x0F,set_decoding_map,0
2143,357,5388542,5388546,14052,0x11,video_data_11,3
2144,357,5402598,5402602,132,0x13,documented_unknown_13,0
2145,357,5402734,5402738,0,0x04,start_stop_audio,0
2146,357,5402738,5402742,6,0x07,send_buffer,1
2147,357,5402748,5402752,0,0x01,end_of_chunk,0
2148,358,5402756,5402760,1080,0x0F,set_decoding_map,0
2149,358,5403840,5403844,14044,0x11,video_data_11,3
2150,358,5417888,5417892,132,0x13,documented_unknown_13,0
2151,358,5418024,5418028,0,0x04,start_stop_audio,0
2152,358,5418028,5418032,6,0x07,send_buffer,1
2153,358,5418038,5418042,0,0x01,end_of_chunk,0
2154,359,5418046,5418050,1080,0x0F,set_decoding_map,0
2155,359,5419130,5419134,14072,0x11,video_data_11,3
2156,359,5433206,5433210,132,0x13,documented_unknown_13,0
2157,359,5433342,5433346,0,0x04,start_stop_audio,0
2158,359,5433346,5433350,6,0x07,send_buffer,1
2159,359,5433356,5433360,0,0x01,end_of_chunk,0
2160,360,5433364,5433368,1080,0x0F,set_decoding_map,0
2161,360,5434448,5434452,14060,0x11,video_data_11,3
2162,360,5448512,5448516,132,0x13,documented_unknown_13,0
2163,360,5448648,5448652,0,0x04,start_stop_audio,0
2164,360,5448652,5448656,6,0x07,send_buffer,1
2165,360,5448662,5448666,0,0x01,end_of_chunk,0
2166,361,5448670,5448674,1080,0x0F,set_decoding_map,0
2167,361,5449754,5449758,14026,0x11,video_data_11,3
2168,361,5463784,5463788,132,0x13,documented_unknown_13,0
2169,361,5463920,5463924,0,0x04,start_stop_audio,0
2170,361,5463924,5463928,6,0x07,send_buffer,1
2171,361,5463934,5463938,0,0x01,end_of_chunk,0
2172,362,5463942,5463946,1080,0x0F,set_decoding_map,0
2173,362,5465026,5465030,14026,0x11,video_data_11,3
2174,362,5479056,5479060,132,0x13,documented_unknown_13,0
2175,362,5479192,5479196,0,0x04,start_stop_audio,0
2176,362,5479196,5479200,6,0x07,send_buffer,1
2177,362,5479206,5479210,0,0x01,end_of_chunk,0
2178,363,5479214,5479218,1080,0x0F,set_decoding_map,0
2179,363,5480298,5480302,14050,0x11,video_data_11,3
2180,363,5494352,5494356,132,0x13,documented_unknown_13,0
2181,363,5494488,5494492,0,0x04,start_stop_audio,0
2182,363,5494492,5494496,6,0x07,send_buffer,1
2183,363,5494502,5494506,0,0x01,end_of_chunk,0
2184,364,5494510,5494514,1080,0x0F,set_decoding_map,0
2185,364,5495594,5495598,14068,0x11,video_data_11,3
2186,364,5509666,5509670,132,0x13,documented_unknown_13,0
2187,364,5509802,5509806,0,0x04,start_stop_audio,0
2188,364,5509806,5509810,6,0x07,send_buffer,1
2189,364,5509816,5509820,0,0x01,end_of_chunk,0
2190,365,5509824,5509828,1080,0x0F,set_decoding_map,0
2191,365,5510908,5510912,14070,0x11,video_data_11,3
2192,365,5524982,5524986,132,0x13,documented_unknown_13,0
2193,365,5525118,5525122,0,0x04,start_stop_audio,0
2194,365,5525122,5525126,6,0x07,send_buffer,1
2195,365,5525132,5525136,0,0x01,end_of_chunk,0
2196,366,5525140,5525144,1080,0x0F,set_decoding_map,0
2197,366,5526224,5526228,14078,0x11,video_data_11,3
2198,366,5540306,5540310,132,0x13,documented_unknown_13,0
2199,366,5540442,5540446,0,0x04,start_stop_audio,0
2200,366,5540446,5540450,6,0x07,send_buffer,1
2201,366,5540456,5540460,0,0x01,end_of_chunk,0
2202,367,5540464,5540468,1080,0x0F,set_decoding_map,0
2203,367,5541548,5541552,14030,0x11,video_data_11,3
2204,367,5555582,5555586,132,0x13,documented_unknown_13,0
2205,367,5555718,5555722,0,0x04,start_stop_audio,0
2206,367,5555722,5555726,6,0x07,send_buffer,1
2207,367,5555732,5555736,0,0x01,end_of_chunk,0
2208,368,5555740,5555744,1080,0x0F,set_decoding_map,0
2209,368,5556824,5556828,14062,0x11,video_data_11,3
2210,368,5570890,5570894,132,0x13,documented_unknown_13,0
2211,368,5571026,5571030,0,0x04,start_stop_audio,0
2212,368,5571030,5571034,6,0x07,send_buffer,1
2213,368,5571040,5571044,0,0x01,end_of_chunk,0
2214,369,5571048,5571052,1080,0x0F,set_decoding_map,0
2215,369,5572132,5572136,14060,0x11,video_data_11,3
2216,369,5586196,5586200,132,0x13,documented_unknown_13,0
2217,369,5586332,5586336,0,0x04,start_stop_audio,0
2218,369,5586336,5586340,6,0x07,send_buffer,1
2219,369,5586346,5586350,0,0x01,end_of_chunk,0
2220,370,5586354,5586358,1080,0x0F,set_decoding_map,0
2221,370,5587438,5587442,14056,0x11,video_data_11,3
2222,370,5601498,5601502,132,0x13,documented_unknown_13,0
2223,370,5601634,5601638,0,0x04,start_stop_audio,0
2224,370,5601638,5601642,6,0x07,send_buffer,1
2225,370,5601648,5601652,0,0x01,end_of_chunk,0
2226,371,5601656,5601660,1080,0x0F,set_decoding_map,0
2227,371,5602740,5602744,14050,0x11,video_data_11,3
2228,371,5616794,5616798,132,0x13,documented_unknown_13,0
2229,371,5616930,5616934,0,0x04,start_stop_audio,0
2230,371,5616934,5616938,6,0x07,send_buffer,1
2231,371,5616944,5616948,0,0x01,end_of_chunk,0
2232,372,5616952,5616956,1080,0x0F,set_decoding_map,0
2233,372,5618036,5618040,14034,0x11,video_data_11,3
2234,372,5632074,5632078,132,0x13,documented_unknown_13,0
2235,372,5632210,5632214,0,0x04,start_stop_audio,0
2236,372,5632214,5632218,6,0x07,send_buffer,1
2237,372,5632224,5632228,0,0x01,end_of_chunk,0
2238,373,5632232,5632236,1080,0x0F,set_decoding_map,0
2239,373,5633316,5633320,14084,0x11,video_data_11,3
2240,373,5647404,5647408,132,0x13,documented_unknown_13,0
2241,373,5647540,5647544,0,0x04,start_stop_audio,0
2242,373,5647544,5647548,6,0x07,send_buffer,1
2243,373,5647554,5647558,0,0x01,end_of_chunk,0
2244,374,5647562,5647566,1080,0x0F,set_decoding_map,0
2245,374,5648646,5648650,14032,0x11,video_data_11,3
2246,374,5662682,5662686,132,0x13,documented_unknown_13,0
2247,374,5662818,5662822,0,0x04,start_stop_audio,0
2248,374,5662822,5662826,6,0x07,send_buffer,1
2249,374,5662832,5662836,0,0x01,end_of_chunk,0
2250,375,5662840,5662844,1080,0x0F,set_decoding_map,0
2251,375,5663924,5663928,14082,0x11,video_data_11,3
2252,375,5678010,5678014,132,0x13,documented_unknown_13,0
2253,375,5678146,5678150,0,0x04,start_stop_audio,0
2254,375,5678150,5678154,6,0x07,send_buffer,1
2255,375,5678160,5678164,0,0x01,end_of_chunk,0
2256,376,5678168,5678172,1080,0x0F,set_decoding_map,0
2257,376,5679252,5679256,14062,0x11,video_data_11,3
2258,376,5693318,5693322,132,0x13,documented_unknown_13,0
2259,376,5693454,5693458,0,0x04,start_stop_audio,0
2260,376,5693458,5693462,6,0x07,send_buffer,1
2261,376,5693468,5693472,0,0x01,end_of_chunk,0
2262,377,5693476,5693480,1080,0x0F,set_decoding_map,0
2263,377,5694560,5694564,14026,0x11,video_data_11,3
2264,377,5708590,5708594,132,0x13,documented_unknown_13,0
2265,377,5708726,5708730,0,0x04,start_stop_audio,0
2266,377,5708730,5708734,6,0x07,send_buffer,1
2267,377,5708740,5708744,0,0x01,end_of_chunk,0
2268,378,5708748,5708752,1080,0x0F,set_decoding_map,0
2269,378,5709832,5709836,14032,0x11,video_data_11,3
2270,378,5723868,5723872,132,0x13,documented_unknown_13,0
2271,378,5724004,5724008,0,0x04,start_stop_audio,0
2272,378,5724008,5724012,6,0x07,send_buffer,1
2273,378,5724018,5724022,0,0x01,end_of_chunk,0
2274,379,5724026,5724030,1080,0x0F,set_decoding_map,0
2275,379,5725110,5725114,14078,0x11,video_data_11,3
2276,379,5739192,5739196,132,0x13,documented_unknown_13,0
2277,379,5739328,5739332,0,0x04,start_stop_audio,0
2278,379,5739332,5739336,6,0x07,send_buffer,1
2279,379,5739342,5739346,0,0x01,end_of_chunk,0
2280,380,5739350,5739354,1080,0x0F,set_decoding_map,0
2281,380,5740434,5740438,14032,0x11,video_data_11,3
2282,380,5754470,5754474,132,0x13,documented_unknown_13,0
2283,380,5754606,5754610,0,0x04,start_stop_audio,0
2284,380,5754610,5754614,6,0x07,send_buffer,1
2285,380,5754620,5754624,0,0x01,end_of_chunk,0
2286,381,5754628,5754632,1080,0x0F,set_decoding_map,0
2287,381,5755712,5755716,14030,0x11,video_data_11,3
2288,381,5769746,5769750,132,0x13,documented_unknown_13,0
2289,381,5769882,5769886,0,0x04,start_stop_audio,0
2290,381,5769886,5769890,6,0x07,send_buffer,1
2291,381,5769896,5769900,0,0x01,end_of_chunk,0
2292,382,5769904,5769908,1080,0x0F,set_decoding_map,0
2293,382,5770988,5770992,14024,0x11,video_data_11,3
2294,382,5785016,5785020,132,0x13,documented_unknown_13,0
2295,382,5785152,5785156,0,0x04,start_stop_audio,0
2296,382,5785156,5785160,6,0x07,send_buffer,1
2297,382,5785166,5785170,0,0x01,end_of_chunk,0
2298,383,5785174,5785178,1080,0x0F,set_decoding_map,0
2299,383,5786258,5786262,14068,0x11,video_data_11,3
2300,383,5800330,5800334,132,0x13,documented_unknown_13,0
2301,383,5800466,5800470,0,0x04,start_stop_audio,0
2302,383,5800470,5800474,6,0x07,send_buffer,1
2303,383,5800480,5800484,0,0x01,end_of_chunk,0
2304,384,5800488,5800492,1080,0x0F,set_decoding_map,0
2305,384,5801572,5801576,14080,0x11,video_data_11,3
2306,384,5815656,5815660,132,0x13,documented_unknown_13,0
2307,384,5815792,5815796,0,0x04,start_stop_audio,0
2308,384,5815796,5815800,6,0x07,send_buffer,1
2309,384,5815806,5815810,0,0x01,end_of_chunk,0
2310,385,5815814,5815818,1080,0x0F,set_decoding_map,0
2311,385,5816898,5816902,14038,0x11,video_data_11,3
2312,385,5830940,5830944,132,0x13,documented_unknown_13,0
2313,385,5831076,5831080,0,0x04,start_stop_audio,0
2314,385,5831080,5831084,6,0x07,send_buffer,1
2315,385,5831090,5831094,0,0x01,end_of_chunk,0
2316,386,5831098,5831102,1080,0x0F,set_decoding_map,0
2317,386,5832182,5832186,14070,0x11,video_data_11,3
2318,386,5846256,5846260,132,0x13,documented_unknown_13,0
2319,386,5846392,5846396,0,0x04,start_stop_audio,0
2320,386,5846396,5846400,6,0x07,send_buffer,1
2321,386,5846406,5846410,0,0x01,end_of_chunk,0
2322,387,5846414,5846418,1080,0x0F,set_decoding_map,0
2323,387,5847498,5847502,14048,0x11,video_data_11,3
2324,387,5861550,5861554,132,0x13,documented_unknown_13,0
2325,387,5861686,5861690,0,0x04,start_stop_audio,0
2326,387,5861690,5861694,6,0x07,send_buffer,1
2327,387,5861700,5861704,0,0x01,end_of_chunk,0
2328,388,5861708,5861712,1080,0x0F,set_decoding_map,0
2329,388,5862792,5862796,14072,0x11,video_data_11,3
2330,388,5876868,5876872,132,0x13,documented_unknown_13,0
2331,388,5877004,5877008,0,0x04,start_stop_audio,0
2332,388,5877008,5877012,6,0x07,send_buffer,1
2333,388,5877018,5877022,0,0x01,end_of_chunk,0
2334,389,5877026,5877030,1080,0x0F,set_decoding_map,0
2335,389,5878110,5878114,14078,0x11,video_data_11,3
2336,389,5892192,5892196,132,0x13,documented_unknown_13,0
2337,389,5892328,5892332,0,0x04,start_stop_audio,0
2338,389,5892332,5892336,6,0x07,send_buffer,1
2339,389,5892342,5892346,0,0x01,end_of_chunk,0
2340,390,5892350,5892354,1080,0x0F,set_decoding_map,0
2341,390,5893434,5893438,14036,0x11,video_data_11,3
2342,390,5907474,5907478,132,0x13,documented_unknown_13,0
2343,390,5907610,5907614,0,0x04,start_stop_audio,0
2344,390,5907614,5907618,6,0x07,send_buffer,1
2345,390,5907624,5907628,0,0x01,end_of_chunk,0
2346,391,5907632,5907636,1080,0x0F,set_decoding_map,0
2347,391,5908716,5908720,14058,0x11,video_data_11,3
2348,391,5922778,5922782,132,0x13,documented_unknown_13,0
2349,391,5922914,5922918,0,0x04,start_stop_audio,0
2350,391,5922918,5922922,6,0x07,send_buffer,1
2351,391,5922928,5922932,0,0x01,end_of_chunk,0
2352,392,5922936,5922940,1080,0x0F,set_decoding_map,0
2353,392,5924020,5924024,14036,0x11,video_data_11,3
2354,392,5938060,5938064,132,0x13,documented_unknown_13,0
2355,392,5938196,5938200,0,0x04,start_stop_audio,0
2356,392,5938200,5938204,6,0x07,send_buffer,1
2357,392,5938210,5938214,0,0x01,end_of_chunk,0
2358,393,5938218,5938222,1080,0x0F,set_decoding_map,0
2359,393,5939302,5939306,14078,0x11,video_data_11,3
2360,393,5953384,5953388,132,0x13,documented_unknown_13,0
2361,393,5953520,5953524,0,0x04,start_stop_audio,0
2362,393,5953524,5953528,6,0x07,send_buffer,1
2363,393,5953534,5953538,0,0x01,end_of_chunk,0
2364,394,5953542,5953546,1080,0x0F,set_decoding_map,0
2365,394,5954626,5954630,14040,0x11,video_data_11,3
2366,394,5968670,5968674,132,0x13,documented_unknown_13,0
2367,394,5968806,5968810,0,0x04,start_stop_audio,0
2368,394,5968810,5968814,6,0x07,send_buffer,1
2369,394,5968820,5968824,0,0x01,end_of_chunk,0
2370,395,5968828,5968832,1080,0x0F,set_decoding_map,0
2371,395,5969912,5969916,14074,0x11,video_data_11,3
2372,395,5983990,5983994,132,0x13,documented_unknown_13,0
2373,395,5984126,5984130,0,0x04,start_stop_audio,0
2374,395,5984130,5984134,6,0x07,send_buffer,1
2375,395,5984140,5984144,0,0x01,end_of_chunk,0
2376,396,5984148,5984152,1080,0x0F,set_decoding_map,0
2377,396,5985232,5985236,14080,0x11,video_data_11,3
2378,396,5999316,5999320,132,0x13,documented_unknown_13,0
2379,396,5999452,5999456,0,0x04,start_stop_audio,0
2380,396,5999456,5999460,6,0x07,send_buffer,1
2381,396,5999466,5999470,0,0x01,end_of_chunk,0
2382,397,5999474,5999478,1080,0x0F,set_decoding_map,0
2383,397,6000558,6000562,14082,0x11,video_data_11,3
2384,397,6014644,6014648,132,0x13,documented_unknown_13,0
2385,397,6014780,6014784,0,0x04,start_stop_audio,0
2386,397,6014784,6014788,6,0x07,send_buffer,1
2387,397,6014794,6014798,0,0x01,end_of_chunk,0
2388,398,6014802,6014806,1080,0x0F,set_decoding_map,0
2389,398,6015886,6015890,14046,0x11,video_data_11,3
2390,398,6029936,6029940,132,0x13,documented_unknown_13,0
2391,398,6030072,6030076,0,0x04,start_stop_audio,0
2392,398,6030076,6030080,6,0x07,send_buffer,1
2393,398,6030086,6030090,0,0x01,end_of_chunk,0
2394,399,6030094,6030098,1080,0x0F,set_decoding_map,0
2395,399,6031178,6031182,14080,0x11,video_data_11,3
2396,399,6045262,6045266,132,0x13,documented_unknown_13,0
2397,399,6045398,6045402,0,0x04,start_stop_audio,0
2398,399,6045402,6045406,6,0x07,send_buffer,1
2399,399,6045412,6045416,0,0x01,end_of_chunk,0
2400,400,6045420,6045424,1080,0x0F,set_decoding_map,0
2401,400,6046504,6046508,14072,0x11,video_data_11,3
2402,400,6060580,6060584,132,0x13,documented_unknown_13,0
2403,400,6060716,6060720,0,0x04,start_stop_audio,0
2404,400,6060720,6060724,6,0x07,send_buffer,1
2405,400,6060730,6060734,0,0x01,end_of_chunk,0
2406,401,6060738,6060742,1080,0x0F,set_decoding_map,0
2407,401,6061822,6061826,14068,0x11,video_data_11,3
2408,401,6075894,6075898,132,0x13,documented_unknown_13,0
2409,401,6076030,6076034,0,0x04,start_stop_audio,0
2410,401,6076034,6076038,6,0x07,send_buffer,1
2411,401,6076044,6076048,0,0x01,end_of_chunk,0
2412,402,6076052,6076056,1080,0x0F,set_decoding_map,0
2413,402,6077136,6077140,14024,0x11,video_data_11,3
2414,402,6091164,6091168,132,0x13,documented_unknown_13,0
2415,402,6091300,6091304,0,0x04,start_stop_audio,0
2416,402,6091304,6091308,6,0x07,send_buffer,1
2417,402,6091314,6091318,0,0x01,end_of_chunk,0
2418,403,6091322,6091326,1080,0x0F,set_decoding_map,0
2419,403,6092406,6092410,14056,0x11,video_data_11,3
2420,403,6106466,6106470,132,0x13,documented_unknown_13,0
2421,403,6106602,6106606,0,0x04,start_stop_audio,0
2422,403,6106606,6106610,6,0x07,send_buffer,1
2423,403,6106616,6106620,0,0x01,end_of_chunk,0
2424,404,6106624,6106628,1080,0x0F,set_decoding_map,0
2425,404,6107708,6107712,14072,0x11,video_data_11,3
2426,404,6121784,6121788,132,0x13,documented_unknown_13,0
2427,404,6121920,6121924,0,0x04,start_stop_audio,0
2428,404,6121924,6121928,6,0x07,send_buffer,1
2429,404,6121934,6121938,0,0x01,end_of_chunk,0
2430,405,6121942,6121946,1080,0x0F,set_decoding_map,0
2431,405,6123026,6123030,14026,0x11,video_data_11,3
2432,405,6137056,6137060,132,0x13,documented_unknown_13,0
2433,405,6137192,6137196,0,0x04,start_stop_audio,0
2434,405,6137196,6137200,6,0x07,send_buffer,1
2435,405,6137206,6137210,0,0x01,end_of_chunk,0
2436,406,6137214,6137218,1080,0x0F,set_decoding_map,0
2437,406,6138298,6138302,14036,0x11,video_data_11,3
2438,406,6152338,6152342,132,0x13,documented_unknown_13,0
2439,406,6152474,6152478,0,0x04,start_stop_audio,0
2440,406,6152478,6152482,6,0x07,send_buffer,1
2441,406,6152488,6152492,0,0x01,end_of_chunk,0
2442,407,6152496,6152500,1080,0x0F,set_decoding_map,0
2443,407,6153580,6153584,14030,0x11,video_data_11,3
2444,407,6167614,6167618,132,0x13,documented_unknown_13,0
2445,407,6167750,6167754,0,0x04,start_stop_audio,0
2446,407,6167754,6167758,6,0x07,send_buffer,1
2447,407,6167764,6167768,0,0x01,end_of_chunk,0
2448,408,6167772,6167776,1080,0x0F,set_decoding_map,0
2449,408,6168856,6168860,14046,0x11,video_data_11,3
2450,408,6182906,6182910,132,0x13,documented_unknown_13,0
2451,408,6183042,6183046,0,0x04,start_stop_audio,0
2452,408,6183046,6183050,6,0x07,send_buffer,1
2453,408,6183056,6183060,0,0x01,end_of_chunk,0
2454,409,6183064,6183068,1080,0x0F,set_decoding_map,0
2455,409,6184148,6184152,14056,0x11,video_data_11,3
2456,409,6198208,6198212,132,0x13,documented_unknown_13,0
2457,409,6198344,6198348,0,0x04,start_stop_audio,0
2458,409,6198348,6198352,6,0x07,send_buffer,1
2459,409,6198358,6198362,0,0x01,end_of_chunk,0
2460,410,6198366,6198370,1080,0x0F,set_decoding_map,0
2461,410,6199450,6199454,14070,0x11,video_data_11,3
2462,410,6213524,6213528,132,0x13,documented_unknown_13,0
2463,410,6213660,6213664,0,0x04,start_stop_audio,0
2464,410,6213664,6213668,6,0x07,send_buffer,1
2465,410,6213674,6213678,0,0x01,end_of_chunk,0
2466,411,6213682,6213686,1080,0x0F,set_decoding_map,0
2467,411,6214766,6214770,14038,0x11,video_data_11,3
2468,411,6228808,6228812,132,0x13,documented_unknown_13,0
2469,411,6228944,6228948,0,0x04,start_stop_audio,0
2470,411,6228948,6228952,6,0x07,send_buffer,1
2471,411,6228958,6228962,0,0x01,end_of_chunk,0
2472,412,6228966,6228970,1080,0x0F,set_decoding_map,0
2473,412,6230050,6230054,14082,0x11,video_data_11,3
2474,412,6244136,6244140,132,0x13,documented_unknown_13,0
2475,412,6244272,6244276,0,0x04,start_stop_audio,0
2476,412,6244276,6244280,6,0x07,send_buffer,1
2477,412,6244286,6244290,0,0x01,end_of_chunk,0
2478,413,6244294,6244298,1080,0x0F,set_decoding_map,0
2479,413,6245378,6245382,14034,0x11,video_data_11,3
2480,413,6259416,6259420,132,0x13,documented_unknown_13,0
2481,413,6259552,6259556,0,0x04,start_stop_audio,0
2482,413,6259556,6259560,6,0x07,send_buffer,1
2483,413,6259566,6259570,0,0x01,end_of_chunk,0
2484,414,6259574,6259578,1080,0x0F,set_decoding_map,0
2485,414,6260658,6260662,14084,0x11,video_data_11,3
2486,414,6274746,6274750,132,0x13,documented_unknown_13,0
2487,414,6274882,6274886,0,0x04,start_stop_audio,0
2488,414,6274886,6274890,6,0x07,send_buffer,1
2489,414,6274896,6274900,0,0x01,end_of_chunk,0
2490,415,6274904,6274908,1080,0x0F,set_decoding_map,0
2491,415,6275988,6275992,14078,0x11,video_data_11,3
2492,415,6290070,6290074,132,0x13,documented_unknown_13,0
2493,415,6290206,6290210,0,0x04,start_stop_audio,0
2494,415,6290210,6290214,6,0x07,send_buffer,1
2495,415,6290220,6290224,0,0x01,end_of_chunk,0
2496,416,6290228,6290232,1080,0x0F,set_decoding_map,0
2497,416,6291312,6291316,14050,0x11,video_data_11,3
2498,416,6305366,6305370,132,0x13,documented_unknown_13,0
2499,416,6305502,6305506,0,0x04,start_stop_audio,0
2500,416,6305506,6305510,6,0x07,send_buffer,1
2501,416,6305516,6305520,0,0x01,end_of_chunk,0
2502,417,6305524,6305528,1080,0x0F,set_decoding_map,0
2503,417,6306608,6306612,14052,0x11,video_data_11,3
2504,417,6320664,6320668,132,0x13,documented_unknown_13,0
2505,417,6320800,6320804,0,0x04,start_stop_audio,0
2506,417,6320804,6320808,6,0x07,send_buffer,1
2507,417,6320814,6320818,0,0x01,end_of_chunk,0
2508,418,6320822,6320826,1080,0x0F,set_decoding_map,0
2509,418,6321906,6321910,14036,0x11,video_data_11,3
2510,418,6335946,6335950,132,0x13,documented_unknown_13,0
2511,418,6336082,6336086,0,0x04,start_stop_audio,0
2512,418,6336086,6336090,6,0x07,send_buffer,1
2513,418,6336096,6336100,0,0x01,end_of_chunk,0
2514,419,6336104,6336108,1080,0x0F,set_decoding_map,0
2515,419,6337188,6337192,14022,0x11,video_data_11,3
2516,419,6351214,6351218,132,0x13,documented_unknown_13,0
2517,419,6351350,6351354,0,0x04,start_stop_audio,0
2518,419,6351354,6351358,6,0x07,send_buffer,1
2519,419,6351364,6351368,0,0x01,end_of_chunk,0
2520,420,6351372,6351376,1080,0x0F,set_decoding_map,0
2521,420,6352456,6352460,14072,0x11,video_data_11,3
2522,420,6366532,6366536,132,0x13,documented_unknown_13,0
2523,420,6366668,6366672,0,0x04,start_stop_audio,0
2524,420,6366672,6366676,6,0x07,send_buffer,1
2525,420,6366682,6366686,0,0x01,end_of_chunk,0
2526,421,6366690,6366694,1080,0x0F,set_decoding_map,0
2527,421,6367774,6367778,14040,0x11,video_data_11,3
2528,421,6381818,6381822,132,0x13,documented_unknown_13,0
2529,421,6381954,6381958,0,0x04,start_stop_audio,0
2530,421,6381958,6381962,6,0x07,send_buffer,1
2531,421,6381968,6381972,0,0x01,end_of_chunk,0
2532,422,6381976,6381980,1080,0x0F,set_decoding_map,0
2533,422,6383060,6383064,14060,0x11,video_data_11,3
2534,422,6397124,6397128,132,0x13,documented_unknown_13,0
2535,422,6397260,6397264,0,0x04,start_stop_audio,0
2536,422,6397264,6397268,6,0x07,send_buffer,1
2537,422,6397274,6397278,0,0x01,end_of_chunk,0
2538,423,6397282,6397286,1080,0x0F,set_decoding_map,0
2539,423,6398366,6398370,14080,0x11,video_data_11,3
2540,423,6412450,6412454,132,0x13,documented_unknown_13,0
2541,423,6412586,6412590,0,0x04,start_stop_audio,0
2542,423,6412590,6412594,6,0x07,send_buffer,1
2543,423,6412600,6412604,0,0x01,end_of_chunk,0
2544,424,6412608,6412612,1080,0x0F,set_decoding_map,0
2545,424,6413692,6413696,14022,0x11,video_data_11,3
2546,424,6427718,6427722,132,0x13,documented_unknown_13,0
2547,424,6427854,6427858,0,0x04,start_stop_audio,0
2548,424,6427858,6427862,6,0x07,send_buffer,1
2549,424,6427868,6427872,0,0x01,end_of_chunk,0
2550,425,6427876,6427880,1080,0x0F,set_decoding_map,0
2551,425,6428960,6428964,14078,0x11,video_data_11,3
2552,425,6443042,6443046,132,0x13,documented_unknown_13,0
2553,425,6443178,6443182,0,0x04,start_stop_audio,0
2554,425,6443182,6443186,6,0x07,send_buffer,1
2555,425,6443192,6443196,0,0x01,end_of_chunk,0
2556,426,6443200,6443204,1080,0x0F,set_decoding_map,0
2557,426,6444284,6444288,14072,0x11,video_data_11,3
2558,426,6458360,6458364,132,0x13,documented_unknown_13,0
2559,426,6458496,6458500,0,0x04,start_stop_audio,0
2560,426,6458500,6458504,6,0x07,send_buffer,1
2561,426,6458510,6458514,0,0x01,end_of_chunk,0
2562,427,6458518,6458522,1080,0x0F,set_decoding_map,0
2563,427,6459602,6459606,14064,0x11,video_data_11,3
2564,427,6473670,6473674,132,0x13,documented_unknown_13,0
2565,427,6473806,6473810,0,0x04,start_stop_audio,0
2566,427,6473810,6473814,6,0x07,send_buffer,1
2567,427,6473820,6473824,0,0x01,end_of_chunk,0
2568,428,6473828,6473832,1080,0x0F,set_decoding_map,0
2569,428,6474912,6474916,14024,0x11,video_data_11,3
2570,428,6488940,6488944,132,0x13,documented_unknown_13,0
2571,428,6489076,6489080,0,0x04,start_stop_audio,0
2572,428,6489080,6489084,6,0x07,send_buffer,1
2573,428,6489090,6489094,0,0x01,end_of_chunk,0
2574,429,6489098,6489102,1080,0x0F,set_decoding_map,0
2575,429,6490182,6490186,14064,0x11,video_data_11,3
2576,429,6504250,6504254,132,0x13,documented_unknown_13,0
2577,429,6504386,6504390,0,0x04,start_stop_audio,0
2578,429,6504390,6504394,6,0x07,send_buffer,1
2579,429,6504400,6504404,0,0x01,end_of_chunk,0
2580,430,6504408,6504412,1080,0x0F,set_decoding_map,0
2581,430,6505492,6505496,14066,0x11,video_data_11,3
2582,430,6519562,6519566,132,0x13,documented_unknown_13,0
2583,430,6519698,6519702,0,0x04,start_stop_audio,0
2584,430,6519702,6519706,6,0x07,send_buffer,1
2585,430,6519712,6519716,0,0x01,end_of_chunk,0
2586,431,6519720,6519724,1080,0x0F,set_decoding_map,0
2587,431,6520804,6520808,14044,0x11,video_data_11,3
2588,431,6534852,6534856,132,0x13,documented_unknown_13,0
2589,431,6534988,6534992,0,0x04,start_stop_audio,0
2590,431,6534992,6534996,6,0x07,send_buffer,1
2591,431,6535002,6535006,0,0x01,end_of_chunk,0
2592,432,6535010,6535014,1080,0x0F,set_decoding_map,0
2593,432,6536094,6536098,14076,0x11,video_data_11,3
2594,432,6550174,6550178,132,0x13,documented_unknown_13,0
2595,432,6550310,6550314,0,0x04,start_stop_audio,0
2596,432,6550314,6550318,6,0x07,send_buffer,1
2597,432,6550324,6550328,0,0x01,end_of_chunk,0
2598,433,6550332,6550336,1080,0x0F,set_decoding_map,0
2599,433,6551416,6551420,14056,0x11,video_data_11,3
2600,433,6565476,6565480,132,0x13,documented_unknown_13,0
2601,433,6565612,6565616,0,0x04,start_stop_audio,0
2602,433,6565616,6565620,6,0x07,send_buffer,1
2603,433,6565626,6565630,0,0x01,end_of_chunk,0
2604,434,6565634,6565638,1080,0x0F,set_decoding_map,0
2605,434,6566718,6566722,14040,0x11,video_data_11,3
2606,434,6580762,6580766,132,0x13,documented_unknown_13,0
2607,434,6580898,6580902,0,0x04,start_stop_audio,0
2608,434,6580902,6580906,6,0x07,send_buffer,1
2609,434,6580912,6580916,0,0x01,end_of_chunk,0
2610,435,6580920,6580924,1080,0x0F,set_decoding_map,0
2611,435,6582004,6582008,14062,0x11,video_data_11,3
2612,435,6596070,6596074,132,0x13,documented_unknown_13,0
2613,435,6596206,6596210,0,0x04,start_stop_audio,0
2614,435,6596210,6596214,6,0x07,send_buffer,1
2615,435,6596220,6596224,0,0x01,end_of_chunk,0
2616,436,6596228,6596232,1080,0x0F,set_decoding_map,0
2617,436,6597312,6597316,14058,0x11,video_data_11,3
2618,436,6611374,6611378,132,0x13,documented_unknown_13,0
2619,436,6611510,6611514,0,0x04,start_stop_audio,0
2620,436,6611514,6611518,6,0x07,send_buffer,1
2621,436,6611524,6611528,0,0x01,end_of_chunk,0
2622,437,6611532,6611536,1080,0x0F,set_decoding_map,0
2623,437,6612616,6612620,14072,0x11,video_data_11,3
2624,437,6626692,6626696,132,0x13,documented_unknown_13,0
2625,437,6626828,6626832,0,0x04,start_stop_audio,0
2626,437,6626832,6626836,6,0x07,send_buffer,1
2627,437,6626842,6626846,0,0x01,end_of_chunk,0
2628,438,6626850,6626854,1080,0x0F,set_decoding_map,0
2629,438,6627934,6627938,14068,0x11,video_data_11,3
2630,438,6642006,6642010,132,0x13,documented_unknown_13,0
2631,438,6642142,6642146,0,0x04,start_stop_audio,0
2632,438,6642146,6642150,6,0x07,send_buffer,1
2633,438,6642156,6642160,0,0x01,end_of_chunk,0
2634,439,6642164,6642168,1080,0x0F,set_decoding_map,0
2635,439,6643248,6643252,14076,0x11,video_data_11,3
2636,439,6657328,6657332,132,0x13,documented_unknown_13,0
2637,439,6657464,6657468,0,0x04,start_stop_audio,0
2638,439,6657468,6657472,6,0x07,send_buffer,1
2639,439,6657478,6657482,0,0x01,end_of_chunk,0
2640,440,6657486,6657490,1080,0x0F,set_decoding_map,0
2641,440,6658570,6658574,14080,0x11,video_data_11,3
2642,440,6672654,6672658,132,0x13,documented_unknown_13,0
2643,440,6672790,6672794,0,0x04,start_stop_audio,0
2644,440,6672794,6672798,6,0x07,send_buffer,1
2645,440,6672804,6672808,0,0x01,end_of_chunk,0
2646,441,6672812,6672816,1080,0x0F,set_decoding_map,0
2647,441,6673896,6673900,14064,0x11,video_data_11,3
2648,441,6687964,6687968,132,0x13,documented_unknown_13,0
2649,441,6688100,6688104,0,0x04,start_stop_audio,0
2650,441,6688104,6688108,6,0x07,send_buffer,1
2651,441,6688114,6688118,0,0x01,end_of_chunk,0
2652,442,6688122,6688126,1080,0x0F,set_decoding_map,0
2653,442,6689206,6689210,14078,0x11,video_data_11,3
2654,442,6703288,6703292,132,0x13,documented_unknown_13,0
2655,442,6703424,6703428,0,0x04,start_stop_audio,0
2656,442,6703428,6703432,6,0x07,send_buffer,1
2657,442,6703438,6703442,0,0x01,end_of_chunk,0
2658,443,6703446,6703450,1080,0x0F,set_decoding_map,0
2659,443,6704530,6704534,14076,0x11,video_data_11,3
2660,443,6718610,6718614,132,0x13,documented_unknown_13,0
2661,443,6718746,6718750,0,0x04,start_stop_audio,0
2662,443,6718750,6718754,6,0x07,send_buffer,1
2663,443,6718760,6718764,0,0x01,end_of_chunk,0
2664,444,6718768,6718772,1080,0x0F,set_decoding_map,0
2665,444,6719852,6719856,14060,0x11,video_data_11,3
2666,444,6733916,6733920,132,0x13,documented_unknown_13,0
2667,444,6734052,6734056,0,0x04,start_stop_audio,0
2668,444,6734056,6734060,6,0x07,send_buffer,1
2669,444,6734066,6734070,0,0x01,end_of_chunk,0
2670,445,6734074,6734078,1080,0x0F,set_decoding_map,0
2671,445,6735158,6735162,14072,0x11,video_data_11,3
2672,445,6749234,6749238,132,0x13,documented_unknown_13,0
2673,445,6749370,6749374,0,0x04,start_stop_audio,0
2674,445,6749374,6749378,6,0x07,send_buffer,1
2675,445,6749384,6749388,0,0x01,end_of_chunk,0
2676,446,6749392,6749396,1080,0x0F,set_decoding_map,0
2677,446,6750476,6750480,14080,0x11,video_data_11,3
2678,446,6764560,6764564,132,0x13,documented_unknown_13,0
2679,446,6764696,6764700,0,0x04,start_stop_audio,0
2680,446,6764700,6764704,6,0x07,send_buffer,1
2681,446,6764710,6764714,0,0x01,end_of_chunk,0
2682,447,6764718,6764722,1080,0x0F,set_decoding_map,0
2683,447,6765802,6765806,14064,0x11,video_data_11,3
2684,447,6779870,6779874,132,0x13,documented_unknown_13,0
2685,447,6780006,6780010,0,0x04,start_stop_audio,0
2686,447,6780010,6780014,6,0x07,send_buffer,1
2687,447,6780020,6780024,0,0x01,end_of_chunk,0
2688,448,6780028,6780032,1080,0x0F,set_decoding_map,0
2689,448,6781112,6781116,14070,0x11,video_data_11,3
2690,448,6795186,6795190,132,0x13,documented_unknown_13,0
2691,448,6795322,6795326,0,0x04,start_stop_audio,0
2692,448,6795326,6795330,6,0x07,send_buffer,1
2693,448,6795336,6795340,0,0x01,end_of_chunk,0
2694,449,6795344,6795348,1080,0x0F,set_decoding_map,0
2695,449,6796428,6796432,14036,0x11,video_data_11,3
2696,449,6810468,6810472,132,0x13,documented_unknown_13,0
2697,449,6810604,6810608,0,0x04,start_stop_audio,0
2698,449,6810608,6810612,6,0x07,send_buffer,1
2699,449,6810618,6810622,0,0x01,end_of_chunk,0
2700,450,6810626,6810630,1080,0x0F,set_decoding_map,0
2701,450,6811710,6811714,14040,0x11,video_data_11,3
2702,450,6825754,6825758,132,0x13,documented_unknown_13,0
2703,450,6825890,6825894,0,0x04,start_stop_audio,0
2704,450,6825894,6825898,6,0x07,send_buffer,1
2705,450,6825904,6825908,0,0x01,end_of_chunk,0
2706,451,6825912,6825916,1080,0x0F,set_decoding_map,0
2707,451,6826996,6827000,14064,0x11,video_data_11,3
2708,451,6841064,6841068,132,0x13,documented_unknown_13,0
2709,451,6841200,6841204,0,0x04,start_stop_audio,0
2710,451,6841204,6841208,6,0x07,send_buffer,1
2711,451,6841214,6841218,0,0x01,end_of_chunk,0
2712,452,6841222,6841226,1080,0x0F,set_decoding_map,0
2713,452,6842306,6842310,14048,0x11,video_data_11,3
2714,452,6856358,6856362,132,0x13,documented_unknown_13,0
2715,452,6856494,6856498,0,0x04,start_stop_audio,0
2716,452,6856498,6856502,6,0x07,send_buffer,1
2717,452,6856508,6856512,0,0x01,end_of_chunk,0
2718,453,6856516,6856520,1080,0x0F,set_decoding_map,0
2719,453,6857600,6857604,14028,0x11,video_data_11,3
2720,453,6871632,6871636,132,0x13,documented_unknown_13,0
2721,453,6871768,6871772,0,0x04,start_stop_audio,0
2722,453,6871772,6871776,6,0x07,send_buffer,1
2723,453,6871782,6871786,0,0x01,end_of_chunk,0
2724,454,6871790,6871794,1080,0x0F,set_decoding_map,0
2725,454,6872874,6872878,14024,0x11,video_data_11,3
2726,454,6886902,6886906,132,0x13,documented_unknown_13,0
2727,454,6887038,6887042,0,0x04,start_stop_audio,0
2728,454,6887042,6887046,6,0x07,send_buffer,1
2729,454,6887052,6887056,0,0x01,end_of_chunk,0
2730,455,6887060,6887064,1080,0x0F,set_decoding_map,0
2731,455,6888144,6888148,14024,0x11,video_data_11,3
2732,455,6902172,6902176,132,0x13,documented_unknown_13,0
2733,455,6902308,6902312,0,0x04,start_stop_audio,0
2734,455,6902312,6902316,6,0x07,send_buffer,1
2735,455,6902322,6902326,0,0x01,end_of_chunk,0
2736,456,6902330,6902334,1080,0x0F,set_decoding_map,0
2737,456,6903414,6903418,14080,0x11,video_data_11,3
2738,456,6917498,6917502,132,0x13,documented_unknown_13,0
2739,456,6917634,6917638,0,0x04,start_stop_audio,0
2740,456,6917638,6917642,6,0x07,send_buffer,1
2741,456,6917648,6917652,0,0x01,end_of_chunk,0
2742,457,6917656,6917660,1080,0x0F,set_decoding_map,0
2743,457,6918740,6918744,14024,0x11,video_data_11,3
2744,457,6932768,6932772,132,0x13,documented_unknown_13,0
2745,457,6932904,6932908,0,0x04,start_stop_audio,0
2746,457,6932908,6932912,6,0x07,send_buffer,1
2747,457,6932918,6932922,0,0x01,end_of_chunk,0
2748,458,6932926,6932930,1080,0x0F,set_decoding_map,0
2749,458,6934010,6934014,14064,0x11,video_data_11,3
2750,458,6948078,6948082,132,0x13,documented_unknown_13,0
2751,458,6948214,6948218,0,0x04,start_stop_audio,0
2752,458,6948218,6948222,6,0x07,send_buffer,1
2753,458,6948228,6948232,0,0x01,end_of_chunk,0
2754,459,6948236,6948240,1080,0x0F,set_decoding_map,0
2755,459,6949320,6949324,14084,0x11,video_data_11,3
2756,459,6963408,6963412,132,0x13,documented_unknown_13,0
2757,459,6963544,6963548,0,0x04,start_stop_audio,0
2758,459,6963548,6963552,6,0x07,send_buffer,1
2759,459,6963558,6963562,0,0x01,end_of_chunk,0
2760,460,6963566,6963570,1080,0x0F,set_decoding_map,0
2761,460,6964650,6964654,14024,0x11,video_data_11,3
2762,460,6978678,6978682,132,0x13,documented_unknown_13,0
2763,460,6978814,6978818,0,0x04,start_stop_audio,0
2764,460,6978818,6978822,6,0x07,send_buffer,1
2765,460,6978828,6978832,0,0x01,end_of_chunk,0
2766,461,6978836,6978840,1080,0x0F,set_decoding_map,0
2767,461,6979920,6979924,14080,0x11,video_data_11,3
2768,461,6994004,6994008,132,0x13,documented_unknown_13,0
2769,461,6994140,6994144,0,0x04,start_stop_audio,0
2770,461,6994144,6994148,6,0x07,send_buffer,1
2771,461,6994154,6994158,0,0x01,end_of_chunk,0
2772,462,6994162,6994166,1080,0x0F,set_decoding_map,0
2773,462,6995246,6995250,14076,0x11,video_data_11,3
2774,462,7009326,7009330,132,0x13,documented_unknown_13,0
2775,462,7009462,7009466,0,0x04,start_stop_audio,0
2776,462,7009466,7009470,6,0x07,send_buffer,1
2777,462,7009476,7009480,0,0x01,end_of_chunk,0
2778,463,7009484,7009488,1080,0x0F,set_decoding_map,0
2779,463,7010568,7010572,14082,0x11,video_data_11,3
2780,463,7024654,7024658,132,0x13,documented_unknown_13,0
2781,463,7024790,7024794,0,0x04,start_stop_audio,0
2782,463,7024794,7024798,6,0x07,send_buffer,1
2783,463,7024804,7024808,0,0x01,end_of_chunk,0
2784,464,7024812,7024816,1080,0x0F,set_decoding_map,0
2785,464,7025896,7025900,14048,0x11,video_data_11,3
2786,464,7039948,7039952,132,0x13,documented_unknown_13,0
2787,464,7040084,7040088,0,0x04,start_stop_audio,0
2788,464,7040088,7040092,6,0x07,send_buffer,1
2789,464,7040098,7040102,0,0x01,end_of_chunk,0
2790,465,7040106,7040110,1080,0x0F,set_decoding_map,0
2791,465,7041190,7041194,14036,0x11,video_data_11,3
2792,465,7055230,7055234,132,0x13,documented_unknown_13,0
2793,465,7055366,7055370,0,0x04,start_stop_audio,0
2794,465,7055370,7055374,6,0x07,send_buffer,1
2795,465,7055380,7055384,0,0x01,end_of_chunk,0
2796,466,7055388,7055392,1080,0x0F,set_decoding_map,0
2797,466,7056472,7056476,14030,0x11,video_data_11,3
2798,466,7070506,7070510,132,0x13,documented_unknown_13,0
2799,466,7070642,7070646,0,0x04,start_stop_audio,0
2800,466,7070646,7070650,6,0x07,send_buffer,1
2801,466,7070656,7070660,0,0x01,end_of_chunk,0
2802,467,7070664,7070668,1080,0x0F,set_decoding_map,0
2803,467,7071748,7071752,14070,0x11,video_data_11,3
2804,467,7085822,7085826,132,0x13,documented_unknown_13,0
2805,467,7085958,7085962,0,0x04,start_stop_audio,0
2806,467,7085962,7085966,6,0x07,send_buffer,1
2807,467,7085972,7085976,0,0x01,end_of_chunk,0
2808,468,7085980,7085984,1080,0x0F,set_decoding_map,0
2809,468,7087064,7087068,14036,0x11,video_data_11,3
2810,468,7101104,7101108,132,0x13,documented_unknown_13,0
2811,468,7101240,7101244,0,0x04,start_stop_audio,0
2812,468,7101244,7101248,6,0x07,send_buffer,1
2813,468,7101254,7101258,0,0x01,end_of_chunk,0
2814,469,7101262,7101266,1080,0x0F,set_decoding_map,0
2815,469,7102346,7102350,14046,0x11,video_data_11,3
2816,469,7116396,7116400,132,0x13,documented_unknown_13,0
2817,469,7116532,7116536,0,0x04,start_stop_audio,0
2818,469,7116536,7116540,6,0x07,send_buffer,1
2819,469,7116546,7116550,0,0x01,end_of_chunk,0
2820,470,7116554,7116558,1080,0x0F,set_decoding_map,0
2821,470,7117638,7117642,14038,0x11,video_data_11,3
2822,470,7131680,7131684,132,0x13,documented_unknown_13,0
2823,470,7131816,7131820,0,0x04,start_stop_audio,0
2824,470,7131820,7131824,6,0x07,send_buffer,1
2825,470,7131830,7131834,0,0x01,end_of_chunk,0
2826,471,7131838,7131842,1080,0x0F,set_decoding_map,0
2827,471,7132922,7132926,14058,0x11,video_data_11,3
2828,471,7146984,7146988,132,0x13,documented_unknown_13,0
2829,471,7147120,7147124,0,0x04,start_stop_audio,0
2830,471,7147124,7147128,6,0x07,send_buffer,1
2831,471,7147134,7147138,0,0x01,end_of_chunk,0
2832,472,7147142,7147146,1080,0x0F,set_decoding_map,0
2833,472,7148226,7148230,14040,0x11,video_data_11,3
2834,472,7162270,7162274,132,0x13,documented_unknown_13,0
2835,472,7162406,7162410,0,0x04,start_stop_audio,0
2836,472,7162410,7162414,6,0x07,send_buffer,1
2837,472,7162420,7162424,0,0x01,end_of_chunk,0
2838,473,7162428,7162432,1080,0x0F,set_decoding_map,0
2839,473,7163512,7163516,14084,0x11,video_data_11,3
2840,473,7177600,7177604,132,0x13,documented_unknown_13,0
2841,473,7177736,7177740,0,0x04,start_stop_audio,0
2842,473,7177740,7177744,6,0x07,send_buffer,1
2843,473,7177750,7177754,0,0x01,end_of_chunk,0
2844,474,7177758,7177762,1080,0x0F,set_decoding_map,0
2845,474,7178842,7178846,14058,0x11,video_data_11,3
2846,474,7192904,7192908,132,0x13,documented_unknown_13,0
2847,474,7193040,7193044,0,0x04,start_stop_audio,0
2848,474,7193044,7193048,6,0x07,send_buffer,1
2849,474,7193054,7193058,0,0x01,end_of_chunk,0
2850,475,7193062,7193066,1080,0x0F,set_decoding_map,0
2851,475,7194146,7194150,14048,0x11,video_data_11,3
2852,475,7208198,7208202,132,0x13,documented_unknown_13,0
2853,475,7208334,7208338,0,0x04,start_stop_audio,0
2854,475,7208338,7208342,6,0x07,send_buffer,1
2855,475,7208348,7208352,0,0x01,end_of_chunk,0
2856,476,7208356,7208360,1080,0x0F,set_decoding_map,0
2857,476,7209440,7209444,14046,0x11,video_data_11,3
2858,476,7223490,7223494,132,0x13,documented_unknown_13,0
2859,476,7223626,7223630,0,0x04,start_stop_audio,0
2860,476,7223630,7223634,6,0x07,send_buffer,1
2861,476,7223640,7223644,0,0x01,end_of_chunk,0
2862,477,7223648,7223652,1080,0x0F,set_decoding_map,0
2863,477,7224732,7224736,14072,0x11,video_data_11,3
2864,477,7238808,7238812,132,0x13,documented_unknown_13,0
2865,477,7238944,7238948,0,0x04,start_stop_audio,0
2866,477,7238948,7238952,6,0x07,send_buffer,1
2867,477,7238958,7238962,0,0x01,end_of_chunk,0
2868,478,7238966,7238970,1080,0x0F,set_decoding_map,0
2869,478,7240050,7240054,14066,0x11,video_data_11,3
2870,478,7254120,7254124,132,0x13,documented_unknown_13,0
2871,478,7254256,7254260,0,0x04,start_stop_audio,0
2872,478,7254260,7254264,6,0x07,send_buffer,1
2873,478,7254270,7254274,0,0x01,end_of_chunk,0
2874,479,7254278,7254282,1080,0x0F,set_decoding_map,0
2875,479,7255362,7255366,14048,0x11,video_data_11,3
2876,479,7269414,7269418,132,0x13,documented_unknown_13,0
2877,479,7269550,7269554,0,0x04,start_stop_audio,0
2878,479,7269554,7269558,6,0x07,send_buffer,1
2879,479,7269564,7269568,0,0x01,end_of_chunk,0
2880,480,7269572,7269576,1080,0x0F,set_decoding_map,0
2881,480,7270656,7270660,14080,0x11,video_data_11,3
2882,480,7284740,7284744,132,0x13,documented_unknown_13,0
2883,480,7284876,7284880,0,0x04,start_stop_audio,0
2884,480,7284880,7284884,6,0x07,send_buffer,1
2885,480,7284890,7284894,0,0x01,end_of_chunk,0
2886,481,7284898,7284902,1080,0x0F,set_decoding_map,0
2887,481,7285982,7285986,14084,0x11,video_data_11,3
2888,481,7300070,7300074,132,0x13,documented_unknown_13,0
2889,481,7300206,7300210,0,0x04,start_stop_audio,0
2890,481,7300210,7300214,6,0x07,send_buffer,1
2891,481,7300220,7300224,0,0x01,end_of_chunk,0
2892,482,7300228,7300232,1080,0x0F,set_decoding_map,0
2893,482,7301312,7301316,14026,0x11,video_data_11,3
2894,482,7315342,7315346,132,0x13,documented_unknown_13,0
2895,482,7315478,7315482,0,0x04,start_stop_audio,0
2896,482,7315482,7315486,6,0x07,send_buffer,1
2897,482,7315492,7315496,0,0x01,end_of_chunk,0
2898,483,7315500,7315504,1080,0x0F,set_decoding_map,0
2899,483,7316584,7316588,14026,0x11,video_data_11,3
2900,483,7330614,7330618,132,0x13,documented_unknown_13,0
2901,483,7330750,7330754,0,0x04,start_stop_audio,0
2902,483,7330754,7330758,6,0x07,send_buffer,1
2903,483,7330764,7330768,0,0x01,end_of_chunk,0
2904,484,7330772,7330776,1080,0x0F,set_decoding_map,0
2905,484,7331856,7331860,14042,0x11,video_data_11,3
2906,484,7345902,7345906,132,0x13,documented_unknown_13,0
2907,484,7346038,7346042,0,0x04,start_stop_audio,0
2908,484,7346042,7346046,6,0x07,send_buffer,1
2909,484,7346052,7346056,0,0x01,end_of_chunk,0
2910,485,7346060,7346064,1080,0x0F,set_decoding_map,0
2911,485,7347144,7347148,14024,0x11,video_data_11,3
2912,485,7361172,7361176,132,0x13,documented_unknown_13,0
2913,485,7361308,7361312,0,0x04,start_stop_audio,0
2914,485,7361312,7361316,6,0x07,send_buffer,1
2915,485,7361322,7361326,0,0x01,end_of_chunk,0
2916,486,7361330,7361334,1080,0x0F,set_decoding_map,0
2917,486,7362414,7362418,14032,0x11,video_data_11,3
2918,486,7376450,7376454,132,0x13,documented_unknown_13,0
2919,486,7376586,7376590,0,0x04,start_stop_audio,0
2920,486,7376590,7376594,6,0x07,send_buffer,1
2921,486,7376600,7376604,0,0x01,end_of_chunk,0
2922,487,7376608,7376612,1080,0x0F,set_decoding_map,0
2923,487,7377692,7377696,14042,0x11,video_data_11,3
2924,487,7391738,7391742,132,0x13,documented_unknown_13,0
2925,487,7391874,7391878,0,0x04,start_stop_audio,0
2926,487,7391878,7391882,6,0x07,send_buffer,1
2927,487,7391888,7391892,0,0x01,end_of_chunk,0
2928,488,7391896,7391900,1080,0x0F,set_decoding_map,0
2929,488,7392980,7392984,14040,0x11,video_data_11,3
2930,488,7407024,7407028,132,0x13,documented_unknown_13,0
2931,488,7407160,7407164,0,0x04,start_stop_audio,0
2932,488,7407164,7407168,6,0x07,send_buffer,1
2933,488,7407174,7407178,0,0x01,end_of_chunk,0
2934,489,7407182,7407186,1080,0x0F,set_decoding_map,0
2935,489,7408266,7408270,14066,0x11,video_data_11,3
2936,489,7422336,7422340,132,0x13,documented_unknown_13,0
2937,489,7422472,7422476,0,0x04,start_stop_audio,0
2938,489,7422476,7422480,6,0x07,send_buffer,1
2939,489,7422486,7422490,0,0x01,end_of_chunk,0
2940,490,7422494,7422498,1080,0x0F,set_decoding_map,0
2941,490,7423578,7423582,14042,0x11,video_data_11,3
2942,490,7437624,7437628,132,0x13,documented_unknown_13,0
2943,490,7437760,7437764,0,0x04,start_stop_audio,0
2944,490,7437764,7437768,6,0x07,send_buffer,1
2945,490,7437774,7437778,0,0x01,end_of_chunk,0
2946,491,7437782,7437786,1080,0x0F,set_decoding_map,0
2947,491,7438866,7438870,14080,0x11,video_data_11,3
2948,491,7452950,7452954,132,0x13,documented_unknown_13,0
2949,491,7453086,7453090,0,0x04,start_stop_audio,0
2950,491,7453090,7453094,6,0x07,send_buffer,1
2951,491,7453100,7453104,0,0x01,end_of_chunk,0
2952,492,7453108,7453112,1080,0x0F,set_decoding_map,0
2953,492,7454192,7454196,14074,0x11,video_data_11,3
2954,492,7468270,7468274,132,0x13,documented_unknown_13,0
2955,492,7468406,7468410,0,0x04,start_stop_audio,0
2956,492,7468410,7468414,6,0x07,send_buffer,1
2957,492,7468420,7468424,0,0x01,end_of_chunk,0
2958,493,7468428,7468432,1080,0x0F,set_decoding_map,0
2959,493,7469512,7469516,14046,0x11,video_data_11,3
2960,493,7483562,7483566,132,0x13,documented_unknown_13,0
2961,493,7483698,7483702,0,0x04,start_stop_audio,0
2962,493,7483702,7483706,6,0x07,send_buffer,1
2963,493,7483712,7483716,0,0x01,end_of_chunk,0
2964,494,7483720,7483724,1080,0x0F,set_decoding_map,0
2965,494,7484804,7484808,14044,0x11,video_data_11,3
2966,494,7498852,7498856,132,0x13,documented_unknown_13,0
2967,494,7498988,7498992,0,0x04,start_stop_audio,0
2968,494,7498992,7498996,6,0x07,send_buffer,1
2969,494,7499002,7499006,0,0x01,end_of_chunk,0
2970,495,7499010,7499014,1080,0x0F,set_decoding_map,0
2971,495,7500094,7500098,14044,0x11,video_data_11,3
2972,495,7514142,7514146,132,0x13,documented_unknown_13,0
2973,495,7514278,7514282,0,0x04,start_stop_audio,0
2974,495,7514282,7514286,6,0x07,send_buffer,1
2975,495,7514292,7514296,0,0x01,end_of_chunk,0
2976,496,7514300,7514304,1080,0x0F,set_decoding_map,0
2977,496,7515384,7515388,14028,0x11,video_data_11,3
2978,496,7529416,7529420,132,0x13,documented_unknown_13,0
2979,496,7529552,7529556,0,0x04,start_stop_audio,0
2980,496,7529556,7529560,6,0x07,send_buffer,1
2981,496,7529566,7529570,0,0x01,end_of_chunk,0
2982,497,7529574,7529578,1080,0x0F,set_decoding_map,0
2983,497,7530658,7530662,14022,0x11,video_data_11,3
2984,497,7544684,7544688,132,0x13,documented_unknown_13,0
2985,497,7544820,7544824,0,0x04,start_stop_audio,0
2986,497,7544824,7544828,6,0x07,send_buffer,1
2987,497,7544834,7544838,0,0x01,end_of_chunk,0
2988,498,7544842,7544846,1080,0x0F,set_decoding_map,0
2989,498,7545926,7545930,14024,0x11,video_data_11,3
2990,498,7559954,7559958,132,0x13,documented_unknown_13,0
2991,498,7560090,7560094,0,0x04,start_stop_audio,0
2992,498,7560094,7560098,6,0x07,send_buffer,1
2993,498,7560104,7560108,0,0x01,end_of_chunk,0
2994,499,7560112,7560116,1080,0x0F,set_decoding_map,0
2995,499,7561196,7561200,14034,0x11,video_data_11,3
2996,499,7575234,7575238,132,0x13,documented_unknown_13,0
2997,499,7575370,7575374,0,0x04,start_stop_audio,0
2998,499,7575374,7575378,6,0x07,send_buffer,1
2999,499,7575384,7575388,0,0x01,end_of_chunk,0
3000,500,7575392,7575396,1080,0x0F,set_decoding_map,0
3001,500,7576476,7576480,14060,0x11,video_data_11,3
3002,500,7590540,7590544,132,0x13,documented_unknown_13,0
3003,500,7590676,7590680,0,0x04,start_stop_audio,0
3004,500,7590680,7590684,6,0x07,send_buffer,1
3005,500,7590690,7590694,0,0x01,end_of_chunk,0
3006,501,7590698,7590702,1080,0x0F,set_decoding_map,0
3007,501,7591782,7591786,14038,0x11,video_data_11,3
3008,501,7605824,7605828,132,0x13,documented_unknown_13,0
3009,501,7605960,7605964,0,0x04,start_stop_audio,0
3010,501,7605964,7605968,6,0x07,send_buffer,1
3011,501,7605974,7605978,0,0x01,end_of_chunk,0
3012,502,7605982,7605986,1080,0x0F,set_decoding_map,0
3013,502,7607066,7607070,14050,0x11,video_data_11,3
3014,502,7621120,7621124,132,0x13,documented_unknown_13,0
3015,502,7621256,7621260,0,0x04,start_stop_audio,0
3016,502,7621260,7621264,6,0x07,send_buffer,1
3017,502,7621270,7621274,0,0x01,end_of_chunk,0
3018,503,7621278,7621282,1080,0x0F,set_decoding_map,0
3019,503,7622362,7622366,14038,0x11,video_data_11,3
3020,503,7636404,7636408,132,0x13,documented_unknown_13,0
3021,503,7636540,7636544,0,0x04,start_stop_audio,0
3022,503,7636544,7636548,6,0x07,send_buffer,1
3023,503,7636554,7636558,0,0x01,end_of_chunk,0
3024,504,7636562,7636566,1080,0x0F,set_decoding_map,0
3025,504,7637646,7637650,14066,0x11,video_data_11,3
3026,504,7651716,7651720,132,0x13,documented_unknown_13,0
3027,504,7651852,7651856,0,0x04,start_stop_audio,0
3028,504,7651856,7651860,6,0x07,send_buffer,1
3029,504,7651866,7651870,0,0x01,end_of_chunk,0
3030,505,7651874,7651878,1080,0x0F,set_decoding_map,0
3031,505,7652958,7652962,14050,0x11,video_data_11,3
3032,505,7667012,7667016,132,0x13,documented_unknown_13,0
3033,505,7667148,7667152,0,0x04,start_stop_audio,0
3034,505,7667152,7667156,6,0x07,send_buffer,1
3035,505,7667162,7667166,0,0x01,end_of_chunk,0
3036,506,7667170,7667174,1080,0x0F,set_decoding_map,0
3037,506,7668254,7668258,14030,0x11,video_data_11,3
3038,506,7682288,7682292,132,0x13,documented_unknown_13,0
3039,506,7682424,7682428,0,0x04,start_stop_audio,0
3040,506,7682428,7682432,6,0x07,send_buffer,1
3041,506,7682438,7682442,0,0x01,end_of_chunk,0
3042,507,7682446,7682450,1080,0x0F,set_decoding_map,0
3043,507,7683530,7683534,14022,0x11,video_data_11,3
3044,507,7697556,7697560,132,0x13,documented_unknown_13,0
3045,507,7697692,7697696,0,0x04,start_stop_audio,0
3046,507,7697696,7697700,6,0x07,send_buffer,1
3047,507,7697706,7697710,0,0x01,end_of_chunk,0
3048,508,7697714,7697718,1080,0x0F,set_decoding_map,0
3049,508,7698798,7698802,14038,0x11,video_data_11,3
3050,508,7712840,7712844,132,0x13,documented_unknown_13,0
3051,508,7712976,7712980,0,0x04,start_stop_audio,0
3052,508,7712980,7712984,6,0x07,send_buffer,1
3053,508,7712990,7712994,0,0x01,end_of_chunk,0
3054,509,7712998,7713002,1080,0x0F,set_decoding_map,0
3055,509,7714082,7714086,14070,0x11,video_data_11,3
3056,509,7728156,7728160,132,0x13,documented_unknown_13,0
3057,509,7728292,7728296,0,0x04,start_stop_audio,0
3058,509,7728296,7728300,6,0x07,send_buffer,1
3059,509,7728306,7728310,0,0x01,end_of_chunk,0
3060,510,7728314,7728318,1080,0x0F,set_decoding_map,0
3061,510,7729398,7729402,14030,0x11,video_data_11,3
3062,510,7743432,7743436,132,0x13,documented_unknown_13,0
3063,510,7743568,7743572,0,0x04,start_stop_audio,0
3064,510,7743572,7743576,6,0x07,send_buffer,1
3065,510,7743582,7743586,0,0x01,end_of_chunk,0
3066,511,7743590,7743594,1080,0x0F,set_decoding_map,0
3067,511,7744674,7744678,14054,0x11,video_data_11,3
3068,511,7758732,7758736,132,0x13,documented_unknown_13,0
3069,511,7758868,7758872,0,0x04,start_stop_audio,0
3070,511,7758872,7758876,6,0x07,send_buffer,1
3071,511,7758882,7758886,0,0x01,end_of_chunk,0
3072,512,7758890,7758894,1080,0x0F,set_decoding_map,0
3073,512,7759974,7759978,14024,0x11,video_data_11,3
3074,512,7774002,7774006,132,0x13,documented_unknown_13,0
3075,512,7774138,7774142,0,0x04,start_stop_audio,0
3076,512,7774142,7774146,6,0x07,send_buffer,1
3077,512,7774152,7774156,0,0x01,end_of_chunk,0
3078,513,7774160,7774164,1080,0x0F,set_decoding_map,0
3079,513,7775244,7775248,14024,0x11,video_data_11,3
3080,513,7789272,7789276,132,0x13,documented_unknown_13,0
3081,513,7789408,7789412,0,0x04,start_stop_audio,0
3082,513,7789412,7789416,6,0x07,send_buffer,1
3083,513,7789422,7789426,0,0x01,end_of_chunk,0
3084,514,7789430,7789434,1080,0x0F,set_decoding_map,0
3085,514,7790514,7790518,14050,0x11,video_data_11,3
3086,514,7804568,7804572,132,0x13,documented_unknown_13,0
3087,514,7804704,7804708,0,0x04,start_stop_audio,0
3088,514,7804708,7804712,6,0x07,send_buffer,1
3089,514,7804718,7804722,0,0x01,end_of_chunk,0
3090,515,7804726,7804730,1080,0x0F,set_decoding_map,0
3091,515,7805810,7805814,14070,0x11,video_data_11,3
3092,515,7819884,7819888,132,0x13,documented_unknown_13,0
3093,515,7820020,7820024,0,0x04,start_stop_audio,0
3094,515,7820024,7820028,6,0x07,send_buffer,1
3095,515,7820034,7820038,0,0x01,end_of_chunk,0
3096,516,7820042,7820046,1080,0x0F,set_decoding_map,0
3097,516,7821126,7821130,14084,0x11,video_data_11,3
3098,516,7835214,7835218,132,0x13,documented_unknown_13,0
3099,516,7835350,7835354,0,0x04,start_stop_audio,0
3100,516,7835354,7835358,6,0x07,send_buffer,1
3101,516,7835364,7835368,0,0x01,end_of_chunk,0
3102,517,7835372,7835376,1080,0x0F,set_decoding_map,0
3103,517,7836456,7836460,14062,0x11,video_data_11,3
3104,517,7850522,7850526,132,0x13,documented_unknown_13,0
3105,517,7850658,7850662,0,0x04,start_stop_audio,0
3106,517,7850662,7850666,6,0x07,send_buffer,1
3107,517,7850672,7850676,0,0x01,end_of_chunk,0
3108,518,7850680,7850684,1080,0x0F,set_decoding_map,0
3109,518,7851764,7851768,14042,0x11,video_data_11,3
3110,518,7865810,7865814,132,0x13,documented_unknown_13,0
3111,518,7865946,7865950,0,0x04,start_stop_audio,0
3112,518,7865950,7865954,6,0x07,send_buffer,1
3113,518,7865960,7865964,0,0x01,end_of_chunk,0
3114,519,7865968,7865972,1080,0x0F,set_decoding_map,0
3115,519,7867052,7867056,14028,0x11,video_data_11,3
3116,519,7881084,7881088,132,0x13,documented_unknown_13,0
3117,519,7881220,7881224,0,0x04,start_stop_audio,0
3118,519,7881224,7881228,6,0x07,send_buffer,1
3119,519,7881234,7881238,0,0x01,end_of_chunk,0
3120,520,7881242,7881246,1080,0x0F,set_decoding_map,0
3121,520,7882326,7882330,14038,0x11,video_data_11,3
3122,520,7896368,7896372,132,0x13,documented_unknown_13,0
3123,520,7896504,7896508,0,0x04,start_stop_audio,0
3124,520,7896508,7896512,6,0x07,send_buffer,1
3125,520,7896518,7896522,0,0x01,end_of_chunk,0
3126,521,7896526,7896530,1080,0x0F,set_decoding_map,0
3127,521,7897610,7897614,14056,0x11,video_data_11,3
3128,521,7911670,7911674,132,0x13,documented_unknown_13,0
3129,521,7911806,7911810,0,0x04,start_stop_audio,0
3130,521,7911810,7911814,6,0x07,send_buffer,1
3131,521,7911820,7911824,0,0x01,end_of_chunk,0
3132,522,7911828,7911832,1080,0x0F,set_decoding_map,0
3133,522,7912912,7912916,14036,0x11,video_data_11,3
3134,522,7926952,7926956,132,0x13,documented_unknown_13,0
3135,522,7927088,7927092,0,0x04,start_stop_audio,0
3136,522,7927092,7927096,6,0x07,send_buffer,1
3137,522,7927102,7927106,0,0x01,end_of_chunk,0
3138,523,7927110,7927114,1080,0x0F,set_decoding_map,0
3139,523,7928194,7928198,14084,0x11,video_data_11,3
3140,523,7942282,7942286,132,0x13,documented_unknown_13,0
3141,523,7942418,7942422,0,0x04,start_stop_audio,0
3142,523,7942422,7942426,6,0x07,send_buffer,1
3143,523,7942432,7942436,0,0x01,end_of_chunk,0
3144,524,7942440,7942444,1080,0x0F,set_decoding_map,0
3145,524,7943524,7943528,14058,0x11,video_data_11,3
3146,524,7957586,7957590,132,0x13,documented_unknown_13,0
3147,524,7957722,7957726,0,0x04,start_stop_audio,0
3148,524,7957726,7957730,6,0x07,send_buffer,1
3149,524,7957736,7957740,0,0x01,end_of_chunk,0
3150,525,7957744,7957748,1080,0x0F,set_decoding_map,0
3151,525,7958828,7958832,14060,0x11,video_data_11,3
3152,525,7972892,7972896,132,0x13,documented_unknown_13,0
3153,525,7973028,7973032,0,0x04,start_stop_audio,0
3154,525,7973032,7973036,6,0x07,send_buffer,1
3155,525,7973042,7973046,0,0x01,end_of_chunk,0
3156,526,7973050,7973054,1080,0x0F,set_decoding_map,0
3157,526,7974134,7974138,14048,0x11,video_data_11,3
3158,526,7988186,7988190,132,0x13,documented_unknown_13,0
3159,526,7988322,7988326,0,0x04,start_stop_audio,0
3160,526,7988326,7988330,6,0x07,send_buffer,1
3161,526,7988336,7988340,0,0x01,end_of_chunk,0
3162,527,7988344,7988348,1080,0x0F,set_decoding_map,0
3163,527,7989428,7989432,14062,0x11,video_data_11,3
3164,527,8003494,8003498,132,0x13,documented_unknown_13,0
3165,527,8003630,8003634,0,0x04,start_stop_audio,0
3166,527,8003634,8003638,6,0x07,send_buffer,1
3167,527,8003644,8003648,0,0x01,end_of_chunk,0
3168,528,8003652,8003656,1080,0x0F,set_decoding_map,0
3169,528,8004736,8004740,14022,0x11,video_data_11,3
3170,528,8018762,8018766,132,0x13,documented_unknown_13,0
3171,528,8018898,8018902,0,0x04,start_stop_audio,0
3172,528,8018902,8018906,6,0x07,send_buffer,1
3173,528,8018912,8018916,0,0x01,end_of_chunk,0
3174,529,8018920,8018924,1080,0x0F,set_decoding_map,0
3175,529,8020004,8020008,14080,0x11,video_data_11,3
3176,529,8034088,8034092,132,0x13,documented_unknown_13,0
3177,529,8034224,8034228,0,0x04,start_stop_audio,0
3178,529,8034228,8034232,6,0x07,send_buffer,1
3179,529,8034238,8034242,0,0x01,end_of_chunk,0
3180,530,8034246,8034250,1080,0x0F,set_decoding_map,0
3181,530,8035330,8035334,14042,0x11,video_data_11,3
3182,530,8049376,8049380,132,0x13,documented_unknown_13,0
3183,530,8049512,8049516,0,0x04,start_stop_audio,0
3184,530,8049516,8049520,6,0x07,send_buffer,1
3185,530,8049526,8049530,0,0x01,end_of_chunk,0
3186,531,8049534,8049538,0,0x00,end_of_stream,0
3187,531,8049538,8049542,0,0x01,end_of_chunk,0
