path,inventory_quantity,file_offset,elevation_group,object_id,tile,tile_x,tile_y,rotation,pid,pid_hex,prototype_type,prototype_subtype,prototype_filename,script_id,script_filename,inventory_length
0,,44424,0,25,7692,92,38,0,50331768,0x03000078,wall,,00000035.pro,-1,,0
1,,44512,0,26,7700,100,38,0,50331768,0x03000078,wall,,00000035.pro,-1,,0
2,,44600,0,27,7716,116,38,0,50331763,0x03000073,wall,,00000030.pro,-1,,0
3,,44688,0,28,7892,92,39,0,50331768,0x03000078,wall,,00000035.pro,-1,,0
4,,44776,0,29,7900,100,39,0,50331768,0x03000078,wall,,00000035.pro,-1,,0
5,,44864,0,30,7916,116,39,0,50331762,0x03000072,wall,,00000029.pro,-1,,0
6,,44952,0,31,8092,92,40,0,50331768,0x03000078,wall,,00000035.pro,-1,,0
7,,45040,0,32,8100,100,40,0,50331768,0x03000078,wall,,00000035.pro,-1,,0
8,,45128,0,33,8116,116,40,0,50331763,0x03000073,wall,,00000030.pro,-1,,0
9,,45216,0,34,8117,117,40,0,33554545,0x02000071,scenery,generic,00000114.pro,-1,,0
10,,45304,0,35,8292,92,41,0,50331768,0x03000078,wall,,00000035.pro,-1,,0
11,,45392,0,36,8293,93,41,0,33554776,0x02000158,scenery,generic,00000345.pro,-1,,0
12,,45480,0,37,8294,94,41,0,33554776,0x02000158,scenery,generic,00000345.pro,-1,,0
13,,45568,0,38,8295,95,41,0,33554776,0x02000158,scenery,generic,00000345.pro,-1,,0
14,,45656,0,39,8296,96,41,0,33554776,0x02000158,scenery,generic,00000345.pro,-1,,0
15,,45744,0,40,8297,97,41,0,33554776,0x02000158,scenery,generic,00000345.pro,-1,,0
16,,45832,0,41,8298,98,41,0,33554776,0x02000158,scenery,generic,00000345.pro,-1,,0
17,,45920,0,42,8299,99,41,0,33554776,0x02000158,scenery,generic,00000345.pro,-1,,0
18,,46008,0,43,8300,100,41,0,50331768,0x03000078,wall,,00000035.pro,-1,,0
19,,46096,0,44,8301,101,41,0,33554776,0x02000158,scenery,generic,00000345.pro,-1,,0
20,,46184,0,45,8302,102,41,0,33554776,0x02000158,scenery,generic,00000345.pro,-1,,0
21,,46272,0,46,8303,103,41,0,33554776,0x02000158,scenery,generic,00000345.pro,-1,,0
22,,46360,0,47,8304,104,41,0,33554776,0x02000158,scenery,generic,00000345.pro,-1,,0
23,,46448,0,48,8305,105,41,0,33554776,0x02000158,scenery,generic,00000345.pro,-1,,0
24,,46536,0,49,8306,106,41,0,33554776,0x02000158,scenery,generic,00000345.pro,-1,,0
25,,46624,0,50,8307,107,41,0,33554776,0x02000158,scenery,generic,00000345.pro,-1,,0
26,,46712,0,51,8308,108,41,0,33554776,0x02000158,scenery,generic,00000345.pro,-1,,0
27,,46800,0,52,8309,109,41,0,33554776,0x02000158,scenery,generic,00000345.pro,-1,,0
28,,46888,0,53,8310,110,41,0,33554776,0x02000158,scenery,generic,00000345.pro,-1,,0
29,,46976,0,54,8311,111,41,0,33554776,0x02000158,scenery,generic,00000345.pro,-1,,0
30,,47064,0,55,8312,112,41,0,33554776,0x02000158,scenery,generic,00000345.pro,-1,,0
31,,47152,0,56,8313,113,41,0,33554776,0x02000158,scenery,generic,00000345.pro,-1,,0
32,,47240,0,57,8314,114,41,0,33554776,0x02000158,scenery,generic,00000345.pro,-1,,0
33,,47328,0,58,8315,115,41,0,33554776,0x02000158,scenery,generic,00000345.pro,-1,,0
34,,47416,0,59,8316,116,41,0,50331762,0x03000072,wall,,00000029.pro,-1,,0
35,,47504,0,60,8317,117,41,0,33554776,0x02000158,scenery,generic,00000345.pro,-1,,0
36,,47592,0,61,8317,117,41,0,33554544,0x02000070,scenery,generic,00000113.pro,-1,,0
37,,47680,0,62,8318,118,41,0,33554776,0x02000158,scenery,generic,00000345.pro,-1,,0
38,,47768,0,63,8319,119,41,0,33554776,0x02000158,scenery,generic,00000345.pro,-1,,0
39,,47856,0,64,8320,120,41,0,33554776,0x02000158,scenery,generic,00000345.pro,-1,,0
40,,47944,0,65,8321,121,41,0,33554776,0x02000158,scenery,generic,00000345.pro,-1,,0
41,,48032,0,66,8322,122,41,0,33554776,0x02000158,scenery,generic,00000345.pro,-1,,0
42,,48120,0,67,8323,123,41,0,33554776,0x02000158,scenery,generic,00000345.pro,-1,,0
43,,48208,0,68,8324,124,41,0,33554776,0x02000158,scenery,generic,00000345.pro,-1,,0
44,,48296,0,69,8325,125,41,0,33554776,0x02000158,scenery,generic,00000345.pro,-1,,0
45,,48384,0,70,8326,126,41,0,33554776,0x02000158,scenery,generic,00000345.pro,-1,,0
46,,48472,0,71,8327,127,41,0,33554776,0x02000158,scenery,generic,00000345.pro,-1,,0
47,,48560,0,72,8328,128,41,0,33554776,0x02000158,scenery,generic,00000345.pro,-1,,0
48,,48648,0,73,8329,129,41,0,33554776,0x02000158,scenery,generic,00000345.pro,-1,,0
49,,48736,0,74,8330,130,41,0,33554776,0x02000158,scenery,generic,00000345.pro,-1,,0
50,,48824,0,75,8492,92,42,0,50331768,0x03000078,wall,,00000035.pro,-1,,0
51,,48912,0,76,8500,100,42,0,50331768,0x03000078,wall,,00000035.pro,-1,,0
52,,49000,0,77,8516,116,42,0,50331763,0x03000073,wall,,00000030.pro,-1,,0
53,,49088,0,78,8517,117,42,0,33554547,0x02000073,scenery,generic,00000116.pro,-1,,0
54,,49176,0,79,8531,131,42,0,50331762,0x03000072,wall,,00000029.pro,-1,,0
55,,49264,0,80,8692,92,43,0,50331768,0x03000078,wall,,00000035.pro,-1,,0
56,,49352,0,81,8700,100,43,0,50331768,0x03000078,wall,,00000035.pro,-1,,0
57,,49440,0,82,8704,104,43,0,33554437,0x02000005,scenery,generic,00000005.pro,-1,,0
58,,49528,0,83,8716,116,43,0,50331756,0x0300006C,wall,,00000023.pro,-1,,0
59,,49616,0,84,8731,131,43,0,50331762,0x03000072,wall,,00000029.pro,-1,,0
60,,49704,0,85,8892,92,44,0,50331768,0x03000078,wall,,00000035.pro,-1,,0
61,,49792,0,86,8900,100,44,0,50331768,0x03000078,wall,,00000035.pro,-1,,0
62,,49880,0,87,8904,104,44,0,33554437,0x02000005,scenery,generic,00000005.pro,-1,,0
63,,49968,0,88,8912,112,44,0,33554437,0x02000005,scenery,generic,00000005.pro,-1,,0
64,,50056,0,89,8916,116,44,0,50331757,0x0300006D,wall,,00000024.pro,-1,,0
65,,50144,0,90,8917,117,44,0,33554544,0x02000070,scenery,generic,00000113.pro,-1,,0
66,,50232,0,91,8931,131,44,0,50331762,0x03000072,wall,,00000029.pro,-1,,0
67,,50320,0,92,9092,92,45,0,50331768,0x03000078,wall,,00000035.pro,-1,,0
68,,50408,0,93,9100,100,45,0,50331768,0x03000078,wall,,00000035.pro,-1,,0
69,,50496,0,94,9103,103,45,0,33554573,0x0200008D,scenery,generic,00000142.pro,-1,,0
70,,50584,0,95,9111,111,45,0,33554437,0x02000005,scenery,generic,00000005.pro,-1,,0
71,,50672,0,96,9113,113,45,0,33554437,0x02000005,scenery,generic,00000005.pro,-1,,0
72,,50760,0,97,9116,116,45,0,50331758,0x0300006E,wall,,00000025.pro,-1,,0
73,,50848,0,98,9117,117,45,0,33554546,0x02000072,scenery,generic,00000115.pro,-1,,0
74,,50936,0,99,9117,117,45,0,33554438,0x02000006,scenery,generic,00000006.pro,-1,,0
75,,51024,0,100,9131,131,45,0,50331762,0x03000072,wall,,00000029.pro,-1,,0
76,,51112,0,101,9292,92,46,0,50332269,0x0300026D,wall,,00000621.pro,-1,,0
77,,51200,0,102,9300,100,46,0,50332270,0x0300026E,wall,,00000622.pro,-1,,0
78,,51288,0,103,9307,107,46,0,33554573,0x0200008D,scenery,generic,00000142.pro,-1,,0
79,,51376,0,104,9313,113,46,0,33554573,0x0200008D,scenery,generic,00000142.pro,-1,,0
80,,51464,0,105,9316,116,46,0,50331759,0x0300006F,wall,,00000026.pro,-1,,0
81,,51552,0,106,9324,124,46,0,33554537,0x02000069,scenery,generic,00000106.pro,-1,,0
82,,51640,0,107,9331,131,46,0,50331763,0x03000073,wall,,00000030.pro,-1,,0
83,,51728,0,108,9492,92,47,0,50331787,0x0300008B,wall,,00000054.pro,-1,,0
84,,51816,0,109,9493,93,47,0,50331745,0x03000061,wall,,00000012.pro,-1,,0
85,,51904,0,110,9494,94,47,0,50331744,0x03000060,wall,,00000011.pro,-1,,0
86,,51992,0,111,9495,95,47,0,50331745,0x03000061,wall,,00000012.pro,-1,,0
87,,52080,0,112,9496,96,47,0,50331744,0x03000060,wall,,00000011.pro,-1,,0
88,,52168,0,113,9497,97,47,0,50331745,0x03000061,wall,,00000012.pro,-1,,0
89,,52256,0,114,9498,98,47,0,50331744,0x03000060,wall,,00000011.pro,-1,,0
90,,52344,0,115,9499,99,47,0,50331745,0x03000061,wall,,00000012.pro,-1,,0
91,,52432,0,116,9500,100,47,0,50332387,0x030002E3,wall,,00000739.pro,-1,,0
92,,52520,0,117,9501,101,47,0,50331747,0x03000063,wall,,00000014.pro,-1,,0
93,,52608,0,118,9502,102,47,0,50331746,0x03000062,wall,,00000013.pro,-1,,0
94,,52696,0,119,9503,103,47,0,50331751,0x03000067,wall,,00000018.pro,-1,,0
95,,52784,0,120,9504,104,47,0,50331750,0x03000066,wall,,00000017.pro,-1,,0
96,,52872,0,121,9505,105,47,0,50331749,0x03000065,wall,,00000016.pro,-1,,0
97,,52960,0,122,9506,106,47,0,50331748,0x03000064,wall,,00000015.pro,-1,,0
98,,53048,0,123,9507,107,47,0,50331747,0x03000063,wall,,00000014.pro,-1,,0
99,,53136,0,124,9508,108,47,0,50331746,0x03000062,wall,,00000013.pro,-1,,0
100,,53224,0,125,9509,109,47,0,50331745,0x03000061,wall,,00000012.pro,-1,,0
101,,53312,0,126,9510,110,47,0,50331744,0x03000060,wall,,00000011.pro,-1,,0
102,,53400,0,127,9511,111,47,0,50331751,0x03000067,wall,,00000018.pro,-1,,0
103,,53488,0,128,9512,112,47,0,50331750,0x03000066,wall,,00000017.pro,-1,,0
104,,53576,0,129,9513,113,47,0,50331749,0x03000065,wall,,00000016.pro,-1,,0
105,,53664,0,130,9514,114,47,0,50331748,0x03000064,wall,,00000015.pro,-1,,0
106,,53752,0,131,9515,115,47,0,50331745,0x03000061,wall,,00000012.pro,-1,,0
107,,53840,0,132,9516,116,47,0,50332382,0x030002DE,wall,,00000734.pro,-1,,0
108,,53928,0,133,9517,117,47,0,33554545,0x02000071,scenery,generic,00000114.pro,-1,,0
109,,54016,0,134,9531,131,47,0,50331762,0x03000072,wall,,00000029.pro,-1,,0
110,,54104,0,135,9693,93,48,0,50332270,0x0300026E,wall,,00000622.pro,-1,,0
111,,54192,0,136,9694,94,48,0,33554554,0x0200007A,scenery,generic,00000123.pro,-1,,0
112,,54280,0,137,9695,95,48,0,50332270,0x0300026E,wall,,00000622.pro,-1,,0
113,,54368,0,138,9697,97,48,0,50332270,0x0300026E,wall,,00000622.pro,-1,,0
114,,54456,0,139,9698,98,48,0,33554556,0x0200007C,scenery,generic,00000125.pro,-1,,0
115,,54544,0,140,9699,99,48,0,50332270,0x0300026E,wall,,00000622.pro,-1,,0
116,,54632,0,141,9701,101,48,0,50332270,0x0300026E,wall,,00000622.pro,-1,,0
117,,54720,0,142,9702,102,48,0,33554555,0x0200007B,scenery,generic,00000124.pro,-1,,0
118,,54808,0,143,9703,103,48,0,50332270,0x0300026E,wall,,00000622.pro,-1,,0
119,,54896,0,144,9704,104,48,0,33554828,0x0200018C,scenery,generic,00000397.pro,-1,,0
120,,54984,0,145,9705,105,48,0,50332270,0x0300026E,wall,,00000622.pro,-1,,0
121,,55072,0,146,9706,106,48,0,33554554,0x0200007A,scenery,generic,00000123.pro,-1,,0
122,,55160,0,147,9706,106,48,0,33554558,0x0200007E,scenery,generic,00000127.pro,-1,,0
123,,55248,0,148,9707,107,48,0,50332270,0x0300026E,wall,,00000622.pro,-1,,0
124,,55336,0,149,9708,108,48,0,33554528,0x02000060,scenery,generic,00000097.pro,-1,,0
125,,55424,0,150,9709,109,48,0,50332270,0x0300026E,wall,,00000622.pro,-1,,0
126,,55512,0,151,9709,109,48,0,33554552,0x02000078,scenery,generic,00000121.pro,-1,,0
127,,55600,0,152,9711,111,48,0,50332270,0x0300026E,wall,,00000622.pro,-1,,0
128,,55688,0,153,9712,112,48,0,33554556,0x0200007C,scenery,generic,00000125.pro,-1,,0
129,,55776,0,154,9713,113,48,0,50332270,0x0300026E,wall,,00000622.pro,-1,,0
130,,55864,0,155,9714,114,48,0,33554554,0x0200007A,scenery,generic,00000123.pro,-1,,0
131,,55952,0,156,9715,115,48,0,50332270,0x0300026E,wall,,00000622.pro,-1,,0
132,,56040,0,157,9716,116,48,0,33554537,0x02000069,scenery,generic,00000106.pro,-1,,0
133,,56128,0,158,9723,123,48,0,33554535,0x02000067,scenery,generic,00000104.pro,-1,,0
134,,56216,0,159,9731,131,48,0,50331763,0x03000073,wall,,00000030.pro,-1,,0
135,,56304,0,160,9910,110,49,0,33554529,0x02000061,scenery,generic,00000098.pro,-1,,0
136,,56392,0,161,9931,131,49,0,50331762,0x03000072,wall,,00000029.pro,-1,,0
137,,56480,0,162,10086,86,50,0,33554534,0x02000066,scenery,generic,00000103.pro,-1,,0
138,,56568,0,163,10131,131,50,0,50331763,0x03000073,wall,,00000030.pro,-1,,0
139,,56656,0,164,10132,132,50,0,50331778,0x03000082,wall,,00000045.pro,-1,,0
140,,56744,0,165,10133,133,50,0,50331777,0x03000081,wall,,00000044.pro,-1,,0
141,,56832,0,166,10134,134,50,0,50332015,0x0300016F,wall,,00000367.pro,-1,,0
142,,56920,0,167,10287,87,51,0,33554535,0x02000067,scenery,generic,00000104.pro,-1,,0
143,,57008,0,168,10331,131,51,0,50331762,0x03000072,wall,,00000029.pro,-1,,0
144,,57096,0,169,10334,134,51,0,50332270,0x0300026E,wall,,00000622.pro,-1,,0
145,,57184,0,170,10531,131,52,0,50331763,0x03000073,wall,,00000030.pro,-1,,0
146,,57272,0,171,10534,134,52,0,50331762,0x03000072,wall,,00000029.pro,-1,,0
147,,57360,0,172,10714,114,53,0,83886092,0x0500000C,misc,,00000012.pro,-1,,0
148,,57448,0,173,10731,131,53,0,50331762,0x03000072,wall,,00000029.pro,-1,,0
149,,57536,0,174,10734,134,53,0,50331762,0x03000072,wall,,00000029.pro,-1,,0
150,,57624,0,175,10912,112,54,0,83886092,0x0500000C,misc,,00000012.pro,-1,,0
151,,57712,0,176,10913,113,54,0,83886092,0x0500000C,misc,,00000012.pro,-1,,0
152,,57800,0,177,10914,114,54,0,83886092,0x0500000C,misc,,00000012.pro,-1,,0
153,,57888,0,178,10931,131,54,0,50331763,0x03000073,wall,,00000030.pro,-1,,0
154,,57976,0,179,10934,134,54,0,50331762,0x03000072,wall,,00000029.pro,-1,,0
155,,58064,0,180,10935,135,54,0,33554437,0x02000005,scenery,generic,00000005.pro,-1,,0
156,,58152,0,181,11110,110,55,0,83886092,0x0500000C,misc,,00000012.pro,-1,,0
157,,58240,0,182,11111,111,55,0,83886092,0x0500000C,misc,,00000012.pro,-1,,0
158,,58328,0,183,11112,112,55,0,83886092,0x0500000C,misc,,00000012.pro,-1,,0
159,,58416,0,184,11113,113,55,0,83886092,0x0500000C,misc,,00000012.pro,-1,,0
160,,58504,0,185,11115,115,55,0,83886092,0x0500000C,misc,,00000012.pro,-1,,0
161,,58592,0,186,11131,131,55,0,50331762,0x03000072,wall,,00000029.pro,-1,,0
162,,58680,0,187,11134,134,55,0,50331762,0x03000072,wall,,00000029.pro,-1,,0
163,,58768,0,188,11135,135,55,0,33554437,0x02000005,scenery,generic,00000005.pro,-1,,0
164,,58856,0,189,11308,108,56,0,83886092,0x0500000C,misc,,00000012.pro,-1,,0
165,,58944,0,190,11309,109,56,0,83886092,0x0500000C,misc,,00000012.pro,-1,,0
166,,59032,0,191,11310,110,56,0,83886092,0x0500000C,misc,,00000012.pro,-1,,0
167,,59120,0,192,11311,111,56,0,83886092,0x0500000C,misc,,00000012.pro,-1,,0
168,,59208,0,193,11315,115,56,0,83886092,0x0500000C,misc,,00000012.pro,-1,,0
169,,59296,0,194,11316,116,56,0,83886092,0x0500000C,misc,,00000012.pro,-1,,0
170,,59384,0,195,11331,131,56,0,50331763,0x03000073,wall,,00000030.pro,-1,,0
171,,59472,0,196,11334,134,56,0,50331762,0x03000072,wall,,00000029.pro,-1,,0
172,,59560,0,197,11458,58,57,0,50331786,0x0300008A,wall,,00000053.pro,-1,,0
173,,59648,0,198,11459,59,57,0,50331777,0x03000081,wall,,00000044.pro,-1,,0
174,,59736,0,199,11460,60,57,0,50331778,0x03000082,wall,,00000045.pro,-1,,0
175,,59824,0,200,11461,61,57,0,50331777,0x03000081,wall,,00000044.pro,-1,,0
176,,59912,0,201,11462,62,57,0,50331778,0x03000082,wall,,00000045.pro,-1,,0
177,,60000,0,202,11463,63,57,0,50331777,0x03000081,wall,,00000044.pro,-1,,0
178,,60088,0,203,11464,64,57,0,50331778,0x03000082,wall,,00000045.pro,-1,,0
179,,60176,0,204,11465,65,57,0,50331777,0x03000081,wall,,00000044.pro,-1,,0
180,,60264,0,205,11466,66,57,0,50331778,0x03000082,wall,,00000045.pro,-1,,0
181,,60352,0,206,11467,67,57,0,50331777,0x03000081,wall,,00000044.pro,-1,,0
182,,60440,0,207,11468,68,57,0,50331778,0x03000082,wall,,00000045.pro,-1,,0
183,,60528,0,208,11469,69,57,0,50331777,0x03000081,wall,,00000044.pro,-1,,0
184,,60616,0,209,11470,70,57,0,50332015,0x0300016F,wall,,00000367.pro,-1,,0
185,,60704,0,210,11506,106,57,0,83886092,0x0500000C,misc,,00000012.pro,-1,,0
186,,60792,0,211,11507,107,57,0,83886092,0x0500000C,misc,,00000012.pro,-1,,0
187,,60880,0,212,11508,108,57,0,83886092,0x0500000C,misc,,00000012.pro,-1,,0
188,,60968,0,213,11509,109,57,0,83886092,0x0500000C,misc,,00000012.pro,-1,,0
189,,61056,0,214,11516,116,57,0,83886092,0x0500000C,misc,,00000012.pro,-1,,0
190,,61144,0,215,11517,117,57,0,33554557,0x0200007D,scenery,generic,00000126.pro,-1,,0
191,,61232,0,216,11531,131,57,0,50331762,0x03000072,wall,,00000029.pro,-1,,0
192,,61320,0,217,11534,134,57,0,50331762,0x03000072,wall,,00000029.pro,-1,,0
193,,61408,0,218,11658,58,58,0,50331768,0x03000078,wall,,00000035.pro,-1,,0
194,,61496,0,219,11659,59,58,0,50332270,0x0300026E,wall,,00000622.pro,-1,,0
195,,61584,0,220,11661,61,58,0,50332270,0x0300026E,wall,,00000622.pro,-1,,0
196,,61672,0,221,11663,63,58,0,50332270,0x0300026E,wall,,00000622.pro,-1,,0
197,,61760,0,222,11665,65,58,0,50332270,0x0300026E,wall,,00000622.pro,-1,,0
198,,61848,0,223,11667,67,58,0,50332270,0x0300026E,wall,,00000622.pro,-1,,0
199,,61936,0,224,11669,69,58,0,50332270,0x0300026E,wall,,00000622.pro,-1,,0
200,,62024,0,225,11670,70,58,0,50332269,0x0300026D,wall,,00000621.pro,-1,,0
201,,62112,0,226,11704,104,58,0,83886092,0x0500000C,misc,,00000012.pro,-1,,0
202,,62200,0,227,11705,105,58,0,83886092,0x0500000C,misc,,00000012.pro,-1,,0
203,,62288,0,228,11706,106,58,0,83886092,0x0500000C,misc,,00000012.pro,-1,,0
204,,62376,0,229,11707,107,58,0,83886092,0x0500000C,misc,,00000012.pro,-1,,0
205,,62464,0,230,11717,117,58,0,83886092,0x0500000C,misc,,00000012.pro,-1,,0
206,,62552,0,231,11731,131,58,0,50331763,0x03000073,wall,,00000030.pro,-1,,0
207,,62640,0,232,11734,134,58,0,50331762,0x03000072,wall,,00000029.pro,-1,,0
208,,62728,0,233,11858,58,59,0,50331898,0x030000FA,wall,,00000250.pro,-1,,0
209,,62816,0,234,11870,70,59,0,50331762,0x03000072,wall,,00000029.pro,-1,,0
210,,62904,0,235,11871,71,59,0,33554545,0x02000071,scenery,generic,00000114.pro,-1,,0
211,,62992,0,236,11902,102,59,0,83886092,0x0500000C,misc,,00000012.pro,-1,,0
212,,63080,0,237,11903,103,59,0,83886092,0x0500000C,misc,,00000012.pro,-1,,0
213,,63168,0,238,11904,104,59,0,83886092,0x0500000C,misc,,00000012.pro,-1,,0
214,,63256,0,239,11905,105,59,0,83886092,0x0500000C,misc,,00000012.pro,-1,,0
215,,63344,0,240,11917,117,59,0,83886092,0x0500000C,misc,,00000012.pro,-1,,0
216,,63432,0,241,11918,118,59,0,83886092,0x0500000C,misc,,00000012.pro,-1,,0
217,,63520,0,242,11931,131,59,0,50331762,0x03000072,wall,,00000029.pro,-1,,0
218,,63608,0,243,11934,134,59,0,50331962,0x0300013A,wall,,00000314.pro,-1,,0
219,,63696,0,244,11935,135,59,0,33554437,0x02000005,scenery,generic,00000005.pro,-1,,0
220,,63784,0,245,12058,58,60,0,50331768,0x03000078,wall,,00000035.pro,-1,,0
221,,63872,0,246,12060,60,60,0,33554437,0x02000005,scenery,generic,00000005.pro,-1,,0
222,,63960,0,247,12061,61,60,0,33554437,0x02000005,scenery,generic,00000005.pro,-1,,0
223,,64048,0,248,12070,70,60,0,50331763,0x03000073,wall,,00000030.pro,-1,,0
224,,64136,0,249,12100,100,60,0,83886092,0x0500000C,misc,,00000012.pro,-1,,0
225,,64224,0,250,12101,101,60,0,83886092,0x0500000C,misc,,00000012.pro,-1,,0
226,,64312,0,251,12102,102,60,0,83886092,0x0500000C,misc,,00000012.pro,-1,,0
227,,64400,0,252,12103,103,60,0,83886092,0x0500000C,misc,,00000012.pro,-1,,0
228,,64488,0,253,12118,118,60,0,83886092,0x0500000C,misc,,00000012.pro,-1,,0
229,,64576,0,254,12131,131,60,0,50331763,0x03000073,wall,,00000030.pro,-1,,0
230,,64664,0,255,12134,134,60,0,50331963,0x0300013B,wall,,00000315.pro,-1,,0
231,,64752,0,256,12258,58,61,0,50331898,0x030000FA,wall,,00000250.pro,-1,,0
232,,64840,0,257,12261,61,61,0,33554437,0x02000005,scenery,generic,00000005.pro,-1,,0
233,,64928,0,258,12265,65,61,0,33554437,0x02000005,scenery,generic,00000005.pro,-1,,0
234,,65016,0,259,12266,66,61,0,33554437,0x02000005,scenery,generic,00000005.pro,-1,,0
235,,65104,0,260,12270,70,61,0,50331762,0x03000072,wall,,00000029.pro,-1,,0
236,,65192,0,261,12284,84,61,0,33554499,0x02000043,scenery,generic,00000068.pro,-1,,0
237,,65280,0,262,12285,85,61,0,33554499,0x02000043,scenery,generic,00000068.pro,-1,,0
238,,65368,0,263,12286,86,61,0,33554537,0x02000069,scenery,generic,00000106.pro,-1,,0
239,,65456,0,264,12298,98,61,0,83886092,0x0500000C,misc,,00000012.pro,-1,,0
240,,65544,0,265,12299,99,61,0,83886092,0x0500000C,misc,,00000012.pro,-1,,0
241,,65632,0,266,12300,100,61,0,83886092,0x0500000C,misc,,00000012.pro,-1,,0
242,,65720,0,267,12301,101,61,0,83886092,0x0500000C,misc,,00000012.pro,-1,,0
243,,65808,0,268,12319,119,61,0,83886092,0x0500000C,misc,,00000012.pro,-1,,0
244,,65896,0,269,12331,131,61,0,50331762,0x03000072,wall,,00000029.pro,-1,,0
245,,65984,0,270,12334,134,61,0,50331964,0x0300013C,wall,,00000316.pro,-1,,0
246,,66072,0,271,12458,58,62,0,50331768,0x03000078,wall,,00000035.pro,-1,,0
247,,66160,0,272,12466,66,62,0,33554437,0x02000005,scenery,generic,00000005.pro,-1,,0
248,,66248,0,273,12470,70,62,0,50331763,0x03000073,wall,,00000030.pro,-1,,0
249,,66336,0,274,12471,71,62,0,33554545,0x02000071,scenery,generic,00000114.pro,-1,,0
250,,66424,0,275,12483,83,62,0,33554535,0x02000067,scenery,generic,00000104.pro,-1,,0
251,,66512,0,276,12484,84,62,0,33554539,0x0200006B,scenery,generic,00000108.pro,-1,,0
252,,66600,0,277,12496,96,62,0,83886092,0x0500000C,misc,,00000012.pro,-1,,0
253,,66688,0,278,12496,96,62,0,50332108,0x030001CC,wall,,00000460.pro,-1,,0
254,,66776,0,279,12497,97,62,0,50332270,0x0300026E,wall,,00000622.pro,-1,,0
255,,66864,0,280,12497,97,62,0,83886092,0x0500000C,misc,,00000012.pro,-1,,0
256,,66952,0,281,12498,98,62,0,83886092,0x0500000C,misc,,00000012.pro,-1,,0
257,,67040,0,282,12498,98,62,0,50332100,0x030001C4,wall,,00000452.pro,-1,,0
258,,67128,0,283,12499,99,62,0,83886092,0x0500000C,misc,,00000012.pro,-1,,0
259,,67216,0,284,12499,99,62,0,50332105,0x030001C9,wall,,00000457.pro,-1,,0
260,,67304,0,285,12500,100,62,0,50332104,0x030001C8,wall,,00000456.pro,-1,,0
261,,67392,0,286,12501,101,62,0,50332103,0x030001C7,wall,,00000455.pro,-1,,0
262,,67480,0,287,12502,102,62,0,50332102,0x030001C6,wall,,00000454.pro,-1,,0
263,,67568,0,288,12502,102,62,0,50331896,0x030000F8,wall,,00000248.pro,-1,,0
264,,67656,0,289,12503,103,62,0,50332105,0x030001C9,wall,,00000457.pro,-1,,0
265,,67744,0,290,12504,104,62,0,50332104,0x030001C8,wall,,00000456.pro,-1,,0
266,,67832,0,291,12505,105,62,0,50332103,0x030001C7,wall,,00000455.pro,-1,,0
267,,67920,0,292,12506,106,62,0,50332102,0x030001C6,wall,,00000454.pro,-1,,0
268,,68008,0,293,12507,107,62,0,50332101,0x030001C5,wall,,00000453.pro,-1,,0
269,,68096,0,294,12508,108,62,0,50332100,0x030001C4,wall,,00000452.pro,-1,,0
270,,68184,0,295,12509,109,62,0,50332103,0x030001C7,wall,,00000455.pro,-1,,0
271,,68272,0,296,12510,110,62,0,50332102,0x030001C6,wall,,00000454.pro,-1,,0
272,,68360,0,297,12511,111,62,0,50332103,0x030001C7,wall,,00000455.pro,-1,,0
273,,68448,0,298,12512,112,62,0,50332098,0x030001C2,wall,,00000450.pro,-1,,0
274,,68536,0,299,12513,113,62,0,50332270,0x0300026E,wall,,00000622.pro,-1,,0
275,,68624,0,300,12519,119,62,0,83886092,0x0500000C,misc,,00000012.pro,-1,,0
276,,68712,0,301,12520,120,62,0,83886092,0x0500000C,misc,,00000012.pro,-1,,0
277,,68800,0,302,12531,131,62,0,50331763,0x03000073,wall,,00000030.pro,-1,,0
278,,68888,0,303,12534,134,62,0,50331965,0x0300013D,wall,,00000317.pro,-1,,0
279,,68976,0,304,12658,58,63,0,50331898,0x030000FA,wall,,00000250.pro,-1,,0
280,,69064,0,305,12670,70,63,0,50331758,0x0300006E,wall,,00000025.pro,-1,,0
281,,69152,0,306,12694,94,63,0,83886092,0x0500000C,misc,,00000012.pro,-1,,0
282,,69240,0,307,12695,95,63,0,83886092,0x0500000C,misc,,00000012.pro,-1,,0
283,,69328,0,308,12696,96,63,0,83886092,0x0500000C,misc,,00000012.pro,-1,,0
284,,69416,0,309,12696,96,63,0,50332109,0x030001CD,wall,,00000461.pro,-1,,0
285,,69504,0,310,12697,97,63,0,50332269,0x0300026D,wall,,00000621.pro,-1,,0
286,,69592,0,311,12697,97,63,0,83886092,0x0500000C,misc,,00000012.pro,-1,,0
287,,69680,0,312,12700,100,63,0,33554499,0x02000043,scenery,generic,00000068.pro,-1,,0
288,,69768,0,313,12701,101,63,0,50332270,0x0300026E,wall,,00000622.pro,-1,,0
289,,69856,0,314,12702,102,63,0,50332269,0x0300026D,wall,,00000621.pro,-1,,0
290,,69944,0,315,12703,103,63,0,33554776,0x02000158,scenery,generic,00000345.pro,-1,,0
291,,70032,0,316,12705,105,63,0,50331712,0x03000040,wall,,00000137.pro,-1,,0
292,,70120,0,317,12706,106,63,0,50332270,0x0300026E,wall,,00000622.pro,-1,,0
293,,70208,0,318,12706,106,63,0,50331717,0x03000045,wall,,00000142.pro,-1,,0
294,,70296,0,319,12707,107,63,0,50331712,0x03000040,wall,,00000137.pro,-1,,0
295,,70384,0,320,12708,108,63,0,50332270,0x0300026E,wall,,00000622.pro,-1,,0
296,,70472,0,321,12708,108,63,0,50331709,0x0300003D,wall,,00000113.pro,-1,,0
297,,70560,0,322,12708,108,63,0,50331713,0x03000041,wall,,00000138.pro,-1,,0
298,,70648,0,323,12709,109,63,0,50331718,0x03000046,wall,,00000143.pro,-1,,0
299,,70736,0,324,12709,109,63,0,50331711,0x0300003F,wall,,00000085.pro,-1,,0
300,,70824,0,325,12710,110,63,0,50332270,0x0300026E,wall,,00000622.pro,-1,,0
301,,70912,0,326,12710,110,63,0,50331709,0x0300003D,wall,,00000113.pro,-1,,0
302,,71000,0,327,12711,111,63,0,50332270,0x0300026E,wall,,00000622.pro,-1,,0
303,,71088,0,328,12711,111,63,0,50331718,0x03000046,wall,,00000143.pro,-1,,0
304,,71176,0,329,12712,112,63,0,50332097,0x030001C1,wall,,00000449.pro,-1,,0
305,,71264,0,330,12713,113,63,0,33554499,0x02000043,scenery,generic,00000068.pro,-1,,0
306,,71352,0,331,12714,114,63,0,33554499,0x02000043,scenery,generic,00000068.pro,-1,,0
307,,71440,0,332,12716,116,63,0,33554499,0x02000043,scenery,generic,00000068.pro,-1,,0
308,,71528,0,333,12718,118,63,0,33554499,0x02000043,scenery,generic,00000068.pro,-1,,0
309,,71616,0,334,12720,120,63,0,83886092,0x0500000C,misc,,00000012.pro,-1,,0
310,,71704,0,335,12731,131,63,0,50331762,0x03000072,wall,,00000029.pro,-1,,0
311,,71792,0,336,12734,134,63,0,50331966,0x0300013E,wall,,00000318.pro,-1,,0
312,,71880,0,337,12858,58,64,0,50331768,0x03000078,wall,,00000035.pro,-1,,0
313,,71968,0,338,12870,70,64,0,50331759,0x0300006F,wall,,00000026.pro,-1,,0
314,,72056,0,339,12871,71,64,0,33554546,0x02000072,scenery,generic,00000115.pro,-1,,0
315,,72144,0,340,12892,92,64,0,83886092,0x0500000C,misc,,00000012.pro,-1,,0
316,,72232,0,341,12893,93,64,0,83886092,0x0500000C,misc,,00000012.pro,-1,,0
317,,72320,0,342,12894,94,64,0,83886092,0x0500000C,misc,,00000012.pro,-1,,0
318,,72408,0,343,12895,95,64,0,83886092,0x0500000C,misc,,00000012.pro,-1,,0
319,,72496,0,344,12896,96,64,0,50332113,0x030001D1,wall,,00000465.pro,-1,,0
320,,72584,0,345,12898,98,64,0,33554660,0x020000E4,scenery,generic,00000229.pro,-1,,0
321,,72672,0,346,12900,100,64,0,33554499,0x02000043,scenery,generic,00000068.pro,-1,,0
322,,72760,0,347,12902,102,64,0,50331762,0x03000072,wall,,00000029.pro,-1,,0
323,,72848,0,348,12903,103,64,0,33554531,0x02000063,scenery,generic,00000100.pro,-1,,0
324,,72936,0,349,12912,112,64,0,50332096,0x030001C0,wall,,00000448.pro,-1,,0
325,,73024,0,350,12915,115,64,0,33554499,0x02000043,scenery,generic,00000068.pro,-1,,0
326,,73112,0,351,12917,117,64,0,33554499,0x02000043,scenery,generic,00000068.pro,-1,,0
327,,73200,0,352,12919,119,64,0,33554499,0x02000043,scenery,generic,00000068.pro,-1,,0
328,,73288,0,353,12920,120,64,0,33554499,0x02000043,scenery,generic,00000068.pro,-1,,0
329,,73376,0,354,12921,121,64,0,83886092,0x0500000C,misc,,00000012.pro,-1,,0
330,,73464,0,355,12931,131,64,0,50331763,0x03000073,wall,,00000030.pro,-1,,0
331,,73552,0,356,12934,134,64,0,50331967,0x0300013F,wall,,00000319.pro,-1,,0
332,,73640,0,357,12935,135,64,0,33554545,0x02000071,scenery,generic,00000114.pro,-1,,0
333,,73728,0,358,13058,58,65,0,50331898,0x030000FA,wall,,00000250.pro,-1,,0
334,,73816,0,359,13065,65,65,0,33554573,0x0200008D,scenery,generic,00000142.pro,-1,,0
335,,73904,0,360,13070,70,65,0,50331760,0x03000070,wall,,00000027.pro,-1,,0
336,,73992,0,361,13071,71,65,0,33554549,0x02000075,scenery,generic,00000118.pro,-1,,0
337,,74080,0,362,13090,90,65,0,83886092,0x0500000C,misc,,00000012.pro,-1,,0
338,,74168,0,363,13091,91,65,0,83886092,0x0500000C,misc,,00000012.pro,-1,,0
339,,74256,0,364,13092,92,65,0,83886092,0x0500000C,misc,,00000012.pro,-1,,0
340,,74344,0,365,13093,93,65,0,83886092,0x0500000C,misc,,00000012.pro,-1,,0
341,,74432,0,366,13096,96,65,0,50332109,0x030001CD,wall,,00000461.pro,-1,,0
342,,74520,0,367,13100,100,65,0,33554499,0x02000043,scenery,generic,00000068.pro,-1,,0
343,,74608,0,368,13101,101,65,0,33554439,0x02000007,scenery,generic,00000007.pro,-1,,0
344,,74696,0,369,13102,102,65,0,50331763,0x03000073,wall,,00000030.pro,-1,,0
345,,74784,0,370,13112,112,65,0,50332095,0x030001BF,wall,,00000447.pro,-1,,0
346,,74872,0,371,13114,114,65,0,33554499,0x02000043,scenery,generic,00000068.pro,-1,,0
347,,74960,0,372,13115,115,65,0,33554846,0x0200019E,scenery,generic,00000415.pro,-1,,0
348,,75048,0,373,13120,120,65,0,33554499,0x02000043,scenery,generic,00000068.pro,-1,,0
349,,75136,0,374,13121,121,65,0,83886092,0x0500000C,misc,,00000012.pro,-1,,0
350,,75224,0,375,13122,122,65,0,83886092,0x0500000C,misc,,00000012.pro,-1,,0
351,,75312,0,376,13131,131,65,0,50331762,0x03000072,wall,,00000029.pro,-1,,0
352,,75400,0,377,13134,134,65,0,50331968,0x03000140,wall,,00000320.pro,-1,,0
353,,75488,0,378,13258,58,66,0,50332269,0x0300026D,wall,,00000621.pro,-1,,0
354,,75576,0,379,13270,70,66,0,50331761,0x03000071,wall,,00000028.pro,-1,,0
355,,75664,0,380,13288,88,66,0,83886092,0x0500000C,misc,,00000012.pro,-1,,0
356,,75752,0,381,13289,89,66,0,83886092,0x0500000C,misc,,00000012.pro,-1,,0
357,,75840,0,382,13290,90,66,0,83886092,0x0500000C,misc,,00000012.pro,-1,,0
358,,75928,0,383,13291,91,66,0,83886092,0x0500000C,misc,,00000012.pro,-1,,0
359,,76016,0,384,13296,96,66,0,50332110,0x030001CE,wall,,00000462.pro,-1,,0
360,,76104,0,385,13299,99,66,0,33554499,0x02000043,scenery,generic,00000068.pro,-1,,0
361,,76192,0,386,13302,102,66,0,50332068,0x030001A4,wall,,00000420.pro,-1,,0
362,,76280,0,387,13303,103,66,0,33554527,0x0200005F,scenery,generic,00000096.pro,-1,,0
363,,76368,0,388,13306,106,66,2,16777238,0x01000016,critter,,00000022.pro,67108888,Baka.int,4
363/inventory/0,1,76500,0,389,0,0,0,0,12,0x0000000C,item,weapon,00000006.pro,-1,,0
363/inventory/1,1,76600,0,390,0,0,0,0,36,0x00000024,item,ammo,00000036.pro,-1,,0
363/inventory/2,1,76696,0,391,0,0,0,0,35,0x00000023,item,ammo,00000035.pro,-1,,0
363/inventory/3,1,76792,0,392,0,0,0,0,2,0x00000002,item,armor,00000001.pro,-1,,0
364,,76880,0,393,13312,112,66,0,50332094,0x030001BE,wall,,00000446.pro,-1,,0
365,,76968,0,394,13313,113,66,0,33554499,0x02000043,scenery,generic,00000068.pro,-1,,0
366,,77056,0,395,13314,114,66,0,33554499,0x02000043,scenery,generic,00000068.pro,-1,,0
367,,77144,0,396,13315,115,66,0,33554499,0x02000043,scenery,generic,00000068.pro,-1,,0
368,,77232,0,397,13316,116,66,0,33554499,0x02000043,scenery,generic,00000068.pro,-1,,0
369,,77320,0,398,13317,117,66,0,33554499,0x02000043,scenery,generic,00000068.pro,-1,,0
370,,77408,0,399,13318,118,66,0,33554499,0x02000043,scenery,generic,00000068.pro,-1,,0
371,,77496,0,400,13319,119,66,0,33554499,0x02000043,scenery,generic,00000068.pro,-1,,0
372,,77584,0,401,13320,120,66,0,33554499,0x02000043,scenery,generic,00000068.pro,-1,,0
373,,77672,0,402,13322,122,66,0,83886092,0x0500000C,misc,,00000012.pro,-1,,0
374,,77760,0,403,13322,122,66,0,33554499,0x02000043,scenery,generic,00000068.pro,-1,,0
375,,77848,0,404,13324,124,66,0,33554499,0x02000043,scenery,generic,00000068.pro,-1,,0
376,,77936,0,405,13326,126,66,0,33554499,0x02000043,scenery,generic,00000068.pro,-1,,0
377,,78024,0,406,13328,128,66,0,33554499,0x02000043,scenery,generic,00000068.pro,-1,,0
378,,78112,0,407,13331,131,66,0,50331760,0x03000070,wall,,00000027.pro,-1,,0
379,,78200,0,408,13334,134,66,0,50331969,0x03000141,wall,,00000321.pro,-1,,0
380,,78288,0,409,13335,135,66,0,33554546,0x02000072,scenery,generic,00000115.pro,-1,,0
381,,78376,0,410,13458,58,67,0,50331787,0x0300008B,wall,,00000054.pro,-1,,0
382,,78464,0,411,13459,59,67,0,50331745,0x03000061,wall,,00000012.pro,-1,,0
383,,78552,0,412,13460,60,67,0,50331744,0x03000060,wall,,00000011.pro,-1,,0
384,,78640,0,413,13461,61,67,0,50331745,0x03000061,wall,,00000012.pro,-1,,0
385,,78728,0,414,13462,62,67,0,50331744,0x03000060,wall,,00000011.pro,-1,,0
386,,78816,0,415,13463,63,67,0,50331747,0x03000063,wall,,00000014.pro,-1,,0
387,,78904,0,416,13464,64,67,0,50331746,0x03000062,wall,,00000013.pro,-1,,0
388,,78992,0,417,13465,65,67,0,50331745,0x03000061,wall,,00000012.pro,-1,,0
389,,79080,0,418,13466,66,67,0,50331744,0x03000060,wall,,00000011.pro,-1,,0
390,,79168,0,419,13467,67,67,0,50331751,0x03000067,wall,,00000018.pro,-1,,0
391,,79256,0,420,13468,68,67,0,50331750,0x03000066,wall,,00000017.pro,-1,,0
392,,79344,0,421,13469,69,67,0,50331745,0x03000061,wall,,00000012.pro,-1,,0
393,,79432,0,422,13470,70,67,0,50332382,0x030002DE,wall,,00000734.pro,-1,,0
394,,79520,0,423,13471,71,67,0,33554828,0x0200018C,scenery,generic,00000397.pro,-1,,0
395,,79608,0,424,13471,71,67,0,33554544,0x02000070,scenery,generic,00000113.pro,-1,,0
396,,79696,0,425,13486,86,67,0,83886092,0x0500000C,misc,,00000012.pro,-1,,0
397,,79784,0,426,13487,87,67,0,83886092,0x0500000C,misc,,00000012.pro,-1,,0
398,,79872,0,427,13488,88,67,0,33554499,0x02000043,scenery,generic,00000068.pro,-1,,0
399,,79960,0,428,13488,88,67,0,83886092,0x0500000C,misc,,00000012.pro,-1,,0
400,,80048,0,429,13489,89,67,0,83886092,0x0500000C,misc,,00000012.pro,-1,,0
401,,80136,0,430,13496,96,67,0,50332111,0x030001CF,wall,,00000463.pro,-1,,0
402,,80224,0,431,13498,98,67,0,33554499,0x02000043,scenery,generic,00000068.pro,-1,,0
403,,80312,0,432,13499,99,67,0,33554499,0x02000043,scenery,generic,00000068.pro,-1,,0
404,,80400,0,433,13506,106,67,0,33554573,0x0200008D,scenery,generic,00000142.pro,-1,,0
405,,80488,0,434,13508,108,67,1,16777219,0x01000003,critter,,00000003.pro,67108866,Skippy.int,2
405/inventory/0,1,80620,0,435,0,0,0,0,9,0x00000009,item,weapon,00000002.pro,-1,,0
405/inventory/1,1,80720,0,436,0,0,0,0,2,0x00000002,item,armor,00000001.pro,-1,,0
406,,80808,0,437,13512,112,67,0,50332093,0x030001BD,wall,,00000445.pro,-1,,0
407,,80896,0,438,13513,113,67,0,33554499,0x02000043,scenery,generic,00000068.pro,-1,,0
408,,80984,0,439,13514,114,67,0,33554435,0x02000003,scenery,generic,00000003.pro,-1,,0
409,,81072,0,440,13521,121,67,0,33554499,0x02000043,scenery,generic,00000068.pro,-1,,0
410,,81160,0,441,13523,123,67,0,83886092,0x0500000C,misc,,00000012.pro,-1,,0
411,,81248,0,442,13523,123,67,0,33554499,0x02000043,scenery,generic,00000068.pro,-1,,0
412,,81336,0,443,13525,125,67,0,33554499,0x02000043,scenery,generic,00000068.pro,-1,,0
413,,81424,0,444,13527,127,67,0,33554499,0x02000043,scenery,generic,00000068.pro,-1,,0
414,,81512,0,445,13529,129,67,0,33554499,0x02000043,scenery,generic,00000068.pro,-1,,0
415,,81600,0,446,13531,131,67,0,50331761,0x03000071,wall,,00000028.pro,-1,,0
416,,81688,0,447,13532,132,67,0,50331973,0x03000145,wall,,00000325.pro,-1,,0
417,,81776,0,448,13533,133,67,0,50331971,0x03000143,wall,,00000323.pro,-1,,0
418,,81864,0,449,13534,134,67,0,50331970,0x03000142,wall,,00000322.pro,-1,,0
419,,81952,0,450,13659,59,68,0,50332270,0x0300026E,wall,,00000622.pro,-1,,0
420,,82040,0,451,13660,60,68,0,33554554,0x0200007A,scenery,generic,00000123.pro,-1,,0
421,,82128,0,452,13661,61,68,0,50332270,0x0300026E,wall,,00000622.pro,-1,,0
422,,82216,0,453,13663,63,68,0,50332270,0x0300026E,wall,,00000622.pro,-1,,0
423,,82304,0,454,13663,63,68,0,33554557,0x0200007D,scenery,generic,00000126.pro,-1,,0
424,,82392,0,455,13663,63,68,0,33554552,0x02000078,scenery,generic,00000121.pro,-1,,0
425,,82480,0,456,13664,64,68,0,33554435,0x02000003,scenery,generic,00000003.pro,-1,,0
426,,82568,0,457,13665,65,68,0,50332270,0x0300026E,wall,,00000622.pro,-1,,0
427,,82656,0,458,13666,66,68,0,33554556,0x0200007C,scenery,generic,00000125.pro,-1,,0
428,,82744,0,459,13667,67,68,0,50332270,0x0300026E,wall,,00000622.pro,-1,,0
429,,82832,0,460,13668,68,68,0,33554554,0x0200007A,scenery,generic,00000123.pro,-1,,0
430,,82920,0,461,13669,69,68,0,50332270,0x0300026E,wall,,00000622.pro,-1,,0
431,,83008,0,462,13670,70,68,0,33554438,0x02000006,scenery,generic,00000006.pro,-1,,0
432,,83096,0,463,13684,84,68,0,83886092,0x0500000C,misc,,00000012.pro,-1,,0
433,,83184,0,464,13685,85,68,0,83886092,0x0500000C,misc,,00000012.pro,-1,,0
434,,83272,0,465,13686,86,68,0,33554499,0x02000043,scenery,generic,00000068.pro,-1,,0
435,,83360,0,466,13686,86,68,0,83886092,0x0500000C,misc,,00000012.pro,-1,,0
436,,83448,0,467,13687,87,68,0,33554499,0x02000043,scenery,generic,00000068.pro,-1,,0
437,,83536,0,468,13687,87,68,0,83886092,0x0500000C,misc,,00000012.pro,-1,,0
438,,83624,0,469,13689,89,68,0,33554499,0x02000043,scenery,generic,00000068.pro,-1,,0
439,,83712,0,470,13690,90,68,0,33554499,0x02000043,scenery,generic,00000068.pro,-1,,0
440,,83800,0,471,13696,96,68,0,50332112,0x030001D0,wall,,00000464.pro,-1,,0
441,,83888,0,472,13697,97,68,0,33554499,0x02000043,scenery,generic,00000068.pro,-1,,0
442,,83976,0,473,13699,99,68,0,33554499,0x02000043,scenery,generic,00000068.pro,-1,,0
443,,84064,0,474,13712,112,68,0,50332099,0x030001C3,wall,,00000451.pro,-1,,0
444,,84152,0,475,13713,113,68,0,33554438,0x02000006,scenery,generic,00000006.pro,-1,,0
445,,84240,0,476,13721,121,68,0,33554499,0x02000043,scenery,generic,00000068.pro,-1,,0
446,,84328,0,477,13722,122,68,0,33554499,0x02000043,scenery,generic,00000068.pro,-1,,0
447,,84416,0,478,13723,123,68,0,83886092,0x0500000C,misc,,00000012.pro,-1,,0
448,,84504,0,479,13724,124,68,0,83886092,0x0500000C,misc,,00000012.pro,-1,,0
449,,84592,0,480,13725,125,68,0,33554755,0x02000143,scenery,generic,00000324.pro,-1,,0
450,,84680,0,481,13729,129,68,0,33554499,0x02000043,scenery,generic,00000068.pro,-1,,0
451,,84768,0,482,13731,131,68,0,50331762,0x03000072,wall,,00000029.pro,-1,,0
452,,84856,0,483,13732,132,68,0,33554534,0x02000066,scenery,generic,00000103.pro,-1,,0
453,,84944,0,484,13733,133,68,0,50331972,0x03000144,wall,,00000324.pro,-1,,0
454,,85032,0,485,13846,46,69,0,33554776,0x02000158,scenery,generic,00000345.pro,-1,,0
455,,85120,0,486,13848,48,69,0,50331778,0x03000082,wall,,00000045.pro,-1,,0
456,,85208,0,487,13849,49,69,0,50331777,0x03000081,wall,,00000044.pro,-1,,0
457,,85296,0,488,13850,50,69,0,50331778,0x03000082,wall,,00000045.pro,-1,,0
458,,85384,0,489,13851,51,69,0,50331777,0x03000081,wall,,00000044.pro,-1,,0
459,,85472,0,490,13852,52,69,0,50332015,0x0300016F,wall,,00000367.pro,-1,,0
460,,85560,0,491,13882,82,69,0,83886092,0x0500000C,misc,,00000012.pro,-1,,0
461,,85648,0,492,13883,83,69,0,83886092,0x0500000C,misc,,00000012.pro,-1,,0
462,,85736,0,493,13884,84,69,0,83886092,0x0500000C,misc,,00000012.pro,-1,,0
463,,85824,0,494,13885,85,69,0,83886092,0x0500000C,misc,,00000012.pro,-1,,0
464,,85912,0,495,13886,86,69,0,33554499,0x02000043,scenery,generic,00000068.pro,-1,,0
465,,86000,0,496,13891,91,69,0,33554499,0x02000043,scenery,generic,00000068.pro,-1,,0
466,,86088,0,497,13892,92,69,0,33554499,0x02000043,scenery,generic,00000068.pro,-1,,0
467,,86176,0,498,13896,96,69,0,50332113,0x030001D1,wall,,00000465.pro,-1,,0
468,,86264,0,499,13902,102,69,0,50332270,0x0300026E,wall,,00000622.pro,-1,,0
469,,86352,0,500,13907,107,69,0,33554573,0x0200008D,scenery,generic,00000142.pro,-1,,0
470,,86440,0,501,13912,112,69,0,50332099,0x030001C3,wall,,00000451.pro,-1,,0
471,,86528,0,502,13913,113,69,0,33554437,0x02000005,scenery,generic,00000005.pro,-1,,0
472,,86616,0,503,13921,121,69,0,33554499,0x02000043,scenery,generic,00000068.pro,-1,,0
473,,86704,0,504,13924,124,69,0,83886092,0x0500000C,misc,,00000012.pro,-1,,0
474,,86792,0,505,13929,129,69,0,33554499,0x02000043,scenery,generic,00000068.pro,-1,,0
475,,86880,0,506,13931,131,69,0,50331763,0x03000073,wall,,00000030.pro,-1,,0
476,,86968,0,507,13933,133,69,0,33554687,0x020000FF,scenery,generic,00000256.pro,-1,,0
477,,87056,0,508,14045,45,70,0,33554776,0x02000158,scenery,generic,00000345.pro,-1,,0
478,,87144,0,509,14047,47,70,0,33554776,0x02000158,scenery,generic,00000345.pro,-1,,0
479,,87232,0,510,14049,49,70,0,50332270,0x0300026E,wall,,00000622.pro,-1,,0
480,,87320,0,511,14051,51,70,0,50332270,0x0300026E,wall,,00000622.pro,-1,,0
481,,87408,0,512,14052,52,70,0,50332269,0x0300026D,wall,,00000621.pro,-1,,0
482,,87496,0,513,14080,80,70,0,83886092,0x0500000C,misc,,00000012.pro,-1,,0
483,,87584,0,514,14081,81,70,0,83886092,0x0500000C,misc,,00000012.pro,-1,,0
484,,87672,0,515,14082,82,70,0,83886092,0x0500000C,misc,,00000012.pro,-1,,0
485,,87760,0,516,14083,83,70,0,83886092,0x0500000C,misc,,00000012.pro,-1,,0
486,,87848,0,517,14086,86,70,0,33554499,0x02000043,scenery,generic,00000068.pro,-1,,0
487,,87936,0,518,14089,89,70,0,33554756,0x02000144,scenery,generic,00000325.pro,-1,,0
488,,88024,0,519,14093,93,70,0,33554499,0x02000043,scenery,generic,00000068.pro,-1,,0
489,,88112,0,520,14094,94,70,0,33554499,0x02000043,scenery,generic,00000068.pro,-1,,0
490,,88200,0,521,14096,96,70,0,50332109,0x030001CD,wall,,00000461.pro,-1,,0
491,,88288,0,522,14102,102,70,0,50332069,0x030001A5,wall,,00000421.pro,-1,,0
492,,88376,0,523,14112,112,70,0,50332099,0x030001C3,wall,,00000451.pro,-1,,0
493,,88464,0,524,14113,113,70,0,33554499,0x02000043,scenery,generic,00000068.pro,-1,,0
494,,88552,0,525,14121,121,70,0,33554499,0x02000043,scenery,generic,00000068.pro,-1,,0
495,,88640,0,526,14122,122,70,0,33554499,0x02000043,scenery,generic,00000068.pro,-1,,0
496,,88728,0,527,14125,125,70,0,83886092,0x0500000C,misc,,00000012.pro,-1,,0
497,,88816,0,528,14129,129,70,0,33554499,0x02000043,scenery,generic,00000068.pro,-1,,0
498,,88904,0,529,14131,131,70,0,50331756,0x0300006C,wall,,00000023.pro,-1,,0
499,,88992,0,530,14133,133,70,0,33554684,0x020000FC,scenery,generic,00000253.pro,-1,,0
500,,89080,0,531,14245,45,71,0,33554776,0x02000158,scenery,generic,00000345.pro,-1,,0
501,,89168,0,532,14252,52,71,0,50331763,0x03000073,wall,,00000030.pro,-1,,0
502,,89256,0,533,14278,78,71,0,83886092,0x0500000C,misc,,00000012.pro,-1,,0
503,,89344,0,534,14279,79,71,0,83886092,0x0500000C,misc,,00000012.pro,-1,,0
504,,89432,0,535,14280,80,71,0,83886092,0x0500000C,misc,,00000012.pro,-1,,0
505,,89520,0,536,14281,81,71,0,83886092,0x0500000C,misc,,00000012.pro,-1,,0
506,,89608,0,537,14286,86,71,0,33554499,0x02000043,scenery,generic,00000068.pro,-1,,0
507,,89696,0,538,14295,95,71,0,33554499,0x02000043,scenery,generic,00000068.pro,-1,,0
508,,89784,0,539,14296,96,71,0,50332110,0x030001CE,wall,,00000462.pro,-1,,0
509,,89872,0,540,14302,102,71,0,50331763,0x03000073,wall,,00000030.pro,-1,,0
510,,89960,0,541,14303,103,71,3,16777238,0x01000016,critter,,00000022.pro,67108889,DemoFool.int,2
510/inventory/0,1,90092,0,542,0,0,0,0,9,0x00000009,item,weapon,00000002.pro,-1,,0
510/inventory/1,1,90192,0,543,0,0,0,0,2,0x00000002,item,armor,00000001.pro,-1,,0
511,,90280,0,544,14312,112,71,0,50332099,0x030001C3,wall,,00000451.pro,-1,,0
512,,90368,0,545,14313,113,71,0,33554847,0x0200019F,scenery,generic,00000416.pro,-1,,0
513,,90456,0,546,14314,114,71,0,33554534,0x02000066,scenery,generic,00000103.pro,-1,,0
514,,90544,0,547,14322,122,71,0,33554540,0x0200006C,scenery,generic,00000109.pro,-1,,0
515,,90632,0,548,14324,124,71,0,33554499,0x02000043,scenery,generic,00000068.pro,-1,,0
516,,90720,0,549,14325,125,71,0,83886092,0x0500000C,misc,,00000012.pro,-1,,0
517,,90808,0,550,14326,126,71,0,83886092,0x0500000C,misc,,00000012.pro,-1,,0
518,,90896,0,551,14326,126,71,0,33554499,0x02000043,scenery,generic,00000068.pro,-1,,0
519,,90984,0,552,14328,128,71,0,33554499,0x02000043,scenery,generic,00000068.pro,-1,,0
520,,91072,0,553,14329,129,71,0,33554499,0x02000043,scenery,generic,00000068.pro,-1,,0
521,,91160,0,554,14331,131,71,0,50331757,0x0300006D,wall,,00000024.pro,-1,,0
522,,91248,0,555,14332,132,71,0,33554537,0x02000069,scenery,generic,00000106.pro,-1,,0
523,,91336,0,556,14445,45,72,0,33554776,0x02000158,scenery,generic,00000345.pro,-1,,0
524,,91424,0,557,14452,52,72,0,50331762,0x03000072,wall,,00000029.pro,-1,,0
525,,91512,0,558,14476,76,72,0,83886092,0x0500000C,misc,,00000012.pro,-1,,0
526,,91600,0,559,14477,77,72,0,83886092,0x0500000C,misc,,00000012.pro,-1,,0
527,,91688,0,560,14478,78,72,0,83886092,0x0500000C,misc,,00000012.pro,-1,,0
528,,91776,0,561,14479,79,72,0,83886092,0x0500000C,misc,,00000012.pro,-1,,0
529,,91864,0,562,14487,87,72,0,33554499,0x02000043,scenery,generic,00000068.pro,-1,,0
530,,91952,0,563,14488,88,72,0,33554499,0x02000043,scenery,generic,00000068.pro,-1,,0
531,,92040,0,564,14496,96,72,0,50332111,0x030001CF,wall,,00000463.pro,-1,,0
532,,92128,0,565,14502,102,72,0,50331760,0x03000070,wall,,00000027.pro,-1,,0
533,,92216,0,566,14512,112,72,0,50332099,0x030001C3,wall,,00000451.pro,-1,,0
534,,92304,0,567,14513,113,72,0,33554499,0x02000043,scenery,generic,00000068.pro,-1,,0
535,,92392,0,568,14514,114,72,0,33554548,0x02000074,scenery,generic,00000117.pro,-1,,0
536,,92480,0,569,14514,114,72,0,33554540,0x0200006C,scenery,generic,00000109.pro,-1,,0
537,,92568,0,570,14515,115,72,0,33554499,0x02000043,scenery,generic,00000068.pro,-1,,0
538,,92656,0,571,14516,116,72,0,33554499,0x02000043,scenery,generic,00000068.pro,-1,,0
539,,92744,0,572,14523,123,72,0,33554499,0x02000043,scenery,generic,00000068.pro,-1,,0
540,,92832,0,573,14525,125,72,0,33554541,0x0200006D,scenery,generic,00000110.pro,-1,,0
541,,92920,0,574,14526,126,72,0,83886092,0x0500000C,misc,,00000012.pro,-1,,0
542,,93008,0,575,14526,126,72,0,33554499,0x02000043,scenery,generic,00000068.pro,-1,,0
543,,93096,0,576,14527,127,72,0,33554499,0x02000043,scenery,generic,00000068.pro,-1,,0
544,,93184,0,577,14528,128,72,0,33554499,0x02000043,scenery,generic,00000068.pro,-1,,0
545,,93272,0,578,14528,128,72,0,33554537,0x02000069,scenery,generic,00000106.pro,-1,,0
546,,93360,0,579,14529,129,72,0,33554555,0x0200007B,scenery,generic,00000124.pro,-1,,0
547,,93448,0,580,14531,131,72,0,50331758,0x0300006E,wall,,00000025.pro,-1,,0
548,,93536,0,581,14532,132,72,0,33554437,0x02000005,scenery,generic,00000005.pro,-1,,0
549,,93624,0,582,14645,45,73,0,33554776,0x02000158,scenery,generic,00000345.pro,-1,,0
550,,93712,0,583,14652,52,73,0,50331763,0x03000073,wall,,00000030.pro,-1,,0
551,,93800,0,584,14674,74,73,0,83886092,0x0500000C,misc,,00000012.pro,-1,,0
552,,93888,0,585,14675,75,73,0,83886092,0x0500000C,misc,,00000012.pro,-1,,0
553,,93976,0,586,14676,76,73,0,83886092,0x0500000C,misc,,00000012.pro,-1,,0
554,,94064,0,587,14677,77,73,0,83886092,0x0500000C,misc,,00000012.pro,-1,,0
555,,94152,0,588,14680,80,73,0,50331786,0x0300008A,wall,,00000053.pro,-1,,0
556,,94240,0,589,14681,81,73,0,50331777,0x03000081,wall,,00000044.pro,-1,,0
557,,94328,0,590,14682,82,73,0,50331778,0x03000082,wall,,00000045.pro,-1,,0
558,,94416,0,591,14683,83,73,0,50331777,0x03000081,wall,,00000044.pro,-1,,0
559,,94504,0,592,14684,84,73,0,50331778,0x03000082,wall,,00000045.pro,-1,,0
560,,94592,0,593,14685,85,73,0,50331777,0x03000081,wall,,00000044.pro,-1,,0
561,,94680,0,594,14686,86,73,0,50331778,0x03000082,wall,,00000045.pro,-1,,0
562,,94768,0,595,14687,87,73,0,33554542,0x0200006E,scenery,generic,00000111.pro,-1,,0
563,,94856,0,596,14687,87,73,0,50331777,0x03000081,wall,,00000044.pro,-1,,0
564,,94944,0,597,14688,88,73,0,50332015,0x0300016F,wall,,00000367.pro,-1,,0
565,,95032,0,598,14689,89,73,0,33554499,0x02000043,scenery,generic,00000068.pro,-1,,0
566,,95120,0,599,14690,90,73,0,33554499,0x02000043,scenery,generic,00000068.pro,-1,,0
567,,95208,0,600,14692,92,73,0,33554499,0x02000043,scenery,generic,00000068.pro,-1,,0
568,,95296,0,601,14696,96,73,0,50332113,0x030001D1,wall,,00000465.pro,-1,,0
569,,95384,0,602,14699,99,73,3,16777219,0x01000003,critter,,00000003.pro,67108890,DemoFool.int,2
569/inventory/0,1,95516,0,603,0,0,0,0,9,0x00000009,item,weapon,00000002.pro,-1,,0
569/inventory/1,1,95616,0,604,0,0,0,0,2,0x00000002,item,armor,00000001.pro,-1,,0
570,,95704,0,605,14702,102,73,0,50331761,0x03000071,wall,,00000028.pro,-1,,0
571,,95792,0,606,14712,112,73,0,50332092,0x030001BC,wall,,00000444.pro,-1,,0
572,,95880,0,607,14713,113,73,0,33554499,0x02000043,scenery,generic,00000068.pro,-1,,0
573,,95968,0,608,14714,114,73,0,33554776,0x02000158,scenery,generic,00000345.pro,-1,,0
574,,96056,0,609,14715,115,73,0,33554499,0x02000043,scenery,generic,00000068.pro,-1,,0
575,,96144,0,610,14715,115,73,0,33554536,0x02000068,scenery,generic,00000105.pro,-1,,0
576,,96232,0,611,14726,126,73,0,33554499,0x02000043,scenery,generic,00000068.pro,-1,,0
577,,96320,0,612,14727,127,73,0,83886092,0x0500000C,misc,,00000012.pro,-1,,0
578,,96408,0,613,14728,128,73,0,33554499,0x02000043,scenery,generic,00000068.pro,-1,,0
579,,96496,0,614,14731,131,73,0,50331759,0x0300006F,wall,,00000026.pro,-1,,0
580,,96584,0,615,14845,45,74,0,33554776,0x02000158,scenery,generic,00000345.pro,-1,,0
581,,96672,0,616,14849,49,74,0,33554573,0x0200008D,scenery,generic,00000142.pro,-1,,0
582,,96760,0,617,14852,52,74,0,50331758,0x0300006E,wall,,00000025.pro,-1,,0
583,,96848,0,618,14853,53,74,0,33554546,0x02000072,scenery,generic,00000115.pro,-1,,0
584,,96936,0,619,14853,53,74,0,33554833,0x02000191,scenery,generic,00000402.pro,-1,,0
585,,97024,0,620,14872,72,74,0,83886092,0x0500000C,misc,,00000012.pro,-1,,0
586,,97112,0,621,14873,73,74,0,83886092,0x0500000C,misc,,00000012.pro,-1,,0
587,,97200,0,622,14874,74,74,0,83886092,0x0500000C,misc,,00000012.pro,-1,,0
588,,97288,0,623,14875,75,74,0,83886092,0x0500000C,misc,,00000012.pro,-1,,0
589,,97376,0,624,14880,80,74,0,50331768,0x03000078,wall,,00000035.pro,-1,,0
590,,97464,0,625,14881,81,74,0,50332270,0x0300026E,wall,,00000622.pro,-1,,0
591,,97552,0,626,14883,83,74,0,50332270,0x0300026E,wall,,00000622.pro,-1,,0
592,,97640,0,627,14885,85,74,0,50332270,0x0300026E,wall,,00000622.pro,-1,,0
593,,97728,0,628,14887,87,74,0,50332270,0x0300026E,wall,,00000622.pro,-1,,0
594,,97816,0,629,14888,88,74,0,50332269,0x0300026D,wall,,00000621.pro,-1,,0
595,,97904,0,630,14889,89,74,0,33554438,0x02000006,scenery,generic,00000006.pro,-1,,0
596,,97992,0,631,14891,91,74,0,33554435,0x02000003,scenery,generic,00000003.pro,-1,,0
597,,98080,0,632,14892,92,74,0,33554499,0x02000043,scenery,generic,00000068.pro,-1,,0
598,,98168,0,633,14892,92,74,0,33554555,0x0200007B,scenery,generic,00000124.pro,-1,,0
599,,98256,0,634,14893,93,74,0,33554499,0x02000043,scenery,generic,00000068.pro,-1,,0
600,,98344,0,635,14894,94,74,0,33554499,0x02000043,scenery,generic,00000068.pro,-1,,0
601,,98432,0,636,14895,95,74,0,33554499,0x02000043,scenery,generic,00000068.pro,-1,,0
602,,98520,0,637,14896,96,74,0,50332269,0x0300026D,wall,,00000621.pro,-1,,0
603,,98608,0,638,14902,102,74,0,50331760,0x03000070,wall,,00000027.pro,-1,,0
604,,98696,0,639,14912,112,74,0,50332074,0x030001AA,wall,,00000426.pro,-1,,0
605,,98784,0,640,14914,114,74,0,33554652,0x020000DC,scenery,generic,00000221.pro,-1,,0
606,,98872,0,641,14915,115,74,0,33554537,0x02000069,scenery,generic,00000106.pro,-1,,0
607,,98960,0,642,14924,124,74,0,33554499,0x02000043,scenery,generic,00000068.pro,-1,,0
608,,99048,0,643,14925,125,74,0,33554499,0x02000043,scenery,generic,00000068.pro,-1,,0
609,,99136,0,644,14926,126,74,0,33554658,0x020000E2,scenery,generic,00000227.pro,-1,,0
610,,99224,0,645,14927,127,74,0,83886092,0x0500000C,misc,,00000012.pro,-1,,0
611,,99312,0,646,14928,128,74,0,83886092,0x0500000C,misc,,00000012.pro,-1,,0
612,,99400,0,647,14929,129,74,0,33554499,0x02000043,scenery,generic,00000068.pro,-1,,0
613,,99488,0,648,14931,131,74,0,50331763,0x03000073,wall,,00000030.pro,-1,,0
614,,99576,0,649,14933,133,74,0,33554652,0x020000DC,scenery,generic,00000221.pro,-1,,0
615,,99664,0,650,15045,45,75,0,33554776,0x02000158,scenery,generic,00000345.pro,-1,,0
616,,99752,0,651,15052,52,75,0,50331759,0x0300006F,wall,,00000026.pro,-1,,0
617,,99840,0,652,15053,53,75,0,33554544,0x02000070,scenery,generic,00000113.pro,-1,,0
618,,99928,0,653,15070,70,75,0,83886092,0x0500000C,misc,,00000012.pro,-1,,0
619,,100016,0,654,15071,71,75,0,83886092,0x0500000C,misc,,00000012.pro,-1,,0
620,,100104,0,655,15072,72,75,0,83886092,0x0500000C,misc,,00000012.pro,-1,,0
621,,100192,0,656,15073,73,75,0,83886092,0x0500000C,misc,,00000012.pro,-1,,0
622,,100280,0,657,15080,80,75,0,50331898,0x030000FA,wall,,00000250.pro,-1,,0
623,,100368,0,658,15083,83,75,0,33554641,0x020000D1,scenery,generic,00000210.pro,-1,,0
624,,100456,0,659,15087,87,75,0,30,0x0000001E,item,ammo,00000030.pro,-1,,0
625,,100548,0,660,15088,88,75,0,50331756,0x0300006C,wall,,00000023.pro,-1,,0
626,,100636,0,661,15089,89,75,0,33554544,0x02000070,scenery,generic,00000113.pro,-1,,0
627,,100724,0,662,15093,93,75,0,33554554,0x0200007A,scenery,generic,00000123.pro,-1,,0
628,,100812,0,663,15095,95,75,1,33554776,0x02000158,scenery,generic,00000345.pro,-1,,0
629,,100900,0,664,15096,96,75,0,50332090,0x030001BA,wall,,00000442.pro,-1,,0
630,,100988,0,665,15098,98,75,0,50332088,0x030001B8,wall,,00000440.pro,-1,,0
631,,101076,0,666,15100,100,75,0,50332086,0x030001B6,wall,,00000438.pro,-1,,0
632,,101164,0,667,15102,102,75,0,50332084,0x030001B4,wall,,00000436.pro,-1,,0
633,,101252,0,668,15104,104,75,0,50332082,0x030001B2,wall,,00000434.pro,-1,,0
634,,101340,0,669,15106,106,75,0,50332080,0x030001B0,wall,,00000432.pro,-1,,0
635,,101428,0,670,15108,108,75,0,33554573,0x0200008D,scenery,generic,00000142.pro,-1,,0
636,,101516,0,671,15110,110,75,0,50332077,0x030001AD,wall,,00000429.pro,-1,,0
637,,101604,0,672,15112,112,75,0,50332075,0x030001AB,wall,,00000427.pro,-1,,0
638,,101692,0,673,15114,114,75,0,33554499,0x02000043,scenery,generic,00000068.pro,-1,,0
639,,101780,0,674,15124,124,75,0,33554499,0x02000043,scenery,generic,00000068.pro,-1,,0
640,,101868,0,675,15128,128,75,0,83886092,0x0500000C,misc,,00000012.pro,-1,,0
641,,101956,0,676,15128,128,75,0,33554499,0x02000043,scenery,generic,00000068.pro,-1,,0
642,,102044,0,677,15129,129,75,0,33554499,0x02000043,scenery,generic,00000068.pro,-1,,0
643,,102132,0,678,15131,131,75,0,50331762,0x03000072,wall,,00000029.pro,-1,,0
644,,102220,0,679,15133,133,75,1,33554499,0x02000043,scenery,generic,00000068.pro,-1,,0
645,,102308,0,680,15134,134,75,0,33554544,0x02000070,scenery,generic,00000113.pro,-1,,0
646,,102396,0,681,15245,45,76,0,33554776,0x02000158,scenery,generic,00000345.pro,-1,,0
647,,102484,0,682,15252,52,76,0,50331763,0x03000073,wall,,00000030.pro,-1,,0
648,,102572,0,683,15253,53,76,0,33554834,0x02000192,scenery,generic,00000403.pro,-1,,0
649,,102660,0,684,15268,68,76,0,83886092,0x0500000C,misc,,00000012.pro,-1,,0
650,,102748,0,685,15269,69,76,0,83886092,0x0500000C,misc,,00000012.pro,-1,,0
651,,102836,0,686,15270,70,76,0,83886092,0x0500000C,misc,,00000012.pro,-1,,0
652,,102924,0,687,15271,71,76,0,83886092,0x0500000C,misc,,00000012.pro,-1,,0
653,,103012,0,688,15280,80,76,0,50331768,0x03000078,wall,,00000035.pro,-1,,0
654,,103100,0,689,15287,87,76,0,30,0x0000001E,item,ammo,00000030.pro,-1,,0
655,,103192,0,690,15288,88,76,0,50331757,0x0300006D,wall,,00000024.pro,-1,,0
656,,103280,0,691,15289,89,76,0,33554550,0x02000076,scenery,generic,00000119.pro,-1,,0
657,,103368,0,692,15295,95,76,0,33554437,0x02000005,scenery,generic,00000005.pro,-1,,0
658,,103456,0,693,15296,96,76,0,33554499,0x02000043,scenery,generic,00000068.pro,-1,,0
659,,103544,0,694,15297,97,76,0,50332089,0x030001B9,wall,,00000441.pro,-1,,0
660,,103632,0,695,15299,99,76,0,50332087,0x030001B7,wall,,00000439.pro,-1,,0
661,,103720,0,696,15301,101,76,0,50332085,0x030001B5,wall,,00000437.pro,-1,,0
662,,103808,0,697,15303,103,76,0,50332083,0x030001B3,wall,,00000435.pro,-1,,0
663,,103896,0,698,15304,104,76,0,33554499,0x02000043,scenery,generic,00000068.pro,-1,,0
664,,103984,0,699,15305,105,76,0,50332081,0x030001B1,wall,,00000433.pro,-1,,0
665,,104072,0,700,15305,105,76,0,33554848,0x020001A0,scenery,generic,00000417.pro,-1,,0
666,,104160,0,701,15306,106,76,0,33554499,0x02000043,scenery,generic,00000068.pro,-1,,0
667,,104248,0,702,15307,107,76,0,50332079,0x030001AF,wall,,00000431.pro,-1,,0
668,,104336,0,703,15309,109,76,0,50332078,0x030001AE,wall,,00000430.pro,-1,,0
669,,104424,0,704,15310,110,76,0,33554499,0x02000043,scenery,generic,00000068.pro,-1,,0
670,,104512,0,705,15311,111,76,0,50332076,0x030001AC,wall,,00000428.pro,-1,,0
671,,104600,0,706,15312,112,76,0,33554499,0x02000043,scenery,generic,00000068.pro,-1,,0
672,,104688,0,707,15313,113,76,0,33554776,0x02000158,scenery,generic,00000345.pro,-1,,0
673,,104776,0,708,15314,114,76,0,33554499,0x02000043,scenery,generic,00000068.pro,-1,,0
674,,104864,0,709,15322,122,76,0,33554534,0x02000066,scenery,generic,00000103.pro,-1,,0
675,,104952,0,710,15323,123,76,0,33554499,0x02000043,scenery,generic,00000068.pro,-1,,0
676,,105040,0,711,15328,128,76,0,33554499,0x02000043,scenery,generic,00000068.pro,-1,,0
677,,105128,0,712,15329,129,76,0,83886092,0x0500000C,misc,,00000012.pro,-1,,0
678,,105216,0,713,15329,129,76,0,33554544,0x02000070,scenery,generic,00000113.pro,-1,,0
679,,105304,0,714,15331,131,76,0,50331760,0x03000070,wall,,00000027.pro,-1,,0
680,,105392,0,715,15333,133,76,1,33554499,0x02000043,scenery,generic,00000068.pro,-1,,0
681,,105480,0,716,15445,45,77,0,33554776,0x02000158,scenery,generic,00000345.pro,-1,,0
682,,105568,0,717,15452,52,77,0,50331762,0x03000072,wall,,00000029.pro,-1,,0
683,,105656,0,718,15454,54,77,0,33554573,0x0200008D,scenery,generic,00000142.pro,-1,,0
684,,105744,0,719,15465,65,77,0,33554525,0x0200005D,scenery,generic,00000094.pro,-1,,0
685,,105832,0,720,15466,66,77,0,33554499,0x02000043,scenery,generic,00000068.pro,-1,,0
686,,105920,0,721,15466,66,77,0,83886092,0x0500000C,misc,,00000012.pro,-1,,0
687,,106008,0,722,15467,67,77,0,83886092,0x0500000C,misc,,00000012.pro,-1,,0
688,,106096,0,723,15468,68,77,0,83886092,0x0500000C,misc,,00000012.pro,-1,,0
689,,106184,0,724,15469,69,77,0,83886092,0x0500000C,misc,,00000012.pro,-1,,0
690,,106272,0,725,15480,80,77,0,50331898,0x030000FA,wall,,00000250.pro,-1,,0
691,,106360,0,726,15481,81,77,0,33554663,0x020000E7,scenery,generic,00000232.pro,-1,,0
692,,106448,0,727,15488,88,77,0,50331758,0x0300006E,wall,,00000025.pro,-1,,0
693,,106536,0,728,15489,89,77,0,33554545,0x02000071,scenery,generic,00000114.pro,-1,,0
694,,106624,0,729,15492,92,77,3,33554536,0x02000068,scenery,generic,00000105.pro,-1,,0
695,,106712,0,730,15497,97,77,0,33554532,0x02000064,scenery,generic,00000101.pro,-1,,0
696,,106800,0,731,15505,105,77,0,33554499,0x02000043,scenery,generic,00000068.pro,-1,,0
697,,106888,0,732,15506,106,77,0,33554499,0x02000043,scenery,generic,00000068.pro,-1,,0
698,,106976,0,733,15511,111,77,0,33554499,0x02000043,scenery,generic,00000068.pro,-1,,0
699,,107064,0,734,15511,111,77,0,33554535,0x02000067,scenery,generic,00000104.pro,-1,,0
700,,107152,0,735,15523,123,77,0,33554499,0x02000043,scenery,generic,00000068.pro,-1,,0
701,,107240,0,736,15524,124,77,0,33554499,0x02000043,scenery,generic,00000068.pro,-1,,0
702,,107328,0,737,15527,127,77,0,33554499,0x02000043,scenery,generic,00000068.pro,-1,,0
703,,107416,0,738,15528,128,77,0,33554556,0x0200007C,scenery,generic,00000125.pro,-1,,0
704,,107504,0,739,15528,128,77,0,33554545,0x02000071,scenery,generic,00000114.pro,-1,,0
705,,107592,0,740,15529,129,77,0,83886092,0x0500000C,misc,,00000012.pro,-1,,0
706,,107680,0,741,15529,129,77,0,33554776,0x02000158,scenery,generic,00000345.pro,-1,,0
707,,107768,0,742,15530,130,77,0,83886092,0x0500000C,misc,,00000012.pro,-1,,0
708,,107856,0,743,15530,130,77,0,33554776,0x02000158,scenery,generic,00000345.pro,-1,,0
709,,107944,0,744,15531,131,77,0,50331761,0x03000071,wall,,00000028.pro,-1,,0
710,,108032,0,745,15532,132,77,0,33554539,0x0200006B,scenery,generic,00000108.pro,-1,,0
711,,108120,0,746,15645,45,78,0,33554776,0x02000158,scenery,generic,00000345.pro,-1,,0
712,,108208,0,747,15652,52,78,0,50331761,0x03000071,wall,,00000028.pro,-1,,0
713,,108296,0,748,15653,53,78,0,33554544,0x02000070,scenery,generic,00000113.pro,-1,,0
714,,108384,0,749,15664,64,78,0,83886092,0x0500000C,misc,,00000012.pro,-1,,0
715,,108472,0,750,15665,65,78,0,83886092,0x0500000C,misc,,00000012.pro,-1,,0
716,,108560,0,751,15665,65,78,0,33554524,0x0200005C,scenery,generic,00000093.pro,-1,,0
717,,108648,0,752,15666,66,78,0,83886092,0x0500000C,misc,,00000012.pro,-1,,0
718,,108736,0,753,15667,67,78,0,33554499,0x02000043,scenery,generic,00000068.pro,-1,,0
719,,108824,0,754,15667,67,78,0,83886092,0x0500000C,misc,,00000012.pro,-1,,0
720,,108912,0,755,15680,80,78,0,50331768,0x03000078,wall,,00000035.pro,-1,,0
721,,109000,0,756,15681,81,78,0,33554499,0x02000043,scenery,generic,00000068.pro,-1,,0
722,,109088,0,757,15688,88,78,0,50331759,0x0300006F,wall,,00000026.pro,-1,,0
723,,109176,0,758,15689,89,78,0,33554544,0x02000070,scenery,generic,00000113.pro,-1,,0
724,,109264,0,759,15705,105,78,0,33554499,0x02000043,scenery,generic,00000068.pro,-1,,0
725,,109352,0,760,15706,106,78,0,33554499,0x02000043,scenery,generic,00000068.pro,-1,,0
726,,109440,0,761,15724,124,78,1,33554776,0x02000158,scenery,generic,00000345.pro,-1,,0
727,,109528,0,762,15724,124,78,0,33554536,0x02000068,scenery,generic,00000105.pro,-1,,0
728,,109616,0,763,15725,125,78,0,33554499,0x02000043,scenery,generic,00000068.pro,-1,,0
729,,109704,0,764,15726,126,78,0,33554499,0x02000043,scenery,generic,00000068.pro,-1,,0
730,,109792,0,765,15727,127,78,0,33554499,0x02000043,scenery,generic,00000068.pro,-1,,0
731,,109880,0,766,15728,128,78,0,33554549,0x02000075,scenery,generic,00000118.pro,-1,,0
732,,109968,0,767,15730,130,78,0,83886092,0x0500000C,misc,,00000012.pro,-1,,0
733,,110056,0,768,15730,130,78,0,33554776,0x02000158,scenery,generic,00000345.pro,-1,,0
734,,110144,0,769,15731,131,78,0,50331763,0x03000073,wall,,00000030.pro,-1,,0
735,,110232,0,770,15732,132,78,0,50332269,0x0300026D,wall,,00000621.pro,-1,,0
736,,110320,0,771,15734,134,78,0,50331936,0x03000120,wall,,00000288.pro,-1,,0
737,,110408,0,772,15845,45,79,0,33554776,0x02000158,scenery,generic,00000345.pro,-1,,0
738,,110496,0,773,15852,52,79,0,50331760,0x03000070,wall,,00000027.pro,-1,,0
739,,110584,0,774,15862,62,79,0,83886092,0x0500000C,misc,,00000012.pro,-1,,0
740,,110672,0,775,15863,63,79,0,83886092,0x0500000C,misc,,00000012.pro,-1,,0
741,,110760,0,776,15864,64,79,0,83886092,0x0500000C,misc,,00000012.pro,-1,,0
742,,110848,0,777,15865,65,79,0,33554499,0x02000043,scenery,generic,00000068.pro,-1,,0
743,,110936,0,778,15865,65,79,0,83886092,0x0500000C,misc,,00000012.pro,-1,,0
744,,111024,0,779,15866,66,79,0,33554499,0x02000043,scenery,generic,00000068.pro,-1,,0
745,,111112,0,780,15866,66,79,0,33554535,0x02000067,scenery,generic,00000104.pro,-1,,0
746,,111200,0,781,15867,67,79,0,33554499,0x02000043,scenery,generic,00000068.pro,-1,,0
747,,111288,0,782,15867,67,79,0,33554536,0x02000068,scenery,generic,00000105.pro,-1,,0
748,,111376,0,783,15877,77,79,0,33554541,0x0200006D,scenery,generic,00000110.pro,-1,,0
749,,111464,0,784,15880,80,79,0,50331898,0x030000FA,wall,,00000250.pro,-1,,0
750,,111552,0,785,15881,81,79,0,33554708,0x02000114,scenery,generic,00000277.pro,-1,,0
751,,111640,0,786,15888,88,79,0,50331760,0x03000070,wall,,00000027.pro,-1,,0
752,,111728,0,787,15889,89,79,0,33554557,0x0200007D,scenery,generic,00000126.pro,-1,,0
753,,111816,0,788,15900,100,79,2,16777220,0x01000004,critter,,00000004.pro,67108874,Pez.int,0
754,,111944,0,789,15924,124,79,0,33554776,0x02000158,scenery,generic,00000345.pro,-1,,0
755,,112032,0,790,15924,124,79,0,33554535,0x02000067,scenery,generic,00000104.pro,-1,,0
756,,112120,0,791,15926,126,79,0,33554554,0x0200007A,scenery,generic,00000123.pro,-1,,0
757,,112208,0,792,15927,127,79,0,33554557,0x0200007D,scenery,generic,00000126.pro,-1,,0
758,,112296,0,793,15931,131,79,0,83886092,0x0500000C,misc,,00000012.pro,-1,,0
759,,112384,0,794,15931,131,79,0,50331762,0x03000072,wall,,00000029.pro,-1,,0
760,,112472,0,795,15933,133,79,0,50332269,0x0300026D,wall,,00000621.pro,-1,,0
761,,112560,0,796,15934,134,79,0,50331937,0x03000121,wall,,00000289.pro,-1,,0
762,,112648,0,797,16045,45,80,0,33554776,0x02000158,scenery,generic,00000345.pro,-1,,0
763,,112736,0,798,16052,52,80,0,50331763,0x03000073,wall,,00000030.pro,-1,,0
764,,112824,0,799,16058,58,80,0,33554439,0x02000007,scenery,generic,00000007.pro,-1,,0
765,,112912,0,800,16062,62,80,0,83886092,0x0500000C,misc,,00000012.pro,-1,,0
766,,113000,0,801,16063,63,80,0,83886092,0x0500000C,misc,,00000012.pro,-1,,0
767,,113088,0,802,16065,65,80,0,33554499,0x02000043,scenery,generic,00000068.pro,-1,,0
768,,113176,0,803,16066,66,80,0,33554559,0x0200007F,scenery,generic,00000128.pro,-1,,0
769,,113264,0,804,16076,76,80,0,50332270,0x0300026E,wall,,00000622.pro,-1,,0
770,,113352,0,805,16078,78,80,0,50332270,0x0300026E,wall,,00000622.pro,-1,,0
771,,113440,0,806,16079,79,80,0,33554534,0x02000066,scenery,generic,00000103.pro,-1,,0
772,,113528,0,807,16080,80,80,0,50332269,0x0300026D,wall,,00000621.pro,-1,,0
773,,113616,0,808,16081,81,80,0,33554499,0x02000043,scenery,generic,00000068.pro,-1,,0
774,,113704,0,809,16088,88,80,0,50331762,0x03000072,wall,,00000029.pro,-1,,0
775,,113792,0,810,16117,117,80,4,16777220,0x01000004,critter,,00000004.pro,67108876,Pez.int,0
776,,113920,0,811,16131,131,80,0,83886092,0x0500000C,misc,,00000012.pro,-1,,0
777,,114008,0,812,16131,131,80,0,50331763,0x03000073,wall,,00000030.pro,-1,,0
778,,114096,0,813,16132,132,80,0,83886092,0x0500000C,misc,,00000012.pro,-1,,0
779,,114184,0,814,16134,134,80,0,50331938,0x03000122,wall,,00000290.pro,-1,,0
780,,114272,0,815,16135,135,80,0,33554550,0x02000076,scenery,generic,00000119.pro,-1,,0
781,,114360,0,816,16245,45,81,0,33554776,0x02000158,scenery,generic,00000345.pro,-1,,0
782,,114448,0,817,16252,52,81,0,50332380,0x030002DC,wall,,00000732.pro,-1,,0
783,,114536,0,818,16253,53,81,0,50331777,0x03000081,wall,,00000044.pro,-1,,0
784,,114624,0,819,16254,54,81,0,50331778,0x03000082,wall,,00000045.pro,-1,,0
785,,114712,0,820,16255,55,81,0,50331777,0x03000081,wall,,00000044.pro,-1,,0
786,,114800,0,821,16256,56,81,0,50331778,0x03000082,wall,,00000045.pro,-1,,0
787,,114888,0,822,16257,57,81,0,50331777,0x03000081,wall,,00000044.pro,-1,,0
788,,114976,0,823,16258,58,81,0,50332015,0x0300016F,wall,,00000367.pro,-1,,0
789,,115064,0,824,16263,63,81,0,83886092,0x0500000C,misc,,00000012.pro,-1,,0
790,,115152,0,825,16265,65,81,0,33554534,0x02000066,scenery,generic,00000103.pro,-1,,0
791,,115240,0,826,16275,75,81,0,50332270,0x0300026E,wall,,00000622.pro,-1,,0
792,,115328,0,827,16277,77,81,0,50332270,0x0300026E,wall,,00000622.pro,-1,,0
793,,115416,0,828,16279,79,81,0,50331936,0x03000120,wall,,00000288.pro,-1,,0
794,,115504,0,829,16280,80,81,0,50331787,0x0300008B,wall,,00000054.pro,-1,,0
795,,115592,0,830,16281,81,81,0,50331745,0x03000061,wall,,00000012.pro,-1,,0
796,,115680,0,831,16282,82,81,0,50331753,0x03000069,wall,,00000020.pro,-1,,0
797,,115768,0,832,16284,84,81,0,50331752,0x03000068,wall,,00000019.pro,-1,,0
798,,115856,0,833,16285,85,81,0,50331749,0x03000065,wall,,00000016.pro,-1,,0
799,,115944,0,834,16286,86,81,0,50331748,0x03000064,wall,,00000015.pro,-1,,0
800,,116032,0,835,16287,87,81,0,50331745,0x03000061,wall,,00000012.pro,-1,,0
801,,116120,0,836,16288,88,81,0,50331801,0x03000099,wall,,00000068.pro,-1,,0
802,,116208,0,837,16289,89,81,0,33554543,0x0200006F,scenery,generic,00000112.pro,-1,,0
803,,116296,0,838,16331,131,81,0,50332269,0x0300026D,wall,,00000621.pro,-1,,0
804,,116384,0,839,16332,132,81,0,83886092,0x0500000C,misc,,00000012.pro,-1,,0
805,,116472,0,840,16334,134,81,0,50331939,0x03000123,wall,,00000291.pro,-1,,0
806,,116560,0,841,16445,45,82,0,33554776,0x02000158,scenery,generic,00000345.pro,-1,,0
807,,116648,0,842,16453,53,82,0,50332270,0x0300026E,wall,,00000622.pro,-1,,0
808,,116736,0,843,16455,55,82,0,50332270,0x0300026E,wall,,00000622.pro,-1,,0
809,,116824,0,844,16457,57,82,0,50332270,0x0300026E,wall,,00000622.pro,-1,,0
810,,116912,0,845,16458,58,82,0,50332269,0x0300026D,wall,,00000621.pro,-1,,0
811,,117000,0,846,16463,63,82,0,83886092,0x0500000C,misc,,00000012.pro,-1,,0
812,,117088,0,847,16464,64,82,0,83886092,0x0500000C,misc,,00000012.pro,-1,,0
813,,117176,0,848,16475,75,82,0,50332270,0x0300026E,wall,,00000622.pro,-1,,0
814,,117264,0,849,16479,79,82,0,50331937,0x03000121,wall,,00000289.pro,-1,,0
815,,117352,0,850,16480,80,82,0,33554546,0x02000072,scenery,generic,00000115.pro,-1,,0
816,,117440,0,851,16481,81,82,0,50332270,0x0300026E,wall,,00000622.pro,-1,,0
817,,117528,0,852,16481,81,82,0,33554553,0x02000079,scenery,generic,00000122.pro,-1,,0
818,,117616,0,853,16485,85,82,0,33554540,0x0200006C,scenery,generic,00000109.pro,-1,,0
819,,117704,0,854,16486,86,82,0,33554499,0x02000043,scenery,generic,00000068.pro,-1,,0
820,,117792,0,855,16487,87,82,0,50332270,0x0300026E,wall,,00000622.pro,-1,,0
821,,117880,0,856,16500,100,82,0,50331799,0x03000097,wall,,00000066.pro,-1,,0
822,,117968,0,857,16502,102,82,0,50331799,0x03000097,wall,,00000066.pro,-1,,0
823,,118056,0,858,16504,104,82,0,50331799,0x03000097,wall,,00000066.pro,-1,,0
824,,118144,0,859,16506,106,82,0,50331799,0x03000097,wall,,00000066.pro,-1,,0
825,,118232,0,860,16508,108,82,0,50331799,0x03000097,wall,,00000066.pro,-1,,0
826,,118320,0,861,16510,110,82,0,50331799,0x03000097,wall,,00000066.pro,-1,,0
827,,118408,0,862,16512,112,82,0,50331799,0x03000097,wall,,00000066.pro,-1,,0
828,,118496,0,863,16514,114,82,0,50331799,0x03000097,wall,,00000066.pro,-1,,0
829,,118584,0,864,16516,116,82,0,50331799,0x03000097,wall,,00000066.pro,-1,,0
830,,118672,0,865,16518,118,82,0,50331799,0x03000097,wall,,00000066.pro,-1,,0
831,,118760,0,866,16520,120,82,0,50331799,0x03000097,wall,,00000066.pro,-1,,0
832,,118848,0,867,16531,131,82,0,50332269,0x0300026D,wall,,00000621.pro,-1,,0
833,,118936,0,868,16533,133,82,0,83886092,0x0500000C,misc,,00000012.pro,-1,,0
834,,119024,0,869,16534,134,82,0,50331940,0x03000124,wall,,00000292.pro,-1,,0
835,,119112,0,870,16645,45,83,0,33554776,0x02000158,scenery,generic,00000345.pro,-1,,0
836,,119200,0,871,16654,54,83,0,33554529,0x02000061,scenery,generic,00000098.pro,-1,,0
837,,119288,0,872,16658,58,83,0,50331763,0x03000073,wall,,00000030.pro,-1,,0
838,,119376,0,873,16659,59,83,0,33554437,0x02000005,scenery,generic,00000005.pro,-1,,0
839,,119464,0,874,16664,64,83,0,83886092,0x0500000C,misc,,00000012.pro,-1,,0
840,,119552,0,875,16675,75,83,0,50332270,0x0300026E,wall,,00000622.pro,-1,,0
841,,119640,0,876,16679,79,83,0,50331938,0x03000122,wall,,00000290.pro,-1,,0
842,,119728,0,877,16683,83,83,0,33554573,0x0200008D,scenery,generic,00000142.pro,-1,,0
843,,119816,0,878,16684,84,83,3,16777252,0x01000024,critter,,00000036.pro,67108892,DemoDog.int,0
844,,119944,0,879,16693,93,83,2,16777240,0x01000018,critter,,00000025.pro,67108873,DemoPeas.int,0
845,,120072,0,880,16699,99,83,0,50331800,0x03000098,wall,,00000067.pro,-1,,0
846,,120160,0,881,16700,100,83,3,33554537,0x02000069,scenery,generic,00000106.pro,-1,,0
847,,120248,0,882,16701,101,83,0,50331798,0x03000096,wall,,00000065.pro,-1,,0
848,,120336,0,883,16703,103,83,0,50331798,0x03000096,wall,,00000065.pro,-1,,0
849,,120424,0,884,16705,105,83,0,50331798,0x03000096,wall,,00000065.pro,-1,,0
850,,120512,0,885,16707,107,83,0,50331798,0x03000096,wall,,00000065.pro,-1,,0
851,,120600,0,886,16709,109,83,0,50331798,0x03000096,wall,,00000065.pro,-1,,0
852,,120688,0,887,16711,111,83,0,50331798,0x03000096,wall,,00000065.pro,-1,,0
853,,120776,0,888,16713,113,83,0,50331798,0x03000096,wall,,00000065.pro,-1,,0
854,,120864,0,889,16715,115,83,0,50331798,0x03000096,wall,,00000065.pro,-1,,0
855,,120952,0,890,16717,117,83,0,50331798,0x03000096,wall,,00000065.pro,-1,,0
856,,121040,0,891,16719,119,83,0,50331798,0x03000096,wall,,00000065.pro,-1,,0
857,,121128,0,892,16721,121,83,0,50331797,0x03000095,wall,,00000064.pro,-1,,0
858,,121216,0,893,16731,131,83,0,50332269,0x0300026D,wall,,00000621.pro,-1,,0
859,,121304,0,894,16733,133,83,0,83886092,0x0500000C,misc,,00000012.pro,-1,,0
860,,121392,0,895,16734,134,83,0,83886092,0x0500000C,misc,,00000012.pro,-1,,0
861,,121480,0,896,16734,134,83,0,50331941,0x03000125,wall,,00000293.pro,-1,,0
862,,121568,0,897,16845,45,84,0,33554776,0x02000158,scenery,generic,00000345.pro,-1,,0
863,,121656,0,898,16853,53,84,0,33554436,0x02000004,scenery,generic,00000004.pro,-1,,0
864,,121744,0,899,16858,58,84,0,50331762,0x03000072,wall,,00000029.pro,-1,,0
865,,121832,0,900,16859,59,84,0,33554547,0x02000073,scenery,generic,00000116.pro,-1,,0
866,,121920,0,901,16865,65,84,0,83886092,0x0500000C,misc,,00000012.pro,-1,,0
867,,122008,0,902,16875,75,84,0,50332270,0x0300026E,wall,,00000622.pro,-1,,0
868,,122096,0,903,16879,79,84,0,50331939,0x03000123,wall,,00000291.pro,-1,,0
869,,122184,0,904,16880,80,84,0,33554557,0x0200007D,scenery,generic,00000126.pro,-1,,0
870,,122272,0,905,16892,92,84,4,16777219,0x01000003,critter,,00000003.pro,67108885,DemoPhil.int,0
871,,122400,0,906,16899,99,84,0,50331796,0x03000094,wall,,00000063.pro,-1,,0
872,,122488,0,907,16900,100,84,3,33554534,0x02000066,scenery,generic,00000103.pro,-1,,0
873,,122576,0,908,16921,121,84,0,50332270,0x0300026E,wall,,00000622.pro,-1,,0
874,,122664,0,909,16931,131,84,0,50332269,0x0300026D,wall,,00000621.pro,-1,,0
875,,122752,0,910,16934,134,84,0,83886092,0x0500000C,misc,,00000012.pro,-1,,0
876,,122840,0,911,16934,134,84,0,50331942,0x03000126,wall,,00000294.pro,-1,,0
877,,122928,0,912,17045,45,85,0,33554776,0x02000158,scenery,generic,00000345.pro,-1,,0
878,,123016,0,913,17053,53,85,0,33554530,0x02000062,scenery,generic,00000099.pro,-1,,0
879,,123104,0,914,17058,58,85,0,50331756,0x0300006C,wall,,00000023.pro,-1,,0
880,,123192,0,915,17059,59,85,0,33554558,0x0200007E,scenery,generic,00000127.pro,-1,,0
881,,123280,0,916,17065,65,85,0,83886092,0x0500000C,misc,,00000012.pro,-1,,0
882,,123368,0,917,17066,66,85,0,83886092,0x0500000C,misc,,00000012.pro,-1,,0
883,,123456,0,918,17075,75,85,0,50332270,0x0300026E,wall,,00000622.pro,-1,,0
884,,123544,0,919,17079,79,85,0,50331940,0x03000124,wall,,00000292.pro,-1,,0
885,,123632,0,920,17099,99,85,0,50331795,0x03000093,wall,,00000062.pro,-1,,0
886,,123720,0,921,17121,121,85,0,50331793,0x03000091,wall,,00000060.pro,-1,,0
887,,123808,0,922,17131,131,85,0,50332269,0x0300026D,wall,,00000621.pro,-1,,0
888,,123896,0,923,17134,134,85,0,50331943,0x03000127,wall,,00000295.pro,-1,,0
889,,123984,0,924,17135,135,85,0,83886092,0x0500000C,misc,,00000012.pro,-1,,0
890,,124072,0,925,17245,45,86,0,33554776,0x02000158,scenery,generic,00000345.pro,-1,,0
891,,124160,0,926,17258,58,86,0,50331757,0x0300006D,wall,,00000024.pro,-1,,0
892,,124248,0,927,17266,66,86,0,83886092,0x0500000C,misc,,00000012.pro,-1,,0
893,,124336,0,928,17275,75,86,0,50332270,0x0300026E,wall,,00000622.pro,-1,,0
894,,124424,0,929,17279,79,86,0,50331941,0x03000125,wall,,00000293.pro,-1,,0
895,,124512,0,930,17299,99,86,0,50331796,0x03000094,wall,,00000063.pro,-1,,0
896,,124600,0,931,17308,108,86,0,16777244,0x0100001C,critter,,00000028.pro,67108897,cow.int,0
897,,124728,0,932,17312,112,86,4,16777244,0x0100001C,critter,,00000028.pro,67108880,cow.int,0
898,,124856,0,933,17318,118,86,2,16777244,0x0100001C,critter,,00000028.pro,67108879,cow.int,0
899,,124984,0,934,17321,121,86,0,50331792,0x03000090,wall,,00000059.pro,-1,,0
900,,125072,0,935,17327,127,86,1,16777220,0x01000004,critter,,00000004.pro,67108875,Pez.int,0
901,,125200,0,936,17331,131,86,0,50332269,0x0300026D,wall,,00000621.pro,-1,,0
902,,125288,0,937,17334,134,86,0,50331944,0x03000128,wall,,00000296.pro,-1,,0
903,,125376,0,938,17335,135,86,0,83886092,0x0500000C,misc,,00000012.pro,-1,,0
904,,125464,0,939,17335,135,86,0,33554546,0x02000072,scenery,generic,00000115.pro,-1,,0
905,,125552,0,940,17336,136,86,0,83886092,0x0500000C,misc,,00000012.pro,-1,,0
906,,125640,0,941,17445,45,87,0,33554776,0x02000158,scenery,generic,00000345.pro,-1,,0
907,,125728,0,942,17455,55,87,0,33554573,0x0200008D,scenery,generic,00000142.pro,-1,,0
908,,125816,0,943,17458,58,87,0,50331758,0x0300006E,wall,,00000025.pro,-1,,0
909,,125904,0,944,17459,59,87,0,33554545,0x02000071,scenery,generic,00000114.pro,-1,,0
910,,125992,0,945,17467,67,87,0,83886092,0x0500000C,misc,,00000012.pro,-1,,0
911,,126080,0,946,17475,75,87,0,50332270,0x0300026E,wall,,00000622.pro,-1,,0
912,,126168,0,947,17479,79,87,0,50331942,0x03000126,wall,,00000294.pro,-1,,0
913,,126256,0,948,17499,99,87,0,50331795,0x03000093,wall,,00000062.pro,-1,,0
914,,126344,0,949,17521,121,87,0,50331793,0x03000091,wall,,00000060.pro,-1,,0
915,,126432,0,950,17531,131,87,0,50332269,0x0300026D,wall,,00000621.pro,-1,,0
916,,126520,0,951,17534,134,87,0,50331945,0x03000129,wall,,00000297.pro,-1,,0
917,,126608,0,952,17536,136,87,0,83886092,0x0500000C,misc,,00000012.pro,-1,,0
918,,126696,0,953,17645,45,88,0,33554776,0x02000158,scenery,generic,00000345.pro,-1,,0
919,,126784,0,954,17658,58,88,0,50331759,0x0300006F,wall,,00000026.pro,-1,,0
920,,126872,0,955,17667,67,88,0,83886092,0x0500000C,misc,,00000012.pro,-1,,0
921,,126960,0,956,17668,68,88,0,83886092,0x0500000C,misc,,00000012.pro,-1,,0
922,,127048,0,957,17675,75,88,0,50332270,0x0300026E,wall,,00000622.pro,-1,,0
923,,127136,0,958,17679,79,88,0,50331943,0x03000127,wall,,00000295.pro,-1,,0
924,,127224,0,959,17699,99,88,0,50331796,0x03000094,wall,,00000063.pro,-1,,0
925,,127312,0,960,17721,121,88,0,50331792,0x03000090,wall,,00000059.pro,-1,,0
926,,127400,0,961,17731,131,88,0,50332269,0x0300026D,wall,,00000621.pro,-1,,0
927,,127488,0,962,17734,134,88,0,50331946,0x0300012A,wall,,00000298.pro,-1,,0
928,,127576,0,963,17737,137,88,0,83886092,0x0500000C,misc,,00000012.pro,-1,,0
929,,127664,0,964,17845,45,89,0,33554776,0x02000158,scenery,generic,00000345.pro,-1,,0
930,,127752,0,965,17858,58,89,0,50331763,0x03000073,wall,,00000030.pro,-1,,0
931,,127840,0,966,17859,59,89,0,33554544,0x02000070,scenery,generic,00000113.pro,-1,,0
932,,127928,0,967,17859,59,89,0,33554531,0x02000063,scenery,generic,00000100.pro,-1,,0
933,,128016,0,968,17868,68,89,0,83886092,0x0500000C,misc,,00000012.pro,-1,,0
934,,128104,0,969,17875,75,89,0,50332270,0x0300026E,wall,,00000622.pro,-1,,0
935,,128192,0,970,17876,76,89,0,50332073,0x030001A9,wall,,00000425.pro,-1,,0
936,,128280,0,971,17877,77,89,0,50332071,0x030001A7,wall,,00000423.pro,-1,,0
937,,128368,0,972,17878,78,89,0,50332070,0x030001A6,wall,,00000422.pro,-1,,0
938,,128456,0,973,17879,79,89,0,50331944,0x03000128,wall,,00000296.pro,-1,,0
939,,128544,0,974,17899,99,89,0,50331795,0x03000093,wall,,00000062.pro,-1,,0
940,,128632,0,975,17915,115,89,3,16777244,0x0100001C,critter,,00000028.pro,67108878,cow.int,0
941,,128760,0,976,17921,121,89,0,50331793,0x03000091,wall,,00000060.pro,-1,,0
942,,128848,0,977,17931,131,89,0,50332269,0x0300026D,wall,,00000621.pro,-1,,0
943,,128936,0,978,17934,134,89,0,50331947,0x0300012B,wall,,00000299.pro,-1,,0
944,,129024,0,979,17935,135,89,0,33554543,0x0200006F,scenery,generic,00000112.pro,-1,,0
945,,129112,0,980,17937,137,89,0,83886092,0x0500000C,misc,,00000012.pro,-1,,0
946,,129200,0,981,17938,138,89,0,83886092,0x0500000C,misc,,00000012.pro,-1,,0
947,,129288,0,982,18045,45,90,0,33554776,0x02000158,scenery,generic,00000345.pro,-1,,0
948,,129376,0,983,18058,58,90,0,50331760,0x03000070,wall,,00000027.pro,-1,,0
949,,129464,0,984,18069,69,90,0,83886092,0x0500000C,misc,,00000012.pro,-1,,0
950,,129552,0,985,18077,77,90,0,50332072,0x030001A8,wall,,00000424.pro,-1,,0
951,,129640,0,986,18079,79,90,0,50332270,0x0300026E,wall,,00000622.pro,-1,,0
952,,129728,0,987,18080,80,90,0,33554776,0x02000158,scenery,generic,00000345.pro,-1,,0
953,,129816,0,988,18081,81,90,0,33554776,0x02000158,scenery,generic,00000345.pro,-1,,0
954,,129904,0,989,18082,82,90,0,33554776,0x02000158,scenery,generic,00000345.pro,-1,,0
955,,129992,0,990,18086,86,90,0,33554776,0x02000158,scenery,generic,00000345.pro,-1,,0
956,,130080,0,991,18087,87,90,0,33554776,0x02000158,scenery,generic,00000345.pro,-1,,0
957,,130168,0,992,18088,88,90,0,33554776,0x02000158,scenery,generic,00000345.pro,-1,,0
958,,130256,0,993,18089,89,90,0,33554776,0x02000158,scenery,generic,00000345.pro,-1,,0
959,,130344,0,994,18090,90,90,0,33554776,0x02000158,scenery,generic,00000345.pro,-1,,0
960,,130432,0,995,18091,91,90,0,33554776,0x02000158,scenery,generic,00000345.pro,-1,,0
961,,130520,0,996,18092,92,90,0,33554776,0x02000158,scenery,generic,00000345.pro,-1,,0
962,,130608,0,997,18093,93,90,0,33554776,0x02000158,scenery,generic,00000345.pro,-1,,0
963,,130696,0,998,18094,94,90,0,33554776,0x02000158,scenery,generic,00000345.pro,-1,,0
964,,130784,0,999,18095,95,90,0,33554776,0x02000158,scenery,generic,00000345.pro,-1,,0
965,,130872,0,1000,18096,96,90,0,33554776,0x02000158,scenery,generic,00000345.pro,-1,,0
966,,130960,0,1001,18097,97,90,0,33554776,0x02000158,scenery,generic,00000345.pro,-1,,0
967,,131048,0,1002,18098,98,90,0,33554776,0x02000158,scenery,generic,00000345.pro,-1,,0
968,,131136,0,1003,18099,99,90,0,50331796,0x03000094,wall,,00000063.pro,-1,,0
969,,131224,0,1004,18121,121,90,0,50331792,0x03000090,wall,,00000059.pro,-1,,0
970,,131312,0,1005,18131,131,90,0,50332269,0x0300026D,wall,,00000621.pro,-1,,0
971,,131400,0,1006,18134,134,90,0,50331948,0x0300012C,wall,,00000300.pro,-1,,0
972,,131488,0,1007,18135,135,90,0,33554559,0x0200007F,scenery,generic,00000128.pro,-1,,0
973,,131576,0,1008,18138,138,90,0,83886092,0x0500000C,misc,,00000012.pro,-1,,0
974,,131664,0,1009,18245,45,91,0,33554776,0x02000158,scenery,generic,00000345.pro,-1,,0
975,,131752,0,1010,18256,56,91,0,33554437,0x02000005,scenery,generic,00000005.pro,-1,,0
976,,131840,0,1011,18258,58,91,0,50331761,0x03000071,wall,,00000028.pro,-1,,0
977,,131928,0,1012,18269,69,91,0,83886092,0x0500000C,misc,,00000012.pro,-1,,0
978,,132016,0,1013,18270,70,91,0,83886092,0x0500000C,misc,,00000012.pro,-1,,0
979,,132104,0,1014,18278,78,91,0,50331786,0x0300008A,wall,,00000053.pro,-1,,0
980,,132192,0,1015,18279,79,91,0,50331777,0x03000081,wall,,00000044.pro,-1,,0
981,,132280,0,1016,18280,80,91,0,50331772,0x0300007C,wall,,00000039.pro,-1,,0
982,,132368,0,1017,18281,81,91,0,50331771,0x0300007B,wall,,00000038.pro,-1,,0
983,,132456,0,1018,18282,82,91,0,50331770,0x0300007A,wall,,00000037.pro,-1,,0
984,,132544,0,1019,18283,83,91,0,50331777,0x03000081,wall,,00000044.pro,-1,,0
985,,132632,0,1020,18284,84,91,0,50331780,0x03000084,wall,,00000047.pro,-1,,0
986,,132720,0,1021,18285,85,91,0,33554573,0x0200008D,scenery,generic,00000142.pro,-1,,0
987,,132808,0,1022,18286,86,91,0,50331779,0x03000083,wall,,00000046.pro,-1,,0
988,,132896,0,1023,18287,87,91,0,50331777,0x03000081,wall,,00000044.pro,-1,,0
989,,132984,0,1024,18288,88,91,0,50331778,0x03000082,wall,,00000045.pro,-1,,0
990,,133072,0,1025,18289,89,91,0,50331777,0x03000081,wall,,00000044.pro,-1,,0
991,,133160,0,1026,18290,90,91,0,50332014,0x0300016E,wall,,00000366.pro,-1,,0
992,,133248,0,1027,18291,91,91,0,50331777,0x03000081,wall,,00000044.pro,-1,,0
993,,133336,0,1028,18292,92,91,0,50331772,0x0300007C,wall,,00000039.pro,-1,,0
994,,133424,0,1029,18293,93,91,0,50331771,0x0300007B,wall,,00000038.pro,-1,,0
995,,133512,0,1030,18294,94,91,0,50331770,0x0300007A,wall,,00000037.pro,-1,,0
996,,133600,0,1031,18295,95,91,0,50331777,0x03000081,wall,,00000044.pro,-1,,0
997,,133688,0,1032,18296,96,91,0,50331778,0x03000082,wall,,00000045.pro,-1,,0
998,,133776,0,1033,18297,97,91,0,50331777,0x03000081,wall,,00000044.pro,-1,,0
999,,133864,0,1034,18298,98,91,0,50332014,0x0300016E,wall,,00000366.pro,-1,,0
1000,,133952,0,1035,18299,99,91,0,50331776,0x03000080,wall,,00000043.pro,-1,,0
1001,,134040,0,1036,18300,100,91,0,50331775,0x0300007F,wall,,00000042.pro,-1,,0
1002,,134128,0,1037,18301,101,91,0,50331774,0x0300007E,wall,,00000041.pro,-1,,0
1003,,134216,0,1038,18302,102,91,0,50331773,0x0300007D,wall,,00000040.pro,-1,,0
1004,,134304,0,1039,18303,103,91,0,50331777,0x03000081,wall,,00000044.pro,-1,,0
1005,,134392,0,1040,18304,104,91,0,50331778,0x03000082,wall,,00000045.pro,-1,,0
1006,,134480,0,1041,18305,105,91,0,50331777,0x03000081,wall,,00000044.pro,-1,,0
1007,,134568,0,1042,18306,106,91,0,50331778,0x03000082,wall,,00000045.pro,-1,,0
1008,,134656,0,1043,18307,107,91,0,50331777,0x03000081,wall,,00000044.pro,-1,,0
1009,,134744,0,1044,18308,108,91,0,50331778,0x03000082,wall,,00000045.pro,-1,,0
1010,,134832,0,1045,18309,109,91,0,50331777,0x03000081,wall,,00000044.pro,-1,,0
1011,,134920,0,1046,18310,110,91,0,50332015,0x0300016F,wall,,00000367.pro,-1,,0
1012,,135008,0,1047,18321,121,91,0,50331793,0x03000091,wall,,00000060.pro,-1,,0
1013,,135096,0,1048,18331,131,91,0,50332269,0x0300026D,wall,,00000621.pro,-1,,0
1014,,135184,0,1049,18334,134,91,0,50331949,0x0300012D,wall,,00000301.pro,-1,,0
1015,,135272,0,1050,18339,139,91,0,83886092,0x0500000C,misc,,00000012.pro,-1,,0
1016,,135360,0,1051,18445,45,92,0,33554776,0x02000158,scenery,generic,00000345.pro,-1,,0
1017,,135448,0,1052,18456,56,92,0,33554437,0x02000005,scenery,generic,00000005.pro,-1,,0
1018,,135536,0,1053,18458,58,92,0,50331762,0x03000072,wall,,00000029.pro,-1,,0
1019,,135624,0,1054,18459,59,92,0,33554544,0x02000070,scenery,generic,00000113.pro,-1,,0
1020,,135712,0,1055,18470,70,92,0,83886092,0x0500000C,misc,,00000012.pro,-1,,0
1021,,135800,0,1056,18478,78,92,0,50331768,0x03000078,wall,,00000035.pro,-1,,0
1022,,135888,0,1057,18479,79,92,0,33554526,0x0200005E,scenery,generic,00000095.pro,-1,,0
1023,,135976,0,1058,18480,80,92,0,33554499,0x02000043,scenery,generic,00000068.pro,-1,,0
1024,,136064,0,1059,18482,82,92,0,33554499,0x02000043,scenery,generic,00000068.pro,-1,,0
1025,,136152,0,1060,18483,83,92,0,33554499,0x02000043,scenery,generic,00000068.pro,-1,,0
1026,,136240,0,1061,18487,87,92,0,50332270,0x0300026E,wall,,00000622.pro,-1,,0
1027,,136328,0,1062,18489,89,92,0,50332270,0x0300026E,wall,,00000622.pro,-1,,0
1028,,136416,0,1063,18490,90,92,0,50332269,0x0300026D,wall,,00000621.pro,-1,,0
1029,,136504,0,1064,18491,91,92,0,50332270,0x0300026E,wall,,00000622.pro,-1,,0
1030,,136592,0,1065,18493,93,92,0,50332270,0x0300026E,wall,,00000622.pro,-1,,0
1031,,136680,0,1066,18495,95,92,0,50332270,0x0300026E,wall,,00000622.pro,-1,,0
1032,,136768,0,1067,18497,97,92,0,50332270,0x0300026E,wall,,00000622.pro,-1,,0
1033,,136856,0,1068,18498,98,92,0,50332269,0x0300026D,wall,,00000621.pro,-1,,0
1034,,136944,0,1069,18499,99,92,0,50332270,0x0300026E,wall,,00000622.pro,-1,,0
1035,,137032,0,1070,18500,100,92,0,33554499,0x02000043,scenery,generic,00000068.pro,-1,,0
1036,,137120,0,1071,18501,101,92,0,33554499,0x02000043,scenery,generic,00000068.pro,-1,,0
1037,,137208,0,1072,18503,103,92,0,50332270,0x0300026E,wall,,00000622.pro,-1,,0
1038,,137296,0,1073,18504,104,92,0,33554528,0x02000060,scenery,generic,00000097.pro,-1,,0
1039,,137384,0,1074,18505,105,92,0,50332270,0x0300026E,wall,,00000622.pro,-1,,0
1040,,137472,0,1075,18507,107,92,0,50332270,0x0300026E,wall,,00000622.pro,-1,,0
1041,,137560,0,1076,18509,109,92,0,50332270,0x0300026E,wall,,00000622.pro,-1,,0
1042,,137648,0,1077,18510,110,92,0,50332269,0x0300026D,wall,,00000621.pro,-1,,0
1043,,137736,0,1078,18511,111,92,0,33554545,0x02000071,scenery,generic,00000114.pro,-1,,0
1044,,137824,0,1079,18521,121,92,0,50331792,0x03000090,wall,,00000059.pro,-1,,0
1045,,137912,0,1080,18531,131,92,0,50332269,0x0300026D,wall,,00000621.pro,-1,,0
1046,,138000,0,1081,18534,134,92,0,50331950,0x0300012E,wall,,00000302.pro,-1,,0
1047,,138088,0,1082,18535,135,92,0,33554544,0x02000070,scenery,generic,00000113.pro,-1,,0
1048,,138176,0,1083,18539,139,92,0,83886092,0x0500000C,misc,,00000012.pro,-1,,0
1049,,138264,0,1084,18540,140,92,0,83886092,0x0500000C,misc,,00000012.pro,-1,,0
1050,,138352,0,1085,18645,45,93,0,33554776,0x02000158,scenery,generic,00000345.pro,-1,,0
1051,,138440,0,1086,18658,58,93,0,50331763,0x03000073,wall,,00000030.pro,-1,,0
1052,,138528,0,1087,18659,59,93,0,33554544,0x02000070,scenery,generic,00000113.pro,-1,,0
1053,,138616,0,1088,18671,71,93,0,83886092,0x0500000C,misc,,00000012.pro,-1,,0
1054,,138704,0,1089,18678,78,93,0,50331898,0x030000FA,wall,,00000250.pro,-1,,0
1055,,138792,0,1090,18679,79,93,0,33554499,0x02000043,scenery,generic,00000068.pro,-1,,0
1056,,138880,0,1091,18681,81,93,0,33554499,0x02000043,scenery,generic,00000068.pro,-1,,0
1057,,138968,0,1092,18683,83,93,0,33554499,0x02000043,scenery,generic,00000068.pro,-1,,0
1058,,139056,0,1093,18686,86,93,0,33554573,0x0200008D,scenery,generic,00000142.pro,-1,,0
1059,,139144,0,1094,18690,90,93,0,50331763,0x03000073,wall,,00000030.pro,-1,,0
1060,,139232,0,1095,18691,91,93,0,33554836,0x02000194,scenery,generic,00000405.pro,50331650,DemoComp.int,0
1061,,139320,0,1096,18694,94,93,2,16777218,0x01000002,critter,,00000002.pro,67108871,Rayze.int,3
1061/inventory/0,1,139452,0,1097,0,0,0,0,12,0x0000000C,item,weapon,00000006.pro,-1,,0
1061/inventory/1,2,139552,0,1098,0,0,0,0,35,0x00000023,item,ammo,00000035.pro,-1,,0
1061/inventory/2,1,139648,0,1099,0,0,0,0,1,0x00000001,item,armor,00000003.pro,-1,,0
1062,,139736,0,1100,18698,98,93,0,50331762,0x03000072,wall,,00000029.pro,-1,,0
1063,,139824,0,1101,18699,99,93,0,43,0x0000002B,item,container,00000043.pro,-1,,2
1063/inventory/0,1,139916,0,1102,0,0,0,0,40,0x00000028,item,drug,00000040.pro,-1,,0
1063/inventory/1,1,140008,0,1103,0,0,0,0,103,0x00000067,item,drug,00000103.pro,-1,,0
1064,,140096,0,1104,18701,101,93,0,33554499,0x02000043,scenery,generic,00000068.pro,-1,,0
1065,,140184,0,1105,18701,101,93,0,42,0x0000002A,item,container,00000042.pro,50331652,DemoDoor.int,6
1065/inventory/0,1,140276,0,1106,0,0,0,0,12,0x0000000C,item,weapon,00000006.pro,-1,,0
1065/inventory/1,1,140376,0,1107,0,0,0,0,36,0x00000024,item,ammo,00000036.pro,-1,,0
1065/inventory/2,1,140472,0,1108,0,0,0,0,40,0x00000028,item,drug,00000040.pro,-1,,0
1065/inventory/3,1,140564,0,1109,0,0,0,0,30,0x0000001E,item,ammo,00000030.pro,-1,,0
1065/inventory/4,1,140660,0,1110,0,0,0,0,1,0x00000001,item,armor,00000003.pro,-1,,0
1065/inventory/5,1,140752,0,1111,0,0,0,0,103,0x00000067,item,drug,00000103.pro,-1,,0
1066,,140840,0,1112,18710,110,93,0,50331762,0x03000072,wall,,00000029.pro,-1,,0
1067,,140928,0,1113,18711,111,93,0,33554543,0x0200006F,scenery,generic,00000112.pro,-1,,0
1068,,141016,0,1114,18712,112,93,0,50331791,0x0300008F,wall,,00000058.pro,-1,,0
1069,,141104,0,1115,18714,114,93,0,50331791,0x0300008F,wall,,00000058.pro,-1,,0
1070,,141192,0,1116,18716,116,93,0,50331791,0x0300008F,wall,,00000058.pro,-1,,0
1071,,141280,0,1117,18718,118,93,0,33554519,0x02000057,scenery,door,00000088.pro,-1,,0
1072,,141372,0,1118,18720,120,93,0,50331791,0x0300008F,wall,,00000058.pro,-1,,0
1073,,141460,0,1119,18721,121,93,0,50331793,0x03000091,wall,,00000060.pro,-1,,0
1074,,141548,0,1120,18731,131,93,0,50332269,0x0300026D,wall,,00000621.pro,-1,,0
1075,,141636,0,1121,18734,134,93,0,50331951,0x0300012F,wall,,00000303.pro,-1,,0
1076,,141724,0,1122,18740,140,93,0,83886092,0x0500000C,misc,,00000012.pro,-1,,0
1077,,141812,0,1123,18845,45,94,0,33554776,0x02000158,scenery,generic,00000345.pro,-1,,0
1078,,141900,0,1124,18858,58,94,0,50331762,0x03000072,wall,,00000029.pro,-1,,0
1079,,141988,0,1125,18871,71,94,0,83886092,0x0500000C,misc,,00000012.pro,-1,,0
1080,,142076,0,1126,18872,72,94,0,83886092,0x0500000C,misc,,00000012.pro,-1,,0
1081,,142164,0,1127,18878,78,94,0,50331768,0x03000078,wall,,00000035.pro,-1,,0
1082,,142252,0,1128,18880,80,94,0,33554573,0x0200008D,scenery,generic,00000142.pro,-1,,0
1083,,142340,0,1129,18890,90,94,0,50331762,0x03000072,wall,,00000029.pro,-1,,0
1084,,142428,0,1130,18891,91,94,0,33554499,0x02000043,scenery,generic,00000068.pro,-1,,0
1085,,142516,0,1131,18894,94,94,0,33554573,0x0200008D,scenery,generic,00000142.pro,-1,,0
1086,,142604,0,1132,18898,98,94,0,50331763,0x03000073,wall,,00000030.pro,-1,,0
1087,,142692,0,1133,18910,110,94,0,50331763,0x03000073,wall,,00000030.pro,-1,,0
1088,,142780,0,1134,18911,111,94,0,50331790,0x0300008E,wall,,00000057.pro,-1,,0
1089,,142868,0,1135,18912,112,94,0,33554558,0x0200007E,scenery,generic,00000127.pro,-1,,0
1090,,142956,0,1136,18913,113,94,0,50331790,0x0300008E,wall,,00000057.pro,-1,,0
1091,,143044,0,1137,18915,115,94,0,50331790,0x0300008E,wall,,00000057.pro,-1,,0
1092,,143132,0,1138,18917,117,94,0,50332136,0x030001E8,wall,,00000488.pro,-1,,0
1093,,143220,0,1139,18919,119,94,0,50332135,0x030001E7,wall,,00000487.pro,-1,,0
1094,,143308,0,1140,18921,121,94,0,50331789,0x0300008D,wall,,00000056.pro,-1,,0
1095,,143396,0,1141,18931,131,94,0,50332269,0x0300026D,wall,,00000621.pro,-1,,0
1096,,143484,0,1142,18934,134,94,0,50331952,0x03000130,wall,,00000304.pro,-1,,0
1097,,143572,0,1143,18935,135,94,0,33554545,0x02000071,scenery,generic,00000114.pro,-1,,0
1098,,143660,0,1144,18941,141,94,0,83886092,0x0500000C,misc,,00000012.pro,-1,,0
1099,,143748,0,1145,19045,45,95,0,33554776,0x02000158,scenery,generic,00000345.pro,-1,,0
1100,,143836,0,1146,19046,46,95,0,33554776,0x02000158,scenery,generic,00000345.pro,-1,,0
1101,,143924,0,1147,19047,47,95,0,33554776,0x02000158,scenery,generic,00000345.pro,-1,,0
1102,,144012,0,1148,19048,48,95,0,33554776,0x02000158,scenery,generic,00000345.pro,-1,,0
1103,,144100,0,1149,19049,49,95,0,50331745,0x03000061,wall,,00000012.pro,-1,,0
1104,,144188,0,1150,19050,50,95,0,50331744,0x03000060,wall,,00000011.pro,-1,,0
1105,,144276,0,1151,19051,51,95,0,50331745,0x03000061,wall,,00000012.pro,-1,,0
1106,,144364,0,1152,19052,52,95,0,50331744,0x03000060,wall,,00000011.pro,-1,,0
1107,,144452,0,1153,19053,53,95,0,50331745,0x03000061,wall,,00000012.pro,-1,,0
1108,,144540,0,1154,19054,54,95,0,50331744,0x03000060,wall,,00000011.pro,-1,,0
1109,,144628,0,1155,19055,55,95,0,50331745,0x03000061,wall,,00000012.pro,-1,,0
1110,,144716,0,1156,19056,56,95,0,50331744,0x03000060,wall,,00000011.pro,-1,,0
1111,,144804,0,1157,19057,57,95,0,50331745,0x03000061,wall,,00000012.pro,-1,,0
1112,,144892,0,1158,19058,58,95,0,50332382,0x030002DE,wall,,00000734.pro,-1,,0
1113,,144980,0,1159,19072,72,95,0,83886092,0x0500000C,misc,,00000012.pro,-1,,0
1114,,145068,0,1160,19078,78,95,0,50331898,0x030000FA,wall,,00000250.pro,-1,,0
1115,,145156,0,1161,19079,79,95,3,16777240,0x01000018,critter,,00000025.pro,67108884,DemoCryp.int,3
1115/inventory/0,1,145288,0,1162,0,0,0,0,9,0x00000009,item,weapon,00000002.pro,-1,,0
1115/inventory/1,1,145388,0,1163,0,0,0,0,30,0x0000001E,item,ammo,00000030.pro,-1,,0
1115/inventory/2,1,145484,0,1164,0,0,0,0,1,0x00000001,item,armor,00000003.pro,-1,,0
1116,,145572,0,1165,19082,82,95,0,50332270,0x0300026E,wall,,00000622.pro,-1,,0
1117,,145660,0,1166,19083,83,95,0,50332115,0x030001D3,wall,,00000467.pro,-1,,0
1118,,145748,0,1167,19086,86,95,2,16777240,0x01000018,critter,,00000025.pro,67108877,DemoCryp.int,2
1118/inventory/0,1,145880,0,1168,0,0,0,0,9,0x00000009,item,weapon,00000002.pro,-1,,0
1118/inventory/1,1,145980,0,1169,0,0,0,0,1,0x00000001,item,armor,00000003.pro,-1,,0
1119,,146068,0,1170,19090,90,95,0,50331763,0x03000073,wall,,00000030.pro,-1,,0
1120,,146156,0,1171,19091,91,95,0,33554837,0x02000195,scenery,generic,00000406.pro,-1,,0
1121,,146244,0,1172,19098,98,95,0,50332068,0x030001A4,wall,,00000420.pro,-1,,0
1122,,146332,0,1173,19110,110,95,0,50331762,0x03000072,wall,,00000029.pro,-1,,0
1123,,146420,0,1174,19113,113,95,0,33554559,0x0200007F,scenery,generic,00000128.pro,-1,,0
1124,,146508,0,1175,19117,117,95,2,16777220,0x01000004,critter,,00000004.pro,67108881,Lenny.int,0
1125,,146636,0,1176,19131,131,95,0,50331758,0x0300006E,wall,,00000025.pro,-1,,0
1126,,146724,0,1177,19132,132,95,0,50331956,0x03000134,wall,,00000308.pro,-1,,0
1127,,146812,0,1178,19134,134,95,0,50331953,0x03000131,wall,,00000305.pro,-1,,0
1128,,146900,0,1179,19141,141,95,0,83886092,0x0500000C,misc,,00000012.pro,-1,,0
1129,,146988,0,1180,19142,142,95,0,83886092,0x0500000C,misc,,00000012.pro,-1,,0
1130,,147076,0,1181,19249,49,96,0,50332270,0x0300026E,wall,,00000622.pro,-1,,0
1131,,147164,0,1182,19251,51,96,0,50332270,0x0300026E,wall,,00000622.pro,-1,,0
1132,,147252,0,1183,19253,53,96,0,50332270,0x0300026E,wall,,00000622.pro,-1,,0
1133,,147340,0,1184,19254,54,96,0,33554776,0x02000158,scenery,generic,00000345.pro,-1,,0
1134,,147428,0,1185,19255,55,96,0,50332270,0x0300026E,wall,,00000622.pro,-1,,0
1135,,147516,0,1186,19257,57,96,0,50332270,0x0300026E,wall,,00000622.pro,-1,,0
1136,,147604,0,1187,19273,73,96,0,83886092,0x0500000C,misc,,00000012.pro,-1,,0
1137,,147692,0,1188,19278,78,96,0,50331768,0x03000078,wall,,00000035.pro,-1,,0
1138,,147780,0,1189,19282,82,96,0,50332270,0x0300026E,wall,,00000622.pro,-1,,0
1139,,147868,0,1190,19283,83,96,0,50332116,0x030001D4,wall,,00000468.pro,-1,,0
1140,,147956,0,1191,19284,84,96,0,33554573,0x0200008D,scenery,generic,00000142.pro,-1,,0
1141,,148044,0,1192,19290,90,96,0,50331760,0x03000070,wall,,00000027.pro,-1,,0
1142,,148132,0,1193,19291,91,96,0,33554499,0x02000043,scenery,generic,00000068.pro,-1,,0
1143,,148220,0,1194,19302,102,96,0,33554573,0x0200008D,scenery,generic,00000142.pro,-1,,0
1144,,148308,0,1195,19304,104,96,1,16777218,0x01000002,critter,,00000002.pro,67108870,Phrax.int,3
1144/inventory/0,1,148440,0,1196,0,0,0,0,9,0x00000009,item,weapon,00000002.pro,-1,,0
1144/inventory/1,1,148540,0,1197,0,0,0,0,29,0x0000001D,item,ammo,00000029.pro,-1,,0
1144/inventory/2,1,148636,0,1198,0,0,0,0,1,0x00000001,item,armor,00000003.pro,-1,,0
1145,,148724,0,1199,19310,110,96,0,50331760,0x03000070,wall,,00000027.pro,-1,,0
1146,,148812,0,1200,19311,111,96,0,33554438,0x02000006,scenery,generic,00000006.pro,-1,,0
1147,,148900,0,1201,19314,114,96,0,33554541,0x0200006D,scenery,generic,00000110.pro,-1,,0
1148,,148988,0,1202,19315,115,96,0,33554499,0x02000043,scenery,generic,00000068.pro,-1,,0
1149,,149076,0,1203,19316,116,96,0,33554499,0x02000043,scenery,generic,00000068.pro,-1,,0
1150,,149164,0,1204,19331,131,96,0,50331759,0x0300006F,wall,,00000026.pro,-1,,0
1151,,149252,0,1205,19332,132,96,0,50331957,0x03000135,wall,,00000309.pro,-1,,0
1152,,149340,0,1206,19333,133,96,0,50331955,0x03000133,wall,,00000307.pro,-1,,0
1153,,149428,0,1207,19334,134,96,0,50331954,0x03000132,wall,,00000306.pro,-1,,0
1154,,149516,0,1208,19342,142,96,0,83886092,0x0500000C,misc,,00000012.pro,-1,,0
1155,,149604,0,1209,19454,54,97,0,33554776,0x02000158,scenery,generic,00000345.pro,-1,,0
1156,,149692,0,1210,19473,73,97,0,83886092,0x0500000C,misc,,00000012.pro,-1,,0
1157,,149780,0,1211,19474,74,97,0,83886092,0x0500000C,misc,,00000012.pro,-1,,0
1158,,149868,0,1212,19478,78,97,0,50331898,0x030000FA,wall,,00000250.pro,-1,,0
1159,,149956,0,1213,19480,80,97,0,50332270,0x0300026E,wall,,00000622.pro,-1,,0
1160,,150044,0,1214,19481,81,97,0,9,0x00000009,item,weapon,00000002.pro,-1,,0
1161,,150140,0,1215,19482,82,97,0,50332270,0x0300026E,wall,,00000622.pro,-1,,0
1162,,150228,0,1216,19483,83,97,0,50332118,0x030001D6,wall,,00000470.pro,-1,,0
1163,,150316,0,1217,19490,90,97,0,50331754,0x0300006A,wall,,00000021.pro,-1,,0
1164,,150404,0,1218,19510,110,97,0,50331758,0x0300006E,wall,,00000025.pro,-1,,0
1165,,150492,0,1219,19515,115,97,0,33554499,0x02000043,scenery,generic,00000068.pro,-1,,0
1166,,150580,0,1220,19531,131,97,0,50331760,0x03000070,wall,,00000027.pro,-1,,0
1167,,150668,0,1221,19532,132,97,0,33554437,0x02000005,scenery,generic,00000005.pro,-1,,0
1168,,150756,0,1222,19534,134,97,0,33554437,0x02000005,scenery,generic,00000005.pro,-1,,0
1169,,150844,0,1223,19543,143,97,0,83886092,0x0500000C,misc,,00000012.pro,-1,,0
1170,,150932,0,1224,19546,146,97,0,33554558,0x0200007E,scenery,generic,00000127.pro,-1,,0
1171,,151020,0,1225,19654,54,98,0,33554776,0x02000158,scenery,generic,00000345.pro,-1,,0
1172,,151108,0,1226,19674,74,98,0,83886092,0x0500000C,misc,,00000012.pro,-1,,0
1173,,151196,0,1227,19678,78,98,0,50331768,0x03000078,wall,,00000035.pro,-1,,0
1174,,151284,0,1228,19679,79,98,0,50332270,0x0300026E,wall,,00000622.pro,-1,,0
1175,,151372,0,1229,19680,80,98,0,50332124,0x030001DC,wall,,00000476.pro,-1,,0
1176,,151460,0,1230,19681,81,98,0,50332270,0x0300026E,wall,,00000622.pro,-1,,0
1177,,151548,0,1231,19682,82,98,0,50332122,0x030001DA,wall,,00000474.pro,-1,,0
1178,,151636,0,1232,19683,83,98,0,50332119,0x030001D7,wall,,00000471.pro,-1,,0
1179,,151724,0,1233,19684,84,98,0,33554550,0x02000076,scenery,generic,00000119.pro,-1,,0
1180,,151812,0,1234,19693,93,98,5,16777240,0x01000018,critter,,00000025.pro,67108886,DemoCryp.int,2
1180/inventory/0,1,151944,0,1235,0,0,0,0,9,0x00000009,item,weapon,00000002.pro,-1,,0
1180/inventory/1,1,152044,0,1236,0,0,0,0,1,0x00000001,item,armor,00000003.pro,-1,,0
1181,,152132,0,1237,19708,108,98,0,33554499,0x02000043,scenery,generic,00000068.pro,-1,,0
1182,,152220,0,1238,19710,110,98,0,50331759,0x0300006F,wall,,00000026.pro,-1,,0
1183,,152308,0,1239,19711,111,98,0,33554435,0x02000003,scenery,generic,00000003.pro,-1,,0
1184,,152396,0,1240,19731,131,98,0,50331756,0x0300006C,wall,,00000023.pro,-1,,0
1185,,152484,0,1241,19733,133,98,0,33554438,0x02000006,scenery,generic,00000006.pro,-1,,0
1186,,152572,0,1242,19734,134,98,0,33554499,0x02000043,scenery,generic,00000068.pro,-1,,0
1187,,152660,0,1243,19734,134,98,0,33554536,0x02000068,scenery,generic,00000105.pro,-1,,0
1188,,152748,0,1244,19735,135,98,0,33554559,0x0200007F,scenery,generic,00000128.pro,-1,,0
1189,,152836,0,1245,19743,143,98,0,83886092,0x0500000C,misc,,00000012.pro,-1,,0
1190,,152924,0,1246,19744,144,98,0,83886092,0x0500000C,misc,,00000012.pro,-1,,0
1191,,153012,0,1247,19854,54,99,0,33554776,0x02000158,scenery,generic,00000345.pro,-1,,0
1192,,153100,0,1248,19875,75,99,0,83886092,0x0500000C,misc,,00000012.pro,-1,,0
1193,,153188,0,1249,19878,78,99,0,50331764,0x03000074,wall,,00000031.pro,-1,,0
1194,,153276,0,1250,19881,81,99,0,50332123,0x030001DB,wall,,00000475.pro,-1,,0
1195,,153364,0,1251,19883,83,99,0,50332270,0x0300026E,wall,,00000622.pro,-1,,0
1196,,153452,0,1252,19890,90,99,0,50331755,0x0300006B,wall,,00000022.pro,-1,,0
1197,,153540,0,1253,19898,98,99,0,50332269,0x0300026D,wall,,00000621.pro,-1,,0
1198,,153628,0,1254,19907,107,99,0,50331710,0x0300003E,wall,,00000114.pro,-1,,0
1199,,153716,0,1255,19908,108,99,0,50331713,0x03000041,wall,,00000138.pro,-1,,0
1200,,153804,0,1256,19909,109,99,0,33554499,0x02000043,scenery,generic,00000068.pro,-1,,0
1201,,153892,0,1257,19909,109,99,0,50331714,0x03000042,wall,,00000139.pro,-1,,0
1202,,153980,0,1258,19910,110,99,0,50331756,0x0300006C,wall,,00000023.pro,-1,,0
1203,,154068,0,1259,19911,111,99,0,50331711,0x0300003F,wall,,00000085.pro,-1,,0
1204,,154156,0,1260,19912,112,99,0,33554534,0x02000066,scenery,generic,00000103.pro,-1,,0
1205,,154244,0,1261,19914,114,99,0,33554498,0x02000042,scenery,generic,00000067.pro,-1,,0
1206,,154332,0,1262,19931,131,99,0,50331757,0x0300006D,wall,,00000024.pro,-1,,0
1207,,154420,0,1263,19933,133,99,0,33554499,0x02000043,scenery,generic,00000068.pro,-1,,0
1208,,154508,0,1264,19935,135,99,0,33554558,0x0200007E,scenery,generic,00000127.pro,-1,,0
1209,,154596,0,1265,19944,144,99,0,83886092,0x0500000C,misc,,00000012.pro,-1,,0
1210,,154684,0,1266,20054,54,100,0,33554776,0x02000158,scenery,generic,00000345.pro,-1,,0
1211,,154772,0,1267,20071,71,100,0,33554535,0x02000067,scenery,generic,00000104.pro,-1,,0
1212,,154860,0,1268,20075,75,100,0,83886092,0x0500000C,misc,,00000012.pro,-1,,0
1213,,154948,0,1269,20076,76,100,0,83886092,0x0500000C,misc,,00000012.pro,-1,,0
1214,,155036,0,1270,20078,78,100,0,50331765,0x03000075,wall,,00000032.pro,-1,,0
1215,,155124,0,1271,20081,81,100,0,33554573,0x0200008D,scenery,generic,00000142.pro,-1,,0
1216,,155212,0,1272,20090,90,100,0,50331760,0x03000070,wall,,00000027.pro,-1,,0
1217,,155300,0,1273,20098,98,100,0,50332069,0x030001A5,wall,,00000421.pro,-1,,0
1218,,155388,0,1274,20107,107,100,0,50331710,0x0300003E,wall,,00000114.pro,-1,,0
1219,,155476,0,1275,20108,108,100,0,50331713,0x03000041,wall,,00000138.pro,-1,,0
1220,,155564,0,1276,20109,109,100,0,50331714,0x03000042,wall,,00000139.pro,-1,,0
1221,,155652,0,1277,20110,110,100,0,50331757,0x0300006D,wall,,00000024.pro,-1,,0
1222,,155740,0,1278,20111,111,100,0,50331711,0x0300003F,wall,,00000085.pro,-1,,0
1223,,155828,0,1279,20128,128,100,3,33554537,0x02000069,scenery,generic,00000106.pro,-1,,0
1224,,155916,0,1280,20129,129,100,3,33554534,0x02000066,scenery,generic,00000103.pro,-1,,0
1225,,156004,0,1281,20131,131,100,0,50331760,0x03000070,wall,,00000027.pro,-1,,0
1226,,156092,0,1282,20133,133,100,0,33554439,0x02000007,scenery,generic,00000007.pro,-1,,0
1227,,156180,0,1283,20134,134,100,0,33554534,0x02000066,scenery,generic,00000103.pro,-1,,0
1228,,156268,0,1284,20145,145,100,0,83886092,0x0500000C,misc,,00000012.pro,-1,,0
1229,,156356,0,1285,20254,54,101,0,33554776,0x02000158,scenery,generic,00000345.pro,-1,,0
1230,,156444,0,1286,20271,71,101,0,33554533,0x02000065,scenery,generic,00000102.pro,-1,,0
1231,,156532,0,1287,20276,76,101,0,83886092,0x0500000C,misc,,00000012.pro,-1,,0
1232,,156620,0,1288,20278,78,101,0,50331766,0x03000076,wall,,00000033.pro,-1,,0
1233,,156708,0,1289,20290,90,101,0,50331761,0x03000071,wall,,00000028.pro,-1,,0
1234,,156796,0,1290,20298,98,101,0,50331763,0x03000073,wall,,00000030.pro,-1,,0
1235,,156884,0,1291,20302,102,101,0,33554499,0x02000043,scenery,generic,00000068.pro,-1,,0
1236,,156972,0,1292,20304,104,101,0,33554499,0x02000043,scenery,generic,00000068.pro,-1,,0
1237,,157060,0,1293,20306,106,101,0,33554499,0x02000043,scenery,generic,00000068.pro,-1,,0
1238,,157148,0,1294,20307,107,101,0,50331710,0x0300003E,wall,,00000114.pro,-1,,0
1239,,157236,0,1295,20308,108,101,0,50331713,0x03000041,wall,,00000138.pro,-1,,0
1240,,157324,0,1296,20309,109,101,0,50331714,0x03000042,wall,,00000139.pro,-1,,0
1241,,157412,0,1297,20310,110,101,0,50331760,0x03000070,wall,,00000027.pro,-1,,0
1242,,157500,0,1298,20311,111,101,0,50331711,0x0300003F,wall,,00000085.pro,-1,,0
1243,,157588,0,1299,20314,114,101,0,33554537,0x02000069,scenery,generic,00000106.pro,-1,,0
1244,,157676,0,1300,20327,127,101,3,33554535,0x02000067,scenery,generic,00000104.pro,-1,,0
1245,,157764,0,1301,20331,131,101,0,50331761,0x03000071,wall,,00000028.pro,-1,,0
1246,,157852,0,1302,20333,133,101,0,33554499,0x02000043,scenery,generic,00000068.pro,-1,,0
1247,,157940,0,1303,20345,145,101,0,83886092,0x0500000C,misc,,00000012.pro,-1,,0
1248,,158028,0,1304,20346,146,101,0,83886092,0x0500000C,misc,,00000012.pro,-1,,0
1249,,158116,0,1305,20454,54,102,0,33554776,0x02000158,scenery,generic,00000345.pro,-1,,0
1250,,158204,0,1306,20477,77,102,0,83886092,0x0500000C,misc,,00000012.pro,-1,,0
1251,,158292,0,1307,20478,78,102,0,50331767,0x03000077,wall,,00000034.pro,-1,,0
1252,,158380,0,1308,20480,80,102,0,33554499,0x02000043,scenery,generic,00000068.pro,-1,,0
1253,,158468,0,1309,20485,85,102,5,16777218,0x01000002,critter,,00000002.pro,67108872,DemoCryp.int,2
1253/inventory/0,1,158600,0,1310,0,0,0,0,9,0x00000009,item,weapon,00000002.pro,-1,,0
1253/inventory/1,1,158700,0,1311,0,0,0,0,1,0x00000001,item,armor,00000003.pro,-1,,0
1254,,158788,0,1312,20490,90,102,0,50331762,0x03000072,wall,,00000029.pro,-1,,0
1255,,158876,0,1313,20498,98,102,0,50331762,0x03000072,wall,,00000029.pro,-1,,0
1256,,158964,0,1314,20502,102,102,0,33554499,0x02000043,scenery,generic,00000068.pro,-1,,0
1257,,159052,0,1315,20503,103,102,0,33554499,0x02000043,scenery,generic,00000068.pro,-1,,0
1258,,159140,0,1316,20505,105,102,0,33554499,0x02000043,scenery,generic,00000068.pro,-1,,0
1259,,159228,0,1317,20510,110,102,0,50331761,0x03000071,wall,,00000028.pro,-1,,0
1260,,159316,0,1318,20531,131,102,0,50331762,0x03000072,wall,,00000029.pro,-1,,0
1261,,159404,0,1319,20533,133,102,0,33554499,0x02000043,scenery,generic,00000068.pro,-1,,0
1262,,159492,0,1320,20546,146,102,0,83886092,0x0500000C,misc,,00000012.pro,-1,,0
1263,,159580,0,1321,20654,54,103,0,33554776,0x02000158,scenery,generic,00000345.pro,-1,,0
1264,,159668,0,1322,20677,77,103,0,83886092,0x0500000C,misc,,00000012.pro,-1,,0
1265,,159756,0,1323,20678,78,103,0,83886092,0x0500000C,misc,,00000012.pro,-1,,0
1266,,159844,0,1324,20678,78,103,0,50331898,0x030000FA,wall,,00000250.pro,-1,,0
1267,,159932,0,1325,20679,79,103,0,33554531,0x02000063,scenery,generic,00000100.pro,-1,,0
1268,,160020,0,1326,20680,80,103,0,33554499,0x02000043,scenery,generic,00000068.pro,-1,,0
1269,,160108,0,1327,20681,81,103,0,33554499,0x02000043,scenery,generic,00000068.pro,-1,,0
1270,,160196,0,1328,20682,82,103,3,33554529,0x02000061,scenery,generic,00000098.pro,-1,,0
1271,,160284,0,1329,20690,90,103,0,50331762,0x03000072,wall,,00000029.pro,-1,,0
1272,,160372,0,1330,20698,98,103,0,50331763,0x03000073,wall,,00000030.pro,-1,,0
1273,,160460,0,1331,20702,102,103,0,33554499,0x02000043,scenery,generic,00000068.pro,-1,,0
1274,,160548,0,1332,20710,110,103,0,50331781,0x03000085,wall,,00000048.pro,-1,,0
1275,,160636,0,1333,20711,111,103,0,33554828,0x0200018C,scenery,generic,00000397.pro,-1,,0
1276,,160724,0,1334,20731,131,103,0,50331763,0x03000073,wall,,00000030.pro,-1,,0
1277,,160812,0,1335,20732,132,103,0,50332269,0x0300026D,wall,,00000621.pro,-1,,0
1278,,160900,0,1336,20733,133,103,0,33554499,0x02000043,scenery,generic,00000068.pro,-1,,0
1279,,160988,0,1337,20734,134,103,0,50332269,0x0300026D,wall,,00000621.pro,-1,,0
1280,,161076,0,1338,20747,147,103,0,83886092,0x0500000C,misc,,00000012.pro,-1,,0
1281,,161164,0,1339,20854,54,104,0,33554776,0x02000158,scenery,generic,00000345.pro,-1,,0
1282,,161252,0,1340,20862,62,104,0,33554536,0x02000068,scenery,generic,00000105.pro,-1,,0
1283,,161340,0,1341,20878,78,104,0,83886092,0x0500000C,misc,,00000012.pro,-1,,0
1284,,161428,0,1342,20878,78,104,0,50331768,0x03000078,wall,,00000035.pro,-1,,0
1285,,161516,0,1343,20881,81,104,0,33554436,0x02000004,scenery,generic,00000004.pro,-1,,0
1286,,161604,0,1344,20884,84,104,3,33554527,0x0200005F,scenery,generic,00000096.pro,-1,,0
1287,,161692,0,1345,20885,85,104,3,33554528,0x02000060,scenery,generic,00000097.pro,-1,,0
1288,,161780,0,1346,20886,86,104,0,33554499,0x02000043,scenery,generic,00000068.pro,-1,,0
1289,,161868,0,1347,20890,90,104,0,50331763,0x03000073,wall,,00000030.pro,-1,,0
1290,,161956,0,1348,20898,98,104,0,50331762,0x03000072,wall,,00000029.pro,-1,,0
1291,,162044,0,1349,20902,102,104,0,33554482,0x02000032,scenery,generic,00000051.pro,50331648,DemoGen.int,0
1292,,162132,0,1350,20910,110,104,0,50331782,0x03000086,wall,,00000049.pro,-1,,0
1293,,162220,0,1351,20931,131,104,0,50332269,0x0300026D,wall,,00000621.pro,-1,,0
1294,,162308,0,1352,20932,132,104,0,50332269,0x0300026D,wall,,00000621.pro,-1,,0
1295,,162396,0,1353,20933,133,104,0,50332269,0x0300026D,wall,,00000621.pro,-1,,0
1296,,162484,0,1354,20935,135,104,0,50331958,0x03000136,wall,,00000310.pro,-1,,0
1297,,162572,0,1355,20947,147,104,0,83886092,0x0500000C,misc,,00000012.pro,-1,,0
1298,,162660,0,1356,20948,148,104,0,83886092,0x0500000C,misc,,00000012.pro,-1,,0
1299,,162748,0,1357,21054,54,105,0,33554776,0x02000158,scenery,generic,00000345.pro,-1,,0
1300,,162836,0,1358,21078,78,105,0,50331898,0x030000FA,wall,,00000250.pro,-1,,0
1301,,162924,0,1359,21079,79,105,0,83886092,0x0500000C,misc,,00000012.pro,-1,,0
1302,,163012,0,1360,21079,79,105,0,33554776,0x02000158,scenery,generic,00000345.pro,-1,,0
1303,,163100,0,1361,21081,81,105,0,33554530,0x02000062,scenery,generic,00000099.pro,-1,,0
1304,,163188,0,1362,21085,85,105,0,33554499,0x02000043,scenery,generic,00000068.pro,-1,,0
1305,,163276,0,1363,21086,86,105,0,33554435,0x02000003,scenery,generic,00000003.pro,-1,,0
1306,,163364,0,1364,21090,90,105,0,50332067,0x030001A3,wall,,00000419.pro,-1,,0
1307,,163452,0,1365,21091,91,105,0,50331745,0x03000061,wall,,00000012.pro,-1,,0
1308,,163540,0,1366,21092,92,105,0,50331753,0x03000069,wall,,00000020.pro,-1,,0
1309,,163628,0,1367,21094,94,105,0,50331752,0x03000068,wall,,00000019.pro,-1,,0
1310,,163716,0,1368,21095,95,105,0,50331747,0x03000063,wall,,00000014.pro,-1,,0
1311,,163804,0,1369,21096,96,105,0,50331746,0x03000062,wall,,00000013.pro,-1,,0
1312,,163892,0,1370,21097,97,105,0,50331745,0x03000061,wall,,00000012.pro,-1,,0
1313,,163980,0,1371,21098,98,105,0,50331897,0x030000F9,wall,,00000249.pro,-1,,0
1314,,164068,0,1372,21099,99,105,0,50331751,0x03000067,wall,,00000018.pro,-1,,0
1315,,164156,0,1373,21100,100,105,0,50331750,0x03000066,wall,,00000017.pro,-1,,0
1316,,164244,0,1374,21101,101,105,0,50331749,0x03000065,wall,,00000016.pro,-1,,0
1317,,164332,0,1375,21102,102,105,0,50331748,0x03000064,wall,,00000015.pro,-1,,0
1318,,164420,0,1376,21103,103,105,0,50331745,0x03000061,wall,,00000012.pro,-1,,0
1319,,164508,0,1377,21104,104,105,0,50331743,0x0300005F,wall,,00000010.pro,-1,,0
1320,,164596,0,1378,21105,105,105,0,50331742,0x0300005E,wall,,00000009.pro,-1,,0
1321,,164684,0,1379,21106,106,105,0,50331741,0x0300005D,wall,,00000008.pro,-1,,0
1322,,164772,0,1380,21107,107,105,0,50331740,0x0300005C,wall,,00000007.pro,-1,,0
1323,,164860,0,1381,21108,108,105,0,50331785,0x03000089,wall,,00000052.pro,-1,,0
1324,,164948,0,1382,21109,109,105,0,50331784,0x03000088,wall,,00000051.pro,-1,,0
1325,,165036,0,1383,21110,110,105,0,50331783,0x03000087,wall,,00000050.pro,-1,,0
1326,,165124,0,1384,21132,132,105,0,50332269,0x0300026D,wall,,00000621.pro,-1,,0
1327,,165212,0,1385,21135,135,105,0,50331959,0x03000137,wall,,00000311.pro,-1,,0
1328,,165300,0,1386,21148,148,105,0,83886092,0x0500000C,misc,,00000012.pro,-1,,0
1329,,165388,0,1387,21254,54,106,0,33554776,0x02000158,scenery,generic,00000345.pro,-1,,0
1330,,165476,0,1388,21278,78,106,0,50331768,0x03000078,wall,,00000035.pro,-1,,0
1331,,165564,0,1389,21279,79,106,0,83886092,0x0500000C,misc,,00000012.pro,-1,,0
1332,,165652,0,1390,21279,79,106,0,33554437,0x02000005,scenery,generic,00000005.pro,-1,,0
1333,,165740,0,1391,21280,80,106,0,83886092,0x0500000C,misc,,00000012.pro,-1,,0
1334,,165828,0,1392,21280,80,106,0,33554776,0x02000158,scenery,generic,00000345.pro,-1,,0
1335,,165916,0,1393,21290,90,106,0,50332269,0x0300026D,wall,,00000621.pro,-1,,0
1336,,166004,0,1394,21291,91,106,0,50332270,0x0300026E,wall,,00000622.pro,-1,,0
1337,,166092,0,1395,21295,95,106,0,50332270,0x0300026E,wall,,00000622.pro,-1,,0
1338,,166180,0,1396,21296,96,106,0,33554437,0x02000005,scenery,generic,00000005.pro,-1,,0
1339,,166268,0,1397,21297,97,106,0,50332270,0x0300026E,wall,,00000622.pro,-1,,0
1340,,166356,0,1398,21298,98,106,0,33554554,0x0200007A,scenery,generic,00000123.pro,-1,,0
1341,,166444,0,1399,21299,99,106,0,33554499,0x02000043,scenery,generic,00000068.pro,-1,,0
1342,,166532,0,1400,21300,100,106,0,33554499,0x02000043,scenery,generic,00000068.pro,-1,,0
1343,,166620,0,1401,21300,100,106,0,33554555,0x0200007B,scenery,generic,00000124.pro,-1,,0
1344,,166708,0,1402,21301,101,106,0,33554460,0x0200001C,scenery,generic,00000029.pro,-1,,0
1345,,166796,0,1403,21302,102,106,0,33554499,0x02000043,scenery,generic,00000068.pro,-1,,0
1346,,166884,0,1404,21303,103,106,0,33554499,0x02000043,scenery,generic,00000068.pro,-1,,0
1347,,166972,0,1405,21303,103,106,0,33554547,0x02000073,scenery,generic,00000116.pro,-1,,0
1348,,167060,0,1406,21304,104,106,0,33554499,0x02000043,scenery,generic,00000068.pro,-1,,0
1349,,167148,0,1407,21304,104,106,0,33554540,0x0200006C,scenery,generic,00000109.pro,-1,,0
1350,,167236,0,1408,21306,106,106,0,33554499,0x02000043,scenery,generic,00000068.pro,-1,,0
1351,,167324,0,1409,21307,107,106,0,33554499,0x02000043,scenery,generic,00000068.pro,-1,,0
1352,,167412,0,1410,21307,107,106,0,33554553,0x02000079,scenery,generic,00000122.pro,-1,,0
1353,,167500,0,1411,21308,108,106,0,33554835,0x02000193,scenery,generic,00000404.pro,-1,,0
1354,,167588,0,1412,21309,109,106,0,33554499,0x02000043,scenery,generic,00000068.pro,-1,,0
1355,,167676,0,1413,21317,117,106,3,16777220,0x01000004,critter,,00000004.pro,67108883,Pez.int,0
1356,,167804,0,1414,21332,132,106,0,50332269,0x0300026D,wall,,00000621.pro,-1,,0
1357,,167892,0,1415,21335,135,106,0,50331960,0x03000138,wall,,00000312.pro,-1,,0
1358,,167980,0,1416,21349,149,106,0,83886092,0x0500000C,misc,,00000012.pro,-1,,0
1359,,168068,0,1417,21454,54,107,0,33554776,0x02000158,scenery,generic,00000345.pro,-1,,0
1360,,168156,0,1418,21478,78,107,0,50331898,0x030000FA,wall,,00000250.pro,-1,,0
1361,,168244,0,1419,21480,80,107,0,83886092,0x0500000C,misc,,00000012.pro,-1,,0
1362,,168332,0,1420,21480,80,107,0,33554776,0x02000158,scenery,generic,00000345.pro,-1,,0
1363,,168420,0,1421,21481,81,107,0,33554499,0x02000043,scenery,generic,00000068.pro,-1,,0
1364,,168508,0,1422,21482,82,107,0,33554499,0x02000043,scenery,generic,00000068.pro,-1,,0
1365,,168596,0,1423,21485,85,107,0,33554573,0x0200008D,scenery,generic,00000142.pro,-1,,0
1366,,168684,0,1424,21490,90,107,0,50331756,0x0300006C,wall,,00000023.pro,-1,,0
1367,,168772,0,1425,21493,93,107,0,33554573,0x0200008D,scenery,generic,00000142.pro,-1,,0
1368,,168860,0,1426,21501,101,107,0,33554499,0x02000043,scenery,generic,00000068.pro,-1,,0
1369,,168948,0,1427,21505,105,107,0,33554499,0x02000043,scenery,generic,00000068.pro,-1,,0
1370,,169036,0,1428,21532,132,107,0,50332269,0x0300026D,wall,,00000621.pro,-1,,0
1371,,169124,0,1429,21535,135,107,0,50331961,0x03000139,wall,,00000313.pro,-1,,0
1372,,169212,0,1430,21536,136,107,0,33554544,0x02000070,scenery,generic,00000113.pro,-1,,0
1373,,169300,0,1431,21549,149,107,0,83886092,0x0500000C,misc,,00000012.pro,-1,,0
1374,,169388,0,1432,21550,150,107,0,83886092,0x0500000C,misc,,00000012.pro,-1,,0
1375,,169476,0,1433,21654,54,108,0,33554776,0x02000158,scenery,generic,00000345.pro,-1,,0
1376,,169564,0,1434,21678,78,108,0,50331768,0x03000078,wall,,00000035.pro,-1,,0
1377,,169652,0,1435,21679,79,108,0,33554437,0x02000005,scenery,generic,00000005.pro,-1,,0
1378,,169740,0,1436,21681,81,108,0,83886092,0x0500000C,misc,,00000012.pro,-1,,0
1379,,169828,0,1437,21681,81,108,0,33554707,0x02000113,scenery,generic,00000276.pro,-1,,0
1380,,169916,0,1438,21682,82,108,0,33554499,0x02000043,scenery,generic,00000068.pro,-1,,0
1381,,170004,0,1439,21690,90,108,0,50331757,0x0300006D,wall,,00000024.pro,-1,,0
1382,,170092,0,1440,21691,91,108,0,33554544,0x02000070,scenery,generic,00000113.pro,-1,,0
1383,,170180,0,1441,21732,132,108,0,50332269,0x0300026D,wall,,00000621.pro,-1,,0
1384,,170268,0,1442,21735,135,108,0,50331962,0x0300013A,wall,,00000314.pro,-1,,0
1385,,170356,0,1443,21736,136,108,0,33554558,0x0200007E,scenery,generic,00000127.pro,-1,,0
1386,,170444,0,1444,21750,150,108,0,83886092,0x0500000C,misc,,00000012.pro,-1,,0
1387,,170532,0,1445,21854,54,109,0,33554776,0x02000158,scenery,generic,00000345.pro,-1,,0
1388,,170620,0,1446,21878,78,109,0,50331898,0x030000FA,wall,,00000250.pro,-1,,0
1389,,170708,0,1447,21880,80,109,0,33554707,0x02000113,scenery,generic,00000276.pro,-1,,0
1390,,170796,0,1448,21881,81,109,0,83886092,0x0500000C,misc,,00000012.pro,-1,,0
1391,,170884,0,1449,21881,81,109,0,33554776,0x02000158,scenery,generic,00000345.pro,-1,,0
1392,,170972,0,1450,21882,82,109,0,83886092,0x0500000C,misc,,00000012.pro,-1,,0
1393,,171060,0,1451,21882,82,109,0,33554708,0x02000114,scenery,generic,00000277.pro,-1,,0
1394,,171148,0,1452,21890,90,109,0,50331758,0x0300006E,wall,,00000025.pro,-1,,0
1395,,171236,0,1453,21891,91,109,0,33554545,0x02000071,scenery,generic,00000114.pro,-1,,0
1396,,171324,0,1454,21921,121,109,0,33554532,0x02000064,scenery,generic,00000101.pro,-1,,0
1397,,171412,0,1455,21932,132,109,0,50332269,0x0300026D,wall,,00000621.pro,-1,,0
1398,,171500,0,1456,21935,135,109,0,50331963,0x0300013B,wall,,00000315.pro,-1,,0
1399,,171588,0,1457,21936,136,109,0,33554559,0x0200007F,scenery,generic,00000128.pro,-1,,0
1400,,171676,0,1458,21951,151,109,0,83886092,0x0500000C,misc,,00000012.pro,-1,,0
1401,,171764,0,1459,22054,54,110,0,33554776,0x02000158,scenery,generic,00000345.pro,-1,,0
1402,,171852,0,1460,22078,78,110,0,50332269,0x0300026D,wall,,00000621.pro,-1,,0
1403,,171940,0,1461,22082,82,110,0,83886092,0x0500000C,misc,,00000012.pro,-1,,0
1404,,172028,0,1462,22082,82,110,0,33554776,0x02000158,scenery,generic,00000345.pro,-1,,0
1405,,172116,0,1463,22090,90,110,0,50331759,0x0300006F,wall,,00000026.pro,-1,,0
1406,,172204,0,1464,22091,91,110,0,33554547,0x02000073,scenery,generic,00000116.pro,-1,,0
1407,,172292,0,1465,22103,103,110,2,16777220,0x01000004,critter,,00000004.pro,67108865,Lex.int,0
1408,,172420,0,1466,22123,123,110,0,33554529,0x02000061,scenery,generic,00000098.pro,-1,,0
1409,,172508,0,1467,22132,132,110,0,50332269,0x0300026D,wall,,00000621.pro,-1,,0
1410,,172596,0,1468,22135,135,110,0,50331964,0x0300013C,wall,,00000316.pro,-1,,0
1411,,172684,0,1469,22136,136,110,0,33554545,0x02000071,scenery,generic,00000114.pro,-1,,0
1412,,172772,0,1470,22151,151,110,0,83886092,0x0500000C,misc,,00000012.pro,-1,,0
1413,,172860,0,1471,22152,152,110,0,83886092,0x0500000C,misc,,00000012.pro,-1,,0
1414,,172948,0,1472,22254,54,111,0,33554776,0x02000158,scenery,generic,00000345.pro,-1,,0
1415,,173036,0,1473,22263,63,111,0,33554537,0x02000069,scenery,generic,00000106.pro,-1,,0
1416,,173124,0,1474,22278,78,111,0,50331787,0x0300008B,wall,,00000054.pro,-1,,0
1417,,173212,0,1475,22279,79,111,0,50331749,0x03000065,wall,,00000016.pro,-1,,0
1418,,173300,0,1476,22280,80,111,0,50331748,0x03000064,wall,,00000015.pro,-1,,0
1419,,173388,0,1477,22281,81,111,0,50331747,0x03000063,wall,,00000014.pro,-1,,0
1420,,173476,0,1478,22282,82,111,0,50331746,0x03000062,wall,,00000013.pro,-1,,0
1421,,173564,0,1479,22283,83,111,0,83886092,0x0500000C,misc,,00000012.pro,-1,,0
1422,,173652,0,1480,22283,83,111,0,50331745,0x03000061,wall,,00000012.pro,-1,,0
1423,,173740,0,1481,22284,84,111,0,50331744,0x03000060,wall,,00000011.pro,-1,,0
1424,,173828,0,1482,22285,85,111,0,50331751,0x03000067,wall,,00000018.pro,-1,,0
1425,,173916,0,1483,22286,86,111,3,50331750,0x03000066,wall,,00000017.pro,-1,,0
1426,,174004,0,1484,22287,87,111,0,50331745,0x03000061,wall,,00000012.pro,-1,,0
1427,,174092,0,1485,22288,88,111,0,50331744,0x03000060,wall,,00000011.pro,-1,,0
1428,,174180,0,1486,22289,89,111,0,50331745,0x03000061,wall,,00000012.pro,-1,,0
1429,,174268,0,1487,22290,90,111,0,50331801,0x03000099,wall,,00000068.pro,-1,,0
1430,,174356,0,1488,22291,91,111,0,33554546,0x02000072,scenery,generic,00000115.pro,-1,,0
1431,,174444,0,1489,22321,121,111,0,33554433,0x02000001,scenery,generic,00000024.pro,-1,,0
1432,,174532,0,1490,22332,132,111,0,50332269,0x0300026D,wall,,00000621.pro,-1,,0
1433,,174620,0,1491,22335,135,111,0,50331965,0x0300013D,wall,,00000317.pro,-1,,0
1434,,174708,0,1492,22352,152,111,0,83886092,0x0500000C,misc,,00000012.pro,-1,,0
1435,,174796,0,1493,22454,54,112,0,33554776,0x02000158,scenery,generic,00000345.pro,-1,,0
1436,,174884,0,1494,22477,77,112,0,33554499,0x02000043,scenery,generic,00000068.pro,-1,,0
1437,,174972,0,1495,22477,77,112,0,33554536,0x02000068,scenery,generic,00000105.pro,-1,,0
1438,,175060,0,1496,22479,79,112,0,50332270,0x0300026E,wall,,00000622.pro,-1,,0
1439,,175148,0,1497,22479,79,112,0,33554553,0x02000079,scenery,generic,00000122.pro,-1,,0
1440,,175236,0,1498,22480,80,112,0,33554554,0x0200007A,scenery,generic,00000123.pro,-1,,0
1441,,175324,0,1499,22481,81,112,0,50332270,0x0300026E,wall,,00000622.pro,-1,,0
1442,,175412,0,1500,22482,82,112,0,33554556,0x0200007C,scenery,generic,00000125.pro,-1,,0
1443,,175500,0,1501,22483,83,112,0,33554499,0x02000043,scenery,generic,00000068.pro,-1,,0
1444,,175588,0,1502,22483,83,112,0,83886092,0x0500000C,misc,,00000012.pro,-1,,0
1445,,175676,0,1503,22483,83,112,0,33554552,0x02000078,scenery,generic,00000121.pro,-1,,0
1446,,175764,0,1504,22484,84,112,0,83886092,0x0500000C,misc,,00000012.pro,-1,,0
1447,,175852,0,1505,22485,85,112,0,50332270,0x0300026E,wall,,00000622.pro,-1,,0
1448,,175940,0,1506,22485,85,112,0,33554557,0x0200007D,scenery,generic,00000126.pro,-1,,0
1449,,176028,0,1507,22486,86,112,0,33554555,0x0200007B,scenery,generic,00000124.pro,-1,,0
1450,,176116,0,1508,22487,87,112,0,50332270,0x0300026E,wall,,00000622.pro,-1,,0
1451,,176204,0,1509,22487,87,112,0,33554553,0x02000079,scenery,generic,00000122.pro,-1,,0
1452,,176292,0,1510,22488,88,112,0,33554554,0x0200007A,scenery,generic,00000123.pro,-1,,0
1453,,176380,0,1511,22489,89,112,0,33554499,0x02000043,scenery,generic,00000068.pro,-1,,0
1454,,176468,0,1512,22489,89,112,0,33554552,0x02000078,scenery,generic,00000121.pro,-1,,0
1455,,176556,0,1513,22490,90,112,0,33554833,0x02000191,scenery,generic,00000402.pro,-1,,0
1456,,176644,0,1514,22519,119,112,0,33554437,0x02000005,scenery,generic,00000005.pro,-1,,0
1457,,176732,0,1515,22520,120,112,0,33554499,0x02000043,scenery,generic,00000068.pro,-1,,0
1458,,176820,0,1516,22521,121,112,0,33554499,0x02000043,scenery,generic,00000068.pro,-1,,0
1459,,176908,0,1517,22532,132,112,0,50332269,0x0300026D,wall,,00000621.pro,-1,,0
1460,,176996,0,1518,22535,135,112,0,50331966,0x0300013E,wall,,00000318.pro,-1,,0
1461,,177084,0,1519,22553,153,112,0,83886092,0x0500000C,misc,,00000012.pro,-1,,0
1462,,177172,0,1520,22654,54,113,0,33554776,0x02000158,scenery,generic,00000345.pro,-1,,0
1463,,177260,0,1521,22684,84,113,0,83886092,0x0500000C,misc,,00000012.pro,-1,,0
1464,,177348,0,1522,22688,88,113,0,33554499,0x02000043,scenery,generic,00000068.pro,-1,,0
1465,,177436,0,1523,22690,90,113,0,33554499,0x02000043,scenery,generic,00000068.pro,-1,,0
1466,,177524,0,1524,22719,119,113,0,33554438,0x02000006,scenery,generic,00000006.pro,-1,,0
1467,,177612,0,1525,22721,121,113,0,33554436,0x02000004,scenery,generic,00000004.pro,-1,,0
1468,,177700,0,1526,22726,126,113,0,16777220,0x01000004,critter,,00000004.pro,67108882,Pez.int,0
1469,,177828,0,1527,22732,132,113,0,50331762,0x03000072,wall,,00000029.pro,-1,,0
1470,,177916,0,1528,22735,135,113,0,50331967,0x0300013F,wall,,00000319.pro,-1,,0
1471,,178004,0,1529,22753,153,113,0,83886092,0x0500000C,misc,,00000012.pro,-1,,0
1472,,178092,0,1530,22754,154,113,0,83886092,0x0500000C,misc,,00000012.pro,-1,,0
1473,,178180,0,1531,22854,54,114,0,33554776,0x02000158,scenery,generic,00000345.pro,-1,,0
1474,,178268,0,1532,22885,85,114,0,83886092,0x0500000C,misc,,00000012.pro,-1,,0
1475,,178356,0,1533,22888,88,114,0,33554660,0x020000E4,scenery,generic,00000229.pro,-1,,0
1476,,178444,0,1534,22889,89,114,0,33554499,0x02000043,scenery,generic,00000068.pro,-1,,0
1477,,178532,0,1535,22890,90,114,0,33554499,0x02000043,scenery,generic,00000068.pro,-1,,0
1478,,178620,0,1536,22891,91,114,0,33554544,0x02000070,scenery,generic,00000113.pro,-1,,0
1479,,178708,0,1537,22932,132,114,0,50331763,0x03000073,wall,,00000030.pro,-1,,0
1480,,178796,0,1538,22935,135,114,0,50331968,0x03000140,wall,,00000320.pro,-1,,0
1481,,178884,0,1539,22954,154,114,0,83886092,0x0500000C,misc,,00000012.pro,-1,,0
1482,,178972,0,1540,23054,54,115,0,33554776,0x02000158,scenery,generic,00000345.pro,-1,,0
1483,,179060,0,1541,23072,72,115,0,33554755,0x02000143,scenery,generic,00000324.pro,-1,,0
1484,,179148,0,1542,23085,85,115,0,83886092,0x0500000C,misc,,00000012.pro,-1,,0
1485,,179236,0,1543,23086,86,115,0,83886092,0x0500000C,misc,,00000012.pro,-1,,0
1486,,179324,0,1544,23087,87,115,0,33554499,0x02000043,scenery,generic,00000068.pro,-1,,0
1487,,179412,0,1545,23090,90,115,0,33554499,0x02000043,scenery,generic,00000068.pro,-1,,0
1488,,179500,0,1546,23091,91,115,0,33554545,0x02000071,scenery,generic,00000114.pro,-1,,0
1489,,179588,0,1547,23132,132,115,0,50331762,0x03000072,wall,,00000029.pro,-1,,0
1490,,179676,0,1548,23134,134,115,0,50331971,0x03000143,wall,,00000323.pro,-1,,0
1491,,179764,0,1549,23135,135,115,0,50331969,0x03000141,wall,,00000321.pro,-1,,0
1492,,179852,0,1550,23136,136,115,0,33554547,0x02000073,scenery,generic,00000116.pro,-1,,0
1493,,179940,0,1551,23152,152,115,0,83886092,0x0500000C,misc,,00000012.pro,-1,,0
1494,,180028,0,1552,23153,153,115,0,83886092,0x0500000C,misc,,00000012.pro,-1,,0
1495,,180116,0,1553,23154,154,115,0,83886092,0x0500000C,misc,,00000012.pro,-1,,0
1496,,180204,0,1554,23155,155,115,0,83886092,0x0500000C,misc,,00000012.pro,-1,,0
1497,,180292,0,1555,23254,54,116,0,33554776,0x02000158,scenery,generic,00000345.pro,-1,,0
1498,,180380,0,1556,23286,86,116,0,83886092,0x0500000C,misc,,00000012.pro,-1,,0
1499,,180468,0,1557,23287,87,116,0,33554499,0x02000043,scenery,generic,00000068.pro,-1,,0
1500,,180556,0,1558,23290,90,116,0,33554499,0x02000043,scenery,generic,00000068.pro,-1,,0
1501,,180644,0,1559,23291,91,116,0,33554546,0x02000072,scenery,generic,00000115.pro,-1,,0
1502,,180732,0,1560,23332,132,116,0,50331758,0x0300006E,wall,,00000025.pro,-1,,0
1503,,180820,0,1561,23333,133,116,0,50331973,0x03000145,wall,,00000325.pro,-1,,0
1504,,180908,0,1562,23334,134,116,0,50331972,0x03000144,wall,,00000324.pro,-1,,0
1505,,180996,0,1563,23335,135,116,0,50331970,0x03000142,wall,,00000322.pro,-1,,0
1506,,181084,0,1564,23350,150,116,0,83886092,0x0500000C,misc,,00000012.pro,-1,,0
1507,,181172,0,1565,23351,151,116,0,83886092,0x0500000C,misc,,00000012.pro,-1,,0
1508,,181260,0,1566,23352,152,116,0,83886092,0x0500000C,misc,,00000012.pro,-1,,0
1509,,181348,0,1567,23352,152,116,0,33554557,0x0200007D,scenery,generic,00000126.pro,-1,,0
1510,,181436,0,1568,23353,153,116,0,83886092,0x0500000C,misc,,00000012.pro,-1,,0
1511,,181524,0,1569,23454,54,117,0,33554776,0x02000158,scenery,generic,00000345.pro,-1,,0
1512,,181612,0,1570,23487,87,117,0,83886092,0x0500000C,misc,,00000012.pro,-1,,0
1513,,181700,0,1571,23487,87,117,0,33554499,0x02000043,scenery,generic,00000068.pro,-1,,0
1514,,181788,0,1572,23488,88,117,0,33554499,0x02000043,scenery,generic,00000068.pro,-1,,0
1515,,181876,0,1573,23490,90,117,0,33554499,0x02000043,scenery,generic,00000068.pro,-1,,0
1516,,181964,0,1574,23491,91,117,0,33554547,0x02000073,scenery,generic,00000116.pro,-1,,0
1517,,182052,0,1575,23532,132,117,0,50331759,0x0300006F,wall,,00000026.pro,-1,,0
1518,,182140,0,1576,23533,133,117,0,33554542,0x0200006E,scenery,generic,00000111.pro,-1,,0
1519,,182228,0,1577,23534,134,117,0,33554499,0x02000043,scenery,generic,00000068.pro,-1,,0
1520,,182316,0,1578,23535,135,117,0,33554499,0x02000043,scenery,generic,00000068.pro,-1,,0
1521,,182404,0,1579,23548,148,117,0,83886092,0x0500000C,misc,,00000012.pro,-1,,0
1522,,182492,0,1580,23549,149,117,0,83886092,0x0500000C,misc,,00000012.pro,-1,,0
1523,,182580,0,1581,23550,150,117,0,83886092,0x0500000C,misc,,00000012.pro,-1,,0
1524,,182668,0,1582,23551,151,117,0,83886092,0x0500000C,misc,,00000012.pro,-1,,0
1525,,182756,0,1583,23654,54,118,0,33554776,0x02000158,scenery,generic,00000345.pro,-1,,0
1526,,182844,0,1584,23687,87,118,0,83886092,0x0500000C,misc,,00000012.pro,-1,,0
1527,,182932,0,1585,23687,87,118,0,33554499,0x02000043,scenery,generic,00000068.pro,-1,,0
1528,,183020,0,1586,23688,88,118,0,83886092,0x0500000C,misc,,00000012.pro,-1,,0
1529,,183108,0,1587,23689,89,118,0,33554499,0x02000043,scenery,generic,00000068.pro,-1,,0
1530,,183196,0,1588,23690,90,118,0,33554499,0x02000043,scenery,generic,00000068.pro,-1,,0
1531,,183284,0,1589,23703,103,118,0,50331899,0x030000FB,wall,,00000251.pro,-1,,0
1532,,183372,0,1590,23708,108,118,0,50331918,0x0300010E,wall,,00000270.pro,-1,,0
1533,,183460,0,1591,23709,109,118,0,50331916,0x0300010C,wall,,00000268.pro,-1,,0
1534,,183548,0,1592,23732,132,118,0,50331760,0x03000070,wall,,00000027.pro,-1,,0
1535,,183636,0,1593,23733,133,118,0,33554439,0x02000007,scenery,generic,00000007.pro,-1,,0
1536,,183724,0,1594,23734,134,118,0,33554499,0x02000043,scenery,generic,00000068.pro,-1,,0
1537,,183812,0,1595,23746,146,118,0,83886092,0x0500000C,misc,,00000012.pro,-1,,0
1538,,183900,0,1596,23747,147,118,0,83886092,0x0500000C,misc,,00000012.pro,-1,,0
1539,,183988,0,1597,23748,148,118,0,83886092,0x0500000C,misc,,00000012.pro,-1,,0
1540,,184076,0,1598,23749,149,118,0,83886092,0x0500000C,misc,,00000012.pro,-1,,0
1541,,184164,0,1599,23854,54,119,0,33554776,0x02000158,scenery,generic,00000345.pro,-1,,0
1542,,184252,0,1600,23856,56,119,0,50331745,0x03000061,wall,,00000012.pro,-1,,0
1543,,184340,0,1601,23858,58,119,0,50331745,0x03000061,wall,,00000012.pro,-1,,0
1544,,184428,0,1602,23860,60,119,0,50331745,0x03000061,wall,,00000012.pro,-1,,0
1545,,184516,0,1603,23862,62,119,0,50331745,0x03000061,wall,,00000012.pro,-1,,0
1546,,184604,0,1604,23864,64,119,0,50331745,0x03000061,wall,,00000012.pro,-1,,0
1547,,184692,0,1605,23866,66,119,0,50331745,0x03000061,wall,,00000012.pro,-1,,0
1548,,184780,0,1606,23868,68,119,0,50331745,0x03000061,wall,,00000012.pro,-1,,0
1549,,184868,0,1607,23870,70,119,0,50331745,0x03000061,wall,,00000012.pro,-1,,0
1550,,184956,0,1608,23886,86,119,0,50332269,0x0300026D,wall,,00000621.pro,-1,,0
1551,,185044,0,1609,23888,88,119,0,50332269,0x0300026D,wall,,00000621.pro,-1,,0
1552,,185132,0,1610,23888,88,119,0,83886092,0x0500000C,misc,,00000012.pro,-1,,0
1553,,185220,0,1611,23890,90,119,0,50332269,0x0300026D,wall,,00000621.pro,-1,,0
1554,,185308,0,1612,23892,92,119,0,50332269,0x0300026D,wall,,00000621.pro,-1,,0
1555,,185396,0,1613,23894,94,119,0,50332269,0x0300026D,wall,,00000621.pro,-1,,0
1556,,185484,0,1614,23896,96,119,0,50332269,0x0300026D,wall,,00000621.pro,-1,,0
1557,,185572,0,1615,23898,98,119,0,50331745,0x03000061,wall,,00000012.pro,-1,,0
1558,,185660,0,1616,23900,100,119,0,50331745,0x03000061,wall,,00000012.pro,-1,,0
1559,,185748,0,1617,23902,102,119,0,50331745,0x03000061,wall,,00000012.pro,-1,,0
1560,,185836,0,1618,23903,103,119,0,50331900,0x030000FC,wall,,00000252.pro,-1,,0
1561,,185924,0,1619,23908,108,119,0,50331919,0x0300010F,wall,,00000271.pro,-1,,0
1562,,186012,0,1620,23909,109,119,0,50331917,0x0300010D,wall,,00000269.pro,-1,,0
1563,,186100,0,1621,23918,118,119,0,50332269,0x0300026D,wall,,00000621.pro,-1,,0
1564,,186188,0,1622,23920,120,119,0,50332269,0x0300026D,wall,,00000621.pro,-1,,0
1565,,186276,0,1623,23922,122,119,0,50331745,0x03000061,wall,,00000012.pro,-1,,0
1566,,186364,0,1624,23924,124,119,0,50331745,0x03000061,wall,,00000012.pro,-1,,0
1567,,186452,0,1625,23926,126,119,0,50331745,0x03000061,wall,,00000012.pro,-1,,0
1568,,186540,0,1626,23928,128,119,0,50331742,0x0300005E,wall,,00000009.pro,-1,,0
1569,,186628,0,1627,23930,130,119,0,50331740,0x0300005C,wall,,00000007.pro,-1,,0
1570,,186716,0,1628,23931,131,119,0,50332269,0x0300026D,wall,,00000621.pro,-1,,0
1571,,186804,0,1629,23932,132,119,0,50331761,0x03000071,wall,,00000028.pro,-1,,0
1572,,186892,0,1630,23933,133,119,0,33554438,0x02000006,scenery,generic,00000006.pro,-1,,0
1573,,186980,0,1631,23934,134,119,0,33554437,0x02000005,scenery,generic,00000005.pro,-1,,0
1574,,187068,0,1632,23935,135,119,0,33554537,0x02000069,scenery,generic,00000106.pro,-1,,0
1575,,187156,0,1633,23944,144,119,0,83886092,0x0500000C,misc,,00000012.pro,-1,,0
1576,,187244,0,1634,23945,145,119,0,83886092,0x0500000C,misc,,00000012.pro,-1,,0
1577,,187332,0,1635,23946,146,119,0,83886092,0x0500000C,misc,,00000012.pro,-1,,0
1578,,187420,0,1636,23947,147,119,0,83886092,0x0500000C,misc,,00000012.pro,-1,,0
1579,,187508,0,1637,24055,55,120,0,50331744,0x03000060,wall,,00000011.pro,-1,,0
1580,,187596,0,1638,24056,56,120,0,50332270,0x0300026E,wall,,00000622.pro,-1,,0
1581,,187684,0,1639,24057,57,120,0,50331744,0x03000060,wall,,00000011.pro,-1,,0
1582,,187772,0,1640,24058,58,120,0,50332270,0x0300026E,wall,,00000622.pro,-1,,0
1583,,187860,0,1641,24059,59,120,0,50331744,0x03000060,wall,,00000011.pro,-1,,0
1584,,187948,0,1642,24060,60,120,0,50332270,0x0300026E,wall,,00000622.pro,-1,,0
1585,,188036,0,1643,24061,61,120,0,50331744,0x03000060,wall,,00000011.pro,-1,,0
1586,,188124,0,1644,24062,62,120,0,50332270,0x0300026E,wall,,00000622.pro,-1,,0
1587,,188212,0,1645,24063,63,120,0,50331744,0x03000060,wall,,00000011.pro,-1,,0
1588,,188300,0,1646,24064,64,120,0,50332270,0x0300026E,wall,,00000622.pro,-1,,0
1589,,188388,0,1647,24065,65,120,0,50331744,0x03000060,wall,,00000011.pro,-1,,0
1590,,188476,0,1648,24066,66,120,0,50332270,0x0300026E,wall,,00000622.pro,-1,,0
1591,,188564,0,1649,24067,67,120,0,50331744,0x03000060,wall,,00000011.pro,-1,,0
1592,,188652,0,1650,24068,68,120,0,50332270,0x0300026E,wall,,00000622.pro,-1,,0
1593,,188740,0,1651,24069,69,120,0,50331744,0x03000060,wall,,00000011.pro,-1,,0
1594,,188828,0,1652,24070,70,120,0,50332270,0x0300026E,wall,,00000622.pro,-1,,0
1595,,188916,0,1653,24071,71,120,0,50331744,0x03000060,wall,,00000011.pro,-1,,0
1596,,189004,0,1654,24072,72,120,0,50332269,0x0300026D,wall,,00000621.pro,-1,,0
1597,,189092,0,1655,24073,73,120,0,50332269,0x0300026D,wall,,00000621.pro,-1,,0
1598,,189180,0,1656,24074,74,120,0,50332269,0x0300026D,wall,,00000621.pro,-1,,0
1599,,189268,0,1657,24075,75,120,0,50332269,0x0300026D,wall,,00000621.pro,-1,,0
1600,,189356,0,1658,24076,76,120,0,50332269,0x0300026D,wall,,00000621.pro,-1,,0
1601,,189444,0,1659,24077,77,120,0,50332269,0x0300026D,wall,,00000621.pro,-1,,0
1602,,189532,0,1660,24078,78,120,0,50332269,0x0300026D,wall,,00000621.pro,-1,,0
1603,,189620,0,1661,24079,79,120,0,50331745,0x03000061,wall,,00000012.pro,-1,,0
1604,,189708,0,1662,24080,80,120,0,50331744,0x03000060,wall,,00000011.pro,-1,,0
1605,,189796,0,1663,24081,81,120,0,50331745,0x03000061,wall,,00000012.pro,-1,,0
1606,,189884,0,1664,24082,82,120,0,50331744,0x03000060,wall,,00000011.pro,-1,,0
1607,,189972,0,1665,24083,83,120,0,50331774,0x0300007E,wall,,00000041.pro,-1,,0
1608,,190060,0,1666,24084,84,120,0,50331773,0x0300007D,wall,,00000040.pro,-1,,0
1609,,190148,0,1667,24085,85,120,0,50332269,0x0300026D,wall,,00000621.pro,-1,,0
1610,,190236,0,1668,24087,87,120,0,50332269,0x0300026D,wall,,00000621.pro,-1,,0
1611,,190324,0,1669,24089,89,120,0,50332269,0x0300026D,wall,,00000621.pro,-1,,0
1612,,190412,0,1670,24089,89,120,0,83886092,0x0500000C,misc,,00000012.pro,-1,,0
1613,,190500,0,1671,24091,91,120,0,50332269,0x0300026D,wall,,00000621.pro,-1,,0
1614,,190588,0,1672,24093,93,120,0,50332269,0x0300026D,wall,,00000621.pro,-1,,0
1615,,190676,0,1673,24095,95,120,0,50332269,0x0300026D,wall,,00000621.pro,-1,,0
1616,,190764,0,1674,24097,97,120,0,50332269,0x0300026D,wall,,00000621.pro,-1,,0
1617,,190852,0,1675,24099,99,120,0,50331744,0x03000060,wall,,00000011.pro,-1,,0
1618,,190940,0,1676,24101,101,120,0,50331744,0x03000060,wall,,00000011.pro,-1,,0
1619,,191028,0,1677,24103,103,120,0,50331901,0x030000FD,wall,,00000253.pro,-1,,0
1620,,191116,0,1678,24108,108,120,0,50331920,0x03000110,wall,,00000272.pro,-1,,0
1621,,191204,0,1679,24110,110,120,0,50331747,0x03000063,wall,,00000014.pro,-1,,0
1622,,191292,0,1680,24112,112,120,0,50331745,0x03000061,wall,,00000012.pro,-1,,0
1623,,191380,0,1681,24114,114,120,0,50331749,0x03000065,wall,,00000016.pro,-1,,0
1624,,191468,0,1682,24116,116,120,0,50331745,0x03000061,wall,,00000012.pro,-1,,0
1625,,191556,0,1683,24117,117,120,0,50332269,0x0300026D,wall,,00000621.pro,-1,,0
1626,,191644,0,1684,24119,119,120,0,50332269,0x0300026D,wall,,00000621.pro,-1,,0
1627,,191732,0,1685,24121,121,120,0,50332269,0x0300026D,wall,,00000621.pro,-1,,0
1628,,191820,0,1686,24123,123,120,0,50331744,0x03000060,wall,,00000011.pro,-1,,0
1629,,191908,0,1687,24125,125,120,0,50331744,0x03000060,wall,,00000011.pro,-1,,0
1630,,191996,0,1688,24127,127,120,0,50331743,0x0300005F,wall,,00000010.pro,-1,,0
1631,,192084,0,1689,24129,129,120,0,50331741,0x0300005D,wall,,00000008.pro,-1,,0
1632,,192172,0,1690,24134,134,120,0,50332270,0x0300026E,wall,,00000622.pro,-1,,0
1633,,192260,0,1691,24142,142,120,0,83886092,0x0500000C,misc,,00000012.pro,-1,,0
1634,,192348,0,1692,24143,143,120,0,83886092,0x0500000C,misc,,00000012.pro,-1,,0
1635,,192436,0,1693,24144,144,120,0,83886092,0x0500000C,misc,,00000012.pro,-1,,0
1636,,192524,0,1694,24145,145,120,0,83886092,0x0500000C,misc,,00000012.pro,-1,,0
1637,,192612,0,1695,24257,57,121,0,33554555,0x0200007B,scenery,generic,00000124.pro,-1,,0
1638,,192700,0,1696,24261,61,121,0,33554556,0x0200007C,scenery,generic,00000125.pro,-1,,0
1639,,192788,0,1697,24265,65,121,0,33554555,0x0200007B,scenery,generic,00000124.pro,-1,,0
1640,,192876,0,1698,24267,67,121,0,33554556,0x0200007C,scenery,generic,00000125.pro,-1,,0
1641,,192964,0,1699,24272,72,121,0,50332269,0x0300026D,wall,,00000621.pro,-1,,0
1642,,193052,0,1700,24289,89,121,0,83886092,0x0500000C,misc,,00000012.pro,-1,,0
1643,,193140,0,1701,24290,90,121,0,83886092,0x0500000C,misc,,00000012.pro,-1,,0
1644,,193228,0,1702,24298,98,121,0,50331974,0x03000146,wall,,00000326.pro,-1,,0
1645,,193316,0,1703,24303,103,121,0,50331902,0x030000FE,wall,,00000254.pro,-1,,0
1646,,193404,0,1704,24308,108,121,0,50331921,0x03000111,wall,,00000273.pro,-1,,0
1647,,193492,0,1705,24309,109,121,0,50331744,0x03000060,wall,,00000011.pro,-1,,0
1648,,193580,0,1706,24311,111,121,0,50331746,0x03000062,wall,,00000013.pro,-1,,0
1649,,193668,0,1707,24313,113,121,0,50331750,0x03000066,wall,,00000017.pro,-1,,0
1650,,193756,0,1708,24315,115,121,0,50331744,0x03000060,wall,,00000011.pro,-1,,0
1651,,193844,0,1709,24316,116,121,0,50331998,0x0300015E,wall,,00000350.pro,-1,,0
1652,,193932,0,1710,24318,118,121,0,50331996,0x0300015C,wall,,00000348.pro,-1,,0
1653,,194020,0,1711,24320,120,121,0,50331994,0x0300015A,wall,,00000346.pro,-1,,0
1654,,194108,0,1712,24322,122,121,0,50331992,0x03000158,wall,,00000344.pro,-1,,0
1655,,194196,0,1713,24324,124,121,0,33554435,0x02000003,scenery,generic,00000003.pro,-1,,0
1656,,194284,0,1714,24325,125,121,0,33554438,0x02000006,scenery,generic,00000006.pro,-1,,0
1657,,194372,0,1715,24326,126,121,0,50332009,0x03000169,wall,,00000361.pro,-1,,0
1658,,194460,0,1716,24334,134,121,0,50332000,0x03000160,wall,,00000352.pro,-1,,0
1659,,194548,0,1717,24340,140,121,0,83886092,0x0500000C,misc,,00000012.pro,-1,,0
1660,,194636,0,1718,24341,141,121,0,83886092,0x0500000C,misc,,00000012.pro,-1,,0
1661,,194724,0,1719,24342,142,121,0,83886092,0x0500000C,misc,,00000012.pro,-1,,0
1662,,194812,0,1720,24343,143,121,0,83886092,0x0500000C,misc,,00000012.pro,-1,,0
1663,,194900,0,1721,24350,150,121,0,33554558,0x0200007E,scenery,generic,00000127.pro,-1,,0
1664,,194988,0,1722,24472,72,122,0,50331999,0x0300015F,wall,,00000351.pro,-1,,0
1665,,195076,0,1723,24473,73,122,0,50331998,0x0300015E,wall,,00000350.pro,-1,,0
1666,,195164,0,1724,24474,74,122,0,50331997,0x0300015D,wall,,00000349.pro,-1,,0
1667,,195252,0,1725,24475,75,122,0,50331996,0x0300015C,wall,,00000348.pro,-1,,0
1668,,195340,0,1726,24476,76,122,0,50331995,0x0300015B,wall,,00000347.pro,-1,,0
1669,,195428,0,1727,24477,77,122,0,50331994,0x0300015A,wall,,00000346.pro,-1,,0
1670,,195516,0,1728,24478,78,122,0,50331993,0x03000159,wall,,00000345.pro,-1,,0
1671,,195604,0,1729,24479,79,122,0,50331992,0x03000158,wall,,00000344.pro,-1,,0
1672,,195692,0,1730,24480,80,122,0,50331991,0x03000157,wall,,00000343.pro,-1,,0
1673,,195780,0,1731,24481,81,122,0,33554436,0x02000004,scenery,generic,00000004.pro,-1,,0
1674,,195868,0,1732,24482,82,122,0,33554499,0x02000043,scenery,generic,00000068.pro,-1,,0
1675,,195956,0,1733,24483,83,122,0,50331990,0x03000156,wall,,00000342.pro,-1,,0
1676,,196044,0,1734,24484,84,122,0,50331989,0x03000155,wall,,00000341.pro,-1,,0
1677,,196132,0,1735,24485,85,122,0,50331988,0x03000154,wall,,00000340.pro,-1,,0
1678,,196220,0,1736,24486,86,122,0,50331987,0x03000153,wall,,00000339.pro,-1,,0
1679,,196308,0,1737,24487,87,122,0,50331986,0x03000152,wall,,00000338.pro,-1,,0
1680,,196396,0,1738,24488,88,122,0,50331985,0x03000151,wall,,00000337.pro,-1,,0
1681,,196484,0,1739,24489,89,122,0,50331984,0x03000150,wall,,00000336.pro,-1,,0
1682,,196572,0,1740,24490,90,122,0,83886092,0x0500000C,misc,,00000012.pro,-1,,0
1683,,196660,0,1741,24490,90,122,0,50331983,0x0300014F,wall,,00000335.pro,-1,,0
1684,,196748,0,1742,24491,91,122,0,50331982,0x0300014E,wall,,00000334.pro,-1,,0
1685,,196836,0,1743,24492,92,122,0,50331981,0x0300014D,wall,,00000333.pro,-1,,0
1686,,196924,0,1744,24493,93,122,0,50331980,0x0300014C,wall,,00000332.pro,-1,,0
1687,,197012,0,1745,24494,94,122,0,50331979,0x0300014B,wall,,00000331.pro,-1,,0
1688,,197100,0,1746,24495,95,122,0,50331978,0x0300014A,wall,,00000330.pro,-1,,0
1689,,197188,0,1747,24496,96,122,0,50331977,0x03000149,wall,,00000329.pro,-1,,0
1690,,197276,0,1748,24497,97,122,0,50331976,0x03000148,wall,,00000328.pro,-1,,0
1691,,197364,0,1749,24498,98,122,0,50331975,0x03000147,wall,,00000327.pro,-1,,0
1692,,197452,0,1750,24503,103,122,0,50331903,0x030000FF,wall,,00000255.pro,-1,,0
1693,,197540,0,1751,24508,108,122,0,50331922,0x03000112,wall,,00000274.pro,-1,,0
1694,,197628,0,1752,24514,114,122,0,33554436,0x02000004,scenery,generic,00000004.pro,-1,,0
1695,,197716,0,1753,24515,115,122,0,50331999,0x0300015F,wall,,00000351.pro,-1,,0
1696,,197804,0,1754,24516,116,122,0,33554499,0x02000043,scenery,generic,00000068.pro,-1,,0
1697,,197892,0,1755,24517,117,122,0,50331997,0x0300015D,wall,,00000349.pro,-1,,0
1698,,197980,0,1756,24518,118,122,0,50332270,0x0300026E,wall,,00000622.pro,-1,,0
1699,,198068,0,1757,24519,119,122,0,50331995,0x0300015B,wall,,00000347.pro,-1,,0
1700,,198156,0,1758,24520,120,122,0,50332270,0x0300026E,wall,,00000622.pro,-1,,0
1701,,198244,0,1759,24521,121,122,0,50331993,0x03000159,wall,,00000345.pro,-1,,0
1702,,198332,0,1760,24522,122,122,0,50332270,0x0300026E,wall,,00000622.pro,-1,,0
1703,,198420,0,1761,24523,123,122,0,50331991,0x03000157,wall,,00000343.pro,-1,,0
1704,,198508,0,1762,24524,124,122,0,50332270,0x0300026E,wall,,00000622.pro,-1,,0
1705,,198596,0,1763,24526,126,122,0,33554437,0x02000005,scenery,generic,00000005.pro,-1,,0
1706,,198684,0,1764,24527,127,122,0,50332008,0x03000168,wall,,00000360.pro,-1,,0
1707,,198772,0,1765,24528,128,122,0,50332007,0x03000167,wall,,00000359.pro,-1,,0
1708,,198860,0,1766,24529,129,122,0,50332006,0x03000166,wall,,00000358.pro,-1,,0
1709,,198948,0,1767,24530,130,122,0,50332005,0x03000165,wall,,00000357.pro,-1,,0
1710,,199036,0,1768,24531,131,122,0,50332004,0x03000164,wall,,00000356.pro,-1,,0
1711,,199124,0,1769,24532,132,122,0,50332003,0x03000163,wall,,00000355.pro,-1,,0
1712,,199212,0,1770,24533,133,122,0,50332002,0x03000162,wall,,00000354.pro,-1,,0
1713,,199300,0,1771,24534,134,122,0,50332001,0x03000161,wall,,00000353.pro,-1,,0
1714,,199388,0,1772,24535,135,122,0,33554544,0x02000070,scenery,generic,00000113.pro,-1,,0
1715,,199476,0,1773,24538,138,122,0,83886092,0x0500000C,misc,,00000012.pro,-1,,0
1716,,199564,0,1774,24539,139,122,0,83886092,0x0500000C,misc,,00000012.pro,-1,,0
1717,,199652,0,1775,24540,140,122,0,83886092,0x0500000C,misc,,00000012.pro,-1,,0
1718,,199740,0,1776,24541,141,122,0,83886092,0x0500000C,misc,,00000012.pro,-1,,0
1719,,199828,0,1777,24549,149,122,0,33554537,0x02000069,scenery,generic,00000106.pro,-1,,0
1720,,199916,0,1778,24550,150,122,0,33554534,0x02000066,scenery,generic,00000103.pro,-1,,0
1721,,200004,0,1779,24551,151,122,0,33554535,0x02000067,scenery,generic,00000104.pro,-1,,0
1722,,200092,0,1780,24673,73,123,0,50332270,0x0300026E,wall,,00000622.pro,-1,,0
1723,,200180,0,1781,24675,75,123,0,50332270,0x0300026E,wall,,00000622.pro,-1,,0
1724,,200268,0,1782,24676,76,123,0,33554499,0x02000043,scenery,generic,00000068.pro,-1,,0
1725,,200356,0,1783,24676,76,123,0,33554554,0x0200007A,scenery,generic,00000123.pro,-1,,0
1726,,200444,0,1784,24677,77,123,0,50332270,0x0300026E,wall,,00000622.pro,-1,,0
1727,,200532,0,1785,24678,78,123,0,33554499,0x02000043,scenery,generic,00000068.pro,-1,,0
1728,,200620,0,1786,24678,78,123,0,33554553,0x02000079,scenery,generic,00000122.pro,-1,,0
1729,,200708,0,1787,24679,79,123,0,50332270,0x0300026E,wall,,00000622.pro,-1,,0
1730,,200796,0,1788,24681,81,123,0,33554499,0x02000043,scenery,generic,00000068.pro,-1,,0
1731,,200884,0,1789,24681,81,123,0,33554534,0x02000066,scenery,generic,00000103.pro,-1,,0
1732,,200972,0,1790,24683,83,123,0,33554439,0x02000007,scenery,generic,00000007.pro,-1,,0
1733,,201060,0,1791,24685,85,123,0,50332270,0x0300026E,wall,,00000622.pro,-1,,0
1734,,201148,0,1792,24685,85,123,0,33554535,0x02000067,scenery,generic,00000104.pro,-1,,0
1735,,201236,0,1793,24687,87,123,0,33554556,0x0200007C,scenery,generic,00000125.pro,-1,,0
1736,,201324,0,1794,24689,89,123,0,50332270,0x0300026E,wall,,00000622.pro,-1,,0
1737,,201412,0,1795,24689,89,123,0,33554537,0x02000069,scenery,generic,00000106.pro,-1,,0
1738,,201500,0,1796,24691,91,123,0,33554499,0x02000043,scenery,generic,00000068.pro,-1,,0
1739,,201588,0,1797,24691,91,123,0,83886092,0x0500000C,misc,,00000012.pro,-1,,0
1740,,201676,0,1798,24691,91,123,0,33554534,0x02000066,scenery,generic,00000103.pro,-1,,0
1741,,201764,0,1799,24693,93,123,0,33554554,0x0200007A,scenery,generic,00000123.pro,-1,,0
1742,,201852,0,1800,24699,99,123,0,50332270,0x0300026E,wall,,00000622.pro,-1,,0
1743,,201940,0,1801,24703,103,123,0,50331904,0x03000100,wall,,00000256.pro,-1,,0
1744,,202028,0,1802,24708,108,123,0,50331923,0x03000113,wall,,00000275.pro,-1,,0
1745,,202116,0,1803,24710,110,123,0,33554435,0x02000003,scenery,generic,00000003.pro,-1,,0
1746,,202204,0,1804,24714,114,123,0,50332270,0x0300026E,wall,,00000622.pro,-1,,0
1747,,202292,0,1805,24715,115,123,0,33554499,0x02000043,scenery,generic,00000068.pro,-1,,0
1748,,202380,0,1806,24716,116,123,0,33554537,0x02000069,scenery,generic,00000106.pro,-1,,0
1749,,202468,0,1807,24719,119,123,0,33554552,0x02000078,scenery,generic,00000121.pro,-1,,0
1750,,202556,0,1808,24722,122,123,0,33554556,0x0200007C,scenery,generic,00000125.pro,-1,,0
1751,,202644,0,1809,24723,123,123,0,33554499,0x02000043,scenery,generic,00000068.pro,-1,,0
1752,,202732,0,1810,24724,124,123,0,33554499,0x02000043,scenery,generic,00000068.pro,-1,,0
1753,,202820,0,1811,24724,124,123,0,33554535,0x02000067,scenery,generic,00000104.pro,-1,,0
1754,,202908,0,1812,24731,131,123,0,33554499,0x02000043,scenery,generic,00000068.pro,-1,,0
1755,,202996,0,1813,24736,136,123,0,83886092,0x0500000C,misc,,00000012.pro,-1,,0
1756,,203084,0,1814,24737,137,123,0,83886092,0x0500000C,misc,,00000012.pro,-1,,0
1757,,203172,0,1815,24738,138,123,0,83886092,0x0500000C,misc,,00000012.pro,-1,,0
1758,,203260,0,1816,24739,139,123,0,83886092,0x0500000C,misc,,00000012.pro,-1,,0
1759,,203348,0,1817,24877,77,124,0,33554558,0x0200007E,scenery,generic,00000127.pro,-1,,0
1760,,203436,0,1818,24879,79,124,0,33554559,0x0200007F,scenery,generic,00000128.pro,-1,,0
1761,,203524,0,1819,24891,91,124,0,83886092,0x0500000C,misc,,00000012.pro,-1,,0
1762,,203612,0,1820,24892,92,124,0,83886092,0x0500000C,misc,,00000012.pro,-1,,0
1763,,203700,0,1821,24899,99,124,0,50332270,0x0300026E,wall,,00000622.pro,-1,,0
1764,,203788,0,1822,24903,103,124,0,50331905,0x03000101,wall,,00000257.pro,-1,,0
1765,,203876,0,1823,24908,108,124,0,50331924,0x03000114,wall,,00000276.pro,-1,,0
1766,,203964,0,1824,24909,109,124,0,33554437,0x02000005,scenery,generic,00000005.pro,-1,,0
1767,,204052,0,1825,24915,115,124,0,33554499,0x02000043,scenery,generic,00000068.pro,-1,,0
1768,,204140,0,1826,24931,131,124,0,33554555,0x0200007B,scenery,generic,00000124.pro,-1,,0
1769,,204228,0,1827,24934,134,124,0,83886092,0x0500000C,misc,,00000012.pro,-1,,0
1770,,204316,0,1828,24935,135,124,0,83886092,0x0500000C,misc,,00000012.pro,-1,,0
1771,,204404,0,1829,24936,136,124,0,83886092,0x0500000C,misc,,00000012.pro,-1,,0
1772,,204492,0,1830,24937,137,124,0,83886092,0x0500000C,misc,,00000012.pro,-1,,0
1773,,204580,0,1831,24952,152,124,0,33554559,0x0200007F,scenery,generic,00000128.pro,-1,,0
1774,,204668,0,1832,25092,92,125,0,83886092,0x0500000C,misc,,00000012.pro,-1,,0
1775,,204756,0,1833,25099,99,125,0,50332270,0x0300026E,wall,,00000622.pro,-1,,0
1776,,204844,0,1834,25103,103,125,0,50331906,0x03000102,wall,,00000258.pro,-1,,0
1777,,204932,0,1835,25108,108,125,0,50331925,0x03000115,wall,,00000277.pro,-1,,0
1778,,205020,0,1836,25109,109,125,0,33554438,0x02000006,scenery,generic,00000006.pro,-1,,0
1779,,205108,0,1837,25115,115,125,0,50331929,0x03000119,wall,,00000281.pro,-1,,0
1780,,205196,0,1838,25132,132,125,0,83886092,0x0500000C,misc,,00000012.pro,-1,,0
1781,,205284,0,1839,25133,133,125,0,83886092,0x0500000C,misc,,00000012.pro,-1,,0
1782,,205372,0,1840,25134,134,125,0,83886092,0x0500000C,misc,,00000012.pro,-1,,0
1783,,205460,0,1841,25135,135,125,0,83886092,0x0500000C,misc,,00000012.pro,-1,,0
1784,,205548,0,1842,25293,93,126,0,83886092,0x0500000C,misc,,00000012.pro,-1,,0
1785,,205636,0,1843,25299,99,126,0,50332270,0x0300026E,wall,,00000622.pro,-1,,0
1786,,205724,0,1844,25303,103,126,0,50331907,0x03000103,wall,,00000259.pro,-1,,0
1787,,205812,0,1845,25308,108,126,0,50331926,0x03000116,wall,,00000278.pro,-1,,0
1788,,205900,0,1846,25310,110,126,0,50331935,0x0300011F,wall,,00000287.pro,-1,,0
1789,,205988,0,1847,25311,111,126,0,50331934,0x0300011E,wall,,00000286.pro,-1,,0
1790,,206076,0,1848,25312,112,126,0,50331933,0x0300011D,wall,,00000285.pro,-1,,0
1791,,206164,0,1849,25313,113,126,0,50331932,0x0300011C,wall,,00000284.pro,-1,,0
1792,,206252,0,1850,25314,114,126,0,50331931,0x0300011B,wall,,00000283.pro,-1,,0
1793,,206340,0,1851,25315,115,126,0,50331930,0x0300011A,wall,,00000282.pro,-1,,0
1794,,206428,0,1852,25316,116,126,0,33554534,0x02000066,scenery,generic,00000103.pro,-1,,0
1795,,206516,0,1853,25330,130,126,0,83886092,0x0500000C,misc,,00000012.pro,-1,,0
1796,,206604,0,1854,25331,131,126,0,83886092,0x0500000C,misc,,00000012.pro,-1,,0
1797,,206692,0,1855,25332,132,126,0,83886092,0x0500000C,misc,,00000012.pro,-1,,0
1798,,206780,0,1856,25333,133,126,0,83886092,0x0500000C,misc,,00000012.pro,-1,,0
1799,,206868,0,1857,25493,93,127,0,83886092,0x0500000C,misc,,00000012.pro,-1,,0
1800,,206956,0,1858,25494,94,127,0,83886092,0x0500000C,misc,,00000012.pro,-1,,0
1801,,207044,0,1859,25499,99,127,0,50332270,0x0300026E,wall,,00000622.pro,-1,,0
1802,,207132,0,1860,25503,103,127,0,50331908,0x03000104,wall,,00000260.pro,-1,,0
1803,,207220,0,1861,25508,108,127,0,50331927,0x03000117,wall,,00000279.pro,-1,,0
1804,,207308,0,1862,25510,110,127,0,33554499,0x02000043,scenery,generic,00000068.pro,-1,,0
1805,,207396,0,1863,25511,111,127,0,33554439,0x02000007,scenery,generic,00000007.pro,-1,,0
1806,,207484,0,1864,25512,112,127,0,33554539,0x0200006B,scenery,generic,00000108.pro,-1,,0
1807,,207572,0,1865,25513,113,127,0,50332270,0x0300026E,wall,,00000622.pro,-1,,0
1808,,207660,0,1866,25514,114,127,0,50332270,0x0300026E,wall,,00000622.pro,-1,,0
1809,,207748,0,1867,25515,115,127,0,33554499,0x02000043,scenery,generic,00000068.pro,-1,,0
1810,,207836,0,1868,25515,115,127,0,33554536,0x02000068,scenery,generic,00000105.pro,-1,,0
1811,,207924,0,1869,25516,116,127,0,33554776,0x02000158,scenery,generic,00000345.pro,-1,,0
1812,,208012,0,1870,25528,128,127,0,83886092,0x0500000C,misc,,00000012.pro,-1,,0
1813,,208100,0,1871,25529,129,127,0,83886092,0x0500000C,misc,,00000012.pro,-1,,0
1814,,208188,0,1872,25530,130,127,0,83886092,0x0500000C,misc,,00000012.pro,-1,,0
1815,,208276,0,1873,25531,131,127,0,83886092,0x0500000C,misc,,00000012.pro,-1,,0
1816,,208364,0,1874,25694,94,128,0,83886092,0x0500000C,misc,,00000012.pro,-1,,0
1817,,208452,0,1875,25699,99,128,0,50332270,0x0300026E,wall,,00000622.pro,-1,,0
1818,,208540,0,1876,25700,100,128,0,50331913,0x03000109,wall,,00000265.pro,-1,,0
1819,,208628,0,1877,25701,101,128,0,50331911,0x03000107,wall,,00000263.pro,-1,,0
1820,,208716,0,1878,25702,102,128,0,50331910,0x03000106,wall,,00000262.pro,-1,,0
1821,,208804,0,1879,25703,103,128,0,50331909,0x03000105,wall,,00000261.pro,-1,,0
1822,,208892,0,1880,25708,108,128,0,50331928,0x03000118,wall,,00000280.pro,-1,,0
1823,,208980,0,1881,25709,109,128,0,50332270,0x0300026E,wall,,00000622.pro,-1,,0
1824,,209068,0,1882,25709,109,128,0,33554559,0x0200007F,scenery,generic,00000128.pro,-1,,0
1825,,209156,0,1883,25711,111,128,0,33554534,0x02000066,scenery,generic,00000103.pro,-1,,0
1826,,209244,0,1884,25717,117,128,0,33554776,0x02000158,scenery,generic,00000345.pro,-1,,0
1827,,209332,0,1885,25726,126,128,0,83886092,0x0500000C,misc,,00000012.pro,-1,,0
1828,,209420,0,1886,25727,127,128,0,83886092,0x0500000C,misc,,00000012.pro,-1,,0
1829,,209508,0,1887,25728,128,128,0,83886092,0x0500000C,misc,,00000012.pro,-1,,0
1830,,209596,0,1888,25729,129,128,0,83886092,0x0500000C,misc,,00000012.pro,-1,,0
1831,,209684,0,1889,25895,95,129,0,83886092,0x0500000C,misc,,00000012.pro,-1,,0
1832,,209772,0,1890,25899,99,129,0,50331915,0x0300010B,wall,,00000267.pro,-1,,0
1833,,209860,0,1891,25900,100,129,0,50331914,0x0300010A,wall,,00000266.pro,-1,,0
1834,,209948,0,1892,25901,101,129,0,50331912,0x03000108,wall,,00000264.pro,-1,,0
1835,,210036,0,1893,25902,102,129,0,33554499,0x02000043,scenery,generic,00000068.pro,-1,,0
1836,,210124,0,1894,25902,102,129,0,33554534,0x02000066,scenery,generic,00000103.pro,-1,,0
1837,,210212,0,1895,25903,103,129,0,33554557,0x0200007D,scenery,generic,00000126.pro,-1,,0
1838,,210300,0,1896,25903,103,129,2,16777218,0x01000002,critter,,00000002.pro,67108869,Skizzer.int,3
1838/inventory/0,1,210432,0,1897,0,0,0,0,9,0x00000009,item,weapon,00000002.pro,-1,,0
1838/inventory/1,1,210532,0,1898,0,0,0,0,29,0x0000001D,item,ammo,00000029.pro,-1,,0
1838/inventory/2,1,210628,0,1899,0,0,0,0,1,0x00000001,item,armor,00000003.pro,-1,,0
1839,,210716,0,1900,25906,106,129,0,33554573,0x0200008D,scenery,generic,00000142.pro,-1,,0
1840,,210804,0,1901,25908,108,129,2,16777218,0x01000002,critter,,00000002.pro,67108868,Rock.int,3
1840/inventory/0,1,210936,0,1902,0,0,0,0,9,0x00000009,item,weapon,00000002.pro,-1,,0
1840/inventory/1,1,211036,0,1903,0,0,0,0,29,0x0000001D,item,ammo,00000029.pro,-1,,0
1840/inventory/2,1,211132,0,1904,0,0,0,0,1,0x00000001,item,armor,00000003.pro,-1,,0
1841,,211220,0,1905,25917,117,129,0,33554776,0x02000158,scenery,generic,00000345.pro,-1,,0
1842,,211308,0,1906,25918,118,129,0,33554776,0x02000158,scenery,generic,00000345.pro,-1,,0
1843,,211396,0,1907,25924,124,129,0,83886092,0x0500000C,misc,,00000012.pro,-1,,0
1844,,211484,0,1908,25925,125,129,0,83886092,0x0500000C,misc,,00000012.pro,-1,,0
1845,,211572,0,1909,25926,126,129,0,83886092,0x0500000C,misc,,00000012.pro,-1,,0
1846,,211660,0,1910,25927,127,129,0,83886092,0x0500000C,misc,,00000012.pro,-1,,0
1847,,211748,0,1911,26095,95,130,0,83886092,0x0500000C,misc,,00000012.pro,-1,,0
1848,,211836,0,1912,26096,96,130,0,83886092,0x0500000C,misc,,00000012.pro,-1,,0
1849,,211924,0,1913,26098,98,130,0,33554776,0x02000158,scenery,generic,00000345.pro,-1,,0
1850,,212012,0,1914,26099,99,130,0,33554540,0x0200006C,scenery,generic,00000109.pro,-1,,0
1851,,212100,0,1915,26100,100,130,0,33554499,0x02000043,scenery,generic,00000068.pro,-1,,0
1852,,212188,0,1916,26101,101,130,0,33554499,0x02000043,scenery,generic,00000068.pro,-1,,0
1853,,212276,0,1917,26118,118,130,0,33554776,0x02000158,scenery,generic,00000345.pro,-1,,0
1854,,212364,0,1918,26122,122,130,0,83886092,0x0500000C,misc,,00000012.pro,-1,,0
1855,,212452,0,1919,26123,123,130,0,83886092,0x0500000C,misc,,00000012.pro,-1,,0
1856,,212540,0,1920,26124,124,130,0,83886092,0x0500000C,misc,,00000012.pro,-1,,0
1857,,212628,0,1921,26125,125,130,0,83886092,0x0500000C,misc,,00000012.pro,-1,,0
1858,,212716,0,1922,26296,96,131,0,83886092,0x0500000C,misc,,00000012.pro,-1,,0
1859,,212804,0,1923,26297,97,131,0,33554776,0x02000158,scenery,generic,00000345.pro,-1,,0
1860,,212892,0,1924,26319,119,131,0,33554776,0x02000158,scenery,generic,00000345.pro,-1,,0
1861,,212980,0,1925,26320,120,131,0,83886092,0x0500000C,misc,,00000012.pro,-1,,0
1862,,213068,0,1926,26321,121,131,0,83886092,0x0500000C,misc,,00000012.pro,-1,,0
1863,,213156,0,1927,26322,122,131,0,83886092,0x0500000C,misc,,00000012.pro,-1,,0
1864,,213244,0,1928,26323,123,131,0,83886092,0x0500000C,misc,,00000012.pro,-1,,0
1865,,213332,0,1929,26497,97,132,0,83886092,0x0500000C,misc,,00000012.pro,-1,,0
1866,,213420,0,1930,26497,97,132,0,33554776,0x02000158,scenery,generic,00000345.pro,-1,,0
1867,,213508,0,1931,26518,118,132,0,83886092,0x0500000C,misc,,00000012.pro,-1,,0
1868,,213596,0,1932,26518,118,132,0,33554776,0x02000158,scenery,generic,00000345.pro,-1,,0
1869,,213684,0,1933,26519,119,132,0,83886092,0x0500000C,misc,,00000012.pro,-1,,0
1870,,213772,0,1934,26519,119,132,0,33554776,0x02000158,scenery,generic,00000345.pro,-1,,0
1871,,213860,0,1935,26520,120,132,0,83886092,0x0500000C,misc,,00000012.pro,-1,,0
1872,,213948,0,1936,26521,121,132,0,83886092,0x0500000C,misc,,00000012.pro,-1,,0
1873,,214036,0,1937,26697,97,133,0,83886092,0x0500000C,misc,,00000012.pro,-1,,0
1874,,214124,0,1938,26697,97,133,0,33554776,0x02000158,scenery,generic,00000345.pro,-1,,0
1875,,214212,0,1939,26698,98,133,0,83886092,0x0500000C,misc,,00000012.pro,-1,,0
1876,,214300,0,1940,26698,98,133,0,33554776,0x02000158,scenery,generic,00000345.pro,-1,,0
1877,,214388,0,1941,26716,116,133,0,83886092,0x0500000C,misc,,00000012.pro,-1,,0
1878,,214476,0,1942,26716,116,133,0,33554776,0x02000158,scenery,generic,00000345.pro,-1,,0
1879,,214564,0,1943,26717,117,133,0,83886092,0x0500000C,misc,,00000012.pro,-1,,0
1880,,214652,0,1944,26717,117,133,0,33554776,0x02000158,scenery,generic,00000345.pro,-1,,0
1881,,214740,0,1945,26718,118,133,0,83886092,0x0500000C,misc,,00000012.pro,-1,,0
1882,,214828,0,1946,26719,119,133,0,83886092,0x0500000C,misc,,00000012.pro,-1,,0
1883,,214916,0,1947,26898,98,134,0,83886092,0x0500000C,misc,,00000012.pro,-1,,0
1884,,215004,0,1948,26898,98,134,0,33554776,0x02000158,scenery,generic,00000345.pro,-1,,0
1885,,215092,0,1949,26914,114,134,0,83886092,0x0500000C,misc,,00000012.pro,-1,,0
1886,,215180,0,1950,26914,114,134,0,33554776,0x02000158,scenery,generic,00000345.pro,-1,,0
1887,,215268,0,1951,26915,115,134,0,83886092,0x0500000C,misc,,00000012.pro,-1,,0
1888,,215356,0,1952,26915,115,134,0,33554776,0x02000158,scenery,generic,00000345.pro,-1,,0
1889,,215444,0,1953,26916,116,134,0,83886092,0x0500000C,misc,,00000012.pro,-1,,0
1890,,215532,0,1954,26917,117,134,0,83886092,0x0500000C,misc,,00000012.pro,-1,,0
1891,,215620,0,1955,27099,99,135,0,83886092,0x0500000C,misc,,00000012.pro,-1,,0
1892,,215708,0,1956,27099,99,135,0,33554776,0x02000158,scenery,generic,00000345.pro,-1,,0
1893,,215796,0,1957,27112,112,135,0,83886092,0x0500000C,misc,,00000012.pro,-1,,0
1894,,215884,0,1958,27112,112,135,0,33554776,0x02000158,scenery,generic,00000345.pro,-1,,0
1895,,215972,0,1959,27113,113,135,0,83886092,0x0500000C,misc,,00000012.pro,-1,,0
1896,,216060,0,1960,27113,113,135,0,33554776,0x02000158,scenery,generic,00000345.pro,-1,,0
1897,,216148,0,1961,27114,114,135,0,83886092,0x0500000C,misc,,00000012.pro,-1,,0
1898,,216236,0,1962,27115,115,135,0,83886092,0x0500000C,misc,,00000012.pro,-1,,0
1899,,216324,0,1963,27299,99,136,0,83886092,0x0500000C,misc,,00000012.pro,-1,,0
1900,,216412,0,1964,27299,99,136,0,33554776,0x02000158,scenery,generic,00000345.pro,-1,,0
1901,,216500,0,1965,27300,100,136,0,83886092,0x0500000C,misc,,00000012.pro,-1,,0
1902,,216588,0,1966,27300,100,136,0,33554776,0x02000158,scenery,generic,00000345.pro,-1,,0
1903,,216676,0,1967,27310,110,136,0,83886092,0x0500000C,misc,,00000012.pro,-1,,0
1904,,216764,0,1968,27310,110,136,0,33554776,0x02000158,scenery,generic,00000345.pro,-1,,0
1905,,216852,0,1969,27311,111,136,0,83886092,0x0500000C,misc,,00000012.pro,-1,,0
1906,,216940,0,1970,27311,111,136,0,33554776,0x02000158,scenery,generic,00000345.pro,-1,,0
1907,,217028,0,1971,27312,112,136,0,83886092,0x0500000C,misc,,00000012.pro,-1,,0
1908,,217116,0,1972,27313,113,136,0,83886092,0x0500000C,misc,,00000012.pro,-1,,0
1909,,217204,0,1973,27323,123,136,0,33554557,0x0200007D,scenery,generic,00000126.pro,-1,,0
1910,,217292,0,1974,27500,100,137,0,83886092,0x0500000C,misc,,00000012.pro,-1,,0
1911,,217380,0,1975,27500,100,137,0,33554776,0x02000158,scenery,generic,00000345.pro,-1,,0
1912,,217468,0,1976,27508,108,137,0,83886092,0x0500000C,misc,,00000012.pro,-1,,0
1913,,217556,0,1977,27508,108,137,0,33554776,0x02000158,scenery,generic,00000345.pro,-1,,0
1914,,217644,0,1978,27509,109,137,0,83886092,0x0500000C,misc,,00000012.pro,-1,,0
1915,,217732,0,1979,27509,109,137,0,33554776,0x02000158,scenery,generic,00000345.pro,-1,,0
1916,,217820,0,1980,27510,110,137,0,83886092,0x0500000C,misc,,00000012.pro,-1,,0
1917,,217908,0,1981,27511,111,137,0,83886092,0x0500000C,misc,,00000012.pro,-1,,0
1918,,217996,0,1982,27701,101,138,0,83886092,0x0500000C,misc,,00000012.pro,-1,,0
1919,,218084,0,1983,27701,101,138,0,33554776,0x02000158,scenery,generic,00000345.pro,-1,,0
1920,,218172,0,1984,27706,106,138,0,83886092,0x0500000C,misc,,00000012.pro,-1,,0
1921,,218260,0,1985,27706,106,138,0,33554776,0x02000158,scenery,generic,00000345.pro,-1,,0
1922,,218348,0,1986,27707,107,138,0,83886092,0x0500000C,misc,,00000012.pro,-1,,0
1923,,218436,0,1987,27707,107,138,0,33554776,0x02000158,scenery,generic,00000345.pro,-1,,0
1924,,218524,0,1988,27708,108,138,0,83886092,0x0500000C,misc,,00000012.pro,-1,,0
1925,,218612,0,1989,27709,109,138,0,83886092,0x0500000C,misc,,00000012.pro,-1,,0
1926,,218700,0,1990,27901,101,139,0,83886092,0x0500000C,misc,,00000012.pro,-1,,0
1927,,218788,0,1991,27901,101,139,0,33554776,0x02000158,scenery,generic,00000345.pro,-1,,0
1928,,218876,0,1992,27902,102,139,0,83886092,0x0500000C,misc,,00000012.pro,-1,,0
1929,,218964,0,1993,27902,102,139,0,33554776,0x02000158,scenery,generic,00000345.pro,-1,,0
1930,,219052,0,1994,27904,104,139,0,83886092,0x0500000C,misc,,00000012.pro,-1,,0
1931,,219140,0,1995,27904,104,139,0,33554776,0x02000158,scenery,generic,00000345.pro,-1,,0
1932,,219228,0,1996,27905,105,139,0,83886092,0x0500000C,misc,,00000012.pro,-1,,0
1933,,219316,0,1997,27905,105,139,0,33554776,0x02000158,scenery,generic,00000345.pro,-1,,0
1934,,219404,0,1998,27906,106,139,0,83886092,0x0500000C,misc,,00000012.pro,-1,,0
1935,,219492,0,1999,27907,107,139,0,83886092,0x0500000C,misc,,00000012.pro,-1,,0
1936,,219580,0,2000,28102,102,140,0,83886092,0x0500000C,misc,,00000012.pro,-1,,0
1937,,219668,0,2001,28102,102,140,0,33554776,0x02000158,scenery,generic,00000345.pro,-1,,0
1938,,219756,0,2002,28103,103,140,0,83886092,0x0500000C,misc,,00000012.pro,-1,,0
1939,,219844,0,2003,28103,103,140,0,33554537,0x02000069,scenery,generic,00000106.pro,-1,,0
1940,,219932,0,2004,28104,104,140,0,83886092,0x0500000C,misc,,00000012.pro,-1,,0
1941,,220020,0,2005,28105,105,140,0,83886092,0x0500000C,misc,,00000012.pro,-1,,0
1942,,220108,0,2006,28303,103,141,0,83886092,0x0500000C,misc,,00000012.pro,-1,,0
1943,,220196,0,2007,28704,104,143,0,33554558,0x0200007E,scenery,generic,00000127.pro,-1,,0
1944,,220284,0,2008,28704,104,143,0,33554534,0x02000066,scenery,generic,00000103.pro,-1,,0
