index,chunk_index,file_offset,payload_offset,payload_size,opcode,opcode_name,version
0,0,30,34,6,0x0A,init_video_mode,0
1,0,40,44,8,0x05,init_video_buffers,2
2,0,52,56,766,0x0C,set_palette,0
3,0,822,826,4,0x15,documented_unknown_15,0
4,0,830,834,0,0x01,end_of_chunk,0
5,1,838,842,10,0x03,init_audio_buffers,1
6,1,852,856,0,0x01,end_of_chunk,0
7,2,860,864,2932,0x08,audio_frame,0
8,2,3796,3800,6,0x09,silence_frame,0
9,2,3806,3810,0,0x01,end_of_chunk,0
10,3,3814,3818,2952,0x08,audio_frame,0
11,3,6770,6774,6,0x09,silence_frame,0
12,3,6780,6784,0,0x01,end_of_chunk,0
13,4,6788,6792,2952,0x08,audio_frame,0
14,4,9744,9748,6,0x09,silence_frame,0
15,4,9754,9758,0,0x01,end_of_chunk,0
16,5,9762,9766,2952,0x08,audio_frame,0
17,5,12718,12722,6,0x09,silence_frame,0
18,5,12728,12732,0,0x01,end_of_chunk,0
19,6,12736,12740,2952,0x08,audio_frame,0
20,6,15692,15696,6,0x09,silence_frame,0
21,6,15702,15706,0,0x01,end_of_chunk,0
22,7,15710,15714,2952,0x08,audio_frame,0
23,7,18666,18670,6,0x09,silence_frame,0
24,7,18676,18680,0,0x01,end_of_chunk,0
25,8,18684,18688,2952,0x08,audio_frame,0
26,8,21640,21644,6,0x09,silence_frame,0
27,8,21650,21654,0,0x01,end_of_chunk,0
28,9,21658,21662,2952,0x08,audio_frame,0
29,9,24614,24618,6,0x09,silence_frame,0
30,9,24624,24628,0,0x01,end_of_chunk,0
31,10,24632,24636,2952,0x08,audio_frame,0
32,10,27588,27592,6,0x09,silence_frame,0
33,10,27598,27602,0,0x01,end_of_chunk,0
34,11,27606,27610,2952,0x08,audio_frame,0
35,11,30562,30566,6,0x09,silence_frame,0
36,11,30572,30576,0,0x01,end_of_chunk,0
37,12,30580,30584,2952,0x08,audio_frame,0
38,12,33536,33540,6,0x09,silence_frame,0
39,12,33546,33550,0,0x01,end_of_chunk,0
40,13,33554,33558,2952,0x08,audio_frame,0
41,13,36510,36514,6,0x09,silence_frame,0
42,13,36520,36524,0,0x01,end_of_chunk,0
43,14,36528,36532,2952,0x08,audio_frame,0
44,14,39484,39488,6,0x09,silence_frame,0
45,14,39494,39498,0,0x01,end_of_chunk,0
46,15,39502,39506,2952,0x08,audio_frame,0
47,15,42458,42462,6,0x09,silence_frame,0
48,15,42468,42472,0,0x01,end_of_chunk,0
49,16,42476,42480,6,0x02,create_timer,0
50,16,42486,42490,1080,0x0F,set_decoding_map,0
51,16,43570,43574,2952,0x08,audio_frame,0
52,16,46526,46530,6,0x09,silence_frame,0
53,16,46536,46540,44388,0x11,video_data_11,3
54,16,90928,90932,132,0x13,documented_unknown_13,0
55,16,91064,91068,0,0x04,start_stop_audio,0
56,16,91068,91072,6,0x07,send_buffer,1
57,16,91078,91082,0,0x01,end_of_chunk,0
58,17,91086,91090,1080,0x0F,set_decoding_map,0
59,17,92170,92174,2932,0x08,audio_frame,0
60,17,95106,95110,6,0x09,silence_frame,0
61,17,95116,95120,14044,0x11,video_data_11,3
62,17,109164,109168,132,0x13,documented_unknown_13,0
63,17,109300,109304,0,0x04,start_stop_audio,0
64,17,109304,109308,6,0x07,send_buffer,1
65,17,109314,109318,0,0x01,end_of_chunk,0
66,18,109322,109326,1080,0x0F,set_decoding_map,0
67,18,110406,110410,2952,0x08,audio_frame,0
68,18,113362,113366,6,0x09,silence_frame,0
69,18,113372,113376,14030,0x11,video_data_11,3
70,18,127406,127410,132,0x13,documented_unknown_13,0
71,18,127542,127546,0,0x04,start_stop_audio,0
72,18,127546,127550,6,0x07,send_buffer,1
73,18,127556,127560,0,0x01,end_of_chunk,0
74,19,127564,127568,1080,0x0F,set_decoding_map,0
75,19,128648,128652,2952,0x08,audio_frame,0
76,19,131604,131608,6,0x09,silence_frame,0
77,19,131614,131618,14044,0x11,video_data_11,3
78,19,145662,145666,132,0x13,documented_unknown_13,0
79,19,145798,145802,0,0x04,start_stop_audio,0
80,19,145802,145806,6,0x07,send_buffer,1
81,19,145812,145816,0,0x01,end_of_chunk,0
82,20,145820,145824,1080,0x0F,set_decoding_map,0
83,20,146904,146908,2952,0x08,audio_frame,0
84,20,149860,149864,6,0x09,silence_frame,0
85,20,149870,149874,14024,0x11,video_data_11,3
86,20,163898,163902,132,0x13,documented_unknown_13,0
87,20,164034,164038,0,0x04,start_stop_audio,0
88,20,164038,164042,6,0x07,send_buffer,1
89,20,164048,164052,0,0x01,end_of_chunk,0
90,21,164056,164060,1080,0x0F,set_decoding_map,0
91,21,165140,165144,2952,0x08,audio_frame,0
92,21,168096,168100,6,0x09,silence_frame,0
93,21,168106,168110,14078,0x11,video_data_11,3
94,21,182188,182192,132,0x13,documented_unknown_13,0
95,21,182324,182328,0,0x04,start_stop_audio,0
96,21,182328,182332,6,0x07,send_buffer,1
97,21,182338,182342,0,0x01,end_of_chunk,0
98,22,182346,182350,1080,0x0F,set_decoding_map,0
99,22,183430,183434,2952,0x08,audio_frame,0
100,22,186386,186390,6,0x09,silence_frame,0
101,22,186396,186400,14054,0x11,video_data_11,3
102,22,200454,200458,132,0x13,documented_unknown_13,0
103,22,200590,200594,0,0x04,start_stop_audio,0
104,22,200594,200598,6,0x07,send_buffer,1
105,22,200604,200608,0,0x01,end_of_chunk,0
106,23,200612,200616,1080,0x0F,set_decoding_map,0
107,23,201696,201700,2952,0x08,audio_frame,0
108,23,204652,204656,6,0x09,silence_frame,0
109,23,204662,204666,14076,0x11,video_data_11,3
110,23,218742,218746,132,0x13,documented_unknown_13,0
111,23,218878,218882,0,0x04,start_stop_audio,0
112,23,218882,218886,6,0x07,send_buffer,1
113,23,218892,218896,0,0x01,end_of_chunk,0
114,24,218900,218904,1080,0x0F,set_decoding_map,0
115,24,219984,219988,2952,0x08,audio_frame,0
116,24,222940,222944,6,0x09,silence_frame,0
117,24,222950,222954,14038,0x11,video_data_11,3
118,24,236992,236996,132,0x13,documented_unknown_13,0
119,24,237128,237132,0,0x04,start_stop_audio,0
120,24,237132,237136,6,0x07,send_buffer,1
121,24,237142,237146,0,0x01,end_of_chunk,0
122,25,237150,237154,1080,0x0F,set_decoding_map,0
123,25,238234,238238,2952,0x08,audio_frame,0
124,25,241190,241194,6,0x09,silence_frame,0
125,25,241200,241204,14026,0x11,video_data_11,3
126,25,255230,255234,132,0x13,documented_unknown_13,0
127,25,255366,255370,0,0x04,start_stop_audio,0
128,25,255370,255374,6,0x07,send_buffer,1
129,25,255380,255384,0,0x01,end_of_chunk,0
130,26,255388,255392,1080,0x0F,set_decoding_map,0
131,26,256472,256476,2952,0x08,audio_frame,0
132,26,259428,259432,6,0x09,silence_frame,0
133,26,259438,259442,14032,0x11,video_data_11,3
134,26,273474,273478,132,0x13,documented_unknown_13,0
135,26,273610,273614,0,0x04,start_stop_audio,0
136,26,273614,273618,6,0x07,send_buffer,1
137,26,273624,273628,0,0x01,end_of_chunk,0
138,27,273632,273636,1080,0x0F,set_decoding_map,0
139,27,274716,274720,2952,0x08,audio_frame,0
140,27,277672,277676,6,0x09,silence_frame,0
141,27,277682,277686,14022,0x11,video_data_11,3
142,27,291708,291712,132,0x13,documented_unknown_13,0
143,27,291844,291848,0,0x04,start_stop_audio,0
144,27,291848,291852,6,0x07,send_buffer,1
145,27,291858,291862,0,0x01,end_of_chunk,0
146,28,291866,291870,1080,0x0F,set_decoding_map,0
147,28,292950,292954,2952,0x08,audio_frame,0
148,28,295906,295910,6,0x09,silence_frame,0
149,28,295916,295920,14040,0x11,video_data_11,3
150,28,309960,309964,132,0x13,documented_unknown_13,0
151,28,310096,310100,0,0x04,start_stop_audio,0
152,28,310100,310104,6,0x07,send_buffer,1
153,28,310110,310114,0,0x01,end_of_chunk,0
154,29,310118,310122,1080,0x0F,set_decoding_map,0
155,29,311202,311206,2952,0x08,audio_frame,0
156,29,314158,314162,6,0x09,silence_frame,0
157,29,314168,314172,14084,0x11,video_data_11,3
158,29,328256,328260,132,0x13,documented_unknown_13,0
159,29,328392,328396,0,0x04,start_stop_audio,0
160,29,328396,328400,6,0x07,send_buffer,1
161,29,328406,328410,0,0x01,end_of_chunk,0
162,30,328414,328418,1080,0x0F,set_decoding_map,0
163,30,329498,329502,2952,0x08,audio_frame,0
164,30,332454,332458,6,0x09,silence_frame,0
165,30,332464,332468,14058,0x11,video_data_11,3
166,30,346526,346530,132,0x13,documented_unknown_13,0
167,30,346662,346666,0,0x04,start_stop_audio,0
168,30,346666,346670,6,0x07,send_buffer,1
169,30,346676,346680,0,0x01,end_of_chunk,0
170,31,346684,346688,1080,0x0F,set_decoding_map,0
171,31,347768,347772,2952,0x08,audio_frame,0
172,31,350724,350728,6,0x09,silence_frame,0
173,31,350734,350738,14082,0x11,video_data_11,3
174,31,364820,364824,132,0x13,documented_unknown_13,0
175,31,364956,364960,0,0x04,start_stop_audio,0
176,31,364960,364964,6,0x07,send_buffer,1
177,31,364970,364974,0,0x01,end_of_chunk,0
178,32,364978,364982,1080,0x0F,set_decoding_map,0
179,32,366062,366066,2932,0x08,audio_frame,0
180,32,368998,369002,6,0x09,silence_frame,0
181,32,369008,369012,14060,0x11,video_data_11,3
182,32,383072,383076,132,0x13,documented_unknown_13,0
183,32,383208,383212,0,0x04,start_stop_audio,0
184,32,383212,383216,6,0x07,send_buffer,1
185,32,383222,383226,0,0x01,end_of_chunk,0
186,33,383230,383234,1080,0x0F,set_decoding_map,0
187,33,384314,384318,2952,0x08,audio_frame,0
188,33,387270,387274,6,0x09,silence_frame,0
189,33,387280,387284,14078,0x11,video_data_11,3
190,33,401362,401366,132,0x13,documented_unknown_13,0
191,33,401498,401502,0,0x04,start_stop_audio,0
192,33,401502,401506,6,0x07,send_buffer,1
193,33,401512,401516,0,0x01,end_of_chunk,0
194,34,401520,401524,1080,0x0F,set_decoding_map,0
195,34,402604,402608,2952,0x08,audio_frame,0
196,34,405560,405564,6,0x09,silence_frame,0
197,34,405570,405574,14072,0x11,video_data_11,3
198,34,419646,419650,132,0x13,documented_unknown_13,0
199,34,419782,419786,0,0x04,start_stop_audio,0
200,34,419786,419790,6,0x07,send_buffer,1
201,34,419796,419800,0,0x01,end_of_chunk,0
202,35,419804,419808,1080,0x0F,set_decoding_map,0
203,35,420888,420892,2952,0x08,audio_frame,0
204,35,423844,423848,6,0x09,silence_frame,0
205,35,423854,423858,14058,0x11,video_data_11,3
206,35,437916,437920,132,0x13,documented_unknown_13,0
207,35,438052,438056,0,0x04,start_stop_audio,0
208,35,438056,438060,6,0x07,send_buffer,1
209,35,438066,438070,0,0x01,end_of_chunk,0
210,36,438074,438078,1080,0x0F,set_decoding_map,0
211,36,439158,439162,2952,0x08,audio_frame,0
212,36,442114,442118,6,0x09,silence_frame,0
213,36,442124,442128,14052,0x11,video_data_11,3
214,36,456180,456184,132,0x13,documented_unknown_13,0
215,36,456316,456320,0,0x04,start_stop_audio,0
216,36,456320,456324,6,0x07,send_buffer,1
217,36,456330,456334,0,0x01,end_of_chunk,0
218,37,456338,456342,1080,0x0F,set_decoding_map,0
219,37,457422,457426,2952,0x08,audio_frame,0
220,37,460378,460382,6,0x09,silence_frame,0
221,37,460388,460392,14064,0x11,video_data_11,3
222,37,474456,474460,132,0x13,documented_unknown_13,0
223,37,474592,474596,0,0x04,start_stop_audio,0
224,37,474596,474600,6,0x07,send_buffer,1
225,37,474606,474610,0,0x01,end_of_chunk,0
226,38,474614,474618,1080,0x0F,set_decoding_map,0
227,38,475698,475702,2952,0x08,audio_frame,0
228,38,478654,478658,6,0x09,silence_frame,0
229,38,478664,478668,14034,0x11,video_data_11,3
230,38,492702,492706,132,0x13,documented_unknown_13,0
231,38,492838,492842,0,0x04,start_stop_audio,0
232,38,492842,492846,6,0x07,send_buffer,1
233,38,492852,492856,0,0x01,end_of_chunk,0
234,39,492860,492864,1080,0x0F,set_decoding_map,0
235,39,493944,493948,2952,0x08,audio_frame,0
236,39,496900,496904,6,0x09,silence_frame,0
237,39,496910,496914,14062,0x11,video_data_11,3
238,39,510976,510980,132,0x13,documented_unknown_13,0
239,39,511112,511116,0,0x04,start_stop_audio,0
240,39,511116,511120,6,0x07,send_buffer,1
241,39,511126,511130,0,0x01,end_of_chunk,0
242,40,511134,511138,1080,0x0F,set_decoding_map,0
243,40,512218,512222,2952,0x08,audio_frame,0
244,40,515174,515178,6,0x09,silence_frame,0
245,40,515184,515188,14050,0x11,video_data_11,3
246,40,529238,529242,132,0x13,documented_unknown_13,0
247,40,529374,529378,0,0x04,start_stop_audio,0
248,40,529378,529382,6,0x07,send_buffer,1
249,40,529388,529392,0,0x01,end_of_chunk,0
250,41,529396,529400,1080,0x0F,set_decoding_map,0
251,41,530480,530484,2952,0x08,audio_frame,0
252,41,533436,533440,6,0x09,silence_frame,0
253,41,533446,533450,14026,0x11,video_data_11,3
254,41,547476,547480,132,0x13,documented_unknown_13,0
255,41,547612,547616,0,0x04,start_stop_audio,0
256,41,547616,547620,6,0x07,send_buffer,1
257,41,547626,547630,0,0x01,end_of_chunk,0
258,42,547634,547638,1080,0x0F,set_decoding_map,0
259,42,548718,548722,2952,0x08,audio_frame,0
260,42,551674,551678,6,0x09,silence_frame,0
261,42,551684,551688,14024,0x11,video_data_11,3
262,42,565712,565716,132,0x13,documented_unknown_13,0
263,42,565848,565852,0,0x04,start_stop_audio,0
264,42,565852,565856,6,0x07,send_buffer,1
265,42,565862,565866,0,0x01,end_of_chunk,0
266,43,565870,565874,1080,0x0F,set_decoding_map,0
267,43,566954,566958,2952,0x08,audio_frame,0
268,43,569910,569914,6,0x09,silence_frame,0
269,43,569920,569924,14072,0x11,video_data_11,3
270,43,583996,584000,132,0x13,documented_unknown_13,0
271,43,584132,584136,0,0x04,start_stop_audio,0
272,43,584136,584140,6,0x07,send_buffer,1
273,43,584146,584150,0,0x01,end_of_chunk,0
274,44,584154,584158,1080,0x0F,set_decoding_map,0
275,44,585238,585242,2952,0x08,audio_frame,0
276,44,588194,588198,6,0x09,silence_frame,0
277,44,588204,588208,14080,0x11,video_data_11,3
278,44,602288,602292,132,0x13,documented_unknown_13,0
279,44,602424,602428,0,0x04,start_stop_audio,0
280,44,602428,602432,6,0x07,send_buffer,1
281,44,602438,602442,0,0x01,end_of_chunk,0
282,45,602446,602450,1080,0x0F,set_decoding_map,0
283,45,603530,603534,2952,0x08,audio_frame,0
284,45,606486,606490,6,0x09,silence_frame,0
285,45,606496,606500,14070,0x11,video_data_11,3
286,45,620570,620574,132,0x13,documented_unknown_13,0
287,45,620706,620710,0,0x04,start_stop_audio,0
288,45,620710,620714,6,0x07,send_buffer,1
289,45,620720,620724,0,0x01,end_of_chunk,0
290,46,620728,620732,1080,0x0F,set_decoding_map,0
291,46,621812,621816,2952,0x08,audio_frame,0
292,46,624768,624772,6,0x09,silence_frame,0
293,46,624778,624782,14048,0x11,video_data_11,3
294,46,638830,638834,132,0x13,documented_unknown_13,0
295,46,638966,638970,0,0x04,start_stop_audio,0
296,46,638970,638974,6,0x07,send_buffer,1
297,46,638980,638984,0,0x01,end_of_chunk,0
298,47,638988,638992,1080,0x0F,set_decoding_map,0
299,47,640072,640076,2932,0x08,audio_frame,0
300,47,643008,643012,6,0x09,silence_frame,0
301,47,643018,643022,14028,0x11,video_data_11,3
302,47,657050,657054,132,0x13,documented_unknown_13,0
303,47,657186,657190,0,0x04,start_stop_audio,0
304,47,657190,657194,6,0x07,send_buffer,1
305,47,657200,657204,0,0x01,end_of_chunk,0
306,48,657208,657212,1080,0x0F,set_decoding_map,0
307,48,658292,658296,2952,0x08,audio_frame,0
308,48,661248,661252,6,0x09,silence_frame,0
309,48,661258,661262,14026,0x11,video_data_11,3
310,48,675288,675292,132,0x13,documented_unknown_13,0
311,48,675424,675428,0,0x04,start_stop_audio,0
312,48,675428,675432,6,0x07,send_buffer,1
313,48,675438,675442,0,0x01,end_of_chunk,0
314,49,675446,675450,1080,0x0F,set_decoding_map,0
315,49,676530,676534,2952,0x08,audio_frame,0
316,49,679486,679490,6,0x09,silence_frame,0
317,49,679496,679500,14032,0x11,video_data_11,3
318,49,693532,693536,132,0x13,documented_unknown_13,0
319,49,693668,693672,0,0x04,start_stop_audio,0
320,49,693672,693676,6,0x07,send_buffer,1
321,49,693682,693686,0,0x01,end_of_chunk,0
322,50,693690,693694,1080,0x0F,set_decoding_map,0
323,50,694774,694778,2952,0x08,audio_frame,0
324,50,697730,697734,6,0x09,silence_frame,0
325,50,697740,697744,14042,0x11,video_data_11,3
326,50,711786,711790,132,0x13,documented_unknown_13,0
327,50,711922,711926,0,0x04,start_stop_audio,0
328,50,711926,711930,6,0x07,send_buffer,1
329,50,711936,711940,0,0x01,end_of_chunk,0
330,51,711944,711948,1080,0x0F,set_decoding_map,0
331,51,713028,713032,2952,0x08,audio_frame,0
332,51,715984,715988,6,0x09,silence_frame,0
333,51,715994,715998,14082,0x11,video_data_11,3
334,51,730080,730084,132,0x13,documented_unknown_13,0
335,51,730216,730220,0,0x04,start_stop_audio,0
336,51,730220,730224,6,0x07,send_buffer,1
337,51,730230,730234,0,0x01,end_of_chunk,0
338,52,730238,730242,1080,0x0F,set_decoding_map,0
339,52,731322,731326,2952,0x08,audio_frame,0
340,52,734278,734282,6,0x09,silence_frame,0
341,52,734288,734292,14070,0x11,video_data_11,3
342,52,748362,748366,132,0x13,documented_unknown_13,0
343,52,748498,748502,0,0x04,start_stop_audio,0
344,52,748502,748506,6,0x07,send_buffer,1
345,52,748512,748516,0,0x01,end_of_chunk,0
346,53,748520,748524,1080,0x0F,set_decoding_map,0
347,53,749604,749608,2952,0x08,audio_frame,0
348,53,752560,752564,6,0x09,silence_frame,0
349,53,752570,752574,14032,0x11,video_data_11,3
350,53,766606,766610,132,0x13,documented_unknown_13,0
351,53,766742,766746,0,0x04,start_stop_audio,0
352,53,766746,766750,6,0x07,send_buffer,1
353,53,766756,766760,0,0x01,end_of_chunk,0
354,54,766764,766768,1080,0x0F,set_decoding_map,0
355,54,767848,767852,2952,0x08,audio_frame,0
356,54,770804,770808,6,0x09,silence_frame,0
357,54,770814,770818,14024,0x11,video_data_11,3
358,54,784842,784846,132,0x13,documented_unknown_13,0
359,54,784978,784982,0,0x04,start_stop_audio,0
360,54,784982,784986,6,0x07,send_buffer,1
361,54,784992,784996,0,0x01,end_of_chunk,0
362,55,785000,785004,1080,0x0F,set_decoding_map,0
363,55,786084,786088,2952,0x08,audio_frame,0
364,55,789040,789044,6,0x09,silence_frame,0
365,55,789050,789054,14026,0x11,video_data_11,3
366,55,803080,803084,132,0x13,documented_unknown_13,0
367,55,803216,803220,0,0x04,start_stop_audio,0
368,55,803220,803224,6,0x07,send_buffer,1
369,55,803230,803234,0,0x01,end_of_chunk,0
370,56,803238,803242,1080,0x0F,set_decoding_map,0
371,56,804322,804326,2952,0x08,audio_frame,0
372,56,807278,807282,6,0x09,silence_frame,0
373,56,807288,807292,14048,0x11,video_data_11,3
374,56,821340,821344,132,0x13,documented_unknown_13,0
375,56,821476,821480,0,0x04,start_stop_audio,0
376,56,821480,821484,6,0x07,send_buffer,1
377,56,821490,821494,0,0x01,end_of_chunk,0
378,57,821498,821502,1080,0x0F,set_decoding_map,0
379,57,822582,822586,2952,0x08,audio_frame,0
380,57,825538,825542,6,0x09,silence_frame,0
381,57,825548,825552,14042,0x11,video_data_11,3
382,57,839594,839598,132,0x13,documented_unknown_13,0
383,57,839730,839734,0,0x04,start_stop_audio,0
384,57,839734,839738,6,0x07,send_buffer,1
385,57,839744,839748,0,0x01,end_of_chunk,0
386,58,839752,839756,1080,0x0F,set_decoding_map,0
387,58,840836,840840,2952,0x08,audio_frame,0
388,58,843792,843796,6,0x09,silence_frame,0
389,58,843802,843806,14022,0x11,video_data_11,3
390,58,857828,857832,132,0x13,documented_unknown_13,0
391,58,857964,857968,0,0x04,start_stop_audio,0
392,58,857968,857972,6,0x07,send_buffer,1
393,58,857978,857982,0,0x01,end_of_chunk,0
394,59,857986,857990,1080,0x0F,set_decoding_map,0
395,59,859070,859074,2952,0x08,audio_frame,0
396,59,862026,862030,6,0x09,silence_frame,0
397,59,862036,862040,14024,0x11,video_data_11,3
398,59,876064,876068,132,0x13,documented_unknown_13,0
399,59,876200,876204,0,0x04,start_stop_audio,0
400,59,876204,876208,6,0x07,send_buffer,1
401,59,876214,876218,0,0x01,end_of_chunk,0
402,60,876222,876226,1080,0x0F,set_decoding_map,0
403,60,877306,877310,2952,0x08,audio_frame,0
404,60,880262,880266,6,0x09,silence_frame,0
405,60,880272,880276,14048,0x11,video_data_11,3
406,60,894324,894328,132,0x13,documented_unknown_13,0
407,60,894460,894464,0,0x04,start_stop_audio,0
408,60,894464,894468,6,0x07,send_buffer,1
409,60,894474,894478,0,0x01,end_of_chunk,0
410,61,894482,894486,1080,0x0F,set_decoding_map,0
411,61,895566,895570,2952,0x08,audio_frame,0
412,61,898522,898526,6,0x09,silence_frame,0
413,61,898532,898536,14032,0x11,video_data_11,3
414,61,912568,912572,132,0x13,documented_unknown_13,0
415,61,912704,912708,0,0x04,start_stop_audio,0
416,61,912708,912712,6,0x07,send_buffer,1
417,61,912718,912722,0,0x01,end_of_chunk,0
418,62,912726,912730,1080,0x0F,set_decoding_map,0
419,62,913810,913814,2932,0x08,audio_frame,0
420,62,916746,916750,6,0x09,silence_frame,0
421,62,916756,916760,14024,0x11,video_data_11,3
422,62,930784,930788,132,0x13,documented_unknown_13,0
423,62,930920,930924,0,0x04,start_stop_audio,0
424,62,930924,930928,6,0x07,send_buffer,1
425,62,930934,930938,0,0x01,end_of_chunk,0
426,63,930942,930946,1080,0x0F,set_decoding_map,0
427,63,932026,932030,2952,0x08,audio_frame,0
428,63,934982,934986,6,0x09,silence_frame,0
429,63,934992,934996,14056,0x11,video_data_11,3
430,63,949052,949056,132,0x13,documented_unknown_13,0
431,63,949188,949192,0,0x04,start_stop_audio,0
432,63,949192,949196,6,0x07,send_buffer,1
433,63,949202,949206,0,0x01,end_of_chunk,0
434,64,949210,949214,1080,0x0F,set_decoding_map,0
435,64,950294,950298,2952,0x08,audio_frame,0
436,64,953250,953254,6,0x09,silence_frame,0
437,64,953260,953264,14038,0x11,video_data_11,3
438,64,967302,967306,132,0x13,documented_unknown_13,0
439,64,967438,967442,0,0x04,start_stop_audio,0
440,64,967442,967446,6,0x07,send_buffer,1
441,64,967452,967456,0,0x01,end_of_chunk,0
442,65,967460,967464,1080,0x0F,set_decoding_map,0
443,65,968544,968548,2952,0x08,audio_frame,0
444,65,971500,971504,6,0x09,silence_frame,0
445,65,971510,971514,14022,0x11,video_data_11,3
446,65,985536,985540,132,0x13,documented_unknown_13,0
447,65,985672,985676,0,0x04,start_stop_audio,0
448,65,985676,985680,6,0x07,send_buffer,1
449,65,985686,985690,0,0x01,end_of_chunk,0
450,66,985694,985698,1080,0x0F,set_decoding_map,0
451,66,986778,986782,2952,0x08,audio_frame,0
452,66,989734,989738,6,0x09,silence_frame,0
453,66,989744,989748,14042,0x11,video_data_11,3
454,66,1003790,1003794,132,0x13,documented_unknown_13,0
455,66,1003926,1003930,0,0x04,start_stop_audio,0
456,66,1003930,1003934,6,0x07,send_buffer,1
457,66,1003940,1003944,0,0x01,end_of_chunk,0
458,67,1003948,1003952,1080,0x0F,set_decoding_map,0
459,67,1005032,1005036,2952,0x08,audio_frame,0
460,67,1007988,1007992,6,0x09,silence_frame,0
461,67,1007998,1008002,14048,0x11,video_data_11,3
462,67,1022050,1022054,132,0x13,documented_unknown_13,0
463,67,1022186,1022190,0,0x04,start_stop_audio,0
464,67,1022190,1022194,6,0x07,send_buffer,1
465,67,1022200,1022204,0,0x01,end_of_chunk,0
466,68,1022208,1022212,1080,0x0F,set_decoding_map,0
467,68,1023292,1023296,2952,0x08,audio_frame,0
468,68,1026248,1026252,6,0x09,silence_frame,0
469,68,1026258,1026262,14042,0x11,video_data_11,3
470,68,1040304,1040308,132,0x13,documented_unknown_13,0
471,68,1040440,1040444,0,0x04,start_stop_audio,0
472,68,1040444,1040448,6,0x07,send_buffer,1
473,68,1040454,1040458,0,0x01,end_of_chunk,0
474,69,1040462,1040466,1080,0x0F,set_decoding_map,0
475,69,1041546,1041550,2952,0x08,audio_frame,0
476,69,1044502,1044506,6,0x09,silence_frame,0
477,69,1044512,1044516,14026,0x11,video_data_11,3
478,69,1058542,1058546,132,0x13,documented_unknown_13,0
479,69,1058678,1058682,0,0x04,start_stop_audio,0
480,69,1058682,1058686,6,0x07,send_buffer,1
481,69,1058692,1058696,0,0x01,end_of_chunk,0
482,70,1058700,1058704,1080,0x0F,set_decoding_map,0
483,70,1059784,1059788,2952,0x08,audio_frame,0
484,70,1062740,1062744,6,0x09,silence_frame,0
485,70,1062750,1062754,14056,0x11,video_data_11,3
486,70,1076810,1076814,132,0x13,documented_unknown_13,0
487,70,1076946,1076950,0,0x04,start_stop_audio,0
488,70,1076950,1076954,6,0x07,send_buffer,1
489,70,1076960,1076964,0,0x01,end_of_chunk,0
490,71,1076968,1076972,1080,0x0F,set_decoding_map,0
491,71,1078052,1078056,2952,0x08,audio_frame,0
492,71,1081008,1081012,6,0x09,silence_frame,0
493,71,1081018,1081022,14082,0x11,video_data_11,3
494,71,1095104,1095108,132,0x13,documented_unknown_13,0
495,71,1095240,1095244,0,0x04,start_stop_audio,0
496,71,1095244,1095248,6,0x07,send_buffer,1
497,71,1095254,1095258,0,0x01,end_of_chunk,0
498,72,1095262,1095266,1080,0x0F,set_decoding_map,0
499,72,1096346,1096350,2952,0x08,audio_frame,0
500,72,1099302,1099306,6,0x09,silence_frame,0
501,72,1099312,1099316,14028,0x11,video_data_11,3
502,72,1113344,1113348,132,0x13,documented_unknown_13,0
503,72,1113480,1113484,0,0x04,start_stop_audio,0
504,72,1113484,1113488,6,0x07,send_buffer,1
505,72,1113494,1113498,0,0x01,end_of_chunk,0
506,73,1113502,1113506,1080,0x0F,set_decoding_map,0
507,73,1114586,1114590,2952,0x08,audio_frame,0
508,73,1117542,1117546,6,0x09,silence_frame,0
509,73,1117552,1117556,14080,0x11,video_data_11,3
510,73,1131636,1131640,132,0x13,documented_unknown_13,0
511,73,1131772,1131776,0,0x04,start_stop_audio,0
512,73,1131776,1131780,6,0x07,send_buffer,1
513,73,1131786,1131790,0,0x01,end_of_chunk,0
514,74,1131794,1131798,1080,0x0F,set_decoding_map,0
515,74,1132878,1132882,2952,0x08,audio_frame,0
516,74,1135834,1135838,6,0x09,silence_frame,0
517,74,1135844,1135848,14068,0x11,video_data_11,3
518,74,1149916,1149920,132,0x13,documented_unknown_13,0
519,74,1150052,1150056,0,0x04,start_stop_audio,0
520,74,1150056,1150060,6,0x07,send_buffer,1
521,74,1150066,1150070,0,0x01,end_of_chunk,0
522,75,1150074,1150078,1080,0x0F,set_decoding_map,0
523,75,1151158,1151162,2952,0x08,audio_frame,0
524,75,1154114,1154118,6,0x09,silence_frame,0
525,75,1154124,1154128,14042,0x11,video_data_11,3
526,75,1168170,1168174,132,0x13,documented_unknown_13,0
527,75,1168306,1168310,0,0x04,start_stop_audio,0
528,75,1168310,1168314,6,0x07,send_buffer,1
529,75,1168320,1168324,0,0x01,end_of_chunk,0
530,76,1168328,1168332,1080,0x0F,set_decoding_map,0
531,76,1169412,1169416,2952,0x08,audio_frame,0
532,76,1172368,1172372,6,0x09,silence_frame,0
533,76,1172378,1172382,14032,0x11,video_data_11,3
534,76,1186414,1186418,132,0x13,documented_unknown_13,0
535,76,1186550,1186554,0,0x04,start_stop_audio,0
536,76,1186554,1186558,6,0x07,send_buffer,1
537,76,1186564,1186568,0,0x01,end_of_chunk,0
538,77,1186572,1186576,1080,0x0F,set_decoding_map,0
539,77,1187656,1187660,2932,0x08,audio_frame,0
540,77,1190592,1190596,6,0x09,silence_frame,0
541,77,1190602,1190606,14078,0x11,video_data_11,3
542,77,1204684,1204688,132,0x13,documented_unknown_13,0
543,77,1204820,1204824,0,0x04,start_stop_audio,0
544,77,1204824,1204828,6,0x07,send_buffer,1
545,77,1204834,1204838,0,0x01,end_of_chunk,0
546,78,1204842,1204846,1080,0x0F,set_decoding_map,0
547,78,1205926,1205930,2952,0x08,audio_frame,0
548,78,1208882,1208886,6,0x09,silence_frame,0
549,78,1208892,1208896,14050,0x11,video_data_11,3
550,78,1222946,1222950,132,0x13,documented_unknown_13,0
551,78,1223082,1223086,0,0x04,start_stop_audio,0
552,78,1223086,1223090,6,0x07,send_buffer,1
553,78,1223096,1223100,0,0x01,end_of_chunk,0
554,79,1223104,1223108,1080,0x0F,set_decoding_map,0
555,79,1224188,1224192,2952,0x08,audio_frame,0
556,79,1227144,1227148,6,0x09,silence_frame,0
557,79,1227154,1227158,14050,0x11,video_data_11,3
558,79,1241208,1241212,132,0x13,documented_unknown_13,0
559,79,1241344,1241348,0,0x04,start_stop_audio,0
560,79,1241348,1241352,6,0x07,send_buffer,1
561,79,1241358,1241362,0,0x01,end_of_chunk,0
562,80,1241366,1241370,1080,0x0F,set_decoding_map,0
563,80,1242450,1242454,2952,0x08,audio_frame,0
564,80,1245406,1245410,6,0x09,silence_frame,0
565,80,1245416,1245420,14022,0x11,video_data_11,3
566,80,1259442,1259446,132,0x13,documented_unknown_13,0
567,80,1259578,1259582,0,0x04,start_stop_audio,0
568,80,1259582,1259586,6,0x07,send_buffer,1
569,80,1259592,1259596,0,0x01,end_of_chunk,0
570,81,1259600,1259604,1080,0x0F,set_decoding_map,0
571,81,1260684,1260688,2952,0x08,audio_frame,0
572,81,1263640,1263644,6,0x09,silence_frame,0
573,81,1263650,1263654,14042,0x11,video_data_11,3
574,81,1277696,1277700,132,0x13,documented_unknown_13,0
575,81,1277832,1277836,0,0x04,start_stop_audio,0
576,81,1277836,1277840,6,0x07,send_buffer,1
577,81,1277846,1277850,0,0x01,end_of_chunk,0
578,82,1277854,1277858,1080,0x0F,set_decoding_map,0
579,82,1278938,1278942,2952,0x08,audio_frame,0
580,82,1281894,1281898,6,0x09,silence_frame,0
581,82,1281904,1281908,14054,0x11,video_data_11,3
582,82,1295962,1295966,132,0x13,documented_unknown_13,0
583,82,1296098,1296102,0,0x04,start_stop_audio,0
584,82,1296102,1296106,6,0x07,send_buffer,1
585,82,1296112,1296116,0,0x01,end_of_chunk,0
586,83,1296120,1296124,1080,0x0F,set_decoding_map,0
587,83,1297204,1297208,2952,0x08,audio_frame,0
588,83,1300160,1300164,6,0x09,silence_frame,0
589,83,1300170,1300174,14034,0x11,video_data_11,3
590,83,1314208,1314212,132,0x13,documented_unknown_13,0
591,83,1314344,1314348,0,0x04,start_stop_audio,0
592,83,1314348,1314352,6,0x07,send_buffer,1
593,83,1314358,1314362,0,0x01,end_of_chunk,0
594,84,1314366,1314370,1080,0x0F,set_decoding_map,0
595,84,1315450,1315454,2952,0x08,audio_frame,0
596,84,1318406,1318410,6,0x09,silence_frame,0
597,84,1318416,1318420,14028,0x11,video_data_11,3
598,84,1332448,1332452,132,0x13,documented_unknown_13,0
599,84,1332584,1332588,0,0x04,start_stop_audio,0
600,84,1332588,1332592,6,0x07,send_buffer,1
601,84,1332598,1332602,0,0x01,end_of_chunk,0
602,85,1332606,1332610,1080,0x0F,set_decoding_map,0
603,85,1333690,1333694,2952,0x08,audio_frame,0
604,85,1336646,1336650,6,0x09,silence_frame,0
605,85,1336656,1336660,14028,0x11,video_data_11,3
606,85,1350688,1350692,132,0x13,documented_unknown_13,0
607,85,1350824,1350828,0,0x04,start_stop_audio,0
608,85,1350828,1350832,6,0x07,send_buffer,1
609,85,1350838,1350842,0,0x01,end_of_chunk,0
610,86,1350846,1350850,1080,0x0F,set_decoding_map,0
611,86,1351930,1351934,2952,0x08,audio_frame,0
612,86,1354886,1354890,6,0x09,silence_frame,0
613,86,1354896,1354900,14050,0x11,video_data_11,3
614,86,1368950,1368954,132,0x13,documented_unknown_13,0
615,86,1369086,1369090,0,0x04,start_stop_audio,0
616,86,1369090,1369094,6,0x07,send_buffer,1
617,86,1369100,1369104,0,0x01,end_of_chunk,0
618,87,1369108,1369112,1080,0x0F,set_decoding_map,0
619,87,1370192,1370196,2952,0x08,audio_frame,0
620,87,1373148,1373152,6,0x09,silence_frame,0
621,87,1373158,1373162,14022,0x11,video_data_11,3
622,87,1387184,1387188,132,0x13,documented_unknown_13,0
623,87,1387320,1387324,0,0x04,start_stop_audio,0
624,87,1387324,1387328,6,0x07,send_buffer,1
625,87,1387334,1387338,0,0x01,end_of_chunk,0
626,88,1387342,1387346,1080,0x0F,set_decoding_map,0
627,88,1388426,1388430,2952,0x08,audio_frame,0
628,88,1391382,1391386,6,0x09,silence_frame,0
629,88,1391392,1391396,14040,0x11,video_data_11,3
630,88,1405436,1405440,132,0x13,documented_unknown_13,0
631,88,1405572,1405576,0,0x04,start_stop_audio,0
632,88,1405576,1405580,6,0x07,send_buffer,1
633,88,1405586,1405590,0,0x01,end_of_chunk,0
634,89,1405594,1405598,1080,0x0F,set_decoding_map,0
635,89,1406678,1406682,2952,0x08,audio_frame,0
636,89,1409634,1409638,6,0x09,silence_frame,0
637,89,1409644,1409648,14028,0x11,video_data_11,3
638,89,1423676,1423680,132,0x13,documented_unknown_13,0
639,89,1423812,1423816,0,0x04,start_stop_audio,0
640,89,1423816,1423820,6,0x07,send_buffer,1
641,89,1423826,1423830,0,0x01,end_of_chunk,0
642,90,1423834,1423838,1080,0x0F,set_decoding_map,0
643,90,1424918,1424922,2952,0x08,audio_frame,0
644,90,1427874,1427878,6,0x09,silence_frame,0
645,90,1427884,1427888,14050,0x11,video_data_11,3
646,90,1441938,1441942,132,0x13,documented_unknown_13,0
647,90,1442074,1442078,0,0x04,start_stop_audio,0
648,90,1442078,1442082,6,0x07,send_buffer,1
649,90,1442088,1442092,0,0x01,end_of_chunk,0
650,91,1442096,1442100,1080,0x0F,set_decoding_map,0
651,91,1443180,1443184,2952,0x08,audio_frame,0
652,91,1446136,1446140,6,0x09,silence_frame,0
653,91,1446146,1446150,14072,0x11,video_data_11,3
654,91,1460222,1460226,132,0x13,documented_unknown_13,0
655,91,1460358,1460362,0,0x04,start_stop_audio,0
656,91,1460362,1460366,6,0x07,send_buffer,1
657,91,1460372,1460376,0,0x01,end_of_chunk,0
658,92,1460380,1460384,1080,0x0F,set_decoding_map,0
659,92,1461464,1461468,2932,0x08,audio_frame,0
660,92,1464400,1464404,6,0x09,silence_frame,0
661,92,1464410,1464414,14056,0x11,video_data_11,3
662,92,1478470,1478474,132,0x13,documented_unknown_13,0
663,92,1478606,1478610,0,0x04,start_stop_audio,0
664,92,1478610,1478614,6,0x07,send_buffer,1
665,92,1478620,1478624,0,0x01,end_of_chunk,0
666,93,1478628,1478632,1080,0x0F,set_decoding_map,0
667,93,1479712,1479716,2952,0x08,audio_frame,0
668,93,1482668,1482672,6,0x09,silence_frame,0
669,93,1482678,1482682,14048,0x11,video_data_11,3
670,93,1496730,1496734,132,0x13,documented_unknown_13,0
671,93,1496866,1496870,0,0x04,start_stop_audio,0
672,93,1496870,1496874,6,0x07,send_buffer,1
673,93,1496880,1496884,0,0x01,end_of_chunk,0
674,94,1496888,1496892,1080,0x0F,set_decoding_map,0
675,94,1497972,1497976,2952,0x08,audio_frame,0
676,94,1500928,1500932,6,0x09,silence_frame,0
677,94,1500938,1500942,14034,0x11,video_data_11,3
678,94,1514976,1514980,132,0x13,documented_unknown_13,0
679,94,1515112,1515116,0,0x04,start_stop_audio,0
680,94,1515116,1515120,6,0x07,send_buffer,1
681,94,1515126,1515130,0,0x01,end_of_chunk,0
682,95,1515134,1515138,1080,0x0F,set_decoding_map,0
683,95,1516218,1516222,2952,0x08,audio_frame,0
684,95,1519174,1519178,6,0x09,silence_frame,0
685,95,1519184,1519188,14032,0x11,video_data_11,3
686,95,1533220,1533224,132,0x13,documented_unknown_13,0
687,95,1533356,1533360,0,0x04,start_stop_audio,0
688,95,1533360,1533364,6,0x07,send_buffer,1
689,95,1533370,1533374,0,0x01,end_of_chunk,0
690,96,1533378,1533382,1080,0x0F,set_decoding_map,0
691,96,1534462,1534466,2952,0x08,audio_frame,0
692,96,1537418,1537422,6,0x09,silence_frame,0
693,96,1537428,1537432,14058,0x11,video_data_11,3
694,96,1551490,1551494,132,0x13,documented_unknown_13,0
695,96,1551626,1551630,0,0x04,start_stop_audio,0
696,96,1551630,1551634,6,0x07,send_buffer,1
697,96,1551640,1551644,0,0x01,end_of_chunk,0
698,97,1551648,1551652,1080,0x0F,set_decoding_map,0
699,97,1552732,1552736,2952,0x08,audio_frame,0
700,97,1555688,1555692,6,0x09,silence_frame,0
701,97,1555698,1555702,14024,0x11,video_data_11,3
702,97,1569726,1569730,132,0x13,documented_unknown_13,0
703,97,1569862,1569866,0,0x04,start_stop_audio,0
704,97,1569866,1569870,6,0x07,send_buffer,1
705,97,1569876,1569880,0,0x01,end_of_chunk,0
706,98,1569884,1569888,1080,0x0F,set_decoding_map,0
707,98,1570968,1570972,2952,0x08,audio_frame,0
708,98,1573924,1573928,6,0x09,silence_frame,0
709,98,1573934,1573938,14040,0x11,video_data_11,3
710,98,1587978,1587982,132,0x13,documented_unknown_13,0
711,98,1588114,1588118,0,0x04,start_stop_audio,0
712,98,1588118,1588122,6,0x07,send_buffer,1
713,98,1588128,1588132,0,0x01,end_of_chunk,0
714,99,1588136,1588140,1080,0x0F,set_decoding_map,0
715,99,1589220,1589224,2952,0x08,audio_frame,0
716,99,1592176,1592180,6,0x09,silence_frame,0
717,99,1592186,1592190,14060,0x11,video_data_11,3
718,99,1606250,1606254,132,0x13,documented_unknown_13,0
719,99,1606386,1606390,0,0x04,start_stop_audio,0
720,99,1606390,1606394,6,0x07,send_buffer,1
721,99,1606400,1606404,0,0x01,end_of_chunk,0
722,100,1606408,1606412,1080,0x0F,set_decoding_map,0
723,100,1607492,1607496,2952,0x08,audio_frame,0
724,100,1610448,1610452,6,0x09,silence_frame,0
725,100,1610458,1610462,14052,0x11,video_data_11,3
726,100,1624514,1624518,132,0x13,documented_unknown_13,0
727,100,1624650,1624654,0,0x04,start_stop_audio,0
728,100,1624654,1624658,6,0x07,send_buffer,1
729,100,1624664,1624668,0,0x01,end_of_chunk,0
730,101,1624672,1624676,1080,0x0F,set_decoding_map,0
731,101,1625756,1625760,2952,0x08,audio_frame,0
732,101,1628712,1628716,6,0x09,silence_frame,0
733,101,1628722,1628726,14034,0x11,video_data_11,3
734,101,1642760,1642764,132,0x13,documented_unknown_13,0
735,101,1642896,1642900,0,0x04,start_stop_audio,0
736,101,1642900,1642904,6,0x07,send_buffer,1
737,101,1642910,1642914,0,0x01,end_of_chunk,0
738,102,1642918,1642922,1080,0x0F,set_decoding_map,0
739,102,1644002,1644006,2952,0x08,audio_frame,0
740,102,1646958,1646962,6,0x09,silence_frame,0
741,102,1646968,1646972,14022,0x11,video_data_11,3
742,102,1660994,1660998,132,0x13,documented_unknown_13,0
743,102,1661130,1661134,0,0x04,start_stop_audio,0
744,102,1661134,1661138,6,0x07,send_buffer,1
745,102,1661144,1661148,0,0x01,end_of_chunk,0
746,103,1661152,1661156,1080,0x0F,set_decoding_map,0
747,103,1662236,1662240,2952,0x08,audio_frame,0
748,103,1665192,1665196,6,0x09,silence_frame,0
749,103,1665202,1665206,14022,0x11,video_data_11,3
750,103,1679228,1679232,132,0x13,documented_unknown_13,0
751,103,1679364,1679368,0,0x04,start_stop_audio,0
752,103,1679368,1679372,6,0x07,send_buffer,1
753,103,1679378,1679382,0,0x01,end_of_chunk,0
754,104,1679386,1679390,1080,0x0F,set_decoding_map,0
755,104,1680470,1680474,2952,0x08,audio_frame,0
756,104,1683426,1683430,6,0x09,silence_frame,0
757,104,1683436,1683440,14026,0x11,video_data_11,3
758,104,1697466,1697470,132,0x13,documented_unknown_13,0
759,104,1697602,1697606,0,0x04,start_stop_audio,0
760,104,1697606,1697610,6,0x07,send_buffer,1
761,104,1697616,1697620,0,0x01,end_of_chunk,0
762,105,1697624,1697628,1080,0x0F,set_decoding_map,0
763,105,1698708,1698712,2952,0x08,audio_frame,0
764,105,1701664,1701668,6,0x09,silence_frame,0
765,105,1701674,1701678,14030,0x11,video_data_11,3
766,105,1715708,1715712,132,0x13,documented_unknown_13,0
767,105,1715844,1715848,0,0x04,start_stop_audio,0
768,105,1715848,1715852,6,0x07,send_buffer,1
769,105,1715858,1715862,0,0x01,end_of_chunk,0
770,106,1715866,1715870,1080,0x0F,set_decoding_map,0
771,106,1716950,1716954,2952,0x08,audio_frame,0
772,106,1719906,1719910,6,0x09,silence_frame,0
773,106,1719916,1719920,14040,0x11,video_data_11,3
774,106,1733960,1733964,132,0x13,documented_unknown_13,0
775,106,1734096,1734100,0,0x04,start_stop_audio,0
776,106,1734100,1734104,6,0x07,send_buffer,1
777,106,1734110,1734114,0,0x01,end_of_chunk,0
778,107,1734118,1734122,1080,0x0F,set_decoding_map,0
779,107,1735202,1735206,2932,0x08,audio_frame,0
780,107,1738138,1738142,6,0x09,silence_frame,0
781,107,1738148,1738152,14048,0x11,video_data_11,3
782,107,1752200,1752204,132,0x13,documented_unknown_13,0
783,107,1752336,1752340,0,0x04,start_stop_audio,0
784,107,1752340,1752344,6,0x07,send_buffer,1
785,107,1752350,1752354,0,0x01,end_of_chunk,0
786,108,1752358,1752362,1080,0x0F,set_decoding_map,0
787,108,1753442,1753446,2952,0x08,audio_frame,0
788,108,1756398,1756402,6,0x09,silence_frame,0
789,108,1756408,1756412,14060,0x11,video_data_11,3
790,108,1770472,1770476,132,0x13,documented_unknown_13,0
791,108,1770608,1770612,0,0x04,start_stop_audio,0
792,108,1770612,1770616,6,0x07,send_buffer,1
793,108,1770622,1770626,0,0x01,end_of_chunk,0
794,109,1770630,1770634,1080,0x0F,set_decoding_map,0
795,109,1771714,1771718,2952,0x08,audio_frame,0
796,109,1774670,1774674,6,0x09,silence_frame,0
797,109,1774680,1774684,14022,0x11,video_data_11,3
798,109,1788706,1788710,132,0x13,documented_unknown_13,0
799,109,1788842,1788846,0,0x04,start_stop_audio,0
800,109,1788846,1788850,6,0x07,send_buffer,1
801,109,1788856,1788860,0,0x01,end_of_chunk,0
802,110,1788864,1788868,1080,0x0F,set_decoding_map,0
803,110,1789948,1789952,2952,0x08,audio_frame,0
804,110,1792904,1792908,6,0x09,silence_frame,0
805,110,1792914,1792918,14022,0x11,video_data_11,3
806,110,1806940,1806944,132,0x13,documented_unknown_13,0
807,110,1807076,1807080,0,0x04,start_stop_audio,0
808,110,1807080,1807084,6,0x07,send_buffer,1
809,110,1807090,1807094,0,0x01,end_of_chunk,0
810,111,1807098,1807102,1080,0x0F,set_decoding_map,0
811,111,1808182,1808186,2952,0x08,audio_frame,0
812,111,1811138,1811142,6,0x09,silence_frame,0
813,111,1811148,1811152,14040,0x11,video_data_11,3
814,111,1825192,1825196,132,0x13,documented_unknown_13,0
815,111,1825328,1825332,0,0x04,start_stop_audio,0
816,111,1825332,1825336,6,0x07,send_buffer,1
817,111,1825342,1825346,0,0x01,end_of_chunk,0
818,112,1825350,1825354,1080,0x0F,set_decoding_map,0
819,112,1826434,1826438,2952,0x08,audio_frame,0
820,112,1829390,1829394,6,0x09,silence_frame,0
821,112,1829400,1829404,14032,0x11,video_data_11,3
822,112,1843436,1843440,132,0x13,documented_unknown_13,0
823,112,1843572,1843576,0,0x04,start_stop_audio,0
824,112,1843576,1843580,6,0x07,send_buffer,1
825,112,1843586,1843590,0,0x01,end_of_chunk,0
826,113,1843594,1843598,1080,0x0F,set_decoding_map,0
827,113,1844678,1844682,2952,0x08,audio_frame,0
828,113,1847634,1847638,6,0x09,silence_frame,0
829,113,1847644,1847648,14032,0x11,video_data_11,3
830,113,1861680,1861684,132,0x13,documented_unknown_13,0
831,113,1861816,1861820,0,0x04,start_stop_audio,0
832,113,1861820,1861824,6,0x07,send_buffer,1
833,113,1861830,1861834,0,0x01,end_of_chunk,0
834,114,1861838,1861842,1080,0x0F,set_decoding_map,0
835,114,1862922,1862926,2952,0x08,audio_frame,0
836,114,1865878,1865882,6,0x09,silence_frame,0
837,114,1865888,1865892,14024,0x11,video_data_11,3
838,114,1879916,1879920,132,0x13,documented_unknown_13,0
839,114,1880052,1880056,0,0x04,start_stop_audio,0
840,114,1880056,1880060,6,0x07,send_buffer,1
841,114,1880066,1880070,0,0x01,end_of_chunk,0
842,115,1880074,1880078,1080,0x0F,set_decoding_map,0
843,115,1881158,1881162,2952,0x08,audio_frame,0
844,115,1884114,1884118,6,0x09,silence_frame,0
845,115,1884124,1884128,14050,0x11,video_data_11,3
846,115,1898178,1898182,132,0x13,documented_unknown_13,0
847,115,1898314,1898318,0,0x04,start_stop_audio,0
848,115,1898318,1898322,6,0x07,send_buffer,1
849,115,1898328,1898332,0,0x01,end_of_chunk,0
850,116,1898336,1898340,1080,0x0F,set_decoding_map,0
851,116,1899420,1899424,2952,0x08,audio_frame,0
852,116,1902376,1902380,6,0x09,silence_frame,0
853,116,1902386,1902390,14062,0x11,video_data_11,3
854,116,1916452,1916456,132,0x13,documented_unknown_13,0
855,116,1916588,1916592,0,0x04,start_stop_audio,0
856,116,1916592,1916596,6,0x07,send_buffer,1
857,116,1916602,1916606,0,0x01,end_of_chunk,0
858,117,1916610,1916614,1080,0x0F,set_decoding_map,0
859,117,1917694,1917698,2952,0x08,audio_frame,0
860,117,1920650,1920654,6,0x09,silence_frame,0
861,117,1920660,1920664,14048,0x11,video_data_11,3
862,117,1934712,1934716,132,0x13,documented_unknown_13,0
863,117,1934848,1934852,0,0x04,start_stop_audio,0
864,117,1934852,1934856,6,0x07,send_buffer,1
865,117,1934862,1934866,0,0x01,end_of_chunk,0
866,118,1934870,1934874,1080,0x0F,set_decoding_map,0
867,118,1935954,1935958,2952,0x08,audio_frame,0
868,118,1938910,1938914,6,0x09,silence_frame,0
869,118,1938920,1938924,14032,0x11,video_data_11,3
870,118,1952956,1952960,132,0x13,documented_unknown_13,0
871,118,1953092,1953096,0,0x04,start_stop_audio,0
872,118,1953096,1953100,6,0x07,send_buffer,1
873,118,1953106,1953110,0,0x01,end_of_chunk,0
874,119,1953114,1953118,1080,0x0F,set_decoding_map,0
875,119,1954198,1954202,2952,0x08,audio_frame,0
876,119,1957154,1957158,6,0x09,silence_frame,0
877,119,1957164,1957168,14058,0x11,video_data_11,3
878,119,1971226,1971230,132,0x13,documented_unknown_13,0
879,119,1971362,1971366,0,0x04,start_stop_audio,0
880,119,1971366,1971370,6,0x07,send_buffer,1
881,119,1971376,1971380,0,0x01,end_of_chunk,0
882,120,1971384,1971388,1080,0x0F,set_decoding_map,0
883,120,1972468,1972472,2952,0x08,audio_frame,0
884,120,1975424,1975428,6,0x09,silence_frame,0
885,120,1975434,1975438,14026,0x11,video_data_11,3
886,120,1989464,1989468,132,0x13,documented_unknown_13,0
887,120,1989600,1989604,0,0x04,start_stop_audio,0
888,120,1989604,1989608,6,0x07,send_buffer,1
889,120,1989614,1989618,0,0x01,end_of_chunk,0
890,121,1989622,1989626,1080,0x0F,set_decoding_map,0
891,121,1990706,1990710,2952,0x08,audio_frame,0
892,121,1993662,1993666,6,0x09,silence_frame,0
893,121,1993672,1993676,14024,0x11,video_data_11,3
894,121,2007700,2007704,132,0x13,documented_unknown_13,0
895,121,2007836,2007840,0,0x04,start_stop_audio,0
896,121,2007840,2007844,6,0x07,send_buffer,1
897,121,2007850,2007854,0,0x01,end_of_chunk,0
898,122,2007858,2007862,1080,0x0F,set_decoding_map,0
899,122,2008942,2008946,2932,0x08,audio_frame,0
900,122,2011878,2011882,6,0x09,silence_frame,0
901,122,2011888,2011892,14056,0x11,video_data_11,3
902,122,2025948,2025952,132,0x13,documented_unknown_13,0
903,122,2026084,2026088,0,0x04,start_stop_audio,0
904,122,2026088,2026092,6,0x07,send_buffer,1
905,122,2026098,2026102,0,0x01,end_of_chunk,0
906,123,2026106,2026110,1080,0x0F,set_decoding_map,0
907,123,2027190,2027194,2952,0x08,audio_frame,0
908,123,2030146,2030150,6,0x09,silence_frame,0
909,123,2030156,2030160,14022,0x11,video_data_11,3
910,123,2044182,2044186,132,0x13,documented_unknown_13,0
911,123,2044318,2044322,0,0x04,start_stop_audio,0
912,123,2044322,2044326,6,0x07,send_buffer,1
913,123,2044332,2044336,0,0x01,end_of_chunk,0
914,124,2044340,2044344,1080,0x0F,set_decoding_map,0
915,124,2045424,2045428,2952,0x08,audio_frame,0
916,124,2048380,2048384,6,0x09,silence_frame,0
917,124,2048390,2048394,14030,0x11,video_data_11,3
918,124,2062424,2062428,132,0x13,documented_unknown_13,0
919,124,2062560,2062564,0,0x04,start_stop_audio,0
920,124,2062564,2062568,6,0x07,send_buffer,1
921,124,2062574,2062578,0,0x01,end_of_chunk,0
922,125,2062582,2062586,1080,0x0F,set_decoding_map,0
923,125,2063666,2063670,2952,0x08,audio_frame,0
924,125,2066622,2066626,6,0x09,silence_frame,0
925,125,2066632,2066636,14072,0x11,video_data_11,3
926,125,2080708,2080712,132,0x13,documented_unknown_13,0
927,125,2080844,2080848,0,0x04,start_stop_audio,0
928,125,2080848,2080852,6,0x07,send_buffer,1
929,125,2080858,2080862,0,0x01,end_of_chunk,0
930,126,2080866,2080870,1080,0x0F,set_decoding_map,0
931,126,2081950,2081954,2952,0x08,audio_frame,0
932,126,2084906,2084910,6,0x09,silence_frame,0
933,126,2084916,2084920,14080,0x11,video_data_11,3
934,126,2099000,2099004,132,0x13,documented_unknown_13,0
935,126,2099136,2099140,0,0x04,start_stop_audio,0
936,126,2099140,2099144,6,0x07,send_buffer,1
937,126,2099150,2099154,0,0x01,end_of_chunk,0
938,127,2099158,2099162,1080,0x0F,set_decoding_map,0
939,127,2100242,2100246,2952,0x08,audio_frame,0
940,127,2103198,2103202,6,0x09,silence_frame,0
941,127,2103208,2103212,14072,0x11,video_data_11,3
942,127,2117284,2117288,132,0x13,documented_unknown_13,0
943,127,2117420,2117424,0,0x04,start_stop_audio,0
944,127,2117424,2117428,6,0x07,send_buffer,1
945,127,2117434,2117438,0,0x01,end_of_chunk,0
946,128,2117442,2117446,1080,0x0F,set_decoding_map,0
947,128,2118526,2118530,2952,0x08,audio_frame,0
948,128,2121482,2121486,6,0x09,silence_frame,0
949,128,2121492,2121496,14078,0x11,video_data_11,3
950,128,2135574,2135578,132,0x13,documented_unknown_13,0
951,128,2135710,2135714,0,0x04,start_stop_audio,0
952,128,2135714,2135718,6,0x07,send_buffer,1
953,128,2135724,2135728,0,0x01,end_of_chunk,0
954,129,2135732,2135736,1080,0x0F,set_decoding_map,0
955,129,2136816,2136820,2952,0x08,audio_frame,0
956,129,2139772,2139776,6,0x09,silence_frame,0
957,129,2139782,2139786,14028,0x11,video_data_11,3
958,129,2153814,2153818,132,0x13,documented_unknown_13,0
959,129,2153950,2153954,0,0x04,start_stop_audio,0
960,129,2153954,2153958,6,0x07,send_buffer,1
961,129,2153964,2153968,0,0x01,end_of_chunk,0
962,130,2153972,2153976,1080,0x0F,set_decoding_map,0
963,130,2155056,2155060,2952,0x08,audio_frame,0
964,130,2158012,2158016,6,0x09,silence_frame,0
965,130,2158022,2158026,14046,0x11,video_data_11,3
966,130,2172072,2172076,132,0x13,documented_unknown_13,0
967,130,2172208,2172212,0,0x04,start_stop_audio,0
968,130,2172212,2172216,6,0x07,send_buffer,1
969,130,2172222,2172226,0,0x01,end_of_chunk,0
970,131,2172230,2172234,1080,0x0F,set_decoding_map,0
971,131,2173314,2173318,2952,0x08,audio_frame,0
972,131,2176270,2176274,6,0x09,silence_frame,0
973,131,2176280,2176284,14034,0x11,video_data_11,3
974,131,2190318,2190322,132,0x13,documented_unknown_13,0
975,131,2190454,2190458,0,0x04,start_stop_audio,0
976,131,2190458,2190462,6,0x07,send_buffer,1
977,131,2190468,2190472,0,0x01,end_of_chunk,0
978,132,2190476,2190480,1080,0x0F,set_decoding_map,0
979,132,2191560,2191564,2952,0x08,audio_frame,0
980,132,2194516,2194520,6,0x09,silence_frame,0
981,132,2194526,2194530,14060,0x11,video_data_11,3
982,132,2208590,2208594,132,0x13,documented_unknown_13,0
983,132,2208726,2208730,0,0x04,start_stop_audio,0
984,132,2208730,2208734,6,0x07,send_buffer,1
985,132,2208740,2208744,0,0x01,end_of_chunk,0
986,133,2208748,2208752,1080,0x0F,set_decoding_map,0
987,133,2209832,2209836,2952,0x08,audio_frame,0
988,133,2212788,2212792,6,0x09,silence_frame,0
989,133,2212798,2212802,14042,0x11,video_data_11,3
990,133,2226844,2226848,132,0x13,documented_unknown_13,0
991,133,2226980,2226984,0,0x04,start_stop_audio,0
992,133,2226984,2226988,6,0x07,send_buffer,1
993,133,2226994,2226998,0,0x01,end_of_chunk,0
994,134,2227002,2227006,1080,0x0F,set_decoding_map,0
995,134,2228086,2228090,2952,0x08,audio_frame,0
996,134,2231042,2231046,6,0x09,silence_frame,0
997,134,2231052,2231056,14080,0x11,video_data_11,3
998,134,2245136,2245140,132,0x13,documented_unknown_13,0
999,134,2245272,2245276,0,0x04,start_stop_audio,0
1000,134,2245276,2245280,6,0x07,send_buffer,1
1001,134,2245286,2245290,0,0x01,end_of_chunk,0
1002,135,2245294,2245298,1080,0x0F,set_decoding_map,0
1003,135,2246378,2246382,2952,0x08,audio_frame,0
1004,135,2249334,2249338,6,0x09,silence_frame,0
1005,135,2249344,2249348,14068,0x11,video_data_11,3
1006,135,2263416,2263420,132,0x13,documented_unknown_13,0
1007,135,2263552,2263556,0,0x04,start_stop_audio,0
1008,135,2263556,2263560,6,0x07,send_buffer,1
1009,135,2263566,2263570,0,0x01,end_of_chunk,0
1010,136,2263574,2263578,1080,0x0F,set_decoding_map,0
1011,136,2264658,2264662,2952,0x08,audio_frame,0
1012,136,2267614,2267618,6,0x09,silence_frame,0
1013,136,2267624,2267628,14022,0x11,video_data_11,3
1014,136,2281650,2281654,132,0x13,documented_unknown_13,0
1015,136,2281786,2281790,0,0x04,start_stop_audio,0
1016,136,2281790,2281794,6,0x07,send_buffer,1
1017,136,2281800,2281804,0,0x01,end_of_chunk,0
1018,137,2281808,2281812,1080,0x0F,set_decoding_map,0
1019,137,2282892,2282896,2932,0x08,audio_frame,0
1020,137,2285828,2285832,6,0x09,silence_frame,0
1021,137,2285838,2285842,14026,0x11,video_data_11,3
1022,137,2299868,2299872,132,0x13,documented_unknown_13,0
1023,137,2300004,2300008,0,0x04,start_stop_audio,0
1024,137,2300008,2300012,6,0x07,send_buffer,1
1025,137,2300018,2300022,0,0x01,end_of_chunk,0
1026,138,2300026,2300030,1080,0x0F,set_decoding_map,0
1027,138,2301110,2301114,2952,0x08,audio_frame,0
1028,138,2304066,2304070,6,0x09,silence_frame,0
1029,138,2304076,2304080,14026,0x11,video_data_11,3
1030,138,2318106,2318110,132,0x13,documented_unknown_13,0
1031,138,2318242,2318246,0,0x04,start_stop_audio,0
1032,138,2318246,2318250,6,0x07,send_buffer,1
1033,138,2318256,2318260,0,0x01,end_of_chunk,0
1034,139,2318264,2318268,1080,0x0F,set_decoding_map,0
1035,139,2319348,2319352,2952,0x08,audio_frame,0
1036,139,2322304,2322308,6,0x09,silence_frame,0
1037,139,2322314,2322318,14044,0x11,video_data_11,3
1038,139,2336362,2336366,132,0x13,documented_unknown_13,0
1039,139,2336498,2336502,0,0x04,start_stop_audio,0
1040,139,2336502,2336506,6,0x07,send_buffer,1
1041,139,2336512,2336516,0,0x01,end_of_chunk,0
1042,140,2336520,2336524,1080,0x0F,set_decoding_map,0
1043,140,2337604,2337608,2952,0x08,audio_frame,0
1044,140,2340560,2340564,6,0x09,silence_frame,0
1045,140,2340570,2340574,14058,0x11,video_data_11,3
1046,140,2354632,2354636,132,0x13,documented_unknown_13,0
1047,140,2354768,2354772,0,0x04,start_stop_audio,0
1048,140,2354772,2354776,6,0x07,send_buffer,1
1049,140,2354782,2354786,0,0x01,end_of_chunk,0
1050,141,2354790,2354794,1080,0x0F,set_decoding_map,0
1051,141,2355874,2355878,2952,0x08,audio_frame,0
1052,141,2358830,2358834,6,0x09,silence_frame,0
1053,141,2358840,2358844,14048,0x11,video_data_11,3
1054,141,2372892,2372896,132,0x13,documented_unknown_13,0
1055,141,2373028,2373032,0,0x04,start_stop_audio,0
1056,141,2373032,2373036,6,0x07,send_buffer,1
1057,141,2373042,2373046,0,0x01,end_of_chunk,0
1058,142,2373050,2373054,1080,0x0F,set_decoding_map,0
1059,142,2374134,2374138,2952,0x08,audio_frame,0
1060,142,2377090,2377094,6,0x09,silence_frame,0
1061,142,2377100,2377104,14044,0x11,video_data_11,3
1062,142,2391148,2391152,132,0x13,documented_unknown_13,0
1063,142,2391284,2391288,0,0x04,start_stop_audio,0
1064,142,2391288,2391292,6,0x07,send_buffer,1
1065,142,2391298,2391302,0,0x01,end_of_chunk,0
1066,143,2391306,2391310,1080,0x0F,set_decoding_map,0
1067,143,2392390,2392394,2952,0x08,audio_frame,0
1068,143,2395346,2395350,6,0x09,silence_frame,0
1069,143,2395356,2395360,14054,0x11,video_data_11,3
1070,143,2409414,2409418,132,0x13,documented_unknown_13,0
1071,143,2409550,2409554,0,0x04,start_stop_audio,0
1072,143,2409554,2409558,6,0x07,send_buffer,1
1073,143,2409564,2409568,0,0x01,end_of_chunk,0
1074,144,2409572,2409576,1080,0x0F,set_decoding_map,0
1075,144,2410656,2410660,2952,0x08,audio_frame,0
1076,144,2413612,2413616,6,0x09,silence_frame,0
1077,144,2413622,2413626,14034,0x11,video_data_11,3
1078,144,2427660,2427664,132,0x13,documented_unknown_13,0
1079,144,2427796,2427800,0,0x04,start_stop_audio,0
1080,144,2427800,2427804,6,0x07,send_buffer,1
1081,144,2427810,2427814,0,0x01,end_of_chunk,0
1082,145,2427818,2427822,1080,0x0F,set_decoding_map,0
1083,145,2428902,2428906,2952,0x08,audio_frame,0
1084,145,2431858,2431862,6,0x09,silence_frame,0
1085,145,2431868,2431872,14040,0x11,video_data_11,3
1086,145,2445912,2445916,132,0x13,documented_unknown_13,0
1087,145,2446048,2446052,0,0x04,start_stop_audio,0
1088,145,2446052,2446056,6,0x07,send_buffer,1
1089,145,2446062,2446066,0,0x01,end_of_chunk,0
1090,146,2446070,2446074,1080,0x0F,set_decoding_map,0
1091,146,2447154,2447158,2952,0x08,audio_frame,0
1092,146,2450110,2450114,6,0x09,silence_frame,0
1093,146,2450120,2450124,14030,0x11,video_data_11,3
1094,146,2464154,2464158,132,0x13,documented_unknown_13,0
1095,146,2464290,2464294,0,0x04,start_stop_audio,0
1096,146,2464294,2464298,6,0x07,send_buffer,1
1097,146,2464304,2464308,0,0x01,end_of_chunk,0
1098,147,2464312,2464316,1080,0x0F,set_decoding_map,0
1099,147,2465396,2465400,2952,0x08,audio_frame,0
1100,147,2468352,2468356,6,0x09,silence_frame,0
1101,147,2468362,2468366,14050,0x11,video_data_11,3
1102,147,2482416,2482420,132,0x13,documented_unknown_13,0
1103,147,2482552,2482556,0,0x04,start_stop_audio,0
1104,147,2482556,2482560,6,0x07,send_buffer,1
1105,147,2482566,2482570,0,0x01,end_of_chunk,0
1106,148,2482574,2482578,1080,0x0F,set_decoding_map,0
1107,148,2483658,2483662,2952,0x08,audio_frame,0
1108,148,2486614,2486618,6,0x09,silence_frame,0
1109,148,2486624,2486628,14082,0x11,video_data_11,3
1110,148,2500710,2500714,132,0x13,documented_unknown_13,0
1111,148,2500846,2500850,0,0x04,start_stop_audio,0
1112,148,2500850,2500854,6,0x07,send_buffer,1
1113,148,2500860,2500864,0,0x01,end_of_chunk,0
1114,149,2500868,2500872,1080,0x0F,set_decoding_map,0
1115,149,2501952,2501956,2952,0x08,audio_frame,0
1116,149,2504908,2504912,6,0x09,silence_frame,0
1117,149,2504918,2504922,14072,0x11,video_data_11,3
1118,149,2518994,2518998,132,0x13,documented_unknown_13,0
1119,149,2519130,2519134,0,0x04,start_stop_audio,0
1120,149,2519134,2519138,6,0x07,send_buffer,1
1121,149,2519144,2519148,0,0x01,end_of_chunk,0
1122,150,2519152,2519156,1080,0x0F,set_decoding_map,0
1123,150,2520236,2520240,2952,0x08,audio_frame,0
1124,150,2523192,2523196,6,0x09,silence_frame,0
1125,150,2523202,2523206,14022,0x11,video_data_11,3
1126,150,2537228,2537232,132,0x13,documented_unknown_13,0
1127,150,2537364,2537368,0,0x04,start_stop_audio,0
1128,150,2537368,2537372,6,0x07,send_buffer,1
1129,150,2537378,2537382,0,0x01,end_of_chunk,0
1130,151,2537386,2537390,1080,0x0F,set_decoding_map,0
1131,151,2538470,2538474,2952,0x08,audio_frame,0
1132,151,2541426,2541430,6,0x09,silence_frame,0
1133,151,2541436,2541440,14030,0x11,video_data_11,3
1134,151,2555470,2555474,132,0x13,documented_unknown_13,0
1135,151,2555606,2555610,0,0x04,start_stop_audio,0
1136,151,2555610,2555614,6,0x07,send_buffer,1
1137,151,2555620,2555624,0,0x01,end_of_chunk,0
1138,152,2555628,2555632,1080,0x0F,set_decoding_map,0
1139,152,2556712,2556716,2932,0x08,audio_frame,0
1140,152,2559648,2559652,6,0x09,silence_frame,0
1141,152,2559658,2559662,14044,0x11,video_data_11,3
1142,152,2573706,2573710,132,0x13,documented_unknown_13,0
1143,152,2573842,2573846,0,0x04,start_stop_audio,0
1144,152,2573846,2573850,6,0x07,send_buffer,1
1145,152,2573856,2573860,0,0x01,end_of_chunk,0
1146,153,2573864,2573868,1080,0x0F,set_decoding_map,0
1147,153,2574948,2574952,2952,0x08,audio_frame,0
1148,153,2577904,2577908,6,0x09,silence_frame,0
1149,153,2577914,2577918,14028,0x11,video_data_11,3
1150,153,2591946,2591950,132,0x13,documented_unknown_13,0
1151,153,2592082,2592086,0,0x04,start_stop_audio,0
1152,153,2592086,2592090,6,0x07,send_buffer,1
1153,153,2592096,2592100,0,0x01,end_of_chunk,0
1154,154,2592104,2592108,1080,0x0F,set_decoding_map,0
1155,154,2593188,2593192,2952,0x08,audio_frame,0
1156,154,2596144,2596148,6,0x09,silence_frame,0
1157,154,2596154,2596158,14026,0x11,video_data_11,3
1158,154,2610184,2610188,132,0x13,documented_unknown_13,0
1159,154,2610320,2610324,0,0x04,start_stop_audio,0
1160,154,2610324,2610328,6,0x07,send_buffer,1
1161,154,2610334,2610338,0,0x01,end_of_chunk,0
1162,155,2610342,2610346,1080,0x0F,set_decoding_map,0
1163,155,2611426,2611430,2952,0x08,audio_frame,0
1164,155,2614382,2614386,6,0x09,silence_frame,0
1165,155,2614392,2614396,14036,0x11,video_data_11,3
1166,155,2628432,2628436,132,0x13,documented_unknown_13,0
1167,155,2628568,2628572,0,0x04,start_stop_audio,0
1168,155,2628572,2628576,6,0x07,send_buffer,1
1169,155,2628582,2628586,0,0x01,end_of_chunk,0
1170,156,2628590,2628594,1080,0x0F,set_decoding_map,0
1171,156,2629674,2629678,2952,0x08,audio_frame,0
1172,156,2632630,2632634,6,0x09,silence_frame,0
1173,156,2632640,2632644,14022,0x11,video_data_11,3
1174,156,2646666,2646670,132,0x13,documented_unknown_13,0
1175,156,2646802,2646806,0,0x04,start_stop_audio,0
1176,156,2646806,2646810,6,0x07,send_buffer,1
1177,156,2646816,2646820,0,0x01,end_of_chunk,0
1178,157,2646824,2646828,1080,0x0F,set_decoding_map,0
1179,157,2647908,2647912,2952,0x08,audio_frame,0
1180,157,2650864,2650868,6,0x09,silence_frame,0
1181,157,2650874,2650878,14040,0x11,video_data_11,3
1182,157,2664918,2664922,132,0x13,documented_unknown_13,0
1183,157,2665054,2665058,0,0x04,start_stop_audio,0
1184,157,2665058,2665062,6,0x07,send_buffer,1
1185,157,2665068,2665072,0,0x01,end_of_chunk,0
1186,158,2665076,2665080,1080,0x0F,set_decoding_map,0
1187,158,2666160,2666164,2952,0x08,audio_frame,0
1188,158,2669116,2669120,6,0x09,silence_frame,0
1189,158,2669126,2669130,14030,0x11,video_data_11,3
1190,158,2683160,2683164,132,0x13,documented_unknown_13,0
1191,158,2683296,2683300,0,0x04,start_stop_audio,0
1192,158,2683300,2683304,6,0x07,send_buffer,1
1193,158,2683310,2683314,0,0x01,end_of_chunk,0
1194,159,2683318,2683322,1080,0x0F,set_decoding_map,0
1195,159,2684402,2684406,2952,0x08,audio_frame,0
1196,159,2687358,2687362,6,0x09,silence_frame,0
1197,159,2687368,2687372,14070,0x11,video_data_11,3
1198,159,2701442,2701446,132,0x13,documented_unknown_13,0
1199,159,2701578,2701582,0,0x04,start_stop_audio,0
1200,159,2701582,2701586,6,0x07,send_buffer,1
1201,159,2701592,2701596,0,0x01,end_of_chunk,0
1202,160,2701600,2701604,1080,0x0F,set_decoding_map,0
1203,160,2702684,2702688,2952,0x08,audio_frame,0
1204,160,2705640,2705644,6,0x09,silence_frame,0
1205,160,2705650,2705654,14048,0x11,video_data_11,3
1206,160,2719702,2719706,132,0x13,documented_unknown_13,0
1207,160,2719838,2719842,0,0x04,start_stop_audio,0
1208,160,2719842,2719846,6,0x07,send_buffer,1
1209,160,2719852,2719856,0,0x01,end_of_chunk,0
1210,161,2719860,2719864,1080,0x0F,set_decoding_map,0
1211,161,2720944,2720948,2952,0x08,audio_frame,0
1212,161,2723900,2723904,6,0x09,silence_frame,0
1213,161,2723910,2723914,14038,0x11,video_data_11,3
1214,161,2737952,2737956,132,0x13,documented_unknown_13,0
1215,161,2738088,2738092,0,0x04,start_stop_audio,0
1216,161,2738092,2738096,6,0x07,send_buffer,1
1217,161,2738102,2738106,0,0x01,end_of_chunk,0
1218,162,2738110,2738114,1080,0x0F,set_decoding_map,0
1219,162,2739194,2739198,2952,0x08,audio_frame,0
1220,162,2742150,2742154,6,0x09,silence_frame,0
1221,162,2742160,2742164,14032,0x11,video_data_11,3
1222,162,2756196,2756200,132,0x13,documented_unknown_13,0
1223,162,2756332,2756336,0,0x04,start_stop_audio,0
1224,162,2756336,2756340,6,0x07,send_buffer,1
1225,162,2756346,2756350,0,0x01,end_of_chunk,0
1226,163,2756354,2756358,1080,0x0F,set_decoding_map,0
1227,163,2757438,2757442,2952,0x08,audio_frame,0
1228,163,2760394,2760398,6,0x09,silence_frame,0
1229,163,2760404,2760408,14036,0x11,video_data_11,3
1230,163,2774444,2774448,132,0x13,documented_unknown_13,0
1231,163,2774580,2774584,0,0x04,start_stop_audio,0
1232,163,2774584,2774588,6,0x07,send_buffer,1
1233,163,2774594,2774598,0,0x01,end_of_chunk,0
1234,164,2774602,2774606,1080,0x0F,set_decoding_map,0
1235,164,2775686,2775690,2952,0x08,audio_frame,0
1236,164,2778642,2778646,6,0x09,silence_frame,0
1237,164,2778652,2778656,14022,0x11,video_data_11,3
1238,164,2792678,2792682,132,0x13,documented_unknown_13,0
1239,164,2792814,2792818,0,0x04,start_stop_audio,0
1240,164,2792818,2792822,6,0x07,send_buffer,1
1241,164,2792828,2792832,0,0x01,end_of_chunk,0
1242,165,2792836,2792840,1080,0x0F,set_decoding_map,0
1243,165,2793920,2793924,2952,0x08,audio_frame,0
1244,165,2796876,2796880,6,0x09,silence_frame,0
1245,165,2796886,2796890,14084,0x11,video_data_11,3
1246,165,2810974,2810978,132,0x13,documented_unknown_13,0
1247,165,2811110,2811114,0,0x04,start_stop_audio,0
1248,165,2811114,2811118,6,0x07,send_buffer,1
1249,165,2811124,2811128,0,0x01,end_of_chunk,0
1250,166,2811132,2811136,1080,0x0F,set_decoding_map,0
1251,166,2812216,2812220,2952,0x08,audio_frame,0
1252,166,2815172,2815176,6,0x09,silence_frame,0
1253,166,2815182,2815186,14026,0x11,video_data_11,3
1254,166,2829212,2829216,132,0x13,documented_unknown_13,0
1255,166,2829348,2829352,0,0x04,start_stop_audio,0
1256,166,2829352,2829356,6,0x07,send_buffer,1
1257,166,2829362,2829366,0,0x01,end_of_chunk,0
1258,167,2829370,2829374,1080,0x0F,set_decoding_map,0
1259,167,2830454,2830458,2932,0x08,audio_frame,0
1260,167,2833390,2833394,6,0x09,silence_frame,0
1261,167,2833400,2833404,14044,0x11,video_data_11,3
1262,167,2847448,2847452,132,0x13,documented_unknown_13,0
1263,167,2847584,2847588,0,0x04,start_stop_audio,0
1264,167,2847588,2847592,6,0x07,send_buffer,1
1265,167,2847598,2847602,0,0x01,end_of_chunk,0
1266,168,2847606,2847610,1080,0x0F,set_decoding_map,0
1267,168,2848690,2848694,2952,0x08,audio_frame,0
1268,168,2851646,2851650,6,0x09,silence_frame,0
1269,168,2851656,2851660,14044,0x11,video_data_11,3
1270,168,2865704,2865708,132,0x13,documented_unknown_13,0
1271,168,2865840,2865844,0,0x04,start_stop_audio,0
1272,168,2865844,2865848,6,0x07,send_buffer,1
1273,168,2865854,2865858,0,0x01,end_of_chunk,0
1274,169,2865862,2865866,1080,0x0F,set_decoding_map,0
1275,169,2866946,2866950,2952,0x08,audio_frame,0
1276,169,2869902,2869906,6,0x09,silence_frame,0
1277,169,2869912,2869916,14034,0x11,video_data_11,3
1278,169,2883950,2883954,132,0x13,documented_unknown_13,0
1279,169,2884086,2884090,0,0x04,start_stop_audio,0
1280,169,2884090,2884094,6,0x07,send_buffer,1
1281,169,2884100,2884104,0,0x01,end_of_chunk,0
1282,170,2884108,2884112,1080,0x0F,set_decoding_map,0
1283,170,2885192,2885196,2952,0x08,audio_frame,0
1284,170,2888148,2888152,6,0x09,silence_frame,0
1285,170,2888158,2888162,14022,0x11,video_data_11,3
1286,170,2902184,2902188,132,0x13,documented_unknown_13,0
1287,170,2902320,2902324,0,0x04,start_stop_audio,0
1288,170,2902324,2902328,6,0x07,send_buffer,1
1289,170,2902334,2902338,0,0x01,end_of_chunk,0
1290,171,2902342,2902346,1080,0x0F,set_decoding_map,0
1291,171,2903426,2903430,2952,0x08,audio_frame,0
1292,171,2906382,2906386,6,0x09,silence_frame,0
1293,171,2906392,2906396,14046,0x11,video_data_11,3
1294,171,2920442,2920446,132,0x13,documented_unknown_13,0
1295,171,2920578,2920582,0,0x04,start_stop_audio,0
1296,171,2920582,2920586,6,0x07,send_buffer,1
1297,171,2920592,2920596,0,0x01,end_of_chunk,0
1298,172,2920600,2920604,1080,0x0F,set_decoding_map,0
1299,172,2921684,2921688,2952,0x08,audio_frame,0
1300,172,2924640,2924644,6,0x09,silence_frame,0
1301,172,2924650,2924654,14030,0x11,video_data_11,3
1302,172,2938684,2938688,132,0x13,documented_unknown_13,0
1303,172,2938820,2938824,0,0x04,start_stop_audio,0
1304,172,2938824,2938828,6,0x07,send_buffer,1
1305,172,2938834,2938838,0,0x01,end_of_chunk,0
1306,173,2938842,2938846,1080,0x0F,set_decoding_map,0
1307,173,2939926,2939930,2952,0x08,audio_frame,0
1308,173,2942882,2942886,6,0x09,silence_frame,0
1309,173,2942892,2942896,14036,0x11,video_data_11,3
1310,173,2956932,2956936,132,0x13,documented_unknown_13,0
1311,173,2957068,2957072,0,0x04,start_stop_audio,0
1312,173,2957072,2957076,6,0x07,send_buffer,1
1313,173,2957082,2957086,0,0x01,end_of_chunk,0
1314,174,2957090,2957094,1080,0x0F,set_decoding_map,0
1315,174,2958174,2958178,2952,0x08,audio_frame,0
1316,174,2961130,2961134,6,0x09,silence_frame,0
1317,174,2961140,2961144,14038,0x11,video_data_11,3
1318,174,2975182,2975186,132,0x13,documented_unknown_13,0
1319,174,2975318,2975322,0,0x04,start_stop_audio,0
1320,174,2975322,2975326,6,0x07,send_buffer,1
1321,174,2975332,2975336,0,0x01,end_of_chunk,0
1322,175,2975340,2975344,1080,0x0F,set_decoding_map,0
1323,175,2976424,2976428,2952,0x08,audio_frame,0
1324,175,2979380,2979384,6,0x09,silence_frame,0
1325,175,2979390,2979394,14052,0x11,video_data_11,3
1326,175,2993446,2993450,132,0x13,documented_unknown_13,0
1327,175,2993582,2993586,0,0x04,start_stop_audio,0
1328,175,2993586,2993590,6,0x07,send_buffer,1
1329,175,2993596,2993600,0,0x01,end_of_chunk,0
1330,176,2993604,2993608,1080,0x0F,set_decoding_map,0
1331,176,2994688,2994692,2952,0x08,audio_frame,0
1332,176,2997644,2997648,6,0x09,silence_frame,0
1333,176,2997654,2997658,14032,0x11,video_data_11,3
1334,176,3011690,3011694,132,0x13,documented_unknown_13,0
1335,176,3011826,3011830,0,0x04,start_stop_audio,0
1336,176,3011830,3011834,6,0x07,send_buffer,1
1337,176,3011840,3011844,0,0x01,end_of_chunk,0
1338,177,3011848,3011852,1080,0x0F,set_decoding_map,0
1339,177,3012932,3012936,2952,0x08,audio_frame,0
1340,177,3015888,3015892,6,0x09,silence_frame,0
1341,177,3015898,3015902,14028,0x11,video_data_11,3
1342,177,3029930,3029934,132,0x13,documented_unknown_13,0
1343,177,3030066,3030070,0,0x04,start_stop_audio,0
1344,177,3030070,3030074,6,0x07,send_buffer,1
1345,177,3030080,3030084,0,0x01,end_of_chunk,0
1346,178,3030088,3030092,1080,0x0F,set_decoding_map,0
1347,178,3031172,3031176,2952,0x08,audio_frame,0
1348,178,3034128,3034132,6,0x09,silence_frame,0
1349,178,3034138,3034142,14062,0x11,video_data_11,3
1350,178,3048204,3048208,132,0x13,documented_unknown_13,0
1351,178,3048340,3048344,0,0x04,start_stop_audio,0
1352,178,3048344,3048348,6,0x07,send_buffer,1
1353,178,3048354,3048358,0,0x01,end_of_chunk,0
1354,179,3048362,3048366,1080,0x0F,set_decoding_map,0
1355,179,3049446,3049450,2952,0x08,audio_frame,0
1356,179,3052402,3052406,6,0x09,silence_frame,0
1357,179,3052412,3052416,14034,0x11,video_data_11,3
1358,179,3066450,3066454,132,0x13,documented_unknown_13,0
1359,179,3066586,3066590,0,0x04,start_stop_audio,0
1360,179,3066590,3066594,6,0x07,send_buffer,1
1361,179,3066600,3066604,0,0x01,end_of_chunk,0
1362,180,3066608,3066612,1080,0x0F,set_decoding_map,0
1363,180,3067692,3067696,2952,0x08,audio_frame,0
1364,180,3070648,3070652,6,0x09,silence_frame,0
1365,180,3070658,3070662,14028,0x11,video_data_11,3
1366,180,3084690,3084694,132,0x13,documented_unknown_13,0
1367,180,3084826,3084830,0,0x04,start_stop_audio,0
1368,180,3084830,3084834,6,0x07,send_buffer,1
1369,180,3084840,3084844,0,0x01,end_of_chunk,0
1370,181,3084848,3084852,1080,0x0F,set_decoding_map,0
1371,181,3085932,3085936,2952,0x08,audio_frame,0
1372,181,3088888,3088892,6,0x09,silence_frame,0
1373,181,3088898,3088902,14050,0x11,video_data_11,3
1374,181,3102952,3102956,132,0x13,documented_unknown_13,0
1375,181,3103088,3103092,0,0x04,start_stop_audio,0
1376,181,3103092,3103096,6,0x07,send_buffer,1
1377,181,3103102,3103106,0,0x01,end_of_chunk,0
1378,182,3103110,3103114,1080,0x0F,set_decoding_map,0
1379,182,3104194,3104198,2932,0x08,audio_frame,0
1380,182,3107130,3107134,6,0x09,silence_frame,0
1381,182,3107140,3107144,14038,0x11,video_data_11,3
1382,182,3121182,3121186,132,0x13,documented_unknown_13,0
1383,182,3121318,3121322,0,0x04,start_stop_audio,0
1384,182,3121322,3121326,6,0x07,send_buffer,1
1385,182,3121332,3121336,0,0x01,end_of_chunk,0
1386,183,3121340,3121344,1080,0x0F,set_decoding_map,0
1387,183,3122424,3122428,2952,0x08,audio_frame,0
1388,183,3125380,3125384,6,0x09,silence_frame,0
1389,183,3125390,3125394,14028,0x11,video_data_11,3
1390,183,3139422,3139426,132,0x13,documented_unknown_13,0
1391,183,3139558,3139562,0,0x04,start_stop_audio,0
1392,183,3139562,3139566,6,0x07,send_buffer,1
1393,183,3139572,3139576,0,0x01,end_of_chunk,0
1394,184,3139580,3139584,1080,0x0F,set_decoding_map,0
1395,184,3140664,3140668,2952,0x08,audio_frame,0
1396,184,3143620,3143624,6,0x09,silence_frame,0
1397,184,3143630,3143634,14032,0x11,video_data_11,3
1398,184,3157666,3157670,132,0x13,documented_unknown_13,0
1399,184,3157802,3157806,0,0x04,start_stop_audio,0
1400,184,3157806,3157810,6,0x07,send_buffer,1
1401,184,3157816,3157820,0,0x01,end_of_chunk,0
1402,185,3157824,3157828,1080,0x0F,set_decoding_map,0
1403,185,3158908,3158912,2952,0x08,audio_frame,0
1404,185,3161864,3161868,6,0x09,silence_frame,0
1405,185,3161874,3161878,14022,0x11,video_data_11,3
1406,185,3175900,3175904,132,0x13,documented_unknown_13,0
1407,185,3176036,3176040,0,0x04,start_stop_audio,0
1408,185,3176040,3176044,6,0x07,send_buffer,1
1409,185,3176050,3176054,0,0x01,end_of_chunk,0
1410,186,3176058,3176062,1080,0x0F,set_decoding_map,0
1411,186,3177142,3177146,2952,0x08,audio_frame,0
1412,186,3180098,3180102,6,0x09,silence_frame,0
1413,186,3180108,3180112,14028,0x11,video_data_11,3
1414,186,3194140,3194144,132,0x13,documented_unknown_13,0
1415,186,3194276,3194280,0,0x04,start_stop_audio,0
1416,186,3194280,3194284,6,0x07,send_buffer,1
1417,186,3194290,3194294,0,0x01,end_of_chunk,0
1418,187,3194298,3194302,1080,0x0F,set_decoding_map,0
1419,187,3195382,3195386,2952,0x08,audio_frame,0
1420,187,3198338,3198342,6,0x09,silence_frame,0
1421,187,3198348,3198352,14032,0x11,video_data_11,3
1422,187,3212384,3212388,132,0x13,documented_unknown_13,0
1423,187,3212520,3212524,0,0x04,start_stop_audio,0
1424,187,3212524,3212528,6,0x07,send_buffer,1
1425,187,3212534,3212538,0,0x01,end_of_chunk,0
1426,188,3212542,3212546,1080,0x0F,set_decoding_map,0
1427,188,3213626,3213630,2952,0x08,audio_frame,0
1428,188,3216582,3216586,6,0x09,silence_frame,0
1429,188,3216592,3216596,14040,0x11,video_data_11,3
1430,188,3230636,3230640,132,0x13,documented_unknown_13,0
1431,188,3230772,3230776,0,0x04,start_stop_audio,0
1432,188,3230776,3230780,6,0x07,send_buffer,1
1433,188,3230786,3230790,0,0x01,end_of_chunk,0
1434,189,3230794,3230798,1080,0x0F,set_decoding_map,0
1435,189,3231878,3231882,2952,0x08,audio_frame,0
1436,189,3234834,3234838,6,0x09,silence_frame,0
1437,189,3234844,3234848,14022,0x11,video_data_11,3
1438,189,3248870,3248874,132,0x13,documented_unknown_13,0
1439,189,3249006,3249010,0,0x04,start_stop_audio,0
1440,189,3249010,3249014,6,0x07,send_buffer,1
1441,189,3249020,3249024,0,0x01,end_of_chunk,0
1442,190,3249028,3249032,1080,0x0F,set_decoding_map,0
1443,190,3250112,3250116,2952,0x08,audio_frame,0
1444,190,3253068,3253072,6,0x09,silence_frame,0
1445,190,3253078,3253082,14028,0x11,video_data_11,3
1446,190,3267110,3267114,132,0x13,documented_unknown_13,0
1447,190,3267246,3267250,0,0x04,start_stop_audio,0
1448,190,3267250,3267254,6,0x07,send_buffer,1
1449,190,3267260,3267264,0,0x01,end_of_chunk,0
1450,191,3267268,3267272,1080,0x0F,set_decoding_map,0
1451,191,3268352,3268356,2952,0x08,audio_frame,0
1452,191,3271308,3271312,6,0x09,silence_frame,0
1453,191,3271318,3271322,14022,0x11,video_data_11,3
1454,191,3285344,3285348,132,0x13,documented_unknown_13,0
1455,191,3285480,3285484,0,0x04,start_stop_audio,0
1456,191,3285484,3285488,6,0x07,send_buffer,1
1457,191,3285494,3285498,0,0x01,end_of_chunk,0
1458,192,3285502,3285506,1080,0x0F,set_decoding_map,0
1459,192,3286586,3286590,2952,0x08,audio_frame,0
1460,192,3289542,3289546,6,0x09,silence_frame,0
1461,192,3289552,3289556,14028,0x11,video_data_11,3
1462,192,3303584,3303588,132,0x13,documented_unknown_13,0
1463,192,3303720,3303724,0,0x04,start_stop_audio,0
1464,192,3303724,3303728,6,0x07,send_buffer,1
1465,192,3303734,3303738,0,0x01,end_of_chunk,0
1466,193,3303742,3303746,1080,0x0F,set_decoding_map,0
1467,193,3304826,3304830,2952,0x08,audio_frame,0
1468,193,3307782,3307786,6,0x09,silence_frame,0
1469,193,3307792,3307796,14022,0x11,video_data_11,3
1470,193,3321818,3321822,132,0x13,documented_unknown_13,0
1471,193,3321954,3321958,0,0x04,start_stop_audio,0
1472,193,3321958,3321962,6,0x07,send_buffer,1
1473,193,3321968,3321972,0,0x01,end_of_chunk,0
1474,194,3321976,3321980,1080,0x0F,set_decoding_map,0
1475,194,3323060,3323064,2952,0x08,audio_frame,0
1476,194,3326016,3326020,6,0x09,silence_frame,0
1477,194,3326026,3326030,14022,0x11,video_data_11,3
1478,194,3340052,3340056,132,0x13,documented_unknown_13,0
1479,194,3340188,3340192,0,0x04,start_stop_audio,0
1480,194,3340192,3340196,6,0x07,send_buffer,1
1481,194,3340202,3340206,0,0x01,end_of_chunk,0
1482,195,3340210,3340214,1080,0x0F,set_decoding_map,0
1483,195,3341294,3341298,2952,0x08,audio_frame,0
1484,195,3344250,3344254,6,0x09,silence_frame,0
1485,195,3344260,3344264,14026,0x11,video_data_11,3
1486,195,3358290,3358294,132,0x13,documented_unknown_13,0
1487,195,3358426,3358430,0,0x04,start_stop_audio,0
1488,195,3358430,3358434,6,0x07,send_buffer,1
1489,195,3358440,3358444,0,0x01,end_of_chunk,0
1490,196,3358448,3358452,1080,0x0F,set_decoding_map,0
1491,196,3359532,3359536,2952,0x08,audio_frame,0
1492,196,3362488,3362492,6,0x09,silence_frame,0
1493,196,3362498,3362502,14068,0x11,video_data_11,3
1494,196,3376570,3376574,132,0x13,documented_unknown_13,0
1495,196,3376706,3376710,0,0x04,start_stop_audio,0
1496,196,3376710,3376714,6,0x07,send_buffer,1
1497,196,3376720,3376724,0,0x01,end_of_chunk,0
1498,197,3376728,3376732,1080,0x0F,set_decoding_map,0
1499,197,3377812,3377816,2932,0x08,audio_frame,0
1500,197,3380748,3380752,6,0x09,silence_frame,0
1501,197,3380758,3380762,14080,0x11,video_data_11,3
1502,197,3394842,3394846,132,0x13,documented_unknown_13,0
1503,197,3394978,3394982,0,0x04,start_stop_audio,0
1504,197,3394982,3394986,6,0x07,send_buffer,1
1505,197,3394992,3394996,0,0x01,end_of_chunk,0
1506,198,3395000,3395004,1080,0x0F,set_decoding_map,0
1507,198,3396084,3396088,2952,0x08,audio_frame,0
1508,198,3399040,3399044,6,0x09,silence_frame,0
1509,198,3399050,3399054,14028,0x11,video_data_11,3
1510,198,3413082,3413086,132,0x13,documented_unknown_13,0
1511,198,3413218,3413222,0,0x04,start_stop_audio,0
1512,198,3413222,3413226,6,0x07,send_buffer,1
1513,198,3413232,3413236,0,0x01,end_of_chunk,0
1514,199,3413240,3413244,1080,0x0F,set_decoding_map,0
1515,199,3414324,3414328,2952,0x08,audio_frame,0
1516,199,3417280,3417284,6,0x09,silence_frame,0
1517,199,3417290,3417294,14032,0x11,video_data_11,3
1518,199,3431326,3431330,132,0x13,documented_unknown_13,0
1519,199,3431462,3431466,0,0x04,start_stop_audio,0
1520,199,3431466,3431470,6,0x07,send_buffer,1
1521,199,3431476,3431480,0,0x01,end_of_chunk,0
1522,200,3431484,3431488,1080,0x0F,set_decoding_map,0
1523,200,3432568,3432572,2952,0x08,audio_frame,0
1524,200,3435524,3435528,6,0x09,silence_frame,0
1525,200,3435534,3435538,14070,0x11,video_data_11,3
1526,200,3449608,3449612,132,0x13,documented_unknown_13,0
1527,200,3449744,3449748,0,0x04,start_stop_audio,0
1528,200,3449748,3449752,6,0x07,send_buffer,1
1529,200,3449758,3449762,0,0x01,end_of_chunk,0
1530,201,3449766,3449770,1080,0x0F,set_decoding_map,0
1531,201,3450850,3450854,2952,0x08,audio_frame,0
1532,201,3453806,3453810,6,0x09,silence_frame,0
1533,201,3453816,3453820,14036,0x11,video_data_11,3
1534,201,3467856,3467860,132,0x13,documented_unknown_13,0
1535,201,3467992,3467996,0,0x04,start_stop_audio,0
1536,201,3467996,3468000,6,0x07,send_buffer,1
1537,201,3468006,3468010,0,0x01,end_of_chunk,0
1538,202,3468014,3468018,1080,0x0F,set_decoding_map,0
1539,202,3469098,3469102,2952,0x08,audio_frame,0
1540,202,3472054,3472058,6,0x09,silence_frame,0
1541,202,3472064,3472068,14050,0x11,video_data_11,3
1542,202,3486118,3486122,132,0x13,documented_unknown_13,0
1543,202,3486254,3486258,0,0x04,start_stop_audio,0
1544,202,3486258,3486262,6,0x07,send_buffer,1
1545,202,3486268,3486272,0,0x01,end_of_chunk,0
1546,203,3486276,3486280,1080,0x0F,set_decoding_map,0
1547,203,3487360,3487364,2952,0x08,audio_frame,0
1548,203,3490316,3490320,6,0x09,silence_frame,0
1549,203,3490326,3490330,14022,0x11,video_data_11,3
1550,203,3504352,3504356,132,0x13,documented_unknown_13,0
1551,203,3504488,3504492,0,0x04,start_stop_audio,0
1552,203,3504492,3504496,6,0x07,send_buffer,1
1553,203,3504502,3504506,0,0x01,end_of_chunk,0
1554,204,3504510,3504514,1080,0x0F,set_decoding_map,0
1555,204,3505594,3505598,2952,0x08,audio_frame,0
1556,204,3508550,3508554,6,0x09,silence_frame,0
1557,204,3508560,3508564,14040,0x11,video_data_11,3
1558,204,3522604,3522608,132,0x13,documented_unknown_13,0
1559,204,3522740,3522744,0,0x04,start_stop_audio,0
1560,204,3522744,3522748,6,0x07,send_buffer,1
1561,204,3522754,3522758,0,0x01,end_of_chunk,0
1562,205,3522762,3522766,1080,0x0F,set_decoding_map,0
1563,205,3523846,3523850,2952,0x08,audio_frame,0
1564,205,3526802,3526806,6,0x09,silence_frame,0
1565,205,3526812,3526816,14038,0x11,video_data_11,3
1566,205,3540854,3540858,132,0x13,documented_unknown_13,0
1567,205,3540990,3540994,0,0x04,start_stop_audio,0
1568,205,3540994,3540998,6,0x07,send_buffer,1
1569,205,3541004,3541008,0,0x01,end_of_chunk,0
1570,206,3541012,3541016,1080,0x0F,set_decoding_map,0
1571,206,3542096,3542100,2952,0x08,audio_frame,0
1572,206,3545052,3545056,6,0x09,silence_frame,0
1573,206,3545062,3545066,14026,0x11,video_data_11,3
1574,206,3559092,3559096,132,0x13,documented_unknown_13,0
1575,206,3559228,3559232,0,0x04,start_stop_audio,0
1576,206,3559232,3559236,6,0x07,send_buffer,1
1577,206,3559242,3559246,0,0x01,end_of_chunk,0
1578,207,3559250,3559254,1080,0x0F,set_decoding_map,0
1579,207,3560334,3560338,2952,0x08,audio_frame,0
1580,207,3563290,3563294,6,0x09,silence_frame,0
1581,207,3563300,3563304,14036,0x11,video_data_11,3
1582,207,3577340,3577344,132,0x13,documented_unknown_13,0
1583,207,3577476,3577480,0,0x04,start_stop_audio,0
1584,207,3577480,3577484,6,0x07,send_buffer,1
1585,207,3577490,3577494,0,0x01,end_of_chunk,0
1586,208,3577498,3577502,1080,0x0F,set_decoding_map,0
1587,208,3578582,3578586,2952,0x08,audio_frame,0
1588,208,3581538,3581542,6,0x09,silence_frame,0
1589,208,3581548,3581552,14044,0x11,video_data_11,3
1590,208,3595596,3595600,132,0x13,documented_unknown_13,0
1591,208,3595732,3595736,0,0x04,start_stop_audio,0
1592,208,3595736,3595740,6,0x07,send_buffer,1
1593,208,3595746,3595750,0,0x01,end_of_chunk,0
1594,209,3595754,3595758,1080,0x0F,set_decoding_map,0
1595,209,3596838,3596842,2952,0x08,audio_frame,0
1596,209,3599794,3599798,6,0x09,silence_frame,0
1597,209,3599804,3599808,14026,0x11,video_data_11,3
1598,209,3613834,3613838,132,0x13,documented_unknown_13,0
1599,209,3613970,3613974,0,0x04,start_stop_audio,0
1600,209,3613974,3613978,6,0x07,send_buffer,1
1601,209,3613984,3613988,0,0x01,end_of_chunk,0
1602,210,3613992,3613996,1080,0x0F,set_decoding_map,0
1603,210,3615076,3615080,2952,0x08,audio_frame,0
1604,210,3618032,3618036,6,0x09,silence_frame,0
1605,210,3618042,3618046,14040,0x11,video_data_11,3
1606,210,3632086,3632090,132,0x13,documented_unknown_13,0
1607,210,3632222,3632226,0,0x04,start_stop_audio,0
1608,210,3632226,3632230,6,0x07,send_buffer,1
1609,210,3632236,3632240,0,0x01,end_of_chunk,0
1610,211,3632244,3632248,1080,0x0F,set_decoding_map,0
1611,211,3633328,3633332,2952,0x08,audio_frame,0
1612,211,3636284,3636288,6,0x09,silence_frame,0
1613,211,3636294,3636298,14030,0x11,video_data_11,3
1614,211,3650328,3650332,132,0x13,documented_unknown_13,0
1615,211,3650464,3650468,0,0x04,start_stop_audio,0
1616,211,3650468,3650472,6,0x07,send_buffer,1
1617,211,3650478,3650482,0,0x01,end_of_chunk,0
1618,212,3650486,3650490,1080,0x0F,set_decoding_map,0
1619,212,3651570,3651574,2932,0x08,audio_frame,0
1620,212,3654506,3654510,6,0x09,silence_frame,0
1621,212,3654516,3654520,14026,0x11,video_data_11,3
1622,212,3668546,3668550,132,0x13,documented_unknown_13,0
1623,212,3668682,3668686,0,0x04,start_stop_audio,0
1624,212,3668686,3668690,6,0x07,send_buffer,1
1625,212,3668696,3668700,0,0x01,end_of_chunk,0
1626,213,3668704,3668708,1080,0x0F,set_decoding_map,0
1627,213,3669788,3669792,2952,0x08,audio_frame,0
1628,213,3672744,3672748,6,0x09,silence_frame,0
1629,213,3672754,3672758,14036,0x11,video_data_11,3
1630,213,3686794,3686798,132,0x13,documented_unknown_13,0
1631,213,3686930,3686934,0,0x04,start_stop_audio,0
1632,213,3686934,3686938,6,0x07,send_buffer,1
1633,213,3686944,3686948,0,0x01,end_of_chunk,0
1634,214,3686952,3686956,1080,0x0F,set_decoding_map,0
1635,214,3688036,3688040,2952,0x08,audio_frame,0
1636,214,3690992,3690996,6,0x09,silence_frame,0
1637,214,3691002,3691006,14044,0x11,video_data_11,3
1638,214,3705050,3705054,132,0x13,documented_unknown_13,0
1639,214,3705186,3705190,0,0x04,start_stop_audio,0
1640,214,3705190,3705194,6,0x07,send_buffer,1
1641,214,3705200,3705204,0,0x01,end_of_chunk,0
1642,215,3705208,3705212,1080,0x0F,set_decoding_map,0
1643,215,3706292,3706296,2952,0x08,audio_frame,0
1644,215,3709248,3709252,6,0x09,silence_frame,0
1645,215,3709258,3709262,14032,0x11,video_data_11,3
1646,215,3723294,3723298,132,0x13,documented_unknown_13,0
1647,215,3723430,3723434,0,0x04,start_stop_audio,0
1648,215,3723434,3723438,6,0x07,send_buffer,1
1649,215,3723444,3723448,0,0x01,end_of_chunk,0
1650,216,3723452,3723456,1080,0x0F,set_decoding_map,0
1651,216,3724536,3724540,2952,0x08,audio_frame,0
1652,216,3727492,3727496,6,0x09,silence_frame,0
1653,216,3727502,3727506,14026,0x11,video_data_11,3
1654,216,3741532,3741536,132,0x13,documented_unknown_13,0
1655,216,3741668,3741672,0,0x04,start_stop_audio,0
1656,216,3741672,3741676,6,0x07,send_buffer,1
1657,216,3741682,3741686,0,0x01,end_of_chunk,0
1658,217,3741690,3741694,1080,0x0F,set_decoding_map,0
1659,217,3742774,3742778,2952,0x08,audio_frame,0
1660,217,3745730,3745734,6,0x09,silence_frame,0
1661,217,3745740,3745744,14034,0x11,video_data_11,3
1662,217,3759778,3759782,132,0x13,documented_unknown_13,0
1663,217,3759914,3759918,0,0x04,start_stop_audio,0
1664,217,3759918,3759922,6,0x07,send_buffer,1
1665,217,3759928,3759932,0,0x01,end_of_chunk,0
1666,218,3759936,3759940,1080,0x0F,set_decoding_map,0
1667,218,3761020,3761024,2952,0x08,audio_frame,0
1668,218,3763976,3763980,6,0x09,silence_frame,0
1669,218,3763986,3763990,14052,0x11,video_data_11,3
1670,218,3778042,3778046,132,0x13,documented_unknown_13,0
1671,218,3778178,3778182,0,0x04,start_stop_audio,0
1672,218,3778182,3778186,6,0x07,send_buffer,1
1673,218,3778192,3778196,0,0x01,end_of_chunk,0
1674,219,3778200,3778204,1080,0x0F,set_decoding_map,0
1675,219,3779284,3779288,2952,0x08,audio_frame,0
1676,219,3782240,3782244,6,0x09,silence_frame,0
1677,219,3782250,3782254,14052,0x11,video_data_11,3
1678,219,3796306,3796310,132,0x13,documented_unknown_13,0
1679,219,3796442,3796446,0,0x04,start_stop_audio,0
1680,219,3796446,3796450,6,0x07,send_buffer,1
1681,219,3796456,3796460,0,0x01,end_of_chunk,0
1682,220,3796464,3796468,1080,0x0F,set_decoding_map,0
1683,220,3797548,3797552,2952,0x08,audio_frame,0
1684,220,3800504,3800508,6,0x09,silence_frame,0
1685,220,3800514,3800518,14050,0x11,video_data_11,3
1686,220,3814568,3814572,132,0x13,documented_unknown_13,0
1687,220,3814704,3814708,0,0x04,start_stop_audio,0
1688,220,3814708,3814712,6,0x07,send_buffer,1
1689,220,3814718,3814722,0,0x01,end_of_chunk,0
1690,221,3814726,3814730,1080,0x0F,set_decoding_map,0
1691,221,3815810,3815814,2952,0x08,audio_frame,0
1692,221,3818766,3818770,6,0x09,silence_frame,0
1693,221,3818776,3818780,14044,0x11,video_data_11,3
1694,221,3832824,3832828,132,0x13,documented_unknown_13,0
1695,221,3832960,3832964,0,0x04,start_stop_audio,0
1696,221,3832964,3832968,6,0x07,send_buffer,1
1697,221,3832974,3832978,0,0x01,end_of_chunk,0
1698,222,3832982,3832986,1080,0x0F,set_decoding_map,0
1699,222,3834066,3834070,2952,0x08,audio_frame,0
1700,222,3837022,3837026,6,0x09,silence_frame,0
1701,222,3837032,3837036,14044,0x11,video_data_11,3
1702,222,3851080,3851084,132,0x13,documented_unknown_13,0
1703,222,3851216,3851220,0,0x04,start_stop_audio,0
1704,222,3851220,3851224,6,0x07,send_buffer,1
1705,222,3851230,3851234,0,0x01,end_of_chunk,0
1706,223,3851238,3851242,1080,0x0F,set_decoding_map,0
1707,223,3852322,3852326,2952,0x08,audio_frame,0
1708,223,3855278,3855282,6,0x09,silence_frame,0
1709,223,3855288,3855292,14022,0x11,video_data_11,3
1710,223,3869314,3869318,132,0x13,documented_unknown_13,0
1711,223,3869450,3869454,0,0x04,start_stop_audio,0
1712,223,3869454,3869458,6,0x07,send_buffer,1
1713,223,3869464,3869468,0,0x01,end_of_chunk,0
1714,224,3869472,3869476,1080,0x0F,set_decoding_map,0
1715,224,3870556,3870560,2952,0x08,audio_frame,0
1716,224,3873512,3873516,6,0x09,silence_frame,0
1717,224,3873522,3873526,14050,0x11,video_data_11,3
1718,224,3887576,3887580,132,0x13,documented_unknown_13,0
1719,224,3887712,3887716,0,0x04,start_stop_audio,0
1720,224,3887716,3887720,6,0x07,send_buffer,1
1721,224,3887726,3887730,0,0x01,end_of_chunk,0
1722,225,3887734,3887738,1080,0x0F,set_decoding_map,0
1723,225,3888818,3888822,2952,0x08,audio_frame,0
1724,225,3891774,3891778,6,0x09,silence_frame,0
1725,225,3891784,3891788,14032,0x11,video_data_11,3
1726,225,3905820,3905824,132,0x13,documented_unknown_13,0
1727,225,3905956,3905960,0,0x04,start_stop_audio,0
1728,225,3905960,3905964,6,0x07,send_buffer,1
1729,225,3905970,3905974,0,0x01,end_of_chunk,0
1730,226,3905978,3905982,1080,0x0F,set_decoding_map,0
1731,226,3907062,3907066,2952,0x08,audio_frame,0
1732,226,3910018,3910022,6,0x09,silence_frame,0
1733,226,3910028,3910032,14038,0x11,video_data_11,3
1734,226,3924070,3924074,132,0x13,documented_unknown_13,0
1735,226,3924206,3924210,0,0x04,start_stop_audio,0
1736,226,3924210,3924214,6,0x07,send_buffer,1
1737,226,3924220,3924224,0,0x01,end_of_chunk,0
1738,227,3924228,3924232,1080,0x0F,set_decoding_map,0
1739,227,3925312,3925316,2932,0x08,audio_frame,0
1740,227,3928248,3928252,6,0x09,silence_frame,0
1741,227,3928258,3928262,14044,0x11,video_data_11,3
1742,227,3942306,3942310,132,0x13,documented_unknown_13,0
1743,227,3942442,3942446,0,0x04,start_stop_audio,0
1744,227,3942446,3942450,6,0x07,send_buffer,1
1745,227,3942456,3942460,0,0x01,end_of_chunk,0
1746,228,3942464,3942468,1080,0x0F,set_decoding_map,0
1747,228,3943548,3943552,2952,0x08,audio_frame,0
1748,228,3946504,3946508,6,0x09,silence_frame,0
1749,228,3946514,3946518,14022,0x11,video_data_11,3
1750,228,3960540,3960544,132,0x13,documented_unknown_13,0
1751,228,3960676,3960680,0,0x04,start_stop_audio,0
1752,228,3960680,3960684,6,0x07,send_buffer,1
1753,228,3960690,3960694,0,0x01,end_of_chunk,0
1754,229,3960698,3960702,1080,0x0F,set_decoding_map,0
1755,229,3961782,3961786,2952,0x08,audio_frame,0
1756,229,3964738,3964742,6,0x09,silence_frame,0
1757,229,3964748,3964752,14052,0x11,video_data_11,3
1758,229,3978804,3978808,132,0x13,documented_unknown_13,0
1759,229,3978940,3978944,0,0x04,start_stop_audio,0
1760,229,3978944,3978948,6,0x07,send_buffer,1
1761,229,3978954,3978958,0,0x01,end_of_chunk,0
1762,230,3978962,3978966,1080,0x0F,set_decoding_map,0
1763,230,3980046,3980050,2952,0x08,audio_frame,0
1764,230,3983002,3983006,6,0x09,silence_frame,0
1765,230,3983012,3983016,14072,0x11,video_data_11,3
1766,230,3997088,3997092,132,0x13,documented_unknown_13,0
1767,230,3997224,3997228,0,0x04,start_stop_audio,0
1768,230,3997228,3997232,6,0x07,send_buffer,1
1769,230,3997238,3997242,0,0x01,end_of_chunk,0
1770,231,3997246,3997250,1080,0x0F,set_decoding_map,0
1771,231,3998330,3998334,2952,0x08,audio_frame,0
1772,231,4001286,4001290,6,0x09,silence_frame,0
1773,231,4001296,4001300,14030,0x11,video_data_11,3
1774,231,4015330,4015334,132,0x13,documented_unknown_13,0
1775,231,4015466,4015470,0,0x04,start_stop_audio,0
1776,231,4015470,4015474,6,0x07,send_buffer,1
1777,231,4015480,4015484,0,0x01,end_of_chunk,0
1778,232,4015488,4015492,1080,0x0F,set_decoding_map,0
1779,232,4016572,4016576,2952,0x08,audio_frame,0
1780,232,4019528,4019532,6,0x09,silence_frame,0
1781,232,4019538,4019542,14022,0x11,video_data_11,3
1782,232,4033564,4033568,132,0x13,documented_unknown_13,0
1783,232,4033700,4033704,0,0x04,start_stop_audio,0
1784,232,4033704,4033708,6,0x07,send_buffer,1
1785,232,4033714,4033718,0,0x01,end_of_chunk,0
1786,233,4033722,4033726,1080,0x0F,set_decoding_map,0
1787,233,4034806,4034810,2952,0x08,audio_frame,0
1788,233,4037762,4037766,6,0x09,silence_frame,0
1789,233,4037772,4037776,14024,0x11,video_data_11,3
1790,233,4051800,4051804,132,0x13,documented_unknown_13,0
1791,233,4051936,4051940,0,0x04,start_stop_audio,0
1792,233,4051940,4051944,6,0x07,send_buffer,1
1793,233,4051950,4051954,0,0x01,end_of_chunk,0
1794,234,4051958,4051962,1080,0x0F,set_decoding_map,0
1795,234,4053042,4053046,2952,0x08,audio_frame,0
1796,234,4055998,4056002,6,0x09,silence_frame,0
1797,234,4056008,4056012,14052,0x11,video_data_11,3
1798,234,4070064,4070068,132,0x13,documented_unknown_13,0
1799,234,4070200,4070204,0,0x04,start_stop_audio,0
1800,234,4070204,4070208,6,0x07,send_buffer,1
1801,234,4070214,4070218,0,0x01,end_of_chunk,0
1802,235,4070222,4070226,1080,0x0F,set_decoding_map,0
1803,235,4071306,4071310,2952,0x08,audio_frame,0
1804,235,4074262,4074266,6,0x09,silence_frame,0
1805,235,4074272,4074276,14028,0x11,video_data_11,3
1806,235,4088304,4088308,132,0x13,documented_unknown_13,0
1807,235,4088440,4088444,0,0x04,start_stop_audio,0
1808,235,4088444,4088448,6,0x07,send_buffer,1
1809,235,4088454,4088458,0,0x01,end_of_chunk,0
1810,236,4088462,4088466,1080,0x0F,set_decoding_map,0
1811,236,4089546,4089550,2952,0x08,audio_frame,0
1812,236,4092502,4092506,6,0x09,silence_frame,0
1813,236,4092512,4092516,14078,0x11,video_data_11,3
1814,236,4106594,4106598,132,0x13,documented_unknown_13,0
1815,236,4106730,4106734,0,0x04,start_stop_audio,0
1816,236,4106734,4106738,6,0x07,send_buffer,1
1817,236,4106744,4106748,0,0x01,end_of_chunk,0
1818,237,4106752,4106756,1080,0x0F,set_decoding_map,0
1819,237,4107836,4107840,2952,0x08,audio_frame,0
1820,237,4110792,4110796,6,0x09,silence_frame,0
1821,237,4110802,4110806,14050,0x11,video_data_11,3
1822,237,4124856,4124860,132,0x13,documented_unknown_13,0
1823,237,4124992,4124996,0,0x04,start_stop_audio,0
1824,237,4124996,4125000,6,0x07,send_buffer,1
1825,237,4125006,4125010,0,0x01,end_of_chunk,0
1826,238,4125014,4125018,1080,0x0F,set_decoding_map,0
1827,238,4126098,4126102,2952,0x08,audio_frame,0
1828,238,4129054,4129058,6,0x09,silence_frame,0
1829,238,4129064,4129068,14026,0x11,video_data_11,3
1830,238,4143094,4143098,132,0x13,documented_unknown_13,0
1831,238,4143230,4143234,0,0x04,start_stop_audio,0
1832,238,4143234,4143238,6,0x07,send_buffer,1
1833,238,4143244,4143248,0,0x01,end_of_chunk,0
1834,239,4143252,4143256,1080,0x0F,set_decoding_map,0
1835,239,4144336,4144340,2952,0x08,audio_frame,0
1836,239,4147292,4147296,6,0x09,silence_frame,0
1837,239,4147302,4147306,14040,0x11,video_data_11,3
1838,239,4161346,4161350,132,0x13,documented_unknown_13,0
1839,239,4161482,4161486,0,0x04,start_stop_audio,0
1840,239,4161486,4161490,6,0x07,send_buffer,1
1841,239,4161496,4161500,0,0x01,end_of_chunk,0
1842,240,4161504,4161508,1080,0x0F,set_decoding_map,0
1843,240,4162588,4162592,2952,0x08,audio_frame,0
1844,240,4165544,4165548,6,0x09,silence_frame,0
1845,240,4165554,4165558,14022,0x11,video_data_11,3
1846,240,4179580,4179584,132,0x13,documented_unknown_13,0
1847,240,4179716,4179720,0,0x04,start_stop_audio,0
1848,240,4179720,4179724,6,0x07,send_buffer,1
1849,240,4179730,4179734,0,0x01,end_of_chunk,0
1850,241,4179738,4179742,1080,0x0F,set_decoding_map,0
1851,241,4180822,4180826,2952,0x08,audio_frame,0
1852,241,4183778,4183782,6,0x09,silence_frame,0
1853,241,4183788,4183792,14050,0x11,video_data_11,3
1854,241,4197842,4197846,132,0x13,documented_unknown_13,0
1855,241,4197978,4197982,0,0x04,start_stop_audio,0
1856,241,4197982,4197986,6,0x07,send_buffer,1
1857,241,4197992,4197996,0,0x01,end_of_chunk,0
1858,242,4198000,4198004,1080,0x0F,set_decoding_map,0
1859,242,4199084,4199088,2932,0x08,audio_frame,0
1860,242,4202020,4202024,6,0x09,silence_frame,0
1861,242,4202030,4202034,14030,0x11,video_data_11,3
1862,242,4216064,4216068,132,0x13,documented_unknown_13,0
1863,242,4216200,4216204,0,0x04,start_stop_audio,0
1864,242,4216204,4216208,6,0x07,send_buffer,1
1865,242,4216214,4216218,0,0x01,end_of_chunk,0
1866,243,4216222,4216226,1080,0x0F,set_decoding_map,0
1867,243,4217306,4217310,2952,0x08,audio_frame,0
1868,243,4220262,4220266,6,0x09,silence_frame,0
1869,243,4220272,4220276,14034,0x11,video_data_11,3
1870,243,4234310,4234314,132,0x13,documented_unknown_13,0
1871,243,4234446,4234450,0,0x04,start_stop_audio,0
1872,243,4234450,4234454,6,0x07,send_buffer,1
1873,243,4234460,4234464,0,0x01,end_of_chunk,0
1874,244,4234468,4234472,1080,0x0F,set_decoding_map,0
1875,244,4235552,4235556,2952,0x08,audio_frame,0
1876,244,4238508,4238512,6,0x09,silence_frame,0
1877,244,4238518,4238522,14036,0x11,video_data_11,3
1878,244,4252558,4252562,132,0x13,documented_unknown_13,0
1879,244,4252694,4252698,0,0x04,start_stop_audio,0
1880,244,4252698,4252702,6,0x07,send_buffer,1
1881,244,4252708,4252712,0,0x01,end_of_chunk,0
1882,245,4252716,4252720,1080,0x0F,set_decoding_map,0
1883,245,4253800,4253804,2952,0x08,audio_frame,0
1884,245,4256756,4256760,6,0x09,silence_frame,0
1885,245,4256766,4256770,14058,0x11,video_data_11,3
1886,245,4270828,4270832,132,0x13,documented_unknown_13,0
1887,245,4270964,4270968,0,0x04,start_stop_audio,0
1888,245,4270968,4270972,6,0x07,send_buffer,1
1889,245,4270978,4270982,0,0x01,end_of_chunk,0
1890,246,4270986,4270990,1080,0x0F,set_decoding_map,0
1891,246,4272070,4272074,2952,0x08,audio_frame,0
1892,246,4275026,4275030,6,0x09,silence_frame,0
1893,246,4275036,4275040,14048,0x11,video_data_11,3
1894,246,4289088,4289092,132,0x13,documented_unknown_13,0
1895,246,4289224,4289228,0,0x04,start_stop_audio,0
1896,246,4289228,4289232,6,0x07,send_buffer,1
1897,246,4289238,4289242,0,0x01,end_of_chunk,0
1898,247,4289246,4289250,1080,0x0F,set_decoding_map,0
1899,247,4290330,4290334,2952,0x08,audio_frame,0
1900,247,4293286,4293290,6,0x09,silence_frame,0
1901,247,4293296,4293300,14046,0x11,video_data_11,3
1902,247,4307346,4307350,132,0x13,documented_unknown_13,0
1903,247,4307482,4307486,0,0x04,start_stop_audio,0
1904,247,4307486,4307490,6,0x07,send_buffer,1
1905,247,4307496,4307500,0,0x01,end_of_chunk,0
1906,248,4307504,4307508,1080,0x0F,set_decoding_map,0
1907,248,4308588,4308592,2952,0x08,audio_frame,0
1908,248,4311544,4311548,6,0x09,silence_frame,0
1909,248,4311554,4311558,14034,0x11,video_data_11,3
1910,248,4325592,4325596,132,0x13,documented_unknown_13,0
1911,248,4325728,4325732,0,0x04,start_stop_audio,0
1912,248,4325732,4325736,6,0x07,send_buffer,1
1913,248,4325742,4325746,0,0x01,end_of_chunk,0
1914,249,4325750,4325754,1080,0x0F,set_decoding_map,0
1915,249,4326834,4326838,2952,0x08,audio_frame,0
1916,249,4329790,4329794,6,0x09,silence_frame,0
1917,249,4329800,4329804,14030,0x11,video_data_11,3
1918,249,4343834,4343838,132,0x13,documented_unknown_13,0
1919,249,4343970,4343974,0,0x04,start_stop_audio,0
1920,249,4343974,4343978,6,0x07,send_buffer,1
1921,249,4343984,4343988,0,0x01,end_of_chunk,0
1922,250,4343992,4343996,1080,0x0F,set_decoding_map,0
1923,250,4345076,4345080,2952,0x08,audio_frame,0
1924,250,4348032,4348036,6,0x09,silence_frame,0
1925,250,4348042,4348046,14036,0x11,video_data_11,3
1926,250,4362082,4362086,132,0x13,documented_unknown_13,0
1927,250,4362218,4362222,0,0x04,start_stop_audio,0
1928,250,4362222,4362226,6,0x07,send_buffer,1
1929,250,4362232,4362236,0,0x01,end_of_chunk,0
1930,251,4362240,4362244,1080,0x0F,set_decoding_map,0
1931,251,4363324,4363328,2952,0x08,audio_frame,0
1932,251,4366280,4366284,6,0x09,silence_frame,0
1933,251,4366290,4366294,14022,0x11,video_data_11,3
1934,251,4380316,4380320,132,0x13,documented_unknown_13,0
1935,251,4380452,4380456,0,0x04,start_stop_audio,0
1936,251,4380456,4380460,6,0x07,send_buffer,1
1937,251,4380466,4380470,0,0x01,end_of_chunk,0
1938,252,4380474,4380478,1080,0x0F,set_decoding_map,0
1939,252,4381558,4381562,2952,0x08,audio_frame,0
1940,252,4384514,4384518,6,0x09,silence_frame,0
1941,252,4384524,4384528,14026,0x11,video_data_11,3
1942,252,4398554,4398558,132,0x13,documented_unknown_13,0
1943,252,4398690,4398694,0,0x04,start_stop_audio,0
1944,252,4398694,4398698,6,0x07,send_buffer,1
1945,252,4398704,4398708,0,0x01,end_of_chunk,0
1946,253,4398712,4398716,1080,0x0F,set_decoding_map,0
1947,253,4399796,4399800,2952,0x08,audio_frame,0
1948,253,4402752,4402756,6,0x09,silence_frame,0
1949,253,4402762,4402766,14032,0x11,video_data_11,3
1950,253,4416798,4416802,132,0x13,documented_unknown_13,0
1951,253,4416934,4416938,0,0x04,start_stop_audio,0
1952,253,4416938,4416942,6,0x07,send_buffer,1
1953,253,4416948,4416952,0,0x01,end_of_chunk,0
1954,254,4416956,4416960,1080,0x0F,set_decoding_map,0
1955,254,4418040,4418044,2952,0x08,audio_frame,0
1956,254,4420996,4421000,6,0x09,silence_frame,0
1957,254,4421006,4421010,14022,0x11,video_data_11,3
1958,254,4435032,4435036,132,0x13,documented_unknown_13,0
1959,254,4435168,4435172,0,0x04,start_stop_audio,0
1960,254,4435172,4435176,6,0x07,send_buffer,1
1961,254,4435182,4435186,0,0x01,end_of_chunk,0
1962,255,4435190,4435194,1080,0x0F,set_decoding_map,0
1963,255,4436274,4436278,2952,0x08,audio_frame,0
1964,255,4439230,4439234,6,0x09,silence_frame,0
1965,255,4439240,4439244,14030,0x11,video_data_11,3
1966,255,4453274,4453278,132,0x13,documented_unknown_13,0
1967,255,4453410,4453414,0,0x04,start_stop_audio,0
1968,255,4453414,4453418,6,0x07,send_buffer,1
1969,255,4453424,4453428,0,0x01,end_of_chunk,0
1970,256,4453432,4453436,1080,0x0F,set_decoding_map,0
1971,256,4454516,4454520,2952,0x08,audio_frame,0
1972,256,4457472,4457476,6,0x09,silence_frame,0
1973,256,4457482,4457486,14042,0x11,video_data_11,3
1974,256,4471528,4471532,132,0x13,documented_unknown_13,0
1975,256,4471664,4471668,0,0x04,start_stop_audio,0
1976,256,4471668,4471672,6,0x07,send_buffer,1
1977,256,4471678,4471682,0,0x01,end_of_chunk,0
1978,257,4471686,4471690,1080,0x0F,set_decoding_map,0
1979,257,4472770,4472774,2932,0x08,audio_frame,0
1980,257,4475706,4475710,6,0x09,silence_frame,0
1981,257,4475716,4475720,14032,0x11,video_data_11,3
1982,257,4489752,4489756,132,0x13,documented_unknown_13,0
1983,257,4489888,4489892,0,0x04,start_stop_audio,0
1984,257,4489892,4489896,6,0x07,send_buffer,1
1985,257,4489902,4489906,0,0x01,end_of_chunk,0
1986,258,4489910,4489914,1080,0x0F,set_decoding_map,0
1987,258,4490994,4490998,2952,0x08,audio_frame,0
1988,258,4493950,4493954,6,0x09,silence_frame,0
1989,258,4493960,4493964,14040,0x11,video_data_11,3
1990,258,4508004,4508008,132,0x13,documented_unknown_13,0
1991,258,4508140,4508144,0,0x04,start_stop_audio,0
1992,258,4508144,4508148,6,0x07,send_buffer,1
1993,258,4508154,4508158,0,0x01,end_of_chunk,0
1994,259,4508162,4508166,1080,0x0F,set_decoding_map,0
1995,259,4509246,4509250,2952,0x08,audio_frame,0
1996,259,4512202,4512206,6,0x09,silence_frame,0
1997,259,4512212,4512216,14036,0x11,video_data_11,3
1998,259,4526252,4526256,132,0x13,documented_unknown_13,0
1999,259,4526388,4526392,0,0x04,start_stop_audio,0
2000,259,4526392,4526396,6,0x07,send_buffer,1
2001,259,4526402,4526406,0,0x01,end_of_chunk,0
2002,260,4526410,4526414,1080,0x0F,set_decoding_map,0
2003,260,4527494,4527498,2952,0x08,audio_frame,0
2004,260,4530450,4530454,6,0x09,silence_frame,0
2005,260,4530460,4530464,14024,0x11,video_data_11,3
2006,260,4544488,4544492,132,0x13,documented_unknown_13,0
2007,260,4544624,4544628,0,0x04,start_stop_audio,0
2008,260,4544628,4544632,6,0x07,send_buffer,1
2009,260,4544638,4544642,0,0x01,end_of_chunk,0
2010,261,4544646,4544650,1080,0x0F,set_decoding_map,0
2011,261,4545730,4545734,2952,0x08,audio_frame,0
2012,261,4548686,4548690,6,0x09,silence_frame,0
2013,261,4548696,4548700,14048,0x11,video_data_11,3
2014,261,4562748,4562752,132,0x13,documented_unknown_13,0
2015,261,4562884,4562888,0,0x04,start_stop_audio,0
2016,261,4562888,4562892,6,0x07,send_buffer,1
2017,261,4562898,4562902,0,0x01,end_of_chunk,0
2018,262,4562906,4562910,1080,0x0F,set_decoding_map,0
2019,262,4563990,4563994,2952,0x08,audio_frame,0
2020,262,4566946,4566950,6,0x09,silence_frame,0
2021,262,4566956,4566960,14028,0x11,video_data_11,3
2022,262,4580988,4580992,132,0x13,documented_unknown_13,0
2023,262,4581124,4581128,0,0x04,start_stop_audio,0
2024,262,4581128,4581132,6,0x07,send_buffer,1
2025,262,4581138,4581142,0,0x01,end_of_chunk,0
2026,263,4581146,4581150,1080,0x0F,set_decoding_map,0
2027,263,4582230,4582234,2952,0x08,audio_frame,0
2028,263,4585186,4585190,6,0x09,silence_frame,0
2029,263,4585196,4585200,14022,0x11,video_data_11,3
2030,263,4599222,4599226,132,0x13,documented_unknown_13,0
2031,263,4599358,4599362,0,0x04,start_stop_audio,0
2032,263,4599362,4599366,6,0x07,send_buffer,1
2033,263,4599372,4599376,0,0x01,end_of_chunk,0
2034,264,4599380,4599384,1080,0x0F,set_decoding_map,0
2035,264,4600464,4600468,2952,0x08,audio_frame,0
2036,264,4603420,4603424,6,0x09,silence_frame,0
2037,264,4603430,4603434,14050,0x11,video_data_11,3
2038,264,4617484,4617488,132,0x13,documented_unknown_13,0
2039,264,4617620,4617624,0,0x04,start_stop_audio,0
2040,264,4617624,4617628,6,0x07,send_buffer,1
2041,264,4617634,4617638,0,0x01,end_of_chunk,0
2042,265,4617642,4617646,1080,0x0F,set_decoding_map,0
2043,265,4618726,4618730,2952,0x08,audio_frame,0
2044,265,4621682,4621686,6,0x09,silence_frame,0
2045,265,4621692,4621696,14024,0x11,video_data_11,3
2046,265,4635720,4635724,132,0x13,documented_unknown_13,0
2047,265,4635856,4635860,0,0x04,start_stop_audio,0
2048,265,4635860,4635864,6,0x07,send_buffer,1
2049,265,4635870,4635874,0,0x01,end_of_chunk,0
2050,266,4635878,4635882,1080,0x0F,set_decoding_map,0
2051,266,4636962,4636966,2952,0x08,audio_frame,0
2052,266,4639918,4639922,6,0x09,silence_frame,0
2053,266,4639928,4639932,14052,0x11,video_data_11,3
2054,266,4653984,4653988,132,0x13,documented_unknown_13,0
2055,266,4654120,4654124,0,0x04,start_stop_audio,0
2056,266,4654124,4654128,6,0x07,send_buffer,1
2057,266,4654134,4654138,0,0x01,end_of_chunk,0
2058,267,4654142,4654146,1080,0x0F,set_decoding_map,0
2059,267,4655226,4655230,2952,0x08,audio_frame,0
2060,267,4658182,4658186,6,0x09,silence_frame,0
2061,267,4658192,4658196,14044,0x11,video_data_11,3
2062,267,4672240,4672244,132,0x13,documented_unknown_13,0
2063,267,4672376,4672380,0,0x04,start_stop_audio,0
2064,267,4672380,4672384,6,0x07,send_buffer,1
2065,267,4672390,4672394,0,0x01,end_of_chunk,0
2066,268,4672398,4672402,1080,0x0F,set_decoding_map,0
2067,268,4673482,4673486,2952,0x08,audio_frame,0
2068,268,4676438,4676442,6,0x09,silence_frame,0
2069,268,4676448,4676452,14044,0x11,video_data_11,3
2070,268,4690496,4690500,132,0x13,documented_unknown_13,0
2071,268,4690632,4690636,0,0x04,start_stop_audio,0
2072,268,4690636,4690640,6,0x07,send_buffer,1
2073,268,4690646,4690650,0,0x01,end_of_chunk,0
2074,269,4690654,4690658,1080,0x0F,set_decoding_map,0
2075,269,4691738,4691742,2952,0x08,audio_frame,0
2076,269,4694694,4694698,6,0x09,silence_frame,0
2077,269,4694704,4694708,14082,0x11,video_data_11,3
2078,269,4708790,4708794,132,0x13,documented_unknown_13,0
2079,269,4708926,4708930,0,0x04,start_stop_audio,0
2080,269,4708930,4708934,6,0x07,send_buffer,1
2081,269,4708940,4708944,0,0x01,end_of_chunk,0
2082,270,4708948,4708952,1080,0x0F,set_decoding_map,0
2083,270,4710032,4710036,2952,0x08,audio_frame,0
2084,270,4712988,4712992,6,0x09,silence_frame,0
2085,270,4712998,4713002,14028,0x11,video_data_11,3
2086,270,4727030,4727034,132,0x13,documented_unknown_13,0
2087,270,4727166,4727170,0,0x04,start_stop_audio,0
2088,270,4727170,4727174,6,0x07,send_buffer,1
2089,270,4727180,4727184,0,0x01,end_of_chunk,0
2090,271,4727188,4727192,1080,0x0F,set_decoding_map,0
2091,271,4728272,4728276,2952,0x08,audio_frame,0
2092,271,4731228,4731232,6,0x09,silence_frame,0
2093,271,4731238,4731242,14036,0x11,video_data_11,3
2094,271,4745278,4745282,132,0x13,documented_unknown_13,0
2095,271,4745414,4745418,0,0x04,start_stop_audio,0
2096,271,4745418,4745422,6,0x07,send_buffer,1
2097,271,4745428,4745432,0,0x01,end_of_chunk,0
2098,272,4745436,4745440,1080,0x0F,set_decoding_map,0
2099,272,4746520,4746524,2932,0x08,audio_frame,0
2100,272,4749456,4749460,6,0x09,silence_frame,0
2101,272,4749466,4749470,14028,0x11,video_data_11,3
2102,272,4763498,4763502,132,0x13,documented_unknown_13,0
2103,272,4763634,4763638,0,0x04,start_stop_audio,0
2104,272,4763638,4763642,6,0x07,send_buffer,1
2105,272,4763648,4763652,0,0x01,end_of_chunk,0
2106,273,4763656,4763660,1080,0x0F,set_decoding_map,0
2107,273,4764740,4764744,2952,0x08,audio_frame,0
2108,273,4767696,4767700,6,0x09,silence_frame,0
2109,273,4767706,4767710,14022,0x11,video_data_11,3
2110,273,4781732,4781736,132,0x13,documented_unknown_13,0
2111,273,4781868,4781872,0,0x04,start_stop_audio,0
2112,273,4781872,4781876,6,0x07,send_buffer,1
2113,273,4781882,4781886,0,0x01,end_of_chunk,0
2114,274,4781890,4781894,1080,0x0F,set_decoding_map,0
2115,274,4782974,4782978,2952,0x08,audio_frame,0
2116,274,4785930,4785934,6,0x09,silence_frame,0
2117,274,4785940,4785944,14032,0x11,video_data_11,3
2118,274,4799976,4799980,132,0x13,documented_unknown_13,0
2119,274,4800112,4800116,0,0x04,start_stop_audio,0
2120,274,4800116,4800120,6,0x07,send_buffer,1
2121,274,4800126,4800130,0,0x01,end_of_chunk,0
2122,275,4800134,4800138,1080,0x0F,set_decoding_map,0
2123,275,4801218,4801222,2952,0x08,audio_frame,0
2124,275,4804174,4804178,6,0x09,silence_frame,0
2125,275,4804184,4804188,14046,0x11,video_data_11,3
2126,275,4818234,4818238,132,0x13,documented_unknown_13,0
2127,275,4818370,4818374,0,0x04,start_stop_audio,0
2128,275,4818374,4818378,6,0x07,send_buffer,1
2129,275,4818384,4818388,0,0x01,end_of_chunk,0
2130,276,4818392,4818396,1080,0x0F,set_decoding_map,0
2131,276,4819476,4819480,2952,0x08,audio_frame,0
2132,276,4822432,4822436,6,0x09,silence_frame,0
2133,276,4822442,4822446,14026,0x11,video_data_11,3
2134,276,4836472,4836476,132,0x13,documented_unknown_13,0
2135,276,4836608,4836612,0,0x04,start_stop_audio,0
2136,276,4836612,4836616,6,0x07,send_buffer,1
2137,276,4836622,4836626,0,0x01,end_of_chunk,0
2138,277,4836630,4836634,1080,0x0F,set_decoding_map,0
2139,277,4837714,4837718,2952,0x08,audio_frame,0
2140,277,4840670,4840674,6,0x09,silence_frame,0
2141,277,4840680,4840684,14024,0x11,video_data_11,3
2142,277,4854708,4854712,132,0x13,documented_unknown_13,0
2143,277,4854844,4854848,0,0x04,start_stop_audio,0
2144,277,4854848,4854852,6,0x07,send_buffer,1
2145,277,4854858,4854862,0,0x01,end_of_chunk,0
2146,278,4854866,4854870,1080,0x0F,set_decoding_map,0
2147,278,4855950,4855954,2952,0x08,audio_frame,0
2148,278,4858906,4858910,6,0x09,silence_frame,0
2149,278,4858916,4858920,14052,0x11,video_data_11,3
2150,278,4872972,4872976,132,0x13,documented_unknown_13,0
2151,278,4873108,4873112,0,0x04,start_stop_audio,0
2152,278,4873112,4873116,6,0x07,send_buffer,1
2153,278,4873122,4873126,0,0x01,end_of_chunk,0
2154,279,4873130,4873134,1080,0x0F,set_decoding_map,0
2155,279,4874214,4874218,2952,0x08,audio_frame,0
2156,279,4877170,4877174,6,0x09,silence_frame,0
2157,279,4877180,4877184,14040,0x11,video_data_11,3
2158,279,4891224,4891228,132,0x13,documented_unknown_13,0
2159,279,4891360,4891364,0,0x04,start_stop_audio,0
2160,279,4891364,4891368,6,0x07,send_buffer,1
2161,279,4891374,4891378,0,0x01,end_of_chunk,0
2162,280,4891382,4891386,1080,0x0F,set_decoding_map,0
2163,280,4892466,4892470,2952,0x08,audio_frame,0
2164,280,4895422,4895426,6,0x09,silence_frame,0
2165,280,4895432,4895436,14054,0x11,video_data_11,3
2166,280,4909490,4909494,132,0x13,documented_unknown_13,0
2167,280,4909626,4909630,0,0x04,start_stop_audio,0
2168,280,4909630,4909634,6,0x07,send_buffer,1
2169,280,4909640,4909644,0,0x01,end_of_chunk,0
2170,281,4909648,4909652,1080,0x0F,set_decoding_map,0
2171,281,4910732,4910736,2952,0x08,audio_frame,0
2172,281,4913688,4913692,6,0x09,silence_frame,0
2173,281,4913698,4913702,14022,0x11,video_data_11,3
2174,281,4927724,4927728,132,0x13,documented_unknown_13,0
2175,281,4927860,4927864,0,0x04,start_stop_audio,0
2176,281,4927864,4927868,6,0x07,send_buffer,1
2177,281,4927874,4927878,0,0x01,end_of_chunk,0
2178,282,4927882,4927886,1080,0x0F,set_decoding_map,0
2179,282,4928966,4928970,2952,0x08,audio_frame,0
2180,282,4931922,4931926,6,0x09,silence_frame,0
2181,282,4931932,4931936,14056,0x11,video_data_11,3
2182,282,4945992,4945996,132,0x13,documented_unknown_13,0
2183,282,4946128,4946132,0,0x04,start_stop_audio,0
2184,282,4946132,4946136,6,0x07,send_buffer,1
2185,282,4946142,4946146,0,0x01,end_of_chunk,0
2186,283,4946150,4946154,1080,0x0F,set_decoding_map,0
2187,283,4947234,4947238,2952,0x08,audio_frame,0
2188,283,4950190,4950194,6,0x09,silence_frame,0
2189,283,4950200,4950204,14038,0x11,video_data_11,3
2190,283,4964242,4964246,132,0x13,documented_unknown_13,0
2191,283,4964378,4964382,0,0x04,start_stop_audio,0
2192,283,4964382,4964386,6,0x07,send_buffer,1
2193,283,4964392,4964396,0,0x01,end_of_chunk,0
2194,284,4964400,4964404,1080,0x0F,set_decoding_map,0
2195,284,4965484,4965488,2952,0x08,audio_frame,0
2196,284,4968440,4968444,6,0x09,silence_frame,0
2197,284,4968450,4968454,14034,0x11,video_data_11,3
2198,284,4982488,4982492,132,0x13,documented_unknown_13,0
2199,284,4982624,4982628,0,0x04,start_stop_audio,0
2200,284,4982628,4982632,6,0x07,send_buffer,1
2201,284,4982638,4982642,0,0x01,end_of_chunk,0
2202,285,4982646,4982650,1080,0x0F,set_decoding_map,0
2203,285,4983730,4983734,2952,0x08,audio_frame,0
2204,285,4986686,4986690,6,0x09,silence_frame,0
2205,285,4986696,4986700,14026,0x11,video_data_11,3
2206,285,5000726,5000730,132,0x13,documented_unknown_13,0
2207,285,5000862,5000866,0,0x04,start_stop_audio,0
2208,285,5000866,5000870,6,0x07,send_buffer,1
2209,285,5000876,5000880,0,0x01,end_of_chunk,0
2210,286,5000884,5000888,1080,0x0F,set_decoding_map,0
2211,286,5001968,5001972,2952,0x08,audio_frame,0
2212,286,5004924,5004928,6,0x09,silence_frame,0
2213,286,5004934,5004938,14024,0x11,video_data_11,3
2214,286,5018962,5018966,132,0x13,documented_unknown_13,0
2215,286,5019098,5019102,0,0x04,start_stop_audio,0
2216,286,5019102,5019106,6,0x07,send_buffer,1
2217,286,5019112,5019116,0,0x01,end_of_chunk,0
2218,287,5019120,5019124,1080,0x0F,set_decoding_map,0
2219,287,5020204,5020208,2932,0x08,audio_frame,0
2220,287,5023140,5023144,6,0x09,silence_frame,0
2221,287,5023150,5023154,14028,0x11,video_data_11,3
2222,287,5037182,5037186,132,0x13,documented_unknown_13,0
2223,287,5037318,5037322,0,0x04,start_stop_audio,0
2224,287,5037322,5037326,6,0x07,send_buffer,1
2225,287,5037332,5037336,0,0x01,end_of_chunk,0
2226,288,5037340,5037344,1080,0x0F,set_decoding_map,0
2227,288,5038424,5038428,2952,0x08,audio_frame,0
2228,288,5041380,5041384,6,0x09,silence_frame,0
2229,288,5041390,5041394,14038,0x11,video_data_11,3
2230,288,5055432,5055436,132,0x13,documented_unknown_13,0
2231,288,5055568,5055572,0,0x04,start_stop_audio,0
2232,288,5055572,5055576,6,0x07,send_buffer,1
2233,288,5055582,5055586,0,0x01,end_of_chunk,0
2234,289,5055590,5055594,1080,0x0F,set_decoding_map,0
2235,289,5056674,5056678,2952,0x08,audio_frame,0
2236,289,5059630,5059634,6,0x09,silence_frame,0
2237,289,5059640,5059644,14022,0x11,video_data_11,3
2238,289,5073666,5073670,132,0x13,documented_unknown_13,0
2239,289,5073802,5073806,0,0x04,start_stop_audio,0
2240,289,5073806,5073810,6,0x07,send_buffer,1
2241,289,5073816,5073820,0,0x01,end_of_chunk,0
2242,290,5073824,5073828,1080,0x0F,set_decoding_map,0
2243,290,5074908,5074912,2952,0x08,audio_frame,0
2244,290,5077864,5077868,6,0x09,silence_frame,0
2245,290,5077874,5077878,14066,0x11,video_data_11,3
2246,290,5091944,5091948,132,0x13,documented_unknown_13,0
2247,290,5092080,5092084,0,0x04,start_stop_audio,0
2248,290,5092084,5092088,6,0x07,send_buffer,1
2249,290,5092094,5092098,0,0x01,end_of_chunk,0
2250,291,5092102,5092106,1080,0x0F,set_decoding_map,0
2251,291,5093186,5093190,2952,0x08,audio_frame,0
2252,291,5096142,5096146,6,0x09,silence_frame,0
2253,291,5096152,5096156,14048,0x11,video_data_11,3
2254,291,5110204,5110208,132,0x13,documented_unknown_13,0
2255,291,5110340,5110344,0,0x04,start_stop_audio,0
2256,291,5110344,5110348,6,0x07,send_buffer,1
2257,291,5110354,5110358,0,0x01,end_of_chunk,0
2258,292,5110362,5110366,1080,0x0F,set_decoding_map,0
2259,292,5111446,5111450,2952,0x08,audio_frame,0
2260,292,5114402,5114406,6,0x09,silence_frame,0
2261,292,5114412,5114416,14038,0x11,video_data_11,3
2262,292,5128454,5128458,132,0x13,documented_unknown_13,0
2263,292,5128590,5128594,0,0x04,start_stop_audio,0
2264,292,5128594,5128598,6,0x07,send_buffer,1
2265,292,5128604,5128608,0,0x01,end_of_chunk,0
2266,293,5128612,5128616,1080,0x0F,set_decoding_map,0
2267,293,5129696,5129700,2952,0x08,audio_frame,0
2268,293,5132652,5132656,6,0x09,silence_frame,0
2269,293,5132662,5132666,14064,0x11,video_data_11,3
2270,293,5146730,5146734,132,0x13,documented_unknown_13,0
2271,293,5146866,5146870,0,0x04,start_stop_audio,0
2272,293,5146870,5146874,6,0x07,send_buffer,1
2273,293,5146880,5146884,0,0x01,end_of_chunk,0
2274,294,5146888,5146892,1080,0x0F,set_decoding_map,0
2275,294,5147972,5147976,2952,0x08,audio_frame,0
2276,294,5150928,5150932,6,0x09,silence_frame,0
2277,294,5150938,5150942,14028,0x11,video_data_11,3
2278,294,5164970,5164974,132,0x13,documented_unknown_13,0
2279,294,5165106,5165110,0,0x04,start_stop_audio,0
2280,294,5165110,5165114,6,0x07,send_buffer,1
2281,294,5165120,5165124,0,0x01,end_of_chunk,0
2282,295,5165128,5165132,1080,0x0F,set_decoding_map,0
2283,295,5166212,5166216,2952,0x08,audio_frame,0
2284,295,5169168,5169172,6,0x09,silence_frame,0
2285,295,5169178,5169182,14046,0x11,video_data_11,3
2286,295,5183228,5183232,132,0x13,documented_unknown_13,0
2287,295,5183364,5183368,0,0x04,start_stop_audio,0
2288,295,5183368,5183372,6,0x07,send_buffer,1
2289,295,5183378,5183382,0,0x01,end_of_chunk,0
2290,296,5183386,5183390,1080,0x0F,set_decoding_map,0
2291,296,5184470,5184474,2952,0x08,audio_frame,0
2292,296,5187426,5187430,6,0x09,silence_frame,0
2293,296,5187436,5187440,14028,0x11,video_data_11,3
2294,296,5201468,5201472,132,0x13,documented_unknown_13,0
2295,296,5201604,5201608,0,0x04,start_stop_audio,0
2296,296,5201608,5201612,6,0x07,send_buffer,1
2297,296,5201618,5201622,0,0x01,end_of_chunk,0
2298,297,5201626,5201630,1080,0x0F,set_decoding_map,0
2299,297,5202710,5202714,2952,0x08,audio_frame,0
2300,297,5205666,5205670,6,0x09,silence_frame,0
2301,297,5205676,5205680,14040,0x11,video_data_11,3
2302,297,5219720,5219724,132,0x13,documented_unknown_13,0
2303,297,5219856,5219860,0,0x04,start_stop_audio,0
2304,297,5219860,5219864,6,0x07,send_buffer,1
2305,297,5219870,5219874,0,0x01,end_of_chunk,0
2306,298,5219878,5219882,1080,0x0F,set_decoding_map,0
2307,298,5220962,5220966,2952,0x08,audio_frame,0
2308,298,5223918,5223922,6,0x09,silence_frame,0
2309,298,5223928,5223932,14046,0x11,video_data_11,3
2310,298,5237978,5237982,132,0x13,documented_unknown_13,0
2311,298,5238114,5238118,0,0x04,start_stop_audio,0
2312,298,5238118,5238122,6,0x07,send_buffer,1
2313,298,5238128,5238132,0,0x01,end_of_chunk,0
2314,299,5238136,5238140,1080,0x0F,set_decoding_map,0
2315,299,5239220,5239224,2952,0x08,audio_frame,0
2316,299,5242176,5242180,6,0x09,silence_frame,0
2317,299,5242186,5242190,14044,0x11,video_data_11,3
2318,299,5256234,5256238,132,0x13,documented_unknown_13,0
2319,299,5256370,5256374,0,0x04,start_stop_audio,0
2320,299,5256374,5256378,6,0x07,send_buffer,1
2321,299,5256384,5256388,0,0x01,end_of_chunk,0
2322,300,5256392,5256396,1080,0x0F,set_decoding_map,0
2323,300,5257476,5257480,2952,0x08,audio_frame,0
2324,300,5260432,5260436,6,0x09,silence_frame,0
2325,300,5260442,5260446,14038,0x11,video_data_11,3
2326,300,5274484,5274488,132,0x13,documented_unknown_13,0
2327,300,5274620,5274624,0,0x04,start_stop_audio,0
2328,300,5274624,5274628,6,0x07,send_buffer,1
2329,300,5274634,5274638,0,0x01,end_of_chunk,0
2330,301,5274642,5274646,1080,0x0F,set_decoding_map,0
2331,301,5275726,5275730,2952,0x08,audio_frame,0
2332,301,5278682,5278686,6,0x09,silence_frame,0
2333,301,5278692,5278696,14046,0x11,video_data_11,3
2334,301,5292742,5292746,132,0x13,documented_unknown_13,0
2335,301,5292878,5292882,0,0x04,start_stop_audio,0
2336,301,5292882,5292886,6,0x07,send_buffer,1
2337,301,5292892,5292896,0,0x01,end_of_chunk,0
2338,302,5292900,5292904,1080,0x0F,set_decoding_map,0
2339,302,5293984,5293988,2932,0x08,audio_frame,0
2340,302,5296920,5296924,6,0x09,silence_frame,0
2341,302,5296930,5296934,14048,0x11,video_data_11,3
2342,302,5310982,5310986,132,0x13,documented_unknown_13,0
2343,302,5311118,5311122,0,0x04,start_stop_audio,0
2344,302,5311122,5311126,6,0x07,send_buffer,1
2345,302,5311132,5311136,0,0x01,end_of_chunk,0
2346,303,5311140,5311144,1080,0x0F,set_decoding_map,0
2347,303,5312224,5312228,2952,0x08,audio_frame,0
2348,303,5315180,5315184,6,0x09,silence_frame,0
2349,303,5315190,5315194,14038,0x11,video_data_11,3
2350,303,5329232,5329236,132,0x13,documented_unknown_13,0
2351,303,5329368,5329372,0,0x04,start_stop_audio,0
2352,303,5329372,5329376,6,0x07,send_buffer,1
2353,303,5329382,5329386,0,0x01,end_of_chunk,0
2354,304,5329390,5329394,1080,0x0F,set_decoding_map,0
2355,304,5330474,5330478,2952,0x08,audio_frame,0
2356,304,5333430,5333434,6,0x09,silence_frame,0
2357,304,5333440,5333444,14022,0x11,video_data_11,3
2358,304,5347466,5347470,132,0x13,documented_unknown_13,0
2359,304,5347602,5347606,0,0x04,start_stop_audio,0
2360,304,5347606,5347610,6,0x07,send_buffer,1
2361,304,5347616,5347620,0,0x01,end_of_chunk,0
2362,305,5347624,5347628,1080,0x0F,set_decoding_map,0
2363,305,5348708,5348712,2952,0x08,audio_frame,0
2364,305,5351664,5351668,6,0x09,silence_frame,0
2365,305,5351674,5351678,14076,0x11,video_data_11,3
2366,305,5365754,5365758,132,0x13,documented_unknown_13,0
2367,305,5365890,5365894,0,0x04,start_stop_audio,0
2368,305,5365894,5365898,6,0x07,send_buffer,1
2369,305,5365904,5365908,0,0x01,end_of_chunk,0
2370,306,5365912,5365916,1080,0x0F,set_decoding_map,0
2371,306,5366996,5367000,2952,0x08,audio_frame,0
2372,306,5369952,5369956,6,0x09,silence_frame,0
2373,306,5369962,5369966,14032,0x11,video_data_11,3
2374,306,5383998,5384002,132,0x13,documented_unknown_13,0
2375,306,5384134,5384138,0,0x04,start_stop_audio,0
2376,306,5384138,5384142,6,0x07,send_buffer,1
2377,306,5384148,5384152,0,0x01,end_of_chunk,0
2378,307,5384156,5384160,1080,0x0F,set_decoding_map,0
2379,307,5385240,5385244,2952,0x08,audio_frame,0
2380,307,5388196,5388200,6,0x09,silence_frame,0
2381,307,5388206,5388210,14040,0x11,video_data_11,3
2382,307,5402250,5402254,132,0x13,documented_unknown_13,0
2383,307,5402386,5402390,0,0x04,start_stop_audio,0
2384,307,5402390,5402394,6,0x07,send_buffer,1
2385,307,5402400,5402404,0,0x01,end_of_chunk,0
2386,308,5402408,5402412,1080,0x0F,set_decoding_map,0
2387,308,5403492,5403496,2952,0x08,audio_frame,0
2388,308,5406448,5406452,6,0x09,silence_frame,0
2389,308,5406458,5406462,14026,0x11,video_data_11,3
2390,308,5420488,5420492,132,0x13,documented_unknown_13,0
2391,308,5420624,5420628,0,0x04,start_stop_audio,0
2392,308,5420628,5420632,6,0x07,send_buffer,1
2393,308,5420638,5420642,0,0x01,end_of_chunk,0
2394,309,5420646,5420650,1080,0x0F,set_decoding_map,0
2395,309,5421730,5421734,2952,0x08,audio_frame,0
2396,309,5424686,5424690,6,0x09,silence_frame,0
2397,309,5424696,5424700,14060,0x11,video_data_11,3
2398,309,5438760,5438764,132,0x13,documented_unknown_13,0
2399,309,5438896,5438900,0,0x04,start_stop_audio,0
2400,309,5438900,5438904,6,0x07,send_buffer,1
2401,309,5438910,5438914,0,0x01,end_of_chunk,0
2402,310,5438918,5438922,1080,0x0F,set_decoding_map,0
2403,310,5440002,5440006,2952,0x08,audio_frame,0
2404,310,5442958,5442962,6,0x09,silence_frame,0
2405,310,5442968,5442972,14026,0x11,video_data_11,3
2406,310,5456998,5457002,132,0x13,documented_unknown_13,0
2407,310,5457134,5457138,0,0x04,start_stop_audio,0
2408,310,5457138,5457142,6,0x07,send_buffer,1
2409,310,5457148,5457152,0,0x01,end_of_chunk,0
2410,311,5457156,5457160,1080,0x0F,set_decoding_map,0
2411,311,5458240,5458244,2952,0x08,audio_frame,0
2412,311,5461196,5461200,6,0x09,silence_frame,0
2413,311,5461206,5461210,14074,0x11,video_data_11,3
2414,311,5475284,5475288,132,0x13,documented_unknown_13,0
2415,311,5475420,5475424,0,0x04,start_stop_audio,0
2416,311,5475424,5475428,6,0x07,send_buffer,1
2417,311,5475434,5475438,0,0x01,end_of_chunk,0
2418,312,5475442,5475446,1080,0x0F,set_decoding_map,0
2419,312,5476526,5476530,2952,0x08,audio_frame,0
2420,312,5479482,5479486,6,0x09,silence_frame,0
2421,312,5479492,5479496,14042,0x11,video_data_11,3
2422,312,5493538,5493542,132,0x13,documented_unknown_13,0
2423,312,5493674,5493678,0,0x04,start_stop_audio,0
2424,312,5493678,5493682,6,0x07,send_buffer,1
2425,312,5493688,5493692,0,0x01,end_of_chunk,0
2426,313,5493696,5493700,1080,0x0F,set_decoding_map,0
2427,313,5494780,5494784,2952,0x08,audio_frame,0
2428,313,5497736,5497740,6,0x09,silence_frame,0
2429,313,5497746,5497750,14038,0x11,video_data_11,3
2430,313,5511788,5511792,132,0x13,documented_unknown_13,0
2431,313,5511924,5511928,0,0x04,start_stop_audio,0
2432,313,5511928,5511932,6,0x07,send_buffer,1
2433,313,5511938,5511942,0,0x01,end_of_chunk,0
2434,314,5511946,5511950,1080,0x0F,set_decoding_map,0
2435,314,5513030,5513034,2952,0x08,audio_frame,0
2436,314,5515986,5515990,6,0x09,silence_frame,0
2437,314,5515996,5516000,14028,0x11,video_data_11,3
2438,314,5530028,5530032,132,0x13,documented_unknown_13,0
2439,314,5530164,5530168,0,0x04,start_stop_audio,0
2440,314,5530168,5530172,6,0x07,send_buffer,1
2441,314,5530178,5530182,0,0x01,end_of_chunk,0
2442,315,5530186,5530190,1080,0x0F,set_decoding_map,0
2443,315,5531270,5531274,2952,0x08,audio_frame,0
2444,315,5534226,5534230,6,0x09,silence_frame,0
2445,315,5534236,5534240,14044,0x11,video_data_11,3
2446,315,5548284,5548288,132,0x13,documented_unknown_13,0
2447,315,5548420,5548424,0,0x04,start_stop_audio,0
2448,315,5548424,5548428,6,0x07,send_buffer,1
2449,315,5548434,5548438,0,0x01,end_of_chunk,0
2450,316,5548442,5548446,1080,0x0F,set_decoding_map,0
2451,316,5549526,5549530,2952,0x08,audio_frame,0
2452,316,5552482,5552486,6,0x09,silence_frame,0
2453,316,5552492,5552496,14068,0x11,video_data_11,3
2454,316,5566564,5566568,132,0x13,documented_unknown_13,0
2455,316,5566700,5566704,0,0x04,start_stop_audio,0
2456,316,5566704,5566708,6,0x07,send_buffer,1
2457,316,5566714,5566718,0,0x01,end_of_chunk,0
2458,317,5566722,5566726,1080,0x0F,set_decoding_map,0
2459,317,5567806,5567810,2932,0x08,audio_frame,0
2460,317,5570742,5570746,6,0x09,silence_frame,0
2461,317,5570752,5570756,14054,0x11,video_data_11,3
2462,317,5584810,5584814,132,0x13,documented_unknown_13,0
2463,317,5584946,5584950,0,0x04,start_stop_audio,0
2464,317,5584950,5584954,6,0x07,send_buffer,1
2465,317,5584960,5584964,0,0x01,end_of_chunk,0
2466,318,5584968,5584972,1080,0x0F,set_decoding_map,0
2467,318,5586052,5586056,2952,0x08,audio_frame,0
2468,318,5589008,5589012,6,0x09,silence_frame,0
2469,318,5589018,5589022,14030,0x11,video_data_11,3
2470,318,5603052,5603056,132,0x13,documented_unknown_13,0
2471,318,5603188,5603192,0,0x04,start_stop_audio,0
2472,318,5603192,5603196,6,0x07,send_buffer,1
2473,318,5603202,5603206,0,0x01,end_of_chunk,0
2474,319,5603210,5603214,1080,0x0F,set_decoding_map,0
2475,319,5604294,5604298,2952,0x08,audio_frame,0
2476,319,5607250,5607254,6,0x09,silence_frame,0
2477,319,5607260,5607264,14044,0x11,video_data_11,3
2478,319,5621308,5621312,132,0x13,documented_unknown_13,0
2479,319,5621444,5621448,0,0x04,start_stop_audio,0
2480,319,5621448,5621452,6,0x07,send_buffer,1
2481,319,5621458,5621462,0,0x01,end_of_chunk,0
2482,320,5621466,5621470,1080,0x0F,set_decoding_map,0
2483,320,5622550,5622554,2952,0x08,audio_frame,0
2484,320,5625506,5625510,6,0x09,silence_frame,0
2485,320,5625516,5625520,14040,0x11,video_data_11,3
2486,320,5639560,5639564,132,0x13,documented_unknown_13,0
2487,320,5639696,5639700,0,0x04,start_stop_audio,0
2488,320,5639700,5639704,6,0x07,send_buffer,1
2489,320,5639710,5639714,0,0x01,end_of_chunk,0
2490,321,5639718,5639722,1080,0x0F,set_decoding_map,0
2491,321,5640802,5640806,2952,0x08,audio_frame,0
2492,321,5643758,5643762,6,0x09,silence_frame,0
2493,321,5643768,5643772,14030,0x11,video_data_11,3
2494,321,5657802,5657806,132,0x13,documented_unknown_13,0
2495,321,5657938,5657942,0,0x04,start_stop_audio,0
2496,321,5657942,5657946,6,0x07,send_buffer,1
2497,321,5657952,5657956,0,0x01,end_of_chunk,0
2498,322,5657960,5657964,1080,0x0F,set_decoding_map,0
2499,322,5659044,5659048,2952,0x08,audio_frame,0
2500,322,5662000,5662004,6,0x09,silence_frame,0
2501,322,5662010,5662014,14048,0x11,video_data_11,3
2502,322,5676062,5676066,132,0x13,documented_unknown_13,0
2503,322,5676198,5676202,0,0x04,start_stop_audio,0
2504,322,5676202,5676206,6,0x07,send_buffer,1
2505,322,5676212,5676216,0,0x01,end_of_chunk,0
2506,323,5676220,5676224,1080,0x0F,set_decoding_map,0
2507,323,5677304,5677308,2952,0x08,audio_frame,0
2508,323,5680260,5680264,6,0x09,silence_frame,0
2509,323,5680270,5680274,14052,0x11,video_data_11,3
2510,323,5694326,5694330,132,0x13,documented_unknown_13,0
2511,323,5694462,5694466,0,0x04,start_stop_audio,0
2512,323,5694466,5694470,6,0x07,send_buffer,1
2513,323,5694476,5694480,0,0x01,end_of_chunk,0
2514,324,5694484,5694488,1080,0x0F,set_decoding_map,0
2515,324,5695568,5695572,2952,0x08,audio_frame,0
2516,324,5698524,5698528,6,0x09,silence_frame,0
2517,324,5698534,5698538,14080,0x11,video_data_11,3
2518,324,5712618,5712622,132,0x13,documented_unknown_13,0
2519,324,5712754,5712758,0,0x04,start_stop_audio,0
2520,324,5712758,5712762,6,0x07,send_buffer,1
2521,324,5712768,5712772,0,0x01,end_of_chunk,0
2522,325,5712776,5712780,1080,0x0F,set_decoding_map,0
2523,325,5713860,5713864,2952,0x08,audio_frame,0
2524,325,5716816,5716820,6,0x09,silence_frame,0
2525,325,5716826,5716830,14044,0x11,video_data_11,3
2526,325,5730874,5730878,132,0x13,documented_unknown_13,0
2527,325,5731010,5731014,0,0x04,start_stop_audio,0
2528,325,5731014,5731018,6,0x07,send_buffer,1
2529,325,5731024,5731028,0,0x01,end_of_chunk,0
2530,326,5731032,5731036,1080,0x0F,set_decoding_map,0
2531,326,5732116,5732120,2952,0x08,audio_frame,0
2532,326,5735072,5735076,6,0x09,silence_frame,0
2533,326,5735082,5735086,14022,0x11,video_data_11,3
2534,326,5749108,5749112,132,0x13,documented_unknown_13,0
2535,326,5749244,5749248,0,0x04,start_stop_audio,0
2536,326,5749248,5749252,6,0x07,send_buffer,1
2537,326,5749258,5749262,0,0x01,end_of_chunk,0
2538,327,5749266,5749270,1080,0x0F,set_decoding_map,0
2539,327,5750350,5750354,2952,0x08,audio_frame,0
2540,327,5753306,5753310,6,0x09,silence_frame,0
2541,327,5753316,5753320,14044,0x11,video_data_11,3
2542,327,5767364,5767368,132,0x13,documented_unknown_13,0
2543,327,5767500,5767504,0,0x04,start_stop_audio,0
2544,327,5767504,5767508,6,0x07,send_buffer,1
2545,327,5767514,5767518,0,0x01,end_of_chunk,0
2546,328,5767522,5767526,1080,0x0F,set_decoding_map,0
2547,328,5768606,5768610,2952,0x08,audio_frame,0
2548,328,5771562,5771566,6,0x09,silence_frame,0
2549,328,5771572,5771576,14034,0x11,video_data_11,3
2550,328,5785610,5785614,132,0x13,documented_unknown_13,0
2551,328,5785746,5785750,0,0x04,start_stop_audio,0
2552,328,5785750,5785754,6,0x07,send_buffer,1
2553,328,5785760,5785764,0,0x01,end_of_chunk,0
2554,329,5785768,5785772,1080,0x0F,set_decoding_map,0
2555,329,5786852,5786856,2952,0x08,audio_frame,0
2556,329,5789808,5789812,6,0x09,silence_frame,0
2557,329,5789818,5789822,14080,0x11,video_data_11,3
2558,329,5803902,5803906,132,0x13,documented_unknown_13,0
2559,329,5804038,5804042,0,0x04,start_stop_audio,0
2560,329,5804042,5804046,6,0x07,send_buffer,1
2561,329,5804052,5804056,0,0x01,end_of_chunk,0
2562,330,5804060,5804064,1080,0x0F,set_decoding_map,0
2563,330,5805144,5805148,2952,0x08,audio_frame,0
2564,330,5808100,5808104,6,0x09,silence_frame,0
2565,330,5808110,5808114,14048,0x11,video_data_11,3
2566,330,5822162,5822166,132,0x13,documented_unknown_13,0
2567,330,5822298,5822302,0,0x04,start_stop_audio,0
2568,330,5822302,5822306,6,0x07,send_buffer,1
2569,330,5822312,5822316,0,0x01,end_of_chunk,0
2570,331,5822320,5822324,1080,0x0F,set_decoding_map,0
2571,331,5823404,5823408,2952,0x08,audio_frame,0
2572,331,5826360,5826364,6,0x09,silence_frame,0
2573,331,5826370,5826374,14024,0x11,video_data_11,3
2574,331,5840398,5840402,132,0x13,documented_unknown_13,0
2575,331,5840534,5840538,0,0x04,start_stop_audio,0
2576,331,5840538,5840542,6,0x07,send_buffer,1
2577,331,5840548,5840552,0,0x01,end_of_chunk,0
2578,332,5840556,5840560,1080,0x0F,set_decoding_map,0
2579,332,5841640,5841644,2932,0x08,audio_frame,0
2580,332,5844576,5844580,6,0x09,silence_frame,0
2581,332,5844586,5844590,14026,0x11,video_data_11,3
2582,332,5858616,5858620,132,0x13,documented_unknown_13,0
2583,332,5858752,5858756,0,0x04,start_stop_audio,0
2584,332,5858756,5858760,6,0x07,send_buffer,1
2585,332,5858766,5858770,0,0x01,end_of_chunk,0
2586,333,5858774,5858778,1080,0x0F,set_decoding_map,0
2587,333,5859858,5859862,2952,0x08,audio_frame,0
2588,333,5862814,5862818,6,0x09,silence_frame,0
2589,333,5862824,5862828,14022,0x11,video_data_11,3
2590,333,5876850,5876854,132,0x13,documented_unknown_13,0
2591,333,5876986,5876990,0,0x04,start_stop_audio,0
2592,333,5876990,5876994,6,0x07,send_buffer,1
2593,333,5877000,5877004,0,0x01,end_of_chunk,0
2594,334,5877008,5877012,1080,0x0F,set_decoding_map,0
2595,334,5878092,5878096,2952,0x08,audio_frame,0
2596,334,5881048,5881052,6,0x09,silence_frame,0
2597,334,5881058,5881062,14032,0x11,video_data_11,3
2598,334,5895094,5895098,132,0x13,documented_unknown_13,0
2599,334,5895230,5895234,0,0x04,start_stop_audio,0
2600,334,5895234,5895238,6,0x07,send_buffer,1
2601,334,5895244,5895248,0,0x01,end_of_chunk,0
2602,335,5895252,5895256,1080,0x0F,set_decoding_map,0
2603,335,5896336,5896340,2952,0x08,audio_frame,0
2604,335,5899292,5899296,6,0x09,silence_frame,0
2605,335,5899302,5899306,14084,0x11,video_data_11,3
2606,335,5913390,5913394,132,0x13,documented_unknown_13,0
2607,335,5913526,5913530,0,0x04,start_stop_audio,0
2608,335,5913530,5913534,6,0x07,send_buffer,1
2609,335,5913540,5913544,0,0x01,end_of_chunk,0
2610,336,5913548,5913552,1080,0x0F,set_decoding_map,0
2611,336,5914632,5914636,2952,0x08,audio_frame,0
2612,336,5917588,5917592,6,0x09,silence_frame,0
2613,336,5917598,5917602,14078,0x11,video_data_11,3
2614,336,5931680,5931684,132,0x13,documented_unknown_13,0
2615,336,5931816,5931820,0,0x04,start_stop_audio,0
2616,336,5931820,5931824,6,0x07,send_buffer,1
2617,336,5931830,5931834,0,0x01,end_of_chunk,0
2618,337,5931838,5931842,1080,0x0F,set_decoding_map,0
2619,337,5932922,5932926,2952,0x08,audio_frame,0
2620,337,5935878,5935882,6,0x09,silence_frame,0
2621,337,5935888,5935892,14066,0x11,video_data_11,3
2622,337,5949958,5949962,132,0x13,documented_unknown_13,0
2623,337,5950094,5950098,0,0x04,start_stop_audio,0
2624,337,5950098,5950102,6,0x07,send_buffer,1
2625,337,5950108,5950112,0,0x01,end_of_chunk,0
2626,338,5950116,5950120,1080,0x0F,set_decoding_map,0
2627,338,5951200,5951204,2952,0x08,audio_frame,0
2628,338,5954156,5954160,6,0x09,silence_frame,0
2629,338,5954166,5954170,14056,0x11,video_data_11,3
2630,338,5968226,5968230,132,0x13,documented_unknown_13,0
2631,338,5968362,5968366,0,0x04,start_stop_audio,0
2632,338,5968366,5968370,6,0x07,send_buffer,1
2633,338,5968376,5968380,0,0x01,end_of_chunk,0
2634,339,5968384,5968388,1080,0x0F,set_decoding_map,0
2635,339,5969468,5969472,2952,0x08,audio_frame,0
2636,339,5972424,5972428,6,0x09,silence_frame,0
2637,339,5972434,5972438,14024,0x11,video_data_11,3
2638,339,5986462,5986466,132,0x13,documented_unknown_13,0
2639,339,5986598,5986602,0,0x04,start_stop_audio,0
2640,339,5986602,5986606,6,0x07,send_buffer,1
2641,339,5986612,5986616,0,0x01,end_of_chunk,0
2642,340,5986620,5986624,1080,0x0F,set_decoding_map,0
2643,340,5987704,5987708,2952,0x08,audio_frame,0
2644,340,5990660,5990664,6,0x09,silence_frame,0
2645,340,5990670,5990674,14062,0x11,video_data_11,3
2646,340,6004736,6004740,132,0x13,documented_unknown_13,0
2647,340,6004872,6004876,0,0x04,start_stop_audio,0
2648,340,6004876,6004880,6,0x07,send_buffer,1
2649,340,6004886,6004890,0,0x01,end_of_chunk,0
2650,341,6004894,6004898,1080,0x0F,set_decoding_map,0
2651,341,6005978,6005982,2952,0x08,audio_frame,0
2652,341,6008934,6008938,6,0x09,silence_frame,0
2653,341,6008944,6008948,14046,0x11,video_data_11,3
2654,341,6022994,6022998,132,0x13,documented_unknown_13,0
2655,341,6023130,6023134,0,0x04,start_stop_audio,0
2656,341,6023134,6023138,6,0x07,send_buffer,1
2657,341,6023144,6023148,0,0x01,end_of_chunk,0
2658,342,6023152,6023156,1080,0x0F,set_decoding_map,0
2659,342,6024236,6024240,2952,0x08,audio_frame,0
2660,342,6027192,6027196,6,0x09,silence_frame,0
2661,342,6027202,6027206,14028,0x11,video_data_11,3
2662,342,6041234,6041238,132,0x13,documented_unknown_13,0
2663,342,6041370,6041374,0,0x04,start_stop_audio,0
2664,342,6041374,6041378,6,0x07,send_buffer,1
2665,342,6041384,6041388,0,0x01,end_of_chunk,0
2666,343,6041392,6041396,1080,0x0F,set_decoding_map,0
2667,343,6042476,6042480,2952,0x08,audio_frame,0
2668,343,6045432,6045436,6,0x09,silence_frame,0
2669,343,6045442,6045446,14026,0x11,video_data_11,3
2670,343,6059472,6059476,132,0x13,documented_unknown_13,0
2671,343,6059608,6059612,0,0x04,start_stop_audio,0
2672,343,6059612,6059616,6,0x07,send_buffer,1
2673,343,6059622,6059626,0,0x01,end_of_chunk,0
2674,344,6059630,6059634,1080,0x0F,set_decoding_map,0
2675,344,6060714,6060718,2952,0x08,audio_frame,0
2676,344,6063670,6063674,6,0x09,silence_frame,0
2677,344,6063680,6063684,14046,0x11,video_data_11,3
2678,344,6077730,6077734,132,0x13,documented_unknown_13,0
2679,344,6077866,6077870,0,0x04,start_stop_audio,0
2680,344,6077870,6077874,6,0x07,send_buffer,1
2681,344,6077880,6077884,0,0x01,end_of_chunk,0
2682,345,6077888,6077892,1080,0x0F,set_decoding_map,0
2683,345,6078972,6078976,2952,0x08,audio_frame,0
2684,345,6081928,6081932,6,0x09,silence_frame,0
2685,345,6081938,6081942,14052,0x11,video_data_11,3
2686,345,6095994,6095998,132,0x13,documented_unknown_13,0
2687,345,6096130,6096134,0,0x04,start_stop_audio,0
2688,345,6096134,6096138,6,0x07,send_buffer,1
2689,345,6096144,6096148,0,0x01,end_of_chunk,0
2690,346,6096152,6096156,1080,0x0F,set_decoding_map,0
2691,346,6097236,6097240,2952,0x08,audio_frame,0
2692,346,6100192,6100196,6,0x09,silence_frame,0
2693,346,6100202,6100206,14024,0x11,video_data_11,3
2694,346,6114230,6114234,132,0x13,documented_unknown_13,0
2695,346,6114366,6114370,0,0x04,start_stop_audio,0
2696,346,6114370,6114374,6,0x07,send_buffer,1
2697,346,6114380,6114384,0,0x01,end_of_chunk,0
2698,347,6114388,6114392,1080,0x0F,set_decoding_map,0
2699,347,6115472,6115476,2932,0x08,audio_frame,0
2700,347,6118408,6118412,6,0x09,silence_frame,0
2701,347,6118418,6118422,14058,0x11,video_data_11,3
2702,347,6132480,6132484,132,0x13,documented_unknown_13,0
2703,347,6132616,6132620,0,0x04,start_stop_audio,0
2704,347,6132620,6132624,6,0x07,send_buffer,1
2705,347,6132630,6132634,0,0x01,end_of_chunk,0
2706,348,6132638,6132642,1080,0x0F,set_decoding_map,0
2707,348,6133722,6133726,2952,0x08,audio_frame,0
2708,348,6136678,6136682,6,0x09,silence_frame,0
2709,348,6136688,6136692,14058,0x11,video_data_11,3
2710,348,6150750,6150754,132,0x13,documented_unknown_13,0
2711,348,6150886,6150890,0,0x04,start_stop_audio,0
2712,348,6150890,6150894,6,0x07,send_buffer,1
2713,348,6150900,6150904,0,0x01,end_of_chunk,0
2714,349,6150908,6150912,1080,0x0F,set_decoding_map,0
2715,349,6151992,6151996,2952,0x08,audio_frame,0
2716,349,6154948,6154952,6,0x09,silence_frame,0
2717,349,6154958,6154962,14060,0x11,video_data_11,3
2718,349,6169022,6169026,132,0x13,documented_unknown_13,0
2719,349,6169158,6169162,0,0x04,start_stop_audio,0
2720,349,6169162,6169166,6,0x07,send_buffer,1
2721,349,6169172,6169176,0,0x01,end_of_chunk,0
2722,350,6169180,6169184,1080,0x0F,set_decoding_map,0
2723,350,6170264,6170268,2952,0x08,audio_frame,0
2724,350,6173220,6173224,6,0x09,silence_frame,0
2725,350,6173230,6173234,14028,0x11,video_data_11,3
2726,350,6187262,6187266,132,0x13,documented_unknown_13,0
2727,350,6187398,6187402,0,0x04,start_stop_audio,0
2728,350,6187402,6187406,6,0x07,send_buffer,1
2729,350,6187412,6187416,0,0x01,end_of_chunk,0
2730,351,6187420,6187424,1080,0x0F,set_decoding_map,0
2731,351,6188504,6188508,2952,0x08,audio_frame,0
2732,351,6191460,6191464,6,0x09,silence_frame,0
2733,351,6191470,6191474,14048,0x11,video_data_11,3
2734,351,6205522,6205526,132,0x13,documented_unknown_13,0
2735,351,6205658,6205662,0,0x04,start_stop_audio,0
2736,351,6205662,6205666,6,0x07,send_buffer,1
2737,351,6205672,6205676,0,0x01,end_of_chunk,0
2738,352,6205680,6205684,1080,0x0F,set_decoding_map,0
2739,352,6206764,6206768,2952,0x08,audio_frame,0
2740,352,6209720,6209724,6,0x09,silence_frame,0
2741,352,6209730,6209734,14026,0x11,video_data_11,3
2742,352,6223760,6223764,132,0x13,documented_unknown_13,0
2743,352,6223896,6223900,0,0x04,start_stop_audio,0
2744,352,6223900,6223904,6,0x07,send_buffer,1
2745,352,6223910,6223914,0,0x01,end_of_chunk,0
2746,353,6223918,6223922,1080,0x0F,set_decoding_map,0
2747,353,6225002,6225006,2952,0x08,audio_frame,0
2748,353,6227958,6227962,6,0x09,silence_frame,0
2749,353,6227968,6227972,14022,0x11,video_data_11,3
2750,353,6241994,6241998,132,0x13,documented_unknown_13,0
2751,353,6242130,6242134,0,0x04,start_stop_audio,0
2752,353,6242134,6242138,6,0x07,send_buffer,1
2753,353,6242144,6242148,0,0x01,end_of_chunk,0
2754,354,6242152,6242156,1080,0x0F,set_decoding_map,0
2755,354,6243236,6243240,2952,0x08,audio_frame,0
2756,354,6246192,6246196,6,0x09,silence_frame,0
2757,354,6246202,6246206,14052,0x11,video_data_11,3
2758,354,6260258,6260262,132,0x13,documented_unknown_13,0
2759,354,6260394,6260398,0,0x04,start_stop_audio,0
2760,354,6260398,6260402,6,0x07,send_buffer,1
2761,354,6260408,6260412,0,0x01,end_of_chunk,0
2762,355,6260416,6260420,1080,0x0F,set_decoding_map,0
2763,355,6261500,6261504,2952,0x08,audio_frame,0
2764,355,6264456,6264460,6,0x09,silence_frame,0
2765,355,6264466,6264470,14036,0x11,video_data_11,3
2766,355,6278506,6278510,132,0x13,documented_unknown_13,0
2767,355,6278642,6278646,0,0x04,start_stop_audio,0
2768,355,6278646,6278650,6,0x07,send_buffer,1
2769,355,6278656,6278660,0,0x01,end_of_chunk,0
2770,356,6278664,6278668,1080,0x0F,set_decoding_map,0
2771,356,6279748,6279752,2952,0x08,audio_frame,0
2772,356,6282704,6282708,6,0x09,silence_frame,0
2773,356,6282714,6282718,14022,0x11,video_data_11,3
2774,356,6296740,6296744,132,0x13,documented_unknown_13,0
2775,356,6296876,6296880,0,0x04,start_stop_audio,0
2776,356,6296880,6296884,6,0x07,send_buffer,1
2777,356,6296890,6296894,0,0x01,end_of_chunk,0
2778,357,6296898,6296902,1080,0x0F,set_decoding_map,0
2779,357,6297982,6297986,2952,0x08,audio_frame,0
2780,357,6300938,6300942,6,0x09,silence_frame,0
2781,357,6300948,6300952,14034,0x11,video_data_11,3
2782,357,6314986,6314990,132,0x13,documented_unknown_13,0
2783,357,6315122,6315126,0,0x04,start_stop_audio,0
2784,357,6315126,6315130,6,0x07,send_buffer,1
2785,357,6315136,6315140,0,0x01,end_of_chunk,0
2786,358,6315144,6315148,1080,0x0F,set_decoding_map,0
2787,358,6316228,6316232,2952,0x08,audio_frame,0
2788,358,6319184,6319188,6,0x09,silence_frame,0
2789,358,6319194,6319198,14032,0x11,video_data_11,3
2790,358,6333230,6333234,132,0x13,documented_unknown_13,0
2791,358,6333366,6333370,0,0x04,start_stop_audio,0
2792,358,6333370,6333374,6,0x07,send_buffer,1
2793,358,6333380,6333384,0,0x01,end_of_chunk,0
2794,359,6333388,6333392,1080,0x0F,set_decoding_map,0
2795,359,6334472,6334476,2952,0x08,audio_frame,0
2796,359,6337428,6337432,6,0x09,silence_frame,0
2797,359,6337438,6337442,14048,0x11,video_data_11,3
2798,359,6351490,6351494,132,0x13,documented_unknown_13,0
2799,359,6351626,6351630,0,0x04,start_stop_audio,0
2800,359,6351630,6351634,6,0x07,send_buffer,1
2801,359,6351640,6351644,0,0x01,end_of_chunk,0
2802,360,6351648,6351652,1080,0x0F,set_decoding_map,0
2803,360,6352732,6352736,2952,0x08,audio_frame,0
2804,360,6355688,6355692,6,0x09,silence_frame,0
2805,360,6355698,6355702,14030,0x11,video_data_11,3
2806,360,6369732,6369736,132,0x13,documented_unknown_13,0
2807,360,6369868,6369872,0,0x04,start_stop_audio,0
2808,360,6369872,6369876,6,0x07,send_buffer,1
2809,360,6369882,6369886,0,0x01,end_of_chunk,0
2810,361,6369890,6369894,1080,0x0F,set_decoding_map,0
2811,361,6370974,6370978,2952,0x08,audio_frame,0
2812,361,6373930,6373934,6,0x09,silence_frame,0
2813,361,6373940,6373944,14040,0x11,video_data_11,3
2814,361,6387984,6387988,132,0x13,documented_unknown_13,0
2815,361,6388120,6388124,0,0x04,start_stop_audio,0
2816,361,6388124,6388128,6,0x07,send_buffer,1
2817,361,6388134,6388138,0,0x01,end_of_chunk,0
2818,362,6388142,6388146,1080,0x0F,set_decoding_map,0
2819,362,6389226,6389230,2932,0x08,audio_frame,0
2820,362,6392162,6392166,6,0x09,silence_frame,0
2821,362,6392172,6392176,14054,0x11,video_data_11,3
2822,362,6406230,6406234,132,0x13,documented_unknown_13,0
2823,362,6406366,6406370,0,0x04,start_stop_audio,0
2824,362,6406370,6406374,6,0x07,send_buffer,1
2825,362,6406380,6406384,0,0x01,end_of_chunk,0
2826,363,6406388,6406392,1080,0x0F,set_decoding_map,0
2827,363,6407472,6407476,2952,0x08,audio_frame,0
2828,363,6410428,6410432,6,0x09,silence_frame,0
2829,363,6410438,6410442,14026,0x11,video_data_11,3
2830,363,6424468,6424472,132,0x13,documented_unknown_13,0
2831,363,6424604,6424608,0,0x04,start_stop_audio,0
2832,363,6424608,6424612,6,0x07,send_buffer,1
2833,363,6424618,6424622,0,0x01,end_of_chunk,0
2834,364,6424626,6424630,1080,0x0F,set_decoding_map,0
2835,364,6425710,6425714,2952,0x08,audio_frame,0
2836,364,6428666,6428670,6,0x09,silence_frame,0
2837,364,6428676,6428680,14054,0x11,video_data_11,3
2838,364,6442734,6442738,132,0x13,documented_unknown_13,0
2839,364,6442870,6442874,0,0x04,start_stop_audio,0
2840,364,6442874,6442878,6,0x07,send_buffer,1
2841,364,6442884,6442888,0,0x01,end_of_chunk,0
2842,365,6442892,6442896,1080,0x0F,set_decoding_map,0
2843,365,6443976,6443980,2952,0x08,audio_frame,0
2844,365,6446932,6446936,6,0x09,silence_frame,0
2845,365,6446942,6446946,14042,0x11,video_data_11,3
2846,365,6460988,6460992,132,0x13,documented_unknown_13,0
2847,365,6461124,6461128,0,0x04,start_stop_audio,0
2848,365,6461128,6461132,6,0x07,send_buffer,1
2849,365,6461138,6461142,0,0x01,end_of_chunk,0
2850,366,6461146,6461150,1080,0x0F,set_decoding_map,0
2851,366,6462230,6462234,2952,0x08,audio_frame,0
2852,366,6465186,6465190,6,0x09,silence_frame,0
2853,366,6465196,6465200,14026,0x11,video_data_11,3
2854,366,6479226,6479230,132,0x13,documented_unknown_13,0
2855,366,6479362,6479366,0,0x04,start_stop_audio,0
2856,366,6479366,6479370,6,0x07,send_buffer,1
2857,366,6479376,6479380,0,0x01,end_of_chunk,0
2858,367,6479384,6479388,1080,0x0F,set_decoding_map,0
2859,367,6480468,6480472,2952,0x08,audio_frame,0
2860,367,6483424,6483428,6,0x09,silence_frame,0
2861,367,6483434,6483438,14066,0x11,video_data_11,3
2862,367,6497504,6497508,132,0x13,documented_unknown_13,0
2863,367,6497640,6497644,0,0x04,start_stop_audio,0
2864,367,6497644,6497648,6,0x07,send_buffer,1
2865,367,6497654,6497658,0,0x01,end_of_chunk,0
2866,368,6497662,6497666,1080,0x0F,set_decoding_map,0
2867,368,6498746,6498750,2952,0x08,audio_frame,0
2868,368,6501702,6501706,6,0x09,silence_frame,0
2869,368,6501712,6501716,14024,0x11,video_data_11,3
2870,368,6515740,6515744,132,0x13,documented_unknown_13,0
2871,368,6515876,6515880,0,0x04,start_stop_audio,0
2872,368,6515880,6515884,6,0x07,send_buffer,1
2873,368,6515890,6515894,0,0x01,end_of_chunk,0
2874,369,6515898,6515902,1080,0x0F,set_decoding_map,0
2875,369,6516982,6516986,2952,0x08,audio_frame,0
2876,369,6519938,6519942,6,0x09,silence_frame,0
2877,369,6519948,6519952,14036,0x11,video_data_11,3
2878,369,6533988,6533992,132,0x13,documented_unknown_13,0
2879,369,6534124,6534128,0,0x04,start_stop_audio,0
2880,369,6534128,6534132,6,0x07,send_buffer,1
2881,369,6534138,6534142,0,0x01,end_of_chunk,0
2882,370,6534146,6534150,1080,0x0F,set_decoding_map,0
2883,370,6535230,6535234,2952,0x08,audio_frame,0
2884,370,6538186,6538190,6,0x09,silence_frame,0
2885,370,6538196,6538200,14028,0x11,video_data_11,3
2886,370,6552228,6552232,132,0x13,documented_unknown_13,0
2887,370,6552364,6552368,0,0x04,start_stop_audio,0
2888,370,6552368,6552372,6,0x07,send_buffer,1
2889,370,6552378,6552382,0,0x01,end_of_chunk,0
2890,371,6552386,6552390,1080,0x0F,set_decoding_map,0
2891,371,6553470,6553474,2952,0x08,audio_frame,0
2892,371,6556426,6556430,6,0x09,silence_frame,0
2893,371,6556436,6556440,14028,0x11,video_data_11,3
2894,371,6570468,6570472,132,0x13,documented_unknown_13,0
2895,371,6570604,6570608,0,0x04,start_stop_audio,0
2896,371,6570608,6570612,6,0x07,send_buffer,1
2897,371,6570618,6570622,0,0x01,end_of_chunk,0
2898,372,6570626,6570630,1080,0x0F,set_decoding_map,0
2899,372,6571710,6571714,2952,0x08,audio_frame,0
2900,372,6574666,6574670,6,0x09,silence_frame,0
2901,372,6574676,6574680,14040,0x11,video_data_11,3
2902,372,6588720,6588724,132,0x13,documented_unknown_13,0
2903,372,6588856,6588860,0,0x04,start_stop_audio,0
2904,372,6588860,6588864,6,0x07,send_buffer,1
2905,372,6588870,6588874,0,0x01,end_of_chunk,0
2906,373,6588878,6588882,1080,0x0F,set_decoding_map,0
2907,373,6589962,6589966,2952,0x08,audio_frame,0
2908,373,6592918,6592922,6,0x09,silence_frame,0
2909,373,6592928,6592932,14056,0x11,video_data_11,3
2910,373,6606988,6606992,132,0x13,documented_unknown_13,0
2911,373,6607124,6607128,0,0x04,start_stop_audio,0
2912,373,6607128,6607132,6,0x07,send_buffer,1
2913,373,6607138,6607142,0,0x01,end_of_chunk,0
2914,374,6607146,6607150,1080,0x0F,set_decoding_map,0
2915,374,6608230,6608234,2952,0x08,audio_frame,0
2916,374,6611186,6611190,6,0x09,silence_frame,0
2917,374,6611196,6611200,14022,0x11,video_data_11,3
2918,374,6625222,6625226,132,0x13,documented_unknown_13,0
2919,374,6625358,6625362,0,0x04,start_stop_audio,0
2920,374,6625362,6625366,6,0x07,send_buffer,1
2921,374,6625372,6625376,0,0x01,end_of_chunk,0
2922,375,6625380,6625384,1080,0x0F,set_decoding_map,0
2923,375,6626464,6626468,2952,0x08,audio_frame,0
2924,375,6629420,6629424,6,0x09,silence_frame,0
2925,375,6629430,6629434,14074,0x11,video_data_11,3
2926,375,6643508,6643512,132,0x13,documented_unknown_13,0
2927,375,6643644,6643648,0,0x04,start_stop_audio,0
2928,375,6643648,6643652,6,0x07,send_buffer,1
2929,375,6643658,6643662,0,0x01,end_of_chunk,0
2930,376,6643666,6643670,1080,0x0F,set_decoding_map,0
2931,376,6644750,6644754,2952,0x08,audio_frame,0
2932,376,6647706,6647710,6,0x09,silence_frame,0
2933,376,6647716,6647720,14026,0x11,video_data_11,3
2934,376,6661746,6661750,132,0x13,documented_unknown_13,0
2935,376,6661882,6661886,0,0x04,start_stop_audio,0
2936,376,6661886,6661890,6,0x07,send_buffer,1
2937,376,6661896,6661900,0,0x01,end_of_chunk,0
2938,377,6661904,6661908,1080,0x0F,set_decoding_map,0
2939,377,6662988,6662992,2932,0x08,audio_frame,0
2940,377,6665924,6665928,6,0x09,silence_frame,0
2941,377,6665934,6665938,14078,0x11,video_data_11,3
2942,377,6680016,6680020,132,0x13,documented_unknown_13,0
2943,377,6680152,6680156,0,0x04,start_stop_audio,0
2944,377,6680156,6680160,6,0x07,send_buffer,1
2945,377,6680166,6680170,0,0x01,end_of_chunk,0
2946,378,6680174,6680178,1080,0x0F,set_decoding_map,0
2947,378,6681258,6681262,2952,0x08,audio_frame,0
2948,378,6684214,6684218,6,0x09,silence_frame,0
2949,378,6684224,6684228,14034,0x11,video_data_11,3
2950,378,6698262,6698266,132,0x13,documented_unknown_13,0
2951,378,6698398,6698402,0,0x04,start_stop_audio,0
2952,378,6698402,6698406,6,0x07,send_buffer,1
2953,378,6698412,6698416,0,0x01,end_of_chunk,0
2954,379,6698420,6698424,1080,0x0F,set_decoding_map,0
2955,379,6699504,6699508,2952,0x08,audio_frame,0
2956,379,6702460,6702464,6,0x09,silence_frame,0
2957,379,6702470,6702474,14066,0x11,video_data_11,3
2958,379,6716540,6716544,132,0x13,documented_unknown_13,0
2959,379,6716676,6716680,0,0x04,start_stop_audio,0
2960,379,6716680,6716684,6,0x07,send_buffer,1
2961,379,6716690,6716694,0,0x01,end_of_chunk,0
2962,380,6716698,6716702,1080,0x0F,set_decoding_map,0
2963,380,6717782,6717786,2952,0x08,audio_frame,0
2964,380,6720738,6720742,6,0x09,silence_frame,0
2965,380,6720748,6720752,14022,0x11,video_data_11,3
2966,380,6734774,6734778,132,0x13,documented_unknown_13,0
2967,380,6734910,6734914,0,0x04,start_stop_audio,0
2968,380,6734914,6734918,6,0x07,send_buffer,1
2969,380,6734924,6734928,0,0x01,end_of_chunk,0
2970,381,6734932,6734936,1080,0x0F,set_decoding_map,0
2971,381,6736016,6736020,2952,0x08,audio_frame,0
2972,381,6738972,6738976,6,0x09,silence_frame,0
2973,381,6738982,6738986,14038,0x11,video_data_11,3
2974,381,6753024,6753028,132,0x13,documented_unknown_13,0
2975,381,6753160,6753164,0,0x04,start_stop_audio,0
2976,381,6753164,6753168,6,0x07,send_buffer,1
2977,381,6753174,6753178,0,0x01,end_of_chunk,0
2978,382,6753182,6753186,1080,0x0F,set_decoding_map,0
2979,382,6754266,6754270,2952,0x08,audio_frame,0
2980,382,6757222,6757226,6,0x09,silence_frame,0
2981,382,6757232,6757236,14024,0x11,video_data_11,3
2982,382,6771260,6771264,132,0x13,documented_unknown_13,0
2983,382,6771396,6771400,0,0x04,start_stop_audio,0
2984,382,6771400,6771404,6,0x07,send_buffer,1
2985,382,6771410,6771414,0,0x01,end_of_chunk,0
2986,383,6771418,6771422,1080,0x0F,set_decoding_map,0
2987,383,6772502,6772506,2952,0x08,audio_frame,0
2988,383,6775458,6775462,6,0x09,silence_frame,0
2989,383,6775468,6775472,14030,0x11,video_data_11,3
2990,383,6789502,6789506,132,0x13,documented_unknown_13,0
2991,383,6789638,6789642,0,0x04,start_stop_audio,0
2992,383,6789642,6789646,6,0x07,send_buffer,1
2993,383,6789652,6789656,0,0x01,end_of_chunk,0
2994,384,6789660,6789664,1080,0x0F,set_decoding_map,0
2995,384,6790744,6790748,2952,0x08,audio_frame,0
2996,384,6793700,6793704,6,0x09,silence_frame,0
2997,384,6793710,6793714,14046,0x11,video_data_11,3
2998,384,6807760,6807764,132,0x13,documented_unknown_13,0
2999,384,6807896,6807900,0,0x04,start_stop_audio,0
3000,384,6807900,6807904,6,0x07,send_buffer,1
3001,384,6807910,6807914,0,0x01,end_of_chunk,0
3002,385,6807918,6807922,1080,0x0F,set_decoding_map,0
3003,385,6809002,6809006,2952,0x08,audio_frame,0
3004,385,6811958,6811962,6,0x09,silence_frame,0
3005,385,6811968,6811972,14022,0x11,video_data_11,3
3006,385,6825994,6825998,132,0x13,documented_unknown_13,0
3007,385,6826130,6826134,0,0x04,start_stop_audio,0
3008,385,6826134,6826138,6,0x07,send_buffer,1
3009,385,6826144,6826148,0,0x01,end_of_chunk,0
3010,386,6826152,6826156,1080,0x0F,set_decoding_map,0
3011,386,6827236,6827240,2952,0x08,audio_frame,0
3012,386,6830192,6830196,6,0x09,silence_frame,0
3013,386,6830202,6830206,14028,0x11,video_data_11,3
3014,386,6844234,6844238,132,0x13,documented_unknown_13,0
3015,386,6844370,6844374,0,0x04,start_stop_audio,0
3016,386,6844374,6844378,6,0x07,send_buffer,1
3017,386,6844384,6844388,0,0x01,end_of_chunk,0
3018,387,6844392,6844396,1080,0x0F,set_decoding_map,0
3019,387,6845476,6845480,2952,0x08,audio_frame,0
3020,387,6848432,6848436,6,0x09,silence_frame,0
3021,387,6848442,6848446,14060,0x11,video_data_11,3
3022,387,6862506,6862510,132,0x13,documented_unknown_13,0
3023,387,6862642,6862646,0,0x04,start_stop_audio,0
3024,387,6862646,6862650,6,0x07,send_buffer,1
3025,387,6862656,6862660,0,0x01,end_of_chunk,0
3026,388,6862664,6862668,1080,0x0F,set_decoding_map,0
3027,388,6863748,6863752,2952,0x08,audio_frame,0
3028,388,6866704,6866708,6,0x09,silence_frame,0
3029,388,6866714,6866718,14028,0x11,video_data_11,3
3030,388,6880746,6880750,132,0x13,documented_unknown_13,0
3031,388,6880882,6880886,0,0x04,start_stop_audio,0
3032,388,6880886,6880890,6,0x07,send_buffer,1
3033,388,6880896,6880900,0,0x01,end_of_chunk,0
3034,389,6880904,6880908,1080,0x0F,set_decoding_map,0
3035,389,6881988,6881992,2952,0x08,audio_frame,0
3036,389,6884944,6884948,6,0x09,silence_frame,0
3037,389,6884954,6884958,14036,0x11,video_data_11,3
3038,389,6898994,6898998,132,0x13,documented_unknown_13,0
3039,389,6899130,6899134,0,0x04,start_stop_audio,0
3040,389,6899134,6899138,6,0x07,send_buffer,1
3041,389,6899144,6899148,0,0x01,end_of_chunk,0
3042,390,6899152,6899156,1080,0x0F,set_decoding_map,0
3043,390,6900236,6900240,2952,0x08,audio_frame,0
3044,390,6903192,6903196,6,0x09,silence_frame,0
3045,390,6903202,6903206,14024,0x11,video_data_11,3
3046,390,6917230,6917234,132,0x13,documented_unknown_13,0
3047,390,6917366,6917370,0,0x04,start_stop_audio,0
3048,390,6917370,6917374,6,0x07,send_buffer,1
3049,390,6917380,6917384,0,0x01,end_of_chunk,0
3050,391,6917388,6917392,1080,0x0F,set_decoding_map,0
3051,391,6918472,6918476,2952,0x08,audio_frame,0
3052,391,6921428,6921432,6,0x09,silence_frame,0
3053,391,6921438,6921442,14032,0x11,video_data_11,3
3054,391,6935474,6935478,132,0x13,documented_unknown_13,0
3055,391,6935610,6935614,0,0x04,start_stop_audio,0
3056,391,6935614,6935618,6,0x07,send_buffer,1
3057,391,6935624,6935628,0,0x01,end_of_chunk,0
3058,392,6935632,6935636,1080,0x0F,set_decoding_map,0
3059,392,6936716,6936720,2932,0x08,audio_frame,0
3060,392,6939652,6939656,6,0x09,silence_frame,0
3061,392,6939662,6939666,14042,0x11,video_data_11,3
3062,392,6953708,6953712,132,0x13,documented_unknown_13,0
3063,392,6953844,6953848,0,0x04,start_stop_audio,0
3064,392,6953848,6953852,6,0x07,send_buffer,1
3065,392,6953858,6953862,0,0x01,end_of_chunk,0
3066,393,6953866,6953870,1080,0x0F,set_decoding_map,0
3067,393,6954950,6954954,2952,0x08,audio_frame,0
3068,393,6957906,6957910,6,0x09,silence_frame,0
3069,393,6957916,6957920,14026,0x11,video_data_11,3
3070,393,6971946,6971950,132,0x13,documented_unknown_13,0
3071,393,6972082,6972086,0,0x04,start_stop_audio,0
3072,393,6972086,6972090,6,0x07,send_buffer,1
3073,393,6972096,6972100,0,0x01,end_of_chunk,0
3074,394,6972104,6972108,1080,0x0F,set_decoding_map,0
3075,394,6973188,6973192,2952,0x08,audio_frame,0
3076,394,6976144,6976148,6,0x09,silence_frame,0
3077,394,6976154,6976158,14026,0x11,video_data_11,3
3078,394,6990184,6990188,132,0x13,documented_unknown_13,0
3079,394,6990320,6990324,0,0x04,start_stop_audio,0
3080,394,6990324,6990328,6,0x07,send_buffer,1
3081,394,6990334,6990338,0,0x01,end_of_chunk,0
3082,395,6990342,6990346,1080,0x0F,set_decoding_map,0
3083,395,6991426,6991430,2952,0x08,audio_frame,0
3084,395,6994382,6994386,6,0x09,silence_frame,0
3085,395,6994392,6994396,14042,0x11,video_data_11,3
3086,395,7008438,7008442,132,0x13,documented_unknown_13,0
3087,395,7008574,7008578,0,0x04,start_stop_audio,0
3088,395,7008578,7008582,6,0x07,send_buffer,1
3089,395,7008588,7008592,0,0x01,end_of_chunk,0
3090,396,7008596,7008600,1080,0x0F,set_decoding_map,0
3091,396,7009680,7009684,2952,0x08,audio_frame,0
3092,396,7012636,7012640,6,0x09,silence_frame,0
3093,396,7012646,7012650,14022,0x11,video_data_11,3
3094,396,7026672,7026676,132,0x13,documented_unknown_13,0
3095,396,7026808,7026812,0,0x04,start_stop_audio,0
3096,396,7026812,7026816,6,0x07,send_buffer,1
3097,396,7026822,7026826,0,0x01,end_of_chunk,0
3098,397,7026830,7026834,1080,0x0F,set_decoding_map,0
3099,397,7027914,7027918,2952,0x08,audio_frame,0
3100,397,7030870,7030874,6,0x09,silence_frame,0
3101,397,7030880,7030884,14030,0x11,video_data_11,3
3102,397,7044914,7044918,132,0x13,documented_unknown_13,0
3103,397,7045050,7045054,0,0x04,start_stop_audio,0
3104,397,7045054,7045058,6,0x07,send_buffer,1
3105,397,7045064,7045068,0,0x01,end_of_chunk,0
3106,398,7045072,7045076,1080,0x0F,set_decoding_map,0
3107,398,7046156,7046160,2952,0x08,audio_frame,0
3108,398,7049112,7049116,6,0x09,silence_frame,0
3109,398,7049122,7049126,14036,0x11,video_data_11,3
3110,398,7063162,7063166,132,0x13,documented_unknown_13,0
3111,398,7063298,7063302,0,0x04,start_stop_audio,0
3112,398,7063302,7063306,6,0x07,send_buffer,1
3113,398,7063312,7063316,0,0x01,end_of_chunk,0
3114,399,7063320,7063324,1080,0x0F,set_decoding_map,0
3115,399,7064404,7064408,2952,0x08,audio_frame,0
3116,399,7067360,7067364,6,0x09,silence_frame,0
3117,399,7067370,7067374,14028,0x11,video_data_11,3
3118,399,7081402,7081406,132,0x13,documented_unknown_13,0
3119,399,7081538,7081542,0,0x04,start_stop_audio,0
3120,399,7081542,7081546,6,0x07,send_buffer,1
3121,399,7081552,7081556,0,0x01,end_of_chunk,0
3122,400,7081560,7081564,1080,0x0F,set_decoding_map,0
3123,400,7082644,7082648,2952,0x08,audio_frame,0
3124,400,7085600,7085604,6,0x09,silence_frame,0
3125,400,7085610,7085614,14044,0x11,video_data_11,3
3126,400,7099658,7099662,132,0x13,documented_unknown_13,0
3127,400,7099794,7099798,0,0x04,start_stop_audio,0
3128,400,7099798,7099802,6,0x07,send_buffer,1
3129,400,7099808,7099812,0,0x01,end_of_chunk,0
3130,401,7099816,7099820,1080,0x0F,set_decoding_map,0
3131,401,7100900,7100904,2952,0x08,audio_frame,0
3132,401,7103856,7103860,6,0x09,silence_frame,0
3133,401,7103866,7103870,14024,0x11,video_data_11,3
3134,401,7117894,7117898,132,0x13,documented_unknown_13,0
3135,401,7118030,7118034,0,0x04,start_stop_audio,0
3136,401,7118034,7118038,6,0x07,send_buffer,1
3137,401,7118044,7118048,0,0x01,end_of_chunk,0
3138,402,7118052,7118056,1080,0x0F,set_decoding_map,0
3139,402,7119136,7119140,2952,0x08,audio_frame,0
3140,402,7122092,7122096,6,0x09,silence_frame,0
3141,402,7122102,7122106,14030,0x11,video_data_11,3
3142,402,7136136,7136140,132,0x13,documented_unknown_13,0
3143,402,7136272,7136276,0,0x04,start_stop_audio,0
3144,402,7136276,7136280,6,0x07,send_buffer,1
3145,402,7136286,7136290,0,0x01,end_of_chunk,0
3146,403,7136294,7136298,1080,0x0F,set_decoding_map,0
3147,403,7137378,7137382,2952,0x08,audio_frame,0
3148,403,7140334,7140338,6,0x09,silence_frame,0
3149,403,7140344,7140348,14050,0x11,video_data_11,3
3150,403,7154398,7154402,132,0x13,documented_unknown_13,0
3151,403,7154534,7154538,0,0x04,start_stop_audio,0
3152,403,7154538,7154542,6,0x07,send_buffer,1
3153,403,7154548,7154552,0,0x01,end_of_chunk,0
3154,404,7154556,7154560,1080,0x0F,set_decoding_map,0
3155,404,7155640,7155644,2952,0x08,audio_frame,0
3156,404,7158596,7158600,6,0x09,silence_frame,0
3157,404,7158606,7158610,14024,0x11,video_data_11,3
3158,404,7172634,7172638,132,0x13,documented_unknown_13,0
3159,404,7172770,7172774,0,0x04,start_stop_audio,0
3160,404,7172774,7172778,6,0x07,send_buffer,1
3161,404,7172784,7172788,0,0x01,end_of_chunk,0
3162,405,7172792,7172796,1080,0x0F,set_decoding_map,0
3163,405,7173876,7173880,2952,0x08,audio_frame,0
3164,405,7176832,7176836,6,0x09,silence_frame,0
3165,405,7176842,7176846,14034,0x11,video_data_11,3
3166,405,7190880,7190884,132,0x13,documented_unknown_13,0
3167,405,7191016,7191020,0,0x04,start_stop_audio,0
3168,405,7191020,7191024,6,0x07,send_buffer,1
3169,405,7191030,7191034,0,0x01,end_of_chunk,0
3170,406,7191038,7191042,1080,0x0F,set_decoding_map,0
3171,406,7192122,7192126,2952,0x08,audio_frame,0
3172,406,7195078,7195082,6,0x09,silence_frame,0
3173,406,7195088,7195092,14052,0x11,video_data_11,3
3174,406,7209144,7209148,132,0x13,documented_unknown_13,0
3175,406,7209280,7209284,0,0x04,start_stop_audio,0
3176,406,7209284,7209288,6,0x07,send_buffer,1
3177,406,7209294,7209298,0,0x01,end_of_chunk,0
3178,407,7209302,7209306,1080,0x0F,set_decoding_map,0
3179,407,7210386,7210390,2932,0x08,audio_frame,0
3180,407,7213322,7213326,6,0x09,silence_frame,0
3181,407,7213332,7213336,14068,0x11,video_data_11,3
3182,407,7227404,7227408,132,0x13,documented_unknown_13,0
3183,407,7227540,7227544,0,0x04,start_stop_audio,0
3184,407,7227544,7227548,6,0x07,send_buffer,1
3185,407,7227554,7227558,0,0x01,end_of_chunk,0
3186,408,7227562,7227566,1080,0x0F,set_decoding_map,0
3187,408,7228646,7228650,2952,0x08,audio_frame,0
3188,408,7231602,7231606,6,0x09,silence_frame,0
3189,408,7231612,7231616,14022,0x11,video_data_11,3
3190,408,7245638,7245642,132,0x13,documented_unknown_13,0
3191,408,7245774,7245778,0,0x04,start_stop_audio,0
3192,408,7245778,7245782,6,0x07,send_buffer,1
3193,408,7245788,7245792,0,0x01,end_of_chunk,0
3194,409,7245796,7245800,1080,0x0F,set_decoding_map,0
3195,409,7246880,7246884,2952,0x08,audio_frame,0
3196,409,7249836,7249840,6,0x09,silence_frame,0
3197,409,7249846,7249850,14074,0x11,video_data_11,3
3198,409,7263924,7263928,132,0x13,documented_unknown_13,0
3199,409,7264060,7264064,0,0x04,start_stop_audio,0
3200,409,7264064,7264068,6,0x07,send_buffer,1
3201,409,7264074,7264078,0,0x01,end_of_chunk,0
3202,410,7264082,7264086,1080,0x0F,set_decoding_map,0
3203,410,7265166,7265170,2952,0x08,audio_frame,0
3204,410,7268122,7268126,6,0x09,silence_frame,0
3205,410,7268132,7268136,14042,0x11,video_data_11,3
3206,410,7282178,7282182,132,0x13,documented_unknown_13,0
3207,410,7282314,7282318,0,0x04,start_stop_audio,0
3208,410,7282318,7282322,6,0x07,send_buffer,1
3209,410,7282328,7282332,0,0x01,end_of_chunk,0
3210,411,7282336,7282340,1080,0x0F,set_decoding_map,0
3211,411,7283420,7283424,2952,0x08,audio_frame,0
3212,411,7286376,7286380,6,0x09,silence_frame,0
3213,411,7286386,7286390,14028,0x11,video_data_11,3
3214,411,7300418,7300422,132,0x13,documented_unknown_13,0
3215,411,7300554,7300558,0,0x04,start_stop_audio,0
3216,411,7300558,7300562,6,0x07,send_buffer,1
3217,411,7300568,7300572,0,0x01,end_of_chunk,0
3218,412,7300576,7300580,1080,0x0F,set_decoding_map,0
3219,412,7301660,7301664,2952,0x08,audio_frame,0
3220,412,7304616,7304620,6,0x09,silence_frame,0
3221,412,7304626,7304630,14062,0x11,video_data_11,3
3222,412,7318692,7318696,132,0x13,documented_unknown_13,0
3223,412,7318828,7318832,0,0x04,start_stop_audio,0
3224,412,7318832,7318836,6,0x07,send_buffer,1
3225,412,7318842,7318846,0,0x01,end_of_chunk,0
3226,413,7318850,7318854,1080,0x0F,set_decoding_map,0
3227,413,7319934,7319938,2952,0x08,audio_frame,0
3228,413,7322890,7322894,6,0x09,silence_frame,0
3229,413,7322900,7322904,14084,0x11,video_data_11,3
3230,413,7336988,7336992,132,0x13,documented_unknown_13,0
3231,413,7337124,7337128,0,0x04,start_stop_audio,0
3232,413,7337128,7337132,6,0x07,send_buffer,1
3233,413,7337138,7337142,0,0x01,end_of_chunk,0
3234,414,7337146,7337150,1080,0x0F,set_decoding_map,0
3235,414,7338230,7338234,2952,0x08,audio_frame,0
3236,414,7341186,7341190,6,0x09,silence_frame,0
3237,414,7341196,7341200,14040,0x11,video_data_11,3
3238,414,7355240,7355244,132,0x13,documented_unknown_13,0
3239,414,7355376,7355380,0,0x04,start_stop_audio,0
3240,414,7355380,7355384,6,0x07,send_buffer,1
3241,414,7355390,7355394,0,0x01,end_of_chunk,0
3242,415,7355398,7355402,1080,0x0F,set_decoding_map,0
3243,415,7356482,7356486,2952,0x08,audio_frame,0
3244,415,7359438,7359442,6,0x09,silence_frame,0
3245,415,7359448,7359452,14038,0x11,video_data_11,3
3246,415,7373490,7373494,132,0x13,documented_unknown_13,0
3247,415,7373626,7373630,0,0x04,start_stop_audio,0
3248,415,7373630,7373634,6,0x07,send_buffer,1
3249,415,7373640,7373644,0,0x01,end_of_chunk,0
3250,416,7373648,7373652,1080,0x0F,set_decoding_map,0
3251,416,7374732,7374736,2952,0x08,audio_frame,0
3252,416,7377688,7377692,6,0x09,silence_frame,0
3253,416,7377698,7377702,14030,0x11,video_data_11,3
3254,416,7391732,7391736,132,0x13,documented_unknown_13,0
3255,416,7391868,7391872,0,0x04,start_stop_audio,0
3256,416,7391872,7391876,6,0x07,send_buffer,1
3257,416,7391882,7391886,0,0x01,end_of_chunk,0
3258,417,7391890,7391894,1080,0x0F,set_decoding_map,0
3259,417,7392974,7392978,2952,0x08,audio_frame,0
3260,417,7395930,7395934,6,0x09,silence_frame,0
3261,417,7395940,7395944,14022,0x11,video_data_11,3
3262,417,7409966,7409970,132,0x13,documented_unknown_13,0
3263,417,7410102,7410106,0,0x04,start_stop_audio,0
3264,417,7410106,7410110,6,0x07,send_buffer,1
3265,417,7410116,7410120,0,0x01,end_of_chunk,0
3266,418,7410124,7410128,1080,0x0F,set_decoding_map,0
3267,418,7411208,7411212,2952,0x08,audio_frame,0
3268,418,7414164,7414168,6,0x09,silence_frame,0
3269,418,7414174,7414178,14022,0x11,video_data_11,3
3270,418,7428200,7428204,132,0x13,documented_unknown_13,0
3271,418,7428336,7428340,0,0x04,start_stop_audio,0
3272,418,7428340,7428344,6,0x07,send_buffer,1
3273,418,7428350,7428354,0,0x01,end_of_chunk,0
3274,419,7428358,7428362,1080,0x0F,set_decoding_map,0
3275,419,7429442,7429446,2952,0x08,audio_frame,0
3276,419,7432398,7432402,6,0x09,silence_frame,0
3277,419,7432408,7432412,14074,0x11,video_data_11,3
3278,419,7446486,7446490,132,0x13,documented_unknown_13,0
3279,419,7446622,7446626,0,0x04,start_stop_audio,0
3280,419,7446626,7446630,6,0x07,send_buffer,1
3281,419,7446636,7446640,0,0x01,end_of_chunk,0
3282,420,7446644,7446648,1080,0x0F,set_decoding_map,0
3283,420,7447728,7447732,2952,0x08,audio_frame,0
3284,420,7450684,7450688,6,0x09,silence_frame,0
3285,420,7450694,7450698,14046,0x11,video_data_11,3
3286,420,7464744,7464748,132,0x13,documented_unknown_13,0
3287,420,7464880,7464884,0,0x04,start_stop_audio,0
3288,420,7464884,7464888,6,0x07,send_buffer,1
3289,420,7464894,7464898,0,0x01,end_of_chunk,0
3290,421,7464902,7464906,1080,0x0F,set_decoding_map,0
3291,421,7465986,7465990,2952,0x08,audio_frame,0
3292,421,7468942,7468946,6,0x09,silence_frame,0
3293,421,7468952,7468956,14078,0x11,video_data_11,3
3294,421,7483034,7483038,132,0x13,documented_unknown_13,0
3295,421,7483170,7483174,0,0x04,start_stop_audio,0
3296,421,7483174,7483178,6,0x07,send_buffer,1
3297,421,7483184,7483188,0,0x01,end_of_chunk,0
3298,422,7483192,7483196,1080,0x0F,set_decoding_map,0
3299,422,7484276,7484280,2932,0x08,audio_frame,0
3300,422,7487212,7487216,6,0x09,silence_frame,0
3301,422,7487222,7487226,14026,0x11,video_data_11,3
3302,422,7501252,7501256,132,0x13,documented_unknown_13,0
3303,422,7501388,7501392,0,0x04,start_stop_audio,0
3304,422,7501392,7501396,6,0x07,send_buffer,1
3305,422,7501402,7501406,0,0x01,end_of_chunk,0
3306,423,7501410,7501414,1080,0x0F,set_decoding_map,0
3307,423,7502494,7502498,2952,0x08,audio_frame,0
3308,423,7505450,7505454,6,0x09,silence_frame,0
3309,423,7505460,7505464,14044,0x11,video_data_11,3
3310,423,7519508,7519512,132,0x13,documented_unknown_13,0
3311,423,7519644,7519648,0,0x04,start_stop_audio,0
3312,423,7519648,7519652,6,0x07,send_buffer,1
3313,423,7519658,7519662,0,0x01,end_of_chunk,0
3314,424,7519666,7519670,1080,0x0F,set_decoding_map,0
3315,424,7520750,7520754,2952,0x08,audio_frame,0
3316,424,7523706,7523710,6,0x09,silence_frame,0
3317,424,7523716,7523720,14054,0x11,video_data_11,3
3318,424,7537774,7537778,132,0x13,documented_unknown_13,0
3319,424,7537910,7537914,0,0x04,start_stop_audio,0
3320,424,7537914,7537918,6,0x07,send_buffer,1
3321,424,7537924,7537928,0,0x01,end_of_chunk,0
3322,425,7537932,7537936,1080,0x0F,set_decoding_map,0
3323,425,7539016,7539020,2952,0x08,audio_frame,0
3324,425,7541972,7541976,6,0x09,silence_frame,0
3325,425,7541982,7541986,14036,0x11,video_data_11,3
3326,425,7556022,7556026,132,0x13,documented_unknown_13,0
3327,425,7556158,7556162,0,0x04,start_stop_audio,0
3328,425,7556162,7556166,6,0x07,send_buffer,1
3329,425,7556172,7556176,0,0x01,end_of_chunk,0
3330,426,7556180,7556184,1080,0x0F,set_decoding_map,0
3331,426,7557264,7557268,2952,0x08,audio_frame,0
3332,426,7560220,7560224,6,0x09,silence_frame,0
3333,426,7560230,7560234,14058,0x11,video_data_11,3
3334,426,7574292,7574296,132,0x13,documented_unknown_13,0
3335,426,7574428,7574432,0,0x04,start_stop_audio,0
3336,426,7574432,7574436,6,0x07,send_buffer,1
3337,426,7574442,7574446,0,0x01,end_of_chunk,0
3338,427,7574450,7574454,1080,0x0F,set_decoding_map,0
3339,427,7575534,7575538,2952,0x08,audio_frame,0
3340,427,7578490,7578494,6,0x09,silence_frame,0
3341,427,7578500,7578504,14052,0x11,video_data_11,3
3342,427,7592556,7592560,132,0x13,documented_unknown_13,0
3343,427,7592692,7592696,0,0x04,start_stop_audio,0
3344,427,7592696,7592700,6,0x07,send_buffer,1
3345,427,7592706,7592710,0,0x01,end_of_chunk,0
3346,428,7592714,7592718,1080,0x0F,set_decoding_map,0
3347,428,7593798,7593802,2952,0x08,audio_frame,0
3348,428,7596754,7596758,6,0x09,silence_frame,0
3349,428,7596764,7596768,14052,0x11,video_data_11,3
3350,428,7610820,7610824,132,0x13,documented_unknown_13,0
3351,428,7610956,7610960,0,0x04,start_stop_audio,0
3352,428,7610960,7610964,6,0x07,send_buffer,1
3353,428,7610970,7610974,0,0x01,end_of_chunk,0
3354,429,7610978,7610982,1080,0x0F,set_decoding_map,0
3355,429,7612062,7612066,2952,0x08,audio_frame,0
3356,429,7615018,7615022,6,0x09,silence_frame,0
3357,429,7615028,7615032,14066,0x11,video_data_11,3
3358,429,7629098,7629102,132,0x13,documented_unknown_13,0
3359,429,7629234,7629238,0,0x04,start_stop_audio,0
3360,429,7629238,7629242,6,0x07,send_buffer,1
3361,429,7629248,7629252,0,0x01,end_of_chunk,0
3362,430,7629256,7629260,1080,0x0F,set_decoding_map,0
3363,430,7630340,7630344,2952,0x08,audio_frame,0
3364,430,7633296,7633300,6,0x09,silence_frame,0
3365,430,7633306,7633310,14040,0x11,video_data_11,3
3366,430,7647350,7647354,132,0x13,documented_unknown_13,0
3367,430,7647486,7647490,0,0x04,start_stop_audio,0
3368,430,7647490,7647494,6,0x07,send_buffer,1
3369,430,7647500,7647504,0,0x01,end_of_chunk,0
3370,431,7647508,7647512,1080,0x0F,set_decoding_map,0
3371,431,7648592,7648596,2952,0x08,audio_frame,0
3372,431,7651548,7651552,6,0x09,silence_frame,0
3373,431,7651558,7651562,14028,0x11,video_data_11,3
3374,431,7665590,7665594,132,0x13,documented_unknown_13,0
3375,431,7665726,7665730,0,0x04,start_stop_audio,0
3376,431,7665730,7665734,6,0x07,send_buffer,1
3377,431,7665740,7665744,0,0x01,end_of_chunk,0
3378,432,7665748,7665752,1080,0x0F,set_decoding_map,0
3379,432,7666832,7666836,2952,0x08,audio_frame,0
3380,432,7669788,7669792,6,0x09,silence_frame,0
3381,432,7669798,7669802,14060,0x11,video_data_11,3
3382,432,7683862,7683866,132,0x13,documented_unknown_13,0
3383,432,7683998,7684002,0,0x04,start_stop_audio,0
3384,432,7684002,7684006,6,0x07,send_buffer,1
3385,432,7684012,7684016,0,0x01,end_of_chunk,0
3386,433,7684020,7684024,1080,0x0F,set_decoding_map,0
3387,433,7685104,7685108,2952,0x08,audio_frame,0
3388,433,7688060,7688064,6,0x09,silence_frame,0
3389,433,7688070,7688074,14052,0x11,video_data_11,3
3390,433,7702126,7702130,132,0x13,documented_unknown_13,0
3391,433,7702262,7702266,0,0x04,start_stop_audio,0
3392,433,7702266,7702270,6,0x07,send_buffer,1
3393,433,7702276,7702280,0,0x01,end_of_chunk,0
3394,434,7702284,7702288,1080,0x0F,set_decoding_map,0
3395,434,7703368,7703372,2952,0x08,audio_frame,0
3396,434,7706324,7706328,6,0x09,silence_frame,0
3397,434,7706334,7706338,14062,0x11,video_data_11,3
3398,434,7720400,7720404,132,0x13,documented_unknown_13,0
3399,434,7720536,7720540,0,0x04,start_stop_audio,0
3400,434,7720540,7720544,6,0x07,send_buffer,1
3401,434,7720550,7720554,0,0x01,end_of_chunk,0
3402,435,7720558,7720562,1080,0x0F,set_decoding_map,0
3403,435,7721642,7721646,2952,0x08,audio_frame,0
3404,435,7724598,7724602,6,0x09,silence_frame,0
3405,435,7724608,7724612,14036,0x11,video_data_11,3
3406,435,7738648,7738652,132,0x13,documented_unknown_13,0
3407,435,7738784,7738788,0,0x04,start_stop_audio,0
3408,435,7738788,7738792,6,0x07,send_buffer,1
3409,435,7738798,7738802,0,0x01,end_of_chunk,0
3410,436,7738806,7738810,1080,0x0F,set_decoding_map,0
3411,436,7739890,7739894,2952,0x08,audio_frame,0
3412,436,7742846,7742850,6,0x09,silence_frame,0
3413,436,7742856,7742860,14062,0x11,video_data_11,3
3414,436,7756922,7756926,132,0x13,documented_unknown_13,0
3415,436,7757058,7757062,0,0x04,start_stop_audio,0
3416,436,7757062,7757066,6,0x07,send_buffer,1
3417,436,7757072,7757076,0,0x01,end_of_chunk,0
3418,437,7757080,7757084,1080,0x0F,set_decoding_map,0
3419,437,7758164,7758168,2932,0x08,audio_frame,0
3420,437,7761100,7761104,6,0x09,silence_frame,0
3421,437,7761110,7761114,14060,0x11,video_data_11,3
3422,437,7775174,7775178,132,0x13,documented_unknown_13,0
3423,437,7775310,7775314,0,0x04,start_stop_audio,0
3424,437,7775314,7775318,6,0x07,send_buffer,1
3425,437,7775324,7775328,0,0x01,end_of_chunk,0
3426,438,7775332,7775336,1080,0x0F,set_decoding_map,0
3427,438,7776416,7776420,2952,0x08,audio_frame,0
3428,438,7779372,7779376,6,0x09,silence_frame,0
3429,438,7779382,7779386,14038,0x11,video_data_11,3
3430,438,7793424,7793428,132,0x13,documented_unknown_13,0
3431,438,7793560,7793564,0,0x04,start_stop_audio,0
3432,438,7793564,7793568,6,0x07,send_buffer,1
3433,438,7793574,7793578,0,0x01,end_of_chunk,0
3434,439,7793582,7793586,1080,0x0F,set_decoding_map,0
3435,439,7794666,7794670,2952,0x08,audio_frame,0
3436,439,7797622,7797626,6,0x09,silence_frame,0
3437,439,7797632,7797636,14060,0x11,video_data_11,3
3438,439,7811696,7811700,132,0x13,documented_unknown_13,0
3439,439,7811832,7811836,0,0x04,start_stop_audio,0
3440,439,7811836,7811840,6,0x07,send_buffer,1
3441,439,7811846,7811850,0,0x01,end_of_chunk,0
3442,440,7811854,7811858,1080,0x0F,set_decoding_map,0
3443,440,7812938,7812942,2952,0x08,audio_frame,0
3444,440,7815894,7815898,6,0x09,silence_frame,0
3445,440,7815904,7815908,14026,0x11,video_data_11,3
3446,440,7829934,7829938,132,0x13,documented_unknown_13,0
3447,440,7830070,7830074,0,0x04,start_stop_audio,0
3448,440,7830074,7830078,6,0x07,send_buffer,1
3449,440,7830084,7830088,0,0x01,end_of_chunk,0
3450,441,7830092,7830096,1080,0x0F,set_decoding_map,0
3451,441,7831176,7831180,2952,0x08,audio_frame,0
3452,441,7834132,7834136,6,0x09,silence_frame,0
3453,441,7834142,7834146,14060,0x11,video_data_11,3
3454,441,7848206,7848210,132,0x13,documented_unknown_13,0
3455,441,7848342,7848346,0,0x04,start_stop_audio,0
3456,441,7848346,7848350,6,0x07,send_buffer,1
3457,441,7848356,7848360,0,0x01,end_of_chunk,0
3458,442,7848364,7848368,1080,0x0F,set_decoding_map,0
3459,442,7849448,7849452,2952,0x08,audio_frame,0
3460,442,7852404,7852408,6,0x09,silence_frame,0
3461,442,7852414,7852418,14038,0x11,video_data_11,3
3462,442,7866456,7866460,132,0x13,documented_unknown_13,0
3463,442,7866592,7866596,0,0x04,start_stop_audio,0
3464,442,7866596,7866600,6,0x07,send_buffer,1
3465,442,7866606,7866610,0,0x01,end_of_chunk,0
3466,443,7866614,7866618,1080,0x0F,set_decoding_map,0
3467,443,7867698,7867702,2952,0x08,audio_frame,0
3468,443,7870654,7870658,6,0x09,silence_frame,0
3469,443,7870664,7870668,14080,0x11,video_data_11,3
3470,443,7884748,7884752,132,0x13,documented_unknown_13,0
3471,443,7884884,7884888,0,0x04,start_stop_audio,0
3472,443,7884888,7884892,6,0x07,send_buffer,1
3473,443,7884898,7884902,0,0x01,end_of_chunk,0
3474,444,7884906,7884910,1080,0x0F,set_decoding_map,0
3475,444,7885990,7885994,2952,0x08,audio_frame,0
3476,444,7888946,7888950,6,0x09,silence_frame,0
3477,444,7888956,7888960,14048,0x11,video_data_11,3
3478,444,7903008,7903012,132,0x13,documented_unknown_13,0
3479,444,7903144,7903148,0,0x04,start_stop_audio,0
3480,444,7903148,7903152,6,0x07,send_buffer,1
3481,444,7903158,7903162,0,0x01,end_of_chunk,0
3482,445,7903166,7903170,1080,0x0F,set_decoding_map,0
3483,445,7904250,7904254,2952,0x08,audio_frame,0
3484,445,7907206,7907210,6,0x09,silence_frame,0
3485,445,7907216,7907220,14030,0x11,video_data_11,3
3486,445,7921250,7921254,132,0x13,documented_unknown_13,0
3487,445,7921386,7921390,0,0x04,start_stop_audio,0
3488,445,7921390,7921394,6,0x07,send_buffer,1
3489,445,7921400,7921404,0,0x01,end_of_chunk,0
3490,446,7921408,7921412,1080,0x0F,set_decoding_map,0
3491,446,7922492,7922496,2952,0x08,audio_frame,0
3492,446,7925448,7925452,6,0x09,silence_frame,0
3493,446,7925458,7925462,14076,0x11,video_data_11,3
3494,446,7939538,7939542,132,0x13,documented_unknown_13,0
3495,446,7939674,7939678,0,0x04,start_stop_audio,0
3496,446,7939678,7939682,6,0x07,send_buffer,1
3497,446,7939688,7939692,0,0x01,end_of_chunk,0
3498,447,7939696,7939700,1080,0x0F,set_decoding_map,0
3499,447,7940780,7940784,2952,0x08,audio_frame,0
3500,447,7943736,7943740,6,0x09,silence_frame,0
3501,447,7943746,7943750,14038,0x11,video_data_11,3
3502,447,7957788,7957792,132,0x13,documented_unknown_13,0
3503,447,7957924,7957928,0,0x04,start_stop_audio,0
3504,447,7957928,7957932,6,0x07,send_buffer,1
3505,447,7957938,7957942,0,0x01,end_of_chunk,0
3506,448,7957946,7957950,1080,0x0F,set_decoding_map,0
3507,448,7959030,7959034,2952,0x08,audio_frame,0
3508,448,7961986,7961990,6,0x09,silence_frame,0
3509,448,7961996,7962000,14064,0x11,video_data_11,3
3510,448,7976064,7976068,132,0x13,documented_unknown_13,0
3511,448,7976200,7976204,0,0x04,start_stop_audio,0
3512,448,7976204,7976208,6,0x07,send_buffer,1
3513,448,7976214,7976218,0,0x01,end_of_chunk,0
3514,449,7976222,7976226,1080,0x0F,set_decoding_map,0
3515,449,7977306,7977310,2952,0x08,audio_frame,0
3516,449,7980262,7980266,6,0x09,silence_frame,0
3517,449,7980272,7980276,14078,0x11,video_data_11,3
3518,449,7994354,7994358,132,0x13,documented_unknown_13,0
3519,449,7994490,7994494,0,0x04,start_stop_audio,0
3520,449,7994494,7994498,6,0x07,send_buffer,1
3521,449,7994504,7994508,0,0x01,end_of_chunk,0
3522,450,7994512,7994516,1080,0x0F,set_decoding_map,0
3523,450,7995596,7995600,2952,0x08,audio_frame,0
3524,450,7998552,7998556,6,0x09,silence_frame,0
3525,450,7998562,7998566,14046,0x11,video_data_11,3
3526,450,8012612,8012616,132,0x13,documented_unknown_13,0
3527,450,8012748,8012752,0,0x04,start_stop_audio,0
3528,450,8012752,8012756,6,0x07,send_buffer,1
3529,450,8012762,8012766,0,0x01,end_of_chunk,0
3530,451,8012770,8012774,1080,0x0F,set_decoding_map,0
3531,451,8013854,8013858,2952,0x08,audio_frame,0
3532,451,8016810,8016814,6,0x09,silence_frame,0
3533,451,8016820,8016824,14026,0x11,video_data_11,3
3534,451,8030850,8030854,132,0x13,documented_unknown_13,0
3535,451,8030986,8030990,0,0x04,start_stop_audio,0
3536,451,8030990,8030994,6,0x07,send_buffer,1
3537,451,8031000,8031004,0,0x01,end_of_chunk,0
3538,452,8031008,8031012,1080,0x0F,set_decoding_map,0
3539,452,8032092,8032096,2932,0x08,audio_frame,0
3540,452,8035028,8035032,6,0x09,silence_frame,0
3541,452,8035038,8035042,14080,0x11,video_data_11,3
3542,452,8049122,8049126,132,0x13,documented_unknown_13,0
3543,452,8049258,8049262,0,0x04,start_stop_audio,0
3544,452,8049262,8049266,6,0x07,send_buffer,1
3545,452,8049272,8049276,0,0x01,end_of_chunk,0
3546,453,8049280,8049284,1080,0x0F,set_decoding_map,0
3547,453,8050364,8050368,2952,0x08,audio_frame,0
3548,453,8053320,8053324,6,0x09,silence_frame,0
3549,453,8053330,8053334,14056,0x11,video_data_11,3
3550,453,8067390,8067394,132,0x13,documented_unknown_13,0
3551,453,8067526,8067530,0,0x04,start_stop_audio,0
3552,453,8067530,8067534,6,0x07,send_buffer,1
3553,453,8067540,8067544,0,0x01,end_of_chunk,0
3554,454,8067548,8067552,1080,0x0F,set_decoding_map,0
3555,454,8068632,8068636,2952,0x08,audio_frame,0
3556,454,8071588,8071592,6,0x09,silence_frame,0
3557,454,8071598,8071602,14032,0x11,video_data_11,3
3558,454,8085634,8085638,132,0x13,documented_unknown_13,0
3559,454,8085770,8085774,0,0x04,start_stop_audio,0
3560,454,8085774,8085778,6,0x07,send_buffer,1
3561,454,8085784,8085788,0,0x01,end_of_chunk,0
3562,455,8085792,8085796,1080,0x0F,set_decoding_map,0
3563,455,8086876,8086880,2952,0x08,audio_frame,0
3564,455,8089832,8089836,6,0x09,silence_frame,0
3565,455,8089842,8089846,14022,0x11,video_data_11,3
3566,455,8103868,8103872,132,0x13,documented_unknown_13,0
3567,455,8104004,8104008,0,0x04,start_stop_audio,0
3568,455,8104008,8104012,6,0x07,send_buffer,1
3569,455,8104018,8104022,0,0x01,end_of_chunk,0
3570,456,8104026,8104030,1080,0x0F,set_decoding_map,0
3571,456,8105110,8105114,2952,0x08,audio_frame,0
3572,456,8108066,8108070,6,0x09,silence_frame,0
3573,456,8108076,8108080,14044,0x11,video_data_11,3
3574,456,8122124,8122128,132,0x13,documented_unknown_13,0
3575,456,8122260,8122264,0,0x04,start_stop_audio,0
3576,456,8122264,8122268,6,0x07,send_buffer,1
3577,456,8122274,8122278,0,0x01,end_of_chunk,0
3578,457,8122282,8122286,1080,0x0F,set_decoding_map,0
3579,457,8123366,8123370,2952,0x08,audio_frame,0
3580,457,8126322,8126326,6,0x09,silence_frame,0
3581,457,8126332,8126336,14028,0x11,video_data_11,3
3582,457,8140364,8140368,132,0x13,documented_unknown_13,0
3583,457,8140500,8140504,0,0x04,start_stop_audio,0
3584,457,8140504,8140508,6,0x07,send_buffer,1
3585,457,8140514,8140518,0,0x01,end_of_chunk,0
3586,458,8140522,8140526,1080,0x0F,set_decoding_map,0
3587,458,8141606,8141610,2952,0x08,audio_frame,0
3588,458,8144562,8144566,6,0x09,silence_frame,0
3589,458,8144572,8144576,14034,0x11,video_data_11,3
3590,458,8158610,8158614,132,0x13,documented_unknown_13,0
3591,458,8158746,8158750,0,0x04,start_stop_audio,0
3592,458,8158750,8158754,6,0x07,send_buffer,1
3593,458,8158760,8158764,0,0x01,end_of_chunk,0
3594,459,8158768,8158772,1080,0x0F,set_decoding_map,0
3595,459,8159852,8159856,2952,0x08,audio_frame,0
3596,459,8162808,8162812,6,0x09,silence_frame,0
3597,459,8162818,8162822,14080,0x11,video_data_11,3
3598,459,8176902,8176906,132,0x13,documented_unknown_13,0
3599,459,8177038,8177042,0,0x04,start_stop_audio,0
3600,459,8177042,8177046,6,0x07,send_buffer,1
3601,459,8177052,8177056,0,0x01,end_of_chunk,0
3602,460,8177060,8177064,1080,0x0F,set_decoding_map,0
3603,460,8178144,8178148,2952,0x08,audio_frame,0
3604,460,8181100,8181104,6,0x09,silence_frame,0
3605,460,8181110,8181114,14052,0x11,video_data_11,3
3606,460,8195166,8195170,132,0x13,documented_unknown_13,0
3607,460,8195302,8195306,0,0x04,start_stop_audio,0
3608,460,8195306,8195310,6,0x07,send_buffer,1
3609,460,8195316,8195320,0,0x01,end_of_chunk,0
3610,461,8195324,8195328,1080,0x0F,set_decoding_map,0
3611,461,8196408,8196412,2952,0x08,audio_frame,0
3612,461,8199364,8199368,6,0x09,silence_frame,0
3613,461,8199374,8199378,14036,0x11,video_data_11,3
3614,461,8213414,8213418,132,0x13,documented_unknown_13,0
3615,461,8213550,8213554,0,0x04,start_stop_audio,0
3616,461,8213554,8213558,6,0x07,send_buffer,1
3617,461,8213564,8213568,0,0x01,end_of_chunk,0
3618,462,8213572,8213576,1080,0x0F,set_decoding_map,0
3619,462,8214656,8214660,2952,0x08,audio_frame,0
3620,462,8217612,8217616,6,0x09,silence_frame,0
3621,462,8217622,8217626,14022,0x11,video_data_11,3
3622,462,8231648,8231652,132,0x13,documented_unknown_13,0
3623,462,8231784,8231788,0,0x04,start_stop_audio,0
3624,462,8231788,8231792,6,0x07,send_buffer,1
3625,462,8231798,8231802,0,0x01,end_of_chunk,0
3626,463,8231806,8231810,1080,0x0F,set_decoding_map,0
3627,463,8232890,8232894,2952,0x08,audio_frame,0
3628,463,8235846,8235850,6,0x09,silence_frame,0
3629,463,8235856,8235860,14032,0x11,video_data_11,3
3630,463,8249892,8249896,132,0x13,documented_unknown_13,0
3631,463,8250028,8250032,0,0x04,start_stop_audio,0
3632,463,8250032,8250036,6,0x07,send_buffer,1
3633,463,8250042,8250046,0,0x01,end_of_chunk,0
3634,464,8250050,8250054,1080,0x0F,set_decoding_map,0
3635,464,8251134,8251138,2952,0x08,audio_frame,0
3636,464,8254090,8254094,6,0x09,silence_frame,0
3637,464,8254100,8254104,14034,0x11,video_data_11,3
3638,464,8268138,8268142,132,0x13,documented_unknown_13,0
3639,464,8268274,8268278,0,0x04,start_stop_audio,0
3640,464,8268278,8268282,6,0x07,send_buffer,1
3641,464,8268288,8268292,0,0x01,end_of_chunk,0
3642,465,8268296,8268300,1080,0x0F,set_decoding_map,0
3643,465,8269380,8269384,2952,0x08,audio_frame,0
3644,465,8272336,8272340,6,0x09,silence_frame,0
3645,465,8272346,8272350,14040,0x11,video_data_11,3
3646,465,8286390,8286394,132,0x13,documented_unknown_13,0
3647,465,8286526,8286530,0,0x04,start_stop_audio,0
3648,465,8286530,8286534,6,0x07,send_buffer,1
3649,465,8286540,8286544,0,0x01,end_of_chunk,0
3650,466,8286548,8286552,1080,0x0F,set_decoding_map,0
3651,466,8287632,8287636,2952,0x08,audio_frame,0
3652,466,8290588,8290592,6,0x09,silence_frame,0
3653,466,8290598,8290602,14076,0x11,video_data_11,3
3654,466,8304678,8304682,132,0x13,documented_unknown_13,0
3655,466,8304814,8304818,0,0x04,start_stop_audio,0
3656,466,8304818,8304822,6,0x07,send_buffer,1
3657,466,8304828,8304832,0,0x01,end_of_chunk,0
3658,467,8304836,8304840,1080,0x0F,set_decoding_map,0
3659,467,8305920,8305924,2932,0x08,audio_frame,0
3660,467,8308856,8308860,6,0x09,silence_frame,0
3661,467,8308866,8308870,14026,0x11,video_data_11,3
3662,467,8322896,8322900,132,0x13,documented_unknown_13,0
3663,467,8323032,8323036,0,0x04,start_stop_audio,0
3664,467,8323036,8323040,6,0x07,send_buffer,1
3665,467,8323046,8323050,0,0x01,end_of_chunk,0
3666,468,8323054,8323058,1080,0x0F,set_decoding_map,0
3667,468,8324138,8324142,2952,0x08,audio_frame,0
3668,468,8327094,8327098,6,0x09,silence_frame,0
3669,468,8327104,8327108,14076,0x11,video_data_11,3
3670,468,8341184,8341188,132,0x13,documented_unknown_13,0
3671,468,8341320,8341324,0,0x04,start_stop_audio,0
3672,468,8341324,8341328,6,0x07,send_buffer,1
3673,468,8341334,8341338,0,0x01,end_of_chunk,0
3674,469,8341342,8341346,1080,0x0F,set_decoding_map,0
3675,469,8342426,8342430,2952,0x08,audio_frame,0
3676,469,8345382,8345386,6,0x09,silence_frame,0
3677,469,8345392,8345396,14044,0x11,video_data_11,3
3678,469,8359440,8359444,132,0x13,documented_unknown_13,0
3679,469,8359576,8359580,0,0x04,start_stop_audio,0
3680,469,8359580,8359584,6,0x07,send_buffer,1
3681,469,8359590,8359594,0,0x01,end_of_chunk,0
3682,470,8359598,8359602,1080,0x0F,set_decoding_map,0
3683,470,8360682,8360686,2952,0x08,audio_frame,0
3684,470,8363638,8363642,6,0x09,silence_frame,0
3685,470,8363648,8363652,14034,0x11,video_data_11,3
3686,470,8377686,8377690,132,0x13,documented_unknown_13,0
3687,470,8377822,8377826,0,0x04,start_stop_audio,0
3688,470,8377826,8377830,6,0x07,send_buffer,1
3689,470,8377836,8377840,0,0x01,end_of_chunk,0
3690,471,8377844,8377848,1080,0x0F,set_decoding_map,0
3691,471,8378928,8378932,2952,0x08,audio_frame,0
3692,471,8381884,8381888,6,0x09,silence_frame,0
3693,471,8381894,8381898,14030,0x11,video_data_11,3
3694,471,8395928,8395932,132,0x13,documented_unknown_13,0
3695,471,8396064,8396068,0,0x04,start_stop_audio,0
3696,471,8396068,8396072,6,0x07,send_buffer,1
3697,471,8396078,8396082,0,0x01,end_of_chunk,0
3698,472,8396086,8396090,1080,0x0F,set_decoding_map,0
3699,472,8397170,8397174,2952,0x08,audio_frame,0
3700,472,8400126,8400130,6,0x09,silence_frame,0
3701,472,8400136,8400140,14030,0x11,video_data_11,3
3702,472,8414170,8414174,132,0x13,documented_unknown_13,0
3703,472,8414306,8414310,0,0x04,start_stop_audio,0
3704,472,8414310,8414314,6,0x07,send_buffer,1
3705,472,8414320,8414324,0,0x01,end_of_chunk,0
3706,473,8414328,8414332,1080,0x0F,set_decoding_map,0
3707,473,8415412,8415416,2952,0x08,audio_frame,0
3708,473,8418368,8418372,6,0x09,silence_frame,0
3709,473,8418378,8418382,14052,0x11,video_data_11,3
3710,473,8432434,8432438,132,0x13,documented_unknown_13,0
3711,473,8432570,8432574,0,0x04,start_stop_audio,0
3712,473,8432574,8432578,6,0x07,send_buffer,1
3713,473,8432584,8432588,0,0x01,end_of_chunk,0
3714,474,8432592,8432596,1080,0x0F,set_decoding_map,0
3715,474,8433676,8433680,2952,0x08,audio_frame,0
3716,474,8436632,8436636,6,0x09,silence_frame,0
3717,474,8436642,8436646,14028,0x11,video_data_11,3
3718,474,8450674,8450678,132,0x13,documented_unknown_13,0
3719,474,8450810,8450814,0,0x04,start_stop_audio,0
3720,474,8450814,8450818,6,0x07,send_buffer,1
3721,474,8450824,8450828,0,0x01,end_of_chunk,0
3722,475,8450832,8450836,1080,0x0F,set_decoding_map,0
3723,475,8451916,8451920,2952,0x08,audio_frame,0
3724,475,8454872,8454876,6,0x09,silence_frame,0
3725,475,8454882,8454886,14028,0x11,video_data_11,3
3726,475,8468914,8468918,132,0x13,documented_unknown_13,0
3727,475,8469050,8469054,0,0x04,start_stop_audio,0
3728,475,8469054,8469058,6,0x07,send_buffer,1
3729,475,8469064,8469068,0,0x01,end_of_chunk,0
3730,476,8469072,8469076,1080,0x0F,set_decoding_map,0
3731,476,8470156,8470160,2952,0x08,audio_frame,0
3732,476,8473112,8473116,6,0x09,silence_frame,0
3733,476,8473122,8473126,14032,0x11,video_data_11,3
3734,476,8487158,8487162,132,0x13,documented_unknown_13,0
3735,476,8487294,8487298,0,0x04,start_stop_audio,0
3736,476,8487298,8487302,6,0x07,send_buffer,1
3737,476,8487308,8487312,0,0x01,end_of_chunk,0
3738,477,8487316,8487320,1080,0x0F,set_decoding_map,0
3739,477,8488400,8488404,2952,0x08,audio_frame,0
3740,477,8491356,8491360,6,0x09,silence_frame,0
3741,477,8491366,8491370,14082,0x11,video_data_11,3
3742,477,8505452,8505456,132,0x13,documented_unknown_13,0
3743,477,8505588,8505592,0,0x04,start_stop_audio,0
3744,477,8505592,8505596,6,0x07,send_buffer,1
3745,477,8505602,8505606,0,0x01,end_of_chunk,0
3746,478,8505610,8505614,1080,0x0F,set_decoding_map,0
3747,478,8506694,8506698,2952,0x08,audio_frame,0
3748,478,8509650,8509654,6,0x09,silence_frame,0
3749,478,8509660,8509664,14030,0x11,video_data_11,3
3750,478,8523694,8523698,132,0x13,documented_unknown_13,0
3751,478,8523830,8523834,0,0x04,start_stop_audio,0
3752,478,8523834,8523838,6,0x07,send_buffer,1
3753,478,8523844,8523848,0,0x01,end_of_chunk,0
3754,479,8523852,8523856,1080,0x0F,set_decoding_map,0
3755,479,8524936,8524940,2952,0x08,audio_frame,0
3756,479,8527892,8527896,6,0x09,silence_frame,0
3757,479,8527902,8527906,14066,0x11,video_data_11,3
3758,479,8541972,8541976,132,0x13,documented_unknown_13,0
3759,479,8542108,8542112,0,0x04,start_stop_audio,0
3760,479,8542112,8542116,6,0x07,send_buffer,1
3761,479,8542122,8542126,0,0x01,end_of_chunk,0
3762,480,8542130,8542134,1080,0x0F,set_decoding_map,0
3763,480,8543214,8543218,2952,0x08,audio_frame,0
3764,480,8546170,8546174,6,0x09,silence_frame,0
3765,480,8546180,8546184,14058,0x11,video_data_11,3
3766,480,8560242,8560246,132,0x13,documented_unknown_13,0
3767,480,8560378,8560382,0,0x04,start_stop_audio,0
3768,480,8560382,8560386,6,0x07,send_buffer,1
3769,480,8560392,8560396,0,0x01,end_of_chunk,0
3770,481,8560400,8560404,1080,0x0F,set_decoding_map,0
3771,481,8561484,8561488,2952,0x08,audio_frame,0
3772,481,8564440,8564444,6,0x09,silence_frame,0
3773,481,8564450,8564454,14028,0x11,video_data_11,3
3774,481,8578482,8578486,132,0x13,documented_unknown_13,0
3775,481,8578618,8578622,0,0x04,start_stop_audio,0
3776,481,8578622,8578626,6,0x07,send_buffer,1
3777,481,8578632,8578636,0,0x01,end_of_chunk,0
3778,482,8578640,8578644,1080,0x0F,set_decoding_map,0
3779,482,8579724,8579728,2932,0x08,audio_frame,0
3780,482,8582660,8582664,6,0x09,silence_frame,0
3781,482,8582670,8582674,14062,0x11,video_data_11,3
3782,482,8596736,8596740,132,0x13,documented_unknown_13,0
3783,482,8596872,8596876,0,0x04,start_stop_audio,0
3784,482,8596876,8596880,6,0x07,send_buffer,1
3785,482,8596886,8596890,0,0x01,end_of_chunk,0
3786,483,8596894,8596898,1080,0x0F,set_decoding_map,0
3787,483,8597978,8597982,2952,0x08,audio_frame,0
3788,483,8600934,8600938,6,0x09,silence_frame,0
3789,483,8600944,8600948,14078,0x11,video_data_11,3
3790,483,8615026,8615030,132,0x13,documented_unknown_13,0
3791,483,8615162,8615166,0,0x04,start_stop_audio,0
3792,483,8615166,8615170,6,0x07,send_buffer,1
3793,483,8615176,8615180,0,0x01,end_of_chunk,0
3794,484,8615184,8615188,1080,0x0F,set_decoding_map,0
3795,484,8616268,8616272,2952,0x08,audio_frame,0
3796,484,8619224,8619228,6,0x09,silence_frame,0
3797,484,8619234,8619238,14060,0x11,video_data_11,3
3798,484,8633298,8633302,132,0x13,documented_unknown_13,0
3799,484,8633434,8633438,0,0x04,start_stop_audio,0
3800,484,8633438,8633442,6,0x07,send_buffer,1
3801,484,8633448,8633452,0,0x01,end_of_chunk,0
3802,485,8633456,8633460,1080,0x0F,set_decoding_map,0
3803,485,8634540,8634544,2952,0x08,audio_frame,0
3804,485,8637496,8637500,6,0x09,silence_frame,0
3805,485,8637506,8637510,14040,0x11,video_data_11,3
3806,485,8651550,8651554,132,0x13,documented_unknown_13,0
3807,485,8651686,8651690,0,0x04,start_stop_audio,0
3808,485,8651690,8651694,6,0x07,send_buffer,1
3809,485,8651700,8651704,0,0x01,end_of_chunk,0
3810,486,8651708,8651712,1080,0x0F,set_decoding_map,0
3811,486,8652792,8652796,2952,0x08,audio_frame,0
3812,486,8655748,8655752,6,0x09,silence_frame,0
3813,486,8655758,8655762,14032,0x11,video_data_11,3
3814,486,8669794,8669798,132,0x13,documented_unknown_13,0
3815,486,8669930,8669934,0,0x04,start_stop_audio,0
3816,486,8669934,8669938,6,0x07,send_buffer,1
3817,486,8669944,8669948,0,0x01,end_of_chunk,0
3818,487,8669952,8669956,1080,0x0F,set_decoding_map,0
3819,487,8671036,8671040,2952,0x08,audio_frame,0
3820,487,8673992,8673996,6,0x09,silence_frame,0
3821,487,8674002,8674006,14070,0x11,video_data_11,3
3822,487,8688076,8688080,132,0x13,documented_unknown_13,0
3823,487,8688212,8688216,0,0x04,start_stop_audio,0
3824,487,8688216,8688220,6,0x07,send_buffer,1
3825,487,8688226,8688230,0,0x01,end_of_chunk,0
3826,488,8688234,8688238,1080,0x0F,set_decoding_map,0
3827,488,8689318,8689322,2952,0x08,audio_frame,0
3828,488,8692274,8692278,6,0x09,silence_frame,0
3829,488,8692284,8692288,14078,0x11,video_data_11,3
3830,488,8706366,8706370,132,0x13,documented_unknown_13,0
3831,488,8706502,8706506,0,0x04,start_stop_audio,0
3832,488,8706506,8706510,6,0x07,send_buffer,1
3833,488,8706516,8706520,0,0x01,end_of_chunk,0
3834,489,8706524,8706528,1080,0x0F,set_decoding_map,0
3835,489,8707608,8707612,2952,0x08,audio_frame,0
3836,489,8710564,8710568,6,0x09,silence_frame,0
3837,489,8710574,8710578,14038,0x11,video_data_11,3
3838,489,8724616,8724620,132,0x13,documented_unknown_13,0
3839,489,8724752,8724756,0,0x04,start_stop_audio,0
3840,489,8724756,8724760,6,0x07,send_buffer,1
3841,489,8724766,8724770,0,0x01,end_of_chunk,0
3842,490,8724774,8724778,1080,0x0F,set_decoding_map,0
3843,490,8725858,8725862,2952,0x08,audio_frame,0
3844,490,8728814,8728818,6,0x09,silence_frame,0
3845,490,8728824,8728828,14050,0x11,video_data_11,3
3846,490,8742878,8742882,132,0x13,documented_unknown_13,0
3847,490,8743014,8743018,0,0x04,start_stop_audio,0
3848,490,8743018,8743022,6,0x07,send_buffer,1
3849,490,8743028,8743032,0,0x01,end_of_chunk,0
3850,491,8743036,8743040,1080,0x0F,set_decoding_map,0
3851,491,8744120,8744124,2952,0x08,audio_frame,0
3852,491,8747076,8747080,6,0x09,silence_frame,0
3853,491,8747086,8747090,14024,0x11,video_data_11,3
3854,491,8761114,8761118,132,0x13,documented_unknown_13,0
3855,491,8761250,8761254,0,0x04,start_stop_audio,0
3856,491,8761254,8761258,6,0x07,send_buffer,1
3857,491,8761264,8761268,0,0x01,end_of_chunk,0
3858,492,8761272,8761276,1080,0x0F,set_decoding_map,0
3859,492,8762356,8762360,2952,0x08,audio_frame,0
3860,492,8765312,8765316,6,0x09,silence_frame,0
3861,492,8765322,8765326,14030,0x11,video_data_11,3
3862,492,8779356,8779360,132,0x13,documented_unknown_13,0
3863,492,8779492,8779496,0,0x04,start_stop_audio,0
3864,492,8779496,8779500,6,0x07,send_buffer,1
3865,492,8779506,8779510,0,0x01,end_of_chunk,0
3866,493,8779514,8779518,1080,0x0F,set_decoding_map,0
3867,493,8780598,8780602,2952,0x08,audio_frame,0
3868,493,8783554,8783558,6,0x09,silence_frame,0
3869,493,8783564,8783568,14024,0x11,video_data_11,3
3870,493,8797592,8797596,132,0x13,documented_unknown_13,0
3871,493,8797728,8797732,0,0x04,start_stop_audio,0
3872,493,8797732,8797736,6,0x07,send_buffer,1
3873,493,8797742,8797746,0,0x01,end_of_chunk,0
3874,494,8797750,8797754,1080,0x0F,set_decoding_map,0
3875,494,8798834,8798838,2952,0x08,audio_frame,0
3876,494,8801790,8801794,6,0x09,silence_frame,0
3877,494,8801800,8801804,14084,0x11,video_data_11,3
3878,494,8815888,8815892,132,0x13,documented_unknown_13,0
3879,494,8816024,8816028,0,0x04,start_stop_audio,0
3880,494,8816028,8816032,6,0x07,send_buffer,1
3881,494,8816038,8816042,0,0x01,end_of_chunk,0
3882,495,8816046,8816050,1080,0x0F,set_decoding_map,0
3883,495,8817130,8817134,2952,0x08,audio_frame,0
3884,495,8820086,8820090,6,0x09,silence_frame,0
3885,495,8820096,8820100,14042,0x11,video_data_11,3
3886,495,8834142,8834146,132,0x13,documented_unknown_13,0
3887,495,8834278,8834282,0,0x04,start_stop_audio,0
3888,495,8834282,8834286,6,0x07,send_buffer,1
3889,495,8834292,8834296,0,0x01,end_of_chunk,0
3890,496,8834300,8834304,1080,0x0F,set_decoding_map,0
3891,496,8835384,8835388,2952,0x08,audio_frame,0
3892,496,8838340,8838344,6,0x09,silence_frame,0
3893,496,8838350,8838354,14060,0x11,video_data_11,3
3894,496,8852414,8852418,132,0x13,documented_unknown_13,0
3895,496,8852550,8852554,0,0x04,start_stop_audio,0
3896,496,8852554,8852558,6,0x07,send_buffer,1
3897,496,8852564,8852568,0,0x01,end_of_chunk,0
3898,497,8852572,8852576,1080,0x0F,set_decoding_map,0
3899,497,8853656,8853660,2932,0x08,audio_frame,0
3900,497,8856592,8856596,6,0x09,silence_frame,0
3901,497,8856602,8856606,14048,0x11,video_data_11,3
3902,497,8870654,8870658,132,0x13,documented_unknown_13,0
3903,497,8870790,8870794,0,0x04,start_stop_audio,0
3904,497,8870794,8870798,6,0x07,send_buffer,1
3905,497,8870804,8870808,0,0x01,end_of_chunk,0
3906,498,8870812,8870816,1080,0x0F,set_decoding_map,0
3907,498,8871896,8871900,2952,0x08,audio_frame,0
3908,498,8874852,8874856,6,0x09,silence_frame,0
3909,498,8874862,8874866,14032,0x11,video_data_11,3
3910,498,8888898,8888902,132,0x13,documented_unknown_13,0
3911,498,8889034,8889038,0,0x04,start_stop_audio,0
3912,498,8889038,8889042,6,0x07,send_buffer,1
3913,498,8889048,8889052,0,0x01,end_of_chunk,0
3914,499,8889056,8889060,1080,0x0F,set_decoding_map,0
3915,499,8890140,8890144,2952,0x08,audio_frame,0
3916,499,8893096,8893100,6,0x09,silence_frame,0
3917,499,8893106,8893110,14058,0x11,video_data_11,3
3918,499,8907168,8907172,132,0x13,documented_unknown_13,0
3919,499,8907304,8907308,0,0x04,start_stop_audio,0
3920,499,8907308,8907312,6,0x07,send_buffer,1
3921,499,8907318,8907322,0,0x01,end_of_chunk,0
3922,500,8907326,8907330,1080,0x0F,set_decoding_map,0
3923,500,8908410,8908414,2952,0x08,audio_frame,0
3924,500,8911366,8911370,6,0x09,silence_frame,0
3925,500,8911376,8911380,14026,0x11,video_data_11,3
3926,500,8925406,8925410,132,0x13,documented_unknown_13,0
3927,500,8925542,8925546,0,0x04,start_stop_audio,0
3928,500,8925546,8925550,6,0x07,send_buffer,1
3929,500,8925556,8925560,0,0x01,end_of_chunk,0
3930,501,8925564,8925568,1080,0x0F,set_decoding_map,0
3931,501,8926648,8926652,2952,0x08,audio_frame,0
3932,501,8929604,8929608,6,0x09,silence_frame,0
3933,501,8929614,8929618,14024,0x11,video_data_11,3
3934,501,8943642,8943646,132,0x13,documented_unknown_13,0
3935,501,8943778,8943782,0,0x04,start_stop_audio,0
3936,501,8943782,8943786,6,0x07,send_buffer,1
3937,501,8943792,8943796,0,0x01,end_of_chunk,0
3938,502,8943800,8943804,1080,0x0F,set_decoding_map,0
3939,502,8944884,8944888,2952,0x08,audio_frame,0
3940,502,8947840,8947844,6,0x09,silence_frame,0
3941,502,8947850,8947854,14074,0x11,video_data_11,3
3942,502,8961928,8961932,132,0x13,documented_unknown_13,0
3943,502,8962064,8962068,0,0x04,start_stop_audio,0
3944,502,8962068,8962072,6,0x07,send_buffer,1
3945,502,8962078,8962082,0,0x01,end_of_chunk,0
3946,503,8962086,8962090,1080,0x0F,set_decoding_map,0
3947,503,8963170,8963174,2952,0x08,audio_frame,0
3948,503,8966126,8966130,6,0x09,silence_frame,0
3949,503,8966136,8966140,14080,0x11,video_data_11,3
3950,503,8980220,8980224,132,0x13,documented_unknown_13,0
3951,503,8980356,8980360,0,0x04,start_stop_audio,0
3952,503,8980360,8980364,6,0x07,send_buffer,1
3953,503,8980370,8980374,0,0x01,end_of_chunk,0
3954,504,8980378,8980382,1080,0x0F,set_decoding_map,0
3955,504,8981462,8981466,2952,0x08,audio_frame,0
3956,504,8984418,8984422,6,0x09,silence_frame,0
3957,504,8984428,8984432,14032,0x11,video_data_11,3
3958,504,8998464,8998468,132,0x13,documented_unknown_13,0
3959,504,8998600,8998604,0,0x04,start_stop_audio,0
3960,504,8998604,8998608,6,0x07,send_buffer,1
3961,504,8998614,8998618,0,0x01,end_of_chunk,0
3962,505,8998622,8998626,1080,0x0F,set_decoding_map,0
3963,505,8999706,8999710,2952,0x08,audio_frame,0
3964,505,9002662,9002666,6,0x09,silence_frame,0
3965,505,9002672,9002676,14036,0x11,video_data_11,3
3966,505,9016712,9016716,132,0x13,documented_unknown_13,0
3967,505,9016848,9016852,0,0x04,start_stop_audio,0
3968,505,9016852,9016856,6,0x07,send_buffer,1
3969,505,9016862,9016866,0,0x01,end_of_chunk,0
3970,506,9016870,9016874,1080,0x0F,set_decoding_map,0
3971,506,9017954,9017958,2952,0x08,audio_frame,0
3972,506,9020910,9020914,6,0x09,silence_frame,0
3973,506,9020920,9020924,14026,0x11,video_data_11,3
3974,506,9034950,9034954,132,0x13,documented_unknown_13,0
3975,506,9035086,9035090,0,0x04,start_stop_audio,0
3976,506,9035090,9035094,6,0x07,send_buffer,1
3977,506,9035100,9035104,0,0x01,end_of_chunk,0
3978,507,9035108,9035112,1080,0x0F,set_decoding_map,0
3979,507,9036192,9036196,2952,0x08,audio_frame,0
3980,507,9039148,9039152,6,0x09,silence_frame,0
3981,507,9039158,9039162,14050,0x11,video_data_11,3
3982,507,9053212,9053216,132,0x13,documented_unknown_13,0
3983,507,9053348,9053352,0,0x04,start_stop_audio,0
3984,507,9053352,9053356,6,0x07,send_buffer,1
3985,507,9053362,9053366,0,0x01,end_of_chunk,0
3986,508,9053370,9053374,1080,0x0F,set_decoding_map,0
3987,508,9054454,9054458,2952,0x08,audio_frame,0
3988,508,9057410,9057414,6,0x09,silence_frame,0
3989,508,9057420,9057424,14060,0x11,video_data_11,3
3990,508,9071484,9071488,132,0x13,documented_unknown_13,0
3991,508,9071620,9071624,0,0x04,start_stop_audio,0
3992,508,9071624,9071628,6,0x07,send_buffer,1
3993,508,9071634,9071638,0,0x01,end_of_chunk,0
3994,509,9071642,9071646,1080,0x0F,set_decoding_map,0
3995,509,9072726,9072730,2952,0x08,audio_frame,0
3996,509,9075682,9075686,6,0x09,silence_frame,0
3997,509,9075692,9075696,14056,0x11,video_data_11,3
3998,509,9089752,9089756,132,0x13,documented_unknown_13,0
3999,509,9089888,9089892,0,0x04,start_stop_audio,0
4000,509,9089892,9089896,6,0x07,send_buffer,1
4001,509,9089902,9089906,0,0x01,end_of_chunk,0
4002,510,9089910,9089914,1080,0x0F,set_decoding_map,0
4003,510,9090994,9090998,2952,0x08,audio_frame,0
4004,510,9093950,9093954,6,0x09,silence_frame,0
4005,510,9093960,9093964,14038,0x11,video_data_11,3
4006,510,9108002,9108006,132,0x13,documented_unknown_13,0
4007,510,9108138,9108142,0,0x04,start_stop_audio,0
4008,510,9108142,9108146,6,0x07,send_buffer,1
4009,510,9108152,9108156,0,0x01,end_of_chunk,0
4010,511,9108160,9108164,1080,0x0F,set_decoding_map,0
4011,511,9109244,9109248,2952,0x08,audio_frame,0
4012,511,9112200,9112204,6,0x09,silence_frame,0
4013,511,9112210,9112214,14024,0x11,video_data_11,3
4014,511,9126238,9126242,132,0x13,documented_unknown_13,0
4015,511,9126374,9126378,0,0x04,start_stop_audio,0
4016,511,9126378,9126382,6,0x07,send_buffer,1
4017,511,9126388,9126392,0,0x01,end_of_chunk,0
4018,512,9126396,9126400,1080,0x0F,set_decoding_map,0
4019,512,9127480,9127484,2932,0x08,audio_frame,0
4020,512,9130416,9130420,6,0x09,silence_frame,0
4021,512,9130426,9130430,14034,0x11,video_data_11,3
4022,512,9144464,9144468,132,0x13,documented_unknown_13,0
4023,512,9144600,9144604,0,0x04,start_stop_audio,0
4024,512,9144604,9144608,6,0x07,send_buffer,1
4025,512,9144614,9144618,0,0x01,end_of_chunk,0
4026,513,9144622,9144626,1080,0x0F,set_decoding_map,0
4027,513,9145706,9145710,2952,0x08,audio_frame,0
4028,513,9148662,9148666,6,0x09,silence_frame,0
4029,513,9148672,9148676,14032,0x11,video_data_11,3
4030,513,9162708,9162712,132,0x13,documented_unknown_13,0
4031,513,9162844,9162848,0,0x04,start_stop_audio,0
4032,513,9162848,9162852,6,0x07,send_buffer,1
4033,513,9162858,9162862,0,0x01,end_of_chunk,0
4034,514,9162866,9162870,1080,0x0F,set_decoding_map,0
4035,514,9163950,9163954,2952,0x08,audio_frame,0
4036,514,9166906,9166910,6,0x09,silence_frame,0
4037,514,9166916,9166920,14068,0x11,video_data_11,3
4038,514,9180988,9180992,132,0x13,documented_unknown_13,0
4039,514,9181124,9181128,0,0x04,start_stop_audio,0
4040,514,9181128,9181132,6,0x07,send_buffer,1
4041,514,9181138,9181142,0,0x01,end_of_chunk,0
4042,515,9181146,9181150,1080,0x0F,set_decoding_map,0
4043,515,9182230,9182234,2952,0x08,audio_frame,0
4044,515,9185186,9185190,6,0x09,silence_frame,0
4045,515,9185196,9185200,14030,0x11,video_data_11,3
4046,515,9199230,9199234,132,0x13,documented_unknown_13,0
4047,515,9199366,9199370,0,0x04,start_stop_audio,0
4048,515,9199370,9199374,6,0x07,send_buffer,1
4049,515,9199380,9199384,0,0x01,end_of_chunk,0
4050,516,9199388,9199392,1080,0x0F,set_decoding_map,0
4051,516,9200472,9200476,2952,0x08,audio_frame,0
4052,516,9203428,9203432,6,0x09,silence_frame,0
4053,516,9203438,9203442,14056,0x11,video_data_11,3
4054,516,9217498,9217502,132,0x13,documented_unknown_13,0
4055,516,9217634,9217638,0,0x04,start_stop_audio,0
4056,516,9217638,9217642,6,0x07,send_buffer,1
4057,516,9217648,9217652,0,0x01,end_of_chunk,0
4058,517,9217656,9217660,1080,0x0F,set_decoding_map,0
4059,517,9218740,9218744,2952,0x08,audio_frame,0
4060,517,9221696,9221700,6,0x09,silence_frame,0
4061,517,9221706,9221710,14022,0x11,video_data_11,3
4062,517,9235732,9235736,132,0x13,documented_unknown_13,0
4063,517,9235868,9235872,0,0x04,start_stop_audio,0
4064,517,9235872,9235876,6,0x07,send_buffer,1
4065,517,9235882,9235886,0,0x01,end_of_chunk,0
4066,518,9235890,9235894,1080,0x0F,set_decoding_map,0
4067,518,9236974,9236978,2952,0x08,audio_frame,0
4068,518,9239930,9239934,6,0x09,silence_frame,0
4069,518,9239940,9239944,14060,0x11,video_data_11,3
4070,518,9254004,9254008,132,0x13,documented_unknown_13,0
4071,518,9254140,9254144,0,0x04,start_stop_audio,0
4072,518,9254144,9254148,6,0x07,send_buffer,1
4073,518,9254154,9254158,0,0x01,end_of_chunk,0
4074,519,9254162,9254166,1080,0x0F,set_decoding_map,0
4075,519,9255246,9255250,2952,0x08,audio_frame,0
4076,519,9258202,9258206,6,0x09,silence_frame,0
4077,519,9258212,9258216,14082,0x11,video_data_11,3
4078,519,9272298,9272302,132,0x13,documented_unknown_13,0
4079,519,9272434,9272438,0,0x04,start_stop_audio,0
4080,519,9272438,9272442,6,0x07,send_buffer,1
4081,519,9272448,9272452,0,0x01,end_of_chunk,0
4082,520,9272456,9272460,1080,0x0F,set_decoding_map,0
4083,520,9273540,9273544,2952,0x08,audio_frame,0
4084,520,9276496,9276500,6,0x09,silence_frame,0
4085,520,9276506,9276510,14054,0x11,video_data_11,3
4086,520,9290564,9290568,132,0x13,documented_unknown_13,0
4087,520,9290700,9290704,0,0x04,start_stop_audio,0
4088,520,9290704,9290708,6,0x07,send_buffer,1
4089,520,9290714,9290718,0,0x01,end_of_chunk,0
4090,521,9290722,9290726,1080,0x0F,set_decoding_map,0
4091,521,9291806,9291810,2952,0x08,audio_frame,0
4092,521,9294762,9294766,6,0x09,silence_frame,0
4093,521,9294772,9294776,14030,0x11,video_data_11,3
4094,521,9308806,9308810,132,0x13,documented_unknown_13,0
4095,521,9308942,9308946,0,0x04,start_stop_audio,0
4096,521,9308946,9308950,6,0x07,send_buffer,1
4097,521,9308956,9308960,0,0x01,end_of_chunk,0
4098,522,9308964,9308968,1080,0x0F,set_decoding_map,0
4099,522,9310048,9310052,2952,0x08,audio_frame,0
4100,522,9313004,9313008,6,0x09,silence_frame,0
4101,522,9313014,9313018,14022,0x11,video_data_11,3
4102,522,9327040,9327044,132,0x13,documented_unknown_13,0
4103,522,9327176,9327180,0,0x04,start_stop_audio,0
4104,522,9327180,9327184,6,0x07,send_buffer,1
4105,522,9327190,9327194,0,0x01,end_of_chunk,0
4106,523,9327198,9327202,1080,0x0F,set_decoding_map,0
4107,523,9328282,9328286,2952,0x08,audio_frame,0
4108,523,9331238,9331242,6,0x09,silence_frame,0
4109,523,9331248,9331252,14052,0x11,video_data_11,3
4110,523,9345304,9345308,132,0x13,documented_unknown_13,0
4111,523,9345440,9345444,0,0x04,start_stop_audio,0
4112,523,9345444,9345448,6,0x07,send_buffer,1
4113,523,9345454,9345458,0,0x01,end_of_chunk,0
4114,524,9345462,9345466,1080,0x0F,set_decoding_map,0
4115,524,9346546,9346550,2952,0x08,audio_frame,0
4116,524,9349502,9349506,6,0x09,silence_frame,0
4117,524,9349512,9349516,14028,0x11,video_data_11,3
4118,524,9363544,9363548,132,0x13,documented_unknown_13,0
4119,524,9363680,9363684,0,0x04,start_stop_audio,0
4120,524,9363684,9363688,6,0x07,send_buffer,1
4121,524,9363694,9363698,0,0x01,end_of_chunk,0
4122,525,9363702,9363706,1080,0x0F,set_decoding_map,0
4123,525,9364786,9364790,2952,0x08,audio_frame,0
4124,525,9367742,9367746,6,0x09,silence_frame,0
4125,525,9367752,9367756,14062,0x11,video_data_11,3
4126,525,9381818,9381822,132,0x13,documented_unknown_13,0
4127,525,9381954,9381958,0,0x04,start_stop_audio,0
4128,525,9381958,9381962,6,0x07,send_buffer,1
4129,525,9381968,9381972,0,0x01,end_of_chunk,0
4130,526,9381976,9381980,1080,0x0F,set_decoding_map,0
4131,526,9383060,9383064,2952,0x08,audio_frame,0
4132,526,9386016,9386020,6,0x09,silence_frame,0
4133,526,9386026,9386030,14078,0x11,video_data_11,3
4134,526,9400108,9400112,132,0x13,documented_unknown_13,0
4135,526,9400244,9400248,0,0x04,start_stop_audio,0
4136,526,9400248,9400252,6,0x07,send_buffer,1
4137,526,9400258,9400262,0,0x01,end_of_chunk,0
4138,527,9400266,9400270,1080,0x0F,set_decoding_map,0
4139,527,9401350,9401354,2932,0x08,audio_frame,0
4140,527,9404286,9404290,6,0x09,silence_frame,0
4141,527,9404296,9404300,14070,0x11,video_data_11,3
4142,527,9418370,9418374,132,0x13,documented_unknown_13,0
4143,527,9418506,9418510,0,0x04,start_stop_audio,0
4144,527,9418510,9418514,6,0x07,send_buffer,1
4145,527,9418520,9418524,0,0x01,end_of_chunk,0
4146,528,9418528,9418532,1080,0x0F,set_decoding_map,0
4147,528,9419612,9419616,2952,0x08,audio_frame,0
4148,528,9422568,9422572,6,0x09,silence_frame,0
4149,528,9422578,9422582,14026,0x11,video_data_11,3
4150,528,9436608,9436612,132,0x13,documented_unknown_13,0
4151,528,9436744,9436748,0,0x04,start_stop_audio,0
4152,528,9436748,9436752,6,0x07,send_buffer,1
4153,528,9436758,9436762,0,0x01,end_of_chunk,0
4154,529,9436766,9436770,1080,0x0F,set_decoding_map,0
4155,529,9437850,9437854,2952,0x08,audio_frame,0
4156,529,9440806,9440810,6,0x09,silence_frame,0
4157,529,9440816,9440820,14028,0x11,video_data_11,3
4158,529,9454848,9454852,132,0x13,documented_unknown_13,0
4159,529,9454984,9454988,0,0x04,start_stop_audio,0
4160,529,9454988,9454992,6,0x07,send_buffer,1
4161,529,9454998,9455002,0,0x01,end_of_chunk,0
4162,530,9455006,9455010,1080,0x0F,set_decoding_map,0
4163,530,9456090,9456094,2952,0x08,audio_frame,0
4164,530,9459046,9459050,6,0x09,silence_frame,0
4165,530,9459056,9459060,14064,0x11,video_data_11,3
4166,530,9473124,9473128,132,0x13,documented_unknown_13,0
4167,530,9473260,9473264,0,0x04,start_stop_audio,0
4168,530,9473264,9473268,6,0x07,send_buffer,1
4169,530,9473274,9473278,0,0x01,end_of_chunk,0
4170,531,9473282,9473286,1080,0x0F,set_decoding_map,0
4171,531,9474366,9474370,2952,0x08,audio_frame,0
4172,531,9477322,9477326,6,0x09,silence_frame,0
4173,531,9477332,9477336,14074,0x11,video_data_11,3
4174,531,9491410,9491414,132,0x13,documented_unknown_13,0
4175,531,9491546,9491550,0,0x04,start_stop_audio,0
4176,531,9491550,9491554,6,0x07,send_buffer,1
4177,531,9491560,9491564,0,0x01,end_of_chunk,0
4178,532,9491568,9491572,1080,0x0F,set_decoding_map,0
4179,532,9492652,9492656,2952,0x08,audio_frame,0
4180,532,9495608,9495612,6,0x09,silence_frame,0
4181,532,9495618,9495622,14042,0x11,video_data_11,3
4182,532,9509664,9509668,132,0x13,documented_unknown_13,0
4183,532,9509800,9509804,0,0x04,start_stop_audio,0
4184,532,9509804,9509808,6,0x07,send_buffer,1
4185,532,9509814,9509818,0,0x01,end_of_chunk,0
4186,533,9509822,9509826,1080,0x0F,set_decoding_map,0
4187,533,9510906,9510910,2952,0x08,audio_frame,0
4188,533,9513862,9513866,6,0x09,silence_frame,0
4189,533,9513872,9513876,14028,0x11,video_data_11,3
4190,533,9527904,9527908,132,0x13,documented_unknown_13,0
4191,533,9528040,9528044,0,0x04,start_stop_audio,0
4192,533,9528044,9528048,6,0x07,send_buffer,1
4193,533,9528054,9528058,0,0x01,end_of_chunk,0
4194,534,9528062,9528066,1080,0x0F,set_decoding_map,0
4195,534,9529146,9529150,2952,0x08,audio_frame,0
4196,534,9532102,9532106,6,0x09,silence_frame,0
4197,534,9532112,9532116,14048,0x11,video_data_11,3
4198,534,9546164,9546168,132,0x13,documented_unknown_13,0
4199,534,9546300,9546304,0,0x04,start_stop_audio,0
4200,534,9546304,9546308,6,0x07,send_buffer,1
4201,534,9546314,9546318,0,0x01,end_of_chunk,0
4202,535,9546322,9546326,1080,0x0F,set_decoding_map,0
4203,535,9547406,9547410,2952,0x08,audio_frame,0
4204,535,9550362,9550366,6,0x09,silence_frame,0
4205,535,9550372,9550376,14038,0x11,video_data_11,3
4206,535,9564414,9564418,132,0x13,documented_unknown_13,0
4207,535,9564550,9564554,0,0x04,start_stop_audio,0
4208,535,9564554,9564558,6,0x07,send_buffer,1
4209,535,9564564,9564568,0,0x01,end_of_chunk,0
4210,536,9564572,9564576,1080,0x0F,set_decoding_map,0
4211,536,9565656,9565660,2952,0x08,audio_frame,0
4212,536,9568612,9568616,6,0x09,silence_frame,0
4213,536,9568622,9568626,14078,0x11,video_data_11,3
4214,536,9582704,9582708,132,0x13,documented_unknown_13,0
4215,536,9582840,9582844,0,0x04,start_stop_audio,0
4216,536,9582844,9582848,6,0x07,send_buffer,1
4217,536,9582854,9582858,0,0x01,end_of_chunk,0
4218,537,9582862,9582866,1080,0x0F,set_decoding_map,0
4219,537,9583946,9583950,2952,0x08,audio_frame,0
4220,537,9586902,9586906,6,0x09,silence_frame,0
4221,537,9586912,9586916,14056,0x11,video_data_11,3
4222,537,9600972,9600976,132,0x13,documented_unknown_13,0
4223,537,9601108,9601112,0,0x04,start_stop_audio,0
4224,537,9601112,9601116,6,0x07,send_buffer,1
4225,537,9601122,9601126,0,0x01,end_of_chunk,0
4226,538,9601130,9601134,1080,0x0F,set_decoding_map,0
4227,538,9602214,9602218,2952,0x08,audio_frame,0
4228,538,9605170,9605174,6,0x09,silence_frame,0
4229,538,9605180,9605184,14030,0x11,video_data_11,3
4230,538,9619214,9619218,132,0x13,documented_unknown_13,0
4231,538,9619350,9619354,0,0x04,start_stop_audio,0
4232,538,9619354,9619358,6,0x07,send_buffer,1
4233,538,9619364,9619368,0,0x01,end_of_chunk,0
4234,539,9619372,9619376,1080,0x0F,set_decoding_map,0
4235,539,9620456,9620460,2952,0x08,audio_frame,0
4236,539,9623412,9623416,6,0x09,silence_frame,0
4237,539,9623422,9623426,14060,0x11,video_data_11,3
4238,539,9637486,9637490,132,0x13,documented_unknown_13,0
4239,539,9637622,9637626,0,0x04,start_stop_audio,0
4240,539,9637626,9637630,6,0x07,send_buffer,1
4241,539,9637636,9637640,0,0x01,end_of_chunk,0
4242,540,9637644,9637648,1080,0x0F,set_decoding_map,0
4243,540,9638728,9638732,2952,0x08,audio_frame,0
4244,540,9641684,9641688,6,0x09,silence_frame,0
4245,540,9641694,9641698,14058,0x11,video_data_11,3
4246,540,9655756,9655760,132,0x13,documented_unknown_13,0
4247,540,9655892,9655896,0,0x04,start_stop_audio,0
4248,540,9655896,9655900,6,0x07,send_buffer,1
4249,540,9655906,9655910,0,0x01,end_of_chunk,0
4250,541,9655914,9655918,1080,0x0F,set_decoding_map,0
4251,541,9656998,9657002,2952,0x08,audio_frame,0
4252,541,9659954,9659958,6,0x09,silence_frame,0
4253,541,9659964,9659968,14064,0x11,video_data_11,3
4254,541,9674032,9674036,132,0x13,documented_unknown_13,0
4255,541,9674168,9674172,0,0x04,start_stop_audio,0
4256,541,9674172,9674176,6,0x07,send_buffer,1
4257,541,9674182,9674186,0,0x01,end_of_chunk,0
4258,542,9674190,9674194,1080,0x0F,set_decoding_map,0
4259,542,9675274,9675278,2932,0x08,audio_frame,0
4260,542,9678210,9678214,6,0x09,silence_frame,0
4261,542,9678220,9678224,14052,0x11,video_data_11,3
4262,542,9692276,9692280,132,0x13,documented_unknown_13,0
4263,542,9692412,9692416,0,0x04,start_stop_audio,0
4264,542,9692416,9692420,6,0x07,send_buffer,1
4265,542,9692426,9692430,0,0x01,end_of_chunk,0
4266,543,9692434,9692438,1080,0x0F,set_decoding_map,0
4267,543,9693518,9693522,2952,0x08,audio_frame,0
4268,543,9696474,9696478,6,0x09,silence_frame,0
4269,543,9696484,9696488,14074,0x11,video_data_11,3
4270,543,9710562,9710566,132,0x13,documented_unknown_13,0
4271,543,9710698,9710702,0,0x04,start_stop_audio,0
4272,543,9710702,9710706,6,0x07,send_buffer,1
4273,543,9710712,9710716,0,0x01,end_of_chunk,0
4274,544,9710720,9710724,1080,0x0F,set_decoding_map,0
4275,544,9711804,9711808,2952,0x08,audio_frame,0
4276,544,9714760,9714764,6,0x09,silence_frame,0
4277,544,9714770,9714774,14064,0x11,video_data_11,3
4278,544,9728838,9728842,132,0x13,documented_unknown_13,0
4279,544,9728974,9728978,0,0x04,start_stop_audio,0
4280,544,9728978,9728982,6,0x07,send_buffer,1
4281,544,9728988,9728992,0,0x01,end_of_chunk,0
4282,545,9728996,9729000,1080,0x0F,set_decoding_map,0
4283,545,9730080,9730084,2952,0x08,audio_frame,0
4284,545,9733036,9733040,6,0x09,silence_frame,0
4285,545,9733046,9733050,14056,0x11,video_data_11,3
4286,545,9747106,9747110,132,0x13,documented_unknown_13,0
4287,545,9747242,9747246,0,0x04,start_stop_audio,0
4288,545,9747246,9747250,6,0x07,send_buffer,1
4289,545,9747256,9747260,0,0x01,end_of_chunk,0
4290,546,9747264,9747268,1080,0x0F,set_decoding_map,0
4291,546,9748348,9748352,2952,0x08,audio_frame,0
4292,546,9751304,9751308,6,0x09,silence_frame,0
4293,546,9751314,9751318,14038,0x11,video_data_11,3
4294,546,9765356,9765360,132,0x13,documented_unknown_13,0
4295,546,9765492,9765496,0,0x04,start_stop_audio,0
4296,546,9765496,9765500,6,0x07,send_buffer,1
4297,546,9765506,9765510,0,0x01,end_of_chunk,0
4298,547,9765514,9765518,1080,0x0F,set_decoding_map,0
4299,547,9766598,9766602,2952,0x08,audio_frame,0
4300,547,9769554,9769558,6,0x09,silence_frame,0
4301,547,9769564,9769568,14064,0x11,video_data_11,3
4302,547,9783632,9783636,132,0x13,documented_unknown_13,0
4303,547,9783768,9783772,0,0x04,start_stop_audio,0
4304,547,9783772,9783776,6,0x07,send_buffer,1
4305,547,9783782,9783786,0,0x01,end_of_chunk,0
4306,548,9783790,9783794,1080,0x0F,set_decoding_map,0
4307,548,9784874,9784878,2952,0x08,audio_frame,0
4308,548,9787830,9787834,6,0x09,silence_frame,0
4309,548,9787840,9787844,14036,0x11,video_data_11,3
4310,548,9801880,9801884,132,0x13,documented_unknown_13,0
4311,548,9802016,9802020,0,0x04,start_stop_audio,0
4312,548,9802020,9802024,6,0x07,send_buffer,1
4313,548,9802030,9802034,0,0x01,end_of_chunk,0
4314,549,9802038,9802042,1080,0x0F,set_decoding_map,0
4315,549,9803122,9803126,2952,0x08,audio_frame,0
4316,549,9806078,9806082,6,0x09,silence_frame,0
4317,549,9806088,9806092,14056,0x11,video_data_11,3
4318,549,9820148,9820152,132,0x13,documented_unknown_13,0
4319,549,9820284,9820288,0,0x04,start_stop_audio,0
4320,549,9820288,9820292,6,0x07,send_buffer,1
4321,549,9820298,9820302,0,0x01,end_of_chunk,0
4322,550,9820306,9820310,1080,0x0F,set_decoding_map,0
4323,550,9821390,9821394,2952,0x08,audio_frame,0
4324,550,9824346,9824350,6,0x09,silence_frame,0
4325,550,9824356,9824360,14078,0x11,video_data_11,3
4326,550,9838438,9838442,132,0x13,documented_unknown_13,0
4327,550,9838574,9838578,0,0x04,start_stop_audio,0
4328,550,9838578,9838582,6,0x07,send_buffer,1
4329,550,9838588,9838592,0,0x01,end_of_chunk,0
4330,551,9838596,9838600,1080,0x0F,set_decoding_map,0
4331,551,9839680,9839684,2952,0x08,audio_frame,0
4332,551,9842636,9842640,6,0x09,silence_frame,0
4333,551,9842646,9842650,14058,0x11,video_data_11,3
4334,551,9856708,9856712,132,0x13,documented_unknown_13,0
4335,551,9856844,9856848,0,0x04,start_stop_audio,0
4336,551,9856848,9856852,6,0x07,send_buffer,1
4337,551,9856858,9856862,0,0x01,end_of_chunk,0
4338,552,9856866,9856870,1080,0x0F,set_decoding_map,0
4339,552,9857950,9857954,2952,0x08,audio_frame,0
4340,552,9860906,9860910,6,0x09,silence_frame,0
4341,552,9860916,9860920,14056,0x11,video_data_11,3
4342,552,9874976,9874980,132,0x13,documented_unknown_13,0
4343,552,9875112,9875116,0,0x04,start_stop_audio,0
4344,552,9875116,9875120,6,0x07,send_buffer,1
4345,552,9875126,9875130,0,0x01,end_of_chunk,0
4346,553,9875134,9875138,1080,0x0F,set_decoding_map,0
4347,553,9876218,9876222,2952,0x08,audio_frame,0
4348,553,9879174,9879178,6,0x09,silence_frame,0
4349,553,9879184,9879188,14068,0x11,video_data_11,3
4350,553,9893256,9893260,132,0x13,documented_unknown_13,0
4351,553,9893392,9893396,0,0x04,start_stop_audio,0
4352,553,9893396,9893400,6,0x07,send_buffer,1
4353,553,9893406,9893410,0,0x01,end_of_chunk,0
4354,554,9893414,9893418,1080,0x0F,set_decoding_map,0
4355,554,9894498,9894502,2952,0x08,audio_frame,0
4356,554,9897454,9897458,6,0x09,silence_frame,0
4357,554,9897464,9897468,14046,0x11,video_data_11,3
4358,554,9911514,9911518,132,0x13,documented_unknown_13,0
4359,554,9911650,9911654,0,0x04,start_stop_audio,0
4360,554,9911654,9911658,6,0x07,send_buffer,1
4361,554,9911664,9911668,0,0x01,end_of_chunk,0
4362,555,9911672,9911676,1080,0x0F,set_decoding_map,0
4363,555,9912756,9912760,2952,0x08,audio_frame,0
4364,555,9915712,9915716,6,0x09,silence_frame,0
4365,555,9915722,9915726,14038,0x11,video_data_11,3
4366,555,9929764,9929768,132,0x13,documented_unknown_13,0
4367,555,9929900,9929904,0,0x04,start_stop_audio,0
4368,555,9929904,9929908,6,0x07,send_buffer,1
4369,555,9929914,9929918,0,0x01,end_of_chunk,0
4370,556,9929922,9929926,1080,0x0F,set_decoding_map,0
4371,556,9931006,9931010,2952,0x08,audio_frame,0
4372,556,9933962,9933966,6,0x09,silence_frame,0
4373,556,9933972,9933976,14082,0x11,video_data_11,3
4374,556,9948058,9948062,132,0x13,documented_unknown_13,0
4375,556,9948194,9948198,0,0x04,start_stop_audio,0
4376,556,9948198,9948202,6,0x07,send_buffer,1
4377,556,9948208,9948212,0,0x01,end_of_chunk,0
4378,557,9948216,9948220,1080,0x0F,set_decoding_map,0
4379,557,9949300,9949304,2932,0x08,audio_frame,0
4380,557,9952236,9952240,6,0x09,silence_frame,0
4381,557,9952246,9952250,14022,0x11,video_data_11,3
4382,557,9966272,9966276,132,0x13,documented_unknown_13,0
4383,557,9966408,9966412,0,0x04,start_stop_audio,0
4384,557,9966412,9966416,6,0x07,send_buffer,1
4385,557,9966422,9966426,0,0x01,end_of_chunk,0
4386,558,9966430,9966434,1080,0x0F,set_decoding_map,0
4387,558,9967514,9967518,2952,0x08,audio_frame,0
4388,558,9970470,9970474,6,0x09,silence_frame,0
4389,558,9970480,9970484,14038,0x11,video_data_11,3
4390,558,9984522,9984526,132,0x13,documented_unknown_13,0
4391,558,9984658,9984662,0,0x04,start_stop_audio,0
4392,558,9984662,9984666,6,0x07,send_buffer,1
4393,558,9984672,9984676,0,0x01,end_of_chunk,0
4394,559,9984680,9984684,1080,0x0F,set_decoding_map,0
4395,559,9985764,9985768,2952,0x08,audio_frame,0
4396,559,9988720,9988724,6,0x09,silence_frame,0
4397,559,9988730,9988734,14040,0x11,video_data_11,3
4398,559,10002774,10002778,132,0x13,documented_unknown_13,0
4399,559,10002910,10002914,0,0x04,start_stop_audio,0
4400,559,10002914,10002918,6,0x07,send_buffer,1
4401,559,10002924,10002928,0,0x01,end_of_chunk,0
4402,560,10002932,10002936,1080,0x0F,set_decoding_map,0
4403,560,10004016,10004020,2952,0x08,audio_frame,0
4404,560,10006972,10006976,6,0x09,silence_frame,0
4405,560,10006982,10006986,14044,0x11,video_data_11,3
4406,560,10021030,10021034,132,0x13,documented_unknown_13,0
4407,560,10021166,10021170,0,0x04,start_stop_audio,0
4408,560,10021170,10021174,6,0x07,send_buffer,1
4409,560,10021180,10021184,0,0x01,end_of_chunk,0
4410,561,10021188,10021192,1080,0x0F,set_decoding_map,0
4411,561,10022272,10022276,2952,0x08,audio_frame,0
4412,561,10025228,10025232,6,0x09,silence_frame,0
4413,561,10025238,10025242,14022,0x11,video_data_11,3
4414,561,10039264,10039268,132,0x13,documented_unknown_13,0
4415,561,10039400,10039404,0,0x04,start_stop_audio,0
4416,561,10039404,10039408,6,0x07,send_buffer,1
4417,561,10039414,10039418,0,0x01,end_of_chunk,0
4418,562,10039422,10039426,1080,0x0F,set_decoding_map,0
4419,562,10040506,10040510,2952,0x08,audio_frame,0
4420,562,10043462,10043466,6,0x09,silence_frame,0
4421,562,10043472,10043476,14048,0x11,video_data_11,3
4422,562,10057524,10057528,132,0x13,documented_unknown_13,0
4423,562,10057660,10057664,0,0x04,start_stop_audio,0
4424,562,10057664,10057668,6,0x07,send_buffer,1
4425,562,10057674,10057678,0,0x01,end_of_chunk,0
4426,563,10057682,10057686,1080,0x0F,set_decoding_map,0
4427,563,10058766,10058770,2952,0x08,audio_frame,0
4428,563,10061722,10061726,6,0x09,silence_frame,0
4429,563,10061732,10061736,14030,0x11,video_data_11,3
4430,563,10075766,10075770,132,0x13,documented_unknown_13,0
4431,563,10075902,10075906,0,0x04,start_stop_audio,0
4432,563,10075906,10075910,6,0x07,send_buffer,1
4433,563,10075916,10075920,0,0x01,end_of_chunk,0
4434,564,10075924,10075928,1080,0x0F,set_decoding_map,0
4435,564,10077008,10077012,2952,0x08,audio_frame,0
4436,564,10079964,10079968,6,0x09,silence_frame,0
4437,564,10079974,10079978,14044,0x11,video_data_11,3
4438,564,10094022,10094026,132,0x13,documented_unknown_13,0
4439,564,10094158,10094162,0,0x04,start_stop_audio,0
4440,564,10094162,10094166,6,0x07,send_buffer,1
4441,564,10094172,10094176,0,0x01,end_of_chunk,0
4442,565,10094180,10094184,1080,0x0F,set_decoding_map,0
4443,565,10095264,10095268,2952,0x08,audio_frame,0
4444,565,10098220,10098224,6,0x09,silence_frame,0
4445,565,10098230,10098234,14044,0x11,video_data_11,3
4446,565,10112278,10112282,132,0x13,documented_unknown_13,0
4447,565,10112414,10112418,0,0x04,start_stop_audio,0
4448,565,10112418,10112422,6,0x07,send_buffer,1
4449,565,10112428,10112432,0,0x01,end_of_chunk,0
4450,566,10112436,10112440,1080,0x0F,set_decoding_map,0
4451,566,10113520,10113524,2952,0x08,audio_frame,0
4452,566,10116476,10116480,6,0x09,silence_frame,0
4453,566,10116486,10116490,14048,0x11,video_data_11,3
4454,566,10130538,10130542,132,0x13,documented_unknown_13,0
4455,566,10130674,10130678,0,0x04,start_stop_audio,0
4456,566,10130678,10130682,6,0x07,send_buffer,1
4457,566,10130688,10130692,0,0x01,end_of_chunk,0
4458,567,10130696,10130700,1080,0x0F,set_decoding_map,0
4459,567,10131780,10131784,2952,0x08,audio_frame,0
4460,567,10134736,10134740,6,0x09,silence_frame,0
4461,567,10134746,10134750,14052,0x11,video_data_11,3
4462,567,10148802,10148806,132,0x13,documented_unknown_13,0
4463,567,10148938,10148942,0,0x04,start_stop_audio,0
4464,567,10148942,10148946,6,0x07,send_buffer,1
4465,567,10148952,10148956,0,0x01,end_of_chunk,0
4466,568,10148960,10148964,1080,0x0F,set_decoding_map,0
4467,568,10150044,10150048,2952,0x08,audio_frame,0
4468,568,10153000,10153004,6,0x09,silence_frame,0
4469,568,10153010,10153014,14078,0x11,video_data_11,3
4470,568,10167092,10167096,132,0x13,documented_unknown_13,0
4471,568,10167228,10167232,0,0x04,start_stop_audio,0
4472,568,10167232,10167236,6,0x07,send_buffer,1
4473,568,10167242,10167246,0,0x01,end_of_chunk,0
4474,569,10167250,10167254,1080,0x0F,set_decoding_map,0
4475,569,10168334,10168338,2952,0x08,audio_frame,0
4476,569,10171290,10171294,6,0x09,silence_frame,0
4477,569,10171300,10171304,14062,0x11,video_data_11,3
4478,569,10185366,10185370,132,0x13,documented_unknown_13,0
4479,569,10185502,10185506,0,0x04,start_stop_audio,0
4480,569,10185506,10185510,6,0x07,send_buffer,1
4481,569,10185516,10185520,0,0x01,end_of_chunk,0
4482,570,10185524,10185528,1080,0x0F,set_decoding_map,0
4483,570,10186608,10186612,2952,0x08,audio_frame,0
4484,570,10189564,10189568,6,0x09,silence_frame,0
4485,570,10189574,10189578,14044,0x11,video_data_11,3
4486,570,10203622,10203626,132,0x13,documented_unknown_13,0
4487,570,10203758,10203762,0,0x04,start_stop_audio,0
4488,570,10203762,10203766,6,0x07,send_buffer,1
4489,570,10203772,10203776,0,0x01,end_of_chunk,0
4490,571,10203780,10203784,1080,0x0F,set_decoding_map,0
4491,571,10204864,10204868,2952,0x08,audio_frame,0
4492,571,10207820,10207824,6,0x09,silence_frame,0
4493,571,10207830,10207834,14032,0x11,video_data_11,3
4494,571,10221866,10221870,132,0x13,documented_unknown_13,0
4495,571,10222002,10222006,0,0x04,start_stop_audio,0
4496,571,10222006,10222010,6,0x07,send_buffer,1
4497,571,10222016,10222020,0,0x01,end_of_chunk,0
4498,572,10222024,10222028,1080,0x0F,set_decoding_map,0
4499,572,10223108,10223112,2932,0x08,audio_frame,0
4500,572,10226044,10226048,6,0x09,silence_frame,0
4501,572,10226054,10226058,14046,0x11,video_data_11,3
4502,572,10240104,10240108,132,0x13,documented_unknown_13,0
4503,572,10240240,10240244,0,0x04,start_stop_audio,0
4504,572,10240244,10240248,6,0x07,send_buffer,1
4505,572,10240254,10240258,0,0x01,end_of_chunk,0
4506,573,10240262,10240266,1080,0x0F,set_decoding_map,0
4507,573,10241346,10241350,2952,0x08,audio_frame,0
4508,573,10244302,10244306,6,0x09,silence_frame,0
4509,573,10244312,10244316,14076,0x11,video_data_11,3
4510,573,10258392,10258396,132,0x13,documented_unknown_13,0
4511,573,10258528,10258532,0,0x04,start_stop_audio,0
4512,573,10258532,10258536,6,0x07,send_buffer,1
4513,573,10258542,10258546,0,0x01,end_of_chunk,0
4514,574,10258550,10258554,1080,0x0F,set_decoding_map,0
4515,574,10259634,10259638,2952,0x08,audio_frame,0
4516,574,10262590,10262594,6,0x09,silence_frame,0
4517,574,10262600,10262604,14084,0x11,video_data_11,3
4518,574,10276688,10276692,132,0x13,documented_unknown_13,0
4519,574,10276824,10276828,0,0x04,start_stop_audio,0
4520,574,10276828,10276832,6,0x07,send_buffer,1
4521,574,10276838,10276842,0,0x01,end_of_chunk,0
4522,575,10276846,10276850,1080,0x0F,set_decoding_map,0
4523,575,10277930,10277934,2952,0x08,audio_frame,0
4524,575,10280886,10280890,6,0x09,silence_frame,0
4525,575,10280896,10280900,14042,0x11,video_data_11,3
4526,575,10294942,10294946,132,0x13,documented_unknown_13,0
4527,575,10295078,10295082,0,0x04,start_stop_audio,0
4528,575,10295082,10295086,6,0x07,send_buffer,1
4529,575,10295092,10295096,0,0x01,end_of_chunk,0
4530,576,10295100,10295104,1080,0x0F,set_decoding_map,0
4531,576,10296184,10296188,2952,0x08,audio_frame,0
4532,576,10299140,10299144,6,0x09,silence_frame,0
4533,576,10299150,10299154,14032,0x11,video_data_11,3
4534,576,10313186,10313190,132,0x13,documented_unknown_13,0
4535,576,10313322,10313326,0,0x04,start_stop_audio,0
4536,576,10313326,10313330,6,0x07,send_buffer,1
4537,576,10313336,10313340,0,0x01,end_of_chunk,0
4538,577,10313344,10313348,1080,0x0F,set_decoding_map,0
4539,577,10314428,10314432,2952,0x08,audio_frame,0
4540,577,10317384,10317388,6,0x09,silence_frame,0
4541,577,10317394,10317398,14082,0x11,video_data_11,3
4542,577,10331480,10331484,132,0x13,documented_unknown_13,0
4543,577,10331616,10331620,0,0x04,start_stop_audio,0
4544,577,10331620,10331624,6,0x07,send_buffer,1
4545,577,10331630,10331634,0,0x01,end_of_chunk,0
4546,578,10331638,10331642,1080,0x0F,set_decoding_map,0
4547,578,10332722,10332726,2952,0x08,audio_frame,0
4548,578,10335678,10335682,6,0x09,silence_frame,0
4549,578,10335688,10335692,14076,0x11,video_data_11,3
4550,578,10349768,10349772,132,0x13,documented_unknown_13,0
4551,578,10349904,10349908,0,0x04,start_stop_audio,0
4552,578,10349908,10349912,6,0x07,send_buffer,1
4553,578,10349918,10349922,0,0x01,end_of_chunk,0
4554,579,10349926,10349930,1080,0x0F,set_decoding_map,0
4555,579,10351010,10351014,2952,0x08,audio_frame,0
4556,579,10353966,10353970,6,0x09,silence_frame,0
4557,579,10353976,10353980,14074,0x11,video_data_11,3
4558,579,10368054,10368058,132,0x13,documented_unknown_13,0
4559,579,10368190,10368194,0,0x04,start_stop_audio,0
4560,579,10368194,10368198,6,0x07,send_buffer,1
4561,579,10368204,10368208,0,0x01,end_of_chunk,0
4562,580,10368212,10368216,1080,0x0F,set_decoding_map,0
4563,580,10369296,10369300,2952,0x08,audio_frame,0
4564,580,10372252,10372256,6,0x09,silence_frame,0
4565,580,10372262,10372266,14024,0x11,video_data_11,3
4566,580,10386290,10386294,132,0x13,documented_unknown_13,0
4567,580,10386426,10386430,0,0x04,start_stop_audio,0
4568,580,10386430,10386434,6,0x07,send_buffer,1
4569,580,10386440,10386444,0,0x01,end_of_chunk,0
4570,581,10386448,10386452,1080,0x0F,set_decoding_map,0
4571,581,10387532,10387536,2952,0x08,audio_frame,0
4572,581,10390488,10390492,6,0x09,silence_frame,0
4573,581,10390498,10390502,14076,0x11,video_data_11,3
4574,581,10404578,10404582,132,0x13,documented_unknown_13,0
4575,581,10404714,10404718,0,0x04,start_stop_audio,0
4576,581,10404718,10404722,6,0x07,send_buffer,1
4577,581,10404728,10404732,0,0x01,end_of_chunk,0
4578,582,10404736,10404740,1080,0x0F,set_decoding_map,0
4579,582,10405820,10405824,2952,0x08,audio_frame,0
4580,582,10408776,10408780,6,0x09,silence_frame,0
4581,582,10408786,10408790,14034,0x11,video_data_11,3
4582,582,10422824,10422828,132,0x13,documented_unknown_13,0
4583,582,10422960,10422964,0,0x04,start_stop_audio,0
4584,582,10422964,10422968,6,0x07,send_buffer,1
4585,582,10422974,10422978,0,0x01,end_of_chunk,0
4586,583,10422982,10422986,1080,0x0F,set_decoding_map,0
4587,583,10424066,10424070,2952,0x08,audio_frame,0
4588,583,10427022,10427026,6,0x09,silence_frame,0
4589,583,10427032,10427036,14074,0x11,video_data_11,3
4590,583,10441110,10441114,132,0x13,documented_unknown_13,0
4591,583,10441246,10441250,0,0x04,start_stop_audio,0
4592,583,10441250,10441254,6,0x07,send_buffer,1
4593,583,10441260,10441264,0,0x01,end_of_chunk,0
4594,584,10441268,10441272,1080,0x0F,set_decoding_map,0
4595,584,10442352,10442356,2952,0x08,audio_frame,0
4596,584,10445308,10445312,6,0x09,silence_frame,0
4597,584,10445318,10445322,14026,0x11,video_data_11,3
4598,584,10459348,10459352,132,0x13,documented_unknown_13,0
4599,584,10459484,10459488,0,0x04,start_stop_audio,0
4600,584,10459488,10459492,6,0x07,send_buffer,1
4601,584,10459498,10459502,0,0x01,end_of_chunk,0
4602,585,10459506,10459510,1080,0x0F,set_decoding_map,0
4603,585,10460590,10460594,2952,0x08,audio_frame,0
4604,585,10463546,10463550,6,0x09,silence_frame,0
4605,585,10463556,10463560,14046,0x11,video_data_11,3
4606,585,10477606,10477610,132,0x13,documented_unknown_13,0
4607,585,10477742,10477746,0,0x04,start_stop_audio,0
4608,585,10477746,10477750,6,0x07,send_buffer,1
4609,585,10477756,10477760,0,0x01,end_of_chunk,0
4610,586,10477764,10477768,1080,0x0F,set_decoding_map,0
4611,586,10478848,10478852,2952,0x08,audio_frame,0
4612,586,10481804,10481808,6,0x09,silence_frame,0
4613,586,10481814,10481818,14046,0x11,video_data_11,3
4614,586,10495864,10495868,132,0x13,documented_unknown_13,0
4615,586,10496000,10496004,0,0x04,start_stop_audio,0
4616,586,10496004,10496008,6,0x07,send_buffer,1
4617,586,10496014,10496018,0,0x01,end_of_chunk,0
4618,587,10496022,10496026,1080,0x0F,set_decoding_map,0
4619,587,10497106,10497110,2932,0x08,audio_frame,0
4620,587,10500042,10500046,6,0x09,silence_frame,0
4621,587,10500052,10500056,14064,0x11,video_data_11,3
4622,587,10514120,10514124,132,0x13,documented_unknown_13,0
4623,587,10514256,10514260,0,0x04,start_stop_audio,0
4624,587,10514260,10514264,6,0x07,send_buffer,1
4625,587,10514270,10514274,0,0x01,end_of_chunk,0
4626,588,10514278,10514282,1080,0x0F,set_decoding_map,0
4627,588,10515362,10515366,2952,0x08,audio_frame,0
4628,588,10518318,10518322,6,0x09,silence_frame,0
4629,588,10518328,10518332,14038,0x11,video_data_11,3
4630,588,10532370,10532374,132,0x13,documented_unknown_13,0
4631,588,10532506,10532510,0,0x04,start_stop_audio,0
4632,588,10532510,10532514,6,0x07,send_buffer,1
4633,588,10532520,10532524,0,0x01,end_of_chunk,0
4634,589,10532528,10532532,1080,0x0F,set_decoding_map,0
4635,589,10533612,10533616,2952,0x08,audio_frame,0
4636,589,10536568,10536572,6,0x09,silence_frame,0
4637,589,10536578,10536582,14022,0x11,video_data_11,3
4638,589,10550604,10550608,132,0x13,documented_unknown_13,0
4639,589,10550740,10550744,0,0x04,start_stop_audio,0
4640,589,10550744,10550748,6,0x07,send_buffer,1
4641,589,10550754,10550758,0,0x01,end_of_chunk,0
4642,590,10550762,10550766,1080,0x0F,set_decoding_map,0
4643,590,10551846,10551850,2952,0x08,audio_frame,0
4644,590,10554802,10554806,6,0x09,silence_frame,0
4645,590,10554812,10554816,14048,0x11,video_data_11,3
4646,590,10568864,10568868,132,0x13,documented_unknown_13,0
4647,590,10569000,10569004,0,0x04,start_stop_audio,0
4648,590,10569004,10569008,6,0x07,send_buffer,1
4649,590,10569014,10569018,0,0x01,end_of_chunk,0
4650,591,10569022,10569026,1080,0x0F,set_decoding_map,0
4651,591,10570106,10570110,2952,0x08,audio_frame,0
4652,591,10573062,10573066,6,0x09,silence_frame,0
4653,591,10573072,10573076,14068,0x11,video_data_11,3
4654,591,10587144,10587148,132,0x13,documented_unknown_13,0
4655,591,10587280,10587284,0,0x04,start_stop_audio,0
4656,591,10587284,10587288,6,0x07,send_buffer,1
4657,591,10587294,10587298,0,0x01,end_of_chunk,0
4658,592,10587302,10587306,1080,0x0F,set_decoding_map,0
4659,592,10588386,10588390,2952,0x08,audio_frame,0
4660,592,10591342,10591346,6,0x09,silence_frame,0
4661,592,10591352,10591356,14022,0x11,video_data_11,3
4662,592,10605378,10605382,132,0x13,documented_unknown_13,0
4663,592,10605514,10605518,0,0x04,start_stop_audio,0
4664,592,10605518,10605522,6,0x07,send_buffer,1
4665,592,10605528,10605532,0,0x01,end_of_chunk,0
4666,593,10605536,10605540,1080,0x0F,set_decoding_map,0
4667,593,10606620,10606624,2952,0x08,audio_frame,0
4668,593,10609576,10609580,6,0x09,silence_frame,0
4669,593,10609586,10609590,14042,0x11,video_data_11,3
4670,593,10623632,10623636,132,0x13,documented_unknown_13,0
4671,593,10623768,10623772,0,0x04,start_stop_audio,0
4672,593,10623772,10623776,6,0x07,send_buffer,1
4673,593,10623782,10623786,0,0x01,end_of_chunk,0
4674,594,10623790,10623794,1080,0x0F,set_decoding_map,0
4675,594,10624874,10624878,2952,0x08,audio_frame,0
4676,594,10627830,10627834,6,0x09,silence_frame,0
4677,594,10627840,10627844,14030,0x11,video_data_11,3
4678,594,10641874,10641878,132,0x13,documented_unknown_13,0
4679,594,10642010,10642014,0,0x04,start_stop_audio,0
4680,594,10642014,10642018,6,0x07,send_buffer,1
4681,594,10642024,10642028,0,0x01,end_of_chunk,0
4682,595,10642032,10642036,1080,0x0F,set_decoding_map,0
4683,595,10643116,10643120,2952,0x08,audio_frame,0
4684,595,10646072,10646076,6,0x09,silence_frame,0
4685,595,10646082,10646086,14044,0x11,video_data_11,3
4686,595,10660130,10660134,132,0x13,documented_unknown_13,0
4687,595,10660266,10660270,0,0x04,start_stop_audio,0
4688,595,10660270,10660274,6,0x07,send_buffer,1
4689,595,10660280,10660284,0,0x01,end_of_chunk,0
4690,596,10660288,10660292,1080,0x0F,set_decoding_map,0
4691,596,10661372,10661376,2952,0x08,audio_frame,0
4692,596,10664328,10664332,6,0x09,silence_frame,0
4693,596,10664338,10664342,14048,0x11,video_data_11,3
4694,596,10678390,10678394,132,0x13,documented_unknown_13,0
4695,596,10678526,10678530,0,0x04,start_stop_audio,0
4696,596,10678530,10678534,6,0x07,send_buffer,1
4697,596,10678540,10678544,0,0x01,end_of_chunk,0
4698,597,10678548,10678552,1080,0x0F,set_decoding_map,0
4699,597,10679632,10679636,2952,0x08,audio_frame,0
4700,597,10682588,10682592,6,0x09,silence_frame,0
4701,597,10682598,10682602,14058,0x11,video_data_11,3
4702,597,10696660,10696664,132,0x13,documented_unknown_13,0
4703,597,10696796,10696800,0,0x04,start_stop_audio,0
4704,597,10696800,10696804,6,0x07,send_buffer,1
4705,597,10696810,10696814,0,0x01,end_of_chunk,0
4706,598,10696818,10696822,1080,0x0F,set_decoding_map,0
4707,598,10697902,10697906,2952,0x08,audio_frame,0
4708,598,10700858,10700862,6,0x09,silence_frame,0
4709,598,10700868,10700872,14034,0x11,video_data_11,3
4710,598,10714906,10714910,132,0x13,documented_unknown_13,0
4711,598,10715042,10715046,0,0x04,start_stop_audio,0
4712,598,10715046,10715050,6,0x07,send_buffer,1
4713,598,10715056,10715060,0,0x01,end_of_chunk,0
4714,599,10715064,10715068,1080,0x0F,set_decoding_map,0
4715,599,10716148,10716152,2952,0x08,audio_frame,0
4716,599,10719104,10719108,6,0x09,silence_frame,0
4717,599,10719114,10719118,14028,0x11,video_data_11,3
4718,599,10733146,10733150,132,0x13,documented_unknown_13,0
4719,599,10733282,10733286,0,0x04,start_stop_audio,0
4720,599,10733286,10733290,6,0x07,send_buffer,1
4721,599,10733296,10733300,0,0x01,end_of_chunk,0
4722,600,10733304,10733308,1080,0x0F,set_decoding_map,0
4723,600,10734388,10734392,2952,0x08,audio_frame,0
4724,600,10737344,10737348,6,0x09,silence_frame,0
4725,600,10737354,10737358,14064,0x11,video_data_11,3
4726,600,10751422,10751426,132,0x13,documented_unknown_13,0
4727,600,10751558,10751562,0,0x04,start_stop_audio,0
4728,600,10751562,10751566,6,0x07,send_buffer,1
4729,600,10751572,10751576,0,0x01,end_of_chunk,0
4730,601,10751580,10751584,1080,0x0F,set_decoding_map,0
4731,601,10752664,10752668,2952,0x08,audio_frame,0
4732,601,10755620,10755624,6,0x09,silence_frame,0
4733,601,10755630,10755634,14038,0x11,video_data_11,3
4734,601,10769672,10769676,132,0x13,documented_unknown_13,0
4735,601,10769808,10769812,0,0x04,start_stop_audio,0
4736,601,10769812,10769816,6,0x07,send_buffer,1
4737,601,10769822,10769826,0,0x01,end_of_chunk,0
4738,602,10769830,10769834,1080,0x0F,set_decoding_map,0
4739,602,10770914,10770918,2932,0x08,audio_frame,0
4740,602,10773850,10773854,6,0x09,silence_frame,0
4741,602,10773860,10773864,14022,0x11,video_data_11,3
4742,602,10787886,10787890,132,0x13,documented_unknown_13,0
4743,602,10788022,10788026,0,0x04,start_stop_audio,0
4744,602,10788026,10788030,6,0x07,send_buffer,1
4745,602,10788036,10788040,0,0x01,end_of_chunk,0
4746,603,10788044,10788048,1080,0x0F,set_decoding_map,0
4747,603,10789128,10789132,2952,0x08,audio_frame,0
4748,603,10792084,10792088,6,0x09,silence_frame,0
4749,603,10792094,10792098,14054,0x11,video_data_11,3
4750,603,10806152,10806156,132,0x13,documented_unknown_13,0
4751,603,10806288,10806292,0,0x04,start_stop_audio,0
4752,603,10806292,10806296,6,0x07,send_buffer,1
4753,603,10806302,10806306,0,0x01,end_of_chunk,0
4754,604,10806310,10806314,1080,0x0F,set_decoding_map,0
4755,604,10807394,10807398,2952,0x08,audio_frame,0
4756,604,10810350,10810354,6,0x09,silence_frame,0
4757,604,10810360,10810364,14024,0x11,video_data_11,3
4758,604,10824388,10824392,132,0x13,documented_unknown_13,0
4759,604,10824524,10824528,0,0x04,start_stop_audio,0
4760,604,10824528,10824532,6,0x07,send_buffer,1
4761,604,10824538,10824542,0,0x01,end_of_chunk,0
4762,605,10824546,10824550,1080,0x0F,set_decoding_map,0
4763,605,10825630,10825634,2952,0x08,audio_frame,0
4764,605,10828586,10828590,6,0x09,silence_frame,0
4765,605,10828596,10828600,14024,0x11,video_data_11,3
4766,605,10842624,10842628,132,0x13,documented_unknown_13,0
4767,605,10842760,10842764,0,0x04,start_stop_audio,0
4768,605,10842764,10842768,6,0x07,send_buffer,1
4769,605,10842774,10842778,0,0x01,end_of_chunk,0
4770,606,10842782,10842786,1080,0x0F,set_decoding_map,0
4771,606,10843866,10843870,2952,0x08,audio_frame,0
4772,606,10846822,10846826,6,0x09,silence_frame,0
4773,606,10846832,10846836,14024,0x11,video_data_11,3
4774,606,10860860,10860864,132,0x13,documented_unknown_13,0
4775,606,10860996,10861000,0,0x04,start_stop_audio,0
4776,606,10861000,10861004,6,0x07,send_buffer,1
4777,606,10861010,10861014,0,0x01,end_of_chunk,0
4778,607,10861018,10861022,1080,0x0F,set_decoding_map,0
4779,607,10862102,10862106,2952,0x08,audio_frame,0
4780,607,10865058,10865062,6,0x09,silence_frame,0
4781,607,10865068,10865072,14064,0x11,video_data_11,3
4782,607,10879136,10879140,132,0x13,documented_unknown_13,0
4783,607,10879272,10879276,0,0x04,start_stop_audio,0
4784,607,10879276,10879280,6,0x07,send_buffer,1
4785,607,10879286,10879290,0,0x01,end_of_chunk,0
4786,608,10879294,10879298,1080,0x0F,set_decoding_map,0
4787,608,10880378,10880382,2952,0x08,audio_frame,0
4788,608,10883334,10883338,6,0x09,silence_frame,0
4789,608,10883344,10883348,14024,0x11,video_data_11,3
4790,608,10897372,10897376,132,0x13,documented_unknown_13,0
4791,608,10897508,10897512,0,0x04,start_stop_audio,0
4792,608,10897512,10897516,6,0x07,send_buffer,1
4793,608,10897522,10897526,0,0x01,end_of_chunk,0
4794,609,10897530,10897534,1080,0x0F,set_decoding_map,0
4795,609,10898614,10898618,2952,0x08,audio_frame,0
4796,609,10901570,10901574,6,0x09,silence_frame,0
4797,609,10901580,10901584,14032,0x11,video_data_11,3
4798,609,10915616,10915620,132,0x13,documented_unknown_13,0
4799,609,10915752,10915756,0,0x04,start_stop_audio,0
4800,609,10915756,10915760,6,0x07,send_buffer,1
4801,609,10915766,10915770,0,0x01,end_of_chunk,0
4802,610,10915774,10915778,1080,0x0F,set_decoding_map,0
4803,610,10916858,10916862,2952,0x08,audio_frame,0
4804,610,10919814,10919818,6,0x09,silence_frame,0
4805,610,10919824,10919828,14024,0x11,video_data_11,3
4806,610,10933852,10933856,132,0x13,documented_unknown_13,0
4807,610,10933988,10933992,0,0x04,start_stop_audio,0
4808,610,10933992,10933996,6,0x07,send_buffer,1
4809,610,10934002,10934006,0,0x01,end_of_chunk,0
4810,611,10934010,10934014,1080,0x0F,set_decoding_map,0
4811,611,10935094,10935098,2952,0x08,audio_frame,0
4812,611,10938050,10938054,6,0x09,silence_frame,0
4813,611,10938060,10938064,14070,0x11,video_data_11,3
4814,611,10952134,10952138,132,0x13,documented_unknown_13,0
4815,611,10952270,10952274,0,0x04,start_stop_audio,0
4816,611,10952274,10952278,6,0x07,send_buffer,1
4817,611,10952284,10952288,0,0x01,end_of_chunk,0
4818,612,10952292,10952296,1080,0x0F,set_decoding_map,0
4819,612,10953376,10953380,2952,0x08,audio_frame,0
4820,612,10956332,10956336,6,0x09,silence_frame,0
4821,612,10956342,10956346,14066,0x11,video_data_11,3
4822,612,10970412,10970416,132,0x13,documented_unknown_13,0
4823,612,10970548,10970552,0,0x04,start_stop_audio,0
4824,612,10970552,10970556,6,0x07,send_buffer,1
4825,612,10970562,10970566,0,0x01,end_of_chunk,0
4826,613,10970570,10970574,1080,0x0F,set_decoding_map,0
4827,613,10971654,10971658,2952,0x08,audio_frame,0
4828,613,10974610,10974614,6,0x09,silence_frame,0
4829,613,10974620,10974624,14038,0x11,video_data_11,3
4830,613,10988662,10988666,132,0x13,documented_unknown_13,0
4831,613,10988798,10988802,0,0x04,start_stop_audio,0
4832,613,10988802,10988806,6,0x07,send_buffer,1
4833,613,10988812,10988816,0,0x01,end_of_chunk,0
4834,614,10988820,10988824,1080,0x0F,set_decoding_map,0
4835,614,10989904,10989908,2952,0x08,audio_frame,0
4836,614,10992860,10992864,6,0x09,silence_frame,0
4837,614,10992870,10992874,14058,0x11,video_data_11,3
4838,614,11006932,11006936,132,0x13,documented_unknown_13,0
4839,614,11007068,11007072,0,0x04,start_stop_audio,0
4840,614,11007072,11007076,6,0x07,send_buffer,1
4841,614,11007082,11007086,0,0x01,end_of_chunk,0
4842,615,11007090,11007094,1080,0x0F,set_decoding_map,0
4843,615,11008174,11008178,2952,0x08,audio_frame,0
4844,615,11011130,11011134,6,0x09,silence_frame,0
4845,615,11011140,11011144,14056,0x11,video_data_11,3
4846,615,11025200,11025204,132,0x13,documented_unknown_13,0
4847,615,11025336,11025340,0,0x04,start_stop_audio,0
4848,615,11025340,11025344,6,0x07,send_buffer,1
4849,615,11025350,11025354,0,0x01,end_of_chunk,0
4850,616,11025358,11025362,1080,0x0F,set_decoding_map,0
4851,616,11026442,11026446,2952,0x08,audio_frame,0
4852,616,11029398,11029402,6,0x09,silence_frame,0
4853,616,11029408,11029412,14036,0x11,video_data_11,3
4854,616,11043448,11043452,132,0x13,documented_unknown_13,0
4855,616,11043584,11043588,0,0x04,start_stop_audio,0
4856,616,11043588,11043592,6,0x07,send_buffer,1
4857,616,11043598,11043602,0,0x01,end_of_chunk,0
4858,617,11043606,11043610,1080,0x0F,set_decoding_map,0
4859,617,11044690,11044694,2932,0x08,audio_frame,0
4860,617,11047626,11047630,6,0x09,silence_frame,0
4861,617,11047636,11047640,14040,0x11,video_data_11,3
4862,617,11061680,11061684,132,0x13,documented_unknown_13,0
4863,617,11061816,11061820,0,0x04,start_stop_audio,0
4864,617,11061820,11061824,6,0x07,send_buffer,1
4865,617,11061830,11061834,0,0x01,end_of_chunk,0
4866,618,11061838,11061842,1080,0x0F,set_decoding_map,0
4867,618,11062922,11062926,2952,0x08,audio_frame,0
4868,618,11065878,11065882,6,0x09,silence_frame,0
4869,618,11065888,11065892,14080,0x11,video_data_11,3
4870,618,11079972,11079976,132,0x13,documented_unknown_13,0
4871,618,11080108,11080112,0,0x04,start_stop_audio,0
4872,618,11080112,11080116,6,0x07,send_buffer,1
4873,618,11080122,11080126,0,0x01,end_of_chunk,0
4874,619,11080130,11080134,1080,0x0F,set_decoding_map,0
4875,619,11081214,11081218,2952,0x08,audio_frame,0
4876,619,11084170,11084174,6,0x09,silence_frame,0
4877,619,11084180,11084184,14030,0x11,video_data_11,3
4878,619,11098214,11098218,132,0x13,documented_unknown_13,0
4879,619,11098350,11098354,0,0x04,start_stop_audio,0
4880,619,11098354,11098358,6,0x07,send_buffer,1
4881,619,11098364,11098368,0,0x01,end_of_chunk,0
4882,620,11098372,11098376,1080,0x0F,set_decoding_map,0
4883,620,11099456,11099460,2952,0x08,audio_frame,0
4884,620,11102412,11102416,6,0x09,silence_frame,0
4885,620,11102422,11102426,14044,0x11,video_data_11,3
4886,620,11116470,11116474,132,0x13,documented_unknown_13,0
4887,620,11116606,11116610,0,0x04,start_stop_audio,0
4888,620,11116610,11116614,6,0x07,send_buffer,1
4889,620,11116620,11116624,0,0x01,end_of_chunk,0
4890,621,11116628,11116632,1080,0x0F,set_decoding_map,0
4891,621,11117712,11117716,2952,0x08,audio_frame,0
4892,621,11120668,11120672,6,0x09,silence_frame,0
4893,621,11120678,11120682,14044,0x11,video_data_11,3
4894,621,11134726,11134730,132,0x13,documented_unknown_13,0
4895,621,11134862,11134866,0,0x04,start_stop_audio,0
4896,621,11134866,11134870,6,0x07,send_buffer,1
4897,621,11134876,11134880,0,0x01,end_of_chunk,0
4898,622,11134884,11134888,1080,0x0F,set_decoding_map,0
4899,622,11135968,11135972,2952,0x08,audio_frame,0
4900,622,11138924,11138928,6,0x09,silence_frame,0
4901,622,11138934,11138938,14082,0x11,video_data_11,3
4902,622,11153020,11153024,132,0x13,documented_unknown_13,0
4903,622,11153156,11153160,0,0x04,start_stop_audio,0
4904,622,11153160,11153164,6,0x07,send_buffer,1
4905,622,11153170,11153174,0,0x01,end_of_chunk,0
4906,623,11153178,11153182,1080,0x0F,set_decoding_map,0
4907,623,11154262,11154266,2952,0x08,audio_frame,0
4908,623,11157218,11157222,6,0x09,silence_frame,0
4909,623,11157228,11157232,14056,0x11,video_data_11,3
4910,623,11171288,11171292,132,0x13,documented_unknown_13,0
4911,623,11171424,11171428,0,0x04,start_stop_audio,0
4912,623,11171428,11171432,6,0x07,send_buffer,1
4913,623,11171438,11171442,0,0x01,end_of_chunk,0
4914,624,11171446,11171450,1080,0x0F,set_decoding_map,0
4915,624,11172530,11172534,2952,0x08,audio_frame,0
4916,624,11175486,11175490,6,0x09,silence_frame,0
4917,624,11175496,11175500,14048,0x11,video_data_11,3
4918,624,11189548,11189552,132,0x13,documented_unknown_13,0
4919,624,11189684,11189688,0,0x04,start_stop_audio,0
4920,624,11189688,11189692,6,0x07,send_buffer,1
4921,624,11189698,11189702,0,0x01,end_of_chunk,0
4922,625,11189706,11189710,1080,0x0F,set_decoding_map,0
4923,625,11190790,11190794,2952,0x08,audio_frame,0
4924,625,11193746,11193750,6,0x09,silence_frame,0
4925,625,11193756,11193760,14072,0x11,video_data_11,3
4926,625,11207832,11207836,132,0x13,documented_unknown_13,0
4927,625,11207968,11207972,0,0x04,start_stop_audio,0
4928,625,11207972,11207976,6,0x07,send_buffer,1
4929,625,11207982,11207986,0,0x01,end_of_chunk,0
4930,626,11207990,11207994,1080,0x0F,set_decoding_map,0
4931,626,11209074,11209078,2952,0x08,audio_frame,0
4932,626,11212030,11212034,6,0x09,silence_frame,0
4933,626,11212040,11212044,14046,0x11,video_data_11,3
4934,626,11226090,11226094,132,0x13,documented_unknown_13,0
4935,626,11226226,11226230,0,0x04,start_stop_audio,0
4936,626,11226230,11226234,6,0x07,send_buffer,1
4937,626,11226240,11226244,0,0x01,end_of_chunk,0
4938,627,11226248,11226252,1080,0x0F,set_decoding_map,0
4939,627,11227332,11227336,2952,0x08,audio_frame,0
4940,627,11230288,11230292,6,0x09,silence_frame,0
4941,627,11230298,11230302,14042,0x11,video_data_11,3
4942,627,11244344,11244348,132,0x13,documented_unknown_13,0
4943,627,11244480,11244484,0,0x04,start_stop_audio,0
4944,627,11244484,11244488,6,0x07,send_buffer,1
4945,627,11244494,11244498,0,0x01,end_of_chunk,0
4946,628,11244502,11244506,1080,0x0F,set_decoding_map,0
4947,628,11245586,11245590,2952,0x08,audio_frame,0
4948,628,11248542,11248546,6,0x09,silence_frame,0
4949,628,11248552,11248556,14034,0x11,video_data_11,3
4950,628,11262590,11262594,132,0x13,documented_unknown_13,0
4951,628,11262726,11262730,0,0x04,start_stop_audio,0
4952,628,11262730,11262734,6,0x07,send_buffer,1
4953,628,11262740,11262744,0,0x01,end_of_chunk,0
4954,629,11262748,11262752,1080,0x0F,set_decoding_map,0
4955,629,11263832,11263836,2952,0x08,audio_frame,0
4956,629,11266788,11266792,6,0x09,silence_frame,0
4957,629,11266798,11266802,14038,0x11,video_data_11,3
4958,629,11280840,11280844,132,0x13,documented_unknown_13,0
4959,629,11280976,11280980,0,0x04,start_stop_audio,0
4960,629,11280980,11280984,6,0x07,send_buffer,1
4961,629,11280990,11280994,0,0x01,end_of_chunk,0
4962,630,11280998,11281002,1080,0x0F,set_decoding_map,0
4963,630,11282082,11282086,2952,0x08,audio_frame,0
4964,630,11285038,11285042,6,0x09,silence_frame,0
4965,630,11285048,11285052,14022,0x11,video_data_11,3
4966,630,11299074,11299078,132,0x13,documented_unknown_13,0
4967,630,11299210,11299214,0,0x04,start_stop_audio,0
4968,630,11299214,11299218,6,0x07,send_buffer,1
4969,630,11299224,11299228,0,0x01,end_of_chunk,0
4970,631,11299232,11299236,1080,0x0F,set_decoding_map,0
4971,631,11300316,11300320,2952,0x08,audio_frame,0
4972,631,11303272,11303276,6,0x09,silence_frame,0
4973,631,11303282,11303286,14030,0x11,video_data_11,3
4974,631,11317316,11317320,132,0x13,documented_unknown_13,0
4975,631,11317452,11317456,0,0x04,start_stop_audio,0
4976,631,11317456,11317460,6,0x07,send_buffer,1
4977,631,11317466,11317470,0,0x01,end_of_chunk,0
4978,632,11317474,11317478,1080,0x0F,set_decoding_map,0
4979,632,11318558,11318562,2932,0x08,audio_frame,0
4980,632,11321494,11321498,6,0x09,silence_frame,0
4981,632,11321504,11321508,14074,0x11,video_data_11,3
4982,632,11335582,11335586,132,0x13,documented_unknown_13,0
4983,632,11335718,11335722,0,0x04,start_stop_audio,0
4984,632,11335722,11335726,6,0x07,send_buffer,1
4985,632,11335732,11335736,0,0x01,end_of_chunk,0
4986,633,11335740,11335744,1080,0x0F,set_decoding_map,0
4987,633,11336824,11336828,2952,0x08,audio_frame,0
4988,633,11339780,11339784,6,0x09,silence_frame,0
4989,633,11339790,11339794,14060,0x11,video_data_11,3
4990,633,11353854,11353858,132,0x13,documented_unknown_13,0
4991,633,11353990,11353994,0,0x04,start_stop_audio,0
4992,633,11353994,11353998,6,0x07,send_buffer,1
4993,633,11354004,11354008,0,0x01,end_of_chunk,0
4994,634,11354012,11354016,1080,0x0F,set_decoding_map,0
4995,634,11355096,11355100,2952,0x08,audio_frame,0
4996,634,11358052,11358056,6,0x09,silence_frame,0
4997,634,11358062,11358066,14038,0x11,video_data_11,3
4998,634,11372104,11372108,132,0x13,documented_unknown_13,0
4999,634,11372240,11372244,0,0x04,start_stop_audio,0
5000,634,11372244,11372248,6,0x07,send_buffer,1
5001,634,11372254,11372258,0,0x01,end_of_chunk,0
5002,635,11372262,11372266,1080,0x0F,set_decoding_map,0
5003,635,11373346,11373350,2952,0x08,audio_frame,0
5004,635,11376302,11376306,6,0x09,silence_frame,0
5005,635,11376312,11376316,14080,0x11,video_data_11,3
5006,635,11390396,11390400,132,0x13,documented_unknown_13,0
5007,635,11390532,11390536,0,0x04,start_stop_audio,0
5008,635,11390536,11390540,6,0x07,send_buffer,1
5009,635,11390546,11390550,0,0x01,end_of_chunk,0
5010,636,11390554,11390558,1080,0x0F,set_decoding_map,0
5011,636,11391638,11391642,2952,0x08,audio_frame,0
5012,636,11394594,11394598,6,0x09,silence_frame,0
5013,636,11394604,11394608,14074,0x11,video_data_11,3
5014,636,11408682,11408686,132,0x13,documented_unknown_13,0
5015,636,11408818,11408822,0,0x04,start_stop_audio,0
5016,636,11408822,11408826,6,0x07,send_buffer,1
5017,636,11408832,11408836,0,0x01,end_of_chunk,0
5018,637,11408840,11408844,1080,0x0F,set_decoding_map,0
5019,637,11409924,11409928,2952,0x08,audio_frame,0
5020,637,11412880,11412884,6,0x09,silence_frame,0
5021,637,11412890,11412894,14024,0x11,video_data_11,3
5022,637,11426918,11426922,132,0x13,documented_unknown_13,0
5023,637,11427054,11427058,0,0x04,start_stop_audio,0
5024,637,11427058,11427062,6,0x07,send_buffer,1
5025,637,11427068,11427072,0,0x01,end_of_chunk,0
5026,638,11427076,11427080,1080,0x0F,set_decoding_map,0
5027,638,11428160,11428164,2952,0x08,audio_frame,0
5028,638,11431116,11431120,6,0x09,silence_frame,0
5029,638,11431126,11431130,14084,0x11,video_data_11,3
5030,638,11445214,11445218,132,0x13,documented_unknown_13,0
5031,638,11445350,11445354,0,0x04,start_stop_audio,0
5032,638,11445354,11445358,6,0x07,send_buffer,1
5033,638,11445364,11445368,0,0x01,end_of_chunk,0
5034,639,11445372,11445376,1080,0x0F,set_decoding_map,0
5035,639,11446456,11446460,2952,0x08,audio_frame,0
5036,639,11449412,11449416,6,0x09,silence_frame,0
5037,639,11449422,11449426,14066,0x11,video_data_11,3
5038,639,11463492,11463496,132,0x13,documented_unknown_13,0
5039,639,11463628,11463632,0,0x04,start_stop_audio,0
5040,639,11463632,11463636,6,0x07,send_buffer,1
5041,639,11463642,11463646,0,0x01,end_of_chunk,0
5042,640,11463650,11463654,1080,0x0F,set_decoding_map,0
5043,640,11464734,11464738,2952,0x08,audio_frame,0
5044,640,11467690,11467694,6,0x09,silence_frame,0
5045,640,11467700,11467704,2848,0x11,video_data_11,3
5046,640,11470552,11470556,132,0x13,documented_unknown_13,0
5047,640,11470688,11470692,0,0x04,start_stop_audio,0
5048,640,11470692,11470696,6,0x07,send_buffer,1
5049,640,11470702,11470706,0,0x01,end_of_chunk,0
5050,641,11470710,11470714,1080,0x0F,set_decoding_map,0
5051,641,11471794,11471798,2952,0x08,audio_frame,0
5052,641,11474750,11474754,6,0x09,silence_frame,0
5053,641,11474760,11474764,14,0x11,video_data_11,3
5054,641,11474778,11474782,132,0x13,documented_unknown_13,0
5055,641,11474914,11474918,0,0x04,start_stop_audio,0
5056,641,11474918,11474922,6,0x07,send_buffer,1
5057,641,11474928,11474932,0,0x01,end_of_chunk,0
5058,642,11474936,11474940,1080,0x0F,set_decoding_map,0
5059,642,11476020,11476024,2952,0x08,audio_frame,0
5060,642,11478976,11478980,6,0x09,silence_frame,0
5061,642,11478986,11478990,14,0x11,video_data_11,3
5062,642,11479004,11479008,132,0x13,documented_unknown_13,0
5063,642,11479140,11479144,0,0x04,start_stop_audio,0
5064,642,11479144,11479148,6,0x07,send_buffer,1
5065,642,11479154,11479158,0,0x01,end_of_chunk,0
5066,643,11479162,11479166,1080,0x0F,set_decoding_map,0
5067,643,11480246,11480250,2952,0x08,audio_frame,0
5068,643,11483202,11483206,6,0x09,silence_frame,0
5069,643,11483212,11483216,14,0x11,video_data_11,3
5070,643,11483230,11483234,132,0x13,documented_unknown_13,0
5071,643,11483366,11483370,0,0x04,start_stop_audio,0
5072,643,11483370,11483374,6,0x07,send_buffer,1
5073,643,11483380,11483384,0,0x01,end_of_chunk,0
5074,644,11483388,11483392,1080,0x0F,set_decoding_map,0
5075,644,11484472,11484476,2952,0x08,audio_frame,0
5076,644,11487428,11487432,6,0x09,silence_frame,0
5077,644,11487438,11487442,14,0x11,video_data_11,3
5078,644,11487456,11487460,132,0x13,documented_unknown_13,0
5079,644,11487592,11487596,0,0x04,start_stop_audio,0
5080,644,11487596,11487600,6,0x07,send_buffer,1
5081,644,11487606,11487610,0,0x01,end_of_chunk,0
5082,645,11487614,11487618,1080,0x0F,set_decoding_map,0
5083,645,11488698,11488702,2952,0x08,audio_frame,0
5084,645,11491654,11491658,6,0x09,silence_frame,0
5085,645,11491664,11491668,14,0x11,video_data_11,3
5086,645,11491682,11491686,132,0x13,documented_unknown_13,0
5087,645,11491818,11491822,0,0x04,start_stop_audio,0
5088,645,11491822,11491826,6,0x07,send_buffer,1
5089,645,11491832,11491836,0,0x01,end_of_chunk,0
5090,646,11491840,11491844,1080,0x0F,set_decoding_map,0
5091,646,11492924,11492928,2952,0x08,audio_frame,0
5092,646,11495880,11495884,6,0x09,silence_frame,0
5093,646,11495890,11495894,14,0x11,video_data_11,3
5094,646,11495908,11495912,132,0x13,documented_unknown_13,0
5095,646,11496044,11496048,0,0x04,start_stop_audio,0
5096,646,11496048,11496052,6,0x07,send_buffer,1
5097,646,11496058,11496062,0,0x01,end_of_chunk,0
5098,647,11496066,11496070,1080,0x0F,set_decoding_map,0
5099,647,11497150,11497154,2932,0x08,audio_frame,0
5100,647,11500086,11500090,6,0x09,silence_frame,0
5101,647,11500096,11500100,14,0x11,video_data_11,3
5102,647,11500114,11500118,132,0x13,documented_unknown_13,0
5103,647,11500250,11500254,0,0x04,start_stop_audio,0
5104,647,11500254,11500258,6,0x07,send_buffer,1
5105,647,11500264,11500268,0,0x01,end_of_chunk,0
5106,648,11500272,11500276,1080,0x0F,set_decoding_map,0
5107,648,11501356,11501360,2952,0x08,audio_frame,0
5108,648,11504312,11504316,6,0x09,silence_frame,0
5109,648,11504322,11504326,14,0x11,video_data_11,3
5110,648,11504340,11504344,132,0x13,documented_unknown_13,0
5111,648,11504476,11504480,0,0x04,start_stop_audio,0
5112,648,11504480,11504484,6,0x07,send_buffer,1
5113,648,11504490,11504494,0,0x01,end_of_chunk,0
5114,649,11504498,11504502,1080,0x0F,set_decoding_map,0
5115,649,11505582,11505586,2952,0x08,audio_frame,0
5116,649,11508538,11508542,6,0x09,silence_frame,0
5117,649,11508548,11508552,14,0x11,video_data_11,3
5118,649,11508566,11508570,132,0x13,documented_unknown_13,0
5119,649,11508702,11508706,0,0x04,start_stop_audio,0
5120,649,11508706,11508710,6,0x07,send_buffer,1
5121,649,11508716,11508720,0,0x01,end_of_chunk,0
5122,650,11508724,11508728,1080,0x0F,set_decoding_map,0
5123,650,11509808,11509812,2952,0x08,audio_frame,0
5124,650,11512764,11512768,6,0x09,silence_frame,0
5125,650,11512774,11512778,14,0x11,video_data_11,3
5126,650,11512792,11512796,132,0x13,documented_unknown_13,0
5127,650,11512928,11512932,0,0x04,start_stop_audio,0
5128,650,11512932,11512936,6,0x07,send_buffer,1
5129,650,11512942,11512946,0,0x01,end_of_chunk,0
5130,651,11512950,11512954,1080,0x0F,set_decoding_map,0
5131,651,11514034,11514038,2952,0x08,audio_frame,0
5132,651,11516990,11516994,6,0x09,silence_frame,0
5133,651,11517000,11517004,14,0x11,video_data_11,3
5134,651,11517018,11517022,132,0x13,documented_unknown_13,0
5135,651,11517154,11517158,0,0x04,start_stop_audio,0
5136,651,11517158,11517162,6,0x07,send_buffer,1
5137,651,11517168,11517172,0,0x01,end_of_chunk,0
5138,652,11517176,11517180,1080,0x0F,set_decoding_map,0
5139,652,11518260,11518264,2952,0x08,audio_frame,0
5140,652,11521216,11521220,6,0x09,silence_frame,0
5141,652,11521226,11521230,14,0x11,video_data_11,3
5142,652,11521244,11521248,132,0x13,documented_unknown_13,0
5143,652,11521380,11521384,0,0x04,start_stop_audio,0
5144,652,11521384,11521388,6,0x07,send_buffer,1
5145,652,11521394,11521398,0,0x01,end_of_chunk,0
5146,653,11521402,11521406,1080,0x0F,set_decoding_map,0
5147,653,11522486,11522490,2952,0x08,audio_frame,0
5148,653,11525442,11525446,6,0x09,silence_frame,0
5149,653,11525452,11525456,14,0x11,video_data_11,3
5150,653,11525470,11525474,132,0x13,documented_unknown_13,0
5151,653,11525606,11525610,0,0x04,start_stop_audio,0
5152,653,11525610,11525614,6,0x07,send_buffer,1
5153,653,11525620,11525624,0,0x01,end_of_chunk,0
5154,654,11525628,11525632,1080,0x0F,set_decoding_map,0
5155,654,11526712,11526716,2952,0x08,audio_frame,0
5156,654,11529668,11529672,6,0x09,silence_frame,0
5157,654,11529678,11529682,14,0x11,video_data_11,3
5158,654,11529696,11529700,132,0x13,documented_unknown_13,0
5159,654,11529832,11529836,0,0x04,start_stop_audio,0
5160,654,11529836,11529840,6,0x07,send_buffer,1
5161,654,11529846,11529850,0,0x01,end_of_chunk,0
5162,655,11529854,11529858,1080,0x0F,set_decoding_map,0
5163,655,11530938,11530942,2952,0x08,audio_frame,0
5164,655,11533894,11533898,6,0x09,silence_frame,0
5165,655,11533904,11533908,14,0x11,video_data_11,3
5166,655,11533922,11533926,132,0x13,documented_unknown_13,0
5167,655,11534058,11534062,0,0x04,start_stop_audio,0
5168,655,11534062,11534066,6,0x07,send_buffer,1
5169,655,11534072,11534076,0,0x01,end_of_chunk,0
5170,656,11534080,11534084,1080,0x0F,set_decoding_map,0
5171,656,11535164,11535168,2952,0x08,audio_frame,0
5172,656,11538120,11538124,6,0x09,silence_frame,0
5173,656,11538130,11538134,14,0x11,video_data_11,3
5174,656,11538148,11538152,132,0x13,documented_unknown_13,0
5175,656,11538284,11538288,0,0x04,start_stop_audio,0
5176,656,11538288,11538292,6,0x07,send_buffer,1
5177,656,11538298,11538302,0,0x01,end_of_chunk,0
5178,657,11538306,11538310,1080,0x0F,set_decoding_map,0
5179,657,11539390,11539394,2952,0x08,audio_frame,0
5180,657,11542346,11542350,6,0x09,silence_frame,0
5181,657,11542356,11542360,14,0x11,video_data_11,3
5182,657,11542374,11542378,132,0x13,documented_unknown_13,0
5183,657,11542510,11542514,0,0x04,start_stop_audio,0
5184,657,11542514,11542518,6,0x07,send_buffer,1
5185,657,11542524,11542528,0,0x01,end_of_chunk,0
5186,658,11542532,11542536,1080,0x0F,set_decoding_map,0
5187,658,11543616,11543620,2952,0x08,audio_frame,0
5188,658,11546572,11546576,6,0x09,silence_frame,0
5189,658,11546582,11546586,14,0x11,video_data_11,3
5190,658,11546600,11546604,132,0x13,documented_unknown_13,0
5191,658,11546736,11546740,0,0x04,start_stop_audio,0
5192,658,11546740,11546744,6,0x07,send_buffer,1
5193,658,11546750,11546754,0,0x01,end_of_chunk,0
5194,659,11546758,11546762,1080,0x0F,set_decoding_map,0
5195,659,11547842,11547846,2952,0x08,audio_frame,0
5196,659,11550798,11550802,6,0x09,silence_frame,0
5197,659,11550808,11550812,14,0x11,video_data_11,3
5198,659,11550826,11550830,132,0x13,documented_unknown_13,0
5199,659,11550962,11550966,0,0x04,start_stop_audio,0
5200,659,11550966,11550970,6,0x07,send_buffer,1
5201,659,11550976,11550980,0,0x01,end_of_chunk,0
5202,660,11550984,11550988,1080,0x0F,set_decoding_map,0
5203,660,11552068,11552072,2952,0x08,audio_frame,0
5204,660,11555024,11555028,6,0x09,silence_frame,0
5205,660,11555034,11555038,14,0x11,video_data_11,3
5206,660,11555052,11555056,132,0x13,documented_unknown_13,0
5207,660,11555188,11555192,0,0x04,start_stop_audio,0
5208,660,11555192,11555196,6,0x07,send_buffer,1
5209,660,11555202,11555206,0,0x01,end_of_chunk,0
5210,661,11555210,11555214,1080,0x0F,set_decoding_map,0
5211,661,11556294,11556298,2952,0x08,audio_frame,0
5212,661,11559250,11559254,6,0x09,silence_frame,0
5213,661,11559260,11559264,14,0x11,video_data_11,3
5214,661,11559278,11559282,132,0x13,documented_unknown_13,0
5215,661,11559414,11559418,0,0x04,start_stop_audio,0
5216,661,11559418,11559422,6,0x07,send_buffer,1
5217,661,11559428,11559432,0,0x01,end_of_chunk,0
5218,662,11559436,11559440,1080,0x0F,set_decoding_map,0
5219,662,11560520,11560524,2932,0x08,audio_frame,0
5220,662,11563456,11563460,6,0x09,silence_frame,0
5221,662,11563466,11563470,14,0x11,video_data_11,3
5222,662,11563484,11563488,132,0x13,documented_unknown_13,0
5223,662,11563620,11563624,0,0x04,start_stop_audio,0
5224,662,11563624,11563628,6,0x07,send_buffer,1
5225,662,11563634,11563638,0,0x01,end_of_chunk,0
5226,663,11563642,11563646,1080,0x0F,set_decoding_map,0
5227,663,11564726,11564730,2952,0x08,audio_frame,0
5228,663,11567682,11567686,6,0x09,silence_frame,0
5229,663,11567692,11567696,14,0x11,video_data_11,3
5230,663,11567710,11567714,132,0x13,documented_unknown_13,0
5231,663,11567846,11567850,0,0x04,start_stop_audio,0
5232,663,11567850,11567854,6,0x07,send_buffer,1
5233,663,11567860,11567864,0,0x01,end_of_chunk,0
5234,664,11567868,11567872,1080,0x0F,set_decoding_map,0
5235,664,11568952,11568956,2952,0x08,audio_frame,0
5236,664,11571908,11571912,6,0x09,silence_frame,0
5237,664,11571918,11571922,14,0x11,video_data_11,3
5238,664,11571936,11571940,132,0x13,documented_unknown_13,0
5239,664,11572072,11572076,0,0x04,start_stop_audio,0
5240,664,11572076,11572080,6,0x07,send_buffer,1
5241,664,11572086,11572090,0,0x01,end_of_chunk,0
5242,665,11572094,11572098,1080,0x0F,set_decoding_map,0
5243,665,11573178,11573182,2952,0x08,audio_frame,0
5244,665,11576134,11576138,6,0x09,silence_frame,0
5245,665,11576144,11576148,14,0x11,video_data_11,3
5246,665,11576162,11576166,132,0x13,documented_unknown_13,0
5247,665,11576298,11576302,0,0x04,start_stop_audio,0
5248,665,11576302,11576306,6,0x07,send_buffer,1
5249,665,11576312,11576316,0,0x01,end_of_chunk,0
5250,666,11576320,11576324,1080,0x0F,set_decoding_map,0
5251,666,11577404,11577408,2952,0x08,audio_frame,0
5252,666,11580360,11580364,6,0x09,silence_frame,0
5253,666,11580370,11580374,14,0x11,video_data_11,3
5254,666,11580388,11580392,132,0x13,documented_unknown_13,0
5255,666,11580524,11580528,0,0x04,start_stop_audio,0
5256,666,11580528,11580532,6,0x07,send_buffer,1
5257,666,11580538,11580542,0,0x01,end_of_chunk,0
5258,667,11580546,11580550,1080,0x0F,set_decoding_map,0
5259,667,11581630,11581634,2952,0x08,audio_frame,0
5260,667,11584586,11584590,6,0x09,silence_frame,0
5261,667,11584596,11584600,14,0x11,video_data_11,3
5262,667,11584614,11584618,132,0x13,documented_unknown_13,0
5263,667,11584750,11584754,0,0x04,start_stop_audio,0
5264,667,11584754,11584758,6,0x07,send_buffer,1
5265,667,11584764,11584768,0,0x01,end_of_chunk,0
5266,668,11584772,11584776,1080,0x0F,set_decoding_map,0
5267,668,11585856,11585860,2952,0x08,audio_frame,0
5268,668,11588812,11588816,6,0x09,silence_frame,0
5269,668,11588822,11588826,14,0x11,video_data_11,3
5270,668,11588840,11588844,132,0x13,documented_unknown_13,0
5271,668,11588976,11588980,0,0x04,start_stop_audio,0
5272,668,11588980,11588984,6,0x07,send_buffer,1
5273,668,11588990,11588994,0,0x01,end_of_chunk,0
5274,669,11588998,11589002,1080,0x0F,set_decoding_map,0
5275,669,11590082,11590086,2952,0x08,audio_frame,0
5276,669,11593038,11593042,6,0x09,silence_frame,0
5277,669,11593048,11593052,14,0x11,video_data_11,3
5278,669,11593066,11593070,132,0x13,documented_unknown_13,0
5279,669,11593202,11593206,0,0x04,start_stop_audio,0
5280,669,11593206,11593210,6,0x07,send_buffer,1
5281,669,11593216,11593220,0,0x01,end_of_chunk,0
5282,670,11593224,11593228,1080,0x0F,set_decoding_map,0
5283,670,11594308,11594312,2952,0x08,audio_frame,0
5284,670,11597264,11597268,6,0x09,silence_frame,0
5285,670,11597274,11597278,14,0x11,video_data_11,3
5286,670,11597292,11597296,132,0x13,documented_unknown_13,0
5287,670,11597428,11597432,0,0x04,start_stop_audio,0
5288,670,11597432,11597436,6,0x07,send_buffer,1
5289,670,11597442,11597446,0,0x01,end_of_chunk,0
5290,671,11597450,11597454,1080,0x0F,set_decoding_map,0
5291,671,11598534,11598538,2952,0x08,audio_frame,0
5292,671,11601490,11601494,6,0x09,silence_frame,0
5293,671,11601500,11601504,14,0x11,video_data_11,3
5294,671,11601518,11601522,132,0x13,documented_unknown_13,0
5295,671,11601654,11601658,0,0x04,start_stop_audio,0
5296,671,11601658,11601662,6,0x07,send_buffer,1
5297,671,11601668,11601672,0,0x01,end_of_chunk,0
5298,672,11601676,11601680,1080,0x0F,set_decoding_map,0
5299,672,11602760,11602764,2952,0x08,audio_frame,0
5300,672,11605716,11605720,6,0x09,silence_frame,0
5301,672,11605726,11605730,14,0x11,video_data_11,3
5302,672,11605744,11605748,132,0x13,documented_unknown_13,0
5303,672,11605880,11605884,0,0x04,start_stop_audio,0
5304,672,11605884,11605888,6,0x07,send_buffer,1
5305,672,11605894,11605898,0,0x01,end_of_chunk,0
5306,673,11605902,11605906,1080,0x0F,set_decoding_map,0
5307,673,11606986,11606990,2952,0x08,audio_frame,0
5308,673,11609942,11609946,6,0x09,silence_frame,0
5309,673,11609952,11609956,14,0x11,video_data_11,3
5310,673,11609970,11609974,132,0x13,documented_unknown_13,0
5311,673,11610106,11610110,0,0x04,start_stop_audio,0
5312,673,11610110,11610114,6,0x07,send_buffer,1
5313,673,11610120,11610124,0,0x01,end_of_chunk,0
5314,674,11610128,11610132,1080,0x0F,set_decoding_map,0
5315,674,11611212,11611216,2952,0x08,audio_frame,0
5316,674,11614168,11614172,6,0x09,silence_frame,0
5317,674,11614178,11614182,14,0x11,video_data_11,3
5318,674,11614196,11614200,132,0x13,documented_unknown_13,0
5319,674,11614332,11614336,0,0x04,start_stop_audio,0
5320,674,11614336,11614340,6,0x07,send_buffer,1
5321,674,11614346,11614350,0,0x01,end_of_chunk,0
5322,675,11614354,11614358,1080,0x0F,set_decoding_map,0
5323,675,11615438,11615442,2952,0x08,audio_frame,0
5324,675,11618394,11618398,6,0x09,silence_frame,0
5325,675,11618404,11618408,14,0x11,video_data_11,3
5326,675,11618422,11618426,132,0x13,documented_unknown_13,0
5327,675,11618558,11618562,0,0x04,start_stop_audio,0
5328,675,11618562,11618566,6,0x07,send_buffer,1
5329,675,11618572,11618576,0,0x01,end_of_chunk,0
5330,676,11618580,11618584,1080,0x0F,set_decoding_map,0
5331,676,11619664,11619668,2952,0x08,audio_frame,0
5332,676,11622620,11622624,6,0x09,silence_frame,0
5333,676,11622630,11622634,14,0x11,video_data_11,3
5334,676,11622648,11622652,132,0x13,documented_unknown_13,0
5335,676,11622784,11622788,0,0x04,start_stop_audio,0
5336,676,11622788,11622792,6,0x07,send_buffer,1
5337,676,11622798,11622802,0,0x01,end_of_chunk,0
5338,677,11622806,11622810,1080,0x0F,set_decoding_map,0
5339,677,11623890,11623894,2932,0x08,audio_frame,0
5340,677,11626826,11626830,6,0x09,silence_frame,0
5341,677,11626836,11626840,14,0x11,video_data_11,3
5342,677,11626854,11626858,132,0x13,documented_unknown_13,0
5343,677,11626990,11626994,0,0x04,start_stop_audio,0
5344,677,11626994,11626998,6,0x07,send_buffer,1
5345,677,11627004,11627008,0,0x01,end_of_chunk,0
5346,678,11627012,11627016,1080,0x0F,set_decoding_map,0
5347,678,11628096,11628100,2952,0x08,audio_frame,0
5348,678,11631052,11631056,6,0x09,silence_frame,0
5349,678,11631062,11631066,14,0x11,video_data_11,3
5350,678,11631080,11631084,132,0x13,documented_unknown_13,0
5351,678,11631216,11631220,0,0x04,start_stop_audio,0
5352,678,11631220,11631224,6,0x07,send_buffer,1
5353,678,11631230,11631234,0,0x01,end_of_chunk,0
5354,679,11631238,11631242,1080,0x0F,set_decoding_map,0
5355,679,11632322,11632326,2952,0x08,audio_frame,0
5356,679,11635278,11635282,6,0x09,silence_frame,0
5357,679,11635288,11635292,14,0x11,video_data_11,3
5358,679,11635306,11635310,132,0x13,documented_unknown_13,0
5359,679,11635442,11635446,0,0x04,start_stop_audio,0
5360,679,11635446,11635450,6,0x07,send_buffer,1
5361,679,11635456,11635460,0,0x01,end_of_chunk,0
5362,680,11635464,11635468,1080,0x0F,set_decoding_map,0
5363,680,11636548,11636552,2952,0x08,audio_frame,0
5364,680,11639504,11639508,6,0x09,silence_frame,0
5365,680,11639514,11639518,14,0x11,video_data_11,3
5366,680,11639532,11639536,132,0x13,documented_unknown_13,0
5367,680,11639668,11639672,0,0x04,start_stop_audio,0
5368,680,11639672,11639676,6,0x07,send_buffer,1
5369,680,11639682,11639686,0,0x01,end_of_chunk,0
5370,681,11639690,11639694,1080,0x0F,set_decoding_map,0
5371,681,11640774,11640778,2952,0x08,audio_frame,0
5372,681,11643730,11643734,6,0x09,silence_frame,0
5373,681,11643740,11643744,14,0x11,video_data_11,3
5374,681,11643758,11643762,132,0x13,documented_unknown_13,0
5375,681,11643894,11643898,0,0x04,start_stop_audio,0
5376,681,11643898,11643902,6,0x07,send_buffer,1
5377,681,11643908,11643912,0,0x01,end_of_chunk,0
5378,682,11643916,11643920,1080,0x0F,set_decoding_map,0
5379,682,11645000,11645004,2952,0x08,audio_frame,0
5380,682,11647956,11647960,6,0x09,silence_frame,0
5381,682,11647966,11647970,14,0x11,video_data_11,3
5382,682,11647984,11647988,132,0x13,documented_unknown_13,0
5383,682,11648120,11648124,0,0x04,start_stop_audio,0
5384,682,11648124,11648128,6,0x07,send_buffer,1
5385,682,11648134,11648138,0,0x01,end_of_chunk,0
5386,683,11648142,11648146,1080,0x0F,set_decoding_map,0
5387,683,11649226,11649230,2952,0x08,audio_frame,0
5388,683,11652182,11652186,6,0x09,silence_frame,0
5389,683,11652192,11652196,14,0x11,video_data_11,3
5390,683,11652210,11652214,132,0x13,documented_unknown_13,0
5391,683,11652346,11652350,0,0x04,start_stop_audio,0
5392,683,11652350,11652354,6,0x07,send_buffer,1
5393,683,11652360,11652364,0,0x01,end_of_chunk,0
5394,684,11652368,11652372,1080,0x0F,set_decoding_map,0
5395,684,11653452,11653456,2952,0x08,audio_frame,0
5396,684,11656408,11656412,6,0x09,silence_frame,0
5397,684,11656418,11656422,14,0x11,video_data_11,3
5398,684,11656436,11656440,132,0x13,documented_unknown_13,0
5399,684,11656572,11656576,0,0x04,start_stop_audio,0
5400,684,11656576,11656580,6,0x07,send_buffer,1
5401,684,11656586,11656590,0,0x01,end_of_chunk,0
5402,685,11656594,11656598,1080,0x0F,set_decoding_map,0
5403,685,11657678,11657682,2952,0x08,audio_frame,0
5404,685,11660634,11660638,6,0x09,silence_frame,0
5405,685,11660644,11660648,14,0x11,video_data_11,3
5406,685,11660662,11660666,132,0x13,documented_unknown_13,0
5407,685,11660798,11660802,0,0x04,start_stop_audio,0
5408,685,11660802,11660806,6,0x07,send_buffer,1
5409,685,11660812,11660816,0,0x01,end_of_chunk,0
5410,686,11660820,11660824,1080,0x0F,set_decoding_map,0
5411,686,11661904,11661908,2952,0x08,audio_frame,0
5412,686,11664860,11664864,6,0x09,silence_frame,0
5413,686,11664870,11664874,14,0x11,video_data_11,3
5414,686,11664888,11664892,132,0x13,documented_unknown_13,0
5415,686,11665024,11665028,0,0x04,start_stop_audio,0
5416,686,11665028,11665032,6,0x07,send_buffer,1
5417,686,11665038,11665042,0,0x01,end_of_chunk,0
5418,687,11665046,11665050,1080,0x0F,set_decoding_map,0
5419,687,11666130,11666134,2952,0x08,audio_frame,0
5420,687,11669086,11669090,6,0x09,silence_frame,0
5421,687,11669096,11669100,14,0x11,video_data_11,3
5422,687,11669114,11669118,132,0x13,documented_unknown_13,0
5423,687,11669250,11669254,0,0x04,start_stop_audio,0
5424,687,11669254,11669258,6,0x07,send_buffer,1
5425,687,11669264,11669268,0,0x01,end_of_chunk,0
5426,688,11669272,11669276,1080,0x0F,set_decoding_map,0
5427,688,11670356,11670360,2952,0x08,audio_frame,0
5428,688,11673312,11673316,6,0x09,silence_frame,0
5429,688,11673322,11673326,14,0x11,video_data_11,3
5430,688,11673340,11673344,132,0x13,documented_unknown_13,0
5431,688,11673476,11673480,0,0x04,start_stop_audio,0
5432,688,11673480,11673484,6,0x07,send_buffer,1
5433,688,11673490,11673494,0,0x01,end_of_chunk,0
5434,689,11673498,11673502,1080,0x0F,set_decoding_map,0
5435,689,11674582,11674586,2952,0x08,audio_frame,0
5436,689,11677538,11677542,6,0x09,silence_frame,0
5437,689,11677548,11677552,14,0x11,video_data_11,3
5438,689,11677566,11677570,132,0x13,documented_unknown_13,0
5439,689,11677702,11677706,0,0x04,start_stop_audio,0
5440,689,11677706,11677710,6,0x07,send_buffer,1
5441,689,11677716,11677720,0,0x01,end_of_chunk,0
5442,690,11677724,11677728,1080,0x0F,set_decoding_map,0
5443,690,11678808,11678812,2952,0x08,audio_frame,0
5444,690,11681764,11681768,6,0x09,silence_frame,0
5445,690,11681774,11681778,14,0x11,video_data_11,3
5446,690,11681792,11681796,132,0x13,documented_unknown_13,0
5447,690,11681928,11681932,0,0x04,start_stop_audio,0
5448,690,11681932,11681936,6,0x07,send_buffer,1
5449,690,11681942,11681946,0,0x01,end_of_chunk,0
5450,691,11681950,11681954,1080,0x0F,set_decoding_map,0
5451,691,11683034,11683038,2952,0x08,audio_frame,0
5452,691,11685990,11685994,6,0x09,silence_frame,0
5453,691,11686000,11686004,14,0x11,video_data_11,3
5454,691,11686018,11686022,132,0x13,documented_unknown_13,0
5455,691,11686154,11686158,0,0x04,start_stop_audio,0
5456,691,11686158,11686162,6,0x07,send_buffer,1
5457,691,11686168,11686172,0,0x01,end_of_chunk,0
5458,692,11686176,11686180,1080,0x0F,set_decoding_map,0
5459,692,11687260,11687264,2932,0x08,audio_frame,0
5460,692,11690196,11690200,6,0x09,silence_frame,0
5461,692,11690206,11690210,14,0x11,video_data_11,3
5462,692,11690224,11690228,132,0x13,documented_unknown_13,0
5463,692,11690360,11690364,0,0x04,start_stop_audio,0
5464,692,11690364,11690368,6,0x07,send_buffer,1
5465,692,11690374,11690378,0,0x01,end_of_chunk,0
5466,693,11690382,11690386,1080,0x0F,set_decoding_map,0
5467,693,11691466,11691470,2952,0x08,audio_frame,0
5468,693,11694422,11694426,6,0x09,silence_frame,0
5469,693,11694432,11694436,14,0x11,video_data_11,3
5470,693,11694450,11694454,132,0x13,documented_unknown_13,0
5471,693,11694586,11694590,0,0x04,start_stop_audio,0
5472,693,11694590,11694594,6,0x07,send_buffer,1
5473,693,11694600,11694604,0,0x01,end_of_chunk,0
5474,694,11694608,11694612,1080,0x0F,set_decoding_map,0
5475,694,11695692,11695696,2952,0x08,audio_frame,0
5476,694,11698648,11698652,6,0x09,silence_frame,0
5477,694,11698658,11698662,14,0x11,video_data_11,3
5478,694,11698676,11698680,132,0x13,documented_unknown_13,0
5479,694,11698812,11698816,0,0x04,start_stop_audio,0
5480,694,11698816,11698820,6,0x07,send_buffer,1
5481,694,11698826,11698830,0,0x01,end_of_chunk,0
5482,695,11698834,11698838,1080,0x0F,set_decoding_map,0
5483,695,11699918,11699922,2952,0x08,audio_frame,0
5484,695,11702874,11702878,6,0x09,silence_frame,0
5485,695,11702884,11702888,14,0x11,video_data_11,3
5486,695,11702902,11702906,132,0x13,documented_unknown_13,0
5487,695,11703038,11703042,0,0x04,start_stop_audio,0
5488,695,11703042,11703046,6,0x07,send_buffer,1
5489,695,11703052,11703056,0,0x01,end_of_chunk,0
5490,696,11703060,11703064,1080,0x0F,set_decoding_map,0
5491,696,11704144,11704148,2952,0x08,audio_frame,0
5492,696,11707100,11707104,6,0x09,silence_frame,0
5493,696,11707110,11707114,14,0x11,video_data_11,3
5494,696,11707128,11707132,132,0x13,documented_unknown_13,0
5495,696,11707264,11707268,0,0x04,start_stop_audio,0
5496,696,11707268,11707272,6,0x07,send_buffer,1
5497,696,11707278,11707282,0,0x01,end_of_chunk,0
5498,697,11707286,11707290,1080,0x0F,set_decoding_map,0
5499,697,11708370,11708374,2952,0x08,audio_frame,0
5500,697,11711326,11711330,6,0x09,silence_frame,0
5501,697,11711336,11711340,14,0x11,video_data_11,3
5502,697,11711354,11711358,132,0x13,documented_unknown_13,0
5503,697,11711490,11711494,0,0x04,start_stop_audio,0
5504,697,11711494,11711498,6,0x07,send_buffer,1
5505,697,11711504,11711508,0,0x01,end_of_chunk,0
5506,698,11711512,11711516,1080,0x0F,set_decoding_map,0
5507,698,11712596,11712600,2952,0x08,audio_frame,0
5508,698,11715552,11715556,6,0x09,silence_frame,0
5509,698,11715562,11715566,14,0x11,video_data_11,3
5510,698,11715580,11715584,132,0x13,documented_unknown_13,0
5511,698,11715716,11715720,0,0x04,start_stop_audio,0
5512,698,11715720,11715724,6,0x07,send_buffer,1
5513,698,11715730,11715734,0,0x01,end_of_chunk,0
5514,699,11715738,11715742,1080,0x0F,set_decoding_map,0
5515,699,11716822,11716826,2952,0x08,audio_frame,0
5516,699,11719778,11719782,6,0x09,silence_frame,0
5517,699,11719788,11719792,14,0x11,video_data_11,3
5518,699,11719806,11719810,132,0x13,documented_unknown_13,0
5519,699,11719942,11719946,0,0x04,start_stop_audio,0
5520,699,11719946,11719950,6,0x07,send_buffer,1
5521,699,11719956,11719960,0,0x01,end_of_chunk,0
5522,700,11719964,11719968,1080,0x0F,set_decoding_map,0
5523,700,11721048,11721052,2952,0x08,audio_frame,0
5524,700,11724004,11724008,6,0x09,silence_frame,0
5525,700,11724014,11724018,14,0x11,video_data_11,3
5526,700,11724032,11724036,132,0x13,documented_unknown_13,0
5527,700,11724168,11724172,0,0x04,start_stop_audio,0
5528,700,11724172,11724176,6,0x07,send_buffer,1
5529,700,11724182,11724186,0,0x01,end_of_chunk,0
5530,701,11724190,11724194,1080,0x0F,set_decoding_map,0
5531,701,11725274,11725278,2952,0x08,audio_frame,0
5532,701,11728230,11728234,6,0x09,silence_frame,0
5533,701,11728240,11728244,14,0x11,video_data_11,3
5534,701,11728258,11728262,132,0x13,documented_unknown_13,0
5535,701,11728394,11728398,0,0x04,start_stop_audio,0
5536,701,11728398,11728402,6,0x07,send_buffer,1
5537,701,11728408,11728412,0,0x01,end_of_chunk,0
5538,702,11728416,11728420,1080,0x0F,set_decoding_map,0
5539,702,11729500,11729504,2952,0x08,audio_frame,0
5540,702,11732456,11732460,6,0x09,silence_frame,0
5541,702,11732466,11732470,14,0x11,video_data_11,3
5542,702,11732484,11732488,132,0x13,documented_unknown_13,0
5543,702,11732620,11732624,0,0x04,start_stop_audio,0
5544,702,11732624,11732628,6,0x07,send_buffer,1
5545,702,11732634,11732638,0,0x01,end_of_chunk,0
5546,703,11732642,11732646,1080,0x0F,set_decoding_map,0
5547,703,11733726,11733730,2952,0x08,audio_frame,0
5548,703,11736682,11736686,6,0x09,silence_frame,0
5549,703,11736692,11736696,14,0x11,video_data_11,3
5550,703,11736710,11736714,132,0x13,documented_unknown_13,0
5551,703,11736846,11736850,0,0x04,start_stop_audio,0
5552,703,11736850,11736854,6,0x07,send_buffer,1
5553,703,11736860,11736864,0,0x01,end_of_chunk,0
5554,704,11736868,11736872,1080,0x0F,set_decoding_map,0
5555,704,11737952,11737956,2952,0x08,audio_frame,0
5556,704,11740908,11740912,6,0x09,silence_frame,0
5557,704,11740918,11740922,14,0x11,video_data_11,3
5558,704,11740936,11740940,132,0x13,documented_unknown_13,0
5559,704,11741072,11741076,0,0x04,start_stop_audio,0
5560,704,11741076,11741080,6,0x07,send_buffer,1
5561,704,11741086,11741090,0,0x01,end_of_chunk,0
5562,705,11741094,11741098,1080,0x0F,set_decoding_map,0
5563,705,11742178,11742182,2952,0x08,audio_frame,0
5564,705,11745134,11745138,6,0x09,silence_frame,0
5565,705,11745144,11745148,14,0x11,video_data_11,3
5566,705,11745162,11745166,132,0x13,documented_unknown_13,0
5567,705,11745298,11745302,0,0x04,start_stop_audio,0
5568,705,11745302,11745306,6,0x07,send_buffer,1
5569,705,11745312,11745316,0,0x01,end_of_chunk,0
5570,706,11745320,11745324,1080,0x0F,set_decoding_map,0
5571,706,11746404,11746408,2952,0x08,audio_frame,0
5572,706,11749360,11749364,6,0x09,silence_frame,0
5573,706,11749370,11749374,14,0x11,video_data_11,3
5574,706,11749388,11749392,132,0x13,documented_unknown_13,0
5575,706,11749524,11749528,0,0x04,start_stop_audio,0
5576,706,11749528,11749532,6,0x07,send_buffer,1
5577,706,11749538,11749542,0,0x01,end_of_chunk,0
5578,707,11749546,11749550,1080,0x0F,set_decoding_map,0
5579,707,11750630,11750634,2932,0x08,audio_frame,0
5580,707,11753566,11753570,6,0x09,silence_frame,0
5581,707,11753576,11753580,14,0x11,video_data_11,3
5582,707,11753594,11753598,132,0x13,documented_unknown_13,0
5583,707,11753730,11753734,0,0x04,start_stop_audio,0
5584,707,11753734,11753738,6,0x07,send_buffer,1
5585,707,11753744,11753748,0,0x01,end_of_chunk,0
5586,708,11753752,11753756,1080,0x0F,set_decoding_map,0
5587,708,11754836,11754840,2952,0x08,audio_frame,0
5588,708,11757792,11757796,6,0x09,silence_frame,0
5589,708,11757802,11757806,14,0x11,video_data_11,3
5590,708,11757820,11757824,132,0x13,documented_unknown_13,0
5591,708,11757956,11757960,0,0x04,start_stop_audio,0
5592,708,11757960,11757964,6,0x07,send_buffer,1
5593,708,11757970,11757974,0,0x01,end_of_chunk,0
5594,709,11757978,11757982,1080,0x0F,set_decoding_map,0
5595,709,11759062,11759066,2952,0x08,audio_frame,0
5596,709,11762018,11762022,6,0x09,silence_frame,0
5597,709,11762028,11762032,14,0x11,video_data_11,3
5598,709,11762046,11762050,132,0x13,documented_unknown_13,0
5599,709,11762182,11762186,0,0x04,start_stop_audio,0
5600,709,11762186,11762190,6,0x07,send_buffer,1
5601,709,11762196,11762200,0,0x01,end_of_chunk,0
5602,710,11762204,11762208,1080,0x0F,set_decoding_map,0
5603,710,11763288,11763292,2952,0x08,audio_frame,0
5604,710,11766244,11766248,6,0x09,silence_frame,0
5605,710,11766254,11766258,14,0x11,video_data_11,3
5606,710,11766272,11766276,132,0x13,documented_unknown_13,0
5607,710,11766408,11766412,0,0x04,start_stop_audio,0
5608,710,11766412,11766416,6,0x07,send_buffer,1
5609,710,11766422,11766426,0,0x01,end_of_chunk,0
5610,711,11766430,11766434,1080,0x0F,set_decoding_map,0
5611,711,11767514,11767518,2952,0x08,audio_frame,0
5612,711,11770470,11770474,6,0x09,silence_frame,0
5613,711,11770480,11770484,14,0x11,video_data_11,3
5614,711,11770498,11770502,132,0x13,documented_unknown_13,0
5615,711,11770634,11770638,0,0x04,start_stop_audio,0
5616,711,11770638,11770642,6,0x07,send_buffer,1
5617,711,11770648,11770652,0,0x01,end_of_chunk,0
5618,712,11770656,11770660,1080,0x0F,set_decoding_map,0
5619,712,11771740,11771744,2952,0x08,audio_frame,0
5620,712,11774696,11774700,6,0x09,silence_frame,0
5621,712,11774706,11774710,14,0x11,video_data_11,3
5622,712,11774724,11774728,132,0x13,documented_unknown_13,0
5623,712,11774860,11774864,0,0x04,start_stop_audio,0
5624,712,11774864,11774868,6,0x07,send_buffer,1
5625,712,11774874,11774878,0,0x01,end_of_chunk,0
5626,713,11774882,11774886,1080,0x0F,set_decoding_map,0
5627,713,11775966,11775970,2952,0x08,audio_frame,0
5628,713,11778922,11778926,6,0x09,silence_frame,0
5629,713,11778932,11778936,14,0x11,video_data_11,3
5630,713,11778950,11778954,132,0x13,documented_unknown_13,0
5631,713,11779086,11779090,0,0x04,start_stop_audio,0
5632,713,11779090,11779094,6,0x07,send_buffer,1
5633,713,11779100,11779104,0,0x01,end_of_chunk,0
5634,714,11779108,11779112,1080,0x0F,set_decoding_map,0
5635,714,11780192,11780196,2952,0x08,audio_frame,0
5636,714,11783148,11783152,6,0x09,silence_frame,0
5637,714,11783158,11783162,14,0x11,video_data_11,3
5638,714,11783176,11783180,132,0x13,documented_unknown_13,0
5639,714,11783312,11783316,0,0x04,start_stop_audio,0
5640,714,11783316,11783320,6,0x07,send_buffer,1
5641,714,11783326,11783330,0,0x01,end_of_chunk,0
5642,715,11783334,11783338,1080,0x0F,set_decoding_map,0
5643,715,11784418,11784422,2952,0x08,audio_frame,0
5644,715,11787374,11787378,6,0x09,silence_frame,0
5645,715,11787384,11787388,14,0x11,video_data_11,3
5646,715,11787402,11787406,132,0x13,documented_unknown_13,0
5647,715,11787538,11787542,0,0x04,start_stop_audio,0
5648,715,11787542,11787546,6,0x07,send_buffer,1
5649,715,11787552,11787556,0,0x01,end_of_chunk,0
5650,716,11787560,11787564,1080,0x0F,set_decoding_map,0
5651,716,11788644,11788648,2952,0x08,audio_frame,0
5652,716,11791600,11791604,6,0x09,silence_frame,0
5653,716,11791610,11791614,14,0x11,video_data_11,3
5654,716,11791628,11791632,132,0x13,documented_unknown_13,0
5655,716,11791764,11791768,0,0x04,start_stop_audio,0
5656,716,11791768,11791772,6,0x07,send_buffer,1
5657,716,11791778,11791782,0,0x01,end_of_chunk,0
5658,717,11791786,11791790,1080,0x0F,set_decoding_map,0
5659,717,11792870,11792874,2952,0x08,audio_frame,0
5660,717,11795826,11795830,6,0x09,silence_frame,0
5661,717,11795836,11795840,14,0x11,video_data_11,3
5662,717,11795854,11795858,132,0x13,documented_unknown_13,0
5663,717,11795990,11795994,0,0x04,start_stop_audio,0
5664,717,11795994,11795998,6,0x07,send_buffer,1
5665,717,11796004,11796008,0,0x01,end_of_chunk,0
5666,718,11796012,11796016,1080,0x0F,set_decoding_map,0
5667,718,11797096,11797100,2952,0x08,audio_frame,0
5668,718,11800052,11800056,6,0x09,silence_frame,0
5669,718,11800062,11800066,14,0x11,video_data_11,3
5670,718,11800080,11800084,132,0x13,documented_unknown_13,0
5671,718,11800216,11800220,0,0x04,start_stop_audio,0
5672,718,11800220,11800224,6,0x07,send_buffer,1
5673,718,11800230,11800234,0,0x01,end_of_chunk,0
5674,719,11800238,11800242,1080,0x0F,set_decoding_map,0
5675,719,11801322,11801326,2952,0x08,audio_frame,0
5676,719,11804278,11804282,6,0x09,silence_frame,0
5677,719,11804288,11804292,14,0x11,video_data_11,3
5678,719,11804306,11804310,132,0x13,documented_unknown_13,0
5679,719,11804442,11804446,0,0x04,start_stop_audio,0
5680,719,11804446,11804450,6,0x07,send_buffer,1
5681,719,11804456,11804460,0,0x01,end_of_chunk,0
5682,720,11804464,11804468,1080,0x0F,set_decoding_map,0
5683,720,11805548,11805552,2952,0x08,audio_frame,0
5684,720,11808504,11808508,6,0x09,silence_frame,0
5685,720,11808514,11808518,14,0x11,video_data_11,3
5686,720,11808532,11808536,132,0x13,documented_unknown_13,0
5687,720,11808668,11808672,0,0x04,start_stop_audio,0
5688,720,11808672,11808676,6,0x07,send_buffer,1
5689,720,11808682,11808686,0,0x01,end_of_chunk,0
5690,721,11808690,11808694,1080,0x0F,set_decoding_map,0
5691,721,11809774,11809778,2952,0x08,audio_frame,0
5692,721,11812730,11812734,6,0x09,silence_frame,0
5693,721,11812740,11812744,14,0x11,video_data_11,3
5694,721,11812758,11812762,132,0x13,documented_unknown_13,0
5695,721,11812894,11812898,0,0x04,start_stop_audio,0
5696,721,11812898,11812902,6,0x07,send_buffer,1
5697,721,11812908,11812912,0,0x01,end_of_chunk,0
5698,722,11812916,11812920,1080,0x0F,set_decoding_map,0
5699,722,11814000,11814004,2932,0x08,audio_frame,0
5700,722,11816936,11816940,6,0x09,silence_frame,0
5701,722,11816946,11816950,14,0x11,video_data_11,3
5702,722,11816964,11816968,132,0x13,documented_unknown_13,0
5703,722,11817100,11817104,0,0x04,start_stop_audio,0
5704,722,11817104,11817108,6,0x07,send_buffer,1
5705,722,11817114,11817118,0,0x01,end_of_chunk,0
5706,723,11817122,11817126,1080,0x0F,set_decoding_map,0
5707,723,11818206,11818210,2952,0x08,audio_frame,0
5708,723,11821162,11821166,6,0x09,silence_frame,0
5709,723,11821172,11821176,14,0x11,video_data_11,3
5710,723,11821190,11821194,132,0x13,documented_unknown_13,0
5711,723,11821326,11821330,0,0x04,start_stop_audio,0
5712,723,11821330,11821334,6,0x07,send_buffer,1
5713,723,11821340,11821344,0,0x01,end_of_chunk,0
5714,724,11821348,11821352,1080,0x0F,set_decoding_map,0
5715,724,11822432,11822436,2952,0x08,audio_frame,0
5716,724,11825388,11825392,6,0x09,silence_frame,0
5717,724,11825398,11825402,14,0x11,video_data_11,3
5718,724,11825416,11825420,132,0x13,documented_unknown_13,0
5719,724,11825552,11825556,0,0x04,start_stop_audio,0
5720,724,11825556,11825560,6,0x07,send_buffer,1
5721,724,11825566,11825570,0,0x01,end_of_chunk,0
5722,725,11825574,11825578,1080,0x0F,set_decoding_map,0
5723,725,11826658,11826662,2952,0x08,audio_frame,0
5724,725,11829614,11829618,6,0x09,silence_frame,0
5725,725,11829624,11829628,14,0x11,video_data_11,3
5726,725,11829642,11829646,132,0x13,documented_unknown_13,0
5727,725,11829778,11829782,0,0x04,start_stop_audio,0
5728,725,11829782,11829786,6,0x07,send_buffer,1
5729,725,11829792,11829796,0,0x01,end_of_chunk,0
5730,726,11829800,11829804,1080,0x0F,set_decoding_map,0
5731,726,11830884,11830888,2952,0x08,audio_frame,0
5732,726,11833840,11833844,6,0x09,silence_frame,0
5733,726,11833850,11833854,14,0x11,video_data_11,3
5734,726,11833868,11833872,132,0x13,documented_unknown_13,0
5735,726,11834004,11834008,0,0x04,start_stop_audio,0
5736,726,11834008,11834012,6,0x07,send_buffer,1
5737,726,11834018,11834022,0,0x01,end_of_chunk,0
5738,727,11834026,11834030,1080,0x0F,set_decoding_map,0
5739,727,11835110,11835114,2952,0x08,audio_frame,0
5740,727,11838066,11838070,6,0x09,silence_frame,0
5741,727,11838076,11838080,14,0x11,video_data_11,3
5742,727,11838094,11838098,132,0x13,documented_unknown_13,0
5743,727,11838230,11838234,0,0x04,start_stop_audio,0
5744,727,11838234,11838238,6,0x07,send_buffer,1
5745,727,11838244,11838248,0,0x01,end_of_chunk,0
5746,728,11838252,11838256,1080,0x0F,set_decoding_map,0
5747,728,11839336,11839340,2952,0x08,audio_frame,0
5748,728,11842292,11842296,6,0x09,silence_frame,0
5749,728,11842302,11842306,14,0x11,video_data_11,3
5750,728,11842320,11842324,132,0x13,documented_unknown_13,0
5751,728,11842456,11842460,0,0x04,start_stop_audio,0
5752,728,11842460,11842464,6,0x07,send_buffer,1
5753,728,11842470,11842474,0,0x01,end_of_chunk,0
5754,729,11842478,11842482,1080,0x0F,set_decoding_map,0
5755,729,11843562,11843566,2952,0x08,audio_frame,0
5756,729,11846518,11846522,6,0x09,silence_frame,0
5757,729,11846528,11846532,14,0x11,video_data_11,3
5758,729,11846546,11846550,132,0x13,documented_unknown_13,0
5759,729,11846682,11846686,0,0x04,start_stop_audio,0
5760,729,11846686,11846690,6,0x07,send_buffer,1
5761,729,11846696,11846700,0,0x01,end_of_chunk,0
5762,730,11846704,11846708,1080,0x0F,set_decoding_map,0
5763,730,11847788,11847792,2952,0x08,audio_frame,0
5764,730,11850744,11850748,6,0x09,silence_frame,0
5765,730,11850754,11850758,14,0x11,video_data_11,3
5766,730,11850772,11850776,132,0x13,documented_unknown_13,0
5767,730,11850908,11850912,0,0x04,start_stop_audio,0
5768,730,11850912,11850916,6,0x07,send_buffer,1
5769,730,11850922,11850926,0,0x01,end_of_chunk,0
5770,731,11850930,11850934,1080,0x0F,set_decoding_map,0
5771,731,11852014,11852018,2952,0x08,audio_frame,0
5772,731,11854970,11854974,6,0x09,silence_frame,0
5773,731,11854980,11854984,14,0x11,video_data_11,3
5774,731,11854998,11855002,132,0x13,documented_unknown_13,0
5775,731,11855134,11855138,0,0x04,start_stop_audio,0
5776,731,11855138,11855142,6,0x07,send_buffer,1
5777,731,11855148,11855152,0,0x01,end_of_chunk,0
5778,732,11855156,11855160,1080,0x0F,set_decoding_map,0
5779,732,11856240,11856244,2952,0x08,audio_frame,0
5780,732,11859196,11859200,6,0x09,silence_frame,0
5781,732,11859206,11859210,14,0x11,video_data_11,3
5782,732,11859224,11859228,132,0x13,documented_unknown_13,0
5783,732,11859360,11859364,0,0x04,start_stop_audio,0
5784,732,11859364,11859368,6,0x07,send_buffer,1
5785,732,11859374,11859378,0,0x01,end_of_chunk,0
5786,733,11859382,11859386,1080,0x0F,set_decoding_map,0
5787,733,11860466,11860470,2952,0x08,audio_frame,0
5788,733,11863422,11863426,6,0x09,silence_frame,0
5789,733,11863432,11863436,14,0x11,video_data_11,3
5790,733,11863450,11863454,132,0x13,documented_unknown_13,0
5791,733,11863586,11863590,0,0x04,start_stop_audio,0
5792,733,11863590,11863594,6,0x07,send_buffer,1
5793,733,11863600,11863604,0,0x01,end_of_chunk,0
5794,734,11863608,11863612,1080,0x0F,set_decoding_map,0
5795,734,11864692,11864696,2952,0x08,audio_frame,0
5796,734,11867648,11867652,6,0x09,silence_frame,0
5797,734,11867658,11867662,14,0x11,video_data_11,3
5798,734,11867676,11867680,132,0x13,documented_unknown_13,0
5799,734,11867812,11867816,0,0x04,start_stop_audio,0
5800,734,11867816,11867820,6,0x07,send_buffer,1
5801,734,11867826,11867830,0,0x01,end_of_chunk,0
5802,735,11867834,11867838,1080,0x0F,set_decoding_map,0
5803,735,11868918,11868922,2952,0x08,audio_frame,0
5804,735,11871874,11871878,6,0x09,silence_frame,0
5805,735,11871884,11871888,14,0x11,video_data_11,3
5806,735,11871902,11871906,132,0x13,documented_unknown_13,0
5807,735,11872038,11872042,0,0x04,start_stop_audio,0
5808,735,11872042,11872046,6,0x07,send_buffer,1
5809,735,11872052,11872056,0,0x01,end_of_chunk,0
5810,736,11872060,11872064,1080,0x0F,set_decoding_map,0
5811,736,11873144,11873148,2952,0x08,audio_frame,0
5812,736,11876100,11876104,6,0x09,silence_frame,0
5813,736,11876110,11876114,14,0x11,video_data_11,3
5814,736,11876128,11876132,132,0x13,documented_unknown_13,0
5815,736,11876264,11876268,0,0x04,start_stop_audio,0
5816,736,11876268,11876272,6,0x07,send_buffer,1
5817,736,11876278,11876282,0,0x01,end_of_chunk,0
5818,737,11876286,11876290,1080,0x0F,set_decoding_map,0
5819,737,11877370,11877374,2932,0x08,audio_frame,0
5820,737,11880306,11880310,6,0x09,silence_frame,0
5821,737,11880316,11880320,14,0x11,video_data_11,3
5822,737,11880334,11880338,132,0x13,documented_unknown_13,0
5823,737,11880470,11880474,0,0x04,start_stop_audio,0
5824,737,11880474,11880478,6,0x07,send_buffer,1
5825,737,11880484,11880488,0,0x01,end_of_chunk,0
5826,738,11880492,11880496,1080,0x0F,set_decoding_map,0
5827,738,11881576,11881580,2952,0x08,audio_frame,0
5828,738,11884532,11884536,6,0x09,silence_frame,0
5829,738,11884542,11884546,14,0x11,video_data_11,3
5830,738,11884560,11884564,132,0x13,documented_unknown_13,0
5831,738,11884696,11884700,0,0x04,start_stop_audio,0
5832,738,11884700,11884704,6,0x07,send_buffer,1
5833,738,11884710,11884714,0,0x01,end_of_chunk,0
5834,739,11884718,11884722,1080,0x0F,set_decoding_map,0
5835,739,11885802,11885806,2952,0x08,audio_frame,0
5836,739,11888758,11888762,6,0x09,silence_frame,0
5837,739,11888768,11888772,14,0x11,video_data_11,3
5838,739,11888786,11888790,132,0x13,documented_unknown_13,0
5839,739,11888922,11888926,0,0x04,start_stop_audio,0
5840,739,11888926,11888930,6,0x07,send_buffer,1
5841,739,11888936,11888940,0,0x01,end_of_chunk,0
5842,740,11888944,11888948,1080,0x0F,set_decoding_map,0
5843,740,11890028,11890032,2952,0x08,audio_frame,0
5844,740,11892984,11892988,6,0x09,silence_frame,0
5845,740,11892994,11892998,14,0x11,video_data_11,3
5846,740,11893012,11893016,132,0x13,documented_unknown_13,0
5847,740,11893148,11893152,0,0x04,start_stop_audio,0
5848,740,11893152,11893156,6,0x07,send_buffer,1
5849,740,11893162,11893166,0,0x01,end_of_chunk,0
5850,741,11893170,11893174,1080,0x0F,set_decoding_map,0
5851,741,11894254,11894258,2952,0x08,audio_frame,0
5852,741,11897210,11897214,6,0x09,silence_frame,0
5853,741,11897220,11897224,14,0x11,video_data_11,3
5854,741,11897238,11897242,132,0x13,documented_unknown_13,0
5855,741,11897374,11897378,0,0x04,start_stop_audio,0
5856,741,11897378,11897382,6,0x07,send_buffer,1
5857,741,11897388,11897392,0,0x01,end_of_chunk,0
5858,742,11897396,11897400,1080,0x0F,set_decoding_map,0
5859,742,11898480,11898484,2952,0x08,audio_frame,0
5860,742,11901436,11901440,6,0x09,silence_frame,0
5861,742,11901446,11901450,14,0x11,video_data_11,3
5862,742,11901464,11901468,132,0x13,documented_unknown_13,0
5863,742,11901600,11901604,0,0x04,start_stop_audio,0
5864,742,11901604,11901608,6,0x07,send_buffer,1
5865,742,11901614,11901618,0,0x01,end_of_chunk,0
5866,743,11901622,11901626,1080,0x0F,set_decoding_map,0
5867,743,11902706,11902710,2952,0x08,audio_frame,0
5868,743,11905662,11905666,6,0x09,silence_frame,0
5869,743,11905672,11905676,14,0x11,video_data_11,3
5870,743,11905690,11905694,132,0x13,documented_unknown_13,0
5871,743,11905826,11905830,0,0x04,start_stop_audio,0
5872,743,11905830,11905834,6,0x07,send_buffer,1
5873,743,11905840,11905844,0,0x01,end_of_chunk,0
5874,744,11905848,11905852,1080,0x0F,set_decoding_map,0
5875,744,11906932,11906936,2952,0x08,audio_frame,0
5876,744,11909888,11909892,6,0x09,silence_frame,0
5877,744,11909898,11909902,14,0x11,video_data_11,3
5878,744,11909916,11909920,132,0x13,documented_unknown_13,0
5879,744,11910052,11910056,0,0x04,start_stop_audio,0
5880,744,11910056,11910060,6,0x07,send_buffer,1
5881,744,11910066,11910070,0,0x01,end_of_chunk,0
5882,745,11910074,11910078,1080,0x0F,set_decoding_map,0
5883,745,11911158,11911162,2952,0x08,audio_frame,0
5884,745,11914114,11914118,6,0x09,silence_frame,0
5885,745,11914124,11914128,14,0x11,video_data_11,3
5886,745,11914142,11914146,132,0x13,documented_unknown_13,0
5887,745,11914278,11914282,0,0x04,start_stop_audio,0
5888,745,11914282,11914286,6,0x07,send_buffer,1
5889,745,11914292,11914296,0,0x01,end_of_chunk,0
5890,746,11914300,11914304,1080,0x0F,set_decoding_map,0
5891,746,11915384,11915388,2952,0x08,audio_frame,0
5892,746,11918340,11918344,6,0x09,silence_frame,0
5893,746,11918350,11918354,14,0x11,video_data_11,3
5894,746,11918368,11918372,132,0x13,documented_unknown_13,0
5895,746,11918504,11918508,0,0x04,start_stop_audio,0
5896,746,11918508,11918512,6,0x07,send_buffer,1
5897,746,11918518,11918522,0,0x01,end_of_chunk,0
5898,747,11918526,11918530,1080,0x0F,set_decoding_map,0
5899,747,11919610,11919614,2952,0x08,audio_frame,0
5900,747,11922566,11922570,6,0x09,silence_frame,0
5901,747,11922576,11922580,14,0x11,video_data_11,3
5902,747,11922594,11922598,132,0x13,documented_unknown_13,0
5903,747,11922730,11922734,0,0x04,start_stop_audio,0
5904,747,11922734,11922738,6,0x07,send_buffer,1
5905,747,11922744,11922748,0,0x01,end_of_chunk,0
5906,748,11922752,11922756,1080,0x0F,set_decoding_map,0
5907,748,11923836,11923840,2952,0x08,audio_frame,0
5908,748,11926792,11926796,6,0x09,silence_frame,0
5909,748,11926802,11926806,14,0x11,video_data_11,3
5910,748,11926820,11926824,132,0x13,documented_unknown_13,0
5911,748,11926956,11926960,0,0x04,start_stop_audio,0
5912,748,11926960,11926964,6,0x07,send_buffer,1
5913,748,11926970,11926974,0,0x01,end_of_chunk,0
5914,749,11926978,11926982,1080,0x0F,set_decoding_map,0
5915,749,11928062,11928066,2952,0x08,audio_frame,0
5916,749,11931018,11931022,6,0x09,silence_frame,0
5917,749,11931028,11931032,14,0x11,video_data_11,3
5918,749,11931046,11931050,132,0x13,documented_unknown_13,0
5919,749,11931182,11931186,0,0x04,start_stop_audio,0
5920,749,11931186,11931190,6,0x07,send_buffer,1
5921,749,11931196,11931200,0,0x01,end_of_chunk,0
5922,750,11931204,11931208,1080,0x0F,set_decoding_map,0
5923,750,11932288,11932292,2952,0x08,audio_frame,0
5924,750,11935244,11935248,6,0x09,silence_frame,0
5925,750,11935254,11935258,14022,0x11,video_data_11,3
5926,750,11949280,11949284,132,0x13,documented_unknown_13,0
5927,750,11949416,11949420,0,0x04,start_stop_audio,0
5928,750,11949420,11949424,6,0x07,send_buffer,1
5929,750,11949430,11949434,0,0x01,end_of_chunk,0
5930,751,11949438,11949442,1080,0x0F,set_decoding_map,0
5931,751,11950522,11950526,2952,0x08,audio_frame,0
5932,751,11953478,11953482,6,0x09,silence_frame,0
5933,751,11953488,11953492,14036,0x11,video_data_11,3
5934,751,11967528,11967532,132,0x13,documented_unknown_13,0
5935,751,11967664,11967668,0,0x04,start_stop_audio,0
5936,751,11967668,11967672,6,0x07,send_buffer,1
5937,751,11967678,11967682,0,0x01,end_of_chunk,0
5938,752,11967686,11967690,1080,0x0F,set_decoding_map,0
5939,752,11968770,11968774,2932,0x08,audio_frame,0
5940,752,11971706,11971710,6,0x09,silence_frame,0
5941,752,11971716,11971720,14056,0x11,video_data_11,3
5942,752,11985776,11985780,132,0x13,documented_unknown_13,0
5943,752,11985912,11985916,0,0x04,start_stop_audio,0
5944,752,11985916,11985920,6,0x07,send_buffer,1
5945,752,11985926,11985930,0,0x01,end_of_chunk,0
5946,753,11985934,11985938,1080,0x0F,set_decoding_map,0
5947,753,11987018,11987022,2952,0x08,audio_frame,0
5948,753,11989974,11989978,6,0x09,silence_frame,0
5949,753,11989984,11989988,14040,0x11,video_data_11,3
5950,753,12004028,12004032,132,0x13,documented_unknown_13,0
5951,753,12004164,12004168,0,0x04,start_stop_audio,0
5952,753,12004168,12004172,6,0x07,send_buffer,1
5953,753,12004178,12004182,0,0x01,end_of_chunk,0
5954,754,12004186,12004190,1080,0x0F,set_decoding_map,0
5955,754,12005270,12005274,2952,0x08,audio_frame,0
5956,754,12008226,12008230,6,0x09,silence_frame,0
5957,754,12008236,12008240,14082,0x11,video_data_11,3
5958,754,12022322,12022326,132,0x13,documented_unknown_13,0
5959,754,12022458,12022462,0,0x04,start_stop_audio,0
5960,754,12022462,12022466,6,0x07,send_buffer,1
5961,754,12022472,12022476,0,0x01,end_of_chunk,0
5962,755,12022480,12022484,1080,0x0F,set_decoding_map,0
5963,755,12023564,12023568,2952,0x08,audio_frame,0
5964,755,12026520,12026524,6,0x09,silence_frame,0
5965,755,12026530,12026534,14022,0x11,video_data_11,3
5966,755,12040556,12040560,132,0x13,documented_unknown_13,0
5967,755,12040692,12040696,0,0x04,start_stop_audio,0
5968,755,12040696,12040700,6,0x07,send_buffer,1
5969,755,12040706,12040710,0,0x01,end_of_chunk,0
5970,756,12040714,12040718,1080,0x0F,set_decoding_map,0
5971,756,12041798,12041802,2952,0x08,audio_frame,0
5972,756,12044754,12044758,6,0x09,silence_frame,0
5973,756,12044764,12044768,3528,0x11,video_data_11,3
5974,756,12048296,12048300,132,0x13,documented_unknown_13,0
5975,756,12048432,12048436,0,0x04,start_stop_audio,0
5976,756,12048436,12048440,6,0x07,send_buffer,1
5977,756,12048446,12048450,0,0x01,end_of_chunk,0
5978,757,12048454,12048458,1080,0x0F,set_decoding_map,0
5979,757,12049538,12049542,2952,0x08,audio_frame,0
5980,757,12052494,12052498,6,0x09,silence_frame,0
5981,757,12052504,12052508,1730,0x11,video_data_11,3
5982,757,12054238,12054242,132,0x13,documented_unknown_13,0
5983,757,12054374,12054378,0,0x04,start_stop_audio,0
5984,757,12054378,12054382,6,0x07,send_buffer,1
5985,757,12054388,12054392,0,0x01,end_of_chunk,0
5986,758,12054396,12054400,1080,0x0F,set_decoding_map,0
5987,758,12055480,12055484,2952,0x08,audio_frame,0
5988,758,12058436,12058440,6,0x09,silence_frame,0
5989,758,12058446,12058450,1666,0x11,video_data_11,3
5990,758,12060116,12060120,132,0x13,documented_unknown_13,0
5991,758,12060252,12060256,0,0x04,start_stop_audio,0
5992,758,12060256,12060260,6,0x07,send_buffer,1
5993,758,12060266,12060270,0,0x01,end_of_chunk,0
5994,759,12060274,12060278,1080,0x0F,set_decoding_map,0
5995,759,12061358,12061362,2952,0x08,audio_frame,0
5996,759,12064314,12064318,6,0x09,silence_frame,0
5997,759,12064324,12064328,1652,0x11,video_data_11,3
5998,759,12065980,12065984,132,0x13,documented_unknown_13,0
5999,759,12066116,12066120,0,0x04,start_stop_audio,0
6000,759,12066120,12066124,6,0x07,send_buffer,1
6001,759,12066130,12066134,0,0x01,end_of_chunk,0
6002,760,12066138,12066142,1080,0x0F,set_decoding_map,0
6003,760,12067222,12067226,2952,0x08,audio_frame,0
6004,760,12070178,12070182,6,0x09,silence_frame,0
6005,760,12070188,12070192,1462,0x11,video_data_11,3
6006,760,12071654,12071658,132,0x13,documented_unknown_13,0
6007,760,12071790,12071794,0,0x04,start_stop_audio,0
6008,760,12071794,12071798,6,0x07,send_buffer,1
6009,760,12071804,12071808,0,0x01,end_of_chunk,0
6010,761,12071812,12071816,1080,0x0F,set_decoding_map,0
6011,761,12072896,12072900,2952,0x08,audio_frame,0
6012,761,12075852,12075856,6,0x09,silence_frame,0
6013,761,12075862,12075866,1450,0x11,video_data_11,3
6014,761,12077316,12077320,132,0x13,documented_unknown_13,0
6015,761,12077452,12077456,0,0x04,start_stop_audio,0
6016,761,12077456,12077460,6,0x07,send_buffer,1
6017,761,12077466,12077470,0,0x01,end_of_chunk,0
6018,762,12077474,12077478,1080,0x0F,set_decoding_map,0
6019,762,12078558,12078562,2952,0x08,audio_frame,0
6020,762,12081514,12081518,6,0x09,silence_frame,0
6021,762,12081524,12081528,1386,0x11,video_data_11,3
6022,762,12082914,12082918,132,0x13,documented_unknown_13,0
6023,762,12083050,12083054,0,0x04,start_stop_audio,0
6024,762,12083054,12083058,6,0x07,send_buffer,1
6025,762,12083064,12083068,0,0x01,end_of_chunk,0
6026,763,12083072,12083076,1080,0x0F,set_decoding_map,0
6027,763,12084156,12084160,2952,0x08,audio_frame,0
6028,763,12087112,12087116,6,0x09,silence_frame,0
6029,763,12087122,12087126,1310,0x11,video_data_11,3
6030,763,12088436,12088440,132,0x13,documented_unknown_13,0
6031,763,12088572,12088576,0,0x04,start_stop_audio,0
6032,763,12088576,12088580,6,0x07,send_buffer,1
6033,763,12088586,12088590,0,0x01,end_of_chunk,0
6034,764,12088594,12088598,1080,0x0F,set_decoding_map,0
6035,764,12089678,12089682,2952,0x08,audio_frame,0
6036,764,12092634,12092638,6,0x09,silence_frame,0
6037,764,12092644,12092648,1118,0x11,video_data_11,3
6038,764,12093766,12093770,132,0x13,documented_unknown_13,0
6039,764,12093902,12093906,0,0x04,start_stop_audio,0
6040,764,12093906,12093910,6,0x07,send_buffer,1
6041,764,12093916,12093920,0,0x01,end_of_chunk,0
6042,765,12093924,12093928,1080,0x0F,set_decoding_map,0
6043,765,12095008,12095012,2952,0x08,audio_frame,0
6044,765,12097964,12097968,6,0x09,silence_frame,0
6045,765,12097974,12097978,1232,0x11,video_data_11,3
6046,765,12099210,12099214,132,0x13,documented_unknown_13,0
6047,765,12099346,12099350,0,0x04,start_stop_audio,0
6048,765,12099350,12099354,6,0x07,send_buffer,1
6049,765,12099360,12099364,0,0x01,end_of_chunk,0
6050,766,12099368,12099372,1080,0x0F,set_decoding_map,0
6051,766,12100452,12100456,2952,0x08,audio_frame,0
6052,766,12103408,12103412,6,0x09,silence_frame,0
6053,766,12103418,12103422,1420,0x11,video_data_11,3
6054,766,12104842,12104846,132,0x13,documented_unknown_13,0
6055,766,12104978,12104982,0,0x04,start_stop_audio,0
6056,766,12104982,12104986,6,0x07,send_buffer,1
6057,766,12104992,12104996,0,0x01,end_of_chunk,0
6058,767,12105000,12105004,1080,0x0F,set_decoding_map,0
6059,767,12106084,12106088,2932,0x08,audio_frame,0
6060,767,12109020,12109024,6,0x09,silence_frame,0
6061,767,12109030,12109034,1408,0x11,video_data_11,3
6062,767,12110442,12110446,132,0x13,documented_unknown_13,0
6063,767,12110578,12110582,0,0x04,start_stop_audio,0
6064,767,12110582,12110586,6,0x07,send_buffer,1
6065,767,12110592,12110596,0,0x01,end_of_chunk,0
6066,768,12110600,12110604,1080,0x0F,set_decoding_map,0
6067,768,12111684,12111688,2952,0x08,audio_frame,0
6068,768,12114640,12114644,6,0x09,silence_frame,0
6069,768,12114650,12114654,1154,0x11,video_data_11,3
6070,768,12115808,12115812,132,0x13,documented_unknown_13,0
6071,768,12115944,12115948,0,0x04,start_stop_audio,0
6072,768,12115948,12115952,6,0x07,send_buffer,1
6073,768,12115958,12115962,0,0x01,end_of_chunk,0
6074,769,12115966,12115970,1080,0x0F,set_decoding_map,0
6075,769,12117050,12117054,2952,0x08,audio_frame,0
6076,769,12120006,12120010,6,0x09,silence_frame,0
6077,769,12120016,12120020,1016,0x11,video_data_11,3
6078,769,12121036,12121040,132,0x13,documented_unknown_13,0
6079,769,12121172,12121176,0,0x04,start_stop_audio,0
6080,769,12121176,12121180,6,0x07,send_buffer,1
6081,769,12121186,12121190,0,0x01,end_of_chunk,0
6082,770,12121194,12121198,1080,0x0F,set_decoding_map,0
6083,770,12122278,12122282,2952,0x08,audio_frame,0
6084,770,12125234,12125238,6,0x09,silence_frame,0
6085,770,12125244,12125248,1014,0x11,video_data_11,3
6086,770,12126262,12126266,132,0x13,documented_unknown_13,0
6087,770,12126398,12126402,0,0x04,start_stop_audio,0
6088,770,12126402,12126406,6,0x07,send_buffer,1
6089,770,12126412,12126416,0,0x01,end_of_chunk,0
6090,771,12126420,12126424,1080,0x0F,set_decoding_map,0
6091,771,12127504,12127508,2952,0x08,audio_frame,0
6092,771,12130460,12130464,6,0x09,silence_frame,0
6093,771,12130470,12130474,938,0x11,video_data_11,3
6094,771,12131412,12131416,132,0x13,documented_unknown_13,0
6095,771,12131548,12131552,0,0x04,start_stop_audio,0
6096,771,12131552,12131556,6,0x07,send_buffer,1
6097,771,12131562,12131566,0,0x01,end_of_chunk,0
6098,772,12131570,12131574,1080,0x0F,set_decoding_map,0
6099,772,12132654,12132658,2952,0x08,audio_frame,0
6100,772,12135610,12135614,6,0x09,silence_frame,0
6101,772,12135620,12135624,938,0x11,video_data_11,3
6102,772,12136562,12136566,132,0x13,documented_unknown_13,0
6103,772,12136698,12136702,0,0x04,start_stop_audio,0
6104,772,12136702,12136706,6,0x07,send_buffer,1
6105,772,12136712,12136716,0,0x01,end_of_chunk,0
6106,773,12136720,12136724,1080,0x0F,set_decoding_map,0
6107,773,12137804,12137808,2952,0x08,audio_frame,0
6108,773,12140760,12140764,6,0x09,silence_frame,0
6109,773,12140770,12140774,924,0x11,video_data_11,3
6110,773,12141698,12141702,132,0x13,documented_unknown_13,0
6111,773,12141834,12141838,0,0x04,start_stop_audio,0
6112,773,12141838,12141842,6,0x07,send_buffer,1
6113,773,12141848,12141852,0,0x01,end_of_chunk,0
6114,774,12141856,12141860,1080,0x0F,set_decoding_map,0
6115,774,12142940,12142944,2952,0x08,audio_frame,0
6116,774,12145896,12145900,6,0x09,silence_frame,0
6117,774,12145906,12145910,1244,0x11,video_data_11,3
6118,774,12147154,12147158,132,0x13,documented_unknown_13,0
6119,774,12147290,12147294,0,0x04,start_stop_audio,0
6120,774,12147294,12147298,6,0x07,send_buffer,1
6121,774,12147304,12147308,0,0x01,end_of_chunk,0
6122,775,12147312,12147316,1080,0x0F,set_decoding_map,0
6123,775,12148396,12148400,2952,0x08,audio_frame,0
6124,775,12151352,12151356,6,0x09,silence_frame,0
6125,775,12151362,12151366,334,0x11,video_data_11,3
6126,775,12151700,12151704,132,0x13,documented_unknown_13,0
6127,775,12151836,12151840,0,0x04,start_stop_audio,0
6128,775,12151840,12151844,6,0x07,send_buffer,1
6129,775,12151850,12151854,0,0x01,end_of_chunk,0
6130,776,12151858,12151862,1080,0x0F,set_decoding_map,0
6131,776,12152942,12152946,2952,0x08,audio_frame,0
6132,776,12155898,12155902,6,0x09,silence_frame,0
6133,776,12155908,12155912,340,0x11,video_data_11,3
6134,776,12156252,12156256,132,0x13,documented_unknown_13,0
6135,776,12156388,12156392,0,0x04,start_stop_audio,0
6136,776,12156392,12156396,6,0x07,send_buffer,1
6137,776,12156402,12156406,0,0x01,end_of_chunk,0
6138,777,12156410,12156414,1080,0x0F,set_decoding_map,0
6139,777,12157494,12157498,2952,0x08,audio_frame,0
6140,777,12160450,12160454,6,0x09,silence_frame,0
6141,777,12160460,12160464,340,0x11,video_data_11,3
6142,777,12160804,12160808,132,0x13,documented_unknown_13,0
6143,777,12160940,12160944,0,0x04,start_stop_audio,0
6144,777,12160944,12160948,6,0x07,send_buffer,1
6145,777,12160954,12160958,0,0x01,end_of_chunk,0
6146,778,12160962,12160966,1080,0x0F,set_decoding_map,0
6147,778,12162046,12162050,2952,0x08,audio_frame,0
6148,778,12165002,12165006,6,0x09,silence_frame,0
6149,778,12165012,12165016,344,0x11,video_data_11,3
6150,778,12165360,12165364,132,0x13,documented_unknown_13,0
6151,778,12165496,12165500,0,0x04,start_stop_audio,0
6152,778,12165500,12165504,6,0x07,send_buffer,1
6153,778,12165510,12165514,0,0x01,end_of_chunk,0
6154,779,12165518,12165522,1080,0x0F,set_decoding_map,0
6155,779,12166602,12166606,2952,0x08,audio_frame,0
6156,779,12169558,12169562,6,0x09,silence_frame,0
6157,779,12169568,12169572,344,0x11,video_data_11,3
6158,779,12169916,12169920,132,0x13,documented_unknown_13,0
6159,779,12170052,12170056,0,0x04,start_stop_audio,0
6160,779,12170056,12170060,6,0x07,send_buffer,1
6161,779,12170066,12170070,0,0x01,end_of_chunk,0
6162,780,12170074,12170078,1080,0x0F,set_decoding_map,0
6163,780,12171158,12171162,2952,0x08,audio_frame,0
6164,780,12174114,12174118,6,0x09,silence_frame,0
6165,780,12174124,12174128,350,0x11,video_data_11,3
6166,780,12174478,12174482,132,0x13,documented_unknown_13,0
6167,780,12174614,12174618,0,0x04,start_stop_audio,0
6168,780,12174618,12174622,6,0x07,send_buffer,1
6169,780,12174628,12174632,0,0x01,end_of_chunk,0
6170,781,12174636,12174640,1080,0x0F,set_decoding_map,0
6171,781,12175720,12175724,2952,0x08,audio_frame,0
6172,781,12178676,12178680,6,0x09,silence_frame,0
6173,781,12178686,12178690,350,0x11,video_data_11,3
6174,781,12179040,12179044,132,0x13,documented_unknown_13,0
6175,781,12179176,12179180,0,0x04,start_stop_audio,0
6176,781,12179180,12179184,6,0x07,send_buffer,1
6177,781,12179190,12179194,0,0x01,end_of_chunk,0
6178,782,12179198,12179202,1080,0x0F,set_decoding_map,0
6179,782,12180282,12180286,2932,0x08,audio_frame,0
6180,782,12183218,12183222,6,0x09,silence_frame,0
6181,782,12183228,12183232,354,0x11,video_data_11,3
6182,782,12183586,12183590,132,0x13,documented_unknown_13,0
6183,782,12183722,12183726,0,0x04,start_stop_audio,0
6184,782,12183726,12183730,6,0x07,send_buffer,1
6185,782,12183736,12183740,0,0x01,end_of_chunk,0
6186,783,12183744,12183748,1080,0x0F,set_decoding_map,0
6187,783,12184828,12184832,2952,0x08,audio_frame,0
6188,783,12187784,12187788,6,0x09,silence_frame,0
6189,783,12187794,12187798,1614,0x11,video_data_11,3
6190,783,12189412,12189416,132,0x13,documented_unknown_13,0
6191,783,12189548,12189552,0,0x04,start_stop_audio,0
6192,783,12189552,12189556,6,0x07,send_buffer,1
6193,783,12189562,12189566,0,0x01,end_of_chunk,0
6194,784,12189570,12189574,1080,0x0F,set_decoding_map,0
6195,784,12190654,12190658,2952,0x08,audio_frame,0
6196,784,12193610,12193614,6,0x09,silence_frame,0
6197,784,12193620,12193624,360,0x11,video_data_11,3
6198,784,12193984,12193988,132,0x13,documented_unknown_13,0
6199,784,12194120,12194124,0,0x04,start_stop_audio,0
6200,784,12194124,12194128,6,0x07,send_buffer,1
6201,784,12194134,12194138,0,0x01,end_of_chunk,0
6202,785,12194142,12194146,1080,0x0F,set_decoding_map,0
6203,785,12195226,12195230,2952,0x08,audio_frame,0
6204,785,12198182,12198186,6,0x09,silence_frame,0
6205,785,12198192,12198196,40,0x11,video_data_11,3
6206,785,12198236,12198240,132,0x13,documented_unknown_13,0
6207,785,12198372,12198376,0,0x04,start_stop_audio,0
6208,785,12198376,12198380,6,0x07,send_buffer,1
6209,785,12198386,12198390,0,0x01,end_of_chunk,0
6210,786,12198394,12198398,1080,0x0F,set_decoding_map,0
6211,786,12199478,12199482,2952,0x08,audio_frame,0
6212,786,12202434,12202438,6,0x09,silence_frame,0
6213,786,12202444,12202448,44,0x11,video_data_11,3
6214,786,12202492,12202496,132,0x13,documented_unknown_13,0
6215,786,12202628,12202632,0,0x04,start_stop_audio,0
6216,786,12202632,12202636,6,0x07,send_buffer,1
6217,786,12202642,12202646,0,0x01,end_of_chunk,0
6218,787,12202650,12202654,1080,0x0F,set_decoding_map,0
6219,787,12203734,12203738,2952,0x08,audio_frame,0
6220,787,12206690,12206694,6,0x09,silence_frame,0
6221,787,12206700,12206704,40,0x11,video_data_11,3
6222,787,12206744,12206748,132,0x13,documented_unknown_13,0
6223,787,12206880,12206884,0,0x04,start_stop_audio,0
6224,787,12206884,12206888,6,0x07,send_buffer,1
6225,787,12206894,12206898,0,0x01,end_of_chunk,0
6226,788,12206902,12206906,1080,0x0F,set_decoding_map,0
6227,788,12207986,12207990,2952,0x08,audio_frame,0
6228,788,12210942,12210946,6,0x09,silence_frame,0
6229,788,12210952,12210956,44,0x11,video_data_11,3
6230,788,12211000,12211004,132,0x13,documented_unknown_13,0
6231,788,12211136,12211140,0,0x04,start_stop_audio,0
6232,788,12211140,12211144,6,0x07,send_buffer,1
6233,788,12211150,12211154,0,0x01,end_of_chunk,0
6234,789,12211158,12211162,1080,0x0F,set_decoding_map,0
6235,789,12212242,12212246,2952,0x08,audio_frame,0
6236,789,12215198,12215202,6,0x09,silence_frame,0
6237,789,12215208,12215212,40,0x11,video_data_11,3
6238,789,12215252,12215256,132,0x13,documented_unknown_13,0
6239,789,12215388,12215392,0,0x04,start_stop_audio,0
6240,789,12215392,12215396,6,0x07,send_buffer,1
6241,789,12215402,12215406,0,0x01,end_of_chunk,0
6242,790,12215410,12215414,1080,0x0F,set_decoding_map,0
6243,790,12216494,12216498,2952,0x08,audio_frame,0
6244,790,12219450,12219454,6,0x09,silence_frame,0
6245,790,12219460,12219464,44,0x11,video_data_11,3
6246,790,12219508,12219512,132,0x13,documented_unknown_13,0
6247,790,12219644,12219648,0,0x04,start_stop_audio,0
6248,790,12219648,12219652,6,0x07,send_buffer,1
6249,790,12219658,12219662,0,0x01,end_of_chunk,0
6250,791,12219666,12219670,1080,0x0F,set_decoding_map,0
6251,791,12220750,12220754,2952,0x08,audio_frame,0
6252,791,12223706,12223710,6,0x09,silence_frame,0
6253,791,12223716,12223720,40,0x11,video_data_11,3
6254,791,12223760,12223764,132,0x13,documented_unknown_13,0
6255,791,12223896,12223900,0,0x04,start_stop_audio,0
6256,791,12223900,12223904,6,0x07,send_buffer,1
6257,791,12223910,12223914,0,0x01,end_of_chunk,0
6258,792,12223918,12223922,1080,0x0F,set_decoding_map,0
6259,792,12225002,12225006,2952,0x08,audio_frame,0
6260,792,12227958,12227962,6,0x09,silence_frame,0
6261,792,12227968,12227972,44,0x11,video_data_11,3
6262,792,12228016,12228020,132,0x13,documented_unknown_13,0
6263,792,12228152,12228156,0,0x04,start_stop_audio,0
6264,792,12228156,12228160,6,0x07,send_buffer,1
6265,792,12228166,12228170,0,0x01,end_of_chunk,0
6266,793,12228174,12228178,1080,0x0F,set_decoding_map,0
6267,793,12229258,12229262,2952,0x08,audio_frame,0
6268,793,12232214,12232218,6,0x09,silence_frame,0
6269,793,12232224,12232228,1614,0x11,video_data_11,3
6270,793,12233842,12233846,132,0x13,documented_unknown_13,0
6271,793,12233978,12233982,0,0x04,start_stop_audio,0
6272,793,12233982,12233986,6,0x07,send_buffer,1
6273,793,12233992,12233996,0,0x01,end_of_chunk,0
6274,794,12234000,12234004,1080,0x0F,set_decoding_map,0
6275,794,12235084,12235088,2952,0x08,audio_frame,0
6276,794,12238040,12238044,6,0x09,silence_frame,0
6277,794,12238050,12238054,44,0x11,video_data_11,3
6278,794,12238098,12238102,132,0x13,documented_unknown_13,0
6279,794,12238234,12238238,0,0x04,start_stop_audio,0
6280,794,12238238,12238242,6,0x07,send_buffer,1
6281,794,12238248,12238252,0,0x01,end_of_chunk,0
6282,795,12238256,12238260,1080,0x0F,set_decoding_map,0
6283,795,12239340,12239344,2952,0x08,audio_frame,0
6284,795,12242296,12242300,6,0x09,silence_frame,0
6285,795,12242306,12242310,40,0x11,video_data_11,3
6286,795,12242350,12242354,132,0x13,documented_unknown_13,0
6287,795,12242486,12242490,0,0x04,start_stop_audio,0
6288,795,12242490,12242494,6,0x07,send_buffer,1
6289,795,12242500,12242504,0,0x01,end_of_chunk,0
6290,796,12242508,12242512,1080,0x0F,set_decoding_map,0
6291,796,12243592,12243596,2952,0x08,audio_frame,0
6292,796,12246548,12246552,6,0x09,silence_frame,0
6293,796,12246558,12246562,44,0x11,video_data_11,3
6294,796,12246606,12246610,132,0x13,documented_unknown_13,0
6295,796,12246742,12246746,0,0x04,start_stop_audio,0
6296,796,12246746,12246750,6,0x07,send_buffer,1
6297,796,12246756,12246760,0,0x01,end_of_chunk,0
6298,797,12246764,12246768,1080,0x0F,set_decoding_map,0
6299,797,12247848,12247852,2932,0x08,audio_frame,0
6300,797,12250784,12250788,6,0x09,silence_frame,0
6301,797,12250794,12250798,40,0x11,video_data_11,3
6302,797,12250838,12250842,132,0x13,documented_unknown_13,0
6303,797,12250974,12250978,0,0x04,start_stop_audio,0
6304,797,12250978,12250982,6,0x07,send_buffer,1
6305,797,12250988,12250992,0,0x01,end_of_chunk,0
6306,798,12250996,12251000,1080,0x0F,set_decoding_map,0
6307,798,12252080,12252084,2952,0x08,audio_frame,0
6308,798,12255036,12255040,6,0x09,silence_frame,0
6309,798,12255046,12255050,44,0x11,video_data_11,3
6310,798,12255094,12255098,132,0x13,documented_unknown_13,0
6311,798,12255230,12255234,0,0x04,start_stop_audio,0
6312,798,12255234,12255238,6,0x07,send_buffer,1
6313,798,12255244,12255248,0,0x01,end_of_chunk,0
6314,799,12255252,12255256,1080,0x0F,set_decoding_map,0
6315,799,12256336,12256340,2952,0x08,audio_frame,0
6316,799,12259292,12259296,6,0x09,silence_frame,0
6317,799,12259302,12259306,40,0x11,video_data_11,3
6318,799,12259346,12259350,132,0x13,documented_unknown_13,0
6319,799,12259482,12259486,0,0x04,start_stop_audio,0
6320,799,12259486,12259490,6,0x07,send_buffer,1
6321,799,12259496,12259500,0,0x01,end_of_chunk,0
6322,800,12259504,12259508,1080,0x0F,set_decoding_map,0
6323,800,12260588,12260592,2952,0x08,audio_frame,0
6324,800,12263544,12263548,6,0x09,silence_frame,0
6325,800,12263554,12263558,44,0x11,video_data_11,3
6326,800,12263602,12263606,132,0x13,documented_unknown_13,0
6327,800,12263738,12263742,0,0x04,start_stop_audio,0
6328,800,12263742,12263746,6,0x07,send_buffer,1
6329,800,12263752,12263756,0,0x01,end_of_chunk,0
6330,801,12263760,12263764,1080,0x0F,set_decoding_map,0
6331,801,12264844,12264848,2952,0x08,audio_frame,0
6332,801,12267800,12267804,6,0x09,silence_frame,0
6333,801,12267810,12267814,40,0x11,video_data_11,3
6334,801,12267854,12267858,132,0x13,documented_unknown_13,0
6335,801,12267990,12267994,0,0x04,start_stop_audio,0
6336,801,12267994,12267998,6,0x07,send_buffer,1
6337,801,12268004,12268008,0,0x01,end_of_chunk,0
6338,802,12268012,12268016,1080,0x0F,set_decoding_map,0
6339,802,12269096,12269100,2952,0x08,audio_frame,0
6340,802,12272052,12272056,6,0x09,silence_frame,0
6341,802,12272062,12272066,44,0x11,video_data_11,3
6342,802,12272110,12272114,132,0x13,documented_unknown_13,0
6343,802,12272246,12272250,0,0x04,start_stop_audio,0
6344,802,12272250,12272254,6,0x07,send_buffer,1
6345,802,12272260,12272264,0,0x01,end_of_chunk,0
6346,803,12272268,12272272,1080,0x0F,set_decoding_map,0
6347,803,12273352,12273356,2952,0x08,audio_frame,0
6348,803,12276308,12276312,6,0x09,silence_frame,0
6349,803,12276318,12276322,1614,0x11,video_data_11,3
6350,803,12277936,12277940,132,0x13,documented_unknown_13,0
6351,803,12278072,12278076,0,0x04,start_stop_audio,0
6352,803,12278076,12278080,6,0x07,send_buffer,1
6353,803,12278086,12278090,0,0x01,end_of_chunk,0
6354,804,12278094,12278098,1080,0x0F,set_decoding_map,0
6355,804,12279178,12279182,2952,0x08,audio_frame,0
6356,804,12282134,12282138,6,0x09,silence_frame,0
6357,804,12282144,12282148,44,0x11,video_data_11,3
6358,804,12282192,12282196,132,0x13,documented_unknown_13,0
6359,804,12282328,12282332,0,0x04,start_stop_audio,0
6360,804,12282332,12282336,6,0x07,send_buffer,1
6361,804,12282342,12282346,0,0x01,end_of_chunk,0
6362,805,12282350,12282354,1080,0x0F,set_decoding_map,0
6363,805,12283434,12283438,2952,0x08,audio_frame,0
6364,805,12286390,12286394,6,0x09,silence_frame,0
6365,805,12286400,12286404,40,0x11,video_data_11,3
6366,805,12286444,12286448,132,0x13,documented_unknown_13,0
6367,805,12286580,12286584,0,0x04,start_stop_audio,0
6368,805,12286584,12286588,6,0x07,send_buffer,1
6369,805,12286594,12286598,0,0x01,end_of_chunk,0
6370,806,12286602,12286606,1080,0x0F,set_decoding_map,0
6371,806,12287686,12287690,2952,0x08,audio_frame,0
6372,806,12290642,12290646,6,0x09,silence_frame,0
6373,806,12290652,12290656,44,0x11,video_data_11,3
6374,806,12290700,12290704,132,0x13,documented_unknown_13,0
6375,806,12290836,12290840,0,0x04,start_stop_audio,0
6376,806,12290840,12290844,6,0x07,send_buffer,1
6377,806,12290850,12290854,0,0x01,end_of_chunk,0
6378,807,12290858,12290862,1080,0x0F,set_decoding_map,0
6379,807,12291942,12291946,2952,0x08,audio_frame,0
6380,807,12294898,12294902,6,0x09,silence_frame,0
6381,807,12294908,12294912,40,0x11,video_data_11,3
6382,807,12294952,12294956,132,0x13,documented_unknown_13,0
6383,807,12295088,12295092,0,0x04,start_stop_audio,0
6384,807,12295092,12295096,6,0x07,send_buffer,1
6385,807,12295102,12295106,0,0x01,end_of_chunk,0
6386,808,12295110,12295114,1080,0x0F,set_decoding_map,0
6387,808,12296194,12296198,2952,0x08,audio_frame,0
6388,808,12299150,12299154,6,0x09,silence_frame,0
6389,808,12299160,12299164,44,0x11,video_data_11,3
6390,808,12299208,12299212,132,0x13,documented_unknown_13,0
6391,808,12299344,12299348,0,0x04,start_stop_audio,0
6392,808,12299348,12299352,6,0x07,send_buffer,1
6393,808,12299358,12299362,0,0x01,end_of_chunk,0
6394,809,12299366,12299370,1080,0x0F,set_decoding_map,0
6395,809,12300450,12300454,2952,0x08,audio_frame,0
6396,809,12303406,12303410,6,0x09,silence_frame,0
6397,809,12303416,12303420,40,0x11,video_data_11,3
6398,809,12303460,12303464,132,0x13,documented_unknown_13,0
6399,809,12303596,12303600,0,0x04,start_stop_audio,0
6400,809,12303600,12303604,6,0x07,send_buffer,1
6401,809,12303610,12303614,0,0x01,end_of_chunk,0
6402,810,12303618,12303622,1080,0x0F,set_decoding_map,0
6403,810,12304702,12304706,2952,0x08,audio_frame,0
6404,810,12307658,12307662,6,0x09,silence_frame,0
6405,810,12307668,12307672,44,0x11,video_data_11,3
6406,810,12307716,12307720,132,0x13,documented_unknown_13,0
6407,810,12307852,12307856,0,0x04,start_stop_audio,0
6408,810,12307856,12307860,6,0x07,send_buffer,1
6409,810,12307866,12307870,0,0x01,end_of_chunk,0
6410,811,12307874,12307878,1080,0x0F,set_decoding_map,0
6411,811,12308958,12308962,2952,0x08,audio_frame,0
6412,811,12311914,12311918,6,0x09,silence_frame,0
6413,811,12311924,12311928,40,0x11,video_data_11,3
6414,811,12311968,12311972,132,0x13,documented_unknown_13,0
6415,811,12312104,12312108,0,0x04,start_stop_audio,0
6416,811,12312108,12312112,6,0x07,send_buffer,1
6417,811,12312118,12312122,0,0x01,end_of_chunk,0
6418,812,12312126,12312130,1080,0x0F,set_decoding_map,0
6419,812,12313210,12313214,2932,0x08,audio_frame,0
6420,812,12316146,12316150,6,0x09,silence_frame,0
6421,812,12316156,12316160,44,0x11,video_data_11,3
6422,812,12316204,12316208,132,0x13,documented_unknown_13,0
6423,812,12316340,12316344,0,0x04,start_stop_audio,0
6424,812,12316344,12316348,6,0x07,send_buffer,1
6425,812,12316354,12316358,0,0x01,end_of_chunk,0
6426,813,12316362,12316366,1080,0x0F,set_decoding_map,0
6427,813,12317446,12317450,2952,0x08,audio_frame,0
6428,813,12320402,12320406,6,0x09,silence_frame,0
6429,813,12320412,12320416,1614,0x11,video_data_11,3
6430,813,12322030,12322034,132,0x13,documented_unknown_13,0
6431,813,12322166,12322170,0,0x04,start_stop_audio,0
6432,813,12322170,12322174,6,0x07,send_buffer,1
6433,813,12322180,12322184,0,0x01,end_of_chunk,0
6434,814,12322188,12322192,1080,0x0F,set_decoding_map,0
6435,814,12323272,12323276,2952,0x08,audio_frame,0
6436,814,12326228,12326232,6,0x09,silence_frame,0
6437,814,12326238,12326242,14,0x11,video_data_11,3
6438,814,12326256,12326260,132,0x13,documented_unknown_13,0
6439,814,12326392,12326396,0,0x04,start_stop_audio,0
6440,814,12326396,12326400,6,0x07,send_buffer,1
6441,814,12326406,12326410,0,0x01,end_of_chunk,0
6442,815,12326414,12326418,1080,0x0F,set_decoding_map,0
6443,815,12327498,12327502,2952,0x08,audio_frame,0
6444,815,12330454,12330458,6,0x09,silence_frame,0
6445,815,12330464,12330468,14,0x11,video_data_11,3
6446,815,12330482,12330486,132,0x13,documented_unknown_13,0
6447,815,12330618,12330622,0,0x04,start_stop_audio,0
6448,815,12330622,12330626,6,0x07,send_buffer,1
6449,815,12330632,12330636,0,0x01,end_of_chunk,0
6450,816,12330640,12330644,1080,0x0F,set_decoding_map,0
6451,816,12331724,12331728,2952,0x08,audio_frame,0
6452,816,12334680,12334684,6,0x09,silence_frame,0
6453,816,12334690,12334694,14,0x11,video_data_11,3
6454,816,12334708,12334712,132,0x13,documented_unknown_13,0
6455,816,12334844,12334848,0,0x04,start_stop_audio,0
6456,816,12334848,12334852,6,0x07,send_buffer,1
6457,816,12334858,12334862,0,0x01,end_of_chunk,0
6458,817,12334866,12334870,1080,0x0F,set_decoding_map,0
6459,817,12335950,12335954,2952,0x08,audio_frame,0
6460,817,12338906,12338910,6,0x09,silence_frame,0
6461,817,12338916,12338920,14,0x11,video_data_11,3
6462,817,12338934,12338938,132,0x13,documented_unknown_13,0
6463,817,12339070,12339074,0,0x04,start_stop_audio,0
6464,817,12339074,12339078,6,0x07,send_buffer,1
6465,817,12339084,12339088,0,0x01,end_of_chunk,0
6466,818,12339092,12339096,1080,0x0F,set_decoding_map,0
6467,818,12340176,12340180,2952,0x08,audio_frame,0
6468,818,12343132,12343136,6,0x09,silence_frame,0
6469,818,12343142,12343146,14,0x11,video_data_11,3
6470,818,12343160,12343164,132,0x13,documented_unknown_13,0
6471,818,12343296,12343300,0,0x04,start_stop_audio,0
6472,818,12343300,12343304,6,0x07,send_buffer,1
6473,818,12343310,12343314,0,0x01,end_of_chunk,0
6474,819,12343318,12343322,1080,0x0F,set_decoding_map,0
6475,819,12344402,12344406,2952,0x08,audio_frame,0
6476,819,12347358,12347362,6,0x09,silence_frame,0
6477,819,12347368,12347372,14,0x11,video_data_11,3
6478,819,12347386,12347390,132,0x13,documented_unknown_13,0
6479,819,12347522,12347526,0,0x04,start_stop_audio,0
6480,819,12347526,12347530,6,0x07,send_buffer,1
6481,819,12347536,12347540,0,0x01,end_of_chunk,0
6482,820,12347544,12347548,1080,0x0F,set_decoding_map,0
6483,820,12348628,12348632,2952,0x08,audio_frame,0
6484,820,12351584,12351588,6,0x09,silence_frame,0
6485,820,12351594,12351598,14,0x11,video_data_11,3
6486,820,12351612,12351616,132,0x13,documented_unknown_13,0
6487,820,12351748,12351752,0,0x04,start_stop_audio,0
6488,820,12351752,12351756,6,0x07,send_buffer,1
6489,820,12351762,12351766,0,0x01,end_of_chunk,0
6490,821,12351770,12351774,1080,0x0F,set_decoding_map,0
6491,821,12352854,12352858,2952,0x08,audio_frame,0
6492,821,12355810,12355814,6,0x09,silence_frame,0
6493,821,12355820,12355824,14,0x11,video_data_11,3
6494,821,12355838,12355842,132,0x13,documented_unknown_13,0
6495,821,12355974,12355978,0,0x04,start_stop_audio,0
6496,821,12355978,12355982,6,0x07,send_buffer,1
6497,821,12355988,12355992,0,0x01,end_of_chunk,0
6498,822,12355996,12356000,1080,0x0F,set_decoding_map,0
6499,822,12357080,12357084,2952,0x08,audio_frame,0
6500,822,12360036,12360040,6,0x09,silence_frame,0
6501,822,12360046,12360050,14,0x11,video_data_11,3
6502,822,12360064,12360068,132,0x13,documented_unknown_13,0
6503,822,12360200,12360204,0,0x04,start_stop_audio,0
6504,822,12360204,12360208,6,0x07,send_buffer,1
6505,822,12360214,12360218,0,0x01,end_of_chunk,0
6506,823,12360222,12360226,1080,0x0F,set_decoding_map,0
6507,823,12361306,12361310,2952,0x08,audio_frame,0
6508,823,12364262,12364266,6,0x09,silence_frame,0
6509,823,12364272,12364276,1614,0x11,video_data_11,3
6510,823,12365890,12365894,132,0x13,documented_unknown_13,0
6511,823,12366026,12366030,0,0x04,start_stop_audio,0
6512,823,12366030,12366034,6,0x07,send_buffer,1
6513,823,12366040,12366044,0,0x01,end_of_chunk,0
6514,824,12366048,12366052,1080,0x0F,set_decoding_map,0
6515,824,12367132,12367136,2952,0x08,audio_frame,0
6516,824,12370088,12370092,6,0x09,silence_frame,0
6517,824,12370098,12370102,14,0x11,video_data_11,3
6518,824,12370116,12370120,132,0x13,documented_unknown_13,0
6519,824,12370252,12370256,0,0x04,start_stop_audio,0
6520,824,12370256,12370260,6,0x07,send_buffer,1
6521,824,12370266,12370270,0,0x01,end_of_chunk,0
6522,825,12370274,12370278,1080,0x0F,set_decoding_map,0
6523,825,12371358,12371362,2952,0x08,audio_frame,0
6524,825,12374314,12374318,6,0x09,silence_frame,0
6525,825,12374324,12374328,14,0x11,video_data_11,3
6526,825,12374342,12374346,132,0x13,documented_unknown_13,0
6527,825,12374478,12374482,0,0x04,start_stop_audio,0
6528,825,12374482,12374486,6,0x07,send_buffer,1
6529,825,12374492,12374496,0,0x01,end_of_chunk,0
6530,826,12374500,12374504,1080,0x0F,set_decoding_map,0
6531,826,12375584,12375588,2952,0x08,audio_frame,0
6532,826,12378540,12378544,6,0x09,silence_frame,0
6533,826,12378550,12378554,14,0x11,video_data_11,3
6534,826,12378568,12378572,132,0x13,documented_unknown_13,0
6535,826,12378704,12378708,0,0x04,start_stop_audio,0
6536,826,12378708,12378712,6,0x07,send_buffer,1
6537,826,12378718,12378722,0,0x01,end_of_chunk,0
6538,827,12378726,12378730,1080,0x0F,set_decoding_map,0
6539,827,12379810,12379814,2932,0x08,audio_frame,0
6540,827,12382746,12382750,6,0x09,silence_frame,0
6541,827,12382756,12382760,14,0x11,video_data_11,3
6542,827,12382774,12382778,132,0x13,documented_unknown_13,0
6543,827,12382910,12382914,0,0x04,start_stop_audio,0
6544,827,12382914,12382918,6,0x07,send_buffer,1
6545,827,12382924,12382928,0,0x01,end_of_chunk,0
6546,828,12382932,12382936,1080,0x0F,set_decoding_map,0
6547,828,12384016,12384020,2952,0x08,audio_frame,0
6548,828,12386972,12386976,6,0x09,silence_frame,0
6549,828,12386982,12386986,14,0x11,video_data_11,3
6550,828,12387000,12387004,132,0x13,documented_unknown_13,0
6551,828,12387136,12387140,0,0x04,start_stop_audio,0
6552,828,12387140,12387144,6,0x07,send_buffer,1
6553,828,12387150,12387154,0,0x01,end_of_chunk,0
6554,829,12387158,12387162,1080,0x0F,set_decoding_map,0
6555,829,12388242,12388246,2952,0x08,audio_frame,0
6556,829,12391198,12391202,6,0x09,silence_frame,0
6557,829,12391208,12391212,14,0x11,video_data_11,3
6558,829,12391226,12391230,132,0x13,documented_unknown_13,0
6559,829,12391362,12391366,0,0x04,start_stop_audio,0
6560,829,12391366,12391370,6,0x07,send_buffer,1
6561,829,12391376,12391380,0,0x01,end_of_chunk,0
6562,830,12391384,12391388,1080,0x0F,set_decoding_map,0
6563,830,12392468,12392472,2952,0x08,audio_frame,0
6564,830,12395424,12395428,6,0x09,silence_frame,0
6565,830,12395434,12395438,14,0x11,video_data_11,3
6566,830,12395452,12395456,132,0x13,documented_unknown_13,0
6567,830,12395588,12395592,0,0x04,start_stop_audio,0
6568,830,12395592,12395596,6,0x07,send_buffer,1
6569,830,12395602,12395606,0,0x01,end_of_chunk,0
6570,831,12395610,12395614,1080,0x0F,set_decoding_map,0
6571,831,12396694,12396698,2952,0x08,audio_frame,0
6572,831,12399650,12399654,6,0x09,silence_frame,0
6573,831,12399660,12399664,14,0x11,video_data_11,3
6574,831,12399678,12399682,132,0x13,documented_unknown_13,0
6575,831,12399814,12399818,0,0x04,start_stop_audio,0
6576,831,12399818,12399822,6,0x07,send_buffer,1
6577,831,12399828,12399832,0,0x01,end_of_chunk,0
6578,832,12399836,12399840,1080,0x0F,set_decoding_map,0
6579,832,12400920,12400924,2952,0x08,audio_frame,0
6580,832,12403876,12403880,6,0x09,silence_frame,0
6581,832,12403886,12403890,14,0x11,video_data_11,3
6582,832,12403904,12403908,132,0x13,documented_unknown_13,0
6583,832,12404040,12404044,0,0x04,start_stop_audio,0
6584,832,12404044,12404048,6,0x07,send_buffer,1
6585,832,12404054,12404058,0,0x01,end_of_chunk,0
6586,833,12404062,12404066,1080,0x0F,set_decoding_map,0
6587,833,12405146,12405150,2952,0x08,audio_frame,0
6588,833,12408102,12408106,6,0x09,silence_frame,0
6589,833,12408112,12408116,14034,0x11,video_data_11,3
6590,833,12422150,12422154,132,0x13,documented_unknown_13,0
6591,833,12422286,12422290,0,0x04,start_stop_audio,0
6592,833,12422290,12422294,6,0x07,send_buffer,1
6593,833,12422300,12422304,0,0x01,end_of_chunk,0
6594,834,12422308,12422312,1080,0x0F,set_decoding_map,0
6595,834,12423392,12423396,2952,0x08,audio_frame,0
6596,834,12426348,12426352,6,0x09,silence_frame,0
6597,834,12426358,12426362,14022,0x11,video_data_11,3
6598,834,12440384,12440388,132,0x13,documented_unknown_13,0
6599,834,12440520,12440524,0,0x04,start_stop_audio,0
6600,834,12440524,12440528,6,0x07,send_buffer,1
6601,834,12440534,12440538,0,0x01,end_of_chunk,0
6602,835,12440542,12440546,1080,0x0F,set_decoding_map,0
6603,835,12441626,12441630,2952,0x08,audio_frame,0
6604,835,12444582,12444586,6,0x09,silence_frame,0
6605,835,12444592,12444596,14036,0x11,video_data_11,3
6606,835,12458632,12458636,132,0x13,documented_unknown_13,0
6607,835,12458768,12458772,0,0x04,start_stop_audio,0
6608,835,12458772,12458776,6,0x07,send_buffer,1
6609,835,12458782,12458786,0,0x01,end_of_chunk,0
6610,836,12458790,12458794,1080,0x0F,set_decoding_map,0
6611,836,12459874,12459878,2952,0x08,audio_frame,0
6612,836,12462830,12462834,6,0x09,silence_frame,0
6613,836,12462840,12462844,14028,0x11,video_data_11,3
6614,836,12476872,12476876,132,0x13,documented_unknown_13,0
6615,836,12477008,12477012,0,0x04,start_stop_audio,0
6616,836,12477012,12477016,6,0x07,send_buffer,1
6617,836,12477022,12477026,0,0x01,end_of_chunk,0
6618,837,12477030,12477034,1080,0x0F,set_decoding_map,0
6619,837,12478114,12478118,2952,0x08,audio_frame,0
6620,837,12481070,12481074,6,0x09,silence_frame,0
6621,837,12481080,12481084,14064,0x11,video_data_11,3
6622,837,12495148,12495152,132,0x13,documented_unknown_13,0
6623,837,12495284,12495288,0,0x04,start_stop_audio,0
6624,837,12495288,12495292,6,0x07,send_buffer,1
6625,837,12495298,12495302,0,0x01,end_of_chunk,0
6626,838,12495306,12495310,1080,0x0F,set_decoding_map,0
6627,838,12496390,12496394,2952,0x08,audio_frame,0
6628,838,12499346,12499350,6,0x09,silence_frame,0
6629,838,12499356,12499360,14066,0x11,video_data_11,3
6630,838,12513426,12513430,132,0x13,documented_unknown_13,0
6631,838,12513562,12513566,0,0x04,start_stop_audio,0
6632,838,12513566,12513570,6,0x07,send_buffer,1
6633,838,12513576,12513580,0,0x01,end_of_chunk,0
6634,839,12513584,12513588,1080,0x0F,set_decoding_map,0
6635,839,12514668,12514672,2952,0x08,audio_frame,0
6636,839,12517624,12517628,6,0x09,silence_frame,0
6637,839,12517634,12517638,14080,0x11,video_data_11,3
6638,839,12531718,12531722,132,0x13,documented_unknown_13,0
6639,839,12531854,12531858,0,0x04,start_stop_audio,0
6640,839,12531858,12531862,6,0x07,send_buffer,1
6641,839,12531868,12531872,0,0x01,end_of_chunk,0
6642,840,12531876,12531880,1080,0x0F,set_decoding_map,0
6643,840,12532960,12532964,2952,0x08,audio_frame,0
6644,840,12535916,12535920,6,0x09,silence_frame,0
6645,840,12535926,12535930,14056,0x11,video_data_11,3
6646,840,12549986,12549990,132,0x13,documented_unknown_13,0
6647,840,12550122,12550126,0,0x04,start_stop_audio,0
6648,840,12550126,12550130,6,0x07,send_buffer,1
6649,840,12550136,12550140,0,0x01,end_of_chunk,0
6650,841,12550144,12550148,1080,0x0F,set_decoding_map,0
6651,841,12551228,12551232,2952,0x08,audio_frame,0
6652,841,12554184,12554188,6,0x09,silence_frame,0
6653,841,12554194,12554198,14078,0x11,video_data_11,3
6654,841,12568276,12568280,132,0x13,documented_unknown_13,0
6655,841,12568412,12568416,0,0x04,start_stop_audio,0
6656,841,12568416,12568420,6,0x07,send_buffer,1
6657,841,12568426,12568430,0,0x01,end_of_chunk,0
6658,842,12568434,12568438,1080,0x0F,set_decoding_map,0
6659,842,12569518,12569522,2932,0x08,audio_frame,0
6660,842,12572454,12572458,6,0x09,silence_frame,0
6661,842,12572464,12572468,14022,0x11,video_data_11,3
6662,842,12586490,12586494,132,0x13,documented_unknown_13,0
6663,842,12586626,12586630,0,0x04,start_stop_audio,0
6664,842,12586630,12586634,6,0x07,send_buffer,1
6665,842,12586640,12586644,0,0x01,end_of_chunk,0
6666,843,12586648,12586652,1080,0x0F,set_decoding_map,0
6667,843,12587732,12587736,2952,0x08,audio_frame,0
6668,843,12590688,12590692,6,0x09,silence_frame,0
6669,843,12590698,12590702,14064,0x11,video_data_11,3
6670,843,12604766,12604770,132,0x13,documented_unknown_13,0
6671,843,12604902,12604906,0,0x04,start_stop_audio,0
6672,843,12604906,12604910,6,0x07,send_buffer,1
6673,843,12604916,12604920,0,0x01,end_of_chunk,0
6674,844,12604924,12604928,1080,0x0F,set_decoding_map,0
6675,844,12606008,12606012,2952,0x08,audio_frame,0
6676,844,12608964,12608968,6,0x09,silence_frame,0
6677,844,12608974,12608978,14038,0x11,video_data_11,3
6678,844,12623016,12623020,132,0x13,documented_unknown_13,0
6679,844,12623152,12623156,0,0x04,start_stop_audio,0
6680,844,12623156,12623160,6,0x07,send_buffer,1
6681,844,12623166,12623170,0,0x01,end_of_chunk,0
6682,845,12623174,12623178,1080,0x0F,set_decoding_map,0
6683,845,12624258,12624262,2952,0x08,audio_frame,0
6684,845,12627214,12627218,6,0x09,silence_frame,0
6685,845,12627224,12627228,14062,0x11,video_data_11,3
6686,845,12641290,12641294,132,0x13,documented_unknown_13,0
6687,845,12641426,12641430,0,0x04,start_stop_audio,0
6688,845,12641430,12641434,6,0x07,send_buffer,1
6689,845,12641440,12641444,0,0x01,end_of_chunk,0
6690,846,12641448,12641452,1080,0x0F,set_decoding_map,0
6691,846,12642532,12642536,2952,0x08,audio_frame,0
6692,846,12645488,12645492,6,0x09,silence_frame,0
6693,846,12645498,12645502,14026,0x11,video_data_11,3
6694,846,12659528,12659532,132,0x13,documented_unknown_13,0
6695,846,12659664,12659668,0,0x04,start_stop_audio,0
6696,846,12659668,12659672,6,0x07,send_buffer,1
6697,846,12659678,12659682,0,0x01,end_of_chunk,0
6698,847,12659686,12659690,1080,0x0F,set_decoding_map,0
6699,847,12660770,12660774,2952,0x08,audio_frame,0
6700,847,12663726,12663730,6,0x09,silence_frame,0
6701,847,12663736,12663740,14036,0x11,video_data_11,3
6702,847,12677776,12677780,132,0x13,documented_unknown_13,0
6703,847,12677912,12677916,0,0x04,start_stop_audio,0
6704,847,12677916,12677920,6,0x07,send_buffer,1
6705,847,12677926,12677930,0,0x01,end_of_chunk,0
6706,848,12677934,12677938,1080,0x0F,set_decoding_map,0
6707,848,12679018,12679022,2952,0x08,audio_frame,0
6708,848,12681974,12681978,6,0x09,silence_frame,0
6709,848,12681984,12681988,14040,0x11,video_data_11,3
6710,848,12696028,12696032,132,0x13,documented_unknown_13,0
6711,848,12696164,12696168,0,0x04,start_stop_audio,0
6712,848,12696168,12696172,6,0x07,send_buffer,1
6713,848,12696178,12696182,0,0x01,end_of_chunk,0
6714,849,12696186,12696190,1080,0x0F,set_decoding_map,0
6715,849,12697270,12697274,2952,0x08,audio_frame,0
6716,849,12700226,12700230,6,0x09,silence_frame,0
6717,849,12700236,12700240,14028,0x11,video_data_11,3
6718,849,12714268,12714272,132,0x13,documented_unknown_13,0
6719,849,12714404,12714408,0,0x04,start_stop_audio,0
6720,849,12714408,12714412,6,0x07,send_buffer,1
6721,849,12714418,12714422,0,0x01,end_of_chunk,0
6722,850,12714426,12714430,1080,0x0F,set_decoding_map,0
6723,850,12715510,12715514,2952,0x08,audio_frame,0
6724,850,12718466,12718470,6,0x09,silence_frame,0
6725,850,12718476,12718480,14044,0x11,video_data_11,3
6726,850,12732524,12732528,132,0x13,documented_unknown_13,0
6727,850,12732660,12732664,0,0x04,start_stop_audio,0
6728,850,12732664,12732668,6,0x07,send_buffer,1
6729,850,12732674,12732678,0,0x01,end_of_chunk,0
6730,851,12732682,12732686,1080,0x0F,set_decoding_map,0
6731,851,12733766,12733770,2952,0x08,audio_frame,0
6732,851,12736722,12736726,6,0x09,silence_frame,0
6733,851,12736732,12736736,14036,0x11,video_data_11,3
6734,851,12750772,12750776,132,0x13,documented_unknown_13,0
6735,851,12750908,12750912,0,0x04,start_stop_audio,0
6736,851,12750912,12750916,6,0x07,send_buffer,1
6737,851,12750922,12750926,0,0x01,end_of_chunk,0
6738,852,12750930,12750934,1080,0x0F,set_decoding_map,0
6739,852,12752014,12752018,2952,0x08,audio_frame,0
6740,852,12754970,12754974,6,0x09,silence_frame,0
6741,852,12754980,12754984,14028,0x11,video_data_11,3
6742,852,12769012,12769016,132,0x13,documented_unknown_13,0
6743,852,12769148,12769152,0,0x04,start_stop_audio,0
6744,852,12769152,12769156,6,0x07,send_buffer,1
6745,852,12769162,12769166,0,0x01,end_of_chunk,0
6746,853,12769170,12769174,1080,0x0F,set_decoding_map,0
6747,853,12770254,12770258,2952,0x08,audio_frame,0
6748,853,12773210,12773214,6,0x09,silence_frame,0
6749,853,12773220,12773224,14060,0x11,video_data_11,3
6750,853,12787284,12787288,132,0x13,documented_unknown_13,0
6751,853,12787420,12787424,0,0x04,start_stop_audio,0
6752,853,12787424,12787428,6,0x07,send_buffer,1
6753,853,12787434,12787438,0,0x01,end_of_chunk,0
6754,854,12787442,12787446,1080,0x0F,set_decoding_map,0
6755,854,12788526,12788530,2952,0x08,audio_frame,0
6756,854,12791482,12791486,6,0x09,silence_frame,0
6757,854,12791492,12791496,14038,0x11,video_data_11,3
6758,854,12805534,12805538,132,0x13,documented_unknown_13,0
6759,854,12805670,12805674,0,0x04,start_stop_audio,0
6760,854,12805674,12805678,6,0x07,send_buffer,1
6761,854,12805684,12805688,0,0x01,end_of_chunk,0
6762,855,12805692,12805696,1080,0x0F,set_decoding_map,0
6763,855,12806776,12806780,2952,0x08,audio_frame,0
6764,855,12809732,12809736,6,0x09,silence_frame,0
6765,855,12809742,12809746,14058,0x11,video_data_11,3
6766,855,12823804,12823808,132,0x13,documented_unknown_13,0
6767,855,12823940,12823944,0,0x04,start_stop_audio,0
6768,855,12823944,12823948,6,0x07,send_buffer,1
6769,855,12823954,12823958,0,0x01,end_of_chunk,0
6770,856,12823962,12823966,1080,0x0F,set_decoding_map,0
6771,856,12825046,12825050,2952,0x08,audio_frame,0
6772,856,12828002,12828006,6,0x09,silence_frame,0
6773,856,12828012,12828016,14022,0x11,video_data_11,3
6774,856,12842038,12842042,132,0x13,documented_unknown_13,0
6775,856,12842174,12842178,0,0x04,start_stop_audio,0
6776,856,12842178,12842182,6,0x07,send_buffer,1
6777,856,12842188,12842192,0,0x01,end_of_chunk,0
6778,857,12842196,12842200,1080,0x0F,set_decoding_map,0
6779,857,12843280,12843284,2932,0x08,audio_frame,0
6780,857,12846216,12846220,6,0x09,silence_frame,0
6781,857,12846226,12846230,14064,0x11,video_data_11,3
6782,857,12860294,12860298,132,0x13,documented_unknown_13,0
6783,857,12860430,12860434,0,0x04,start_stop_audio,0
6784,857,12860434,12860438,6,0x07,send_buffer,1
6785,857,12860444,12860448,0,0x01,end_of_chunk,0
6786,858,12860452,12860456,1080,0x0F,set_decoding_map,0
6787,858,12861536,12861540,2952,0x08,audio_frame,0
6788,858,12864492,12864496,6,0x09,silence_frame,0
6789,858,12864502,12864506,14054,0x11,video_data_11,3
6790,858,12878560,12878564,132,0x13,documented_unknown_13,0
6791,858,12878696,12878700,0,0x04,start_stop_audio,0
6792,858,12878700,12878704,6,0x07,send_buffer,1
6793,858,12878710,12878714,0,0x01,end_of_chunk,0
6794,859,12878718,12878722,1080,0x0F,set_decoding_map,0
6795,859,12879802,12879806,2952,0x08,audio_frame,0
6796,859,12882758,12882762,6,0x09,silence_frame,0
6797,859,12882768,12882772,14064,0x11,video_data_11,3
6798,859,12896836,12896840,132,0x13,documented_unknown_13,0
6799,859,12896972,12896976,0,0x04,start_stop_audio,0
6800,859,12896976,12896980,6,0x07,send_buffer,1
6801,859,12896986,12896990,0,0x01,end_of_chunk,0
6802,860,12896994,12896998,1080,0x0F,set_decoding_map,0
6803,860,12898078,12898082,2952,0x08,audio_frame,0
6804,860,12901034,12901038,6,0x09,silence_frame,0
6805,860,12901044,12901048,14078,0x11,video_data_11,3
6806,860,12915126,12915130,132,0x13,documented_unknown_13,0
6807,860,12915262,12915266,0,0x04,start_stop_audio,0
6808,860,12915266,12915270,6,0x07,send_buffer,1
6809,860,12915276,12915280,0,0x01,end_of_chunk,0
6810,861,12915284,12915288,1080,0x0F,set_decoding_map,0
6811,861,12916368,12916372,2952,0x08,audio_frame,0
6812,861,12919324,12919328,6,0x09,silence_frame,0
6813,861,12919334,12919338,14028,0x11,video_data_11,3
6814,861,12933366,12933370,132,0x13,documented_unknown_13,0
6815,861,12933502,12933506,0,0x04,start_stop_audio,0
6816,861,12933506,12933510,6,0x07,send_buffer,1
6817,861,12933516,12933520,0,0x01,end_of_chunk,0
6818,862,12933524,12933528,1080,0x0F,set_decoding_map,0
6819,862,12934608,12934612,2952,0x08,audio_frame,0
6820,862,12937564,12937568,6,0x09,silence_frame,0
6821,862,12937574,12937578,14054,0x11,video_data_11,3
6822,862,12951632,12951636,132,0x13,documented_unknown_13,0
6823,862,12951768,12951772,0,0x04,start_stop_audio,0
6824,862,12951772,12951776,6,0x07,send_buffer,1
6825,862,12951782,12951786,0,0x01,end_of_chunk,0
6826,863,12951790,12951794,1080,0x0F,set_decoding_map,0
6827,863,12952874,12952878,2952,0x08,audio_frame,0
6828,863,12955830,12955834,6,0x09,silence_frame,0
6829,863,12955840,12955844,14078,0x11,video_data_11,3
6830,863,12969922,12969926,132,0x13,documented_unknown_13,0
6831,863,12970058,12970062,0,0x04,start_stop_audio,0
6832,863,12970062,12970066,6,0x07,send_buffer,1
6833,863,12970072,12970076,0,0x01,end_of_chunk,0
6834,864,12970080,12970084,1080,0x0F,set_decoding_map,0
6835,864,12971164,12971168,2952,0x08,audio_frame,0
6836,864,12974120,12974124,6,0x09,silence_frame,0
6837,864,12974130,12974134,14030,0x11,video_data_11,3
6838,864,12988164,12988168,132,0x13,documented_unknown_13,0
6839,864,12988300,12988304,0,0x04,start_stop_audio,0
6840,864,12988304,12988308,6,0x07,send_buffer,1
6841,864,12988314,12988318,0,0x01,end_of_chunk,0
6842,865,12988322,12988326,1080,0x0F,set_decoding_map,0
6843,865,12989406,12989410,2952,0x08,audio_frame,0
6844,865,12992362,12992366,6,0x09,silence_frame,0
6845,865,12992372,12992376,14074,0x11,video_data_11,3
6846,865,13006450,13006454,132,0x13,documented_unknown_13,0
6847,865,13006586,13006590,0,0x04,start_stop_audio,0
6848,865,13006590,13006594,6,0x07,send_buffer,1
6849,865,13006600,13006604,0,0x01,end_of_chunk,0
6850,866,13006608,13006612,1080,0x0F,set_decoding_map,0
6851,866,13007692,13007696,2952,0x08,audio_frame,0
6852,866,13010648,13010652,6,0x09,silence_frame,0
6853,866,13010658,13010662,14034,0x11,video_data_11,3
6854,866,13024696,13024700,132,0x13,documented_unknown_13,0
6855,866,13024832,13024836,0,0x04,start_stop_audio,0
6856,866,13024836,13024840,6,0x07,send_buffer,1
6857,866,13024846,13024850,0,0x01,end_of_chunk,0
6858,867,13024854,13024858,1080,0x0F,set_decoding_map,0
6859,867,13025938,13025942,2952,0x08,audio_frame,0
6860,867,13028894,13028898,6,0x09,silence_frame,0
6861,867,13028904,13028908,14026,0x11,video_data_11,3
6862,867,13042934,13042938,132,0x13,documented_unknown_13,0
6863,867,13043070,13043074,0,0x04,start_stop_audio,0
6864,867,13043074,13043078,6,0x07,send_buffer,1
6865,867,13043084,13043088,0,0x01,end_of_chunk,0
6866,868,13043092,13043096,1080,0x0F,set_decoding_map,0
6867,868,13044176,13044180,2952,0x08,audio_frame,0
6868,868,13047132,13047136,6,0x09,silence_frame,0
6869,868,13047142,13047146,14062,0x11,video_data_11,3
6870,868,13061208,13061212,132,0x13,documented_unknown_13,0
6871,868,13061344,13061348,0,0x04,start_stop_audio,0
6872,868,13061348,13061352,6,0x07,send_buffer,1
6873,868,13061358,13061362,0,0x01,end_of_chunk,0
6874,869,13061366,13061370,1080,0x0F,set_decoding_map,0
6875,869,13062450,13062454,2952,0x08,audio_frame,0
6876,869,13065406,13065410,6,0x09,silence_frame,0
6877,869,13065416,13065420,14032,0x11,video_data_11,3
6878,869,13079452,13079456,132,0x13,documented_unknown_13,0
6879,869,13079588,13079592,0,0x04,start_stop_audio,0
6880,869,13079592,13079596,6,0x07,send_buffer,1
6881,869,13079602,13079606,0,0x01,end_of_chunk,0
6882,870,13079610,13079614,1080,0x0F,set_decoding_map,0
6883,870,13080694,13080698,2952,0x08,audio_frame,0
6884,870,13083650,13083654,6,0x09,silence_frame,0
6885,870,13083660,13083664,14040,0x11,video_data_11,3
6886,870,13097704,13097708,132,0x13,documented_unknown_13,0
6887,870,13097840,13097844,0,0x04,start_stop_audio,0
6888,870,13097844,13097848,6,0x07,send_buffer,1
6889,870,13097854,13097858,0,0x01,end_of_chunk,0
6890,871,13097862,13097866,1080,0x0F,set_decoding_map,0
6891,871,13098946,13098950,2952,0x08,audio_frame,0
6892,871,13101902,13101906,6,0x09,silence_frame,0
6893,871,13101912,13101916,14022,0x11,video_data_11,3
6894,871,13115938,13115942,132,0x13,documented_unknown_13,0
6895,871,13116074,13116078,0,0x04,start_stop_audio,0
6896,871,13116078,13116082,6,0x07,send_buffer,1
6897,871,13116088,13116092,0,0x01,end_of_chunk,0
6898,872,13116096,13116100,1080,0x0F,set_decoding_map,0
6899,872,13117180,13117184,2932,0x08,audio_frame,0
6900,872,13120116,13120120,6,0x09,silence_frame,0
6901,872,13120126,13120130,14042,0x11,video_data_11,3
6902,872,13134172,13134176,132,0x13,documented_unknown_13,0
6903,872,13134308,13134312,0,0x04,start_stop_audio,0
6904,872,13134312,13134316,6,0x07,send_buffer,1
6905,872,13134322,13134326,0,0x01,end_of_chunk,0
6906,873,13134330,13134334,1080,0x0F,set_decoding_map,0
6907,873,13135414,13135418,2952,0x08,audio_frame,0
6908,873,13138370,13138374,6,0x09,silence_frame,0
6909,873,13138380,13138384,14036,0x11,video_data_11,3
6910,873,13152420,13152424,132,0x13,documented_unknown_13,0
6911,873,13152556,13152560,0,0x04,start_stop_audio,0
6912,873,13152560,13152564,6,0x07,send_buffer,1
6913,873,13152570,13152574,0,0x01,end_of_chunk,0
6914,874,13152578,13152582,1080,0x0F,set_decoding_map,0
6915,874,13153662,13153666,2952,0x08,audio_frame,0
6916,874,13156618,13156622,6,0x09,silence_frame,0
6917,874,13156628,13156632,14082,0x11,video_data_11,3
6918,874,13170714,13170718,132,0x13,documented_unknown_13,0
6919,874,13170850,13170854,0,0x04,start_stop_audio,0
6920,874,13170854,13170858,6,0x07,send_buffer,1
6921,874,13170864,13170868,0,0x01,end_of_chunk,0
6922,875,13170872,13170876,1080,0x0F,set_decoding_map,0
6923,875,13171956,13171960,2952,0x08,audio_frame,0
6924,875,13174912,13174916,6,0x09,silence_frame,0
6925,875,13174922,13174926,14082,0x11,video_data_11,3
6926,875,13189008,13189012,132,0x13,documented_unknown_13,0
6927,875,13189144,13189148,0,0x04,start_stop_audio,0
6928,875,13189148,13189152,6,0x07,send_buffer,1
6929,875,13189158,13189162,0,0x01,end_of_chunk,0
6930,876,13189166,13189170,1080,0x0F,set_decoding_map,0
6931,876,13190250,13190254,2952,0x08,audio_frame,0
6932,876,13193206,13193210,6,0x09,silence_frame,0
6933,876,13193216,13193220,14048,0x11,video_data_11,3
6934,876,13207268,13207272,132,0x13,documented_unknown_13,0
6935,876,13207404,13207408,0,0x04,start_stop_audio,0
6936,876,13207408,13207412,6,0x07,send_buffer,1
6937,876,13207418,13207422,0,0x01,end_of_chunk,0
6938,877,13207426,13207430,1080,0x0F,set_decoding_map,0
6939,877,13208510,13208514,2952,0x08,audio_frame,0
6940,877,13211466,13211470,6,0x09,silence_frame,0
6941,877,13211476,13211480,14050,0x11,video_data_11,3
6942,877,13225530,13225534,132,0x13,documented_unknown_13,0
6943,877,13225666,13225670,0,0x04,start_stop_audio,0
6944,877,13225670,13225674,6,0x07,send_buffer,1
6945,877,13225680,13225684,0,0x01,end_of_chunk,0
6946,878,13225688,13225692,1080,0x0F,set_decoding_map,0
6947,878,13226772,13226776,2952,0x08,audio_frame,0
6948,878,13229728,13229732,6,0x09,silence_frame,0
6949,878,13229738,13229742,14028,0x11,video_data_11,3
6950,878,13243770,13243774,132,0x13,documented_unknown_13,0
6951,878,13243906,13243910,0,0x04,start_stop_audio,0
6952,878,13243910,13243914,6,0x07,send_buffer,1
6953,878,13243920,13243924,0,0x01,end_of_chunk,0
6954,879,13243928,13243932,1080,0x0F,set_decoding_map,0
6955,879,13245012,13245016,2952,0x08,audio_frame,0
6956,879,13247968,13247972,6,0x09,silence_frame,0
6957,879,13247978,13247982,14028,0x11,video_data_11,3
6958,879,13262010,13262014,132,0x13,documented_unknown_13,0
6959,879,13262146,13262150,0,0x04,start_stop_audio,0
6960,879,13262150,13262154,6,0x07,send_buffer,1
6961,879,13262160,13262164,0,0x01,end_of_chunk,0
6962,880,13262168,13262172,1080,0x0F,set_decoding_map,0
6963,880,13263252,13263256,2952,0x08,audio_frame,0
6964,880,13266208,13266212,6,0x09,silence_frame,0
6965,880,13266218,13266222,14050,0x11,video_data_11,3
6966,880,13280272,13280276,132,0x13,documented_unknown_13,0
6967,880,13280408,13280412,0,0x04,start_stop_audio,0
6968,880,13280412,13280416,6,0x07,send_buffer,1
6969,880,13280422,13280426,0,0x01,end_of_chunk,0
6970,881,13280430,13280434,1080,0x0F,set_decoding_map,0
6971,881,13281514,13281518,2952,0x08,audio_frame,0
6972,881,13284470,13284474,6,0x09,silence_frame,0
6973,881,13284480,13284484,14032,0x11,video_data_11,3
6974,881,13298516,13298520,132,0x13,documented_unknown_13,0
6975,881,13298652,13298656,0,0x04,start_stop_audio,0
6976,881,13298656,13298660,6,0x07,send_buffer,1
6977,881,13298666,13298670,0,0x01,end_of_chunk,0
6978,882,13298674,13298678,1080,0x0F,set_decoding_map,0
6979,882,13299758,13299762,2952,0x08,audio_frame,0
6980,882,13302714,13302718,6,0x09,silence_frame,0
6981,882,13302724,13302728,14036,0x11,video_data_11,3
6982,882,13316764,13316768,132,0x13,documented_unknown_13,0
6983,882,13316900,13316904,0,0x04,start_stop_audio,0
6984,882,13316904,13316908,6,0x07,send_buffer,1
6985,882,13316914,13316918,0,0x01,end_of_chunk,0
6986,883,13316922,13316926,1080,0x0F,set_decoding_map,0
6987,883,13318006,13318010,2952,0x08,audio_frame,0
6988,883,13320962,13320966,6,0x09,silence_frame,0
6989,883,13320972,13320976,14062,0x11,video_data_11,3
6990,883,13335038,13335042,132,0x13,documented_unknown_13,0
6991,883,13335174,13335178,0,0x04,start_stop_audio,0
6992,883,13335178,13335182,6,0x07,send_buffer,1
6993,883,13335188,13335192,0,0x01,end_of_chunk,0
6994,884,13335196,13335200,1080,0x0F,set_decoding_map,0
6995,884,13336280,13336284,2952,0x08,audio_frame,0
6996,884,13339236,13339240,6,0x09,silence_frame,0
6997,884,13339246,13339250,14038,0x11,video_data_11,3
6998,884,13353288,13353292,132,0x13,documented_unknown_13,0
6999,884,13353424,13353428,0,0x04,start_stop_audio,0
7000,884,13353428,13353432,6,0x07,send_buffer,1
7001,884,13353438,13353442,0,0x01,end_of_chunk,0
7002,885,13353446,13353450,1080,0x0F,set_decoding_map,0
7003,885,13354530,13354534,2952,0x08,audio_frame,0
7004,885,13357486,13357490,6,0x09,silence_frame,0
7005,885,13357496,13357500,14024,0x11,video_data_11,3
7006,885,13371524,13371528,132,0x13,documented_unknown_13,0
7007,885,13371660,13371664,0,0x04,start_stop_audio,0
7008,885,13371664,13371668,6,0x07,send_buffer,1
7009,885,13371674,13371678,0,0x01,end_of_chunk,0
7010,886,13371682,13371686,1080,0x0F,set_decoding_map,0
7011,886,13372766,13372770,2952,0x08,audio_frame,0
7012,886,13375722,13375726,6,0x09,silence_frame,0
7013,886,13375732,13375736,14038,0x11,video_data_11,3
7014,886,13389774,13389778,132,0x13,documented_unknown_13,0
7015,886,13389910,13389914,0,0x04,start_stop_audio,0
7016,886,13389914,13389918,6,0x07,send_buffer,1
7017,886,13389924,13389928,0,0x01,end_of_chunk,0
7018,887,13389932,13389936,1080,0x0F,set_decoding_map,0
7019,887,13391016,13391020,2932,0x08,audio_frame,0
7020,887,13393952,13393956,6,0x09,silence_frame,0
7021,887,13393962,13393966,14026,0x11,video_data_11,3
7022,887,13407992,13407996,132,0x13,documented_unknown_13,0
7023,887,13408128,13408132,0,0x04,start_stop_audio,0
7024,887,13408132,13408136,6,0x07,send_buffer,1
7025,887,13408142,13408146,0,0x01,end_of_chunk,0
7026,888,13408150,13408154,1080,0x0F,set_decoding_map,0
7027,888,13409234,13409238,2952,0x08,audio_frame,0
7028,888,13412190,13412194,6,0x09,silence_frame,0
7029,888,13412200,13412204,14034,0x11,video_data_11,3
7030,888,13426238,13426242,132,0x13,documented_unknown_13,0
7031,888,13426374,13426378,0,0x04,start_stop_audio,0
7032,888,13426378,13426382,6,0x07,send_buffer,1
7033,888,13426388,13426392,0,0x01,end_of_chunk,0
7034,889,13426396,13426400,1080,0x0F,set_decoding_map,0
7035,889,13427480,13427484,2952,0x08,audio_frame,0
7036,889,13430436,13430440,6,0x09,silence_frame,0
7037,889,13430446,13430450,14046,0x11,video_data_11,3
7038,889,13444496,13444500,132,0x13,documented_unknown_13,0
7039,889,13444632,13444636,0,0x04,start_stop_audio,0
7040,889,13444636,13444640,6,0x07,send_buffer,1
7041,889,13444646,13444650,0,0x01,end_of_chunk,0
7042,890,13444654,13444658,1080,0x0F,set_decoding_map,0
7043,890,13445738,13445742,2952,0x08,audio_frame,0
7044,890,13448694,13448698,6,0x09,silence_frame,0
7045,890,13448704,13448708,14052,0x11,video_data_11,3
7046,890,13462760,13462764,132,0x13,documented_unknown_13,0
7047,890,13462896,13462900,0,0x04,start_stop_audio,0
7048,890,13462900,13462904,6,0x07,send_buffer,1
7049,890,13462910,13462914,0,0x01,end_of_chunk,0
7050,891,13462918,13462922,1080,0x0F,set_decoding_map,0
7051,891,13464002,13464006,2952,0x08,audio_frame,0
7052,891,13466958,13466962,6,0x09,silence_frame,0
7053,891,13466968,13466972,14076,0x11,video_data_11,3
7054,891,13481048,13481052,132,0x13,documented_unknown_13,0
7055,891,13481184,13481188,0,0x04,start_stop_audio,0
7056,891,13481188,13481192,6,0x07,send_buffer,1
7057,891,13481198,13481202,0,0x01,end_of_chunk,0
7058,892,13481206,13481210,1080,0x0F,set_decoding_map,0
7059,892,13482290,13482294,2952,0x08,audio_frame,0
7060,892,13485246,13485250,6,0x09,silence_frame,0
7061,892,13485256,13485260,14072,0x11,video_data_11,3
7062,892,13499332,13499336,132,0x13,documented_unknown_13,0
7063,892,13499468,13499472,0,0x04,start_stop_audio,0
7064,892,13499472,13499476,6,0x07,send_buffer,1
7065,892,13499482,13499486,0,0x01,end_of_chunk,0
7066,893,13499490,13499494,1080,0x0F,set_decoding_map,0
7067,893,13500574,13500578,2952,0x08,audio_frame,0
7068,893,13503530,13503534,6,0x09,silence_frame,0
7069,893,13503540,13503544,14022,0x11,video_data_11,3
7070,893,13517566,13517570,132,0x13,documented_unknown_13,0
7071,893,13517702,13517706,0,0x04,start_stop_audio,0
7072,893,13517706,13517710,6,0x07,send_buffer,1
7073,893,13517716,13517720,0,0x01,end_of_chunk,0
7074,894,13517724,13517728,1080,0x0F,set_decoding_map,0
7075,894,13518808,13518812,2952,0x08,audio_frame,0
7076,894,13521764,13521768,6,0x09,silence_frame,0
7077,894,13521774,13521778,14024,0x11,video_data_11,3
7078,894,13535802,13535806,132,0x13,documented_unknown_13,0
7079,894,13535938,13535942,0,0x04,start_stop_audio,0
7080,894,13535942,13535946,6,0x07,send_buffer,1
7081,894,13535952,13535956,0,0x01,end_of_chunk,0
7082,895,13535960,13535964,1080,0x0F,set_decoding_map,0
7083,895,13537044,13537048,2952,0x08,audio_frame,0
7084,895,13540000,13540004,6,0x09,silence_frame,0
7085,895,13540010,13540014,14044,0x11,video_data_11,3
7086,895,13554058,13554062,132,0x13,documented_unknown_13,0
7087,895,13554194,13554198,0,0x04,start_stop_audio,0
7088,895,13554198,13554202,6,0x07,send_buffer,1
7089,895,13554208,13554212,0,0x01,end_of_chunk,0
7090,896,13554216,13554220,1080,0x0F,set_decoding_map,0
7091,896,13555300,13555304,2952,0x08,audio_frame,0
7092,896,13558256,13558260,6,0x09,silence_frame,0
7093,896,13558266,13558270,14030,0x11,video_data_11,3
7094,896,13572300,13572304,132,0x13,documented_unknown_13,0
7095,896,13572436,13572440,0,0x04,start_stop_audio,0
7096,896,13572440,13572444,6,0x07,send_buffer,1
7097,896,13572450,13572454,0,0x01,end_of_chunk,0
7098,897,13572458,13572462,1080,0x0F,set_decoding_map,0
7099,897,13573542,13573546,2952,0x08,audio_frame,0
7100,897,13576498,13576502,6,0x09,silence_frame,0
7101,897,13576508,13576512,14056,0x11,video_data_11,3
7102,897,13590568,13590572,132,0x13,documented_unknown_13,0
7103,897,13590704,13590708,0,0x04,start_stop_audio,0
7104,897,13590708,13590712,6,0x07,send_buffer,1
7105,897,13590718,13590722,0,0x01,end_of_chunk,0
7106,898,13590726,13590730,1080,0x0F,set_decoding_map,0
7107,898,13591810,13591814,2952,0x08,audio_frame,0
7108,898,13594766,13594770,6,0x09,silence_frame,0
7109,898,13594776,13594780,14074,0x11,video_data_11,3
7110,898,13608854,13608858,132,0x13,documented_unknown_13,0
7111,898,13608990,13608994,0,0x04,start_stop_audio,0
7112,898,13608994,13608998,6,0x07,send_buffer,1
7113,898,13609004,13609008,0,0x01,end_of_chunk,0
7114,899,13609012,13609016,1080,0x0F,set_decoding_map,0
7115,899,13610096,13610100,2952,0x08,audio_frame,0
7116,899,13613052,13613056,6,0x09,silence_frame,0
7117,899,13613062,13613066,14052,0x11,video_data_11,3
7118,899,13627118,13627122,132,0x13,documented_unknown_13,0
7119,899,13627254,13627258,0,0x04,start_stop_audio,0
7120,899,13627258,13627262,6,0x07,send_buffer,1
7121,899,13627268,13627272,0,0x01,end_of_chunk,0
7122,900,13627276,13627280,1080,0x0F,set_decoding_map,0
7123,900,13628360,13628364,2952,0x08,audio_frame,0
7124,900,13631316,13631320,6,0x09,silence_frame,0
7125,900,13631326,13631330,14022,0x11,video_data_11,3
7126,900,13645352,13645356,132,0x13,documented_unknown_13,0
7127,900,13645488,13645492,0,0x04,start_stop_audio,0
7128,900,13645492,13645496,6,0x07,send_buffer,1
7129,900,13645502,13645506,0,0x01,end_of_chunk,0
7130,901,13645510,13645514,1080,0x0F,set_decoding_map,0
7131,901,13646594,13646598,2952,0x08,audio_frame,0
7132,901,13649550,13649554,6,0x09,silence_frame,0
7133,901,13649560,13649564,14042,0x11,video_data_11,3
7134,901,13663606,13663610,132,0x13,documented_unknown_13,0
7135,901,13663742,13663746,0,0x04,start_stop_audio,0
7136,901,13663746,13663750,6,0x07,send_buffer,1
7137,901,13663756,13663760,0,0x01,end_of_chunk,0
7138,902,13663764,13663768,1080,0x0F,set_decoding_map,0
7139,902,13664848,13664852,2932,0x08,audio_frame,0
7140,902,13667784,13667788,6,0x09,silence_frame,0
7141,902,13667794,13667798,14032,0x11,video_data_11,3
7142,902,13681830,13681834,132,0x13,documented_unknown_13,0
7143,902,13681966,13681970,0,0x04,start_stop_audio,0
7144,902,13681970,13681974,6,0x07,send_buffer,1
7145,902,13681980,13681984,0,0x01,end_of_chunk,0
7146,903,13681988,13681992,1080,0x0F,set_decoding_map,0
7147,903,13683072,13683076,2952,0x08,audio_frame,0
7148,903,13686028,13686032,6,0x09,silence_frame,0
7149,903,13686038,13686042,14034,0x11,video_data_11,3
7150,903,13700076,13700080,132,0x13,documented_unknown_13,0
7151,903,13700212,13700216,0,0x04,start_stop_audio,0
7152,903,13700216,13700220,6,0x07,send_buffer,1
7153,903,13700226,13700230,0,0x01,end_of_chunk,0
7154,904,13700234,13700238,1080,0x0F,set_decoding_map,0
7155,904,13701318,13701322,2952,0x08,audio_frame,0
7156,904,13704274,13704278,6,0x09,silence_frame,0
7157,904,13704284,13704288,14066,0x11,video_data_11,3
7158,904,13718354,13718358,132,0x13,documented_unknown_13,0
7159,904,13718490,13718494,0,0x04,start_stop_audio,0
7160,904,13718494,13718498,6,0x07,send_buffer,1
7161,904,13718504,13718508,0,0x01,end_of_chunk,0
7162,905,13718512,13718516,1080,0x0F,set_decoding_map,0
7163,905,13719596,13719600,2952,0x08,audio_frame,0
7164,905,13722552,13722556,6,0x09,silence_frame,0
7165,905,13722562,13722566,14026,0x11,video_data_11,3
7166,905,13736592,13736596,132,0x13,documented_unknown_13,0
7167,905,13736728,13736732,0,0x04,start_stop_audio,0
7168,905,13736732,13736736,6,0x07,send_buffer,1
7169,905,13736742,13736746,0,0x01,end_of_chunk,0
7170,906,13736750,13736754,1080,0x0F,set_decoding_map,0
7171,906,13737834,13737838,2952,0x08,audio_frame,0
7172,906,13740790,13740794,6,0x09,silence_frame,0
7173,906,13740800,13740804,14036,0x11,video_data_11,3
7174,906,13754840,13754844,132,0x13,documented_unknown_13,0
7175,906,13754976,13754980,0,0x04,start_stop_audio,0
7176,906,13754980,13754984,6,0x07,send_buffer,1
7177,906,13754990,13754994,0,0x01,end_of_chunk,0
7178,907,13754998,13755002,1080,0x0F,set_decoding_map,0
7179,907,13756082,13756086,2952,0x08,audio_frame,0
7180,907,13759038,13759042,6,0x09,silence_frame,0
7181,907,13759048,13759052,14024,0x11,video_data_11,3
7182,907,13773076,13773080,132,0x13,documented_unknown_13,0
7183,907,13773212,13773216,0,0x04,start_stop_audio,0
7184,907,13773216,13773220,6,0x07,send_buffer,1
7185,907,13773226,13773230,0,0x01,end_of_chunk,0
7186,908,13773234,13773238,1080,0x0F,set_decoding_map,0
7187,908,13774318,13774322,2952,0x08,audio_frame,0
7188,908,13777274,13777278,6,0x09,silence_frame,0
7189,908,13777284,13777288,14078,0x11,video_data_11,3
7190,908,13791366,13791370,132,0x13,documented_unknown_13,0
7191,908,13791502,13791506,0,0x04,start_stop_audio,0
7192,908,13791506,13791510,6,0x07,send_buffer,1
7193,908,13791516,13791520,0,0x01,end_of_chunk,0
7194,909,13791524,13791528,1080,0x0F,set_decoding_map,0
7195,909,13792608,13792612,2952,0x08,audio_frame,0
7196,909,13795564,13795568,6,0x09,silence_frame,0
7197,909,13795574,13795578,14068,0x11,video_data_11,3
7198,909,13809646,13809650,132,0x13,documented_unknown_13,0
7199,909,13809782,13809786,0,0x04,start_stop_audio,0
7200,909,13809786,13809790,6,0x07,send_buffer,1
7201,909,13809796,13809800,0,0x01,end_of_chunk,0
7202,910,13809804,13809808,1080,0x0F,set_decoding_map,0
7203,910,13810888,13810892,2952,0x08,audio_frame,0
7204,910,13813844,13813848,6,0x09,silence_frame,0
7205,910,13813854,13813858,14028,0x11,video_data_11,3
7206,910,13827886,13827890,132,0x13,documented_unknown_13,0
7207,910,13828022,13828026,0,0x04,start_stop_audio,0
7208,910,13828026,13828030,6,0x07,send_buffer,1
7209,910,13828036,13828040,0,0x01,end_of_chunk,0
7210,911,13828044,13828048,1080,0x0F,set_decoding_map,0
7211,911,13829128,13829132,2952,0x08,audio_frame,0
7212,911,13832084,13832088,6,0x09,silence_frame,0
7213,911,13832094,13832098,14042,0x11,video_data_11,3
7214,911,13846140,13846144,132,0x13,documented_unknown_13,0
7215,911,13846276,13846280,0,0x04,start_stop_audio,0
7216,911,13846280,13846284,6,0x07,send_buffer,1
7217,911,13846290,13846294,0,0x01,end_of_chunk,0
7218,912,13846298,13846302,1080,0x0F,set_decoding_map,0
7219,912,13847382,13847386,2952,0x08,audio_frame,0
7220,912,13850338,13850342,6,0x09,silence_frame,0
7221,912,13850348,13850352,14048,0x11,video_data_11,3
7222,912,13864400,13864404,132,0x13,documented_unknown_13,0
7223,912,13864536,13864540,0,0x04,start_stop_audio,0
7224,912,13864540,13864544,6,0x07,send_buffer,1
7225,912,13864550,13864554,0,0x01,end_of_chunk,0
7226,913,13864558,13864562,1080,0x0F,set_decoding_map,0
7227,913,13865642,13865646,2952,0x08,audio_frame,0
7228,913,13868598,13868602,6,0x09,silence_frame,0
7229,913,13868608,13868612,14038,0x11,video_data_11,3
7230,913,13882650,13882654,132,0x13,documented_unknown_13,0
7231,913,13882786,13882790,0,0x04,start_stop_audio,0
7232,913,13882790,13882794,6,0x07,send_buffer,1
7233,913,13882800,13882804,0,0x01,end_of_chunk,0
7234,914,13882808,13882812,1080,0x0F,set_decoding_map,0
7235,914,13883892,13883896,2952,0x08,audio_frame,0
7236,914,13886848,13886852,6,0x09,silence_frame,0
7237,914,13886858,13886862,14058,0x11,video_data_11,3
7238,914,13900920,13900924,132,0x13,documented_unknown_13,0
7239,914,13901056,13901060,0,0x04,start_stop_audio,0
7240,914,13901060,13901064,6,0x07,send_buffer,1
7241,914,13901070,13901074,0,0x01,end_of_chunk,0
7242,915,13901078,13901082,1080,0x0F,set_decoding_map,0
7243,915,13902162,13902166,2952,0x08,audio_frame,0
7244,915,13905118,13905122,6,0x09,silence_frame,0
7245,915,13905128,13905132,14056,0x11,video_data_11,3
7246,915,13919188,13919192,132,0x13,documented_unknown_13,0
7247,915,13919324,13919328,0,0x04,start_stop_audio,0
7248,915,13919328,13919332,6,0x07,send_buffer,1
7249,915,13919338,13919342,0,0x01,end_of_chunk,0
7250,916,13919346,13919350,1080,0x0F,set_decoding_map,0
7251,916,13920430,13920434,2952,0x08,audio_frame,0
7252,916,13923386,13923390,6,0x09,silence_frame,0
7253,916,13923396,13923400,14032,0x11,video_data_11,3
7254,916,13937432,13937436,132,0x13,documented_unknown_13,0
7255,916,13937568,13937572,0,0x04,start_stop_audio,0
7256,916,13937572,13937576,6,0x07,send_buffer,1
7257,916,13937582,13937586,0,0x01,end_of_chunk,0
7258,917,13937590,13937594,1080,0x0F,set_decoding_map,0
7259,917,13938674,13938678,2932,0x08,audio_frame,0
7260,917,13941610,13941614,6,0x09,silence_frame,0
7261,917,13941620,13941624,14084,0x11,video_data_11,3
7262,917,13955708,13955712,132,0x13,documented_unknown_13,0
7263,917,13955844,13955848,0,0x04,start_stop_audio,0
7264,917,13955848,13955852,6,0x07,send_buffer,1
7265,917,13955858,13955862,0,0x01,end_of_chunk,0
7266,918,13955866,13955870,1080,0x0F,set_decoding_map,0
7267,918,13956950,13956954,2952,0x08,audio_frame,0
7268,918,13959906,13959910,6,0x09,silence_frame,0
7269,918,13959916,13959920,14024,0x11,video_data_11,3
7270,918,13973944,13973948,132,0x13,documented_unknown_13,0
7271,918,13974080,13974084,0,0x04,start_stop_audio,0
7272,918,13974084,13974088,6,0x07,send_buffer,1
7273,918,13974094,13974098,0,0x01,end_of_chunk,0
7274,919,13974102,13974106,1080,0x0F,set_decoding_map,0
7275,919,13975186,13975190,2952,0x08,audio_frame,0
7276,919,13978142,13978146,6,0x09,silence_frame,0
7277,919,13978152,13978156,14022,0x11,video_data_11,3
7278,919,13992178,13992182,132,0x13,documented_unknown_13,0
7279,919,13992314,13992318,0,0x04,start_stop_audio,0
7280,919,13992318,13992322,6,0x07,send_buffer,1
7281,919,13992328,13992332,0,0x01,end_of_chunk,0
7282,920,13992336,13992340,1080,0x0F,set_decoding_map,0
7283,920,13993420,13993424,2952,0x08,audio_frame,0
7284,920,13996376,13996380,6,0x09,silence_frame,0
7285,920,13996386,13996390,14050,0x11,video_data_11,3
7286,920,14010440,14010444,132,0x13,documented_unknown_13,0
7287,920,14010576,14010580,0,0x04,start_stop_audio,0
7288,920,14010580,14010584,6,0x07,send_buffer,1
7289,920,14010590,14010594,0,0x01,end_of_chunk,0
7290,921,14010598,14010602,1080,0x0F,set_decoding_map,0
7291,921,14011682,14011686,2952,0x08,audio_frame,0
7292,921,14014638,14014642,6,0x09,silence_frame,0
7293,921,14014648,14014652,14080,0x11,video_data_11,3
7294,921,14028732,14028736,132,0x13,documented_unknown_13,0
7295,921,14028868,14028872,0,0x04,start_stop_audio,0
7296,921,14028872,14028876,6,0x07,send_buffer,1
7297,921,14028882,14028886,0,0x01,end_of_chunk,0
7298,922,14028890,14028894,1080,0x0F,set_decoding_map,0
7299,922,14029974,14029978,2952,0x08,audio_frame,0
7300,922,14032930,14032934,6,0x09,silence_frame,0
7301,922,14032940,14032944,14036,0x11,video_data_11,3
7302,922,14046980,14046984,132,0x13,documented_unknown_13,0
7303,922,14047116,14047120,0,0x04,start_stop_audio,0
7304,922,14047120,14047124,6,0x07,send_buffer,1
7305,922,14047130,14047134,0,0x01,end_of_chunk,0
7306,923,14047138,14047142,1080,0x0F,set_decoding_map,0
7307,923,14048222,14048226,2952,0x08,audio_frame,0
7308,923,14051178,14051182,6,0x09,silence_frame,0
7309,923,14051188,14051192,14022,0x11,video_data_11,3
7310,923,14065214,14065218,132,0x13,documented_unknown_13,0
7311,923,14065350,14065354,0,0x04,start_stop_audio,0
7312,923,14065354,14065358,6,0x07,send_buffer,1
7313,923,14065364,14065368,0,0x01,end_of_chunk,0
7314,924,14065372,14065376,1080,0x0F,set_decoding_map,0
7315,924,14066456,14066460,2952,0x08,audio_frame,0
7316,924,14069412,14069416,6,0x09,silence_frame,0
7317,924,14069422,14069426,14040,0x11,video_data_11,3
7318,924,14083466,14083470,132,0x13,documented_unknown_13,0
7319,924,14083602,14083606,0,0x04,start_stop_audio,0
7320,924,14083606,14083610,6,0x07,send_buffer,1
7321,924,14083616,14083620,0,0x01,end_of_chunk,0
7322,925,14083624,14083628,1080,0x0F,set_decoding_map,0
7323,925,14084708,14084712,2952,0x08,audio_frame,0
7324,925,14087664,14087668,6,0x09,silence_frame,0
7325,925,14087674,14087678,14066,0x11,video_data_11,3
7326,925,14101744,14101748,132,0x13,documented_unknown_13,0
7327,925,14101880,14101884,0,0x04,start_stop_audio,0
7328,925,14101884,14101888,6,0x07,send_buffer,1
7329,925,14101894,14101898,0,0x01,end_of_chunk,0
7330,926,14101902,14101906,1080,0x0F,set_decoding_map,0
7331,926,14102986,14102990,2952,0x08,audio_frame,0
7332,926,14105942,14105946,6,0x09,silence_frame,0
7333,926,14105952,14105956,14054,0x11,video_data_11,3
7334,926,14120010,14120014,132,0x13,documented_unknown_13,0
7335,926,14120146,14120150,0,0x04,start_stop_audio,0
7336,926,14120150,14120154,6,0x07,send_buffer,1
7337,926,14120160,14120164,0,0x01,end_of_chunk,0
7338,927,14120168,14120172,1080,0x0F,set_decoding_map,0
7339,927,14121252,14121256,2952,0x08,audio_frame,0
7340,927,14124208,14124212,6,0x09,silence_frame,0
7341,927,14124218,14124222,14026,0x11,video_data_11,3
7342,927,14138248,14138252,132,0x13,documented_unknown_13,0
7343,927,14138384,14138388,0,0x04,start_stop_audio,0
7344,927,14138388,14138392,6,0x07,send_buffer,1
7345,927,14138398,14138402,0,0x01,end_of_chunk,0
7346,928,14138406,14138410,1080,0x0F,set_decoding_map,0
7347,928,14139490,14139494,2952,0x08,audio_frame,0
7348,928,14142446,14142450,6,0x09,silence_frame,0
7349,928,14142456,14142460,14030,0x11,video_data_11,3
7350,928,14156490,14156494,132,0x13,documented_unknown_13,0
7351,928,14156626,14156630,0,0x04,start_stop_audio,0
7352,928,14156630,14156634,6,0x07,send_buffer,1
7353,928,14156640,14156644,0,0x01,end_of_chunk,0
7354,929,14156648,14156652,1080,0x0F,set_decoding_map,0
7355,929,14157732,14157736,2952,0x08,audio_frame,0
7356,929,14160688,14160692,6,0x09,silence_frame,0
7357,929,14160698,14160702,14024,0x11,video_data_11,3
7358,929,14174726,14174730,132,0x13,documented_unknown_13,0
7359,929,14174862,14174866,0,0x04,start_stop_audio,0
7360,929,14174866,14174870,6,0x07,send_buffer,1
7361,929,14174876,14174880,0,0x01,end_of_chunk,0
7362,930,14174884,14174888,1080,0x0F,set_decoding_map,0
7363,930,14175968,14175972,2952,0x08,audio_frame,0
7364,930,14178924,14178928,6,0x09,silence_frame,0
7365,930,14178934,14178938,14074,0x11,video_data_11,3
7366,930,14193012,14193016,132,0x13,documented_unknown_13,0
7367,930,14193148,14193152,0,0x04,start_stop_audio,0
7368,930,14193152,14193156,6,0x07,send_buffer,1
7369,930,14193162,14193166,0,0x01,end_of_chunk,0
7370,931,14193170,14193174,1080,0x0F,set_decoding_map,0
7371,931,14194254,14194258,2952,0x08,audio_frame,0
7372,931,14197210,14197214,6,0x09,silence_frame,0
7373,931,14197220,14197224,14052,0x11,video_data_11,3
7374,931,14211276,14211280,132,0x13,documented_unknown_13,0
7375,931,14211412,14211416,0,0x04,start_stop_audio,0
7376,931,14211416,14211420,6,0x07,send_buffer,1
7377,931,14211426,14211430,0,0x01,end_of_chunk,0
7378,932,14211434,14211438,1080,0x0F,set_decoding_map,0
7379,932,14212518,14212522,2932,0x08,audio_frame,0
7380,932,14215454,14215458,6,0x09,silence_frame,0
7381,932,14215464,14215468,14054,0x11,video_data_11,3
7382,932,14229522,14229526,132,0x13,documented_unknown_13,0
7383,932,14229658,14229662,0,0x04,start_stop_audio,0
7384,932,14229662,14229666,6,0x07,send_buffer,1
7385,932,14229672,14229676,0,0x01,end_of_chunk,0
7386,933,14229680,14229684,1080,0x0F,set_decoding_map,0
7387,933,14230764,14230768,2952,0x08,audio_frame,0
7388,933,14233720,14233724,6,0x09,silence_frame,0
7389,933,14233730,14233734,14064,0x11,video_data_11,3
7390,933,14247798,14247802,132,0x13,documented_unknown_13,0
7391,933,14247934,14247938,0,0x04,start_stop_audio,0
7392,933,14247938,14247942,6,0x07,send_buffer,1
7393,933,14247948,14247952,0,0x01,end_of_chunk,0
7394,934,14247956,14247960,1080,0x0F,set_decoding_map,0
7395,934,14249040,14249044,2952,0x08,audio_frame,0
7396,934,14251996,14252000,6,0x09,silence_frame,0
7397,934,14252006,14252010,14062,0x11,video_data_11,3
7398,934,14266072,14266076,132,0x13,documented_unknown_13,0
7399,934,14266208,14266212,0,0x04,start_stop_audio,0
7400,934,14266212,14266216,6,0x07,send_buffer,1
7401,934,14266222,14266226,0,0x01,end_of_chunk,0
7402,935,14266230,14266234,1080,0x0F,set_decoding_map,0
7403,935,14267314,14267318,2952,0x08,audio_frame,0
7404,935,14270270,14270274,6,0x09,silence_frame,0
7405,935,14270280,14270284,14040,0x11,video_data_11,3
7406,935,14284324,14284328,132,0x13,documented_unknown_13,0
7407,935,14284460,14284464,0,0x04,start_stop_audio,0
7408,935,14284464,14284468,6,0x07,send_buffer,1
7409,935,14284474,14284478,0,0x01,end_of_chunk,0
7410,936,14284482,14284486,1080,0x0F,set_decoding_map,0
7411,936,14285566,14285570,2952,0x08,audio_frame,0
7412,936,14288522,14288526,6,0x09,silence_frame,0
7413,936,14288532,14288536,14042,0x11,video_data_11,3
7414,936,14302578,14302582,132,0x13,documented_unknown_13,0
7415,936,14302714,14302718,0,0x04,start_stop_audio,0
7416,936,14302718,14302722,6,0x07,send_buffer,1
7417,936,14302728,14302732,0,0x01,end_of_chunk,0
7418,937,14302736,14302740,1080,0x0F,set_decoding_map,0
7419,937,14303820,14303824,2952,0x08,audio_frame,0
7420,937,14306776,14306780,6,0x09,silence_frame,0
7421,937,14306786,14306790,14062,0x11,video_data_11,3
7422,937,14320852,14320856,132,0x13,documented_unknown_13,0
7423,937,14320988,14320992,0,0x04,start_stop_audio,0
7424,937,14320992,14320996,6,0x07,send_buffer,1
7425,937,14321002,14321006,0,0x01,end_of_chunk,0
7426,938,14321010,14321014,1080,0x0F,set_decoding_map,0
7427,938,14322094,14322098,2952,0x08,audio_frame,0
7428,938,14325050,14325054,6,0x09,silence_frame,0
7429,938,14325060,14325064,14050,0x11,video_data_11,3
7430,938,14339114,14339118,132,0x13,documented_unknown_13,0
7431,938,14339250,14339254,0,0x04,start_stop_audio,0
7432,938,14339254,14339258,6,0x07,send_buffer,1
7433,938,14339264,14339268,0,0x01,end_of_chunk,0
7434,939,14339272,14339276,1080,0x0F,set_decoding_map,0
7435,939,14340356,14340360,2952,0x08,audio_frame,0
7436,939,14343312,14343316,6,0x09,silence_frame,0
7437,939,14343322,14343326,14084,0x11,video_data_11,3
7438,939,14357410,14357414,132,0x13,documented_unknown_13,0
7439,939,14357546,14357550,0,0x04,start_stop_audio,0
7440,939,14357550,14357554,6,0x07,send_buffer,1
7441,939,14357560,14357564,0,0x01,end_of_chunk,0
7442,940,14357568,14357572,1080,0x0F,set_decoding_map,0
7443,940,14358652,14358656,2952,0x08,audio_frame,0
7444,940,14361608,14361612,6,0x09,silence_frame,0
7445,940,14361618,14361622,14024,0x11,video_data_11,3
7446,940,14375646,14375650,132,0x13,documented_unknown_13,0
7447,940,14375782,14375786,0,0x04,start_stop_audio,0
7448,940,14375786,14375790,6,0x07,send_buffer,1
7449,940,14375796,14375800,0,0x01,end_of_chunk,0
7450,941,14375804,14375808,1080,0x0F,set_decoding_map,0
7451,941,14376888,14376892,2952,0x08,audio_frame,0
7452,941,14379844,14379848,6,0x09,silence_frame,0
7453,941,14379854,14379858,14052,0x11,video_data_11,3
7454,941,14393910,14393914,132,0x13,documented_unknown_13,0
7455,941,14394046,14394050,0,0x04,start_stop_audio,0
7456,941,14394050,14394054,6,0x07,send_buffer,1
7457,941,14394060,14394064,0,0x01,end_of_chunk,0
7458,942,14394068,14394072,1080,0x0F,set_decoding_map,0
7459,942,14395152,14395156,2952,0x08,audio_frame,0
7460,942,14398108,14398112,6,0x09,silence_frame,0
7461,942,14398118,14398122,14040,0x11,video_data_11,3
7462,942,14412162,14412166,132,0x13,documented_unknown_13,0
7463,942,14412298,14412302,0,0x04,start_stop_audio,0
7464,942,14412302,14412306,6,0x07,send_buffer,1
7465,942,14412312,14412316,0,0x01,end_of_chunk,0
7466,943,14412320,14412324,1080,0x0F,set_decoding_map,0
7467,943,14413404,14413408,2952,0x08,audio_frame,0
7468,943,14416360,14416364,6,0x09,silence_frame,0
7469,943,14416370,14416374,14072,0x11,video_data_11,3
7470,943,14430446,14430450,132,0x13,documented_unknown_13,0
7471,943,14430582,14430586,0,0x04,start_stop_audio,0
7472,943,14430586,14430590,6,0x07,send_buffer,1
7473,943,14430596,14430600,0,0x01,end_of_chunk,0
7474,944,14430604,14430608,1080,0x0F,set_decoding_map,0
7475,944,14431688,14431692,2952,0x08,audio_frame,0
7476,944,14434644,14434648,6,0x09,silence_frame,0
7477,944,14434654,14434658,14078,0x11,video_data_11,3
7478,944,14448736,14448740,132,0x13,documented_unknown_13,0
7479,944,14448872,14448876,0,0x04,start_stop_audio,0
7480,944,14448876,14448880,6,0x07,send_buffer,1
7481,944,14448886,14448890,0,0x01,end_of_chunk,0
7482,945,14448894,14448898,1080,0x0F,set_decoding_map,0
7483,945,14449978,14449982,2952,0x08,audio_frame,0
7484,945,14452934,14452938,6,0x09,silence_frame,0
7485,945,14452944,14452948,14038,0x11,video_data_11,3
7486,945,14466986,14466990,132,0x13,documented_unknown_13,0
7487,945,14467122,14467126,0,0x04,start_stop_audio,0
7488,945,14467126,14467130,6,0x07,send_buffer,1
7489,945,14467136,14467140,0,0x01,end_of_chunk,0
7490,946,14467144,14467148,1080,0x0F,set_decoding_map,0
7491,946,14468228,14468232,2952,0x08,audio_frame,0
7492,946,14471184,14471188,6,0x09,silence_frame,0
7493,946,14471194,14471198,14022,0x11,video_data_11,3
7494,946,14485220,14485224,132,0x13,documented_unknown_13,0
7495,946,14485356,14485360,0,0x04,start_stop_audio,0
7496,946,14485360,14485364,6,0x07,send_buffer,1
7497,946,14485370,14485374,0,0x01,end_of_chunk,0
7498,947,14485378,14485382,1080,0x0F,set_decoding_map,0
7499,947,14486462,14486466,2932,0x08,audio_frame,0
7500,947,14489398,14489402,6,0x09,silence_frame,0
7501,947,14489408,14489412,14066,0x11,video_data_11,3
7502,947,14503478,14503482,132,0x13,documented_unknown_13,0
7503,947,14503614,14503618,0,0x04,start_stop_audio,0
7504,947,14503618,14503622,6,0x07,send_buffer,1
7505,947,14503628,14503632,0,0x01,end_of_chunk,0
7506,948,14503636,14503640,1080,0x0F,set_decoding_map,0
7507,948,14504720,14504724,2952,0x08,audio_frame,0
7508,948,14507676,14507680,6,0x09,silence_frame,0
7509,948,14507686,14507690,14068,0x11,video_data_11,3
7510,948,14521758,14521762,132,0x13,documented_unknown_13,0
7511,948,14521894,14521898,0,0x04,start_stop_audio,0
7512,948,14521898,14521902,6,0x07,send_buffer,1
7513,948,14521908,14521912,0,0x01,end_of_chunk,0
7514,949,14521916,14521920,1080,0x0F,set_decoding_map,0
7515,949,14523000,14523004,2952,0x08,audio_frame,0
7516,949,14525956,14525960,6,0x09,silence_frame,0
7517,949,14525966,14525970,14040,0x11,video_data_11,3
7518,949,14540010,14540014,132,0x13,documented_unknown_13,0
7519,949,14540146,14540150,0,0x04,start_stop_audio,0
7520,949,14540150,14540154,6,0x07,send_buffer,1
7521,949,14540160,14540164,0,0x01,end_of_chunk,0
7522,950,14540168,14540172,1080,0x0F,set_decoding_map,0
7523,950,14541252,14541256,2952,0x08,audio_frame,0
7524,950,14544208,14544212,6,0x09,silence_frame,0
7525,950,14544218,14544222,14060,0x11,video_data_11,3
7526,950,14558282,14558286,132,0x13,documented_unknown_13,0
7527,950,14558418,14558422,0,0x04,start_stop_audio,0
7528,950,14558422,14558426,6,0x07,send_buffer,1
7529,950,14558432,14558436,0,0x01,end_of_chunk,0
7530,951,14558440,14558444,1080,0x0F,set_decoding_map,0
7531,951,14559524,14559528,2952,0x08,audio_frame,0
7532,951,14562480,14562484,6,0x09,silence_frame,0
7533,951,14562490,14562494,14024,0x11,video_data_11,3
7534,951,14576518,14576522,132,0x13,documented_unknown_13,0
7535,951,14576654,14576658,0,0x04,start_stop_audio,0
7536,951,14576658,14576662,6,0x07,send_buffer,1
7537,951,14576668,14576672,0,0x01,end_of_chunk,0
7538,952,14576676,14576680,1080,0x0F,set_decoding_map,0
7539,952,14577760,14577764,2952,0x08,audio_frame,0
7540,952,14580716,14580720,6,0x09,silence_frame,0
7541,952,14580726,14580730,14044,0x11,video_data_11,3
7542,952,14594774,14594778,132,0x13,documented_unknown_13,0
7543,952,14594910,14594914,0,0x04,start_stop_audio,0
7544,952,14594914,14594918,6,0x07,send_buffer,1
7545,952,14594924,14594928,0,0x01,end_of_chunk,0
7546,953,14594932,14594936,1080,0x0F,set_decoding_map,0
7547,953,14596016,14596020,2952,0x08,audio_frame,0
7548,953,14598972,14598976,6,0x09,silence_frame,0
7549,953,14598982,14598986,14040,0x11,video_data_11,3
7550,953,14613026,14613030,132,0x13,documented_unknown_13,0
7551,953,14613162,14613166,0,0x04,start_stop_audio,0
7552,953,14613166,14613170,6,0x07,send_buffer,1
7553,953,14613176,14613180,0,0x01,end_of_chunk,0
7554,954,14613184,14613188,1080,0x0F,set_decoding_map,0
7555,954,14614268,14614272,2952,0x08,audio_frame,0
7556,954,14617224,14617228,6,0x09,silence_frame,0
7557,954,14617234,14617238,14076,0x11,video_data_11,3
7558,954,14631314,14631318,132,0x13,documented_unknown_13,0
7559,954,14631450,14631454,0,0x04,start_stop_audio,0
7560,954,14631454,14631458,6,0x07,send_buffer,1
7561,954,14631464,14631468,0,0x01,end_of_chunk,0
7562,955,14631472,14631476,1080,0x0F,set_decoding_map,0
7563,955,14632556,14632560,2952,0x08,audio_frame,0
7564,955,14635512,14635516,6,0x09,silence_frame,0
7565,955,14635522,14635526,14058,0x11,video_data_11,3
7566,955,14649584,14649588,132,0x13,documented_unknown_13,0
7567,955,14649720,14649724,0,0x04,start_stop_audio,0
7568,955,14649724,14649728,6,0x07,send_buffer,1
7569,955,14649734,14649738,0,0x01,end_of_chunk,0
7570,956,14649742,14649746,1080,0x0F,set_decoding_map,0
7571,956,14650826,14650830,2952,0x08,audio_frame,0
7572,956,14653782,14653786,6,0x09,silence_frame,0
7573,956,14653792,14653796,14078,0x11,video_data_11,3
7574,956,14667874,14667878,132,0x13,documented_unknown_13,0
7575,956,14668010,14668014,0,0x04,start_stop_audio,0
7576,956,14668014,14668018,6,0x07,send_buffer,1
7577,956,14668024,14668028,0,0x01,end_of_chunk,0
7578,957,14668032,14668036,1080,0x0F,set_decoding_map,0
7579,957,14669116,14669120,2952,0x08,audio_frame,0
7580,957,14672072,14672076,6,0x09,silence_frame,0
7581,957,14672082,14672086,14038,0x11,video_data_11,3
7582,957,14686124,14686128,132,0x13,documented_unknown_13,0
7583,957,14686260,14686264,0,0x04,start_stop_audio,0
7584,957,14686264,14686268,6,0x07,send_buffer,1
7585,957,14686274,14686278,0,0x01,end_of_chunk,0
7586,958,14686282,14686286,1080,0x0F,set_decoding_map,0
7587,958,14687366,14687370,2952,0x08,audio_frame,0
7588,958,14690322,14690326,6,0x09,silence_frame,0
7589,958,14690332,14690336,14074,0x11,video_data_11,3
7590,958,14704410,14704414,132,0x13,documented_unknown_13,0
7591,958,14704546,14704550,0,0x04,start_stop_audio,0
7592,958,14704550,14704554,6,0x07,send_buffer,1
7593,958,14704560,14704564,0,0x01,end_of_chunk,0
7594,959,14704568,14704572,1080,0x0F,set_decoding_map,0
7595,959,14705652,14705656,2952,0x08,audio_frame,0
7596,959,14708608,14708612,6,0x09,silence_frame,0
7597,959,14708618,14708622,14064,0x11,video_data_11,3
7598,959,14722686,14722690,132,0x13,documented_unknown_13,0
7599,959,14722822,14722826,0,0x04,start_stop_audio,0
7600,959,14722826,14722830,6,0x07,send_buffer,1
7601,959,14722836,14722840,0,0x01,end_of_chunk,0
7602,960,14722844,14722848,1080,0x0F,set_decoding_map,0
7603,960,14723928,14723932,2952,0x08,audio_frame,0
7604,960,14726884,14726888,6,0x09,silence_frame,0
7605,960,14726894,14726898,14066,0x11,video_data_11,3
7606,960,14740964,14740968,132,0x13,documented_unknown_13,0
7607,960,14741100,14741104,0,0x04,start_stop_audio,0
7608,960,14741104,14741108,6,0x07,send_buffer,1
7609,960,14741114,14741118,0,0x01,end_of_chunk,0
7610,961,14741122,14741126,2952,0x08,audio_frame,0
7611,961,14744078,14744082,6,0x09,silence_frame,0
7612,961,14744088,14744092,0,0x04,start_stop_audio,0
7613,961,14744092,14744096,6,0x07,send_buffer,1
7614,961,14744102,14744106,0,0x01,end_of_chunk,0
7615,962,14744110,14744114,6,0x09,silence_frame,0
7616,962,14744120,14744124,0,0x04,start_stop_audio,0
7617,962,14744124,14744128,6,0x07,send_buffer,1
7618,962,14744134,14744138,0,0x01,end_of_chunk,0
7619,963,14744142,14744146,6,0x09,silence_frame,0
7620,963,14744152,14744156,0,0x04,start_stop_audio,0
7621,963,14744156,14744160,6,0x07,send_buffer,1
7622,963,14744166,14744170,0,0x01,end_of_chunk,0
7623,964,14744174,14744178,6,0x09,silence_frame,0
7624,964,14744184,14744188,0,0x04,start_stop_audio,0
7625,964,14744188,14744192,6,0x07,send_buffer,1
7626,964,14744198,14744202,0,0x01,end_of_chunk,0
7627,965,14744206,14744210,6,0x09,silence_frame,0
7628,965,14744216,14744220,0,0x04,start_stop_audio,0
7629,965,14744220,14744224,6,0x07,send_buffer,1
7630,965,14744230,14744234,0,0x01,end_of_chunk,0
7631,966,14744238,14744242,6,0x09,silence_frame,0
7632,966,14744248,14744252,0,0x04,start_stop_audio,0
7633,966,14744252,14744256,6,0x07,send_buffer,1
7634,966,14744262,14744266,0,0x01,end_of_chunk,0
7635,967,14744270,14744274,6,0x09,silence_frame,0
7636,967,14744280,14744284,0,0x04,start_stop_audio,0
7637,967,14744284,14744288,6,0x07,send_buffer,1
7638,967,14744294,14744298,0,0x01,end_of_chunk,0
7639,968,14744302,14744306,6,0x09,silence_frame,0
7640,968,14744312,14744316,0,0x04,start_stop_audio,0
7641,968,14744316,14744320,6,0x07,send_buffer,1
7642,968,14744326,14744330,0,0x01,end_of_chunk,0
7643,969,14744334,14744338,6,0x09,silence_frame,0
7644,969,14744344,14744348,0,0x04,start_stop_audio,0
7645,969,14744348,14744352,6,0x07,send_buffer,1
7646,969,14744358,14744362,0,0x01,end_of_chunk,0
7647,970,14744366,14744370,6,0x09,silence_frame,0
7648,970,14744376,14744380,0,0x04,start_stop_audio,0
7649,970,14744380,14744384,6,0x07,send_buffer,1
7650,970,14744390,14744394,0,0x01,end_of_chunk,0
7651,971,14744398,14744402,6,0x09,silence_frame,0
7652,971,14744408,14744412,0,0x04,start_stop_audio,0
7653,971,14744412,14744416,6,0x07,send_buffer,1
7654,971,14744422,14744426,0,0x01,end_of_chunk,0
7655,972,14744430,14744434,6,0x09,silence_frame,0
7656,972,14744440,14744444,0,0x04,start_stop_audio,0
7657,972,14744444,14744448,6,0x07,send_buffer,1
7658,972,14744454,14744458,0,0x01,end_of_chunk,0
7659,973,14744462,14744466,6,0x09,silence_frame,0
7660,973,14744472,14744476,0,0x04,start_stop_audio,0
7661,973,14744476,14744480,6,0x07,send_buffer,1
7662,973,14744486,14744490,0,0x01,end_of_chunk,0
7663,974,14744494,14744498,6,0x09,silence_frame,0
7664,974,14744504,14744508,0,0x04,start_stop_audio,0
7665,974,14744508,14744512,6,0x07,send_buffer,1
7666,974,14744518,14744522,0,0x01,end_of_chunk,0
7667,975,14744526,14744530,6,0x09,silence_frame,0
7668,975,14744536,14744540,0,0x04,start_stop_audio,0
7669,975,14744540,14744544,6,0x07,send_buffer,1
7670,975,14744550,14744554,0,0x01,end_of_chunk,0
7671,976,14744558,14744562,6,0x0A,init_video_mode,0
7672,976,14744568,14744572,8,0x05,init_video_buffers,2
7673,976,14744580,14744584,766,0x0C,set_palette,0
7674,976,14745350,14745354,4,0x15,documented_unknown_15,0
7675,976,14745358,14745362,0,0x01,end_of_chunk,0
7676,977,14745366,14745370,10,0x03,init_audio_buffers,1
7677,977,14745380,14745384,0,0x01,end_of_chunk,0
7678,978,14745388,14745392,2932,0x08,audio_frame,0
7679,978,14748324,14748328,6,0x09,silence_frame,0
7680,978,14748334,14748338,0,0x01,end_of_chunk,0
7681,979,14748342,14748346,2952,0x08,audio_frame,0
7682,979,14751298,14751302,6,0x09,silence_frame,0
7683,979,14751308,14751312,0,0x01,end_of_chunk,0
7684,980,14751316,14751320,2952,0x08,audio_frame,0
7685,980,14754272,14754276,6,0x09,silence_frame,0
7686,980,14754282,14754286,0,0x01,end_of_chunk,0
7687,981,14754290,14754294,2952,0x08,audio_frame,0
7688,981,14757246,14757250,6,0x09,silence_frame,0
7689,981,14757256,14757260,0,0x01,end_of_chunk,0
7690,982,14757264,14757268,2952,0x08,audio_frame,0
7691,982,14760220,14760224,6,0x09,silence_frame,0
7692,982,14760230,14760234,0,0x01,end_of_chunk,0
7693,983,14760238,14760242,2952,0x08,audio_frame,0
7694,983,14763194,14763198,6,0x09,silence_frame,0
7695,983,14763204,14763208,0,0x01,end_of_chunk,0
7696,984,14763212,14763216,2952,0x08,audio_frame,0
7697,984,14766168,14766172,6,0x09,silence_frame,0
7698,984,14766178,14766182,0,0x01,end_of_chunk,0
7699,985,14766186,14766190,2952,0x08,audio_frame,0
7700,985,14769142,14769146,6,0x09,silence_frame,0
7701,985,14769152,14769156,0,0x01,end_of_chunk,0
7702,986,14769160,14769164,2952,0x08,audio_frame,0
7703,986,14772116,14772120,6,0x09,silence_frame,0
7704,986,14772126,14772130,0,0x01,end_of_chunk,0
7705,987,14772134,14772138,2952,0x08,audio_frame,0
7706,987,14775090,14775094,6,0x09,silence_frame,0
7707,987,14775100,14775104,0,0x01,end_of_chunk,0
7708,988,14775108,14775112,2952,0x08,audio_frame,0
7709,988,14778064,14778068,6,0x09,silence_frame,0
7710,988,14778074,14778078,0,0x01,end_of_chunk,0
7711,989,14778082,14778086,2952,0x08,audio_frame,0
7712,989,14781038,14781042,6,0x09,silence_frame,0
7713,989,14781048,14781052,0,0x01,end_of_chunk,0
7714,990,14781056,14781060,2952,0x08,audio_frame,0
7715,990,14784012,14784016,6,0x09,silence_frame,0
7716,990,14784022,14784026,0,0x01,end_of_chunk,0
7717,991,14784030,14784034,2952,0x08,audio_frame,0
7718,991,14786986,14786990,6,0x09,silence_frame,0
7719,991,14786996,14787000,0,0x01,end_of_chunk,0
7720,992,14787004,14787008,6,0x02,create_timer,0
7721,992,14787014,14787018,1080,0x0F,set_decoding_map,0
7722,992,14788098,14788102,2952,0x08,audio_frame,0
7723,992,14791054,14791058,6,0x09,silence_frame,0
7724,992,14791064,14791068,44408,0x11,video_data_11,3
7725,992,14835476,14835480,132,0x13,documented_unknown_13,0
7726,992,14835612,14835616,0,0x04,start_stop_audio,0
7727,992,14835616,14835620,6,0x07,send_buffer,1
7728,992,14835626,14835630,0,0x01,end_of_chunk,0
7729,993,14835634,14835638,1080,0x0F,set_decoding_map,0
7730,993,14836718,14836722,2932,0x08,audio_frame,0
7731,993,14839654,14839658,6,0x09,silence_frame,0
7732,993,14839664,14839668,14064,0x11,video_data_11,3
7733,993,14853732,14853736,132,0x13,documented_unknown_13,0
7734,993,14853868,14853872,0,0x04,start_stop_audio,0
7735,993,14853872,14853876,6,0x07,send_buffer,1
7736,993,14853882,14853886,0,0x01,end_of_chunk,0
7737,994,14853890,14853894,1080,0x0F,set_decoding_map,0
7738,994,14854974,14854978,2952,0x08,audio_frame,0
7739,994,14857930,14857934,6,0x09,silence_frame,0
7740,994,14857940,14857944,14074,0x11,video_data_11,3
7741,994,14872018,14872022,132,0x13,documented_unknown_13,0
7742,994,14872154,14872158,0,0x04,start_stop_audio,0
7743,994,14872158,14872162,6,0x07,send_buffer,1
7744,994,14872168,14872172,0,0x01,end_of_chunk,0
7745,995,14872176,14872180,1080,0x0F,set_decoding_map,0
7746,995,14873260,14873264,2952,0x08,audio_frame,0
7747,995,14876216,14876220,6,0x09,silence_frame,0
7748,995,14876226,14876230,14026,0x11,video_data_11,3
7749,995,14890256,14890260,132,0x13,documented_unknown_13,0
7750,995,14890392,14890396,0,0x04,start_stop_audio,0
7751,995,14890396,14890400,6,0x07,send_buffer,1
7752,995,14890406,14890410,0,0x01,end_of_chunk,0
7753,996,14890414,14890418,1080,0x0F,set_decoding_map,0
7754,996,14891498,14891502,2952,0x08,audio_frame,0
7755,996,14894454,14894458,6,0x09,silence_frame,0
7756,996,14894464,14894468,14032,0x11,video_data_11,3
7757,996,14908500,14908504,132,0x13,documented_unknown_13,0
7758,996,14908636,14908640,0,0x04,start_stop_audio,0
7759,996,14908640,14908644,6,0x07,send_buffer,1
7760,996,14908650,14908654,0,0x01,end_of_chunk,0
7761,997,14908658,14908662,1080,0x0F,set_decoding_map,0
7762,997,14909742,14909746,2952,0x08,audio_frame,0
7763,997,14912698,14912702,6,0x09,silence_frame,0
7764,997,14912708,14912712,14074,0x11,video_data_11,3
7765,997,14926786,14926790,132,0x13,documented_unknown_13,0
7766,997,14926922,14926926,0,0x04,start_stop_audio,0
7767,997,14926926,14926930,6,0x07,send_buffer,1
7768,997,14926936,14926940,0,0x01,end_of_chunk,0
7769,998,14926944,14926948,1080,0x0F,set_decoding_map,0
7770,998,14928028,14928032,2952,0x08,audio_frame,0
7771,998,14930984,14930988,6,0x09,silence_frame,0
7772,998,14930994,14930998,14028,0x11,video_data_11,3
7773,998,14945026,14945030,132,0x13,documented_unknown_13,0
7774,998,14945162,14945166,0,0x04,start_stop_audio,0
7775,998,14945166,14945170,6,0x07,send_buffer,1
7776,998,14945176,14945180,0,0x01,end_of_chunk,0
7777,999,14945184,14945188,1080,0x0F,set_decoding_map,0
7778,999,14946268,14946272,2952,0x08,audio_frame,0
7779,999,14949224,14949228,6,0x09,silence_frame,0
7780,999,14949234,14949238,14044,0x11,video_data_11,3
7781,999,14963282,14963286,132,0x13,documented_unknown_13,0
7782,999,14963418,14963422,0,0x04,start_stop_audio,0
7783,999,14963422,14963426,6,0x07,send_buffer,1
7784,999,14963432,14963436,0,0x01,end_of_chunk,0
7785,1000,14963440,14963444,1080,0x0F,set_decoding_map,0
7786,1000,14964524,14964528,2952,0x08,audio_frame,0
7787,1000,14967480,14967484,6,0x09,silence_frame,0
7788,1000,14967490,14967494,14082,0x11,video_data_11,3
7789,1000,14981576,14981580,132,0x13,documented_unknown_13,0
7790,1000,14981712,14981716,0,0x04,start_stop_audio,0
7791,1000,14981716,14981720,6,0x07,send_buffer,1
7792,1000,14981726,14981730,0,0x01,end_of_chunk,0
7793,1001,14981734,14981738,1080,0x0F,set_decoding_map,0
7794,1001,14982818,14982822,2952,0x08,audio_frame,0
7795,1001,14985774,14985778,6,0x09,silence_frame,0
7796,1001,14985784,14985788,14034,0x11,video_data_11,3
7797,1001,14999822,14999826,132,0x13,documented_unknown_13,0
7798,1001,14999958,14999962,0,0x04,start_stop_audio,0
7799,1001,14999962,14999966,6,0x07,send_buffer,1
7800,1001,14999972,14999976,0,0x01,end_of_chunk,0
7801,1002,14999980,14999984,1080,0x0F,set_decoding_map,0
7802,1002,15001064,15001068,2952,0x08,audio_frame,0
7803,1002,15004020,15004024,6,0x09,silence_frame,0
7804,1002,15004030,15004034,14048,0x11,video_data_11,3
7805,1002,15018082,15018086,132,0x13,documented_unknown_13,0
7806,1002,15018218,15018222,0,0x04,start_stop_audio,0
7807,1002,15018222,15018226,6,0x07,send_buffer,1
7808,1002,15018232,15018236,0,0x01,end_of_chunk,0
7809,1003,15018240,15018244,1080,0x0F,set_decoding_map,0
7810,1003,15019324,15019328,2952,0x08,audio_frame,0
7811,1003,15022280,15022284,6,0x09,silence_frame,0
7812,1003,15022290,15022294,14084,0x11,video_data_11,3
7813,1003,15036378,15036382,132,0x13,documented_unknown_13,0
7814,1003,15036514,15036518,0,0x04,start_stop_audio,0
7815,1003,15036518,15036522,6,0x07,send_buffer,1
7816,1003,15036528,15036532,0,0x01,end_of_chunk,0
7817,1004,15036536,15036540,1080,0x0F,set_decoding_map,0
7818,1004,15037620,15037624,2952,0x08,audio_frame,0
7819,1004,15040576,15040580,6,0x09,silence_frame,0
7820,1004,15040586,15040590,14070,0x11,video_data_11,3
7821,1004,15054660,15054664,132,0x13,documented_unknown_13,0
7822,1004,15054796,15054800,0,0x04,start_stop_audio,0
7823,1004,15054800,15054804,6,0x07,send_buffer,1
7824,1004,15054810,15054814,0,0x01,end_of_chunk,0
7825,1005,15054818,15054822,1080,0x0F,set_decoding_map,0
7826,1005,15055902,15055906,2952,0x08,audio_frame,0
7827,1005,15058858,15058862,6,0x09,silence_frame,0
7828,1005,15058868,15058872,14066,0x11,video_data_11,3
7829,1005,15072938,15072942,132,0x13,documented_unknown_13,0
7830,1005,15073074,15073078,0,0x04,start_stop_audio,0
7831,1005,15073078,15073082,6,0x07,send_buffer,1
7832,1005,15073088,15073092,0,0x01,end_of_chunk,0
7833,1006,15073096,15073100,1080,0x0F,set_decoding_map,0
7834,1006,15074180,15074184,2952,0x08,audio_frame,0
7835,1006,15077136,15077140,6,0x09,silence_frame,0
7836,1006,15077146,15077150,14044,0x11,video_data_11,3
7837,1006,15091194,15091198,132,0x13,documented_unknown_13,0
7838,1006,15091330,15091334,0,0x04,start_stop_audio,0
7839,1006,15091334,15091338,6,0x07,send_buffer,1
7840,1006,15091344,15091348,0,0x01,end_of_chunk,0
7841,1007,15091352,15091356,1080,0x0F,set_decoding_map,0
7842,1007,15092436,15092440,2952,0x08,audio_frame,0
7843,1007,15095392,15095396,6,0x09,silence_frame,0
7844,1007,15095402,15095406,14048,0x11,video_data_11,3
7845,1007,15109454,15109458,132,0x13,documented_unknown_13,0
7846,1007,15109590,15109594,0,0x04,start_stop_audio,0
7847,1007,15109594,15109598,6,0x07,send_buffer,1
7848,1007,15109604,15109608,0,0x01,end_of_chunk,0
7849,1008,15109612,15109616,1080,0x0F,set_decoding_map,0
7850,1008,15110696,15110700,2932,0x08,audio_frame,0
7851,1008,15113632,15113636,6,0x09,silence_frame,0
7852,1008,15113642,15113646,14058,0x11,video_data_11,3
7853,1008,15127704,15127708,132,0x13,documented_unknown_13,0
7854,1008,15127840,15127844,0,0x04,start_stop_audio,0
7855,1008,15127844,15127848,6,0x07,send_buffer,1
7856,1008,15127854,15127858,0,0x01,end_of_chunk,0
7857,1009,15127862,15127866,1080,0x0F,set_decoding_map,0
7858,1009,15128946,15128950,2952,0x08,audio_frame,0
7859,1009,15131902,15131906,6,0x09,silence_frame,0
7860,1009,15131912,15131916,14042,0x11,video_data_11,3
7861,1009,15145958,15145962,132,0x13,documented_unknown_13,0
7862,1009,15146094,15146098,0,0x04,start_stop_audio,0
7863,1009,15146098,15146102,6,0x07,send_buffer,1
7864,1009,15146108,15146112,0,0x01,end_of_chunk,0
7865,1010,15146116,15146120,1080,0x0F,set_decoding_map,0
7866,1010,15147200,15147204,2952,0x08,audio_frame,0
7867,1010,15150156,15150160,6,0x09,silence_frame,0
7868,1010,15150166,15150170,14048,0x11,video_data_11,3
7869,1010,15164218,15164222,132,0x13,documented_unknown_13,0
7870,1010,15164354,15164358,0,0x04,start_stop_audio,0
7871,1010,15164358,15164362,6,0x07,send_buffer,1
7872,1010,15164368,15164372,0,0x01,end_of_chunk,0
7873,1011,15164376,15164380,1080,0x0F,set_decoding_map,0
7874,1011,15165460,15165464,2952,0x08,audio_frame,0
7875,1011,15168416,15168420,6,0x09,silence_frame,0
7876,1011,15168426,15168430,14036,0x11,video_data_11,3
7877,1011,15182466,15182470,132,0x13,documented_unknown_13,0
7878,1011,15182602,15182606,0,0x04,start_stop_audio,0
7879,1011,15182606,15182610,6,0x07,send_buffer,1
7880,1011,15182616,15182620,0,0x01,end_of_chunk,0
7881,1012,15182624,15182628,1080,0x0F,set_decoding_map,0
7882,1012,15183708,15183712,2952,0x08,audio_frame,0
7883,1012,15186664,15186668,6,0x09,silence_frame,0
7884,1012,15186674,15186678,14058,0x11,video_data_11,3
7885,1012,15200736,15200740,132,0x13,documented_unknown_13,0
7886,1012,15200872,15200876,0,0x04,start_stop_audio,0
7887,1012,15200876,15200880,6,0x07,send_buffer,1
7888,1012,15200886,15200890,0,0x01,end_of_chunk,0
7889,1013,15200894,15200898,1080,0x0F,set_decoding_map,0
7890,1013,15201978,15201982,2952,0x08,audio_frame,0
7891,1013,15204934,15204938,6,0x09,silence_frame,0
7892,1013,15204944,15204948,14024,0x11,video_data_11,3
7893,1013,15218972,15218976,132,0x13,documented_unknown_13,0
7894,1013,15219108,15219112,0,0x04,start_stop_audio,0
7895,1013,15219112,15219116,6,0x07,send_buffer,1
7896,1013,15219122,15219126,0,0x01,end_of_chunk,0
7897,1014,15219130,15219134,1080,0x0F,set_decoding_map,0
7898,1014,15220214,15220218,2952,0x08,audio_frame,0
7899,1014,15223170,15223174,6,0x09,silence_frame,0
7900,1014,15223180,15223184,14038,0x11,video_data_11,3
7901,1014,15237222,15237226,132,0x13,documented_unknown_13,0
7902,1014,15237358,15237362,0,0x04,start_stop_audio,0
7903,1014,15237362,15237366,6,0x07,send_buffer,1
7904,1014,15237372,15237376,0,0x01,end_of_chunk,0
7905,1015,15237380,15237384,1080,0x0F,set_decoding_map,0
7906,1015,15238464,15238468,2952,0x08,audio_frame,0
7907,1015,15241420,15241424,6,0x09,silence_frame,0
7908,1015,15241430,15241434,14050,0x11,video_data_11,3
7909,1015,15255484,15255488,132,0x13,documented_unknown_13,0
7910,1015,15255620,15255624,0,0x04,start_stop_audio,0
7911,1015,15255624,15255628,6,0x07,send_buffer,1
7912,1015,15255634,15255638,0,0x01,end_of_chunk,0
7913,1016,15255642,15255646,1080,0x0F,set_decoding_map,0
7914,1016,15256726,15256730,2952,0x08,audio_frame,0
7915,1016,15259682,15259686,6,0x09,silence_frame,0
7916,1016,15259692,15259696,14046,0x11,video_data_11,3
7917,1016,15273742,15273746,132,0x13,documented_unknown_13,0
7918,1016,15273878,15273882,0,0x04,start_stop_audio,0
7919,1016,15273882,15273886,6,0x07,send_buffer,1
7920,1016,15273892,15273896,0,0x01,end_of_chunk,0
7921,1017,15273900,15273904,1080,0x0F,set_decoding_map,0
7922,1017,15274984,15274988,2952,0x08,audio_frame,0
7923,1017,15277940,15277944,6,0x09,silence_frame,0
7924,1017,15277950,15277954,14050,0x11,video_data_11,3
7925,1017,15292004,15292008,132,0x13,documented_unknown_13,0
7926,1017,15292140,15292144,0,0x04,start_stop_audio,0
7927,1017,15292144,15292148,6,0x07,send_buffer,1
7928,1017,15292154,15292158,0,0x01,end_of_chunk,0
7929,1018,15292162,15292166,1080,0x0F,set_decoding_map,0
7930,1018,15293246,15293250,2952,0x08,audio_frame,0
7931,1018,15296202,15296206,6,0x09,silence_frame,0
7932,1018,15296212,15296216,14026,0x11,video_data_11,3
7933,1018,15310242,15310246,132,0x13,documented_unknown_13,0
7934,1018,15310378,15310382,0,0x04,start_stop_audio,0
7935,1018,15310382,15310386,6,0x07,send_buffer,1
7936,1018,15310392,15310396,0,0x01,end_of_chunk,0
7937,1019,15310400,15310404,1080,0x0F,set_decoding_map,0
7938,1019,15311484,15311488,2952,0x08,audio_frame,0
7939,1019,15314440,15314444,6,0x09,silence_frame,0
7940,1019,15314450,15314454,14032,0x11,video_data_11,3
7941,1019,15328486,15328490,132,0x13,documented_unknown_13,0
7942,1019,15328622,15328626,0,0x04,start_stop_audio,0
7943,1019,15328626,15328630,6,0x07,send_buffer,1
7944,1019,15328636,15328640,0,0x01,end_of_chunk,0
7945,1020,15328644,15328648,1080,0x0F,set_decoding_map,0
7946,1020,15329728,15329732,2952,0x08,audio_frame,0
7947,1020,15332684,15332688,6,0x09,silence_frame,0
7948,1020,15332694,15332698,14038,0x11,video_data_11,3
7949,1020,15346736,15346740,132,0x13,documented_unknown_13,0
7950,1020,15346872,15346876,0,0x04,start_stop_audio,0
7951,1020,15346876,15346880,6,0x07,send_buffer,1
7952,1020,15346886,15346890,0,0x01,end_of_chunk,0
7953,1021,15346894,15346898,1080,0x0F,set_decoding_map,0
7954,1021,15347978,15347982,2952,0x08,audio_frame,0
7955,1021,15350934,15350938,6,0x09,silence_frame,0
7956,1021,15350944,15350948,14024,0x11,video_data_11,3
7957,1021,15364972,15364976,132,0x13,documented_unknown_13,0
7958,1021,15365108,15365112,0,0x04,start_stop_audio,0
7959,1021,15365112,15365116,6,0x07,send_buffer,1
7960,1021,15365122,15365126,0,0x01,end_of_chunk,0
7961,1022,15365130,15365134,1080,0x0F,set_decoding_map,0
7962,1022,15366214,15366218,2952,0x08,audio_frame,0
7963,1022,15369170,15369174,6,0x09,silence_frame,0
7964,1022,15369180,15369184,14082,0x11,video_data_11,3
7965,1022,15383266,15383270,132,0x13,documented_unknown_13,0
7966,1022,15383402,15383406,0,0x04,start_stop_audio,0
7967,1022,15383406,15383410,6,0x07,send_buffer,1
7968,1022,15383416,15383420,0,0x01,end_of_chunk,0
7969,1023,15383424,15383428,1080,0x0F,set_decoding_map,0
7970,1023,15384508,15384512,2932,0x08,audio_frame,0
7971,1023,15387444,15387448,6,0x09,silence_frame,0
7972,1023,15387454,15387458,14022,0x11,video_data_11,3
7973,1023,15401480,15401484,132,0x13,documented_unknown_13,0
7974,1023,15401616,15401620,0,0x04,start_stop_audio,0
7975,1023,15401620,15401624,6,0x07,send_buffer,1
7976,1023,15401630,15401634,0,0x01,end_of_chunk,0
7977,1024,15401638,15401642,1080,0x0F,set_decoding_map,0
7978,1024,15402722,15402726,2952,0x08,audio_frame,0
7979,1024,15405678,15405682,6,0x09,silence_frame,0
7980,1024,15405688,15405692,14034,0x11,video_data_11,3
7981,1024,15419726,15419730,132,0x13,documented_unknown_13,0
7982,1024,15419862,15419866,0,0x04,start_stop_audio,0
7983,1024,15419866,15419870,6,0x07,send_buffer,1
7984,1024,15419876,15419880,0,0x01,end_of_chunk,0
7985,1025,15419884,15419888,1080,0x0F,set_decoding_map,0
7986,1025,15420968,15420972,2952,0x08,audio_frame,0
7987,1025,15423924,15423928,6,0x09,silence_frame,0
7988,1025,15423934,15423938,14038,0x11,video_data_11,3
7989,1025,15437976,15437980,132,0x13,documented_unknown_13,0
7990,1025,15438112,15438116,0,0x04,start_stop_audio,0
7991,1025,15438116,15438120,6,0x07,send_buffer,1
7992,1025,15438126,15438130,0,0x01,end_of_chunk,0
7993,1026,15438134,15438138,1080,0x0F,set_decoding_map,0
7994,1026,15439218,15439222,2952,0x08,audio_frame,0
7995,1026,15442174,15442178,6,0x09,silence_frame,0
7996,1026,15442184,15442188,14022,0x11,video_data_11,3
7997,1026,15456210,15456214,132,0x13,documented_unknown_13,0
7998,1026,15456346,15456350,0,0x04,start_stop_audio,0
7999,1026,15456350,15456354,6,0x07,send_buffer,1
8000,1026,15456360,15456364,0,0x01,end_of_chunk,0
8001,1027,15456368,15456372,1080,0x0F,set_decoding_map,0
8002,1027,15457452,15457456,2952,0x08,audio_frame,0
8003,1027,15460408,15460412,6,0x09,silence_frame,0
8004,1027,15460418,15460422,14068,0x11,video_data_11,3
8005,1027,15474490,15474494,132,0x13,documented_unknown_13,0
8006,1027,15474626,15474630,0,0x04,start_stop_audio,0
8007,1027,15474630,15474634,6,0x07,send_buffer,1
8008,1027,15474640,15474644,0,0x01,end_of_chunk,0
8009,1028,15474648,15474652,1080,0x0F,set_decoding_map,0
8010,1028,15475732,15475736,2952,0x08,audio_frame,0
8011,1028,15478688,15478692,6,0x09,silence_frame,0
8012,1028,15478698,15478702,14028,0x11,video_data_11,3
8013,1028,15492730,15492734,132,0x13,documented_unknown_13,0
8014,1028,15492866,15492870,0,0x04,start_stop_audio,0
8015,1028,15492870,15492874,6,0x07,send_buffer,1
8016,1028,15492880,15492884,0,0x01,end_of_chunk,0
8017,1029,15492888,15492892,1080,0x0F,set_decoding_map,0
8018,1029,15493972,15493976,2952,0x08,audio_frame,0
8019,1029,15496928,15496932,6,0x09,silence_frame,0
8020,1029,15496938,15496942,14042,0x11,video_data_11,3
8021,1029,15510984,15510988,132,0x13,documented_unknown_13,0
8022,1029,15511120,15511124,0,0x04,start_stop_audio,0
8023,1029,15511124,15511128,6,0x07,send_buffer,1
8024,1029,15511134,15511138,0,0x01,end_of_chunk,0
8025,1030,15511142,15511146,1080,0x0F,set_decoding_map,0
8026,1030,15512226,15512230,2952,0x08,audio_frame,0
8027,1030,15515182,15515186,6,0x09,silence_frame,0
8028,1030,15515192,15515196,14048,0x11,video_data_11,3
8029,1030,15529244,15529248,132,0x13,documented_unknown_13,0
8030,1030,15529380,15529384,0,0x04,start_stop_audio,0
8031,1030,15529384,15529388,6,0x07,send_buffer,1
8032,1030,15529394,15529398,0,0x01,end_of_chunk,0
8033,1031,15529402,15529406,1080,0x0F,set_decoding_map,0
8034,1031,15530486,15530490,2952,0x08,audio_frame,0
8035,1031,15533442,15533446,6,0x09,silence_frame,0
8036,1031,15533452,15533456,14070,0x11,video_data_11,3
8037,1031,15547526,15547530,132,0x13,documented_unknown_13,0
8038,1031,15547662,15547666,0,0x04,start_stop_audio,0
8039,1031,15547666,15547670,6,0x07,send_buffer,1
8040,1031,15547676,15547680,0,0x01,end_of_chunk,0
8041,1032,15547684,15547688,1080,0x0F,set_decoding_map,0
8042,1032,15548768,15548772,2952,0x08,audio_frame,0
8043,1032,15551724,15551728,6,0x09,silence_frame,0
8044,1032,15551734,15551738,14028,0x11,video_data_11,3
8045,1032,15565766,15565770,132,0x13,documented_unknown_13,0
8046,1032,15565902,15565906,0,0x04,start_stop_audio,0
8047,1032,15565906,15565910,6,0x07,send_buffer,1
8048,1032,15565916,15565920,0,0x01,end_of_chunk,0
8049,1033,15565924,15565928,1080,0x0F,set_decoding_map,0
8050,1033,15567008,15567012,2952,0x08,audio_frame,0
8051,1033,15569964,15569968,6,0x09,silence_frame,0
8052,1033,15569974,15569978,14060,0x11,video_data_11,3
8053,1033,15584038,15584042,132,0x13,documented_unknown_13,0
8054,1033,15584174,15584178,0,0x04,start_stop_audio,0
8055,1033,15584178,15584182,6,0x07,send_buffer,1
8056,1033,15584188,15584192,0,0x01,end_of_chunk,0
8057,1034,15584196,15584200,1080,0x0F,set_decoding_map,0
8058,1034,15585280,15585284,2952,0x08,audio_frame,0
8059,1034,15588236,15588240,6,0x09,silence_frame,0
8060,1034,15588246,15588250,14022,0x11,video_data_11,3
8061,1034,15602272,15602276,132,0x13,documented_unknown_13,0
8062,1034,15602408,15602412,0,0x04,start_stop_audio,0
8063,1034,15602412,15602416,6,0x07,send_buffer,1
8064,1034,15602422,15602426,0,0x01,end_of_chunk,0
8065,1035,15602430,15602434,1080,0x0F,set_decoding_map,0
8066,1035,15603514,15603518,2952,0x08,audio_frame,0
8067,1035,15606470,15606474,6,0x09,silence_frame,0
8068,1035,15606480,15606484,14066,0x11,video_data_11,3
8069,1035,15620550,15620554,132,0x13,documented_unknown_13,0
8070,1035,15620686,15620690,0,0x04,start_stop_audio,0
8071,1035,15620690,15620694,6,0x07,send_buffer,1
8072,1035,15620700,15620704,0,0x01,end_of_chunk,0
8073,1036,15620708,15620712,1080,0x0F,set_decoding_map,0
8074,1036,15621792,15621796,2952,0x08,audio_frame,0
8075,1036,15624748,15624752,6,0x09,silence_frame,0
8076,1036,15624758,15624762,14044,0x11,video_data_11,3
8077,1036,15638806,15638810,132,0x13,documented_unknown_13,0
8078,1036,15638942,15638946,0,0x04,start_stop_audio,0
8079,1036,15638946,15638950,6,0x07,send_buffer,1
8080,1036,15638956,15638960,0,0x01,end_of_chunk,0
8081,1037,15638964,15638968,1080,0x0F,set_decoding_map,0
8082,1037,15640048,15640052,2952,0x08,audio_frame,0
8083,1037,15643004,15643008,6,0x09,silence_frame,0
8084,1037,15643014,15643018,14052,0x11,video_data_11,3
8085,1037,15657070,15657074,132,0x13,documented_unknown_13,0
8086,1037,15657206,15657210,0,0x04,start_stop_audio,0
8087,1037,15657210,15657214,6,0x07,send_buffer,1
8088,1037,15657220,15657224,0,0x01,end_of_chunk,0
8089,1038,15657228,15657232,1080,0x0F,set_decoding_map,0
8090,1038,15658312,15658316,2932,0x08,audio_frame,0
8091,1038,15661248,15661252,6,0x09,silence_frame,0
8092,1038,15661258,15661262,14080,0x11,video_data_11,3
8093,1038,15675342,15675346,132,0x13,documented_unknown_13,0
8094,1038,15675478,15675482,0,0x04,start_stop_audio,0
8095,1038,15675482,15675486,6,0x07,send_buffer,1
8096,1038,15675492,15675496,0,0x01,end_of_chunk,0
8097,1039,15675500,15675504,1080,0x0F,set_decoding_map,0
8098,1039,15676584,15676588,2952,0x08,audio_frame,0
8099,1039,15679540,15679544,6,0x09,silence_frame,0
8100,1039,15679550,15679554,14038,0x11,video_data_11,3
8101,1039,15693592,15693596,132,0x13,documented_unknown_13,0
8102,1039,15693728,15693732,0,0x04,start_stop_audio,0
8103,1039,15693732,15693736,6,0x07,send_buffer,1
8104,1039,15693742,15693746,0,0x01,end_of_chunk,0
8105,1040,15693750,15693754,1080,0x0F,set_decoding_map,0
8106,1040,15694834,15694838,2952,0x08,audio_frame,0
8107,1040,15697790,15697794,6,0x09,silence_frame,0
8108,1040,15697800,15697804,14022,0x11,video_data_11,3
8109,1040,15711826,15711830,132,0x13,documented_unknown_13,0
8110,1040,15711962,15711966,0,0x04,start_stop_audio,0
8111,1040,15711966,15711970,6,0x07,send_buffer,1
8112,1040,15711976,15711980,0,0x01,end_of_chunk,0
8113,1041,15711984,15711988,1080,0x0F,set_decoding_map,0
8114,1041,15713068,15713072,2952,0x08,audio_frame,0
8115,1041,15716024,15716028,6,0x09,silence_frame,0
8116,1041,15716034,15716038,14068,0x11,video_data_11,3
8117,1041,15730106,15730110,132,0x13,documented_unknown_13,0
8118,1041,15730242,15730246,0,0x04,start_stop_audio,0
8119,1041,15730246,15730250,6,0x07,send_buffer,1
8120,1041,15730256,15730260,0,0x01,end_of_chunk,0
8121,1042,15730264,15730268,1080,0x0F,set_decoding_map,0
8122,1042,15731348,15731352,2952,0x08,audio_frame,0
8123,1042,15734304,15734308,6,0x09,silence_frame,0
8124,1042,15734314,15734318,14052,0x11,video_data_11,3
8125,1042,15748370,15748374,132,0x13,documented_unknown_13,0
8126,1042,15748506,15748510,0,0x04,start_stop_audio,0
8127,1042,15748510,15748514,6,0x07,send_buffer,1
8128,1042,15748520,15748524,0,0x01,end_of_chunk,0
8129,1043,15748528,15748532,1080,0x0F,set_decoding_map,0
8130,1043,15749612,15749616,2952,0x08,audio_frame,0
8131,1043,15752568,15752572,6,0x09,silence_frame,0
8132,1043,15752578,15752582,14038,0x11,video_data_11,3
8133,1043,15766620,15766624,132,0x13,documented_unknown_13,0
8134,1043,15766756,15766760,0,0x04,start_stop_audio,0
8135,1043,15766760,15766764,6,0x07,send_buffer,1
8136,1043,15766770,15766774,0,0x01,end_of_chunk,0
8137,1044,15766778,15766782,1080,0x0F,set_decoding_map,0
8138,1044,15767862,15767866,2952,0x08,audio_frame,0
8139,1044,15770818,15770822,6,0x09,silence_frame,0
8140,1044,15770828,15770832,14038,0x11,video_data_11,3
8141,1044,15784870,15784874,132,0x13,documented_unknown_13,0
8142,1044,15785006,15785010,0,0x04,start_stop_audio,0
8143,1044,15785010,15785014,6,0x07,send_buffer,1
8144,1044,15785020,15785024,0,0x01,end_of_chunk,0
8145,1045,15785028,15785032,1080,0x0F,set_decoding_map,0
8146,1045,15786112,15786116,2952,0x08,audio_frame,0
8147,1045,15789068,15789072,6,0x09,silence_frame,0
8148,1045,15789078,15789082,14068,0x11,video_data_11,3
8149,1045,15803150,15803154,132,0x13,documented_unknown_13,0
8150,1045,15803286,15803290,0,0x04,start_stop_audio,0
8151,1045,15803290,15803294,6,0x07,send_buffer,1
8152,1045,15803300,15803304,0,0x01,end_of_chunk,0
8153,1046,15803308,15803312,1080,0x0F,set_decoding_map,0
8154,1046,15804392,15804396,2952,0x08,audio_frame,0
8155,1046,15807348,15807352,6,0x09,silence_frame,0
8156,1046,15807358,15807362,14024,0x11,video_data_11,3
8157,1046,15821386,15821390,132,0x13,documented_unknown_13,0
8158,1046,15821522,15821526,0,0x04,start_stop_audio,0
8159,1046,15821526,15821530,6,0x07,send_buffer,1
8160,1046,15821536,15821540,0,0x01,end_of_chunk,0
8161,1047,15821544,15821548,1080,0x0F,set_decoding_map,0
8162,1047,15822628,15822632,2952,0x08,audio_frame,0
8163,1047,15825584,15825588,6,0x09,silence_frame,0
8164,1047,15825594,15825598,14022,0x11,video_data_11,3
8165,1047,15839620,15839624,132,0x13,documented_unknown_13,0
8166,1047,15839756,15839760,0,0x04,start_stop_audio,0
8167,1047,15839760,15839764,6,0x07,send_buffer,1
8168,1047,15839770,15839774,0,0x01,end_of_chunk,0
8169,1048,15839778,15839782,1080,0x0F,set_decoding_map,0
8170,1048,15840862,15840866,2952,0x08,audio_frame,0
8171,1048,15843818,15843822,6,0x09,silence_frame,0
8172,1048,15843828,15843832,14022,0x11,video_data_11,3
8173,1048,15857854,15857858,132,0x13,documented_unknown_13,0
8174,1048,15857990,15857994,0,0x04,start_stop_audio,0
8175,1048,15857994,15857998,6,0x07,send_buffer,1
8176,1048,15858004,15858008,0,0x01,end_of_chunk,0
8177,1049,15858012,15858016,1080,0x0F,set_decoding_map,0
8178,1049,15859096,15859100,2952,0x08,audio_frame,0
8179,1049,15862052,15862056,6,0x09,silence_frame,0
8180,1049,15862062,15862066,14058,0x11,video_data_11,3
8181,1049,15876124,15876128,132,0x13,documented_unknown_13,0
8182,1049,15876260,15876264,0,0x04,start_stop_audio,0
8183,1049,15876264,15876268,6,0x07,send_buffer,1
8184,1049,15876274,15876278,0,0x01,end_of_chunk,0
8185,1050,15876282,15876286,1080,0x0F,set_decoding_map,0
8186,1050,15877366,15877370,2952,0x08,audio_frame,0
8187,1050,15880322,15880326,6,0x09,silence_frame,0
8188,1050,15880332,15880336,14030,0x11,video_data_11,3
8189,1050,15894366,15894370,132,0x13,documented_unknown_13,0
8190,1050,15894502,15894506,0,0x04,start_stop_audio,0
8191,1050,15894506,15894510,6,0x07,send_buffer,1
8192,1050,15894516,15894520,0,0x01,end_of_chunk,0
8193,1051,15894524,15894528,1080,0x0F,set_decoding_map,0
8194,1051,15895608,15895612,2952,0x08,audio_frame,0
8195,1051,15898564,15898568,6,0x09,silence_frame,0
8196,1051,15898574,15898578,14066,0x11,video_data_11,3
8197,1051,15912644,15912648,132,0x13,documented_unknown_13,0
8198,1051,15912780,15912784,0,0x04,start_stop_audio,0
8199,1051,15912784,15912788,6,0x07,send_buffer,1
8200,1051,15912794,15912798,0,0x01,end_of_chunk,0
8201,1052,15912802,15912806,1080,0x0F,set_decoding_map,0
8202,1052,15913886,15913890,2952,0x08,audio_frame,0
8203,1052,15916842,15916846,6,0x09,silence_frame,0
8204,1052,15916852,15916856,14022,0x11,video_data_11,3
8205,1052,15930878,15930882,132,0x13,documented_unknown_13,0
8206,1052,15931014,15931018,0,0x04,start_stop_audio,0
8207,1052,15931018,15931022,6,0x07,send_buffer,1
8208,1052,15931028,15931032,0,0x01,end_of_chunk,0
8209,1053,15931036,15931040,1080,0x0F,set_decoding_map,0
8210,1053,15932120,15932124,2932,0x08,audio_frame,0
8211,1053,15935056,15935060,6,0x09,silence_frame,0
8212,1053,15935066,15935070,14060,0x11,video_data_11,3
8213,1053,15949130,15949134,132,0x13,documented_unknown_13,0
8214,1053,15949266,15949270,0,0x04,start_stop_audio,0
8215,1053,15949270,15949274,6,0x07,send_buffer,1
8216,1053,15949280,15949284,0,0x01,end_of_chunk,0
8217,1054,15949288,15949292,1080,0x0F,set_decoding_map,0
8218,1054,15950372,15950376,2952,0x08,audio_frame,0
8219,1054,15953328,15953332,6,0x09,silence_frame,0
8220,1054,15953338,15953342,14052,0x11,video_data_11,3
8221,1054,15967394,15967398,132,0x13,documented_unknown_13,0
8222,1054,15967530,15967534,0,0x04,start_stop_audio,0
8223,1054,15967534,15967538,6,0x07,send_buffer,1
8224,1054,15967544,15967548,0,0x01,end_of_chunk,0
8225,1055,15967552,15967556,1080,0x0F,set_decoding_map,0
8226,1055,15968636,15968640,2952,0x08,audio_frame,0
8227,1055,15971592,15971596,6,0x09,silence_frame,0
8228,1055,15971602,15971606,14078,0x11,video_data_11,3
8229,1055,15985684,15985688,132,0x13,documented_unknown_13,0
8230,1055,15985820,15985824,0,0x04,start_stop_audio,0
8231,1055,15985824,15985828,6,0x07,send_buffer,1
8232,1055,15985834,15985838,0,0x01,end_of_chunk,0
8233,1056,15985842,15985846,1080,0x0F,set_decoding_map,0
8234,1056,15986926,15986930,2952,0x08,audio_frame,0
8235,1056,15989882,15989886,6,0x09,silence_frame,0
8236,1056,15989892,15989896,14054,0x11,video_data_11,3
8237,1056,16003950,16003954,132,0x13,documented_unknown_13,0
8238,1056,16004086,16004090,0,0x04,start_stop_audio,0
8239,1056,16004090,16004094,6,0x07,send_buffer,1
8240,1056,16004100,16004104,0,0x01,end_of_chunk,0
8241,1057,16004108,16004112,1080,0x0F,set_decoding_map,0
8242,1057,16005192,16005196,2952,0x08,audio_frame,0
8243,1057,16008148,16008152,6,0x09,silence_frame,0
8244,1057,16008158,16008162,14050,0x11,video_data_11,3
8245,1057,16022212,16022216,132,0x13,documented_unknown_13,0
8246,1057,16022348,16022352,0,0x04,start_stop_audio,0
8247,1057,16022352,16022356,6,0x07,send_buffer,1
8248,1057,16022362,16022366,0,0x01,end_of_chunk,0
8249,1058,16022370,16022374,1080,0x0F,set_decoding_map,0
8250,1058,16023454,16023458,2952,0x08,audio_frame,0
8251,1058,16026410,16026414,6,0x09,silence_frame,0
8252,1058,16026420,16026424,14066,0x11,video_data_11,3
8253,1058,16040490,16040494,132,0x13,documented_unknown_13,0
8254,1058,16040626,16040630,0,0x04,start_stop_audio,0
8255,1058,16040630,16040634,6,0x07,send_buffer,1
8256,1058,16040640,16040644,0,0x01,end_of_chunk,0
8257,1059,16040648,16040652,1080,0x0F,set_decoding_map,0
8258,1059,16041732,16041736,2952,0x08,audio_frame,0
8259,1059,16044688,16044692,6,0x09,silence_frame,0
8260,1059,16044698,16044702,14032,0x11,video_data_11,3
8261,1059,16058734,16058738,132,0x13,documented_unknown_13,0
8262,1059,16058870,16058874,0,0x04,start_stop_audio,0
8263,1059,16058874,16058878,6,0x07,send_buffer,1
8264,1059,16058884,16058888,0,0x01,end_of_chunk,0
8265,1060,16058892,16058896,1080,0x0F,set_decoding_map,0
8266,1060,16059976,16059980,2952,0x08,audio_frame,0
8267,1060,16062932,16062936,6,0x09,silence_frame,0
8268,1060,16062942,16062946,14058,0x11,video_data_11,3
8269,1060,16077004,16077008,132,0x13,documented_unknown_13,0
8270,1060,16077140,16077144,0,0x04,start_stop_audio,0
8271,1060,16077144,16077148,6,0x07,send_buffer,1
8272,1060,16077154,16077158,0,0x01,end_of_chunk,0
8273,1061,16077162,16077166,1080,0x0F,set_decoding_map,0
8274,1061,16078246,16078250,2952,0x08,audio_frame,0
8275,1061,16081202,16081206,6,0x09,silence_frame,0
8276,1061,16081212,16081216,14022,0x11,video_data_11,3
8277,1061,16095238,16095242,132,0x13,documented_unknown_13,0
8278,1061,16095374,16095378,0,0x04,start_stop_audio,0
8279,1061,16095378,16095382,6,0x07,send_buffer,1
8280,1061,16095388,16095392,0,0x01,end_of_chunk,0
8281,1062,16095396,16095400,1080,0x0F,set_decoding_map,0
8282,1062,16096480,16096484,2952,0x08,audio_frame,0
8283,1062,16099436,16099440,6,0x09,silence_frame,0
8284,1062,16099446,16099450,14050,0x11,video_data_11,3
8285,1062,16113500,16113504,132,0x13,documented_unknown_13,0
8286,1062,16113636,16113640,0,0x04,start_stop_audio,0
8287,1062,16113640,16113644,6,0x07,send_buffer,1
8288,1062,16113650,16113654,0,0x01,end_of_chunk,0
8289,1063,16113658,16113662,1080,0x0F,set_decoding_map,0
8290,1063,16114742,16114746,2952,0x08,audio_frame,0
8291,1063,16117698,16117702,6,0x09,silence_frame,0
8292,1063,16117708,16117712,14026,0x11,video_data_11,3
8293,1063,16131738,16131742,132,0x13,documented_unknown_13,0
8294,1063,16131874,16131878,0,0x04,start_stop_audio,0
8295,1063,16131878,16131882,6,0x07,send_buffer,1
8296,1063,16131888,16131892,0,0x01,end_of_chunk,0
8297,1064,16131896,16131900,1080,0x0F,set_decoding_map,0
8298,1064,16132980,16132984,2952,0x08,audio_frame,0
8299,1064,16135936,16135940,6,0x09,silence_frame,0
8300,1064,16135946,16135950,14040,0x11,video_data_11,3
8301,1064,16149990,16149994,132,0x13,documented_unknown_13,0
8302,1064,16150126,16150130,0,0x04,start_stop_audio,0
8303,1064,16150130,16150134,6,0x07,send_buffer,1
8304,1064,16150140,16150144,0,0x01,end_of_chunk,0
8305,1065,16150148,16150152,1080,0x0F,set_decoding_map,0
8306,1065,16151232,16151236,2952,0x08,audio_frame,0
8307,1065,16154188,16154192,6,0x09,silence_frame,0
8308,1065,16154198,16154202,14062,0x11,video_data_11,3
8309,1065,16168264,16168268,132,0x13,documented_unknown_13,0
8310,1065,16168400,16168404,0,0x04,start_stop_audio,0
8311,1065,16168404,16168408,6,0x07,send_buffer,1
8312,1065,16168414,16168418,0,0x01,end_of_chunk,0
8313,1066,16168422,16168426,1080,0x0F,set_decoding_map,0
8314,1066,16169506,16169510,2952,0x08,audio_frame,0
8315,1066,16172462,16172466,6,0x09,silence_frame,0
8316,1066,16172472,16172476,14034,0x11,video_data_11,3
8317,1066,16186510,16186514,132,0x13,documented_unknown_13,0
8318,1066,16186646,16186650,0,0x04,start_stop_audio,0
8319,1066,16186650,16186654,6,0x07,send_buffer,1
8320,1066,16186660,16186664,0,0x01,end_of_chunk,0
8321,1067,16186668,16186672,1080,0x0F,set_decoding_map,0
8322,1067,16187752,16187756,2952,0x08,audio_frame,0
8323,1067,16190708,16190712,6,0x09,silence_frame,0
8324,1067,16190718,16190722,14070,0x11,video_data_11,3
8325,1067,16204792,16204796,132,0x13,documented_unknown_13,0
8326,1067,16204928,16204932,0,0x04,start_stop_audio,0
8327,1067,16204932,16204936,6,0x07,send_buffer,1
8328,1067,16204942,16204946,0,0x01,end_of_chunk,0
8329,1068,16204950,16204954,1080,0x0F,set_decoding_map,0
8330,1068,16206034,16206038,2932,0x08,audio_frame,0
8331,1068,16208970,16208974,6,0x09,silence_frame,0
8332,1068,16208980,16208984,14064,0x11,video_data_11,3
8333,1068,16223048,16223052,132,0x13,documented_unknown_13,0
8334,1068,16223184,16223188,0,0x04,start_stop_audio,0
8335,1068,16223188,16223192,6,0x07,send_buffer,1
8336,1068,16223198,16223202,0,0x01,end_of_chunk,0
8337,1069,16223206,16223210,1080,0x0F,set_decoding_map,0
8338,1069,16224290,16224294,2952,0x08,audio_frame,0
8339,1069,16227246,16227250,6,0x09,silence_frame,0
8340,1069,16227256,16227260,14028,0x11,video_data_11,3
8341,1069,16241288,16241292,132,0x13,documented_unknown_13,0
8342,1069,16241424,16241428,0,0x04,start_stop_audio,0
8343,1069,16241428,16241432,6,0x07,send_buffer,1
8344,1069,16241438,16241442,0,0x01,end_of_chunk,0
8345,1070,16241446,16241450,1080,0x0F,set_decoding_map,0
8346,1070,16242530,16242534,2952,0x08,audio_frame,0
8347,1070,16245486,16245490,6,0x09,silence_frame,0
8348,1070,16245496,16245500,14074,0x11,video_data_11,3
8349,1070,16259574,16259578,132,0x13,documented_unknown_13,0
8350,1070,16259710,16259714,0,0x04,start_stop_audio,0
8351,1070,16259714,16259718,6,0x07,send_buffer,1
8352,1070,16259724,16259728,0,0x01,end_of_chunk,0
8353,1071,16259732,16259736,1080,0x0F,set_decoding_map,0
8354,1071,16260816,16260820,2952,0x08,audio_frame,0
8355,1071,16263772,16263776,6,0x09,silence_frame,0
8356,1071,16263782,16263786,14040,0x11,video_data_11,3
8357,1071,16277826,16277830,132,0x13,documented_unknown_13,0
8358,1071,16277962,16277966,0,0x04,start_stop_audio,0
8359,1071,16277966,16277970,6,0x07,send_buffer,1
8360,1071,16277976,16277980,0,0x01,end_of_chunk,0
8361,1072,16277984,16277988,1080,0x0F,set_decoding_map,0
8362,1072,16279068,16279072,2952,0x08,audio_frame,0
8363,1072,16282024,16282028,6,0x09,silence_frame,0
8364,1072,16282034,16282038,14064,0x11,video_data_11,3
8365,1072,16296102,16296106,132,0x13,documented_unknown_13,0
8366,1072,16296238,16296242,0,0x04,start_stop_audio,0
8367,1072,16296242,16296246,6,0x07,send_buffer,1
8368,1072,16296252,16296256,0,0x01,end_of_chunk,0
8369,1073,16296260,16296264,1080,0x0F,set_decoding_map,0
8370,1073,16297344,16297348,2952,0x08,audio_frame,0
8371,1073,16300300,16300304,6,0x09,silence_frame,0
8372,1073,16300310,16300314,14066,0x11,video_data_11,3
8373,1073,16314380,16314384,132,0x13,documented_unknown_13,0
8374,1073,16314516,16314520,0,0x04,start_stop_audio,0
8375,1073,16314520,16314524,6,0x07,send_buffer,1
8376,1073,16314530,16314534,0,0x01,end_of_chunk,0
8377,1074,16314538,16314542,1080,0x0F,set_decoding_map,0
8378,1074,16315622,16315626,2952,0x08,audio_frame,0
8379,1074,16318578,16318582,6,0x09,silence_frame,0
8380,1074,16318588,16318592,14062,0x11,video_data_11,3
8381,1074,16332654,16332658,132,0x13,documented_unknown_13,0
8382,1074,16332790,16332794,0,0x04,start_stop_audio,0
8383,1074,16332794,16332798,6,0x07,send_buffer,1
8384,1074,16332804,16332808,0,0x01,end_of_chunk,0
8385,1075,16332812,16332816,1080,0x0F,set_decoding_map,0
8386,1075,16333896,16333900,2952,0x08,audio_frame,0
8387,1075,16336852,16336856,6,0x09,silence_frame,0
8388,1075,16336862,16336866,14066,0x11,video_data_11,3
8389,1075,16350932,16350936,132,0x13,documented_unknown_13,0
8390,1075,16351068,16351072,0,0x04,start_stop_audio,0
8391,1075,16351072,16351076,6,0x07,send_buffer,1
8392,1075,16351082,16351086,0,0x01,end_of_chunk,0
8393,1076,16351090,16351094,1080,0x0F,set_decoding_map,0
8394,1076,16352174,16352178,2952,0x08,audio_frame,0
8395,1076,16355130,16355134,6,0x09,silence_frame,0
8396,1076,16355140,16355144,14074,0x11,video_data_11,3
8397,1076,16369218,16369222,132,0x13,documented_unknown_13,0
8398,1076,16369354,16369358,0,0x04,start_stop_audio,0
8399,1076,16369358,16369362,6,0x07,send_buffer,1
8400,1076,16369368,16369372,0,0x01,end_of_chunk,0
8401,1077,16369376,16369380,1080,0x0F,set_decoding_map,0
8402,1077,16370460,16370464,2952,0x08,audio_frame,0
8403,1077,16373416,16373420,6,0x09,silence_frame,0
8404,1077,16373426,16373430,14046,0x11,video_data_11,3
8405,1077,16387476,16387480,132,0x13,documented_unknown_13,0
8406,1077,16387612,16387616,0,0x04,start_stop_audio,0
8407,1077,16387616,16387620,6,0x07,send_buffer,1
8408,1077,16387626,16387630,0,0x01,end_of_chunk,0
8409,1078,16387634,16387638,1080,0x0F,set_decoding_map,0
8410,1078,16388718,16388722,2952,0x08,audio_frame,0
8411,1078,16391674,16391678,6,0x09,silence_frame,0
8412,1078,16391684,16391688,14038,0x11,video_data_11,3
8413,1078,16405726,16405730,132,0x13,documented_unknown_13,0
8414,1078,16405862,16405866,0,0x04,start_stop_audio,0
8415,1078,16405866,16405870,6,0x07,send_buffer,1
8416,1078,16405876,16405880,0,0x01,end_of_chunk,0
8417,1079,16405884,16405888,1080,0x0F,set_decoding_map,0
8418,1079,16406968,16406972,2952,0x08,audio_frame,0
8419,1079,16409924,16409928,6,0x09,silence_frame,0
8420,1079,16409934,16409938,14030,0x11,video_data_11,3
8421,1079,16423968,16423972,132,0x13,documented_unknown_13,0
8422,1079,16424104,16424108,0,0x04,start_stop_audio,0
8423,1079,16424108,16424112,6,0x07,send_buffer,1
8424,1079,16424118,16424122,0,0x01,end_of_chunk,0
8425,1080,16424126,16424130,1080,0x0F,set_decoding_map,0
8426,1080,16425210,16425214,2952,0x08,audio_frame,0
8427,1080,16428166,16428170,6,0x09,silence_frame,0
8428,1080,16428176,16428180,14028,0x11,video_data_11,3
8429,1080,16442208,16442212,132,0x13,documented_unknown_13,0
8430,1080,16442344,16442348,0,0x04,start_stop_audio,0
8431,1080,16442348,16442352,6,0x07,send_buffer,1
8432,1080,16442358,16442362,0,0x01,end_of_chunk,0
8433,1081,16442366,16442370,1080,0x0F,set_decoding_map,0
8434,1081,16443450,16443454,2952,0x08,audio_frame,0
8435,1081,16446406,16446410,6,0x09,silence_frame,0
8436,1081,16446416,16446420,14048,0x11,video_data_11,3
8437,1081,16460468,16460472,132,0x13,documented_unknown_13,0
8438,1081,16460604,16460608,0,0x04,start_stop_audio,0
8439,1081,16460608,16460612,6,0x07,send_buffer,1
8440,1081,16460618,16460622,0,0x01,end_of_chunk,0
8441,1082,16460626,16460630,1080,0x0F,set_decoding_map,0
8442,1082,16461710,16461714,2952,0x08,audio_frame,0
8443,1082,16464666,16464670,6,0x09,silence_frame,0
8444,1082,16464676,16464680,14042,0x11,video_data_11,3
8445,1082,16478722,16478726,132,0x13,documented_unknown_13,0
8446,1082,16478858,16478862,0,0x04,start_stop_audio,0
8447,1082,16478862,16478866,6,0x07,send_buffer,1
8448,1082,16478872,16478876,0,0x01,end_of_chunk,0
8449,1083,16478880,16478884,1080,0x0F,set_decoding_map,0
8450,1083,16479964,16479968,2932,0x08,audio_frame,0
8451,1083,16482900,16482904,6,0x09,silence_frame,0
8452,1083,16482910,16482914,14064,0x11,video_data_11,3
8453,1083,16496978,16496982,132,0x13,documented_unknown_13,0
8454,1083,16497114,16497118,0,0x04,start_stop_audio,0
8455,1083,16497118,16497122,6,0x07,send_buffer,1
8456,1083,16497128,16497132,0,0x01,end_of_chunk,0
8457,1084,16497136,16497140,1080,0x0F,set_decoding_map,0
8458,1084,16498220,16498224,2952,0x08,audio_frame,0
8459,1084,16501176,16501180,6,0x09,silence_frame,0
8460,1084,16501186,16501190,14068,0x11,video_data_11,3
8461,1084,16515258,16515262,132,0x13,documented_unknown_13,0
8462,1084,16515394,16515398,0,0x04,start_stop_audio,0
8463,1084,16515398,16515402,6,0x07,send_buffer,1
8464,1084,16515408,16515412,0,0x01,end_of_chunk,0
8465,1085,16515416,16515420,1080,0x0F,set_decoding_map,0
8466,1085,16516500,16516504,2952,0x08,audio_frame,0
8467,1085,16519456,16519460,6,0x09,silence_frame,0
8468,1085,16519466,16519470,14058,0x11,video_data_11,3
8469,1085,16533528,16533532,132,0x13,documented_unknown_13,0
8470,1085,16533664,16533668,0,0x04,start_stop_audio,0
8471,1085,16533668,16533672,6,0x07,send_buffer,1
8472,1085,16533678,16533682,0,0x01,end_of_chunk,0
8473,1086,16533686,16533690,1080,0x0F,set_decoding_map,0
8474,1086,16534770,16534774,2952,0x08,audio_frame,0
8475,1086,16537726,16537730,6,0x09,silence_frame,0
8476,1086,16537736,16537740,14034,0x11,video_data_11,3
8477,1086,16551774,16551778,132,0x13,documented_unknown_13,0
8478,1086,16551910,16551914,0,0x04,start_stop_audio,0
8479,1086,16551914,16551918,6,0x07,send_buffer,1
8480,1086,16551924,16551928,0,0x01,end_of_chunk,0
8481,1087,16551932,16551936,1080,0x0F,set_decoding_map,0
8482,1087,16553016,16553020,2952,0x08,audio_frame,0
8483,1087,16555972,16555976,6,0x09,silence_frame,0
8484,1087,16555982,16555986,14058,0x11,video_data_11,3
8485,1087,16570044,16570048,132,0x13,documented_unknown_13,0
8486,1087,16570180,16570184,0,0x04,start_stop_audio,0
8487,1087,16570184,16570188,6,0x07,send_buffer,1
8488,1087,16570194,16570198,0,0x01,end_of_chunk,0
8489,1088,16570202,16570206,1080,0x0F,set_decoding_map,0
8490,1088,16571286,16571290,2952,0x08,audio_frame,0
8491,1088,16574242,16574246,6,0x09,silence_frame,0
8492,1088,16574252,16574256,14030,0x11,video_data_11,3
8493,1088,16588286,16588290,132,0x13,documented_unknown_13,0
8494,1088,16588422,16588426,0,0x04,start_stop_audio,0
8495,1088,16588426,16588430,6,0x07,send_buffer,1
8496,1088,16588436,16588440,0,0x01,end_of_chunk,0
8497,1089,16588444,16588448,1080,0x0F,set_decoding_map,0
8498,1089,16589528,16589532,2952,0x08,audio_frame,0
8499,1089,16592484,16592488,6,0x09,silence_frame,0
8500,1089,16592494,16592498,14058,0x11,video_data_11,3
8501,1089,16606556,16606560,132,0x13,documented_unknown_13,0
8502,1089,16606692,16606696,0,0x04,start_stop_audio,0
8503,1089,16606696,16606700,6,0x07,send_buffer,1
8504,1089,16606706,16606710,0,0x01,end_of_chunk,0
8505,1090,16606714,16606718,1080,0x0F,set_decoding_map,0
8506,1090,16607798,16607802,2952,0x08,audio_frame,0
8507,1090,16610754,16610758,6,0x09,silence_frame,0
8508,1090,16610764,16610768,14030,0x11,video_data_11,3
8509,1090,16624798,16624802,132,0x13,documented_unknown_13,0
8510,1090,16624934,16624938,0,0x04,start_stop_audio,0
8511,1090,16624938,16624942,6,0x07,send_buffer,1
8512,1090,16624948,16624952,0,0x01,end_of_chunk,0
8513,1091,16624956,16624960,1080,0x0F,set_decoding_map,0
8514,1091,16626040,16626044,2952,0x08,audio_frame,0
8515,1091,16628996,16629000,6,0x09,silence_frame,0
8516,1091,16629006,16629010,14058,0x11,video_data_11,3
8517,1091,16643068,16643072,132,0x13,documented_unknown_13,0
8518,1091,16643204,16643208,0,0x04,start_stop_audio,0
8519,1091,16643208,16643212,6,0x07,send_buffer,1
8520,1091,16643218,16643222,0,0x01,end_of_chunk,0
8521,1092,16643226,16643230,1080,0x0F,set_decoding_map,0
8522,1092,16644310,16644314,2952,0x08,audio_frame,0
8523,1092,16647266,16647270,6,0x09,silence_frame,0
8524,1092,16647276,16647280,14022,0x11,video_data_11,3
8525,1092,16661302,16661306,132,0x13,documented_unknown_13,0
8526,1092,16661438,16661442,0,0x04,start_stop_audio,0
8527,1092,16661442,16661446,6,0x07,send_buffer,1
8528,1092,16661452,16661456,0,0x01,end_of_chunk,0
8529,1093,16661460,16661464,1080,0x0F,set_decoding_map,0
8530,1093,16662544,16662548,2952,0x08,audio_frame,0
8531,1093,16665500,16665504,6,0x09,silence_frame,0
8532,1093,16665510,16665514,14022,0x11,video_data_11,3
8533,1093,16679536,16679540,132,0x13,documented_unknown_13,0
8534,1093,16679672,16679676,0,0x04,start_stop_audio,0
8535,1093,16679676,16679680,6,0x07,send_buffer,1
8536,1093,16679686,16679690,0,0x01,end_of_chunk,0
8537,1094,16679694,16679698,1080,0x0F,set_decoding_map,0
8538,1094,16680778,16680782,2952,0x08,audio_frame,0
8539,1094,16683734,16683738,6,0x09,silence_frame,0
8540,1094,16683744,16683748,14034,0x11,video_data_11,3
8541,1094,16697782,16697786,132,0x13,documented_unknown_13,0
8542,1094,16697918,16697922,0,0x04,start_stop_audio,0
8543,1094,16697922,16697926,6,0x07,send_buffer,1
8544,1094,16697932,16697936,0,0x01,end_of_chunk,0
8545,1095,16697940,16697944,1080,0x0F,set_decoding_map,0
8546,1095,16699024,16699028,2952,0x08,audio_frame,0
8547,1095,16701980,16701984,6,0x09,silence_frame,0
8548,1095,16701990,16701994,14048,0x11,video_data_11,3
8549,1095,16716042,16716046,132,0x13,documented_unknown_13,0
8550,1095,16716178,16716182,0,0x04,start_stop_audio,0
8551,1095,16716182,16716186,6,0x07,send_buffer,1
8552,1095,16716192,16716196,0,0x01,end_of_chunk,0
8553,1096,16716200,16716204,1080,0x0F,set_decoding_map,0
8554,1096,16717284,16717288,2952,0x08,audio_frame,0
8555,1096,16720240,16720244,6,0x09,silence_frame,0
8556,1096,16720250,16720254,14030,0x11,video_data_11,3
8557,1096,16734284,16734288,132,0x13,documented_unknown_13,0
8558,1096,16734420,16734424,0,0x04,start_stop_audio,0
8559,1096,16734424,16734428,6,0x07,send_buffer,1
8560,1096,16734434,16734438,0,0x01,end_of_chunk,0
8561,1097,16734442,16734446,1080,0x0F,set_decoding_map,0
8562,1097,16735526,16735530,2952,0x08,audio_frame,0
8563,1097,16738482,16738486,6,0x09,silence_frame,0
8564,1097,16738492,16738496,14070,0x11,video_data_11,3
8565,1097,16752566,16752570,132,0x13,documented_unknown_13,0
8566,1097,16752702,16752706,0,0x04,start_stop_audio,0
8567,1097,16752706,16752710,6,0x07,send_buffer,1
8568,1097,16752716,16752720,0,0x01,end_of_chunk,0
8569,1098,16752724,16752728,1080,0x0F,set_decoding_map,0
8570,1098,16753808,16753812,2932,0x08,audio_frame,0
8571,1098,16756744,16756748,6,0x09,silence_frame,0
8572,1098,16756754,16756758,14030,0x11,video_data_11,3
8573,1098,16770788,16770792,132,0x13,documented_unknown_13,0
8574,1098,16770924,16770928,0,0x04,start_stop_audio,0
8575,1098,16770928,16770932,6,0x07,send_buffer,1
8576,1098,16770938,16770942,0,0x01,end_of_chunk,0
8577,1099,16770946,16770950,1080,0x0F,set_decoding_map,0
8578,1099,16772030,16772034,2952,0x08,audio_frame,0
8579,1099,16774986,16774990,6,0x09,silence_frame,0
8580,1099,16774996,16775000,14058,0x11,video_data_11,3
8581,1099,16789058,16789062,132,0x13,documented_unknown_13,0
8582,1099,16789194,16789198,0,0x04,start_stop_audio,0
8583,1099,16789198,16789202,6,0x07,send_buffer,1
8584,1099,16789208,16789212,0,0x01,end_of_chunk,0
8585,1100,16789216,16789220,1080,0x0F,set_decoding_map,0
8586,1100,16790300,16790304,2952,0x08,audio_frame,0
8587,1100,16793256,16793260,6,0x09,silence_frame,0
8588,1100,16793266,16793270,14038,0x11,video_data_11,3
8589,1100,16807308,16807312,132,0x13,documented_unknown_13,0
8590,1100,16807444,16807448,0,0x04,start_stop_audio,0
8591,1100,16807448,16807452,6,0x07,send_buffer,1
8592,1100,16807458,16807462,0,0x01,end_of_chunk,0
8593,1101,16807466,16807470,1080,0x0F,set_decoding_map,0
8594,1101,16808550,16808554,2952,0x08,audio_frame,0
8595,1101,16811506,16811510,6,0x09,silence_frame,0
8596,1101,16811516,16811520,14028,0x11,video_data_11,3
8597,1101,16825548,16825552,132,0x13,documented_unknown_13,0
8598,1101,16825684,16825688,0,0x04,start_stop_audio,0
8599,1101,16825688,16825692,6,0x07,send_buffer,1
8600,1101,16825698,16825702,0,0x01,end_of_chunk,0
8601,1102,16825706,16825710,1080,0x0F,set_decoding_map,0
8602,1102,16826790,16826794,2952,0x08,audio_frame,0
8603,1102,16829746,16829750,6,0x09,silence_frame,0
8604,1102,16829756,16829760,14034,0x11,video_data_11,3
8605,1102,16843794,16843798,132,0x13,documented_unknown_13,0
8606,1102,16843930,16843934,0,0x04,start_stop_audio,0
8607,1102,16843934,16843938,6,0x07,send_buffer,1
8608,1102,16843944,16843948,0,0x01,end_of_chunk,0
8609,1103,16843952,16843956,1080,0x0F,set_decoding_map,0
8610,1103,16845036,16845040,2952,0x08,audio_frame,0
8611,1103,16847992,16847996,6,0x09,silence_frame,0
8612,1103,16848002,16848006,14026,0x11,video_data_11,3
8613,1103,16862032,16862036,132,0x13,documented_unknown_13,0
8614,1103,16862168,16862172,0,0x04,start_stop_audio,0
8615,1103,16862172,16862176,6,0x07,send_buffer,1
8616,1103,16862182,16862186,0,0x01,end_of_chunk,0
8617,1104,16862190,16862194,1080,0x0F,set_decoding_map,0
8618,1104,16863274,16863278,2952,0x08,audio_frame,0
8619,1104,16866230,16866234,6,0x09,silence_frame,0
8620,1104,16866240,16866244,14024,0x11,video_data_11,3
8621,1104,16880268,16880272,132,0x13,documented_unknown_13,0
8622,1104,16880404,16880408,0,0x04,start_stop_audio,0
8623,1104,16880408,16880412,6,0x07,send_buffer,1
8624,1104,16880418,16880422,0,0x01,end_of_chunk,0
8625,1105,16880426,16880430,1080,0x0F,set_decoding_map,0
8626,1105,16881510,16881514,2952,0x08,audio_frame,0
8627,1105,16884466,16884470,6,0x09,silence_frame,0
8628,1105,16884476,16884480,14074,0x11,video_data_11,3
8629,1105,16898554,16898558,132,0x13,documented_unknown_13,0
8630,1105,16898690,16898694,0,0x04,start_stop_audio,0
8631,1105,16898694,16898698,6,0x07,send_buffer,1
8632,1105,16898704,16898708,0,0x01,end_of_chunk,0
8633,1106,16898712,16898716,1080,0x0F,set_decoding_map,0
8634,1106,16899796,16899800,2952,0x08,audio_frame,0
8635,1106,16902752,16902756,6,0x09,silence_frame,0
8636,1106,16902762,16902766,14068,0x11,video_data_11,3
8637,1106,16916834,16916838,132,0x13,documented_unknown_13,0
8638,1106,16916970,16916974,0,0x04,start_stop_audio,0
8639,1106,16916974,16916978,6,0x07,send_buffer,1
8640,1106,16916984,16916988,0,0x01,end_of_chunk,0
8641,1107,16916992,16916996,1080,0x0F,set_decoding_map,0
8642,1107,16918076,16918080,2952,0x08,audio_frame,0
8643,1107,16921032,16921036,6,0x09,silence_frame,0
8644,1107,16921042,16921046,14032,0x11,video_data_11,3
8645,1107,16935078,16935082,132,0x13,documented_unknown_13,0
8646,1107,16935214,16935218,0,0x04,start_stop_audio,0
8647,1107,16935218,16935222,6,0x07,send_buffer,1
8648,1107,16935228,16935232,0,0x01,end_of_chunk,0
8649,1108,16935236,16935240,1080,0x0F,set_decoding_map,0
8650,1108,16936320,16936324,2952,0x08,audio_frame,0
8651,1108,16939276,16939280,6,0x09,silence_frame,0
8652,1108,16939286,16939290,14032,0x11,video_data_11,3
8653,1108,16953322,16953326,132,0x13,documented_unknown_13,0
8654,1108,16953458,16953462,0,0x04,start_stop_audio,0
8655,1108,16953462,16953466,6,0x07,send_buffer,1
8656,1108,16953472,16953476,0,0x01,end_of_chunk,0
8657,1109,16953480,16953484,1080,0x0F,set_decoding_map,0
8658,1109,16954564,16954568,2952,0x08,audio_frame,0
8659,1109,16957520,16957524,6,0x09,silence_frame,0
8660,1109,16957530,16957534,14024,0x11,video_data_11,3
8661,1109,16971558,16971562,132,0x13,documented_unknown_13,0
8662,1109,16971694,16971698,0,0x04,start_stop_audio,0
8663,1109,16971698,16971702,6,0x07,send_buffer,1
8664,1109,16971708,16971712,0,0x01,end_of_chunk,0
8665,1110,16971716,16971720,1080,0x0F,set_decoding_map,0
8666,1110,16972800,16972804,2952,0x08,audio_frame,0
8667,1110,16975756,16975760,6,0x09,silence_frame,0
8668,1110,16975766,16975770,14042,0x11,video_data_11,3
8669,1110,16989812,16989816,132,0x13,documented_unknown_13,0
8670,1110,16989948,16989952,0,0x04,start_stop_audio,0
8671,1110,16989952,16989956,6,0x07,send_buffer,1
8672,1110,16989962,16989966,0,0x01,end_of_chunk,0
8673,1111,16989970,16989974,1080,0x0F,set_decoding_map,0
8674,1111,16991054,16991058,2952,0x08,audio_frame,0
8675,1111,16994010,16994014,6,0x09,silence_frame,0
8676,1111,16994020,16994024,14054,0x11,video_data_11,3
8677,1111,17008078,17008082,132,0x13,documented_unknown_13,0
8678,1111,17008214,17008218,0,0x04,start_stop_audio,0
8679,1111,17008218,17008222,6,0x07,send_buffer,1
8680,1111,17008228,17008232,0,0x01,end_of_chunk,0
8681,1112,17008236,17008240,1080,0x0F,set_decoding_map,0
8682,1112,17009320,17009324,2952,0x08,audio_frame,0
8683,1112,17012276,17012280,6,0x09,silence_frame,0
8684,1112,17012286,17012290,14064,0x11,video_data_11,3
8685,1112,17026354,17026358,132,0x13,documented_unknown_13,0
8686,1112,17026490,17026494,0,0x04,start_stop_audio,0
8687,1112,17026494,17026498,6,0x07,send_buffer,1
8688,1112,17026504,17026508,0,0x01,end_of_chunk,0
8689,1113,17026512,17026516,1080,0x0F,set_decoding_map,0
8690,1113,17027596,17027600,2932,0x08,audio_frame,0
8691,1113,17030532,17030536,6,0x09,silence_frame,0
8692,1113,17030542,17030546,14038,0x11,video_data_11,3
8693,1113,17044584,17044588,132,0x13,documented_unknown_13,0
8694,1113,17044720,17044724,0,0x04,start_stop_audio,0
8695,1113,17044724,17044728,6,0x07,send_buffer,1
8696,1113,17044734,17044738,0,0x01,end_of_chunk,0
8697,1114,17044742,17044746,1080,0x0F,set_decoding_map,0
8698,1114,17045826,17045830,2952,0x08,audio_frame,0
8699,1114,17048782,17048786,6,0x09,silence_frame,0
8700,1114,17048792,17048796,14022,0x11,video_data_11,3
8701,1114,17062818,17062822,132,0x13,documented_unknown_13,0
8702,1114,17062954,17062958,0,0x04,start_stop_audio,0
8703,1114,17062958,17062962,6,0x07,send_buffer,1
8704,1114,17062968,17062972,0,0x01,end_of_chunk,0
8705,1115,17062976,17062980,1080,0x0F,set_decoding_map,0
8706,1115,17064060,17064064,2952,0x08,audio_frame,0
8707,1115,17067016,17067020,6,0x09,silence_frame,0
8708,1115,17067026,17067030,14032,0x11,video_data_11,3
8709,1115,17081062,17081066,132,0x13,documented_unknown_13,0
8710,1115,17081198,17081202,0,0x04,start_stop_audio,0
8711,1115,17081202,17081206,6,0x07,send_buffer,1
8712,1115,17081212,17081216,0,0x01,end_of_chunk,0
8713,1116,17081220,17081224,1080,0x0F,set_decoding_map,0
8714,1116,17082304,17082308,2952,0x08,audio_frame,0
8715,1116,17085260,17085264,6,0x09,silence_frame,0
8716,1116,17085270,17085274,14026,0x11,video_data_11,3
8717,1116,17099300,17099304,132,0x13,documented_unknown_13,0
8718,1116,17099436,17099440,0,0x04,start_stop_audio,0
8719,1116,17099440,17099444,6,0x07,send_buffer,1
8720,1116,17099450,17099454,0,0x01,end_of_chunk,0
8721,1117,17099458,17099462,1080,0x0F,set_decoding_map,0
8722,1117,17100542,17100546,2952,0x08,audio_frame,0
8723,1117,17103498,17103502,6,0x09,silence_frame,0
8724,1117,17103508,17103512,14030,0x11,video_data_11,3
8725,1117,17117542,17117546,132,0x13,documented_unknown_13,0
8726,1117,17117678,17117682,0,0x04,start_stop_audio,0
8727,1117,17117682,17117686,6,0x07,send_buffer,1
8728,1117,17117692,17117696,0,0x01,end_of_chunk,0
8729,1118,17117700,17117704,1080,0x0F,set_decoding_map,0
8730,1118,17118784,17118788,2952,0x08,audio_frame,0
8731,1118,17121740,17121744,6,0x09,silence_frame,0
8732,1118,17121750,17121754,14032,0x11,video_data_11,3
8733,1118,17135786,17135790,132,0x13,documented_unknown_13,0
8734,1118,17135922,17135926,0,0x04,start_stop_audio,0
8735,1118,17135926,17135930,6,0x07,send_buffer,1
8736,1118,17135936,17135940,0,0x01,end_of_chunk,0
8737,1119,17135944,17135948,1080,0x0F,set_decoding_map,0
8738,1119,17137028,17137032,2952,0x08,audio_frame,0
8739,1119,17139984,17139988,6,0x09,silence_frame,0
8740,1119,17139994,17139998,14028,0x11,video_data_11,3
8741,1119,17154026,17154030,132,0x13,documented_unknown_13,0
8742,1119,17154162,17154166,0,0x04,start_stop_audio,0
8743,1119,17154166,17154170,6,0x07,send_buffer,1
8744,1119,17154176,17154180,0,0x01,end_of_chunk,0
8745,1120,17154184,17154188,1080,0x0F,set_decoding_map,0
8746,1120,17155268,17155272,2952,0x08,audio_frame,0
8747,1120,17158224,17158228,6,0x09,silence_frame,0
8748,1120,17158234,17158238,14032,0x11,video_data_11,3
8749,1120,17172270,17172274,132,0x13,documented_unknown_13,0
8750,1120,17172406,17172410,0,0x04,start_stop_audio,0
8751,1120,17172410,17172414,6,0x07,send_buffer,1
8752,1120,17172420,17172424,0,0x01,end_of_chunk,0
8753,1121,17172428,17172432,1080,0x0F,set_decoding_map,0
8754,1121,17173512,17173516,2952,0x08,audio_frame,0
8755,1121,17176468,17176472,6,0x09,silence_frame,0
8756,1121,17176478,17176482,14026,0x11,video_data_11,3
8757,1121,17190508,17190512,132,0x13,documented_unknown_13,0
8758,1121,17190644,17190648,0,0x04,start_stop_audio,0
8759,1121,17190648,17190652,6,0x07,send_buffer,1
8760,1121,17190658,17190662,0,0x01,end_of_chunk,0
8761,1122,17190666,17190670,1080,0x0F,set_decoding_map,0
8762,1122,17191750,17191754,2952,0x08,audio_frame,0
8763,1122,17194706,17194710,6,0x09,silence_frame,0
8764,1122,17194716,17194720,14032,0x11,video_data_11,3
8765,1122,17208752,17208756,132,0x13,documented_unknown_13,0
8766,1122,17208888,17208892,0,0x04,start_stop_audio,0
8767,1122,17208892,17208896,6,0x07,send_buffer,1
8768,1122,17208902,17208906,0,0x01,end_of_chunk,0
8769,1123,17208910,17208914,1080,0x0F,set_decoding_map,0
8770,1123,17209994,17209998,2952,0x08,audio_frame,0
8771,1123,17212950,17212954,6,0x09,silence_frame,0
8772,1123,17212960,17212964,14022,0x11,video_data_11,3
8773,1123,17226986,17226990,132,0x13,documented_unknown_13,0
8774,1123,17227122,17227126,0,0x04,start_stop_audio,0
8775,1123,17227126,17227130,6,0x07,send_buffer,1
8776,1123,17227136,17227140,0,0x01,end_of_chunk,0
8777,1124,17227144,17227148,1080,0x0F,set_decoding_map,0
8778,1124,17228228,17228232,2952,0x08,audio_frame,0
8779,1124,17231184,17231188,6,0x09,silence_frame,0
8780,1124,17231194,17231198,14082,0x11,video_data_11,3
8781,1124,17245280,17245284,132,0x13,documented_unknown_13,0
8782,1124,17245416,17245420,0,0x04,start_stop_audio,0
8783,1124,17245420,17245424,6,0x07,send_buffer,1
8784,1124,17245430,17245434,0,0x01,end_of_chunk,0
8785,1125,17245438,17245442,1080,0x0F,set_decoding_map,0
8786,1125,17246522,17246526,2952,0x08,audio_frame,0
8787,1125,17249478,17249482,6,0x09,silence_frame,0
8788,1125,17249488,17249492,14082,0x11,video_data_11,3
8789,1125,17263574,17263578,132,0x13,documented_unknown_13,0
8790,1125,17263710,17263714,0,0x04,start_stop_audio,0
8791,1125,17263714,17263718,6,0x07,send_buffer,1
8792,1125,17263724,17263728,0,0x01,end_of_chunk,0
8793,1126,17263732,17263736,1080,0x0F,set_decoding_map,0
8794,1126,17264816,17264820,2952,0x08,audio_frame,0
8795,1126,17267772,17267776,6,0x09,silence_frame,0
8796,1126,17267782,17267786,14024,0x11,video_data_11,3
8797,1126,17281810,17281814,132,0x13,documented_unknown_13,0
8798,1126,17281946,17281950,0,0x04,start_stop_audio,0
8799,1126,17281950,17281954,6,0x07,send_buffer,1
8800,1126,17281960,17281964,0,0x01,end_of_chunk,0
8801,1127,17281968,17281972,1080,0x0F,set_decoding_map,0
8802,1127,17283052,17283056,2952,0x08,audio_frame,0
8803,1127,17286008,17286012,6,0x09,silence_frame,0
8804,1127,17286018,17286022,14082,0x11,video_data_11,3
8805,1127,17300104,17300108,132,0x13,documented_unknown_13,0
8806,1127,17300240,17300244,0,0x04,start_stop_audio,0
8807,1127,17300244,17300248,6,0x07,send_buffer,1
8808,1127,17300254,17300258,0,0x01,end_of_chunk,0
8809,1128,17300262,17300266,1080,0x0F,set_decoding_map,0
8810,1128,17301346,17301350,2932,0x08,audio_frame,0
8811,1128,17304282,17304286,6,0x09,silence_frame,0
8812,1128,17304292,17304296,14022,0x11,video_data_11,3
8813,1128,17318318,17318322,132,0x13,documented_unknown_13,0
8814,1128,17318454,17318458,0,0x04,start_stop_audio,0
8815,1128,17318458,17318462,6,0x07,send_buffer,1
8816,1128,17318468,17318472,0,0x01,end_of_chunk,0
8817,1129,17318476,17318480,1080,0x0F,set_decoding_map,0
8818,1129,17319560,17319564,2952,0x08,audio_frame,0
8819,1129,17322516,17322520,6,0x09,silence_frame,0
8820,1129,17322526,17322530,14050,0x11,video_data_11,3
8821,1129,17336580,17336584,132,0x13,documented_unknown_13,0
8822,1129,17336716,17336720,0,0x04,start_stop_audio,0
8823,1129,17336720,17336724,6,0x07,send_buffer,1
8824,1129,17336730,17336734,0,0x01,end_of_chunk,0
8825,1130,17336738,17336742,1080,0x0F,set_decoding_map,0
8826,1130,17337822,17337826,2952,0x08,audio_frame,0
8827,1130,17340778,17340782,6,0x09,silence_frame,0
8828,1130,17340788,17340792,14026,0x11,video_data_11,3
8829,1130,17354818,17354822,132,0x13,documented_unknown_13,0
8830,1130,17354954,17354958,0,0x04,start_stop_audio,0
8831,1130,17354958,17354962,6,0x07,send_buffer,1
8832,1130,17354968,17354972,0,0x01,end_of_chunk,0
8833,1131,17354976,17354980,1080,0x0F,set_decoding_map,0
8834,1131,17356060,17356064,2952,0x08,audio_frame,0
8835,1131,17359016,17359020,6,0x09,silence_frame,0
8836,1131,17359026,17359030,14032,0x11,video_data_11,3
8837,1131,17373062,17373066,132,0x13,documented_unknown_13,0
8838,1131,17373198,17373202,0,0x04,start_stop_audio,0
8839,1131,17373202,17373206,6,0x07,send_buffer,1
8840,1131,17373212,17373216,0,0x01,end_of_chunk,0
8841,1132,17373220,17373224,1080,0x0F,set_decoding_map,0
8842,1132,17374304,17374308,2952,0x08,audio_frame,0
8843,1132,17377260,17377264,6,0x09,silence_frame,0
8844,1132,17377270,17377274,14024,0x11,video_data_11,3
8845,1132,17391298,17391302,132,0x13,documented_unknown_13,0
8846,1132,17391434,17391438,0,0x04,start_stop_audio,0
8847,1132,17391438,17391442,6,0x07,send_buffer,1
8848,1132,17391448,17391452,0,0x01,end_of_chunk,0
8849,1133,17391456,17391460,1080,0x0F,set_decoding_map,0
8850,1133,17392540,17392544,2952,0x08,audio_frame,0
8851,1133,17395496,17395500,6,0x09,silence_frame,0
8852,1133,17395506,17395510,14022,0x11,video_data_11,3
8853,1133,17409532,17409536,132,0x13,documented_unknown_13,0
8854,1133,17409668,17409672,0,0x04,start_stop_audio,0
8855,1133,17409672,17409676,6,0x07,send_buffer,1
8856,1133,17409682,17409686,0,0x01,end_of_chunk,0
8857,1134,17409690,17409694,1080,0x0F,set_decoding_map,0
8858,1134,17410774,17410778,2952,0x08,audio_frame,0
8859,1134,17413730,17413734,6,0x09,silence_frame,0
8860,1134,17413740,17413744,14022,0x11,video_data_11,3
8861,1134,17427766,17427770,132,0x13,documented_unknown_13,0
8862,1134,17427902,17427906,0,0x04,start_stop_audio,0
8863,1134,17427906,17427910,6,0x07,send_buffer,1
8864,1134,17427916,17427920,0,0x01,end_of_chunk,0
8865,1135,17427924,17427928,1080,0x0F,set_decoding_map,0
8866,1135,17429008,17429012,2952,0x08,audio_frame,0
8867,1135,17431964,17431968,6,0x09,silence_frame,0
8868,1135,17431974,17431978,14082,0x11,video_data_11,3
8869,1135,17446060,17446064,132,0x13,documented_unknown_13,0
8870,1135,17446196,17446200,0,0x04,start_stop_audio,0
8871,1135,17446200,17446204,6,0x07,send_buffer,1
8872,1135,17446210,17446214,0,0x01,end_of_chunk,0
8873,1136,17446218,17446222,1080,0x0F,set_decoding_map,0
8874,1136,17447302,17447306,2952,0x08,audio_frame,0
8875,1136,17450258,17450262,6,0x09,silence_frame,0
8876,1136,17450268,17450272,14022,0x11,video_data_11,3
8877,1136,17464294,17464298,132,0x13,documented_unknown_13,0
8878,1136,17464430,17464434,0,0x04,start_stop_audio,0
8879,1136,17464434,17464438,6,0x07,send_buffer,1
8880,1136,17464444,17464448,0,0x01,end_of_chunk,0
8881,1137,17464452,17464456,1080,0x0F,set_decoding_map,0
8882,1137,17465536,17465540,2952,0x08,audio_frame,0
8883,1137,17468492,17468496,6,0x09,silence_frame,0
8884,1137,17468502,17468506,14028,0x11,video_data_11,3
8885,1137,17482534,17482538,132,0x13,documented_unknown_13,0
8886,1137,17482670,17482674,0,0x04,start_stop_audio,0
8887,1137,17482674,17482678,6,0x07,send_buffer,1
8888,1137,17482684,17482688,0,0x01,end_of_chunk,0
8889,1138,17482692,17482696,1080,0x0F,set_decoding_map,0
8890,1138,17483776,17483780,2952,0x08,audio_frame,0
8891,1138,17486732,17486736,6,0x09,silence_frame,0
8892,1138,17486742,17486746,14028,0x11,video_data_11,3
8893,1138,17500774,17500778,132,0x13,documented_unknown_13,0
8894,1138,17500910,17500914,0,0x04,start_stop_audio,0
8895,1138,17500914,17500918,6,0x07,send_buffer,1
8896,1138,17500924,17500928,0,0x01,end_of_chunk,0
8897,1139,17500932,17500936,1080,0x0F,set_decoding_map,0
8898,1139,17502016,17502020,2952,0x08,audio_frame,0
8899,1139,17504972,17504976,6,0x09,silence_frame,0
8900,1139,17504982,17504986,14024,0x11,video_data_11,3
8901,1139,17519010,17519014,132,0x13,documented_unknown_13,0
8902,1139,17519146,17519150,0,0x04,start_stop_audio,0
8903,1139,17519150,17519154,6,0x07,send_buffer,1
8904,1139,17519160,17519164,0,0x01,end_of_chunk,0
8905,1140,17519168,17519172,1080,0x0F,set_decoding_map,0
8906,1140,17520252,17520256,2952,0x08,audio_frame,0
8907,1140,17523208,17523212,6,0x09,silence_frame,0
8908,1140,17523218,17523222,14024,0x11,video_data_11,3
8909,1140,17537246,17537250,132,0x13,documented_unknown_13,0
8910,1140,17537382,17537386,0,0x04,start_stop_audio,0
8911,1140,17537386,17537390,6,0x07,send_buffer,1
8912,1140,17537396,17537400,0,0x01,end_of_chunk,0
8913,1141,17537404,17537408,1080,0x0F,set_decoding_map,0
8914,1141,17538488,17538492,2952,0x08,audio_frame,0
8915,1141,17541444,17541448,6,0x09,silence_frame,0
8916,1141,17541454,17541458,14026,0x11,video_data_11,3
8917,1141,17555484,17555488,132,0x13,documented_unknown_13,0
8918,1141,17555620,17555624,0,0x04,start_stop_audio,0
8919,1141,17555624,17555628,6,0x07,send_buffer,1
8920,1141,17555634,17555638,0,0x01,end_of_chunk,0
8921,1142,17555642,17555646,1080,0x0F,set_decoding_map,0
8922,1142,17556726,17556730,2952,0x08,audio_frame,0
8923,1142,17559682,17559686,6,0x09,silence_frame,0
8924,1142,17559692,17559696,14060,0x11,video_data_11,3
8925,1142,17573756,17573760,132,0x13,documented_unknown_13,0
8926,1142,17573892,17573896,0,0x04,start_stop_audio,0
8927,1142,17573896,17573900,6,0x07,send_buffer,1
8928,1142,17573906,17573910,0,0x01,end_of_chunk,0
8929,1143,17573914,17573918,1080,0x0F,set_decoding_map,0
8930,1143,17574998,17575002,2932,0x08,audio_frame,0
8931,1143,17577934,17577938,6,0x09,silence_frame,0
8932,1143,17577944,17577948,14034,0x11,video_data_11,3
8933,1143,17591982,17591986,132,0x13,documented_unknown_13,0
8934,1143,17592118,17592122,0,0x04,start_stop_audio,0
8935,1143,17592122,17592126,6,0x07,send_buffer,1
8936,1143,17592132,17592136,0,0x01,end_of_chunk,0
8937,1144,17592140,17592144,1080,0x0F,set_decoding_map,0
8938,1144,17593224,17593228,2952,0x08,audio_frame,0
8939,1144,17596180,17596184,6,0x09,silence_frame,0
8940,1144,17596190,17596194,14036,0x11,video_data_11,3
8941,1144,17610230,17610234,132,0x13,documented_unknown_13,0
8942,1144,17610366,17610370,0,0x04,start_stop_audio,0
8943,1144,17610370,17610374,6,0x07,send_buffer,1
8944,1144,17610380,17610384,0,0x01,end_of_chunk,0
8945,1145,17610388,17610392,1080,0x0F,set_decoding_map,0
8946,1145,17611472,17611476,2952,0x08,audio_frame,0
8947,1145,17614428,17614432,6,0x09,silence_frame,0
8948,1145,17614438,17614442,14026,0x11,video_data_11,3
8949,1145,17628468,17628472,132,0x13,documented_unknown_13,0
8950,1145,17628604,17628608,0,0x04,start_stop_audio,0
8951,1145,17628608,17628612,6,0x07,send_buffer,1
8952,1145,17628618,17628622,0,0x01,end_of_chunk,0
8953,1146,17628626,17628630,1080,0x0F,set_decoding_map,0
8954,1146,17629710,17629714,2952,0x08,audio_frame,0
8955,1146,17632666,17632670,6,0x09,silence_frame,0
8956,1146,17632676,17632680,14036,0x11,video_data_11,3
8957,1146,17646716,17646720,132,0x13,documented_unknown_13,0
8958,1146,17646852,17646856,0,0x04,start_stop_audio,0
8959,1146,17646856,17646860,6,0x07,send_buffer,1
8960,1146,17646866,17646870,0,0x01,end_of_chunk,0
8961,1147,17646874,17646878,1080,0x0F,set_decoding_map,0
8962,1147,17647958,17647962,2952,0x08,audio_frame,0
8963,1147,17650914,17650918,6,0x09,silence_frame,0
8964,1147,17650924,17650928,14024,0x11,video_data_11,3
8965,1147,17664952,17664956,132,0x13,documented_unknown_13,0
8966,1147,17665088,17665092,0,0x04,start_stop_audio,0
8967,1147,17665092,17665096,6,0x07,send_buffer,1
8968,1147,17665102,17665106,0,0x01,end_of_chunk,0
8969,1148,17665110,17665114,1080,0x0F,set_decoding_map,0
8970,1148,17666194,17666198,2952,0x08,audio_frame,0
8971,1148,17669150,17669154,6,0x09,silence_frame,0
8972,1148,17669160,17669164,14058,0x11,video_data_11,3
8973,1148,17683222,17683226,132,0x13,documented_unknown_13,0
8974,1148,17683358,17683362,0,0x04,start_stop_audio,0
8975,1148,17683362,17683366,6,0x07,send_buffer,1
8976,1148,17683372,17683376,0,0x01,end_of_chunk,0
8977,1149,17683380,17683384,1080,0x0F,set_decoding_map,0
8978,1149,17684464,17684468,2952,0x08,audio_frame,0
8979,1149,17687420,17687424,6,0x09,silence_frame,0
8980,1149,17687430,17687434,14062,0x11,video_data_11,3
8981,1149,17701496,17701500,132,0x13,documented_unknown_13,0
8982,1149,17701632,17701636,0,0x04,start_stop_audio,0
8983,1149,17701636,17701640,6,0x07,send_buffer,1
8984,1149,17701646,17701650,0,0x01,end_of_chunk,0
8985,1150,17701654,17701658,1080,0x0F,set_decoding_map,0
8986,1150,17702738,17702742,2952,0x08,audio_frame,0
8987,1150,17705694,17705698,6,0x09,silence_frame,0
8988,1150,17705704,17705708,14056,0x11,video_data_11,3
8989,1150,17719764,17719768,132,0x13,documented_unknown_13,0
8990,1150,17719900,17719904,0,0x04,start_stop_audio,0
8991,1150,17719904,17719908,6,0x07,send_buffer,1
8992,1150,17719914,17719918,0,0x01,end_of_chunk,0
8993,1151,17719922,17719926,1080,0x0F,set_decoding_map,0
8994,1151,17721006,17721010,2952,0x08,audio_frame,0
8995,1151,17723962,17723966,6,0x09,silence_frame,0
8996,1151,17723972,17723976,14044,0x11,video_data_11,3
8997,1151,17738020,17738024,132,0x13,documented_unknown_13,0
8998,1151,17738156,17738160,0,0x04,start_stop_audio,0
8999,1151,17738160,17738164,6,0x07,send_buffer,1
9000,1151,17738170,17738174,0,0x01,end_of_chunk,0
9001,1152,17738178,17738182,1080,0x0F,set_decoding_map,0
9002,1152,17739262,17739266,2952,0x08,audio_frame,0
9003,1152,17742218,17742222,6,0x09,silence_frame,0
9004,1152,17742228,17742232,14052,0x11,video_data_11,3
9005,1152,17756284,17756288,132,0x13,documented_unknown_13,0
9006,1152,17756420,17756424,0,0x04,start_stop_audio,0
9007,1152,17756424,17756428,6,0x07,send_buffer,1
9008,1152,17756434,17756438,0,0x01,end_of_chunk,0
9009,1153,17756442,17756446,1080,0x0F,set_decoding_map,0
9010,1153,17757526,17757530,2952,0x08,audio_frame,0
9011,1153,17760482,17760486,6,0x09,silence_frame,0
9012,1153,17760492,17760496,14038,0x11,video_data_11,3
9013,1153,17774534,17774538,132,0x13,documented_unknown_13,0
9014,1153,17774670,17774674,0,0x04,start_stop_audio,0
9015,1153,17774674,17774678,6,0x07,send_buffer,1
9016,1153,17774684,17774688,0,0x01,end_of_chunk,0
9017,1154,17774692,17774696,1080,0x0F,set_decoding_map,0
9018,1154,17775776,17775780,2952,0x08,audio_frame,0
9019,1154,17778732,17778736,6,0x09,silence_frame,0
9020,1154,17778742,17778746,14060,0x11,video_data_11,3
9021,1154,17792806,17792810,132,0x13,documented_unknown_13,0
9022,1154,17792942,17792946,0,0x04,start_stop_audio,0
9023,1154,17792946,17792950,6,0x07,send_buffer,1
9024,1154,17792956,17792960,0,0x01,end_of_chunk,0
9025,1155,17792964,17792968,1080,0x0F,set_decoding_map,0
9026,1155,17794048,17794052,2952,0x08,audio_frame,0
9027,1155,17797004,17797008,6,0x09,silence_frame,0
9028,1155,17797014,17797018,14064,0x11,video_data_11,3
9029,1155,17811082,17811086,132,0x13,documented_unknown_13,0
9030,1155,17811218,17811222,0,0x04,start_stop_audio,0
9031,1155,17811222,17811226,6,0x07,send_buffer,1
9032,1155,17811232,17811236,0,0x01,end_of_chunk,0
9033,1156,17811240,17811244,1080,0x0F,set_decoding_map,0
9034,1156,17812324,17812328,2952,0x08,audio_frame,0
9035,1156,17815280,17815284,6,0x09,silence_frame,0
9036,1156,17815290,17815294,14030,0x11,video_data_11,3
9037,1156,17829324,17829328,132,0x13,documented_unknown_13,0
9038,1156,17829460,17829464,0,0x04,start_stop_audio,0
9039,1156,17829464,17829468,6,0x07,send_buffer,1
9040,1156,17829474,17829478,0,0x01,end_of_chunk,0
9041,1157,17829482,17829486,1080,0x0F,set_decoding_map,0
9042,1157,17830566,17830570,2952,0x08,audio_frame,0
9043,1157,17833522,17833526,6,0x09,silence_frame,0
9044,1157,17833532,17833536,14050,0x11,video_data_11,3
9045,1157,17847586,17847590,132,0x13,documented_unknown_13,0
9046,1157,17847722,17847726,0,0x04,start_stop_audio,0
9047,1157,17847726,17847730,6,0x07,send_buffer,1
9048,1157,17847736,17847740,0,0x01,end_of_chunk,0
9049,1158,17847744,17847748,1080,0x0F,set_decoding_map,0
9050,1158,17848828,17848832,2932,0x08,audio_frame,0
9051,1158,17851764,17851768,6,0x09,silence_frame,0
9052,1158,17851774,17851778,14030,0x11,video_data_11,3
9053,1158,17865808,17865812,132,0x13,documented_unknown_13,0
9054,1158,17865944,17865948,0,0x04,start_stop_audio,0
9055,1158,17865948,17865952,6,0x07,send_buffer,1
9056,1158,17865958,17865962,0,0x01,end_of_chunk,0
9057,1159,17865966,17865970,1080,0x0F,set_decoding_map,0
9058,1159,17867050,17867054,2952,0x08,audio_frame,0
9059,1159,17870006,17870010,6,0x09,silence_frame,0
9060,1159,17870016,17870020,14034,0x11,video_data_11,3
9061,1159,17884054,17884058,132,0x13,documented_unknown_13,0
9062,1159,17884190,17884194,0,0x04,start_stop_audio,0
9063,1159,17884194,17884198,6,0x07,send_buffer,1
9064,1159,17884204,17884208,0,0x01,end_of_chunk,0
9065,1160,17884212,17884216,1080,0x0F,set_decoding_map,0
9066,1160,17885296,17885300,2952,0x08,audio_frame,0
9067,1160,17888252,17888256,6,0x09,silence_frame,0
9068,1160,17888262,17888266,14040,0x11,video_data_11,3
9069,1160,17902306,17902310,132,0x13,documented_unknown_13,0
9070,1160,17902442,17902446,0,0x04,start_stop_audio,0
9071,1160,17902446,17902450,6,0x07,send_buffer,1
9072,1160,17902456,17902460,0,0x01,end_of_chunk,0
9073,1161,17902464,17902468,1080,0x0F,set_decoding_map,0
9074,1161,17903548,17903552,2952,0x08,audio_frame,0
9075,1161,17906504,17906508,6,0x09,silence_frame,0
9076,1161,17906514,17906518,14030,0x11,video_data_11,3
9077,1161,17920548,17920552,132,0x13,documented_unknown_13,0
9078,1161,17920684,17920688,0,0x04,start_stop_audio,0
9079,1161,17920688,17920692,6,0x07,send_buffer,1
9080,1161,17920698,17920702,0,0x01,end_of_chunk,0
9081,1162,17920706,17920710,1080,0x0F,set_decoding_map,0
9082,1162,17921790,17921794,2952,0x08,audio_frame,0
9083,1162,17924746,17924750,6,0x09,silence_frame,0
9084,1162,17924756,17924760,14044,0x11,video_data_11,3
9085,1162,17938804,17938808,132,0x13,documented_unknown_13,0
9086,1162,17938940,17938944,0,0x04,start_stop_audio,0
9087,1162,17938944,17938948,6,0x07,send_buffer,1
9088,1162,17938954,17938958,0,0x01,end_of_chunk,0
9089,1163,17938962,17938966,1080,0x0F,set_decoding_map,0
9090,1163,17940046,17940050,2952,0x08,audio_frame,0
9091,1163,17943002,17943006,6,0x09,silence_frame,0
9092,1163,17943012,17943016,14040,0x11,video_data_11,3
9093,1163,17957056,17957060,132,0x13,documented_unknown_13,0
9094,1163,17957192,17957196,0,0x04,start_stop_audio,0
9095,1163,17957196,17957200,6,0x07,send_buffer,1
9096,1163,17957206,17957210,0,0x01,end_of_chunk,0
9097,1164,17957214,17957218,1080,0x0F,set_decoding_map,0
9098,1164,17958298,17958302,2952,0x08,audio_frame,0
9099,1164,17961254,17961258,6,0x09,silence_frame,0
9100,1164,17961264,17961268,14054,0x11,video_data_11,3
9101,1164,17975322,17975326,132,0x13,documented_unknown_13,0
9102,1164,17975458,17975462,0,0x04,start_stop_audio,0
9103,1164,17975462,17975466,6,0x07,send_buffer,1
9104,1164,17975472,17975476,0,0x01,end_of_chunk,0
9105,1165,17975480,17975484,1080,0x0F,set_decoding_map,0
9106,1165,17976564,17976568,2952,0x08,audio_frame,0
9107,1165,17979520,17979524,6,0x09,silence_frame,0
9108,1165,17979530,17979534,14022,0x11,video_data_11,3
9109,1165,17993556,17993560,132,0x13,documented_unknown_13,0
9110,1165,17993692,17993696,0,0x04,start_stop_audio,0
9111,1165,17993696,17993700,6,0x07,send_buffer,1
9112,1165,17993706,17993710,0,0x01,end_of_chunk,0
9113,1166,17993714,17993718,1080,0x0F,set_decoding_map,0
9114,1166,17994798,17994802,2952,0x08,audio_frame,0
9115,1166,17997754,17997758,6,0x09,silence_frame,0
9116,1166,17997764,17997768,14058,0x11,video_data_11,3
9117,1166,18011826,18011830,132,0x13,documented_unknown_13,0
9118,1166,18011962,18011966,0,0x04,start_stop_audio,0
9119,1166,18011966,18011970,6,0x07,send_buffer,1
9120,1166,18011976,18011980,0,0x01,end_of_chunk,0
9121,1167,18011984,18011988,1080,0x0F,set_decoding_map,0
9122,1167,18013068,18013072,2952,0x08,audio_frame,0
9123,1167,18016024,18016028,6,0x09,silence_frame,0
9124,1167,18016034,18016038,14032,0x11,video_data_11,3
9125,1167,18030070,18030074,132,0x13,documented_unknown_13,0
9126,1167,18030206,18030210,0,0x04,start_stop_audio,0
9127,1167,18030210,18030214,6,0x07,send_buffer,1
9128,1167,18030220,18030224,0,0x01,end_of_chunk,0
9129,1168,18030228,18030232,1080,0x0F,set_decoding_map,0
9130,1168,18031312,18031316,2952,0x08,audio_frame,0
9131,1168,18034268,18034272,6,0x09,silence_frame,0
9132,1168,18034278,18034282,14034,0x11,video_data_11,3
9133,1168,18048316,18048320,132,0x13,documented_unknown_13,0
9134,1168,18048452,18048456,0,0x04,start_stop_audio,0
9135,1168,18048456,18048460,6,0x07,send_buffer,1
9136,1168,18048466,18048470,0,0x01,end_of_chunk,0
9137,1169,18048474,18048478,1080,0x0F,set_decoding_map,0
9138,1169,18049558,18049562,2952,0x08,audio_frame,0
9139,1169,18052514,18052518,6,0x09,silence_frame,0
9140,1169,18052524,18052528,14074,0x11,video_data_11,3
9141,1169,18066602,18066606,132,0x13,documented_unknown_13,0
9142,1169,18066738,18066742,0,0x04,start_stop_audio,0
9143,1169,18066742,18066746,6,0x07,send_buffer,1
9144,1169,18066752,18066756,0,0x01,end_of_chunk,0
9145,1170,18066760,18066764,1080,0x0F,set_decoding_map,0
9146,1170,18067844,18067848,2952,0x08,audio_frame,0
9147,1170,18070800,18070804,6,0x09,silence_frame,0
9148,1170,18070810,18070814,14028,0x11,video_data_11,3
9149,1170,18084842,18084846,132,0x13,documented_unknown_13,0
9150,1170,18084978,18084982,0,0x04,start_stop_audio,0
9151,1170,18084982,18084986,6,0x07,send_buffer,1
9152,1170,18084992,18084996,0,0x01,end_of_chunk,0
9153,1171,18085000,18085004,1080,0x0F,set_decoding_map,0
9154,1171,18086084,18086088,2952,0x08,audio_frame,0
9155,1171,18089040,18089044,6,0x09,silence_frame,0
9156,1171,18089050,18089054,14026,0x11,video_data_11,3
9157,1171,18103080,18103084,132,0x13,documented_unknown_13,0
9158,1171,18103216,18103220,0,0x04,start_stop_audio,0
9159,1171,18103220,18103224,6,0x07,send_buffer,1
9160,1171,18103230,18103234,0,0x01,end_of_chunk,0
9161,1172,18103238,18103242,1080,0x0F,set_decoding_map,0
9162,1172,18104322,18104326,2952,0x08,audio_frame,0
9163,1172,18107278,18107282,6,0x09,silence_frame,0
9164,1172,18107288,18107292,14052,0x11,video_data_11,3
9165,1172,18121344,18121348,132,0x13,documented_unknown_13,0
9166,1172,18121480,18121484,0,0x04,start_stop_audio,0
9167,1172,18121484,18121488,6,0x07,send_buffer,1
9168,1172,18121494,18121498,0,0x01,end_of_chunk,0
9169,1173,18121502,18121506,1080,0x0F,set_decoding_map,0
9170,1173,18122586,18122590,2932,0x08,audio_frame,0
9171,1173,18125522,18125526,6,0x09,silence_frame,0
9172,1173,18125532,18125536,14058,0x11,video_data_11,3
9173,1173,18139594,18139598,132,0x13,documented_unknown_13,0
9174,1173,18139730,18139734,0,0x04,start_stop_audio,0
9175,1173,18139734,18139738,6,0x07,send_buffer,1
9176,1173,18139744,18139748,0,0x01,end_of_chunk,0
9177,1174,18139752,18139756,1080,0x0F,set_decoding_map,0
9178,1174,18140836,18140840,2952,0x08,audio_frame,0
9179,1174,18143792,18143796,6,0x09,silence_frame,0
9180,1174,18143802,18143806,14052,0x11,video_data_11,3
9181,1174,18157858,18157862,132,0x13,documented_unknown_13,0
9182,1174,18157994,18157998,0,0x04,start_stop_audio,0
9183,1174,18157998,18158002,6,0x07,send_buffer,1
9184,1174,18158008,18158012,0,0x01,end_of_chunk,0
9185,1175,18158016,18158020,1080,0x0F,set_decoding_map,0
9186,1175,18159100,18159104,2952,0x08,audio_frame,0
9187,1175,18162056,18162060,6,0x09,silence_frame,0
9188,1175,18162066,18162070,14074,0x11,video_data_11,3
9189,1175,18176144,18176148,132,0x13,documented_unknown_13,0
9190,1175,18176280,18176284,0,0x04,start_stop_audio,0
9191,1175,18176284,18176288,6,0x07,send_buffer,1
9192,1175,18176294,18176298,0,0x01,end_of_chunk,0
9193,1176,18176302,18176306,1080,0x0F,set_decoding_map,0
9194,1176,18177386,18177390,2952,0x08,audio_frame,0
9195,1176,18180342,18180346,6,0x09,silence_frame,0
9196,1176,18180352,18180356,14066,0x11,video_data_11,3
9197,1176,18194422,18194426,132,0x13,documented_unknown_13,0
9198,1176,18194558,18194562,0,0x04,start_stop_audio,0
9199,1176,18194562,18194566,6,0x07,send_buffer,1
9200,1176,18194572,18194576,0,0x01,end_of_chunk,0
9201,1177,18194580,18194584,1080,0x0F,set_decoding_map,0
9202,1177,18195664,18195668,2952,0x08,audio_frame,0
9203,1177,18198620,18198624,6,0x09,silence_frame,0
9204,1177,18198630,18198634,14030,0x11,video_data_11,3
9205,1177,18212664,18212668,132,0x13,documented_unknown_13,0
9206,1177,18212800,18212804,0,0x04,start_stop_audio,0
9207,1177,18212804,18212808,6,0x07,send_buffer,1
9208,1177,18212814,18212818,0,0x01,end_of_chunk,0
9209,1178,18212822,18212826,1080,0x0F,set_decoding_map,0
9210,1178,18213906,18213910,2952,0x08,audio_frame,0
9211,1178,18216862,18216866,6,0x09,silence_frame,0
9212,1178,18216872,18216876,14052,0x11,video_data_11,3
9213,1178,18230928,18230932,132,0x13,documented_unknown_13,0
9214,1178,18231064,18231068,0,0x04,start_stop_audio,0
9215,1178,18231068,18231072,6,0x07,send_buffer,1
9216,1178,18231078,18231082,0,0x01,end_of_chunk,0
9217,1179,18231086,18231090,1080,0x0F,set_decoding_map,0
9218,1179,18232170,18232174,2952,0x08,audio_frame,0
9219,1179,18235126,18235130,6,0x09,silence_frame,0
9220,1179,18235136,18235140,14064,0x11,video_data_11,3
9221,1179,18249204,18249208,132,0x13,documented_unknown_13,0
9222,1179,18249340,18249344,0,0x04,start_stop_audio,0
9223,1179,18249344,18249348,6,0x07,send_buffer,1
9224,1179,18249354,18249358,0,0x01,end_of_chunk,0
9225,1180,18249362,18249366,1080,0x0F,set_decoding_map,0
9226,1180,18250446,18250450,2952,0x08,audio_frame,0
9227,1180,18253402,18253406,6,0x09,silence_frame,0
9228,1180,18253412,18253416,14042,0x11,video_data_11,3
9229,1180,18267458,18267462,132,0x13,documented_unknown_13,0
9230,1180,18267594,18267598,0,0x04,start_stop_audio,0
9231,1180,18267598,18267602,6,0x07,send_buffer,1
9232,1180,18267608,18267612,0,0x01,end_of_chunk,0
9233,1181,18267616,18267620,1080,0x0F,set_decoding_map,0
9234,1181,18268700,18268704,2952,0x08,audio_frame,0
9235,1181,18271656,18271660,6,0x09,silence_frame,0
9236,1181,18271666,18271670,14030,0x11,video_data_11,3
9237,1181,18285700,18285704,132,0x13,documented_unknown_13,0
9238,1181,18285836,18285840,0,0x04,start_stop_audio,0
9239,1181,18285840,18285844,6,0x07,send_buffer,1
9240,1181,18285850,18285854,0,0x01,end_of_chunk,0
9241,1182,18285858,18285862,1080,0x0F,set_decoding_map,0
9242,1182,18286942,18286946,2952,0x08,audio_frame,0
9243,1182,18289898,18289902,6,0x09,silence_frame,0
9244,1182,18289908,18289912,14032,0x11,video_data_11,3
9245,1182,18303944,18303948,132,0x13,documented_unknown_13,0
9246,1182,18304080,18304084,0,0x04,start_stop_audio,0
9247,1182,18304084,18304088,6,0x07,send_buffer,1
9248,1182,18304094,18304098,0,0x01,end_of_chunk,0
9249,1183,18304102,18304106,1080,0x0F,set_decoding_map,0
9250,1183,18305186,18305190,2952,0x08,audio_frame,0
9251,1183,18308142,18308146,6,0x09,silence_frame,0
9252,1183,18308152,18308156,14066,0x11,video_data_11,3
9253,1183,18322222,18322226,132,0x13,documented_unknown_13,0
9254,1183,18322358,18322362,0,0x04,start_stop_audio,0
9255,1183,18322362,18322366,6,0x07,send_buffer,1
9256,1183,18322372,18322376,0,0x01,end_of_chunk,0
9257,1184,18322380,18322384,1080,0x0F,set_decoding_map,0
9258,1184,18323464,18323468,2952,0x08,audio_frame,0
9259,1184,18326420,18326424,6,0x09,silence_frame,0
9260,1184,18326430,18326434,14050,0x11,video_data_11,3
9261,1184,18340484,18340488,132,0x13,documented_unknown_13,0
9262,1184,18340620,18340624,0,0x04,start_stop_audio,0
9263,1184,18340624,18340628,6,0x07,send_buffer,1
9264,1184,18340634,18340638,0,0x01,end_of_chunk,0
9265,1185,18340642,18340646,1080,0x0F,set_decoding_map,0
9266,1185,18341726,18341730,2952,0x08,audio_frame,0
9267,1185,18344682,18344686,6,0x09,silence_frame,0
9268,1185,18344692,18344696,14080,0x11,video_data_11,3
9269,1185,18358776,18358780,132,0x13,documented_unknown_13,0
9270,1185,18358912,18358916,0,0x04,start_stop_audio,0
9271,1185,18358916,18358920,6,0x07,send_buffer,1
9272,1185,18358926,18358930,0,0x01,end_of_chunk,0
9273,1186,18358934,18358938,1080,0x0F,set_decoding_map,0
9274,1186,18360018,18360022,2952,0x08,audio_frame,0
9275,1186,18362974,18362978,6,0x09,silence_frame,0
9276,1186,18362984,18362988,14030,0x11,video_data_11,3
9277,1186,18377018,18377022,132,0x13,documented_unknown_13,0
9278,1186,18377154,18377158,0,0x04,start_stop_audio,0
9279,1186,18377158,18377162,6,0x07,send_buffer,1
9280,1186,18377168,18377172,0,0x01,end_of_chunk,0
9281,1187,18377176,18377180,1080,0x0F,set_decoding_map,0
9282,1187,18378260,18378264,2952,0x08,audio_frame,0
9283,1187,18381216,18381220,6,0x09,silence_frame,0
9284,1187,18381226,18381230,14034,0x11,video_data_11,3
9285,1187,18395264,18395268,132,0x13,documented_unknown_13,0
9286,1187,18395400,18395404,0,0x04,start_stop_audio,0
9287,1187,18395404,18395408,6,0x07,send_buffer,1
9288,1187,18395414,18395418,0,0x01,end_of_chunk,0
9289,1188,18395422,18395426,1080,0x0F,set_decoding_map,0
9290,1188,18396506,18396510,2932,0x08,audio_frame,0
9291,1188,18399442,18399446,6,0x09,silence_frame,0
9292,1188,18399452,18399456,14046,0x11,video_data_11,3
9293,1188,18413502,18413506,132,0x13,documented_unknown_13,0
9294,1188,18413638,18413642,0,0x04,start_stop_audio,0
9295,1188,18413642,18413646,6,0x07,send_buffer,1
9296,1188,18413652,18413656,0,0x01,end_of_chunk,0
9297,1189,18413660,18413664,1080,0x0F,set_decoding_map,0
9298,1189,18414744,18414748,2952,0x08,audio_frame,0
9299,1189,18417700,18417704,6,0x09,silence_frame,0
9300,1189,18417710,18417714,14030,0x11,video_data_11,3
9301,1189,18431744,18431748,132,0x13,documented_unknown_13,0
9302,1189,18431880,18431884,0,0x04,start_stop_audio,0
9303,1189,18431884,18431888,6,0x07,send_buffer,1
9304,1189,18431894,18431898,0,0x01,end_of_chunk,0
9305,1190,18431902,18431906,1080,0x0F,set_decoding_map,0
9306,1190,18432986,18432990,2952,0x08,audio_frame,0
9307,1190,18435942,18435946,6,0x09,silence_frame,0
9308,1190,18435952,18435956,14022,0x11,video_data_11,3
9309,1190,18449978,18449982,132,0x13,documented_unknown_13,0
9310,1190,18450114,18450118,0,0x04,start_stop_audio,0
9311,1190,18450118,18450122,6,0x07,send_buffer,1
9312,1190,18450128,18450132,0,0x01,end_of_chunk,0
9313,1191,18450136,18450140,1080,0x0F,set_decoding_map,0
9314,1191,18451220,18451224,2952,0x08,audio_frame,0
9315,1191,18454176,18454180,6,0x09,silence_frame,0
9316,1191,18454186,18454190,14030,0x11,video_data_11,3
9317,1191,18468220,18468224,132,0x13,documented_unknown_13,0
9318,1191,18468356,18468360,0,0x04,start_stop_audio,0
9319,1191,18468360,18468364,6,0x07,send_buffer,1
9320,1191,18468370,18468374,0,0x01,end_of_chunk,0
9321,1192,18468378,18468382,1080,0x0F,set_decoding_map,0
9322,1192,18469462,18469466,2952,0x08,audio_frame,0
9323,1192,18472418,18472422,6,0x09,silence_frame,0
9324,1192,18472428,18472432,14032,0x11,video_data_11,3
9325,1192,18486464,18486468,132,0x13,documented_unknown_13,0
9326,1192,18486600,18486604,0,0x04,start_stop_audio,0
9327,1192,18486604,18486608,6,0x07,send_buffer,1
9328,1192,18486614,18486618,0,0x01,end_of_chunk,0
9329,1193,18486622,18486626,1080,0x0F,set_decoding_map,0
9330,1193,18487706,18487710,2952,0x08,audio_frame,0
9331,1193,18490662,18490666,6,0x09,silence_frame,0
9332,1193,18490672,18490676,14026,0x11,video_data_11,3
9333,1193,18504702,18504706,132,0x13,documented_unknown_13,0
9334,1193,18504838,18504842,0,0x04,start_stop_audio,0
9335,1193,18504842,18504846,6,0x07,send_buffer,1
9336,1193,18504852,18504856,0,0x01,end_of_chunk,0
9337,1194,18504860,18504864,1080,0x0F,set_decoding_map,0
9338,1194,18505944,18505948,2952,0x08,audio_frame,0
9339,1194,18508900,18508904,6,0x09,silence_frame,0
9340,1194,18508910,18508914,14060,0x11,video_data_11,3
9341,1194,18522974,18522978,132,0x13,documented_unknown_13,0
9342,1194,18523110,18523114,0,0x04,start_stop_audio,0
9343,1194,18523114,18523118,6,0x07,send_buffer,1
9344,1194,18523124,18523128,0,0x01,end_of_chunk,0
9345,1195,18523132,18523136,1080,0x0F,set_decoding_map,0
9346,1195,18524216,18524220,2952,0x08,audio_frame,0
9347,1195,18527172,18527176,6,0x09,silence_frame,0
9348,1195,18527182,18527186,14024,0x11,video_data_11,3
9349,1195,18541210,18541214,132,0x13,documented_unknown_13,0
9350,1195,18541346,18541350,0,0x04,start_stop_audio,0
9351,1195,18541350,18541354,6,0x07,send_buffer,1
9352,1195,18541360,18541364,0,0x01,end_of_chunk,0
9353,1196,18541368,18541372,1080,0x0F,set_decoding_map,0
9354,1196,18542452,18542456,2952,0x08,audio_frame,0
9355,1196,18545408,18545412,6,0x09,silence_frame,0
9356,1196,18545418,18545422,14056,0x11,video_data_11,3
9357,1196,18559478,18559482,132,0x13,documented_unknown_13,0
9358,1196,18559614,18559618,0,0x04,start_stop_audio,0
9359,1196,18559618,18559622,6,0x07,send_buffer,1
9360,1196,18559628,18559632,0,0x01,end_of_chunk,0
9361,1197,18559636,18559640,1080,0x0F,set_decoding_map,0
9362,1197,18560720,18560724,2952,0x08,audio_frame,0
9363,1197,18563676,18563680,6,0x09,silence_frame,0
9364,1197,18563686,18563690,14028,0x11,video_data_11,3
9365,1197,18577718,18577722,132,0x13,documented_unknown_13,0
9366,1197,18577854,18577858,0,0x04,start_stop_audio,0
9367,1197,18577858,18577862,6,0x07,send_buffer,1
9368,1197,18577868,18577872,0,0x01,end_of_chunk,0
9369,1198,18577876,18577880,1080,0x0F,set_decoding_map,0
9370,1198,18578960,18578964,2952,0x08,audio_frame,0
9371,1198,18581916,18581920,6,0x09,silence_frame,0
9372,1198,18581926,18581930,14028,0x11,video_data_11,3
9373,1198,18595958,18595962,132,0x13,documented_unknown_13,0
9374,1198,18596094,18596098,0,0x04,start_stop_audio,0
9375,1198,18596098,18596102,6,0x07,send_buffer,1
9376,1198,18596108,18596112,0,0x01,end_of_chunk,0
9377,1199,18596116,18596120,1080,0x0F,set_decoding_map,0
9378,1199,18597200,18597204,2952,0x08,audio_frame,0
9379,1199,18600156,18600160,6,0x09,silence_frame,0
9380,1199,18600166,18600170,14026,0x11,video_data_11,3
9381,1199,18614196,18614200,132,0x13,documented_unknown_13,0
9382,1199,18614332,18614336,0,0x04,start_stop_audio,0
9383,1199,18614336,18614340,6,0x07,send_buffer,1
9384,1199,18614346,18614350,0,0x01,end_of_chunk,0
9385,1200,18614354,18614358,1080,0x0F,set_decoding_map,0
9386,1200,18615438,18615442,2952,0x08,audio_frame,0
9387,1200,18618394,18618398,6,0x09,silence_frame,0
9388,1200,18618404,18618408,14042,0x11,video_data_11,3
9389,1200,18632450,18632454,132,0x13,documented_unknown_13,0
9390,1200,18632586,18632590,0,0x04,start_stop_audio,0
9391,1200,18632590,18632594,6,0x07,send_buffer,1
9392,1200,18632600,18632604,0,0x01,end_of_chunk,0
9393,1201,18632608,18632612,1080,0x0F,set_decoding_map,0
9394,1201,18633692,18633696,2952,0x08,audio_frame,0
9395,1201,18636648,18636652,6,0x09,silence_frame,0
9396,1201,18636658,18636662,14026,0x11,video_data_11,3
9397,1201,18650688,18650692,132,0x13,documented_unknown_13,0
9398,1201,18650824,18650828,0,0x04,start_stop_audio,0
9399,1201,18650828,18650832,6,0x07,send_buffer,1
9400,1201,18650838,18650842,0,0x01,end_of_chunk,0
9401,1202,18650846,18650850,1080,0x0F,set_decoding_map,0
9402,1202,18651930,18651934,2952,0x08,audio_frame,0
9403,1202,18654886,18654890,6,0x09,silence_frame,0
9404,1202,18654896,18654900,14026,0x11,video_data_11,3
9405,1202,18668926,18668930,132,0x13,documented_unknown_13,0
9406,1202,18669062,18669066,0,0x04,start_stop_audio,0
9407,1202,18669066,18669070,6,0x07,send_buffer,1
9408,1202,18669076,18669080,0,0x01,end_of_chunk,0
9409,1203,18669084,18669088,1080,0x0F,set_decoding_map,0
9410,1203,18670168,18670172,2932,0x08,audio_frame,0
9411,1203,18673104,18673108,6,0x09,silence_frame,0
9412,1203,18673114,18673118,14028,0x11,video_data_11,3
9413,1203,18687146,18687150,132,0x13,documented_unknown_13,0
9414,1203,18687282,18687286,0,0x04,start_stop_audio,0
9415,1203,18687286,18687290,6,0x07,send_buffer,1
9416,1203,18687296,18687300,0,0x01,end_of_chunk,0
9417,1204,18687304,18687308,1080,0x0F,set_decoding_map,0
9418,1204,18688388,18688392,2952,0x08,audio_frame,0
9419,1204,18691344,18691348,6,0x09,silence_frame,0
9420,1204,18691354,18691358,14030,0x11,video_data_11,3
9421,1204,18705388,18705392,132,0x13,documented_unknown_13,0
9422,1204,18705524,18705528,0,0x04,start_stop_audio,0
9423,1204,18705528,18705532,6,0x07,send_buffer,1
9424,1204,18705538,18705542,0,0x01,end_of_chunk,0
9425,1205,18705546,18705550,1080,0x0F,set_decoding_map,0
9426,1205,18706630,18706634,2952,0x08,audio_frame,0
9427,1205,18709586,18709590,6,0x09,silence_frame,0
9428,1205,18709596,18709600,14034,0x11,video_data_11,3
9429,1205,18723634,18723638,132,0x13,documented_unknown_13,0
9430,1205,18723770,18723774,0,0x04,start_stop_audio,0
9431,1205,18723774,18723778,6,0x07,send_buffer,1
9432,1205,18723784,18723788,0,0x01,end_of_chunk,0
9433,1206,18723792,18723796,1080,0x0F,set_decoding_map,0
9434,1206,18724876,18724880,2952,0x08,audio_frame,0
9435,1206,18727832,18727836,6,0x09,silence_frame,0
9436,1206,18727842,18727846,14040,0x11,video_data_11,3
9437,1206,18741886,18741890,132,0x13,documented_unknown_13,0
9438,1206,18742022,18742026,0,0x04,start_stop_audio,0
9439,1206,18742026,18742030,6,0x07,send_buffer,1
9440,1206,18742036,18742040,0,0x01,end_of_chunk,0
9441,1207,18742044,18742048,1080,0x0F,set_decoding_map,0
9442,1207,18743128,18743132,2952,0x08,audio_frame,0
9443,1207,18746084,18746088,6,0x09,silence_frame,0
9444,1207,18746094,18746098,14024,0x11,video_data_11,3
9445,1207,18760122,18760126,132,0x13,documented_unknown_13,0
9446,1207,18760258,18760262,0,0x04,start_stop_audio,0
9447,1207,18760262,18760266,6,0x07,send_buffer,1
9448,1207,18760272,18760276,0,0x01,end_of_chunk,0
9449,1208,18760280,18760284,1080,0x0F,set_decoding_map,0
9450,1208,18761364,18761368,2952,0x08,audio_frame,0
9451,1208,18764320,18764324,6,0x09,silence_frame,0
9452,1208,18764330,18764334,14038,0x11,video_data_11,3
9453,1208,18778372,18778376,132,0x13,documented_unknown_13,0
9454,1208,18778508,18778512,0,0x04,start_stop_audio,0
9455,1208,18778512,18778516,6,0x07,send_buffer,1
9456,1208,18778522,18778526,0,0x01,end_of_chunk,0
9457,1209,18778530,18778534,1080,0x0F,set_decoding_map,0
9458,1209,18779614,18779618,2952,0x08,audio_frame,0
9459,1209,18782570,18782574,6,0x09,silence_frame,0
9460,1209,18782580,18782584,14022,0x11,video_data_11,3
9461,1209,18796606,18796610,132,0x13,documented_unknown_13,0
9462,1209,18796742,18796746,0,0x04,start_stop_audio,0
9463,1209,18796746,18796750,6,0x07,send_buffer,1
9464,1209,18796756,18796760,0,0x01,end_of_chunk,0
9465,1210,18796764,18796768,1080,0x0F,set_decoding_map,0
9466,1210,18797848,18797852,2952,0x08,audio_frame,0
9467,1210,18800804,18800808,6,0x09,silence_frame,0
9468,1210,18800814,18800818,14048,0x11,video_data_11,3
9469,1210,18814866,18814870,132,0x13,documented_unknown_13,0
9470,1210,18815002,18815006,0,0x04,start_stop_audio,0
9471,1210,18815006,18815010,6,0x07,send_buffer,1
9472,1210,18815016,18815020,0,0x01,end_of_chunk,0
9473,1211,18815024,18815028,1080,0x0F,set_decoding_map,0
9474,1211,18816108,18816112,2952,0x08,audio_frame,0
9475,1211,18819064,18819068,6,0x09,silence_frame,0
9476,1211,18819074,18819078,14036,0x11,video_data_11,3
9477,1211,18833114,18833118,132,0x13,documented_unknown_13,0
9478,1211,18833250,18833254,0,0x04,start_stop_audio,0
9479,1211,18833254,18833258,6,0x07,send_buffer,1
9480,1211,18833264,18833268,0,0x01,end_of_chunk,0
9481,1212,18833272,18833276,1080,0x0F,set_decoding_map,0
9482,1212,18834356,18834360,2952,0x08,audio_frame,0
9483,1212,18837312,18837316,6,0x09,silence_frame,0
9484,1212,18837322,18837326,14026,0x11,video_data_11,3
9485,1212,18851352,18851356,132,0x13,documented_unknown_13,0
9486,1212,18851488,18851492,0,0x04,start_stop_audio,0
9487,1212,18851492,18851496,6,0x07,send_buffer,1
9488,1212,18851502,18851506,0,0x01,end_of_chunk,0
9489,1213,18851510,18851514,1080,0x0F,set_decoding_map,0
9490,1213,18852594,18852598,2952,0x08,audio_frame,0
9491,1213,18855550,18855554,6,0x09,silence_frame,0
9492,1213,18855560,18855564,14064,0x11,video_data_11,3
9493,1213,18869628,18869632,132,0x13,documented_unknown_13,0
9494,1213,18869764,18869768,0,0x04,start_stop_audio,0
9495,1213,18869768,18869772,6,0x07,send_buffer,1
9496,1213,18869778,18869782,0,0x01,end_of_chunk,0
9497,1214,18869786,18869790,1080,0x0F,set_decoding_map,0
9498,1214,18870870,18870874,2952,0x08,audio_frame,0
9499,1214,18873826,18873830,6,0x09,silence_frame,0
9500,1214,18873836,18873840,14056,0x11,video_data_11,3
9501,1214,18887896,18887900,132,0x13,documented_unknown_13,0
9502,1214,18888032,18888036,0,0x04,start_stop_audio,0
9503,1214,18888036,18888040,6,0x07,send_buffer,1
9504,1214,18888046,18888050,0,0x01,end_of_chunk,0
9505,1215,18888054,18888058,1080,0x0F,set_decoding_map,0
9506,1215,18889138,18889142,2952,0x08,audio_frame,0
9507,1215,18892094,18892098,6,0x09,silence_frame,0
9508,1215,18892104,18892108,14040,0x11,video_data_11,3
9509,1215,18906148,18906152,132,0x13,documented_unknown_13,0
9510,1215,18906284,18906288,0,0x04,start_stop_audio,0
9511,1215,18906288,18906292,6,0x07,send_buffer,1
9512,1215,18906298,18906302,0,0x01,end_of_chunk,0
9513,1216,18906306,18906310,1080,0x0F,set_decoding_map,0
9514,1216,18907390,18907394,2952,0x08,audio_frame,0
9515,1216,18910346,18910350,6,0x09,silence_frame,0
9516,1216,18910356,18910360,14022,0x11,video_data_11,3
9517,1216,18924382,18924386,132,0x13,documented_unknown_13,0
9518,1216,18924518,18924522,0,0x04,start_stop_audio,0
9519,1216,18924522,18924526,6,0x07,send_buffer,1
9520,1216,18924532,18924536,0,0x01,end_of_chunk,0
9521,1217,18924540,18924544,1080,0x0F,set_decoding_map,0
9522,1217,18925624,18925628,2952,0x08,audio_frame,0
9523,1217,18928580,18928584,6,0x09,silence_frame,0
9524,1217,18928590,18928594,14056,0x11,video_data_11,3
9525,1217,18942650,18942654,132,0x13,documented_unknown_13,0
9526,1217,18942786,18942790,0,0x04,start_stop_audio,0
9527,1217,18942790,18942794,6,0x07,send_buffer,1
9528,1217,18942800,18942804,0,0x01,end_of_chunk,0
9529,1218,18942808,18942812,1080,0x0F,set_decoding_map,0
9530,1218,18943892,18943896,2932,0x08,audio_frame,0
9531,1218,18946828,18946832,6,0x09,silence_frame,0
9532,1218,18946838,18946842,14040,0x11,video_data_11,3
9533,1218,18960882,18960886,132,0x13,documented_unknown_13,0
9534,1218,18961018,18961022,0,0x04,start_stop_audio,0
9535,1218,18961022,18961026,6,0x07,send_buffer,1
9536,1218,18961032,18961036,0,0x01,end_of_chunk,0
9537,1219,18961040,18961044,1080,0x0F,set_decoding_map,0
9538,1219,18962124,18962128,2952,0x08,audio_frame,0
9539,1219,18965080,18965084,6,0x09,silence_frame,0
9540,1219,18965090,18965094,14062,0x11,video_data_11,3
9541,1219,18979156,18979160,132,0x13,documented_unknown_13,0
9542,1219,18979292,18979296,0,0x04,start_stop_audio,0
9543,1219,18979296,18979300,6,0x07,send_buffer,1
9544,1219,18979306,18979310,0,0x01,end_of_chunk,0
9545,1220,18979314,18979318,1080,0x0F,set_decoding_map,0
9546,1220,18980398,18980402,2952,0x08,audio_frame,0
9547,1220,18983354,18983358,6,0x09,silence_frame,0
9548,1220,18983364,18983368,14022,0x11,video_data_11,3
9549,1220,18997390,18997394,132,0x13,documented_unknown_13,0
9550,1220,18997526,18997530,0,0x04,start_stop_audio,0
9551,1220,18997530,18997534,6,0x07,send_buffer,1
9552,1220,18997540,18997544,0,0x01,end_of_chunk,0
9553,1221,18997548,18997552,1080,0x0F,set_decoding_map,0
9554,1221,18998632,18998636,2952,0x08,audio_frame,0
9555,1221,19001588,19001592,6,0x09,silence_frame,0
9556,1221,19001598,19001602,14074,0x11,video_data_11,3
9557,1221,19015676,19015680,132,0x13,documented_unknown_13,0
9558,1221,19015812,19015816,0,0x04,start_stop_audio,0
9559,1221,19015816,19015820,6,0x07,send_buffer,1
9560,1221,19015826,19015830,0,0x01,end_of_chunk,0
9561,1222,19015834,19015838,1080,0x0F,set_decoding_map,0
9562,1222,19016918,19016922,2952,0x08,audio_frame,0
9563,1222,19019874,19019878,6,0x09,silence_frame,0
9564,1222,19019884,19019888,14024,0x11,video_data_11,3
9565,1222,19033912,19033916,132,0x13,documented_unknown_13,0
9566,1222,19034048,19034052,0,0x04,start_stop_audio,0
9567,1222,19034052,19034056,6,0x07,send_buffer,1
9568,1222,19034062,19034066,0,0x01,end_of_chunk,0
9569,1223,19034070,19034074,1080,0x0F,set_decoding_map,0
9570,1223,19035154,19035158,2952,0x08,audio_frame,0
9571,1223,19038110,19038114,6,0x09,silence_frame,0
9572,1223,19038120,19038124,14030,0x11,video_data_11,3
9573,1223,19052154,19052158,132,0x13,documented_unknown_13,0
9574,1223,19052290,19052294,0,0x04,start_stop_audio,0
9575,1223,19052294,19052298,6,0x07,send_buffer,1
9576,1223,19052304,19052308,0,0x01,end_of_chunk,0
9577,1224,19052312,19052316,1080,0x0F,set_decoding_map,0
9578,1224,19053396,19053400,2952,0x08,audio_frame,0
9579,1224,19056352,19056356,6,0x09,silence_frame,0
9580,1224,19056362,19056366,14046,0x11,video_data_11,3
9581,1224,19070412,19070416,132,0x13,documented_unknown_13,0
9582,1224,19070548,19070552,0,0x04,start_stop_audio,0
9583,1224,19070552,19070556,6,0x07,send_buffer,1
9584,1224,19070562,19070566,0,0x01,end_of_chunk,0
9585,1225,19070570,19070574,1080,0x0F,set_decoding_map,0
9586,1225,19071654,19071658,2952,0x08,audio_frame,0
9587,1225,19074610,19074614,6,0x09,silence_frame,0
9588,1225,19074620,19074624,14054,0x11,video_data_11,3
9589,1225,19088678,19088682,132,0x13,documented_unknown_13,0
9590,1225,19088814,19088818,0,0x04,start_stop_audio,0
9591,1225,19088818,19088822,6,0x07,send_buffer,1
9592,1225,19088828,19088832,0,0x01,end_of_chunk,0
9593,1226,19088836,19088840,1080,0x0F,set_decoding_map,0
9594,1226,19089920,19089924,2952,0x08,audio_frame,0
9595,1226,19092876,19092880,6,0x09,silence_frame,0
9596,1226,19092886,19092890,14046,0x11,video_data_11,3
9597,1226,19106936,19106940,132,0x13,documented_unknown_13,0
9598,1226,19107072,19107076,0,0x04,start_stop_audio,0
9599,1226,19107076,19107080,6,0x07,send_buffer,1
9600,1226,19107086,19107090,0,0x01,end_of_chunk,0
9601,1227,19107094,19107098,1080,0x0F,set_decoding_map,0
9602,1227,19108178,19108182,2952,0x08,audio_frame,0
9603,1227,19111134,19111138,6,0x09,silence_frame,0
9604,1227,19111144,19111148,14058,0x11,video_data_11,3
9605,1227,19125206,19125210,132,0x13,documented_unknown_13,0
9606,1227,19125342,19125346,0,0x04,start_stop_audio,0
9607,1227,19125346,19125350,6,0x07,send_buffer,1
9608,1227,19125356,19125360,0,0x01,end_of_chunk,0
9609,1228,19125364,19125368,1080,0x0F,set_decoding_map,0
9610,1228,19126448,19126452,2952,0x08,audio_frame,0
9611,1228,19129404,19129408,6,0x09,silence_frame,0
9612,1228,19129414,19129418,14034,0x11,video_data_11,3
9613,1228,19143452,19143456,132,0x13,documented_unknown_13,0
9614,1228,19143588,19143592,0,0x04,start_stop_audio,0
9615,1228,19143592,19143596,6,0x07,send_buffer,1
9616,1228,19143602,19143606,0,0x01,end_of_chunk,0
9617,1229,19143610,19143614,1080,0x0F,set_decoding_map,0
9618,1229,19144694,19144698,2952,0x08,audio_frame,0
9619,1229,19147650,19147654,6,0x09,silence_frame,0
9620,1229,19147660,19147664,14022,0x11,video_data_11,3
9621,1229,19161686,19161690,132,0x13,documented_unknown_13,0
9622,1229,19161822,19161826,0,0x04,start_stop_audio,0
9623,1229,19161826,19161830,6,0x07,send_buffer,1
9624,1229,19161836,19161840,0,0x01,end_of_chunk,0
9625,1230,19161844,19161848,1080,0x0F,set_decoding_map,0
9626,1230,19162928,19162932,2952,0x08,audio_frame,0
9627,1230,19165884,19165888,6,0x09,silence_frame,0
9628,1230,19165894,19165898,14068,0x11,video_data_11,3
9629,1230,19179966,19179970,132,0x13,documented_unknown_13,0
9630,1230,19180102,19180106,0,0x04,start_stop_audio,0
9631,1230,19180106,19180110,6,0x07,send_buffer,1
9632,1230,19180116,19180120,0,0x01,end_of_chunk,0
9633,1231,19180124,19180128,1080,0x0F,set_decoding_map,0
9634,1231,19181208,19181212,2952,0x08,audio_frame,0
9635,1231,19184164,19184168,6,0x09,silence_frame,0
9636,1231,19184174,19184178,14070,0x11,video_data_11,3
9637,1231,19198248,19198252,132,0x13,documented_unknown_13,0
9638,1231,19198384,19198388,0,0x04,start_stop_audio,0
9639,1231,19198388,19198392,6,0x07,send_buffer,1
9640,1231,19198398,19198402,0,0x01,end_of_chunk,0
9641,1232,19198406,19198410,1080,0x0F,set_decoding_map,0
9642,1232,19199490,19199494,2952,0x08,audio_frame,0
9643,1232,19202446,19202450,6,0x09,silence_frame,0
9644,1232,19202456,19202460,14036,0x11,video_data_11,3
9645,1232,19216496,19216500,132,0x13,documented_unknown_13,0
9646,1232,19216632,19216636,0,0x04,start_stop_audio,0
9647,1232,19216636,19216640,6,0x07,send_buffer,1
9648,1232,19216646,19216650,0,0x01,end_of_chunk,0
9649,1233,19216654,19216658,1080,0x0F,set_decoding_map,0
9650,1233,19217738,19217742,2932,0x08,audio_frame,0
9651,1233,19220674,19220678,6,0x09,silence_frame,0
9652,1233,19220684,19220688,14022,0x11,video_data_11,3
9653,1233,19234710,19234714,132,0x13,documented_unknown_13,0
9654,1233,19234846,19234850,0,0x04,start_stop_audio,0
9655,1233,19234850,19234854,6,0x07,send_buffer,1
9656,1233,19234860,19234864,0,0x01,end_of_chunk,0
9657,1234,19234868,19234872,1080,0x0F,set_decoding_map,0
9658,1234,19235952,19235956,2952,0x08,audio_frame,0
9659,1234,19238908,19238912,6,0x09,silence_frame,0
9660,1234,19238918,19238922,14064,0x11,video_data_11,3
9661,1234,19252986,19252990,132,0x13,documented_unknown_13,0
9662,1234,19253122,19253126,0,0x04,start_stop_audio,0
9663,1234,19253126,19253130,6,0x07,send_buffer,1
9664,1234,19253136,19253140,0,0x01,end_of_chunk,0
9665,1235,19253144,19253148,1080,0x0F,set_decoding_map,0
9666,1235,19254228,19254232,2952,0x08,audio_frame,0
9667,1235,19257184,19257188,6,0x09,silence_frame,0
9668,1235,19257194,19257198,14038,0x11,video_data_11,3
9669,1235,19271236,19271240,132,0x13,documented_unknown_13,0
9670,1235,19271372,19271376,0,0x04,start_stop_audio,0
9671,1235,19271376,19271380,6,0x07,send_buffer,1
9672,1235,19271386,19271390,0,0x01,end_of_chunk,0
9673,1236,19271394,19271398,1080,0x0F,set_decoding_map,0
9674,1236,19272478,19272482,2952,0x08,audio_frame,0
9675,1236,19275434,19275438,6,0x09,silence_frame,0
9676,1236,19275444,19275448,14062,0x11,video_data_11,3
9677,1236,19289510,19289514,132,0x13,documented_unknown_13,0
9678,1236,19289646,19289650,0,0x04,start_stop_audio,0
9679,1236,19289650,19289654,6,0x07,send_buffer,1
9680,1236,19289660,19289664,0,0x01,end_of_chunk,0
9681,1237,19289668,19289672,1080,0x0F,set_decoding_map,0
9682,1237,19290752,19290756,2952,0x08,audio_frame,0
9683,1237,19293708,19293712,6,0x09,silence_frame,0
9684,1237,19293718,19293722,14024,0x11,video_data_11,3
9685,1237,19307746,19307750,132,0x13,documented_unknown_13,0
9686,1237,19307882,19307886,0,0x04,start_stop_audio,0
9687,1237,19307886,19307890,6,0x07,send_buffer,1
9688,1237,19307896,19307900,0,0x01,end_of_chunk,0
9689,1238,19307904,19307908,1080,0x0F,set_decoding_map,0
9690,1238,19308988,19308992,2952,0x08,audio_frame,0
9691,1238,19311944,19311948,6,0x09,silence_frame,0
9692,1238,19311954,19311958,14028,0x11,video_data_11,3
9693,1238,19325986,19325990,132,0x13,documented_unknown_13,0
9694,1238,19326122,19326126,0,0x04,start_stop_audio,0
9695,1238,19326126,19326130,6,0x07,send_buffer,1
9696,1238,19326136,19326140,0,0x01,end_of_chunk,0
9697,1239,19326144,19326148,1080,0x0F,set_decoding_map,0
9698,1239,19327228,19327232,2952,0x08,audio_frame,0
9699,1239,19330184,19330188,6,0x09,silence_frame,0
9700,1239,19330194,19330198,14050,0x11,video_data_11,3
9701,1239,19344248,19344252,132,0x13,documented_unknown_13,0
9702,1239,19344384,19344388,0,0x04,start_stop_audio,0
9703,1239,19344388,19344392,6,0x07,send_buffer,1
9704,1239,19344398,19344402,0,0x01,end_of_chunk,0
9705,1240,19344406,19344410,1080,0x0F,set_decoding_map,0
9706,1240,19345490,19345494,2952,0x08,audio_frame,0
9707,1240,19348446,19348450,6,0x09,silence_frame,0
9708,1240,19348456,19348460,14078,0x11,video_data_11,3
9709,1240,19362538,19362542,132,0x13,documented_unknown_13,0
9710,1240,19362674,19362678,0,0x04,start_stop_audio,0
9711,1240,19362678,19362682,6,0x07,send_buffer,1
9712,1240,19362688,19362692,0,0x01,end_of_chunk,0
9713,1241,19362696,19362700,1080,0x0F,set_decoding_map,0
9714,1241,19363780,19363784,2952,0x08,audio_frame,0
9715,1241,19366736,19366740,6,0x09,silence_frame,0
9716,1241,19366746,19366750,14050,0x11,video_data_11,3
9717,1241,19380800,19380804,132,0x13,documented_unknown_13,0
9718,1241,19380936,19380940,0,0x04,start_stop_audio,0
9719,1241,19380940,19380944,6,0x07,send_buffer,1
9720,1241,19380950,19380954,0,0x01,end_of_chunk,0
9721,1242,19380958,19380962,1080,0x0F,set_decoding_map,0
9722,1242,19382042,19382046,2952,0x08,audio_frame,0
9723,1242,19384998,19385002,6,0x09,silence_frame,0
9724,1242,19385008,19385012,14054,0x11,video_data_11,3
9725,1242,19399066,19399070,132,0x13,documented_unknown_13,0
9726,1242,19399202,19399206,0,0x04,start_stop_audio,0
9727,1242,19399206,19399210,6,0x07,send_buffer,1
9728,1242,19399216,19399220,0,0x01,end_of_chunk,0
9729,1243,19399224,19399228,1080,0x0F,set_decoding_map,0
9730,1243,19400308,19400312,2952,0x08,audio_frame,0
9731,1243,19403264,19403268,6,0x09,silence_frame,0
9732,1243,19403274,19403278,14032,0x11,video_data_11,3
9733,1243,19417310,19417314,132,0x13,documented_unknown_13,0
9734,1243,19417446,19417450,0,0x04,start_stop_audio,0
9735,1243,19417450,19417454,6,0x07,send_buffer,1
9736,1243,19417460,19417464,0,0x01,end_of_chunk,0
9737,1244,19417468,19417472,1080,0x0F,set_decoding_map,0
9738,1244,19418552,19418556,2952,0x08,audio_frame,0
9739,1244,19421508,19421512,6,0x09,silence_frame,0
9740,1244,19421518,19421522,14074,0x11,video_data_11,3
9741,1244,19435596,19435600,132,0x13,documented_unknown_13,0
9742,1244,19435732,19435736,0,0x04,start_stop_audio,0
9743,1244,19435736,19435740,6,0x07,send_buffer,1
9744,1244,19435746,19435750,0,0x01,end_of_chunk,0
9745,1245,19435754,19435758,1080,0x0F,set_decoding_map,0
9746,1245,19436838,19436842,2952,0x08,audio_frame,0
9747,1245,19439794,19439798,6,0x09,silence_frame,0
9748,1245,19439804,19439808,14054,0x11,video_data_11,3
9749,1245,19453862,19453866,132,0x13,documented_unknown_13,0
9750,1245,19453998,19454002,0,0x04,start_stop_audio,0
9751,1245,19454002,19454006,6,0x07,send_buffer,1
9752,1245,19454012,19454016,0,0x01,end_of_chunk,0
9753,1246,19454020,19454024,1080,0x0F,set_decoding_map,0
9754,1246,19455104,19455108,2952,0x08,audio_frame,0
9755,1246,19458060,19458064,6,0x09,silence_frame,0
9756,1246,19458070,19458074,14064,0x11,video_data_11,3
9757,1246,19472138,19472142,132,0x13,documented_unknown_13,0
9758,1246,19472274,19472278,0,0x04,start_stop_audio,0
9759,1246,19472278,19472282,6,0x07,send_buffer,1
9760,1246,19472288,19472292,0,0x01,end_of_chunk,0
9761,1247,19472296,19472300,1080,0x0F,set_decoding_map,0
9762,1247,19473380,19473384,2952,0x08,audio_frame,0
9763,1247,19476336,19476340,6,0x09,silence_frame,0
9764,1247,19476346,19476350,14022,0x11,video_data_11,3
9765,1247,19490372,19490376,132,0x13,documented_unknown_13,0
9766,1247,19490508,19490512,0,0x04,start_stop_audio,0
9767,1247,19490512,19490516,6,0x07,send_buffer,1
9768,1247,19490522,19490526,0,0x01,end_of_chunk,0
9769,1248,19490530,19490534,1080,0x0F,set_decoding_map,0
9770,1248,19491614,19491618,2932,0x08,audio_frame,0
9771,1248,19494550,19494554,6,0x09,silence_frame,0
9772,1248,19494560,19494564,14060,0x11,video_data_11,3
9773,1248,19508624,19508628,132,0x13,documented_unknown_13,0
9774,1248,19508760,19508764,0,0x04,start_stop_audio,0
9775,1248,19508764,19508768,6,0x07,send_buffer,1
9776,1248,19508774,19508778,0,0x01,end_of_chunk,0
9777,1249,19508782,19508786,1080,0x0F,set_decoding_map,0
9778,1249,19509866,19509870,2952,0x08,audio_frame,0
9779,1249,19512822,19512826,6,0x09,silence_frame,0
9780,1249,19512832,19512836,14038,0x11,video_data_11,3
9781,1249,19526874,19526878,132,0x13,documented_unknown_13,0
9782,1249,19527010,19527014,0,0x04,start_stop_audio,0
9783,1249,19527014,19527018,6,0x07,send_buffer,1
9784,1249,19527024,19527028,0,0x01,end_of_chunk,0
9785,1250,19527032,19527036,1080,0x0F,set_decoding_map,0
9786,1250,19528116,19528120,2952,0x08,audio_frame,0
9787,1250,19531072,19531076,6,0x09,silence_frame,0
9788,1250,19531082,19531086,14026,0x11,video_data_11,3
9789,1250,19545112,19545116,132,0x13,documented_unknown_13,0
9790,1250,19545248,19545252,0,0x04,start_stop_audio,0
9791,1250,19545252,19545256,6,0x07,send_buffer,1
9792,1250,19545262,19545266,0,0x01,end_of_chunk,0
9793,1251,19545270,19545274,1080,0x0F,set_decoding_map,0
9794,1251,19546354,19546358,2952,0x08,audio_frame,0
9795,1251,19549310,19549314,6,0x09,silence_frame,0
9796,1251,19549320,19549324,14040,0x11,video_data_11,3
9797,1251,19563364,19563368,132,0x13,documented_unknown_13,0
9798,1251,19563500,19563504,0,0x04,start_stop_audio,0
9799,1251,19563504,19563508,6,0x07,send_buffer,1
9800,1251,19563514,19563518,0,0x01,end_of_chunk,0
9801,1252,19563522,19563526,1080,0x0F,set_decoding_map,0
9802,1252,19564606,19564610,2952,0x08,audio_frame,0
9803,1252,19567562,19567566,6,0x09,silence_frame,0
9804,1252,19567572,19567576,14042,0x11,video_data_11,3
9805,1252,19581618,19581622,132,0x13,documented_unknown_13,0
9806,1252,19581754,19581758,0,0x04,start_stop_audio,0
9807,1252,19581758,19581762,6,0x07,send_buffer,1
9808,1252,19581768,19581772,0,0x01,end_of_chunk,0
9809,1253,19581776,19581780,1080,0x0F,set_decoding_map,0
9810,1253,19582860,19582864,2952,0x08,audio_frame,0
9811,1253,19585816,19585820,6,0x09,silence_frame,0
9812,1253,19585826,19585830,14070,0x11,video_data_11,3
9813,1253,19599900,19599904,132,0x13,documented_unknown_13,0
9814,1253,19600036,19600040,0,0x04,start_stop_audio,0
9815,1253,19600040,19600044,6,0x07,send_buffer,1
9816,1253,19600050,19600054,0,0x01,end_of_chunk,0
9817,1254,19600058,19600062,1080,0x0F,set_decoding_map,0
9818,1254,19601142,19601146,2952,0x08,audio_frame,0
9819,1254,19604098,19604102,6,0x09,silence_frame,0
9820,1254,19604108,19604112,14068,0x11,video_data_11,3
9821,1254,19618180,19618184,132,0x13,documented_unknown_13,0
9822,1254,19618316,19618320,0,0x04,start_stop_audio,0
9823,1254,19618320,19618324,6,0x07,send_buffer,1
9824,1254,19618330,19618334,0,0x01,end_of_chunk,0
9825,1255,19618338,19618342,1080,0x0F,set_decoding_map,0
9826,1255,19619422,19619426,2952,0x08,audio_frame,0
9827,1255,19622378,19622382,6,0x09,silence_frame,0
9828,1255,19622388,19622392,14022,0x11,video_data_11,3
9829,1255,19636414,19636418,132,0x13,documented_unknown_13,0
9830,1255,19636550,19636554,0,0x04,start_stop_audio,0
9831,1255,19636554,19636558,6,0x07,send_buffer,1
9832,1255,19636564,19636568,0,0x01,end_of_chunk,0
9833,1256,19636572,19636576,1080,0x0F,set_decoding_map,0
9834,1256,19637656,19637660,2952,0x08,audio_frame,0
9835,1256,19640612,19640616,6,0x09,silence_frame,0
9836,1256,19640622,19640626,14066,0x11,video_data_11,3
9837,1256,19654692,19654696,132,0x13,documented_unknown_13,0
9838,1256,19654828,19654832,0,0x04,start_stop_audio,0
9839,1256,19654832,19654836,6,0x07,send_buffer,1
9840,1256,19654842,19654846,0,0x01,end_of_chunk,0
9841,1257,19654850,19654854,1080,0x0F,set_decoding_map,0
9842,1257,19655934,19655938,2952,0x08,audio_frame,0
9843,1257,19658890,19658894,6,0x09,silence_frame,0
9844,1257,19658900,19658904,14030,0x11,video_data_11,3
9845,1257,19672934,19672938,132,0x13,documented_unknown_13,0
9846,1257,19673070,19673074,0,0x04,start_stop_audio,0
9847,1257,19673074,19673078,6,0x07,send_buffer,1
9848,1257,19673084,19673088,0,0x01,end_of_chunk,0
9849,1258,19673092,19673096,1080,0x0F,set_decoding_map,0
9850,1258,19674176,19674180,2952,0x08,audio_frame,0
9851,1258,19677132,19677136,6,0x09,silence_frame,0
9852,1258,19677142,19677146,14026,0x11,video_data_11,3
9853,1258,19691172,19691176,132,0x13,documented_unknown_13,0
9854,1258,19691308,19691312,0,0x04,start_stop_audio,0
9855,1258,19691312,19691316,6,0x07,send_buffer,1
9856,1258,19691322,19691326,0,0x01,end_of_chunk,0
9857,1259,19691330,19691334,1080,0x0F,set_decoding_map,0
9858,1259,19692414,19692418,2952,0x08,audio_frame,0
9859,1259,19695370,19695374,6,0x09,silence_frame,0
9860,1259,19695380,19695384,14042,0x11,video_data_11,3
9861,1259,19709426,19709430,132,0x13,documented_unknown_13,0
9862,1259,19709562,19709566,0,0x04,start_stop_audio,0
9863,1259,19709566,19709570,6,0x07,send_buffer,1
9864,1259,19709576,19709580,0,0x01,end_of_chunk,0
9865,1260,19709584,19709588,1080,0x0F,set_decoding_map,0
9866,1260,19710668,19710672,2952,0x08,audio_frame,0
9867,1260,19713624,19713628,6,0x09,silence_frame,0
9868,1260,19713634,19713638,14026,0x11,video_data_11,3
9869,1260,19727664,19727668,132,0x13,documented_unknown_13,0
9870,1260,19727800,19727804,0,0x04,start_stop_audio,0
9871,1260,19727804,19727808,6,0x07,send_buffer,1
9872,1260,19727814,19727818,0,0x01,end_of_chunk,0
9873,1261,19727822,19727826,1080,0x0F,set_decoding_map,0
9874,1261,19728906,19728910,2952,0x08,audio_frame,0
9875,1261,19731862,19731866,6,0x09,silence_frame,0
9876,1261,19731872,19731876,14026,0x11,video_data_11,3
9877,1261,19745902,19745906,132,0x13,documented_unknown_13,0
9878,1261,19746038,19746042,0,0x04,start_stop_audio,0
9879,1261,19746042,19746046,6,0x07,send_buffer,1
9880,1261,19746052,19746056,0,0x01,end_of_chunk,0
9881,1262,19746060,19746064,1080,0x0F,set_decoding_map,0
9882,1262,19747144,19747148,2952,0x08,audio_frame,0
9883,1262,19750100,19750104,6,0x09,silence_frame,0
9884,1262,19750110,19750114,14022,0x11,video_data_11,3
9885,1262,19764136,19764140,132,0x13,documented_unknown_13,0
9886,1262,19764272,19764276,0,0x04,start_stop_audio,0
9887,1262,19764276,19764280,6,0x07,send_buffer,1
9888,1262,19764286,19764290,0,0x01,end_of_chunk,0
9889,1263,19764294,19764298,1080,0x0F,set_decoding_map,0
9890,1263,19765378,19765382,2932,0x08,audio_frame,0
9891,1263,19768314,19768318,6,0x09,silence_frame,0
9892,1263,19768324,19768328,14028,0x11,video_data_11,3
9893,1263,19782356,19782360,132,0x13,documented_unknown_13,0
9894,1263,19782492,19782496,0,0x04,start_stop_audio,0
9895,1263,19782496,19782500,6,0x07,send_buffer,1
9896,1263,19782506,19782510,0,0x01,end_of_chunk,0
9897,1264,19782514,19782518,1080,0x0F,set_decoding_map,0
9898,1264,19783598,19783602,2952,0x08,audio_frame,0
9899,1264,19786554,19786558,6,0x09,silence_frame,0
9900,1264,19786564,19786568,14078,0x11,video_data_11,3
9901,1264,19800646,19800650,132,0x13,documented_unknown_13,0
9902,1264,19800782,19800786,0,0x04,start_stop_audio,0
9903,1264,19800786,19800790,6,0x07,send_buffer,1
9904,1264,19800796,19800800,0,0x01,end_of_chunk,0
9905,1265,19800804,19800808,1080,0x0F,set_decoding_map,0
9906,1265,19801888,19801892,2952,0x08,audio_frame,0
9907,1265,19804844,19804848,6,0x09,silence_frame,0
9908,1265,19804854,19804858,14024,0x11,video_data_11,3
9909,1265,19818882,19818886,132,0x13,documented_unknown_13,0
9910,1265,19819018,19819022,0,0x04,start_stop_audio,0
9911,1265,19819022,19819026,6,0x07,send_buffer,1
9912,1265,19819032,19819036,0,0x01,end_of_chunk,0
9913,1266,19819040,19819044,1080,0x0F,set_decoding_map,0
9914,1266,19820124,19820128,2952,0x08,audio_frame,0
9915,1266,19823080,19823084,6,0x09,silence_frame,0
9916,1266,19823090,19823094,14024,0x11,video_data_11,3
9917,1266,19837118,19837122,132,0x13,documented_unknown_13,0
9918,1266,19837254,19837258,0,0x04,start_stop_audio,0
9919,1266,19837258,19837262,6,0x07,send_buffer,1
9920,1266,19837268,19837272,0,0x01,end_of_chunk,0
9921,1267,19837276,19837280,1080,0x0F,set_decoding_map,0
9922,1267,19838360,19838364,2952,0x08,audio_frame,0
9923,1267,19841316,19841320,6,0x09,silence_frame,0
9924,1267,19841326,19841330,14032,0x11,video_data_11,3
9925,1267,19855362,19855366,132,0x13,documented_unknown_13,0
9926,1267,19855498,19855502,0,0x04,start_stop_audio,0
9927,1267,19855502,19855506,6,0x07,send_buffer,1
9928,1267,19855512,19855516,0,0x01,end_of_chunk,0
9929,1268,19855520,19855524,1080,0x0F,set_decoding_map,0
9930,1268,19856604,19856608,2952,0x08,audio_frame,0
9931,1268,19859560,19859564,6,0x09,silence_frame,0
9932,1268,19859570,19859574,14036,0x11,video_data_11,3
9933,1268,19873610,19873614,132,0x13,documented_unknown_13,0
9934,1268,19873746,19873750,0,0x04,start_stop_audio,0
9935,1268,19873750,19873754,6,0x07,send_buffer,1
9936,1268,19873760,19873764,0,0x01,end_of_chunk,0
9937,1269,19873768,19873772,1080,0x0F,set_decoding_map,0
9938,1269,19874852,19874856,2952,0x08,audio_frame,0
9939,1269,19877808,19877812,6,0x09,silence_frame,0
9940,1269,19877818,19877822,14046,0x11,video_data_11,3
9941,1269,19891868,19891872,132,0x13,documented_unknown_13,0
9942,1269,19892004,19892008,0,0x04,start_stop_audio,0
9943,1269,19892008,19892012,6,0x07,send_buffer,1
9944,1269,19892018,19892022,0,0x01,end_of_chunk,0
9945,1270,19892026,19892030,1080,0x0F,set_decoding_map,0
9946,1270,19893110,19893114,2952,0x08,audio_frame,0
9947,1270,19896066,19896070,6,0x09,silence_frame,0
9948,1270,19896076,19896080,14024,0x11,video_data_11,3
9949,1270,19910104,19910108,132,0x13,documented_unknown_13,0
9950,1270,19910240,19910244,0,0x04,start_stop_audio,0
9951,1270,19910244,19910248,6,0x07,send_buffer,1
9952,1270,19910254,19910258,0,0x01,end_of_chunk,0
9953,1271,19910262,19910266,1080,0x0F,set_decoding_map,0
9954,1271,19911346,19911350,2952,0x08,audio_frame,0
9955,1271,19914302,19914306,6,0x09,silence_frame,0
9956,1271,19914312,19914316,14022,0x11,video_data_11,3
9957,1271,19928338,19928342,132,0x13,documented_unknown_13,0
9958,1271,19928474,19928478,0,0x04,start_stop_audio,0
9959,1271,19928478,19928482,6,0x07,send_buffer,1
9960,1271,19928488,19928492,0,0x01,end_of_chunk,0
9961,1272,19928496,19928500,1080,0x0F,set_decoding_map,0
9962,1272,19929580,19929584,2952,0x08,audio_frame,0
9963,1272,19932536,19932540,6,0x09,silence_frame,0
9964,1272,19932546,19932550,14028,0x11,video_data_11,3
9965,1272,19946578,19946582,132,0x13,documented_unknown_13,0
9966,1272,19946714,19946718,0,0x04,start_stop_audio,0
9967,1272,19946718,19946722,6,0x07,send_buffer,1
9968,1272,19946728,19946732,0,0x01,end_of_chunk,0
9969,1273,19946736,19946740,1080,0x0F,set_decoding_map,0
9970,1273,19947820,19947824,2952,0x08,audio_frame,0
9971,1273,19950776,19950780,6,0x09,silence_frame,0
9972,1273,19950786,19950790,14028,0x11,video_data_11,3
9973,1273,19964818,19964822,132,0x13,documented_unknown_13,0
9974,1273,19964954,19964958,0,0x04,start_stop_audio,0
9975,1273,19964958,19964962,6,0x07,send_buffer,1
9976,1273,19964968,19964972,0,0x01,end_of_chunk,0
9977,1274,19964976,19964980,1080,0x0F,set_decoding_map,0
9978,1274,19966060,19966064,2952,0x08,audio_frame,0
9979,1274,19969016,19969020,6,0x09,silence_frame,0
9980,1274,19969026,19969030,14028,0x11,video_data_11,3
9981,1274,19983058,19983062,132,0x13,documented_unknown_13,0
9982,1274,19983194,19983198,0,0x04,start_stop_audio,0
9983,1274,19983198,19983202,6,0x07,send_buffer,1
9984,1274,19983208,19983212,0,0x01,end_of_chunk,0
9985,1275,19983216,19983220,1080,0x0F,set_decoding_map,0
9986,1275,19984300,19984304,2952,0x08,audio_frame,0
9987,1275,19987256,19987260,6,0x09,silence_frame,0
9988,1275,19987266,19987270,14030,0x11,video_data_11,3
9989,1275,20001300,20001304,132,0x13,documented_unknown_13,0
9990,1275,20001436,20001440,0,0x04,start_stop_audio,0
9991,1275,20001440,20001444,6,0x07,send_buffer,1
9992,1275,20001450,20001454,0,0x01,end_of_chunk,0
9993,1276,20001458,20001462,1080,0x0F,set_decoding_map,0
9994,1276,20002542,20002546,2952,0x08,audio_frame,0
9995,1276,20005498,20005502,6,0x09,silence_frame,0
9996,1276,20005508,20005512,14042,0x11,video_data_11,3
9997,1276,20019554,20019558,132,0x13,documented_unknown_13,0
9998,1276,20019690,20019694,0,0x04,start_stop_audio,0
9999,1276,20019694,20019698,6,0x07,send_buffer,1
10000,1276,20019704,20019708,0,0x01,end_of_chunk,0
10001,1277,20019712,20019716,1080,0x0F,set_decoding_map,0
10002,1277,20020796,20020800,2952,0x08,audio_frame,0
10003,1277,20023752,20023756,6,0x09,silence_frame,0
10004,1277,20023762,20023766,14030,0x11,video_data_11,3
10005,1277,20037796,20037800,132,0x13,documented_unknown_13,0
10006,1277,20037932,20037936,0,0x04,start_stop_audio,0
10007,1277,20037936,20037940,6,0x07,send_buffer,1
10008,1277,20037946,20037950,0,0x01,end_of_chunk,0
10009,1278,20037954,20037958,1080,0x0F,set_decoding_map,0
10010,1278,20039038,20039042,2932,0x08,audio_frame,0
10011,1278,20041974,20041978,6,0x09,silence_frame,0
10012,1278,20041984,20041988,14040,0x11,video_data_11,3
10013,1278,20056028,20056032,132,0x13,documented_unknown_13,0
10014,1278,20056164,20056168,0,0x04,start_stop_audio,0
10015,1278,20056168,20056172,6,0x07,send_buffer,1
10016,1278,20056178,20056182,0,0x01,end_of_chunk,0
10017,1279,20056186,20056190,1080,0x0F,set_decoding_map,0
10018,1279,20057270,20057274,2952,0x08,audio_frame,0
10019,1279,20060226,20060230,6,0x09,silence_frame,0
10020,1279,20060236,20060240,14052,0x11,video_data_11,3
10021,1279,20074292,20074296,132,0x13,documented_unknown_13,0
10022,1279,20074428,20074432,0,0x04,start_stop_audio,0
10023,1279,20074432,20074436,6,0x07,send_buffer,1
10024,1279,20074442,20074446,0,0x01,end_of_chunk,0
10025,1280,20074450,20074454,1080,0x0F,set_decoding_map,0
10026,1280,20075534,20075538,2952,0x08,audio_frame,0
10027,1280,20078490,20078494,6,0x09,silence_frame,0
10028,1280,20078500,20078504,14068,0x11,video_data_11,3
10029,1280,20092572,20092576,132,0x13,documented_unknown_13,0
10030,1280,20092708,20092712,0,0x04,start_stop_audio,0
10031,1280,20092712,20092716,6,0x07,send_buffer,1
10032,1280,20092722,20092726,0,0x01,end_of_chunk,0
10033,1281,20092730,20092734,1080,0x0F,set_decoding_map,0
10034,1281,20093814,20093818,2952,0x08,audio_frame,0
10035,1281,20096770,20096774,6,0x09,silence_frame,0
10036,1281,20096780,20096784,14022,0x11,video_data_11,3
10037,1281,20110806,20110810,132,0x13,documented_unknown_13,0
10038,1281,20110942,20110946,0,0x04,start_stop_audio,0
10039,1281,20110946,20110950,6,0x07,send_buffer,1
10040,1281,20110956,20110960,0,0x01,end_of_chunk,0
10041,1282,20110964,20110968,1080,0x0F,set_decoding_map,0
10042,1282,20112048,20112052,2952,0x08,audio_frame,0
10043,1282,20115004,20115008,6,0x09,silence_frame,0
10044,1282,20115014,20115018,14082,0x11,video_data_11,3
10045,1282,20129100,20129104,132,0x13,documented_unknown_13,0
10046,1282,20129236,20129240,0,0x04,start_stop_audio,0
10047,1282,20129240,20129244,6,0x07,send_buffer,1
10048,1282,20129250,20129254,0,0x01,end_of_chunk,0
10049,1283,20129258,20129262,1080,0x0F,set_decoding_map,0
10050,1283,20130342,20130346,2952,0x08,audio_frame,0
10051,1283,20133298,20133302,6,0x09,silence_frame,0
10052,1283,20133308,20133312,14044,0x11,video_data_11,3
10053,1283,20147356,20147360,132,0x13,documented_unknown_13,0
10054,1283,20147492,20147496,0,0x04,start_stop_audio,0
10055,1283,20147496,20147500,6,0x07,send_buffer,1
10056,1283,20147506,20147510,0,0x01,end_of_chunk,0
10057,1284,20147514,20147518,1080,0x0F,set_decoding_map,0
10058,1284,20148598,20148602,2952,0x08,audio_frame,0
10059,1284,20151554,20151558,6,0x09,silence_frame,0
10060,1284,20151564,20151568,14030,0x11,video_data_11,3
10061,1284,20165598,20165602,132,0x13,documented_unknown_13,0
10062,1284,20165734,20165738,0,0x04,start_stop_audio,0
10063,1284,20165738,20165742,6,0x07,send_buffer,1
10064,1284,20165748,20165752,0,0x01,end_of_chunk,0
10065,1285,20165756,20165760,1080,0x0F,set_decoding_map,0
10066,1285,20166840,20166844,2952,0x08,audio_frame,0
10067,1285,20169796,20169800,6,0x09,silence_frame,0
10068,1285,20169806,20169810,14022,0x11,video_data_11,3
10069,1285,20183832,20183836,132,0x13,documented_unknown_13,0
10070,1285,20183968,20183972,0,0x04,start_stop_audio,0
10071,1285,20183972,20183976,6,0x07,send_buffer,1
10072,1285,20183982,20183986,0,0x01,end_of_chunk,0
10073,1286,20183990,20183994,1080,0x0F,set_decoding_map,0
10074,1286,20185074,20185078,2952,0x08,audio_frame,0
10075,1286,20188030,20188034,6,0x09,silence_frame,0
10076,1286,20188040,20188044,14064,0x11,video_data_11,3
10077,1286,20202108,20202112,132,0x13,documented_unknown_13,0
10078,1286,20202244,20202248,0,0x04,start_stop_audio,0
10079,1286,20202248,20202252,6,0x07,send_buffer,1
10080,1286,20202258,20202262,0,0x01,end_of_chunk,0
10081,1287,20202266,20202270,1080,0x0F,set_decoding_map,0
10082,1287,20203350,20203354,2952,0x08,audio_frame,0
10083,1287,20206306,20206310,6,0x09,silence_frame,0
10084,1287,20206316,20206320,14044,0x11,video_data_11,3
10085,1287,20220364,20220368,132,0x13,documented_unknown_13,0
10086,1287,20220500,20220504,0,0x04,start_stop_audio,0
10087,1287,20220504,20220508,6,0x07,send_buffer,1
10088,1287,20220514,20220518,0,0x01,end_of_chunk,0
10089,1288,20220522,20220526,1080,0x0F,set_decoding_map,0
10090,1288,20221606,20221610,2952,0x08,audio_frame,0
10091,1288,20224562,20224566,6,0x09,silence_frame,0
10092,1288,20224572,20224576,14046,0x11,video_data_11,3
10093,1288,20238622,20238626,132,0x13,documented_unknown_13,0
10094,1288,20238758,20238762,0,0x04,start_stop_audio,0
10095,1288,20238762,20238766,6,0x07,send_buffer,1
10096,1288,20238772,20238776,0,0x01,end_of_chunk,0
10097,1289,20238780,20238784,1080,0x0F,set_decoding_map,0
10098,1289,20239864,20239868,2952,0x08,audio_frame,0
10099,1289,20242820,20242824,6,0x09,silence_frame,0
10100,1289,20242830,20242834,14030,0x11,video_data_11,3
10101,1289,20256864,20256868,132,0x13,documented_unknown_13,0
10102,1289,20257000,20257004,0,0x04,start_stop_audio,0
10103,1289,20257004,20257008,6,0x07,send_buffer,1
10104,1289,20257014,20257018,0,0x01,end_of_chunk,0
10105,1290,20257022,20257026,1080,0x0F,set_decoding_map,0
10106,1290,20258106,20258110,2952,0x08,audio_frame,0
10107,1290,20261062,20261066,6,0x09,silence_frame,0
10108,1290,20261072,20261076,14050,0x11,video_data_11,3
10109,1290,20275126,20275130,132,0x13,documented_unknown_13,0
10110,1290,20275262,20275266,0,0x04,start_stop_audio,0
10111,1290,20275266,20275270,6,0x07,send_buffer,1
10112,1290,20275276,20275280,0,0x01,end_of_chunk,0
10113,1291,20275284,20275288,1080,0x0F,set_decoding_map,0
10114,1291,20276368,20276372,2952,0x08,audio_frame,0
10115,1291,20279324,20279328,6,0x09,silence_frame,0
10116,1291,20279334,20279338,14022,0x11,video_data_11,3
10117,1291,20293360,20293364,132,0x13,documented_unknown_13,0
10118,1291,20293496,20293500,0,0x04,start_stop_audio,0
10119,1291,20293500,20293504,6,0x07,send_buffer,1
10120,1291,20293510,20293514,0,0x01,end_of_chunk,0
10121,1292,20293518,20293522,1080,0x0F,set_decoding_map,0
10122,1292,20294602,20294606,2952,0x08,audio_frame,0
10123,1292,20297558,20297562,6,0x09,silence_frame,0
10124,1292,20297568,20297572,14034,0x11,video_data_11,3
10125,1292,20311606,20311610,132,0x13,documented_unknown_13,0
10126,1292,20311742,20311746,0,0x04,start_stop_audio,0
10127,1292,20311746,20311750,6,0x07,send_buffer,1
10128,1292,20311756,20311760,0,0x01,end_of_chunk,0
10129,1293,20311764,20311768,1080,0x0F,set_decoding_map,0
10130,1293,20312848,20312852,2932,0x08,audio_frame,0
10131,1293,20315784,20315788,6,0x09,silence_frame,0
10132,1293,20315794,20315798,14022,0x11,video_data_11,3
10133,1293,20329820,20329824,132,0x13,documented_unknown_13,0
10134,1293,20329956,20329960,0,0x04,start_stop_audio,0
10135,1293,20329960,20329964,6,0x07,send_buffer,1
10136,1293,20329970,20329974,0,0x01,end_of_chunk,0
10137,1294,20329978,20329982,1080,0x0F,set_decoding_map,0
10138,1294,20331062,20331066,2952,0x08,audio_frame,0
10139,1294,20334018,20334022,6,0x09,silence_frame,0
10140,1294,20334028,20334032,14024,0x11,video_data_11,3
10141,1294,20348056,20348060,132,0x13,documented_unknown_13,0
10142,1294,20348192,20348196,0,0x04,start_stop_audio,0
10143,1294,20348196,20348200,6,0x07,send_buffer,1
10144,1294,20348206,20348210,0,0x01,end_of_chunk,0
10145,1295,20348214,20348218,1080,0x0F,set_decoding_map,0
10146,1295,20349298,20349302,2952,0x08,audio_frame,0
10147,1295,20352254,20352258,6,0x09,silence_frame,0
10148,1295,20352264,20352268,14028,0x11,video_data_11,3
10149,1295,20366296,20366300,132,0x13,documented_unknown_13,0
10150,1295,20366432,20366436,0,0x04,start_stop_audio,0
10151,1295,20366436,20366440,6,0x07,send_buffer,1
10152,1295,20366446,20366450,0,0x01,end_of_chunk,0
10153,1296,20366454,20366458,1080,0x0F,set_decoding_map,0
10154,1296,20367538,20367542,2952,0x08,audio_frame,0
10155,1296,20370494,20370498,6,0x09,silence_frame,0
10156,1296,20370504,20370508,14034,0x11,video_data_11,3
10157,1296,20384542,20384546,132,0x13,documented_unknown_13,0
10158,1296,20384678,20384682,0,0x04,start_stop_audio,0
10159,1296,20384682,20384686,6,0x07,send_buffer,1
10160,1296,20384692,20384696,0,0x01,end_of_chunk,0
10161,1297,20384700,20384704,1080,0x0F,set_decoding_map,0
10162,1297,20385784,20385788,2952,0x08,audio_frame,0
10163,1297,20388740,20388744,6,0x09,silence_frame,0
10164,1297,20388750,20388754,14040,0x11,video_data_11,3
10165,1297,20402794,20402798,132,0x13,documented_unknown_13,0
10166,1297,20402930,20402934,0,0x04,start_stop_audio,0
10167,1297,20402934,20402938,6,0x07,send_buffer,1
10168,1297,20402944,20402948,0,0x01,end_of_chunk,0
10169,1298,20402952,20402956,1080,0x0F,set_decoding_map,0
10170,1298,20404036,20404040,2952,0x08,audio_frame,0
10171,1298,20406992,20406996,6,0x09,silence_frame,0
10172,1298,20407002,20407006,14026,0x11,video_data_11,3
10173,1298,20421032,20421036,132,0x13,documented_unknown_13,0
10174,1298,20421168,20421172,0,0x04,start_stop_audio,0
10175,1298,20421172,20421176,6,0x07,send_buffer,1
10176,1298,20421182,20421186,0,0x01,end_of_chunk,0
10177,1299,20421190,20421194,1080,0x0F,set_decoding_map,0
10178,1299,20422274,20422278,2952,0x08,audio_frame,0
10179,1299,20425230,20425234,6,0x09,silence_frame,0
10180,1299,20425240,20425244,14024,0x11,video_data_11,3
10181,1299,20439268,20439272,132,0x13,documented_unknown_13,0
10182,1299,20439404,20439408,0,0x04,start_stop_audio,0
10183,1299,20439408,20439412,6,0x07,send_buffer,1
10184,1299,20439418,20439422,0,0x01,end_of_chunk,0
10185,1300,20439426,20439430,1080,0x0F,set_decoding_map,0
10186,1300,20440510,20440514,2952,0x08,audio_frame,0
10187,1300,20443466,20443470,6,0x09,silence_frame,0
10188,1300,20443476,20443480,14026,0x11,video_data_11,3
10189,1300,20457506,20457510,132,0x13,documented_unknown_13,0
10190,1300,20457642,20457646,0,0x04,start_stop_audio,0
10191,1300,20457646,20457650,6,0x07,send_buffer,1
10192,1300,20457656,20457660,0,0x01,end_of_chunk,0
10193,1301,20457664,20457668,1080,0x0F,set_decoding_map,0
10194,1301,20458748,20458752,2952,0x08,audio_frame,0
10195,1301,20461704,20461708,6,0x09,silence_frame,0
10196,1301,20461714,20461718,14032,0x11,video_data_11,3
10197,1301,20475750,20475754,132,0x13,documented_unknown_13,0
10198,1301,20475886,20475890,0,0x04,start_stop_audio,0
10199,1301,20475890,20475894,6,0x07,send_buffer,1
10200,1301,20475900,20475904,0,0x01,end_of_chunk,0
10201,1302,20475908,20475912,1080,0x0F,set_decoding_map,0
10202,1302,20476992,20476996,2952,0x08,audio_frame,0
10203,1302,20479948,20479952,6,0x09,silence_frame,0
10204,1302,20479958,20479962,14028,0x11,video_data_11,3
10205,1302,20493990,20493994,132,0x13,documented_unknown_13,0
10206,1302,20494126,20494130,0,0x04,start_stop_audio,0
10207,1302,20494130,20494134,6,0x07,send_buffer,1
10208,1302,20494140,20494144,0,0x01,end_of_chunk,0
10209,1303,20494148,20494152,1080,0x0F,set_decoding_map,0
10210,1303,20495232,20495236,2952,0x08,audio_frame,0
10211,1303,20498188,20498192,6,0x09,silence_frame,0
10212,1303,20498198,20498202,14030,0x11,video_data_11,3
10213,1303,20512232,20512236,132,0x13,documented_unknown_13,0
10214,1303,20512368,20512372,0,0x04,start_stop_audio,0
10215,1303,20512372,20512376,6,0x07,send_buffer,1
10216,1303,20512382,20512386,0,0x01,end_of_chunk,0
10217,1304,20512390,20512394,1080,0x0F,set_decoding_map,0
10218,1304,20513474,20513478,2952,0x08,audio_frame,0
10219,1304,20516430,20516434,6,0x09,silence_frame,0
10220,1304,20516440,20516444,14040,0x11,video_data_11,3
10221,1304,20530484,20530488,132,0x13,documented_unknown_13,0
10222,1304,20530620,20530624,0,0x04,start_stop_audio,0
10223,1304,20530624,20530628,6,0x07,send_buffer,1
10224,1304,20530634,20530638,0,0x01,end_of_chunk,0
10225,1305,20530642,20530646,1080,0x0F,set_decoding_map,0
10226,1305,20531726,20531730,2952,0x08,audio_frame,0
10227,1305,20534682,20534686,6,0x09,silence_frame,0
10228,1305,20534692,20534696,14048,0x11,video_data_11,3
10229,1305,20548744,20548748,132,0x13,documented_unknown_13,0
10230,1305,20548880,20548884,0,0x04,start_stop_audio,0
10231,1305,20548884,20548888,6,0x07,send_buffer,1
10232,1305,20548894,20548898,0,0x01,end_of_chunk,0
10233,1306,20548902,20548906,1080,0x0F,set_decoding_map,0
10234,1306,20549986,20549990,2952,0x08,audio_frame,0
10235,1306,20552942,20552946,6,0x09,silence_frame,0
10236,1306,20552952,20552956,14030,0x11,video_data_11,3
10237,1306,20566986,20566990,132,0x13,documented_unknown_13,0
10238,1306,20567122,20567126,0,0x04,start_stop_audio,0
10239,1306,20567126,20567130,6,0x07,send_buffer,1
10240,1306,20567136,20567140,0,0x01,end_of_chunk,0
10241,1307,20567144,20567148,1080,0x0F,set_decoding_map,0
10242,1307,20568228,20568232,2952,0x08,audio_frame,0
10243,1307,20571184,20571188,6,0x09,silence_frame,0
10244,1307,20571194,20571198,14058,0x11,video_data_11,3
10245,1307,20585256,20585260,132,0x13,documented_unknown_13,0
10246,1307,20585392,20585396,0,0x04,start_stop_audio,0
10247,1307,20585396,20585400,6,0x07,send_buffer,1
10248,1307,20585406,20585410,0,0x01,end_of_chunk,0
10249,1308,20585414,20585418,1080,0x0F,set_decoding_map,0
10250,1308,20586498,20586502,2932,0x08,audio_frame,0
10251,1308,20589434,20589438,6,0x09,silence_frame,0
10252,1308,20589444,20589448,14054,0x11,video_data_11,3
10253,1308,20603502,20603506,132,0x13,documented_unknown_13,0
10254,1308,20603638,20603642,0,0x04,start_stop_audio,0
10255,1308,20603642,20603646,6,0x07,send_buffer,1
10256,1308,20603652,20603656,0,0x01,end_of_chunk,0
10257,1309,20603660,20603664,1080,0x0F,set_decoding_map,0
10258,1309,20604744,20604748,2952,0x08,audio_frame,0
10259,1309,20607700,20607704,6,0x09,silence_frame,0
10260,1309,20607710,20607714,14082,0x11,video_data_11,3
10261,1309,20621796,20621800,132,0x13,documented_unknown_13,0
10262,1309,20621932,20621936,0,0x04,start_stop_audio,0
10263,1309,20621936,20621940,6,0x07,send_buffer,1
10264,1309,20621946,20621950,0,0x01,end_of_chunk,0
10265,1310,20621954,20621958,1080,0x0F,set_decoding_map,0
10266,1310,20623038,20623042,2952,0x08,audio_frame,0
10267,1310,20625994,20625998,6,0x09,silence_frame,0
10268,1310,20626004,20626008,14072,0x11,video_data_11,3
10269,1310,20640080,20640084,132,0x13,documented_unknown_13,0
10270,1310,20640216,20640220,0,0x04,start_stop_audio,0
10271,1310,20640220,20640224,6,0x07,send_buffer,1
10272,1310,20640230,20640234,0,0x01,end_of_chunk,0
10273,1311,20640238,20640242,1080,0x0F,set_decoding_map,0
10274,1311,20641322,20641326,2952,0x08,audio_frame,0
10275,1311,20644278,20644282,6,0x09,silence_frame,0
10276,1311,20644288,20644292,14060,0x11,video_data_11,3
10277,1311,20658352,20658356,132,0x13,documented_unknown_13,0
10278,1311,20658488,20658492,0,0x04,start_stop_audio,0
10279,1311,20658492,20658496,6,0x07,send_buffer,1
10280,1311,20658502,20658506,0,0x01,end_of_chunk,0
10281,1312,20658510,20658514,1080,0x0F,set_decoding_map,0
10282,1312,20659594,20659598,2952,0x08,audio_frame,0
10283,1312,20662550,20662554,6,0x09,silence_frame,0
10284,1312,20662560,20662564,14044,0x11,video_data_11,3
10285,1312,20676608,20676612,132,0x13,documented_unknown_13,0
10286,1312,20676744,20676748,0,0x04,start_stop_audio,0
10287,1312,20676748,20676752,6,0x07,send_buffer,1
10288,1312,20676758,20676762,0,0x01,end_of_chunk,0
10289,1313,20676766,20676770,1080,0x0F,set_decoding_map,0
10290,1313,20677850,20677854,2952,0x08,audio_frame,0
10291,1313,20680806,20680810,6,0x09,silence_frame,0
10292,1313,20680816,20680820,14040,0x11,video_data_11,3
10293,1313,20694860,20694864,132,0x13,documented_unknown_13,0
10294,1313,20694996,20695000,0,0x04,start_stop_audio,0
10295,1313,20695000,20695004,6,0x07,send_buffer,1
10296,1313,20695010,20695014,0,0x01,end_of_chunk,0
10297,1314,20695018,20695022,1080,0x0F,set_decoding_map,0
10298,1314,20696102,20696106,2952,0x08,audio_frame,0
10299,1314,20699058,20699062,6,0x09,silence_frame,0
10300,1314,20699068,20699072,14046,0x11,video_data_11,3
10301,1314,20713118,20713122,132,0x13,documented_unknown_13,0
10302,1314,20713254,20713258,0,0x04,start_stop_audio,0
10303,1314,20713258,20713262,6,0x07,send_buffer,1
10304,1314,20713268,20713272,0,0x01,end_of_chunk,0
10305,1315,20713276,20713280,1080,0x0F,set_decoding_map,0
10306,1315,20714360,20714364,2952,0x08,audio_frame,0
10307,1315,20717316,20717320,6,0x09,silence_frame,0
10308,1315,20717326,20717330,14076,0x11,video_data_11,3
10309,1315,20731406,20731410,132,0x13,documented_unknown_13,0
10310,1315,20731542,20731546,0,0x04,start_stop_audio,0
10311,1315,20731546,20731550,6,0x07,send_buffer,1
10312,1315,20731556,20731560,0,0x01,end_of_chunk,0
10313,1316,20731564,20731568,1080,0x0F,set_decoding_map,0
10314,1316,20732648,20732652,2952,0x08,audio_frame,0
10315,1316,20735604,20735608,6,0x09,silence_frame,0
10316,1316,20735614,20735618,14046,0x11,video_data_11,3
10317,1316,20749664,20749668,132,0x13,documented_unknown_13,0
10318,1316,20749800,20749804,0,0x04,start_stop_audio,0
10319,1316,20749804,20749808,6,0x07,send_buffer,1
10320,1316,20749814,20749818,0,0x01,end_of_chunk,0
10321,1317,20749822,20749826,1080,0x0F,set_decoding_map,0
10322,1317,20750906,20750910,2952,0x08,audio_frame,0
10323,1317,20753862,20753866,6,0x09,silence_frame,0
10324,1317,20753872,20753876,14058,0x11,video_data_11,3
10325,1317,20767934,20767938,132,0x13,documented_unknown_13,0
10326,1317,20768070,20768074,0,0x04,start_stop_audio,0
10327,1317,20768074,20768078,6,0x07,send_buffer,1
10328,1317,20768084,20768088,0,0x01,end_of_chunk,0
10329,1318,20768092,20768096,1080,0x0F,set_decoding_map,0
10330,1318,20769176,20769180,2952,0x08,audio_frame,0
10331,1318,20772132,20772136,6,0x09,silence_frame,0
10332,1318,20772142,20772146,14058,0x11,video_data_11,3
10333,1318,20786204,20786208,132,0x13,documented_unknown_13,0
10334,1318,20786340,20786344,0,0x04,start_stop_audio,0
10335,1318,20786344,20786348,6,0x07,send_buffer,1
10336,1318,20786354,20786358,0,0x01,end_of_chunk,0
10337,1319,20786362,20786366,1080,0x0F,set_decoding_map,0
10338,1319,20787446,20787450,2952,0x08,audio_frame,0
10339,1319,20790402,20790406,6,0x09,silence_frame,0
10340,1319,20790412,20790416,14050,0x11,video_data_11,3
10341,1319,20804466,20804470,132,0x13,documented_unknown_13,0
10342,1319,20804602,20804606,0,0x04,start_stop_audio,0
10343,1319,20804606,20804610,6,0x07,send_buffer,1
10344,1319,20804616,20804620,0,0x01,end_of_chunk,0
10345,1320,20804624,20804628,1080,0x0F,set_decoding_map,0
10346,1320,20805708,20805712,2952,0x08,audio_frame,0
10347,1320,20808664,20808668,6,0x09,silence_frame,0
10348,1320,20808674,20808678,14042,0x11,video_data_11,3
10349,1320,20822720,20822724,132,0x13,documented_unknown_13,0
10350,1320,20822856,20822860,0,0x04,start_stop_audio,0
10351,1320,20822860,20822864,6,0x07,send_buffer,1
10352,1320,20822870,20822874,0,0x01,end_of_chunk,0
10353,1321,20822878,20822882,1080,0x0F,set_decoding_map,0
10354,1321,20823962,20823966,2952,0x08,audio_frame,0
10355,1321,20826918,20826922,6,0x09,silence_frame,0
10356,1321,20826928,20826932,14060,0x11,video_data_11,3
10357,1321,20840992,20840996,132,0x13,documented_unknown_13,0
10358,1321,20841128,20841132,0,0x04,start_stop_audio,0
10359,1321,20841132,20841136,6,0x07,send_buffer,1
10360,1321,20841142,20841146,0,0x01,end_of_chunk,0
10361,1322,20841150,20841154,1080,0x0F,set_decoding_map,0
10362,1322,20842234,20842238,2952,0x08,audio_frame,0
10363,1322,20845190,20845194,6,0x09,silence_frame,0
10364,1322,20845200,20845204,14044,0x11,video_data_11,3
10365,1322,20859248,20859252,132,0x13,documented_unknown_13,0
10366,1322,20859384,20859388,0,0x04,start_stop_audio,0
10367,1322,20859388,20859392,6,0x07,send_buffer,1
10368,1322,20859398,20859402,0,0x01,end_of_chunk,0
10369,1323,20859406,20859410,1080,0x0F,set_decoding_map,0
10370,1323,20860490,20860494,2932,0x08,audio_frame,0
10371,1323,20863426,20863430,6,0x09,silence_frame,0
10372,1323,20863436,20863440,14070,0x11,video_data_11,3
10373,1323,20877510,20877514,132,0x13,documented_unknown_13,0
10374,1323,20877646,20877650,0,0x04,start_stop_audio,0
10375,1323,20877650,20877654,6,0x07,send_buffer,1
10376,1323,20877660,20877664,0,0x01,end_of_chunk,0
10377,1324,20877668,20877672,1080,0x0F,set_decoding_map,0
10378,1324,20878752,20878756,2952,0x08,audio_frame,0
10379,1324,20881708,20881712,6,0x09,silence_frame,0
10380,1324,20881718,20881722,14038,0x11,video_data_11,3
10381,1324,20895760,20895764,132,0x13,documented_unknown_13,0
10382,1324,20895896,20895900,0,0x04,start_stop_audio,0
10383,1324,20895900,20895904,6,0x07,send_buffer,1
10384,1324,20895910,20895914,0,0x01,end_of_chunk,0
10385,1325,20895918,20895922,1080,0x0F,set_decoding_map,0
10386,1325,20897002,20897006,2952,0x08,audio_frame,0
10387,1325,20899958,20899962,6,0x09,silence_frame,0
10388,1325,20899968,20899972,14060,0x11,video_data_11,3
10389,1325,20914032,20914036,132,0x13,documented_unknown_13,0
10390,1325,20914168,20914172,0,0x04,start_stop_audio,0
10391,1325,20914172,20914176,6,0x07,send_buffer,1
10392,1325,20914182,20914186,0,0x01,end_of_chunk,0
10393,1326,20914190,20914194,1080,0x0F,set_decoding_map,0
10394,1326,20915274,20915278,2952,0x08,audio_frame,0
10395,1326,20918230,20918234,6,0x09,silence_frame,0
10396,1326,20918240,20918244,14040,0x11,video_data_11,3
10397,1326,20932284,20932288,132,0x13,documented_unknown_13,0
10398,1326,20932420,20932424,0,0x04,start_stop_audio,0
10399,1326,20932424,20932428,6,0x07,send_buffer,1
10400,1326,20932434,20932438,0,0x01,end_of_chunk,0
10401,1327,20932442,20932446,1080,0x0F,set_decoding_map,0
10402,1327,20933526,20933530,2952,0x08,audio_frame,0
10403,1327,20936482,20936486,6,0x09,silence_frame,0
10404,1327,20936492,20936496,14042,0x11,video_data_11,3
10405,1327,20950538,20950542,132,0x13,documented_unknown_13,0
10406,1327,20950674,20950678,0,0x04,start_stop_audio,0
10407,1327,20950678,20950682,6,0x07,send_buffer,1
10408,1327,20950688,20950692,0,0x01,end_of_chunk,0
10409,1328,20950696,20950700,1080,0x0F,set_decoding_map,0
10410,1328,20951780,20951784,2952,0x08,audio_frame,0
10411,1328,20954736,20954740,6,0x09,silence_frame,0
10412,1328,20954746,20954750,14026,0x11,video_data_11,3
10413,1328,20968776,20968780,132,0x13,documented_unknown_13,0
10414,1328,20968912,20968916,0,0x04,start_stop_audio,0
10415,1328,20968916,20968920,6,0x07,send_buffer,1
10416,1328,20968926,20968930,0,0x01,end_of_chunk,0
10417,1329,20968934,20968938,1080,0x0F,set_decoding_map,0
10418,1329,20970018,20970022,2952,0x08,audio_frame,0
10419,1329,20972974,20972978,6,0x09,silence_frame,0
10420,1329,20972984,20972988,14040,0x11,video_data_11,3
10421,1329,20987028,20987032,132,0x13,documented_unknown_13,0
10422,1329,20987164,20987168,0,0x04,start_stop_audio,0
10423,1329,20987168,20987172,6,0x07,send_buffer,1
10424,1329,20987178,20987182,0,0x01,end_of_chunk,0
10425,1330,20987186,20987190,1080,0x0F,set_decoding_map,0
10426,1330,20988270,20988274,2952,0x08,audio_frame,0
10427,1330,20991226,20991230,6,0x09,silence_frame,0
10428,1330,20991236,20991240,14056,0x11,video_data_11,3
10429,1330,21005296,21005300,132,0x13,documented_unknown_13,0
10430,1330,21005432,21005436,0,0x04,start_stop_audio,0
10431,1330,21005436,21005440,6,0x07,send_buffer,1
10432,1330,21005446,21005450,0,0x01,end_of_chunk,0
10433,1331,21005454,21005458,1080,0x0F,set_decoding_map,0
10434,1331,21006538,21006542,2952,0x08,audio_frame,0
10435,1331,21009494,21009498,6,0x09,silence_frame,0
10436,1331,21009504,21009508,14074,0x11,video_data_11,3
10437,1331,21023582,21023586,132,0x13,documented_unknown_13,0
10438,1331,21023718,21023722,0,0x04,start_stop_audio,0
10439,1331,21023722,21023726,6,0x07,send_buffer,1
10440,1331,21023732,21023736,0,0x01,end_of_chunk,0
10441,1332,21023740,21023744,1080,0x0F,set_decoding_map,0
10442,1332,21024824,21024828,2952,0x08,audio_frame,0
10443,1332,21027780,21027784,6,0x09,silence_frame,0
10444,1332,21027790,21027794,14062,0x11,video_data_11,3
10445,1332,21041856,21041860,132,0x13,documented_unknown_13,0
10446,1332,21041992,21041996,0,0x04,start_stop_audio,0
10447,1332,21041996,21042000,6,0x07,send_buffer,1
10448,1332,21042006,21042010,0,0x01,end_of_chunk,0
10449,1333,21042014,21042018,1080,0x0F,set_decoding_map,0
10450,1333,21043098,21043102,2952,0x08,audio_frame,0
10451,1333,21046054,21046058,6,0x09,silence_frame,0
10452,1333,21046064,21046068,14048,0x11,video_data_11,3
10453,1333,21060116,21060120,132,0x13,documented_unknown_13,0
10454,1333,21060252,21060256,0,0x04,start_stop_audio,0
10455,1333,21060256,21060260,6,0x07,send_buffer,1
10456,1333,21060266,21060270,0,0x01,end_of_chunk,0
10457,1334,21060274,21060278,1080,0x0F,set_decoding_map,0
10458,1334,21061358,21061362,2952,0x08,audio_frame,0
10459,1334,21064314,21064318,6,0x09,silence_frame,0
10460,1334,21064324,21064328,14022,0x11,video_data_11,3
10461,1334,21078350,21078354,132,0x13,documented_unknown_13,0
10462,1334,21078486,21078490,0,0x04,start_stop_audio,0
10463,1334,21078490,21078494,6,0x07,send_buffer,1
10464,1334,21078500,21078504,0,0x01,end_of_chunk,0
10465,1335,21078508,21078512,1080,0x0F,set_decoding_map,0
10466,1335,21079592,21079596,2952,0x08,audio_frame,0
10467,1335,21082548,21082552,6,0x09,silence_frame,0
10468,1335,21082558,21082562,14058,0x11,video_data_11,3
10469,1335,21096620,21096624,132,0x13,documented_unknown_13,0
10470,1335,21096756,21096760,0,0x04,start_stop_audio,0
10471,1335,21096760,21096764,6,0x07,send_buffer,1
10472,1335,21096770,21096774,0,0x01,end_of_chunk,0
10473,1336,21096778,21096782,1080,0x0F,set_decoding_map,0
10474,1336,21097862,21097866,2952,0x08,audio_frame,0
10475,1336,21100818,21100822,6,0x09,silence_frame,0
10476,1336,21100828,21100832,14044,0x11,video_data_11,3
10477,1336,21114876,21114880,132,0x13,documented_unknown_13,0
10478,1336,21115012,21115016,0,0x04,start_stop_audio,0
10479,1336,21115016,21115020,6,0x07,send_buffer,1
10480,1336,21115026,21115030,0,0x01,end_of_chunk,0
10481,1337,21115034,21115038,1080,0x0F,set_decoding_map,0
10482,1337,21116118,21116122,2952,0x08,audio_frame,0
10483,1337,21119074,21119078,6,0x09,silence_frame,0
10484,1337,21119084,21119088,14078,0x11,video_data_11,3
10485,1337,21133166,21133170,132,0x13,documented_unknown_13,0
10486,1337,21133302,21133306,0,0x04,start_stop_audio,0
10487,1337,21133306,21133310,6,0x07,send_buffer,1
10488,1337,21133316,21133320,0,0x01,end_of_chunk,0
10489,1338,21133324,21133328,1080,0x0F,set_decoding_map,0
10490,1338,21134408,21134412,2932,0x08,audio_frame,0
10491,1338,21137344,21137348,6,0x09,silence_frame,0
10492,1338,21137354,21137358,14064,0x11,video_data_11,3
10493,1338,21151422,21151426,132,0x13,documented_unknown_13,0
10494,1338,21151558,21151562,0,0x04,start_stop_audio,0
10495,1338,21151562,21151566,6,0x07,send_buffer,1
10496,1338,21151572,21151576,0,0x01,end_of_chunk,0
10497,1339,21151580,21151584,1080,0x0F,set_decoding_map,0
10498,1339,21152664,21152668,2952,0x08,audio_frame,0
10499,1339,21155620,21155624,6,0x09,silence_frame,0
10500,1339,21155630,21155634,14064,0x11,video_data_11,3
10501,1339,21169698,21169702,132,0x13,documented_unknown_13,0
10502,1339,21169834,21169838,0,0x04,start_stop_audio,0
10503,1339,21169838,21169842,6,0x07,send_buffer,1
10504,1339,21169848,21169852,0,0x01,end_of_chunk,0
10505,1340,21169856,21169860,1080,0x0F,set_decoding_map,0
10506,1340,21170940,21170944,2952,0x08,audio_frame,0
10507,1340,21173896,21173900,6,0x09,silence_frame,0
10508,1340,21173906,21173910,14064,0x11,video_data_11,3
10509,1340,21187974,21187978,132,0x13,documented_unknown_13,0
10510,1340,21188110,21188114,0,0x04,start_stop_audio,0
10511,1340,21188114,21188118,6,0x07,send_buffer,1
10512,1340,21188124,21188128,0,0x01,end_of_chunk,0
10513,1341,21188132,21188136,1080,0x0F,set_decoding_map,0
10514,1341,21189216,21189220,2952,0x08,audio_frame,0
10515,1341,21192172,21192176,6,0x09,silence_frame,0
10516,1341,21192182,21192186,14058,0x11,video_data_11,3
10517,1341,21206244,21206248,132,0x13,documented_unknown_13,0
10518,1341,21206380,21206384,0,0x04,start_stop_audio,0
10519,1341,21206384,21206388,6,0x07,send_buffer,1
10520,1341,21206394,21206398,0,0x01,end_of_chunk,0
10521,1342,21206402,21206406,1080,0x0F,set_decoding_map,0
10522,1342,21207486,21207490,2952,0x08,audio_frame,0
10523,1342,21210442,21210446,6,0x09,silence_frame,0
10524,1342,21210452,21210456,14038,0x11,video_data_11,3
10525,1342,21224494,21224498,132,0x13,documented_unknown_13,0
10526,1342,21224630,21224634,0,0x04,start_stop_audio,0
10527,1342,21224634,21224638,6,0x07,send_buffer,1
10528,1342,21224644,21224648,0,0x01,end_of_chunk,0
10529,1343,21224652,21224656,1080,0x0F,set_decoding_map,0
10530,1343,21225736,21225740,2952,0x08,audio_frame,0
10531,1343,21228692,21228696,6,0x09,silence_frame,0
10532,1343,21228702,21228706,14046,0x11,video_data_11,3
10533,1343,21242752,21242756,132,0x13,documented_unknown_13,0
10534,1343,21242888,21242892,0,0x04,start_stop_audio,0
10535,1343,21242892,21242896,6,0x07,send_buffer,1
10536,1343,21242902,21242906,0,0x01,end_of_chunk,0
10537,1344,21242910,21242914,1080,0x0F,set_decoding_map,0
10538,1344,21243994,21243998,2952,0x08,audio_frame,0
10539,1344,21246950,21246954,6,0x09,silence_frame,0
10540,1344,21246960,21246964,14070,0x11,video_data_11,3
10541,1344,21261034,21261038,132,0x13,documented_unknown_13,0
10542,1344,21261170,21261174,0,0x04,start_stop_audio,0
10543,1344,21261174,21261178,6,0x07,send_buffer,1
10544,1344,21261184,21261188,0,0x01,end_of_chunk,0
10545,1345,21261192,21261196,1080,0x0F,set_decoding_map,0
10546,1345,21262276,21262280,2952,0x08,audio_frame,0
10547,1345,21265232,21265236,6,0x09,silence_frame,0
10548,1345,21265242,21265246,14022,0x11,video_data_11,3
10549,1345,21279268,21279272,132,0x13,documented_unknown_13,0
10550,1345,21279404,21279408,0,0x04,start_stop_audio,0
10551,1345,21279408,21279412,6,0x07,send_buffer,1
10552,1345,21279418,21279422,0,0x01,end_of_chunk,0
10553,1346,21279426,21279430,1080,0x0F,set_decoding_map,0
10554,1346,21280510,21280514,2952,0x08,audio_frame,0
10555,1346,21283466,21283470,6,0x09,silence_frame,0
10556,1346,21283476,21283480,14036,0x11,video_data_11,3
10557,1346,21297516,21297520,132,0x13,documented_unknown_13,0
10558,1346,21297652,21297656,0,0x04,start_stop_audio,0
10559,1346,21297656,21297660,6,0x07,send_buffer,1
10560,1346,21297666,21297670,0,0x01,end_of_chunk,0
10561,1347,21297674,21297678,1080,0x0F,set_decoding_map,0
10562,1347,21298758,21298762,2952,0x08,audio_frame,0
10563,1347,21301714,21301718,6,0x09,silence_frame,0
10564,1347,21301724,21301728,14076,0x11,video_data_11,3
10565,1347,21315804,21315808,132,0x13,documented_unknown_13,0
10566,1347,21315940,21315944,0,0x04,start_stop_audio,0
10567,1347,21315944,21315948,6,0x07,send_buffer,1
10568,1347,21315954,21315958,0,0x01,end_of_chunk,0
10569,1348,21315962,21315966,1080,0x0F,set_decoding_map,0
10570,1348,21317046,21317050,2952,0x08,audio_frame,0
10571,1348,21320002,21320006,6,0x09,silence_frame,0
10572,1348,21320012,21320016,14052,0x11,video_data_11,3
10573,1348,21334068,21334072,132,0x13,documented_unknown_13,0
10574,1348,21334204,21334208,0,0x04,start_stop_audio,0
10575,1348,21334208,21334212,6,0x07,send_buffer,1
10576,1348,21334218,21334222,0,0x01,end_of_chunk,0
10577,1349,21334226,21334230,1080,0x0F,set_decoding_map,0
10578,1349,21335310,21335314,2952,0x08,audio_frame,0
10579,1349,21338266,21338270,6,0x09,silence_frame,0
10580,1349,21338276,21338280,14078,0x11,video_data_11,3
10581,1349,21352358,21352362,132,0x13,documented_unknown_13,0
10582,1349,21352494,21352498,0,0x04,start_stop_audio,0
10583,1349,21352498,21352502,6,0x07,send_buffer,1
10584,1349,21352508,21352512,0,0x01,end_of_chunk,0
10585,1350,21352516,21352520,1080,0x0F,set_decoding_map,0
10586,1350,21353600,21353604,2952,0x08,audio_frame,0
10587,1350,21356556,21356560,6,0x09,silence_frame,0
10588,1350,21356566,21356570,14058,0x11,video_data_11,3
10589,1350,21370628,21370632,132,0x13,documented_unknown_13,0
10590,1350,21370764,21370768,0,0x04,start_stop_audio,0
10591,1350,21370768,21370772,6,0x07,send_buffer,1
10592,1350,21370778,21370782,0,0x01,end_of_chunk,0
10593,1351,21370786,21370790,1080,0x0F,set_decoding_map,0
10594,1351,21371870,21371874,2952,0x08,audio_frame,0
10595,1351,21374826,21374830,6,0x09,silence_frame,0
10596,1351,21374836,21374840,14076,0x11,video_data_11,3
10597,1351,21388916,21388920,132,0x13,documented_unknown_13,0
10598,1351,21389052,21389056,0,0x04,start_stop_audio,0
10599,1351,21389056,21389060,6,0x07,send_buffer,1
10600,1351,21389066,21389070,0,0x01,end_of_chunk,0
10601,1352,21389074,21389078,1080,0x0F,set_decoding_map,0
10602,1352,21390158,21390162,2952,0x08,audio_frame,0
10603,1352,21393114,21393118,6,0x09,silence_frame,0
10604,1352,21393124,21393128,14032,0x11,video_data_11,3
10605,1352,21407160,21407164,132,0x13,documented_unknown_13,0
10606,1352,21407296,21407300,0,0x04,start_stop_audio,0
10607,1352,21407300,21407304,6,0x07,send_buffer,1
10608,1352,21407310,21407314,0,0x01,end_of_chunk,0
10609,1353,21407318,21407322,1080,0x0F,set_decoding_map,0
10610,1353,21408402,21408406,2932,0x08,audio_frame,0
10611,1353,21411338,21411342,6,0x09,silence_frame,0
10612,1353,21411348,21411352,14032,0x11,video_data_11,3
10613,1353,21425384,21425388,132,0x13,documented_unknown_13,0
10614,1353,21425520,21425524,0,0x04,start_stop_audio,0
10615,1353,21425524,21425528,6,0x07,send_buffer,1
10616,1353,21425534,21425538,0,0x01,end_of_chunk,0
10617,1354,21425542,21425546,1080,0x0F,set_decoding_map,0
10618,1354,21426626,21426630,2952,0x08,audio_frame,0
10619,1354,21429582,21429586,6,0x09,silence_frame,0
10620,1354,21429592,21429596,14036,0x11,video_data_11,3
10621,1354,21443632,21443636,132,0x13,documented_unknown_13,0
10622,1354,21443768,21443772,0,0x04,start_stop_audio,0
10623,1354,21443772,21443776,6,0x07,send_buffer,1
10624,1354,21443782,21443786,0,0x01,end_of_chunk,0
10625,1355,21443790,21443794,1080,0x0F,set_decoding_map,0
10626,1355,21444874,21444878,2952,0x08,audio_frame,0
10627,1355,21447830,21447834,6,0x09,silence_frame,0
10628,1355,21447840,21447844,14060,0x11,video_data_11,3
10629,1355,21461904,21461908,132,0x13,documented_unknown_13,0
10630,1355,21462040,21462044,0,0x04,start_stop_audio,0
10631,1355,21462044,21462048,6,0x07,send_buffer,1
10632,1355,21462054,21462058,0,0x01,end_of_chunk,0
10633,1356,21462062,21462066,1080,0x0F,set_decoding_map,0
10634,1356,21463146,21463150,2952,0x08,audio_frame,0
10635,1356,21466102,21466106,6,0x09,silence_frame,0
10636,1356,21466112,21466116,14044,0x11,video_data_11,3
10637,1356,21480160,21480164,132,0x13,documented_unknown_13,0
10638,1356,21480296,21480300,0,0x04,start_stop_audio,0
10639,1356,21480300,21480304,6,0x07,send_buffer,1
10640,1356,21480310,21480314,0,0x01,end_of_chunk,0
10641,1357,21480318,21480322,1080,0x0F,set_decoding_map,0
10642,1357,21481402,21481406,2952,0x08,audio_frame,0
10643,1357,21484358,21484362,6,0x09,silence_frame,0
10644,1357,21484368,21484372,14038,0x11,video_data_11,3
10645,1357,21498410,21498414,132,0x13,documented_unknown_13,0
10646,1357,21498546,21498550,0,0x04,start_stop_audio,0
10647,1357,21498550,21498554,6,0x07,send_buffer,1
10648,1357,21498560,21498564,0,0x01,end_of_chunk,0
10649,1358,21498568,21498572,1080,0x0F,set_decoding_map,0
10650,1358,21499652,21499656,2952,0x08,audio_frame,0
10651,1358,21502608,21502612,6,0x09,silence_frame,0
10652,1358,21502618,21502622,14084,0x11,video_data_11,3
10653,1358,21516706,21516710,132,0x13,documented_unknown_13,0
10654,1358,21516842,21516846,0,0x04,start_stop_audio,0
10655,1358,21516846,21516850,6,0x07,send_buffer,1
10656,1358,21516856,21516860,0,0x01,end_of_chunk,0
10657,1359,21516864,21516868,1080,0x0F,set_decoding_map,0
10658,1359,21517948,21517952,2952,0x08,audio_frame,0
10659,1359,21520904,21520908,6,0x09,silence_frame,0
10660,1359,21520914,21520918,14052,0x11,video_data_11,3
10661,1359,21534970,21534974,132,0x13,documented_unknown_13,0
10662,1359,21535106,21535110,0,0x04,start_stop_audio,0
10663,1359,21535110,21535114,6,0x07,send_buffer,1
10664,1359,21535120,21535124,0,0x01,end_of_chunk,0
10665,1360,21535128,21535132,1080,0x0F,set_decoding_map,0
10666,1360,21536212,21536216,2952,0x08,audio_frame,0
10667,1360,21539168,21539172,6,0x09,silence_frame,0
10668,1360,21539178,21539182,14062,0x11,video_data_11,3
10669,1360,21553244,21553248,132,0x13,documented_unknown_13,0
10670,1360,21553380,21553384,0,0x04,start_stop_audio,0
10671,1360,21553384,21553388,6,0x07,send_buffer,1
10672,1360,21553394,21553398,0,0x01,end_of_chunk,0
10673,1361,21553402,21553406,1080,0x0F,set_decoding_map,0
10674,1361,21554486,21554490,2952,0x08,audio_frame,0
10675,1361,21557442,21557446,6,0x09,silence_frame,0
10676,1361,21557452,21557456,14044,0x11,video_data_11,3
10677,1361,21571500,21571504,132,0x13,documented_unknown_13,0
10678,1361,21571636,21571640,0,0x04,start_stop_audio,0
10679,1361,21571640,21571644,6,0x07,send_buffer,1
10680,1361,21571650,21571654,0,0x01,end_of_chunk,0
10681,1362,21571658,21571662,1080,0x0F,set_decoding_map,0
10682,1362,21572742,21572746,2952,0x08,audio_frame,0
10683,1362,21575698,21575702,6,0x09,silence_frame,0
10684,1362,21575708,21575712,14072,0x11,video_data_11,3
10685,1362,21589784,21589788,132,0x13,documented_unknown_13,0
10686,1362,21589920,21589924,0,0x04,start_stop_audio,0
10687,1362,21589924,21589928,6,0x07,send_buffer,1
10688,1362,21589934,21589938,0,0x01,end_of_chunk,0
10689,1363,21589942,21589946,1080,0x0F,set_decoding_map,0
10690,1363,21591026,21591030,2952,0x08,audio_frame,0
10691,1363,21593982,21593986,6,0x09,silence_frame,0
10692,1363,21593992,21593996,14042,0x11,video_data_11,3
10693,1363,21608038,21608042,132,0x13,documented_unknown_13,0
10694,1363,21608174,21608178,0,0x04,start_stop_audio,0
10695,1363,21608178,21608182,6,0x07,send_buffer,1
10696,1363,21608188,21608192,0,0x01,end_of_chunk,0
10697,1364,21608196,21608200,1080,0x0F,set_decoding_map,0
10698,1364,21609280,21609284,2952,0x08,audio_frame,0
10699,1364,21612236,21612240,6,0x09,silence_frame,0
10700,1364,21612246,21612250,14068,0x11,video_data_11,3
10701,1364,21626318,21626322,132,0x13,documented_unknown_13,0
10702,1364,21626454,21626458,0,0x04,start_stop_audio,0
10703,1364,21626458,21626462,6,0x07,send_buffer,1
10704,1364,21626468,21626472,0,0x01,end_of_chunk,0
10705,1365,21626476,21626480,1080,0x0F,set_decoding_map,0
10706,1365,21627560,21627564,2952,0x08,audio_frame,0
10707,1365,21630516,21630520,6,0x09,silence_frame,0
10708,1365,21630526,21630530,14036,0x11,video_data_11,3
10709,1365,21644566,21644570,132,0x13,documented_unknown_13,0
10710,1365,21644702,21644706,0,0x04,start_stop_audio,0
10711,1365,21644706,21644710,6,0x07,send_buffer,1
10712,1365,21644716,21644720,0,0x01,end_of_chunk,0
10713,1366,21644724,21644728,1080,0x0F,set_decoding_map,0
10714,1366,21645808,21645812,2952,0x08,audio_frame,0
10715,1366,21648764,21648768,6,0x09,silence_frame,0
10716,1366,21648774,21648778,14024,0x11,video_data_11,3
10717,1366,21662802,21662806,132,0x13,documented_unknown_13,0
10718,1366,21662938,21662942,0,0x04,start_stop_audio,0
10719,1366,21662942,21662946,6,0x07,send_buffer,1
10720,1366,21662952,21662956,0,0x01,end_of_chunk,0
10721,1367,21662960,21662964,1080,0x0F,set_decoding_map,0
10722,1367,21664044,21664048,2952,0x08,audio_frame,0
10723,1367,21667000,21667004,6,0x09,silence_frame,0
10724,1367,21667010,21667014,14078,0x11,video_data_11,3
10725,1367,21681092,21681096,132,0x13,documented_unknown_13,0
10726,1367,21681228,21681232,0,0x04,start_stop_audio,0
10727,1367,21681232,21681236,6,0x07,send_buffer,1
10728,1367,21681242,21681246,0,0x01,end_of_chunk,0
10729,1368,21681250,21681254,1080,0x0F,set_decoding_map,0
10730,1368,21682334,21682338,2932,0x08,audio_frame,0
10731,1368,21685270,21685274,6,0x09,silence_frame,0
10732,1368,21685280,21685284,14064,0x11,video_data_11,3
10733,1368,21699348,21699352,132,0x13,documented_unknown_13,0
10734,1368,21699484,21699488,0,0x04,start_stop_audio,0
10735,1368,21699488,21699492,6,0x07,send_buffer,1
10736,1368,21699498,21699502,0,0x01,end_of_chunk,0
10737,1369,21699506,21699510,1080,0x0F,set_decoding_map,0
10738,1369,21700590,21700594,2952,0x08,audio_frame,0
10739,1369,21703546,21703550,6,0x09,silence_frame,0
10740,1369,21703556,21703560,14058,0x11,video_data_11,3
10741,1369,21717618,21717622,132,0x13,documented_unknown_13,0
10742,1369,21717754,21717758,0,0x04,start_stop_audio,0
10743,1369,21717758,21717762,6,0x07,send_buffer,1
10744,1369,21717768,21717772,0,0x01,end_of_chunk,0
10745,1370,21717776,21717780,1080,0x0F,set_decoding_map,0
10746,1370,21718860,21718864,2952,0x08,audio_frame,0
10747,1370,21721816,21721820,6,0x09,silence_frame,0
10748,1370,21721826,21721830,14056,0x11,video_data_11,3
10749,1370,21735886,21735890,132,0x13,documented_unknown_13,0
10750,1370,21736022,21736026,0,0x04,start_stop_audio,0
10751,1370,21736026,21736030,6,0x07,send_buffer,1
10752,1370,21736036,21736040,0,0x01,end_of_chunk,0
10753,1371,21736044,21736048,1080,0x0F,set_decoding_map,0
10754,1371,21737128,21737132,2952,0x08,audio_frame,0
10755,1371,21740084,21740088,6,0x09,silence_frame,0
10756,1371,21740094,21740098,14050,0x11,video_data_11,3
10757,1371,21754148,21754152,132,0x13,documented_unknown_13,0
10758,1371,21754284,21754288,0,0x04,start_stop_audio,0
10759,1371,21754288,21754292,6,0x07,send_buffer,1
10760,1371,21754298,21754302,0,0x01,end_of_chunk,0
10761,1372,21754306,21754310,1080,0x0F,set_decoding_map,0
10762,1372,21755390,21755394,2952,0x08,audio_frame,0
10763,1372,21758346,21758350,6,0x09,silence_frame,0
10764,1372,21758356,21758360,14050,0x11,video_data_11,3
10765,1372,21772410,21772414,132,0x13,documented_unknown_13,0
10766,1372,21772546,21772550,0,0x04,start_stop_audio,0
10767,1372,21772550,21772554,6,0x07,send_buffer,1
10768,1372,21772560,21772564,0,0x01,end_of_chunk,0
10769,1373,21772568,21772572,1080,0x0F,set_decoding_map,0
10770,1373,21773652,21773656,2952,0x08,audio_frame,0
10771,1373,21776608,21776612,6,0x09,silence_frame,0
10772,1373,21776618,21776622,14056,0x11,video_data_11,3
10773,1373,21790678,21790682,132,0x13,documented_unknown_13,0
10774,1373,21790814,21790818,0,0x04,start_stop_audio,0
10775,1373,21790818,21790822,6,0x07,send_buffer,1
10776,1373,21790828,21790832,0,0x01,end_of_chunk,0
10777,1374,21790836,21790840,1080,0x0F,set_decoding_map,0
10778,1374,21791920,21791924,2952,0x08,audio_frame,0
10779,1374,21794876,21794880,6,0x09,silence_frame,0
10780,1374,21794886,21794890,14074,0x11,video_data_11,3
10781,1374,21808964,21808968,132,0x13,documented_unknown_13,0
10782,1374,21809100,21809104,0,0x04,start_stop_audio,0
10783,1374,21809104,21809108,6,0x07,send_buffer,1
10784,1374,21809114,21809118,0,0x01,end_of_chunk,0
10785,1375,21809122,21809126,1080,0x0F,set_decoding_map,0
10786,1375,21810206,21810210,2952,0x08,audio_frame,0
10787,1375,21813162,21813166,6,0x09,silence_frame,0
10788,1375,21813172,21813176,14052,0x11,video_data_11,3
10789,1375,21827228,21827232,132,0x13,documented_unknown_13,0
10790,1375,21827364,21827368,0,0x04,start_stop_audio,0
10791,1375,21827368,21827372,6,0x07,send_buffer,1
10792,1375,21827378,21827382,0,0x01,end_of_chunk,0
10793,1376,21827386,21827390,1080,0x0F,set_decoding_map,0
10794,1376,21828470,21828474,2952,0x08,audio_frame,0
10795,1376,21831426,21831430,6,0x09,silence_frame,0
10796,1376,21831436,21831440,14068,0x11,video_data_11,3
10797,1376,21845508,21845512,132,0x13,documented_unknown_13,0
10798,1376,21845644,21845648,0,0x04,start_stop_audio,0
10799,1376,21845648,21845652,6,0x07,send_buffer,1
10800,1376,21845658,21845662,0,0x01,end_of_chunk,0
10801,1377,21845666,21845670,1080,0x0F,set_decoding_map,0
10802,1377,21846750,21846754,2952,0x08,audio_frame,0
10803,1377,21849706,21849710,6,0x09,silence_frame,0
10804,1377,21849716,21849720,14034,0x11,video_data_11,3
10805,1377,21863754,21863758,132,0x13,documented_unknown_13,0
10806,1377,21863890,21863894,0,0x04,start_stop_audio,0
10807,1377,21863894,21863898,6,0x07,send_buffer,1
10808,1377,21863904,21863908,0,0x01,end_of_chunk,0
10809,1378,21863912,21863916,1080,0x0F,set_decoding_map,0
10810,1378,21864996,21865000,2952,0x08,audio_frame,0
10811,1378,21867952,21867956,6,0x09,silence_frame,0
10812,1378,21867962,21867966,14080,0x11,video_data_11,3
10813,1378,21882046,21882050,132,0x13,documented_unknown_13,0
10814,1378,21882182,21882186,0,0x04,start_stop_audio,0
10815,1378,21882186,21882190,6,0x07,send_buffer,1
10816,1378,21882196,21882200,0,0x01,end_of_chunk,0
10817,1379,21882204,21882208,1080,0x0F,set_decoding_map,0
10818,1379,21883288,21883292,2952,0x08,audio_frame,0
10819,1379,21886244,21886248,6,0x09,silence_frame,0
10820,1379,21886254,21886258,14066,0x11,video_data_11,3
10821,1379,21900324,21900328,132,0x13,documented_unknown_13,0
10822,1379,21900460,21900464,0,0x04,start_stop_audio,0
10823,1379,21900464,21900468,6,0x07,send_buffer,1
10824,1379,21900474,21900478,0,0x01,end_of_chunk,0
10825,1380,21900482,21900486,1080,0x0F,set_decoding_map,0
10826,1380,21901566,21901570,2952,0x08,audio_frame,0
10827,1380,21904522,21904526,6,0x09,silence_frame,0
10828,1380,21904532,21904536,14068,0x11,video_data_11,3
10829,1380,21918604,21918608,132,0x13,documented_unknown_13,0
10830,1380,21918740,21918744,0,0x04,start_stop_audio,0
10831,1380,21918744,21918748,6,0x07,send_buffer,1
10832,1380,21918754,21918758,0,0x01,end_of_chunk,0
10833,1381,21918762,21918766,1080,0x0F,set_decoding_map,0
10834,1381,21919846,21919850,2952,0x08,audio_frame,0
10835,1381,21922802,21922806,6,0x09,silence_frame,0
10836,1381,21922812,21922816,14068,0x11,video_data_11,3
10837,1381,21936884,21936888,132,0x13,documented_unknown_13,0
10838,1381,21937020,21937024,0,0x04,start_stop_audio,0
10839,1381,21937024,21937028,6,0x07,send_buffer,1
10840,1381,21937034,21937038,0,0x01,end_of_chunk,0
10841,1382,21937042,21937046,1080,0x0F,set_decoding_map,0
10842,1382,21938126,21938130,2952,0x08,audio_frame,0
10843,1382,21941082,21941086,6,0x09,silence_frame,0
10844,1382,21941092,21941096,14042,0x11,video_data_11,3
10845,1382,21955138,21955142,132,0x13,documented_unknown_13,0
10846,1382,21955274,21955278,0,0x04,start_stop_audio,0
10847,1382,21955278,21955282,6,0x07,send_buffer,1
10848,1382,21955288,21955292,0,0x01,end_of_chunk,0
10849,1383,21955296,21955300,1080,0x0F,set_decoding_map,0
10850,1383,21956380,21956384,2932,0x08,audio_frame,0
10851,1383,21959316,21959320,6,0x09,silence_frame,0
10852,1383,21959326,21959330,14066,0x11,video_data_11,3
10853,1383,21973396,21973400,132,0x13,documented_unknown_13,0
10854,1383,21973532,21973536,0,0x04,start_stop_audio,0
10855,1383,21973536,21973540,6,0x07,send_buffer,1
10856,1383,21973546,21973550,0,0x01,end_of_chunk,0
10857,1384,21973554,21973558,1080,0x0F,set_decoding_map,0
10858,1384,21974638,21974642,2952,0x08,audio_frame,0
10859,1384,21977594,21977598,6,0x09,silence_frame,0
10860,1384,21977604,21977608,14080,0x11,video_data_11,3
10861,1384,21991688,21991692,132,0x13,documented_unknown_13,0
10862,1384,21991824,21991828,0,0x04,start_stop_audio,0
10863,1384,21991828,21991832,6,0x07,send_buffer,1
10864,1384,21991838,21991842,0,0x01,end_of_chunk,0
10865,1385,21991846,21991850,1080,0x0F,set_decoding_map,0
10866,1385,21992930,21992934,2952,0x08,audio_frame,0
10867,1385,21995886,21995890,6,0x09,silence_frame,0
10868,1385,21995896,21995900,14050,0x11,video_data_11,3
10869,1385,22009950,22009954,132,0x13,documented_unknown_13,0
10870,1385,22010086,22010090,0,0x04,start_stop_audio,0
10871,1385,22010090,22010094,6,0x07,send_buffer,1
10872,1385,22010100,22010104,0,0x01,end_of_chunk,0
10873,1386,22010108,22010112,1080,0x0F,set_decoding_map,0
10874,1386,22011192,22011196,2952,0x08,audio_frame,0
10875,1386,22014148,22014152,6,0x09,silence_frame,0
10876,1386,22014158,22014162,14026,0x11,video_data_11,3
10877,1386,22028188,22028192,132,0x13,documented_unknown_13,0
10878,1386,22028324,22028328,0,0x04,start_stop_audio,0
10879,1386,22028328,22028332,6,0x07,send_buffer,1
10880,1386,22028338,22028342,0,0x01,end_of_chunk,0
10881,1387,22028346,22028350,1080,0x0F,set_decoding_map,0
10882,1387,22029430,22029434,2952,0x08,audio_frame,0
10883,1387,22032386,22032390,6,0x09,silence_frame,0
10884,1387,22032396,22032400,14076,0x11,video_data_11,3
10885,1387,22046476,22046480,132,0x13,documented_unknown_13,0
10886,1387,22046612,22046616,0,0x04,start_stop_audio,0
10887,1387,22046616,22046620,6,0x07,send_buffer,1
10888,1387,22046626,22046630,0,0x01,end_of_chunk,0
10889,1388,22046634,22046638,1080,0x0F,set_decoding_map,0
10890,1388,22047718,22047722,2952,0x08,audio_frame,0
10891,1388,22050674,22050678,6,0x09,silence_frame,0
10892,1388,22050684,22050688,14022,0x11,video_data_11,3
10893,1388,22064710,22064714,132,0x13,documented_unknown_13,0
10894,1388,22064846,22064850,0,0x04,start_stop_audio,0
10895,1388,22064850,22064854,6,0x07,send_buffer,1
10896,1388,22064860,22064864,0,0x01,end_of_chunk,0
10897,1389,22064868,22064872,1080,0x0F,set_decoding_map,0
10898,1389,22065952,22065956,2952,0x08,audio_frame,0
10899,1389,22068908,22068912,6,0x09,silence_frame,0
10900,1389,22068918,22068922,14064,0x11,video_data_11,3
10901,1389,22082986,22082990,132,0x13,documented_unknown_13,0
10902,1389,22083122,22083126,0,0x04,start_stop_audio,0
10903,1389,22083126,22083130,6,0x07,send_buffer,1
10904,1389,22083136,22083140,0,0x01,end_of_chunk,0
10905,1390,22083144,22083148,1080,0x0F,set_decoding_map,0
10906,1390,22084228,22084232,2952,0x08,audio_frame,0
10907,1390,22087184,22087188,6,0x09,silence_frame,0
10908,1390,22087194,22087198,14026,0x11,video_data_11,3
10909,1390,22101224,22101228,132,0x13,documented_unknown_13,0
10910,1390,22101360,22101364,0,0x04,start_stop_audio,0
10911,1390,22101364,22101368,6,0x07,send_buffer,1
10912,1390,22101374,22101378,0,0x01,end_of_chunk,0
10913,1391,22101382,22101386,1080,0x0F,set_decoding_map,0
10914,1391,22102466,22102470,2952,0x08,audio_frame,0
10915,1391,22105422,22105426,6,0x09,silence_frame,0
10916,1391,22105432,22105436,14072,0x11,video_data_11,3
10917,1391,22119508,22119512,132,0x13,documented_unknown_13,0
10918,1391,22119644,22119648,0,0x04,start_stop_audio,0
10919,1391,22119648,22119652,6,0x07,send_buffer,1
10920,1391,22119658,22119662,0,0x01,end_of_chunk,0
10921,1392,22119666,22119670,1080,0x0F,set_decoding_map,0
10922,1392,22120750,22120754,2952,0x08,audio_frame,0
10923,1392,22123706,22123710,6,0x09,silence_frame,0
10924,1392,22123716,22123720,14022,0x11,video_data_11,3
10925,1392,22137742,22137746,132,0x13,documented_unknown_13,0
10926,1392,22137878,22137882,0,0x04,start_stop_audio,0
10927,1392,22137882,22137886,6,0x07,send_buffer,1
10928,1392,22137892,22137896,0,0x01,end_of_chunk,0
10929,1393,22137900,22137904,1080,0x0F,set_decoding_map,0
10930,1393,22138984,22138988,2952,0x08,audio_frame,0
10931,1393,22141940,22141944,6,0x09,silence_frame,0
10932,1393,22141950,22141954,14044,0x11,video_data_11,3
10933,1393,22155998,22156002,132,0x13,documented_unknown_13,0
10934,1393,22156134,22156138,0,0x04,start_stop_audio,0
10935,1393,22156138,22156142,6,0x07,send_buffer,1
10936,1393,22156148,22156152,0,0x01,end_of_chunk,0
10937,1394,22156156,22156160,1080,0x0F,set_decoding_map,0
10938,1394,22157240,22157244,2952,0x08,audio_frame,0
10939,1394,22160196,22160200,6,0x09,silence_frame,0
10940,1394,22160206,22160210,14046,0x11,video_data_11,3
10941,1394,22174256,22174260,132,0x13,documented_unknown_13,0
10942,1394,22174392,22174396,0,0x04,start_stop_audio,0
10943,1394,22174396,22174400,6,0x07,send_buffer,1
10944,1394,22174406,22174410,0,0x01,end_of_chunk,0
10945,1395,22174414,22174418,1080,0x0F,set_decoding_map,0
10946,1395,22175498,22175502,2952,0x08,audio_frame,0
10947,1395,22178454,22178458,6,0x09,silence_frame,0
10948,1395,22178464,22178468,14064,0x11,video_data_11,3
10949,1395,22192532,22192536,132,0x13,documented_unknown_13,0
10950,1395,22192668,22192672,0,0x04,start_stop_audio,0
10951,1395,22192672,22192676,6,0x07,send_buffer,1
10952,1395,22192682,22192686,0,0x01,end_of_chunk,0
10953,1396,22192690,22192694,1080,0x0F,set_decoding_map,0
10954,1396,22193774,22193778,2952,0x08,audio_frame,0
10955,1396,22196730,22196734,6,0x09,silence_frame,0
10956,1396,22196740,22196744,14070,0x11,video_data_11,3
10957,1396,22210814,22210818,132,0x13,documented_unknown_13,0
10958,1396,22210950,22210954,0,0x04,start_stop_audio,0
10959,1396,22210954,22210958,6,0x07,send_buffer,1
10960,1396,22210964,22210968,0,0x01,end_of_chunk,0
10961,1397,22210972,22210976,1080,0x0F,set_decoding_map,0
10962,1397,22212056,22212060,2952,0x08,audio_frame,0
10963,1397,22215012,22215016,6,0x09,silence_frame,0
10964,1397,22215022,22215026,14068,0x11,video_data_11,3
10965,1397,22229094,22229098,132,0x13,documented_unknown_13,0
10966,1397,22229230,22229234,0,0x04,start_stop_audio,0
10967,1397,22229234,22229238,6,0x07,send_buffer,1
10968,1397,22229244,22229248,0,0x01,end_of_chunk,0
10969,1398,22229252,22229256,1080,0x0F,set_decoding_map,0
10970,1398,22230336,22230340,2932,0x08,audio_frame,0
10971,1398,22233272,22233276,6,0x09,silence_frame,0
10972,1398,22233282,22233286,14058,0x11,video_data_11,3
10973,1398,22247344,22247348,132,0x13,documented_unknown_13,0
10974,1398,22247480,22247484,0,0x04,start_stop_audio,0
10975,1398,22247484,22247488,6,0x07,send_buffer,1
10976,1398,22247494,22247498,0,0x01,end_of_chunk,0
10977,1399,22247502,22247506,1080,0x0F,set_decoding_map,0
10978,1399,22248586,22248590,2952,0x08,audio_frame,0
10979,1399,22251542,22251546,6,0x09,silence_frame,0
10980,1399,22251552,22251556,14058,0x11,video_data_11,3
10981,1399,22265614,22265618,132,0x13,documented_unknown_13,0
10982,1399,22265750,22265754,0,0x04,start_stop_audio,0
10983,1399,22265754,22265758,6,0x07,send_buffer,1
10984,1399,22265764,22265768,0,0x01,end_of_chunk,0
10985,1400,22265772,22265776,1080,0x0F,set_decoding_map,0
10986,1400,22266856,22266860,2952,0x08,audio_frame,0
10987,1400,22269812,22269816,6,0x09,silence_frame,0
10988,1400,22269822,22269826,14068,0x11,video_data_11,3
10989,1400,22283894,22283898,132,0x13,documented_unknown_13,0
10990,1400,22284030,22284034,0,0x04,start_stop_audio,0
10991,1400,22284034,22284038,6,0x07,send_buffer,1
10992,1400,22284044,22284048,0,0x01,end_of_chunk,0
10993,1401,22284052,22284056,1080,0x0F,set_decoding_map,0
10994,1401,22285136,22285140,2952,0x08,audio_frame,0
10995,1401,22288092,22288096,6,0x09,silence_frame,0
10996,1401,22288102,22288106,14078,0x11,video_data_11,3
10997,1401,22302184,22302188,132,0x13,documented_unknown_13,0
10998,1401,22302320,22302324,0,0x04,start_stop_audio,0
10999,1401,22302324,22302328,6,0x07,send_buffer,1
11000,1401,22302334,22302338,0,0x01,end_of_chunk,0
11001,1402,22302342,22302346,1080,0x0F,set_decoding_map,0
11002,1402,22303426,22303430,2952,0x08,audio_frame,0
11003,1402,22306382,22306386,6,0x09,silence_frame,0
11004,1402,22306392,22306396,14066,0x11,video_data_11,3
11005,1402,22320462,22320466,132,0x13,documented_unknown_13,0
11006,1402,22320598,22320602,0,0x04,start_stop_audio,0
11007,1402,22320602,22320606,6,0x07,send_buffer,1
11008,1402,22320612,22320616,0,0x01,end_of_chunk,0
11009,1403,22320620,22320624,1080,0x0F,set_decoding_map,0
11010,1403,22321704,22321708,2952,0x08,audio_frame,0
11011,1403,22324660,22324664,6,0x09,silence_frame,0
11012,1403,22324670,22324674,14044,0x11,video_data_11,3
11013,1403,22338718,22338722,132,0x13,documented_unknown_13,0
11014,1403,22338854,22338858,0,0x04,start_stop_audio,0
11015,1403,22338858,22338862,6,0x07,send_buffer,1
11016,1403,22338868,22338872,0,0x01,end_of_chunk,0
11017,1404,22338876,22338880,1080,0x0F,set_decoding_map,0
11018,1404,22339960,22339964,2952,0x08,audio_frame,0
11019,1404,22342916,22342920,6,0x09,silence_frame,0
11020,1404,22342926,22342930,14042,0x11,video_data_11,3
11021,1404,22356972,22356976,132,0x13,documented_unknown_13,0
11022,1404,22357108,22357112,0,0x04,start_stop_audio,0
11023,1404,22357112,22357116,6,0x07,send_buffer,1
11024,1404,22357122,22357126,0,0x01,end_of_chunk,0
11025,1405,22357130,22357134,1080,0x0F,set_decoding_map,0
11026,1405,22358214,22358218,2952,0x08,audio_frame,0
11027,1405,22361170,22361174,6,0x09,silence_frame,0
11028,1405,22361180,22361184,14038,0x11,video_data_11,3
11029,1405,22375222,22375226,132,0x13,documented_unknown_13,0
11030,1405,22375358,22375362,0,0x04,start_stop_audio,0
11031,1405,22375362,22375366,6,0x07,send_buffer,1
11032,1405,22375372,22375376,0,0x01,end_of_chunk,0
11033,1406,22375380,22375384,1080,0x0F,set_decoding_map,0
11034,1406,22376464,22376468,2952,0x08,audio_frame,0
11035,1406,22379420,22379424,6,0x09,silence_frame,0
11036,1406,22379430,22379434,14074,0x11,video_data_11,3
11037,1406,22393508,22393512,132,0x13,documented_unknown_13,0
11038,1406,22393644,22393648,0,0x04,start_stop_audio,0
11039,1406,22393648,22393652,6,0x07,send_buffer,1
11040,1406,22393658,22393662,0,0x01,end_of_chunk,0
11041,1407,22393666,22393670,1080,0x0F,set_decoding_map,0
11042,1407,22394750,22394754,2952,0x08,audio_frame,0
11043,1407,22397706,22397710,6,0x09,silence_frame,0
11044,1407,22397716,22397720,14040,0x11,video_data_11,3
11045,1407,22411760,22411764,132,0x13,documented_unknown_13,0
11046,1407,22411896,22411900,0,0x04,start_stop_audio,0
11047,1407,22411900,22411904,6,0x07,send_buffer,1
11048,1407,22411910,22411914,0,0x01,end_of_chunk,0
11049,1408,22411918,22411922,1080,0x0F,set_decoding_map,0
11050,1408,22413002,22413006,2952,0x08,audio_frame,0
11051,1408,22415958,22415962,6,0x09,silence_frame,0
11052,1408,22415968,22415972,14052,0x11,video_data_11,3
11053,1408,22430024,22430028,132,0x13,documented_unknown_13,0
11054,1408,22430160,22430164,0,0x04,start_stop_audio,0
11055,1408,22430164,22430168,6,0x07,send_buffer,1
11056,1408,22430174,22430178,0,0x01,end_of_chunk,0
11057,1409,22430182,22430186,1080,0x0F,set_decoding_map,0
11058,1409,22431266,22431270,2952,0x08,audio_frame,0
11059,1409,22434222,22434226,6,0x09,silence_frame,0
11060,1409,22434232,22434236,14082,0x11,video_data_11,3
11061,1409,22448318,22448322,132,0x13,documented_unknown_13,0
11062,1409,22448454,22448458,0,0x04,start_stop_audio,0
11063,1409,22448458,22448462,6,0x07,send_buffer,1
11064,1409,22448468,22448472,0,0x01,end_of_chunk,0
11065,1410,22448476,22448480,1080,0x0F,set_decoding_map,0
11066,1410,22449560,22449564,2952,0x08,audio_frame,0
11067,1410,22452516,22452520,6,0x09,silence_frame,0
11068,1410,22452526,22452530,14024,0x11,video_data_11,3
11069,1410,22466554,22466558,132,0x13,documented_unknown_13,0
11070,1410,22466690,22466694,0,0x04,start_stop_audio,0
11071,1410,22466694,22466698,6,0x07,send_buffer,1
11072,1410,22466704,22466708,0,0x01,end_of_chunk,0
11073,1411,22466712,22466716,1080,0x0F,set_decoding_map,0
11074,1411,22467796,22467800,2952,0x08,audio_frame,0
11075,1411,22470752,22470756,6,0x09,silence_frame,0
11076,1411,22470762,22470766,14048,0x11,video_data_11,3
11077,1411,22484814,22484818,132,0x13,documented_unknown_13,0
11078,1411,22484950,22484954,0,0x04,start_stop_audio,0
11079,1411,22484954,22484958,6,0x07,send_buffer,1
11080,1411,22484964,22484968,0,0x01,end_of_chunk,0
11081,1412,22484972,22484976,1080,0x0F,set_decoding_map,0
11082,1412,22486056,22486060,2952,0x08,audio_frame,0
11083,1412,22489012,22489016,6,0x09,silence_frame,0
11084,1412,22489022,22489026,14026,0x11,video_data_11,3
11085,1412,22503052,22503056,132,0x13,documented_unknown_13,0
11086,1412,22503188,22503192,0,0x04,start_stop_audio,0
11087,1412,22503192,22503196,6,0x07,send_buffer,1
11088,1412,22503202,22503206,0,0x01,end_of_chunk,0
11089,1413,22503210,22503214,1080,0x0F,set_decoding_map,0
11090,1413,22504294,22504298,2932,0x08,audio_frame,0
11091,1413,22507230,22507234,6,0x09,silence_frame,0
11092,1413,22507240,22507244,14066,0x11,video_data_11,3
11093,1413,22521310,22521314,132,0x13,documented_unknown_13,0
11094,1413,22521446,22521450,0,0x04,start_stop_audio,0
11095,1413,22521450,22521454,6,0x07,send_buffer,1
11096,1413,22521460,22521464,0,0x01,end_of_chunk,0
11097,1414,22521468,22521472,1080,0x0F,set_decoding_map,0
11098,1414,22522552,22522556,2952,0x08,audio_frame,0
11099,1414,22525508,22525512,6,0x09,silence_frame,0
11100,1414,22525518,22525522,14068,0x11,video_data_11,3
11101,1414,22539590,22539594,132,0x13,documented_unknown_13,0
11102,1414,22539726,22539730,0,0x04,start_stop_audio,0
11103,1414,22539730,22539734,6,0x07,send_buffer,1
11104,1414,22539740,22539744,0,0x01,end_of_chunk,0
11105,1415,22539748,22539752,1080,0x0F,set_decoding_map,0
11106,1415,22540832,22540836,2952,0x08,audio_frame,0
11107,1415,22543788,22543792,6,0x09,silence_frame,0
11108,1415,22543798,22543802,14060,0x11,video_data_11,3
11109,1415,22557862,22557866,132,0x13,documented_unknown_13,0
11110,1415,22557998,22558002,0,0x04,start_stop_audio,0
11111,1415,22558002,22558006,6,0x07,send_buffer,1
11112,1415,22558012,22558016,0,0x01,end_of_chunk,0
11113,1416,22558020,22558024,1080,0x0F,set_decoding_map,0
11114,1416,22559104,22559108,2952,0x08,audio_frame,0
11115,1416,22562060,22562064,6,0x09,silence_frame,0
11116,1416,22562070,22562074,14040,0x11,video_data_11,3
11117,1416,22576114,22576118,132,0x13,documented_unknown_13,0
11118,1416,22576250,22576254,0,0x04,start_stop_audio,0
11119,1416,22576254,22576258,6,0x07,send_buffer,1
11120,1416,22576264,22576268,0,0x01,end_of_chunk,0
11121,1417,22576272,22576276,1080,0x0F,set_decoding_map,0
11122,1417,22577356,22577360,2952,0x08,audio_frame,0
11123,1417,22580312,22580316,6,0x09,silence_frame,0
11124,1417,22580322,22580326,14024,0x11,video_data_11,3
11125,1417,22594350,22594354,132,0x13,documented_unknown_13,0
11126,1417,22594486,22594490,0,0x04,start_stop_audio,0
11127,1417,22594490,22594494,6,0x07,send_buffer,1
11128,1417,22594500,22594504,0,0x01,end_of_chunk,0
11129,1418,22594508,22594512,1080,0x0F,set_decoding_map,0
11130,1418,22595592,22595596,2952,0x08,audio_frame,0
11131,1418,22598548,22598552,6,0x09,silence_frame,0
11132,1418,22598558,22598562,14044,0x11,video_data_11,3
11133,1418,22612606,22612610,132,0x13,documented_unknown_13,0
11134,1418,22612742,22612746,0,0x04,start_stop_audio,0
11135,1418,22612746,22612750,6,0x07,send_buffer,1
11136,1418,22612756,22612760,0,0x01,end_of_chunk,0
11137,1419,22612764,22612768,1080,0x0F,set_decoding_map,0
11138,1419,22613848,22613852,2952,0x08,audio_frame,0
11139,1419,22616804,22616808,6,0x09,silence_frame,0
11140,1419,22616814,22616818,14034,0x11,video_data_11,3
11141,1419,22630852,22630856,132,0x13,documented_unknown_13,0
11142,1419,22630988,22630992,0,0x04,start_stop_audio,0
11143,1419,22630992,22630996,6,0x07,send_buffer,1
11144,1419,22631002,22631006,0,0x01,end_of_chunk,0
11145,1420,22631010,22631014,1080,0x0F,set_decoding_map,0
11146,1420,22632094,22632098,2952,0x08,audio_frame,0
11147,1420,22635050,22635054,6,0x09,silence_frame,0
11148,1420,22635060,22635064,14048,0x11,video_data_11,3
11149,1420,22649112,22649116,132,0x13,documented_unknown_13,0
11150,1420,22649248,22649252,0,0x04,start_stop_audio,0
11151,1420,22649252,22649256,6,0x07,send_buffer,1
11152,1420,22649262,22649266,0,0x01,end_of_chunk,0
11153,1421,22649270,22649274,1080,0x0F,set_decoding_map,0
11154,1421,22650354,22650358,2952,0x08,audio_frame,0
11155,1421,22653310,22653314,6,0x09,silence_frame,0
11156,1421,22653320,22653324,14076,0x11,video_data_11,3
11157,1421,22667400,22667404,132,0x13,documented_unknown_13,0
11158,1421,22667536,22667540,0,0x04,start_stop_audio,0
11159,1421,22667540,22667544,6,0x07,send_buffer,1
11160,1421,22667550,22667554,0,0x01,end_of_chunk,0
11161,1422,22667558,22667562,1080,0x0F,set_decoding_map,0
11162,1422,22668642,22668646,2952,0x08,audio_frame,0
11163,1422,22671598,22671602,6,0x09,silence_frame,0
11164,1422,22671608,22671612,14034,0x11,video_data_11,3
11165,1422,22685646,22685650,132,0x13,documented_unknown_13,0
11166,1422,22685782,22685786,0,0x04,start_stop_audio,0
11167,1422,22685786,22685790,6,0x07,send_buffer,1
11168,1422,22685796,22685800,0,0x01,end_of_chunk,0
11169,1423,22685804,22685808,1080,0x0F,set_decoding_map,0
11170,1423,22686888,22686892,2952,0x08,audio_frame,0
11171,1423,22689844,22689848,6,0x09,silence_frame,0
11172,1423,22689854,22689858,14058,0x11,video_data_11,3
11173,1423,22703916,22703920,132,0x13,documented_unknown_13,0
11174,1423,22704052,22704056,0,0x04,start_stop_audio,0
11175,1423,22704056,22704060,6,0x07,send_buffer,1
11176,1423,22704066,22704070,0,0x01,end_of_chunk,0
11177,1424,22704074,22704078,1080,0x0F,set_decoding_map,0
11178,1424,22705158,22705162,2952,0x08,audio_frame,0
11179,1424,22708114,22708118,6,0x09,silence_frame,0
11180,1424,22708124,22708128,14050,0x11,video_data_11,3
11181,1424,22722178,22722182,132,0x13,documented_unknown_13,0
11182,1424,22722314,22722318,0,0x04,start_stop_audio,0
11183,1424,22722318,22722322,6,0x07,send_buffer,1
11184,1424,22722328,22722332,0,0x01,end_of_chunk,0
11185,1425,22722336,22722340,1080,0x0F,set_decoding_map,0
11186,1425,22723420,22723424,2952,0x08,audio_frame,0
11187,1425,22726376,22726380,6,0x09,silence_frame,0
11188,1425,22726386,22726390,14024,0x11,video_data_11,3
11189,1425,22740414,22740418,132,0x13,documented_unknown_13,0
11190,1425,22740550,22740554,0,0x04,start_stop_audio,0
11191,1425,22740554,22740558,6,0x07,send_buffer,1
11192,1425,22740564,22740568,0,0x01,end_of_chunk,0
11193,1426,22740572,22740576,1080,0x0F,set_decoding_map,0
11194,1426,22741656,22741660,2952,0x08,audio_frame,0
11195,1426,22744612,22744616,6,0x09,silence_frame,0
11196,1426,22744622,22744626,14052,0x11,video_data_11,3
11197,1426,22758678,22758682,132,0x13,documented_unknown_13,0
11198,1426,22758814,22758818,0,0x04,start_stop_audio,0
11199,1426,22758818,22758822,6,0x07,send_buffer,1
11200,1426,22758828,22758832,0,0x01,end_of_chunk,0
11201,1427,22758836,22758840,1080,0x0F,set_decoding_map,0
11202,1427,22759920,22759924,2952,0x08,audio_frame,0
11203,1427,22762876,22762880,6,0x09,silence_frame,0
11204,1427,22762886,22762890,14026,0x11,video_data_11,3
11205,1427,22776916,22776920,132,0x13,documented_unknown_13,0
11206,1427,22777052,22777056,0,0x04,start_stop_audio,0
11207,1427,22777056,22777060,6,0x07,send_buffer,1
11208,1427,22777066,22777070,0,0x01,end_of_chunk,0
11209,1428,22777074,22777078,1080,0x0F,set_decoding_map,0
11210,1428,22778158,22778162,2932,0x08,audio_frame,0
11211,1428,22781094,22781098,6,0x09,silence_frame,0
11212,1428,22781104,22781108,14026,0x11,video_data_11,3
11213,1428,22795134,22795138,132,0x13,documented_unknown_13,0
11214,1428,22795270,22795274,0,0x04,start_stop_audio,0
11215,1428,22795274,22795278,6,0x07,send_buffer,1
11216,1428,22795284,22795288,0,0x01,end_of_chunk,0
11217,1429,22795292,22795296,1080,0x0F,set_decoding_map,0
11218,1429,22796376,22796380,2952,0x08,audio_frame,0
11219,1429,22799332,22799336,6,0x09,silence_frame,0
11220,1429,22799342,22799346,14064,0x11,video_data_11,3
11221,1429,22813410,22813414,132,0x13,documented_unknown_13,0
11222,1429,22813546,22813550,0,0x04,start_stop_audio,0
11223,1429,22813550,22813554,6,0x07,send_buffer,1
11224,1429,22813560,22813564,0,0x01,end_of_chunk,0
11225,1430,22813568,22813572,1080,0x0F,set_decoding_map,0
11226,1430,22814652,22814656,2952,0x08,audio_frame,0
11227,1430,22817608,22817612,6,0x09,silence_frame,0
11228,1430,22817618,22817622,14070,0x11,video_data_11,3
11229,1430,22831692,22831696,132,0x13,documented_unknown_13,0
11230,1430,22831828,22831832,0,0x04,start_stop_audio,0
11231,1430,22831832,22831836,6,0x07,send_buffer,1
11232,1430,22831842,22831846,0,0x01,end_of_chunk,0
11233,1431,22831850,22831854,1080,0x0F,set_decoding_map,0
11234,1431,22832934,22832938,2952,0x08,audio_frame,0
11235,1431,22835890,22835894,6,0x09,silence_frame,0
11236,1431,22835900,22835904,14076,0x11,video_data_11,3
11237,1431,22849980,22849984,132,0x13,documented_unknown_13,0
11238,1431,22850116,22850120,0,0x04,start_stop_audio,0
11239,1431,22850120,22850124,6,0x07,send_buffer,1
11240,1431,22850130,22850134,0,0x01,end_of_chunk,0
11241,1432,22850138,22850142,1080,0x0F,set_decoding_map,0
11242,1432,22851222,22851226,2952,0x08,audio_frame,0
11243,1432,22854178,22854182,6,0x09,silence_frame,0
11244,1432,22854188,22854192,14052,0x11,video_data_11,3
11245,1432,22868244,22868248,132,0x13,documented_unknown_13,0
11246,1432,22868380,22868384,0,0x04,start_stop_audio,0
11247,1432,22868384,22868388,6,0x07,send_buffer,1
11248,1432,22868394,22868398,0,0x01,end_of_chunk,0
11249,1433,22868402,22868406,1080,0x0F,set_decoding_map,0
11250,1433,22869486,22869490,2952,0x08,audio_frame,0
11251,1433,22872442,22872446,6,0x09,silence_frame,0
11252,1433,22872452,22872456,14038,0x11,video_data_11,3
11253,1433,22886494,22886498,132,0x13,documented_unknown_13,0
11254,1433,22886630,22886634,0,0x04,start_stop_audio,0
11255,1433,22886634,22886638,6,0x07,send_buffer,1
11256,1433,22886644,22886648,0,0x01,end_of_chunk,0
11257,1434,22886652,22886656,1080,0x0F,set_decoding_map,0
11258,1434,22887736,22887740,2952,0x08,audio_frame,0
11259,1434,22890692,22890696,6,0x09,silence_frame,0
11260,1434,22890702,22890706,14062,0x11,video_data_11,3
11261,1434,22904768,22904772,132,0x13,documented_unknown_13,0
11262,1434,22904904,22904908,0,0x04,start_stop_audio,0
11263,1434,22904908,22904912,6,0x07,send_buffer,1
11264,1434,22904918,22904922,0,0x01,end_of_chunk,0
11265,1435,22904926,22904930,1080,0x0F,set_decoding_map,0
11266,1435,22906010,22906014,2952,0x08,audio_frame,0
11267,1435,22908966,22908970,6,0x09,silence_frame,0
11268,1435,22908976,22908980,14070,0x11,video_data_11,3
11269,1435,22923050,22923054,132,0x13,documented_unknown_13,0
11270,1435,22923186,22923190,0,0x04,start_stop_audio,0
11271,1435,22923190,22923194,6,0x07,send_buffer,1
11272,1435,22923200,22923204,0,0x01,end_of_chunk,0
11273,1436,22923208,22923212,1080,0x0F,set_decoding_map,0
11274,1436,22924292,22924296,2952,0x08,audio_frame,0
11275,1436,22927248,22927252,6,0x09,silence_frame,0
11276,1436,22927258,22927262,14042,0x11,video_data_11,3
11277,1436,22941304,22941308,132,0x13,documented_unknown_13,0
11278,1436,22941440,22941444,0,0x04,start_stop_audio,0
11279,1436,22941444,22941448,6,0x07,send_buffer,1
11280,1436,22941454,22941458,0,0x01,end_of_chunk,0
11281,1437,22941462,22941466,1080,0x0F,set_decoding_map,0
11282,1437,22942546,22942550,2952,0x08,audio_frame,0
11283,1437,22945502,22945506,6,0x09,silence_frame,0
11284,1437,22945512,22945516,14062,0x11,video_data_11,3
11285,1437,22959578,22959582,132,0x13,documented_unknown_13,0
11286,1437,22959714,22959718,0,0x04,start_stop_audio,0
11287,1437,22959718,22959722,6,0x07,send_buffer,1
11288,1437,22959728,22959732,0,0x01,end_of_chunk,0
11289,1438,22959736,22959740,1080,0x0F,set_decoding_map,0
11290,1438,22960820,22960824,2952,0x08,audio_frame,0
11291,1438,22963776,22963780,6,0x09,silence_frame,0
11292,1438,22963786,22963790,14044,0x11,video_data_11,3
11293,1438,22977834,22977838,132,0x13,documented_unknown_13,0
11294,1438,22977970,22977974,0,0x04,start_stop_audio,0
11295,1438,22977974,22977978,6,0x07,send_buffer,1
11296,1438,22977984,22977988,0,0x01,end_of_chunk,0
11297,1439,22977992,22977996,1080,0x0F,set_decoding_map,0
11298,1439,22979076,22979080,2952,0x08,audio_frame,0
11299,1439,22982032,22982036,6,0x09,silence_frame,0
11300,1439,22982042,22982046,14028,0x11,video_data_11,3
11301,1439,22996074,22996078,132,0x13,documented_unknown_13,0
11302,1439,22996210,22996214,0,0x04,start_stop_audio,0
11303,1439,22996214,22996218,6,0x07,send_buffer,1
11304,1439,22996224,22996228,0,0x01,end_of_chunk,0
11305,1440,22996232,22996236,1080,0x0F,set_decoding_map,0
11306,1440,22997316,22997320,2952,0x08,audio_frame,0
11307,1440,23000272,23000276,6,0x09,silence_frame,0
11308,1440,23000282,23000286,14026,0x11,video_data_11,3
11309,1440,23014312,23014316,132,0x13,documented_unknown_13,0
11310,1440,23014448,23014452,0,0x04,start_stop_audio,0
11311,1440,23014452,23014456,6,0x07,send_buffer,1
11312,1440,23014462,23014466,0,0x01,end_of_chunk,0
11313,1441,23014470,23014474,1080,0x0F,set_decoding_map,0
11314,1441,23015554,23015558,2952,0x08,audio_frame,0
11315,1441,23018510,23018514,6,0x09,silence_frame,0
11316,1441,23018520,23018524,14066,0x11,video_data_11,3
11317,1441,23032590,23032594,132,0x13,documented_unknown_13,0
11318,1441,23032726,23032730,0,0x04,start_stop_audio,0
11319,1441,23032730,23032734,6,0x07,send_buffer,1
11320,1441,23032740,23032744,0,0x01,end_of_chunk,0
11321,1442,23032748,23032752,1080,0x0F,set_decoding_map,0
11322,1442,23033832,23033836,2952,0x08,audio_frame,0
11323,1442,23036788,23036792,6,0x09,silence_frame,0
11324,1442,23036798,23036802,14022,0x11,video_data_11,3
11325,1442,23050824,23050828,132,0x13,documented_unknown_13,0
11326,1442,23050960,23050964,0,0x04,start_stop_audio,0
11327,1442,23050964,23050968,6,0x07,send_buffer,1
11328,1442,23050974,23050978,0,0x01,end_of_chunk,0
11329,1443,23050982,23050986,1080,0x0F,set_decoding_map,0
11330,1443,23052066,23052070,2932,0x08,audio_frame,0
11331,1443,23055002,23055006,6,0x09,silence_frame,0
11332,1443,23055012,23055016,14028,0x11,video_data_11,3
11333,1443,23069044,23069048,132,0x13,documented_unknown_13,0
11334,1443,23069180,23069184,0,0x04,start_stop_audio,0
11335,1443,23069184,23069188,6,0x07,send_buffer,1
11336,1443,23069194,23069198,0,0x01,end_of_chunk,0
11337,1444,23069202,23069206,1080,0x0F,set_decoding_map,0
11338,1444,23070286,23070290,2952,0x08,audio_frame,0
11339,1444,23073242,23073246,6,0x09,silence_frame,0
11340,1444,23073252,23073256,14028,0x11,video_data_11,3
11341,1444,23087284,23087288,132,0x13,documented_unknown_13,0
11342,1444,23087420,23087424,0,0x04,start_stop_audio,0
11343,1444,23087424,23087428,6,0x07,send_buffer,1
11344,1444,23087434,23087438,0,0x01,end_of_chunk,0
11345,1445,23087442,23087446,1080,0x0F,set_decoding_map,0
11346,1445,23088526,23088530,2952,0x08,audio_frame,0
11347,1445,23091482,23091486,6,0x09,silence_frame,0
11348,1445,23091492,23091496,14026,0x11,video_data_11,3
11349,1445,23105522,23105526,132,0x13,documented_unknown_13,0
11350,1445,23105658,23105662,0,0x04,start_stop_audio,0
11351,1445,23105662,23105666,6,0x07,send_buffer,1
11352,1445,23105672,23105676,0,0x01,end_of_chunk,0
11353,1446,23105680,23105684,1080,0x0F,set_decoding_map,0
11354,1446,23106764,23106768,2952,0x08,audio_frame,0
11355,1446,23109720,23109724,6,0x09,silence_frame,0
11356,1446,23109730,23109734,14064,0x11,video_data_11,3
11357,1446,23123798,23123802,132,0x13,documented_unknown_13,0
11358,1446,23123934,23123938,0,0x04,start_stop_audio,0
11359,1446,23123938,23123942,6,0x07,send_buffer,1
11360,1446,23123948,23123952,0,0x01,end_of_chunk,0
11361,1447,23123956,23123960,1080,0x0F,set_decoding_map,0
11362,1447,23125040,23125044,2952,0x08,audio_frame,0
11363,1447,23127996,23128000,6,0x09,silence_frame,0
11364,1447,23128006,23128010,14038,0x11,video_data_11,3
11365,1447,23142048,23142052,132,0x13,documented_unknown_13,0
11366,1447,23142184,23142188,0,0x04,start_stop_audio,0
11367,1447,23142188,23142192,6,0x07,send_buffer,1
11368,1447,23142198,23142202,0,0x01,end_of_chunk,0
11369,1448,23142206,23142210,1080,0x0F,set_decoding_map,0
11370,1448,23143290,23143294,2952,0x08,audio_frame,0
11371,1448,23146246,23146250,6,0x09,silence_frame,0
11372,1448,23146256,23146260,14054,0x11,video_data_11,3
11373,1448,23160314,23160318,132,0x13,documented_unknown_13,0
11374,1448,23160450,23160454,0,0x04,start_stop_audio,0
11375,1448,23160454,23160458,6,0x07,send_buffer,1
11376,1448,23160464,23160468,0,0x01,end_of_chunk,0
11377,1449,23160472,23160476,1080,0x0F,set_decoding_map,0
11378,1449,23161556,23161560,2952,0x08,audio_frame,0
11379,1449,23164512,23164516,6,0x09,silence_frame,0
11380,1449,23164522,23164526,14030,0x11,video_data_11,3
11381,1449,23178556,23178560,132,0x13,documented_unknown_13,0
11382,1449,23178692,23178696,0,0x04,start_stop_audio,0
11383,1449,23178696,23178700,6,0x07,send_buffer,1
11384,1449,23178706,23178710,0,0x01,end_of_chunk,0
11385,1450,23178714,23178718,1080,0x0F,set_decoding_map,0
11386,1450,23179798,23179802,2952,0x08,audio_frame,0
11387,1450,23182754,23182758,6,0x09,silence_frame,0
11388,1450,23182764,23182768,14034,0x11,video_data_11,3
11389,1450,23196802,23196806,132,0x13,documented_unknown_13,0
11390,1450,23196938,23196942,0,0x04,start_stop_audio,0
11391,1450,23196942,23196946,6,0x07,send_buffer,1
11392,1450,23196952,23196956,0,0x01,end_of_chunk,0
11393,1451,23196960,23196964,1080,0x0F,set_decoding_map,0
11394,1451,23198044,23198048,2952,0x08,audio_frame,0
11395,1451,23201000,23201004,6,0x09,silence_frame,0
11396,1451,23201010,23201014,14066,0x11,video_data_11,3
11397,1451,23215080,23215084,132,0x13,documented_unknown_13,0
11398,1451,23215216,23215220,0,0x04,start_stop_audio,0
11399,1451,23215220,23215224,6,0x07,send_buffer,1
11400,1451,23215230,23215234,0,0x01,end_of_chunk,0
11401,1452,23215238,23215242,1080,0x0F,set_decoding_map,0
11402,1452,23216322,23216326,2952,0x08,audio_frame,0
11403,1452,23219278,23219282,6,0x09,silence_frame,0
11404,1452,23219288,23219292,14022,0x11,video_data_11,3
11405,1452,23233314,23233318,132,0x13,documented_unknown_13,0
11406,1452,23233450,23233454,0,0x04,start_stop_audio,0
11407,1452,23233454,23233458,6,0x07,send_buffer,1
11408,1452,23233464,23233468,0,0x01,end_of_chunk,0
11409,1453,23233472,23233476,1080,0x0F,set_decoding_map,0
11410,1453,23234556,23234560,2952,0x08,audio_frame,0
11411,1453,23237512,23237516,6,0x09,silence_frame,0
11412,1453,23237522,23237526,14080,0x11,video_data_11,3
11413,1453,23251606,23251610,132,0x13,documented_unknown_13,0
11414,1453,23251742,23251746,0,0x04,start_stop_audio,0
11415,1453,23251746,23251750,6,0x07,send_buffer,1
11416,1453,23251756,23251760,0,0x01,end_of_chunk,0
11417,1454,23251764,23251768,1080,0x0F,set_decoding_map,0
11418,1454,23252848,23252852,2952,0x08,audio_frame,0
11419,1454,23255804,23255808,6,0x09,silence_frame,0
11420,1454,23255814,23255818,14080,0x11,video_data_11,3
11421,1454,23269898,23269902,132,0x13,documented_unknown_13,0
11422,1454,23270034,23270038,0,0x04,start_stop_audio,0
11423,1454,23270038,23270042,6,0x07,send_buffer,1
11424,1454,23270048,23270052,0,0x01,end_of_chunk,0
11425,1455,23270056,23270060,1080,0x0F,set_decoding_map,0
11426,1455,23271140,23271144,2952,0x08,audio_frame,0
11427,1455,23274096,23274100,6,0x09,silence_frame,0
11428,1455,23274106,23274110,14048,0x11,video_data_11,3
11429,1455,23288158,23288162,132,0x13,documented_unknown_13,0
11430,1455,23288294,23288298,0,0x04,start_stop_audio,0
11431,1455,23288298,23288302,6,0x07,send_buffer,1
11432,1455,23288308,23288312,0,0x01,end_of_chunk,0
11433,1456,23288316,23288320,1080,0x0F,set_decoding_map,0
11434,1456,23289400,23289404,2952,0x08,audio_frame,0
11435,1456,23292356,23292360,6,0x09,silence_frame,0
11436,1456,23292366,23292370,14026,0x11,video_data_11,3
11437,1456,23306396,23306400,132,0x13,documented_unknown_13,0
11438,1456,23306532,23306536,0,0x04,start_stop_audio,0
11439,1456,23306536,23306540,6,0x07,send_buffer,1
11440,1456,23306546,23306550,0,0x01,end_of_chunk,0
11441,1457,23306554,23306558,1080,0x0F,set_decoding_map,0
11442,1457,23307638,23307642,2952,0x08,audio_frame,0
11443,1457,23310594,23310598,6,0x09,silence_frame,0
11444,1457,23310604,23310608,14032,0x11,video_data_11,3
11445,1457,23324640,23324644,132,0x13,documented_unknown_13,0
11446,1457,23324776,23324780,0,0x04,start_stop_audio,0
11447,1457,23324780,23324784,6,0x07,send_buffer,1
11448,1457,23324790,23324794,0,0x01,end_of_chunk,0
11449,1458,23324798,23324802,1080,0x0F,set_decoding_map,0
11450,1458,23325882,23325886,2932,0x08,audio_frame,0
11451,1458,23328818,23328822,6,0x09,silence_frame,0
11452,1458,23328828,23328832,14078,0x11,video_data_11,3
11453,1458,23342910,23342914,132,0x13,documented_unknown_13,0
11454,1458,23343046,23343050,0,0x04,start_stop_audio,0
11455,1458,23343050,23343054,6,0x07,send_buffer,1
11456,1458,23343060,23343064,0,0x01,end_of_chunk,0
11457,1459,23343068,23343072,1080,0x0F,set_decoding_map,0
11458,1459,23344152,23344156,2952,0x08,audio_frame,0
11459,1459,23347108,23347112,6,0x09,silence_frame,0
11460,1459,23347118,23347122,14032,0x11,video_data_11,3
11461,1459,23361154,23361158,132,0x13,documented_unknown_13,0
11462,1459,23361290,23361294,0,0x04,start_stop_audio,0
11463,1459,23361294,23361298,6,0x07,send_buffer,1
11464,1459,23361304,23361308,0,0x01,end_of_chunk,0
11465,1460,23361312,23361316,1080,0x0F,set_decoding_map,0
11466,1460,23362396,23362400,2952,0x08,audio_frame,0
11467,1460,23365352,23365356,6,0x09,silence_frame,0
11468,1460,23365362,23365366,14046,0x11,video_data_11,3
11469,1460,23379412,23379416,132,0x13,documented_unknown_13,0
11470,1460,23379548,23379552,0,0x04,start_stop_audio,0
11471,1460,23379552,23379556,6,0x07,send_buffer,1
11472,1460,23379562,23379566,0,0x01,end_of_chunk,0
11473,1461,23379570,23379574,1080,0x0F,set_decoding_map,0
11474,1461,23380654,23380658,2952,0x08,audio_frame,0
11475,1461,23383610,23383614,6,0x09,silence_frame,0
11476,1461,23383620,23383624,14066,0x11,video_data_11,3
11477,1461,23397690,23397694,132,0x13,documented_unknown_13,0
11478,1461,23397826,23397830,0,0x04,start_stop_audio,0
11479,1461,23397830,23397834,6,0x07,send_buffer,1
11480,1461,23397840,23397844,0,0x01,end_of_chunk,0
11481,1462,23397848,23397852,1080,0x0F,set_decoding_map,0
11482,1462,23398932,23398936,2952,0x08,audio_frame,0
11483,1462,23401888,23401892,6,0x09,silence_frame,0
11484,1462,23401898,23401902,14026,0x11,video_data_11,3
11485,1462,23415928,23415932,132,0x13,documented_unknown_13,0
11486,1462,23416064,23416068,0,0x04,start_stop_audio,0
11487,1462,23416068,23416072,6,0x07,send_buffer,1
11488,1462,23416078,23416082,0,0x01,end_of_chunk,0
11489,1463,23416086,23416090,1080,0x0F,set_decoding_map,0
11490,1463,23417170,23417174,2952,0x08,audio_frame,0
11491,1463,23420126,23420130,6,0x09,silence_frame,0
11492,1463,23420136,23420140,14054,0x11,video_data_11,3
11493,1463,23434194,23434198,132,0x13,documented_unknown_13,0
11494,1463,23434330,23434334,0,0x04,start_stop_audio,0
11495,1463,23434334,23434338,6,0x07,send_buffer,1
11496,1463,23434344,23434348,0,0x01,end_of_chunk,0
11497,1464,23434352,23434356,1080,0x0F,set_decoding_map,0
11498,1464,23435436,23435440,2952,0x08,audio_frame,0
11499,1464,23438392,23438396,6,0x09,silence_frame,0
11500,1464,23438402,23438406,14040,0x11,video_data_11,3
11501,1464,23452446,23452450,132,0x13,documented_unknown_13,0
11502,1464,23452582,23452586,0,0x04,start_stop_audio,0
11503,1464,23452586,23452590,6,0x07,send_buffer,1
11504,1464,23452596,23452600,0,0x01,end_of_chunk,0
11505,1465,23452604,23452608,1080,0x0F,set_decoding_map,0
11506,1465,23453688,23453692,2952,0x08,audio_frame,0
11507,1465,23456644,23456648,6,0x09,silence_frame,0
11508,1465,23456654,23456658,14066,0x11,video_data_11,3
11509,1465,23470724,23470728,132,0x13,documented_unknown_13,0
11510,1465,23470860,23470864,0,0x04,start_stop_audio,0
11511,1465,23470864,23470868,6,0x07,send_buffer,1
11512,1465,23470874,23470878,0,0x01,end_of_chunk,0
11513,1466,23470882,23470886,1080,0x0F,set_decoding_map,0
11514,1466,23471966,23471970,2952,0x08,audio_frame,0
11515,1466,23474922,23474926,6,0x09,silence_frame,0
11516,1466,23474932,23474936,14022,0x11,video_data_11,3
11517,1466,23488958,23488962,132,0x13,documented_unknown_13,0
11518,1466,23489094,23489098,0,0x04,start_stop_audio,0
11519,1466,23489098,23489102,6,0x07,send_buffer,1
11520,1466,23489108,23489112,0,0x01,end_of_chunk,0
11521,1467,23489116,23489120,1080,0x0F,set_decoding_map,0
11522,1467,23490200,23490204,2952,0x08,audio_frame,0
11523,1467,23493156,23493160,6,0x09,silence_frame,0
11524,1467,23493166,23493170,14070,0x11,video_data_11,3
11525,1467,23507240,23507244,132,0x13,documented_unknown_13,0
11526,1467,23507376,23507380,0,0x04,start_stop_audio,0
11527,1467,23507380,23507384,6,0x07,send_buffer,1
11528,1467,23507390,23507394,0,0x01,end_of_chunk,0
11529,1468,23507398,23507402,1080,0x0F,set_decoding_map,0
11530,1468,23508482,23508486,2952,0x08,audio_frame,0
11531,1468,23511438,23511442,6,0x09,silence_frame,0
11532,1468,23511448,23511452,14040,0x11,video_data_11,3
11533,1468,23525492,23525496,132,0x13,documented_unknown_13,0
11534,1468,23525628,23525632,0,0x04,start_stop_audio,0
11535,1468,23525632,23525636,6,0x07,send_buffer,1
11536,1468,23525642,23525646,0,0x01,end_of_chunk,0
11537,1469,23525650,23525654,1080,0x0F,set_decoding_map,0
11538,1469,23526734,23526738,2952,0x08,audio_frame,0
11539,1469,23529690,23529694,6,0x09,silence_frame,0
11540,1469,23529700,23529704,14022,0x11,video_data_11,3
11541,1469,23543726,23543730,132,0x13,documented_unknown_13,0
11542,1469,23543862,23543866,0,0x04,start_stop_audio,0
11543,1469,23543866,23543870,6,0x07,send_buffer,1
11544,1469,23543876,23543880,0,0x01,end_of_chunk,0
11545,1470,23543884,23543888,1080,0x0F,set_decoding_map,0
11546,1470,23544968,23544972,2952,0x08,audio_frame,0
11547,1470,23547924,23547928,6,0x09,silence_frame,0
11548,1470,23547934,23547938,14028,0x11,video_data_11,3
11549,1470,23561966,23561970,132,0x13,documented_unknown_13,0
11550,1470,23562102,23562106,0,0x04,start_stop_audio,0
11551,1470,23562106,23562110,6,0x07,send_buffer,1
11552,1470,23562116,23562120,0,0x01,end_of_chunk,0
11553,1471,23562124,23562128,1080,0x0F,set_decoding_map,0
11554,1471,23563208,23563212,2952,0x08,audio_frame,0
11555,1471,23566164,23566168,6,0x09,silence_frame,0
11556,1471,23566174,23566178,14022,0x11,video_data_11,3
11557,1471,23580200,23580204,132,0x13,documented_unknown_13,0
11558,1471,23580336,23580340,0,0x04,start_stop_audio,0
11559,1471,23580340,23580344,6,0x07,send_buffer,1
11560,1471,23580350,23580354,0,0x01,end_of_chunk,0
11561,1472,23580358,23580362,1080,0x0F,set_decoding_map,0
11562,1472,23581442,23581446,2952,0x08,audio_frame,0
11563,1472,23584398,23584402,6,0x09,silence_frame,0
11564,1472,23584408,23584412,14022,0x11,video_data_11,3
11565,1472,23598434,23598438,132,0x13,documented_unknown_13,0
11566,1472,23598570,23598574,0,0x04,start_stop_audio,0
11567,1472,23598574,23598578,6,0x07,send_buffer,1
11568,1472,23598584,23598588,0,0x01,end_of_chunk,0
11569,1473,23598592,23598596,1080,0x0F,set_decoding_map,0
11570,1473,23599676,23599680,2932,0x08,audio_frame,0
11571,1473,23602612,23602616,6,0x09,silence_frame,0
11572,1473,23602622,23602626,14024,0x11,video_data_11,3
11573,1473,23616650,23616654,132,0x13,documented_unknown_13,0
11574,1473,23616786,23616790,0,0x04,start_stop_audio,0
11575,1473,23616790,23616794,6,0x07,send_buffer,1
11576,1473,23616800,23616804,0,0x01,end_of_chunk,0
11577,1474,23616808,23616812,1080,0x0F,set_decoding_map,0
11578,1474,23617892,23617896,2952,0x08,audio_frame,0
11579,1474,23620848,23620852,6,0x09,silence_frame,0
11580,1474,23620858,23620862,14026,0x11,video_data_11,3
11581,1474,23634888,23634892,132,0x13,documented_unknown_13,0
11582,1474,23635024,23635028,0,0x04,start_stop_audio,0
11583,1474,23635028,23635032,6,0x07,send_buffer,1
11584,1474,23635038,23635042,0,0x01,end_of_chunk,0
11585,1475,23635046,23635050,1080,0x0F,set_decoding_map,0
11586,1475,23636130,23636134,2952,0x08,audio_frame,0
11587,1475,23639086,23639090,6,0x09,silence_frame,0
11588,1475,23639096,23639100,14060,0x11,video_data_11,3
11589,1475,23653160,23653164,132,0x13,documented_unknown_13,0
11590,1475,23653296,23653300,0,0x04,start_stop_audio,0
11591,1475,23653300,23653304,6,0x07,send_buffer,1
11592,1475,23653310,23653314,0,0x01,end_of_chunk,0
11593,1476,23653318,23653322,1080,0x0F,set_decoding_map,0
11594,1476,23654402,23654406,2952,0x08,audio_frame,0
11595,1476,23657358,23657362,6,0x09,silence_frame,0
11596,1476,23657368,23657372,14022,0x11,video_data_11,3
11597,1476,23671394,23671398,132,0x13,documented_unknown_13,0
11598,1476,23671530,23671534,0,0x04,start_stop_audio,0
11599,1476,23671534,23671538,6,0x07,send_buffer,1
11600,1476,23671544,23671548,0,0x01,end_of_chunk,0
11601,1477,23671552,23671556,1080,0x0F,set_decoding_map,0
11602,1477,23672636,23672640,2952,0x08,audio_frame,0
11603,1477,23675592,23675596,6,0x09,silence_frame,0
11604,1477,23675602,23675606,14028,0x11,video_data_11,3
11605,1477,23689634,23689638,132,0x13,documented_unknown_13,0
11606,1477,23689770,23689774,0,0x04,start_stop_audio,0
11607,1477,23689774,23689778,6,0x07,send_buffer,1
11608,1477,23689784,23689788,0,0x01,end_of_chunk,0
11609,1478,23689792,23689796,1080,0x0F,set_decoding_map,0
11610,1478,23690876,23690880,2952,0x08,audio_frame,0
11611,1478,23693832,23693836,6,0x09,silence_frame,0
11612,1478,23693842,23693846,14050,0x11,video_data_11,3
11613,1478,23707896,23707900,132,0x13,documented_unknown_13,0
11614,1478,23708032,23708036,0,0x04,start_stop_audio,0
11615,1478,23708036,23708040,6,0x07,send_buffer,1
11616,1478,23708046,23708050,0,0x01,end_of_chunk,0
11617,1479,23708054,23708058,1080,0x0F,set_decoding_map,0
11618,1479,23709138,23709142,2952,0x08,audio_frame,0
11619,1479,23712094,23712098,6,0x09,silence_frame,0
11620,1479,23712104,23712108,14042,0x11,video_data_11,3
11621,1479,23726150,23726154,132,0x13,documented_unknown_13,0
11622,1479,23726286,23726290,0,0x04,start_stop_audio,0
11623,1479,23726290,23726294,6,0x07,send_buffer,1
11624,1479,23726300,23726304,0,0x01,end_of_chunk,0
11625,1480,23726308,23726312,1080,0x0F,set_decoding_map,0
11626,1480,23727392,23727396,2952,0x08,audio_frame,0
11627,1480,23730348,23730352,6,0x09,silence_frame,0
11628,1480,23730358,23730362,14032,0x11,video_data_11,3
11629,1480,23744394,23744398,132,0x13,documented_unknown_13,0
11630,1480,23744530,23744534,0,0x04,start_stop_audio,0
11631,1480,23744534,23744538,6,0x07,send_buffer,1
11632,1480,23744544,23744548,0,0x01,end_of_chunk,0
11633,1481,23744552,23744556,1080,0x0F,set_decoding_map,0
11634,1481,23745636,23745640,2952,0x08,audio_frame,0
11635,1481,23748592,23748596,6,0x09,silence_frame,0
11636,1481,23748602,23748606,14022,0x11,video_data_11,3
11637,1481,23762628,23762632,132,0x13,documented_unknown_13,0
11638,1481,23762764,23762768,0,0x04,start_stop_audio,0
11639,1481,23762768,23762772,6,0x07,send_buffer,1
11640,1481,23762778,23762782,0,0x01,end_of_chunk,0
11641,1482,23762786,23762790,1080,0x0F,set_decoding_map,0
11642,1482,23763870,23763874,2952,0x08,audio_frame,0
11643,1482,23766826,23766830,6,0x09,silence_frame,0
11644,1482,23766836,23766840,14022,0x11,video_data_11,3
11645,1482,23780862,23780866,132,0x13,documented_unknown_13,0
11646,1482,23780998,23781002,0,0x04,start_stop_audio,0
11647,1482,23781002,23781006,6,0x07,send_buffer,1
11648,1482,23781012,23781016,0,0x01,end_of_chunk,0
11649,1483,23781020,23781024,1080,0x0F,set_decoding_map,0
11650,1483,23782104,23782108,2952,0x08,audio_frame,0
11651,1483,23785060,23785064,6,0x09,silence_frame,0
11652,1483,23785070,23785074,14026,0x11,video_data_11,3
11653,1483,23799100,23799104,132,0x13,documented_unknown_13,0
11654,1483,23799236,23799240,0,0x04,start_stop_audio,0
11655,1483,23799240,23799244,6,0x07,send_buffer,1
11656,1483,23799250,23799254,0,0x01,end_of_chunk,0
11657,1484,23799258,23799262,1080,0x0F,set_decoding_map,0
11658,1484,23800342,23800346,2952,0x08,audio_frame,0
11659,1484,23803298,23803302,6,0x09,silence_frame,0
11660,1484,23803308,23803312,14044,0x11,video_data_11,3
11661,1484,23817356,23817360,132,0x13,documented_unknown_13,0
11662,1484,23817492,23817496,0,0x04,start_stop_audio,0
11663,1484,23817496,23817500,6,0x07,send_buffer,1
11664,1484,23817506,23817510,0,0x01,end_of_chunk,0
11665,1485,23817514,23817518,1080,0x0F,set_decoding_map,0
11666,1485,23818598,23818602,2952,0x08,audio_frame,0
11667,1485,23821554,23821558,6,0x09,silence_frame,0
11668,1485,23821564,23821568,14022,0x11,video_data_11,3
11669,1485,23835590,23835594,132,0x13,documented_unknown_13,0
11670,1485,23835726,23835730,0,0x04,start_stop_audio,0
11671,1485,23835730,23835734,6,0x07,send_buffer,1
11672,1485,23835740,23835744,0,0x01,end_of_chunk,0
11673,1486,23835748,23835752,1080,0x0F,set_decoding_map,0
11674,1486,23836832,23836836,2952,0x08,audio_frame,0
11675,1486,23839788,23839792,6,0x09,silence_frame,0
11676,1486,23839798,23839802,14024,0x11,video_data_11,3
11677,1486,23853826,23853830,132,0x13,documented_unknown_13,0
11678,1486,23853962,23853966,0,0x04,start_stop_audio,0
11679,1486,23853966,23853970,6,0x07,send_buffer,1
11680,1486,23853976,23853980,0,0x01,end_of_chunk,0
11681,1487,23853984,23853988,1080,0x0F,set_decoding_map,0
11682,1487,23855068,23855072,2952,0x08,audio_frame,0
11683,1487,23858024,23858028,6,0x09,silence_frame,0
11684,1487,23858034,23858038,14040,0x11,video_data_11,3
11685,1487,23872078,23872082,132,0x13,documented_unknown_13,0
11686,1487,23872214,23872218,0,0x04,start_stop_audio,0
11687,1487,23872218,23872222,6,0x07,send_buffer,1
11688,1487,23872228,23872232,0,0x01,end_of_chunk,0
11689,1488,23872236,23872240,1080,0x0F,set_decoding_map,0
11690,1488,23873320,23873324,2932,0x08,audio_frame,0
11691,1488,23876256,23876260,6,0x09,silence_frame,0
11692,1488,23876266,23876270,14024,0x11,video_data_11,3
11693,1488,23890294,23890298,132,0x13,documented_unknown_13,0
11694,1488,23890430,23890434,0,0x04,start_stop_audio,0
11695,1488,23890434,23890438,6,0x07,send_buffer,1
11696,1488,23890444,23890448,0,0x01,end_of_chunk,0
11697,1489,23890452,23890456,1080,0x0F,set_decoding_map,0
11698,1489,23891536,23891540,2952,0x08,audio_frame,0
11699,1489,23894492,23894496,6,0x09,silence_frame,0
11700,1489,23894502,23894506,14070,0x11,video_data_11,3
11701,1489,23908576,23908580,132,0x13,documented_unknown_13,0
11702,1489,23908712,23908716,0,0x04,start_stop_audio,0
11703,1489,23908716,23908720,6,0x07,send_buffer,1
11704,1489,23908726,23908730,0,0x01,end_of_chunk,0
11705,1490,23908734,23908738,1080,0x0F,set_decoding_map,0
11706,1490,23909818,23909822,2952,0x08,audio_frame,0
11707,1490,23912774,23912778,6,0x09,silence_frame,0
11708,1490,23912784,23912788,14034,0x11,video_data_11,3
11709,1490,23926822,23926826,132,0x13,documented_unknown_13,0
11710,1490,23926958,23926962,0,0x04,start_stop_audio,0
11711,1490,23926962,23926966,6,0x07,send_buffer,1
11712,1490,23926972,23926976,0,0x01,end_of_chunk,0
11713,1491,23926980,23926984,1080,0x0F,set_decoding_map,0
11714,1491,23928064,23928068,2952,0x08,audio_frame,0
11715,1491,23931020,23931024,6,0x09,silence_frame,0
11716,1491,23931030,23931034,14030,0x11,video_data_11,3
11717,1491,23945064,23945068,132,0x13,documented_unknown_13,0
11718,1491,23945200,23945204,0,0x04,start_stop_audio,0
11719,1491,23945204,23945208,6,0x07,send_buffer,1
11720,1491,23945214,23945218,0,0x01,end_of_chunk,0
11721,1492,23945222,23945226,1080,0x0F,set_decoding_map,0
11722,1492,23946306,23946310,2952,0x08,audio_frame,0
11723,1492,23949262,23949266,6,0x09,silence_frame,0
11724,1492,23949272,23949276,14022,0x11,video_data_11,3
11725,1492,23963298,23963302,132,0x13,documented_unknown_13,0
11726,1492,23963434,23963438,0,0x04,start_stop_audio,0
11727,1492,23963438,23963442,6,0x07,send_buffer,1
11728,1492,23963448,23963452,0,0x01,end_of_chunk,0
11729,1493,23963456,23963460,1080,0x0F,set_decoding_map,0
11730,1493,23964540,23964544,2952,0x08,audio_frame,0
11731,1493,23967496,23967500,6,0x09,silence_frame,0
11732,1493,23967506,23967510,14024,0x11,video_data_11,3
11733,1493,23981534,23981538,132,0x13,documented_unknown_13,0
11734,1493,23981670,23981674,0,0x04,start_stop_audio,0
11735,1493,23981674,23981678,6,0x07,send_buffer,1
11736,1493,23981684,23981688,0,0x01,end_of_chunk,0
11737,1494,23981692,23981696,1080,0x0F,set_decoding_map,0
11738,1494,23982776,23982780,2952,0x08,audio_frame,0
11739,1494,23985732,23985736,6,0x09,silence_frame,0
11740,1494,23985742,23985746,14026,0x11,video_data_11,3
11741,1494,23999772,23999776,132,0x13,documented_unknown_13,0
11742,1494,23999908,23999912,0,0x04,start_stop_audio,0
11743,1494,23999912,23999916,6,0x07,send_buffer,1
11744,1494,23999922,23999926,0,0x01,end_of_chunk,0
11745,1495,23999930,23999934,1080,0x0F,set_decoding_map,0
11746,1495,24001014,24001018,2952,0x08,audio_frame,0
11747,1495,24003970,24003974,6,0x09,silence_frame,0
11748,1495,24003980,24003984,14022,0x11,video_data_11,3
11749,1495,24018006,24018010,132,0x13,documented_unknown_13,0
11750,1495,24018142,24018146,0,0x04,start_stop_audio,0
11751,1495,24018146,24018150,6,0x07,send_buffer,1
11752,1495,24018156,24018160,0,0x01,end_of_chunk,0
11753,1496,24018164,24018168,1080,0x0F,set_decoding_map,0
11754,1496,24019248,24019252,2952,0x08,audio_frame,0
11755,1496,24022204,24022208,6,0x09,silence_frame,0
11756,1496,24022214,24022218,14024,0x11,video_data_11,3
11757,1496,24036242,24036246,132,0x13,documented_unknown_13,0
11758,1496,24036378,24036382,0,0x04,start_stop_audio,0
11759,1496,24036382,24036386,6,0x07,send_buffer,1
11760,1496,24036392,24036396,0,0x01,end_of_chunk,0
11761,1497,24036400,24036404,1080,0x0F,set_decoding_map,0
11762,1497,24037484,24037488,2952,0x08,audio_frame,0
11763,1497,24040440,24040444,6,0x09,silence_frame,0
11764,1497,24040450,24040454,14022,0x11,video_data_11,3
11765,1497,24054476,24054480,132,0x13,documented_unknown_13,0
11766,1497,24054612,24054616,0,0x04,start_stop_audio,0
11767,1497,24054616,24054620,6,0x07,send_buffer,1
11768,1497,24054626,24054630,0,0x01,end_of_chunk,0
11769,1498,24054634,24054638,1080,0x0F,set_decoding_map,0
11770,1498,24055718,24055722,2952,0x08,audio_frame,0
11771,1498,24058674,24058678,6,0x09,silence_frame,0
11772,1498,24058684,24058688,14026,0x11,video_data_11,3
11773,1498,24072714,24072718,132,0x13,documented_unknown_13,0
11774,1498,24072850,24072854,0,0x04,start_stop_audio,0
11775,1498,24072854,24072858,6,0x07,send_buffer,1
11776,1498,24072864,24072868,0,0x01,end_of_chunk,0
11777,1499,24072872,24072876,1080,0x0F,set_decoding_map,0
11778,1499,24073956,24073960,2952,0x08,audio_frame,0
11779,1499,24076912,24076916,6,0x09,silence_frame,0
11780,1499,24076922,24076926,14050,0x11,video_data_11,3
11781,1499,24090976,24090980,132,0x13,documented_unknown_13,0
11782,1499,24091112,24091116,0,0x04,start_stop_audio,0
11783,1499,24091116,24091120,6,0x07,send_buffer,1
11784,1499,24091126,24091130,0,0x01,end_of_chunk,0
11785,1500,24091134,24091138,1080,0x0F,set_decoding_map,0
11786,1500,24092218,24092222,2952,0x08,audio_frame,0
11787,1500,24095174,24095178,6,0x09,silence_frame,0
11788,1500,24095184,24095188,14036,0x11,video_data_11,3
11789,1500,24109224,24109228,132,0x13,documented_unknown_13,0
11790,1500,24109360,24109364,0,0x04,start_stop_audio,0
11791,1500,24109364,24109368,6,0x07,send_buffer,1
11792,1500,24109374,24109378,0,0x01,end_of_chunk,0
11793,1501,24109382,24109386,1080,0x0F,set_decoding_map,0
11794,1501,24110466,24110470,2952,0x08,audio_frame,0
11795,1501,24113422,24113426,6,0x09,silence_frame,0
11796,1501,24113432,24113436,14036,0x11,video_data_11,3
11797,1501,24127472,24127476,132,0x13,documented_unknown_13,0
11798,1501,24127608,24127612,0,0x04,start_stop_audio,0
11799,1501,24127612,24127616,6,0x07,send_buffer,1
11800,1501,24127622,24127626,0,0x01,end_of_chunk,0
11801,1502,24127630,24127634,1080,0x0F,set_decoding_map,0
11802,1502,24128714,24128718,2952,0x08,audio_frame,0
11803,1502,24131670,24131674,6,0x09,silence_frame,0
11804,1502,24131680,24131684,14030,0x11,video_data_11,3
11805,1502,24145714,24145718,132,0x13,documented_unknown_13,0
11806,1502,24145850,24145854,0,0x04,start_stop_audio,0
11807,1502,24145854,24145858,6,0x07,send_buffer,1
11808,1502,24145864,24145868,0,0x01,end_of_chunk,0
11809,1503,24145872,24145876,1080,0x0F,set_decoding_map,0
11810,1503,24146956,24146960,2932,0x08,audio_frame,0
11811,1503,24149892,24149896,6,0x09,silence_frame,0
11812,1503,24149902,24149906,14022,0x11,video_data_11,3
11813,1503,24163928,24163932,132,0x13,documented_unknown_13,0
11814,1503,24164064,24164068,0,0x04,start_stop_audio,0
11815,1503,24164068,24164072,6,0x07,send_buffer,1
11816,1503,24164078,24164082,0,0x01,end_of_chunk,0
11817,1504,24164086,24164090,1080,0x0F,set_decoding_map,0
11818,1504,24165170,24165174,2952,0x08,audio_frame,0
11819,1504,24168126,24168130,6,0x09,silence_frame,0
11820,1504,24168136,24168140,14032,0x11,video_data_11,3
11821,1504,24182172,24182176,132,0x13,documented_unknown_13,0
11822,1504,24182308,24182312,0,0x04,start_stop_audio,0
11823,1504,24182312,24182316,6,0x07,send_buffer,1
11824,1504,24182322,24182326,0,0x01,end_of_chunk,0
11825,1505,24182330,24182334,1080,0x0F,set_decoding_map,0
11826,1505,24183414,24183418,2952,0x08,audio_frame,0
11827,1505,24186370,24186374,6,0x09,silence_frame,0
11828,1505,24186380,24186384,14034,0x11,video_data_11,3
11829,1505,24200418,24200422,132,0x13,documented_unknown_13,0
11830,1505,24200554,24200558,0,0x04,start_stop_audio,0
11831,1505,24200558,24200562,6,0x07,send_buffer,1
11832,1505,24200568,24200572,0,0x01,end_of_chunk,0
11833,1506,24200576,24200580,1080,0x0F,set_decoding_map,0
11834,1506,24201660,24201664,2952,0x08,audio_frame,0
11835,1506,24204616,24204620,6,0x09,silence_frame,0
11836,1506,24204626,24204630,14032,0x11,video_data_11,3
11837,1506,24218662,24218666,132,0x13,documented_unknown_13,0
11838,1506,24218798,24218802,0,0x04,start_stop_audio,0
11839,1506,24218802,24218806,6,0x07,send_buffer,1
11840,1506,24218812,24218816,0,0x01,end_of_chunk,0
11841,1507,24218820,24218824,1080,0x0F,set_decoding_map,0
11842,1507,24219904,24219908,2952,0x08,audio_frame,0
11843,1507,24222860,24222864,6,0x09,silence_frame,0
11844,1507,24222870,24222874,14080,0x11,video_data_11,3
11845,1507,24236954,24236958,132,0x13,documented_unknown_13,0
11846,1507,24237090,24237094,0,0x04,start_stop_audio,0
11847,1507,24237094,24237098,6,0x07,send_buffer,1
11848,1507,24237104,24237108,0,0x01,end_of_chunk,0
11849,1508,24237112,24237116,1080,0x0F,set_decoding_map,0
11850,1508,24238196,24238200,2952,0x08,audio_frame,0
11851,1508,24241152,24241156,6,0x09,silence_frame,0
11852,1508,24241162,24241166,14022,0x11,video_data_11,3
11853,1508,24255188,24255192,132,0x13,documented_unknown_13,0
11854,1508,24255324,24255328,0,0x04,start_stop_audio,0
11855,1508,24255328,24255332,6,0x07,send_buffer,1
11856,1508,24255338,24255342,0,0x01,end_of_chunk,0
11857,1509,24255346,24255350,1080,0x0F,set_decoding_map,0
11858,1509,24256430,24256434,2952,0x08,audio_frame,0
11859,1509,24259386,24259390,6,0x09,silence_frame,0
11860,1509,24259396,24259400,14030,0x11,video_data_11,3
11861,1509,24273430,24273434,132,0x13,documented_unknown_13,0
11862,1509,24273566,24273570,0,0x04,start_stop_audio,0
11863,1509,24273570,24273574,6,0x07,send_buffer,1
11864,1509,24273580,24273584,0,0x01,end_of_chunk,0
11865,1510,24273588,24273592,1080,0x0F,set_decoding_map,0
11866,1510,24274672,24274676,2952,0x08,audio_frame,0
11867,1510,24277628,24277632,6,0x09,silence_frame,0
11868,1510,24277638,24277642,14022,0x11,video_data_11,3
11869,1510,24291664,24291668,132,0x13,documented_unknown_13,0
11870,1510,24291800,24291804,0,0x04,start_stop_audio,0
11871,1510,24291804,24291808,6,0x07,send_buffer,1
11872,1510,24291814,24291818,0,0x01,end_of_chunk,0
11873,1511,24291822,24291826,1080,0x0F,set_decoding_map,0
11874,1511,24292906,24292910,2952,0x08,audio_frame,0
11875,1511,24295862,24295866,6,0x09,silence_frame,0
11876,1511,24295872,24295876,14022,0x11,video_data_11,3
11877,1511,24309898,24309902,132,0x13,documented_unknown_13,0
11878,1511,24310034,24310038,0,0x04,start_stop_audio,0
11879,1511,24310038,24310042,6,0x07,send_buffer,1
11880,1511,24310048,24310052,0,0x01,end_of_chunk,0
11881,1512,24310056,24310060,1080,0x0F,set_decoding_map,0
11882,1512,24311140,24311144,2952,0x08,audio_frame,0
11883,1512,24314096,24314100,6,0x09,silence_frame,0
11884,1512,24314106,24314110,14042,0x11,video_data_11,3
11885,1512,24328152,24328156,132,0x13,documented_unknown_13,0
11886,1512,24328288,24328292,0,0x04,start_stop_audio,0
11887,1512,24328292,24328296,6,0x07,send_buffer,1
11888,1512,24328302,24328306,0,0x01,end_of_chunk,0
11889,1513,24328310,24328314,1080,0x0F,set_decoding_map,0
11890,1513,24329394,24329398,2952,0x08,audio_frame,0
11891,1513,24332350,24332354,6,0x09,silence_frame,0
11892,1513,24332360,24332364,14028,0x11,video_data_11,3
11893,1513,24346392,24346396,132,0x13,documented_unknown_13,0
11894,1513,24346528,24346532,0,0x04,start_stop_audio,0
11895,1513,24346532,24346536,6,0x07,send_buffer,1
11896,1513,24346542,24346546,0,0x01,end_of_chunk,0
11897,1514,24346550,24346554,1080,0x0F,set_decoding_map,0
11898,1514,24347634,24347638,2952,0x08,audio_frame,0
11899,1514,24350590,24350594,6,0x09,silence_frame,0
11900,1514,24350600,24350604,14050,0x11,video_data_11,3
11901,1514,24364654,24364658,132,0x13,documented_unknown_13,0
11902,1514,24364790,24364794,0,0x04,start_stop_audio,0
11903,1514,24364794,24364798,6,0x07,send_buffer,1
11904,1514,24364804,24364808,0,0x01,end_of_chunk,0
11905,1515,24364812,24364816,1080,0x0F,set_decoding_map,0
11906,1515,24365896,24365900,2952,0x08,audio_frame,0
11907,1515,24368852,24368856,6,0x09,silence_frame,0
11908,1515,24368862,24368866,14064,0x11,video_data_11,3
11909,1515,24382930,24382934,132,0x13,documented_unknown_13,0
11910,1515,24383066,24383070,0,0x04,start_stop_audio,0
11911,1515,24383070,24383074,6,0x07,send_buffer,1
11912,1515,24383080,24383084,0,0x01,end_of_chunk,0
11913,1516,24383088,24383092,1080,0x0F,set_decoding_map,0
11914,1516,24384172,24384176,2952,0x08,audio_frame,0
11915,1516,24387128,24387132,6,0x09,silence_frame,0
11916,1516,24387138,24387142,14034,0x11,video_data_11,3
11917,1516,24401176,24401180,132,0x13,documented_unknown_13,0
11918,1516,24401312,24401316,0,0x04,start_stop_audio,0
11919,1516,24401316,24401320,6,0x07,send_buffer,1
11920,1516,24401326,24401330,0,0x01,end_of_chunk,0
11921,1517,24401334,24401338,1080,0x0F,set_decoding_map,0
11922,1517,24402418,24402422,2952,0x08,audio_frame,0
11923,1517,24405374,24405378,6,0x09,silence_frame,0
11924,1517,24405384,24405388,14072,0x11,video_data_11,3
11925,1517,24419460,24419464,132,0x13,documented_unknown_13,0
11926,1517,24419596,24419600,0,0x04,start_stop_audio,0
11927,1517,24419600,24419604,6,0x07,send_buffer,1
11928,1517,24419610,24419614,0,0x01,end_of_chunk,0
11929,1518,24419618,24419622,1080,0x0F,set_decoding_map,0
11930,1518,24420702,24420706,2932,0x08,audio_frame,0
11931,1518,24423638,24423642,6,0x09,silence_frame,0
11932,1518,24423648,24423652,14030,0x11,video_data_11,3
11933,1518,24437682,24437686,132,0x13,documented_unknown_13,0
11934,1518,24437818,24437822,0,0x04,start_stop_audio,0
11935,1518,24437822,24437826,6,0x07,send_buffer,1
11936,1518,24437832,24437836,0,0x01,end_of_chunk,0
11937,1519,24437840,24437844,1080,0x0F,set_decoding_map,0
11938,1519,24438924,24438928,2952,0x08,audio_frame,0
11939,1519,24441880,24441884,6,0x09,silence_frame,0
11940,1519,24441890,24441894,14036,0x11,video_data_11,3
11941,1519,24455930,24455934,132,0x13,documented_unknown_13,0
11942,1519,24456066,24456070,0,0x04,start_stop_audio,0
11943,1519,24456070,24456074,6,0x07,send_buffer,1
11944,1519,24456080,24456084,0,0x01,end_of_chunk,0
11945,1520,24456088,24456092,1080,0x0F,set_decoding_map,0
11946,1520,24457172,24457176,2952,0x08,audio_frame,0
11947,1520,24460128,24460132,6,0x09,silence_frame,0
11948,1520,24460138,24460142,14026,0x11,video_data_11,3
11949,1520,24474168,24474172,132,0x13,documented_unknown_13,0
11950,1520,24474304,24474308,0,0x04,start_stop_audio,0
11951,1520,24474308,24474312,6,0x07,send_buffer,1
11952,1520,24474318,24474322,0,0x01,end_of_chunk,0
11953,1521,24474326,24474330,1080,0x0F,set_decoding_map,0
11954,1521,24475410,24475414,2952,0x08,audio_frame,0
11955,1521,24478366,24478370,6,0x09,silence_frame,0
11956,1521,24478376,24478380,14024,0x11,video_data_11,3
11957,1521,24492404,24492408,132,0x13,documented_unknown_13,0
11958,1521,24492540,24492544,0,0x04,start_stop_audio,0
11959,1521,24492544,24492548,6,0x07,send_buffer,1
11960,1521,24492554,24492558,0,0x01,end_of_chunk,0
11961,1522,24492562,24492566,1080,0x0F,set_decoding_map,0
11962,1522,24493646,24493650,2952,0x08,audio_frame,0
11963,1522,24496602,24496606,6,0x09,silence_frame,0
11964,1522,24496612,24496616,14022,0x11,video_data_11,3
11965,1522,24510638,24510642,132,0x13,documented_unknown_13,0
11966,1522,24510774,24510778,0,0x04,start_stop_audio,0
11967,1522,24510778,24510782,6,0x07,send_buffer,1
11968,1522,24510788,24510792,0,0x01,end_of_chunk,0
11969,1523,24510796,24510800,1080,0x0F,set_decoding_map,0
11970,1523,24511880,24511884,2952,0x08,audio_frame,0
11971,1523,24514836,24514840,6,0x09,silence_frame,0
11972,1523,24514846,24514850,14032,0x11,video_data_11,3
11973,1523,24528882,24528886,132,0x13,documented_unknown_13,0
11974,1523,24529018,24529022,0,0x04,start_stop_audio,0
11975,1523,24529022,24529026,6,0x07,send_buffer,1
11976,1523,24529032,24529036,0,0x01,end_of_chunk,0
11977,1524,24529040,24529044,1080,0x0F,set_decoding_map,0
11978,1524,24530124,24530128,2952,0x08,audio_frame,0
11979,1524,24533080,24533084,6,0x09,silence_frame,0
11980,1524,24533090,24533094,14026,0x11,video_data_11,3
11981,1524,24547120,24547124,132,0x13,documented_unknown_13,0
11982,1524,24547256,24547260,0,0x04,start_stop_audio,0
11983,1524,24547260,24547264,6,0x07,send_buffer,1
11984,1524,24547270,24547274,0,0x01,end_of_chunk,0
11985,1525,24547278,24547282,1080,0x0F,set_decoding_map,0
11986,1525,24548362,24548366,2952,0x08,audio_frame,0
11987,1525,24551318,24551322,6,0x09,silence_frame,0
11988,1525,24551328,24551332,14032,0x11,video_data_11,3
11989,1525,24565364,24565368,132,0x13,documented_unknown_13,0
11990,1525,24565500,24565504,0,0x04,start_stop_audio,0
11991,1525,24565504,24565508,6,0x07,send_buffer,1
11992,1525,24565514,24565518,0,0x01,end_of_chunk,0
11993,1526,24565522,24565526,1080,0x0F,set_decoding_map,0
11994,1526,24566606,24566610,2952,0x08,audio_frame,0
11995,1526,24569562,24569566,6,0x09,silence_frame,0
11996,1526,24569572,24569576,14042,0x11,video_data_11,3
11997,1526,24583618,24583622,132,0x13,documented_unknown_13,0
11998,1526,24583754,24583758,0,0x04,start_stop_audio,0
11999,1526,24583758,24583762,6,0x07,send_buffer,1
12000,1526,24583768,24583772,0,0x01,end_of_chunk,0
12001,1527,24583776,24583780,1080,0x0F,set_decoding_map,0
12002,1527,24584860,24584864,2952,0x08,audio_frame,0
12003,1527,24587816,24587820,6,0x09,silence_frame,0
12004,1527,24587826,24587830,14022,0x11,video_data_11,3
12005,1527,24601852,24601856,132,0x13,documented_unknown_13,0
12006,1527,24601988,24601992,0,0x04,start_stop_audio,0
12007,1527,24601992,24601996,6,0x07,send_buffer,1
12008,1527,24602002,24602006,0,0x01,end_of_chunk,0
12009,1528,24602010,24602014,1080,0x0F,set_decoding_map,0
12010,1528,24603094,24603098,2952,0x08,audio_frame,0
12011,1528,24606050,24606054,6,0x09,silence_frame,0
12012,1528,24606060,24606064,14024,0x11,video_data_11,3
12013,1528,24620088,24620092,132,0x13,documented_unknown_13,0
12014,1528,24620224,24620228,0,0x04,start_stop_audio,0
12015,1528,24620228,24620232,6,0x07,send_buffer,1
12016,1528,24620238,24620242,0,0x01,end_of_chunk,0
12017,1529,24620246,24620250,1080,0x0F,set_decoding_map,0
12018,1529,24621330,24621334,2952,0x08,audio_frame,0
12019,1529,24624286,24624290,6,0x09,silence_frame,0
12020,1529,24624296,24624300,14028,0x11,video_data_11,3
12021,1529,24638328,24638332,132,0x13,documented_unknown_13,0
12022,1529,24638464,24638468,0,0x04,start_stop_audio,0
12023,1529,24638468,24638472,6,0x07,send_buffer,1
12024,1529,24638478,24638482,0,0x01,end_of_chunk,0
12025,1530,24638486,24638490,1080,0x0F,set_decoding_map,0
12026,1530,24639570,24639574,2952,0x08,audio_frame,0
12027,1530,24642526,24642530,6,0x09,silence_frame,0
12028,1530,24642536,24642540,14080,0x11,video_data_11,3
12029,1530,24656620,24656624,132,0x13,documented_unknown_13,0
12030,1530,24656756,24656760,0,0x04,start_stop_audio,0
12031,1530,24656760,24656764,6,0x07,send_buffer,1
12032,1530,24656770,24656774,0,0x01,end_of_chunk,0
12033,1531,24656778,24656782,1080,0x0F,set_decoding_map,0
12034,1531,24657862,24657866,2952,0x08,audio_frame,0
12035,1531,24660818,24660822,6,0x09,silence_frame,0
12036,1531,24660828,24660832,14036,0x11,video_data_11,3
12037,1531,24674868,24674872,132,0x13,documented_unknown_13,0
12038,1531,24675004,24675008,0,0x04,start_stop_audio,0
12039,1531,24675008,24675012,6,0x07,send_buffer,1
12040,1531,24675018,24675022,0,0x01,end_of_chunk,0
12041,1532,24675026,24675030,1080,0x0F,set_decoding_map,0
12042,1532,24676110,24676114,2952,0x08,audio_frame,0
12043,1532,24679066,24679070,6,0x09,silence_frame,0
12044,1532,24679076,24679080,14026,0x11,video_data_11,3
12045,1532,24693106,24693110,132,0x13,documented_unknown_13,0
12046,1532,24693242,24693246,0,0x04,start_stop_audio,0
12047,1532,24693246,24693250,6,0x07,send_buffer,1
12048,1532,24693256,24693260,0,0x01,end_of_chunk,0
12049,1533,24693264,24693268,1080,0x0F,set_decoding_map,0
12050,1533,24694348,24694352,2932,0x08,audio_frame,0
12051,1533,24697284,24697288,6,0x09,silence_frame,0
12052,1533,24697294,24697298,14030,0x11,video_data_11,3
12053,1533,24711328,24711332,132,0x13,documented_unknown_13,0
12054,1533,24711464,24711468,0,0x04,start_stop_audio,0
12055,1533,24711468,24711472,6,0x07,send_buffer,1
12056,1533,24711478,24711482,0,0x01,end_of_chunk,0
12057,1534,24711486,24711490,1080,0x0F,set_decoding_map,0
12058,1534,24712570,24712574,2952,0x08,audio_frame,0
12059,1534,24715526,24715530,6,0x09,silence_frame,0
12060,1534,24715536,24715540,14034,0x11,video_data_11,3
12061,1534,24729574,24729578,132,0x13,documented_unknown_13,0
12062,1534,24729710,24729714,0,0x04,start_stop_audio,0
12063,1534,24729714,24729718,6,0x07,send_buffer,1
12064,1534,24729724,24729728,0,0x01,end_of_chunk,0
12065,1535,24729732,24729736,1080,0x0F,set_decoding_map,0
12066,1535,24730816,24730820,2952,0x08,audio_frame,0
12067,1535,24733772,24733776,6,0x09,silence_frame,0
12068,1535,24733782,24733786,14074,0x11,video_data_11,3
12069,1535,24747860,24747864,132,0x13,documented_unknown_13,0
12070,1535,24747996,24748000,0,0x04,start_stop_audio,0
12071,1535,24748000,24748004,6,0x07,send_buffer,1
12072,1535,24748010,24748014,0,0x01,end_of_chunk,0
12073,1536,24748018,24748022,1080,0x0F,set_decoding_map,0
12074,1536,24749102,24749106,2952,0x08,audio_frame,0
12075,1536,24752058,24752062,6,0x09,silence_frame,0
12076,1536,24752068,24752072,14058,0x11,video_data_11,3
12077,1536,24766130,24766134,132,0x13,documented_unknown_13,0
12078,1536,24766266,24766270,0,0x04,start_stop_audio,0
12079,1536,24766270,24766274,6,0x07,send_buffer,1
12080,1536,24766280,24766284,0,0x01,end_of_chunk,0
12081,1537,24766288,24766292,1080,0x0F,set_decoding_map,0
12082,1537,24767372,24767376,2952,0x08,audio_frame,0
12083,1537,24770328,24770332,6,0x09,silence_frame,0
12084,1537,24770338,24770342,14076,0x11,video_data_11,3
12085,1537,24784418,24784422,132,0x13,documented_unknown_13,0
12086,1537,24784554,24784558,0,0x04,start_stop_audio,0
12087,1537,24784558,24784562,6,0x07,send_buffer,1
12088,1537,24784568,24784572,0,0x01,end_of_chunk,0
12089,1538,24784576,24784580,1080,0x0F,set_decoding_map,0
12090,1538,24785660,24785664,2952,0x08,audio_frame,0
12091,1538,24788616,24788620,6,0x09,silence_frame,0
12092,1538,24788626,24788630,14026,0x11,video_data_11,3
12093,1538,24802656,24802660,132,0x13,documented_unknown_13,0
12094,1538,24802792,24802796,0,0x04,start_stop_audio,0
12095,1538,24802796,24802800,6,0x07,send_buffer,1
12096,1538,24802806,24802810,0,0x01,end_of_chunk,0
12097,1539,24802814,24802818,1080,0x0F,set_decoding_map,0
12098,1539,24803898,24803902,2952,0x08,audio_frame,0
12099,1539,24806854,24806858,6,0x09,silence_frame,0
12100,1539,24806864,24806868,14082,0x11,video_data_11,3
12101,1539,24820950,24820954,132,0x13,documented_unknown_13,0
12102,1539,24821086,24821090,0,0x04,start_stop_audio,0
12103,1539,24821090,24821094,6,0x07,send_buffer,1
12104,1539,24821100,24821104,0,0x01,end_of_chunk,0
12105,1540,24821108,24821112,1080,0x0F,set_decoding_map,0
12106,1540,24822192,24822196,2952,0x08,audio_frame,0
12107,1540,24825148,24825152,6,0x09,silence_frame,0
12108,1540,24825158,24825162,14022,0x11,video_data_11,3
12109,1540,24839184,24839188,132,0x13,documented_unknown_13,0
12110,1540,24839320,24839324,0,0x04,start_stop_audio,0
12111,1540,24839324,24839328,6,0x07,send_buffer,1
12112,1540,24839334,24839338,0,0x01,end_of_chunk,0
12113,1541,24839342,24839346,1080,0x0F,set_decoding_map,0
12114,1541,24840426,24840430,2952,0x08,audio_frame,0
12115,1541,24843382,24843386,6,0x09,silence_frame,0
12116,1541,24843392,24843396,14022,0x11,video_data_11,3
12117,1541,24857418,24857422,132,0x13,documented_unknown_13,0
12118,1541,24857554,24857558,0,0x04,start_stop_audio,0
12119,1541,24857558,24857562,6,0x07,send_buffer,1
12120,1541,24857568,24857572,0,0x01,end_of_chunk,0
12121,1542,24857576,24857580,1080,0x0F,set_decoding_map,0
12122,1542,24858660,24858664,2952,0x08,audio_frame,0
12123,1542,24861616,24861620,6,0x09,silence_frame,0
12124,1542,24861626,24861630,14024,0x11,video_data_11,3
12125,1542,24875654,24875658,132,0x13,documented_unknown_13,0
12126,1542,24875790,24875794,0,0x04,start_stop_audio,0
12127,1542,24875794,24875798,6,0x07,send_buffer,1
12128,1542,24875804,24875808,0,0x01,end_of_chunk,0
12129,1543,24875812,24875816,1080,0x0F,set_decoding_map,0
12130,1543,24876896,24876900,2952,0x08,audio_frame,0
12131,1543,24879852,24879856,6,0x09,silence_frame,0
12132,1543,24879862,24879866,14022,0x11,video_data_11,3
12133,1543,24893888,24893892,132,0x13,documented_unknown_13,0
12134,1543,24894024,24894028,0,0x04,start_stop_audio,0
12135,1543,24894028,24894032,6,0x07,send_buffer,1
12136,1543,24894038,24894042,0,0x01,end_of_chunk,0
12137,1544,24894046,24894050,1080,0x0F,set_decoding_map,0
12138,1544,24895130,24895134,2952,0x08,audio_frame,0
12139,1544,24898086,24898090,6,0x09,silence_frame,0
12140,1544,24898096,24898100,14026,0x11,video_data_11,3
12141,1544,24912126,24912130,132,0x13,documented_unknown_13,0
12142,1544,24912262,24912266,0,0x04,start_stop_audio,0
12143,1544,24912266,24912270,6,0x07,send_buffer,1
12144,1544,24912276,24912280,0,0x01,end_of_chunk,0
12145,1545,24912284,24912288,1080,0x0F,set_decoding_map,0
12146,1545,24913368,24913372,2952,0x08,audio_frame,0
12147,1545,24916324,24916328,6,0x09,silence_frame,0
12148,1545,24916334,24916338,14038,0x11,video_data_11,3
12149,1545,24930376,24930380,132,0x13,documented_unknown_13,0
12150,1545,24930512,24930516,0,0x04,start_stop_audio,0
12151,1545,24930516,24930520,6,0x07,send_buffer,1
12152,1545,24930526,24930530,0,0x01,end_of_chunk,0
12153,1546,24930534,24930538,1080,0x0F,set_decoding_map,0
12154,1546,24931618,24931622,2952,0x08,audio_frame,0
12155,1546,24934574,24934578,6,0x09,silence_frame,0
12156,1546,24934584,24934588,14048,0x11,video_data_11,3
12157,1546,24948636,24948640,132,0x13,documented_unknown_13,0
12158,1546,24948772,24948776,0,0x04,start_stop_audio,0
12159,1546,24948776,24948780,6,0x07,send_buffer,1
12160,1546,24948786,24948790,0,0x01,end_of_chunk,0
12161,1547,24948794,24948798,1080,0x0F,set_decoding_map,0
12162,1547,24949878,24949882,2952,0x08,audio_frame,0
12163,1547,24952834,24952838,6,0x09,silence_frame,0
12164,1547,24952844,24952848,14024,0x11,video_data_11,3
12165,1547,24966872,24966876,132,0x13,documented_unknown_13,0
12166,1547,24967008,24967012,0,0x04,start_stop_audio,0
12167,1547,24967012,24967016,6,0x07,send_buffer,1
12168,1547,24967022,24967026,0,0x01,end_of_chunk,0
12169,1548,24967030,24967034,1080,0x0F,set_decoding_map,0
12170,1548,24968114,24968118,2932,0x08,audio_frame,0
12171,1548,24971050,24971054,6,0x09,silence_frame,0
12172,1548,24971060,24971064,14042,0x11,video_data_11,3
12173,1548,24985106,24985110,132,0x13,documented_unknown_13,0
12174,1548,24985242,24985246,0,0x04,start_stop_audio,0
12175,1548,24985246,24985250,6,0x07,send_buffer,1
12176,1548,24985256,24985260,0,0x01,end_of_chunk,0
12177,1549,24985264,24985268,1080,0x0F,set_decoding_map,0
12178,1549,24986348,24986352,2952,0x08,audio_frame,0
12179,1549,24989304,24989308,6,0x09,silence_frame,0
12180,1549,24989314,24989318,14036,0x11,video_data_11,3
12181,1549,25003354,25003358,132,0x13,documented_unknown_13,0
12182,1549,25003490,25003494,0,0x04,start_stop_audio,0
12183,1549,25003494,25003498,6,0x07,send_buffer,1
12184,1549,25003504,25003508,0,0x01,end_of_chunk,0
12185,1550,25003512,25003516,1080,0x0F,set_decoding_map,0
12186,1550,25004596,25004600,2952,0x08,audio_frame,0
12187,1550,25007552,25007556,6,0x09,silence_frame,0
12188,1550,25007562,25007566,14042,0x11,video_data_11,3
12189,1550,25021608,25021612,132,0x13,documented_unknown_13,0
12190,1550,25021744,25021748,0,0x04,start_stop_audio,0
12191,1550,25021748,25021752,6,0x07,send_buffer,1
12192,1550,25021758,25021762,0,0x01,end_of_chunk,0
12193,1551,25021766,25021770,1080,0x0F,set_decoding_map,0
12194,1551,25022850,25022854,2952,0x08,audio_frame,0
12195,1551,25025806,25025810,6,0x09,silence_frame,0
12196,1551,25025816,25025820,14030,0x11,video_data_11,3
12197,1551,25039850,25039854,132,0x13,documented_unknown_13,0
12198,1551,25039986,25039990,0,0x04,start_stop_audio,0
12199,1551,25039990,25039994,6,0x07,send_buffer,1
12200,1551,25040000,25040004,0,0x01,end_of_chunk,0
12201,1552,25040008,25040012,1080,0x0F,set_decoding_map,0
12202,1552,25041092,25041096,2952,0x08,audio_frame,0
12203,1552,25044048,25044052,6,0x09,silence_frame,0
12204,1552,25044058,25044062,14038,0x11,video_data_11,3
12205,1552,25058100,25058104,132,0x13,documented_unknown_13,0
12206,1552,25058236,25058240,0,0x04,start_stop_audio,0
12207,1552,25058240,25058244,6,0x07,send_buffer,1
12208,1552,25058250,25058254,0,0x01,end_of_chunk,0
12209,1553,25058258,25058262,1080,0x0F,set_decoding_map,0
12210,1553,25059342,25059346,2952,0x08,audio_frame,0
12211,1553,25062298,25062302,6,0x09,silence_frame,0
12212,1553,25062308,25062312,14036,0x11,video_data_11,3
12213,1553,25076348,25076352,132,0x13,documented_unknown_13,0
12214,1553,25076484,25076488,0,0x04,start_stop_audio,0
12215,1553,25076488,25076492,6,0x07,send_buffer,1
12216,1553,25076498,25076502,0,0x01,end_of_chunk,0
12217,1554,25076506,25076510,1080,0x0F,set_decoding_map,0
12218,1554,25077590,25077594,2952,0x08,audio_frame,0
12219,1554,25080546,25080550,6,0x09,silence_frame,0
12220,1554,25080556,25080560,14038,0x11,video_data_11,3
12221,1554,25094598,25094602,132,0x13,documented_unknown_13,0
12222,1554,25094734,25094738,0,0x04,start_stop_audio,0
12223,1554,25094738,25094742,6,0x07,send_buffer,1
12224,1554,25094748,25094752,0,0x01,end_of_chunk,0
12225,1555,25094756,25094760,1080,0x0F,set_decoding_map,0
12226,1555,25095840,25095844,2952,0x08,audio_frame,0
12227,1555,25098796,25098800,6,0x09,silence_frame,0
12228,1555,25098806,25098810,14022,0x11,video_data_11,3
12229,1555,25112832,25112836,132,0x13,documented_unknown_13,0
12230,1555,25112968,25112972,0,0x04,start_stop_audio,0
12231,1555,25112972,25112976,6,0x07,send_buffer,1
12232,1555,25112982,25112986,0,0x01,end_of_chunk,0
12233,1556,25112990,25112994,1080,0x0F,set_decoding_map,0
12234,1556,25114074,25114078,2952,0x08,audio_frame,0
12235,1556,25117030,25117034,6,0x09,silence_frame,0
12236,1556,25117040,25117044,14036,0x11,video_data_11,3
12237,1556,25131080,25131084,132,0x13,documented_unknown_13,0
12238,1556,25131216,25131220,0,0x04,start_stop_audio,0
12239,1556,25131220,25131224,6,0x07,send_buffer,1
12240,1556,25131230,25131234,0,0x01,end_of_chunk,0
12241,1557,25131238,25131242,1080,0x0F,set_decoding_map,0
12242,1557,25132322,25132326,2952,0x08,audio_frame,0
12243,1557,25135278,25135282,6,0x09,silence_frame,0
12244,1557,25135288,25135292,14032,0x11,video_data_11,3
12245,1557,25149324,25149328,132,0x13,documented_unknown_13,0
12246,1557,25149460,25149464,0,0x04,start_stop_audio,0
12247,1557,25149464,25149468,6,0x07,send_buffer,1
12248,1557,25149474,25149478,0,0x01,end_of_chunk,0
12249,1558,25149482,25149486,1080,0x0F,set_decoding_map,0
12250,1558,25150566,25150570,2952,0x08,audio_frame,0
12251,1558,25153522,25153526,6,0x09,silence_frame,0
12252,1558,25153532,25153536,14024,0x11,video_data_11,3
12253,1558,25167560,25167564,132,0x13,documented_unknown_13,0
12254,1558,25167696,25167700,0,0x04,start_stop_audio,0
12255,1558,25167700,25167704,6,0x07,send_buffer,1
12256,1558,25167710,25167714,0,0x01,end_of_chunk,0
12257,1559,25167718,25167722,1080,0x0F,set_decoding_map,0
12258,1559,25168802,25168806,2952,0x08,audio_frame,0
12259,1559,25171758,25171762,6,0x09,silence_frame,0
12260,1559,25171768,25171772,14030,0x11,video_data_11,3
12261,1559,25185802,25185806,132,0x13,documented_unknown_13,0
12262,1559,25185938,25185942,0,0x04,start_stop_audio,0
12263,1559,25185942,25185946,6,0x07,send_buffer,1
12264,1559,25185952,25185956,0,0x01,end_of_chunk,0
12265,1560,25185960,25185964,1080,0x0F,set_decoding_map,0
12266,1560,25187044,25187048,2952,0x08,audio_frame,0
12267,1560,25190000,25190004,6,0x09,silence_frame,0
12268,1560,25190010,25190014,14028,0x11,video_data_11,3
12269,1560,25204042,25204046,132,0x13,documented_unknown_13,0
12270,1560,25204178,25204182,0,0x04,start_stop_audio,0
12271,1560,25204182,25204186,6,0x07,send_buffer,1
12272,1560,25204192,25204196,0,0x01,end_of_chunk,0
12273,1561,25204200,25204204,1080,0x0F,set_decoding_map,0
12274,1561,25205284,25205288,2952,0x08,audio_frame,0
12275,1561,25208240,25208244,6,0x09,silence_frame,0
12276,1561,25208250,25208254,14022,0x11,video_data_11,3
12277,1561,25222276,25222280,132,0x13,documented_unknown_13,0
12278,1561,25222412,25222416,0,0x04,start_stop_audio,0
12279,1561,25222416,25222420,6,0x07,send_buffer,1
12280,1561,25222426,25222430,0,0x01,end_of_chunk,0
12281,1562,25222434,25222438,1080,0x0F,set_decoding_map,0
12282,1562,25223518,25223522,2952,0x08,audio_frame,0
12283,1562,25226474,25226478,6,0x09,silence_frame,0
12284,1562,25226484,25226488,14022,0x11,video_data_11,3
12285,1562,25240510,25240514,132,0x13,documented_unknown_13,0
12286,1562,25240646,25240650,0,0x04,start_stop_audio,0
12287,1562,25240650,25240654,6,0x07,send_buffer,1
12288,1562,25240660,25240664,0,0x01,end_of_chunk,0
12289,1563,25240668,25240672,1080,0x0F,set_decoding_map,0
12290,1563,25241752,25241756,2932,0x08,audio_frame,0
12291,1563,25244688,25244692,6,0x09,silence_frame,0
12292,1563,25244698,25244702,14056,0x11,video_data_11,3
12293,1563,25258758,25258762,132,0x13,documented_unknown_13,0
12294,1563,25258894,25258898,0,0x04,start_stop_audio,0
12295,1563,25258898,25258902,6,0x07,send_buffer,1
12296,1563,25258908,25258912,0,0x01,end_of_chunk,0
12297,1564,25258916,25258920,1080,0x0F,set_decoding_map,0
12298,1564,25260000,25260004,2952,0x08,audio_frame,0
12299,1564,25262956,25262960,6,0x09,silence_frame,0
12300,1564,25262966,25262970,14042,0x11,video_data_11,3
12301,1564,25277012,25277016,132,0x13,documented_unknown_13,0
12302,1564,25277148,25277152,0,0x04,start_stop_audio,0
12303,1564,25277152,25277156,6,0x07,send_buffer,1
12304,1564,25277162,25277166,0,0x01,end_of_chunk,0
12305,1565,25277170,25277174,1080,0x0F,set_decoding_map,0
12306,1565,25278254,25278258,2952,0x08,audio_frame,0
12307,1565,25281210,25281214,6,0x09,silence_frame,0
12308,1565,25281220,25281224,14030,0x11,video_data_11,3
12309,1565,25295254,25295258,132,0x13,documented_unknown_13,0
12310,1565,25295390,25295394,0,0x04,start_stop_audio,0
12311,1565,25295394,25295398,6,0x07,send_buffer,1
12312,1565,25295404,25295408,0,0x01,end_of_chunk,0
12313,1566,25295412,25295416,1080,0x0F,set_decoding_map,0
12314,1566,25296496,25296500,2952,0x08,audio_frame,0
12315,1566,25299452,25299456,6,0x09,silence_frame,0
12316,1566,25299462,25299466,14024,0x11,video_data_11,3
12317,1566,25313490,25313494,132,0x13,documented_unknown_13,0
12318,1566,25313626,25313630,0,0x04,start_stop_audio,0
12319,1566,25313630,25313634,6,0x07,send_buffer,1
12320,1566,25313640,25313644,0,0x01,end_of_chunk,0
12321,1567,25313648,25313652,1080,0x0F,set_decoding_map,0
12322,1567,25314732,25314736,2952,0x08,audio_frame,0
12323,1567,25317688,25317692,6,0x09,silence_frame,0
12324,1567,25317698,25317702,14028,0x11,video_data_11,3
12325,1567,25331730,25331734,132,0x13,documented_unknown_13,0
12326,1567,25331866,25331870,0,0x04,start_stop_audio,0
12327,1567,25331870,25331874,6,0x07,send_buffer,1
12328,1567,25331880,25331884,0,0x01,end_of_chunk,0
12329,1568,25331888,25331892,1080,0x0F,set_decoding_map,0
12330,1568,25332972,25332976,2952,0x08,audio_frame,0
12331,1568,25335928,25335932,6,0x09,silence_frame,0
12332,1568,25335938,25335942,14064,0x11,video_data_11,3
12333,1568,25350006,25350010,132,0x13,documented_unknown_13,0
12334,1568,25350142,25350146,0,0x04,start_stop_audio,0
12335,1568,25350146,25350150,6,0x07,send_buffer,1
12336,1568,25350156,25350160,0,0x01,end_of_chunk,0
12337,1569,25350164,25350168,1080,0x0F,set_decoding_map,0
12338,1569,25351248,25351252,2952,0x08,audio_frame,0
12339,1569,25354204,25354208,6,0x09,silence_frame,0
12340,1569,25354214,25354218,14038,0x11,video_data_11,3
12341,1569,25368256,25368260,132,0x13,documented_unknown_13,0
12342,1569,25368392,25368396,0,0x04,start_stop_audio,0
12343,1569,25368396,25368400,6,0x07,send_buffer,1
12344,1569,25368406,25368410,0,0x01,end_of_chunk,0
12345,1570,25368414,25368418,1080,0x0F,set_decoding_map,0
12346,1570,25369498,25369502,2952,0x08,audio_frame,0
12347,1570,25372454,25372458,6,0x09,silence_frame,0
12348,1570,25372464,25372468,14036,0x11,video_data_11,3
12349,1570,25386504,25386508,132,0x13,documented_unknown_13,0
12350,1570,25386640,25386644,0,0x04,start_stop_audio,0
12351,1570,25386644,25386648,6,0x07,send_buffer,1
12352,1570,25386654,25386658,0,0x01,end_of_chunk,0
12353,1571,25386662,25386666,1080,0x0F,set_decoding_map,0
12354,1571,25387746,25387750,2952,0x08,audio_frame,0
12355,1571,25390702,25390706,6,0x09,silence_frame,0
12356,1571,25390712,25390716,14084,0x11,video_data_11,3
12357,1571,25404800,25404804,132,0x13,documented_unknown_13,0
12358,1571,25404936,25404940,0,0x04,start_stop_audio,0
12359,1571,25404940,25404944,6,0x07,send_buffer,1
12360,1571,25404950,25404954,0,0x01,end_of_chunk,0
12361,1572,25404958,25404962,1080,0x0F,set_decoding_map,0
12362,1572,25406042,25406046,2952,0x08,audio_frame,0
12363,1572,25408998,25409002,6,0x09,silence_frame,0
12364,1572,25409008,25409012,14034,0x11,video_data_11,3
12365,1572,25423046,25423050,132,0x13,documented_unknown_13,0
12366,1572,25423182,25423186,0,0x04,start_stop_audio,0
12367,1572,25423186,25423190,6,0x07,send_buffer,1
12368,1572,25423196,25423200,0,0x01,end_of_chunk,0
12369,1573,25423204,25423208,1080,0x0F,set_decoding_map,0
12370,1573,25424288,25424292,2952,0x08,audio_frame,0
12371,1573,25427244,25427248,6,0x09,silence_frame,0
12372,1573,25427254,25427258,14022,0x11,video_data_11,3
12373,1573,25441280,25441284,132,0x13,documented_unknown_13,0
12374,1573,25441416,25441420,0,0x04,start_stop_audio,0
12375,1573,25441420,25441424,6,0x07,send_buffer,1
12376,1573,25441430,25441434,0,0x01,end_of_chunk,0
12377,1574,25441438,25441442,1080,0x0F,set_decoding_map,0
12378,1574,25442522,25442526,2952,0x08,audio_frame,0
12379,1574,25445478,25445482,6,0x09,silence_frame,0
12380,1574,25445488,25445492,14032,0x11,video_data_11,3
12381,1574,25459524,25459528,132,0x13,documented_unknown_13,0
12382,1574,25459660,25459664,0,0x04,start_stop_audio,0
12383,1574,25459664,25459668,6,0x07,send_buffer,1
12384,1574,25459674,25459678,0,0x01,end_of_chunk,0
12385,1575,25459682,25459686,1080,0x0F,set_decoding_map,0
12386,1575,25460766,25460770,2952,0x08,audio_frame,0
12387,1575,25463722,25463726,6,0x09,silence_frame,0
12388,1575,25463732,25463736,14038,0x11,video_data_11,3
12389,1575,25477774,25477778,132,0x13,documented_unknown_13,0
12390,1575,25477910,25477914,0,0x04,start_stop_audio,0
12391,1575,25477914,25477918,6,0x07,send_buffer,1
12392,1575,25477924,25477928,0,0x01,end_of_chunk,0
12393,1576,25477932,25477936,1080,0x0F,set_decoding_map,0
12394,1576,25479016,25479020,2952,0x08,audio_frame,0
12395,1576,25481972,25481976,6,0x09,silence_frame,0
12396,1576,25481982,25481986,14038,0x11,video_data_11,3
12397,1576,25496024,25496028,132,0x13,documented_unknown_13,0
12398,1576,25496160,25496164,0,0x04,start_stop_audio,0
12399,1576,25496164,25496168,6,0x07,send_buffer,1
12400,1576,25496174,25496178,0,0x01,end_of_chunk,0
12401,1577,25496182,25496186,1080,0x0F,set_decoding_map,0
12402,1577,25497266,25497270,2952,0x08,audio_frame,0
12403,1577,25500222,25500226,6,0x09,silence_frame,0
12404,1577,25500232,25500236,14064,0x11,video_data_11,3
12405,1577,25514300,25514304,132,0x13,documented_unknown_13,0
12406,1577,25514436,25514440,0,0x04,start_stop_audio,0
12407,1577,25514440,25514444,6,0x07,send_buffer,1
12408,1577,25514450,25514454,0,0x01,end_of_chunk,0
12409,1578,25514458,25514462,1080,0x0F,set_decoding_map,0
12410,1578,25515542,25515546,2932,0x08,audio_frame,0
12411,1578,25518478,25518482,6,0x09,silence_frame,0
12412,1578,25518488,25518492,14064,0x11,video_data_11,3
12413,1578,25532556,25532560,132,0x13,documented_unknown_13,0
12414,1578,25532692,25532696,0,0x04,start_stop_audio,0
12415,1578,25532696,25532700,6,0x07,send_buffer,1
12416,1578,25532706,25532710,0,0x01,end_of_chunk,0
12417,1579,25532714,25532718,1080,0x0F,set_decoding_map,0
12418,1579,25533798,25533802,2952,0x08,audio_frame,0
12419,1579,25536754,25536758,6,0x09,silence_frame,0
12420,1579,25536764,25536768,14026,0x11,video_data_11,3
12421,1579,25550794,25550798,132,0x13,documented_unknown_13,0
12422,1579,25550930,25550934,0,0x04,start_stop_audio,0
12423,1579,25550934,25550938,6,0x07,send_buffer,1
12424,1579,25550944,25550948,0,0x01,end_of_chunk,0
12425,1580,25550952,25550956,1080,0x0F,set_decoding_map,0
12426,1580,25552036,25552040,2952,0x08,audio_frame,0
12427,1580,25554992,25554996,6,0x09,silence_frame,0
12428,1580,25555002,25555006,14022,0x11,video_data_11,3
12429,1580,25569028,25569032,132,0x13,documented_unknown_13,0
12430,1580,25569164,25569168,0,0x04,start_stop_audio,0
12431,1580,25569168,25569172,6,0x07,send_buffer,1
12432,1580,25569178,25569182,0,0x01,end_of_chunk,0
12433,1581,25569186,25569190,1080,0x0F,set_decoding_map,0
12434,1581,25570270,25570274,2952,0x08,audio_frame,0
12435,1581,25573226,25573230,6,0x09,silence_frame,0
12436,1581,25573236,25573240,14070,0x11,video_data_11,3
12437,1581,25587310,25587314,132,0x13,documented_unknown_13,0
12438,1581,25587446,25587450,0,0x04,start_stop_audio,0
12439,1581,25587450,25587454,6,0x07,send_buffer,1
12440,1581,25587460,25587464,0,0x01,end_of_chunk,0
12441,1582,25587468,25587472,1080,0x0F,set_decoding_map,0
12442,1582,25588552,25588556,2952,0x08,audio_frame,0
12443,1582,25591508,25591512,6,0x09,silence_frame,0
12444,1582,25591518,25591522,14034,0x11,video_data_11,3
12445,1582,25605556,25605560,132,0x13,documented_unknown_13,0
12446,1582,25605692,25605696,0,0x04,start_stop_audio,0
12447,1582,25605696,25605700,6,0x07,send_buffer,1
12448,1582,25605706,25605710,0,0x01,end_of_chunk,0
12449,1583,25605714,25605718,1080,0x0F,set_decoding_map,0
12450,1583,25606798,25606802,2952,0x08,audio_frame,0
12451,1583,25609754,25609758,6,0x09,silence_frame,0
12452,1583,25609764,25609768,14060,0x11,video_data_11,3
12453,1583,25623828,25623832,132,0x13,documented_unknown_13,0
12454,1583,25623964,25623968,0,0x04,start_stop_audio,0
12455,1583,25623968,25623972,6,0x07,send_buffer,1
12456,1583,25623978,25623982,0,0x01,end_of_chunk,0
12457,1584,25623986,25623990,1080,0x0F,set_decoding_map,0
12458,1584,25625070,25625074,2952,0x08,audio_frame,0
12459,1584,25628026,25628030,6,0x09,silence_frame,0
12460,1584,25628036,25628040,14070,0x11,video_data_11,3
12461,1584,25642110,25642114,132,0x13,documented_unknown_13,0
12462,1584,25642246,25642250,0,0x04,start_stop_audio,0
12463,1584,25642250,25642254,6,0x07,send_buffer,1
12464,1584,25642260,25642264,0,0x01,end_of_chunk,0
12465,1585,25642268,25642272,1080,0x0F,set_decoding_map,0
12466,1585,25643352,25643356,2952,0x08,audio_frame,0
12467,1585,25646308,25646312,6,0x09,silence_frame,0
12468,1585,25646318,25646322,14038,0x11,video_data_11,3
12469,1585,25660360,25660364,132,0x13,documented_unknown_13,0
12470,1585,25660496,25660500,0,0x04,start_stop_audio,0
12471,1585,25660500,25660504,6,0x07,send_buffer,1
12472,1585,25660510,25660514,0,0x01,end_of_chunk,0
12473,1586,25660518,25660522,1080,0x0F,set_decoding_map,0
12474,1586,25661602,25661606,2952,0x08,audio_frame,0
12475,1586,25664558,25664562,6,0x09,silence_frame,0
12476,1586,25664568,25664572,14024,0x11,video_data_11,3
12477,1586,25678596,25678600,132,0x13,documented_unknown_13,0
12478,1586,25678732,25678736,0,0x04,start_stop_audio,0
12479,1586,25678736,25678740,6,0x07,send_buffer,1
12480,1586,25678746,25678750,0,0x01,end_of_chunk,0
12481,1587,25678754,25678758,1080,0x0F,set_decoding_map,0
12482,1587,25679838,25679842,2952,0x08,audio_frame,0
12483,1587,25682794,25682798,6,0x09,silence_frame,0
12484,1587,25682804,25682808,14048,0x11,video_data_11,3
12485,1587,25696856,25696860,132,0x13,documented_unknown_13,0
12486,1587,25696992,25696996,0,0x04,start_stop_audio,0
12487,1587,25696996,25697000,6,0x07,send_buffer,1
12488,1587,25697006,25697010,0,0x01,end_of_chunk,0
12489,1588,25697014,25697018,1080,0x0F,set_decoding_map,0
12490,1588,25698098,25698102,2952,0x08,audio_frame,0
12491,1588,25701054,25701058,6,0x09,silence_frame,0
12492,1588,25701064,25701068,14082,0x11,video_data_11,3
12493,1588,25715150,25715154,132,0x13,documented_unknown_13,0
12494,1588,25715286,25715290,0,0x04,start_stop_audio,0
12495,1588,25715290,25715294,6,0x07,send_buffer,1
12496,1588,25715300,25715304,0,0x01,end_of_chunk,0
12497,1589,25715308,25715312,1080,0x0F,set_decoding_map,0
12498,1589,25716392,25716396,2952,0x08,audio_frame,0
12499,1589,25719348,25719352,6,0x09,silence_frame,0
12500,1589,25719358,25719362,14054,0x11,video_data_11,3
12501,1589,25733416,25733420,132,0x13,documented_unknown_13,0
12502,1589,25733552,25733556,0,0x04,start_stop_audio,0
12503,1589,25733556,25733560,6,0x07,send_buffer,1
12504,1589,25733566,25733570,0,0x01,end_of_chunk,0
12505,1590,25733574,25733578,1080,0x0F,set_decoding_map,0
12506,1590,25734658,25734662,2952,0x08,audio_frame,0
12507,1590,25737614,25737618,6,0x09,silence_frame,0
12508,1590,25737624,25737628,14032,0x11,video_data_11,3
12509,1590,25751660,25751664,132,0x13,documented_unknown_13,0
12510,1590,25751796,25751800,0,0x04,start_stop_audio,0
12511,1590,25751800,25751804,6,0x07,send_buffer,1
12512,1590,25751810,25751814,0,0x01,end_of_chunk,0
12513,1591,25751818,25751822,1080,0x0F,set_decoding_map,0
12514,1591,25752902,25752906,2952,0x08,audio_frame,0
12515,1591,25755858,25755862,6,0x09,silence_frame,0
12516,1591,25755868,25755872,14030,0x11,video_data_11,3
12517,1591,25769902,25769906,132,0x13,documented_unknown_13,0
12518,1591,25770038,25770042,0,0x04,start_stop_audio,0
12519,1591,25770042,25770046,6,0x07,send_buffer,1
12520,1591,25770052,25770056,0,0x01,end_of_chunk,0
12521,1592,25770060,25770064,1080,0x0F,set_decoding_map,0
12522,1592,25771144,25771148,2952,0x08,audio_frame,0
12523,1592,25774100,25774104,6,0x09,silence_frame,0
12524,1592,25774110,25774114,14064,0x11,video_data_11,3
12525,1592,25788178,25788182,132,0x13,documented_unknown_13,0
12526,1592,25788314,25788318,0,0x04,start_stop_audio,0
12527,1592,25788318,25788322,6,0x07,send_buffer,1
12528,1592,25788328,25788332,0,0x01,end_of_chunk,0
12529,1593,25788336,25788340,1080,0x0F,set_decoding_map,0
12530,1593,25789420,25789424,2932,0x08,audio_frame,0
12531,1593,25792356,25792360,6,0x09,silence_frame,0
12532,1593,25792366,25792370,14080,0x11,video_data_11,3
12533,1593,25806450,25806454,132,0x13,documented_unknown_13,0
12534,1593,25806586,25806590,0,0x04,start_stop_audio,0
12535,1593,25806590,25806594,6,0x07,send_buffer,1
12536,1593,25806600,25806604,0,0x01,end_of_chunk,0
12537,1594,25806608,25806612,1080,0x0F,set_decoding_map,0
12538,1594,25807692,25807696,2952,0x08,audio_frame,0
12539,1594,25810648,25810652,6,0x09,silence_frame,0
12540,1594,25810658,25810662,14048,0x11,video_data_11,3
12541,1594,25824710,25824714,132,0x13,documented_unknown_13,0
12542,1594,25824846,25824850,0,0x04,start_stop_audio,0
12543,1594,25824850,25824854,6,0x07,send_buffer,1
12544,1594,25824860,25824864,0,0x01,end_of_chunk,0
12545,1595,25824868,25824872,1080,0x0F,set_decoding_map,0
12546,1595,25825952,25825956,2952,0x08,audio_frame,0
12547,1595,25828908,25828912,6,0x09,silence_frame,0
12548,1595,25828918,25828922,14030,0x11,video_data_11,3
12549,1595,25842952,25842956,132,0x13,documented_unknown_13,0
12550,1595,25843088,25843092,0,0x04,start_stop_audio,0
12551,1595,25843092,25843096,6,0x07,send_buffer,1
12552,1595,25843102,25843106,0,0x01,end_of_chunk,0
12553,1596,25843110,25843114,1080,0x0F,set_decoding_map,0
12554,1596,25844194,25844198,2952,0x08,audio_frame,0
12555,1596,25847150,25847154,6,0x09,silence_frame,0
12556,1596,25847160,25847164,14052,0x11,video_data_11,3
12557,1596,25861216,25861220,132,0x13,documented_unknown_13,0
12558,1596,25861352,25861356,0,0x04,start_stop_audio,0
12559,1596,25861356,25861360,6,0x07,send_buffer,1
12560,1596,25861366,25861370,0,0x01,end_of_chunk,0
12561,1597,25861374,25861378,1080,0x0F,set_decoding_map,0
12562,1597,25862458,25862462,2952,0x08,audio_frame,0
12563,1597,25865414,25865418,6,0x09,silence_frame,0
12564,1597,25865424,25865428,14044,0x11,video_data_11,3
12565,1597,25879472,25879476,132,0x13,documented_unknown_13,0
12566,1597,25879608,25879612,0,0x04,start_stop_audio,0
12567,1597,25879612,25879616,6,0x07,send_buffer,1
12568,1597,25879622,25879626,0,0x01,end_of_chunk,0
12569,1598,25879630,25879634,1080,0x0F,set_decoding_map,0
12570,1598,25880714,25880718,2952,0x08,audio_frame,0
12571,1598,25883670,25883674,6,0x09,silence_frame,0
12572,1598,25883680,25883684,14024,0x11,video_data_11,3
12573,1598,25897708,25897712,132,0x13,documented_unknown_13,0
12574,1598,25897844,25897848,0,0x04,start_stop_audio,0
12575,1598,25897848,25897852,6,0x07,send_buffer,1
12576,1598,25897858,25897862,0,0x01,end_of_chunk,0
12577,1599,25897866,25897870,1080,0x0F,set_decoding_map,0
12578,1599,25898950,25898954,2952,0x08,audio_frame,0
12579,1599,25901906,25901910,6,0x09,silence_frame,0
12580,1599,25901916,25901920,14024,0x11,video_data_11,3
12581,1599,25915944,25915948,132,0x13,documented_unknown_13,0
12582,1599,25916080,25916084,0,0x04,start_stop_audio,0
12583,1599,25916084,25916088,6,0x07,send_buffer,1
12584,1599,25916094,25916098,0,0x01,end_of_chunk,0
12585,1600,25916102,25916106,1080,0x0F,set_decoding_map,0
12586,1600,25917186,25917190,2952,0x08,audio_frame,0
12587,1600,25920142,25920146,6,0x09,silence_frame,0
12588,1600,25920152,25920156,14044,0x11,video_data_11,3
12589,1600,25934200,25934204,132,0x13,documented_unknown_13,0
12590,1600,25934336,25934340,0,0x04,start_stop_audio,0
12591,1600,25934340,25934344,6,0x07,send_buffer,1
12592,1600,25934350,25934354,0,0x01,end_of_chunk,0
12593,1601,25934358,25934362,1080,0x0F,set_decoding_map,0
12594,1601,25935442,25935446,2952,0x08,audio_frame,0
12595,1601,25938398,25938402,6,0x09,silence_frame,0
12596,1601,25938408,25938412,14022,0x11,video_data_11,3
12597,1601,25952434,25952438,132,0x13,documented_unknown_13,0
12598,1601,25952570,25952574,0,0x04,start_stop_audio,0
12599,1601,25952574,25952578,6,0x07,send_buffer,1
12600,1601,25952584,25952588,0,0x01,end_of_chunk,0
12601,1602,25952592,25952596,1080,0x0F,set_decoding_map,0
12602,1602,25953676,25953680,2952,0x08,audio_frame,0
12603,1602,25956632,25956636,6,0x09,silence_frame,0
12604,1602,25956642,25956646,14026,0x11,video_data_11,3
12605,1602,25970672,25970676,132,0x13,documented_unknown_13,0
12606,1602,25970808,25970812,0,0x04,start_stop_audio,0
12607,1602,25970812,25970816,6,0x07,send_buffer,1
12608,1602,25970822,25970826,0,0x01,end_of_chunk,0
12609,1603,25970830,25970834,1080,0x0F,set_decoding_map,0
12610,1603,25971914,25971918,2952,0x08,audio_frame,0
12611,1603,25974870,25974874,6,0x09,silence_frame,0
12612,1603,25974880,25974884,14022,0x11,video_data_11,3
12613,1603,25988906,25988910,132,0x13,documented_unknown_13,0
12614,1603,25989042,25989046,0,0x04,start_stop_audio,0
12615,1603,25989046,25989050,6,0x07,send_buffer,1
12616,1603,25989056,25989060,0,0x01,end_of_chunk,0
12617,1604,25989064,25989068,1080,0x0F,set_decoding_map,0
12618,1604,25990148,25990152,2952,0x08,audio_frame,0
12619,1604,25993104,25993108,6,0x09,silence_frame,0
12620,1604,25993114,25993118,14082,0x11,video_data_11,3
12621,1604,26007200,26007204,132,0x13,documented_unknown_13,0
12622,1604,26007336,26007340,0,0x04,start_stop_audio,0
12623,1604,26007340,26007344,6,0x07,send_buffer,1
12624,1604,26007350,26007354,0,0x01,end_of_chunk,0
12625,1605,26007358,26007362,1080,0x0F,set_decoding_map,0
12626,1605,26008442,26008446,2952,0x08,audio_frame,0
12627,1605,26011398,26011402,6,0x09,silence_frame,0
12628,1605,26011408,26011412,14022,0x11,video_data_11,3
12629,1605,26025434,26025438,132,0x13,documented_unknown_13,0
12630,1605,26025570,26025574,0,0x04,start_stop_audio,0
12631,1605,26025574,26025578,6,0x07,send_buffer,1
12632,1605,26025584,26025588,0,0x01,end_of_chunk,0
12633,1606,26025592,26025596,1080,0x0F,set_decoding_map,0
12634,1606,26026676,26026680,2952,0x08,audio_frame,0
12635,1606,26029632,26029636,6,0x09,silence_frame,0
12636,1606,26029642,26029646,14040,0x11,video_data_11,3
12637,1606,26043686,26043690,132,0x13,documented_unknown_13,0
12638,1606,26043822,26043826,0,0x04,start_stop_audio,0
12639,1606,26043826,26043830,6,0x07,send_buffer,1
12640,1606,26043836,26043840,0,0x01,end_of_chunk,0
12641,1607,26043844,26043848,1080,0x0F,set_decoding_map,0
12642,1607,26044928,26044932,2952,0x08,audio_frame,0
12643,1607,26047884,26047888,6,0x09,silence_frame,0
12644,1607,26047894,26047898,14046,0x11,video_data_11,3
12645,1607,26061944,26061948,132,0x13,documented_unknown_13,0
12646,1607,26062080,26062084,0,0x04,start_stop_audio,0
12647,1607,26062084,26062088,6,0x07,send_buffer,1
12648,1607,26062094,26062098,0,0x01,end_of_chunk,0
12649,1608,26062102,26062106,1080,0x0F,set_decoding_map,0
12650,1608,26063186,26063190,2932,0x08,audio_frame,0
12651,1608,26066122,26066126,6,0x09,silence_frame,0
12652,1608,26066132,26066136,14060,0x11,video_data_11,3
12653,1608,26080196,26080200,132,0x13,documented_unknown_13,0
12654,1608,26080332,26080336,0,0x04,start_stop_audio,0
12655,1608,26080336,26080340,6,0x07,send_buffer,1
12656,1608,26080346,26080350,0,0x01,end_of_chunk,0
12657,1609,26080354,26080358,1080,0x0F,set_decoding_map,0
12658,1609,26081438,26081442,2952,0x08,audio_frame,0
12659,1609,26084394,26084398,6,0x09,silence_frame,0
12660,1609,26084404,26084408,14050,0x11,video_data_11,3
12661,1609,26098458,26098462,132,0x13,documented_unknown_13,0
12662,1609,26098594,26098598,0,0x04,start_stop_audio,0
12663,1609,26098598,26098602,6,0x07,send_buffer,1
12664,1609,26098608,26098612,0,0x01,end_of_chunk,0
12665,1610,26098616,26098620,1080,0x0F,set_decoding_map,0
12666,1610,26099700,26099704,2952,0x08,audio_frame,0
12667,1610,26102656,26102660,6,0x09,silence_frame,0
12668,1610,26102666,26102670,14070,0x11,video_data_11,3
12669,1610,26116740,26116744,132,0x13,documented_unknown_13,0
12670,1610,26116876,26116880,0,0x04,start_stop_audio,0
12671,1610,26116880,26116884,6,0x07,send_buffer,1
12672,1610,26116890,26116894,0,0x01,end_of_chunk,0
12673,1611,26116898,26116902,1080,0x0F,set_decoding_map,0
12674,1611,26117982,26117986,2952,0x08,audio_frame,0
12675,1611,26120938,26120942,6,0x09,silence_frame,0
12676,1611,26120948,26120952,14024,0x11,video_data_11,3
12677,1611,26134976,26134980,132,0x13,documented_unknown_13,0
12678,1611,26135112,26135116,0,0x04,start_stop_audio,0
12679,1611,26135116,26135120,6,0x07,send_buffer,1
12680,1611,26135126,26135130,0,0x01,end_of_chunk,0
12681,1612,26135134,26135138,1080,0x0F,set_decoding_map,0
12682,1612,26136218,26136222,2952,0x08,audio_frame,0
12683,1612,26139174,26139178,6,0x09,silence_frame,0
12684,1612,26139184,26139188,14040,0x11,video_data_11,3
12685,1612,26153228,26153232,132,0x13,documented_unknown_13,0
12686,1612,26153364,26153368,0,0x04,start_stop_audio,0
12687,1612,26153368,26153372,6,0x07,send_buffer,1
12688,1612,26153378,26153382,0,0x01,end_of_chunk,0
12689,1613,26153386,26153390,1080,0x0F,set_decoding_map,0
12690,1613,26154470,26154474,2952,0x08,audio_frame,0
12691,1613,26157426,26157430,6,0x09,silence_frame,0
12692,1613,26157436,26157440,14026,0x11,video_data_11,3
12693,1613,26171466,26171470,132,0x13,documented_unknown_13,0
12694,1613,26171602,26171606,0,0x04,start_stop_audio,0
12695,1613,26171606,26171610,6,0x07,send_buffer,1
12696,1613,26171616,26171620,0,0x01,end_of_chunk,0
12697,1614,26171624,26171628,1080,0x0F,set_decoding_map,0
12698,1614,26172708,26172712,2952,0x08,audio_frame,0
12699,1614,26175664,26175668,6,0x09,silence_frame,0
12700,1614,26175674,26175678,14074,0x11,video_data_11,3
12701,1614,26189752,26189756,132,0x13,documented_unknown_13,0
12702,1614,26189888,26189892,0,0x04,start_stop_audio,0
12703,1614,26189892,26189896,6,0x07,send_buffer,1
12704,1614,26189902,26189906,0,0x01,end_of_chunk,0
12705,1615,26189910,26189914,1080,0x0F,set_decoding_map,0
12706,1615,26190994,26190998,2952,0x08,audio_frame,0
12707,1615,26193950,26193954,6,0x09,silence_frame,0
12708,1615,26193960,26193964,14024,0x11,video_data_11,3
12709,1615,26207988,26207992,132,0x13,documented_unknown_13,0
12710,1615,26208124,26208128,0,0x04,start_stop_audio,0
12711,1615,26208128,26208132,6,0x07,send_buffer,1
12712,1615,26208138,26208142,0,0x01,end_of_chunk,0
12713,1616,26208146,26208150,1080,0x0F,set_decoding_map,0
12714,1616,26209230,26209234,2952,0x08,audio_frame,0
12715,1616,26212186,26212190,6,0x09,silence_frame,0
12716,1616,26212196,26212200,14080,0x11,video_data_11,3
12717,1616,26226280,26226284,132,0x13,documented_unknown_13,0
12718,1616,26226416,26226420,0,0x04,start_stop_audio,0
12719,1616,26226420,26226424,6,0x07,send_buffer,1
12720,1616,26226430,26226434,0,0x01,end_of_chunk,0
12721,1617,26226438,26226442,1080,0x0F,set_decoding_map,0
12722,1617,26227522,26227526,2952,0x08,audio_frame,0
12723,1617,26230478,26230482,6,0x09,silence_frame,0
12724,1617,26230488,26230492,14030,0x11,video_data_11,3
12725,1617,26244522,26244526,132,0x13,documented_unknown_13,0
12726,1617,26244658,26244662,0,0x04,start_stop_audio,0
12727,1617,26244662,26244666,6,0x07,send_buffer,1
12728,1617,26244672,26244676,0,0x01,end_of_chunk,0
12729,1618,26244680,26244684,1080,0x0F,set_decoding_map,0
12730,1618,26245764,26245768,2952,0x08,audio_frame,0
12731,1618,26248720,26248724,6,0x09,silence_frame,0
12732,1618,26248730,26248734,14022,0x11,video_data_11,3
12733,1618,26262756,26262760,132,0x13,documented_unknown_13,0
12734,1618,26262892,26262896,0,0x04,start_stop_audio,0
12735,1618,26262896,26262900,6,0x07,send_buffer,1
12736,1618,26262906,26262910,0,0x01,end_of_chunk,0
12737,1619,26262914,26262918,1080,0x0F,set_decoding_map,0
12738,1619,26263998,26264002,2952,0x08,audio_frame,0
12739,1619,26266954,26266958,6,0x09,silence_frame,0
12740,1619,26266964,26266968,14026,0x11,video_data_11,3
12741,1619,26280994,26280998,132,0x13,documented_unknown_13,0
12742,1619,26281130,26281134,0,0x04,start_stop_audio,0
12743,1619,26281134,26281138,6,0x07,send_buffer,1
12744,1619,26281144,26281148,0,0x01,end_of_chunk,0
12745,1620,26281152,26281156,1080,0x0F,set_decoding_map,0
12746,1620,26282236,26282240,2952,0x08,audio_frame,0
12747,1620,26285192,26285196,6,0x09,silence_frame,0
12748,1620,26285202,26285206,14022,0x11,video_data_11,3
12749,1620,26299228,26299232,132,0x13,documented_unknown_13,0
12750,1620,26299364,26299368,0,0x04,start_stop_audio,0
12751,1620,26299368,26299372,6,0x07,send_buffer,1
12752,1620,26299378,26299382,0,0x01,end_of_chunk,0
12753,1621,26299386,26299390,1080,0x0F,set_decoding_map,0
12754,1621,26300470,26300474,2952,0x08,audio_frame,0
12755,1621,26303426,26303430,6,0x09,silence_frame,0
12756,1621,26303436,26303440,14068,0x11,video_data_11,3
12757,1621,26317508,26317512,132,0x13,documented_unknown_13,0
12758,1621,26317644,26317648,0,0x04,start_stop_audio,0
12759,1621,26317648,26317652,6,0x07,send_buffer,1
12760,1621,26317658,26317662,0,0x01,end_of_chunk,0
12761,1622,26317666,26317670,1080,0x0F,set_decoding_map,0
12762,1622,26318750,26318754,2952,0x08,audio_frame,0
12763,1622,26321706,26321710,6,0x09,silence_frame,0
12764,1622,26321716,26321720,14026,0x11,video_data_11,3
12765,1622,26335746,26335750,132,0x13,documented_unknown_13,0
12766,1622,26335882,26335886,0,0x04,start_stop_audio,0
12767,1622,26335886,26335890,6,0x07,send_buffer,1
12768,1622,26335896,26335900,0,0x01,end_of_chunk,0
12769,1623,26335904,26335908,1080,0x0F,set_decoding_map,0
12770,1623,26336988,26336992,2932,0x08,audio_frame,0
12771,1623,26339924,26339928,6,0x09,silence_frame,0
12772,1623,26339934,26339938,14028,0x11,video_data_11,3
12773,1623,26353966,26353970,132,0x13,documented_unknown_13,0
12774,1623,26354102,26354106,0,0x04,start_stop_audio,0
12775,1623,26354106,26354110,6,0x07,send_buffer,1
12776,1623,26354116,26354120,0,0x01,end_of_chunk,0
12777,1624,26354124,26354128,1080,0x0F,set_decoding_map,0
12778,1624,26355208,26355212,2952,0x08,audio_frame,0
12779,1624,26358164,26358168,6,0x09,silence_frame,0
12780,1624,26358174,26358178,14028,0x11,video_data_11,3
12781,1624,26372206,26372210,132,0x13,documented_unknown_13,0
12782,1624,26372342,26372346,0,0x04,start_stop_audio,0
12783,1624,26372346,26372350,6,0x07,send_buffer,1
12784,1624,26372356,26372360,0,0x01,end_of_chunk,0
12785,1625,26372364,26372368,1080,0x0F,set_decoding_map,0
12786,1625,26373448,26373452,2952,0x08,audio_frame,0
12787,1625,26376404,26376408,6,0x09,silence_frame,0
12788,1625,26376414,26376418,14022,0x11,video_data_11,3
12789,1625,26390440,26390444,132,0x13,documented_unknown_13,0
12790,1625,26390576,26390580,0,0x04,start_stop_audio,0
12791,1625,26390580,26390584,6,0x07,send_buffer,1
12792,1625,26390590,26390594,0,0x01,end_of_chunk,0
12793,1626,26390598,26390602,1080,0x0F,set_decoding_map,0
12794,1626,26391682,26391686,2952,0x08,audio_frame,0
12795,1626,26394638,26394642,6,0x09,silence_frame,0
12796,1626,26394648,26394652,14030,0x11,video_data_11,3
12797,1626,26408682,26408686,132,0x13,documented_unknown_13,0
12798,1626,26408818,26408822,0,0x04,start_stop_audio,0
12799,1626,26408822,26408826,6,0x07,send_buffer,1
12800,1626,26408832,26408836,0,0x01,end_of_chunk,0
12801,1627,26408840,26408844,1080,0x0F,set_decoding_map,0
12802,1627,26409924,26409928,2952,0x08,audio_frame,0
12803,1627,26412880,26412884,6,0x09,silence_frame,0
12804,1627,26412890,26412894,14026,0x11,video_data_11,3
12805,1627,26426920,26426924,132,0x13,documented_unknown_13,0
12806,1627,26427056,26427060,0,0x04,start_stop_audio,0
12807,1627,26427060,26427064,6,0x07,send_buffer,1
12808,1627,26427070,26427074,0,0x01,end_of_chunk,0
12809,1628,26427078,26427082,1080,0x0F,set_decoding_map,0
12810,1628,26428162,26428166,2952,0x08,audio_frame,0
12811,1628,26431118,26431122,6,0x09,silence_frame,0
12812,1628,26431128,26431132,14034,0x11,video_data_11,3
12813,1628,26445166,26445170,132,0x13,documented_unknown_13,0
12814,1628,26445302,26445306,0,0x04,start_stop_audio,0
12815,1628,26445306,26445310,6,0x07,send_buffer,1
12816,1628,26445316,26445320,0,0x01,end_of_chunk,0
12817,1629,26445324,26445328,1080,0x0F,set_decoding_map,0
12818,1629,26446408,26446412,2952,0x08,audio_frame,0
12819,1629,26449364,26449368,6,0x09,silence_frame,0
12820,1629,26449374,26449378,14032,0x11,video_data_11,3
12821,1629,26463410,26463414,132,0x13,documented_unknown_13,0
12822,1629,26463546,26463550,0,0x04,start_stop_audio,0
12823,1629,26463550,26463554,6,0x07,send_buffer,1
12824,1629,26463560,26463564,0,0x01,end_of_chunk,0
12825,1630,26463568,26463572,1080,0x0F,set_decoding_map,0
12826,1630,26464652,26464656,2952,0x08,audio_frame,0
12827,1630,26467608,26467612,6,0x09,silence_frame,0
12828,1630,26467618,26467622,14022,0x11,video_data_11,3
12829,1630,26481644,26481648,132,0x13,documented_unknown_13,0
12830,1630,26481780,26481784,0,0x04,start_stop_audio,0
12831,1630,26481784,26481788,6,0x07,send_buffer,1
12832,1630,26481794,26481798,0,0x01,end_of_chunk,0
12833,1631,26481802,26481806,1080,0x0F,set_decoding_map,0
12834,1631,26482886,26482890,2952,0x08,audio_frame,0
12835,1631,26485842,26485846,6,0x09,silence_frame,0
12836,1631,26485852,26485856,14022,0x11,video_data_11,3
12837,1631,26499878,26499882,132,0x13,documented_unknown_13,0
12838,1631,26500014,26500018,0,0x04,start_stop_audio,0
12839,1631,26500018,26500022,6,0x07,send_buffer,1
12840,1631,26500028,26500032,0,0x01,end_of_chunk,0
12841,1632,26500036,26500040,1080,0x0F,set_decoding_map,0
12842,1632,26501120,26501124,2952,0x08,audio_frame,0
12843,1632,26504076,26504080,6,0x09,silence_frame,0
12844,1632,26504086,26504090,14022,0x11,video_data_11,3
12845,1632,26518112,26518116,132,0x13,documented_unknown_13,0
12846,1632,26518248,26518252,0,0x04,start_stop_audio,0
12847,1632,26518252,26518256,6,0x07,send_buffer,1
12848,1632,26518262,26518266,0,0x01,end_of_chunk,0
12849,1633,26518270,26518274,1080,0x0F,set_decoding_map,0
12850,1633,26519354,26519358,2952,0x08,audio_frame,0
12851,1633,26522310,26522314,6,0x09,silence_frame,0
12852,1633,26522320,26522324,14030,0x11,video_data_11,3
12853,1633,26536354,26536358,132,0x13,documented_unknown_13,0
12854,1633,26536490,26536494,0,0x04,start_stop_audio,0
12855,1633,26536494,26536498,6,0x07,send_buffer,1
12856,1633,26536504,26536508,0,0x01,end_of_chunk,0
12857,1634,26536512,26536516,1080,0x0F,set_decoding_map,0
12858,1634,26537596,26537600,2952,0x08,audio_frame,0
12859,1634,26540552,26540556,6,0x09,silence_frame,0
12860,1634,26540562,26540566,14060,0x11,video_data_11,3
12861,1634,26554626,26554630,132,0x13,documented_unknown_13,0
12862,1634,26554762,26554766,0,0x04,start_stop_audio,0
12863,1634,26554766,26554770,6,0x07,send_buffer,1
12864,1634,26554776,26554780,0,0x01,end_of_chunk,0
12865,1635,26554784,26554788,1080,0x0F,set_decoding_map,0
12866,1635,26555868,26555872,2952,0x08,audio_frame,0
12867,1635,26558824,26558828,6,0x09,silence_frame,0
12868,1635,26558834,26558838,14060,0x11,video_data_11,3
12869,1635,26572898,26572902,132,0x13,documented_unknown_13,0
12870,1635,26573034,26573038,0,0x04,start_stop_audio,0
12871,1635,26573038,26573042,6,0x07,send_buffer,1
12872,1635,26573048,26573052,0,0x01,end_of_chunk,0
12873,1636,26573056,26573060,1080,0x0F,set_decoding_map,0
12874,1636,26574140,26574144,2952,0x08,audio_frame,0
12875,1636,26577096,26577100,6,0x09,silence_frame,0
12876,1636,26577106,26577110,14030,0x11,video_data_11,3
12877,1636,26591140,26591144,132,0x13,documented_unknown_13,0
12878,1636,26591276,26591280,0,0x04,start_stop_audio,0
12879,1636,26591280,26591284,6,0x07,send_buffer,1
12880,1636,26591290,26591294,0,0x01,end_of_chunk,0
12881,1637,26591298,26591302,1080,0x0F,set_decoding_map,0
12882,1637,26592382,26592386,2952,0x08,audio_frame,0
12883,1637,26595338,26595342,6,0x09,silence_frame,0
12884,1637,26595348,26595352,14022,0x11,video_data_11,3
12885,1637,26609374,26609378,132,0x13,documented_unknown_13,0
12886,1637,26609510,26609514,0,0x04,start_stop_audio,0
12887,1637,26609514,26609518,6,0x07,send_buffer,1
12888,1637,26609524,26609528,0,0x01,end_of_chunk,0
12889,1638,26609532,26609536,1080,0x0F,set_decoding_map,0
12890,1638,26610616,26610620,2932,0x08,audio_frame,0
12891,1638,26613552,26613556,6,0x09,silence_frame,0
12892,1638,26613562,26613566,14024,0x11,video_data_11,3
12893,1638,26627590,26627594,132,0x13,documented_unknown_13,0
12894,1638,26627726,26627730,0,0x04,start_stop_audio,0
12895,1638,26627730,26627734,6,0x07,send_buffer,1
12896,1638,26627740,26627744,0,0x01,end_of_chunk,0
12897,1639,26627748,26627752,1080,0x0F,set_decoding_map,0
12898,1639,26628832,26628836,2952,0x08,audio_frame,0
12899,1639,26631788,26631792,6,0x09,silence_frame,0
12900,1639,26631798,26631802,14034,0x11,video_data_11,3
12901,1639,26645836,26645840,132,0x13,documented_unknown_13,0
12902,1639,26645972,26645976,0,0x04,start_stop_audio,0
12903,1639,26645976,26645980,6,0x07,send_buffer,1
12904,1639,26645986,26645990,0,0x01,end_of_chunk,0
12905,1640,26645994,26645998,1080,0x0F,set_decoding_map,0
12906,1640,26647078,26647082,2952,0x08,audio_frame,0
12907,1640,26650034,26650038,6,0x09,silence_frame,0
12908,1640,26650044,26650048,14026,0x11,video_data_11,3
12909,1640,26664074,26664078,132,0x13,documented_unknown_13,0
12910,1640,26664210,26664214,0,0x04,start_stop_audio,0
12911,1640,26664214,26664218,6,0x07,send_buffer,1
12912,1640,26664224,26664228,0,0x01,end_of_chunk,0
12913,1641,26664232,26664236,1080,0x0F,set_decoding_map,0
12914,1641,26665316,26665320,2952,0x08,audio_frame,0
12915,1641,26668272,26668276,6,0x09,silence_frame,0
12916,1641,26668282,26668286,14044,0x11,video_data_11,3
12917,1641,26682330,26682334,132,0x13,documented_unknown_13,0
12918,1641,26682466,26682470,0,0x04,start_stop_audio,0
12919,1641,26682470,26682474,6,0x07,send_buffer,1
12920,1641,26682480,26682484,0,0x01,end_of_chunk,0
12921,1642,26682488,26682492,1080,0x0F,set_decoding_map,0
12922,1642,26683572,26683576,2952,0x08,audio_frame,0
12923,1642,26686528,26686532,6,0x09,silence_frame,0
12924,1642,26686538,26686542,14044,0x11,video_data_11,3
12925,1642,26700586,26700590,132,0x13,documented_unknown_13,0
12926,1642,26700722,26700726,0,0x04,start_stop_audio,0
12927,1642,26700726,26700730,6,0x07,send_buffer,1
12928,1642,26700736,26700740,0,0x01,end_of_chunk,0
12929,1643,26700744,26700748,1080,0x0F,set_decoding_map,0
12930,1643,26701828,26701832,2952,0x08,audio_frame,0
12931,1643,26704784,26704788,6,0x09,silence_frame,0
12932,1643,26704794,26704798,14022,0x11,video_data_11,3
12933,1643,26718820,26718824,132,0x13,documented_unknown_13,0
12934,1643,26718956,26718960,0,0x04,start_stop_audio,0
12935,1643,26718960,26718964,6,0x07,send_buffer,1
12936,1643,26718970,26718974,0,0x01,end_of_chunk,0
12937,1644,26718978,26718982,1080,0x0F,set_decoding_map,0
12938,1644,26720062,26720066,2952,0x08,audio_frame,0
12939,1644,26723018,26723022,6,0x09,silence_frame,0
12940,1644,26723028,26723032,14030,0x11,video_data_11,3
12941,1644,26737062,26737066,132,0x13,documented_unknown_13,0
12942,1644,26737198,26737202,0,0x04,start_stop_audio,0
12943,1644,26737202,26737206,6,0x07,send_buffer,1
12944,1644,26737212,26737216,0,0x01,end_of_chunk,0
12945,1645,26737220,26737224,1080,0x0F,set_decoding_map,0
12946,1645,26738304,26738308,2952,0x08,audio_frame,0
12947,1645,26741260,26741264,6,0x09,silence_frame,0
12948,1645,26741270,26741274,14022,0x11,video_data_11,3
12949,1645,26755296,26755300,132,0x13,documented_unknown_13,0
12950,1645,26755432,26755436,0,0x04,start_stop_audio,0
12951,1645,26755436,26755440,6,0x07,send_buffer,1
12952,1645,26755446,26755450,0,0x01,end_of_chunk,0
12953,1646,26755454,26755458,1080,0x0F,set_decoding_map,0
12954,1646,26756538,26756542,2952,0x08,audio_frame,0
12955,1646,26759494,26759498,6,0x09,silence_frame,0
12956,1646,26759504,26759508,14022,0x11,video_data_11,3
12957,1646,26773530,26773534,132,0x13,documented_unknown_13,0
12958,1646,26773666,26773670,0,0x04,start_stop_audio,0
12959,1646,26773670,26773674,6,0x07,send_buffer,1
12960,1646,26773680,26773684,0,0x01,end_of_chunk,0
12961,1647,26773688,26773692,1080,0x0F,set_decoding_map,0
12962,1647,26774772,26774776,2952,0x08,audio_frame,0
12963,1647,26777728,26777732,6,0x09,silence_frame,0
12964,1647,26777738,26777742,14030,0x11,video_data_11,3
12965,1647,26791772,26791776,132,0x13,documented_unknown_13,0
12966,1647,26791908,26791912,0,0x04,start_stop_audio,0
12967,1647,26791912,26791916,6,0x07,send_buffer,1
12968,1647,26791922,26791926,0,0x01,end_of_chunk,0
12969,1648,26791930,26791934,1080,0x0F,set_decoding_map,0
12970,1648,26793014,26793018,2952,0x08,audio_frame,0
12971,1648,26795970,26795974,6,0x09,silence_frame,0
12972,1648,26795980,26795984,14024,0x11,video_data_11,3
12973,1648,26810008,26810012,132,0x13,documented_unknown_13,0
12974,1648,26810144,26810148,0,0x04,start_stop_audio,0
12975,1648,26810148,26810152,6,0x07,send_buffer,1
12976,1648,26810158,26810162,0,0x01,end_of_chunk,0
12977,1649,26810166,26810170,1080,0x0F,set_decoding_map,0
12978,1649,26811250,26811254,2952,0x08,audio_frame,0
12979,1649,26814206,26814210,6,0x09,silence_frame,0
12980,1649,26814216,26814220,14026,0x11,video_data_11,3
12981,1649,26828246,26828250,132,0x13,documented_unknown_13,0
12982,1649,26828382,26828386,0,0x04,start_stop_audio,0
12983,1649,26828386,26828390,6,0x07,send_buffer,1
12984,1649,26828396,26828400,0,0x01,end_of_chunk,0
12985,1650,26828404,26828408,1080,0x0F,set_decoding_map,0
12986,1650,26829488,26829492,2952,0x08,audio_frame,0
12987,1650,26832444,26832448,6,0x09,silence_frame,0
12988,1650,26832454,26832458,14040,0x11,video_data_11,3
12989,1650,26846498,26846502,132,0x13,documented_unknown_13,0
12990,1650,26846634,26846638,0,0x04,start_stop_audio,0
12991,1650,26846638,26846642,6,0x07,send_buffer,1
12992,1650,26846648,26846652,0,0x01,end_of_chunk,0
12993,1651,26846656,26846660,1080,0x0F,set_decoding_map,0
12994,1651,26847740,26847744,2952,0x08,audio_frame,0
12995,1651,26850696,26850700,6,0x09,silence_frame,0
12996,1651,26850706,26850710,14024,0x11,video_data_11,3
12997,1651,26864734,26864738,132,0x13,documented_unknown_13,0
12998,1651,26864870,26864874,0,0x04,start_stop_audio,0
12999,1651,26864874,26864878,6,0x07,send_buffer,1
13000,1651,26864884,26864888,0,0x01,end_of_chunk,0
13001,1652,26864892,26864896,1080,0x0F,set_decoding_map,0
13002,1652,26865976,26865980,2952,0x08,audio_frame,0
13003,1652,26868932,26868936,6,0x09,silence_frame,0
13004,1652,26868942,26868946,14030,0x11,video_data_11,3
13005,1652,26882976,26882980,132,0x13,documented_unknown_13,0
13006,1652,26883112,26883116,0,0x04,start_stop_audio,0
13007,1652,26883116,26883120,6,0x07,send_buffer,1
13008,1652,26883126,26883130,0,0x01,end_of_chunk,0
13009,1653,26883134,26883138,1080,0x0F,set_decoding_map,0
13010,1653,26884218,26884222,2932,0x08,audio_frame,0
13011,1653,26887154,26887158,6,0x09,silence_frame,0
13012,1653,26887164,26887168,14026,0x11,video_data_11,3
13013,1653,26901194,26901198,132,0x13,documented_unknown_13,0
13014,1653,26901330,26901334,0,0x04,start_stop_audio,0
13015,1653,26901334,26901338,6,0x07,send_buffer,1
13016,1653,26901344,26901348,0,0x01,end_of_chunk,0
13017,1654,26901352,26901356,1080,0x0F,set_decoding_map,0
13018,1654,26902436,26902440,2952,0x08,audio_frame,0
13019,1654,26905392,26905396,6,0x09,silence_frame,0
13020,1654,26905402,26905406,14028,0x11,video_data_11,3
13021,1654,26919434,26919438,132,0x13,documented_unknown_13,0
13022,1654,26919570,26919574,0,0x04,start_stop_audio,0
13023,1654,26919574,26919578,6,0x07,send_buffer,1
13024,1654,26919584,26919588,0,0x01,end_of_chunk,0
13025,1655,26919592,26919596,1080,0x0F,set_decoding_map,0
13026,1655,26920676,26920680,2952,0x08,audio_frame,0
13027,1655,26923632,26923636,6,0x09,silence_frame,0
13028,1655,26923642,26923646,14040,0x11,video_data_11,3
13029,1655,26937686,26937690,132,0x13,documented_unknown_13,0
13030,1655,26937822,26937826,0,0x04,start_stop_audio,0
13031,1655,26937826,26937830,6,0x07,send_buffer,1
13032,1655,26937836,26937840,0,0x01,end_of_chunk,0
13033,1656,26937844,26937848,1080,0x0F,set_decoding_map,0
13034,1656,26938928,26938932,2952,0x08,audio_frame,0
13035,1656,26941884,26941888,6,0x09,silence_frame,0
13036,1656,26941894,26941898,14028,0x11,video_data_11,3
13037,1656,26955926,26955930,132,0x13,documented_unknown_13,0
13038,1656,26956062,26956066,0,0x04,start_stop_audio,0
13039,1656,26956066,26956070,6,0x07,send_buffer,1
13040,1656,26956076,26956080,0,0x01,end_of_chunk,0
13041,1657,26956084,26956088,1080,0x0F,set_decoding_map,0
13042,1657,26957168,26957172,2952,0x08,audio_frame,0
13043,1657,26960124,26960128,6,0x09,silence_frame,0
13044,1657,26960134,26960138,14028,0x11,video_data_11,3
13045,1657,26974166,26974170,132,0x13,documented_unknown_13,0
13046,1657,26974302,26974306,0,0x04,start_stop_audio,0
13047,1657,26974306,26974310,6,0x07,send_buffer,1
13048,1657,26974316,26974320,0,0x01,end_of_chunk,0
13049,1658,26974324,26974328,1080,0x0F,set_decoding_map,0
13050,1658,26975408,26975412,2952,0x08,audio_frame,0
13051,1658,26978364,26978368,6,0x09,silence_frame,0
13052,1658,26978374,26978378,14032,0x11,video_data_11,3
13053,1658,26992410,26992414,132,0x13,documented_unknown_13,0
13054,1658,26992546,26992550,0,0x04,start_stop_audio,0
13055,1658,26992550,26992554,6,0x07,send_buffer,1
13056,1658,26992560,26992564,0,0x01,end_of_chunk,0
13057,1659,26992568,26992572,1080,0x0F,set_decoding_map,0
13058,1659,26993652,26993656,2952,0x08,audio_frame,0
13059,1659,26996608,26996612,6,0x09,silence_frame,0
13060,1659,26996618,26996622,14026,0x11,video_data_11,3
13061,1659,27010648,27010652,132,0x13,documented_unknown_13,0
13062,1659,27010784,27010788,0,0x04,start_stop_audio,0
13063,1659,27010788,27010792,6,0x07,send_buffer,1
13064,1659,27010798,27010802,0,0x01,end_of_chunk,0
13065,1660,27010806,27010810,1080,0x0F,set_decoding_map,0
13066,1660,27011890,27011894,2952,0x08,audio_frame,0
13067,1660,27014846,27014850,6,0x09,silence_frame,0
13068,1660,27014856,27014860,14068,0x11,video_data_11,3
13069,1660,27028928,27028932,132,0x13,documented_unknown_13,0
13070,1660,27029064,27029068,0,0x04,start_stop_audio,0
13071,1660,27029068,27029072,6,0x07,send_buffer,1
13072,1660,27029078,27029082,0,0x01,end_of_chunk,0
13073,1661,27029086,27029090,1080,0x0F,set_decoding_map,0
13074,1661,27030170,27030174,2952,0x08,audio_frame,0
13075,1661,27033126,27033130,6,0x09,silence_frame,0
13076,1661,27033136,27033140,14024,0x11,video_data_11,3
13077,1661,27047164,27047168,132,0x13,documented_unknown_13,0
13078,1661,27047300,27047304,0,0x04,start_stop_audio,0
13079,1661,27047304,27047308,6,0x07,send_buffer,1
13080,1661,27047314,27047318,0,0x01,end_of_chunk,0
13081,1662,27047322,27047326,1080,0x0F,set_decoding_map,0
13082,1662,27048406,27048410,2952,0x08,audio_frame,0
13083,1662,27051362,27051366,6,0x09,silence_frame,0
13084,1662,27051372,27051376,14072,0x11,video_data_11,3
13085,1662,27065448,27065452,132,0x13,documented_unknown_13,0
13086,1662,27065584,27065588,0,0x04,start_stop_audio,0
13087,1662,27065588,27065592,6,0x07,send_buffer,1
13088,1662,27065598,27065602,0,0x01,end_of_chunk,0
13089,1663,27065606,27065610,1080,0x0F,set_decoding_map,0
13090,1663,27066690,27066694,2952,0x08,audio_frame,0
13091,1663,27069646,27069650,6,0x09,silence_frame,0
13092,1663,27069656,27069660,14070,0x11,video_data_11,3
13093,1663,27083730,27083734,132,0x13,documented_unknown_13,0
13094,1663,27083866,27083870,0,0x04,start_stop_audio,0
13095,1663,27083870,27083874,6,0x07,send_buffer,1
13096,1663,27083880,27083884,0,0x01,end_of_chunk,0
13097,1664,27083888,27083892,1080,0x0F,set_decoding_map,0
13098,1664,27084972,27084976,2952,0x08,audio_frame,0
13099,1664,27087928,27087932,6,0x09,silence_frame,0
13100,1664,27087938,27087942,14040,0x11,video_data_11,3
13101,1664,27101982,27101986,132,0x13,documented_unknown_13,0
13102,1664,27102118,27102122,0,0x04,start_stop_audio,0
13103,1664,27102122,27102126,6,0x07,send_buffer,1
13104,1664,27102132,27102136,0,0x01,end_of_chunk,0
13105,1665,27102140,27102144,1080,0x0F,set_decoding_map,0
13106,1665,27103224,27103228,2952,0x08,audio_frame,0
13107,1665,27106180,27106184,6,0x09,silence_frame,0
13108,1665,27106190,27106194,14022,0x11,video_data_11,3
13109,1665,27120216,27120220,132,0x13,documented_unknown_13,0
13110,1665,27120352,27120356,0,0x04,start_stop_audio,0
13111,1665,27120356,27120360,6,0x07,send_buffer,1
13112,1665,27120366,27120370,0,0x01,end_of_chunk,0
13113,1666,27120374,27120378,1080,0x0F,set_decoding_map,0
13114,1666,27121458,27121462,2952,0x08,audio_frame,0
13115,1666,27124414,27124418,6,0x09,silence_frame,0
13116,1666,27124424,27124428,14030,0x11,video_data_11,3
13117,1666,27138458,27138462,132,0x13,documented_unknown_13,0
13118,1666,27138594,27138598,0,0x04,start_stop_audio,0
13119,1666,27138598,27138602,6,0x07,send_buffer,1
13120,1666,27138608,27138612,0,0x01,end_of_chunk,0
13121,1667,27138616,27138620,1080,0x0F,set_decoding_map,0
13122,1667,27139700,27139704,2952,0x08,audio_frame,0
13123,1667,27142656,27142660,6,0x09,silence_frame,0
13124,1667,27142666,27142670,14072,0x11,video_data_11,3
13125,1667,27156742,27156746,132,0x13,documented_unknown_13,0
13126,1667,27156878,27156882,0,0x04,start_stop_audio,0
13127,1667,27156882,27156886,6,0x07,send_buffer,1
13128,1667,27156892,27156896,0,0x01,end_of_chunk,0
13129,1668,27156900,27156904,1080,0x0F,set_decoding_map,0
13130,1668,27157984,27157988,2932,0x08,audio_frame,0
13131,1668,27160920,27160924,6,0x09,silence_frame,0
13132,1668,27160930,27160934,14072,0x11,video_data_11,3
13133,1668,27175006,27175010,132,0x13,documented_unknown_13,0
13134,1668,27175142,27175146,0,0x04,start_stop_audio,0
13135,1668,27175146,27175150,6,0x07,send_buffer,1
13136,1668,27175156,27175160,0,0x01,end_of_chunk,0
13137,1669,27175164,27175168,1080,0x0F,set_decoding_map,0
13138,1669,27176248,27176252,2952,0x08,audio_frame,0
13139,1669,27179204,27179208,6,0x09,silence_frame,0
13140,1669,27179214,27179218,14026,0x11,video_data_11,3
13141,1669,27193244,27193248,132,0x13,documented_unknown_13,0
13142,1669,27193380,27193384,0,0x04,start_stop_audio,0
13143,1669,27193384,27193388,6,0x07,send_buffer,1
13144,1669,27193394,27193398,0,0x01,end_of_chunk,0
13145,1670,27193402,27193406,1080,0x0F,set_decoding_map,0
13146,1670,27194486,27194490,2952,0x08,audio_frame,0
13147,1670,27197442,27197446,6,0x09,silence_frame,0
13148,1670,27197452,27197456,14060,0x11,video_data_11,3
13149,1670,27211516,27211520,132,0x13,documented_unknown_13,0
13150,1670,27211652,27211656,0,0x04,start_stop_audio,0
13151,1670,27211656,27211660,6,0x07,send_buffer,1
13152,1670,27211666,27211670,0,0x01,end_of_chunk,0
13153,1671,27211674,27211678,1080,0x0F,set_decoding_map,0
13154,1671,27212758,27212762,2952,0x08,audio_frame,0
13155,1671,27215714,27215718,6,0x09,silence_frame,0
13156,1671,27215724,27215728,14046,0x11,video_data_11,3
13157,1671,27229774,27229778,132,0x13,documented_unknown_13,0
13158,1671,27229910,27229914,0,0x04,start_stop_audio,0
13159,1671,27229914,27229918,6,0x07,send_buffer,1
13160,1671,27229924,27229928,0,0x01,end_of_chunk,0
13161,1672,27229932,27229936,1080,0x0F,set_decoding_map,0
13162,1672,27231016,27231020,2952,0x08,audio_frame,0
13163,1672,27233972,27233976,6,0x09,silence_frame,0
13164,1672,27233982,27233986,14038,0x11,video_data_11,3
13165,1672,27248024,27248028,132,0x13,documented_unknown_13,0
13166,1672,27248160,27248164,0,0x04,start_stop_audio,0
13167,1672,27248164,27248168,6,0x07,send_buffer,1
13168,1672,27248174,27248178,0,0x01,end_of_chunk,0
13169,1673,27248182,27248186,1080,0x0F,set_decoding_map,0
13170,1673,27249266,27249270,2952,0x08,audio_frame,0
13171,1673,27252222,27252226,6,0x09,silence_frame,0
13172,1673,27252232,27252236,14038,0x11,video_data_11,3
13173,1673,27266274,27266278,132,0x13,documented_unknown_13,0
13174,1673,27266410,27266414,0,0x04,start_stop_audio,0
13175,1673,27266414,27266418,6,0x07,send_buffer,1
13176,1673,27266424,27266428,0,0x01,end_of_chunk,0
13177,1674,27266432,27266436,1080,0x0F,set_decoding_map,0
13178,1674,27267516,27267520,2952,0x08,audio_frame,0
13179,1674,27270472,27270476,6,0x09,silence_frame,0
13180,1674,27270482,27270486,14032,0x11,video_data_11,3
13181,1674,27284518,27284522,132,0x13,documented_unknown_13,0
13182,1674,27284654,27284658,0,0x04,start_stop_audio,0
13183,1674,27284658,27284662,6,0x07,send_buffer,1
13184,1674,27284668,27284672,0,0x01,end_of_chunk,0
13185,1675,27284676,27284680,1080,0x0F,set_decoding_map,0
13186,1675,27285760,27285764,2952,0x08,audio_frame,0
13187,1675,27288716,27288720,6,0x09,silence_frame,0
13188,1675,27288726,27288730,14034,0x11,video_data_11,3
13189,1675,27302764,27302768,132,0x13,documented_unknown_13,0
13190,1675,27302900,27302904,0,0x04,start_stop_audio,0
13191,1675,27302904,27302908,6,0x07,send_buffer,1
13192,1675,27302914,27302918,0,0x01,end_of_chunk,0
13193,1676,27302922,27302926,1080,0x0F,set_decoding_map,0
13194,1676,27304006,27304010,2952,0x08,audio_frame,0
13195,1676,27306962,27306966,6,0x09,silence_frame,0
13196,1676,27306972,27306976,14030,0x11,video_data_11,3
13197,1676,27321006,27321010,132,0x13,documented_unknown_13,0
13198,1676,27321142,27321146,0,0x04,start_stop_audio,0
13199,1676,27321146,27321150,6,0x07,send_buffer,1
13200,1676,27321156,27321160,0,0x01,end_of_chunk,0
13201,1677,27321164,27321168,1080,0x0F,set_decoding_map,0
13202,1677,27322248,27322252,2952,0x08,audio_frame,0
13203,1677,27325204,27325208,6,0x09,silence_frame,0
13204,1677,27325214,27325218,14032,0x11,video_data_11,3
13205,1677,27339250,27339254,132,0x13,documented_unknown_13,0
13206,1677,27339386,27339390,0,0x04,start_stop_audio,0
13207,1677,27339390,27339394,6,0x07,send_buffer,1
13208,1677,27339400,27339404,0,0x01,end_of_chunk,0
13209,1678,27339408,27339412,1080,0x0F,set_decoding_map,0
13210,1678,27340492,27340496,2952,0x08,audio_frame,0
13211,1678,27343448,27343452,6,0x09,silence_frame,0
13212,1678,27343458,27343462,14030,0x11,video_data_11,3
13213,1678,27357492,27357496,132,0x13,documented_unknown_13,0
13214,1678,27357628,27357632,0,0x04,start_stop_audio,0
13215,1678,27357632,27357636,6,0x07,send_buffer,1
13216,1678,27357642,27357646,0,0x01,end_of_chunk,0
13217,1679,27357650,27357654,1080,0x0F,set_decoding_map,0
13218,1679,27358734,27358738,2952,0x08,audio_frame,0
13219,1679,27361690,27361694,6,0x09,silence_frame,0
13220,1679,27361700,27361704,14030,0x11,video_data_11,3
13221,1679,27375734,27375738,132,0x13,documented_unknown_13,0
13222,1679,27375870,27375874,0,0x04,start_stop_audio,0
13223,1679,27375874,27375878,6,0x07,send_buffer,1
13224,1679,27375884,27375888,0,0x01,end_of_chunk,0
13225,1680,27375892,27375896,1080,0x0F,set_decoding_map,0
13226,1680,27376976,27376980,2952,0x08,audio_frame,0
13227,1680,27379932,27379936,6,0x09,silence_frame,0
13228,1680,27379942,27379946,14030,0x11,video_data_11,3
13229,1680,27393976,27393980,132,0x13,documented_unknown_13,0
13230,1680,27394112,27394116,0,0x04,start_stop_audio,0
13231,1680,27394116,27394120,6,0x07,send_buffer,1
13232,1680,27394126,27394130,0,0x01,end_of_chunk,0
13233,1681,27394134,27394138,1080,0x0F,set_decoding_map,0
13234,1681,27395218,27395222,2952,0x08,audio_frame,0
13235,1681,27398174,27398178,6,0x09,silence_frame,0
13236,1681,27398184,27398188,14030,0x11,video_data_11,3
13237,1681,27412218,27412222,132,0x13,documented_unknown_13,0
13238,1681,27412354,27412358,0,0x04,start_stop_audio,0
13239,1681,27412358,27412362,6,0x07,send_buffer,1
13240,1681,27412368,27412372,0,0x01,end_of_chunk,0
13241,1682,27412376,27412380,1080,0x0F,set_decoding_map,0
13242,1682,27413460,27413464,2952,0x08,audio_frame,0
13243,1682,27416416,27416420,6,0x09,silence_frame,0
13244,1682,27416426,27416430,14030,0x11,video_data_11,3
13245,1682,27430460,27430464,132,0x13,documented_unknown_13,0
13246,1682,27430596,27430600,0,0x04,start_stop_audio,0
13247,1682,27430600,27430604,6,0x07,send_buffer,1
13248,1682,27430610,27430614,0,0x01,end_of_chunk,0
13249,1683,27430618,27430622,1080,0x0F,set_decoding_map,0
13250,1683,27431702,27431706,2932,0x08,audio_frame,0
13251,1683,27434638,27434642,6,0x09,silence_frame,0
13252,1683,27434648,27434652,14030,0x11,video_data_11,3
13253,1683,27448682,27448686,132,0x13,documented_unknown_13,0
13254,1683,27448818,27448822,0,0x04,start_stop_audio,0
13255,1683,27448822,27448826,6,0x07,send_buffer,1
13256,1683,27448832,27448836,0,0x01,end_of_chunk,0
13257,1684,27448840,27448844,2952,0x08,audio_frame,0
13258,1684,27451796,27451800,6,0x09,silence_frame,0
13259,1684,27451806,27451810,0,0x04,start_stop_audio,0
13260,1684,27451810,27451814,6,0x07,send_buffer,1
13261,1684,27451820,27451824,0,0x01,end_of_chunk,0
13262,1685,27451828,27451832,2952,0x08,audio_frame,0
13263,1685,27454784,27454788,6,0x09,silence_frame,0
13264,1685,27454794,27454798,0,0x04,start_stop_audio,0
13265,1685,27454798,27454802,6,0x07,send_buffer,1
13266,1685,27454808,27454812,0,0x01,end_of_chunk,0
13267,1686,27454816,27454820,2952,0x08,audio_frame,0
13268,1686,27457772,27457776,6,0x09,silence_frame,0
13269,1686,27457782,27457786,0,0x04,start_stop_audio,0
13270,1686,27457786,27457790,6,0x07,send_buffer,1
13271,1686,27457796,27457800,0,0x01,end_of_chunk,0
13272,1687,27457804,27457808,2952,0x08,audio_frame,0
13273,1687,27460760,27460764,6,0x09,silence_frame,0
13274,1687,27460770,27460774,0,0x04,start_stop_audio,0
13275,1687,27460774,27460778,6,0x07,send_buffer,1
13276,1687,27460784,27460788,0,0x01,end_of_chunk,0
13277,1688,27460792,27460796,2952,0x08,audio_frame,0
13278,1688,27463748,27463752,6,0x09,silence_frame,0
13279,1688,27463758,27463762,0,0x04,start_stop_audio,0
13280,1688,27463762,27463766,6,0x07,send_buffer,1
13281,1688,27463772,27463776,0,0x01,end_of_chunk,0
13282,1689,27463780,27463784,2952,0x08,audio_frame,0
13283,1689,27466736,27466740,6,0x09,silence_frame,0
13284,1689,27466746,27466750,0,0x04,start_stop_audio,0
13285,1689,27466750,27466754,6,0x07,send_buffer,1
13286,1689,27466760,27466764,0,0x01,end_of_chunk,0
13287,1690,27466768,27466772,2952,0x08,audio_frame,0
13288,1690,27469724,27469728,6,0x09,silence_frame,0
13289,1690,27469734,27469738,0,0x04,start_stop_audio,0
13290,1690,27469738,27469742,6,0x07,send_buffer,1
13291,1690,27469748,27469752,0,0x01,end_of_chunk,0
13292,1691,27469756,27469760,2952,0x08,audio_frame,0
13293,1691,27472712,27472716,6,0x09,silence_frame,0
13294,1691,27472722,27472726,0,0x04,start_stop_audio,0
13295,1691,27472726,27472730,6,0x07,send_buffer,1
13296,1691,27472736,27472740,0,0x01,end_of_chunk,0
13297,1692,27472744,27472748,2952,0x08,audio_frame,0
13298,1692,27475700,27475704,6,0x09,silence_frame,0
13299,1692,27475710,27475714,0,0x04,start_stop_audio,0
13300,1692,27475714,27475718,6,0x07,send_buffer,1
13301,1692,27475724,27475728,0,0x01,end_of_chunk,0
13302,1693,27475732,27475736,2952,0x08,audio_frame,0
13303,1693,27478688,27478692,6,0x09,silence_frame,0
13304,1693,27478698,27478702,0,0x04,start_stop_audio,0
13305,1693,27478702,27478706,6,0x07,send_buffer,1
13306,1693,27478712,27478716,0,0x01,end_of_chunk,0
13307,1694,27478720,27478724,2952,0x08,audio_frame,0
13308,1694,27481676,27481680,6,0x09,silence_frame,0
13309,1694,27481686,27481690,0,0x04,start_stop_audio,0
13310,1694,27481690,27481694,6,0x07,send_buffer,1
13311,1694,27481700,27481704,0,0x01,end_of_chunk,0
13312,1695,27481708,27481712,2952,0x08,audio_frame,0
13313,1695,27484664,27484668,6,0x09,silence_frame,0
13314,1695,27484674,27484678,0,0x04,start_stop_audio,0
13315,1695,27484678,27484682,6,0x07,send_buffer,1
13316,1695,27484688,27484692,0,0x01,end_of_chunk,0
13317,1696,27484696,27484700,2952,0x08,audio_frame,0
13318,1696,27487652,27487656,6,0x09,silence_frame,0
13319,1696,27487662,27487666,0,0x04,start_stop_audio,0
13320,1696,27487666,27487670,6,0x07,send_buffer,1
13321,1696,27487676,27487680,0,0x01,end_of_chunk,0
13322,1697,27487684,27487688,2952,0x08,audio_frame,0
13323,1697,27490640,27490644,6,0x09,silence_frame,0
13324,1697,27490650,27490654,0,0x04,start_stop_audio,0
13325,1697,27490654,27490658,6,0x07,send_buffer,1
13326,1697,27490664,27490668,0,0x01,end_of_chunk,0
13327,1698,27490672,27490676,2932,0x08,audio_frame,0
13328,1698,27493608,27493612,6,0x09,silence_frame,0
13329,1698,27493618,27493622,0,0x04,start_stop_audio,0
13330,1698,27493622,27493626,6,0x07,send_buffer,1
13331,1698,27493632,27493636,0,0x01,end_of_chunk,0
13332,1699,27493640,27493644,6,0x09,silence_frame,0
13333,1699,27493650,27493654,0,0x04,start_stop_audio,0
13334,1699,27493654,27493658,6,0x07,send_buffer,1
13335,1699,27493664,27493668,0,0x01,end_of_chunk,0
13336,1700,27493672,27493676,6,0x09,silence_frame,0
13337,1700,27493682,27493686,0,0x04,start_stop_audio,0
13338,1700,27493686,27493690,6,0x07,send_buffer,1
13339,1700,27493696,27493700,0,0x01,end_of_chunk,0
13340,1701,27493704,27493708,6,0x09,silence_frame,0
13341,1701,27493714,27493718,0,0x04,start_stop_audio,0
13342,1701,27493718,27493722,6,0x07,send_buffer,1
13343,1701,27493728,27493732,0,0x01,end_of_chunk,0
13344,1702,27493736,27493740,6,0x09,silence_frame,0
13345,1702,27493746,27493750,0,0x04,start_stop_audio,0
13346,1702,27493750,27493754,6,0x07,send_buffer,1
13347,1702,27493760,27493764,0,0x01,end_of_chunk,0
13348,1703,27493768,27493772,6,0x09,silence_frame,0
13349,1703,27493778,27493782,0,0x04,start_stop_audio,0
13350,1703,27493782,27493786,6,0x07,send_buffer,1
13351,1703,27493792,27493796,0,0x01,end_of_chunk,0
13352,1704,27493800,27493804,6,0x09,silence_frame,0
13353,1704,27493810,27493814,0,0x04,start_stop_audio,0
13354,1704,27493814,27493818,6,0x07,send_buffer,1
13355,1704,27493824,27493828,0,0x01,end_of_chunk,0
13356,1705,27493832,27493836,6,0x09,silence_frame,0
13357,1705,27493842,27493846,0,0x04,start_stop_audio,0
13358,1705,27493846,27493850,6,0x07,send_buffer,1
13359,1705,27493856,27493860,0,0x01,end_of_chunk,0
13360,1706,27493864,27493868,6,0x09,silence_frame,0
13361,1706,27493874,27493878,0,0x04,start_stop_audio,0
13362,1706,27493878,27493882,6,0x07,send_buffer,1
13363,1706,27493888,27493892,0,0x01,end_of_chunk,0
13364,1707,27493896,27493900,6,0x09,silence_frame,0
13365,1707,27493906,27493910,0,0x04,start_stop_audio,0
13366,1707,27493910,27493914,6,0x07,send_buffer,1
13367,1707,27493920,27493924,0,0x01,end_of_chunk,0
13368,1708,27493928,27493932,6,0x09,silence_frame,0
13369,1708,27493938,27493942,0,0x04,start_stop_audio,0
13370,1708,27493942,27493946,6,0x07,send_buffer,1
13371,1708,27493952,27493956,0,0x01,end_of_chunk,0
13372,1709,27493960,27493964,6,0x09,silence_frame,0
13373,1709,27493970,27493974,0,0x04,start_stop_audio,0
13374,1709,27493974,27493978,6,0x07,send_buffer,1
13375,1709,27493984,27493988,0,0x01,end_of_chunk,0
13376,1710,27493992,27493996,6,0x09,silence_frame,0
13377,1710,27494002,27494006,0,0x04,start_stop_audio,0
13378,1710,27494006,27494010,6,0x07,send_buffer,1
13379,1710,27494016,27494020,0,0x01,end_of_chunk,0
13380,1711,27494024,27494028,6,0x09,silence_frame,0
13381,1711,27494034,27494038,0,0x04,start_stop_audio,0
13382,1711,27494038,27494042,6,0x07,send_buffer,1
13383,1711,27494048,27494052,0,0x01,end_of_chunk,0
13384,1712,27494056,27494060,6,0x09,silence_frame,0
13385,1712,27494066,27494070,0,0x04,start_stop_audio,0
13386,1712,27494070,27494074,6,0x07,send_buffer,1
13387,1712,27494080,27494084,0,0x01,end_of_chunk,0
13388,1713,27494088,27494092,0,0x00,end_of_stream,0
13389,1713,27494092,27494096,0,0x01,end_of_chunk,0
