path,inventory_quantity,file_offset,elevation_group,object_id,tile,tile_x,tile_y,rotation,pid,pid_hex,prototype_type,prototype_subtype,prototype_filename,script_id,script_filename,inventory_length
0,,120264,0,27,7108,108,35,0,83886099,0x05000013,misc,,00000019.pro,-1,,0
1,,120368,0,28,7109,109,35,0,83886099,0x05000013,misc,,00000019.pro,-1,,0
2,,120472,0,31,7306,106,36,0,83886099,0x05000013,misc,,00000019.pro,-1,,0
3,,120576,0,32,7307,107,36,0,83886099,0x05000013,misc,,00000019.pro,-1,,0
4,,120680,0,33,7308,108,36,0,83886096,0x05000010,misc,,00000016.pro,-1,,0
5,,120784,0,38,7504,104,37,0,83886099,0x05000013,misc,,00000019.pro,-1,,0
6,,120888,0,39,7505,105,37,0,83886099,0x05000013,misc,,00000019.pro,-1,,0
7,,120992,0,40,7508,108,37,0,83886096,0x05000010,misc,,00000016.pro,-1,,0
8,,121096,0,44,7702,102,38,0,83886099,0x05000013,misc,,00000019.pro,-1,,0
9,,121200,0,45,7703,103,38,0,83886099,0x05000013,misc,,00000019.pro,-1,,0
10,,121304,0,46,7709,109,38,0,83886096,0x05000010,misc,,00000016.pro,-1,,0
11,,121408,0,50,7900,100,39,0,83886099,0x05000013,misc,,00000019.pro,-1,,0
12,,121512,0,51,7901,101,39,0,83886099,0x05000013,misc,,00000019.pro,-1,,0
13,,121616,0,52,7909,109,39,0,83886096,0x05000010,misc,,00000016.pro,-1,,0
14,,121720,0,53,7910,110,39,0,83886096,0x05000010,misc,,00000016.pro,-1,,0
15,,121824,0,56,8098,98,40,0,83886099,0x05000013,misc,,00000019.pro,-1,,0
16,,121928,0,57,8099,99,40,0,83886099,0x05000013,misc,,00000019.pro,-1,,0
17,,122032,0,60,8110,110,40,0,83886096,0x05000010,misc,,00000016.pro,-1,,0
18,,122136,0,63,8296,96,41,0,83886099,0x05000013,misc,,00000019.pro,-1,,0
19,,122240,0,64,8297,97,41,0,83886099,0x05000013,misc,,00000019.pro,-1,,0
20,,122344,0,66,8311,111,41,0,83886096,0x05000010,misc,,00000016.pro,-1,,0
21,,122448,0,69,8494,94,42,0,83886099,0x05000013,misc,,00000019.pro,-1,,0
22,,122552,0,70,8495,95,42,0,83886099,0x05000013,misc,,00000019.pro,-1,,0
23,,122656,0,72,8511,111,42,0,83886096,0x05000010,misc,,00000016.pro,-1,,0
24,,122760,0,73,8512,112,42,0,83886096,0x05000010,misc,,00000016.pro,-1,,0
25,,122864,0,76,8692,92,43,0,83886099,0x05000013,misc,,00000019.pro,-1,,0
26,,122968,0,77,8693,93,43,0,83886099,0x05000013,misc,,00000019.pro,-1,,0
27,,123072,0,80,8704,104,43,0,83886092,0x0500000C,misc,,00000012.pro,-1,,0
28,,123160,0,81,8712,112,43,0,83886096,0x05000010,misc,,00000016.pro,-1,,0
29,,123264,0,84,8890,90,44,0,83886099,0x05000013,misc,,00000019.pro,-1,,0
30,,123368,0,85,8891,91,44,0,83886099,0x05000013,misc,,00000019.pro,-1,,0
31,,123472,0,86,8902,102,44,0,83886092,0x0500000C,misc,,00000012.pro,-1,,0
32,,123560,0,88,8903,103,44,0,83886092,0x0500000C,misc,,00000012.pro,-1,,0
33,,123648,0,89,8904,104,44,0,83886092,0x0500000C,misc,,00000012.pro,-1,,0
34,,123736,0,90,8913,113,44,0,83886096,0x05000010,misc,,00000016.pro,-1,,0
35,,123840,0,93,9088,88,45,0,83886099,0x05000013,misc,,00000019.pro,-1,,0
36,,123944,0,94,9089,89,45,0,83886099,0x05000013,misc,,00000019.pro,-1,,0
37,,124048,0,97,9100,100,45,0,83886092,0x0500000C,misc,,00000012.pro,-1,,0
38,,124136,0,98,9101,101,45,0,83886092,0x0500000C,misc,,00000012.pro,-1,,0
39,,124224,0,99,9102,102,45,0,83886092,0x0500000C,misc,,00000012.pro,-1,,0
40,,124312,0,100,9103,103,45,0,83886092,0x0500000C,misc,,00000012.pro,-1,,0
41,,124400,0,102,9105,105,45,0,83886092,0x0500000C,misc,,00000012.pro,-1,,0
42,,124488,0,103,9113,113,45,0,83886096,0x05000010,misc,,00000016.pro,-1,,0
43,,124592,0,104,9114,114,45,0,83886096,0x05000010,misc,,00000016.pro,-1,,0
44,,124696,0,107,9286,86,46,0,83886099,0x05000013,misc,,00000019.pro,-1,,0
45,,124800,0,108,9287,87,46,0,83886099,0x05000013,misc,,00000019.pro,-1,,0
46,,124904,0,113,9298,98,46,0,83886092,0x0500000C,misc,,00000012.pro,-1,,0
47,,124992,0,115,9299,99,46,0,83886092,0x0500000C,misc,,00000012.pro,-1,,0
48,,125080,0,116,9300,100,46,0,83886092,0x0500000C,misc,,00000012.pro,-1,,0
49,,125168,0,117,9301,101,46,0,83886092,0x0500000C,misc,,00000012.pro,-1,,0
50,,125256,0,118,9301,101,46,0,83886092,0x0500000C,misc,,00000012.pro,-1,,0
51,,125344,0,121,9305,105,46,0,83886092,0x0500000C,misc,,00000012.pro,-1,,0
52,,125432,0,122,9306,106,46,0,83886092,0x0500000C,misc,,00000012.pro,-1,,0
53,,125520,0,123,9314,114,46,0,83886096,0x05000010,misc,,00000016.pro,-1,,0
54,,125624,0,124,9466,66,47,0,33554558,0x0200007E,scenery,generic,00000127.pro,-1,,0
55,,125712,0,125,9466,66,47,0,33554534,0x02000066,scenery,generic,00000103.pro,-1,,0
56,,125800,0,126,9468,68,47,0,33554537,0x02000069,scenery,generic,00000106.pro,-1,,0
57,,125888,0,127,9468,68,47,0,33554535,0x02000067,scenery,generic,00000104.pro,-1,,0
58,,125976,0,130,9484,84,47,0,83886099,0x05000013,misc,,00000019.pro,-1,,0
59,,126080,0,131,9485,85,47,0,83886099,0x05000013,misc,,00000019.pro,-1,,0
60,,126184,0,136,9496,96,47,0,83886092,0x0500000C,misc,,00000012.pro,-1,,0
61,,126272,0,137,9497,97,47,0,83886092,0x0500000C,misc,,00000012.pro,-1,,0
62,,126360,0,138,9498,98,47,0,83886092,0x0500000C,misc,,00000012.pro,-1,,0
63,,126448,0,140,9499,99,47,0,83886092,0x0500000C,misc,,00000012.pro,-1,,0
64,,126536,0,142,9506,106,47,0,83886092,0x0500000C,misc,,00000012.pro,-1,,0
65,,126624,0,144,9515,115,47,0,83886096,0x05000010,misc,,00000016.pro,-1,,0
66,,126728,0,147,9682,82,48,0,83886099,0x05000013,misc,,00000019.pro,-1,,0
67,,126832,0,148,9683,83,48,0,83886099,0x05000013,misc,,00000019.pro,-1,,0
68,,126936,0,153,9694,94,48,0,83886092,0x0500000C,misc,,00000012.pro,-1,,0
69,,127024,0,154,9695,95,48,0,83886092,0x0500000C,misc,,00000012.pro,-1,,0
70,,127112,0,155,9696,96,48,0,83886092,0x0500000C,misc,,00000012.pro,-1,,0
71,,127200,0,156,9697,97,48,0,83886092,0x0500000C,misc,,00000012.pro,-1,,0
72,,127288,0,159,9707,107,48,0,83886092,0x0500000C,misc,,00000012.pro,-1,,0
73,,127376,0,163,9715,115,48,0,83886096,0x05000010,misc,,00000016.pro,-1,,0
74,,127480,0,164,9716,116,48,0,83886096,0x05000010,misc,,00000016.pro,-1,,0
75,,127584,0,167,9880,80,49,0,83886099,0x05000013,misc,,00000019.pro,-1,,0
76,,127688,0,168,9881,81,49,0,83886099,0x05000013,misc,,00000019.pro,-1,,0
77,,127792,0,173,9892,92,49,0,83886092,0x0500000C,misc,,00000012.pro,-1,,0
78,,127880,0,174,9893,93,49,0,83886092,0x0500000C,misc,,00000012.pro,-1,,0
79,,127968,0,175,9894,94,49,0,83886092,0x0500000C,misc,,00000012.pro,-1,,0
80,,128056,0,176,9895,95,49,0,83886092,0x0500000C,misc,,00000012.pro,-1,,0
81,,128144,0,182,9907,107,49,0,83886092,0x0500000C,misc,,00000012.pro,-1,,0
82,,128232,0,184,9908,108,49,0,83886092,0x0500000C,misc,,00000012.pro,-1,,0
83,,128320,0,186,9916,116,49,0,83886096,0x05000010,misc,,00000016.pro,-1,,0
84,,128424,0,189,10078,78,50,0,83886099,0x05000013,misc,,00000019.pro,-1,,0
85,,128528,0,190,10079,79,50,0,83886099,0x05000013,misc,,00000019.pro,-1,,0
86,,128632,0,195,10090,90,50,0,83886092,0x0500000C,misc,,00000012.pro,-1,,0
87,,128720,0,196,10091,91,50,0,83886092,0x0500000C,misc,,00000012.pro,-1,,0
88,,128808,0,197,10092,92,50,0,83886092,0x0500000C,misc,,00000012.pro,-1,,0
89,,128896,0,198,10093,93,50,0,83886092,0x0500000C,misc,,00000012.pro,-1,,0
90,,128984,0,203,10108,108,50,0,83886092,0x0500000C,misc,,00000012.pro,-1,,0
91,,129072,0,205,10117,117,50,0,83886096,0x05000010,misc,,00000016.pro,-1,,0
92,,129176,0,208,10276,76,51,0,83886099,0x05000013,misc,,00000019.pro,-1,,0
93,,129280,0,209,10277,77,51,0,83886099,0x05000013,misc,,00000019.pro,-1,,0
94,,129384,0,214,10288,88,51,0,83886092,0x0500000C,misc,,00000012.pro,-1,,0
95,,129472,0,215,10289,89,51,0,83886092,0x0500000C,misc,,00000012.pro,-1,,0
96,,129560,0,216,10290,90,51,0,83886092,0x0500000C,misc,,00000012.pro,-1,,0
97,,129648,0,217,10291,91,51,0,83886092,0x0500000C,misc,,00000012.pro,-1,,0
98,,129736,0,222,10309,109,51,0,83886092,0x0500000C,misc,,00000012.pro,-1,,0
99,,129824,0,225,10317,117,51,0,83886096,0x05000010,misc,,00000016.pro,-1,,0
100,,129928,0,226,10318,118,51,0,83886096,0x05000010,misc,,00000016.pro,-1,,0
101,,130032,0,229,10474,74,52,0,83886099,0x05000013,misc,,00000019.pro,-1,,0
102,,130136,0,230,10475,75,52,0,83886099,0x05000013,misc,,00000019.pro,-1,,0
103,,130240,0,235,10486,86,52,0,83886092,0x0500000C,misc,,00000012.pro,-1,,0
104,,130328,0,236,10487,87,52,0,83886092,0x0500000C,misc,,00000012.pro,-1,,0
105,,130416,0,237,10488,88,52,0,83886092,0x0500000C,misc,,00000012.pro,-1,,0
106,,130504,0,238,10489,89,52,0,83886092,0x0500000C,misc,,00000012.pro,-1,,0
107,,130592,0,245,10509,109,52,0,83886092,0x0500000C,misc,,00000012.pro,-1,,0
108,,130680,0,246,10510,110,52,0,83886092,0x0500000C,misc,,00000012.pro,-1,,0
109,,130768,0,248,10518,118,52,0,83886096,0x05000010,misc,,00000016.pro,-1,,0
110,,130872,0,251,10672,72,53,0,83886099,0x05000013,misc,,00000019.pro,-1,,0
111,,130976,0,252,10673,73,53,0,83886099,0x05000013,misc,,00000019.pro,-1,,0
112,,131080,0,257,10684,84,53,0,83886092,0x0500000C,misc,,00000012.pro,-1,,0
113,,131168,0,258,10685,85,53,0,83886092,0x0500000C,misc,,00000012.pro,-1,,0
114,,131256,0,259,10686,86,53,0,83886092,0x0500000C,misc,,00000012.pro,-1,,0
115,,131344,0,260,10687,87,53,0,83886092,0x0500000C,misc,,00000012.pro,-1,,0
116,,131432,0,265,10710,110,53,0,83886092,0x0500000C,misc,,00000012.pro,-1,,0
117,,131520,0,267,10719,119,53,0,83886096,0x05000010,misc,,00000016.pro,-1,,0
118,,131624,0,268,10734,134,53,0,33554537,0x02000069,scenery,generic,00000106.pro,-1,,0
119,,131712,0,269,10735,135,53,0,33554535,0x02000067,scenery,generic,00000104.pro,-1,,0
120,,131800,0,270,10845,45,54,0,33554535,0x02000067,scenery,generic,00000104.pro,-1,,0
121,,131888,0,271,10846,46,54,0,33554534,0x02000066,scenery,generic,00000103.pro,-1,,0
122,,131976,0,274,10870,70,54,0,83886099,0x05000013,misc,,00000019.pro,-1,,0
123,,132080,0,275,10871,71,54,0,83886099,0x05000013,misc,,00000019.pro,-1,,0
124,,132184,0,280,10882,82,54,0,83886092,0x0500000C,misc,,00000012.pro,-1,,0
125,,132272,0,281,10883,83,54,0,83886092,0x0500000C,misc,,00000012.pro,-1,,0
126,,132360,0,282,10884,84,54,0,83886092,0x0500000C,misc,,00000012.pro,-1,,0
127,,132448,0,283,10884,84,54,0,83886092,0x0500000C,misc,,00000012.pro,-1,,0
128,,132536,0,284,10885,85,54,0,83886092,0x0500000C,misc,,00000012.pro,-1,,0
129,,132624,0,289,10911,111,54,0,83886092,0x0500000C,misc,,00000012.pro,-1,,0
130,,132712,0,292,10917,117,54,0,33554536,0x02000068,scenery,generic,00000105.pro,-1,,0
131,,132800,0,293,10919,119,54,0,83886096,0x05000010,misc,,00000016.pro,-1,,0
132,,132904,0,294,10920,120,54,0,83886096,0x05000010,misc,,00000016.pro,-1,,0
133,,133008,0,297,11068,68,55,0,83886099,0x05000013,misc,,00000019.pro,-1,,0
134,,133112,0,298,11069,69,55,0,83886099,0x05000013,misc,,00000019.pro,-1,,0
135,,133216,0,303,11080,80,55,0,83886092,0x0500000C,misc,,00000012.pro,-1,,0
136,,133304,0,304,11081,81,55,0,83886092,0x0500000C,misc,,00000012.pro,-1,,0
137,,133392,0,305,11082,82,55,0,83886092,0x0500000C,misc,,00000012.pro,-1,,0
138,,133480,0,306,11083,83,55,0,83886092,0x0500000C,misc,,00000012.pro,-1,,0
139,,133568,0,313,11111,111,55,0,83886092,0x0500000C,misc,,00000012.pro,-1,,0
140,,133656,0,314,11112,112,55,0,83886092,0x0500000C,misc,,00000012.pro,-1,,0
141,,133744,0,316,11120,120,55,0,83886096,0x05000010,misc,,00000016.pro,-1,,0
142,,133848,0,317,11136,136,55,0,33554537,0x02000069,scenery,generic,00000106.pro,-1,,0
143,,133936,0,318,11136,136,55,0,33554534,0x02000066,scenery,generic,00000103.pro,-1,,0
144,,134024,0,321,11266,66,56,0,83886099,0x05000013,misc,,00000019.pro,-1,,0
145,,134128,0,322,11267,67,56,0,83886099,0x05000013,misc,,00000019.pro,-1,,0
146,,134232,0,327,11278,78,56,0,83886092,0x0500000C,misc,,00000012.pro,-1,,0
147,,134320,0,328,11279,79,56,0,83886092,0x0500000C,misc,,00000012.pro,-1,,0
148,,134408,0,329,11280,80,56,0,83886092,0x0500000C,misc,,00000012.pro,-1,,0
149,,134496,0,330,11281,81,56,0,83886092,0x0500000C,misc,,00000012.pro,-1,,0
150,,134584,0,335,11312,112,56,0,83886092,0x0500000C,misc,,00000012.pro,-1,,0
151,,134672,0,337,11321,121,56,0,83886096,0x05000010,misc,,00000016.pro,-1,,0
152,,134776,0,338,11335,135,56,0,33554534,0x02000066,scenery,generic,00000103.pro,-1,,0
153,,134864,0,339,11336,136,56,0,33554557,0x0200007D,scenery,generic,00000126.pro,-1,,0
154,,134952,0,342,11464,64,57,0,83886099,0x05000013,misc,,00000019.pro,-1,,0
155,,135056,0,343,11465,65,57,0,83886099,0x05000013,misc,,00000019.pro,-1,,0
156,,135160,0,348,11476,76,57,0,83886092,0x0500000C,misc,,00000012.pro,-1,,0
157,,135248,0,349,11477,77,57,0,83886092,0x0500000C,misc,,00000012.pro,-1,,0
158,,135336,0,350,11478,78,57,0,83886092,0x0500000C,misc,,00000012.pro,-1,,0
159,,135424,0,351,11479,79,57,0,83886092,0x0500000C,misc,,00000012.pro,-1,,0
160,,135512,0,356,11513,113,57,0,83886092,0x0500000C,misc,,00000012.pro,-1,,0
161,,135600,0,359,11521,121,57,0,83886096,0x05000010,misc,,00000016.pro,-1,,0
162,,135704,0,360,11522,122,57,0,83886096,0x05000010,misc,,00000016.pro,-1,,0
163,,135808,0,363,11662,62,58,0,83886099,0x05000013,misc,,00000019.pro,-1,,0
164,,135912,0,364,11663,63,58,0,83886099,0x05000013,misc,,00000019.pro,-1,,0
165,,136016,0,369,11674,74,58,0,83886092,0x0500000C,misc,,00000012.pro,-1,,0
166,,136104,0,370,11675,75,58,0,83886092,0x0500000C,misc,,00000012.pro,-1,,0
167,,136192,0,371,11676,76,58,0,83886092,0x0500000C,misc,,00000012.pro,-1,,0
168,,136280,0,372,11677,77,58,0,83886092,0x0500000C,misc,,00000012.pro,-1,,0
169,,136368,0,382,11713,113,58,0,83886092,0x0500000C,misc,,00000012.pro,-1,,0
170,,136456,0,383,11714,114,58,0,83886092,0x0500000C,misc,,00000012.pro,-1,,0
171,,136544,0,385,11722,122,58,0,83886096,0x05000010,misc,,00000016.pro,-1,,0
172,,136648,0,389,11860,60,59,0,83886099,0x05000013,misc,,00000019.pro,-1,,0
173,,136752,0,390,11861,61,59,0,83886099,0x05000013,misc,,00000019.pro,-1,,0
174,,136856,0,395,11872,72,59,0,83886092,0x0500000C,misc,,00000012.pro,-1,,0
175,,136944,0,396,11873,73,59,0,83886092,0x0500000C,misc,,00000012.pro,-1,,0
176,,137032,0,397,11874,74,59,0,83886092,0x0500000C,misc,,00000012.pro,-1,,0
177,,137120,0,398,11875,75,59,0,83886092,0x0500000C,misc,,00000012.pro,-1,,0
178,,137208,0,408,11914,114,59,0,83886092,0x0500000C,misc,,00000012.pro,-1,,0
179,,137296,0,410,11923,123,59,0,83886096,0x05000010,misc,,00000016.pro,-1,,0
180,,137400,0,414,12058,58,60,0,83886099,0x05000013,misc,,00000019.pro,-1,,0
181,,137504,0,415,12059,59,60,0,83886099,0x05000013,misc,,00000019.pro,-1,,0
182,,137608,0,420,12070,70,60,0,83886092,0x0500000C,misc,,00000012.pro,-1,,0
183,,137696,0,421,12071,71,60,0,83886092,0x0500000C,misc,,00000012.pro,-1,,0
184,,137784,0,422,12072,72,60,0,83886092,0x0500000C,misc,,00000012.pro,-1,,0
185,,137872,0,423,12073,73,60,0,83886092,0x0500000C,misc,,00000012.pro,-1,,0
186,,137960,0,426,12093,93,60,0,33554557,0x0200007D,scenery,generic,00000126.pro,-1,,0
187,,138048,0,427,12094,94,60,0,33554559,0x0200007F,scenery,generic,00000128.pro,-1,,0
188,,138136,0,435,12115,115,60,0,83886092,0x0500000C,misc,,00000012.pro,-1,,0
189,,138224,0,438,12123,123,60,0,83886096,0x05000010,misc,,00000016.pro,-1,,0
190,,138328,0,439,12124,124,60,0,83886096,0x05000010,misc,,00000016.pro,-1,,0
191,,138432,0,442,12256,56,61,0,83886099,0x05000013,misc,,00000019.pro,-1,,0
192,,138536,0,443,12257,57,61,0,83886099,0x05000013,misc,,00000019.pro,-1,,0
193,,138640,0,448,12268,68,61,0,83886092,0x0500000C,misc,,00000012.pro,-1,,0
194,,138728,0,449,12269,69,61,0,83886092,0x0500000C,misc,,00000012.pro,-1,,0
195,,138816,0,450,12270,70,61,0,83886092,0x0500000C,misc,,00000012.pro,-1,,0
196,,138904,0,451,12271,71,61,0,83886092,0x0500000C,misc,,00000012.pro,-1,,0
197,,138992,0,457,12301,101,61,0,33554535,0x02000067,scenery,generic,00000104.pro,-1,,0
198,,139080,0,459,12302,102,61,0,33554537,0x02000069,scenery,generic,00000106.pro,-1,,0
199,,139168,0,466,12315,115,61,0,83886092,0x0500000C,misc,,00000012.pro,-1,,0
200,,139256,0,467,12316,116,61,0,83886092,0x0500000C,misc,,00000012.pro,-1,,0
201,,139344,0,469,12324,124,61,0,83886096,0x05000010,misc,,00000016.pro,-1,,0
202,,139448,0,474,12454,54,62,0,83886099,0x05000013,misc,,00000019.pro,-1,,0
203,,139552,0,475,12455,55,62,0,83886099,0x05000013,misc,,00000019.pro,-1,,0
204,,139656,0,480,12466,66,62,0,83886092,0x0500000C,misc,,00000012.pro,-1,,0
205,,139744,0,481,12466,66,62,0,83886092,0x0500000C,misc,,00000012.pro,-1,,0
206,,139832,0,482,12467,67,62,0,83886092,0x0500000C,misc,,00000012.pro,-1,,0
207,,139920,0,483,12468,68,62,0,83886092,0x0500000C,misc,,00000012.pro,-1,,0
208,,140008,0,484,12469,69,62,0,83886092,0x0500000C,misc,,00000012.pro,-1,,0
209,,140096,0,494,12516,116,62,0,83886092,0x0500000C,misc,,00000012.pro,-1,,0
210,,140184,0,496,12525,125,62,0,83886096,0x05000010,misc,,00000016.pro,-1,,0
211,,140288,0,500,12652,52,63,0,83886099,0x05000013,misc,,00000019.pro,-1,,0
212,,140392,0,501,12653,53,63,0,83886099,0x05000013,misc,,00000019.pro,-1,,0
213,,140496,0,506,12664,64,63,0,83886092,0x0500000C,misc,,00000012.pro,-1,,0
214,,140584,0,507,12665,65,63,0,83886092,0x0500000C,misc,,00000012.pro,-1,,0
215,,140672,0,508,12666,66,63,0,83886092,0x0500000C,misc,,00000012.pro,-1,,0
216,,140760,0,509,12667,67,63,0,83886092,0x0500000C,misc,,00000012.pro,-1,,0
217,,140848,0,519,12717,117,63,0,83886092,0x0500000C,misc,,00000012.pro,-1,,0
218,,140936,0,522,12725,125,63,0,83886096,0x05000010,misc,,00000016.pro,-1,,0
219,,141040,0,523,12726,126,63,0,83886096,0x05000010,misc,,00000016.pro,-1,,0
220,,141144,0,525,12850,50,64,0,83886099,0x05000013,misc,,00000019.pro,-1,,0
221,,141248,0,526,12851,51,64,0,83886099,0x05000013,misc,,00000019.pro,-1,,0
222,,141352,0,531,12862,62,64,0,83886092,0x0500000C,misc,,00000012.pro,-1,,0
223,,141440,0,532,12862,62,64,0,83886092,0x0500000C,misc,,00000012.pro,-1,,0
224,,141528,0,533,12863,63,64,0,83886092,0x0500000C,misc,,00000012.pro,-1,,0
225,,141616,0,534,12864,64,64,0,83886092,0x0500000C,misc,,00000012.pro,-1,,0
226,,141704,0,535,12865,65,64,0,83886092,0x0500000C,misc,,00000012.pro,-1,,0
227,,141792,0,548,12917,117,64,0,83886092,0x0500000C,misc,,00000012.pro,-1,,0
228,,141880,0,549,12918,118,64,0,83886092,0x0500000C,misc,,00000012.pro,-1,,0
229,,141968,0,551,12926,126,64,0,83886096,0x05000010,misc,,00000016.pro,-1,,0
230,,142072,0,552,13048,48,65,0,83886099,0x05000013,misc,,00000019.pro,-1,,0
231,,142176,0,553,13049,49,65,0,83886099,0x05000013,misc,,00000019.pro,-1,,0
232,,142280,0,560,13060,60,65,0,83886092,0x0500000C,misc,,00000012.pro,-1,,0
233,,142368,0,561,13061,61,65,0,83886092,0x0500000C,misc,,00000012.pro,-1,,0
234,,142456,0,562,13062,62,65,0,83886092,0x0500000C,misc,,00000012.pro,-1,,0
235,,142544,0,563,13063,63,65,0,83886092,0x0500000C,misc,,00000012.pro,-1,,0
236,,142632,0,573,13118,118,65,0,83886092,0x0500000C,misc,,00000012.pro,-1,,0
237,,142720,0,575,13127,127,65,0,83886096,0x05000010,misc,,00000016.pro,-1,,0
238,,142824,0,576,13246,46,66,0,83886099,0x05000013,misc,,00000019.pro,-1,,0
239,,142928,0,577,13247,47,66,0,83886099,0x05000013,misc,,00000019.pro,-1,,0
240,,143032,0,581,13258,58,66,0,83886092,0x0500000C,misc,,00000012.pro,-1,,0
241,,143120,0,582,13259,59,66,0,83886092,0x0500000C,misc,,00000012.pro,-1,,0
242,,143208,0,583,13260,60,66,0,83886092,0x0500000C,misc,,00000012.pro,-1,,0
243,,143296,0,584,13261,61,66,0,83886092,0x0500000C,misc,,00000012.pro,-1,,0
244,,143384,0,594,13319,119,66,0,83886092,0x0500000C,misc,,00000012.pro,-1,,0
245,,143472,0,597,13327,127,66,0,83886096,0x05000010,misc,,00000016.pro,-1,,0
246,,143576,0,598,13328,128,66,0,83886096,0x05000010,misc,,00000016.pro,-1,,0
247,,143680,0,599,13444,44,67,0,83886099,0x05000013,misc,,00000019.pro,-1,,0
248,,143784,0,600,13445,45,67,0,83886099,0x05000013,misc,,00000019.pro,-1,,0
249,,143888,0,602,13456,56,67,0,83886092,0x0500000C,misc,,00000012.pro,-1,,0
250,,143976,0,603,13457,57,67,0,83886092,0x0500000C,misc,,00000012.pro,-1,,0
251,,144064,0,605,13458,58,67,0,83886092,0x0500000C,misc,,00000012.pro,-1,,0
252,,144152,0,606,13459,59,67,0,83886092,0x0500000C,misc,,00000012.pro,-1,,0
253,,144240,0,607,13464,64,67,0,33554534,0x02000066,scenery,generic,00000103.pro,-1,,0
254,,144328,0,620,13519,119,67,0,83886092,0x0500000C,misc,,00000012.pro,-1,,0
255,,144416,0,621,13520,120,67,0,83886092,0x0500000C,misc,,00000012.pro,-1,,0
256,,144504,0,623,13528,128,67,0,83886096,0x05000010,misc,,00000016.pro,-1,,0
257,,144608,0,624,13642,42,68,0,83886099,0x05000013,misc,,00000019.pro,-1,,0
258,,144712,0,625,13643,43,68,0,83886099,0x05000013,misc,,00000019.pro,-1,,0
259,,144816,0,628,13654,54,68,0,83886092,0x0500000C,misc,,00000012.pro,-1,,0
260,,144904,0,629,13655,55,68,0,83886092,0x0500000C,misc,,00000012.pro,-1,,0
261,,144992,0,630,13656,56,68,0,83886092,0x0500000C,misc,,00000012.pro,-1,,0
262,,145080,0,631,13657,57,68,0,83886092,0x0500000C,misc,,00000012.pro,-1,,0
263,,145168,0,634,13663,63,68,0,33554537,0x02000069,scenery,generic,00000106.pro,-1,,0
264,,145256,0,635,13663,63,68,0,33554534,0x02000066,scenery,generic,00000103.pro,-1,,0
265,,145344,0,645,13720,120,68,0,83886092,0x0500000C,misc,,00000012.pro,-1,,0
266,,145432,0,647,13729,129,68,0,83886096,0x05000010,misc,,00000016.pro,-1,,0
267,,145536,0,648,13840,40,69,0,83886099,0x05000013,misc,,00000019.pro,-1,,0
268,,145640,0,649,13841,41,69,0,83886099,0x05000013,misc,,00000019.pro,-1,,0
269,,145744,0,650,13852,52,69,0,83886092,0x0500000C,misc,,00000012.pro,-1,,0
270,,145832,0,652,13853,53,69,0,83886092,0x0500000C,misc,,00000012.pro,-1,,0
271,,145920,0,653,13854,54,69,0,83886092,0x0500000C,misc,,00000012.pro,-1,,0
272,,146008,0,654,13855,55,69,0,83886092,0x0500000C,misc,,00000012.pro,-1,,0
273,,146096,0,665,13921,121,69,0,83886092,0x0500000C,misc,,00000012.pro,-1,,0
274,,146184,0,668,13929,129,69,0,83886096,0x05000010,misc,,00000016.pro,-1,,0
275,,146288,0,669,13930,130,69,0,83886096,0x05000010,misc,,00000016.pro,-1,,0
276,,146392,0,670,14038,38,70,0,83886099,0x05000013,misc,,00000019.pro,-1,,0
277,,146496,0,671,14039,39,70,0,83886099,0x05000013,misc,,00000019.pro,-1,,0
278,,146600,0,672,14050,50,70,0,83886092,0x0500000C,misc,,00000012.pro,-1,,0
279,,146688,0,673,14051,51,70,0,83886092,0x0500000C,misc,,00000012.pro,-1,,0
280,,146776,0,674,14052,52,70,0,83886092,0x0500000C,misc,,00000012.pro,-1,,0
281,,146864,0,675,14052,52,70,0,83886092,0x0500000C,misc,,00000012.pro,-1,,0
282,,146952,0,676,14053,53,70,0,83886092,0x0500000C,misc,,00000012.pro,-1,,0
283,,147040,0,691,14121,121,70,0,83886092,0x0500000C,misc,,00000012.pro,-1,,0
284,,147128,0,692,14122,122,70,0,83886092,0x0500000C,misc,,00000012.pro,-1,,0
285,,147216,0,694,14130,130,70,0,83886096,0x05000010,misc,,00000016.pro,-1,,0
286,,147320,0,695,14236,36,71,0,83886099,0x05000013,misc,,00000019.pro,-1,,0
287,,147424,0,696,14237,37,71,0,83886099,0x05000013,misc,,00000019.pro,-1,,0
288,,147528,0,697,14238,38,71,0,83886097,0x05000011,misc,,00000017.pro,-1,,0
289,,147632,0,698,14248,48,71,0,83886092,0x0500000C,misc,,00000012.pro,-1,,0
290,,147720,0,699,14249,49,71,0,83886092,0x0500000C,misc,,00000012.pro,-1,,0
291,,147808,0,700,14250,50,71,0,83886092,0x0500000C,misc,,00000012.pro,-1,,0
292,,147896,0,701,14251,51,71,0,83886092,0x0500000C,misc,,00000012.pro,-1,,0
293,,147984,0,715,14322,122,71,0,83886092,0x0500000C,misc,,00000012.pro,-1,,0
294,,148072,0,717,14331,131,71,0,83886096,0x05000010,misc,,00000016.pro,-1,,0
295,,148176,0,718,14439,39,72,0,83886097,0x05000011,misc,,00000017.pro,-1,,0
296,,148280,0,719,14448,48,72,0,83886092,0x0500000C,misc,,00000012.pro,-1,,0
297,,148368,0,720,14449,49,72,0,83886092,0x0500000C,misc,,00000012.pro,-1,,0
298,,148456,0,732,14523,123,72,0,83886092,0x0500000C,misc,,00000012.pro,-1,,0
299,,148544,0,735,14531,131,72,0,83886096,0x05000010,misc,,00000016.pro,-1,,0
300,,148648,0,736,14532,132,72,0,83886096,0x05000010,misc,,00000016.pro,-1,,0
301,,148752,0,737,14639,39,73,0,83886097,0x05000011,misc,,00000017.pro,-1,,0
302,,148856,0,738,14640,40,73,0,83886097,0x05000011,misc,,00000017.pro,-1,,0
303,,148960,0,739,14649,49,73,0,83886092,0x0500000C,misc,,00000012.pro,-1,,0
304,,149048,0,754,14723,123,73,0,83886092,0x0500000C,misc,,00000012.pro,-1,,0
305,,149136,0,755,14724,124,73,0,83886092,0x0500000C,misc,,00000012.pro,-1,,0
306,,149224,0,757,14732,132,73,0,83886096,0x05000010,misc,,00000016.pro,-1,,0
307,,149328,0,758,14840,40,74,0,83886097,0x05000011,misc,,00000017.pro,-1,,0
308,,149432,0,759,14849,49,74,0,83886092,0x0500000C,misc,,00000012.pro,-1,,0
309,,149520,0,760,14850,50,74,0,83886092,0x0500000C,misc,,00000012.pro,-1,,0
310,,149608,0,767,14864,64,74,0,33554534,0x02000066,scenery,generic,00000103.pro,-1,,0
311,,149696,0,775,14924,124,74,0,83886092,0x0500000C,misc,,00000012.pro,-1,,0
312,,149784,0,777,14933,133,74,0,83886096,0x05000010,misc,,00000016.pro,-1,,0
313,,149888,0,778,15041,41,75,0,83886097,0x05000011,misc,,00000017.pro,-1,,0
314,,149992,0,779,15050,50,75,0,83886092,0x0500000C,misc,,00000012.pro,-1,,0
315,,150080,0,791,15125,125,75,0,83886092,0x0500000C,misc,,00000012.pro,-1,,0
316,,150168,0,794,15133,133,75,0,83886096,0x05000010,misc,,00000016.pro,-1,,0
317,,150272,0,795,15134,134,75,0,83886096,0x05000010,misc,,00000016.pro,-1,,0
318,,150376,0,796,15241,41,76,0,83886097,0x05000011,misc,,00000017.pro,-1,,0
319,,150480,0,798,15242,42,76,0,83886097,0x05000011,misc,,00000017.pro,-1,,0
320,,150584,0,799,15251,51,76,0,83886092,0x0500000C,misc,,00000012.pro,-1,,0
321,,150672,0,808,15273,73,76,0,33554536,0x02000068,scenery,generic,00000105.pro,-1,,0
322,,150760,0,815,15325,125,76,0,83886092,0x0500000C,misc,,00000012.pro,-1,,0
323,,150848,0,816,15326,126,76,0,83886092,0x0500000C,misc,,00000012.pro,-1,,0
324,,150936,0,818,15334,134,76,0,83886096,0x05000010,misc,,00000016.pro,-1,,0
325,,151040,0,820,15442,42,77,0,83886097,0x05000011,misc,,00000017.pro,-1,,0
326,,151144,0,823,15451,51,77,0,83886092,0x0500000C,misc,,00000012.pro,-1,,0
327,,151232,0,825,15452,52,77,0,83886092,0x0500000C,misc,,00000012.pro,-1,,0
328,,151320,0,834,15473,73,77,0,33554537,0x02000069,scenery,generic,00000106.pro,-1,,0
329,,151408,0,838,15526,126,77,0,83886092,0x0500000C,misc,,00000012.pro,-1,,0
330,,151496,0,840,15535,135,77,0,83886096,0x05000010,misc,,00000016.pro,-1,,0
331,,151600,0,842,15643,43,78,0,83886097,0x05000011,misc,,00000017.pro,-1,,0
332,,151704,0,845,15652,52,78,0,83886092,0x0500000C,misc,,00000012.pro,-1,,0
333,,151792,0,855,15727,127,78,0,83886092,0x0500000C,misc,,00000012.pro,-1,,0
334,,151880,0,858,15735,135,78,0,83886096,0x05000010,misc,,00000016.pro,-1,,0
335,,151984,0,859,15736,136,78,0,83886096,0x05000010,misc,,00000016.pro,-1,,0
336,,152088,0,861,15843,43,79,0,83886097,0x05000011,misc,,00000017.pro,-1,,0
337,,152192,0,863,15844,44,79,0,83886097,0x05000011,misc,,00000017.pro,-1,,0
338,,152296,0,866,15853,53,79,0,83886092,0x0500000C,misc,,00000012.pro,-1,,0
339,,152384,0,879,15927,127,79,0,83886092,0x0500000C,misc,,00000012.pro,-1,,0
340,,152472,0,880,15928,128,79,0,83886092,0x0500000C,misc,,00000012.pro,-1,,0
341,,152560,0,882,15936,136,79,0,83886096,0x05000010,misc,,00000016.pro,-1,,0
342,,152664,0,884,16044,44,80,0,83886097,0x05000011,misc,,00000017.pro,-1,,0
343,,152768,0,888,16053,53,80,0,83886092,0x0500000C,misc,,00000012.pro,-1,,0
344,,152856,0,889,16054,54,80,0,83886092,0x0500000C,misc,,00000012.pro,-1,,0
345,,152944,0,901,16128,128,80,0,83886092,0x0500000C,misc,,00000012.pro,-1,,0
346,,153032,0,903,16137,137,80,0,83886096,0x05000010,misc,,00000016.pro,-1,,0
347,,153136,0,906,16245,45,81,0,83886097,0x05000011,misc,,00000017.pro,-1,,0
348,,153240,0,907,16254,54,81,0,83886092,0x0500000C,misc,,00000012.pro,-1,,0
349,,153328,0,917,16329,129,81,0,83886092,0x0500000C,misc,,00000012.pro,-1,,0
350,,153416,0,920,16337,137,81,0,83886096,0x05000010,misc,,00000016.pro,-1,,0
351,,153520,0,921,16338,138,81,0,83886096,0x05000010,misc,,00000016.pro,-1,,0
352,,153624,0,924,16445,45,82,0,83886097,0x05000011,misc,,00000017.pro,-1,,0
353,,153728,0,925,16446,46,82,0,83886097,0x05000011,misc,,00000017.pro,-1,,0
354,,153832,0,926,16455,55,82,0,83886092,0x0500000C,misc,,00000012.pro,-1,,0
355,,153920,0,940,16529,129,82,0,83886092,0x0500000C,misc,,00000012.pro,-1,,0
356,,154008,0,941,16530,130,82,0,83886092,0x0500000C,misc,,00000012.pro,-1,,0
357,,154096,0,943,16538,138,82,0,83886096,0x05000010,misc,,00000016.pro,-1,,0
358,,154200,0,945,16646,46,83,0,83886097,0x05000011,misc,,00000017.pro,-1,,0
359,,154304,0,947,16655,55,83,0,83886092,0x0500000C,misc,,00000012.pro,-1,,0
360,,154392,0,949,16656,56,83,0,83886092,0x0500000C,misc,,00000012.pro,-1,,0
361,,154480,0,959,16730,130,83,0,83886092,0x0500000C,misc,,00000012.pro,-1,,0
362,,154568,0,962,16739,139,83,0,83886096,0x05000010,misc,,00000016.pro,-1,,0
363,,154672,0,965,16847,47,84,0,83886097,0x05000011,misc,,00000017.pro,-1,,0
364,,154776,0,970,16856,56,84,0,83886092,0x0500000C,misc,,00000012.pro,-1,,0
365,,154864,0,973,16905,105,84,0,33554535,0x02000067,scenery,generic,00000104.pro,-1,,0
366,,154952,0,978,16931,131,84,0,83886092,0x0500000C,misc,,00000012.pro,-1,,0
367,,155040,0,981,16939,139,84,0,83886096,0x05000010,misc,,00000016.pro,-1,,0
368,,155144,0,982,16940,140,84,0,83886096,0x05000010,misc,,00000016.pro,-1,,0
369,,155248,0,984,17047,47,85,0,83886097,0x05000011,misc,,00000017.pro,-1,,0
370,,155352,0,985,17048,48,85,0,83886097,0x05000011,misc,,00000017.pro,-1,,0
371,,155456,0,988,17057,57,85,0,83886092,0x0500000C,misc,,00000012.pro,-1,,0
372,,155544,0,991,17105,105,85,0,33554536,0x02000068,scenery,generic,00000105.pro,-1,,0
373,,155632,0,998,17131,131,85,0,83886092,0x0500000C,misc,,00000012.pro,-1,,0
374,,155720,0,999,17132,132,85,0,83886092,0x0500000C,misc,,00000012.pro,-1,,0
375,,155808,0,1001,17140,140,85,0,83886096,0x05000010,misc,,00000016.pro,-1,,0
376,,155912,0,1003,17248,48,86,0,83886097,0x05000011,misc,,00000017.pro,-1,,0
377,,156016,0,1006,17257,57,86,0,83886092,0x0500000C,misc,,00000012.pro,-1,,0
378,,156104,0,1007,17258,58,86,0,83886092,0x0500000C,misc,,00000012.pro,-1,,0
379,,156192,0,1015,17332,132,86,0,83886092,0x0500000C,misc,,00000012.pro,-1,,0
380,,156280,0,1017,17341,141,86,0,83886096,0x05000010,misc,,00000016.pro,-1,,0
381,,156384,0,1020,17449,49,87,0,83886097,0x05000011,misc,,00000017.pro,-1,,0
382,,156488,0,1023,17458,58,87,0,83886092,0x0500000C,misc,,00000012.pro,-1,,0
383,,156576,0,1030,17533,133,87,0,83886092,0x0500000C,misc,,00000012.pro,-1,,0
384,,156664,0,1033,17541,141,87,0,83886096,0x05000010,misc,,00000016.pro,-1,,0
385,,156768,0,1034,17542,142,87,0,83886096,0x05000010,misc,,00000016.pro,-1,,0
386,,156872,0,1036,17649,49,88,0,83886097,0x05000011,misc,,00000017.pro,-1,,0
387,,156976,0,1037,17650,50,88,0,83886097,0x05000011,misc,,00000017.pro,-1,,0
388,,157080,0,1040,17659,59,88,0,83886092,0x0500000C,misc,,00000012.pro,-1,,0
389,,157168,0,1049,17733,133,88,0,83886092,0x0500000C,misc,,00000012.pro,-1,,0
390,,157256,0,1050,17734,134,88,0,83886092,0x0500000C,misc,,00000012.pro,-1,,0
391,,157344,0,1052,17742,142,88,0,83886096,0x05000010,misc,,00000016.pro,-1,,0
392,,157448,0,1054,17850,50,89,0,83886097,0x05000011,misc,,00000017.pro,-1,,0
393,,157552,0,1057,17859,59,89,0,83886092,0x0500000C,misc,,00000012.pro,-1,,0
394,,157640,0,1058,17860,60,89,0,83886092,0x0500000C,misc,,00000012.pro,-1,,0
395,,157728,0,1066,17934,134,89,0,83886092,0x0500000C,misc,,00000012.pro,-1,,0
396,,157816,0,1068,17943,143,89,0,83886096,0x05000010,misc,,00000016.pro,-1,,0
397,,157920,0,1071,18051,51,90,0,83886097,0x05000011,misc,,00000017.pro,-1,,0
398,,158024,0,1074,18060,60,90,0,83886092,0x0500000C,misc,,00000012.pro,-1,,0
399,,158112,0,1081,18135,135,90,0,83886092,0x0500000C,misc,,00000012.pro,-1,,0
400,,158200,0,1084,18143,143,90,0,83886096,0x05000010,misc,,00000016.pro,-1,,0
401,,158304,0,1085,18144,144,90,0,83886096,0x05000010,misc,,00000016.pro,-1,,0
402,,158408,0,1087,18251,51,91,0,83886097,0x05000011,misc,,00000017.pro,-1,,0
403,,158512,0,1088,18252,52,91,0,83886097,0x05000011,misc,,00000017.pro,-1,,0
404,,158616,0,1090,18261,61,91,0,83886092,0x0500000C,misc,,00000012.pro,-1,,0
405,,158704,0,1099,18335,135,91,0,83886092,0x0500000C,misc,,00000012.pro,-1,,0
406,,158792,0,1100,18336,136,91,0,83886092,0x0500000C,misc,,00000012.pro,-1,,0
407,,158880,0,1102,18344,144,91,0,83886096,0x05000010,misc,,00000016.pro,-1,,0
408,,158984,0,1104,18452,52,92,0,83886097,0x05000011,misc,,00000017.pro,-1,,0
409,,159088,0,1107,18461,61,92,0,83886092,0x0500000C,misc,,00000012.pro,-1,,0
410,,159176,0,1108,18462,62,92,0,83886092,0x0500000C,misc,,00000012.pro,-1,,0
411,,159264,0,1116,18536,136,92,0,83886092,0x0500000C,misc,,00000012.pro,-1,,0
412,,159352,0,1118,18545,145,92,0,83886096,0x05000010,misc,,00000016.pro,-1,,0
413,,159456,0,1121,18653,53,93,0,83886097,0x05000011,misc,,00000017.pro,-1,,0
414,,159560,0,1123,18662,62,93,0,83886092,0x0500000C,misc,,00000012.pro,-1,,0
415,,159648,0,1129,18737,137,93,0,83886092,0x0500000C,misc,,00000012.pro,-1,,0
416,,159736,0,1132,18745,145,93,0,83886096,0x05000010,misc,,00000016.pro,-1,,0
417,,159840,0,1133,18746,146,93,0,83886096,0x05000010,misc,,00000016.pro,-1,,0
418,,159944,0,1135,18853,53,94,0,83886097,0x05000011,misc,,00000017.pro,-1,,0
419,,160048,0,1136,18854,54,94,0,83886097,0x05000011,misc,,00000017.pro,-1,,0
420,,160152,0,1137,18857,57,94,0,33554537,0x02000069,scenery,generic,00000106.pro,-1,,0
421,,160240,0,1139,18863,63,94,0,83886092,0x0500000C,misc,,00000012.pro,-1,,0
422,,160328,0,1149,18937,137,94,0,83886092,0x0500000C,misc,,00000012.pro,-1,,0
423,,160416,0,1150,18938,138,94,0,83886092,0x0500000C,misc,,00000012.pro,-1,,0
424,,160504,0,1152,18946,146,94,0,83886096,0x05000010,misc,,00000016.pro,-1,,0
425,,160608,0,1153,19048,48,95,0,33554558,0x0200007E,scenery,generic,00000127.pro,-1,,0
426,,160696,0,1154,19049,49,95,0,33554557,0x0200007D,scenery,generic,00000126.pro,-1,,0
427,,160784,0,1156,19054,54,95,0,83886097,0x05000011,misc,,00000017.pro,-1,,0
428,,160888,0,1159,19063,63,95,0,83886092,0x0500000C,misc,,00000012.pro,-1,,0
429,,160976,0,1160,19064,64,95,0,83886092,0x0500000C,misc,,00000012.pro,-1,,0
430,,161064,0,1170,19138,138,95,0,83886092,0x0500000C,misc,,00000012.pro,-1,,0
431,,161152,0,1172,19147,147,95,0,83886096,0x05000010,misc,,00000016.pro,-1,,0
432,,161256,0,1173,19249,49,96,0,33554559,0x0200007F,scenery,generic,00000128.pro,-1,,0
433,,161344,0,1176,19255,55,96,0,83886097,0x05000011,misc,,00000017.pro,-1,,0
434,,161448,0,1178,19264,64,96,0,83886092,0x0500000C,misc,,00000012.pro,-1,,0
435,,161536,0,1186,19339,139,96,0,83886092,0x0500000C,misc,,00000012.pro,-1,,0
436,,161624,0,1189,19347,147,96,0,83886096,0x05000010,misc,,00000016.pro,-1,,0
437,,161728,0,1190,19348,148,96,0,83886096,0x05000010,misc,,00000016.pro,-1,,0
438,,161832,0,1192,19455,55,97,0,83886097,0x05000011,misc,,00000017.pro,-1,,0
439,,161936,0,1193,19456,56,97,0,83886097,0x05000011,misc,,00000017.pro,-1,,0
440,,162040,0,1195,19465,65,97,0,83886092,0x0500000C,misc,,00000012.pro,-1,,0
441,,162128,0,1208,19539,139,97,0,83886092,0x0500000C,misc,,00000012.pro,-1,,0
442,,162216,0,1209,19540,140,97,0,83886092,0x0500000C,misc,,00000012.pro,-1,,0
443,,162304,0,1211,19548,148,97,0,83886096,0x05000010,misc,,00000016.pro,-1,,0
444,,162408,0,1213,19656,56,98,0,83886097,0x05000011,misc,,00000017.pro,-1,,0
445,,162512,0,1216,19665,65,98,0,83886092,0x0500000C,misc,,00000012.pro,-1,,0
446,,162600,0,1217,19666,66,98,0,83886092,0x0500000C,misc,,00000012.pro,-1,,0
447,,162688,0,1230,19740,140,98,0,83886092,0x0500000C,misc,,00000012.pro,-1,,0
448,,162776,0,1232,19749,149,98,0,83886096,0x05000010,misc,,00000016.pro,-1,,0
449,,162880,0,1236,19857,57,99,0,83886097,0x05000011,misc,,00000017.pro,-1,,0
450,,162984,0,1239,19866,66,99,0,83886092,0x0500000C,misc,,00000012.pro,-1,,0
451,,163072,0,1244,19902,102,99,0,33554499,0x02000043,scenery,generic,00000068.pro,-1,,0
452,,163160,0,1251,19941,141,99,0,83886092,0x0500000C,misc,,00000012.pro,-1,,0
453,,163248,0,1254,19949,149,99,0,83886096,0x05000010,misc,,00000016.pro,-1,,0
454,,163352,0,1255,19950,150,99,0,83886096,0x05000010,misc,,00000016.pro,-1,,0
455,,163456,0,1257,20057,57,100,0,83886097,0x05000011,misc,,00000017.pro,-1,,0
456,,163560,0,1258,20058,58,100,0,83886097,0x05000011,misc,,00000017.pro,-1,,0
457,,163664,0,1260,20067,67,100,0,83886092,0x0500000C,misc,,00000012.pro,-1,,0
458,,163752,0,1267,20100,100,100,0,33554499,0x02000043,scenery,generic,00000068.pro,-1,,0
459,,163840,0,1268,20101,101,100,0,33554499,0x02000043,scenery,generic,00000068.pro,-1,,0
460,,163928,0,1269,20103,103,100,0,33554499,0x02000043,scenery,generic,00000068.pro,-1,,0
461,,164016,0,1278,20141,141,100,0,83886092,0x0500000C,misc,,00000012.pro,-1,,0
462,,164104,0,1279,20142,142,100,0,83886092,0x0500000C,misc,,00000012.pro,-1,,0
463,,164192,0,1281,20150,150,100,0,83886096,0x05000010,misc,,00000016.pro,-1,,0
464,,164296,0,1283,20258,58,101,0,83886097,0x05000011,misc,,00000017.pro,-1,,0
465,,164400,0,1286,20267,67,101,0,83886092,0x0500000C,misc,,00000012.pro,-1,,0
466,,164488,0,1287,20268,68,101,0,83886092,0x0500000C,misc,,00000012.pro,-1,,0
467,,164576,0,1292,20299,99,101,0,33554499,0x02000043,scenery,generic,00000068.pro,-1,,0
468,,164664,0,1293,20300,100,101,0,33554959,0x0200020F,scenery,generic,00000528.pro,-1,,0
469,,164752,0,1294,20303,103,101,0,33554499,0x02000043,scenery,generic,00000068.pro,-1,,0
470,,164840,0,1299,20342,142,101,0,83886092,0x0500000C,misc,,00000012.pro,-1,,0
471,,164928,0,1301,20351,151,101,0,83886096,0x05000010,misc,,00000016.pro,-1,,0
472,,165032,0,1304,20459,59,102,0,83886097,0x05000011,misc,,00000017.pro,-1,,0
473,,165136,0,1306,20468,68,102,0,83886092,0x0500000C,misc,,00000012.pro,-1,,0
474,,165224,0,1309,20497,97,102,1,16777244,0x0100001C,critter,,00000028.pro,-1,,0
475,,165352,0,1310,20499,99,102,0,33554499,0x02000043,scenery,generic,00000068.pro,-1,,0
476,,165440,0,1311,20500,100,102,0,33554499,0x02000043,scenery,generic,00000068.pro,-1,,0
477,,165528,0,1312,20501,101,102,0,33554499,0x02000043,scenery,generic,00000068.pro,-1,,0
478,,165616,0,1313,20502,102,102,0,33554499,0x02000043,scenery,generic,00000068.pro,-1,,0
479,,165704,0,1314,20503,103,102,0,33554499,0x02000043,scenery,generic,00000068.pro,-1,,0
480,,165792,0,1318,20543,143,102,0,83886092,0x0500000C,misc,,00000012.pro,-1,,0
481,,165880,0,1321,20551,151,102,0,83886096,0x05000010,misc,,00000016.pro,-1,,0
482,,165984,0,1322,20552,152,102,0,83886096,0x05000010,misc,,00000016.pro,-1,,0
483,,166088,0,1324,20659,59,103,0,83886097,0x05000011,misc,,00000017.pro,-1,,0
484,,166192,0,1325,20660,60,103,0,83886097,0x05000011,misc,,00000017.pro,-1,,0
485,,166296,0,1327,20669,69,103,0,83886092,0x0500000C,misc,,00000012.pro,-1,,0
486,,166384,0,1336,20743,143,103,0,83886092,0x0500000C,misc,,00000012.pro,-1,,0
487,,166472,0,1337,20744,144,103,0,83886092,0x0500000C,misc,,00000012.pro,-1,,0
488,,166560,0,1339,20752,152,103,0,83886096,0x05000010,misc,,00000016.pro,-1,,0
489,,166664,0,1341,20860,60,104,0,83886097,0x05000011,misc,,00000017.pro,-1,,0
490,,166768,0,1344,20869,69,104,0,83886092,0x0500000C,misc,,00000012.pro,-1,,0
491,,166856,0,1345,20870,70,104,0,83886092,0x0500000C,misc,,00000012.pro,-1,,0
492,,166944,0,1354,20944,144,104,0,83886092,0x0500000C,misc,,00000012.pro,-1,,0
493,,167032,0,1356,20950,150,104,0,33554537,0x02000069,scenery,generic,00000106.pro,-1,,0
494,,167120,0,1357,20953,153,104,0,83886096,0x05000010,misc,,00000016.pro,-1,,0
495,,167224,0,1360,21061,61,105,0,83886097,0x05000011,misc,,00000017.pro,-1,,0
496,,167328,0,1362,21070,70,105,0,83886092,0x0500000C,misc,,00000012.pro,-1,,0
497,,167416,0,1366,21098,98,105,0,33554499,0x02000043,scenery,generic,00000068.pro,-1,,0
498,,167504,0,1369,21100,100,105,0,33554499,0x02000043,scenery,generic,00000068.pro,-1,,0
499,,167592,0,1373,21145,145,105,0,83886092,0x0500000C,misc,,00000012.pro,-1,,0
500,,167680,0,1376,21149,149,105,0,33554534,0x02000066,scenery,generic,00000103.pro,-1,,0
501,,167768,0,1377,21153,153,105,0,83886096,0x05000010,misc,,00000016.pro,-1,,0
502,,167872,0,1378,21154,154,105,0,83886096,0x05000010,misc,,00000016.pro,-1,,0
503,,167976,0,1380,21261,61,106,0,83886097,0x05000011,misc,,00000017.pro,-1,,0
504,,168080,0,1381,21262,62,106,0,83886097,0x05000011,misc,,00000017.pro,-1,,0
505,,168184,0,1383,21271,71,106,0,83886092,0x0500000C,misc,,00000012.pro,-1,,0
506,,168272,0,1387,21296,96,106,0,33554499,0x02000043,scenery,generic,00000068.pro,-1,,0
507,,168360,0,1389,21297,97,106,0,33554499,0x02000043,scenery,generic,00000068.pro,-1,,0
508,,168448,0,1391,21299,99,106,0,33554499,0x02000043,scenery,generic,00000068.pro,-1,,0
509,,168536,0,1393,21300,100,106,0,33554499,0x02000043,scenery,generic,00000068.pro,-1,,0
510,,168624,0,1400,21345,145,106,0,83886092,0x0500000C,misc,,00000012.pro,-1,,0
511,,168712,0,1401,21346,146,106,0,83886092,0x0500000C,misc,,00000012.pro,-1,,0
512,,168800,0,1403,21348,148,106,0,33554557,0x0200007D,scenery,generic,00000126.pro,-1,,0
513,,168888,0,1404,21349,149,106,0,33554559,0x0200007F,scenery,generic,00000128.pro,-1,,0
514,,168976,0,1405,21354,154,106,0,83886096,0x05000010,misc,,00000016.pro,-1,,0
515,,169080,0,1407,21462,62,107,0,83886097,0x05000011,misc,,00000017.pro,-1,,0
516,,169184,0,1410,21471,71,107,0,83886092,0x0500000C,misc,,00000012.pro,-1,,0
517,,169272,0,1411,21472,72,107,0,83886092,0x0500000C,misc,,00000012.pro,-1,,0
518,,169360,0,1416,21494,94,107,0,16777244,0x0100001C,critter,,00000028.pro,-1,,0
519,,169488,0,1417,21496,96,107,0,33554499,0x02000043,scenery,generic,00000068.pro,-1,,0
520,,169576,0,1419,21497,97,107,0,33554960,0x02000210,scenery,generic,00000529.pro,-1,,0
521,,169664,0,1422,21500,100,107,0,33554499,0x02000043,scenery,generic,00000068.pro,-1,,0
522,,169752,0,1426,21546,146,107,0,83886092,0x0500000C,misc,,00000012.pro,-1,,0
523,,169840,0,1428,21549,149,107,0,33554558,0x0200007E,scenery,generic,00000127.pro,-1,,0
524,,169928,0,1429,21555,155,107,0,83886096,0x05000010,misc,,00000016.pro,-1,,0
525,,170032,0,1432,21663,63,108,0,83886097,0x05000011,misc,,00000017.pro,-1,,0
526,,170136,0,1434,21672,72,108,0,83886092,0x0500000C,misc,,00000012.pro,-1,,0
527,,170224,0,1437,21697,97,108,0,33554499,0x02000043,scenery,generic,00000068.pro,-1,,0
528,,170312,0,1439,21698,98,108,0,33554499,0x02000043,scenery,generic,00000068.pro,-1,,0
529,,170400,0,1440,21699,99,108,0,33554499,0x02000043,scenery,generic,00000068.pro,-1,,0
530,,170488,0,1442,21700,100,108,0,33554499,0x02000043,scenery,generic,00000068.pro,-1,,0
531,,170576,0,1446,21745,145,108,0,33554535,0x02000067,scenery,generic,00000104.pro,-1,,0
532,,170664,0,1448,21747,147,108,0,83886092,0x0500000C,misc,,00000012.pro,-1,,0
533,,170752,0,1451,21755,155,108,0,83886096,0x05000010,misc,,00000016.pro,-1,,0
534,,170856,0,1452,21756,156,108,0,83886096,0x05000010,misc,,00000016.pro,-1,,0
535,,170960,0,1454,21863,63,109,0,83886097,0x05000011,misc,,00000017.pro,-1,,0
536,,171064,0,1455,21864,64,109,0,83886097,0x05000011,misc,,00000017.pro,-1,,0
537,,171168,0,1457,21873,73,109,0,83886092,0x0500000C,misc,,00000012.pro,-1,,0
538,,171256,0,1464,21945,145,109,0,33554534,0x02000066,scenery,generic,00000103.pro,-1,,0
539,,171344,0,1467,21947,147,109,0,83886092,0x0500000C,misc,,00000012.pro,-1,,0
540,,171432,0,1468,21948,148,109,0,83886092,0x0500000C,misc,,00000012.pro,-1,,0
541,,171520,0,1470,21956,156,109,0,83886096,0x05000010,misc,,00000016.pro,-1,,0
542,,171624,0,1472,22064,64,110,0,83886097,0x05000011,misc,,00000017.pro,-1,,0
543,,171728,0,1475,22073,73,110,0,83886092,0x0500000C,misc,,00000012.pro,-1,,0
544,,171816,0,1476,22074,74,110,0,83886092,0x0500000C,misc,,00000012.pro,-1,,0
545,,171904,0,1484,22148,148,110,0,83886092,0x0500000C,misc,,00000012.pro,-1,,0
546,,171992,0,1486,22157,157,110,0,83886096,0x05000010,misc,,00000016.pro,-1,,0
547,,172096,0,1489,22265,65,111,0,83886097,0x05000011,misc,,00000017.pro,-1,,0
548,,172200,0,1491,22274,74,111,0,83886092,0x0500000C,misc,,00000012.pro,-1,,0
549,,172288,0,1499,22349,149,111,0,83886092,0x0500000C,misc,,00000012.pro,-1,,0
550,,172376,0,1502,22357,157,111,0,83886096,0x05000010,misc,,00000016.pro,-1,,0
551,,172480,0,1503,22358,158,111,0,83886096,0x05000010,misc,,00000016.pro,-1,,0
552,,172584,0,1505,22465,65,112,0,83886097,0x05000011,misc,,00000017.pro,-1,,0
553,,172688,0,1506,22466,66,112,0,83886097,0x05000011,misc,,00000017.pro,-1,,0
554,,172792,0,1508,22475,75,112,0,83886092,0x0500000C,misc,,00000012.pro,-1,,0
555,,172880,0,1517,22549,149,112,0,83886092,0x0500000C,misc,,00000012.pro,-1,,0
556,,172968,0,1518,22550,150,112,0,83886092,0x0500000C,misc,,00000012.pro,-1,,0
557,,173056,0,1520,22558,158,112,0,83886096,0x05000010,misc,,00000016.pro,-1,,0
558,,173160,0,1522,22666,66,113,0,83886097,0x05000011,misc,,00000017.pro,-1,,0
559,,173264,0,1525,22675,75,113,0,83886092,0x0500000C,misc,,00000012.pro,-1,,0
560,,173352,0,1526,22676,76,113,0,83886092,0x0500000C,misc,,00000012.pro,-1,,0
561,,173440,0,1535,22750,150,113,0,83886092,0x0500000C,misc,,00000012.pro,-1,,0
562,,173528,0,1537,22759,159,113,0,83886096,0x05000010,misc,,00000016.pro,-1,,0
563,,173632,0,1540,22867,67,114,0,83886097,0x05000011,misc,,00000017.pro,-1,,0
564,,173736,0,1542,22876,76,114,0,83886092,0x0500000C,misc,,00000012.pro,-1,,0
565,,173824,0,1545,22915,115,114,0,33554557,0x0200007D,scenery,generic,00000126.pro,-1,,0
566,,173912,0,1550,22951,151,114,0,83886092,0x0500000C,misc,,00000012.pro,-1,,0
567,,174000,0,1553,22959,159,114,0,83886096,0x05000010,misc,,00000016.pro,-1,,0
568,,174104,0,1554,22960,160,114,0,83886096,0x05000010,misc,,00000016.pro,-1,,0
569,,174208,0,1556,23067,67,115,0,83886097,0x05000011,misc,,00000017.pro,-1,,0
570,,174312,0,1557,23068,68,115,0,83886097,0x05000011,misc,,00000017.pro,-1,,0
571,,174416,0,1559,23077,77,115,0,83886092,0x0500000C,misc,,00000012.pro,-1,,0
572,,174504,0,1572,23151,151,115,0,83886092,0x0500000C,misc,,00000012.pro,-1,,0
573,,174592,0,1573,23152,152,115,0,83886092,0x0500000C,misc,,00000012.pro,-1,,0
574,,174680,0,1575,23160,160,115,0,83886096,0x05000010,misc,,00000016.pro,-1,,0
575,,174784,0,1577,23268,68,116,0,83886097,0x05000011,misc,,00000017.pro,-1,,0
576,,174888,0,1580,23277,77,116,0,83886092,0x0500000C,misc,,00000012.pro,-1,,0
577,,174976,0,1581,23278,78,116,0,83886092,0x0500000C,misc,,00000012.pro,-1,,0
578,,175064,0,1589,23315,115,116,0,33554558,0x0200007E,scenery,generic,00000127.pro,-1,,0
579,,175152,0,1593,23352,152,116,0,83886092,0x0500000C,misc,,00000012.pro,-1,,0
580,,175240,0,1595,23361,161,116,0,83886096,0x05000010,misc,,00000016.pro,-1,,0
581,,175344,0,1598,23469,69,117,0,83886097,0x05000011,misc,,00000017.pro,-1,,0
582,,175448,0,1600,23478,78,117,0,83886092,0x0500000C,misc,,00000012.pro,-1,,0
583,,175536,0,1610,23553,153,117,0,83886092,0x0500000C,misc,,00000012.pro,-1,,0
584,,175624,0,1613,23561,161,117,0,83886096,0x05000010,misc,,00000016.pro,-1,,0
585,,175728,0,1614,23562,162,117,0,83886096,0x05000010,misc,,00000016.pro,-1,,0
586,,175832,0,1616,23669,69,118,0,83886097,0x05000011,misc,,00000017.pro,-1,,0
587,,175936,0,1617,23670,70,118,0,83886097,0x05000011,misc,,00000017.pro,-1,,0
588,,176040,0,1619,23679,79,118,0,83886092,0x0500000C,misc,,00000012.pro,-1,,0
589,,176128,0,1629,23753,153,118,0,83886092,0x0500000C,misc,,00000012.pro,-1,,0
590,,176216,0,1630,23754,154,118,0,83886092,0x0500000C,misc,,00000012.pro,-1,,0
591,,176304,0,1632,23762,162,118,0,83886096,0x05000010,misc,,00000016.pro,-1,,0
592,,176408,0,1634,23870,70,119,0,83886097,0x05000011,misc,,00000017.pro,-1,,0
593,,176512,0,1637,23879,79,119,0,83886092,0x0500000C,misc,,00000012.pro,-1,,0
594,,176600,0,1638,23880,80,119,0,83886092,0x0500000C,misc,,00000012.pro,-1,,0
595,,176688,0,1647,23954,154,119,0,83886092,0x0500000C,misc,,00000012.pro,-1,,0
596,,176776,0,1649,23963,163,119,0,83886096,0x05000010,misc,,00000016.pro,-1,,0
597,,176880,0,1652,24071,71,120,0,83886097,0x05000011,misc,,00000017.pro,-1,,0
598,,176984,0,1654,24080,80,120,0,83886092,0x0500000C,misc,,00000012.pro,-1,,0
599,,177072,0,1659,24152,152,120,0,83886092,0x0500000C,misc,,00000012.pro,-1,,0
600,,177160,0,1660,24153,153,120,0,83886092,0x0500000C,misc,,00000012.pro,-1,,0
601,,177248,0,1662,24154,154,120,0,83886092,0x0500000C,misc,,00000012.pro,-1,,0
602,,177336,0,1663,24155,155,120,0,83886092,0x0500000C,misc,,00000012.pro,-1,,0
603,,177424,0,1666,24163,163,120,0,83886096,0x05000010,misc,,00000016.pro,-1,,0
604,,177528,0,1667,24164,164,120,0,83886096,0x05000010,misc,,00000016.pro,-1,,0
605,,177632,0,1668,24166,166,120,0,83886098,0x05000012,misc,,00000018.pro,-1,,0
606,,177736,0,1670,24271,71,121,0,83886097,0x05000011,misc,,00000017.pro,-1,,0
607,,177840,0,1671,24272,72,121,0,83886097,0x05000011,misc,,00000017.pro,-1,,0
608,,177944,0,1673,24281,81,121,0,83886092,0x0500000C,misc,,00000012.pro,-1,,0
609,,178032,0,1680,24350,150,121,0,83886092,0x0500000C,misc,,00000012.pro,-1,,0
610,,178120,0,1681,24351,151,121,0,83886092,0x0500000C,misc,,00000012.pro,-1,,0
611,,178208,0,1682,24352,152,121,0,83886092,0x0500000C,misc,,00000012.pro,-1,,0
612,,178296,0,1683,24353,153,121,0,83886092,0x0500000C,misc,,00000012.pro,-1,,0
613,,178384,0,1687,24364,164,121,0,83886098,0x05000012,misc,,00000018.pro,-1,,0
614,,178488,0,1688,24365,165,121,0,83886098,0x05000012,misc,,00000018.pro,-1,,0
615,,178592,0,1690,24472,72,122,0,83886097,0x05000011,misc,,00000017.pro,-1,,0
616,,178696,0,1693,24481,81,122,0,83886092,0x0500000C,misc,,00000012.pro,-1,,0
617,,178784,0,1694,24482,82,122,0,83886092,0x0500000C,misc,,00000012.pro,-1,,0
618,,178872,0,1699,24548,148,122,0,83886092,0x0500000C,misc,,00000012.pro,-1,,0
619,,178960,0,1702,24549,149,122,0,83886092,0x0500000C,misc,,00000012.pro,-1,,0
620,,179048,0,1704,24550,150,122,0,83886092,0x0500000C,misc,,00000012.pro,-1,,0
621,,179136,0,1705,24551,151,122,0,83886092,0x0500000C,misc,,00000012.pro,-1,,0
622,,179224,0,1708,24562,162,122,0,83886098,0x05000012,misc,,00000018.pro,-1,,0
623,,179328,0,1709,24563,163,122,0,83886098,0x05000012,misc,,00000018.pro,-1,,0
624,,179432,0,1712,24673,73,123,0,83886097,0x05000011,misc,,00000017.pro,-1,,0
625,,179536,0,1714,24682,82,123,0,83886092,0x0500000C,misc,,00000012.pro,-1,,0
626,,179624,0,1717,24746,146,123,0,83886092,0x0500000C,misc,,00000012.pro,-1,,0
627,,179712,0,1718,24747,147,123,0,83886092,0x0500000C,misc,,00000012.pro,-1,,0
628,,179800,0,1719,24748,148,123,0,83886092,0x0500000C,misc,,00000012.pro,-1,,0
629,,179888,0,1720,24749,149,123,0,83886092,0x0500000C,misc,,00000012.pro,-1,,0
630,,179976,0,1727,24760,160,123,0,83886098,0x05000012,misc,,00000018.pro,-1,,0
631,,180080,0,1728,24761,161,123,0,83886098,0x05000012,misc,,00000018.pro,-1,,0
632,,180184,0,1730,24873,73,124,0,83886097,0x05000011,misc,,00000017.pro,-1,,0
633,,180288,0,1731,24874,74,124,0,83886097,0x05000011,misc,,00000017.pro,-1,,0
634,,180392,0,1733,24883,83,124,0,83886092,0x0500000C,misc,,00000012.pro,-1,,0
635,,180480,0,1735,24890,90,124,0,33554536,0x02000068,scenery,generic,00000105.pro,-1,,0
636,,180568,0,1737,24944,144,124,0,83886092,0x0500000C,misc,,00000012.pro,-1,,0
637,,180656,0,1738,24945,145,124,0,83886092,0x0500000C,misc,,00000012.pro,-1,,0
638,,180744,0,1739,24946,146,124,0,83886092,0x0500000C,misc,,00000012.pro,-1,,0
639,,180832,0,1740,24947,147,124,0,83886092,0x0500000C,misc,,00000012.pro,-1,,0
640,,180920,0,1747,24958,158,124,0,83886098,0x05000012,misc,,00000018.pro,-1,,0
641,,181024,0,1749,24959,159,124,0,83886098,0x05000012,misc,,00000018.pro,-1,,0
642,,181128,0,1751,25074,74,125,0,83886097,0x05000011,misc,,00000017.pro,-1,,0
643,,181232,0,1754,25083,83,125,0,83886092,0x0500000C,misc,,00000012.pro,-1,,0
644,,181320,0,1755,25084,84,125,0,83886092,0x0500000C,misc,,00000012.pro,-1,,0
645,,181408,0,1756,25087,87,125,0,33554535,0x02000067,scenery,generic,00000104.pro,-1,,0
646,,181496,0,1757,25088,88,125,0,33554537,0x02000069,scenery,generic,00000106.pro,-1,,0
647,,181584,0,1758,25089,89,125,0,33554535,0x02000067,scenery,generic,00000104.pro,-1,,0
648,,181672,0,1761,25091,91,125,0,33554537,0x02000069,scenery,generic,00000106.pro,-1,,0
649,,181760,0,1762,25092,92,125,0,33554535,0x02000067,scenery,generic,00000104.pro,-1,,0
650,,181848,0,1765,25142,142,125,0,83886092,0x0500000C,misc,,00000012.pro,-1,,0
651,,181936,0,1766,25143,143,125,0,83886092,0x0500000C,misc,,00000012.pro,-1,,0
652,,182024,0,1767,25144,144,125,0,83886092,0x0500000C,misc,,00000012.pro,-1,,0
653,,182112,0,1768,25145,145,125,0,83886092,0x0500000C,misc,,00000012.pro,-1,,0
654,,182200,0,1773,25156,156,125,0,83886098,0x05000012,misc,,00000018.pro,-1,,0
655,,182304,0,1775,25157,157,125,0,83886098,0x05000012,misc,,00000018.pro,-1,,0
656,,182408,0,1779,25275,75,126,0,83886097,0x05000011,misc,,00000017.pro,-1,,0
657,,182512,0,1781,25284,84,126,0,83886092,0x0500000C,misc,,00000012.pro,-1,,0
658,,182600,0,1782,25289,89,126,0,33554536,0x02000068,scenery,generic,00000105.pro,-1,,0
659,,182688,0,1783,25290,90,126,0,33554535,0x02000067,scenery,generic,00000104.pro,-1,,0
660,,182776,0,1786,25340,140,126,0,83886092,0x0500000C,misc,,00000012.pro,-1,,0
661,,182864,0,1787,25341,141,126,0,83886092,0x0500000C,misc,,00000012.pro,-1,,0
662,,182952,0,1788,25342,142,126,0,83886092,0x0500000C,misc,,00000012.pro,-1,,0
663,,183040,0,1789,25343,143,126,0,83886092,0x0500000C,misc,,00000012.pro,-1,,0
664,,183128,0,1793,25354,154,126,0,83886098,0x05000012,misc,,00000018.pro,-1,,0
665,,183232,0,1794,25355,155,126,0,83886098,0x05000012,misc,,00000018.pro,-1,,0
666,,183336,0,1799,25475,75,127,0,83886097,0x05000011,misc,,00000017.pro,-1,,0
667,,183440,0,1800,25476,76,127,0,83886097,0x05000011,misc,,00000017.pro,-1,,0
668,,183544,0,1803,25485,85,127,0,83886092,0x0500000C,misc,,00000012.pro,-1,,0
669,,183632,0,1808,25538,138,127,0,83886092,0x0500000C,misc,,00000012.pro,-1,,0
670,,183720,0,1809,25539,139,127,0,83886092,0x0500000C,misc,,00000012.pro,-1,,0
671,,183808,0,1810,25540,140,127,0,83886092,0x0500000C,misc,,00000012.pro,-1,,0
672,,183896,0,1811,25541,141,127,0,83886092,0x0500000C,misc,,00000012.pro,-1,,0
673,,183984,0,1814,25552,152,127,0,83886098,0x05000012,misc,,00000018.pro,-1,,0
674,,184088,0,1817,25553,153,127,0,83886098,0x05000012,misc,,00000018.pro,-1,,0
675,,184192,0,1822,25676,76,128,0,83886097,0x05000011,misc,,00000017.pro,-1,,0
676,,184296,0,1825,25685,85,128,0,83886092,0x0500000C,misc,,00000012.pro,-1,,0
677,,184384,0,1826,25686,86,128,0,83886092,0x0500000C,misc,,00000012.pro,-1,,0
678,,184472,0,1831,25736,136,128,0,83886092,0x0500000C,misc,,00000012.pro,-1,,0
679,,184560,0,1832,25737,137,128,0,83886092,0x0500000C,misc,,00000012.pro,-1,,0
680,,184648,0,1833,25738,138,128,0,83886092,0x0500000C,misc,,00000012.pro,-1,,0
681,,184736,0,1834,25739,139,128,0,83886092,0x0500000C,misc,,00000012.pro,-1,,0
682,,184824,0,1835,25750,150,128,0,83886098,0x05000012,misc,,00000018.pro,-1,,0
683,,184928,0,1836,25751,151,128,0,83886098,0x05000012,misc,,00000018.pro,-1,,0
684,,185032,0,1844,25877,77,129,0,83886097,0x05000011,misc,,00000017.pro,-1,,0
685,,185136,0,1846,25886,86,129,0,83886092,0x0500000C,misc,,00000012.pro,-1,,0
686,,185224,0,1849,25934,134,129,0,83886092,0x0500000C,misc,,00000012.pro,-1,,0
687,,185312,0,1850,25935,135,129,0,83886092,0x0500000C,misc,,00000012.pro,-1,,0
688,,185400,0,1851,25936,136,129,0,83886092,0x0500000C,misc,,00000012.pro,-1,,0
689,,185488,0,1852,25937,137,129,0,83886092,0x0500000C,misc,,00000012.pro,-1,,0
690,,185576,0,1853,25948,148,129,0,83886098,0x05000012,misc,,00000018.pro,-1,,0
691,,185680,0,1854,25949,149,129,0,83886098,0x05000012,misc,,00000018.pro,-1,,0
692,,185784,0,1865,26077,77,130,0,83886097,0x05000011,misc,,00000017.pro,-1,,0
693,,185888,0,1866,26078,78,130,0,83886097,0x05000011,misc,,00000017.pro,-1,,0
694,,185992,0,1868,26087,87,130,0,83886092,0x0500000C,misc,,00000012.pro,-1,,0
695,,186080,0,1872,26132,132,130,0,83886092,0x0500000C,misc,,00000012.pro,-1,,0
696,,186168,0,1873,26133,133,130,0,83886092,0x0500000C,misc,,00000012.pro,-1,,0
697,,186256,0,1874,26134,134,130,0,83886092,0x0500000C,misc,,00000012.pro,-1,,0
698,,186344,0,1875,26135,135,130,0,83886092,0x0500000C,misc,,00000012.pro,-1,,0
699,,186432,0,1876,26146,146,130,0,83886098,0x05000012,misc,,00000018.pro,-1,,0
700,,186536,0,1877,26147,147,130,0,83886098,0x05000012,misc,,00000018.pro,-1,,0
701,,186640,0,1888,26278,78,131,0,83886097,0x05000011,misc,,00000017.pro,-1,,0
702,,186744,0,1891,26287,87,131,0,83886092,0x0500000C,misc,,00000012.pro,-1,,0
703,,186832,0,1892,26288,88,131,0,83886092,0x0500000C,misc,,00000012.pro,-1,,0
704,,186920,0,1897,26330,130,131,0,83886092,0x0500000C,misc,,00000012.pro,-1,,0
705,,187008,0,1898,26331,131,131,0,83886092,0x0500000C,misc,,00000012.pro,-1,,0
706,,187096,0,1899,26332,132,131,0,83886092,0x0500000C,misc,,00000012.pro,-1,,0
707,,187184,0,1900,26333,133,131,0,83886092,0x0500000C,misc,,00000012.pro,-1,,0
708,,187272,0,1901,26344,144,131,0,83886098,0x05000012,misc,,00000018.pro,-1,,0
709,,187376,0,1902,26345,145,131,0,83886098,0x05000012,misc,,00000018.pro,-1,,0
710,,187480,0,1914,26479,79,132,0,83886097,0x05000011,misc,,00000017.pro,-1,,0
711,,187584,0,1916,26488,88,132,0,83886092,0x0500000C,misc,,00000012.pro,-1,,0
712,,187672,0,1919,26528,128,132,0,83886092,0x0500000C,misc,,00000012.pro,-1,,0
713,,187760,0,1920,26529,129,132,0,83886092,0x0500000C,misc,,00000012.pro,-1,,0
714,,187848,0,1921,26530,130,132,0,83886092,0x0500000C,misc,,00000012.pro,-1,,0
715,,187936,0,1922,26531,131,132,0,83886092,0x0500000C,misc,,00000012.pro,-1,,0
716,,188024,0,1923,26542,142,132,0,83886098,0x05000012,misc,,00000018.pro,-1,,0
717,,188128,0,1924,26543,143,132,0,83886098,0x05000012,misc,,00000018.pro,-1,,0
718,,188232,0,1939,26679,79,133,0,83886097,0x05000011,misc,,00000017.pro,-1,,0
719,,188336,0,1940,26680,80,133,0,83886097,0x05000011,misc,,00000017.pro,-1,,0
720,,188440,0,1942,26689,89,133,0,83886092,0x0500000C,misc,,00000012.pro,-1,,0
721,,188528,0,1945,26726,126,133,0,83886092,0x0500000C,misc,,00000012.pro,-1,,0
722,,188616,0,1946,26727,127,133,0,83886092,0x0500000C,misc,,00000012.pro,-1,,0
723,,188704,0,1947,26728,128,133,0,83886092,0x0500000C,misc,,00000012.pro,-1,,0
724,,188792,0,1948,26729,129,133,0,83886092,0x0500000C,misc,,00000012.pro,-1,,0
725,,188880,0,1949,26740,140,133,0,83886098,0x05000012,misc,,00000018.pro,-1,,0
726,,188984,0,1950,26741,141,133,0,83886098,0x05000012,misc,,00000018.pro,-1,,0
727,,189088,0,1962,26864,64,134,0,33554537,0x02000069,scenery,generic,00000106.pro,-1,,0
728,,189176,0,1963,26864,64,134,0,33554534,0x02000066,scenery,generic,00000103.pro,-1,,0
729,,189264,0,1965,26880,80,134,0,83886097,0x05000011,misc,,00000017.pro,-1,,0
730,,189368,0,1968,26889,89,134,0,83886092,0x0500000C,misc,,00000012.pro,-1,,0
731,,189456,0,1969,26890,90,134,0,83886092,0x0500000C,misc,,00000012.pro,-1,,0
732,,189544,0,1974,26924,124,134,0,83886092,0x0500000C,misc,,00000012.pro,-1,,0
733,,189632,0,1975,26925,125,134,0,83886092,0x0500000C,misc,,00000012.pro,-1,,0
734,,189720,0,1976,26926,126,134,0,83886092,0x0500000C,misc,,00000012.pro,-1,,0
735,,189808,0,1977,26927,127,134,0,83886092,0x0500000C,misc,,00000012.pro,-1,,0
736,,189896,0,1978,26938,138,134,0,83886098,0x05000012,misc,,00000018.pro,-1,,0
737,,190000,0,1979,26939,139,134,0,83886098,0x05000012,misc,,00000018.pro,-1,,0
738,,190104,0,1993,27081,81,135,0,83886097,0x05000011,misc,,00000017.pro,-1,,0
739,,190208,0,1995,27090,90,135,0,83886092,0x0500000C,misc,,00000012.pro,-1,,0
740,,190296,0,1998,27122,122,135,0,83886092,0x0500000C,misc,,00000012.pro,-1,,0
741,,190384,0,1999,27123,123,135,0,83886092,0x0500000C,misc,,00000012.pro,-1,,0
742,,190472,0,2000,27124,124,135,0,83886092,0x0500000C,misc,,00000012.pro,-1,,0
743,,190560,0,2001,27125,125,135,0,83886092,0x0500000C,misc,,00000012.pro,-1,,0
744,,190648,0,2002,27136,136,135,0,83886098,0x05000012,misc,,00000018.pro,-1,,0
745,,190752,0,2003,27137,137,135,0,83886098,0x05000012,misc,,00000018.pro,-1,,0
746,,190856,0,2016,27281,81,136,0,83886097,0x05000011,misc,,00000017.pro,-1,,0
747,,190960,0,2017,27282,82,136,0,83886097,0x05000011,misc,,00000017.pro,-1,,0
748,,191064,0,2019,27291,91,136,0,83886092,0x0500000C,misc,,00000012.pro,-1,,0
749,,191152,0,2022,27320,120,136,0,83886092,0x0500000C,misc,,00000012.pro,-1,,0
750,,191240,0,2023,27321,121,136,0,83886092,0x0500000C,misc,,00000012.pro,-1,,0
751,,191328,0,2024,27322,122,136,0,83886092,0x0500000C,misc,,00000012.pro,-1,,0
752,,191416,0,2025,27323,123,136,0,83886092,0x0500000C,misc,,00000012.pro,-1,,0
753,,191504,0,2026,27334,134,136,0,83886098,0x05000012,misc,,00000018.pro,-1,,0
754,,191608,0,2027,27335,135,136,0,83886098,0x05000012,misc,,00000018.pro,-1,,0
755,,191712,0,2040,27482,82,137,0,83886097,0x05000011,misc,,00000017.pro,-1,,0
756,,191816,0,2043,27491,91,137,0,83886092,0x0500000C,misc,,00000012.pro,-1,,0
757,,191904,0,2044,27492,92,137,0,83886092,0x0500000C,misc,,00000012.pro,-1,,0
758,,191992,0,2049,27518,118,137,0,83886092,0x0500000C,misc,,00000012.pro,-1,,0
759,,192080,0,2050,27519,119,137,0,83886092,0x0500000C,misc,,00000012.pro,-1,,0
760,,192168,0,2051,27520,120,137,0,83886092,0x0500000C,misc,,00000012.pro,-1,,0
761,,192256,0,2052,27521,121,137,0,83886092,0x0500000C,misc,,00000012.pro,-1,,0
762,,192344,0,2053,27532,132,137,0,83886098,0x05000012,misc,,00000018.pro,-1,,0
763,,192448,0,2054,27533,133,137,0,83886098,0x05000012,misc,,00000018.pro,-1,,0
764,,192552,0,2069,27683,83,138,0,83886097,0x05000011,misc,,00000017.pro,-1,,0
765,,192656,0,2071,27692,92,138,0,83886092,0x0500000C,misc,,00000012.pro,-1,,0
766,,192744,0,2074,27716,116,138,0,83886092,0x0500000C,misc,,00000012.pro,-1,,0
767,,192832,0,2075,27717,117,138,0,83886092,0x0500000C,misc,,00000012.pro,-1,,0
768,,192920,0,2076,27718,118,138,0,83886092,0x0500000C,misc,,00000012.pro,-1,,0
769,,193008,0,2077,27719,119,138,0,83886092,0x0500000C,misc,,00000012.pro,-1,,0
770,,193096,0,2078,27730,130,138,0,83886098,0x05000012,misc,,00000018.pro,-1,,0
771,,193200,0,2079,27731,131,138,0,83886098,0x05000012,misc,,00000018.pro,-1,,0
772,,193304,0,2092,27883,83,139,0,83886097,0x05000011,misc,,00000017.pro,-1,,0
773,,193408,0,2093,27884,84,139,0,83886097,0x05000011,misc,,00000017.pro,-1,,0
774,,193512,0,2095,27893,93,139,0,83886092,0x0500000C,misc,,00000012.pro,-1,,0
775,,193600,0,2098,27914,114,139,0,83886092,0x0500000C,misc,,00000012.pro,-1,,0
776,,193688,0,2099,27915,115,139,0,83886092,0x0500000C,misc,,00000012.pro,-1,,0
777,,193776,0,2100,27916,116,139,0,83886092,0x0500000C,misc,,00000012.pro,-1,,0
778,,193864,0,2101,27917,117,139,0,83886092,0x0500000C,misc,,00000012.pro,-1,,0
779,,193952,0,2102,27928,128,139,0,83886098,0x05000012,misc,,00000018.pro,-1,,0
780,,194056,0,2104,27929,129,139,0,83886098,0x05000012,misc,,00000018.pro,-1,,0
781,,194160,0,2119,28084,84,140,0,83886097,0x05000011,misc,,00000017.pro,-1,,0
782,,194264,0,2122,28093,93,140,0,83886092,0x0500000C,misc,,00000012.pro,-1,,0
783,,194352,0,2123,28094,94,140,0,83886092,0x0500000C,misc,,00000012.pro,-1,,0
784,,194440,0,2128,28112,112,140,0,83886092,0x0500000C,misc,,00000012.pro,-1,,0
785,,194528,0,2129,28113,113,140,0,83886092,0x0500000C,misc,,00000012.pro,-1,,0
786,,194616,0,2130,28114,114,140,0,83886092,0x0500000C,misc,,00000012.pro,-1,,0
787,,194704,0,2131,28115,115,140,0,83886092,0x0500000C,misc,,00000012.pro,-1,,0
788,,194792,0,2132,28126,126,140,0,83886098,0x05000012,misc,,00000018.pro,-1,,0
789,,194896,0,2133,28127,127,140,0,83886098,0x05000012,misc,,00000018.pro,-1,,0
790,,195000,0,2150,28285,85,141,0,83886097,0x05000011,misc,,00000017.pro,-1,,0
791,,195104,0,2153,28294,94,141,0,83886092,0x0500000C,misc,,00000012.pro,-1,,0
792,,195192,0,2156,28310,110,141,0,83886092,0x0500000C,misc,,00000012.pro,-1,,0
793,,195280,0,2157,28311,111,141,0,83886092,0x0500000C,misc,,00000012.pro,-1,,0
794,,195368,0,2158,28312,112,141,0,83886092,0x0500000C,misc,,00000012.pro,-1,,0
795,,195456,0,2159,28313,113,141,0,83886092,0x0500000C,misc,,00000012.pro,-1,,0
796,,195544,0,2160,28324,124,141,0,83886098,0x05000012,misc,,00000018.pro,-1,,0
797,,195648,0,2161,28325,125,141,0,83886098,0x05000012,misc,,00000018.pro,-1,,0
798,,195752,0,2175,28485,85,142,0,83886097,0x05000011,misc,,00000017.pro,-1,,0
799,,195856,0,2176,28486,86,142,0,83886097,0x05000011,misc,,00000017.pro,-1,,0
800,,195960,0,2179,28495,95,142,0,83886092,0x0500000C,misc,,00000012.pro,-1,,0
801,,196048,0,2182,28508,108,142,0,83886092,0x0500000C,misc,,00000012.pro,-1,,0
802,,196136,0,2183,28509,109,142,0,83886092,0x0500000C,misc,,00000012.pro,-1,,0
803,,196224,0,2184,28510,110,142,0,83886092,0x0500000C,misc,,00000012.pro,-1,,0
804,,196312,0,2185,28511,111,142,0,83886092,0x0500000C,misc,,00000012.pro,-1,,0
805,,196400,0,2186,28522,122,142,0,83886098,0x05000012,misc,,00000018.pro,-1,,0
806,,196504,0,2187,28523,123,142,0,83886098,0x05000012,misc,,00000018.pro,-1,,0
807,,196608,0,2202,28686,86,143,0,83886097,0x05000011,misc,,00000017.pro,-1,,0
808,,196712,0,2205,28695,95,143,0,83886092,0x0500000C,misc,,00000012.pro,-1,,0
809,,196800,0,2206,28696,96,143,0,83886092,0x0500000C,misc,,00000012.pro,-1,,0
810,,196888,0,2209,28706,106,143,0,83886092,0x0500000C,misc,,00000012.pro,-1,,0
811,,196976,0,2210,28707,107,143,0,83886092,0x0500000C,misc,,00000012.pro,-1,,0
812,,197064,0,2212,28708,108,143,0,83886092,0x0500000C,misc,,00000012.pro,-1,,0
813,,197152,0,2214,28709,109,143,0,83886092,0x0500000C,misc,,00000012.pro,-1,,0
814,,197240,0,2215,28720,120,143,0,83886098,0x05000012,misc,,00000018.pro,-1,,0
815,,197344,0,2216,28721,121,143,0,83886098,0x05000012,misc,,00000018.pro,-1,,0
816,,197448,0,2227,28752,152,143,0,33554535,0x02000067,scenery,generic,00000104.pro,-1,,0
817,,197536,0,2232,28887,87,144,0,83886097,0x05000011,misc,,00000017.pro,-1,,0
818,,197640,0,2235,28896,96,144,0,83886092,0x0500000C,misc,,00000012.pro,-1,,0
819,,197728,0,2237,28904,104,144,0,83886092,0x0500000C,misc,,00000012.pro,-1,,0
820,,197816,0,2238,28905,105,144,0,83886092,0x0500000C,misc,,00000012.pro,-1,,0
821,,197904,0,2239,28906,106,144,0,83886092,0x0500000C,misc,,00000012.pro,-1,,0
822,,197992,0,2240,28907,107,144,0,83886092,0x0500000C,misc,,00000012.pro,-1,,0
823,,198080,0,2242,28918,118,144,0,83886098,0x05000012,misc,,00000018.pro,-1,,0
824,,198184,0,2243,28919,119,144,0,83886098,0x05000012,misc,,00000018.pro,-1,,0
825,,198288,0,2255,28950,150,144,0,33554499,0x02000043,scenery,generic,00000068.pro,-1,,0
826,,198376,0,2256,28951,151,144,0,33554499,0x02000043,scenery,generic,00000068.pro,-1,,0
827,,198464,0,2260,29087,87,145,0,83886097,0x05000011,misc,,00000017.pro,-1,,0
828,,198568,0,2261,29088,88,145,0,83886097,0x05000011,misc,,00000017.pro,-1,,0
829,,198672,0,2264,29097,97,145,0,83886092,0x0500000C,misc,,00000012.pro,-1,,0
830,,198760,0,2265,29102,102,145,0,83886092,0x0500000C,misc,,00000012.pro,-1,,0
831,,198848,0,2266,29103,103,145,0,83886092,0x0500000C,misc,,00000012.pro,-1,,0
832,,198936,0,2268,29104,104,145,0,83886092,0x0500000C,misc,,00000012.pro,-1,,0
833,,199024,0,2269,29105,105,145,0,83886092,0x0500000C,misc,,00000012.pro,-1,,0
834,,199112,0,2270,29105,105,145,0,83886092,0x0500000C,misc,,00000012.pro,-1,,0
835,,199200,0,2272,29116,116,145,0,83886098,0x05000012,misc,,00000018.pro,-1,,0
836,,199304,0,2273,29117,117,145,0,83886098,0x05000012,misc,,00000018.pro,-1,,0
837,,199408,0,2285,29152,152,145,0,33554499,0x02000043,scenery,generic,00000068.pro,-1,,0
838,,199496,0,2286,29153,153,145,0,33554499,0x02000043,scenery,generic,00000068.pro,-1,,0
839,,199584,0,2287,29154,154,145,0,33554557,0x0200007D,scenery,generic,00000126.pro,-1,,0
840,,199672,0,2291,29288,88,146,0,83886097,0x05000011,misc,,00000017.pro,-1,,0
841,,199776,0,2294,29297,97,146,0,83886092,0x0500000C,misc,,00000012.pro,-1,,0
842,,199864,0,2295,29298,98,146,0,83886092,0x0500000C,misc,,00000012.pro,-1,,0
843,,199952,0,2296,29300,100,146,0,83886092,0x0500000C,misc,,00000012.pro,-1,,0
844,,200040,0,2297,29301,101,146,0,83886092,0x0500000C,misc,,00000012.pro,-1,,0
845,,200128,0,2298,29302,102,146,0,83886092,0x0500000C,misc,,00000012.pro,-1,,0
846,,200216,0,2299,29303,103,146,0,83886092,0x0500000C,misc,,00000012.pro,-1,,0
847,,200304,0,2304,29314,114,146,0,83886098,0x05000012,misc,,00000018.pro,-1,,0
848,,200408,0,2305,29315,115,146,0,83886098,0x05000012,misc,,00000018.pro,-1,,0
849,,200512,0,2316,29353,153,146,0,33554559,0x0200007F,scenery,generic,00000128.pro,-1,,0
850,,200600,0,2321,29489,89,147,0,83886097,0x05000011,misc,,00000017.pro,-1,,0
851,,200704,0,2324,29498,98,147,0,83886092,0x0500000C,misc,,00000012.pro,-1,,0
852,,200792,0,2325,29499,99,147,0,83886092,0x0500000C,misc,,00000012.pro,-1,,0
853,,200880,0,2326,29500,100,147,0,83886092,0x0500000C,misc,,00000012.pro,-1,,0
854,,200968,0,2327,29501,101,147,0,83886092,0x0500000C,misc,,00000012.pro,-1,,0
855,,201056,0,2331,29512,112,147,0,83886098,0x05000012,misc,,00000018.pro,-1,,0
856,,201160,0,2332,29513,113,147,0,83886098,0x05000012,misc,,00000018.pro,-1,,0
857,,201264,0,2346,29689,89,148,0,83886097,0x05000011,misc,,00000017.pro,-1,,0
858,,201368,0,2347,29690,90,148,0,83886097,0x05000011,misc,,00000017.pro,-1,,0
859,,201472,0,2350,29699,99,148,0,83886092,0x0500000C,misc,,00000012.pro,-1,,0
860,,201560,0,2351,29699,99,148,0,83886092,0x0500000C,misc,,00000012.pro,-1,,0
861,,201648,0,2353,29710,110,148,0,83886098,0x05000012,misc,,00000018.pro,-1,,0
862,,201752,0,2354,29711,111,148,0,83886098,0x05000012,misc,,00000018.pro,-1,,0
863,,201856,0,2369,29890,90,149,0,83886097,0x05000011,misc,,00000017.pro,-1,,0
864,,201960,0,2374,29908,108,149,0,83886098,0x05000012,misc,,00000018.pro,-1,,0
865,,202064,0,2375,29909,109,149,0,83886098,0x05000012,misc,,00000018.pro,-1,,0
866,,202168,0,2392,30091,91,150,0,83886097,0x05000011,misc,,00000017.pro,-1,,0
867,,202272,0,2395,30106,106,150,0,83886098,0x05000012,misc,,00000018.pro,-1,,0
868,,202376,0,2397,30107,107,150,0,83886098,0x05000012,misc,,00000018.pro,-1,,0
869,,202480,0,2412,30291,91,151,0,83886097,0x05000011,misc,,00000017.pro,-1,,0
870,,202584,0,2413,30292,92,151,0,83886097,0x05000011,misc,,00000017.pro,-1,,0
871,,202688,0,2416,30304,104,151,0,83886098,0x05000012,misc,,00000018.pro,-1,,0
872,,202792,0,2417,30305,105,151,0,83886098,0x05000012,misc,,00000018.pro,-1,,0
873,,202896,0,2433,30492,92,152,0,83886097,0x05000011,misc,,00000017.pro,-1,,0
874,,203000,0,2436,30502,102,152,0,83886098,0x05000012,misc,,00000018.pro,-1,,0
875,,203104,0,2437,30503,103,152,0,83886098,0x05000012,misc,,00000018.pro,-1,,0
876,,203208,0,2460,30693,93,153,0,83886097,0x05000011,misc,,00000017.pro,-1,,0
877,,203312,0,2463,30700,100,153,0,83886098,0x05000012,misc,,00000018.pro,-1,,0
878,,203416,0,2464,30701,101,153,0,83886098,0x05000012,misc,,00000018.pro,-1,,0
879,,203520,0,2471,30720,120,153,0,33554535,0x02000067,scenery,generic,00000104.pro,-1,,0
880,,203608,0,2472,30722,122,153,0,33554534,0x02000066,scenery,generic,00000103.pro,-1,,0
881,,203696,0,2482,30893,93,154,0,83886097,0x05000011,misc,,00000017.pro,-1,,0
882,,203800,0,2483,30894,94,154,0,83886097,0x05000011,misc,,00000017.pro,-1,,0
883,,203904,0,2484,30898,98,154,0,83886098,0x05000012,misc,,00000018.pro,-1,,0
884,,204008,0,2486,30899,99,154,0,83886098,0x05000012,misc,,00000018.pro,-1,,0
885,,204112,0,2495,30921,121,154,0,33554534,0x02000066,scenery,generic,00000103.pro,-1,,0
886,,204200,0,2504,31094,94,155,0,83886097,0x05000011,misc,,00000017.pro,-1,,0
887,,204304,0,2505,31096,96,155,0,83886098,0x05000012,misc,,00000018.pro,-1,,0
888,,204408,0,2506,31097,97,155,0,83886098,0x05000012,misc,,00000018.pro,-1,,0
889,,204512,0,2523,31294,94,156,0,83886098,0x05000012,misc,,00000018.pro,-1,,0
890,,204616,0,2525,31295,95,156,0,83886098,0x05000012,misc,,00000018.pro,-1,,0
891,,204720,0,2536,31493,93,157,0,83886098,0x05000012,misc,,00000018.pro,-1,,0
892,,204828,1,143,9510,110,47,0,83886099,0x05000013,misc,,00000019.pro,-1,,0
893,,204932,1,160,9708,108,48,0,83886096,0x05000010,misc,,00000016.pro,-1,,0
894,,205036,1,161,9708,108,48,0,83886099,0x05000013,misc,,00000019.pro,-1,,0
895,,205140,1,162,9709,109,48,0,83886099,0x05000013,misc,,00000019.pro,-1,,0
896,,205244,1,180,9906,106,49,0,83886099,0x05000013,misc,,00000019.pro,-1,,0
897,,205348,1,183,9907,107,49,0,83886099,0x05000013,misc,,00000019.pro,-1,,0
898,,205452,1,185,9908,108,49,0,83886096,0x05000010,misc,,00000016.pro,-1,,0
899,,205556,1,200,10104,104,50,0,83886099,0x05000013,misc,,00000019.pro,-1,,0
900,,205660,1,201,10105,105,50,0,83886099,0x05000013,misc,,00000019.pro,-1,,0
901,,205764,1,204,10109,109,50,0,83886096,0x05000010,misc,,00000016.pro,-1,,0
902,,205868,1,219,10302,102,51,0,83886099,0x05000013,misc,,00000019.pro,-1,,0
903,,205972,1,220,10303,103,51,0,83886099,0x05000013,misc,,00000019.pro,-1,,0
904,,206076,1,223,10309,109,51,0,83886096,0x05000010,misc,,00000016.pro,-1,,0
905,,206180,1,224,10310,110,51,0,83886096,0x05000010,misc,,00000016.pro,-1,,0
906,,206284,1,239,10500,100,52,0,83886099,0x05000013,misc,,00000019.pro,-1,,0
907,,206388,1,240,10501,101,52,0,83886099,0x05000013,misc,,00000019.pro,-1,,0
908,,206492,1,247,10510,110,52,0,83886096,0x05000010,misc,,00000016.pro,-1,,0
909,,206596,1,261,10698,98,53,0,83886099,0x05000013,misc,,00000019.pro,-1,,0
910,,206700,1,262,10699,99,53,0,83886099,0x05000013,misc,,00000019.pro,-1,,0
911,,206804,1,266,10711,111,53,0,83886096,0x05000010,misc,,00000016.pro,-1,,0
912,,206908,1,285,10896,96,54,0,83886099,0x05000013,misc,,00000019.pro,-1,,0
913,,207012,1,286,10897,97,54,0,83886099,0x05000013,misc,,00000019.pro,-1,,0
914,,207116,1,290,10911,111,54,0,83886096,0x05000010,misc,,00000016.pro,-1,,0
915,,207220,1,291,10912,112,54,0,83886096,0x05000010,misc,,00000016.pro,-1,,0
916,,207324,1,307,11094,94,55,0,83886099,0x05000013,misc,,00000019.pro,-1,,0
917,,207428,1,308,11095,95,55,0,83886099,0x05000013,misc,,00000019.pro,-1,,0
918,,207532,1,315,11112,112,55,0,83886096,0x05000010,misc,,00000016.pro,-1,,0
919,,207636,1,331,11292,92,56,0,83886099,0x05000013,misc,,00000019.pro,-1,,0
920,,207740,1,332,11293,93,56,0,83886099,0x05000013,misc,,00000019.pro,-1,,0
921,,207844,1,336,11313,113,56,0,83886096,0x05000010,misc,,00000016.pro,-1,,0
922,,207948,1,352,11490,90,57,0,83886099,0x05000013,misc,,00000019.pro,-1,,0
923,,208052,1,353,11491,91,57,0,83886099,0x05000013,misc,,00000019.pro,-1,,0
924,,208156,1,357,11513,113,57,0,83886096,0x05000010,misc,,00000016.pro,-1,,0
925,,208260,1,358,11514,114,57,0,83886096,0x05000010,misc,,00000016.pro,-1,,0
926,,208364,1,373,11688,88,58,0,83886099,0x05000013,misc,,00000019.pro,-1,,0
927,,208468,1,374,11689,89,58,0,83886099,0x05000013,misc,,00000019.pro,-1,,0
928,,208572,1,375,11704,104,58,1,83886092,0x0500000C,misc,,00000012.pro,-1,,0
929,,208660,1,376,11705,105,58,1,83886092,0x0500000C,misc,,00000012.pro,-1,,0
930,,208748,1,378,11706,106,58,1,83886092,0x0500000C,misc,,00000012.pro,-1,,0
931,,208836,1,384,11714,114,58,0,83886096,0x05000010,misc,,00000016.pro,-1,,0
932,,208940,1,399,11886,86,59,0,83886099,0x05000013,misc,,00000019.pro,-1,,0
933,,209044,1,400,11887,87,59,0,83886099,0x05000013,misc,,00000019.pro,-1,,0
934,,209148,1,401,11902,102,59,1,83886092,0x0500000C,misc,,00000012.pro,-1,,0
935,,209236,1,402,11903,103,59,1,83886092,0x0500000C,misc,,00000012.pro,-1,,0
936,,209324,1,403,11904,104,59,1,83886092,0x0500000C,misc,,00000012.pro,-1,,0
937,,209412,1,404,11905,105,59,1,83886092,0x0500000C,misc,,00000012.pro,-1,,0
938,,209500,1,405,11906,106,59,1,83886092,0x0500000C,misc,,00000012.pro,-1,,0
939,,209588,1,409,11915,115,59,0,83886096,0x05000010,misc,,00000016.pro,-1,,0
940,,209692,1,424,12084,84,60,0,83886099,0x05000013,misc,,00000019.pro,-1,,0
941,,209796,1,425,12085,85,60,0,83886099,0x05000013,misc,,00000019.pro,-1,,0
942,,209900,1,428,12100,100,60,1,83886092,0x0500000C,misc,,00000012.pro,-1,,0
943,,209988,1,429,12101,101,60,1,83886092,0x0500000C,misc,,00000012.pro,-1,,0
944,,210076,1,430,12102,102,60,1,83886092,0x0500000C,misc,,00000012.pro,-1,,0
945,,210164,1,431,12103,103,60,1,83886092,0x0500000C,misc,,00000012.pro,-1,,0
946,,210252,1,432,12107,107,60,1,83886092,0x0500000C,misc,,00000012.pro,-1,,0
947,,210340,1,436,12115,115,60,0,83886096,0x05000010,misc,,00000016.pro,-1,,0
948,,210444,1,437,12116,116,60,0,83886096,0x05000010,misc,,00000016.pro,-1,,0
949,,210548,1,452,12282,82,61,0,83886099,0x05000013,misc,,00000019.pro,-1,,0
950,,210652,1,453,12283,83,61,0,83886099,0x05000013,misc,,00000019.pro,-1,,0
951,,210756,1,454,12298,98,61,1,83886092,0x0500000C,misc,,00000012.pro,-1,,0
952,,210844,1,455,12299,99,61,1,83886092,0x0500000C,misc,,00000012.pro,-1,,0
953,,210932,1,456,12300,100,61,1,83886092,0x0500000C,misc,,00000012.pro,-1,,0
954,,211020,1,458,12301,101,61,1,83886092,0x0500000C,misc,,00000012.pro,-1,,0
955,,211108,1,460,12307,107,61,1,83886092,0x0500000C,misc,,00000012.pro,-1,,0
956,,211196,1,462,12308,108,61,1,83886092,0x0500000C,misc,,00000012.pro,-1,,0
957,,211284,1,468,12316,116,61,0,83886096,0x05000010,misc,,00000016.pro,-1,,0
958,,211388,1,485,12480,80,62,0,83886099,0x05000013,misc,,00000019.pro,-1,,0
959,,211492,1,486,12481,81,62,0,83886099,0x05000013,misc,,00000019.pro,-1,,0
960,,211596,1,487,12496,96,62,1,83886092,0x0500000C,misc,,00000012.pro,-1,,0
961,,211684,1,488,12497,97,62,1,83886092,0x0500000C,misc,,00000012.pro,-1,,0
962,,211772,1,489,12498,98,62,1,83886092,0x0500000C,misc,,00000012.pro,-1,,0
963,,211860,1,490,12499,99,62,1,83886092,0x0500000C,misc,,00000012.pro,-1,,0
964,,211948,1,491,12508,108,62,1,83886092,0x0500000C,misc,,00000012.pro,-1,,0
965,,212036,1,495,12517,117,62,0,83886096,0x05000010,misc,,00000016.pro,-1,,0
966,,212140,1,510,12678,78,63,0,83886099,0x05000013,misc,,00000019.pro,-1,,0
967,,212244,1,511,12679,79,63,0,83886099,0x05000013,misc,,00000019.pro,-1,,0
968,,212348,1,512,12694,94,63,1,83886092,0x0500000C,misc,,00000012.pro,-1,,0
969,,212436,1,513,12695,95,63,1,83886092,0x0500000C,misc,,00000012.pro,-1,,0
970,,212524,1,514,12696,96,63,1,83886092,0x0500000C,misc,,00000012.pro,-1,,0
971,,212612,1,515,12697,97,63,1,83886092,0x0500000C,misc,,00000012.pro,-1,,0
972,,212700,1,516,12709,109,63,1,83886092,0x0500000C,misc,,00000012.pro,-1,,0
973,,212788,1,520,12717,117,63,0,83886096,0x05000010,misc,,00000016.pro,-1,,0
974,,212892,1,521,12718,118,63,0,83886096,0x05000010,misc,,00000016.pro,-1,,0
975,,212996,1,536,12876,76,64,0,83886099,0x05000013,misc,,00000019.pro,-1,,0
976,,213100,1,537,12877,77,64,0,83886099,0x05000013,misc,,00000019.pro,-1,,0
977,,213204,1,538,12892,92,64,1,83886092,0x0500000C,misc,,00000012.pro,-1,,0
978,,213292,1,539,12893,93,64,1,83886092,0x0500000C,misc,,00000012.pro,-1,,0
979,,213380,1,540,12894,94,64,1,83886092,0x0500000C,misc,,00000012.pro,-1,,0
980,,213468,1,541,12895,95,64,1,83886092,0x0500000C,misc,,00000012.pro,-1,,0
981,,213556,1,542,12909,109,64,1,83886092,0x0500000C,misc,,00000012.pro,-1,,0
982,,213644,1,544,12910,110,64,1,83886092,0x0500000C,misc,,00000012.pro,-1,,0
983,,213732,1,550,12918,118,64,0,83886096,0x05000010,misc,,00000016.pro,-1,,0
984,,213836,1,564,13074,74,65,0,83886099,0x05000013,misc,,00000019.pro,-1,,0
985,,213940,1,565,13075,75,65,0,83886099,0x05000013,misc,,00000019.pro,-1,,0
986,,214044,1,566,13090,90,65,1,83886092,0x0500000C,misc,,00000012.pro,-1,,0
987,,214132,1,567,13091,91,65,1,83886092,0x0500000C,misc,,00000012.pro,-1,,0
988,,214220,1,568,13092,92,65,1,83886092,0x0500000C,misc,,00000012.pro,-1,,0
989,,214308,1,569,13093,93,65,1,83886092,0x0500000C,misc,,00000012.pro,-1,,0
990,,214396,1,570,13110,110,65,1,83886092,0x0500000C,misc,,00000012.pro,-1,,0
991,,214484,1,574,13119,119,65,0,83886096,0x05000010,misc,,00000016.pro,-1,,0
992,,214588,1,585,13272,72,66,0,83886099,0x05000013,misc,,00000019.pro,-1,,0
993,,214692,1,586,13273,73,66,0,83886099,0x05000013,misc,,00000019.pro,-1,,0
994,,214796,1,587,13288,88,66,1,83886092,0x0500000C,misc,,00000012.pro,-1,,0
995,,214884,1,588,13289,89,66,1,83886092,0x0500000C,misc,,00000012.pro,-1,,0
996,,214972,1,589,13290,90,66,1,83886092,0x0500000C,misc,,00000012.pro,-1,,0
997,,215060,1,590,13291,91,66,1,83886092,0x0500000C,misc,,00000012.pro,-1,,0
998,,215148,1,591,13311,111,66,1,83886092,0x0500000C,misc,,00000012.pro,-1,,0
999,,215236,1,595,13319,119,66,0,83886096,0x05000010,misc,,00000016.pro,-1,,0
1000,,215340,1,596,13320,120,66,0,83886096,0x05000010,misc,,00000016.pro,-1,,0
1001,,215444,1,608,13470,70,67,0,83886099,0x05000013,misc,,00000019.pro,-1,,0
1002,,215548,1,609,13471,71,67,0,83886099,0x05000013,misc,,00000019.pro,-1,,0
1003,,215652,1,610,13486,86,67,1,83886092,0x0500000C,misc,,00000012.pro,-1,,0
1004,,215740,1,611,13487,87,67,1,83886092,0x0500000C,misc,,00000012.pro,-1,,0
1005,,215828,1,612,13488,88,67,1,83886092,0x0500000C,misc,,00000012.pro,-1,,0
1006,,215916,1,613,13489,89,67,1,83886092,0x0500000C,misc,,00000012.pro,-1,,0
1007,,216004,1,614,13511,111,67,1,83886092,0x0500000C,misc,,00000012.pro,-1,,0
1008,,216092,1,616,13512,112,67,1,83886092,0x0500000C,misc,,00000012.pro,-1,,0
1009,,216180,1,622,13520,120,67,0,83886096,0x05000010,misc,,00000016.pro,-1,,0
1010,,216284,1,636,13668,68,68,0,83886099,0x05000013,misc,,00000019.pro,-1,,0
1011,,216388,1,637,13669,69,68,0,83886099,0x05000013,misc,,00000019.pro,-1,,0
1012,,216492,1,638,13684,84,68,1,83886092,0x0500000C,misc,,00000012.pro,-1,,0
1013,,216580,1,639,13685,85,68,1,83886092,0x0500000C,misc,,00000012.pro,-1,,0
1014,,216668,1,640,13686,86,68,1,83886092,0x0500000C,misc,,00000012.pro,-1,,0
1015,,216756,1,641,13687,87,68,1,83886092,0x0500000C,misc,,00000012.pro,-1,,0
1016,,216844,1,642,13712,112,68,1,83886092,0x0500000C,misc,,00000012.pro,-1,,0
1017,,216932,1,646,13721,121,68,0,83886096,0x05000010,misc,,00000016.pro,-1,,0
1018,,217036,1,656,13866,66,69,0,83886099,0x05000013,misc,,00000019.pro,-1,,0
1019,,217140,1,657,13867,67,69,0,83886099,0x05000013,misc,,00000019.pro,-1,,0
1020,,217244,1,658,13882,82,69,1,83886092,0x0500000C,misc,,00000012.pro,-1,,0
1021,,217332,1,659,13883,83,69,1,83886092,0x0500000C,misc,,00000012.pro,-1,,0
1022,,217420,1,660,13884,84,69,1,83886092,0x0500000C,misc,,00000012.pro,-1,,0
1023,,217508,1,661,13885,85,69,1,83886092,0x0500000C,misc,,00000012.pro,-1,,0
1024,,217596,1,662,13913,113,69,1,83886092,0x0500000C,misc,,00000012.pro,-1,,0
1025,,217684,1,666,13921,121,69,0,83886096,0x05000010,misc,,00000016.pro,-1,,0
1026,,217788,1,667,13922,122,69,0,83886096,0x05000010,misc,,00000016.pro,-1,,0
1027,,217892,1,679,14064,64,70,0,83886099,0x05000013,misc,,00000019.pro,-1,,0
1028,,217996,1,680,14065,65,70,0,83886099,0x05000013,misc,,00000019.pro,-1,,0
1029,,218100,1,681,14080,80,70,1,83886092,0x0500000C,misc,,00000012.pro,-1,,0
1030,,218188,1,682,14081,81,70,1,83886092,0x0500000C,misc,,00000012.pro,-1,,0
1031,,218276,1,683,14082,82,70,1,83886092,0x0500000C,misc,,00000012.pro,-1,,0
1032,,218364,1,684,14083,83,70,1,83886092,0x0500000C,misc,,00000012.pro,-1,,0
1033,,218452,1,685,14113,113,70,1,83886092,0x0500000C,misc,,00000012.pro,-1,,0
1034,,218540,1,687,14114,114,70,1,83886092,0x0500000C,misc,,00000012.pro,-1,,0
1035,,218628,1,693,14122,122,70,0,83886096,0x05000010,misc,,00000016.pro,-1,,0
1036,,218732,1,706,14262,62,71,0,83886099,0x05000013,misc,,00000019.pro,-1,,0
1037,,218836,1,707,14263,63,71,0,83886099,0x05000013,misc,,00000019.pro,-1,,0
1038,,218940,1,708,14278,78,71,1,83886092,0x0500000C,misc,,00000012.pro,-1,,0
1039,,219028,1,709,14279,79,71,1,83886092,0x0500000C,misc,,00000012.pro,-1,,0
1040,,219116,1,710,14280,80,71,1,83886092,0x0500000C,misc,,00000012.pro,-1,,0
1041,,219204,1,711,14281,81,71,1,83886092,0x0500000C,misc,,00000012.pro,-1,,0
1042,,219292,1,712,14314,114,71,1,83886092,0x0500000C,misc,,00000012.pro,-1,,0
1043,,219380,1,716,14323,123,71,0,83886096,0x05000010,misc,,00000016.pro,-1,,0
1044,,219484,1,722,14460,60,72,0,83886099,0x05000013,misc,,00000019.pro,-1,,0
1045,,219588,1,724,14461,61,72,0,83886099,0x05000013,misc,,00000019.pro,-1,,0
1046,,219692,1,725,14476,76,72,1,83886092,0x0500000C,misc,,00000012.pro,-1,,0
1047,,219780,1,726,14477,77,72,1,83886092,0x0500000C,misc,,00000012.pro,-1,,0
1048,,219868,1,727,14478,78,72,1,83886092,0x0500000C,misc,,00000012.pro,-1,,0
1049,,219956,1,728,14479,79,72,1,83886092,0x0500000C,misc,,00000012.pro,-1,,0
1050,,220044,1,729,14515,115,72,1,83886092,0x0500000C,misc,,00000012.pro,-1,,0
1051,,220132,1,733,14523,123,72,0,83886096,0x05000010,misc,,00000016.pro,-1,,0
1052,,220236,1,734,14524,124,72,0,83886096,0x05000010,misc,,00000016.pro,-1,,0
1053,,220340,1,741,14658,58,73,0,83886099,0x05000013,misc,,00000019.pro,-1,,0
1054,,220444,1,742,14659,59,73,0,83886099,0x05000013,misc,,00000019.pro,-1,,0
1055,,220548,1,744,14674,74,73,1,83886092,0x0500000C,misc,,00000012.pro,-1,,0
1056,,220636,1,745,14675,75,73,1,83886092,0x0500000C,misc,,00000012.pro,-1,,0
1057,,220724,1,746,14676,76,73,1,83886092,0x0500000C,misc,,00000012.pro,-1,,0
1058,,220812,1,747,14677,77,73,1,83886092,0x0500000C,misc,,00000012.pro,-1,,0
1059,,220900,1,748,14715,115,73,1,83886092,0x0500000C,misc,,00000012.pro,-1,,0
1060,,220988,1,750,14716,116,73,1,83886092,0x0500000C,misc,,00000012.pro,-1,,0
1061,,221076,1,756,14724,124,73,0,83886096,0x05000010,misc,,00000016.pro,-1,,0
1062,,221180,1,762,14856,56,74,0,83886099,0x05000013,misc,,00000019.pro,-1,,0
1063,,221284,1,764,14857,57,74,0,83886099,0x05000013,misc,,00000019.pro,-1,,0
1064,,221388,1,768,14872,72,74,1,83886092,0x0500000C,misc,,00000012.pro,-1,,0
1065,,221476,1,769,14873,73,74,1,83886092,0x0500000C,misc,,00000012.pro,-1,,0
1066,,221564,1,770,14874,74,74,1,83886092,0x0500000C,misc,,00000012.pro,-1,,0
1067,,221652,1,771,14875,75,74,1,83886092,0x0500000C,misc,,00000012.pro,-1,,0
1068,,221740,1,772,14916,116,74,1,83886092,0x0500000C,misc,,00000012.pro,-1,,0
1069,,221828,1,776,14925,125,74,0,83886096,0x05000010,misc,,00000016.pro,-1,,0
1070,,221932,1,780,15054,54,75,0,83886099,0x05000013,misc,,00000019.pro,-1,,0
1071,,222036,1,781,15055,55,75,0,83886099,0x05000013,misc,,00000019.pro,-1,,0
1072,,222140,1,784,15070,70,75,1,83886092,0x0500000C,misc,,00000012.pro,-1,,0
1073,,222228,1,785,15071,71,75,1,83886092,0x0500000C,misc,,00000012.pro,-1,,0
1074,,222316,1,786,15072,72,75,1,83886092,0x0500000C,misc,,00000012.pro,-1,,0
1075,,222404,1,787,15073,73,75,1,83886092,0x0500000C,misc,,00000012.pro,-1,,0
1076,,222492,1,788,15117,117,75,1,83886092,0x0500000C,misc,,00000012.pro,-1,,0
1077,,222580,1,792,15125,125,75,0,83886096,0x05000010,misc,,00000016.pro,-1,,0
1078,,222684,1,793,15126,126,75,0,83886096,0x05000010,misc,,00000016.pro,-1,,0
1079,,222788,1,797,15241,41,76,0,83886097,0x05000011,misc,,00000017.pro,-1,,0
1080,,222892,1,800,15252,52,76,0,83886099,0x05000013,misc,,00000019.pro,-1,,0
1081,,222996,1,801,15253,53,76,0,83886099,0x05000013,misc,,00000019.pro,-1,,0
1082,,223100,1,804,15268,68,76,1,83886092,0x0500000C,misc,,00000012.pro,-1,,0
1083,,223188,1,805,15269,69,76,1,83886092,0x0500000C,misc,,00000012.pro,-1,,0
1084,,223276,1,806,15270,70,76,1,83886092,0x0500000C,misc,,00000012.pro,-1,,0
1085,,223364,1,807,15271,71,76,1,83886092,0x0500000C,misc,,00000012.pro,-1,,0
1086,,223452,1,809,15317,117,76,1,83886092,0x0500000C,misc,,00000012.pro,-1,,0
1087,,223540,1,811,15318,118,76,1,83886092,0x0500000C,misc,,00000012.pro,-1,,0
1088,,223628,1,817,15326,126,76,0,83886096,0x05000010,misc,,00000016.pro,-1,,0
1089,,223732,1,819,15441,41,77,0,83886097,0x05000011,misc,,00000017.pro,-1,,0
1090,,223836,1,821,15442,42,77,0,83886097,0x05000011,misc,,00000017.pro,-1,,0
1091,,223940,1,822,15450,50,77,0,83886099,0x05000013,misc,,00000019.pro,-1,,0
1092,,224044,1,824,15451,51,77,0,83886099,0x05000013,misc,,00000019.pro,-1,,0
1093,,224148,1,830,15466,66,77,1,83886092,0x0500000C,misc,,00000012.pro,-1,,0
1094,,224236,1,831,15467,67,77,1,83886092,0x0500000C,misc,,00000012.pro,-1,,0
1095,,224324,1,832,15468,68,77,1,83886092,0x0500000C,misc,,00000012.pro,-1,,0
1096,,224412,1,833,15469,69,77,1,83886092,0x0500000C,misc,,00000012.pro,-1,,0
1097,,224500,1,835,15518,118,77,1,83886092,0x0500000C,misc,,00000012.pro,-1,,0
1098,,224588,1,839,15527,127,77,0,83886096,0x05000010,misc,,00000016.pro,-1,,0
1099,,224692,1,841,15642,42,78,0,83886097,0x05000011,misc,,00000017.pro,-1,,0
1100,,224796,1,843,15648,48,78,0,83886099,0x05000013,misc,,00000019.pro,-1,,0
1101,,224900,1,844,15649,49,78,0,83886099,0x05000013,misc,,00000019.pro,-1,,0
1102,,225004,1,847,15664,64,78,1,83886092,0x0500000C,misc,,00000012.pro,-1,,0
1103,,225092,1,849,15665,65,78,1,83886092,0x0500000C,misc,,00000012.pro,-1,,0
1104,,225180,1,850,15666,66,78,1,83886092,0x0500000C,misc,,00000012.pro,-1,,0
1105,,225268,1,851,15667,67,78,1,83886092,0x0500000C,misc,,00000012.pro,-1,,0
1106,,225356,1,852,15719,119,78,1,83886092,0x0500000C,misc,,00000012.pro,-1,,0
1107,,225444,1,856,15727,127,78,0,83886096,0x05000010,misc,,00000016.pro,-1,,0
1108,,225548,1,857,15728,128,78,0,83886096,0x05000010,misc,,00000016.pro,-1,,0
1109,,225652,1,860,15842,42,79,0,83886097,0x05000011,misc,,00000017.pro,-1,,0
1110,,225756,1,862,15843,43,79,0,83886097,0x05000011,misc,,00000017.pro,-1,,0
1111,,225860,1,864,15846,46,79,0,83886099,0x05000013,misc,,00000019.pro,-1,,0
1112,,225964,1,865,15847,47,79,0,83886099,0x05000013,misc,,00000019.pro,-1,,0
1113,,226068,1,868,15862,62,79,1,83886092,0x0500000C,misc,,00000012.pro,-1,,0
1114,,226156,1,869,15863,63,79,1,83886092,0x0500000C,misc,,00000012.pro,-1,,0
1115,,226244,1,870,15864,64,79,1,83886092,0x0500000C,misc,,00000012.pro,-1,,0
1116,,226332,1,871,15865,65,79,1,83886092,0x0500000C,misc,,00000012.pro,-1,,0
1117,,226420,1,873,15919,119,79,1,83886092,0x0500000C,misc,,00000012.pro,-1,,0
1118,,226508,1,875,15920,120,79,1,83886092,0x0500000C,misc,,00000012.pro,-1,,0
1119,,226596,1,881,15928,128,79,0,83886096,0x05000010,misc,,00000016.pro,-1,,0
1120,,226700,1,883,16043,43,80,0,83886097,0x05000011,misc,,00000017.pro,-1,,0
1121,,226804,1,885,16044,44,80,0,83886099,0x05000013,misc,,00000019.pro,-1,,0
1122,,226908,1,886,16044,44,80,0,83886097,0x05000011,misc,,00000017.pro,-1,,0
1123,,227012,1,887,16045,45,80,0,83886099,0x05000013,misc,,00000019.pro,-1,,0
1124,,227116,1,891,16060,60,80,1,83886092,0x0500000C,misc,,00000012.pro,-1,,0
1125,,227204,1,893,16061,61,80,1,83886092,0x0500000C,misc,,00000012.pro,-1,,0
1126,,227292,1,894,16062,62,80,1,83886092,0x0500000C,misc,,00000012.pro,-1,,0
1127,,227380,1,895,16063,63,80,1,83886092,0x0500000C,misc,,00000012.pro,-1,,0
1128,,227468,1,898,16120,120,80,1,83886092,0x0500000C,misc,,00000012.pro,-1,,0
1129,,227556,1,902,16129,129,80,0,83886096,0x05000010,misc,,00000016.pro,-1,,0
1130,,227660,1,904,16243,43,81,0,83886097,0x05000011,misc,,00000017.pro,-1,,0
1131,,227764,1,905,16244,44,81,0,83886097,0x05000011,misc,,00000017.pro,-1,,0
1132,,227868,1,908,16258,58,81,1,83886092,0x0500000C,misc,,00000012.pro,-1,,0
1133,,227956,1,909,16259,59,81,1,83886092,0x0500000C,misc,,00000012.pro,-1,,0
1134,,228044,1,910,16260,60,81,1,83886092,0x0500000C,misc,,00000012.pro,-1,,0
1135,,228132,1,912,16261,61,81,1,83886092,0x0500000C,misc,,00000012.pro,-1,,0
1136,,228220,1,914,16321,121,81,1,83886092,0x0500000C,misc,,00000012.pro,-1,,0
1137,,228308,1,918,16329,129,81,0,83886096,0x05000010,misc,,00000016.pro,-1,,0
1138,,228412,1,919,16330,130,81,0,83886096,0x05000010,misc,,00000016.pro,-1,,0
1139,,228516,1,922,16441,41,82,0,83886099,0x05000013,misc,,00000019.pro,-1,,0
1140,,228620,1,923,16444,44,82,0,83886097,0x05000011,misc,,00000017.pro,-1,,0
1141,,228724,1,927,16456,56,82,1,83886092,0x0500000C,misc,,00000012.pro,-1,,0
1142,,228812,1,928,16457,57,82,1,83886092,0x0500000C,misc,,00000012.pro,-1,,0
1143,,228900,1,929,16458,58,82,1,83886092,0x0500000C,misc,,00000012.pro,-1,,0
1144,,228988,1,930,16459,59,82,1,83886092,0x0500000C,misc,,00000012.pro,-1,,0
1145,,229076,1,933,16519,119,82,0,33554751,0x0200013F,scenery,generic,00000320.pro,-1,,0
1146,,229164,1,934,16521,121,82,1,83886092,0x0500000C,misc,,00000012.pro,-1,,0
1147,,229252,1,936,16522,122,82,1,83886092,0x0500000C,misc,,00000012.pro,-1,,0
1148,,229340,1,942,16530,130,82,0,83886096,0x05000010,misc,,00000016.pro,-1,,0
1149,,229444,1,944,16645,45,83,0,83886097,0x05000011,misc,,00000017.pro,-1,,0
1150,,229548,1,946,16654,54,83,1,83886092,0x0500000C,misc,,00000012.pro,-1,,0
1151,,229636,1,948,16655,55,83,1,83886092,0x0500000C,misc,,00000012.pro,-1,,0
1152,,229724,1,950,16656,56,83,1,83886092,0x0500000C,misc,,00000012.pro,-1,,0
1153,,229812,1,951,16657,57,83,1,83886092,0x0500000C,misc,,00000012.pro,-1,,0
1154,,229900,1,956,16722,122,83,1,83886092,0x0500000C,misc,,00000012.pro,-1,,0
1155,,229988,1,960,16731,131,83,0,83886096,0x05000010,misc,,00000016.pro,-1,,0
1156,,230092,1,961,16733,133,83,0,33555006,0x0200023E,scenery,generic,00000575.pro,-1,,0
1157,,230180,1,963,16845,45,84,0,83886097,0x05000011,misc,,00000017.pro,-1,,0
1158,,230284,1,964,16846,46,84,0,83886097,0x05000011,misc,,00000017.pro,-1,,0
1159,,230388,1,966,16852,52,84,1,83886092,0x0500000C,misc,,00000012.pro,-1,,0
1160,,230476,1,967,16853,53,84,1,83886092,0x0500000C,misc,,00000012.pro,-1,,0
1161,,230564,1,968,16854,54,84,1,83886092,0x0500000C,misc,,00000012.pro,-1,,0
1162,,230652,1,969,16855,55,84,1,83886092,0x0500000C,misc,,00000012.pro,-1,,0
1163,,230740,1,974,16919,119,84,0,33555007,0x0200023F,scenery,generic,00000576.pro,-1,,0
1164,,230828,1,975,16923,123,84,1,83886092,0x0500000C,misc,,00000012.pro,-1,,0
1165,,230916,1,979,16931,131,84,0,83886096,0x05000010,misc,,00000016.pro,-1,,0
1166,,231020,1,980,16932,132,84,0,83886096,0x05000010,misc,,00000016.pro,-1,,0
1167,,231124,1,983,17046,46,85,0,83886097,0x05000011,misc,,00000017.pro,-1,,0
1168,,231228,1,986,17052,52,85,1,83886092,0x0500000C,misc,,00000012.pro,-1,,0
1169,,231316,1,987,17053,53,85,1,83886092,0x0500000C,misc,,00000012.pro,-1,,0
1170,,231404,1,992,17123,123,85,1,83886092,0x0500000C,misc,,00000012.pro,-1,,0
1171,,231492,1,994,17124,124,85,1,83886092,0x0500000C,misc,,00000012.pro,-1,,0
1172,,231580,1,1000,17132,132,85,0,83886096,0x05000010,misc,,00000016.pro,-1,,0
1173,,231684,1,1002,17247,47,86,0,83886097,0x05000011,misc,,00000017.pro,-1,,0
1174,,231788,1,1004,17253,53,86,1,83886092,0x0500000C,misc,,00000012.pro,-1,,0
1175,,231876,1,1005,17254,54,86,1,83886092,0x0500000C,misc,,00000012.pro,-1,,0
1176,,231964,1,1012,17324,124,86,1,83886092,0x0500000C,misc,,00000012.pro,-1,,0
1177,,232052,1,1016,17333,133,86,0,83886096,0x05000010,misc,,00000016.pro,-1,,0
1178,,232156,1,1018,17447,47,87,0,83886097,0x05000011,misc,,00000017.pro,-1,,0
1179,,232260,1,1019,17448,48,87,0,83886097,0x05000011,misc,,00000017.pro,-1,,0
1180,,232364,1,1021,17453,53,87,1,83886092,0x0500000C,misc,,00000012.pro,-1,,0
1181,,232452,1,1022,17454,54,87,1,83886092,0x0500000C,misc,,00000012.pro,-1,,0
1182,,232540,1,1026,17525,125,87,1,83886092,0x0500000C,misc,,00000012.pro,-1,,0
1183,,232628,1,1027,17525,125,87,1,83886092,0x0500000C,misc,,00000012.pro,-1,,0
1184,,232716,1,1031,17533,133,87,0,83886096,0x05000010,misc,,00000016.pro,-1,,0
1185,,232820,1,1032,17534,134,87,0,83886096,0x05000010,misc,,00000016.pro,-1,,0
1186,,232924,1,1035,17648,48,88,0,83886097,0x05000011,misc,,00000017.pro,-1,,0
1187,,233028,1,1038,17654,54,88,1,83886092,0x0500000C,misc,,00000012.pro,-1,,0
1188,,233116,1,1039,17655,55,88,1,83886092,0x0500000C,misc,,00000012.pro,-1,,0
1189,,233204,1,1043,17725,125,88,1,83886092,0x0500000C,misc,,00000012.pro,-1,,0
1190,,233292,1,1045,17726,126,88,1,83886092,0x0500000C,misc,,00000012.pro,-1,,0
1191,,233380,1,1051,17734,134,88,0,83886096,0x05000010,misc,,00000016.pro,-1,,0
1192,,233484,1,1053,17849,49,89,0,83886097,0x05000011,misc,,00000017.pro,-1,,0
1193,,233588,1,1055,17855,55,89,1,83886092,0x0500000C,misc,,00000012.pro,-1,,0
1194,,233676,1,1056,17856,56,89,1,83886092,0x0500000C,misc,,00000012.pro,-1,,0
1195,,233764,1,1063,17926,126,89,1,83886092,0x0500000C,misc,,00000012.pro,-1,,0
1196,,233852,1,1067,17935,135,89,0,83886096,0x05000010,misc,,00000016.pro,-1,,0
1197,,233956,1,1069,18049,49,90,0,83886097,0x05000011,misc,,00000017.pro,-1,,0
1198,,234060,1,1070,18050,50,90,0,83886097,0x05000011,misc,,00000017.pro,-1,,0
1199,,234164,1,1072,18055,55,90,1,83886092,0x0500000C,misc,,00000012.pro,-1,,0
1200,,234252,1,1073,18056,56,90,1,83886092,0x0500000C,misc,,00000012.pro,-1,,0
1201,,234340,1,1078,18127,127,90,1,83886092,0x0500000C,misc,,00000012.pro,-1,,0
1202,,234428,1,1082,18135,135,90,0,83886096,0x05000010,misc,,00000016.pro,-1,,0
1203,,234532,1,1083,18136,136,90,0,83886096,0x05000010,misc,,00000016.pro,-1,,0
1204,,234636,1,1086,18250,50,91,0,83886097,0x05000011,misc,,00000017.pro,-1,,0
1205,,234740,1,1089,18257,57,91,1,83886092,0x0500000C,misc,,00000012.pro,-1,,0
1206,,234828,1,1093,18327,127,91,1,83886092,0x0500000C,misc,,00000012.pro,-1,,0
1207,,234916,1,1095,18328,128,91,1,83886092,0x0500000C,misc,,00000012.pro,-1,,0
1208,,235004,1,1101,18336,136,91,0,83886096,0x05000010,misc,,00000016.pro,-1,,0
1209,,235108,1,1103,18451,51,92,0,83886097,0x05000011,misc,,00000017.pro,-1,,0
1210,,235212,1,1105,18457,57,92,1,83886092,0x0500000C,misc,,00000012.pro,-1,,0
1211,,235300,1,1106,18458,58,92,1,83886092,0x0500000C,misc,,00000012.pro,-1,,0
1212,,235388,1,1113,18528,128,92,1,83886092,0x0500000C,misc,,00000012.pro,-1,,0
1213,,235476,1,1117,18537,137,92,0,83886096,0x05000010,misc,,00000016.pro,-1,,0
1214,,235580,1,1119,18651,51,93,0,83886097,0x05000011,misc,,00000017.pro,-1,,0
1215,,235684,1,1120,18652,52,93,0,83886097,0x05000011,misc,,00000017.pro,-1,,0
1216,,235788,1,1122,18658,58,93,1,83886092,0x0500000C,misc,,00000012.pro,-1,,0
1217,,235876,1,1126,18729,129,93,1,83886092,0x0500000C,misc,,00000012.pro,-1,,0
1218,,235964,1,1130,18737,137,93,0,83886096,0x05000010,misc,,00000016.pro,-1,,0
1219,,236068,1,1131,18738,138,93,0,83886096,0x05000010,misc,,00000016.pro,-1,,0
1220,,236172,1,1134,18852,52,94,0,83886097,0x05000011,misc,,00000017.pro,-1,,0
1221,,236276,1,1138,18859,59,94,1,83886092,0x0500000C,misc,,00000012.pro,-1,,0
1222,,236364,1,1142,18913,113,94,0,33555033,0x02000259,scenery,generic,00000602.pro,-1,,0
1223,,236452,1,1143,18929,129,94,1,83886092,0x0500000C,misc,,00000012.pro,-1,,0
1224,,236540,1,1145,18930,130,94,1,83886092,0x0500000C,misc,,00000012.pro,-1,,0
1225,,236628,1,1151,18938,138,94,0,83886096,0x05000010,misc,,00000016.pro,-1,,0
1226,,236732,1,1155,19053,53,95,0,83886097,0x05000011,misc,,00000017.pro,-1,,0
1227,,236836,1,1157,19059,59,95,1,83886092,0x0500000C,misc,,00000012.pro,-1,,0
1228,,236924,1,1158,19060,60,95,1,83886092,0x0500000C,misc,,00000012.pro,-1,,0
1229,,237012,1,1167,19130,130,95,1,83886092,0x0500000C,misc,,00000012.pro,-1,,0
1230,,237100,1,1171,19139,139,95,0,83886096,0x05000010,misc,,00000016.pro,-1,,0
1231,,237204,1,1174,19253,53,96,0,83886097,0x05000011,misc,,00000017.pro,-1,,0
1232,,237308,1,1175,19254,54,96,0,83886097,0x05000011,misc,,00000017.pro,-1,,0
1233,,237412,1,1177,19260,60,96,1,83886092,0x0500000C,misc,,00000012.pro,-1,,0
1234,,237500,1,1183,19331,131,96,1,83886092,0x0500000C,misc,,00000012.pro,-1,,0
1235,,237588,1,1187,19339,139,96,0,83886096,0x05000010,misc,,00000016.pro,-1,,0
1236,,237692,1,1188,19340,140,96,0,83886096,0x05000010,misc,,00000016.pro,-1,,0
1237,,237796,1,1191,19454,54,97,0,83886097,0x05000011,misc,,00000017.pro,-1,,0
1238,,237900,1,1194,19461,61,97,1,83886092,0x0500000C,misc,,00000012.pro,-1,,0
1239,,237988,1,1197,19476,76,97,0,33555005,0x0200023D,scenery,generic,00000574.pro,-1,,0
1240,,238076,1,1202,19531,131,97,1,83886092,0x0500000C,misc,,00000012.pro,-1,,0
1241,,238164,1,1204,19532,132,97,1,83886092,0x0500000C,misc,,00000012.pro,-1,,0
1242,,238252,1,1210,19540,140,97,0,83886096,0x05000010,misc,,00000016.pro,-1,,0
1243,,238356,1,1212,19655,55,98,0,83886097,0x05000011,misc,,00000017.pro,-1,,0
1244,,238460,1,1214,19661,61,98,1,83886092,0x0500000C,misc,,00000012.pro,-1,,0
1245,,238548,1,1215,19662,62,98,1,83886092,0x0500000C,misc,,00000012.pro,-1,,0
1246,,238636,1,1227,19732,132,98,1,83886092,0x0500000C,misc,,00000012.pro,-1,,0
1247,,238724,1,1231,19741,141,98,0,83886096,0x05000010,misc,,00000016.pro,-1,,0
1248,,238828,1,1233,19766,166,98,0,33554749,0x0200013D,scenery,generic,00000318.pro,-1,,0
1249,,238916,1,1234,19855,55,99,0,83886097,0x05000011,misc,,00000017.pro,-1,,0
1250,,239020,1,1235,19856,56,99,0,83886097,0x05000011,misc,,00000017.pro,-1,,0
1251,,239124,1,1237,19858,58,99,0,33554750,0x0200013E,scenery,generic,00000319.pro,-1,,0
1252,,239212,1,1238,19862,62,99,1,83886092,0x0500000C,misc,,00000012.pro,-1,,0
1253,,239300,1,1247,19921,121,99,0,33555006,0x0200023E,scenery,generic,00000575.pro,-1,,0
1254,,239388,1,1248,19933,133,99,1,83886092,0x0500000C,misc,,00000012.pro,-1,,0
1255,,239476,1,1252,19941,141,99,0,83886096,0x05000010,misc,,00000016.pro,-1,,0
1256,,239580,1,1253,19942,142,99,0,83886096,0x05000010,misc,,00000016.pro,-1,,0
1257,,239684,1,1256,20056,56,100,0,83886097,0x05000011,misc,,00000017.pro,-1,,0
1258,,239788,1,1259,20063,63,100,1,83886092,0x0500000C,misc,,00000012.pro,-1,,0
1259,,239876,1,1265,20097,97,100,0,33555007,0x0200023F,scenery,generic,00000576.pro,-1,,0
1260,,239964,1,1271,20122,122,100,0,33554893,0x020001CD,scenery,generic,00000462.pro,-1,,0
1261,,240052,1,1272,20133,133,100,1,83886092,0x0500000C,misc,,00000012.pro,-1,,0
1262,,240140,1,1274,20134,134,100,1,83886092,0x0500000C,misc,,00000012.pro,-1,,0
1263,,240228,1,1280,20142,142,100,0,83886096,0x05000010,misc,,00000016.pro,-1,,0
1264,,240332,1,1282,20257,57,101,0,83886097,0x05000011,misc,,00000017.pro,-1,,0
1265,,240436,1,1284,20263,63,101,1,83886092,0x0500000C,misc,,00000012.pro,-1,,0
1266,,240524,1,1285,20264,64,101,1,83886092,0x0500000C,misc,,00000012.pro,-1,,0
1267,,240612,1,1295,20334,134,101,1,83886092,0x0500000C,misc,,00000012.pro,-1,,0
1268,,240700,1,1300,20343,143,101,0,83886096,0x05000010,misc,,00000016.pro,-1,,0
1269,,240804,1,1302,20457,57,102,0,83886097,0x05000011,misc,,00000017.pro,-1,,0
1270,,240908,1,1303,20458,58,102,0,83886097,0x05000011,misc,,00000017.pro,-1,,0
1271,,241012,1,1305,20464,64,102,1,83886092,0x0500000C,misc,,00000012.pro,-1,,0
1272,,241100,1,1315,20535,135,102,1,83886092,0x0500000C,misc,,00000012.pro,-1,,0
1273,,241188,1,1319,20543,143,102,0,83886096,0x05000010,misc,,00000016.pro,-1,,0
1274,,241292,1,1320,20544,144,102,0,83886096,0x05000010,misc,,00000016.pro,-1,,0
1275,,241396,1,1323,20658,58,103,0,83886097,0x05000011,misc,,00000017.pro,-1,,0
1276,,241500,1,1326,20665,65,103,1,83886092,0x0500000C,misc,,00000012.pro,-1,,0
1277,,241588,1,1330,20735,135,103,1,83886092,0x0500000C,misc,,00000012.pro,-1,,0
1278,,241676,1,1332,20736,136,103,1,83886092,0x0500000C,misc,,00000012.pro,-1,,0
1279,,241764,1,1338,20744,144,103,0,83886096,0x05000010,misc,,00000016.pro,-1,,0
1280,,241868,1,1340,20859,59,104,0,83886097,0x05000011,misc,,00000017.pro,-1,,0
1281,,241972,1,1342,20865,65,104,1,83886092,0x0500000C,misc,,00000012.pro,-1,,0
1282,,242060,1,1343,20866,66,104,1,83886092,0x0500000C,misc,,00000012.pro,-1,,0
1283,,242148,1,1350,20913,113,104,0,33554893,0x020001CD,scenery,generic,00000462.pro,-1,,0
1284,,242236,1,1351,20936,136,104,1,83886092,0x0500000C,misc,,00000012.pro,-1,,0
1285,,242324,1,1355,20945,145,104,0,83886096,0x05000010,misc,,00000016.pro,-1,,0
1286,,242428,1,1358,21059,59,105,0,83886097,0x05000011,misc,,00000017.pro,-1,,0
1287,,242532,1,1359,21060,60,105,0,83886097,0x05000011,misc,,00000017.pro,-1,,0
1288,,242636,1,1361,21066,66,105,1,83886092,0x0500000C,misc,,00000012.pro,-1,,0
1289,,242724,1,1365,21096,96,105,0,33554560,0x02000080,scenery,generic,00000129.pro,-1,,0
1290,,242812,1,1367,21098,98,105,0,33554560,0x02000080,scenery,generic,00000129.pro,-1,,0
1291,,242900,1,1368,21099,99,105,0,33554560,0x02000080,scenery,generic,00000129.pro,-1,,0
1292,,242988,1,1370,21137,137,105,1,83886092,0x0500000C,misc,,00000012.pro,-1,,0
1293,,243076,1,1374,21145,145,105,0,83886096,0x05000010,misc,,00000016.pro,-1,,0
1294,,243180,1,1375,21146,146,105,0,83886096,0x05000010,misc,,00000016.pro,-1,,0
1295,,243284,1,1379,21260,60,106,0,83886097,0x05000011,misc,,00000017.pro,-1,,0
1296,,243388,1,1382,21267,67,106,1,83886092,0x0500000C,misc,,00000012.pro,-1,,0
1297,,243476,1,1386,21293,93,106,1,16777244,0x0100001C,critter,,00000028.pro,-1,,0
1298,,243604,1,1388,21296,96,106,0,33554960,0x02000210,scenery,generic,00000529.pro,-1,,0
1299,,243692,1,1390,21297,97,106,0,33554560,0x02000080,scenery,generic,00000129.pro,-1,,0
1300,,243780,1,1392,21299,99,106,0,33554560,0x02000080,scenery,generic,00000129.pro,-1,,0
1301,,243868,1,1394,21337,137,106,1,83886092,0x0500000C,misc,,00000012.pro,-1,,0
1302,,243956,1,1396,21338,138,106,1,83886092,0x0500000C,misc,,00000012.pro,-1,,0
1303,,244044,1,1402,21346,146,106,0,83886096,0x05000010,misc,,00000016.pro,-1,,0
1304,,244148,1,1406,21461,61,107,0,83886097,0x05000011,misc,,00000017.pro,-1,,0
1305,,244252,1,1408,21467,67,107,1,83886092,0x0500000C,misc,,00000012.pro,-1,,0
1306,,244340,1,1409,21468,68,107,1,83886092,0x0500000C,misc,,00000012.pro,-1,,0
1307,,244428,1,1418,21496,96,107,0,33554560,0x02000080,scenery,generic,00000129.pro,-1,,0
1308,,244516,1,1420,21498,98,107,0,33554560,0x02000080,scenery,generic,00000129.pro,-1,,0
1309,,244604,1,1421,21499,99,107,0,33554560,0x02000080,scenery,generic,00000129.pro,-1,,0
1310,,244692,1,1423,21538,138,107,1,83886092,0x0500000C,misc,,00000012.pro,-1,,0
1311,,244780,1,1427,21547,147,107,0,83886096,0x05000010,misc,,00000016.pro,-1,,0
1312,,244884,1,1430,21661,61,108,0,83886097,0x05000011,misc,,00000017.pro,-1,,0
1313,,244988,1,1431,21662,62,108,0,83886097,0x05000011,misc,,00000017.pro,-1,,0
1314,,245092,1,1433,21668,68,108,1,83886092,0x0500000C,misc,,00000012.pro,-1,,0
1315,,245180,1,1438,21697,97,108,0,33554560,0x02000080,scenery,generic,00000129.pro,-1,,0
1316,,245268,1,1441,21699,99,108,0,33554560,0x02000080,scenery,generic,00000129.pro,-1,,0
1317,,245356,1,1443,21733,133,108,0,33554893,0x020001CD,scenery,generic,00000462.pro,-1,,0
1318,,245444,1,1444,21739,139,108,1,83886092,0x0500000C,misc,,00000012.pro,-1,,0
1319,,245532,1,1449,21747,147,108,0,83886096,0x05000010,misc,,00000016.pro,-1,,0
1320,,245636,1,1450,21748,148,108,0,83886096,0x05000010,misc,,00000016.pro,-1,,0
1321,,245740,1,1453,21862,62,109,0,83886097,0x05000011,misc,,00000017.pro,-1,,0
1322,,245844,1,1456,21869,69,109,1,83886092,0x0500000C,misc,,00000012.pro,-1,,0
1323,,245932,1,1460,21939,139,109,1,83886092,0x0500000C,misc,,00000012.pro,-1,,0
1324,,246020,1,1462,21940,140,109,1,83886092,0x0500000C,misc,,00000012.pro,-1,,0
1325,,246108,1,1469,21948,148,109,0,83886096,0x05000010,misc,,00000016.pro,-1,,0
1326,,246212,1,1471,22063,63,110,0,83886097,0x05000011,misc,,00000017.pro,-1,,0
1327,,246316,1,1473,22069,69,110,1,83886092,0x0500000C,misc,,00000012.pro,-1,,0
1328,,246404,1,1474,22070,70,110,1,83886092,0x0500000C,misc,,00000012.pro,-1,,0
1329,,246492,1,1481,22140,140,110,1,83886092,0x0500000C,misc,,00000012.pro,-1,,0
1330,,246580,1,1485,22149,149,110,0,83886096,0x05000010,misc,,00000016.pro,-1,,0
1331,,246684,1,1487,22263,63,111,0,83886097,0x05000011,misc,,00000017.pro,-1,,0
1332,,246788,1,1488,22264,64,111,0,83886097,0x05000011,misc,,00000017.pro,-1,,0
1333,,246892,1,1490,22270,70,111,1,83886092,0x0500000C,misc,,00000012.pro,-1,,0
1334,,246980,1,1494,22296,96,111,0,33554751,0x0200013F,scenery,generic,00000320.pro,-1,,0
1335,,247068,1,1495,22331,131,111,0,33554893,0x020001CD,scenery,generic,00000462.pro,-1,,0
1336,,247156,1,1496,22341,141,111,1,83886092,0x0500000C,misc,,00000012.pro,-1,,0
1337,,247244,1,1500,22349,149,111,0,83886096,0x05000010,misc,,00000016.pro,-1,,0
1338,,247348,1,1501,22350,150,111,0,83886096,0x05000010,misc,,00000016.pro,-1,,0
1339,,247452,1,1504,22464,64,112,0,83886097,0x05000011,misc,,00000017.pro,-1,,0
1340,,247556,1,1507,22471,71,112,1,83886092,0x0500000C,misc,,00000012.pro,-1,,0
1341,,247644,1,1511,22541,141,112,1,83886092,0x0500000C,misc,,00000012.pro,-1,,0
1342,,247732,1,1513,22542,142,112,1,83886092,0x0500000C,misc,,00000012.pro,-1,,0
1343,,247820,1,1519,22550,150,112,0,83886096,0x05000010,misc,,00000016.pro,-1,,0
1344,,247924,1,1521,22665,65,113,0,83886097,0x05000011,misc,,00000017.pro,-1,,0
1345,,248028,1,1523,22671,71,113,1,83886092,0x0500000C,misc,,00000012.pro,-1,,0
1346,,248116,1,1524,22672,72,113,1,83886092,0x0500000C,misc,,00000012.pro,-1,,0
1347,,248204,1,1531,22735,135,113,0,33554893,0x020001CD,scenery,generic,00000462.pro,-1,,0
1348,,248292,1,1532,22742,142,113,1,83886092,0x0500000C,misc,,00000012.pro,-1,,0
1349,,248380,1,1536,22751,151,113,0,83886096,0x05000010,misc,,00000016.pro,-1,,0
1350,,248484,1,1538,22865,65,114,0,83886097,0x05000011,misc,,00000017.pro,-1,,0
1351,,248588,1,1539,22866,66,114,0,83886097,0x05000011,misc,,00000017.pro,-1,,0
1352,,248692,1,1541,22872,72,114,1,83886092,0x0500000C,misc,,00000012.pro,-1,,0
1353,,248780,1,1546,22929,129,114,0,33554893,0x020001CD,scenery,generic,00000462.pro,-1,,0
1354,,248868,1,1547,22943,143,114,1,83886092,0x0500000C,misc,,00000012.pro,-1,,0
1355,,248956,1,1551,22951,151,114,0,83886096,0x05000010,misc,,00000016.pro,-1,,0
1356,,249060,1,1552,22952,152,114,0,83886096,0x05000010,misc,,00000016.pro,-1,,0
1357,,249164,1,1555,23066,66,115,0,83886097,0x05000011,misc,,00000017.pro,-1,,0
1358,,249268,1,1558,23073,73,115,1,83886092,0x0500000C,misc,,00000012.pro,-1,,0
1359,,249356,1,1562,23098,98,115,0,33554560,0x02000080,scenery,generic,00000129.pro,-1,,0
1360,,249444,1,1563,23099,99,115,0,33554560,0x02000080,scenery,generic,00000129.pro,-1,,0
1361,,249532,1,1564,23100,100,115,0,33554560,0x02000080,scenery,generic,00000129.pro,-1,,0
1362,,249620,1,1565,23101,101,115,0,33554560,0x02000080,scenery,generic,00000129.pro,-1,,0
1363,,249708,1,1566,23143,143,115,1,83886092,0x0500000C,misc,,00000012.pro,-1,,0
1364,,249796,1,1568,23144,144,115,1,83886092,0x0500000C,misc,,00000012.pro,-1,,0
1365,,249884,1,1574,23152,152,115,0,83886096,0x05000010,misc,,00000016.pro,-1,,0
1366,,249988,1,1576,23267,67,116,0,83886097,0x05000011,misc,,00000017.pro,-1,,0
1367,,250092,1,1578,23273,73,116,1,83886092,0x0500000C,misc,,00000012.pro,-1,,0
1368,,250180,1,1579,23274,74,116,1,83886092,0x0500000C,misc,,00000012.pro,-1,,0
1369,,250268,1,1586,23295,95,116,1,16777244,0x0100001C,critter,,00000028.pro,-1,,0
1370,,250396,1,1587,23298,98,116,0,33554959,0x0200020F,scenery,generic,00000528.pro,-1,,0
1371,,250484,1,1588,23301,101,116,0,33554560,0x02000080,scenery,generic,00000129.pro,-1,,0
1372,,250572,1,1590,23344,144,116,1,83886092,0x0500000C,misc,,00000012.pro,-1,,0
1373,,250660,1,1594,23353,153,116,0,83886096,0x05000010,misc,,00000016.pro,-1,,0
1374,,250764,1,1596,23467,67,117,0,83886097,0x05000011,misc,,00000017.pro,-1,,0
1375,,250868,1,1597,23468,68,117,0,83886097,0x05000011,misc,,00000017.pro,-1,,0
1376,,250972,1,1599,23474,74,117,1,83886092,0x0500000C,misc,,00000012.pro,-1,,0
1377,,251060,1,1603,23498,98,117,0,33554560,0x02000080,scenery,generic,00000129.pro,-1,,0
1378,,251148,1,1604,23500,100,117,0,33554560,0x02000080,scenery,generic,00000129.pro,-1,,0
1379,,251236,1,1605,23501,101,117,0,33554560,0x02000080,scenery,generic,00000129.pro,-1,,0
1380,,251324,1,1606,23526,126,117,0,33554893,0x020001CD,scenery,generic,00000462.pro,-1,,0
1381,,251412,1,1607,23545,145,117,1,83886092,0x0500000C,misc,,00000012.pro,-1,,0
1382,,251500,1,1611,23553,153,117,0,83886096,0x05000010,misc,,00000016.pro,-1,,0
1383,,251604,1,1612,23554,154,117,0,83886096,0x05000010,misc,,00000016.pro,-1,,0
1384,,251708,1,1615,23668,68,118,0,83886097,0x05000011,misc,,00000017.pro,-1,,0
1385,,251812,1,1618,23675,75,118,1,83886092,0x0500000C,misc,,00000012.pro,-1,,0
1386,,251900,1,1622,23699,99,118,0,33554560,0x02000080,scenery,generic,00000129.pro,-1,,0
1387,,251988,1,1623,23745,145,118,1,83886092,0x0500000C,misc,,00000012.pro,-1,,0
1388,,252076,1,1625,23746,146,118,1,83886092,0x0500000C,misc,,00000012.pro,-1,,0
1389,,252164,1,1631,23754,154,118,0,83886096,0x05000010,misc,,00000016.pro,-1,,0
1390,,252268,1,1633,23869,69,119,0,83886097,0x05000011,misc,,00000017.pro,-1,,0
1391,,252372,1,1635,23875,75,119,1,83886092,0x0500000C,misc,,00000012.pro,-1,,0
1392,,252460,1,1636,23876,76,119,1,83886092,0x0500000C,misc,,00000012.pro,-1,,0
1393,,252548,1,1643,23925,125,119,0,33554896,0x020001D0,scenery,generic,00000465.pro,-1,,0
1394,,252636,1,1644,23946,146,119,1,83886092,0x0500000C,misc,,00000012.pro,-1,,0
1395,,252724,1,1648,23955,155,119,0,83886096,0x05000010,misc,,00000016.pro,-1,,0
1396,,252828,1,1650,24069,69,120,0,83886097,0x05000011,misc,,00000017.pro,-1,,0
1397,,252932,1,1651,24070,70,120,0,83886097,0x05000011,misc,,00000017.pro,-1,,0
1398,,253036,1,1653,24076,76,120,1,83886092,0x0500000C,misc,,00000012.pro,-1,,0
1399,,253124,1,1657,24147,147,120,1,83886092,0x0500000C,misc,,00000012.pro,-1,,0
1400,,253212,1,1664,24155,155,120,0,83886096,0x05000010,misc,,00000016.pro,-1,,0
1401,,253316,1,1665,24156,156,120,0,83886096,0x05000010,misc,,00000016.pro,-1,,0
1402,,253420,1,1669,24270,70,121,0,83886097,0x05000011,misc,,00000017.pro,-1,,0
1403,,253524,1,1672,24277,77,121,1,83886092,0x0500000C,misc,,00000012.pro,-1,,0
1404,,253612,1,1676,24347,147,121,1,83886092,0x0500000C,misc,,00000012.pro,-1,,0
1405,,253700,1,1678,24348,148,121,1,83886092,0x0500000C,misc,,00000012.pro,-1,,0
1406,,253788,1,1686,24356,156,121,0,83886096,0x05000010,misc,,00000016.pro,-1,,0
1407,,253892,1,1689,24471,71,122,0,83886097,0x05000011,misc,,00000017.pro,-1,,0
1408,,253996,1,1691,24477,77,122,1,83886092,0x0500000C,misc,,00000012.pro,-1,,0
1409,,254084,1,1692,24478,78,122,1,83886092,0x0500000C,misc,,00000012.pro,-1,,0
1410,,254172,1,1700,24548,148,122,1,83886092,0x0500000C,misc,,00000012.pro,-1,,0
1411,,254260,1,1707,24557,157,122,0,83886096,0x05000010,misc,,00000016.pro,-1,,0
1412,,254364,1,1710,24671,71,123,0,83886097,0x05000011,misc,,00000017.pro,-1,,0
1413,,254468,1,1711,24672,72,123,0,83886097,0x05000011,misc,,00000017.pro,-1,,0
1414,,254572,1,1713,24678,78,123,1,83886092,0x0500000C,misc,,00000012.pro,-1,,0
1415,,254660,1,1721,24749,149,123,1,83886092,0x0500000C,misc,,00000012.pro,-1,,0
1416,,254748,1,1725,24757,157,123,0,83886096,0x05000010,misc,,00000016.pro,-1,,0
1417,,254852,1,1726,24758,158,123,0,83886096,0x05000010,misc,,00000016.pro,-1,,0
1418,,254956,1,1729,24872,72,124,0,83886097,0x05000011,misc,,00000017.pro,-1,,0
1419,,255060,1,1732,24879,79,124,1,83886092,0x0500000C,misc,,00000012.pro,-1,,0
1420,,255148,1,1741,24949,149,124,1,83886092,0x0500000C,misc,,00000012.pro,-1,,0
1421,,255236,1,1743,24950,150,124,1,83886092,0x0500000C,misc,,00000012.pro,-1,,0
1422,,255324,1,1748,24958,158,124,0,83886096,0x05000010,misc,,00000016.pro,-1,,0
1423,,255428,1,1750,25073,73,125,0,83886097,0x05000011,misc,,00000017.pro,-1,,0
1424,,255532,1,1752,25079,79,125,1,83886092,0x0500000C,misc,,00000012.pro,-1,,0
1425,,255620,1,1753,25080,80,125,1,83886092,0x0500000C,misc,,00000012.pro,-1,,0
1426,,255708,1,1769,25147,147,125,0,33554557,0x0200007D,scenery,generic,00000126.pro,-1,,0
1427,,255796,1,1770,25150,150,125,1,83886092,0x0500000C,misc,,00000012.pro,-1,,0
1428,,255884,1,1776,25159,159,125,0,83886096,0x05000010,misc,,00000016.pro,-1,,0
1429,,255988,1,1777,25273,73,126,0,83886097,0x05000011,misc,,00000017.pro,-1,,0
1430,,256092,1,1778,25274,74,126,0,83886097,0x05000011,misc,,00000017.pro,-1,,0
1431,,256196,1,1780,25280,80,126,1,83886092,0x0500000C,misc,,00000012.pro,-1,,0
1432,,256284,1,1790,25351,151,126,1,83886092,0x0500000C,misc,,00000012.pro,-1,,0
1433,,256372,1,1796,25359,159,126,0,83886096,0x05000010,misc,,00000016.pro,-1,,0
1434,,256476,1,1797,25360,160,126,0,83886096,0x05000010,misc,,00000016.pro,-1,,0
1435,,256580,1,1798,25474,74,127,0,83886097,0x05000011,misc,,00000017.pro,-1,,0
1436,,256684,1,1801,25481,81,127,1,83886092,0x0500000C,misc,,00000012.pro,-1,,0
1437,,256772,1,1802,25483,83,127,0,33555005,0x0200023D,scenery,generic,00000574.pro,-1,,0
1438,,256860,1,1806,25536,136,127,0,33554552,0x02000078,scenery,generic,00000121.pro,-1,,0
1439,,256948,1,1807,25536,136,127,0,33555006,0x0200023E,scenery,generic,00000575.pro,-1,,0
1440,,257036,1,1812,25551,151,127,1,83886092,0x0500000C,misc,,00000012.pro,-1,,0
1441,,257124,1,1815,25552,152,127,1,83886092,0x0500000C,misc,,00000012.pro,-1,,0
1442,,257212,1,1820,25560,160,127,0,83886096,0x05000010,misc,,00000016.pro,-1,,0
1443,,257316,1,1821,25675,75,128,0,83886097,0x05000011,misc,,00000017.pro,-1,,0
1444,,257420,1,1823,25681,81,128,1,83886092,0x0500000C,misc,,00000012.pro,-1,,0
1445,,257508,1,1824,25682,82,128,1,83886092,0x0500000C,misc,,00000012.pro,-1,,0
1446,,257596,1,1837,25752,152,128,1,83886092,0x0500000C,misc,,00000012.pro,-1,,0
1447,,257684,1,1841,25761,161,128,0,83886096,0x05000010,misc,,00000016.pro,-1,,0
1448,,257788,1,1842,25875,75,129,0,83886097,0x05000011,misc,,00000017.pro,-1,,0
1449,,257892,1,1843,25876,76,129,0,83886097,0x05000011,misc,,00000017.pro,-1,,0
1450,,257996,1,1845,25882,82,129,1,83886092,0x0500000C,misc,,00000012.pro,-1,,0
1451,,258084,1,1855,25950,150,129,1,83886092,0x0500000C,misc,,00000012.pro,-1,,0
1452,,258172,1,1856,25951,151,129,1,83886092,0x0500000C,misc,,00000012.pro,-1,,0
1453,,258260,1,1857,25952,152,129,1,83886092,0x0500000C,misc,,00000012.pro,-1,,0
1454,,258348,1,1858,25953,153,129,1,83886092,0x0500000C,misc,,00000012.pro,-1,,0
1455,,258436,1,1862,25961,161,129,0,83886096,0x05000010,misc,,00000016.pro,-1,,0
1456,,258540,1,1863,25962,162,129,0,83886096,0x05000010,misc,,00000016.pro,-1,,0
1457,,258644,1,1864,26076,76,130,0,83886097,0x05000011,misc,,00000017.pro,-1,,0
1458,,258748,1,1867,26083,83,130,1,83886092,0x0500000C,misc,,00000012.pro,-1,,0
1459,,258836,1,1871,26115,115,130,0,33555006,0x0200023E,scenery,generic,00000575.pro,-1,,0
1460,,258924,1,1878,26148,148,130,1,83886092,0x0500000C,misc,,00000012.pro,-1,,0
1461,,259012,1,1879,26149,149,130,1,83886092,0x0500000C,misc,,00000012.pro,-1,,0
1462,,259100,1,1880,26150,150,130,1,83886092,0x0500000C,misc,,00000012.pro,-1,,0
1463,,259188,1,1881,26151,151,130,1,83886092,0x0500000C,misc,,00000012.pro,-1,,0
1464,,259276,1,1886,26162,162,130,0,83886096,0x05000010,misc,,00000016.pro,-1,,0
1465,,259380,1,1887,26277,77,131,0,83886097,0x05000011,misc,,00000017.pro,-1,,0
1466,,259484,1,1889,26283,83,131,1,83886092,0x0500000C,misc,,00000012.pro,-1,,0
1467,,259572,1,1890,26284,84,131,1,83886092,0x0500000C,misc,,00000012.pro,-1,,0
1468,,259660,1,1903,26346,146,131,1,83886092,0x0500000C,misc,,00000012.pro,-1,,0
1469,,259748,1,1904,26347,147,131,1,83886092,0x0500000C,misc,,00000012.pro,-1,,0
1470,,259836,1,1905,26348,148,131,1,83886092,0x0500000C,misc,,00000012.pro,-1,,0
1471,,259924,1,1906,26349,149,131,1,83886092,0x0500000C,misc,,00000012.pro,-1,,0
1472,,260012,1,1910,26363,163,131,0,83886096,0x05000010,misc,,00000016.pro,-1,,0
1473,,260116,1,1911,26366,166,131,0,83886098,0x05000012,misc,,00000018.pro,-1,,0
1474,,260220,1,1912,26477,77,132,0,83886097,0x05000011,misc,,00000017.pro,-1,,0
1475,,260324,1,1913,26478,78,132,0,83886097,0x05000011,misc,,00000017.pro,-1,,0
1476,,260428,1,1915,26484,84,132,1,83886092,0x0500000C,misc,,00000012.pro,-1,,0
1477,,260516,1,1925,26544,144,132,1,83886092,0x0500000C,misc,,00000012.pro,-1,,0
1478,,260604,1,1926,26544,144,132,1,83886092,0x0500000C,misc,,00000012.pro,-1,,0
1479,,260692,1,1927,26545,145,132,1,83886092,0x0500000C,misc,,00000012.pro,-1,,0
1480,,260780,1,1928,26546,146,132,1,83886092,0x0500000C,misc,,00000012.pro,-1,,0
1481,,260868,1,1929,26546,146,132,1,83886092,0x0500000C,misc,,00000012.pro,-1,,0
1482,,260956,1,1930,26547,147,132,1,83886092,0x0500000C,misc,,00000012.pro,-1,,0
1483,,261044,1,1934,26563,163,132,0,83886096,0x05000010,misc,,00000016.pro,-1,,0
1484,,261148,1,1935,26564,164,132,0,83886096,0x05000010,misc,,00000016.pro,-1,,0
1485,,261252,1,1936,26564,164,132,0,83886098,0x05000012,misc,,00000018.pro,-1,,0
1486,,261356,1,1937,26565,165,132,0,83886098,0x05000012,misc,,00000018.pro,-1,,0
1487,,261460,1,1938,26678,78,133,0,83886097,0x05000011,misc,,00000017.pro,-1,,0
1488,,261564,1,1941,26685,85,133,1,83886092,0x0500000C,misc,,00000012.pro,-1,,0
1489,,261652,1,1951,26742,142,133,1,83886092,0x0500000C,misc,,00000012.pro,-1,,0
1490,,261740,1,1952,26743,143,133,1,83886092,0x0500000C,misc,,00000012.pro,-1,,0
1491,,261828,1,1953,26744,144,133,1,83886092,0x0500000C,misc,,00000012.pro,-1,,0
1492,,261916,1,1954,26745,145,133,1,83886092,0x0500000C,misc,,00000012.pro,-1,,0
1493,,262004,1,1958,26762,162,133,0,83886098,0x05000012,misc,,00000018.pro,-1,,0
1494,,262108,1,1960,26763,163,133,0,83886098,0x05000012,misc,,00000018.pro,-1,,0
1495,,262212,1,1961,26764,164,133,0,83886096,0x05000010,misc,,00000016.pro,-1,,0
1496,,262316,1,1964,26879,79,134,0,83886097,0x05000011,misc,,00000017.pro,-1,,0
1497,,262420,1,1966,26885,85,134,1,83886092,0x0500000C,misc,,00000012.pro,-1,,0
1498,,262508,1,1967,26886,86,134,1,83886092,0x0500000C,misc,,00000012.pro,-1,,0
1499,,262596,1,1980,26940,140,134,1,83886092,0x0500000C,misc,,00000012.pro,-1,,0
1500,,262684,1,1981,26941,141,134,1,83886092,0x0500000C,misc,,00000012.pro,-1,,0
1501,,262772,1,1982,26942,142,134,1,83886092,0x0500000C,misc,,00000012.pro,-1,,0
1502,,262860,1,1983,26942,142,134,1,83886092,0x0500000C,misc,,00000012.pro,-1,,0
1503,,262948,1,1984,26943,143,134,1,83886092,0x0500000C,misc,,00000012.pro,-1,,0
1504,,263036,1,1987,26960,160,134,0,83886098,0x05000012,misc,,00000018.pro,-1,,0
1505,,263140,1,1988,26961,161,134,0,83886098,0x05000012,misc,,00000018.pro,-1,,0
1506,,263244,1,1990,26965,165,134,0,83886096,0x05000010,misc,,00000016.pro,-1,,0
1507,,263348,1,1991,27079,79,135,0,83886097,0x05000011,misc,,00000017.pro,-1,,0
1508,,263452,1,1992,27080,80,135,0,83886097,0x05000011,misc,,00000017.pro,-1,,0
1509,,263556,1,1994,27086,86,135,1,83886092,0x0500000C,misc,,00000012.pro,-1,,0
1510,,263644,1,2004,27138,138,135,1,83886092,0x0500000C,misc,,00000012.pro,-1,,0
1511,,263732,1,2005,27139,139,135,1,83886092,0x0500000C,misc,,00000012.pro,-1,,0
1512,,263820,1,2006,27140,140,135,1,83886092,0x0500000C,misc,,00000012.pro,-1,,0
1513,,263908,1,2007,27141,141,135,1,83886092,0x0500000C,misc,,00000012.pro,-1,,0
1514,,263996,1,2009,27158,158,135,0,83886098,0x05000012,misc,,00000018.pro,-1,,0
1515,,264100,1,2011,27159,159,135,0,83886098,0x05000012,misc,,00000018.pro,-1,,0
1516,,264204,1,2013,27165,165,135,0,83886096,0x05000010,misc,,00000016.pro,-1,,0
1517,,264308,1,2014,27166,166,135,0,83886096,0x05000010,misc,,00000016.pro,-1,,0
1518,,264412,1,2015,27280,80,136,0,83886097,0x05000011,misc,,00000017.pro,-1,,0
1519,,264516,1,2018,27287,87,136,1,83886092,0x0500000C,misc,,00000012.pro,-1,,0
1520,,264604,1,2028,27336,136,136,1,83886092,0x0500000C,misc,,00000012.pro,-1,,0
1521,,264692,1,2029,27337,137,136,1,83886092,0x0500000C,misc,,00000012.pro,-1,,0
1522,,264780,1,2030,27338,138,136,1,83886092,0x0500000C,misc,,00000012.pro,-1,,0
1523,,264868,1,2031,27339,139,136,1,83886092,0x0500000C,misc,,00000012.pro,-1,,0
1524,,264956,1,2032,27356,156,136,0,83886098,0x05000012,misc,,00000018.pro,-1,,0
1525,,265060,1,2033,27357,157,136,0,83886098,0x05000012,misc,,00000018.pro,-1,,0
1526,,265164,1,2038,27366,166,136,0,83886096,0x05000010,misc,,00000016.pro,-1,,0
1527,,265268,1,2039,27481,81,137,0,83886097,0x05000011,misc,,00000017.pro,-1,,0
1528,,265372,1,2041,27487,87,137,1,83886092,0x0500000C,misc,,00000012.pro,-1,,0
1529,,265460,1,2042,27488,88,137,1,83886092,0x0500000C,misc,,00000012.pro,-1,,0
1530,,265548,1,2055,27534,134,137,1,83886092,0x0500000C,misc,,00000012.pro,-1,,0
1531,,265636,1,2056,27535,135,137,1,83886092,0x0500000C,misc,,00000012.pro,-1,,0
1532,,265724,1,2057,27535,135,137,1,83886092,0x0500000C,misc,,00000012.pro,-1,,0
1533,,265812,1,2058,27536,136,137,1,83886092,0x0500000C,misc,,00000012.pro,-1,,0
1534,,265900,1,2059,27537,137,137,1,83886092,0x0500000C,misc,,00000012.pro,-1,,0
1535,,265988,1,2060,27554,154,137,0,83886098,0x05000012,misc,,00000018.pro,-1,,0
1536,,266092,1,2061,27555,155,137,0,83886098,0x05000012,misc,,00000018.pro,-1,,0
1537,,266196,1,2066,27567,167,137,0,83886096,0x05000010,misc,,00000016.pro,-1,,0
1538,,266300,1,2067,27681,81,138,0,83886097,0x05000011,misc,,00000017.pro,-1,,0
1539,,266404,1,2068,27682,82,138,0,83886097,0x05000011,misc,,00000017.pro,-1,,0
1540,,266508,1,2070,27688,88,138,1,83886092,0x0500000C,misc,,00000012.pro,-1,,0
1541,,266596,1,2080,27732,132,138,1,83886092,0x0500000C,misc,,00000012.pro,-1,,0
1542,,266684,1,2081,27733,133,138,1,83886092,0x0500000C,misc,,00000012.pro,-1,,0
1543,,266772,1,2082,27734,134,138,1,83886092,0x0500000C,misc,,00000012.pro,-1,,0
1544,,266860,1,2083,27735,135,138,1,83886092,0x0500000C,misc,,00000012.pro,-1,,0
1545,,266948,1,2084,27752,152,138,0,83886098,0x05000012,misc,,00000018.pro,-1,,0
1546,,267052,1,2085,27753,153,138,0,83886098,0x05000012,misc,,00000018.pro,-1,,0
1547,,267156,1,2091,27882,82,139,0,83886097,0x05000011,misc,,00000017.pro,-1,,0
1548,,267260,1,2094,27889,89,139,1,83886092,0x0500000C,misc,,00000012.pro,-1,,0
1549,,267348,1,2103,27928,128,139,0,33554557,0x0200007D,scenery,generic,00000126.pro,-1,,0
1550,,267436,1,2105,27930,130,139,1,83886092,0x0500000C,misc,,00000012.pro,-1,,0
1551,,267524,1,2106,27930,130,139,1,83886092,0x0500000C,misc,,00000012.pro,-1,,0
1552,,267612,1,2107,27931,131,139,1,83886092,0x0500000C,misc,,00000012.pro,-1,,0
1553,,267700,1,2108,27932,132,139,1,83886092,0x0500000C,misc,,00000012.pro,-1,,0
1554,,267788,1,2109,27933,133,139,1,83886092,0x0500000C,misc,,00000012.pro,-1,,0
1555,,267876,1,2110,27950,150,139,0,83886098,0x05000012,misc,,00000018.pro,-1,,0
1556,,267980,1,2111,27951,151,139,0,83886098,0x05000012,misc,,00000018.pro,-1,,0
1557,,268084,1,2118,28083,83,140,0,83886097,0x05000011,misc,,00000017.pro,-1,,0
1558,,268188,1,2120,28089,89,140,1,83886092,0x0500000C,misc,,00000012.pro,-1,,0
1559,,268276,1,2121,28090,90,140,1,83886092,0x0500000C,misc,,00000012.pro,-1,,0
1560,,268364,1,2134,28128,128,140,1,83886092,0x0500000C,misc,,00000012.pro,-1,,0
1561,,268452,1,2135,28129,129,140,1,83886092,0x0500000C,misc,,00000012.pro,-1,,0
1562,,268540,1,2136,28130,130,140,1,83886092,0x0500000C,misc,,00000012.pro,-1,,0
1563,,268628,1,2137,28131,131,140,1,83886092,0x0500000C,misc,,00000012.pro,-1,,0
1564,,268716,1,2138,28146,146,140,0,33554893,0x020001CD,scenery,generic,00000462.pro,-1,,0
1565,,268804,1,2139,28148,148,140,0,83886098,0x05000012,misc,,00000018.pro,-1,,0
1566,,268908,1,2140,28149,149,140,0,83886098,0x05000012,misc,,00000018.pro,-1,,0
1567,,269012,1,2148,28283,83,141,0,83886097,0x05000011,misc,,00000017.pro,-1,,0
1568,,269116,1,2149,28284,84,141,0,83886097,0x05000011,misc,,00000017.pro,-1,,0
1569,,269220,1,2151,28289,89,141,1,83886092,0x0500000C,misc,,00000012.pro,-1,,0
1570,,269308,1,2152,28290,90,141,1,83886092,0x0500000C,misc,,00000012.pro,-1,,0
1571,,269396,1,2162,28326,126,141,1,83886092,0x0500000C,misc,,00000012.pro,-1,,0
1572,,269484,1,2163,28327,127,141,1,83886092,0x0500000C,misc,,00000012.pro,-1,,0
1573,,269572,1,2164,28328,128,141,1,83886092,0x0500000C,misc,,00000012.pro,-1,,0
1574,,269660,1,2165,28329,129,141,1,83886092,0x0500000C,misc,,00000012.pro,-1,,0
1575,,269748,1,2166,28346,146,141,0,83886098,0x05000012,misc,,00000018.pro,-1,,0
1576,,269852,1,2167,28347,147,141,0,83886098,0x05000012,misc,,00000018.pro,-1,,0
1577,,269956,1,2174,28484,84,142,0,83886097,0x05000011,misc,,00000017.pro,-1,,0
1578,,270060,1,2177,28490,90,142,1,83886092,0x0500000C,misc,,00000012.pro,-1,,0
1579,,270148,1,2178,28491,91,142,1,83886092,0x0500000C,misc,,00000012.pro,-1,,0
1580,,270236,1,2188,28524,124,142,1,83886092,0x0500000C,misc,,00000012.pro,-1,,0
1581,,270324,1,2189,28525,125,142,1,83886092,0x0500000C,misc,,00000012.pro,-1,,0
1582,,270412,1,2190,28526,126,142,1,83886092,0x0500000C,misc,,00000012.pro,-1,,0
1583,,270500,1,2191,28527,127,142,1,83886092,0x0500000C,misc,,00000012.pro,-1,,0
1584,,270588,1,2192,28542,142,142,0,33554893,0x020001CD,scenery,generic,00000462.pro,-1,,0
1585,,270676,1,2193,28544,144,142,0,83886098,0x05000012,misc,,00000018.pro,-1,,0
1586,,270780,1,2194,28545,145,142,0,83886098,0x05000012,misc,,00000018.pro,-1,,0
1587,,270884,1,2201,28685,85,143,0,83886097,0x05000011,misc,,00000017.pro,-1,,0
1588,,270988,1,2203,28691,91,143,1,83886092,0x0500000C,misc,,00000012.pro,-1,,0
1589,,271076,1,2204,28692,92,143,1,83886092,0x0500000C,misc,,00000012.pro,-1,,0
1590,,271164,1,2217,28722,122,143,1,83886092,0x0500000C,misc,,00000012.pro,-1,,0
1591,,271252,1,2218,28723,123,143,1,83886092,0x0500000C,misc,,00000012.pro,-1,,0
1592,,271340,1,2219,28724,124,143,1,83886092,0x0500000C,misc,,00000012.pro,-1,,0
1593,,271428,1,2220,28725,125,143,1,83886092,0x0500000C,misc,,00000012.pro,-1,,0
1594,,271516,1,2221,28742,142,143,0,83886098,0x05000012,misc,,00000018.pro,-1,,0
1595,,271620,1,2222,28743,143,143,0,83886098,0x05000012,misc,,00000018.pro,-1,,0
1596,,271724,1,2230,28885,85,144,0,83886097,0x05000011,misc,,00000017.pro,-1,,0
1597,,271828,1,2231,28886,86,144,0,83886097,0x05000011,misc,,00000017.pro,-1,,0
1598,,271932,1,2233,28891,91,144,1,83886092,0x0500000C,misc,,00000012.pro,-1,,0
1599,,272020,1,2234,28892,92,144,1,83886092,0x0500000C,misc,,00000012.pro,-1,,0
1600,,272108,1,2244,28920,120,144,1,83886092,0x0500000C,misc,,00000012.pro,-1,,0
1601,,272196,1,2245,28921,121,144,1,83886092,0x0500000C,misc,,00000012.pro,-1,,0
1602,,272284,1,2246,28922,122,144,1,83886092,0x0500000C,misc,,00000012.pro,-1,,0
1603,,272372,1,2247,28923,123,144,1,83886092,0x0500000C,misc,,00000012.pro,-1,,0
1604,,272460,1,2248,28937,137,144,0,33554893,0x020001CD,scenery,generic,00000462.pro,-1,,0
1605,,272548,1,2249,28940,140,144,0,83886098,0x05000012,misc,,00000018.pro,-1,,0
1606,,272652,1,2250,28941,141,144,0,83886098,0x05000012,misc,,00000018.pro,-1,,0
1607,,272756,1,2259,29086,86,145,0,83886097,0x05000011,misc,,00000017.pro,-1,,0
1608,,272860,1,2262,29092,92,145,1,83886092,0x0500000C,misc,,00000012.pro,-1,,0
1609,,272948,1,2263,29093,93,145,1,83886092,0x0500000C,misc,,00000012.pro,-1,,0
1610,,273036,1,2274,29118,118,145,1,83886092,0x0500000C,misc,,00000012.pro,-1,,0
1611,,273124,1,2275,29119,119,145,1,83886092,0x0500000C,misc,,00000012.pro,-1,,0
1612,,273212,1,2276,29119,119,145,1,83886092,0x0500000C,misc,,00000012.pro,-1,,0
1613,,273300,1,2277,29120,120,145,1,83886092,0x0500000C,misc,,00000012.pro,-1,,0
1614,,273388,1,2278,29121,121,145,1,83886092,0x0500000C,misc,,00000012.pro,-1,,0
1615,,273476,1,2279,29138,138,145,0,83886098,0x05000012,misc,,00000018.pro,-1,,0
1616,,273580,1,2280,29139,139,145,0,83886098,0x05000012,misc,,00000018.pro,-1,,0
1617,,273684,1,2290,29287,87,146,0,83886097,0x05000011,misc,,00000017.pro,-1,,0
1618,,273788,1,2292,29293,93,146,1,83886092,0x0500000C,misc,,00000012.pro,-1,,0
1619,,273876,1,2293,29294,94,146,1,83886092,0x0500000C,misc,,00000012.pro,-1,,0
1620,,273964,1,2306,29316,116,146,1,83886092,0x0500000C,misc,,00000012.pro,-1,,0
1621,,274052,1,2307,29317,117,146,1,83886092,0x0500000C,misc,,00000012.pro,-1,,0
1622,,274140,1,2308,29318,118,146,1,83886092,0x0500000C,misc,,00000012.pro,-1,,0
1623,,274228,1,2309,29319,119,146,1,83886092,0x0500000C,misc,,00000012.pro,-1,,0
1624,,274316,1,2310,29336,136,146,0,83886098,0x05000012,misc,,00000018.pro,-1,,0
1625,,274420,1,2311,29337,137,146,0,83886098,0x05000012,misc,,00000018.pro,-1,,0
1626,,274524,1,2319,29487,87,147,0,83886097,0x05000011,misc,,00000017.pro,-1,,0
1627,,274628,1,2320,29488,88,147,0,83886097,0x05000011,misc,,00000017.pro,-1,,0
1628,,274732,1,2322,29493,93,147,1,83886092,0x0500000C,misc,,00000012.pro,-1,,0
1629,,274820,1,2323,29494,94,147,1,83886092,0x0500000C,misc,,00000012.pro,-1,,0
1630,,274908,1,2328,29503,103,147,0,33555005,0x0200023D,scenery,generic,00000574.pro,-1,,0
1631,,274996,1,2333,29514,114,147,1,83886092,0x0500000C,misc,,00000012.pro,-1,,0
1632,,275084,1,2334,29515,115,147,1,83886092,0x0500000C,misc,,00000012.pro,-1,,0
1633,,275172,1,2335,29516,116,147,1,83886092,0x0500000C,misc,,00000012.pro,-1,,0
1634,,275260,1,2336,29517,117,147,1,83886092,0x0500000C,misc,,00000012.pro,-1,,0
1635,,275348,1,2337,29534,134,147,0,83886098,0x05000012,misc,,00000018.pro,-1,,0
1636,,275452,1,2338,29535,135,147,0,83886098,0x05000012,misc,,00000018.pro,-1,,0
1637,,275556,1,2345,29688,88,148,0,83886097,0x05000011,misc,,00000017.pro,-1,,0
1638,,275660,1,2348,29694,94,148,1,83886092,0x0500000C,misc,,00000012.pro,-1,,0
1639,,275748,1,2349,29695,95,148,1,83886092,0x0500000C,misc,,00000012.pro,-1,,0
1640,,275836,1,2356,29712,112,148,1,83886092,0x0500000C,misc,,00000012.pro,-1,,0
1641,,275924,1,2357,29713,113,148,1,83886092,0x0500000C,misc,,00000012.pro,-1,,0
1642,,276012,1,2358,29714,114,148,1,83886092,0x0500000C,misc,,00000012.pro,-1,,0
1643,,276100,1,2359,29715,115,148,1,83886092,0x0500000C,misc,,00000012.pro,-1,,0
1644,,276188,1,2360,29732,132,148,0,83886098,0x05000012,misc,,00000018.pro,-1,,0
1645,,276292,1,2361,29733,133,148,0,83886098,0x05000012,misc,,00000018.pro,-1,,0
1646,,276396,1,2368,29889,89,149,0,83886097,0x05000011,misc,,00000017.pro,-1,,0
1647,,276500,1,2370,29895,95,149,1,83886092,0x0500000C,misc,,00000012.pro,-1,,0
1648,,276588,1,2371,29896,96,149,1,83886092,0x0500000C,misc,,00000012.pro,-1,,0
1649,,276676,1,2376,29910,110,149,1,83886092,0x0500000C,misc,,00000012.pro,-1,,0
1650,,276764,1,2377,29911,111,149,1,83886092,0x0500000C,misc,,00000012.pro,-1,,0
1651,,276852,1,2379,29912,112,149,1,83886092,0x0500000C,misc,,00000012.pro,-1,,0
1652,,276940,1,2381,29913,113,149,1,83886092,0x0500000C,misc,,00000012.pro,-1,,0
1653,,277028,1,2382,29930,130,149,0,83886098,0x05000012,misc,,00000018.pro,-1,,0
1654,,277132,1,2383,29931,131,149,0,83886098,0x05000012,misc,,00000018.pro,-1,,0
1655,,277236,1,2390,30089,89,150,0,83886097,0x05000011,misc,,00000017.pro,-1,,0
1656,,277340,1,2391,30090,90,150,0,83886097,0x05000011,misc,,00000017.pro,-1,,0
1657,,277444,1,2393,30095,95,150,1,83886092,0x0500000C,misc,,00000012.pro,-1,,0
1658,,277532,1,2394,30096,96,150,1,83886092,0x0500000C,misc,,00000012.pro,-1,,0
1659,,277620,1,2398,30108,108,150,1,83886092,0x0500000C,misc,,00000012.pro,-1,,0
1660,,277708,1,2399,30109,109,150,1,83886092,0x0500000C,misc,,00000012.pro,-1,,0
1661,,277796,1,2400,30110,110,150,1,83886092,0x0500000C,misc,,00000012.pro,-1,,0
1662,,277884,1,2401,30111,111,150,1,83886092,0x0500000C,misc,,00000012.pro,-1,,0
1663,,277972,1,2403,30128,128,150,0,83886098,0x05000012,misc,,00000018.pro,-1,,0
1664,,278076,1,2404,30129,129,150,0,83886098,0x05000012,misc,,00000018.pro,-1,,0
1665,,278180,1,2411,30290,90,151,0,83886097,0x05000011,misc,,00000017.pro,-1,,0
1666,,278284,1,2414,30296,96,151,1,83886092,0x0500000C,misc,,00000012.pro,-1,,0
1667,,278372,1,2415,30297,97,151,1,83886092,0x0500000C,misc,,00000012.pro,-1,,0
1668,,278460,1,2418,30306,106,151,1,83886092,0x0500000C,misc,,00000012.pro,-1,,0
1669,,278548,1,2419,30307,107,151,1,83886092,0x0500000C,misc,,00000012.pro,-1,,0
1670,,278636,1,2421,30308,108,151,1,83886092,0x0500000C,misc,,00000012.pro,-1,,0
1671,,278724,1,2422,30309,109,151,1,83886092,0x0500000C,misc,,00000012.pro,-1,,0
1672,,278812,1,2424,30326,126,151,0,83886098,0x05000012,misc,,00000018.pro,-1,,0
1673,,278916,1,2425,30327,127,151,0,83886098,0x05000012,misc,,00000018.pro,-1,,0
1674,,279020,1,2432,30491,91,152,0,83886097,0x05000011,misc,,00000017.pro,-1,,0
1675,,279124,1,2434,30497,97,152,1,83886092,0x0500000C,misc,,00000012.pro,-1,,0
1676,,279212,1,2435,30498,98,152,1,83886092,0x0500000C,misc,,00000012.pro,-1,,0
1677,,279300,1,2438,30504,104,152,1,83886092,0x0500000C,misc,,00000012.pro,-1,,0
1678,,279388,1,2439,30505,105,152,1,83886092,0x0500000C,misc,,00000012.pro,-1,,0
1679,,279476,1,2440,30506,106,152,1,83886092,0x0500000C,misc,,00000012.pro,-1,,0
1680,,279564,1,2441,30506,106,152,1,83886092,0x0500000C,misc,,00000012.pro,-1,,0
1681,,279652,1,2442,30506,106,152,1,83886092,0x0500000C,misc,,00000012.pro,-1,,0
1682,,279740,1,2443,30506,106,152,1,83886092,0x0500000C,misc,,00000012.pro,-1,,0
1683,,279828,1,2444,30506,106,152,1,83886092,0x0500000C,misc,,00000012.pro,-1,,0
1684,,279916,1,2445,30507,107,152,1,83886092,0x0500000C,misc,,00000012.pro,-1,,0
1685,,280004,1,2450,30524,124,152,0,83886098,0x05000012,misc,,00000018.pro,-1,,0
1686,,280108,1,2451,30525,125,152,0,83886098,0x05000012,misc,,00000018.pro,-1,,0
1687,,280212,1,2458,30691,91,153,0,83886097,0x05000011,misc,,00000017.pro,-1,,0
1688,,280316,1,2459,30692,92,153,0,83886097,0x05000011,misc,,00000017.pro,-1,,0
1689,,280420,1,2461,30697,97,153,1,83886092,0x0500000C,misc,,00000012.pro,-1,,0
1690,,280508,1,2462,30698,98,153,1,83886092,0x0500000C,misc,,00000012.pro,-1,,0
1691,,280596,1,2465,30702,102,153,1,83886092,0x0500000C,misc,,00000012.pro,-1,,0
1692,,280684,1,2466,30703,103,153,1,83886092,0x0500000C,misc,,00000012.pro,-1,,0
1693,,280772,1,2467,30704,104,153,1,83886092,0x0500000C,misc,,00000012.pro,-1,,0
1694,,280860,1,2468,30705,105,153,1,83886092,0x0500000C,misc,,00000012.pro,-1,,0
1695,,280948,1,2473,30722,122,153,0,83886098,0x05000012,misc,,00000018.pro,-1,,0
1696,,281052,1,2474,30723,123,153,0,83886098,0x05000012,misc,,00000018.pro,-1,,0
1697,,281156,1,2481,30892,92,154,0,83886097,0x05000011,misc,,00000017.pro,-1,,0
1698,,281260,1,2485,30898,98,154,1,83886092,0x0500000C,misc,,00000012.pro,-1,,0
1699,,281348,1,2487,30899,99,154,1,83886092,0x0500000C,misc,,00000012.pro,-1,,0
1700,,281436,1,2488,30900,100,154,1,83886092,0x0500000C,misc,,00000012.pro,-1,,0
1701,,281524,1,2489,30901,101,154,1,83886092,0x0500000C,misc,,00000012.pro,-1,,0
1702,,281612,1,2490,30902,102,154,1,83886092,0x0500000C,misc,,00000012.pro,-1,,0
1703,,281700,1,2491,30903,103,154,1,83886092,0x0500000C,misc,,00000012.pro,-1,,0
1704,,281788,1,2494,30920,120,154,0,83886098,0x05000012,misc,,00000018.pro,-1,,0
1705,,281892,1,2496,30921,121,154,0,83886098,0x05000012,misc,,00000018.pro,-1,,0
1706,,281996,1,2503,31093,93,155,0,83886097,0x05000011,misc,,00000017.pro,-1,,0
1707,,282100,1,2507,31099,99,155,1,83886092,0x0500000C,misc,,00000012.pro,-1,,0
1708,,282188,1,2508,31100,100,155,1,83886092,0x0500000C,misc,,00000012.pro,-1,,0
1709,,282276,1,2509,31101,101,155,1,83886092,0x0500000C,misc,,00000012.pro,-1,,0
1710,,282364,1,2514,31118,118,155,0,83886098,0x05000012,misc,,00000018.pro,-1,,0
1711,,282468,1,2515,31119,119,155,0,83886098,0x05000012,misc,,00000018.pro,-1,,0
1712,,282572,1,2522,31293,93,156,0,83886097,0x05000011,misc,,00000017.pro,-1,,0
1713,,282676,1,2524,31294,94,156,0,83886097,0x05000011,misc,,00000017.pro,-1,,0
1714,,282780,1,2527,31316,116,156,0,83886098,0x05000012,misc,,00000018.pro,-1,,0
1715,,282884,1,2529,31317,117,156,0,83886098,0x05000012,misc,,00000018.pro,-1,,0
1716,,282988,1,2537,31494,94,157,1,83886097,0x05000011,misc,,00000017.pro,-1,,0
1717,,283092,1,2539,31514,114,157,0,83886098,0x05000012,misc,,00000018.pro,-1,,0
1718,,283196,1,2540,31515,115,157,0,83886098,0x05000012,misc,,00000018.pro,-1,,0
1719,,283300,1,2549,31695,95,158,1,83886097,0x05000011,misc,,00000017.pro,-1,,0
1720,,283404,1,2551,31712,112,158,0,83886098,0x05000012,misc,,00000018.pro,-1,,0
1721,,283508,1,2553,31713,113,158,0,83886098,0x05000012,misc,,00000018.pro,-1,,0
1722,,283612,1,2559,31895,95,159,0,83886097,0x05000011,misc,,00000017.pro,-1,,0
1723,,283716,1,2560,31896,96,159,0,83886097,0x05000011,misc,,00000017.pro,-1,,0
1724,,283820,1,2561,31910,110,159,0,83886098,0x05000012,misc,,00000018.pro,-1,,0
1725,,283924,1,2562,31911,111,159,0,83886098,0x05000012,misc,,00000018.pro,-1,,0
1726,,284028,1,2567,32096,96,160,0,83886097,0x05000011,misc,,00000017.pro,-1,,0
1727,,284132,1,2568,32108,108,160,0,83886098,0x05000012,misc,,00000018.pro,-1,,0
1728,,284236,1,2569,32109,109,160,0,83886098,0x05000012,misc,,00000018.pro,-1,,0
1729,,284340,1,2573,32297,97,161,0,83886097,0x05000011,misc,,00000017.pro,-1,,0
1730,,284444,1,2574,32306,106,161,0,83886098,0x05000012,misc,,00000018.pro,-1,,0
1731,,284548,1,2575,32307,107,161,0,83886098,0x05000012,misc,,00000018.pro,-1,,0
1732,,284652,1,2580,32497,97,162,0,83886097,0x05000011,misc,,00000017.pro,-1,,0
1733,,284756,1,2581,32498,98,162,0,83886097,0x05000011,misc,,00000017.pro,-1,,0
1734,,284860,1,2582,32504,104,162,0,83886098,0x05000012,misc,,00000018.pro,-1,,0
1735,,284964,1,2583,32505,105,162,0,83886098,0x05000012,misc,,00000018.pro,-1,,0
1736,,285068,1,2587,32698,98,163,0,83886097,0x05000011,misc,,00000017.pro,-1,,0
1737,,285172,1,2588,32702,102,163,0,83886098,0x05000012,misc,,00000018.pro,-1,,0
1738,,285276,1,2589,32703,103,163,0,83886098,0x05000012,misc,,00000018.pro,-1,,0
1739,,285380,1,2593,32899,99,164,0,83886097,0x05000011,misc,,00000017.pro,-1,,0
1740,,285484,1,2594,32900,100,164,0,83886098,0x05000012,misc,,00000018.pro,-1,,0
1741,,285588,1,2595,32901,101,164,0,83886098,0x05000012,misc,,00000018.pro,-1,,0
1742,,285692,1,2600,33099,99,165,0,83886097,0x05000011,misc,,00000017.pro,-1,,0
1743,,285796,1,2601,33099,99,165,0,83886098,0x05000012,misc,,00000018.pro,-1,,0
1744,,285900,1,2602,33100,100,165,0,83886097,0x05000011,misc,,00000017.pro,-1,,0
1745,,286004,1,2606,33145,145,165,0,33554542,0x0200006E,scenery,generic,00000111.pro,-1,,0
1746,,286092,1,2607,33300,100,166,0,83886097,0x05000011,misc,,00000017.pro,-1,,0
1747,,286196,1,2611,33498,98,167,0,83886098,0x05000012,misc,,00000018.pro,-1,,0
1748,,286300,1,2615,33701,101,168,0,83886097,0x05000011,misc,,00000017.pro,-1,,0
1749,,286404,1,2616,33702,102,168,0,83886097,0x05000011,misc,,00000017.pro,-1,,0
1750,,286512,2,3673,6096,96,30,0,83886097,0x05000011,misc,,00000017.pro,-1,,0
1751,,286616,2,3287,6097,97,30,0,83886096,0x05000010,misc,,00000016.pro,-1,,0
1752,,286720,2,3671,6295,95,31,0,83886097,0x05000011,misc,,00000017.pro,-1,,0
1753,,286824,2,3285,6298,98,31,0,83886096,0x05000010,misc,,00000016.pro,-1,,0
1754,,286928,2,3669,6492,92,32,0,83886097,0x05000011,misc,,00000017.pro,-1,,0
1755,,287032,2,3289,6699,99,33,0,83886096,0x05000010,misc,,00000016.pro,-1,,0
1756,,287136,2,3667,6889,89,34,0,83886097,0x05000011,misc,,00000017.pro,-1,,0
1757,,287240,2,25,6896,96,34,1,83886096,0x05000010,misc,,00000016.pro,-1,,0
1758,,287344,2,3291,6900,100,34,0,83886096,0x05000010,misc,,00000016.pro,-1,,0
1759,,287448,2,3665,7086,86,35,0,83886097,0x05000011,misc,,00000017.pro,-1,,0
1760,,287552,2,26,7096,96,35,1,83886096,0x05000010,misc,,00000016.pro,-1,,0
1761,,287656,2,29,7297,97,36,1,83886096,0x05000010,misc,,00000016.pro,-1,,0
1762,,287760,2,30,7300,100,36,1,83886099,0x05000013,misc,,00000019.pro,-1,,0
1763,,287864,2,3293,7301,101,36,0,83886096,0x05000010,misc,,00000016.pro,-1,,0
1764,,287968,2,3663,7483,83,37,0,83886097,0x05000011,misc,,00000017.pro,-1,,0
1765,,288072,2,34,7497,97,37,1,83886096,0x05000010,misc,,00000016.pro,-1,,0
1766,,288176,2,35,7498,98,37,1,83886096,0x05000010,misc,,00000016.pro,-1,,0
1767,,288280,2,36,7498,98,37,1,83886099,0x05000013,misc,,00000019.pro,-1,,0
1768,,288384,2,37,7499,99,37,1,83886099,0x05000013,misc,,00000019.pro,-1,,0
1769,,288488,2,3295,7502,102,37,0,83886096,0x05000010,misc,,00000016.pro,-1,,0
1770,,288592,2,3661,7680,80,38,0,83886097,0x05000011,misc,,00000017.pro,-1,,0
1771,,288696,2,41,7696,96,38,1,83886099,0x05000013,misc,,00000019.pro,-1,,0
1772,,288800,2,42,7697,97,38,1,83886099,0x05000013,misc,,00000019.pro,-1,,0
1773,,288904,2,43,7698,98,38,1,83886096,0x05000010,misc,,00000016.pro,-1,,0
1774,,289008,2,47,7894,94,39,1,83886099,0x05000013,misc,,00000019.pro,-1,,0
1775,,289112,2,48,7895,95,39,1,83886099,0x05000013,misc,,00000019.pro,-1,,0
1776,,289216,2,49,7899,99,39,1,83886096,0x05000010,misc,,00000016.pro,-1,,0
1777,,289320,2,3297,7903,103,39,0,83886096,0x05000010,misc,,00000016.pro,-1,,0
1778,,289424,2,3659,8077,77,40,0,83886097,0x05000011,misc,,00000017.pro,-1,,0
1779,,289528,2,54,8092,92,40,1,83886099,0x05000013,misc,,00000019.pro,-1,,0
1780,,289632,2,55,8093,93,40,1,83886099,0x05000013,misc,,00000019.pro,-1,,0
1781,,289736,2,58,8099,99,40,1,83886096,0x05000010,misc,,00000016.pro,-1,,0
1782,,289840,2,59,8100,100,40,1,83886096,0x05000010,misc,,00000016.pro,-1,,0
1783,,289944,2,3299,8104,104,40,0,83886096,0x05000010,misc,,00000016.pro,-1,,0
1784,,290048,2,3657,8274,74,41,0,83886097,0x05000011,misc,,00000017.pro,-1,,0
1785,,290152,2,61,8290,90,41,1,83886099,0x05000013,misc,,00000019.pro,-1,,0
1786,,290256,2,62,8291,91,41,1,83886099,0x05000013,misc,,00000019.pro,-1,,0
1787,,290360,2,65,8300,100,41,1,83886096,0x05000010,misc,,00000016.pro,-1,,0
1788,,290464,2,67,8488,88,42,1,83886099,0x05000013,misc,,00000019.pro,-1,,0
1789,,290568,2,68,8489,89,42,1,83886099,0x05000013,misc,,00000019.pro,-1,,0
1790,,290672,2,71,8501,101,42,1,83886096,0x05000010,misc,,00000016.pro,-1,,0
1791,,290776,2,3301,8505,105,42,0,83886096,0x05000010,misc,,00000016.pro,-1,,0
1792,,290880,2,3655,8671,71,43,0,83886097,0x05000011,misc,,00000017.pro,-1,,0
1793,,290984,2,74,8686,86,43,1,83886099,0x05000013,misc,,00000019.pro,-1,,0
1794,,291088,2,75,8687,87,43,1,83886099,0x05000013,misc,,00000019.pro,-1,,0
1795,,291192,2,78,8701,101,43,1,83886096,0x05000010,misc,,00000016.pro,-1,,0
1796,,291296,2,79,8702,102,43,1,83886096,0x05000010,misc,,00000016.pro,-1,,0
1797,,291400,2,3303,8706,106,43,0,83886096,0x05000010,misc,,00000016.pro,-1,,0
1798,,291504,2,3653,8868,68,44,0,83886097,0x05000011,misc,,00000017.pro,-1,,0
1799,,291608,2,82,8884,84,44,1,83886099,0x05000013,misc,,00000019.pro,-1,,0
1800,,291712,2,83,8885,85,44,1,83886099,0x05000013,misc,,00000019.pro,-1,,0
1801,,291816,2,87,8902,102,44,1,83886096,0x05000010,misc,,00000016.pro,-1,,0
1802,,291920,2,91,9082,82,45,1,83886099,0x05000013,misc,,00000019.pro,-1,,0
1803,,292024,2,92,9083,83,45,1,83886099,0x05000013,misc,,00000019.pro,-1,,0
1804,,292128,2,95,9096,96,45,1,83886092,0x0500000C,misc,,00000012.pro,-1,,0
1805,,292216,2,96,9097,97,45,1,83886092,0x0500000C,misc,,00000012.pro,-1,,0
1806,,292304,2,101,9103,103,45,1,83886096,0x05000010,misc,,00000016.pro,-1,,0
1807,,292408,2,3305,9107,107,45,0,83886096,0x05000010,misc,,00000016.pro,-1,,0
1808,,292512,2,3651,9265,65,46,0,83886097,0x05000011,misc,,00000017.pro,-1,,0
1809,,292616,2,105,9280,80,46,1,83886099,0x05000013,misc,,00000019.pro,-1,,0
1810,,292720,2,106,9281,81,46,1,83886099,0x05000013,misc,,00000019.pro,-1,,0
1811,,292824,2,109,9294,94,46,1,83886092,0x0500000C,misc,,00000012.pro,-1,,0
1812,,292912,2,110,9295,95,46,1,83886092,0x0500000C,misc,,00000012.pro,-1,,0
1813,,293000,2,111,9296,96,46,1,83886092,0x0500000C,misc,,00000012.pro,-1,,0
1814,,293088,2,112,9297,97,46,1,83886092,0x0500000C,misc,,00000012.pro,-1,,0
1815,,293176,2,114,9298,98,46,1,83886092,0x0500000C,misc,,00000012.pro,-1,,0
1816,,293264,2,119,9303,103,46,1,83886096,0x05000010,misc,,00000016.pro,-1,,0
1817,,293368,2,120,9304,104,46,1,83886096,0x05000010,misc,,00000016.pro,-1,,0
1818,,293472,2,3307,9308,108,46,0,83886096,0x05000010,misc,,00000016.pro,-1,,0
1819,,293576,2,3649,9462,62,47,0,83886097,0x05000011,misc,,00000017.pro,-1,,0
1820,,293680,2,128,9478,78,47,1,83886099,0x05000013,misc,,00000019.pro,-1,,0
1821,,293784,2,129,9479,79,47,1,83886099,0x05000013,misc,,00000019.pro,-1,,0
1822,,293888,2,132,9492,92,47,1,83886092,0x0500000C,misc,,00000012.pro,-1,,0
1823,,293976,2,133,9493,93,47,1,83886092,0x0500000C,misc,,00000012.pro,-1,,0
1824,,294064,2,134,9494,94,47,1,83886092,0x0500000C,misc,,00000012.pro,-1,,0
1825,,294152,2,135,9495,95,47,1,83886092,0x0500000C,misc,,00000012.pro,-1,,0
1826,,294240,2,139,9498,98,47,1,83886092,0x0500000C,misc,,00000012.pro,-1,,0
1827,,294328,2,141,9504,104,47,1,83886096,0x05000010,misc,,00000016.pro,-1,,0
1828,,294432,2,145,9676,76,48,1,83886099,0x05000013,misc,,00000019.pro,-1,,0
1829,,294536,2,146,9677,77,48,1,83886099,0x05000013,misc,,00000019.pro,-1,,0
1830,,294640,2,149,9690,90,48,1,83886092,0x0500000C,misc,,00000012.pro,-1,,0
1831,,294728,2,150,9691,91,48,1,83886092,0x0500000C,misc,,00000012.pro,-1,,0
1832,,294816,2,151,9692,92,48,1,83886092,0x0500000C,misc,,00000012.pro,-1,,0
1833,,294904,2,152,9693,93,48,1,83886092,0x0500000C,misc,,00000012.pro,-1,,0
1834,,294992,2,157,9699,99,48,1,83886092,0x0500000C,misc,,00000012.pro,-1,,0
1835,,295080,2,158,9705,105,48,1,83886096,0x05000010,misc,,00000016.pro,-1,,0
1836,,295184,2,3309,9709,109,48,0,83886096,0x05000010,misc,,00000016.pro,-1,,0
1837,,295288,2,3647,9859,59,49,0,83886097,0x05000011,misc,,00000017.pro,-1,,0
1838,,295392,2,165,9874,74,49,1,83886099,0x05000013,misc,,00000019.pro,-1,,0
1839,,295496,2,166,9875,75,49,1,83886099,0x05000013,misc,,00000019.pro,-1,,0
1840,,295600,2,169,9888,88,49,1,83886092,0x0500000C,misc,,00000012.pro,-1,,0
1841,,295688,2,170,9889,89,49,1,83886092,0x0500000C,misc,,00000012.pro,-1,,0
1842,,295776,2,171,9890,90,49,1,83886092,0x0500000C,misc,,00000012.pro,-1,,0
1843,,295864,2,172,9891,91,49,1,83886092,0x0500000C,misc,,00000012.pro,-1,,0
1844,,295952,2,177,9899,99,49,1,83886092,0x0500000C,misc,,00000012.pro,-1,,0
1845,,296040,2,178,9900,100,49,1,83886092,0x0500000C,misc,,00000012.pro,-1,,0
1846,,296128,2,179,9905,105,49,1,83886096,0x05000010,misc,,00000016.pro,-1,,0
1847,,296232,2,181,9906,106,49,1,83886096,0x05000010,misc,,00000016.pro,-1,,0
1848,,296336,2,3311,9910,110,49,0,83886096,0x05000010,misc,,00000016.pro,-1,,0
1849,,296440,2,3645,10056,56,50,0,83886097,0x05000011,misc,,00000017.pro,-1,,0
1850,,296544,2,187,10072,72,50,1,83886099,0x05000013,misc,,00000019.pro,-1,,0
1851,,296648,2,188,10073,73,50,1,83886099,0x05000013,misc,,00000019.pro,-1,,0
1852,,296752,2,191,10086,86,50,1,83886092,0x0500000C,misc,,00000012.pro,-1,,0
1853,,296840,2,192,10087,87,50,1,83886092,0x0500000C,misc,,00000012.pro,-1,,0
1854,,296928,2,193,10088,88,50,1,83886092,0x0500000C,misc,,00000012.pro,-1,,0
1855,,297016,2,194,10089,89,50,1,83886092,0x0500000C,misc,,00000012.pro,-1,,0
1856,,297104,2,199,10100,100,50,1,83886092,0x0500000C,misc,,00000012.pro,-1,,0
1857,,297192,2,202,10106,106,50,1,83886096,0x05000010,misc,,00000016.pro,-1,,0
1858,,297296,2,206,10270,70,51,1,83886099,0x05000013,misc,,00000019.pro,-1,,0
1859,,297400,2,207,10271,71,51,1,83886099,0x05000013,misc,,00000019.pro,-1,,0
1860,,297504,2,210,10284,84,51,1,83886092,0x0500000C,misc,,00000012.pro,-1,,0
1861,,297592,2,211,10285,85,51,1,83886092,0x0500000C,misc,,00000012.pro,-1,,0
1862,,297680,2,212,10286,86,51,1,83886092,0x0500000C,misc,,00000012.pro,-1,,0
1863,,297768,2,213,10287,87,51,1,83886092,0x0500000C,misc,,00000012.pro,-1,,0
1864,,297856,2,218,10301,101,51,1,83886092,0x0500000C,misc,,00000012.pro,-1,,0
1865,,297944,2,221,10307,107,51,1,83886096,0x05000010,misc,,00000016.pro,-1,,0
1866,,298048,2,3313,10311,111,51,0,83886096,0x05000010,misc,,00000016.pro,-1,,0
1867,,298152,2,3643,10453,53,52,0,83886097,0x05000011,misc,,00000017.pro,-1,,0
1868,,298256,2,227,10468,68,52,1,83886099,0x05000013,misc,,00000019.pro,-1,,0
1869,,298360,2,228,10469,69,52,1,83886099,0x05000013,misc,,00000019.pro,-1,,0
1870,,298464,2,231,10482,82,52,1,83886092,0x0500000C,misc,,00000012.pro,-1,,0
1871,,298552,2,232,10483,83,52,1,83886092,0x0500000C,misc,,00000012.pro,-1,,0
1872,,298640,2,233,10484,84,52,1,83886092,0x0500000C,misc,,00000012.pro,-1,,0
1873,,298728,2,234,10485,85,52,1,83886092,0x0500000C,misc,,00000012.pro,-1,,0
1874,,298816,2,241,10501,101,52,1,83886092,0x0500000C,misc,,00000012.pro,-1,,0
1875,,298904,2,242,10502,102,52,1,83886092,0x0500000C,misc,,00000012.pro,-1,,0
1876,,298992,2,243,10507,107,52,1,83886096,0x05000010,misc,,00000016.pro,-1,,0
1877,,299096,2,244,10508,108,52,1,83886096,0x05000010,misc,,00000016.pro,-1,,0
1878,,299200,2,3315,10512,112,52,0,83886096,0x05000010,misc,,00000016.pro,-1,,0
1879,,299304,2,3641,10650,50,53,0,83886097,0x05000011,misc,,00000017.pro,-1,,0
1880,,299408,2,249,10666,66,53,1,83886099,0x05000013,misc,,00000019.pro,-1,,0
1881,,299512,2,250,10667,67,53,1,83886099,0x05000013,misc,,00000019.pro,-1,,0
1882,,299616,2,253,10680,80,53,1,83886092,0x0500000C,misc,,00000012.pro,-1,,0
1883,,299704,2,254,10681,81,53,1,83886092,0x0500000C,misc,,00000012.pro,-1,,0
1884,,299792,2,255,10682,82,53,1,83886092,0x0500000C,misc,,00000012.pro,-1,,0
1885,,299880,2,256,10683,83,53,1,83886092,0x0500000C,misc,,00000012.pro,-1,,0
1886,,299968,2,263,10702,102,53,1,83886092,0x0500000C,misc,,00000012.pro,-1,,0
1887,,300056,2,264,10708,108,53,1,83886096,0x05000010,misc,,00000016.pro,-1,,0
1888,,300160,2,272,10864,64,54,1,83886099,0x05000013,misc,,00000019.pro,-1,,0
1889,,300264,2,273,10865,65,54,1,83886099,0x05000013,misc,,00000019.pro,-1,,0
1890,,300368,2,276,10878,78,54,1,83886092,0x0500000C,misc,,00000012.pro,-1,,0
1891,,300456,2,277,10879,79,54,1,83886092,0x0500000C,misc,,00000012.pro,-1,,0
1892,,300544,2,278,10880,80,54,1,83886092,0x0500000C,misc,,00000012.pro,-1,,0
1893,,300632,2,279,10881,81,54,1,83886092,0x0500000C,misc,,00000012.pro,-1,,0
1894,,300720,2,287,10903,103,54,1,83886092,0x0500000C,misc,,00000012.pro,-1,,0
1895,,300808,2,288,10909,109,54,1,83886096,0x05000010,misc,,00000016.pro,-1,,0
1896,,300912,2,3317,10913,113,54,0,83886096,0x05000010,misc,,00000016.pro,-1,,0
1897,,301016,2,3639,11047,47,55,0,83886097,0x05000011,misc,,00000017.pro,-1,,0
1898,,301120,2,295,11062,62,55,1,83886099,0x05000013,misc,,00000019.pro,-1,,0
1899,,301224,2,296,11063,63,55,1,83886099,0x05000013,misc,,00000019.pro,-1,,0
1900,,301328,2,299,11076,76,55,1,83886092,0x0500000C,misc,,00000012.pro,-1,,0
1901,,301416,2,300,11077,77,55,1,83886092,0x0500000C,misc,,00000012.pro,-1,,0
1902,,301504,2,301,11078,78,55,1,83886092,0x0500000C,misc,,00000012.pro,-1,,0
1903,,301592,2,302,11079,79,55,1,83886092,0x0500000C,misc,,00000012.pro,-1,,0
1904,,301680,2,309,11103,103,55,1,83886092,0x0500000C,misc,,00000012.pro,-1,,0
1905,,301768,2,310,11104,104,55,1,83886092,0x0500000C,misc,,00000012.pro,-1,,0
1906,,301856,2,311,11109,109,55,1,83886096,0x05000010,misc,,00000016.pro,-1,,0
1907,,301960,2,312,11110,110,55,1,83886096,0x05000010,misc,,00000016.pro,-1,,0
1908,,302064,2,3319,11114,114,55,0,83886096,0x05000010,misc,,00000016.pro,-1,,0
1909,,302168,2,3637,11244,44,56,0,83886097,0x05000011,misc,,00000017.pro,-1,,0
1910,,302272,2,319,11260,60,56,1,83886099,0x05000013,misc,,00000019.pro,-1,,0
1911,,302376,2,320,11261,61,56,1,83886099,0x05000013,misc,,00000019.pro,-1,,0
1912,,302480,2,323,11274,74,56,1,83886092,0x0500000C,misc,,00000012.pro,-1,,0
1913,,302568,2,324,11275,75,56,1,83886092,0x0500000C,misc,,00000012.pro,-1,,0
1914,,302656,2,325,11276,76,56,1,83886092,0x0500000C,misc,,00000012.pro,-1,,0
1915,,302744,2,326,11277,77,56,1,83886092,0x0500000C,misc,,00000012.pro,-1,,0
1916,,302832,2,333,11304,104,56,1,83886092,0x0500000C,misc,,00000012.pro,-1,,0
1917,,302920,2,334,11310,110,56,1,83886096,0x05000010,misc,,00000016.pro,-1,,0
1918,,303024,2,340,11458,58,57,1,83886099,0x05000013,misc,,00000019.pro,-1,,0
1919,,303128,2,341,11459,59,57,1,83886099,0x05000013,misc,,00000019.pro,-1,,0
1920,,303232,2,344,11472,72,57,1,83886092,0x0500000C,misc,,00000012.pro,-1,,0
1921,,303320,2,345,11473,73,57,1,83886092,0x0500000C,misc,,00000012.pro,-1,,0
1922,,303408,2,346,11474,74,57,1,83886092,0x0500000C,misc,,00000012.pro,-1,,0
1923,,303496,2,347,11475,75,57,1,83886092,0x0500000C,misc,,00000012.pro,-1,,0
1924,,303584,2,354,11505,105,57,1,83886092,0x0500000C,misc,,00000012.pro,-1,,0
1925,,303672,2,355,11511,111,57,1,83886096,0x05000010,misc,,00000016.pro,-1,,0
1926,,303776,2,3321,11515,115,57,0,83886096,0x05000010,misc,,00000016.pro,-1,,0
1927,,303880,2,3635,11641,41,58,0,83886097,0x05000011,misc,,00000017.pro,-1,,0
1928,,303984,2,361,11656,56,58,1,83886099,0x05000013,misc,,00000019.pro,-1,,0
1929,,304088,2,362,11657,57,58,1,83886099,0x05000013,misc,,00000019.pro,-1,,0
1930,,304192,2,365,11670,70,58,1,83886092,0x0500000C,misc,,00000012.pro,-1,,0
1931,,304280,2,366,11671,71,58,1,83886092,0x0500000C,misc,,00000012.pro,-1,,0
1932,,304368,2,367,11672,72,58,1,83886092,0x0500000C,misc,,00000012.pro,-1,,0
1933,,304456,2,368,11673,73,58,1,83886092,0x0500000C,misc,,00000012.pro,-1,,0
1934,,304544,2,377,11705,105,58,1,83886092,0x0500000C,misc,,00000012.pro,-1,,0
1935,,304632,2,379,11706,106,58,1,83886092,0x0500000C,misc,,00000012.pro,-1,,0
1936,,304720,2,380,11711,111,58,1,83886096,0x05000010,misc,,00000016.pro,-1,,0
1937,,304824,2,381,11712,112,58,1,83886096,0x05000010,misc,,00000016.pro,-1,,0
1938,,304928,2,3323,11716,116,58,0,83886096,0x05000010,misc,,00000016.pro,-1,,0
1939,,305032,2,3633,11842,42,59,0,83886097,0x05000011,misc,,00000017.pro,-1,,0
1940,,305136,2,386,11845,45,59,1,83886097,0x05000011,misc,,00000017.pro,-1,,0
1941,,305240,2,387,11854,54,59,1,83886099,0x05000013,misc,,00000019.pro,-1,,0
1942,,305344,2,388,11855,55,59,1,83886099,0x05000013,misc,,00000019.pro,-1,,0
1943,,305448,2,391,11868,68,59,1,83886092,0x0500000C,misc,,00000012.pro,-1,,0
1944,,305536,2,392,11869,69,59,1,83886092,0x0500000C,misc,,00000012.pro,-1,,0
1945,,305624,2,393,11870,70,59,1,83886092,0x0500000C,misc,,00000012.pro,-1,,0
1946,,305712,2,394,11871,71,59,1,83886092,0x0500000C,misc,,00000012.pro,-1,,0
1947,,305800,2,406,11906,106,59,1,83886092,0x0500000C,misc,,00000012.pro,-1,,0
1948,,305888,2,407,11912,112,59,1,83886096,0x05000010,misc,,00000016.pro,-1,,0
1949,,305992,2,411,12046,46,60,1,83886097,0x05000011,misc,,00000017.pro,-1,,0
1950,,306096,2,412,12052,52,60,1,83886099,0x05000013,misc,,00000019.pro,-1,,0
1951,,306200,2,413,12053,53,60,1,83886099,0x05000013,misc,,00000019.pro,-1,,0
1952,,306304,2,416,12066,66,60,1,83886092,0x0500000C,misc,,00000012.pro,-1,,0
1953,,306392,2,417,12067,67,60,1,83886092,0x0500000C,misc,,00000012.pro,-1,,0
1954,,306480,2,418,12068,68,60,1,83886092,0x0500000C,misc,,00000012.pro,-1,,0
1955,,306568,2,419,12069,69,60,1,83886092,0x0500000C,misc,,00000012.pro,-1,,0
1956,,306656,2,433,12107,107,60,1,83886092,0x0500000C,misc,,00000012.pro,-1,,0
1957,,306744,2,434,12113,113,60,1,83886096,0x05000010,misc,,00000016.pro,-1,,0
1958,,306848,2,3325,12117,117,60,0,83886096,0x05000010,misc,,00000016.pro,-1,,0
1959,,306952,2,3631,12243,43,61,0,83886097,0x05000011,misc,,00000017.pro,-1,,0
1960,,307056,2,440,12250,50,61,1,83886099,0x05000013,misc,,00000019.pro,-1,,0
1961,,307160,2,441,12251,51,61,1,83886099,0x05000013,misc,,00000019.pro,-1,,0
1962,,307264,2,444,12264,64,61,1,83886092,0x0500000C,misc,,00000012.pro,-1,,0
1963,,307352,2,445,12265,65,61,1,83886092,0x0500000C,misc,,00000012.pro,-1,,0
1964,,307440,2,446,12266,66,61,1,83886092,0x0500000C,misc,,00000012.pro,-1,,0
1965,,307528,2,447,12267,67,61,1,83886092,0x0500000C,misc,,00000012.pro,-1,,0
1966,,307616,2,461,12307,107,61,1,83886092,0x0500000C,misc,,00000012.pro,-1,,0
1967,,307704,2,463,12308,108,61,1,83886092,0x0500000C,misc,,00000012.pro,-1,,0
1968,,307792,2,464,12313,113,61,1,83886096,0x05000010,misc,,00000016.pro,-1,,0
1969,,307896,2,465,12314,114,61,1,83886096,0x05000010,misc,,00000016.pro,-1,,0
1970,,308000,2,3327,12318,118,61,0,83886096,0x05000010,misc,,00000016.pro,-1,,0
1971,,308104,2,3629,12444,44,62,0,83886097,0x05000011,misc,,00000017.pro,-1,,0
1972,,308208,2,470,12447,47,62,1,83886097,0x05000011,misc,,00000017.pro,-1,,0
1973,,308312,2,471,12448,48,62,1,83886099,0x05000013,misc,,00000019.pro,-1,,0
1974,,308416,2,472,12448,48,62,1,83886097,0x05000011,misc,,00000017.pro,-1,,0
1975,,308520,2,473,12449,49,62,1,83886099,0x05000013,misc,,00000019.pro,-1,,0
1976,,308624,2,476,12462,62,62,1,83886092,0x0500000C,misc,,00000012.pro,-1,,0
1977,,308712,2,477,12463,63,62,1,83886092,0x0500000C,misc,,00000012.pro,-1,,0
1978,,308800,2,478,12464,64,62,1,83886092,0x0500000C,misc,,00000012.pro,-1,,0
1979,,308888,2,479,12465,65,62,1,83886092,0x0500000C,misc,,00000012.pro,-1,,0
1980,,308976,2,492,12508,108,62,1,83886092,0x0500000C,misc,,00000012.pro,-1,,0
1981,,309064,2,493,12514,114,62,1,83886096,0x05000010,misc,,00000016.pro,-1,,0
1982,,309168,2,497,12646,46,63,1,83886099,0x05000013,misc,,00000019.pro,-1,,0
1983,,309272,2,498,12647,47,63,1,83886099,0x05000013,misc,,00000019.pro,-1,,0
1984,,309376,2,499,12648,48,63,1,83886097,0x05000011,misc,,00000017.pro,-1,,0
1985,,309480,2,502,12660,60,63,1,83886092,0x0500000C,misc,,00000012.pro,-1,,0
1986,,309568,2,503,12661,61,63,1,83886092,0x0500000C,misc,,00000012.pro,-1,,0
1987,,309656,2,504,12662,62,63,1,83886092,0x0500000C,misc,,00000012.pro,-1,,0
1988,,309744,2,505,12663,63,63,1,83886092,0x0500000C,misc,,00000012.pro,-1,,0
1989,,309832,2,517,12709,109,63,1,83886092,0x0500000C,misc,,00000012.pro,-1,,0
1990,,309920,2,518,12715,115,63,1,83886096,0x05000010,misc,,00000016.pro,-1,,0
1991,,310024,2,3329,12719,119,63,0,83886096,0x05000010,misc,,00000016.pro,-1,,0
1992,,310128,2,3627,12845,45,64,0,83886097,0x05000011,misc,,00000017.pro,-1,,0
1993,,310232,2,524,12849,49,64,1,83886097,0x05000011,misc,,00000017.pro,-1,,0
1994,,310336,2,527,12858,58,64,1,83886092,0x0500000C,misc,,00000012.pro,-1,,0
1995,,310424,2,528,12859,59,64,1,83886092,0x0500000C,misc,,00000012.pro,-1,,0
1996,,310512,2,529,12860,60,64,1,83886092,0x0500000C,misc,,00000012.pro,-1,,0
1997,,310600,2,530,12861,61,64,1,83886092,0x0500000C,misc,,00000012.pro,-1,,0
1998,,310688,2,543,12909,109,64,1,83886092,0x0500000C,misc,,00000012.pro,-1,,0
1999,,310776,2,545,12910,110,64,1,83886092,0x0500000C,misc,,00000012.pro,-1,,0
2000,,310864,2,546,12915,115,64,1,83886096,0x05000010,misc,,00000016.pro,-1,,0
2001,,310968,2,547,12916,116,64,1,83886096,0x05000010,misc,,00000016.pro,-1,,0
2002,,311072,2,3331,12920,120,64,0,83886096,0x05000010,misc,,00000016.pro,-1,,0
2003,,311176,2,3625,13046,46,65,0,83886097,0x05000011,misc,,00000017.pro,-1,,0
2004,,311280,2,554,13049,49,65,1,83886097,0x05000011,misc,,00000017.pro,-1,,0
2005,,311384,2,555,13050,50,65,1,83886097,0x05000011,misc,,00000017.pro,-1,,0
2006,,311488,2,556,13056,56,65,1,83886092,0x0500000C,misc,,00000012.pro,-1,,0
2007,,311576,2,557,13057,57,65,1,83886092,0x0500000C,misc,,00000012.pro,-1,,0
2008,,311664,2,558,13058,58,65,1,83886092,0x0500000C,misc,,00000012.pro,-1,,0
2009,,311752,2,559,13059,59,65,1,83886092,0x0500000C,misc,,00000012.pro,-1,,0
2010,,311840,2,571,13110,110,65,1,83886092,0x0500000C,misc,,00000012.pro,-1,,0
2011,,311928,2,572,13116,116,65,1,83886096,0x05000010,misc,,00000016.pro,-1,,0
2012,,312032,2,578,13250,50,66,1,83886097,0x05000011,misc,,00000017.pro,-1,,0
2013,,312136,2,579,13256,56,66,1,83886092,0x0500000C,misc,,00000012.pro,-1,,0
2014,,312224,2,580,13257,57,66,1,83886092,0x0500000C,misc,,00000012.pro,-1,,0
2015,,312312,2,592,13311,111,66,1,83886092,0x0500000C,misc,,00000012.pro,-1,,0
2016,,312400,2,593,13317,117,66,1,83886096,0x05000010,misc,,00000016.pro,-1,,0
2017,,312504,2,3333,13321,121,66,0,83886096,0x05000010,misc,,00000016.pro,-1,,0
2018,,312608,2,3623,13447,47,67,0,83886097,0x05000011,misc,,00000017.pro,-1,,0
2019,,312712,2,601,13451,51,67,1,83886097,0x05000011,misc,,00000017.pro,-1,,0
2020,,312816,2,604,13457,57,67,1,83886092,0x0500000C,misc,,00000012.pro,-1,,0
2021,,312904,2,615,13511,111,67,1,83886092,0x0500000C,misc,,00000012.pro,-1,,0
2022,,312992,2,617,13512,112,67,1,83886092,0x0500000C,misc,,00000012.pro,-1,,0
2023,,313080,2,618,13517,117,67,1,83886096,0x05000010,misc,,00000016.pro,-1,,0
2024,,313184,2,619,13518,118,67,1,83886096,0x05000010,misc,,00000016.pro,-1,,0
2025,,313288,2,3335,13522,122,67,0,83886096,0x05000010,misc,,00000016.pro,-1,,0
2026,,313392,2,3621,13648,48,68,0,83886097,0x05000011,misc,,00000017.pro,-1,,0
2027,,313496,2,626,13651,51,68,1,83886097,0x05000011,misc,,00000017.pro,-1,,0
2028,,313600,2,627,13652,52,68,1,83886097,0x05000011,misc,,00000017.pro,-1,,0
2029,,313704,2,632,13657,57,68,1,83886092,0x0500000C,misc,,00000012.pro,-1,,0
2030,,313792,2,633,13658,58,68,1,83886092,0x0500000C,misc,,00000012.pro,-1,,0
2031,,313880,2,643,13712,112,68,1,83886092,0x0500000C,misc,,00000012.pro,-1,,0
2032,,313968,2,644,13718,118,68,1,83886096,0x05000010,misc,,00000016.pro,-1,,0
2033,,314072,2,651,13852,52,69,1,83886097,0x05000011,misc,,00000017.pro,-1,,0
2034,,314176,2,655,13858,58,69,1,83886092,0x0500000C,misc,,00000012.pro,-1,,0
2035,,314264,2,663,13913,113,69,1,83886092,0x0500000C,misc,,00000012.pro,-1,,0
2036,,314352,2,664,13919,119,69,1,83886096,0x05000010,misc,,00000016.pro,-1,,0
2037,,314456,2,3337,13923,123,69,0,83886096,0x05000010,misc,,00000016.pro,-1,,0
2038,,314560,2,3619,14049,49,70,0,83886097,0x05000011,misc,,00000017.pro,-1,,0
2039,,314664,2,677,14053,53,70,1,83886097,0x05000011,misc,,00000017.pro,-1,,0
2040,,314768,2,678,14059,59,70,1,83886092,0x0500000C,misc,,00000012.pro,-1,,0
2041,,314856,2,686,14113,113,70,1,83886092,0x0500000C,misc,,00000012.pro,-1,,0
2042,,314944,2,688,14114,114,70,1,83886092,0x0500000C,misc,,00000012.pro,-1,,0
2043,,315032,2,689,14119,119,70,1,83886096,0x05000010,misc,,00000016.pro,-1,,0
2044,,315136,2,690,14120,120,70,1,83886096,0x05000010,misc,,00000016.pro,-1,,0
2045,,315240,2,3339,14124,124,70,0,83886096,0x05000010,misc,,00000016.pro,-1,,0
2046,,315344,2,3617,14250,50,71,0,83886097,0x05000011,misc,,00000017.pro,-1,,0
2047,,315448,2,702,14253,53,71,1,83886097,0x05000011,misc,,00000017.pro,-1,,0
2048,,315552,2,703,14254,54,71,1,83886097,0x05000011,misc,,00000017.pro,-1,,0
2049,,315656,2,704,14259,59,71,1,83886092,0x0500000C,misc,,00000012.pro,-1,,0
2050,,315744,2,705,14260,60,71,1,83886092,0x0500000C,misc,,00000012.pro,-1,,0
2051,,315832,2,713,14314,114,71,1,83886092,0x0500000C,misc,,00000012.pro,-1,,0
2052,,315920,2,714,14320,120,71,1,83886096,0x05000010,misc,,00000016.pro,-1,,0
2053,,316024,2,721,14454,54,72,1,83886097,0x05000011,misc,,00000017.pro,-1,,0
2054,,316128,2,723,14460,60,72,1,83886092,0x0500000C,misc,,00000012.pro,-1,,0
2055,,316216,2,730,14515,115,72,1,83886092,0x0500000C,misc,,00000012.pro,-1,,0
2056,,316304,2,731,14521,121,72,1,83886096,0x05000010,misc,,00000016.pro,-1,,0
2057,,316408,2,3341,14525,125,72,0,83886096,0x05000010,misc,,00000016.pro,-1,,0
2058,,316512,2,3615,14651,51,73,0,83886097,0x05000011,misc,,00000017.pro,-1,,0
2059,,316616,2,740,14655,55,73,1,83886097,0x05000011,misc,,00000017.pro,-1,,0
2060,,316720,2,743,14661,61,73,1,83886092,0x0500000C,misc,,00000012.pro,-1,,0
2061,,316808,2,749,14715,115,73,1,83886092,0x0500000C,misc,,00000012.pro,-1,,0
2062,,316896,2,751,14716,116,73,1,83886092,0x0500000C,misc,,00000012.pro,-1,,0
2063,,316984,2,752,14721,121,73,1,83886096,0x05000010,misc,,00000016.pro,-1,,0
2064,,317088,2,753,14722,122,73,1,83886096,0x05000010,misc,,00000016.pro,-1,,0
2065,,317192,2,3343,14726,126,73,0,83886096,0x05000010,misc,,00000016.pro,-1,,0
2066,,317296,2,3613,14852,52,74,0,83886097,0x05000011,misc,,00000017.pro,-1,,0
2067,,317400,2,761,14855,55,74,1,83886097,0x05000011,misc,,00000017.pro,-1,,0
2068,,317504,2,763,14856,56,74,1,83886097,0x05000011,misc,,00000017.pro,-1,,0
2069,,317608,2,765,14861,61,74,1,83886092,0x0500000C,misc,,00000012.pro,-1,,0
2070,,317696,2,766,14862,62,74,1,83886092,0x0500000C,misc,,00000012.pro,-1,,0
2071,,317784,2,773,14916,116,74,1,83886092,0x0500000C,misc,,00000012.pro,-1,,0
2072,,317872,2,774,14922,122,74,1,83886096,0x05000010,misc,,00000016.pro,-1,,0
2073,,317976,2,782,15056,56,75,1,83886097,0x05000011,misc,,00000017.pro,-1,,0
2074,,318080,2,783,15062,62,75,1,83886092,0x0500000C,misc,,00000012.pro,-1,,0
2075,,318168,2,789,15117,117,75,1,83886092,0x0500000C,misc,,00000012.pro,-1,,0
2076,,318256,2,790,15123,123,75,1,83886096,0x05000010,misc,,00000016.pro,-1,,0
2077,,318360,2,3345,15127,127,75,0,83886096,0x05000010,misc,,00000016.pro,-1,,0
2078,,318464,2,3611,15253,53,76,0,83886097,0x05000011,misc,,00000017.pro,-1,,0
2079,,318568,2,802,15257,57,76,1,83886097,0x05000011,misc,,00000017.pro,-1,,0
2080,,318672,2,803,15263,63,76,1,83886092,0x0500000C,misc,,00000012.pro,-1,,0
2081,,318760,2,810,15317,117,76,1,83886092,0x0500000C,misc,,00000012.pro,-1,,0
2082,,318848,2,812,15318,118,76,1,83886092,0x0500000C,misc,,00000012.pro,-1,,0
2083,,318936,2,813,15323,123,76,1,83886096,0x05000010,misc,,00000016.pro,-1,,0
2084,,319040,2,814,15324,124,76,1,83886096,0x05000010,misc,,00000016.pro,-1,,0
2085,,319144,2,3347,15328,128,76,0,83886096,0x05000010,misc,,00000016.pro,-1,,0
2086,,319248,2,3609,15454,54,77,0,83886097,0x05000011,misc,,00000017.pro,-1,,0
2087,,319352,2,826,15457,57,77,1,83886097,0x05000011,misc,,00000017.pro,-1,,0
2088,,319456,2,827,15458,58,77,1,83886097,0x05000011,misc,,00000017.pro,-1,,0
2089,,319560,2,828,15463,63,77,1,83886092,0x0500000C,misc,,00000012.pro,-1,,0
2090,,319648,2,829,15464,64,77,1,83886092,0x0500000C,misc,,00000012.pro,-1,,0
2091,,319736,2,836,15518,118,77,1,83886092,0x0500000C,misc,,00000012.pro,-1,,0
2092,,319824,2,837,15524,124,77,1,83886096,0x05000010,misc,,00000016.pro,-1,,0
2093,,319928,2,846,15658,58,78,1,83886097,0x05000011,misc,,00000017.pro,-1,,0
2094,,320032,2,848,15664,64,78,1,83886092,0x0500000C,misc,,00000012.pro,-1,,0
2095,,320120,2,853,15719,119,78,1,83886092,0x0500000C,misc,,00000012.pro,-1,,0
2096,,320208,2,854,15725,125,78,1,83886096,0x05000010,misc,,00000016.pro,-1,,0
2097,,320312,2,3349,15729,129,78,0,83886096,0x05000010,misc,,00000016.pro,-1,,0
2098,,320416,2,3607,15855,55,79,0,83886097,0x05000011,misc,,00000017.pro,-1,,0
2099,,320520,2,867,15859,59,79,1,83886097,0x05000011,misc,,00000017.pro,-1,,0
2100,,320624,2,872,15865,65,79,1,83886092,0x0500000C,misc,,00000012.pro,-1,,0
2101,,320712,2,874,15919,119,79,1,83886092,0x0500000C,misc,,00000012.pro,-1,,0
2102,,320800,2,876,15920,120,79,1,83886092,0x0500000C,misc,,00000012.pro,-1,,0
2103,,320888,2,877,15925,125,79,1,83886096,0x05000010,misc,,00000016.pro,-1,,0
2104,,320992,2,878,15926,126,79,1,83886096,0x05000010,misc,,00000016.pro,-1,,0
2105,,321096,2,3351,15930,130,79,0,83886096,0x05000010,misc,,00000016.pro,-1,,0
2106,,321200,2,3605,16056,56,80,0,83886097,0x05000011,misc,,00000017.pro,-1,,0
2107,,321304,2,890,16059,59,80,1,83886097,0x05000011,misc,,00000017.pro,-1,,0
2108,,321408,2,892,16060,60,80,1,83886097,0x05000011,misc,,00000017.pro,-1,,0
2109,,321512,2,896,16065,65,80,1,83886092,0x0500000C,misc,,00000012.pro,-1,,0
2110,,321600,2,897,16066,66,80,1,83886092,0x0500000C,misc,,00000012.pro,-1,,0
2111,,321688,2,899,16120,120,80,1,83886092,0x0500000C,misc,,00000012.pro,-1,,0
2112,,321776,2,900,16126,126,80,1,83886096,0x05000010,misc,,00000016.pro,-1,,0
2113,,321880,2,911,16260,60,81,1,83886097,0x05000011,misc,,00000017.pro,-1,,0
2114,,321984,2,913,16266,66,81,1,83886092,0x0500000C,misc,,00000012.pro,-1,,0
2115,,322072,2,915,16321,121,81,1,83886092,0x0500000C,misc,,00000012.pro,-1,,0
2116,,322160,2,916,16327,127,81,1,83886096,0x05000010,misc,,00000016.pro,-1,,0
2117,,322264,2,3353,16331,131,81,0,83886096,0x05000010,misc,,00000016.pro,-1,,0
2118,,322368,2,3603,16457,57,82,0,83886097,0x05000011,misc,,00000017.pro,-1,,0
2119,,322472,2,931,16461,61,82,1,83886097,0x05000011,misc,,00000017.pro,-1,,0
2120,,322576,2,932,16467,67,82,1,83886092,0x0500000C,misc,,00000012.pro,-1,,0
2121,,322664,2,935,16521,121,82,1,83886092,0x0500000C,misc,,00000012.pro,-1,,0
2122,,322752,2,937,16522,122,82,1,83886092,0x0500000C,misc,,00000012.pro,-1,,0
2123,,322840,2,938,16527,127,82,1,83886096,0x05000010,misc,,00000016.pro,-1,,0
2124,,322944,2,939,16528,128,82,1,83886096,0x05000010,misc,,00000016.pro,-1,,0
2125,,323048,2,3355,16532,132,82,0,83886096,0x05000010,misc,,00000016.pro,-1,,0
2126,,323152,2,3601,16658,58,83,0,83886097,0x05000011,misc,,00000017.pro,-1,,0
2127,,323256,2,952,16661,61,83,1,83886097,0x05000011,misc,,00000017.pro,-1,,0
2128,,323360,2,953,16662,62,83,1,83886097,0x05000011,misc,,00000017.pro,-1,,0
2129,,323464,2,954,16667,67,83,1,83886092,0x0500000C,misc,,00000012.pro,-1,,0
2130,,323552,2,955,16668,68,83,1,83886092,0x0500000C,misc,,00000012.pro,-1,,0
2131,,323640,2,957,16722,122,83,1,83886092,0x0500000C,misc,,00000012.pro,-1,,0
2132,,323728,2,958,16728,128,83,1,83886096,0x05000010,misc,,00000016.pro,-1,,0
2133,,323832,2,971,16862,62,84,1,83886097,0x05000011,misc,,00000017.pro,-1,,0
2134,,323936,2,972,16868,68,84,1,83886092,0x0500000C,misc,,00000012.pro,-1,,0
2135,,324024,2,976,16923,123,84,1,83886092,0x0500000C,misc,,00000012.pro,-1,,0
2136,,324112,2,977,16929,129,84,1,83886096,0x05000010,misc,,00000016.pro,-1,,0
2137,,324216,2,3357,16933,133,84,0,83886096,0x05000010,misc,,00000016.pro,-1,,0
2138,,324320,2,3599,17059,59,85,0,83886097,0x05000011,misc,,00000017.pro,-1,,0
2139,,324424,2,989,17063,63,85,1,83886097,0x05000011,misc,,00000017.pro,-1,,0
2140,,324528,2,990,17069,69,85,1,83886092,0x0500000C,misc,,00000012.pro,-1,,0
2141,,324616,2,993,17123,123,85,1,83886092,0x0500000C,misc,,00000012.pro,-1,,0
2142,,324704,2,995,17124,124,85,1,83886092,0x0500000C,misc,,00000012.pro,-1,,0
2143,,324792,2,996,17129,129,85,1,83886096,0x05000010,misc,,00000016.pro,-1,,0
2144,,324896,2,997,17130,130,85,1,83886096,0x05000010,misc,,00000016.pro,-1,,0
2145,,325000,2,3359,17134,134,85,0,83886096,0x05000010,misc,,00000016.pro,-1,,0
2146,,325104,2,3597,17260,60,86,0,83886097,0x05000011,misc,,00000017.pro,-1,,0
2147,,325208,2,1008,17263,63,86,1,83886097,0x05000011,misc,,00000017.pro,-1,,0
2148,,325312,2,1009,17264,64,86,1,83886097,0x05000011,misc,,00000017.pro,-1,,0
2149,,325416,2,1010,17269,69,86,1,83886092,0x0500000C,misc,,00000012.pro,-1,,0
2150,,325504,2,1011,17270,70,86,1,83886092,0x0500000C,misc,,00000012.pro,-1,,0
2151,,325592,2,1013,17324,124,86,1,83886092,0x0500000C,misc,,00000012.pro,-1,,0
2152,,325680,2,1014,17330,130,86,1,83886096,0x05000010,misc,,00000016.pro,-1,,0
2153,,325784,2,1024,17464,64,87,1,83886097,0x05000011,misc,,00000017.pro,-1,,0
2154,,325888,2,1025,17470,70,87,1,83886092,0x0500000C,misc,,00000012.pro,-1,,0
2155,,325976,2,1028,17525,125,87,1,83886092,0x0500000C,misc,,00000012.pro,-1,,0
2156,,326064,2,1029,17531,131,87,1,83886096,0x05000010,misc,,00000016.pro,-1,,0
2157,,326168,2,3361,17535,135,87,0,83886096,0x05000010,misc,,00000016.pro,-1,,0
2158,,326272,2,3595,17661,61,88,0,83886097,0x05000011,misc,,00000017.pro,-1,,0
2159,,326376,2,1041,17665,65,88,1,83886097,0x05000011,misc,,00000017.pro,-1,,0
2160,,326480,2,1042,17671,71,88,1,83886092,0x0500000C,misc,,00000012.pro,-1,,0
2161,,326568,2,1044,17725,125,88,1,83886092,0x0500000C,misc,,00000012.pro,-1,,0
2162,,326656,2,1046,17726,126,88,1,83886092,0x0500000C,misc,,00000012.pro,-1,,0
2163,,326744,2,1047,17731,131,88,1,83886096,0x05000010,misc,,00000016.pro,-1,,0
2164,,326848,2,1048,17732,132,88,1,83886096,0x05000010,misc,,00000016.pro,-1,,0
2165,,326952,2,3363,17736,136,88,0,83886096,0x05000010,misc,,00000016.pro,-1,,0
2166,,327056,2,3593,17862,62,89,0,83886097,0x05000011,misc,,00000017.pro,-1,,0
2167,,327160,2,1059,17865,65,89,1,83886097,0x05000011,misc,,00000017.pro,-1,,0
2168,,327264,2,1060,17866,66,89,1,83886097,0x05000011,misc,,00000017.pro,-1,,0
2169,,327368,2,1061,17871,71,89,1,83886092,0x0500000C,misc,,00000012.pro,-1,,0
2170,,327456,2,1062,17872,72,89,1,83886092,0x0500000C,misc,,00000012.pro,-1,,0
2171,,327544,2,1064,17926,126,89,1,83886092,0x0500000C,misc,,00000012.pro,-1,,0
2172,,327632,2,1065,17932,132,89,1,83886096,0x05000010,misc,,00000016.pro,-1,,0
2173,,327736,2,1075,18066,66,90,1,83886097,0x05000011,misc,,00000017.pro,-1,,0
2174,,327840,2,1077,18072,72,90,1,83886092,0x0500000C,misc,,00000012.pro,-1,,0
2175,,327928,2,1079,18127,127,90,1,83886092,0x0500000C,misc,,00000012.pro,-1,,0
2176,,328016,2,1080,18133,133,90,1,83886096,0x05000010,misc,,00000016.pro,-1,,0
2177,,328120,2,3365,18137,137,90,0,83886096,0x05000010,misc,,00000016.pro,-1,,0
2178,,328224,2,3591,18263,63,91,0,83886097,0x05000011,misc,,00000017.pro,-1,,0
2179,,328328,2,1091,18267,67,91,1,83886097,0x05000011,misc,,00000017.pro,-1,,0
2180,,328432,2,1092,18273,73,91,1,83886092,0x0500000C,misc,,00000012.pro,-1,,0
2181,,328520,2,1094,18327,127,91,1,83886092,0x0500000C,misc,,00000012.pro,-1,,0
2182,,328608,2,1096,18328,128,91,1,83886092,0x0500000C,misc,,00000012.pro,-1,,0
2183,,328696,2,1097,18333,133,91,1,83886096,0x05000010,misc,,00000016.pro,-1,,0
2184,,328800,2,1098,18334,134,91,1,83886096,0x05000010,misc,,00000016.pro,-1,,0
2185,,328904,2,3367,18338,138,91,0,83886096,0x05000010,misc,,00000016.pro,-1,,0
2186,,329008,2,3589,18464,64,92,0,83886097,0x05000011,misc,,00000017.pro,-1,,0
2187,,329112,2,1109,18467,67,92,1,83886097,0x05000011,misc,,00000017.pro,-1,,0
2188,,329216,2,1110,18468,68,92,1,83886097,0x05000011,misc,,00000017.pro,-1,,0
2189,,329320,2,1111,18473,73,92,1,83886092,0x0500000C,misc,,00000012.pro,-1,,0
2190,,329408,2,1112,18474,74,92,1,83886092,0x0500000C,misc,,00000012.pro,-1,,0
2191,,329496,2,1114,18528,128,92,1,83886092,0x0500000C,misc,,00000012.pro,-1,,0
2192,,329584,2,1115,18534,134,92,1,83886096,0x05000010,misc,,00000016.pro,-1,,0
2193,,329688,2,1124,18668,68,93,1,83886097,0x05000011,misc,,00000017.pro,-1,,0
2194,,329792,2,1125,18674,74,93,1,83886092,0x0500000C,misc,,00000012.pro,-1,,0
2195,,329880,2,1127,18729,129,93,1,83886092,0x0500000C,misc,,00000012.pro,-1,,0
2196,,329968,2,1128,18735,135,93,1,83886096,0x05000010,misc,,00000016.pro,-1,,0
2197,,330072,2,3369,18739,139,93,0,83886096,0x05000010,misc,,00000016.pro,-1,,0
2198,,330176,2,3587,18865,65,94,0,83886097,0x05000011,misc,,00000017.pro,-1,,0
2199,,330280,2,1140,18869,69,94,1,83886097,0x05000011,misc,,00000017.pro,-1,,0
2200,,330384,2,1141,18875,75,94,1,83886092,0x0500000C,misc,,00000012.pro,-1,,0
2201,,330472,2,1165,18896,96,94,5,16777244,0x0100001C,critter,,00000028.pro,-1,,0
2202,,330600,2,1166,18903,103,94,5,16777244,0x0100001C,critter,,00000028.pro,-1,,0
2203,,330728,2,1144,18929,129,94,1,83886092,0x0500000C,misc,,00000012.pro,-1,,0
2204,,330816,2,1146,18930,130,94,1,83886092,0x0500000C,misc,,00000012.pro,-1,,0
2205,,330904,2,1147,18935,135,94,1,83886096,0x05000010,misc,,00000016.pro,-1,,0
2206,,331008,2,1148,18936,136,94,1,83886096,0x05000010,misc,,00000016.pro,-1,,0
2207,,331112,2,3371,18940,140,94,0,83886096,0x05000010,misc,,00000016.pro,-1,,0
2208,,331216,2,3585,19066,66,95,0,83886097,0x05000011,misc,,00000017.pro,-1,,0
2209,,331320,2,1161,19069,69,95,1,83886097,0x05000011,misc,,00000017.pro,-1,,0
2210,,331424,2,1162,19070,70,95,1,83886097,0x05000011,misc,,00000017.pro,-1,,0
2211,,331528,2,1163,19075,75,95,1,83886092,0x0500000C,misc,,00000012.pro,-1,,0
2212,,331616,2,1164,19076,76,95,1,83886092,0x0500000C,misc,,00000012.pro,-1,,0
2213,,331704,2,3259,19102,102,95,0,33554499,0x02000043,scenery,generic,00000068.pro,-1,,0
2214,,331792,2,3251,19104,104,95,0,33554499,0x02000043,scenery,generic,00000068.pro,-1,,0
2215,,331880,2,1168,19130,130,95,1,83886092,0x0500000C,misc,,00000012.pro,-1,,0
2216,,331968,2,1169,19136,136,95,1,83886096,0x05000010,misc,,00000016.pro,-1,,0
2217,,332072,2,1179,19270,70,96,1,83886097,0x05000011,misc,,00000017.pro,-1,,0
2218,,332176,2,1180,19276,76,96,1,83886092,0x0500000C,misc,,00000012.pro,-1,,0
2219,,332264,2,3277,19295,95,96,0,33554499,0x02000043,scenery,generic,00000068.pro,-1,,0
2220,,332352,2,3279,19296,96,96,0,33554499,0x02000043,scenery,generic,00000068.pro,-1,,0
2221,,332440,2,3267,19297,97,96,0,33554499,0x02000043,scenery,generic,00000068.pro,-1,,0
2222,,332528,2,3257,19302,102,96,0,33554499,0x02000043,scenery,generic,00000068.pro,-1,,0
2223,,332616,2,3261,19303,103,96,0,33554499,0x02000043,scenery,generic,00000068.pro,-1,,0
2224,,332704,2,1182,19304,104,96,0,33554962,0x02000212,scenery,generic,00000531.pro,-1,,0
2225,,332792,2,1184,19331,131,96,1,83886092,0x0500000C,misc,,00000012.pro,-1,,0
2226,,332880,2,1185,19337,137,96,1,83886096,0x05000010,misc,,00000016.pro,-1,,0
2227,,332984,2,3373,19341,141,96,0,83886096,0x05000010,misc,,00000016.pro,-1,,0
2228,,333088,2,3583,19467,67,97,0,83886097,0x05000011,misc,,00000017.pro,-1,,0
2229,,333192,2,1196,19471,71,97,1,83886097,0x05000011,misc,,00000017.pro,-1,,0
2230,,333296,2,1198,19477,77,97,1,83886092,0x0500000C,misc,,00000012.pro,-1,,0
2231,,333384,2,3275,19495,95,97,0,33554499,0x02000043,scenery,generic,00000068.pro,-1,,0
2232,,333472,2,1199,19496,96,97,0,33554560,0x02000080,scenery,generic,00000129.pro,-1,,0
2233,,333560,2,1181,19497,97,97,0,33554964,0x02000214,scenery,generic,00000533.pro,-1,,0
2234,,333648,2,3255,19502,102,97,0,33554499,0x02000043,scenery,generic,00000068.pro,-1,,0
2235,,333736,2,1200,19503,103,97,0,33554560,0x02000080,scenery,generic,00000129.pro,-1,,0
2236,,333824,2,1201,19504,104,97,0,33554560,0x02000080,scenery,generic,00000129.pro,-1,,0
2237,,333912,2,1203,19531,131,97,1,83886092,0x0500000C,misc,,00000012.pro,-1,,0
2238,,334000,2,1205,19532,132,97,1,83886092,0x0500000C,misc,,00000012.pro,-1,,0
2239,,334088,2,1206,19537,137,97,1,83886096,0x05000010,misc,,00000016.pro,-1,,0
2240,,334192,2,1207,19538,138,97,1,83886096,0x05000010,misc,,00000016.pro,-1,,0
2241,,334296,2,3375,19542,142,97,0,83886096,0x05000010,misc,,00000016.pro,-1,,0
2242,,334400,2,3581,19668,68,98,0,83886097,0x05000011,misc,,00000017.pro,-1,,0
2243,,334504,2,1218,19671,71,98,1,83886097,0x05000011,misc,,00000017.pro,-1,,0
2244,,334608,2,1219,19672,72,98,1,83886097,0x05000011,misc,,00000017.pro,-1,,0
2245,,334712,2,1220,19677,77,98,1,83886092,0x0500000C,misc,,00000012.pro,-1,,0
2246,,334800,2,1221,19678,78,98,1,83886092,0x0500000C,misc,,00000012.pro,-1,,0
2247,,334888,2,3273,19695,95,98,0,33554499,0x02000043,scenery,generic,00000068.pro,-1,,0
2248,,334976,2,1222,19696,96,98,0,33554963,0x02000213,scenery,generic,00000532.pro,-1,,0
2249,,335064,2,1223,19697,97,98,0,33554560,0x02000080,scenery,generic,00000129.pro,-1,,0
2250,,335152,2,3265,19698,98,98,0,33554499,0x02000043,scenery,generic,00000068.pro,-1,,0
2251,,335240,2,1224,19702,102,98,0,33554560,0x02000080,scenery,generic,00000129.pro,-1,,0
2252,,335328,2,1225,19703,103,98,0,33554961,0x02000211,scenery,generic,00000530.pro,-1,,0
2253,,335416,2,1226,19704,104,98,0,33554560,0x02000080,scenery,generic,00000129.pro,-1,,0
2254,,335504,2,3249,19705,105,98,0,33554499,0x02000043,scenery,generic,00000068.pro,-1,,0
2255,,335592,2,1228,19732,132,98,1,83886092,0x0500000C,misc,,00000012.pro,-1,,0
2256,,335680,2,1229,19738,138,98,1,83886096,0x05000010,misc,,00000016.pro,-1,,0
2257,,335784,2,1240,19872,72,99,1,83886097,0x05000011,misc,,00000017.pro,-1,,0
2258,,335888,2,1241,19878,78,99,1,83886092,0x0500000C,misc,,00000012.pro,-1,,0
2259,,335976,2,1242,19895,95,99,0,33554560,0x02000080,scenery,generic,00000129.pro,-1,,0
2260,,336064,2,4169,19896,96,99,0,33554499,0x02000043,scenery,generic,00000068.pro,-1,,0
2261,,336152,2,1243,19897,97,99,0,33554560,0x02000080,scenery,generic,00000129.pro,-1,,0
2262,,336240,2,3263,19898,98,99,0,33554499,0x02000043,scenery,generic,00000068.pro,-1,,0
2263,,336328,2,1245,19902,102,99,0,33554560,0x02000080,scenery,generic,00000129.pro,-1,,0
2264,,336416,2,4171,19903,103,99,0,33554499,0x02000043,scenery,generic,00000068.pro,-1,,0
2265,,336504,2,1246,19904,104,99,0,33554560,0x02000080,scenery,generic,00000129.pro,-1,,0
2266,,336592,2,3247,19905,105,99,0,33554499,0x02000043,scenery,generic,00000068.pro,-1,,0
2267,,336680,2,1249,19933,133,99,1,83886092,0x0500000C,misc,,00000012.pro,-1,,0
2268,,336768,2,1250,19939,139,99,1,83886096,0x05000010,misc,,00000016.pro,-1,,0
2269,,336872,2,3377,19943,143,99,0,83886096,0x05000010,misc,,00000016.pro,-1,,0
2270,,336976,2,3579,20069,69,100,0,83886097,0x05000011,misc,,00000017.pro,-1,,0
2271,,337080,2,1261,20073,73,100,1,83886097,0x05000011,misc,,00000017.pro,-1,,0
2272,,337184,2,1262,20079,79,100,1,83886092,0x0500000C,misc,,00000012.pro,-1,,0
2273,,337272,2,1263,20095,95,100,0,33554560,0x02000080,scenery,generic,00000129.pro,-1,,0
2274,,337360,2,1264,20096,96,100,0,33554560,0x02000080,scenery,generic,00000129.pro,-1,,0
2275,,337448,2,1266,20097,97,100,0,33554560,0x02000080,scenery,generic,00000129.pro,-1,,0
2276,,337536,2,1270,20103,103,100,0,33554560,0x02000080,scenery,generic,00000129.pro,-1,,0
2277,,337624,2,1273,20133,133,100,1,83886092,0x0500000C,misc,,00000012.pro,-1,,0
2278,,337712,2,1275,20134,134,100,1,83886092,0x0500000C,misc,,00000012.pro,-1,,0
2279,,337800,2,1276,20139,139,100,1,83886096,0x05000010,misc,,00000016.pro,-1,,0
2280,,337904,2,1277,20140,140,100,1,83886096,0x05000010,misc,,00000016.pro,-1,,0
2281,,338008,2,3379,20144,144,100,0,83886096,0x05000010,misc,,00000016.pro,-1,,0
2282,,338112,2,3577,20270,70,101,0,83886097,0x05000011,misc,,00000017.pro,-1,,0
2283,,338216,2,1288,20273,73,101,1,83886097,0x05000011,misc,,00000017.pro,-1,,0
2284,,338320,2,1289,20274,74,101,1,83886097,0x05000011,misc,,00000017.pro,-1,,0
2285,,338424,2,1290,20279,79,101,1,83886092,0x0500000C,misc,,00000012.pro,-1,,0
2286,,338512,2,1291,20280,80,101,1,83886092,0x0500000C,misc,,00000012.pro,-1,,0
2287,,338600,2,3271,20295,95,101,0,33554499,0x02000043,scenery,generic,00000068.pro,-1,,0
2288,,338688,2,3269,20297,97,101,0,33554499,0x02000043,scenery,generic,00000068.pro,-1,,0
2289,,338776,2,1296,20334,134,101,1,83886092,0x0500000C,misc,,00000012.pro,-1,,0
2290,,338864,2,1298,20340,140,101,1,83886096,0x05000010,misc,,00000016.pro,-1,,0
2291,,338968,2,1307,20474,74,102,1,83886097,0x05000011,misc,,00000017.pro,-1,,0
2292,,339072,2,1308,20480,80,102,1,83886092,0x0500000C,misc,,00000012.pro,-1,,0
2293,,339160,2,1316,20535,135,102,1,83886092,0x0500000C,misc,,00000012.pro,-1,,0
2294,,339248,2,1317,20541,141,102,1,83886096,0x05000010,misc,,00000016.pro,-1,,0
2295,,339352,2,3381,20545,145,102,0,83886096,0x05000010,misc,,00000016.pro,-1,,0
2296,,339456,2,3575,20671,71,103,0,83886097,0x05000011,misc,,00000017.pro,-1,,0
2297,,339560,2,1328,20675,75,103,1,83886097,0x05000011,misc,,00000017.pro,-1,,0
2298,,339664,2,1329,20681,81,103,1,83886092,0x0500000C,misc,,00000012.pro,-1,,0
2299,,339752,2,1331,20735,135,103,1,83886092,0x0500000C,misc,,00000012.pro,-1,,0
2300,,339840,2,1333,20736,136,103,1,83886092,0x0500000C,misc,,00000012.pro,-1,,0
2301,,339928,2,1334,20741,141,103,1,83886096,0x05000010,misc,,00000016.pro,-1,,0
2302,,340032,2,1335,20742,142,103,1,83886096,0x05000010,misc,,00000016.pro,-1,,0
2303,,340136,2,3383,20746,146,103,0,83886096,0x05000010,misc,,00000016.pro,-1,,0
2304,,340240,2,3573,20872,72,104,0,83886097,0x05000011,misc,,00000017.pro,-1,,0
2305,,340344,2,1346,20875,75,104,1,83886097,0x05000011,misc,,00000017.pro,-1,,0
2306,,340448,2,1347,20876,76,104,1,83886097,0x05000011,misc,,00000017.pro,-1,,0
2307,,340552,2,1348,20881,81,104,1,83886092,0x0500000C,misc,,00000012.pro,-1,,0
2308,,340640,2,1349,20882,82,104,1,83886092,0x0500000C,misc,,00000012.pro,-1,,0
2309,,340728,2,1352,20936,136,104,1,83886092,0x0500000C,misc,,00000012.pro,-1,,0
2310,,340816,2,1353,20942,142,104,1,83886096,0x05000010,misc,,00000016.pro,-1,,0
2311,,340920,2,1363,21076,76,105,1,83886097,0x05000011,misc,,00000017.pro,-1,,0
2312,,341024,2,1364,21082,82,105,1,83886092,0x0500000C,misc,,00000012.pro,-1,,0
2313,,341112,2,1371,21137,137,105,1,83886092,0x0500000C,misc,,00000012.pro,-1,,0
2314,,341200,2,1372,21143,143,105,1,83886096,0x05000010,misc,,00000016.pro,-1,,0
2315,,341304,2,3385,21147,147,105,0,83886096,0x05000010,misc,,00000016.pro,-1,,0
2316,,341408,2,3571,21273,73,106,0,83886097,0x05000011,misc,,00000017.pro,-1,,0
2317,,341512,2,1384,21277,77,106,1,83886097,0x05000011,misc,,00000017.pro,-1,,0
2318,,341616,2,1385,21283,83,106,1,83886092,0x0500000C,misc,,00000012.pro,-1,,0
2319,,341704,2,1395,21337,137,106,1,83886092,0x0500000C,misc,,00000012.pro,-1,,0
2320,,341792,2,1397,21338,138,106,1,83886092,0x0500000C,misc,,00000012.pro,-1,,0
2321,,341880,2,1398,21343,143,106,1,83886096,0x05000010,misc,,00000016.pro,-1,,0
2322,,341984,2,1399,21344,144,106,1,83886096,0x05000010,misc,,00000016.pro,-1,,0
2323,,342088,2,3387,21348,148,106,0,83886096,0x05000010,misc,,00000016.pro,-1,,0
2324,,342192,2,3569,21474,74,107,0,83886097,0x05000011,misc,,00000017.pro,-1,,0
2325,,342296,2,1412,21477,77,107,1,83886097,0x05000011,misc,,00000017.pro,-1,,0
2326,,342400,2,1413,21478,78,107,1,83886097,0x05000011,misc,,00000017.pro,-1,,0
2327,,342504,2,1414,21483,83,107,1,83886092,0x0500000C,misc,,00000012.pro,-1,,0
2328,,342592,2,1415,21484,84,107,1,83886092,0x0500000C,misc,,00000012.pro,-1,,0
2329,,342680,2,1424,21538,138,107,1,83886092,0x0500000C,misc,,00000012.pro,-1,,0
2330,,342768,2,1425,21544,144,107,1,83886096,0x05000010,misc,,00000016.pro,-1,,0
2331,,342872,2,1435,21678,78,108,1,83886097,0x05000011,misc,,00000017.pro,-1,,0
2332,,342976,2,1436,21684,84,108,1,83886092,0x0500000C,misc,,00000012.pro,-1,,0
2333,,343064,2,1445,21739,139,108,1,83886092,0x0500000C,misc,,00000012.pro,-1,,0
2334,,343152,2,1447,21745,145,108,1,83886096,0x05000010,misc,,00000016.pro,-1,,0
2335,,343256,2,3389,21749,149,108,0,83886096,0x05000010,misc,,00000016.pro,-1,,0
2336,,343360,2,3567,21875,75,109,0,83886097,0x05000011,misc,,00000017.pro,-1,,0
2337,,343464,2,1458,21879,79,109,1,83886097,0x05000011,misc,,00000017.pro,-1,,0
2338,,343568,2,1459,21885,85,109,1,83886092,0x0500000C,misc,,00000012.pro,-1,,0
2339,,343656,2,1461,21939,139,109,1,83886092,0x0500000C,misc,,00000012.pro,-1,,0
2340,,343744,2,1463,21940,140,109,1,83886092,0x0500000C,misc,,00000012.pro,-1,,0
2341,,343832,2,1465,21945,145,109,1,83886096,0x05000010,misc,,00000016.pro,-1,,0
2342,,343936,2,1466,21946,146,109,1,83886096,0x05000010,misc,,00000016.pro,-1,,0
2343,,344040,2,3391,21950,150,109,0,83886096,0x05000010,misc,,00000016.pro,-1,,0
2344,,344144,2,3565,22076,76,110,0,83886097,0x05000011,misc,,00000017.pro,-1,,0
2345,,344248,2,1477,22079,79,110,1,83886097,0x05000011,misc,,00000017.pro,-1,,0
2346,,344352,2,1478,22080,80,110,1,83886097,0x05000011,misc,,00000017.pro,-1,,0
2347,,344456,2,1479,22085,85,110,1,83886092,0x0500000C,misc,,00000012.pro,-1,,0
2348,,344544,2,1480,22086,86,110,1,83886092,0x0500000C,misc,,00000012.pro,-1,,0
2349,,344632,2,1482,22140,140,110,1,83886092,0x0500000C,misc,,00000012.pro,-1,,0
2350,,344720,2,1483,22146,146,110,1,83886096,0x05000010,misc,,00000016.pro,-1,,0
2351,,344824,2,1492,22280,80,111,1,83886097,0x05000011,misc,,00000017.pro,-1,,0
2352,,344928,2,1493,22286,86,111,1,83886092,0x0500000C,misc,,00000012.pro,-1,,0
2353,,345016,2,1497,22341,141,111,1,83886092,0x0500000C,misc,,00000012.pro,-1,,0
2354,,345104,2,1498,22347,147,111,1,83886096,0x05000010,misc,,00000016.pro,-1,,0
2355,,345208,2,3393,22351,151,111,0,83886096,0x05000010,misc,,00000016.pro,-1,,0
2356,,345312,2,3563,22477,77,112,0,83886097,0x05000011,misc,,00000017.pro,-1,,0
2357,,345416,2,1509,22481,81,112,1,83886097,0x05000011,misc,,00000017.pro,-1,,0
2358,,345520,2,1510,22487,87,112,1,83886092,0x0500000C,misc,,00000012.pro,-1,,0
2359,,345608,2,1512,22541,141,112,1,83886092,0x0500000C,misc,,00000012.pro,-1,,0
2360,,345696,2,1514,22542,142,112,1,83886092,0x0500000C,misc,,00000012.pro,-1,,0
2361,,345784,2,1515,22547,147,112,1,83886096,0x05000010,misc,,00000016.pro,-1,,0
2362,,345888,2,1516,22548,148,112,1,83886096,0x05000010,misc,,00000016.pro,-1,,0
2363,,345992,2,3395,22552,152,112,0,83886096,0x05000010,misc,,00000016.pro,-1,,0
2364,,346096,2,3561,22678,78,113,0,83886097,0x05000011,misc,,00000017.pro,-1,,0
2365,,346200,2,1527,22681,81,113,1,83886097,0x05000011,misc,,00000017.pro,-1,,0
2366,,346304,2,1528,22682,82,113,1,83886097,0x05000011,misc,,00000017.pro,-1,,0
2367,,346408,2,1529,22687,87,113,1,83886092,0x0500000C,misc,,00000012.pro,-1,,0
2368,,346496,2,1530,22688,88,113,1,83886092,0x0500000C,misc,,00000012.pro,-1,,0
2369,,346584,2,1533,22742,142,113,1,83886092,0x0500000C,misc,,00000012.pro,-1,,0
2370,,346672,2,1534,22748,148,113,1,83886096,0x05000010,misc,,00000016.pro,-1,,0
2371,,346776,2,1543,22882,82,114,1,83886097,0x05000011,misc,,00000017.pro,-1,,0
2372,,346880,2,1544,22888,88,114,1,83886092,0x0500000C,misc,,00000012.pro,-1,,0
2373,,346968,2,1548,22943,143,114,1,83886092,0x0500000C,misc,,00000012.pro,-1,,0
2374,,347056,2,1549,22949,149,114,1,83886096,0x05000010,misc,,00000016.pro,-1,,0
2375,,347160,2,3397,22953,153,114,0,83886096,0x05000010,misc,,00000016.pro,-1,,0
2376,,347264,2,3559,23079,79,115,0,83886097,0x05000011,misc,,00000017.pro,-1,,0
2377,,347368,2,1560,23083,83,115,1,83886097,0x05000011,misc,,00000017.pro,-1,,0
2378,,347472,2,1561,23089,89,115,1,83886092,0x0500000C,misc,,00000012.pro,-1,,0
2379,,347560,2,1567,23143,143,115,1,83886092,0x0500000C,misc,,00000012.pro,-1,,0
2380,,347648,2,1569,23144,144,115,1,83886092,0x0500000C,misc,,00000012.pro,-1,,0
2381,,347736,2,1570,23149,149,115,1,83886096,0x05000010,misc,,00000016.pro,-1,,0
2382,,347840,2,1571,23150,150,115,1,83886096,0x05000010,misc,,00000016.pro,-1,,0
2383,,347944,2,3401,23154,154,115,0,83886096,0x05000010,misc,,00000016.pro,-1,,0
2384,,348048,2,3557,23280,80,116,0,83886097,0x05000011,misc,,00000017.pro,-1,,0
2385,,348152,2,1582,23283,83,116,1,83886097,0x05000011,misc,,00000017.pro,-1,,0
2386,,348256,2,1583,23284,84,116,1,83886097,0x05000011,misc,,00000017.pro,-1,,0
2387,,348360,2,1584,23289,89,116,1,83886092,0x0500000C,misc,,00000012.pro,-1,,0
2388,,348448,2,1585,23290,90,116,1,83886092,0x0500000C,misc,,00000012.pro,-1,,0
2389,,348536,2,1591,23344,144,116,1,83886092,0x0500000C,misc,,00000012.pro,-1,,0
2390,,348624,2,1592,23350,150,116,1,83886096,0x05000010,misc,,00000016.pro,-1,,0
2391,,348728,2,1601,23484,84,117,1,83886097,0x05000011,misc,,00000017.pro,-1,,0
2392,,348832,2,1602,23490,90,117,1,83886092,0x0500000C,misc,,00000012.pro,-1,,0
2393,,348920,2,1608,23545,145,117,1,83886092,0x0500000C,misc,,00000012.pro,-1,,0
2394,,349008,2,1609,23551,151,117,1,83886096,0x05000010,misc,,00000016.pro,-1,,0
2395,,349112,2,3403,23555,155,117,0,83886096,0x05000010,misc,,00000016.pro,-1,,0
2396,,349216,2,3555,23681,81,118,0,83886097,0x05000011,misc,,00000017.pro,-1,,0
2397,,349320,2,1620,23685,85,118,1,83886097,0x05000011,misc,,00000017.pro,-1,,0
2398,,349424,2,1621,23691,91,118,1,83886092,0x0500000C,misc,,00000012.pro,-1,,0
2399,,349512,2,1624,23745,145,118,1,83886092,0x0500000C,misc,,00000012.pro,-1,,0
2400,,349600,2,1626,23746,146,118,1,83886092,0x0500000C,misc,,00000012.pro,-1,,0
2401,,349688,2,1627,23751,151,118,1,83886096,0x05000010,misc,,00000016.pro,-1,,0
2402,,349792,2,1628,23752,152,118,1,83886096,0x05000010,misc,,00000016.pro,-1,,0
2403,,349896,2,3405,23756,156,118,0,83886096,0x05000010,misc,,00000016.pro,-1,,0
2404,,350000,2,3553,23882,82,119,0,83886097,0x05000011,misc,,00000017.pro,-1,,0
2405,,350104,2,1639,23885,85,119,1,83886097,0x05000011,misc,,00000017.pro,-1,,0
2406,,350208,2,1640,23886,86,119,1,83886097,0x05000011,misc,,00000017.pro,-1,,0
2407,,350312,2,1641,23891,91,119,1,83886092,0x0500000C,misc,,00000012.pro,-1,,0
2408,,350400,2,1642,23892,92,119,1,83886092,0x0500000C,misc,,00000012.pro,-1,,0
2409,,350488,2,1645,23946,146,119,1,83886092,0x0500000C,misc,,00000012.pro,-1,,0
2410,,350576,2,1646,23952,152,119,1,83886096,0x05000010,misc,,00000016.pro,-1,,0
2411,,350680,2,1655,24086,86,120,1,83886097,0x05000011,misc,,00000017.pro,-1,,0
2412,,350784,2,1656,24092,92,120,1,83886092,0x0500000C,misc,,00000012.pro,-1,,0
2413,,350872,2,1658,24147,147,120,1,83886092,0x0500000C,misc,,00000012.pro,-1,,0
2414,,350960,2,1661,24153,153,120,1,83886096,0x05000010,misc,,00000016.pro,-1,,0
2415,,351064,2,3407,24157,157,120,0,83886096,0x05000010,misc,,00000016.pro,-1,,0
2416,,351168,2,3551,24283,83,121,0,83886097,0x05000011,misc,,00000017.pro,-1,,0
2417,,351272,2,1674,24287,87,121,1,83886097,0x05000011,misc,,00000017.pro,-1,,0
2418,,351376,2,1675,24293,93,121,1,83886092,0x0500000C,misc,,00000012.pro,-1,,0
2419,,351464,2,1677,24347,147,121,1,83886092,0x0500000C,misc,,00000012.pro,-1,,0
2420,,351552,2,1679,24348,148,121,1,83886092,0x0500000C,misc,,00000012.pro,-1,,0
2421,,351640,2,1684,24353,153,121,1,83886096,0x05000010,misc,,00000016.pro,-1,,0
2422,,351744,2,1685,24354,154,121,1,83886096,0x05000010,misc,,00000016.pro,-1,,0
2423,,351848,2,3409,24358,158,121,0,83886096,0x05000010,misc,,00000016.pro,-1,,0
2424,,351952,2,3549,24484,84,122,0,83886097,0x05000011,misc,,00000017.pro,-1,,0
2425,,352056,2,1695,24487,87,122,1,83886097,0x05000011,misc,,00000017.pro,-1,,0
2426,,352160,2,1696,24488,88,122,1,83886097,0x05000011,misc,,00000017.pro,-1,,0
2427,,352264,2,1697,24493,93,122,1,83886092,0x0500000C,misc,,00000012.pro,-1,,0
2428,,352352,2,1698,24494,94,122,1,83886092,0x0500000C,misc,,00000012.pro,-1,,0
2429,,352440,2,1701,24548,148,122,1,83886092,0x0500000C,misc,,00000012.pro,-1,,0
2430,,352528,2,1706,24554,154,122,1,83886096,0x05000010,misc,,00000016.pro,-1,,0
2431,,352632,2,1715,24688,88,123,1,83886097,0x05000011,misc,,00000017.pro,-1,,0
2432,,352736,2,1716,24694,94,123,1,83886092,0x0500000C,misc,,00000012.pro,-1,,0
2433,,352824,2,1722,24749,149,123,1,83886092,0x0500000C,misc,,00000012.pro,-1,,0
2434,,352912,2,1724,24755,155,123,1,83886096,0x05000010,misc,,00000016.pro,-1,,0
2435,,353016,2,3411,24759,159,123,0,83886096,0x05000010,misc,,00000016.pro,-1,,0
2436,,353120,2,3547,24885,85,124,0,83886097,0x05000011,misc,,00000017.pro,-1,,0
2437,,353224,2,1734,24889,89,124,1,83886097,0x05000011,misc,,00000017.pro,-1,,0
2438,,353328,2,1736,24895,95,124,1,83886092,0x0500000C,misc,,00000012.pro,-1,,0
2439,,353416,2,1742,24949,149,124,1,83886092,0x0500000C,misc,,00000012.pro,-1,,0
2440,,353504,2,1744,24950,150,124,1,83886092,0x0500000C,misc,,00000012.pro,-1,,0
2441,,353592,2,1745,24955,155,124,1,83886096,0x05000010,misc,,00000016.pro,-1,,0
2442,,353696,2,1746,24956,156,124,1,83886096,0x05000010,misc,,00000016.pro,-1,,0
2443,,353800,2,3413,24960,160,124,0,83886096,0x05000010,misc,,00000016.pro,-1,,0
2444,,353904,2,3545,25086,86,125,0,83886097,0x05000011,misc,,00000017.pro,-1,,0
2445,,354008,2,1759,25089,89,125,1,83886097,0x05000011,misc,,00000017.pro,-1,,0
2446,,354112,2,1760,25090,90,125,1,83886097,0x05000011,misc,,00000017.pro,-1,,0
2447,,354216,2,1763,25095,95,125,1,83886092,0x0500000C,misc,,00000012.pro,-1,,0
2448,,354304,2,1764,25096,96,125,1,83886092,0x0500000C,misc,,00000012.pro,-1,,0
2449,,354392,2,1771,25150,150,125,1,83886092,0x0500000C,misc,,00000012.pro,-1,,0
2450,,354480,2,1774,25156,156,125,1,83886096,0x05000010,misc,,00000016.pro,-1,,0
2451,,354584,2,1784,25290,90,126,1,83886097,0x05000011,misc,,00000017.pro,-1,,0
2452,,354688,2,1785,25296,96,126,1,83886092,0x0500000C,misc,,00000012.pro,-1,,0
2453,,354776,2,1791,25351,151,126,1,83886092,0x0500000C,misc,,00000012.pro,-1,,0
2454,,354864,2,1795,25357,157,126,1,83886096,0x05000010,misc,,00000016.pro,-1,,0
2455,,354968,2,3415,25361,161,126,0,83886096,0x05000010,misc,,00000016.pro,-1,,0
2456,,355072,2,3543,25487,87,127,0,83886097,0x05000011,misc,,00000017.pro,-1,,0
2457,,355176,2,1804,25491,91,127,1,83886097,0x05000011,misc,,00000017.pro,-1,,0
2458,,355280,2,1805,25497,97,127,1,83886092,0x0500000C,misc,,00000012.pro,-1,,0
2459,,355368,2,1813,25551,151,127,1,83886092,0x0500000C,misc,,00000012.pro,-1,,0
2460,,355456,2,1816,25552,152,127,1,83886092,0x0500000C,misc,,00000012.pro,-1,,0
2461,,355544,2,1818,25557,157,127,1,83886096,0x05000010,misc,,00000016.pro,-1,,0
2462,,355648,2,1819,25558,158,127,1,83886096,0x05000010,misc,,00000016.pro,-1,,0
2463,,355752,2,3417,25562,162,127,0,83886096,0x05000010,misc,,00000016.pro,-1,,0
2464,,355856,2,3541,25688,88,128,0,83886097,0x05000011,misc,,00000017.pro,-1,,0
2465,,355960,2,1827,25691,91,128,1,83886097,0x05000011,misc,,00000017.pro,-1,,0
2466,,356064,2,1828,25692,92,128,1,83886097,0x05000011,misc,,00000017.pro,-1,,0
2467,,356168,2,1829,25697,97,128,1,83886092,0x0500000C,misc,,00000012.pro,-1,,0
2468,,356256,2,1830,25698,98,128,1,83886092,0x0500000C,misc,,00000012.pro,-1,,0
2469,,356344,2,1838,25752,152,128,1,83886092,0x0500000C,misc,,00000012.pro,-1,,0
2470,,356432,2,1840,25758,158,128,1,83886096,0x05000010,misc,,00000016.pro,-1,,0
2471,,356536,2,1847,25892,92,129,1,83886097,0x05000011,misc,,00000017.pro,-1,,0
2472,,356640,2,1848,25898,98,129,1,83886092,0x0500000C,misc,,00000012.pro,-1,,0
2473,,356728,2,1859,25953,153,129,1,83886092,0x0500000C,misc,,00000012.pro,-1,,0
2474,,356816,2,1861,25959,159,129,1,83886096,0x05000010,misc,,00000016.pro,-1,,0
2475,,356920,2,3419,25963,163,129,0,83886096,0x05000010,misc,,00000016.pro,-1,,0
2476,,357024,2,3539,26089,89,130,0,83886097,0x05000011,misc,,00000017.pro,-1,,0
2477,,357128,2,1869,26093,93,130,1,83886097,0x05000011,misc,,00000017.pro,-1,,0
2478,,357232,2,1870,26099,99,130,1,83886092,0x0500000C,misc,,00000012.pro,-1,,0
2479,,357320,2,1882,26153,153,130,1,83886092,0x0500000C,misc,,00000012.pro,-1,,0
2480,,357408,2,1883,26154,154,130,1,83886092,0x0500000C,misc,,00000012.pro,-1,,0
2481,,357496,2,1884,26159,159,130,1,83886096,0x05000010,misc,,00000016.pro,-1,,0
2482,,357600,2,1885,26160,160,130,1,83886096,0x05000010,misc,,00000016.pro,-1,,0
2483,,357704,2,3421,26164,164,130,0,83886096,0x05000010,misc,,00000016.pro,-1,,0
2484,,357808,2,3537,26290,90,131,0,83886097,0x05000011,misc,,00000017.pro,-1,,0
2485,,357912,2,1893,26293,93,131,1,83886097,0x05000011,misc,,00000017.pro,-1,,0
2486,,358016,2,1894,26294,94,131,1,83886097,0x05000011,misc,,00000017.pro,-1,,0
2487,,358120,2,1895,26299,99,131,1,83886092,0x0500000C,misc,,00000012.pro,-1,,0
2488,,358208,2,1896,26300,100,131,1,83886092,0x0500000C,misc,,00000012.pro,-1,,0
2489,,358296,2,1907,26354,154,131,1,83886092,0x0500000C,misc,,00000012.pro,-1,,0
2490,,358384,2,1909,26360,160,131,1,83886096,0x05000010,misc,,00000016.pro,-1,,0
2491,,358488,2,1917,26494,94,132,1,83886097,0x05000011,misc,,00000017.pro,-1,,0
2492,,358592,2,1918,26500,100,132,1,83886092,0x0500000C,misc,,00000012.pro,-1,,0
2493,,358680,2,1931,26555,155,132,1,83886092,0x0500000C,misc,,00000012.pro,-1,,0
2494,,358768,2,1933,26561,161,132,1,83886096,0x05000010,misc,,00000016.pro,-1,,0
2495,,358872,2,3423,26565,165,132,0,83886096,0x05000010,misc,,00000016.pro,-1,,0
2496,,358976,2,3535,26691,91,133,0,83886097,0x05000011,misc,,00000017.pro,-1,,0
2497,,359080,2,1943,26695,95,133,1,83886097,0x05000011,misc,,00000017.pro,-1,,0
2498,,359184,2,1944,26701,101,133,1,83886092,0x0500000C,misc,,00000012.pro,-1,,0
2499,,359272,2,1955,26755,155,133,1,83886092,0x0500000C,misc,,00000012.pro,-1,,0
2500,,359360,2,1956,26756,156,133,1,83886092,0x0500000C,misc,,00000012.pro,-1,,0
2501,,359448,2,1957,26761,161,133,1,83886096,0x05000010,misc,,00000016.pro,-1,,0
2502,,359552,2,1959,26762,162,133,1,83886096,0x05000010,misc,,00000016.pro,-1,,0
2503,,359656,2,3425,26766,166,133,0,83886096,0x05000010,misc,,00000016.pro,-1,,0
2504,,359760,2,3533,26892,92,134,0,83886097,0x05000011,misc,,00000017.pro,-1,,0
2505,,359864,2,1970,26895,95,134,1,83886097,0x05000011,misc,,00000017.pro,-1,,0
2506,,359968,2,1971,26896,96,134,1,83886097,0x05000011,misc,,00000017.pro,-1,,0
2507,,360072,2,1972,26901,101,134,1,83886092,0x0500000C,misc,,00000012.pro,-1,,0
2508,,360160,2,1973,26902,102,134,1,83886092,0x0500000C,misc,,00000012.pro,-1,,0
2509,,360248,2,1985,26956,156,134,1,83886092,0x0500000C,misc,,00000012.pro,-1,,0
2510,,360336,2,1989,26962,162,134,1,83886096,0x05000010,misc,,00000016.pro,-1,,0
2511,,360440,2,1996,27096,96,135,1,83886097,0x05000011,misc,,00000017.pro,-1,,0
2512,,360544,2,1997,27102,102,135,1,83886092,0x0500000C,misc,,00000012.pro,-1,,0
2513,,360632,2,2008,27157,157,135,1,83886092,0x0500000C,misc,,00000012.pro,-1,,0
2514,,360720,2,2012,27163,163,135,1,83886096,0x05000010,misc,,00000016.pro,-1,,0
2515,,360824,2,3429,27167,167,135,0,83886096,0x05000010,misc,,00000016.pro,-1,,0
2516,,360928,2,3531,27293,93,136,0,83886097,0x05000011,misc,,00000017.pro,-1,,0
2517,,361032,2,2020,27297,97,136,1,83886097,0x05000011,misc,,00000017.pro,-1,,0
2518,,361136,2,2021,27303,103,136,1,83886092,0x0500000C,misc,,00000012.pro,-1,,0
2519,,361224,2,2034,27357,157,136,1,83886092,0x0500000C,misc,,00000012.pro,-1,,0
2520,,361312,2,2035,27358,158,136,1,83886092,0x0500000C,misc,,00000012.pro,-1,,0
2521,,361400,2,2036,27363,163,136,1,83886096,0x05000010,misc,,00000016.pro,-1,,0
2522,,361504,2,2037,27364,164,136,1,83886096,0x05000010,misc,,00000016.pro,-1,,0
2523,,361608,2,3431,27368,168,136,0,83886096,0x05000010,misc,,00000016.pro,-1,,0
2524,,361712,2,3529,27494,94,137,0,83886097,0x05000011,misc,,00000017.pro,-1,,0
2525,,361816,2,2045,27497,97,137,1,83886097,0x05000011,misc,,00000017.pro,-1,,0
2526,,361920,2,2046,27498,98,137,1,83886097,0x05000011,misc,,00000017.pro,-1,,0
2527,,362024,2,2047,27503,103,137,1,83886092,0x0500000C,misc,,00000012.pro,-1,,0
2528,,362112,2,2048,27504,104,137,1,83886092,0x0500000C,misc,,00000012.pro,-1,,0
2529,,362200,2,2062,27558,158,137,1,83886092,0x0500000C,misc,,00000012.pro,-1,,0
2530,,362288,2,2065,27564,164,137,1,83886096,0x05000010,misc,,00000016.pro,-1,,0
2531,,362392,2,2072,27698,98,138,1,83886097,0x05000011,misc,,00000017.pro,-1,,0
2532,,362496,2,2073,27704,104,138,1,83886092,0x0500000C,misc,,00000012.pro,-1,,0
2533,,362584,2,2086,27756,156,138,1,83886092,0x0500000C,misc,,00000012.pro,-1,,0
2534,,362672,2,2087,27757,157,138,1,83886092,0x0500000C,misc,,00000012.pro,-1,,0
2535,,362760,2,2088,27758,158,138,1,83886092,0x0500000C,misc,,00000012.pro,-1,,0
2536,,362848,2,2089,27759,159,138,1,83886092,0x0500000C,misc,,00000012.pro,-1,,0
2537,,362936,2,2090,27765,165,138,1,83886096,0x05000010,misc,,00000016.pro,-1,,0
2538,,363040,2,3433,27769,169,138,0,83886096,0x05000010,misc,,00000016.pro,-1,,0
2539,,363144,2,3527,27895,95,139,0,83886097,0x05000011,misc,,00000017.pro,-1,,0
2540,,363248,2,2096,27899,99,139,1,83886097,0x05000011,misc,,00000017.pro,-1,,0
2541,,363352,2,2097,27905,105,139,1,83886092,0x0500000C,misc,,00000012.pro,-1,,0
2542,,363440,2,2112,27954,154,139,1,83886092,0x0500000C,misc,,00000012.pro,-1,,0
2543,,363528,2,2113,27955,155,139,1,83886092,0x0500000C,misc,,00000012.pro,-1,,0
2544,,363616,2,2114,27956,156,139,1,83886092,0x0500000C,misc,,00000012.pro,-1,,0
2545,,363704,2,2115,27957,157,139,1,83886092,0x0500000C,misc,,00000012.pro,-1,,0
2546,,363792,2,2116,27965,165,139,1,83886096,0x05000010,misc,,00000016.pro,-1,,0
2547,,363896,2,2117,27966,166,139,1,83886096,0x05000010,misc,,00000016.pro,-1,,0
2548,,364000,2,3435,27970,170,139,0,83886096,0x05000010,misc,,00000016.pro,-1,,0
2549,,364104,2,3525,28096,96,140,0,83886097,0x05000011,misc,,00000017.pro,-1,,0
2550,,364208,2,2124,28099,99,140,1,83886097,0x05000011,misc,,00000017.pro,-1,,0
2551,,364312,2,2125,28100,100,140,1,83886097,0x05000011,misc,,00000017.pro,-1,,0
2552,,364416,2,2126,28105,105,140,1,83886092,0x0500000C,misc,,00000012.pro,-1,,0
2553,,364504,2,2127,28106,106,140,1,83886092,0x0500000C,misc,,00000012.pro,-1,,0
2554,,364592,2,2141,28152,152,140,1,83886092,0x0500000C,misc,,00000012.pro,-1,,0
2555,,364680,2,2142,28153,153,140,1,83886092,0x0500000C,misc,,00000012.pro,-1,,0
2556,,364768,2,2143,28154,154,140,1,83886092,0x0500000C,misc,,00000012.pro,-1,,0
2557,,364856,2,2144,28155,155,140,1,83886092,0x0500000C,misc,,00000012.pro,-1,,0
2558,,364944,2,2145,28166,166,140,1,83886096,0x05000010,misc,,00000016.pro,-1,,0
2559,,365048,2,2146,28168,168,140,1,83886098,0x05000012,misc,,00000018.pro,-1,,0
2560,,365152,2,2147,28169,169,140,1,83886098,0x05000012,misc,,00000018.pro,-1,,0
2561,,365256,2,2154,28300,100,141,1,83886097,0x05000011,misc,,00000017.pro,-1,,0
2562,,365360,2,2155,28306,106,141,1,83886092,0x0500000C,misc,,00000012.pro,-1,,0
2563,,365448,2,2168,28350,150,141,1,83886092,0x0500000C,misc,,00000012.pro,-1,,0
2564,,365536,2,2169,28351,151,141,1,83886092,0x0500000C,misc,,00000012.pro,-1,,0
2565,,365624,2,2170,28352,152,141,1,83886092,0x0500000C,misc,,00000012.pro,-1,,0
2566,,365712,2,2171,28353,153,141,1,83886092,0x0500000C,misc,,00000012.pro,-1,,0
2567,,365800,2,2172,28366,166,141,1,83886098,0x05000012,misc,,00000018.pro,-1,,0
2568,,365904,2,2173,28367,167,141,1,83886098,0x05000012,misc,,00000018.pro,-1,,0
2569,,366008,2,3437,28371,171,141,0,83886096,0x05000010,misc,,00000016.pro,-1,,0
2570,,366112,2,3523,28497,97,142,0,83886097,0x05000011,misc,,00000017.pro,-1,,0
2571,,366216,2,2180,28501,101,142,1,83886097,0x05000011,misc,,00000017.pro,-1,,0
2572,,366320,2,2181,28507,107,142,1,83886092,0x0500000C,misc,,00000012.pro,-1,,0
2573,,366408,2,2195,28548,148,142,1,83886092,0x0500000C,misc,,00000012.pro,-1,,0
2574,,366496,2,2196,28549,149,142,1,83886092,0x0500000C,misc,,00000012.pro,-1,,0
2575,,366584,2,2197,28550,150,142,1,83886092,0x0500000C,misc,,00000012.pro,-1,,0
2576,,366672,2,2198,28551,151,142,1,83886092,0x0500000C,misc,,00000012.pro,-1,,0
2577,,366760,2,2199,28564,164,142,1,83886098,0x05000012,misc,,00000018.pro,-1,,0
2578,,366864,2,2200,28565,165,142,1,83886098,0x05000012,misc,,00000018.pro,-1,,0
2579,,366968,2,3439,28572,172,142,0,83886096,0x05000010,misc,,00000016.pro,-1,,0
2580,,367072,2,3521,28698,98,143,0,83886097,0x05000011,misc,,00000017.pro,-1,,0
2581,,367176,2,2207,28701,101,143,1,83886097,0x05000011,misc,,00000017.pro,-1,,0
2582,,367280,2,2208,28702,102,143,1,83886097,0x05000011,misc,,00000017.pro,-1,,0
2583,,367384,2,2211,28707,107,143,1,83886092,0x0500000C,misc,,00000012.pro,-1,,0
2584,,367472,2,2213,28708,108,143,1,83886092,0x0500000C,misc,,00000012.pro,-1,,0
2585,,367560,2,2223,28746,146,143,1,83886092,0x0500000C,misc,,00000012.pro,-1,,0
2586,,367648,2,2224,28747,147,143,1,83886092,0x0500000C,misc,,00000012.pro,-1,,0
2587,,367736,2,2225,28748,148,143,1,83886092,0x0500000C,misc,,00000012.pro,-1,,0
2588,,367824,2,2226,28749,149,143,1,83886092,0x0500000C,misc,,00000012.pro,-1,,0
2589,,367912,2,2228,28762,162,143,1,83886098,0x05000012,misc,,00000018.pro,-1,,0
2590,,368016,2,2229,28763,163,143,1,83886098,0x05000012,misc,,00000018.pro,-1,,0
2591,,368120,2,2236,28902,102,144,1,83886097,0x05000011,misc,,00000017.pro,-1,,0
2592,,368224,2,2241,28908,108,144,1,83886092,0x0500000C,misc,,00000012.pro,-1,,0
2593,,368312,2,2251,28944,144,144,1,83886092,0x0500000C,misc,,00000012.pro,-1,,0
2594,,368400,2,2252,28945,145,144,1,83886092,0x0500000C,misc,,00000012.pro,-1,,0
2595,,368488,2,2253,28946,146,144,1,83886092,0x0500000C,misc,,00000012.pro,-1,,0
2596,,368576,2,2254,28947,147,144,1,83886092,0x0500000C,misc,,00000012.pro,-1,,0
2597,,368664,2,2257,28960,160,144,1,83886098,0x05000012,misc,,00000018.pro,-1,,0
2598,,368768,2,2258,28961,161,144,1,83886098,0x05000012,misc,,00000018.pro,-1,,0
2599,,368872,2,3441,28973,173,144,0,83886096,0x05000010,misc,,00000016.pro,-1,,0
2600,,368976,2,3519,29099,99,145,0,83886097,0x05000011,misc,,00000017.pro,-1,,0
2601,,369080,2,2267,29103,103,145,1,83886097,0x05000011,misc,,00000017.pro,-1,,0
2602,,369184,2,2271,29109,109,145,1,83886092,0x0500000C,misc,,00000012.pro,-1,,0
2603,,369272,2,2281,29142,142,145,1,83886092,0x0500000C,misc,,00000012.pro,-1,,0
2604,,369360,2,2282,29143,143,145,1,83886092,0x0500000C,misc,,00000012.pro,-1,,0
2605,,369448,2,2283,29144,144,145,1,83886092,0x0500000C,misc,,00000012.pro,-1,,0
2606,,369536,2,2284,29145,145,145,1,83886092,0x0500000C,misc,,00000012.pro,-1,,0
2607,,369624,2,2288,29158,158,145,1,83886098,0x05000012,misc,,00000018.pro,-1,,0
2608,,369728,2,2289,29159,159,145,1,83886098,0x05000012,misc,,00000018.pro,-1,,0
2609,,369832,2,3443,29174,174,145,0,83886096,0x05000010,misc,,00000016.pro,-1,,0
2610,,369936,2,3517,29300,100,146,0,83886097,0x05000011,misc,,00000017.pro,-1,,0
2611,,370040,2,2300,29303,103,146,1,83886097,0x05000011,misc,,00000017.pro,-1,,0
2612,,370144,2,2301,29304,104,146,1,83886097,0x05000011,misc,,00000017.pro,-1,,0
2613,,370248,2,2302,29309,109,146,1,83886092,0x0500000C,misc,,00000012.pro,-1,,0
2614,,370336,2,2303,29310,110,146,1,83886092,0x0500000C,misc,,00000012.pro,-1,,0
2615,,370424,2,2312,29340,140,146,1,83886092,0x0500000C,misc,,00000012.pro,-1,,0
2616,,370512,2,2313,29341,141,146,1,83886092,0x0500000C,misc,,00000012.pro,-1,,0
2617,,370600,2,2314,29342,142,146,1,83886092,0x0500000C,misc,,00000012.pro,-1,,0
2618,,370688,2,2315,29343,143,146,1,83886092,0x0500000C,misc,,00000012.pro,-1,,0
2619,,370776,2,2317,29356,156,146,1,83886098,0x05000012,misc,,00000018.pro,-1,,0
2620,,370880,2,2318,29357,157,146,1,83886098,0x05000012,misc,,00000018.pro,-1,,0
2621,,370984,2,2329,29504,104,147,1,83886097,0x05000011,misc,,00000017.pro,-1,,0
2622,,371088,2,2330,29510,110,147,1,83886092,0x0500000C,misc,,00000012.pro,-1,,0
2623,,371176,2,2339,29538,138,147,1,83886092,0x0500000C,misc,,00000012.pro,-1,,0
2624,,371264,2,2340,29539,139,147,1,83886092,0x0500000C,misc,,00000012.pro,-1,,0
2625,,371352,2,2341,29540,140,147,1,83886092,0x0500000C,misc,,00000012.pro,-1,,0
2626,,371440,2,2342,29541,141,147,1,83886092,0x0500000C,misc,,00000012.pro,-1,,0
2627,,371528,2,2343,29554,154,147,1,83886098,0x05000012,misc,,00000018.pro,-1,,0
2628,,371632,2,2344,29555,155,147,1,83886098,0x05000012,misc,,00000018.pro,-1,,0
2629,,371736,2,3445,29571,171,147,0,83886096,0x05000010,misc,,00000016.pro,-1,,0
2630,,371840,2,3515,29701,101,148,0,83886097,0x05000011,misc,,00000017.pro,-1,,0
2631,,371944,2,2352,29705,105,148,1,83886097,0x05000011,misc,,00000017.pro,-1,,0
2632,,372048,2,2355,29711,111,148,1,83886092,0x0500000C,misc,,00000012.pro,-1,,0
2633,,372136,2,2362,29736,136,148,1,83886092,0x0500000C,misc,,00000012.pro,-1,,0
2634,,372224,2,2363,29737,137,148,1,83886092,0x0500000C,misc,,00000012.pro,-1,,0
2635,,372312,2,2364,29738,138,148,1,83886092,0x0500000C,misc,,00000012.pro,-1,,0
2636,,372400,2,2365,29739,139,148,1,83886092,0x0500000C,misc,,00000012.pro,-1,,0
2637,,372488,2,2366,29752,152,148,1,83886098,0x05000012,misc,,00000018.pro,-1,,0
2638,,372592,2,2367,29753,153,148,1,83886098,0x05000012,misc,,00000018.pro,-1,,0
2639,,372696,2,3449,29768,168,148,0,83886096,0x05000010,misc,,00000016.pro,-1,,0
2640,,372800,2,3513,29902,102,149,0,83886097,0x05000011,misc,,00000017.pro,-1,,0
2641,,372904,2,2372,29905,105,149,1,83886097,0x05000011,misc,,00000017.pro,-1,,0
2642,,373008,2,2373,29906,106,149,1,83886097,0x05000011,misc,,00000017.pro,-1,,0
2643,,373112,2,2378,29911,111,149,1,83886092,0x0500000C,misc,,00000012.pro,-1,,0
2644,,373200,2,2380,29912,112,149,1,83886092,0x0500000C,misc,,00000012.pro,-1,,0
2645,,373288,2,2384,29934,134,149,1,83886092,0x0500000C,misc,,00000012.pro,-1,,0
2646,,373376,2,2385,29935,135,149,1,83886092,0x0500000C,misc,,00000012.pro,-1,,0
2647,,373464,2,2386,29936,136,149,1,83886092,0x0500000C,misc,,00000012.pro,-1,,0
2648,,373552,2,2387,29937,137,149,1,83886092,0x0500000C,misc,,00000012.pro,-1,,0
2649,,373640,2,2388,29950,150,149,1,83886098,0x05000012,misc,,00000018.pro,-1,,0
2650,,373744,2,2389,29951,151,149,1,83886098,0x05000012,misc,,00000018.pro,-1,,0
2651,,373848,2,2396,30106,106,150,1,83886097,0x05000011,misc,,00000017.pro,-1,,0
2652,,373952,2,2402,30112,112,150,1,83886092,0x0500000C,misc,,00000012.pro,-1,,0
2653,,374040,2,2405,30132,132,150,1,83886092,0x0500000C,misc,,00000012.pro,-1,,0
2654,,374128,2,2406,30133,133,150,1,83886092,0x0500000C,misc,,00000012.pro,-1,,0
2655,,374216,2,2407,30134,134,150,1,83886092,0x0500000C,misc,,00000012.pro,-1,,0
2656,,374304,2,2408,30135,135,150,1,83886092,0x0500000C,misc,,00000012.pro,-1,,0
2657,,374392,2,2409,30148,148,150,1,83886098,0x05000012,misc,,00000018.pro,-1,,0
2658,,374496,2,2410,30149,149,150,1,83886098,0x05000012,misc,,00000018.pro,-1,,0
2659,,374600,2,3451,30165,165,150,0,83886096,0x05000010,misc,,00000016.pro,-1,,0
2660,,374704,2,3511,30303,103,151,0,83886097,0x05000011,misc,,00000017.pro,-1,,0
2661,,374808,2,2420,30307,107,151,1,83886097,0x05000011,misc,,00000017.pro,-1,,0
2662,,374912,2,2423,30313,113,151,1,83886092,0x0500000C,misc,,00000012.pro,-1,,0
2663,,375000,2,2426,30330,130,151,1,83886092,0x0500000C,misc,,00000012.pro,-1,,0
2664,,375088,2,2427,30331,131,151,1,83886092,0x0500000C,misc,,00000012.pro,-1,,0
2665,,375176,2,2428,30332,132,151,1,83886092,0x0500000C,misc,,00000012.pro,-1,,0
2666,,375264,2,2429,30333,133,151,1,83886092,0x0500000C,misc,,00000012.pro,-1,,0
2667,,375352,2,2430,30346,146,151,1,83886098,0x05000012,misc,,00000018.pro,-1,,0
2668,,375456,2,2431,30347,147,151,1,83886098,0x05000012,misc,,00000018.pro,-1,,0
2669,,375560,2,3453,30362,162,151,0,83886096,0x05000010,misc,,00000016.pro,-1,,0
2670,,375664,2,3509,30504,104,152,0,83886097,0x05000011,misc,,00000017.pro,-1,,0
2671,,375768,2,2446,30507,107,152,1,83886097,0x05000011,misc,,00000017.pro,-1,,0
2672,,375872,2,2447,30508,108,152,1,83886097,0x05000011,misc,,00000017.pro,-1,,0
2673,,375976,2,2448,30513,113,152,1,83886092,0x0500000C,misc,,00000012.pro,-1,,0
2674,,376064,2,2449,30514,114,152,1,83886092,0x0500000C,misc,,00000012.pro,-1,,0
2675,,376152,2,2452,30528,128,152,1,83886092,0x0500000C,misc,,00000012.pro,-1,,0
2676,,376240,2,2453,30529,129,152,1,83886092,0x0500000C,misc,,00000012.pro,-1,,0
2677,,376328,2,2454,30530,130,152,1,83886092,0x0500000C,misc,,00000012.pro,-1,,0
2678,,376416,2,2455,30531,131,152,1,83886092,0x0500000C,misc,,00000012.pro,-1,,0
2679,,376504,2,2456,30544,144,152,1,83886098,0x05000012,misc,,00000018.pro,-1,,0
2680,,376608,2,2457,30545,145,152,1,83886098,0x05000012,misc,,00000018.pro,-1,,0
2681,,376712,2,2469,30708,108,153,1,83886097,0x05000011,misc,,00000017.pro,-1,,0
2682,,376816,2,2470,30714,114,153,1,83886092,0x0500000C,misc,,00000012.pro,-1,,0
2683,,376904,2,2475,30726,126,153,1,83886092,0x0500000C,misc,,00000012.pro,-1,,0
2684,,376992,2,2476,30727,127,153,1,83886092,0x0500000C,misc,,00000012.pro,-1,,0
2685,,377080,2,2477,30728,128,153,1,83886092,0x0500000C,misc,,00000012.pro,-1,,0
2686,,377168,2,2478,30729,129,153,1,83886092,0x0500000C,misc,,00000012.pro,-1,,0
2687,,377256,2,2479,30742,142,153,1,83886098,0x05000012,misc,,00000018.pro,-1,,0
2688,,377360,2,2480,30743,143,153,1,83886098,0x05000012,misc,,00000018.pro,-1,,0
2689,,377464,2,3455,30759,159,153,0,83886096,0x05000010,misc,,00000016.pro,-1,,0
2690,,377568,2,3507,30905,105,154,0,83886097,0x05000011,misc,,00000017.pro,-1,,0
2691,,377672,2,2492,30909,109,154,1,83886097,0x05000011,misc,,00000017.pro,-1,,0
2692,,377776,2,2493,30915,115,154,1,83886092,0x0500000C,misc,,00000012.pro,-1,,0
2693,,377864,2,2497,30924,124,154,1,83886092,0x0500000C,misc,,00000012.pro,-1,,0
2694,,377952,2,2498,30925,125,154,1,83886092,0x0500000C,misc,,00000012.pro,-1,,0
2695,,378040,2,2499,30926,126,154,1,83886092,0x0500000C,misc,,00000012.pro,-1,,0
2696,,378128,2,2500,30927,127,154,1,83886092,0x0500000C,misc,,00000012.pro,-1,,0
2697,,378216,2,2501,30940,140,154,1,83886098,0x05000012,misc,,00000018.pro,-1,,0
2698,,378320,2,2502,30941,141,154,1,83886098,0x05000012,misc,,00000018.pro,-1,,0
2699,,378424,2,3457,30956,156,154,0,83886096,0x05000010,misc,,00000016.pro,-1,,0
2700,,378528,2,3505,31106,106,155,0,83886097,0x05000011,misc,,00000017.pro,-1,,0
2701,,378632,2,2510,31109,109,155,1,83886097,0x05000011,misc,,00000017.pro,-1,,0
2702,,378736,2,2511,31110,110,155,1,83886097,0x05000011,misc,,00000017.pro,-1,,0
2703,,378840,2,2512,31115,115,155,1,83886092,0x0500000C,misc,,00000012.pro,-1,,0
2704,,378928,2,2513,31116,116,155,1,83886092,0x0500000C,misc,,00000012.pro,-1,,0
2705,,379016,2,2516,31122,122,155,1,83886092,0x0500000C,misc,,00000012.pro,-1,,0
2706,,379104,2,2517,31123,123,155,1,83886092,0x0500000C,misc,,00000012.pro,-1,,0
2707,,379192,2,2518,31124,124,155,1,83886092,0x0500000C,misc,,00000012.pro,-1,,0
2708,,379280,2,2519,31125,125,155,1,83886092,0x0500000C,misc,,00000012.pro,-1,,0
2709,,379368,2,2520,31138,138,155,1,83886098,0x05000012,misc,,00000018.pro,-1,,0
2710,,379472,2,2521,31139,139,155,1,83886098,0x05000012,misc,,00000018.pro,-1,,0
2711,,379576,2,2526,31310,110,156,1,83886097,0x05000011,misc,,00000017.pro,-1,,0
2712,,379680,2,2528,31316,116,156,1,83886092,0x0500000C,misc,,00000012.pro,-1,,0
2713,,379768,2,2530,31320,120,156,1,83886092,0x0500000C,misc,,00000012.pro,-1,,0
2714,,379856,2,2531,31321,121,156,1,83886092,0x0500000C,misc,,00000012.pro,-1,,0
2715,,379944,2,2532,31322,122,156,1,83886092,0x0500000C,misc,,00000012.pro,-1,,0
2716,,380032,2,2533,31323,123,156,1,83886092,0x0500000C,misc,,00000012.pro,-1,,0
2717,,380120,2,2534,31336,136,156,1,83886098,0x05000012,misc,,00000018.pro,-1,,0
2718,,380224,2,2535,31337,137,156,1,83886098,0x05000012,misc,,00000018.pro,-1,,0
2719,,380328,2,3459,31353,153,156,0,83886096,0x05000010,misc,,00000016.pro,-1,,0
2720,,380432,2,3503,31507,107,157,0,83886097,0x05000011,misc,,00000017.pro,-1,,0
2721,,380536,2,2538,31511,111,157,1,83886097,0x05000011,misc,,00000017.pro,-1,,0
2722,,380640,2,2542,31517,117,157,1,83886092,0x0500000C,misc,,00000012.pro,-1,,0
2723,,380728,2,2543,31518,118,157,1,83886092,0x0500000C,misc,,00000012.pro,-1,,0
2724,,380816,2,2544,31519,119,157,1,83886092,0x0500000C,misc,,00000012.pro,-1,,0
2725,,380904,2,2545,31520,120,157,1,83886092,0x0500000C,misc,,00000012.pro,-1,,0
2726,,380992,2,2546,31521,121,157,1,83886092,0x0500000C,misc,,00000012.pro,-1,,0
2727,,381080,2,2547,31534,134,157,1,83886098,0x05000012,misc,,00000018.pro,-1,,0
2728,,381184,2,2548,31535,135,157,1,83886098,0x05000012,misc,,00000018.pro,-1,,0
2729,,381288,2,3461,31550,150,157,0,83886096,0x05000010,misc,,00000016.pro,-1,,0
2730,,381392,2,3501,31708,108,158,0,83886097,0x05000011,misc,,00000017.pro,-1,,0
2731,,381496,2,2550,31711,111,158,1,83886097,0x05000011,misc,,00000017.pro,-1,,0
2732,,381600,2,2552,31712,112,158,1,83886097,0x05000011,misc,,00000017.pro,-1,,0
2733,,381704,2,2554,31717,117,158,1,83886092,0x0500000C,misc,,00000012.pro,-1,,0
2734,,381792,2,2555,31718,118,158,1,83886092,0x0500000C,misc,,00000012.pro,-1,,0
2735,,381880,2,2556,31719,119,158,1,83886092,0x0500000C,misc,,00000012.pro,-1,,0
2736,,381968,2,2557,31732,132,158,1,83886098,0x05000012,misc,,00000018.pro,-1,,0
2737,,382072,2,2558,31733,133,158,1,83886098,0x05000012,misc,,00000018.pro,-1,,0
2738,,382176,2,2563,31912,112,159,1,83886097,0x05000011,misc,,00000017.pro,-1,,0
2739,,382280,2,2565,31930,130,159,1,83886098,0x05000012,misc,,00000018.pro,-1,,0
2740,,382384,2,2566,31931,131,159,1,83886098,0x05000012,misc,,00000018.pro,-1,,0
2741,,382488,2,3463,31947,147,159,0,83886096,0x05000010,misc,,00000016.pro,-1,,0
2742,,382592,2,3499,32109,109,160,0,83886097,0x05000011,misc,,00000017.pro,-1,,0
2743,,382696,2,2570,32113,113,160,1,83886097,0x05000011,misc,,00000017.pro,-1,,0
2744,,382800,2,2571,32128,128,160,1,83886098,0x05000012,misc,,00000018.pro,-1,,0
2745,,382904,2,2572,32129,129,160,1,83886098,0x05000012,misc,,00000018.pro,-1,,0
2746,,383008,2,3465,32144,144,160,0,83886096,0x05000010,misc,,00000016.pro,-1,,0
2747,,383112,2,3497,32310,110,161,0,83886097,0x05000011,misc,,00000017.pro,-1,,0
2748,,383216,2,2576,32313,113,161,1,83886097,0x05000011,misc,,00000017.pro,-1,,0
2749,,383320,2,2577,32314,114,161,1,83886097,0x05000011,misc,,00000017.pro,-1,,0
2750,,383424,2,2578,32326,126,161,1,83886098,0x05000012,misc,,00000018.pro,-1,,0
2751,,383528,2,2579,32327,127,161,1,83886098,0x05000012,misc,,00000018.pro,-1,,0
2752,,383632,2,2584,32514,114,162,1,83886097,0x05000011,misc,,00000017.pro,-1,,0
2753,,383736,2,2585,32524,124,162,1,83886098,0x05000012,misc,,00000018.pro,-1,,0
2754,,383840,2,2586,32525,125,162,1,83886098,0x05000012,misc,,00000018.pro,-1,,0
2755,,383944,2,3467,32541,141,162,0,83886096,0x05000010,misc,,00000016.pro,-1,,0
2756,,384048,2,3495,32711,111,163,0,83886097,0x05000011,misc,,00000017.pro,-1,,0
2757,,384152,2,2590,32715,115,163,1,83886097,0x05000011,misc,,00000017.pro,-1,,0
2758,,384256,2,2591,32722,122,163,1,83886098,0x05000012,misc,,00000018.pro,-1,,0
2759,,384360,2,2592,32723,123,163,1,83886098,0x05000012,misc,,00000018.pro,-1,,0
2760,,384464,2,3469,32738,138,163,0,83886096,0x05000010,misc,,00000016.pro,-1,,0
2761,,384568,2,3493,32912,112,164,0,83886097,0x05000011,misc,,00000017.pro,-1,,0
2762,,384672,2,2596,32915,115,164,1,83886097,0x05000011,misc,,00000017.pro,-1,,0
2763,,384776,2,2597,32916,116,164,1,83886097,0x05000011,misc,,00000017.pro,-1,,0
2764,,384880,2,2598,32920,120,164,1,83886098,0x05000012,misc,,00000018.pro,-1,,0
2765,,384984,2,2599,32921,121,164,1,83886098,0x05000012,misc,,00000018.pro,-1,,0
2766,,385088,2,2603,33116,116,165,1,83886097,0x05000011,misc,,00000017.pro,-1,,0
2767,,385192,2,2604,33118,118,165,1,83886098,0x05000012,misc,,00000018.pro,-1,,0
2768,,385296,2,2605,33119,119,165,1,83886098,0x05000012,misc,,00000018.pro,-1,,0
2769,,385400,2,3471,33135,135,165,0,83886096,0x05000010,misc,,00000016.pro,-1,,0
2770,,385504,2,3489,33313,113,166,0,83886097,0x05000011,misc,,00000017.pro,-1,,0
2771,,385608,2,2608,33316,116,166,1,83886098,0x05000012,misc,,00000018.pro,-1,,0
2772,,385712,2,2609,33317,117,166,1,83886097,0x05000011,misc,,00000017.pro,-1,,0
2773,,385816,2,2610,33317,117,166,1,83886098,0x05000012,misc,,00000018.pro,-1,,0
2774,,385920,2,3473,33332,132,166,0,83886096,0x05000010,misc,,00000016.pro,-1,,0
2775,,386024,2,3485,33514,114,167,0,83886097,0x05000011,misc,,00000017.pro,-1,,0
2776,,386128,2,2612,33514,114,167,1,83886098,0x05000012,misc,,00000018.pro,-1,,0
2777,,386232,2,2613,33515,115,167,1,83886098,0x05000012,misc,,00000018.pro,-1,,0
2778,,386336,2,2614,33518,118,167,1,83886097,0x05000011,misc,,00000017.pro,-1,,0
2779,,386440,2,2617,33725,125,168,1,83886097,0x05000011,misc,,00000017.pro,-1,,0
2780,,386544,2,3475,33729,129,168,0,83886096,0x05000010,misc,,00000016.pro,-1,,0
2781,,386648,2,3483,33915,115,169,0,83886097,0x05000011,misc,,00000017.pro,-1,,0
2782,,386752,2,3477,33926,126,169,0,83886096,0x05000010,misc,,00000016.pro,-1,,0
2783,,386856,2,3481,34116,116,170,0,83886097,0x05000011,misc,,00000017.pro,-1,,0
2784,,386960,2,3491,34322,122,171,0,83886097,0x05000011,misc,,00000017.pro,-1,,0
2785,,387064,2,3479,34323,123,171,0,83886096,0x05000010,misc,,00000016.pro,-1,,0
