path,inventory_quantity,file_offset,elevation_group,object_id,tile,tile_x,tile_y,rotation,pid,pid_hex,prototype_type,prototype_subtype,prototype_filename,script_id,script_filename,inventory_length
0,,121296,0,3113,5905,105,29,0,83886096,0x05000010,misc,,00000016.pro,-1,,0
1,,121400,0,25,6910,110,34,0,83886099,0x05000013,misc,,00000019.pro,-1,,0
2,,121504,0,28,6911,111,34,0,83886099,0x05000013,misc,,00000019.pro,-1,,0
3,,121608,0,31,7108,108,35,0,83886099,0x05000013,misc,,00000019.pro,-1,,0
4,,121712,0,34,7109,109,35,0,83886099,0x05000013,misc,,00000019.pro,-1,,0
5,,121816,0,37,7110,110,35,0,83886096,0x05000010,misc,,00000016.pro,-1,,0
6,,121920,0,40,7306,106,36,0,83886099,0x05000013,misc,,00000019.pro,-1,,0
7,,122024,0,43,7307,107,36,0,83886099,0x05000013,misc,,00000019.pro,-1,,0
8,,122128,0,46,7310,110,36,0,83886096,0x05000010,misc,,00000016.pro,-1,,0
9,,122232,0,49,7504,104,37,0,83886099,0x05000013,misc,,00000019.pro,-1,,0
10,,122336,0,52,7505,105,37,0,83886099,0x05000013,misc,,00000019.pro,-1,,0
11,,122440,0,55,7511,111,37,0,83886096,0x05000010,misc,,00000016.pro,-1,,0
12,,122544,0,58,7702,102,38,0,83886099,0x05000013,misc,,00000019.pro,-1,,0
13,,122648,0,61,7703,103,38,0,83886099,0x05000013,misc,,00000019.pro,-1,,0
14,,122752,0,64,7711,111,38,0,83886096,0x05000010,misc,,00000016.pro,-1,,0
15,,122856,0,67,7712,112,38,0,83886096,0x05000010,misc,,00000016.pro,-1,,0
16,,122960,0,70,7900,100,39,0,83886099,0x05000013,misc,,00000019.pro,-1,,0
17,,123064,0,73,7901,101,39,0,83886099,0x05000013,misc,,00000019.pro,-1,,0
18,,123168,0,76,7912,112,39,0,83886096,0x05000010,misc,,00000016.pro,-1,,0
19,,123272,0,79,8098,98,40,0,83886099,0x05000013,misc,,00000019.pro,-1,,0
20,,123376,0,82,8099,99,40,0,83886099,0x05000013,misc,,00000019.pro,-1,,0
21,,123480,0,85,8113,113,40,0,83886096,0x05000010,misc,,00000016.pro,-1,,0
22,,123584,0,88,8296,96,41,0,83886099,0x05000013,misc,,00000019.pro,-1,,0
23,,123688,0,91,8297,97,41,0,83886099,0x05000013,misc,,00000019.pro,-1,,0
24,,123792,0,94,8313,113,41,0,83886096,0x05000010,misc,,00000016.pro,-1,,0
25,,123896,0,97,8314,114,41,0,83886096,0x05000010,misc,,00000016.pro,-1,,0
26,,124000,0,100,8494,94,42,0,83886099,0x05000013,misc,,00000019.pro,-1,,0
27,,124104,0,103,8495,95,42,0,83886099,0x05000013,misc,,00000019.pro,-1,,0
28,,124208,0,106,8514,114,42,0,83886096,0x05000010,misc,,00000016.pro,-1,,0
29,,124312,0,109,8692,92,43,0,83886099,0x05000013,misc,,00000019.pro,-1,,0
30,,124416,0,112,8693,93,43,0,83886099,0x05000013,misc,,00000019.pro,-1,,0
31,,124520,0,115,8706,106,43,0,83886092,0x0500000C,misc,,00000012.pro,-1,,0
32,,124608,0,118,8715,115,43,0,83886096,0x05000010,misc,,00000016.pro,-1,,0
33,,124712,0,121,8890,90,44,0,83886099,0x05000013,misc,,00000019.pro,-1,,0
34,,124816,0,124,8891,91,44,0,83886099,0x05000013,misc,,00000019.pro,-1,,0
35,,124920,0,127,8904,104,44,0,83886092,0x0500000C,misc,,00000012.pro,-1,,0
36,,125008,0,130,8905,105,44,0,83886092,0x0500000C,misc,,00000012.pro,-1,,0
37,,125096,0,133,8906,106,44,0,83886092,0x0500000C,misc,,00000012.pro,-1,,0
38,,125184,0,136,8915,115,44,0,83886096,0x05000010,misc,,00000016.pro,-1,,0
39,,125288,0,139,8916,116,44,0,83886096,0x05000010,misc,,00000016.pro,-1,,0
40,,125392,0,142,9088,88,45,0,83886099,0x05000013,misc,,00000019.pro,-1,,0
41,,125496,0,145,9089,89,45,0,83886099,0x05000013,misc,,00000019.pro,-1,,0
42,,125600,0,148,9102,102,45,0,83886092,0x0500000C,misc,,00000012.pro,-1,,0
43,,125688,0,151,9103,103,45,0,83886092,0x0500000C,misc,,00000012.pro,-1,,0
44,,125776,0,154,9104,104,45,0,83886092,0x0500000C,misc,,00000012.pro,-1,,0
45,,125864,0,157,9105,105,45,0,83886092,0x0500000C,misc,,00000012.pro,-1,,0
46,,125952,0,160,9107,107,45,0,83886092,0x0500000C,misc,,00000012.pro,-1,,0
47,,126040,0,163,9116,116,45,0,83886096,0x05000010,misc,,00000016.pro,-1,,0
48,,126144,0,166,9142,142,45,0,33554534,0x02000066,scenery,generic,00000103.pro,-1,,0
49,,126232,0,167,9286,86,46,0,83886099,0x05000013,misc,,00000019.pro,-1,,0
50,,126336,0,170,9287,87,46,0,83886099,0x05000013,misc,,00000019.pro,-1,,0
51,,126440,0,173,9300,100,46,0,83886092,0x0500000C,misc,,00000012.pro,-1,,0
52,,126528,0,176,9301,101,46,0,83886092,0x0500000C,misc,,00000012.pro,-1,,0
53,,126616,0,179,9302,102,46,0,83886092,0x0500000C,misc,,00000012.pro,-1,,0
54,,126704,0,182,9303,103,46,0,83886092,0x0500000C,misc,,00000012.pro,-1,,0
55,,126792,0,185,9307,107,46,0,83886092,0x0500000C,misc,,00000012.pro,-1,,0
56,,126880,0,188,9308,108,46,0,83886092,0x0500000C,misc,,00000012.pro,-1,,0
57,,126968,0,191,9317,117,46,0,83886096,0x05000010,misc,,00000016.pro,-1,,0
58,,127072,0,194,9484,84,47,0,83886099,0x05000013,misc,,00000019.pro,-1,,0
59,,127176,0,197,9485,85,47,0,83886099,0x05000013,misc,,00000019.pro,-1,,0
60,,127280,0,200,9498,98,47,0,83886092,0x0500000C,misc,,00000012.pro,-1,,0
61,,127368,0,203,9499,99,47,0,83886092,0x0500000C,misc,,00000012.pro,-1,,0
62,,127456,0,206,9500,100,47,0,83886092,0x0500000C,misc,,00000012.pro,-1,,0
63,,127544,0,209,9501,101,47,0,83886092,0x0500000C,misc,,00000012.pro,-1,,0
64,,127632,0,212,9508,108,47,0,83886092,0x0500000C,misc,,00000012.pro,-1,,0
65,,127720,0,215,9517,117,47,0,83886096,0x05000010,misc,,00000016.pro,-1,,0
66,,127824,0,218,9518,118,47,0,83886096,0x05000010,misc,,00000016.pro,-1,,0
67,,127928,0,221,9682,82,48,0,83886099,0x05000013,misc,,00000019.pro,-1,,0
68,,128032,0,224,9683,83,48,0,83886099,0x05000013,misc,,00000019.pro,-1,,0
69,,128136,0,227,9696,96,48,0,83886092,0x0500000C,misc,,00000012.pro,-1,,0
70,,128224,0,230,9697,97,48,0,83886092,0x0500000C,misc,,00000012.pro,-1,,0
71,,128312,0,233,9698,98,48,0,83886092,0x0500000C,misc,,00000012.pro,-1,,0
72,,128400,0,236,9699,99,48,0,83886092,0x0500000C,misc,,00000012.pro,-1,,0
73,,128488,0,239,9709,109,48,0,83886092,0x0500000C,misc,,00000012.pro,-1,,0
74,,128576,0,242,9718,118,48,0,83886096,0x05000010,misc,,00000016.pro,-1,,0
75,,128680,0,245,9880,80,49,0,83886099,0x05000013,misc,,00000019.pro,-1,,0
76,,128784,0,248,9881,81,49,0,83886099,0x05000013,misc,,00000019.pro,-1,,0
77,,128888,0,251,9894,94,49,0,83886092,0x0500000C,misc,,00000012.pro,-1,,0
78,,128976,0,254,9895,95,49,0,83886092,0x0500000C,misc,,00000012.pro,-1,,0
79,,129064,0,257,9896,96,49,0,83886092,0x0500000C,misc,,00000012.pro,-1,,0
80,,129152,0,260,9897,97,49,0,83886092,0x0500000C,misc,,00000012.pro,-1,,0
81,,129240,0,263,9909,109,49,0,83886092,0x0500000C,misc,,00000012.pro,-1,,0
82,,129328,0,266,9910,110,49,0,83886092,0x0500000C,misc,,00000012.pro,-1,,0
83,,129416,0,269,9919,119,49,0,83886096,0x05000010,misc,,00000016.pro,-1,,0
84,,129520,0,272,10078,78,50,0,83886099,0x05000013,misc,,00000019.pro,-1,,0
85,,129624,0,275,10079,79,50,0,83886099,0x05000013,misc,,00000019.pro,-1,,0
86,,129728,0,278,10092,92,50,0,83886092,0x0500000C,misc,,00000012.pro,-1,,0
87,,129816,0,281,10093,93,50,0,83886092,0x0500000C,misc,,00000012.pro,-1,,0
88,,129904,0,284,10094,94,50,0,83886092,0x0500000C,misc,,00000012.pro,-1,,0
89,,129992,0,287,10095,95,50,0,83886092,0x0500000C,misc,,00000012.pro,-1,,0
90,,130080,0,290,10110,110,50,0,83886092,0x0500000C,misc,,00000012.pro,-1,,0
91,,130168,0,293,10119,119,50,0,83886096,0x05000010,misc,,00000016.pro,-1,,0
92,,130272,0,296,10120,120,50,0,83886096,0x05000010,misc,,00000016.pro,-1,,0
93,,130376,0,299,10276,76,51,0,83886099,0x05000013,misc,,00000019.pro,-1,,0
94,,130480,0,302,10277,77,51,0,83886099,0x05000013,misc,,00000019.pro,-1,,0
95,,130584,0,305,10290,90,51,0,83886092,0x0500000C,misc,,00000012.pro,-1,,0
96,,130672,0,308,10291,91,51,0,83886092,0x0500000C,misc,,00000012.pro,-1,,0
97,,130760,0,311,10292,92,51,0,83886092,0x0500000C,misc,,00000012.pro,-1,,0
98,,130848,0,314,10293,93,51,0,83886092,0x0500000C,misc,,00000012.pro,-1,,0
99,,130936,0,317,10311,111,51,0,83886092,0x0500000C,misc,,00000012.pro,-1,,0
100,,131024,0,320,10320,120,51,0,83886096,0x05000010,misc,,00000016.pro,-1,,0
101,,131128,0,323,10474,74,52,0,83886099,0x05000013,misc,,00000019.pro,-1,,0
102,,131232,0,326,10475,75,52,0,83886099,0x05000013,misc,,00000019.pro,-1,,0
103,,131336,0,329,10488,88,52,0,83886092,0x0500000C,misc,,00000012.pro,-1,,0
104,,131424,0,332,10489,89,52,0,83886092,0x0500000C,misc,,00000012.pro,-1,,0
105,,131512,0,335,10490,90,52,0,83886092,0x0500000C,misc,,00000012.pro,-1,,0
106,,131600,0,338,10491,91,52,0,83886092,0x0500000C,misc,,00000012.pro,-1,,0
107,,131688,0,341,10511,111,52,0,83886092,0x0500000C,misc,,00000012.pro,-1,,0
108,,131776,0,344,10512,112,52,0,83886092,0x0500000C,misc,,00000012.pro,-1,,0
109,,131864,0,347,10521,121,52,0,83886096,0x05000010,misc,,00000016.pro,-1,,0
110,,131968,0,350,10650,50,53,0,33554557,0x0200007D,scenery,generic,00000126.pro,-1,,0
111,,132056,0,351,10672,72,53,0,83886099,0x05000013,misc,,00000019.pro,-1,,0
112,,132160,0,354,10673,73,53,0,83886099,0x05000013,misc,,00000019.pro,-1,,0
113,,132264,0,357,10686,86,53,0,83886092,0x0500000C,misc,,00000012.pro,-1,,0
114,,132352,0,360,10687,87,53,0,83886092,0x0500000C,misc,,00000012.pro,-1,,0
115,,132440,0,363,10688,88,53,0,83886092,0x0500000C,misc,,00000012.pro,-1,,0
116,,132528,0,366,10689,89,53,0,83886092,0x0500000C,misc,,00000012.pro,-1,,0
117,,132616,0,369,10712,112,53,0,83886092,0x0500000C,misc,,00000012.pro,-1,,0
118,,132704,0,372,10721,121,53,0,83886096,0x05000010,misc,,00000016.pro,-1,,0
119,,132808,0,375,10722,122,53,0,83886096,0x05000010,misc,,00000016.pro,-1,,0
120,,132912,0,378,10850,50,54,0,33554534,0x02000066,scenery,generic,00000103.pro,-1,,0
121,,133000,0,379,10851,51,54,0,33554557,0x0200007D,scenery,generic,00000126.pro,-1,,0
122,,133088,0,380,10851,51,54,0,33554535,0x02000067,scenery,generic,00000104.pro,-1,,0
123,,133176,0,381,10853,53,54,0,33554535,0x02000067,scenery,generic,00000104.pro,-1,,0
124,,133264,0,382,10870,70,54,0,83886099,0x05000013,misc,,00000019.pro,-1,,0
125,,133368,0,385,10871,71,54,0,83886099,0x05000013,misc,,00000019.pro,-1,,0
126,,133472,0,388,10884,84,54,0,83886092,0x0500000C,misc,,00000012.pro,-1,,0
127,,133560,0,391,10885,85,54,0,83886092,0x0500000C,misc,,00000012.pro,-1,,0
128,,133648,0,394,10886,86,54,0,83886092,0x0500000C,misc,,00000012.pro,-1,,0
129,,133736,0,397,10887,87,54,0,83886092,0x0500000C,misc,,00000012.pro,-1,,0
130,,133824,0,400,10893,93,54,0,33554534,0x02000066,scenery,generic,00000103.pro,-1,,0
131,,133912,0,401,10894,94,54,0,33554535,0x02000067,scenery,generic,00000104.pro,-1,,0
132,,134000,0,402,10913,113,54,0,83886092,0x0500000C,misc,,00000012.pro,-1,,0
133,,134088,0,405,10922,122,54,0,83886096,0x05000010,misc,,00000016.pro,-1,,0
134,,134192,0,408,11068,68,55,0,83886099,0x05000013,misc,,00000019.pro,-1,,0
135,,134296,0,411,11069,69,55,0,83886099,0x05000013,misc,,00000019.pro,-1,,0
136,,134400,0,414,11075,75,55,0,33554536,0x02000068,scenery,generic,00000105.pro,-1,,0
137,,134488,0,415,11082,82,55,0,83886092,0x0500000C,misc,,00000012.pro,-1,,0
138,,134576,0,418,11083,83,55,0,83886092,0x0500000C,misc,,00000012.pro,-1,,0
139,,134664,0,421,11084,84,55,0,83886092,0x0500000C,misc,,00000012.pro,-1,,0
140,,134752,0,424,11085,85,55,0,83886092,0x0500000C,misc,,00000012.pro,-1,,0
141,,134840,0,427,11113,113,55,0,83886092,0x0500000C,misc,,00000012.pro,-1,,0
142,,134928,0,430,11114,114,55,0,83886092,0x0500000C,misc,,00000012.pro,-1,,0
143,,135016,0,433,11123,123,55,0,83886096,0x05000010,misc,,00000016.pro,-1,,0
144,,135120,0,436,11137,137,55,0,33554536,0x02000068,scenery,generic,00000105.pro,-1,,0
145,,135208,0,437,11138,138,55,0,33554536,0x02000068,scenery,generic,00000105.pro,-1,,0
146,,135296,0,438,11139,139,55,0,33554535,0x02000067,scenery,generic,00000104.pro,-1,,0
147,,135384,0,439,11139,139,55,0,33554536,0x02000068,scenery,generic,00000105.pro,-1,,0
148,,135472,0,440,11266,66,56,0,83886099,0x05000013,misc,,00000019.pro,-1,,0
149,,135576,0,443,11267,67,56,0,83886099,0x05000013,misc,,00000019.pro,-1,,0
150,,135680,0,446,11280,80,56,0,83886092,0x0500000C,misc,,00000012.pro,-1,,0
151,,135768,0,449,11281,81,56,0,83886092,0x0500000C,misc,,00000012.pro,-1,,0
152,,135856,0,452,11282,82,56,0,83886092,0x0500000C,misc,,00000012.pro,-1,,0
153,,135944,0,455,11283,83,56,0,83886092,0x0500000C,misc,,00000012.pro,-1,,0
154,,136032,0,458,11314,114,56,0,83886092,0x0500000C,misc,,00000012.pro,-1,,0
155,,136120,0,461,11323,123,56,0,83886096,0x05000010,misc,,00000016.pro,-1,,0
156,,136224,0,464,11324,124,56,0,83886096,0x05000010,misc,,00000016.pro,-1,,0
157,,136328,0,467,11464,64,57,0,83886099,0x05000013,misc,,00000019.pro,-1,,0
158,,136432,0,470,11465,65,57,0,83886099,0x05000013,misc,,00000019.pro,-1,,0
159,,136536,0,473,11478,78,57,0,83886092,0x0500000C,misc,,00000012.pro,-1,,0
160,,136624,0,476,11479,79,57,0,83886092,0x0500000C,misc,,00000012.pro,-1,,0
161,,136712,0,479,11480,80,57,0,83886092,0x0500000C,misc,,00000012.pro,-1,,0
162,,136800,0,482,11481,81,57,0,83886092,0x0500000C,misc,,00000012.pro,-1,,0
163,,136888,0,485,11515,115,57,0,83886092,0x0500000C,misc,,00000012.pro,-1,,0
164,,136976,0,488,11524,124,57,0,83886096,0x05000010,misc,,00000016.pro,-1,,0
165,,137080,0,491,11662,62,58,0,83886099,0x05000013,misc,,00000019.pro,-1,,0
166,,137184,0,494,11663,63,58,0,83886099,0x05000013,misc,,00000019.pro,-1,,0
167,,137288,0,497,11676,76,58,0,83886092,0x0500000C,misc,,00000012.pro,-1,,0
168,,137376,0,500,11677,77,58,0,83886092,0x0500000C,misc,,00000012.pro,-1,,0
169,,137464,0,503,11678,78,58,0,83886092,0x0500000C,misc,,00000012.pro,-1,,0
170,,137552,0,506,11679,79,58,0,83886092,0x0500000C,misc,,00000012.pro,-1,,0
171,,137640,0,509,11715,115,58,0,83886092,0x0500000C,misc,,00000012.pro,-1,,0
172,,137728,0,512,11716,116,58,0,83886092,0x0500000C,misc,,00000012.pro,-1,,0
173,,137816,0,515,11725,125,58,0,83886096,0x05000010,misc,,00000016.pro,-1,,0
174,,137920,0,518,11860,60,59,0,83886099,0x05000013,misc,,00000019.pro,-1,,0
175,,138024,0,521,11861,61,59,0,83886099,0x05000013,misc,,00000019.pro,-1,,0
176,,138128,0,524,11874,74,59,0,83886092,0x0500000C,misc,,00000012.pro,-1,,0
177,,138216,0,527,11875,75,59,0,83886092,0x0500000C,misc,,00000012.pro,-1,,0
178,,138304,0,530,11876,76,59,0,83886092,0x0500000C,misc,,00000012.pro,-1,,0
179,,138392,0,533,11877,77,59,0,83886092,0x0500000C,misc,,00000012.pro,-1,,0
180,,138480,0,536,11916,116,59,0,83886092,0x0500000C,misc,,00000012.pro,-1,,0
181,,138568,0,539,11925,125,59,0,83886096,0x05000010,misc,,00000016.pro,-1,,0
182,,138672,0,542,11926,126,59,0,83886096,0x05000010,misc,,00000016.pro,-1,,0
183,,138776,0,545,12058,58,60,0,83886099,0x05000013,misc,,00000019.pro,-1,,0
184,,138880,0,548,12059,59,60,0,83886099,0x05000013,misc,,00000019.pro,-1,,0
185,,138984,0,551,12072,72,60,0,83886092,0x0500000C,misc,,00000012.pro,-1,,0
186,,139072,0,554,12073,73,60,0,83886092,0x0500000C,misc,,00000012.pro,-1,,0
187,,139160,0,557,12074,74,60,0,83886092,0x0500000C,misc,,00000012.pro,-1,,0
188,,139248,0,560,12075,75,60,0,83886092,0x0500000C,misc,,00000012.pro,-1,,0
189,,139336,0,563,12117,117,60,0,83886092,0x0500000C,misc,,00000012.pro,-1,,0
190,,139424,0,566,12126,126,60,0,83886096,0x05000010,misc,,00000016.pro,-1,,0
191,,139528,0,569,12256,56,61,0,83886099,0x05000013,misc,,00000019.pro,-1,,0
192,,139632,0,572,12257,57,61,0,83886099,0x05000013,misc,,00000019.pro,-1,,0
193,,139736,0,575,12270,70,61,0,83886092,0x0500000C,misc,,00000012.pro,-1,,0
194,,139824,0,578,12271,71,61,0,83886092,0x0500000C,misc,,00000012.pro,-1,,0
195,,139912,0,581,12272,72,61,0,83886092,0x0500000C,misc,,00000012.pro,-1,,0
196,,140000,0,584,12273,73,61,0,83886092,0x0500000C,misc,,00000012.pro,-1,,0
197,,140088,0,587,12317,117,61,0,83886092,0x0500000C,misc,,00000012.pro,-1,,0
198,,140176,0,590,12318,118,61,0,83886092,0x0500000C,misc,,00000012.pro,-1,,0
199,,140264,0,593,12327,127,61,0,83886096,0x05000010,misc,,00000016.pro,-1,,0
200,,140368,0,596,12454,54,62,0,83886099,0x05000013,misc,,00000019.pro,-1,,0
201,,140472,0,599,12455,55,62,0,83886099,0x05000013,misc,,00000019.pro,-1,,0
202,,140576,0,602,12468,68,62,0,83886092,0x0500000C,misc,,00000012.pro,-1,,0
203,,140664,0,605,12469,69,62,0,83886092,0x0500000C,misc,,00000012.pro,-1,,0
204,,140752,0,608,12470,70,62,0,83886092,0x0500000C,misc,,00000012.pro,-1,,0
205,,140840,0,611,12471,71,62,0,83886092,0x0500000C,misc,,00000012.pro,-1,,0
206,,140928,0,614,12518,118,62,0,83886092,0x0500000C,misc,,00000012.pro,-1,,0
207,,141016,0,617,12527,127,62,0,83886096,0x05000010,misc,,00000016.pro,-1,,0
208,,141120,0,620,12528,128,62,0,83886096,0x05000010,misc,,00000016.pro,-1,,0
209,,141224,0,623,12652,52,63,0,83886099,0x05000013,misc,,00000019.pro,-1,,0
210,,141328,0,626,12653,53,63,0,83886099,0x05000013,misc,,00000019.pro,-1,,0
211,,141432,0,629,12666,66,63,0,83886092,0x0500000C,misc,,00000012.pro,-1,,0
212,,141520,0,632,12667,67,63,0,83886092,0x0500000C,misc,,00000012.pro,-1,,0
213,,141608,0,635,12668,68,63,0,83886092,0x0500000C,misc,,00000012.pro,-1,,0
214,,141696,0,638,12669,69,63,0,83886092,0x0500000C,misc,,00000012.pro,-1,,0
215,,141784,0,641,12719,119,63,0,83886092,0x0500000C,misc,,00000012.pro,-1,,0
216,,141872,0,644,12728,128,63,0,83886096,0x05000010,misc,,00000016.pro,-1,,0
217,,141976,0,647,12850,50,64,0,83886099,0x05000013,misc,,00000019.pro,-1,,0
218,,142080,0,650,12851,51,64,0,83886099,0x05000013,misc,,00000019.pro,-1,,0
219,,142184,0,653,12864,64,64,0,83886092,0x0500000C,misc,,00000012.pro,-1,,0
220,,142272,0,656,12865,65,64,0,83886092,0x0500000C,misc,,00000012.pro,-1,,0
221,,142360,0,659,12866,66,64,0,83886092,0x0500000C,misc,,00000012.pro,-1,,0
222,,142448,0,662,12867,67,64,0,83886092,0x0500000C,misc,,00000012.pro,-1,,0
223,,142536,0,665,12919,119,64,0,83886092,0x0500000C,misc,,00000012.pro,-1,,0
224,,142624,0,668,12920,120,64,0,83886092,0x0500000C,misc,,00000012.pro,-1,,0
225,,142712,0,671,12929,129,64,0,83886096,0x05000010,misc,,00000016.pro,-1,,0
226,,142816,0,674,13048,48,65,0,83886099,0x05000013,misc,,00000019.pro,-1,,0
227,,142920,0,677,13049,49,65,0,83886099,0x05000013,misc,,00000019.pro,-1,,0
228,,143024,0,680,13062,62,65,0,83886092,0x0500000C,misc,,00000012.pro,-1,,0
229,,143112,0,683,13063,63,65,0,83886092,0x0500000C,misc,,00000012.pro,-1,,0
230,,143200,0,686,13064,64,65,0,83886092,0x0500000C,misc,,00000012.pro,-1,,0
231,,143288,0,689,13065,65,65,0,83886092,0x0500000C,misc,,00000012.pro,-1,,0
232,,143376,0,692,13120,120,65,0,83886092,0x0500000C,misc,,00000012.pro,-1,,0
233,,143464,0,695,13129,129,65,0,83886096,0x05000010,misc,,00000016.pro,-1,,0
234,,143568,0,698,13130,130,65,0,83886096,0x05000010,misc,,00000016.pro,-1,,0
235,,143672,0,701,13246,46,66,0,83886099,0x05000013,misc,,00000019.pro,-1,,0
236,,143776,0,704,13247,47,66,0,83886099,0x05000013,misc,,00000019.pro,-1,,0
237,,143880,0,707,13260,60,66,0,83886092,0x0500000C,misc,,00000012.pro,-1,,0
238,,143968,0,710,13261,61,66,0,83886092,0x0500000C,misc,,00000012.pro,-1,,0
239,,144056,0,713,13262,62,66,0,83886092,0x0500000C,misc,,00000012.pro,-1,,0
240,,144144,0,716,13263,63,66,0,83886092,0x0500000C,misc,,00000012.pro,-1,,0
241,,144232,0,719,13321,121,66,0,83886092,0x0500000C,misc,,00000012.pro,-1,,0
242,,144320,0,722,13330,130,66,0,83886096,0x05000010,misc,,00000016.pro,-1,,0
243,,144424,0,725,13444,44,67,0,83886099,0x05000013,misc,,00000019.pro,-1,,0
244,,144528,0,728,13445,45,67,0,83886099,0x05000013,misc,,00000019.pro,-1,,0
245,,144632,0,731,13458,58,67,0,83886092,0x0500000C,misc,,00000012.pro,-1,,0
246,,144720,0,734,13459,59,67,0,83886092,0x0500000C,misc,,00000012.pro,-1,,0
247,,144808,0,737,13460,60,67,0,83886092,0x0500000C,misc,,00000012.pro,-1,,0
248,,144896,0,740,13461,61,67,0,83886092,0x0500000C,misc,,00000012.pro,-1,,0
249,,144984,0,743,13521,121,67,0,83886092,0x0500000C,misc,,00000012.pro,-1,,0
250,,145072,0,746,13522,122,67,0,83886092,0x0500000C,misc,,00000012.pro,-1,,0
251,,145160,0,749,13531,131,67,0,83886096,0x05000010,misc,,00000016.pro,-1,,0
252,,145264,0,752,13642,42,68,0,83886099,0x05000013,misc,,00000019.pro,-1,,0
253,,145368,0,755,13643,43,68,0,83886099,0x05000013,misc,,00000019.pro,-1,,0
254,,145472,0,758,13656,56,68,0,83886092,0x0500000C,misc,,00000012.pro,-1,,0
255,,145560,0,761,13657,57,68,0,83886092,0x0500000C,misc,,00000012.pro,-1,,0
256,,145648,0,764,13658,58,68,0,83886092,0x0500000C,misc,,00000012.pro,-1,,0
257,,145736,0,767,13659,59,68,0,83886092,0x0500000C,misc,,00000012.pro,-1,,0
258,,145824,0,770,13722,122,68,0,83886092,0x0500000C,misc,,00000012.pro,-1,,0
259,,145912,0,773,13731,131,68,0,83886096,0x05000010,misc,,00000016.pro,-1,,0
260,,146016,0,776,13732,132,68,0,83886096,0x05000010,misc,,00000016.pro,-1,,0
261,,146120,0,779,13840,40,69,0,83886099,0x05000013,misc,,00000019.pro,-1,,0
262,,146224,0,782,13841,41,69,0,83886099,0x05000013,misc,,00000019.pro,-1,,0
263,,146328,0,785,13854,54,69,0,83886092,0x0500000C,misc,,00000012.pro,-1,,0
264,,146416,0,788,13855,55,69,0,83886092,0x0500000C,misc,,00000012.pro,-1,,0
265,,146504,0,791,13856,56,69,0,83886092,0x0500000C,misc,,00000012.pro,-1,,0
266,,146592,0,794,13857,57,69,0,83886092,0x0500000C,misc,,00000012.pro,-1,,0
267,,146680,0,797,13923,123,69,0,83886092,0x0500000C,misc,,00000012.pro,-1,,0
268,,146768,0,800,13932,132,69,0,83886096,0x05000010,misc,,00000016.pro,-1,,0
269,,146872,0,803,14038,38,70,0,83886099,0x05000013,misc,,00000019.pro,-1,,0
270,,146976,0,806,14039,39,70,0,83886099,0x05000013,misc,,00000019.pro,-1,,0
271,,147080,0,809,14052,52,70,0,83886092,0x0500000C,misc,,00000012.pro,-1,,0
272,,147168,0,812,14053,53,70,0,83886092,0x0500000C,misc,,00000012.pro,-1,,0
273,,147256,0,815,14054,54,70,0,83886092,0x0500000C,misc,,00000012.pro,-1,,0
274,,147344,0,818,14055,55,70,0,83886092,0x0500000C,misc,,00000012.pro,-1,,0
275,,147432,0,821,14123,123,70,0,83886092,0x0500000C,misc,,00000012.pro,-1,,0
276,,147520,0,824,14124,124,70,0,83886092,0x0500000C,misc,,00000012.pro,-1,,0
277,,147608,0,827,14133,133,70,0,83886096,0x05000010,misc,,00000016.pro,-1,,0
278,,147712,0,830,14236,36,71,0,83886099,0x05000013,misc,,00000019.pro,-1,,0
279,,147816,0,833,14237,37,71,0,83886099,0x05000013,misc,,00000019.pro,-1,,0
280,,147920,0,836,14250,50,71,0,83886092,0x0500000C,misc,,00000012.pro,-1,,0
281,,148008,0,839,14251,51,71,0,83886092,0x0500000C,misc,,00000012.pro,-1,,0
282,,148096,0,842,14252,52,71,0,83886092,0x0500000C,misc,,00000012.pro,-1,,0
283,,148184,0,845,14253,53,71,0,83886092,0x0500000C,misc,,00000012.pro,-1,,0
284,,148272,0,848,14324,124,71,0,83886092,0x0500000C,misc,,00000012.pro,-1,,0
285,,148360,0,851,14333,133,71,0,83886096,0x05000010,misc,,00000016.pro,-1,,0
286,,148464,0,854,14334,134,71,0,83886096,0x05000010,misc,,00000016.pro,-1,,0
287,,148568,0,857,14435,35,72,0,83886099,0x05000013,misc,,00000019.pro,-1,,0
288,,148672,0,860,14437,37,72,0,83886097,0x05000011,misc,,00000017.pro,-1,,0
289,,148776,0,863,14438,38,72,0,83886097,0x05000011,misc,,00000017.pro,-1,,0
290,,148880,0,866,14448,48,72,0,83886092,0x0500000C,misc,,00000012.pro,-1,,0
291,,148968,0,869,14449,49,72,0,83886092,0x0500000C,misc,,00000012.pro,-1,,0
292,,149056,0,872,14450,50,72,0,83886092,0x0500000C,misc,,00000012.pro,-1,,0
293,,149144,0,875,14451,51,72,0,83886092,0x0500000C,misc,,00000012.pro,-1,,0
294,,149232,0,878,14525,125,72,0,83886092,0x0500000C,misc,,00000012.pro,-1,,0
295,,149320,0,881,14534,134,72,0,83886096,0x05000010,misc,,00000016.pro,-1,,0
296,,149424,0,884,14638,38,73,0,83886097,0x05000011,misc,,00000017.pro,-1,,0
297,,149528,0,887,14647,47,73,0,83886092,0x0500000C,misc,,00000012.pro,-1,,0
298,,149616,0,890,14648,48,73,0,83886092,0x0500000C,misc,,00000012.pro,-1,,0
299,,149704,0,893,14649,49,73,0,83886092,0x0500000C,misc,,00000012.pro,-1,,0
300,,149792,0,896,14725,125,73,0,83886092,0x0500000C,misc,,00000012.pro,-1,,0
301,,149880,0,899,14726,126,73,0,83886092,0x0500000C,misc,,00000012.pro,-1,,0
302,,149968,0,902,14735,135,73,0,83886096,0x05000010,misc,,00000016.pro,-1,,0
303,,150072,0,905,14839,39,74,0,83886097,0x05000011,misc,,00000017.pro,-1,,0
304,,150176,0,908,14847,47,74,0,83886092,0x0500000C,misc,,00000012.pro,-1,,0
305,,150264,0,911,14848,48,74,0,83886092,0x0500000C,misc,,00000012.pro,-1,,0
306,,150352,0,914,14926,126,74,0,83886092,0x0500000C,misc,,00000012.pro,-1,,0
307,,150440,0,917,14935,135,74,0,83886096,0x05000010,misc,,00000016.pro,-1,,0
308,,150544,0,920,14936,136,74,0,83886096,0x05000010,misc,,00000016.pro,-1,,0
309,,150648,0,923,15039,39,75,0,83886097,0x05000011,misc,,00000017.pro,-1,,0
310,,150752,0,926,15040,40,75,0,83886097,0x05000011,misc,,00000017.pro,-1,,0
311,,150856,0,929,15048,48,75,0,83886092,0x0500000C,misc,,00000012.pro,-1,,0
312,,150944,0,932,15127,127,75,0,83886092,0x0500000C,misc,,00000012.pro,-1,,0
313,,151032,0,935,15136,136,75,0,83886096,0x05000010,misc,,00000016.pro,-1,,0
314,,151136,0,938,15240,40,76,0,83886097,0x05000011,misc,,00000017.pro,-1,,0
315,,151240,0,941,15249,49,76,0,83886092,0x0500000C,misc,,00000012.pro,-1,,0
316,,151328,0,944,15327,127,76,0,83886092,0x0500000C,misc,,00000012.pro,-1,,0
317,,151416,0,947,15328,128,76,0,83886092,0x0500000C,misc,,00000012.pro,-1,,0
318,,151504,0,950,15337,137,76,0,83886096,0x05000010,misc,,00000016.pro,-1,,0
319,,151608,0,953,15441,41,77,0,83886097,0x05000011,misc,,00000017.pro,-1,,0
320,,151712,0,956,15449,49,77,0,83886092,0x0500000C,misc,,00000012.pro,-1,,0
321,,151800,0,959,15450,50,77,0,83886092,0x0500000C,misc,,00000012.pro,-1,,0
322,,151888,0,962,15528,128,77,0,83886092,0x0500000C,misc,,00000012.pro,-1,,0
323,,151976,0,965,15537,137,77,0,83886096,0x05000010,misc,,00000016.pro,-1,,0
324,,152080,0,968,15538,138,77,0,83886096,0x05000010,misc,,00000016.pro,-1,,0
325,,152184,0,971,15641,41,78,0,83886097,0x05000011,misc,,00000017.pro,-1,,0
326,,152288,0,974,15642,42,78,0,83886097,0x05000011,misc,,00000017.pro,-1,,0
327,,152392,0,977,15650,50,78,0,83886092,0x0500000C,misc,,00000012.pro,-1,,0
328,,152480,0,980,15729,129,78,0,83886092,0x0500000C,misc,,00000012.pro,-1,,0
329,,152568,0,983,15738,138,78,0,83886096,0x05000010,misc,,00000016.pro,-1,,0
330,,152672,0,986,15842,42,79,0,83886097,0x05000011,misc,,00000017.pro,-1,,0
331,,152776,0,989,15851,51,79,0,83886092,0x0500000C,misc,,00000012.pro,-1,,0
332,,152864,0,992,15852,52,79,0,33554534,0x02000066,scenery,generic,00000103.pro,-1,,0
333,,152952,0,993,15929,129,79,0,83886092,0x0500000C,misc,,00000012.pro,-1,,0
334,,153040,0,996,15930,130,79,0,83886092,0x0500000C,misc,,00000012.pro,-1,,0
335,,153128,0,999,15939,139,79,0,83886096,0x05000010,misc,,00000016.pro,-1,,0
336,,153232,0,1002,16043,43,80,0,83886097,0x05000011,misc,,00000017.pro,-1,,0
337,,153336,0,1005,16051,51,80,0,83886092,0x0500000C,misc,,00000012.pro,-1,,0
338,,153424,0,1008,16052,52,80,0,83886092,0x0500000C,misc,,00000012.pro,-1,,0
339,,153512,0,1011,16053,53,80,0,33554557,0x0200007D,scenery,generic,00000126.pro,-1,,0
340,,153600,0,1012,16053,53,80,0,33554536,0x02000068,scenery,generic,00000105.pro,-1,,0
341,,153688,0,1013,16055,55,80,0,33554535,0x02000067,scenery,generic,00000104.pro,-1,,0
342,,153776,0,1014,16130,130,80,0,83886092,0x0500000C,misc,,00000012.pro,-1,,0
343,,153864,0,1017,16139,139,80,0,83886096,0x05000010,misc,,00000016.pro,-1,,0
344,,153968,0,1020,16140,140,80,0,83886096,0x05000010,misc,,00000016.pro,-1,,0
345,,154072,0,1023,16243,43,81,0,83886097,0x05000011,misc,,00000017.pro,-1,,0
346,,154176,0,1026,16244,44,81,0,83886097,0x05000011,misc,,00000017.pro,-1,,0
347,,154280,0,1029,16252,52,81,0,83886092,0x0500000C,misc,,00000012.pro,-1,,0
348,,154368,0,1032,16331,131,81,0,83886092,0x0500000C,misc,,00000012.pro,-1,,0
349,,154456,0,1035,16340,140,81,0,83886096,0x05000010,misc,,00000016.pro,-1,,0
350,,154560,0,1038,16444,44,82,0,83886097,0x05000011,misc,,00000017.pro,-1,,0
351,,154664,0,1041,16453,53,82,0,83886092,0x0500000C,misc,,00000012.pro,-1,,0
352,,154752,0,1044,16531,131,82,0,83886092,0x0500000C,misc,,00000012.pro,-1,,0
353,,154840,0,1047,16532,132,82,0,83886092,0x0500000C,misc,,00000012.pro,-1,,0
354,,154928,0,1050,16541,141,82,0,83886096,0x05000010,misc,,00000016.pro,-1,,0
355,,155032,0,1053,16645,45,83,0,83886097,0x05000011,misc,,00000017.pro,-1,,0
356,,155136,0,1056,16653,53,83,0,83886092,0x0500000C,misc,,00000012.pro,-1,,0
357,,155224,0,1059,16654,54,83,0,83886092,0x0500000C,misc,,00000012.pro,-1,,0
358,,155312,0,1062,16732,132,83,0,83886092,0x0500000C,misc,,00000012.pro,-1,,0
359,,155400,0,1065,16741,141,83,0,83886096,0x05000010,misc,,00000016.pro,-1,,0
360,,155504,0,1068,16742,142,83,0,83886096,0x05000010,misc,,00000016.pro,-1,,0
361,,155608,0,1071,16845,45,84,0,83886097,0x05000011,misc,,00000017.pro,-1,,0
362,,155712,0,1074,16846,46,84,0,83886097,0x05000011,misc,,00000017.pro,-1,,0
363,,155816,0,1077,16854,54,84,0,83886092,0x0500000C,misc,,00000012.pro,-1,,0
364,,155904,0,1080,16933,133,84,0,83886092,0x0500000C,misc,,00000012.pro,-1,,0
365,,155992,0,1083,16942,142,84,0,83886096,0x05000010,misc,,00000016.pro,-1,,0
366,,156096,0,1086,17046,46,85,0,83886097,0x05000011,misc,,00000017.pro,-1,,0
367,,156200,0,1089,17055,55,85,0,83886092,0x0500000C,misc,,00000012.pro,-1,,0
368,,156288,0,1092,17084,84,85,0,33554557,0x0200007D,scenery,generic,00000126.pro,-1,,0
369,,156376,0,1093,17133,133,85,0,83886092,0x0500000C,misc,,00000012.pro,-1,,0
370,,156464,0,1096,17134,134,85,0,83886092,0x0500000C,misc,,00000012.pro,-1,,0
371,,156552,0,1099,17143,143,85,0,83886096,0x05000010,misc,,00000016.pro,-1,,0
372,,156656,0,1102,17247,47,86,0,83886097,0x05000011,misc,,00000017.pro,-1,,0
373,,156760,0,1105,17255,55,86,0,83886092,0x0500000C,misc,,00000012.pro,-1,,0
374,,156848,0,1108,17256,56,86,0,83886092,0x0500000C,misc,,00000012.pro,-1,,0
375,,156936,0,1111,17283,83,86,0,33554534,0x02000066,scenery,generic,00000103.pro,-1,,0
376,,157024,0,1112,17284,84,86,0,33554559,0x0200007F,scenery,generic,00000128.pro,-1,,0
377,,157112,0,1113,17285,85,86,0,33554558,0x0200007E,scenery,generic,00000127.pro,-1,,0
378,,157200,0,1114,17334,134,86,0,83886092,0x0500000C,misc,,00000012.pro,-1,,0
379,,157288,0,1117,17339,139,86,0,33554536,0x02000068,scenery,generic,00000105.pro,-1,,0
380,,157376,0,1118,17340,140,86,0,33554535,0x02000067,scenery,generic,00000104.pro,-1,,0
381,,157464,0,1119,17343,143,86,0,83886096,0x05000010,misc,,00000016.pro,-1,,0
382,,157568,0,1122,17344,144,86,0,83886096,0x05000010,misc,,00000016.pro,-1,,0
383,,157672,0,1125,17447,47,87,0,83886097,0x05000011,misc,,00000017.pro,-1,,0
384,,157776,0,1128,17448,48,87,0,83886097,0x05000011,misc,,00000017.pro,-1,,0
385,,157880,0,1131,17456,56,87,0,83886092,0x0500000C,misc,,00000012.pro,-1,,0
386,,157968,0,1134,17535,135,87,0,83886092,0x0500000C,misc,,00000012.pro,-1,,0
387,,158056,0,1137,17544,144,87,0,83886096,0x05000010,misc,,00000016.pro,-1,,0
388,,158160,0,1140,17648,48,88,0,83886097,0x05000011,misc,,00000017.pro,-1,,0
389,,158264,0,1143,17657,57,88,0,83886092,0x0500000C,misc,,00000012.pro,-1,,0
390,,158352,0,1146,17735,135,88,0,83886092,0x0500000C,misc,,00000012.pro,-1,,0
391,,158440,0,1149,17736,136,88,0,83886092,0x0500000C,misc,,00000012.pro,-1,,0
392,,158528,0,1152,17745,145,88,0,83886096,0x05000010,misc,,00000016.pro,-1,,0
393,,158632,0,1155,17849,49,89,0,83886097,0x05000011,misc,,00000017.pro,-1,,0
394,,158736,0,1158,17857,57,89,0,83886092,0x0500000C,misc,,00000012.pro,-1,,0
395,,158824,0,1161,17858,58,89,0,83886092,0x0500000C,misc,,00000012.pro,-1,,0
396,,158912,0,1164,17936,136,89,0,83886092,0x0500000C,misc,,00000012.pro,-1,,0
397,,159000,0,1167,17945,145,89,0,83886096,0x05000010,misc,,00000016.pro,-1,,0
398,,159104,0,1170,17946,146,89,0,83886096,0x05000010,misc,,00000016.pro,-1,,0
399,,159208,0,1173,18049,49,90,0,83886097,0x05000011,misc,,00000017.pro,-1,,0
400,,159312,0,1176,18050,50,90,0,83886097,0x05000011,misc,,00000017.pro,-1,,0
401,,159416,0,1179,18058,58,90,0,83886092,0x0500000C,misc,,00000012.pro,-1,,0
402,,159504,0,1182,18103,103,90,0,33554537,0x02000069,scenery,generic,00000106.pro,-1,,0
403,,159592,0,1183,18137,137,90,0,83886092,0x0500000C,misc,,00000012.pro,-1,,0
404,,159680,0,1186,18146,146,90,0,83886096,0x05000010,misc,,00000016.pro,-1,,0
405,,159784,0,1189,18250,50,91,0,83886097,0x05000011,misc,,00000017.pro,-1,,0
406,,159888,0,1192,18259,59,91,0,83886092,0x0500000C,misc,,00000012.pro,-1,,0
407,,159976,0,1195,18337,137,91,0,83886092,0x0500000C,misc,,00000012.pro,-1,,0
408,,160064,0,1198,18338,138,91,0,83886092,0x0500000C,misc,,00000012.pro,-1,,0
409,,160152,0,1201,18347,147,91,0,83886096,0x05000010,misc,,00000016.pro,-1,,0
410,,160256,0,1204,18451,51,92,0,83886097,0x05000011,misc,,00000017.pro,-1,,0
411,,160360,0,1207,18459,59,92,0,83886092,0x0500000C,misc,,00000012.pro,-1,,0
412,,160448,0,1210,18460,60,92,0,83886092,0x0500000C,misc,,00000012.pro,-1,,0
413,,160536,0,1213,18538,138,92,0,83886092,0x0500000C,misc,,00000012.pro,-1,,0
414,,160624,0,1216,18547,147,92,0,83886096,0x05000010,misc,,00000016.pro,-1,,0
415,,160728,0,1219,18548,148,92,0,83886096,0x05000010,misc,,00000016.pro,-1,,0
416,,160832,0,1222,18651,51,93,0,83886097,0x05000011,misc,,00000017.pro,-1,,0
417,,160936,0,1225,18652,52,93,0,83886097,0x05000011,misc,,00000017.pro,-1,,0
418,,161040,0,1228,18660,60,93,0,83886092,0x0500000C,misc,,00000012.pro,-1,,0
419,,161128,0,1231,18739,139,93,0,83886092,0x0500000C,misc,,00000012.pro,-1,,0
420,,161216,0,1234,18748,148,93,0,83886096,0x05000010,misc,,00000016.pro,-1,,0
421,,161320,0,1237,18852,52,94,0,83886097,0x05000011,misc,,00000017.pro,-1,,0
422,,161424,0,1240,18861,61,94,0,83886092,0x0500000C,misc,,00000012.pro,-1,,0
423,,161512,0,1243,18939,139,94,0,83886092,0x0500000C,misc,,00000012.pro,-1,,0
424,,161600,0,1246,18940,140,94,0,83886092,0x0500000C,misc,,00000012.pro,-1,,0
425,,161688,0,1249,18949,149,94,0,83886096,0x05000010,misc,,00000016.pro,-1,,0
426,,161792,0,1252,18960,160,94,0,33554559,0x0200007F,scenery,generic,00000128.pro,-1,,0
427,,161880,0,1253,18960,160,94,0,33554537,0x02000069,scenery,generic,00000106.pro,-1,,0
428,,161968,0,1254,18960,160,94,0,33554558,0x0200007E,scenery,generic,00000127.pro,-1,,0
429,,162056,0,1255,18961,161,94,0,33554557,0x0200007D,scenery,generic,00000126.pro,-1,,0
430,,162144,0,1256,19053,53,95,0,83886097,0x05000011,misc,,00000017.pro,-1,,0
431,,162248,0,1259,19061,61,95,0,83886092,0x0500000C,misc,,00000012.pro,-1,,0
432,,162336,0,1262,19062,62,95,0,83886092,0x0500000C,misc,,00000012.pro,-1,,0
433,,162424,0,1269,19140,140,95,0,83886092,0x0500000C,misc,,00000012.pro,-1,,0
434,,162512,0,1272,19149,149,95,0,83886096,0x05000010,misc,,00000016.pro,-1,,0
435,,162616,0,1275,19150,150,95,0,83886096,0x05000010,misc,,00000016.pro,-1,,0
436,,162720,0,1278,19253,53,96,0,83886097,0x05000011,misc,,00000017.pro,-1,,0
437,,162824,0,1281,19254,54,96,0,83886097,0x05000011,misc,,00000017.pro,-1,,0
438,,162928,0,1284,19262,62,96,0,83886092,0x0500000C,misc,,00000012.pro,-1,,0
439,,163016,0,1291,19304,104,96,0,33554499,0x02000043,scenery,generic,00000068.pro,-1,,0
440,,163104,0,1293,19305,105,96,0,33554499,0x02000043,scenery,generic,00000068.pro,-1,,0
441,,163192,0,1295,19306,106,96,0,33554499,0x02000043,scenery,generic,00000068.pro,-1,,0
442,,163280,0,1297,19341,141,96,0,83886092,0x0500000C,misc,,00000012.pro,-1,,0
443,,163368,0,1300,19350,150,96,0,83886096,0x05000010,misc,,00000016.pro,-1,,0
444,,163472,0,1303,19454,54,97,0,83886097,0x05000011,misc,,00000017.pro,-1,,0
445,,163576,0,1306,19463,63,97,0,83886092,0x0500000C,misc,,00000012.pro,-1,,0
446,,163664,0,1312,19501,101,97,0,33554499,0x02000043,scenery,generic,00000068.pro,-1,,0
447,,163752,0,1313,19502,102,97,0,33554499,0x02000043,scenery,generic,00000068.pro,-1,,0
448,,163840,0,1315,19503,103,97,0,33554499,0x02000043,scenery,generic,00000068.pro,-1,,0
449,,163928,0,1319,19506,106,97,0,33554499,0x02000043,scenery,generic,00000068.pro,-1,,0
450,,164016,0,1322,19541,141,97,0,83886092,0x0500000C,misc,,00000012.pro,-1,,0
451,,164104,0,1325,19542,142,97,0,83886092,0x0500000C,misc,,00000012.pro,-1,,0
452,,164192,0,1328,19551,151,97,0,83886096,0x05000010,misc,,00000016.pro,-1,,0
453,,164296,0,1331,19655,55,98,0,83886097,0x05000011,misc,,00000017.pro,-1,,0
454,,164400,0,1334,19663,63,98,0,83886092,0x0500000C,misc,,00000012.pro,-1,,0
455,,164488,0,1337,19664,64,98,0,83886092,0x0500000C,misc,,00000012.pro,-1,,0
456,,164576,0,1342,19700,100,98,0,16777244,0x0100001C,critter,,00000028.pro,67108877,cow.int,0
457,,164704,0,1345,19702,102,98,0,33554499,0x02000043,scenery,generic,00000068.pro,-1,,0
458,,164792,0,1347,19703,103,98,0,33554959,0x0200020F,scenery,generic,00000528.pro,-1,,0
459,,164880,0,1349,19704,104,98,0,33554499,0x02000043,scenery,generic,00000068.pro,-1,,0
460,,164968,0,1351,19706,106,98,0,33554499,0x02000043,scenery,generic,00000068.pro,-1,,0
461,,165056,0,1353,19742,142,98,0,83886092,0x0500000C,misc,,00000012.pro,-1,,0
462,,165144,0,1356,19751,151,98,0,83886096,0x05000010,misc,,00000016.pro,-1,,0
463,,165248,0,1359,19752,152,98,0,83886096,0x05000010,misc,,00000016.pro,-1,,0
464,,165352,0,1362,19855,55,99,0,83886097,0x05000011,misc,,00000017.pro,-1,,0
465,,165456,0,1365,19856,56,99,0,83886097,0x05000011,misc,,00000017.pro,-1,,0
466,,165560,0,1368,19864,64,99,0,83886092,0x0500000C,misc,,00000012.pro,-1,,0
467,,165648,0,1371,19903,103,99,0,33554499,0x02000043,scenery,generic,00000068.pro,-1,,0
468,,165736,0,1372,19905,105,99,0,33554499,0x02000043,scenery,generic,00000068.pro,-1,,0
469,,165824,0,1373,19924,124,99,0,33554536,0x02000068,scenery,generic,00000105.pro,-1,,0
470,,165912,0,1374,19925,125,99,0,33554534,0x02000066,scenery,generic,00000103.pro,-1,,0
471,,166000,0,1375,19943,143,99,0,83886092,0x0500000C,misc,,00000012.pro,-1,,0
472,,166088,0,1378,19952,152,99,0,83886096,0x05000010,misc,,00000016.pro,-1,,0
473,,166192,0,1381,20056,56,100,0,83886097,0x05000011,misc,,00000017.pro,-1,,0
474,,166296,0,1384,20065,65,100,0,83886092,0x0500000C,misc,,00000012.pro,-1,,0
475,,166384,0,1387,20143,143,100,0,83886092,0x0500000C,misc,,00000012.pro,-1,,0
476,,166472,0,1390,20144,144,100,0,83886092,0x0500000C,misc,,00000012.pro,-1,,0
477,,166560,0,1393,20153,153,100,0,83886096,0x05000010,misc,,00000016.pro,-1,,0
478,,166664,0,1396,20257,57,101,0,83886097,0x05000011,misc,,00000017.pro,-1,,0
479,,166768,0,1399,20265,65,101,0,83886092,0x0500000C,misc,,00000012.pro,-1,,0
480,,166856,0,1403,20266,66,101,0,83886092,0x0500000C,misc,,00000012.pro,-1,,0
481,,166944,0,1410,20344,144,101,0,83886092,0x0500000C,misc,,00000012.pro,-1,,0
482,,167032,0,1413,20353,153,101,0,83886096,0x05000010,misc,,00000016.pro,-1,,0
483,,167136,0,1416,20354,154,101,0,83886096,0x05000010,misc,,00000016.pro,-1,,0
484,,167240,0,1419,20457,57,102,0,83886097,0x05000011,misc,,00000017.pro,-1,,0
485,,167344,0,1422,20458,58,102,0,83886097,0x05000011,misc,,00000017.pro,-1,,0
486,,167448,0,1425,20466,66,102,0,83886092,0x0500000C,misc,,00000012.pro,-1,,0
487,,167536,0,1436,20545,145,102,0,83886092,0x0500000C,misc,,00000012.pro,-1,,0
488,,167624,0,1439,20554,154,102,0,83886096,0x05000010,misc,,00000016.pro,-1,,0
489,,167728,0,1442,20658,58,103,0,83886097,0x05000011,misc,,00000017.pro,-1,,0
490,,167832,0,1445,20667,67,103,0,83886092,0x0500000C,misc,,00000012.pro,-1,,0
491,,167920,0,1449,20702,102,103,0,33554499,0x02000043,scenery,generic,00000068.pro,-1,,0
492,,168008,0,1453,20704,104,103,0,33554499,0x02000043,scenery,generic,00000068.pro,-1,,0
493,,168096,0,1458,20745,145,103,0,83886092,0x0500000C,misc,,00000012.pro,-1,,0
494,,168184,0,1461,20746,146,103,0,83886092,0x0500000C,misc,,00000012.pro,-1,,0
495,,168272,0,1464,20755,155,103,0,83886096,0x05000010,misc,,00000016.pro,-1,,0
496,,168376,0,1467,20859,59,104,0,83886097,0x05000011,misc,,00000017.pro,-1,,0
497,,168480,0,1470,20867,67,104,0,83886092,0x0500000C,misc,,00000012.pro,-1,,0
498,,168568,0,1473,20868,68,104,0,83886092,0x0500000C,misc,,00000012.pro,-1,,0
499,,168656,0,1476,20900,100,104,0,33554499,0x02000043,scenery,generic,00000068.pro,-1,,0
500,,168744,0,1477,20901,101,104,0,33554499,0x02000043,scenery,generic,00000068.pro,-1,,0
501,,168832,0,1478,20903,103,104,0,33554499,0x02000043,scenery,generic,00000068.pro,-1,,0
502,,168920,0,1480,20904,104,104,0,33554499,0x02000043,scenery,generic,00000068.pro,-1,,0
503,,169008,0,1488,20946,146,104,0,83886092,0x0500000C,misc,,00000012.pro,-1,,0
504,,169096,0,1491,20955,155,104,0,83886096,0x05000010,misc,,00000016.pro,-1,,0
505,,169200,0,1494,20956,156,104,0,83886096,0x05000010,misc,,00000016.pro,-1,,0
506,,169304,0,1497,21059,59,105,0,83886097,0x05000011,misc,,00000017.pro,-1,,0
507,,169408,0,1500,21060,60,105,0,83886097,0x05000011,misc,,00000017.pro,-1,,0
508,,169512,0,1503,21068,68,105,0,83886092,0x0500000C,misc,,00000012.pro,-1,,0
509,,169600,0,1506,21098,98,105,1,16777244,0x0100001C,critter,,00000028.pro,67108878,cow.int,0
510,,169728,0,1507,21100,100,105,0,33554499,0x02000043,scenery,generic,00000068.pro,-1,,0
511,,169816,0,1508,21101,101,105,0,33554960,0x02000210,scenery,generic,00000529.pro,-1,,0
512,,169904,0,1509,21104,104,105,0,33554499,0x02000043,scenery,generic,00000068.pro,-1,,0
513,,169992,0,1510,21147,147,105,0,83886092,0x0500000C,misc,,00000012.pro,-1,,0
514,,170080,0,1513,21156,156,105,0,83886096,0x05000010,misc,,00000016.pro,-1,,0
515,,170184,0,1516,21260,60,106,0,83886097,0x05000011,misc,,00000017.pro,-1,,0
516,,170288,0,1519,21269,69,106,0,83886092,0x0500000C,misc,,00000012.pro,-1,,0
517,,170376,0,1522,21301,101,106,0,33554499,0x02000043,scenery,generic,00000068.pro,-1,,0
518,,170464,0,1523,21302,102,106,0,33554499,0x02000043,scenery,generic,00000068.pro,-1,,0
519,,170552,0,1524,21303,103,106,0,33554499,0x02000043,scenery,generic,00000068.pro,-1,,0
520,,170640,0,1525,21304,104,106,0,33554499,0x02000043,scenery,generic,00000068.pro,-1,,0
521,,170728,0,1526,21308,108,106,0,33554537,0x02000069,scenery,generic,00000106.pro,-1,,0
522,,170816,0,1527,21347,147,106,0,83886092,0x0500000C,misc,,00000012.pro,-1,,0
523,,170904,0,1530,21348,148,106,0,83886092,0x0500000C,misc,,00000012.pro,-1,,0
524,,170992,0,1533,21357,157,106,0,83886096,0x05000010,misc,,00000016.pro,-1,,0
525,,171096,0,1536,21461,61,107,0,83886097,0x05000011,misc,,00000017.pro,-1,,0
526,,171200,0,1539,21469,69,107,0,83886092,0x0500000C,misc,,00000012.pro,-1,,0
527,,171288,0,1542,21470,70,107,0,83886092,0x0500000C,misc,,00000012.pro,-1,,0
528,,171376,0,1545,21507,107,107,0,33554535,0x02000067,scenery,generic,00000104.pro,-1,,0
529,,171464,0,1546,21548,148,107,0,83886092,0x0500000C,misc,,00000012.pro,-1,,0
530,,171552,0,1549,21557,157,107,0,83886096,0x05000010,misc,,00000016.pro,-1,,0
531,,171656,0,1552,21558,158,107,0,83886096,0x05000010,misc,,00000016.pro,-1,,0
532,,171760,0,1555,21661,61,108,0,83886097,0x05000011,misc,,00000017.pro,-1,,0
533,,171864,0,1558,21662,62,108,0,83886097,0x05000011,misc,,00000017.pro,-1,,0
534,,171968,0,1561,21670,70,108,0,83886092,0x0500000C,misc,,00000012.pro,-1,,0
535,,172056,0,1564,21749,149,108,0,83886092,0x0500000C,misc,,00000012.pro,-1,,0
536,,172144,0,1567,21758,158,108,0,83886096,0x05000010,misc,,00000016.pro,-1,,0
537,,172248,0,1570,21862,62,109,0,83886097,0x05000011,misc,,00000017.pro,-1,,0
538,,172352,0,1573,21871,71,109,0,83886092,0x0500000C,misc,,00000012.pro,-1,,0
539,,172440,0,1576,21949,149,109,0,83886092,0x0500000C,misc,,00000012.pro,-1,,0
540,,172528,0,1579,21950,150,109,0,83886092,0x0500000C,misc,,00000012.pro,-1,,0
541,,172616,0,1582,21959,159,109,0,83886096,0x05000010,misc,,00000016.pro,-1,,0
542,,172720,0,1585,22063,63,110,0,83886097,0x05000011,misc,,00000017.pro,-1,,0
543,,172824,0,1588,22071,71,110,0,83886092,0x0500000C,misc,,00000012.pro,-1,,0
544,,172912,0,1591,22072,72,110,0,83886092,0x0500000C,misc,,00000012.pro,-1,,0
545,,173000,0,1594,22150,150,110,0,83886092,0x0500000C,misc,,00000012.pro,-1,,0
546,,173088,0,1597,22159,159,110,0,83886096,0x05000010,misc,,00000016.pro,-1,,0
547,,173192,0,1600,22160,160,110,0,83886096,0x05000010,misc,,00000016.pro,-1,,0
548,,173296,0,1603,22263,63,111,0,83886097,0x05000011,misc,,00000017.pro,-1,,0
549,,173400,0,1606,22264,64,111,0,83886097,0x05000011,misc,,00000017.pro,-1,,0
550,,173504,0,1609,22272,72,111,0,83886092,0x0500000C,misc,,00000012.pro,-1,,0
551,,173592,0,1612,22351,151,111,0,83886092,0x0500000C,misc,,00000012.pro,-1,,0
552,,173680,0,1615,22360,160,111,0,83886096,0x05000010,misc,,00000016.pro,-1,,0
553,,173784,0,1618,22464,64,112,0,83886097,0x05000011,misc,,00000017.pro,-1,,0
554,,173888,0,1621,22473,73,112,0,83886092,0x0500000C,misc,,00000012.pro,-1,,0
555,,173976,0,1624,22551,151,112,0,83886092,0x0500000C,misc,,00000012.pro,-1,,0
556,,174064,0,1627,22552,152,112,0,83886092,0x0500000C,misc,,00000012.pro,-1,,0
557,,174152,0,1630,22561,161,112,0,83886096,0x05000010,misc,,00000016.pro,-1,,0
558,,174256,0,1633,22665,65,113,0,83886097,0x05000011,misc,,00000017.pro,-1,,0
559,,174360,0,1636,22673,73,113,0,83886092,0x0500000C,misc,,00000012.pro,-1,,0
560,,174448,0,1639,22674,74,113,0,83886092,0x0500000C,misc,,00000012.pro,-1,,0
561,,174536,0,1642,22680,80,113,0,33554535,0x02000067,scenery,generic,00000104.pro,-1,,0
562,,174624,0,1643,22752,152,113,0,83886092,0x0500000C,misc,,00000012.pro,-1,,0
563,,174712,0,1646,22761,161,113,0,83886096,0x05000010,misc,,00000016.pro,-1,,0
564,,174816,0,1649,22762,162,113,0,83886096,0x05000010,misc,,00000016.pro,-1,,0
565,,174920,0,1652,22865,65,114,0,83886097,0x05000011,misc,,00000017.pro,-1,,0
566,,175024,0,1655,22866,66,114,0,83886097,0x05000011,misc,,00000017.pro,-1,,0
567,,175128,0,1658,22874,74,114,0,83886092,0x0500000C,misc,,00000012.pro,-1,,0
568,,175216,0,1661,22878,78,114,0,33554535,0x02000067,scenery,generic,00000104.pro,-1,,0
569,,175304,0,1662,22879,79,114,0,33554536,0x02000068,scenery,generic,00000105.pro,-1,,0
570,,175392,0,1663,22953,153,114,0,83886092,0x0500000C,misc,,00000012.pro,-1,,0
571,,175480,0,1666,22962,162,114,0,83886096,0x05000010,misc,,00000016.pro,-1,,0
572,,175584,0,1669,23066,66,115,0,83886097,0x05000011,misc,,00000017.pro,-1,,0
573,,175688,0,1672,23075,75,115,0,83886092,0x0500000C,misc,,00000012.pro,-1,,0
574,,175776,0,1675,23153,153,115,0,83886092,0x0500000C,misc,,00000012.pro,-1,,0
575,,175864,0,1678,23154,154,115,0,83886092,0x0500000C,misc,,00000012.pro,-1,,0
576,,175952,0,1681,23163,163,115,0,83886096,0x05000010,misc,,00000016.pro,-1,,0
577,,176056,0,1684,23267,67,116,0,83886097,0x05000011,misc,,00000017.pro,-1,,0
578,,176160,0,1687,23275,75,116,0,83886092,0x0500000C,misc,,00000012.pro,-1,,0
579,,176248,0,1690,23276,76,116,0,83886092,0x0500000C,misc,,00000012.pro,-1,,0
580,,176336,0,1693,23354,154,116,0,83886092,0x0500000C,misc,,00000012.pro,-1,,0
581,,176424,0,1696,23363,163,116,0,83886096,0x05000010,misc,,00000016.pro,-1,,0
582,,176528,0,1699,23364,164,116,0,83886096,0x05000010,misc,,00000016.pro,-1,,0
583,,176632,0,1702,23467,67,117,0,83886097,0x05000011,misc,,00000017.pro,-1,,0
584,,176736,0,1705,23468,68,117,0,83886097,0x05000011,misc,,00000017.pro,-1,,0
585,,176840,0,1708,23476,76,117,0,83886092,0x0500000C,misc,,00000012.pro,-1,,0
586,,176928,0,1711,23555,155,117,0,83886092,0x0500000C,misc,,00000012.pro,-1,,0
587,,177016,0,1714,23564,164,117,0,83886096,0x05000010,misc,,00000016.pro,-1,,0
588,,177120,0,1717,23668,68,118,0,83886097,0x05000011,misc,,00000017.pro,-1,,0
589,,177224,0,1720,23677,77,118,0,83886092,0x0500000C,misc,,00000012.pro,-1,,0
590,,177312,0,1723,23755,155,118,0,83886092,0x0500000C,misc,,00000012.pro,-1,,0
591,,177400,0,1726,23756,156,118,0,83886092,0x0500000C,misc,,00000012.pro,-1,,0
592,,177488,0,1729,23765,165,118,0,83886096,0x05000010,misc,,00000016.pro,-1,,0
593,,177592,0,1732,23869,69,119,0,83886097,0x05000011,misc,,00000017.pro,-1,,0
594,,177696,0,1735,23877,77,119,0,83886092,0x0500000C,misc,,00000012.pro,-1,,0
595,,177784,0,1738,23878,78,119,0,83886092,0x0500000C,misc,,00000012.pro,-1,,0
596,,177872,0,1741,23956,156,119,0,83886092,0x0500000C,misc,,00000012.pro,-1,,0
597,,177960,0,1744,23965,165,119,0,83886096,0x05000010,misc,,00000016.pro,-1,,0
598,,178064,0,1747,23966,166,119,0,83886096,0x05000010,misc,,00000016.pro,-1,,0
599,,178168,0,1750,24069,69,120,0,83886097,0x05000011,misc,,00000017.pro,-1,,0
600,,178272,0,1753,24070,70,120,0,83886097,0x05000011,misc,,00000017.pro,-1,,0
601,,178376,0,1756,24078,78,120,0,83886092,0x0500000C,misc,,00000012.pro,-1,,0
602,,178464,0,1759,24157,157,120,0,83886092,0x0500000C,misc,,00000012.pro,-1,,0
603,,178552,0,1762,24166,166,120,0,83886096,0x05000010,misc,,00000016.pro,-1,,0
604,,178656,0,1765,24270,70,121,0,83886097,0x05000011,misc,,00000017.pro,-1,,0
605,,178760,0,1768,24279,79,121,0,83886092,0x0500000C,misc,,00000012.pro,-1,,0
606,,178848,0,1771,24334,134,121,0,33554558,0x0200007E,scenery,generic,00000127.pro,-1,,0
607,,178936,0,1772,24356,156,121,0,83886092,0x0500000C,misc,,00000012.pro,-1,,0
608,,179024,0,1775,24357,157,121,0,83886092,0x0500000C,misc,,00000012.pro,-1,,0
609,,179112,0,1778,24358,158,121,0,83886092,0x0500000C,misc,,00000012.pro,-1,,0
610,,179200,0,1781,24367,167,121,0,83886096,0x05000010,misc,,00000016.pro,-1,,0
611,,179304,0,1784,24471,71,122,0,83886097,0x05000011,misc,,00000017.pro,-1,,0
612,,179408,0,1787,24479,79,122,0,83886092,0x0500000C,misc,,00000012.pro,-1,,0
613,,179496,0,1790,24480,80,122,0,83886092,0x0500000C,misc,,00000012.pro,-1,,0
614,,179584,0,1793,24533,133,122,0,33554535,0x02000067,scenery,generic,00000104.pro,-1,,0
615,,179672,0,1794,24554,154,122,0,83886092,0x0500000C,misc,,00000012.pro,-1,,0
616,,179760,0,1797,24555,155,122,0,83886092,0x0500000C,misc,,00000012.pro,-1,,0
617,,179848,0,1800,24556,156,122,0,83886092,0x0500000C,misc,,00000012.pro,-1,,0
618,,179936,0,1804,24557,157,122,0,83886092,0x0500000C,misc,,00000012.pro,-1,,0
619,,180024,0,1807,24567,167,122,0,83886096,0x05000010,misc,,00000016.pro,-1,,0
620,,180128,0,1810,24568,168,122,0,83886096,0x05000010,misc,,00000016.pro,-1,,0
621,,180232,0,1813,24570,170,122,0,83886098,0x05000012,misc,,00000018.pro,-1,,0
622,,180336,0,1816,24671,71,123,0,83886097,0x05000011,misc,,00000017.pro,-1,,0
623,,180440,0,1819,24672,72,123,0,83886097,0x05000011,misc,,00000017.pro,-1,,0
624,,180544,0,1822,24680,80,123,0,83886092,0x0500000C,misc,,00000012.pro,-1,,0
625,,180632,0,1825,24752,152,123,0,83886092,0x0500000C,misc,,00000012.pro,-1,,0
626,,180720,0,1828,24753,153,123,0,83886092,0x0500000C,misc,,00000012.pro,-1,,0
627,,180808,0,1831,24754,154,123,0,83886092,0x0500000C,misc,,00000012.pro,-1,,0
628,,180896,0,1834,24755,155,123,0,83886092,0x0500000C,misc,,00000012.pro,-1,,0
629,,180984,0,1837,24768,168,123,0,83886098,0x05000012,misc,,00000018.pro,-1,,0
630,,181088,0,1840,24769,169,123,0,83886098,0x05000012,misc,,00000018.pro,-1,,0
631,,181192,0,1843,24872,72,124,0,83886097,0x05000011,misc,,00000017.pro,-1,,0
632,,181296,0,1846,24881,81,124,0,83886092,0x0500000C,misc,,00000012.pro,-1,,0
633,,181384,0,1849,24950,150,124,0,83886092,0x0500000C,misc,,00000012.pro,-1,,0
634,,181472,0,1850,24950,150,124,0,83886092,0x0500000C,misc,,00000012.pro,-1,,0
635,,181560,0,1853,24951,151,124,0,83886092,0x0500000C,misc,,00000012.pro,-1,,0
636,,181648,0,1856,24952,152,124,0,83886092,0x0500000C,misc,,00000012.pro,-1,,0
637,,181736,0,1859,24953,153,124,0,83886092,0x0500000C,misc,,00000012.pro,-1,,0
638,,181824,0,1862,24966,166,124,0,83886098,0x05000012,misc,,00000018.pro,-1,,0
639,,181928,0,1865,24967,167,124,0,83886098,0x05000012,misc,,00000018.pro,-1,,0
640,,182032,0,1868,25073,73,125,0,83886097,0x05000011,misc,,00000017.pro,-1,,0
641,,182136,0,1871,25081,81,125,0,83886092,0x0500000C,misc,,00000012.pro,-1,,0
642,,182224,0,1874,25082,82,125,0,83886092,0x0500000C,misc,,00000012.pro,-1,,0
643,,182312,0,1877,25148,148,125,0,83886092,0x0500000C,misc,,00000012.pro,-1,,0
644,,182400,0,1880,25149,149,125,0,83886092,0x0500000C,misc,,00000012.pro,-1,,0
645,,182488,0,1883,25150,150,125,0,83886092,0x0500000C,misc,,00000012.pro,-1,,0
646,,182576,0,1886,25151,151,125,0,83886092,0x0500000C,misc,,00000012.pro,-1,,0
647,,182664,0,1889,25164,164,125,0,83886098,0x05000012,misc,,00000018.pro,-1,,0
648,,182768,0,1892,25165,165,125,0,83886098,0x05000012,misc,,00000018.pro,-1,,0
649,,182872,0,1895,25273,73,126,0,83886097,0x05000011,misc,,00000017.pro,-1,,0
650,,182976,0,1898,25274,74,126,0,83886097,0x05000011,misc,,00000017.pro,-1,,0
651,,183080,0,1901,25282,82,126,0,83886092,0x0500000C,misc,,00000012.pro,-1,,0
652,,183168,0,1904,25306,106,126,0,33554559,0x0200007F,scenery,generic,00000128.pro,-1,,0
653,,183256,0,1905,25346,146,126,0,83886092,0x0500000C,misc,,00000012.pro,-1,,0
654,,183344,0,1908,25347,147,126,0,83886092,0x0500000C,misc,,00000012.pro,-1,,0
655,,183432,0,1911,25348,148,126,0,83886092,0x0500000C,misc,,00000012.pro,-1,,0
656,,183520,0,1914,25349,149,126,0,83886092,0x0500000C,misc,,00000012.pro,-1,,0
657,,183608,0,1917,25362,162,126,0,83886098,0x05000012,misc,,00000018.pro,-1,,0
658,,183712,0,1920,25363,163,126,0,83886098,0x05000012,misc,,00000018.pro,-1,,0
659,,183816,0,1923,25474,74,127,0,83886097,0x05000011,misc,,00000017.pro,-1,,0
660,,183920,0,1926,25483,83,127,0,83886092,0x0500000C,misc,,00000012.pro,-1,,0
661,,184008,0,1929,25506,106,127,0,33554534,0x02000066,scenery,generic,00000103.pro,-1,,0
662,,184096,0,1930,25507,107,127,0,33554557,0x0200007D,scenery,generic,00000126.pro,-1,,0
663,,184184,0,1931,25544,144,127,0,83886092,0x0500000C,misc,,00000012.pro,-1,,0
664,,184272,0,1934,25545,145,127,0,83886092,0x0500000C,misc,,00000012.pro,-1,,0
665,,184360,0,1937,25546,146,127,0,83886092,0x0500000C,misc,,00000012.pro,-1,,0
666,,184448,0,1940,25547,147,127,0,83886092,0x0500000C,misc,,00000012.pro,-1,,0
667,,184536,0,1943,25560,160,127,0,83886098,0x05000012,misc,,00000018.pro,-1,,0
668,,184640,0,1946,25561,161,127,0,83886098,0x05000012,misc,,00000018.pro,-1,,0
669,,184744,0,1949,25675,75,128,0,83886097,0x05000011,misc,,00000017.pro,-1,,0
670,,184848,0,1952,25683,83,128,0,83886092,0x0500000C,misc,,00000012.pro,-1,,0
671,,184936,0,1955,25684,84,128,0,83886092,0x0500000C,misc,,00000012.pro,-1,,0
672,,185024,0,1958,25742,142,128,0,83886092,0x0500000C,misc,,00000012.pro,-1,,0
673,,185112,0,1961,25743,143,128,0,83886092,0x0500000C,misc,,00000012.pro,-1,,0
674,,185200,0,1964,25744,144,128,0,83886092,0x0500000C,misc,,00000012.pro,-1,,0
675,,185288,0,1967,25745,145,128,0,83886092,0x0500000C,misc,,00000012.pro,-1,,0
676,,185376,0,1970,25758,158,128,0,83886098,0x05000012,misc,,00000018.pro,-1,,0
677,,185480,0,1973,25759,159,128,0,83886098,0x05000012,misc,,00000018.pro,-1,,0
678,,185584,0,1976,25875,75,129,0,83886097,0x05000011,misc,,00000017.pro,-1,,0
679,,185688,0,1979,25876,76,129,0,83886097,0x05000011,misc,,00000017.pro,-1,,0
680,,185792,0,1982,25884,84,129,0,83886092,0x0500000C,misc,,00000012.pro,-1,,0
681,,185880,0,1985,25940,140,129,0,83886092,0x0500000C,misc,,00000012.pro,-1,,0
682,,185968,0,1988,25941,141,129,0,83886092,0x0500000C,misc,,00000012.pro,-1,,0
683,,186056,0,1991,25942,142,129,0,83886092,0x0500000C,misc,,00000012.pro,-1,,0
684,,186144,0,1994,25943,143,129,0,83886092,0x0500000C,misc,,00000012.pro,-1,,0
685,,186232,0,1997,25956,156,129,0,83886098,0x05000012,misc,,00000018.pro,-1,,0
686,,186336,0,2000,25957,157,129,0,83886098,0x05000012,misc,,00000018.pro,-1,,0
687,,186440,0,2003,26076,76,130,0,83886097,0x05000011,misc,,00000017.pro,-1,,0
688,,186544,0,2006,26085,85,130,0,83886092,0x0500000C,misc,,00000012.pro,-1,,0
689,,186632,0,2009,26138,138,130,0,83886092,0x0500000C,misc,,00000012.pro,-1,,0
690,,186720,0,2012,26139,139,130,0,83886092,0x0500000C,misc,,00000012.pro,-1,,0
691,,186808,0,2015,26140,140,130,0,83886092,0x0500000C,misc,,00000012.pro,-1,,0
692,,186896,0,2018,26141,141,130,0,83886092,0x0500000C,misc,,00000012.pro,-1,,0
693,,186984,0,2021,26154,154,130,0,83886098,0x05000012,misc,,00000018.pro,-1,,0
694,,187088,0,2024,26155,155,130,0,83886098,0x05000012,misc,,00000018.pro,-1,,0
695,,187192,0,2027,26260,60,131,0,33554559,0x0200007F,scenery,generic,00000128.pro,-1,,0
696,,187280,0,2028,26277,77,131,0,83886097,0x05000011,misc,,00000017.pro,-1,,0
697,,187384,0,2031,26285,85,131,0,83886092,0x0500000C,misc,,00000012.pro,-1,,0
698,,187472,0,2034,26286,86,131,0,83886092,0x0500000C,misc,,00000012.pro,-1,,0
699,,187560,0,2037,26336,136,131,0,83886092,0x0500000C,misc,,00000012.pro,-1,,0
700,,187648,0,2040,26337,137,131,0,83886092,0x0500000C,misc,,00000012.pro,-1,,0
701,,187736,0,2043,26338,138,131,0,83886092,0x0500000C,misc,,00000012.pro,-1,,0
702,,187824,0,2046,26339,139,131,0,83886092,0x0500000C,misc,,00000012.pro,-1,,0
703,,187912,0,2049,26352,152,131,0,83886098,0x05000012,misc,,00000018.pro,-1,,0
704,,188016,0,2052,26353,153,131,0,83886098,0x05000012,misc,,00000018.pro,-1,,0
705,,188120,0,2055,26461,61,132,0,33554557,0x0200007D,scenery,generic,00000126.pro,-1,,0
706,,188208,0,2056,26461,61,132,0,33554558,0x0200007E,scenery,generic,00000127.pro,-1,,0
707,,188296,0,2057,26477,77,132,0,83886097,0x05000011,misc,,00000017.pro,-1,,0
708,,188400,0,2060,26478,78,132,0,83886097,0x05000011,misc,,00000017.pro,-1,,0
709,,188504,0,2063,26486,86,132,0,83886092,0x0500000C,misc,,00000012.pro,-1,,0
710,,188592,0,2066,26534,134,132,0,83886092,0x0500000C,misc,,00000012.pro,-1,,0
711,,188680,0,2069,26535,135,132,0,83886092,0x0500000C,misc,,00000012.pro,-1,,0
712,,188768,0,2072,26536,136,132,0,83886092,0x0500000C,misc,,00000012.pro,-1,,0
713,,188856,0,2075,26537,137,132,0,83886092,0x0500000C,misc,,00000012.pro,-1,,0
714,,188944,0,2078,26550,150,132,0,83886098,0x05000012,misc,,00000018.pro,-1,,0
715,,189048,0,2081,26551,151,132,0,83886098,0x05000012,misc,,00000018.pro,-1,,0
716,,189152,0,2084,26678,78,133,0,83886097,0x05000011,misc,,00000017.pro,-1,,0
717,,189256,0,2087,26687,87,133,0,83886092,0x0500000C,misc,,00000012.pro,-1,,0
718,,189344,0,2090,26732,132,133,0,83886092,0x0500000C,misc,,00000012.pro,-1,,0
719,,189432,0,2093,26733,133,133,0,83886092,0x0500000C,misc,,00000012.pro,-1,,0
720,,189520,0,2096,26734,134,133,0,83886092,0x0500000C,misc,,00000012.pro,-1,,0
721,,189608,0,2099,26735,135,133,0,83886092,0x0500000C,misc,,00000012.pro,-1,,0
722,,189696,0,2102,26748,148,133,0,83886098,0x05000012,misc,,00000018.pro,-1,,0
723,,189800,0,2105,26749,149,133,0,83886098,0x05000012,misc,,00000018.pro,-1,,0
724,,189904,0,2108,26879,79,134,0,83886097,0x05000011,misc,,00000017.pro,-1,,0
725,,190008,0,2111,26887,87,134,0,83886092,0x0500000C,misc,,00000012.pro,-1,,0
726,,190096,0,2114,26888,88,134,0,83886092,0x0500000C,misc,,00000012.pro,-1,,0
727,,190184,0,2117,26930,130,134,0,83886092,0x0500000C,misc,,00000012.pro,-1,,0
728,,190272,0,2120,26931,131,134,0,83886092,0x0500000C,misc,,00000012.pro,-1,,0
729,,190360,0,2123,26932,132,134,0,83886092,0x0500000C,misc,,00000012.pro,-1,,0
730,,190448,0,2126,26933,133,134,0,83886092,0x0500000C,misc,,00000012.pro,-1,,0
731,,190536,0,2129,26946,146,134,0,83886098,0x05000012,misc,,00000018.pro,-1,,0
732,,190640,0,2132,26947,147,134,0,83886098,0x05000012,misc,,00000018.pro,-1,,0
733,,190744,0,2135,27079,79,135,0,83886097,0x05000011,misc,,00000017.pro,-1,,0
734,,190848,0,2138,27080,80,135,0,83886097,0x05000011,misc,,00000017.pro,-1,,0
735,,190952,0,2141,27088,88,135,0,83886092,0x0500000C,misc,,00000012.pro,-1,,0
736,,191040,0,2144,27128,128,135,0,83886092,0x0500000C,misc,,00000012.pro,-1,,0
737,,191128,0,2147,27129,129,135,0,83886092,0x0500000C,misc,,00000012.pro,-1,,0
738,,191216,0,2150,27130,130,135,0,83886092,0x0500000C,misc,,00000012.pro,-1,,0
739,,191304,0,2153,27131,131,135,0,83886092,0x0500000C,misc,,00000012.pro,-1,,0
740,,191392,0,2156,27144,144,135,0,83886098,0x05000012,misc,,00000018.pro,-1,,0
741,,191496,0,2159,27145,145,135,0,83886098,0x05000012,misc,,00000018.pro,-1,,0
742,,191600,0,2162,27280,80,136,0,83886097,0x05000011,misc,,00000017.pro,-1,,0
743,,191704,0,2165,27289,89,136,0,83886092,0x0500000C,misc,,00000012.pro,-1,,0
744,,191792,0,2168,27326,126,136,0,83886092,0x0500000C,misc,,00000012.pro,-1,,0
745,,191880,0,2171,27327,127,136,0,83886092,0x0500000C,misc,,00000012.pro,-1,,0
746,,191968,0,2174,27328,128,136,0,83886092,0x0500000C,misc,,00000012.pro,-1,,0
747,,192056,0,2177,27329,129,136,0,83886092,0x0500000C,misc,,00000012.pro,-1,,0
748,,192144,0,2180,27342,142,136,0,83886098,0x05000012,misc,,00000018.pro,-1,,0
749,,192248,0,2183,27343,143,136,0,83886098,0x05000012,misc,,00000018.pro,-1,,0
750,,192352,0,2186,27481,81,137,0,83886097,0x05000011,misc,,00000017.pro,-1,,0
751,,192456,0,2189,27489,89,137,0,83886092,0x0500000C,misc,,00000012.pro,-1,,0
752,,192544,0,2192,27490,90,137,0,83886092,0x0500000C,misc,,00000012.pro,-1,,0
753,,192632,0,2195,27524,124,137,0,83886092,0x0500000C,misc,,00000012.pro,-1,,0
754,,192720,0,2198,27525,125,137,0,83886092,0x0500000C,misc,,00000012.pro,-1,,0
755,,192808,0,2201,27526,126,137,0,83886092,0x0500000C,misc,,00000012.pro,-1,,0
756,,192896,0,2204,27527,127,137,0,83886092,0x0500000C,misc,,00000012.pro,-1,,0
757,,192984,0,2207,27540,140,137,0,83886098,0x05000012,misc,,00000018.pro,-1,,0
758,,193088,0,2210,27541,141,137,0,83886098,0x05000012,misc,,00000018.pro,-1,,0
759,,193192,0,2213,27681,81,138,0,83886097,0x05000011,misc,,00000017.pro,-1,,0
760,,193296,0,2216,27682,82,138,0,83886097,0x05000011,misc,,00000017.pro,-1,,0
761,,193400,0,2219,27690,90,138,0,83886092,0x0500000C,misc,,00000012.pro,-1,,0
762,,193488,0,2222,27722,122,138,0,83886092,0x0500000C,misc,,00000012.pro,-1,,0
763,,193576,0,2225,27723,123,138,0,83886092,0x0500000C,misc,,00000012.pro,-1,,0
764,,193664,0,2228,27724,124,138,0,83886092,0x0500000C,misc,,00000012.pro,-1,,0
765,,193752,0,2231,27725,125,138,0,83886092,0x0500000C,misc,,00000012.pro,-1,,0
766,,193840,0,2234,27738,138,138,0,83886098,0x05000012,misc,,00000018.pro,-1,,0
767,,193944,0,2237,27739,139,138,0,83886098,0x05000012,misc,,00000018.pro,-1,,0
768,,194048,0,2240,27882,82,139,0,83886097,0x05000011,misc,,00000017.pro,-1,,0
769,,194152,0,2243,27891,91,139,0,83886092,0x0500000C,misc,,00000012.pro,-1,,0
770,,194240,0,2246,27920,120,139,0,83886092,0x0500000C,misc,,00000012.pro,-1,,0
771,,194328,0,2249,27921,121,139,0,83886092,0x0500000C,misc,,00000012.pro,-1,,0
772,,194416,0,2252,27922,122,139,0,83886092,0x0500000C,misc,,00000012.pro,-1,,0
773,,194504,0,2255,27923,123,139,0,83886092,0x0500000C,misc,,00000012.pro,-1,,0
774,,194592,0,2258,27936,136,139,0,83886098,0x05000012,misc,,00000018.pro,-1,,0
775,,194696,0,2261,27937,137,139,0,83886098,0x05000012,misc,,00000018.pro,-1,,0
776,,194800,0,2264,28083,83,140,0,83886097,0x05000011,misc,,00000017.pro,-1,,0
777,,194904,0,2267,28091,91,140,0,83886092,0x0500000C,misc,,00000012.pro,-1,,0
778,,194992,0,2270,28092,92,140,0,83886092,0x0500000C,misc,,00000012.pro,-1,,0
779,,195080,0,2273,28118,118,140,0,83886092,0x0500000C,misc,,00000012.pro,-1,,0
780,,195168,0,2276,28119,119,140,0,83886092,0x0500000C,misc,,00000012.pro,-1,,0
781,,195256,0,2279,28120,120,140,0,83886092,0x0500000C,misc,,00000012.pro,-1,,0
782,,195344,0,2282,28121,121,140,0,83886092,0x0500000C,misc,,00000012.pro,-1,,0
783,,195432,0,2285,28130,130,140,0,33554537,0x02000069,scenery,generic,00000106.pro,-1,,0
784,,195520,0,2286,28130,130,140,0,33554558,0x0200007E,scenery,generic,00000127.pro,-1,,0
785,,195608,0,2287,28134,134,140,0,83886098,0x05000012,misc,,00000018.pro,-1,,0
786,,195712,0,2290,28135,135,140,0,83886098,0x05000012,misc,,00000018.pro,-1,,0
787,,195816,0,2293,28283,83,141,0,83886097,0x05000011,misc,,00000017.pro,-1,,0
788,,195920,0,2296,28284,84,141,0,83886097,0x05000011,misc,,00000017.pro,-1,,0
789,,196024,0,2299,28292,92,141,0,83886092,0x0500000C,misc,,00000012.pro,-1,,0
790,,196112,0,2302,28316,116,141,0,83886092,0x0500000C,misc,,00000012.pro,-1,,0
791,,196200,0,2305,28317,117,141,0,83886092,0x0500000C,misc,,00000012.pro,-1,,0
792,,196288,0,2308,28318,118,141,0,83886092,0x0500000C,misc,,00000012.pro,-1,,0
793,,196376,0,2312,28319,119,141,0,83886092,0x0500000C,misc,,00000012.pro,-1,,0
794,,196464,0,2315,28326,126,141,0,33554537,0x02000069,scenery,generic,00000106.pro,-1,,0
795,,196552,0,2316,28327,127,141,0,33554535,0x02000067,scenery,generic,00000104.pro,-1,,0
796,,196640,0,2317,28328,128,141,0,33554537,0x02000069,scenery,generic,00000106.pro,-1,,0
797,,196728,0,2318,28332,132,141,0,83886098,0x05000012,misc,,00000018.pro,-1,,0
798,,196832,0,2321,28333,133,141,0,83886098,0x05000012,misc,,00000018.pro,-1,,0
799,,196936,0,2324,28484,84,142,0,83886097,0x05000011,misc,,00000017.pro,-1,,0
800,,197040,0,2327,28493,93,142,0,83886092,0x0500000C,misc,,00000012.pro,-1,,0
801,,197128,0,2330,28514,114,142,0,83886092,0x0500000C,misc,,00000012.pro,-1,,0
802,,197216,0,2333,28515,115,142,0,83886092,0x0500000C,misc,,00000012.pro,-1,,0
803,,197304,0,2336,28516,116,142,0,83886092,0x0500000C,misc,,00000012.pro,-1,,0
804,,197392,0,2339,28517,117,142,0,83886092,0x0500000C,misc,,00000012.pro,-1,,0
805,,197480,0,2342,28530,130,142,0,83886098,0x05000012,misc,,00000018.pro,-1,,0
806,,197584,0,2345,28531,131,142,0,83886098,0x05000012,misc,,00000018.pro,-1,,0
807,,197688,0,2348,28645,45,143,0,33554534,0x02000066,scenery,generic,00000103.pro,-1,,0
808,,197776,0,2349,28685,85,143,0,83886097,0x05000011,misc,,00000017.pro,-1,,0
809,,197880,0,2352,28693,93,143,0,83886092,0x0500000C,misc,,00000012.pro,-1,,0
810,,197968,0,2355,28694,94,143,0,83886092,0x0500000C,misc,,00000012.pro,-1,,0
811,,198056,0,2358,28712,112,143,0,83886092,0x0500000C,misc,,00000012.pro,-1,,0
812,,198144,0,2361,28713,113,143,0,83886092,0x0500000C,misc,,00000012.pro,-1,,0
813,,198232,0,2364,28714,114,143,0,83886092,0x0500000C,misc,,00000012.pro,-1,,0
814,,198320,0,2367,28715,115,143,0,83886092,0x0500000C,misc,,00000012.pro,-1,,0
815,,198408,0,2371,28728,128,143,0,83886098,0x05000012,misc,,00000018.pro,-1,,0
816,,198512,0,2374,28729,129,143,0,83886098,0x05000012,misc,,00000018.pro,-1,,0
817,,198616,0,2377,28885,85,144,0,83886097,0x05000011,misc,,00000017.pro,-1,,0
818,,198720,0,2380,28886,86,144,0,83886097,0x05000011,misc,,00000017.pro,-1,,0
819,,198824,0,2383,28894,94,144,0,83886092,0x0500000C,misc,,00000012.pro,-1,,0
820,,198912,0,2386,28910,110,144,0,83886092,0x0500000C,misc,,00000012.pro,-1,,0
821,,199000,0,2389,28911,111,144,0,83886092,0x0500000C,misc,,00000012.pro,-1,,0
822,,199088,0,2392,28912,112,144,0,83886092,0x0500000C,misc,,00000012.pro,-1,,0
823,,199176,0,2395,28913,113,144,0,83886092,0x0500000C,misc,,00000012.pro,-1,,0
824,,199264,0,2398,28926,126,144,0,83886098,0x05000012,misc,,00000018.pro,-1,,0
825,,199368,0,2401,28927,127,144,0,83886098,0x05000012,misc,,00000018.pro,-1,,0
826,,199472,0,2404,29086,86,145,0,83886097,0x05000011,misc,,00000017.pro,-1,,0
827,,199576,0,2407,29095,95,145,0,83886092,0x0500000C,misc,,00000012.pro,-1,,0
828,,199664,0,2410,29108,108,145,0,83886092,0x0500000C,misc,,00000012.pro,-1,,0
829,,199752,0,2413,29109,109,145,0,83886092,0x0500000C,misc,,00000012.pro,-1,,0
830,,199840,0,2416,29110,110,145,0,83886092,0x0500000C,misc,,00000012.pro,-1,,0
831,,199928,0,2419,29111,111,145,0,83886092,0x0500000C,misc,,00000012.pro,-1,,0
832,,200016,0,2422,29124,124,145,0,83886098,0x05000012,misc,,00000018.pro,-1,,0
833,,200120,0,2425,29125,125,145,0,83886098,0x05000012,misc,,00000018.pro,-1,,0
834,,200224,0,2428,29150,150,145,0,33554534,0x02000066,scenery,generic,00000103.pro,-1,,0
835,,200312,0,2429,29287,87,146,0,83886097,0x05000011,misc,,00000017.pro,-1,,0
836,,200416,0,2432,29295,95,146,0,83886092,0x0500000C,misc,,00000012.pro,-1,,0
837,,200504,0,2435,29296,96,146,0,83886092,0x0500000C,misc,,00000012.pro,-1,,0
838,,200592,0,2438,29306,106,146,0,83886092,0x0500000C,misc,,00000012.pro,-1,,0
839,,200680,0,2441,29307,107,146,0,83886092,0x0500000C,misc,,00000012.pro,-1,,0
840,,200768,0,2444,29308,108,146,0,83886092,0x0500000C,misc,,00000012.pro,-1,,0
841,,200856,0,2447,29309,109,146,0,83886092,0x0500000C,misc,,00000012.pro,-1,,0
842,,200944,0,2450,29322,122,146,0,83886098,0x05000012,misc,,00000018.pro,-1,,0
843,,201048,0,2453,29323,123,146,0,83886098,0x05000012,misc,,00000018.pro,-1,,0
844,,201152,0,2456,29487,87,147,0,83886097,0x05000011,misc,,00000017.pro,-1,,0
845,,201256,0,2459,29488,88,147,0,83886097,0x05000011,misc,,00000017.pro,-1,,0
846,,201360,0,2462,29496,96,147,0,83886092,0x0500000C,misc,,00000012.pro,-1,,0
847,,201448,0,2465,29504,104,147,0,83886092,0x0500000C,misc,,00000012.pro,-1,,0
848,,201536,0,2468,29505,105,147,0,83886092,0x0500000C,misc,,00000012.pro,-1,,0
849,,201624,0,2471,29506,106,147,0,83886092,0x0500000C,misc,,00000012.pro,-1,,0
850,,201712,0,2474,29507,107,147,0,83886092,0x0500000C,misc,,00000012.pro,-1,,0
851,,201800,0,2477,29520,120,147,0,83886098,0x05000012,misc,,00000018.pro,-1,,0
852,,201904,0,2480,29521,121,147,0,83886098,0x05000012,misc,,00000018.pro,-1,,0
853,,202008,0,2483,29666,66,148,0,33554536,0x02000068,scenery,generic,00000105.pro,-1,,0
854,,202096,0,2484,29667,67,148,0,33554537,0x02000069,scenery,generic,00000106.pro,-1,,0
855,,202184,0,2485,29688,88,148,0,83886097,0x05000011,misc,,00000017.pro,-1,,0
856,,202288,0,2488,29697,97,148,0,83886092,0x0500000C,misc,,00000012.pro,-1,,0
857,,202376,0,2491,29702,102,148,0,83886092,0x0500000C,misc,,00000012.pro,-1,,0
858,,202464,0,2494,29703,103,148,0,83886092,0x0500000C,misc,,00000012.pro,-1,,0
859,,202552,0,2497,29704,104,148,0,83886092,0x0500000C,misc,,00000012.pro,-1,,0
860,,202640,0,2500,29705,105,148,0,83886092,0x0500000C,misc,,00000012.pro,-1,,0
861,,202728,0,2503,29718,118,148,0,83886098,0x05000012,misc,,00000018.pro,-1,,0
862,,202832,0,2506,29719,119,148,0,83886098,0x05000012,misc,,00000018.pro,-1,,0
863,,202936,0,2509,29889,89,149,0,83886097,0x05000011,misc,,00000017.pro,-1,,0
864,,203040,0,2512,29896,96,149,0,33554535,0x02000067,scenery,generic,00000104.pro,-1,,0
865,,203128,0,2513,29897,97,149,0,83886092,0x0500000C,misc,,00000012.pro,-1,,0
866,,203216,0,2516,29898,98,149,0,83886092,0x0500000C,misc,,00000012.pro,-1,,0
867,,203304,0,2519,29900,100,149,0,83886092,0x0500000C,misc,,00000012.pro,-1,,0
868,,203392,0,2522,29901,101,149,0,83886092,0x0500000C,misc,,00000012.pro,-1,,0
869,,203480,0,2525,29902,102,149,0,83886092,0x0500000C,misc,,00000012.pro,-1,,0
870,,203568,0,2528,29903,103,149,0,83886092,0x0500000C,misc,,00000012.pro,-1,,0
871,,203656,0,2532,29916,116,149,0,83886098,0x05000012,misc,,00000018.pro,-1,,0
872,,203760,0,2535,29917,117,149,0,83886098,0x05000012,misc,,00000018.pro,-1,,0
873,,203864,0,2538,30089,89,150,0,83886097,0x05000011,misc,,00000017.pro,-1,,0
874,,203968,0,2541,30090,90,150,0,83886097,0x05000011,misc,,00000017.pro,-1,,0
875,,204072,0,2544,30095,95,150,0,33554559,0x0200007F,scenery,generic,00000128.pro,-1,,0
876,,204160,0,2545,30096,96,150,0,33554558,0x0200007E,scenery,generic,00000127.pro,-1,,0
877,,204248,0,2546,30098,98,150,0,83886092,0x0500000C,misc,,00000012.pro,-1,,0
878,,204336,0,2549,30099,99,150,0,83886092,0x0500000C,misc,,00000012.pro,-1,,0
879,,204424,0,2552,30100,100,150,0,83886092,0x0500000C,misc,,00000012.pro,-1,,0
880,,204512,0,2555,30101,101,150,0,83886092,0x0500000C,misc,,00000012.pro,-1,,0
881,,204600,0,2558,30114,114,150,0,83886098,0x05000012,misc,,00000018.pro,-1,,0
882,,204704,0,2561,30115,115,150,0,83886098,0x05000012,misc,,00000018.pro,-1,,0
883,,204808,0,2564,30290,90,151,0,83886097,0x05000011,misc,,00000017.pro,-1,,0
884,,204912,0,2567,30299,99,151,0,83886092,0x0500000C,misc,,00000012.pro,-1,,0
885,,205000,0,2570,30312,112,151,0,83886098,0x05000012,misc,,00000018.pro,-1,,0
886,,205104,0,2573,30313,113,151,0,83886098,0x05000012,misc,,00000018.pro,-1,,0
887,,205208,0,2576,30491,91,152,0,83886097,0x05000011,misc,,00000017.pro,-1,,0
888,,205312,0,2579,30510,110,152,0,83886098,0x05000012,misc,,00000018.pro,-1,,0
889,,205416,0,2582,30511,111,152,0,83886098,0x05000012,misc,,00000018.pro,-1,,0
890,,205520,0,2585,30691,91,153,0,83886097,0x05000011,misc,,00000017.pro,-1,,0
891,,205624,0,2588,30692,92,153,0,83886097,0x05000011,misc,,00000017.pro,-1,,0
892,,205728,0,2591,30708,108,153,0,83886098,0x05000012,misc,,00000018.pro,-1,,0
893,,205832,0,2594,30709,109,153,0,83886098,0x05000012,misc,,00000018.pro,-1,,0
894,,205936,0,2597,30892,92,154,0,83886097,0x05000011,misc,,00000017.pro,-1,,0
895,,206040,0,2600,30906,106,154,0,83886098,0x05000012,misc,,00000018.pro,-1,,0
896,,206144,0,2603,30907,107,154,0,83886098,0x05000012,misc,,00000018.pro,-1,,0
897,,206248,0,2606,31093,93,155,0,83886097,0x05000011,misc,,00000017.pro,-1,,0
898,,206352,0,2609,31104,104,155,0,83886098,0x05000012,misc,,00000018.pro,-1,,0
899,,206456,0,2612,31105,105,155,0,83886098,0x05000012,misc,,00000018.pro,-1,,0
900,,206560,0,2615,31293,93,156,0,83886097,0x05000011,misc,,00000017.pro,-1,,0
901,,206664,0,2618,31294,94,156,0,83886097,0x05000011,misc,,00000017.pro,-1,,0
902,,206768,0,2621,31302,102,156,0,83886098,0x05000012,misc,,00000018.pro,-1,,0
903,,206872,0,2624,31303,103,156,0,83886098,0x05000012,misc,,00000018.pro,-1,,0
904,,206976,0,2627,31494,94,157,0,83886097,0x05000011,misc,,00000017.pro,-1,,0
905,,207080,0,2630,31500,100,157,0,83886098,0x05000012,misc,,00000018.pro,-1,,0
906,,207184,0,2633,31501,101,157,0,83886098,0x05000012,misc,,00000018.pro,-1,,0
907,,207288,0,2636,31695,95,158,0,83886097,0x05000011,misc,,00000017.pro,-1,,0
908,,207392,0,2639,31698,98,158,0,83886098,0x05000012,misc,,00000018.pro,-1,,0
909,,207496,0,2642,31699,99,158,0,83886098,0x05000012,misc,,00000018.pro,-1,,0
910,,207600,0,2645,31895,95,159,0,83886097,0x05000011,misc,,00000017.pro,-1,,0
911,,207704,0,2648,31896,96,159,0,83886098,0x05000012,misc,,00000018.pro,-1,,0
912,,207808,0,2651,31897,97,159,0,83886098,0x05000012,misc,,00000018.pro,-1,,0
913,,207912,0,2654,32094,94,160,0,83886098,0x05000012,misc,,00000018.pro,-1,,0
914,,208016,0,2657,32095,95,160,0,83886098,0x05000012,misc,,00000018.pro,-1,,0
915,,208124,1,26,6910,110,34,0,83886099,0x05000013,misc,,00000019.pro,-1,,0
916,,208228,1,29,6911,111,34,0,83886099,0x05000013,misc,,00000019.pro,-1,,0
917,,208332,1,32,7108,108,35,0,83886099,0x05000013,misc,,00000019.pro,-1,,0
918,,208436,1,35,7109,109,35,0,83886099,0x05000013,misc,,00000019.pro,-1,,0
919,,208540,1,38,7110,110,35,0,83886096,0x05000010,misc,,00000016.pro,-1,,0
920,,208644,1,41,7306,106,36,0,83886099,0x05000013,misc,,00000019.pro,-1,,0
921,,208748,1,44,7307,107,36,0,83886099,0x05000013,misc,,00000019.pro,-1,,0
922,,208852,1,47,7310,110,36,0,83886096,0x05000010,misc,,00000016.pro,-1,,0
923,,208956,1,50,7504,104,37,0,83886099,0x05000013,misc,,00000019.pro,-1,,0
924,,209060,1,53,7505,105,37,0,83886099,0x05000013,misc,,00000019.pro,-1,,0
925,,209164,1,56,7511,111,37,0,83886096,0x05000010,misc,,00000016.pro,-1,,0
926,,209268,1,59,7702,102,38,0,83886099,0x05000013,misc,,00000019.pro,-1,,0
927,,209372,1,62,7703,103,38,0,83886099,0x05000013,misc,,00000019.pro,-1,,0
928,,209476,1,65,7711,111,38,0,83886096,0x05000010,misc,,00000016.pro,-1,,0
929,,209580,1,68,7712,112,38,0,83886096,0x05000010,misc,,00000016.pro,-1,,0
930,,209684,1,71,7900,100,39,0,83886099,0x05000013,misc,,00000019.pro,-1,,0
931,,209788,1,74,7901,101,39,0,83886099,0x05000013,misc,,00000019.pro,-1,,0
932,,209892,1,77,7912,112,39,0,83886096,0x05000010,misc,,00000016.pro,-1,,0
933,,209996,1,80,8098,98,40,0,83886099,0x05000013,misc,,00000019.pro,-1,,0
934,,210100,1,83,8099,99,40,0,83886099,0x05000013,misc,,00000019.pro,-1,,0
935,,210204,1,86,8113,113,40,0,83886096,0x05000010,misc,,00000016.pro,-1,,0
936,,210308,1,89,8296,96,41,0,83886099,0x05000013,misc,,00000019.pro,-1,,0
937,,210412,1,92,8297,97,41,0,83886099,0x05000013,misc,,00000019.pro,-1,,0
938,,210516,1,95,8313,113,41,0,83886096,0x05000010,misc,,00000016.pro,-1,,0
939,,210620,1,98,8314,114,41,0,83886096,0x05000010,misc,,00000016.pro,-1,,0
940,,210724,1,101,8494,94,42,0,83886099,0x05000013,misc,,00000019.pro,-1,,0
941,,210828,1,104,8495,95,42,0,83886099,0x05000013,misc,,00000019.pro,-1,,0
942,,210932,1,107,8514,114,42,0,83886096,0x05000010,misc,,00000016.pro,-1,,0
943,,211036,1,110,8692,92,43,0,83886099,0x05000013,misc,,00000019.pro,-1,,0
944,,211140,1,113,8693,93,43,0,83886099,0x05000013,misc,,00000019.pro,-1,,0
945,,211244,1,116,8706,106,43,0,83886092,0x0500000C,misc,,00000012.pro,-1,,0
946,,211332,1,119,8715,115,43,0,83886096,0x05000010,misc,,00000016.pro,-1,,0
947,,211436,1,122,8890,90,44,0,83886099,0x05000013,misc,,00000019.pro,-1,,0
948,,211540,1,125,8891,91,44,0,83886099,0x05000013,misc,,00000019.pro,-1,,0
949,,211644,1,128,8904,104,44,0,83886092,0x0500000C,misc,,00000012.pro,-1,,0
950,,211732,1,131,8905,105,44,0,83886092,0x0500000C,misc,,00000012.pro,-1,,0
951,,211820,1,134,8906,106,44,0,83886092,0x0500000C,misc,,00000012.pro,-1,,0
952,,211908,1,137,8915,115,44,0,83886096,0x05000010,misc,,00000016.pro,-1,,0
953,,212012,1,140,8916,116,44,0,83886096,0x05000010,misc,,00000016.pro,-1,,0
954,,212116,1,143,9088,88,45,0,83886099,0x05000013,misc,,00000019.pro,-1,,0
955,,212220,1,146,9089,89,45,0,83886099,0x05000013,misc,,00000019.pro,-1,,0
956,,212324,1,149,9102,102,45,0,83886092,0x0500000C,misc,,00000012.pro,-1,,0
957,,212412,1,152,9103,103,45,0,83886092,0x0500000C,misc,,00000012.pro,-1,,0
958,,212500,1,155,9104,104,45,0,83886092,0x0500000C,misc,,00000012.pro,-1,,0
959,,212588,1,158,9105,105,45,0,83886092,0x0500000C,misc,,00000012.pro,-1,,0
960,,212676,1,161,9107,107,45,0,83886092,0x0500000C,misc,,00000012.pro,-1,,0
961,,212764,1,164,9116,116,45,0,83886096,0x05000010,misc,,00000016.pro,-1,,0
962,,212868,1,168,9286,86,46,0,83886099,0x05000013,misc,,00000019.pro,-1,,0
963,,212972,1,171,9287,87,46,0,83886099,0x05000013,misc,,00000019.pro,-1,,0
964,,213076,1,174,9300,100,46,0,83886092,0x0500000C,misc,,00000012.pro,-1,,0
965,,213164,1,177,9301,101,46,0,83886092,0x0500000C,misc,,00000012.pro,-1,,0
966,,213252,1,180,9302,102,46,0,83886092,0x0500000C,misc,,00000012.pro,-1,,0
967,,213340,1,183,9303,103,46,0,83886092,0x0500000C,misc,,00000012.pro,-1,,0
968,,213428,1,186,9307,107,46,0,83886092,0x0500000C,misc,,00000012.pro,-1,,0
969,,213516,1,189,9308,108,46,0,83886092,0x0500000C,misc,,00000012.pro,-1,,0
970,,213604,1,192,9317,117,46,0,83886096,0x05000010,misc,,00000016.pro,-1,,0
971,,213708,1,195,9484,84,47,0,83886099,0x05000013,misc,,00000019.pro,-1,,0
972,,213812,1,198,9485,85,47,0,83886099,0x05000013,misc,,00000019.pro,-1,,0
973,,213916,1,201,9498,98,47,0,83886092,0x0500000C,misc,,00000012.pro,-1,,0
974,,214004,1,204,9499,99,47,0,83886092,0x0500000C,misc,,00000012.pro,-1,,0
975,,214092,1,207,9500,100,47,0,83886092,0x0500000C,misc,,00000012.pro,-1,,0
976,,214180,1,210,9501,101,47,0,83886092,0x0500000C,misc,,00000012.pro,-1,,0
977,,214268,1,213,9508,108,47,0,83886092,0x0500000C,misc,,00000012.pro,-1,,0
978,,214356,1,216,9517,117,47,0,83886096,0x05000010,misc,,00000016.pro,-1,,0
979,,214460,1,219,9518,118,47,0,83886096,0x05000010,misc,,00000016.pro,-1,,0
980,,214564,1,222,9682,82,48,0,83886099,0x05000013,misc,,00000019.pro,-1,,0
981,,214668,1,225,9683,83,48,0,83886099,0x05000013,misc,,00000019.pro,-1,,0
982,,214772,1,228,9696,96,48,0,83886092,0x0500000C,misc,,00000012.pro,-1,,0
983,,214860,1,231,9697,97,48,0,83886092,0x0500000C,misc,,00000012.pro,-1,,0
984,,214948,1,234,9698,98,48,0,83886092,0x0500000C,misc,,00000012.pro,-1,,0
985,,215036,1,237,9699,99,48,0,83886092,0x0500000C,misc,,00000012.pro,-1,,0
986,,215124,1,240,9709,109,48,0,83886092,0x0500000C,misc,,00000012.pro,-1,,0
987,,215212,1,243,9718,118,48,0,83886096,0x05000010,misc,,00000016.pro,-1,,0
988,,215316,1,246,9880,80,49,0,83886099,0x05000013,misc,,00000019.pro,-1,,0
989,,215420,1,249,9881,81,49,0,83886099,0x05000013,misc,,00000019.pro,-1,,0
990,,215524,1,252,9894,94,49,0,83886092,0x0500000C,misc,,00000012.pro,-1,,0
991,,215612,1,255,9895,95,49,0,83886092,0x0500000C,misc,,00000012.pro,-1,,0
992,,215700,1,258,9896,96,49,0,83886092,0x0500000C,misc,,00000012.pro,-1,,0
993,,215788,1,261,9897,97,49,0,83886092,0x0500000C,misc,,00000012.pro,-1,,0
994,,215876,1,264,9909,109,49,0,83886092,0x0500000C,misc,,00000012.pro,-1,,0
995,,215964,1,267,9910,110,49,0,83886092,0x0500000C,misc,,00000012.pro,-1,,0
996,,216052,1,270,9919,119,49,0,83886096,0x05000010,misc,,00000016.pro,-1,,0
997,,216156,1,273,10078,78,50,0,83886099,0x05000013,misc,,00000019.pro,-1,,0
998,,216260,1,276,10079,79,50,0,83886099,0x05000013,misc,,00000019.pro,-1,,0
999,,216364,1,279,10092,92,50,0,83886092,0x0500000C,misc,,00000012.pro,-1,,0
1000,,216452,1,282,10093,93,50,0,83886092,0x0500000C,misc,,00000012.pro,-1,,0
1001,,216540,1,285,10094,94,50,0,83886092,0x0500000C,misc,,00000012.pro,-1,,0
1002,,216628,1,288,10095,95,50,0,83886092,0x0500000C,misc,,00000012.pro,-1,,0
1003,,216716,1,291,10110,110,50,0,83886092,0x0500000C,misc,,00000012.pro,-1,,0
1004,,216804,1,294,10119,119,50,0,83886096,0x05000010,misc,,00000016.pro,-1,,0
1005,,216908,1,297,10120,120,50,0,83886096,0x05000010,misc,,00000016.pro,-1,,0
1006,,217012,1,300,10276,76,51,0,83886099,0x05000013,misc,,00000019.pro,-1,,0
1007,,217116,1,303,10277,77,51,0,83886099,0x05000013,misc,,00000019.pro,-1,,0
1008,,217220,1,306,10290,90,51,0,83886092,0x0500000C,misc,,00000012.pro,-1,,0
1009,,217308,1,309,10291,91,51,0,83886092,0x0500000C,misc,,00000012.pro,-1,,0
1010,,217396,1,312,10292,92,51,0,83886092,0x0500000C,misc,,00000012.pro,-1,,0
1011,,217484,1,315,10293,93,51,0,83886092,0x0500000C,misc,,00000012.pro,-1,,0
1012,,217572,1,318,10311,111,51,0,83886092,0x0500000C,misc,,00000012.pro,-1,,0
1013,,217660,1,321,10320,120,51,0,83886096,0x05000010,misc,,00000016.pro,-1,,0
1014,,217764,1,324,10474,74,52,0,83886099,0x05000013,misc,,00000019.pro,-1,,0
1015,,217868,1,327,10475,75,52,0,83886099,0x05000013,misc,,00000019.pro,-1,,0
1016,,217972,1,330,10488,88,52,0,83886092,0x0500000C,misc,,00000012.pro,-1,,0
1017,,218060,1,333,10489,89,52,0,83886092,0x0500000C,misc,,00000012.pro,-1,,0
1018,,218148,1,336,10490,90,52,0,83886092,0x0500000C,misc,,00000012.pro,-1,,0
1019,,218236,1,339,10491,91,52,0,83886092,0x0500000C,misc,,00000012.pro,-1,,0
1020,,218324,1,342,10511,111,52,0,83886092,0x0500000C,misc,,00000012.pro,-1,,0
1021,,218412,1,345,10512,112,52,0,83886092,0x0500000C,misc,,00000012.pro,-1,,0
1022,,218500,1,348,10521,121,52,0,83886096,0x05000010,misc,,00000016.pro,-1,,0
1023,,218604,1,352,10672,72,53,0,83886099,0x05000013,misc,,00000019.pro,-1,,0
1024,,218708,1,355,10673,73,53,0,83886099,0x05000013,misc,,00000019.pro,-1,,0
1025,,218812,1,358,10686,86,53,0,83886092,0x0500000C,misc,,00000012.pro,-1,,0
1026,,218900,1,361,10687,87,53,0,83886092,0x0500000C,misc,,00000012.pro,-1,,0
1027,,218988,1,364,10688,88,53,0,83886092,0x0500000C,misc,,00000012.pro,-1,,0
1028,,219076,1,367,10689,89,53,0,83886092,0x0500000C,misc,,00000012.pro,-1,,0
1029,,219164,1,370,10712,112,53,0,83886092,0x0500000C,misc,,00000012.pro,-1,,0
1030,,219252,1,373,10721,121,53,0,83886096,0x05000010,misc,,00000016.pro,-1,,0
1031,,219356,1,376,10722,122,53,0,83886096,0x05000010,misc,,00000016.pro,-1,,0
1032,,219460,1,383,10870,70,54,0,83886099,0x05000013,misc,,00000019.pro,-1,,0
1033,,219564,1,386,10871,71,54,0,83886099,0x05000013,misc,,00000019.pro,-1,,0
1034,,219668,1,389,10884,84,54,0,83886092,0x0500000C,misc,,00000012.pro,-1,,0
1035,,219756,1,392,10885,85,54,0,83886092,0x0500000C,misc,,00000012.pro,-1,,0
1036,,219844,1,395,10886,86,54,0,83886092,0x0500000C,misc,,00000012.pro,-1,,0
1037,,219932,1,398,10887,87,54,0,83886092,0x0500000C,misc,,00000012.pro,-1,,0
1038,,220020,1,403,10913,113,54,0,83886092,0x0500000C,misc,,00000012.pro,-1,,0
1039,,220108,1,406,10922,122,54,0,83886096,0x05000010,misc,,00000016.pro,-1,,0
1040,,220212,1,409,11068,68,55,0,83886099,0x05000013,misc,,00000019.pro,-1,,0
1041,,220316,1,412,11069,69,55,0,83886099,0x05000013,misc,,00000019.pro,-1,,0
1042,,220420,1,416,11082,82,55,0,83886092,0x0500000C,misc,,00000012.pro,-1,,0
1043,,220508,1,419,11083,83,55,0,83886092,0x0500000C,misc,,00000012.pro,-1,,0
1044,,220596,1,422,11084,84,55,0,83886092,0x0500000C,misc,,00000012.pro,-1,,0
1045,,220684,1,425,11085,85,55,0,83886092,0x0500000C,misc,,00000012.pro,-1,,0
1046,,220772,1,428,11113,113,55,0,83886092,0x0500000C,misc,,00000012.pro,-1,,0
1047,,220860,1,431,11114,114,55,0,83886092,0x0500000C,misc,,00000012.pro,-1,,0
1048,,220948,1,434,11123,123,55,0,83886096,0x05000010,misc,,00000016.pro,-1,,0
1049,,221052,1,441,11266,66,56,0,83886099,0x05000013,misc,,00000019.pro,-1,,0
1050,,221156,1,444,11267,67,56,0,83886099,0x05000013,misc,,00000019.pro,-1,,0
1051,,221260,1,447,11280,80,56,0,83886092,0x0500000C,misc,,00000012.pro,-1,,0
1052,,221348,1,450,11281,81,56,0,83886092,0x0500000C,misc,,00000012.pro,-1,,0
1053,,221436,1,453,11282,82,56,0,83886092,0x0500000C,misc,,00000012.pro,-1,,0
1054,,221524,1,456,11283,83,56,0,83886092,0x0500000C,misc,,00000012.pro,-1,,0
1055,,221612,1,459,11314,114,56,0,83886092,0x0500000C,misc,,00000012.pro,-1,,0
1056,,221700,1,462,11323,123,56,0,83886096,0x05000010,misc,,00000016.pro,-1,,0
1057,,221804,1,465,11324,124,56,0,83886096,0x05000010,misc,,00000016.pro,-1,,0
1058,,221908,1,468,11464,64,57,0,83886099,0x05000013,misc,,00000019.pro,-1,,0
1059,,222012,1,471,11465,65,57,0,83886099,0x05000013,misc,,00000019.pro,-1,,0
1060,,222116,1,474,11478,78,57,0,83886092,0x0500000C,misc,,00000012.pro,-1,,0
1061,,222204,1,477,11479,79,57,0,83886092,0x0500000C,misc,,00000012.pro,-1,,0
1062,,222292,1,480,11480,80,57,0,83886092,0x0500000C,misc,,00000012.pro,-1,,0
1063,,222380,1,483,11481,81,57,0,83886092,0x0500000C,misc,,00000012.pro,-1,,0
1064,,222468,1,486,11515,115,57,0,83886092,0x0500000C,misc,,00000012.pro,-1,,0
1065,,222556,1,489,11524,124,57,0,83886096,0x05000010,misc,,00000016.pro,-1,,0
1066,,222660,1,492,11662,62,58,0,83886099,0x05000013,misc,,00000019.pro,-1,,0
1067,,222764,1,495,11663,63,58,0,83886099,0x05000013,misc,,00000019.pro,-1,,0
1068,,222868,1,498,11676,76,58,0,83886092,0x0500000C,misc,,00000012.pro,-1,,0
1069,,222956,1,501,11677,77,58,0,83886092,0x0500000C,misc,,00000012.pro,-1,,0
1070,,223044,1,504,11678,78,58,0,83886092,0x0500000C,misc,,00000012.pro,-1,,0
1071,,223132,1,507,11679,79,58,0,83886092,0x0500000C,misc,,00000012.pro,-1,,0
1072,,223220,1,510,11715,115,58,0,83886092,0x0500000C,misc,,00000012.pro,-1,,0
1073,,223308,1,513,11716,116,58,0,83886092,0x0500000C,misc,,00000012.pro,-1,,0
1074,,223396,1,516,11725,125,58,0,83886096,0x05000010,misc,,00000016.pro,-1,,0
1075,,223500,1,519,11860,60,59,0,83886099,0x05000013,misc,,00000019.pro,-1,,0
1076,,223604,1,522,11861,61,59,0,83886099,0x05000013,misc,,00000019.pro,-1,,0
1077,,223708,1,525,11874,74,59,0,83886092,0x0500000C,misc,,00000012.pro,-1,,0
1078,,223796,1,528,11875,75,59,0,83886092,0x0500000C,misc,,00000012.pro,-1,,0
1079,,223884,1,531,11876,76,59,0,83886092,0x0500000C,misc,,00000012.pro,-1,,0
1080,,223972,1,534,11877,77,59,0,83886092,0x0500000C,misc,,00000012.pro,-1,,0
1081,,224060,1,537,11916,116,59,0,83886092,0x0500000C,misc,,00000012.pro,-1,,0
1082,,224148,1,540,11925,125,59,0,83886096,0x05000010,misc,,00000016.pro,-1,,0
1083,,224252,1,543,11926,126,59,0,83886096,0x05000010,misc,,00000016.pro,-1,,0
1084,,224356,1,546,12058,58,60,0,83886099,0x05000013,misc,,00000019.pro,-1,,0
1085,,224460,1,549,12059,59,60,0,83886099,0x05000013,misc,,00000019.pro,-1,,0
1086,,224564,1,552,12072,72,60,0,83886092,0x0500000C,misc,,00000012.pro,-1,,0
1087,,224652,1,555,12073,73,60,0,83886092,0x0500000C,misc,,00000012.pro,-1,,0
1088,,224740,1,558,12074,74,60,0,83886092,0x0500000C,misc,,00000012.pro,-1,,0
1089,,224828,1,561,12075,75,60,0,83886092,0x0500000C,misc,,00000012.pro,-1,,0
1090,,224916,1,564,12117,117,60,0,83886092,0x0500000C,misc,,00000012.pro,-1,,0
1091,,225004,1,567,12126,126,60,0,83886096,0x05000010,misc,,00000016.pro,-1,,0
1092,,225108,1,570,12256,56,61,0,83886099,0x05000013,misc,,00000019.pro,-1,,0
1093,,225212,1,573,12257,57,61,0,83886099,0x05000013,misc,,00000019.pro,-1,,0
1094,,225316,1,576,12270,70,61,0,83886092,0x0500000C,misc,,00000012.pro,-1,,0
1095,,225404,1,579,12271,71,61,0,83886092,0x0500000C,misc,,00000012.pro,-1,,0
1096,,225492,1,582,12272,72,61,0,83886092,0x0500000C,misc,,00000012.pro,-1,,0
1097,,225580,1,585,12273,73,61,0,83886092,0x0500000C,misc,,00000012.pro,-1,,0
1098,,225668,1,588,12317,117,61,0,83886092,0x0500000C,misc,,00000012.pro,-1,,0
1099,,225756,1,591,12318,118,61,0,83886092,0x0500000C,misc,,00000012.pro,-1,,0
1100,,225844,1,594,12327,127,61,0,83886096,0x05000010,misc,,00000016.pro,-1,,0
1101,,225948,1,597,12454,54,62,0,83886099,0x05000013,misc,,00000019.pro,-1,,0
1102,,226052,1,600,12455,55,62,0,83886099,0x05000013,misc,,00000019.pro,-1,,0
1103,,226156,1,603,12468,68,62,0,83886092,0x0500000C,misc,,00000012.pro,-1,,0
1104,,226244,1,606,12469,69,62,0,83886092,0x0500000C,misc,,00000012.pro,-1,,0
1105,,226332,1,609,12470,70,62,0,83886092,0x0500000C,misc,,00000012.pro,-1,,0
1106,,226420,1,612,12471,71,62,0,83886092,0x0500000C,misc,,00000012.pro,-1,,0
1107,,226508,1,615,12518,118,62,0,83886092,0x0500000C,misc,,00000012.pro,-1,,0
1108,,226596,1,618,12527,127,62,0,83886096,0x05000010,misc,,00000016.pro,-1,,0
1109,,226700,1,621,12528,128,62,0,83886096,0x05000010,misc,,00000016.pro,-1,,0
1110,,226804,1,624,12652,52,63,0,83886099,0x05000013,misc,,00000019.pro,-1,,0
1111,,226908,1,627,12653,53,63,0,83886099,0x05000013,misc,,00000019.pro,-1,,0
1112,,227012,1,630,12666,66,63,0,83886092,0x0500000C,misc,,00000012.pro,-1,,0
1113,,227100,1,633,12667,67,63,0,83886092,0x0500000C,misc,,00000012.pro,-1,,0
1114,,227188,1,636,12668,68,63,0,83886092,0x0500000C,misc,,00000012.pro,-1,,0
1115,,227276,1,639,12669,69,63,0,83886092,0x0500000C,misc,,00000012.pro,-1,,0
1116,,227364,1,642,12719,119,63,0,83886092,0x0500000C,misc,,00000012.pro,-1,,0
1117,,227452,1,645,12728,128,63,0,83886096,0x05000010,misc,,00000016.pro,-1,,0
1118,,227556,1,648,12850,50,64,0,83886099,0x05000013,misc,,00000019.pro,-1,,0
1119,,227660,1,651,12851,51,64,0,83886099,0x05000013,misc,,00000019.pro,-1,,0
1120,,227764,1,654,12864,64,64,0,83886092,0x0500000C,misc,,00000012.pro,-1,,0
1121,,227852,1,657,12865,65,64,0,83886092,0x0500000C,misc,,00000012.pro,-1,,0
1122,,227940,1,660,12866,66,64,0,83886092,0x0500000C,misc,,00000012.pro,-1,,0
1123,,228028,1,663,12867,67,64,0,83886092,0x0500000C,misc,,00000012.pro,-1,,0
1124,,228116,1,666,12919,119,64,0,83886092,0x0500000C,misc,,00000012.pro,-1,,0
1125,,228204,1,669,12920,120,64,0,83886092,0x0500000C,misc,,00000012.pro,-1,,0
1126,,228292,1,672,12929,129,64,0,83886096,0x05000010,misc,,00000016.pro,-1,,0
1127,,228396,1,675,13048,48,65,0,83886099,0x05000013,misc,,00000019.pro,-1,,0
1128,,228500,1,678,13049,49,65,0,83886099,0x05000013,misc,,00000019.pro,-1,,0
1129,,228604,1,681,13062,62,65,0,83886092,0x0500000C,misc,,00000012.pro,-1,,0
1130,,228692,1,684,13063,63,65,0,83886092,0x0500000C,misc,,00000012.pro,-1,,0
1131,,228780,1,687,13064,64,65,0,83886092,0x0500000C,misc,,00000012.pro,-1,,0
1132,,228868,1,690,13065,65,65,0,83886092,0x0500000C,misc,,00000012.pro,-1,,0
1133,,228956,1,693,13120,120,65,0,83886092,0x0500000C,misc,,00000012.pro,-1,,0
1134,,229044,1,696,13129,129,65,0,83886096,0x05000010,misc,,00000016.pro,-1,,0
1135,,229148,1,699,13130,130,65,0,83886096,0x05000010,misc,,00000016.pro,-1,,0
1136,,229252,1,702,13246,46,66,0,83886099,0x05000013,misc,,00000019.pro,-1,,0
1137,,229356,1,705,13247,47,66,0,83886099,0x05000013,misc,,00000019.pro,-1,,0
1138,,229460,1,708,13260,60,66,0,83886092,0x0500000C,misc,,00000012.pro,-1,,0
1139,,229548,1,711,13261,61,66,0,83886092,0x0500000C,misc,,00000012.pro,-1,,0
1140,,229636,1,714,13262,62,66,0,83886092,0x0500000C,misc,,00000012.pro,-1,,0
1141,,229724,1,717,13263,63,66,0,83886092,0x0500000C,misc,,00000012.pro,-1,,0
1142,,229812,1,720,13321,121,66,0,83886092,0x0500000C,misc,,00000012.pro,-1,,0
1143,,229900,1,723,13330,130,66,0,83886096,0x05000010,misc,,00000016.pro,-1,,0
1144,,230004,1,726,13444,44,67,0,83886099,0x05000013,misc,,00000019.pro,-1,,0
1145,,230108,1,729,13445,45,67,0,83886099,0x05000013,misc,,00000019.pro,-1,,0
1146,,230212,1,732,13458,58,67,0,83886092,0x0500000C,misc,,00000012.pro,-1,,0
1147,,230300,1,735,13459,59,67,0,83886092,0x0500000C,misc,,00000012.pro,-1,,0
1148,,230388,1,738,13460,60,67,0,83886092,0x0500000C,misc,,00000012.pro,-1,,0
1149,,230476,1,741,13461,61,67,0,83886092,0x0500000C,misc,,00000012.pro,-1,,0
1150,,230564,1,744,13521,121,67,0,83886092,0x0500000C,misc,,00000012.pro,-1,,0
1151,,230652,1,747,13522,122,67,0,83886092,0x0500000C,misc,,00000012.pro,-1,,0
1152,,230740,1,750,13531,131,67,0,83886096,0x05000010,misc,,00000016.pro,-1,,0
1153,,230844,1,753,13642,42,68,0,83886099,0x05000013,misc,,00000019.pro,-1,,0
1154,,230948,1,756,13643,43,68,0,83886099,0x05000013,misc,,00000019.pro,-1,,0
1155,,231052,1,759,13656,56,68,0,83886092,0x0500000C,misc,,00000012.pro,-1,,0
1156,,231140,1,762,13657,57,68,0,83886092,0x0500000C,misc,,00000012.pro,-1,,0
1157,,231228,1,765,13658,58,68,0,83886092,0x0500000C,misc,,00000012.pro,-1,,0
1158,,231316,1,768,13659,59,68,0,83886092,0x0500000C,misc,,00000012.pro,-1,,0
1159,,231404,1,771,13722,122,68,0,83886092,0x0500000C,misc,,00000012.pro,-1,,0
1160,,231492,1,774,13731,131,68,0,83886096,0x05000010,misc,,00000016.pro,-1,,0
1161,,231596,1,777,13732,132,68,0,83886096,0x05000010,misc,,00000016.pro,-1,,0
1162,,231700,1,780,13840,40,69,0,83886099,0x05000013,misc,,00000019.pro,-1,,0
1163,,231804,1,783,13841,41,69,0,83886099,0x05000013,misc,,00000019.pro,-1,,0
1164,,231908,1,786,13854,54,69,0,83886092,0x0500000C,misc,,00000012.pro,-1,,0
1165,,231996,1,789,13855,55,69,0,83886092,0x0500000C,misc,,00000012.pro,-1,,0
1166,,232084,1,792,13856,56,69,0,83886092,0x0500000C,misc,,00000012.pro,-1,,0
1167,,232172,1,795,13857,57,69,0,83886092,0x0500000C,misc,,00000012.pro,-1,,0
1168,,232260,1,798,13923,123,69,0,83886092,0x0500000C,misc,,00000012.pro,-1,,0
1169,,232348,1,801,13932,132,69,0,83886096,0x05000010,misc,,00000016.pro,-1,,0
1170,,232452,1,804,14038,38,70,0,83886099,0x05000013,misc,,00000019.pro,-1,,0
1171,,232556,1,807,14039,39,70,0,83886099,0x05000013,misc,,00000019.pro,-1,,0
1172,,232660,1,810,14052,52,70,0,83886092,0x0500000C,misc,,00000012.pro,-1,,0
1173,,232748,1,813,14053,53,70,0,83886092,0x0500000C,misc,,00000012.pro,-1,,0
1174,,232836,1,816,14054,54,70,0,83886092,0x0500000C,misc,,00000012.pro,-1,,0
1175,,232924,1,819,14055,55,70,0,83886092,0x0500000C,misc,,00000012.pro,-1,,0
1176,,233012,1,822,14123,123,70,0,83886092,0x0500000C,misc,,00000012.pro,-1,,0
1177,,233100,1,825,14124,124,70,0,83886092,0x0500000C,misc,,00000012.pro,-1,,0
1178,,233188,1,828,14133,133,70,0,83886096,0x05000010,misc,,00000016.pro,-1,,0
1179,,233292,1,831,14236,36,71,0,83886099,0x05000013,misc,,00000019.pro,-1,,0
1180,,233396,1,834,14237,37,71,0,83886099,0x05000013,misc,,00000019.pro,-1,,0
1181,,233500,1,837,14250,50,71,0,83886092,0x0500000C,misc,,00000012.pro,-1,,0
1182,,233588,1,840,14251,51,71,0,83886092,0x0500000C,misc,,00000012.pro,-1,,0
1183,,233676,1,843,14252,52,71,0,83886092,0x0500000C,misc,,00000012.pro,-1,,0
1184,,233764,1,846,14253,53,71,0,83886092,0x0500000C,misc,,00000012.pro,-1,,0
1185,,233852,1,849,14324,124,71,0,83886092,0x0500000C,misc,,00000012.pro,-1,,0
1186,,233940,1,852,14333,133,71,0,83886096,0x05000010,misc,,00000016.pro,-1,,0
1187,,234044,1,855,14334,134,71,0,83886096,0x05000010,misc,,00000016.pro,-1,,0
1188,,234148,1,858,14435,35,72,0,83886099,0x05000013,misc,,00000019.pro,-1,,0
1189,,234252,1,861,14437,37,72,0,83886097,0x05000011,misc,,00000017.pro,-1,,0
1190,,234356,1,864,14438,38,72,0,83886097,0x05000011,misc,,00000017.pro,-1,,0
1191,,234460,1,867,14448,48,72,0,83886092,0x0500000C,misc,,00000012.pro,-1,,0
1192,,234548,1,870,14449,49,72,0,83886092,0x0500000C,misc,,00000012.pro,-1,,0
1193,,234636,1,873,14450,50,72,0,83886092,0x0500000C,misc,,00000012.pro,-1,,0
1194,,234724,1,876,14451,51,72,0,83886092,0x0500000C,misc,,00000012.pro,-1,,0
1195,,234812,1,879,14525,125,72,0,83886092,0x0500000C,misc,,00000012.pro,-1,,0
1196,,234900,1,882,14534,134,72,0,83886096,0x05000010,misc,,00000016.pro,-1,,0
1197,,235004,1,885,14638,38,73,0,83886097,0x05000011,misc,,00000017.pro,-1,,0
1198,,235108,1,888,14647,47,73,0,83886092,0x0500000C,misc,,00000012.pro,-1,,0
1199,,235196,1,891,14648,48,73,0,83886092,0x0500000C,misc,,00000012.pro,-1,,0
1200,,235284,1,894,14649,49,73,0,83886092,0x0500000C,misc,,00000012.pro,-1,,0
1201,,235372,1,897,14725,125,73,0,83886092,0x0500000C,misc,,00000012.pro,-1,,0
1202,,235460,1,900,14726,126,73,0,83886092,0x0500000C,misc,,00000012.pro,-1,,0
1203,,235548,1,903,14735,135,73,0,83886096,0x05000010,misc,,00000016.pro,-1,,0
1204,,235652,1,906,14839,39,74,0,83886097,0x05000011,misc,,00000017.pro,-1,,0
1205,,235756,1,909,14847,47,74,0,83886092,0x0500000C,misc,,00000012.pro,-1,,0
1206,,235844,1,912,14848,48,74,0,83886092,0x0500000C,misc,,00000012.pro,-1,,0
1207,,235932,1,915,14926,126,74,0,83886092,0x0500000C,misc,,00000012.pro,-1,,0
1208,,236020,1,918,14935,135,74,0,83886096,0x05000010,misc,,00000016.pro,-1,,0
1209,,236124,1,921,14936,136,74,0,83886096,0x05000010,misc,,00000016.pro,-1,,0
1210,,236228,1,924,15039,39,75,0,83886097,0x05000011,misc,,00000017.pro,-1,,0
1211,,236332,1,927,15040,40,75,0,83886097,0x05000011,misc,,00000017.pro,-1,,0
1212,,236436,1,930,15048,48,75,0,83886092,0x0500000C,misc,,00000012.pro,-1,,0
1213,,236524,1,933,15127,127,75,0,83886092,0x0500000C,misc,,00000012.pro,-1,,0
1214,,236612,1,936,15136,136,75,0,83886096,0x05000010,misc,,00000016.pro,-1,,0
1215,,236716,1,939,15240,40,76,0,83886097,0x05000011,misc,,00000017.pro,-1,,0
1216,,236820,1,942,15249,49,76,0,83886092,0x0500000C,misc,,00000012.pro,-1,,0
1217,,236908,1,945,15327,127,76,0,83886092,0x0500000C,misc,,00000012.pro,-1,,0
1218,,236996,1,948,15328,128,76,0,83886092,0x0500000C,misc,,00000012.pro,-1,,0
1219,,237084,1,951,15337,137,76,0,83886096,0x05000010,misc,,00000016.pro,-1,,0
1220,,237188,1,954,15441,41,77,0,83886097,0x05000011,misc,,00000017.pro,-1,,0
1221,,237292,1,957,15449,49,77,0,83886092,0x0500000C,misc,,00000012.pro,-1,,0
1222,,237380,1,960,15450,50,77,0,83886092,0x0500000C,misc,,00000012.pro,-1,,0
1223,,237468,1,963,15528,128,77,0,83886092,0x0500000C,misc,,00000012.pro,-1,,0
1224,,237556,1,966,15537,137,77,0,83886096,0x05000010,misc,,00000016.pro,-1,,0
1225,,237660,1,969,15538,138,77,0,83886096,0x05000010,misc,,00000016.pro,-1,,0
1226,,237764,1,972,15641,41,78,0,83886097,0x05000011,misc,,00000017.pro,-1,,0
1227,,237868,1,975,15642,42,78,0,83886097,0x05000011,misc,,00000017.pro,-1,,0
1228,,237972,1,978,15650,50,78,0,83886092,0x0500000C,misc,,00000012.pro,-1,,0
1229,,238060,1,981,15729,129,78,0,83886092,0x0500000C,misc,,00000012.pro,-1,,0
1230,,238148,1,984,15738,138,78,0,83886096,0x05000010,misc,,00000016.pro,-1,,0
1231,,238252,1,987,15842,42,79,0,83886097,0x05000011,misc,,00000017.pro,-1,,0
1232,,238356,1,990,15851,51,79,0,83886092,0x0500000C,misc,,00000012.pro,-1,,0
1233,,238444,1,994,15929,129,79,0,83886092,0x0500000C,misc,,00000012.pro,-1,,0
1234,,238532,1,997,15930,130,79,0,83886092,0x0500000C,misc,,00000012.pro,-1,,0
1235,,238620,1,1000,15939,139,79,0,83886096,0x05000010,misc,,00000016.pro,-1,,0
1236,,238724,1,1003,16043,43,80,0,83886097,0x05000011,misc,,00000017.pro,-1,,0
1237,,238828,1,1006,16051,51,80,0,83886092,0x0500000C,misc,,00000012.pro,-1,,0
1238,,238916,1,1009,16052,52,80,0,83886092,0x0500000C,misc,,00000012.pro,-1,,0
1239,,239004,1,1015,16130,130,80,0,83886092,0x0500000C,misc,,00000012.pro,-1,,0
1240,,239092,1,1018,16139,139,80,0,83886096,0x05000010,misc,,00000016.pro,-1,,0
1241,,239196,1,1021,16140,140,80,0,83886096,0x05000010,misc,,00000016.pro,-1,,0
1242,,239300,1,1024,16243,43,81,0,83886097,0x05000011,misc,,00000017.pro,-1,,0
1243,,239404,1,1027,16244,44,81,0,83886097,0x05000011,misc,,00000017.pro,-1,,0
1244,,239508,1,1030,16252,52,81,0,83886092,0x0500000C,misc,,00000012.pro,-1,,0
1245,,239596,1,1033,16331,131,81,0,83886092,0x0500000C,misc,,00000012.pro,-1,,0
1246,,239684,1,1036,16340,140,81,0,83886096,0x05000010,misc,,00000016.pro,-1,,0
1247,,239788,1,1039,16444,44,82,0,83886097,0x05000011,misc,,00000017.pro,-1,,0
1248,,239892,1,1042,16453,53,82,0,83886092,0x0500000C,misc,,00000012.pro,-1,,0
1249,,239980,1,1045,16531,131,82,0,83886092,0x0500000C,misc,,00000012.pro,-1,,0
1250,,240068,1,1048,16532,132,82,0,83886092,0x0500000C,misc,,00000012.pro,-1,,0
1251,,240156,1,1051,16541,141,82,0,83886096,0x05000010,misc,,00000016.pro,-1,,0
1252,,240260,1,1054,16645,45,83,0,83886097,0x05000011,misc,,00000017.pro,-1,,0
1253,,240364,1,1057,16653,53,83,0,83886092,0x0500000C,misc,,00000012.pro,-1,,0
1254,,240452,1,1060,16654,54,83,0,83886092,0x0500000C,misc,,00000012.pro,-1,,0
1255,,240540,1,1063,16732,132,83,0,83886092,0x0500000C,misc,,00000012.pro,-1,,0
1256,,240628,1,1066,16741,141,83,0,83886096,0x05000010,misc,,00000016.pro,-1,,0
1257,,240732,1,1069,16742,142,83,0,83886096,0x05000010,misc,,00000016.pro,-1,,0
1258,,240836,1,1072,16845,45,84,0,83886097,0x05000011,misc,,00000017.pro,-1,,0
1259,,240940,1,1075,16846,46,84,0,83886097,0x05000011,misc,,00000017.pro,-1,,0
1260,,241044,1,1078,16854,54,84,0,83886092,0x0500000C,misc,,00000012.pro,-1,,0
1261,,241132,1,1081,16933,133,84,0,83886092,0x0500000C,misc,,00000012.pro,-1,,0
1262,,241220,1,1084,16942,142,84,0,83886096,0x05000010,misc,,00000016.pro,-1,,0
1263,,241324,1,1087,17046,46,85,0,83886097,0x05000011,misc,,00000017.pro,-1,,0
1264,,241428,1,1090,17055,55,85,0,83886092,0x0500000C,misc,,00000012.pro,-1,,0
1265,,241516,1,1094,17133,133,85,0,83886092,0x0500000C,misc,,00000012.pro,-1,,0
1266,,241604,1,1097,17134,134,85,0,83886092,0x0500000C,misc,,00000012.pro,-1,,0
1267,,241692,1,1100,17143,143,85,0,83886096,0x05000010,misc,,00000016.pro,-1,,0
1268,,241796,1,1103,17247,47,86,0,83886097,0x05000011,misc,,00000017.pro,-1,,0
1269,,241900,1,1106,17255,55,86,0,83886092,0x0500000C,misc,,00000012.pro,-1,,0
1270,,241988,1,1109,17256,56,86,0,83886092,0x0500000C,misc,,00000012.pro,-1,,0
1271,,242076,1,1115,17334,134,86,0,83886092,0x0500000C,misc,,00000012.pro,-1,,0
1272,,242164,1,1120,17343,143,86,0,83886096,0x05000010,misc,,00000016.pro,-1,,0
1273,,242268,1,1123,17344,144,86,0,83886096,0x05000010,misc,,00000016.pro,-1,,0
1274,,242372,1,1126,17447,47,87,0,83886097,0x05000011,misc,,00000017.pro,-1,,0
1275,,242476,1,1129,17448,48,87,0,83886097,0x05000011,misc,,00000017.pro,-1,,0
1276,,242580,1,1132,17456,56,87,0,83886092,0x0500000C,misc,,00000012.pro,-1,,0
1277,,242668,1,1135,17535,135,87,0,83886092,0x0500000C,misc,,00000012.pro,-1,,0
1278,,242756,1,1138,17544,144,87,0,83886096,0x05000010,misc,,00000016.pro,-1,,0
1279,,242860,1,1141,17648,48,88,0,83886097,0x05000011,misc,,00000017.pro,-1,,0
1280,,242964,1,1144,17657,57,88,0,83886092,0x0500000C,misc,,00000012.pro,-1,,0
1281,,243052,1,1147,17735,135,88,0,83886092,0x0500000C,misc,,00000012.pro,-1,,0
1282,,243140,1,1150,17736,136,88,0,83886092,0x0500000C,misc,,00000012.pro,-1,,0
1283,,243228,1,1153,17745,145,88,0,83886096,0x05000010,misc,,00000016.pro,-1,,0
1284,,243332,1,1156,17849,49,89,0,83886097,0x05000011,misc,,00000017.pro,-1,,0
1285,,243436,1,1159,17857,57,89,0,83886092,0x0500000C,misc,,00000012.pro,-1,,0
1286,,243524,1,1162,17858,58,89,0,83886092,0x0500000C,misc,,00000012.pro,-1,,0
1287,,243612,1,1165,17936,136,89,0,83886092,0x0500000C,misc,,00000012.pro,-1,,0
1288,,243700,1,1168,17945,145,89,0,83886096,0x05000010,misc,,00000016.pro,-1,,0
1289,,243804,1,1171,17946,146,89,0,83886096,0x05000010,misc,,00000016.pro,-1,,0
1290,,243908,1,1174,18049,49,90,0,83886097,0x05000011,misc,,00000017.pro,-1,,0
1291,,244012,1,1177,18050,50,90,0,83886097,0x05000011,misc,,00000017.pro,-1,,0
1292,,244116,1,1180,18058,58,90,0,83886092,0x0500000C,misc,,00000012.pro,-1,,0
1293,,244204,1,1184,18137,137,90,0,83886092,0x0500000C,misc,,00000012.pro,-1,,0
1294,,244292,1,1187,18146,146,90,0,83886096,0x05000010,misc,,00000016.pro,-1,,0
1295,,244396,1,1190,18250,50,91,0,83886097,0x05000011,misc,,00000017.pro,-1,,0
1296,,244500,1,1193,18259,59,91,0,83886092,0x0500000C,misc,,00000012.pro,-1,,0
1297,,244588,1,1196,18337,137,91,0,83886092,0x0500000C,misc,,00000012.pro,-1,,0
1298,,244676,1,1199,18338,138,91,0,83886092,0x0500000C,misc,,00000012.pro,-1,,0
1299,,244764,1,1202,18347,147,91,0,83886096,0x05000010,misc,,00000016.pro,-1,,0
1300,,244868,1,1205,18451,51,92,0,83886097,0x05000011,misc,,00000017.pro,-1,,0
1301,,244972,1,1208,18459,59,92,0,83886092,0x0500000C,misc,,00000012.pro,-1,,0
1302,,245060,1,1211,18460,60,92,0,83886092,0x0500000C,misc,,00000012.pro,-1,,0
1303,,245148,1,1214,18538,138,92,0,83886092,0x0500000C,misc,,00000012.pro,-1,,0
1304,,245236,1,1217,18547,147,92,0,83886096,0x05000010,misc,,00000016.pro,-1,,0
1305,,245340,1,1220,18548,148,92,0,83886096,0x05000010,misc,,00000016.pro,-1,,0
1306,,245444,1,1223,18651,51,93,0,83886097,0x05000011,misc,,00000017.pro,-1,,0
1307,,245548,1,1226,18652,52,93,0,83886097,0x05000011,misc,,00000017.pro,-1,,0
1308,,245652,1,1229,18660,60,93,0,83886092,0x0500000C,misc,,00000012.pro,-1,,0
1309,,245740,1,1232,18739,139,93,0,83886092,0x0500000C,misc,,00000012.pro,-1,,0
1310,,245828,1,1235,18748,148,93,0,83886096,0x05000010,misc,,00000016.pro,-1,,0
1311,,245932,1,1238,18852,52,94,0,83886097,0x05000011,misc,,00000017.pro,-1,,0
1312,,246036,1,1241,18861,61,94,0,83886092,0x0500000C,misc,,00000012.pro,-1,,0
1313,,246124,1,1244,18939,139,94,0,83886092,0x0500000C,misc,,00000012.pro,-1,,0
1314,,246212,1,1247,18940,140,94,0,83886092,0x0500000C,misc,,00000012.pro,-1,,0
1315,,246300,1,1250,18949,149,94,0,83886096,0x05000010,misc,,00000016.pro,-1,,0
1316,,246404,1,1257,19053,53,95,0,83886097,0x05000011,misc,,00000017.pro,-1,,0
1317,,246508,1,1260,19061,61,95,0,83886092,0x0500000C,misc,,00000012.pro,-1,,0
1318,,246596,1,1263,19062,62,95,0,83886092,0x0500000C,misc,,00000012.pro,-1,,0
1319,,246684,1,1265,19102,102,95,0,33554499,0x02000043,scenery,generic,00000068.pro,-1,,0
1320,,246772,1,1270,19140,140,95,0,83886092,0x0500000C,misc,,00000012.pro,-1,,0
1321,,246860,1,1273,19149,149,95,0,83886096,0x05000010,misc,,00000016.pro,-1,,0
1322,,246964,1,1276,19150,150,95,0,83886096,0x05000010,misc,,00000016.pro,-1,,0
1323,,247068,1,1279,19253,53,96,0,83886097,0x05000011,misc,,00000017.pro,-1,,0
1324,,247172,1,1282,19254,54,96,0,83886097,0x05000011,misc,,00000017.pro,-1,,0
1325,,247276,1,1285,19262,62,96,0,83886092,0x0500000C,misc,,00000012.pro,-1,,0
1326,,247364,1,1287,19299,99,96,0,33554499,0x02000043,scenery,generic,00000068.pro,-1,,0
1327,,247452,1,1288,19300,100,96,0,33554499,0x02000043,scenery,generic,00000068.pro,-1,,0
1328,,247540,1,1289,19301,101,96,0,33554499,0x02000043,scenery,generic,00000068.pro,-1,,0
1329,,247628,1,1290,19303,103,96,0,33554499,0x02000043,scenery,generic,00000068.pro,-1,,0
1330,,247716,1,1298,19341,141,96,0,83886092,0x0500000C,misc,,00000012.pro,-1,,0
1331,,247804,1,1301,19350,150,96,0,83886096,0x05000010,misc,,00000016.pro,-1,,0
1332,,247908,1,1304,19454,54,97,0,83886097,0x05000011,misc,,00000017.pro,-1,,0
1333,,248012,1,1307,19463,63,97,0,83886092,0x0500000C,misc,,00000012.pro,-1,,0
1334,,248100,1,1309,19497,97,97,0,16777244,0x0100001C,critter,,00000028.pro,67108867,cow.int,0
1335,,248228,1,1310,19499,99,97,0,33554499,0x02000043,scenery,generic,00000068.pro,-1,,0
1336,,248316,1,1311,19500,100,97,0,33554959,0x0200020F,scenery,generic,00000528.pro,-1,,0
1337,,248404,1,1316,19503,103,97,0,33554499,0x02000043,scenery,generic,00000068.pro,-1,,0
1338,,248492,1,1323,19541,141,97,0,83886092,0x0500000C,misc,,00000012.pro,-1,,0
1339,,248580,1,1326,19542,142,97,0,83886092,0x0500000C,misc,,00000012.pro,-1,,0
1340,,248668,1,1329,19551,151,97,0,83886096,0x05000010,misc,,00000016.pro,-1,,0
1341,,248772,1,1332,19655,55,98,0,83886097,0x05000011,misc,,00000017.pro,-1,,0
1342,,248876,1,1335,19663,63,98,0,83886092,0x0500000C,misc,,00000012.pro,-1,,0
1343,,248964,1,1338,19664,64,98,0,83886092,0x0500000C,misc,,00000012.pro,-1,,0
1344,,249052,1,1340,19698,98,98,0,33554499,0x02000043,scenery,generic,00000068.pro,-1,,0
1345,,249140,1,1341,19699,99,98,0,33554499,0x02000043,scenery,generic,00000068.pro,-1,,0
1346,,249228,1,1343,19700,100,98,0,33554499,0x02000043,scenery,generic,00000068.pro,-1,,0
1347,,249316,1,1344,19701,101,98,0,33554499,0x02000043,scenery,generic,00000068.pro,-1,,0
1348,,249404,1,1346,19702,102,98,0,33554499,0x02000043,scenery,generic,00000068.pro,-1,,0
1349,,249492,1,1348,19703,103,98,0,33554499,0x02000043,scenery,generic,00000068.pro,-1,,0
1350,,249580,1,1354,19742,142,98,0,83886092,0x0500000C,misc,,00000012.pro,-1,,0
1351,,249668,1,1357,19751,151,98,0,83886096,0x05000010,misc,,00000016.pro,-1,,0
1352,,249772,1,1360,19752,152,98,0,83886096,0x05000010,misc,,00000016.pro,-1,,0
1353,,249876,1,1363,19855,55,99,0,83886097,0x05000011,misc,,00000017.pro,-1,,0
1354,,249980,1,1366,19856,56,99,0,83886097,0x05000011,misc,,00000017.pro,-1,,0
1355,,250084,1,1369,19864,64,99,0,83886092,0x0500000C,misc,,00000012.pro,-1,,0
1356,,250172,1,1376,19943,143,99,0,83886092,0x0500000C,misc,,00000012.pro,-1,,0
1357,,250260,1,1379,19952,152,99,0,83886096,0x05000010,misc,,00000016.pro,-1,,0
1358,,250364,1,1382,20056,56,100,0,83886097,0x05000011,misc,,00000017.pro,-1,,0
1359,,250468,1,1385,20065,65,100,0,83886092,0x0500000C,misc,,00000012.pro,-1,,0
1360,,250556,1,1388,20143,143,100,0,83886092,0x0500000C,misc,,00000012.pro,-1,,0
1361,,250644,1,1391,20144,144,100,0,83886092,0x0500000C,misc,,00000012.pro,-1,,0
1362,,250732,1,1394,20153,153,100,0,83886096,0x05000010,misc,,00000016.pro,-1,,0
1363,,250836,1,1397,20257,57,101,0,83886097,0x05000011,misc,,00000017.pro,-1,,0
1364,,250940,1,1400,20265,65,101,0,83886092,0x0500000C,misc,,00000012.pro,-1,,0
1365,,251028,1,1404,20266,66,101,0,83886092,0x0500000C,misc,,00000012.pro,-1,,0
1366,,251116,1,1407,20306,106,101,0,33554499,0x02000043,scenery,generic,00000068.pro,-1,,0
1367,,251204,1,1409,20308,108,101,0,33554499,0x02000043,scenery,generic,00000068.pro,-1,,0
1368,,251292,1,1411,20344,144,101,0,83886092,0x0500000C,misc,,00000012.pro,-1,,0
1369,,251380,1,1414,20353,153,101,0,83886096,0x05000010,misc,,00000016.pro,-1,,0
1370,,251484,1,1417,20354,154,101,0,83886096,0x05000010,misc,,00000016.pro,-1,,0
1371,,251588,1,1420,20457,57,102,0,83886097,0x05000011,misc,,00000017.pro,-1,,0
1372,,251692,1,1423,20458,58,102,0,83886097,0x05000011,misc,,00000017.pro,-1,,0
1373,,251796,1,1426,20466,66,102,0,83886092,0x0500000C,misc,,00000012.pro,-1,,0
1374,,251884,1,1430,20504,104,102,0,33554499,0x02000043,scenery,generic,00000068.pro,-1,,0
1375,,251972,1,1431,20505,105,102,0,33554499,0x02000043,scenery,generic,00000068.pro,-1,,0
1376,,252060,1,1434,20507,107,102,0,33554499,0x02000043,scenery,generic,00000068.pro,-1,,0
1377,,252148,1,1435,20508,108,102,0,33554499,0x02000043,scenery,generic,00000068.pro,-1,,0
1378,,252236,1,1437,20545,145,102,0,83886092,0x0500000C,misc,,00000012.pro,-1,,0
1379,,252324,1,1440,20554,154,102,0,83886096,0x05000010,misc,,00000016.pro,-1,,0
1380,,252428,1,1443,20658,58,103,0,83886097,0x05000011,misc,,00000017.pro,-1,,0
1381,,252532,1,1446,20667,67,103,0,83886092,0x0500000C,misc,,00000012.pro,-1,,0
1382,,252620,1,1450,20702,102,103,1,16777244,0x0100001C,critter,,00000028.pro,67108866,cow.int,0
1383,,252748,1,1454,20704,104,103,0,33554499,0x02000043,scenery,generic,00000068.pro,-1,,0
1384,,252836,1,1455,20705,105,103,0,33554960,0x02000210,scenery,generic,00000529.pro,-1,,0
1385,,252924,1,1457,20708,108,103,0,33554499,0x02000043,scenery,generic,00000068.pro,-1,,0
1386,,253012,1,1459,20745,145,103,0,83886092,0x0500000C,misc,,00000012.pro,-1,,0
1387,,253100,1,1462,20746,146,103,0,83886092,0x0500000C,misc,,00000012.pro,-1,,0
1388,,253188,1,1465,20755,155,103,0,83886096,0x05000010,misc,,00000016.pro,-1,,0
1389,,253292,1,1468,20859,59,104,0,83886097,0x05000011,misc,,00000017.pro,-1,,0
1390,,253396,1,1471,20867,67,104,0,83886092,0x0500000C,misc,,00000012.pro,-1,,0
1391,,253484,1,1474,20868,68,104,0,83886092,0x0500000C,misc,,00000012.pro,-1,,0
1392,,253572,1,1482,20905,105,104,0,33554499,0x02000043,scenery,generic,00000068.pro,-1,,0
1393,,253660,1,1484,20906,106,104,0,33554499,0x02000043,scenery,generic,00000068.pro,-1,,0
1394,,253748,1,1486,20907,107,104,0,33554499,0x02000043,scenery,generic,00000068.pro,-1,,0
1395,,253836,1,1487,20908,108,104,0,33554499,0x02000043,scenery,generic,00000068.pro,-1,,0
1396,,253924,1,1489,20946,146,104,0,83886092,0x0500000C,misc,,00000012.pro,-1,,0
1397,,254012,1,1492,20955,155,104,0,83886096,0x05000010,misc,,00000016.pro,-1,,0
1398,,254116,1,1495,20956,156,104,0,83886096,0x05000010,misc,,00000016.pro,-1,,0
1399,,254220,1,1498,21059,59,105,0,83886097,0x05000011,misc,,00000017.pro,-1,,0
1400,,254324,1,1501,21060,60,105,0,83886097,0x05000011,misc,,00000017.pro,-1,,0
1401,,254428,1,1504,21068,68,105,0,83886092,0x0500000C,misc,,00000012.pro,-1,,0
1402,,254516,1,1511,21147,147,105,0,83886092,0x0500000C,misc,,00000012.pro,-1,,0
1403,,254604,1,1514,21156,156,105,0,83886096,0x05000010,misc,,00000016.pro,-1,,0
1404,,254708,1,1517,21260,60,106,0,83886097,0x05000011,misc,,00000017.pro,-1,,0
1405,,254812,1,1520,21269,69,106,0,83886092,0x0500000C,misc,,00000012.pro,-1,,0
1406,,254900,1,1528,21347,147,106,0,83886092,0x0500000C,misc,,00000012.pro,-1,,0
1407,,254988,1,1531,21348,148,106,0,83886092,0x0500000C,misc,,00000012.pro,-1,,0
1408,,255076,1,1534,21357,157,106,0,83886096,0x05000010,misc,,00000016.pro,-1,,0
1409,,255180,1,1537,21461,61,107,0,83886097,0x05000011,misc,,00000017.pro,-1,,0
1410,,255284,1,1540,21469,69,107,0,83886092,0x0500000C,misc,,00000012.pro,-1,,0
1411,,255372,1,1543,21470,70,107,0,83886092,0x0500000C,misc,,00000012.pro,-1,,0
1412,,255460,1,1547,21548,148,107,0,83886092,0x0500000C,misc,,00000012.pro,-1,,0
1413,,255548,1,1550,21557,157,107,0,83886096,0x05000010,misc,,00000016.pro,-1,,0
1414,,255652,1,1553,21558,158,107,0,83886096,0x05000010,misc,,00000016.pro,-1,,0
1415,,255756,1,1556,21661,61,108,0,83886097,0x05000011,misc,,00000017.pro,-1,,0
1416,,255860,1,1559,21662,62,108,0,83886097,0x05000011,misc,,00000017.pro,-1,,0
1417,,255964,1,1562,21670,70,108,0,83886092,0x0500000C,misc,,00000012.pro,-1,,0
1418,,256052,1,1565,21749,149,108,0,83886092,0x0500000C,misc,,00000012.pro,-1,,0
1419,,256140,1,1568,21758,158,108,0,83886096,0x05000010,misc,,00000016.pro,-1,,0
1420,,256244,1,1571,21862,62,109,0,83886097,0x05000011,misc,,00000017.pro,-1,,0
1421,,256348,1,1574,21871,71,109,0,83886092,0x0500000C,misc,,00000012.pro,-1,,0
1422,,256436,1,1577,21949,149,109,0,83886092,0x0500000C,misc,,00000012.pro,-1,,0
1423,,256524,1,1580,21950,150,109,0,83886092,0x0500000C,misc,,00000012.pro,-1,,0
1424,,256612,1,1583,21959,159,109,0,83886096,0x05000010,misc,,00000016.pro,-1,,0
1425,,256716,1,1586,22063,63,110,0,83886097,0x05000011,misc,,00000017.pro,-1,,0
1426,,256820,1,1589,22071,71,110,0,83886092,0x0500000C,misc,,00000012.pro,-1,,0
1427,,256908,1,1592,22072,72,110,0,83886092,0x0500000C,misc,,00000012.pro,-1,,0
1428,,256996,1,1595,22150,150,110,0,83886092,0x0500000C,misc,,00000012.pro,-1,,0
1429,,257084,1,1598,22159,159,110,0,83886096,0x05000010,misc,,00000016.pro,-1,,0
1430,,257188,1,1601,22160,160,110,0,83886096,0x05000010,misc,,00000016.pro,-1,,0
1431,,257292,1,1604,22263,63,111,0,83886097,0x05000011,misc,,00000017.pro,-1,,0
1432,,257396,1,1607,22264,64,111,0,83886097,0x05000011,misc,,00000017.pro,-1,,0
1433,,257500,1,1610,22272,72,111,0,83886092,0x0500000C,misc,,00000012.pro,-1,,0
1434,,257588,1,1613,22351,151,111,0,83886092,0x0500000C,misc,,00000012.pro,-1,,0
1435,,257676,1,1616,22360,160,111,0,83886096,0x05000010,misc,,00000016.pro,-1,,0
1436,,257780,1,1619,22464,64,112,0,83886097,0x05000011,misc,,00000017.pro,-1,,0
1437,,257884,1,1622,22473,73,112,0,83886092,0x0500000C,misc,,00000012.pro,-1,,0
1438,,257972,1,1625,22551,151,112,0,83886092,0x0500000C,misc,,00000012.pro,-1,,0
1439,,258060,1,1628,22552,152,112,0,83886092,0x0500000C,misc,,00000012.pro,-1,,0
1440,,258148,1,1631,22561,161,112,0,83886096,0x05000010,misc,,00000016.pro,-1,,0
1441,,258252,1,1634,22665,65,113,0,83886097,0x05000011,misc,,00000017.pro,-1,,0
1442,,258356,1,1637,22673,73,113,0,83886092,0x0500000C,misc,,00000012.pro,-1,,0
1443,,258444,1,1640,22674,74,113,0,83886092,0x0500000C,misc,,00000012.pro,-1,,0
1444,,258532,1,1644,22752,152,113,0,83886092,0x0500000C,misc,,00000012.pro,-1,,0
1445,,258620,1,1647,22761,161,113,0,83886096,0x05000010,misc,,00000016.pro,-1,,0
1446,,258724,1,1650,22762,162,113,0,83886096,0x05000010,misc,,00000016.pro,-1,,0
1447,,258828,1,1653,22865,65,114,0,83886097,0x05000011,misc,,00000017.pro,-1,,0
1448,,258932,1,1656,22866,66,114,0,83886097,0x05000011,misc,,00000017.pro,-1,,0
1449,,259036,1,1659,22874,74,114,0,83886092,0x0500000C,misc,,00000012.pro,-1,,0
1450,,259124,1,1664,22953,153,114,0,83886092,0x0500000C,misc,,00000012.pro,-1,,0
1451,,259212,1,1667,22962,162,114,0,83886096,0x05000010,misc,,00000016.pro,-1,,0
1452,,259316,1,1670,23066,66,115,0,83886097,0x05000011,misc,,00000017.pro,-1,,0
1453,,259420,1,1673,23075,75,115,0,83886092,0x0500000C,misc,,00000012.pro,-1,,0
1454,,259508,1,1676,23153,153,115,0,83886092,0x0500000C,misc,,00000012.pro,-1,,0
1455,,259596,1,1679,23154,154,115,0,83886092,0x0500000C,misc,,00000012.pro,-1,,0
1456,,259684,1,1682,23163,163,115,0,83886096,0x05000010,misc,,00000016.pro,-1,,0
1457,,259788,1,1685,23267,67,116,0,83886097,0x05000011,misc,,00000017.pro,-1,,0
1458,,259892,1,1688,23275,75,116,0,83886092,0x0500000C,misc,,00000012.pro,-1,,0
1459,,259980,1,1691,23276,76,116,0,83886092,0x0500000C,misc,,00000012.pro,-1,,0
1460,,260068,1,1694,23354,154,116,0,83886092,0x0500000C,misc,,00000012.pro,-1,,0
1461,,260156,1,1697,23363,163,116,0,83886096,0x05000010,misc,,00000016.pro,-1,,0
1462,,260260,1,1700,23364,164,116,0,83886096,0x05000010,misc,,00000016.pro,-1,,0
1463,,260364,1,1703,23467,67,117,0,83886097,0x05000011,misc,,00000017.pro,-1,,0
1464,,260468,1,1706,23468,68,117,0,83886097,0x05000011,misc,,00000017.pro,-1,,0
1465,,260572,1,1709,23476,76,117,0,83886092,0x0500000C,misc,,00000012.pro,-1,,0
1466,,260660,1,1712,23555,155,117,0,83886092,0x0500000C,misc,,00000012.pro,-1,,0
1467,,260748,1,1715,23564,164,117,0,83886096,0x05000010,misc,,00000016.pro,-1,,0
1468,,260852,1,1718,23668,68,118,0,83886097,0x05000011,misc,,00000017.pro,-1,,0
1469,,260956,1,1721,23677,77,118,0,83886092,0x0500000C,misc,,00000012.pro,-1,,0
1470,,261044,1,1724,23755,155,118,0,83886092,0x0500000C,misc,,00000012.pro,-1,,0
1471,,261132,1,1727,23756,156,118,0,83886092,0x0500000C,misc,,00000012.pro,-1,,0
1472,,261220,1,1730,23765,165,118,0,83886096,0x05000010,misc,,00000016.pro,-1,,0
1473,,261324,1,1733,23869,69,119,0,83886097,0x05000011,misc,,00000017.pro,-1,,0
1474,,261428,1,1736,23877,77,119,0,83886092,0x0500000C,misc,,00000012.pro,-1,,0
1475,,261516,1,1739,23878,78,119,0,83886092,0x0500000C,misc,,00000012.pro,-1,,0
1476,,261604,1,1742,23956,156,119,0,83886092,0x0500000C,misc,,00000012.pro,-1,,0
1477,,261692,1,1745,23965,165,119,0,83886096,0x05000010,misc,,00000016.pro,-1,,0
1478,,261796,1,1748,23966,166,119,0,83886096,0x05000010,misc,,00000016.pro,-1,,0
1479,,261900,1,1751,24069,69,120,0,83886097,0x05000011,misc,,00000017.pro,-1,,0
1480,,262004,1,1754,24070,70,120,0,83886097,0x05000011,misc,,00000017.pro,-1,,0
1481,,262108,1,1757,24078,78,120,0,83886092,0x0500000C,misc,,00000012.pro,-1,,0
1482,,262196,1,1760,24157,157,120,0,83886092,0x0500000C,misc,,00000012.pro,-1,,0
1483,,262284,1,1763,24166,166,120,0,83886096,0x05000010,misc,,00000016.pro,-1,,0
1484,,262388,1,1766,24270,70,121,0,83886097,0x05000011,misc,,00000017.pro,-1,,0
1485,,262492,1,1769,24279,79,121,0,83886092,0x0500000C,misc,,00000012.pro,-1,,0
1486,,262580,1,1773,24356,156,121,0,83886092,0x0500000C,misc,,00000012.pro,-1,,0
1487,,262668,1,1776,24357,157,121,0,83886092,0x0500000C,misc,,00000012.pro,-1,,0
1488,,262756,1,1779,24358,158,121,0,83886092,0x0500000C,misc,,00000012.pro,-1,,0
1489,,262844,1,1782,24367,167,121,0,83886096,0x05000010,misc,,00000016.pro,-1,,0
1490,,262948,1,1785,24471,71,122,0,83886097,0x05000011,misc,,00000017.pro,-1,,0
1491,,263052,1,1788,24479,79,122,0,83886092,0x0500000C,misc,,00000012.pro,-1,,0
1492,,263140,1,1791,24480,80,122,0,83886092,0x0500000C,misc,,00000012.pro,-1,,0
1493,,263228,1,1795,24554,154,122,0,83886092,0x0500000C,misc,,00000012.pro,-1,,0
1494,,263316,1,1798,24555,155,122,0,83886092,0x0500000C,misc,,00000012.pro,-1,,0
1495,,263404,1,1801,24556,156,122,0,83886092,0x0500000C,misc,,00000012.pro,-1,,0
1496,,263492,1,1802,24556,156,122,0,83886092,0x0500000C,misc,,00000012.pro,-1,,0
1497,,263580,1,1805,24557,157,122,0,83886092,0x0500000C,misc,,00000012.pro,-1,,0
1498,,263668,1,1808,24567,167,122,0,83886096,0x05000010,misc,,00000016.pro,-1,,0
1499,,263772,1,1811,24568,168,122,0,83886096,0x05000010,misc,,00000016.pro,-1,,0
1500,,263876,1,1814,24570,170,122,0,83886098,0x05000012,misc,,00000018.pro,-1,,0
1501,,263980,1,1817,24671,71,123,0,83886097,0x05000011,misc,,00000017.pro,-1,,0
1502,,264084,1,1820,24672,72,123,0,83886097,0x05000011,misc,,00000017.pro,-1,,0
1503,,264188,1,1823,24680,80,123,0,83886092,0x0500000C,misc,,00000012.pro,-1,,0
1504,,264276,1,1826,24752,152,123,0,83886092,0x0500000C,misc,,00000012.pro,-1,,0
1505,,264364,1,1829,24753,153,123,0,83886092,0x0500000C,misc,,00000012.pro,-1,,0
1506,,264452,1,1832,24754,154,123,0,83886092,0x0500000C,misc,,00000012.pro,-1,,0
1507,,264540,1,1835,24755,155,123,0,83886092,0x0500000C,misc,,00000012.pro,-1,,0
1508,,264628,1,1838,24768,168,123,0,83886098,0x05000012,misc,,00000018.pro,-1,,0
1509,,264732,1,1841,24769,169,123,0,83886098,0x05000012,misc,,00000018.pro,-1,,0
1510,,264836,1,1844,24872,72,124,0,83886097,0x05000011,misc,,00000017.pro,-1,,0
1511,,264940,1,1847,24881,81,124,0,83886092,0x0500000C,misc,,00000012.pro,-1,,0
1512,,265028,1,1851,24950,150,124,0,83886092,0x0500000C,misc,,00000012.pro,-1,,0
1513,,265116,1,1854,24951,151,124,0,83886092,0x0500000C,misc,,00000012.pro,-1,,0
1514,,265204,1,1857,24952,152,124,0,83886092,0x0500000C,misc,,00000012.pro,-1,,0
1515,,265292,1,1860,24953,153,124,0,83886092,0x0500000C,misc,,00000012.pro,-1,,0
1516,,265380,1,1863,24966,166,124,0,83886098,0x05000012,misc,,00000018.pro,-1,,0
1517,,265484,1,1866,24967,167,124,0,83886098,0x05000012,misc,,00000018.pro,-1,,0
1518,,265588,1,1869,25073,73,125,0,83886097,0x05000011,misc,,00000017.pro,-1,,0
1519,,265692,1,1872,25081,81,125,0,83886092,0x0500000C,misc,,00000012.pro,-1,,0
1520,,265780,1,1875,25082,82,125,0,83886092,0x0500000C,misc,,00000012.pro,-1,,0
1521,,265868,1,1878,25148,148,125,0,83886092,0x0500000C,misc,,00000012.pro,-1,,0
1522,,265956,1,1881,25149,149,125,0,83886092,0x0500000C,misc,,00000012.pro,-1,,0
1523,,266044,1,1884,25150,150,125,0,83886092,0x0500000C,misc,,00000012.pro,-1,,0
1524,,266132,1,1887,25151,151,125,0,83886092,0x0500000C,misc,,00000012.pro,-1,,0
1525,,266220,1,1890,25164,164,125,0,83886098,0x05000012,misc,,00000018.pro,-1,,0
1526,,266324,1,1893,25165,165,125,0,83886098,0x05000012,misc,,00000018.pro,-1,,0
1527,,266428,1,1896,25273,73,126,0,83886097,0x05000011,misc,,00000017.pro,-1,,0
1528,,266532,1,1899,25274,74,126,0,83886097,0x05000011,misc,,00000017.pro,-1,,0
1529,,266636,1,1902,25282,82,126,0,83886092,0x0500000C,misc,,00000012.pro,-1,,0
1530,,266724,1,1906,25346,146,126,0,83886092,0x0500000C,misc,,00000012.pro,-1,,0
1531,,266812,1,1909,25347,147,126,0,83886092,0x0500000C,misc,,00000012.pro,-1,,0
1532,,266900,1,1912,25348,148,126,0,83886092,0x0500000C,misc,,00000012.pro,-1,,0
1533,,266988,1,1915,25349,149,126,0,83886092,0x0500000C,misc,,00000012.pro,-1,,0
1534,,267076,1,1918,25362,162,126,0,83886098,0x05000012,misc,,00000018.pro,-1,,0
1535,,267180,1,1921,25363,163,126,0,83886098,0x05000012,misc,,00000018.pro,-1,,0
1536,,267284,1,1924,25474,74,127,0,83886097,0x05000011,misc,,00000017.pro,-1,,0
1537,,267388,1,1927,25483,83,127,0,83886092,0x0500000C,misc,,00000012.pro,-1,,0
1538,,267476,1,1932,25544,144,127,0,83886092,0x0500000C,misc,,00000012.pro,-1,,0
1539,,267564,1,1935,25545,145,127,0,83886092,0x0500000C,misc,,00000012.pro,-1,,0
1540,,267652,1,1938,25546,146,127,0,83886092,0x0500000C,misc,,00000012.pro,-1,,0
1541,,267740,1,1941,25547,147,127,0,83886092,0x0500000C,misc,,00000012.pro,-1,,0
1542,,267828,1,1944,25560,160,127,0,83886098,0x05000012,misc,,00000018.pro,-1,,0
1543,,267932,1,1947,25561,161,127,0,83886098,0x05000012,misc,,00000018.pro,-1,,0
1544,,268036,1,1950,25675,75,128,0,83886097,0x05000011,misc,,00000017.pro,-1,,0
1545,,268140,1,1953,25683,83,128,0,83886092,0x0500000C,misc,,00000012.pro,-1,,0
1546,,268228,1,1956,25684,84,128,0,83886092,0x0500000C,misc,,00000012.pro,-1,,0
1547,,268316,1,1959,25742,142,128,0,83886092,0x0500000C,misc,,00000012.pro,-1,,0
1548,,268404,1,1962,25743,143,128,0,83886092,0x0500000C,misc,,00000012.pro,-1,,0
1549,,268492,1,1965,25744,144,128,0,83886092,0x0500000C,misc,,00000012.pro,-1,,0
1550,,268580,1,1968,25745,145,128,0,83886092,0x0500000C,misc,,00000012.pro,-1,,0
1551,,268668,1,1971,25758,158,128,0,83886098,0x05000012,misc,,00000018.pro,-1,,0
1552,,268772,1,1974,25759,159,128,0,83886098,0x05000012,misc,,00000018.pro,-1,,0
1553,,268876,1,1977,25875,75,129,0,83886097,0x05000011,misc,,00000017.pro,-1,,0
1554,,268980,1,1980,25876,76,129,0,83886097,0x05000011,misc,,00000017.pro,-1,,0
1555,,269084,1,1983,25884,84,129,0,83886092,0x0500000C,misc,,00000012.pro,-1,,0
1556,,269172,1,1986,25940,140,129,0,83886092,0x0500000C,misc,,00000012.pro,-1,,0
1557,,269260,1,1989,25941,141,129,0,83886092,0x0500000C,misc,,00000012.pro,-1,,0
1558,,269348,1,1992,25942,142,129,0,83886092,0x0500000C,misc,,00000012.pro,-1,,0
1559,,269436,1,1995,25943,143,129,0,83886092,0x0500000C,misc,,00000012.pro,-1,,0
1560,,269524,1,1998,25956,156,129,0,83886098,0x05000012,misc,,00000018.pro,-1,,0
1561,,269628,1,2001,25957,157,129,0,83886098,0x05000012,misc,,00000018.pro,-1,,0
1562,,269732,1,2004,26076,76,130,0,83886097,0x05000011,misc,,00000017.pro,-1,,0
1563,,269836,1,2007,26085,85,130,0,83886092,0x0500000C,misc,,00000012.pro,-1,,0
1564,,269924,1,2010,26138,138,130,0,83886092,0x0500000C,misc,,00000012.pro,-1,,0
1565,,270012,1,2013,26139,139,130,0,83886092,0x0500000C,misc,,00000012.pro,-1,,0
1566,,270100,1,2016,26140,140,130,0,83886092,0x0500000C,misc,,00000012.pro,-1,,0
1567,,270188,1,2019,26141,141,130,0,83886092,0x0500000C,misc,,00000012.pro,-1,,0
1568,,270276,1,2022,26154,154,130,0,83886098,0x05000012,misc,,00000018.pro,-1,,0
1569,,270380,1,2025,26155,155,130,0,83886098,0x05000012,misc,,00000018.pro,-1,,0
1570,,270484,1,2029,26277,77,131,0,83886097,0x05000011,misc,,00000017.pro,-1,,0
1571,,270588,1,2032,26285,85,131,0,83886092,0x0500000C,misc,,00000012.pro,-1,,0
1572,,270676,1,2035,26286,86,131,0,83886092,0x0500000C,misc,,00000012.pro,-1,,0
1573,,270764,1,2038,26336,136,131,0,83886092,0x0500000C,misc,,00000012.pro,-1,,0
1574,,270852,1,2041,26337,137,131,0,83886092,0x0500000C,misc,,00000012.pro,-1,,0
1575,,270940,1,2044,26338,138,131,0,83886092,0x0500000C,misc,,00000012.pro,-1,,0
1576,,271028,1,2047,26339,139,131,0,83886092,0x0500000C,misc,,00000012.pro,-1,,0
1577,,271116,1,2050,26352,152,131,0,83886098,0x05000012,misc,,00000018.pro,-1,,0
1578,,271220,1,2053,26353,153,131,0,83886098,0x05000012,misc,,00000018.pro,-1,,0
1579,,271324,1,2058,26477,77,132,0,83886097,0x05000011,misc,,00000017.pro,-1,,0
1580,,271428,1,2061,26478,78,132,0,83886097,0x05000011,misc,,00000017.pro,-1,,0
1581,,271532,1,2064,26486,86,132,0,83886092,0x0500000C,misc,,00000012.pro,-1,,0
1582,,271620,1,2067,26534,134,132,0,83886092,0x0500000C,misc,,00000012.pro,-1,,0
1583,,271708,1,2070,26535,135,132,0,83886092,0x0500000C,misc,,00000012.pro,-1,,0
1584,,271796,1,2073,26536,136,132,0,83886092,0x0500000C,misc,,00000012.pro,-1,,0
1585,,271884,1,2076,26537,137,132,0,83886092,0x0500000C,misc,,00000012.pro,-1,,0
1586,,271972,1,2079,26550,150,132,0,83886098,0x05000012,misc,,00000018.pro,-1,,0
1587,,272076,1,2082,26551,151,132,0,83886098,0x05000012,misc,,00000018.pro,-1,,0
1588,,272180,1,2085,26678,78,133,0,83886097,0x05000011,misc,,00000017.pro,-1,,0
1589,,272284,1,2088,26687,87,133,0,83886092,0x0500000C,misc,,00000012.pro,-1,,0
1590,,272372,1,2091,26732,132,133,0,83886092,0x0500000C,misc,,00000012.pro,-1,,0
1591,,272460,1,2094,26733,133,133,0,83886092,0x0500000C,misc,,00000012.pro,-1,,0
1592,,272548,1,2097,26734,134,133,0,83886092,0x0500000C,misc,,00000012.pro,-1,,0
1593,,272636,1,2100,26735,135,133,0,83886092,0x0500000C,misc,,00000012.pro,-1,,0
1594,,272724,1,2103,26748,148,133,0,83886098,0x05000012,misc,,00000018.pro,-1,,0
1595,,272828,1,2106,26749,149,133,0,83886098,0x05000012,misc,,00000018.pro,-1,,0
1596,,272932,1,2109,26879,79,134,0,83886097,0x05000011,misc,,00000017.pro,-1,,0
1597,,273036,1,2112,26887,87,134,0,83886092,0x0500000C,misc,,00000012.pro,-1,,0
1598,,273124,1,2115,26888,88,134,0,83886092,0x0500000C,misc,,00000012.pro,-1,,0
1599,,273212,1,2118,26930,130,134,0,83886092,0x0500000C,misc,,00000012.pro,-1,,0
1600,,273300,1,2121,26931,131,134,0,83886092,0x0500000C,misc,,00000012.pro,-1,,0
1601,,273388,1,2124,26932,132,134,0,83886092,0x0500000C,misc,,00000012.pro,-1,,0
1602,,273476,1,2127,26933,133,134,0,83886092,0x0500000C,misc,,00000012.pro,-1,,0
1603,,273564,1,2130,26946,146,134,0,83886098,0x05000012,misc,,00000018.pro,-1,,0
1604,,273668,1,2133,26947,147,134,0,83886098,0x05000012,misc,,00000018.pro,-1,,0
1605,,273772,1,2136,27079,79,135,0,83886097,0x05000011,misc,,00000017.pro,-1,,0
1606,,273876,1,2139,27080,80,135,0,83886097,0x05000011,misc,,00000017.pro,-1,,0
1607,,273980,1,2142,27088,88,135,0,83886092,0x0500000C,misc,,00000012.pro,-1,,0
1608,,274068,1,2145,27128,128,135,0,83886092,0x0500000C,misc,,00000012.pro,-1,,0
1609,,274156,1,2148,27129,129,135,0,83886092,0x0500000C,misc,,00000012.pro,-1,,0
1610,,274244,1,2151,27130,130,135,0,83886092,0x0500000C,misc,,00000012.pro,-1,,0
1611,,274332,1,2154,27131,131,135,0,83886092,0x0500000C,misc,,00000012.pro,-1,,0
1612,,274420,1,2157,27144,144,135,0,83886098,0x05000012,misc,,00000018.pro,-1,,0
1613,,274524,1,2160,27145,145,135,0,83886098,0x05000012,misc,,00000018.pro,-1,,0
1614,,274628,1,2163,27280,80,136,0,83886097,0x05000011,misc,,00000017.pro,-1,,0
1615,,274732,1,2166,27289,89,136,0,83886092,0x0500000C,misc,,00000012.pro,-1,,0
1616,,274820,1,2169,27326,126,136,0,83886092,0x0500000C,misc,,00000012.pro,-1,,0
1617,,274908,1,2172,27327,127,136,0,83886092,0x0500000C,misc,,00000012.pro,-1,,0
1618,,274996,1,2175,27328,128,136,0,83886092,0x0500000C,misc,,00000012.pro,-1,,0
1619,,275084,1,2178,27329,129,136,0,83886092,0x0500000C,misc,,00000012.pro,-1,,0
1620,,275172,1,2181,27342,142,136,0,83886098,0x05000012,misc,,00000018.pro,-1,,0
1621,,275276,1,2184,27343,143,136,0,83886098,0x05000012,misc,,00000018.pro,-1,,0
1622,,275380,1,2187,27481,81,137,0,83886097,0x05000011,misc,,00000017.pro,-1,,0
1623,,275484,1,2190,27489,89,137,0,83886092,0x0500000C,misc,,00000012.pro,-1,,0
1624,,275572,1,2193,27490,90,137,0,83886092,0x0500000C,misc,,00000012.pro,-1,,0
1625,,275660,1,2196,27524,124,137,0,83886092,0x0500000C,misc,,00000012.pro,-1,,0
1626,,275748,1,2199,27525,125,137,0,83886092,0x0500000C,misc,,00000012.pro,-1,,0
1627,,275836,1,2202,27526,126,137,0,83886092,0x0500000C,misc,,00000012.pro,-1,,0
1628,,275924,1,2205,27527,127,137,0,83886092,0x0500000C,misc,,00000012.pro,-1,,0
1629,,276012,1,2208,27540,140,137,0,83886098,0x05000012,misc,,00000018.pro,-1,,0
1630,,276116,1,2211,27541,141,137,0,83886098,0x05000012,misc,,00000018.pro,-1,,0
1631,,276220,1,2214,27681,81,138,0,83886097,0x05000011,misc,,00000017.pro,-1,,0
1632,,276324,1,2217,27682,82,138,0,83886097,0x05000011,misc,,00000017.pro,-1,,0
1633,,276428,1,2220,27690,90,138,0,83886092,0x0500000C,misc,,00000012.pro,-1,,0
1634,,276516,1,2223,27722,122,138,0,83886092,0x0500000C,misc,,00000012.pro,-1,,0
1635,,276604,1,2226,27723,123,138,0,83886092,0x0500000C,misc,,00000012.pro,-1,,0
1636,,276692,1,2229,27724,124,138,0,83886092,0x0500000C,misc,,00000012.pro,-1,,0
1637,,276780,1,2232,27725,125,138,0,83886092,0x0500000C,misc,,00000012.pro,-1,,0
1638,,276868,1,2235,27738,138,138,0,83886098,0x05000012,misc,,00000018.pro,-1,,0
1639,,276972,1,2238,27739,139,138,0,83886098,0x05000012,misc,,00000018.pro,-1,,0
1640,,277076,1,2241,27882,82,139,0,83886097,0x05000011,misc,,00000017.pro,-1,,0
1641,,277180,1,2244,27891,91,139,0,83886092,0x0500000C,misc,,00000012.pro,-1,,0
1642,,277268,1,2247,27920,120,139,0,83886092,0x0500000C,misc,,00000012.pro,-1,,0
1643,,277356,1,2250,27921,121,139,0,83886092,0x0500000C,misc,,00000012.pro,-1,,0
1644,,277444,1,2253,27922,122,139,0,83886092,0x0500000C,misc,,00000012.pro,-1,,0
1645,,277532,1,2256,27923,123,139,0,83886092,0x0500000C,misc,,00000012.pro,-1,,0
1646,,277620,1,2259,27936,136,139,0,83886098,0x05000012,misc,,00000018.pro,-1,,0
1647,,277724,1,2262,27937,137,139,0,83886098,0x05000012,misc,,00000018.pro,-1,,0
1648,,277828,1,2265,28083,83,140,0,83886097,0x05000011,misc,,00000017.pro,-1,,0
1649,,277932,1,2268,28091,91,140,0,83886092,0x0500000C,misc,,00000012.pro,-1,,0
1650,,278020,1,2271,28092,92,140,0,83886092,0x0500000C,misc,,00000012.pro,-1,,0
1651,,278108,1,2274,28118,118,140,0,83886092,0x0500000C,misc,,00000012.pro,-1,,0
1652,,278196,1,2277,28119,119,140,0,83886092,0x0500000C,misc,,00000012.pro,-1,,0
1653,,278284,1,2280,28120,120,140,0,83886092,0x0500000C,misc,,00000012.pro,-1,,0
1654,,278372,1,2283,28121,121,140,0,83886092,0x0500000C,misc,,00000012.pro,-1,,0
1655,,278460,1,2288,28134,134,140,0,83886098,0x05000012,misc,,00000018.pro,-1,,0
1656,,278564,1,2291,28135,135,140,0,83886098,0x05000012,misc,,00000018.pro,-1,,0
1657,,278668,1,2294,28283,83,141,0,83886097,0x05000011,misc,,00000017.pro,-1,,0
1658,,278772,1,2297,28284,84,141,0,83886097,0x05000011,misc,,00000017.pro,-1,,0
1659,,278876,1,2300,28292,92,141,0,83886092,0x0500000C,misc,,00000012.pro,-1,,0
1660,,278964,1,2303,28316,116,141,0,83886092,0x0500000C,misc,,00000012.pro,-1,,0
1661,,279052,1,2306,28317,117,141,0,83886092,0x0500000C,misc,,00000012.pro,-1,,0
1662,,279140,1,2309,28318,118,141,0,83886092,0x0500000C,misc,,00000012.pro,-1,,0
1663,,279228,1,2310,28318,118,141,0,83886092,0x0500000C,misc,,00000012.pro,-1,,0
1664,,279316,1,2313,28319,119,141,0,83886092,0x0500000C,misc,,00000012.pro,-1,,0
1665,,279404,1,2319,28332,132,141,0,83886098,0x05000012,misc,,00000018.pro,-1,,0
1666,,279508,1,2322,28333,133,141,0,83886098,0x05000012,misc,,00000018.pro,-1,,0
1667,,279612,1,2325,28484,84,142,0,83886097,0x05000011,misc,,00000017.pro,-1,,0
1668,,279716,1,2328,28493,93,142,0,83886092,0x0500000C,misc,,00000012.pro,-1,,0
1669,,279804,1,2331,28514,114,142,0,83886092,0x0500000C,misc,,00000012.pro,-1,,0
1670,,279892,1,2334,28515,115,142,0,83886092,0x0500000C,misc,,00000012.pro,-1,,0
1671,,279980,1,2337,28516,116,142,0,83886092,0x0500000C,misc,,00000012.pro,-1,,0
1672,,280068,1,2340,28517,117,142,0,83886092,0x0500000C,misc,,00000012.pro,-1,,0
1673,,280156,1,2343,28530,130,142,0,83886098,0x05000012,misc,,00000018.pro,-1,,0
1674,,280260,1,2346,28531,131,142,0,83886098,0x05000012,misc,,00000018.pro,-1,,0
1675,,280364,1,2350,28685,85,143,0,83886097,0x05000011,misc,,00000017.pro,-1,,0
1676,,280468,1,2353,28693,93,143,0,83886092,0x0500000C,misc,,00000012.pro,-1,,0
1677,,280556,1,2356,28694,94,143,0,83886092,0x0500000C,misc,,00000012.pro,-1,,0
1678,,280644,1,2359,28712,112,143,0,83886092,0x0500000C,misc,,00000012.pro,-1,,0
1679,,280732,1,2362,28713,113,143,0,83886092,0x0500000C,misc,,00000012.pro,-1,,0
1680,,280820,1,2365,28714,114,143,0,83886092,0x0500000C,misc,,00000012.pro,-1,,0
1681,,280908,1,2368,28715,115,143,0,83886092,0x0500000C,misc,,00000012.pro,-1,,0
1682,,280996,1,2369,28715,115,143,0,83886092,0x0500000C,misc,,00000012.pro,-1,,0
1683,,281084,1,2372,28728,128,143,0,83886098,0x05000012,misc,,00000018.pro,-1,,0
1684,,281188,1,2375,28729,129,143,0,83886098,0x05000012,misc,,00000018.pro,-1,,0
1685,,281292,1,2378,28885,85,144,0,83886097,0x05000011,misc,,00000017.pro,-1,,0
1686,,281396,1,2381,28886,86,144,0,83886097,0x05000011,misc,,00000017.pro,-1,,0
1687,,281500,1,2384,28894,94,144,0,83886092,0x0500000C,misc,,00000012.pro,-1,,0
1688,,281588,1,2387,28910,110,144,0,83886092,0x0500000C,misc,,00000012.pro,-1,,0
1689,,281676,1,2390,28911,111,144,0,83886092,0x0500000C,misc,,00000012.pro,-1,,0
1690,,281764,1,2393,28912,112,144,0,83886092,0x0500000C,misc,,00000012.pro,-1,,0
1691,,281852,1,2396,28913,113,144,0,83886092,0x0500000C,misc,,00000012.pro,-1,,0
1692,,281940,1,2399,28926,126,144,0,83886098,0x05000012,misc,,00000018.pro,-1,,0
1693,,282044,1,2402,28927,127,144,0,83886098,0x05000012,misc,,00000018.pro,-1,,0
1694,,282148,1,2405,29086,86,145,0,83886097,0x05000011,misc,,00000017.pro,-1,,0
1695,,282252,1,2408,29095,95,145,0,83886092,0x0500000C,misc,,00000012.pro,-1,,0
1696,,282340,1,2411,29108,108,145,0,83886092,0x0500000C,misc,,00000012.pro,-1,,0
1697,,282428,1,2414,29109,109,145,0,83886092,0x0500000C,misc,,00000012.pro,-1,,0
1698,,282516,1,2417,29110,110,145,0,83886092,0x0500000C,misc,,00000012.pro,-1,,0
1699,,282604,1,2420,29111,111,145,0,83886092,0x0500000C,misc,,00000012.pro,-1,,0
1700,,282692,1,2423,29124,124,145,0,83886098,0x05000012,misc,,00000018.pro,-1,,0
1701,,282796,1,2426,29125,125,145,0,83886098,0x05000012,misc,,00000018.pro,-1,,0
1702,,282900,1,2430,29287,87,146,0,83886097,0x05000011,misc,,00000017.pro,-1,,0
1703,,283004,1,2433,29295,95,146,0,83886092,0x0500000C,misc,,00000012.pro,-1,,0
1704,,283092,1,2436,29296,96,146,0,83886092,0x0500000C,misc,,00000012.pro,-1,,0
1705,,283180,1,2439,29306,106,146,0,83886092,0x0500000C,misc,,00000012.pro,-1,,0
1706,,283268,1,2442,29307,107,146,0,83886092,0x0500000C,misc,,00000012.pro,-1,,0
1707,,283356,1,2445,29308,108,146,0,83886092,0x0500000C,misc,,00000012.pro,-1,,0
1708,,283444,1,2448,29309,109,146,0,83886092,0x0500000C,misc,,00000012.pro,-1,,0
1709,,283532,1,2451,29322,122,146,0,83886098,0x05000012,misc,,00000018.pro,-1,,0
1710,,283636,1,2454,29323,123,146,0,83886098,0x05000012,misc,,00000018.pro,-1,,0
1711,,283740,1,2457,29487,87,147,0,83886097,0x05000011,misc,,00000017.pro,-1,,0
1712,,283844,1,2460,29488,88,147,0,83886097,0x05000011,misc,,00000017.pro,-1,,0
1713,,283948,1,2463,29496,96,147,0,83886092,0x0500000C,misc,,00000012.pro,-1,,0
1714,,284036,1,2466,29504,104,147,0,83886092,0x0500000C,misc,,00000012.pro,-1,,0
1715,,284124,1,2469,29505,105,147,0,83886092,0x0500000C,misc,,00000012.pro,-1,,0
1716,,284212,1,2472,29506,106,147,0,83886092,0x0500000C,misc,,00000012.pro,-1,,0
1717,,284300,1,2475,29507,107,147,0,83886092,0x0500000C,misc,,00000012.pro,-1,,0
1718,,284388,1,2478,29520,120,147,0,83886098,0x05000012,misc,,00000018.pro,-1,,0
1719,,284492,1,2481,29521,121,147,0,83886098,0x05000012,misc,,00000018.pro,-1,,0
1720,,284596,1,2486,29688,88,148,0,83886097,0x05000011,misc,,00000017.pro,-1,,0
1721,,284700,1,2489,29697,97,148,0,83886092,0x0500000C,misc,,00000012.pro,-1,,0
1722,,284788,1,2492,29702,102,148,0,83886092,0x0500000C,misc,,00000012.pro,-1,,0
1723,,284876,1,2495,29703,103,148,0,83886092,0x0500000C,misc,,00000012.pro,-1,,0
1724,,284964,1,2498,29704,104,148,0,83886092,0x0500000C,misc,,00000012.pro,-1,,0
1725,,285052,1,2501,29705,105,148,0,83886092,0x0500000C,misc,,00000012.pro,-1,,0
1726,,285140,1,2504,29718,118,148,0,83886098,0x05000012,misc,,00000018.pro,-1,,0
1727,,285244,1,2507,29719,119,148,0,83886098,0x05000012,misc,,00000018.pro,-1,,0
1728,,285348,1,2510,29889,89,149,0,83886097,0x05000011,misc,,00000017.pro,-1,,0
1729,,285452,1,2514,29897,97,149,0,83886092,0x0500000C,misc,,00000012.pro,-1,,0
1730,,285540,1,2517,29898,98,149,0,83886092,0x0500000C,misc,,00000012.pro,-1,,0
1731,,285628,1,2520,29900,100,149,0,83886092,0x0500000C,misc,,00000012.pro,-1,,0
1732,,285716,1,2523,29901,101,149,0,83886092,0x0500000C,misc,,00000012.pro,-1,,0
1733,,285804,1,2526,29902,102,149,0,83886092,0x0500000C,misc,,00000012.pro,-1,,0
1734,,285892,1,2529,29903,103,149,0,83886092,0x0500000C,misc,,00000012.pro,-1,,0
1735,,285980,1,2530,29903,103,149,0,83886092,0x0500000C,misc,,00000012.pro,-1,,0
1736,,286068,1,2533,29916,116,149,0,83886098,0x05000012,misc,,00000018.pro,-1,,0
1737,,286172,1,2536,29917,117,149,0,83886098,0x05000012,misc,,00000018.pro,-1,,0
1738,,286276,1,2539,30089,89,150,0,83886097,0x05000011,misc,,00000017.pro,-1,,0
1739,,286380,1,2542,30090,90,150,0,83886097,0x05000011,misc,,00000017.pro,-1,,0
1740,,286484,1,2547,30098,98,150,0,83886092,0x0500000C,misc,,00000012.pro,-1,,0
1741,,286572,1,2550,30099,99,150,0,83886092,0x0500000C,misc,,00000012.pro,-1,,0
1742,,286660,1,2553,30100,100,150,0,83886092,0x0500000C,misc,,00000012.pro,-1,,0
1743,,286748,1,2556,30101,101,150,0,83886092,0x0500000C,misc,,00000012.pro,-1,,0
1744,,286836,1,2559,30114,114,150,0,83886098,0x05000012,misc,,00000018.pro,-1,,0
1745,,286940,1,2562,30115,115,150,0,83886098,0x05000012,misc,,00000018.pro,-1,,0
1746,,287044,1,2565,30290,90,151,0,83886097,0x05000011,misc,,00000017.pro,-1,,0
1747,,287148,1,2568,30299,99,151,0,83886092,0x0500000C,misc,,00000012.pro,-1,,0
1748,,287236,1,2571,30312,112,151,0,83886098,0x05000012,misc,,00000018.pro,-1,,0
1749,,287340,1,2574,30313,113,151,0,83886098,0x05000012,misc,,00000018.pro,-1,,0
1750,,287444,1,2577,30491,91,152,0,83886097,0x05000011,misc,,00000017.pro,-1,,0
1751,,287548,1,2580,30510,110,152,0,83886098,0x05000012,misc,,00000018.pro,-1,,0
1752,,287652,1,2583,30511,111,152,0,83886098,0x05000012,misc,,00000018.pro,-1,,0
1753,,287756,1,2586,30691,91,153,0,83886097,0x05000011,misc,,00000017.pro,-1,,0
1754,,287860,1,2589,30692,92,153,0,83886097,0x05000011,misc,,00000017.pro,-1,,0
1755,,287964,1,2592,30708,108,153,0,83886098,0x05000012,misc,,00000018.pro,-1,,0
1756,,288068,1,2595,30709,109,153,0,83886098,0x05000012,misc,,00000018.pro,-1,,0
1757,,288172,1,2598,30892,92,154,0,83886097,0x05000011,misc,,00000017.pro,-1,,0
1758,,288276,1,2601,30906,106,154,0,83886098,0x05000012,misc,,00000018.pro,-1,,0
1759,,288380,1,2604,30907,107,154,0,83886098,0x05000012,misc,,00000018.pro,-1,,0
1760,,288484,1,2607,31093,93,155,0,83886097,0x05000011,misc,,00000017.pro,-1,,0
1761,,288588,1,2610,31104,104,155,0,83886098,0x05000012,misc,,00000018.pro,-1,,0
1762,,288692,1,2613,31105,105,155,0,83886098,0x05000012,misc,,00000018.pro,-1,,0
1763,,288796,1,2616,31293,93,156,0,83886097,0x05000011,misc,,00000017.pro,-1,,0
1764,,288900,1,2619,31294,94,156,0,83886097,0x05000011,misc,,00000017.pro,-1,,0
1765,,289004,1,2622,31302,102,156,0,83886098,0x05000012,misc,,00000018.pro,-1,,0
1766,,289108,1,2625,31303,103,156,0,83886098,0x05000012,misc,,00000018.pro,-1,,0
1767,,289212,1,2628,31494,94,157,0,83886097,0x05000011,misc,,00000017.pro,-1,,0
1768,,289316,1,2631,31500,100,157,0,83886098,0x05000012,misc,,00000018.pro,-1,,0
1769,,289420,1,2634,31501,101,157,0,83886098,0x05000012,misc,,00000018.pro,-1,,0
1770,,289524,1,2637,31695,95,158,0,83886097,0x05000011,misc,,00000017.pro,-1,,0
1771,,289628,1,2640,31698,98,158,0,83886098,0x05000012,misc,,00000018.pro,-1,,0
1772,,289732,1,2643,31699,99,158,0,83886098,0x05000012,misc,,00000018.pro,-1,,0
1773,,289836,1,2646,31895,95,159,0,83886097,0x05000011,misc,,00000017.pro,-1,,0
1774,,289940,1,2649,31896,96,159,0,83886098,0x05000012,misc,,00000018.pro,-1,,0
1775,,290044,1,2652,31897,97,159,0,83886098,0x05000012,misc,,00000018.pro,-1,,0
1776,,290148,1,2655,32094,94,160,0,83886098,0x05000012,misc,,00000018.pro,-1,,0
1777,,290252,1,2658,32095,95,160,0,83886098,0x05000012,misc,,00000018.pro,-1,,0
1778,,290360,2,3115,5905,105,29,0,83886096,0x05000010,misc,,00000016.pro,-1,,0
1779,,290464,2,3117,6102,102,30,0,83886096,0x05000010,misc,,00000016.pro,-1,,0
1780,,290568,2,3119,6499,99,32,0,83886096,0x05000010,misc,,00000016.pro,-1,,0
1781,,290672,2,3121,6696,96,33,0,83886096,0x05000010,misc,,00000016.pro,-1,,0
1782,,290776,2,3101,6712,112,33,0,83886099,0x05000013,misc,,00000019.pro,-1,,0
1783,,290880,2,27,6910,110,34,0,83886099,0x05000013,misc,,00000019.pro,-1,,0
1784,,290984,2,30,6911,111,34,0,83886099,0x05000013,misc,,00000019.pro,-1,,0
1785,,291088,2,3123,7093,93,35,0,83886096,0x05000010,misc,,00000016.pro,-1,,0
1786,,291192,2,33,7108,108,35,0,83886099,0x05000013,misc,,00000019.pro,-1,,0
1787,,291296,2,36,7109,109,35,0,83886099,0x05000013,misc,,00000019.pro,-1,,0
1788,,291400,2,39,7110,110,35,0,83886096,0x05000010,misc,,00000016.pro,-1,,0
1789,,291504,2,3125,7290,90,36,0,83886096,0x05000010,misc,,00000016.pro,-1,,0
1790,,291608,2,42,7306,106,36,0,83886099,0x05000013,misc,,00000019.pro,-1,,0
1791,,291712,2,45,7307,107,36,0,83886099,0x05000013,misc,,00000019.pro,-1,,0
1792,,291816,2,48,7310,110,36,0,83886096,0x05000010,misc,,00000016.pro,-1,,0
1793,,291920,2,51,7504,104,37,0,83886099,0x05000013,misc,,00000019.pro,-1,,0
1794,,292024,2,54,7505,105,37,0,83886099,0x05000013,misc,,00000019.pro,-1,,0
1795,,292128,2,57,7511,111,37,0,83886096,0x05000010,misc,,00000016.pro,-1,,0
1796,,292232,2,3127,7687,87,38,0,83886096,0x05000010,misc,,00000016.pro,-1,,0
1797,,292336,2,60,7702,102,38,0,83886099,0x05000013,misc,,00000019.pro,-1,,0
1798,,292440,2,63,7703,103,38,0,83886099,0x05000013,misc,,00000019.pro,-1,,0
1799,,292544,2,66,7711,111,38,0,83886096,0x05000010,misc,,00000016.pro,-1,,0
1800,,292648,2,69,7712,112,38,0,83886096,0x05000010,misc,,00000016.pro,-1,,0
1801,,292752,2,3129,7884,84,39,0,83886096,0x05000010,misc,,00000016.pro,-1,,0
1802,,292856,2,72,7900,100,39,0,83886099,0x05000013,misc,,00000019.pro,-1,,0
1803,,292960,2,75,7901,101,39,0,83886099,0x05000013,misc,,00000019.pro,-1,,0
1804,,293064,2,78,7912,112,39,0,83886096,0x05000010,misc,,00000016.pro,-1,,0
1805,,293168,2,4197,7916,116,39,0,83886099,0x05000013,misc,,00000019.pro,-1,,0
1806,,293272,2,81,8098,98,40,0,83886099,0x05000013,misc,,00000019.pro,-1,,0
1807,,293376,2,84,8099,99,40,0,83886099,0x05000013,misc,,00000019.pro,-1,,0
1808,,293480,2,87,8113,113,40,0,83886096,0x05000010,misc,,00000016.pro,-1,,0
1809,,293584,2,3131,8281,81,41,0,83886096,0x05000010,misc,,00000016.pro,-1,,0
1810,,293688,2,90,8296,96,41,0,83886099,0x05000013,misc,,00000019.pro,-1,,0
1811,,293792,2,93,8297,97,41,0,83886099,0x05000013,misc,,00000019.pro,-1,,0
1812,,293896,2,96,8313,113,41,0,83886096,0x05000010,misc,,00000016.pro,-1,,0
1813,,294000,2,99,8314,114,41,0,83886096,0x05000010,misc,,00000016.pro,-1,,0
1814,,294104,2,3133,8478,78,42,0,83886096,0x05000010,misc,,00000016.pro,-1,,0
1815,,294208,2,102,8494,94,42,0,83886099,0x05000013,misc,,00000019.pro,-1,,0
1816,,294312,2,105,8495,95,42,0,83886099,0x05000013,misc,,00000019.pro,-1,,0
1817,,294416,2,108,8514,114,42,0,83886096,0x05000010,misc,,00000016.pro,-1,,0
1818,,294520,2,111,8692,92,43,0,83886099,0x05000013,misc,,00000019.pro,-1,,0
1819,,294624,2,114,8693,93,43,0,83886099,0x05000013,misc,,00000019.pro,-1,,0
1820,,294728,2,117,8706,106,43,0,83886092,0x0500000C,misc,,00000012.pro,-1,,0
1821,,294816,2,120,8715,115,43,0,83886096,0x05000010,misc,,00000016.pro,-1,,0
1822,,294920,2,3135,8875,75,44,0,83886096,0x05000010,misc,,00000016.pro,-1,,0
1823,,295024,2,123,8890,90,44,0,83886099,0x05000013,misc,,00000019.pro,-1,,0
1824,,295128,2,126,8891,91,44,0,83886099,0x05000013,misc,,00000019.pro,-1,,0
1825,,295232,2,129,8904,104,44,0,83886092,0x0500000C,misc,,00000012.pro,-1,,0
1826,,295320,2,132,8905,105,44,0,83886092,0x0500000C,misc,,00000012.pro,-1,,0
1827,,295408,2,135,8906,106,44,0,83886092,0x0500000C,misc,,00000012.pro,-1,,0
1828,,295496,2,138,8915,115,44,0,83886096,0x05000010,misc,,00000016.pro,-1,,0
1829,,295600,2,141,8916,116,44,0,83886096,0x05000010,misc,,00000016.pro,-1,,0
1830,,295704,2,3137,9072,72,45,0,83886096,0x05000010,misc,,00000016.pro,-1,,0
1831,,295808,2,144,9088,88,45,0,83886099,0x05000013,misc,,00000019.pro,-1,,0
1832,,295912,2,147,9089,89,45,0,83886099,0x05000013,misc,,00000019.pro,-1,,0
1833,,296016,2,150,9102,102,45,0,83886092,0x0500000C,misc,,00000012.pro,-1,,0
1834,,296104,2,153,9103,103,45,0,83886092,0x0500000C,misc,,00000012.pro,-1,,0
1835,,296192,2,156,9104,104,45,0,83886092,0x0500000C,misc,,00000012.pro,-1,,0
1836,,296280,2,159,9105,105,45,0,83886092,0x0500000C,misc,,00000012.pro,-1,,0
1837,,296368,2,162,9107,107,45,0,83886092,0x0500000C,misc,,00000012.pro,-1,,0
1838,,296456,2,165,9116,116,45,0,83886096,0x05000010,misc,,00000016.pro,-1,,0
1839,,296560,2,4199,9120,120,45,0,83886099,0x05000013,misc,,00000019.pro,-1,,0
1840,,296664,2,169,9286,86,46,0,83886099,0x05000013,misc,,00000019.pro,-1,,0
1841,,296768,2,172,9287,87,46,0,83886099,0x05000013,misc,,00000019.pro,-1,,0
1842,,296872,2,175,9300,100,46,0,83886092,0x0500000C,misc,,00000012.pro,-1,,0
1843,,296960,2,178,9301,101,46,0,83886092,0x0500000C,misc,,00000012.pro,-1,,0
1844,,297048,2,181,9302,102,46,0,83886092,0x0500000C,misc,,00000012.pro,-1,,0
1845,,297136,2,184,9303,103,46,0,83886092,0x0500000C,misc,,00000012.pro,-1,,0
1846,,297224,2,187,9307,107,46,0,83886092,0x0500000C,misc,,00000012.pro,-1,,0
1847,,297312,2,190,9308,108,46,0,83886092,0x0500000C,misc,,00000012.pro,-1,,0
1848,,297400,2,193,9317,117,46,0,83886096,0x05000010,misc,,00000016.pro,-1,,0
1849,,297504,2,3139,9469,69,47,0,83886096,0x05000010,misc,,00000016.pro,-1,,0
1850,,297608,2,196,9484,84,47,0,83886099,0x05000013,misc,,00000019.pro,-1,,0
1851,,297712,2,199,9485,85,47,0,83886099,0x05000013,misc,,00000019.pro,-1,,0
1852,,297816,2,202,9498,98,47,0,83886092,0x0500000C,misc,,00000012.pro,-1,,0
1853,,297904,2,205,9499,99,47,0,83886092,0x0500000C,misc,,00000012.pro,-1,,0
1854,,297992,2,208,9500,100,47,0,83886092,0x0500000C,misc,,00000012.pro,-1,,0
1855,,298080,2,211,9501,101,47,0,83886092,0x0500000C,misc,,00000012.pro,-1,,0
1856,,298168,2,214,9508,108,47,0,83886092,0x0500000C,misc,,00000012.pro,-1,,0
1857,,298256,2,217,9517,117,47,0,83886096,0x05000010,misc,,00000016.pro,-1,,0
1858,,298360,2,220,9518,118,47,0,83886096,0x05000010,misc,,00000016.pro,-1,,0
1859,,298464,2,3141,9666,66,48,0,83886096,0x05000010,misc,,00000016.pro,-1,,0
1860,,298568,2,223,9682,82,48,0,83886099,0x05000013,misc,,00000019.pro,-1,,0
1861,,298672,2,226,9683,83,48,0,83886099,0x05000013,misc,,00000019.pro,-1,,0
1862,,298776,2,229,9696,96,48,0,83886092,0x0500000C,misc,,00000012.pro,-1,,0
1863,,298864,2,232,9697,97,48,0,83886092,0x0500000C,misc,,00000012.pro,-1,,0
1864,,298952,2,235,9698,98,48,0,83886092,0x0500000C,misc,,00000012.pro,-1,,0
1865,,299040,2,238,9699,99,48,0,83886092,0x0500000C,misc,,00000012.pro,-1,,0
1866,,299128,2,241,9709,109,48,0,83886092,0x0500000C,misc,,00000012.pro,-1,,0
1867,,299216,2,244,9718,118,48,0,83886096,0x05000010,misc,,00000016.pro,-1,,0
1868,,299320,2,247,9880,80,49,0,83886099,0x05000013,misc,,00000019.pro,-1,,0
1869,,299424,2,250,9881,81,49,0,83886099,0x05000013,misc,,00000019.pro,-1,,0
1870,,299528,2,253,9894,94,49,0,83886092,0x0500000C,misc,,00000012.pro,-1,,0
1871,,299616,2,256,9895,95,49,0,83886092,0x0500000C,misc,,00000012.pro,-1,,0
1872,,299704,2,259,9896,96,49,0,83886092,0x0500000C,misc,,00000012.pro,-1,,0
1873,,299792,2,262,9897,97,49,0,83886092,0x0500000C,misc,,00000012.pro,-1,,0
1874,,299880,2,265,9909,109,49,0,83886092,0x0500000C,misc,,00000012.pro,-1,,0
1875,,299968,2,268,9910,110,49,0,83886092,0x0500000C,misc,,00000012.pro,-1,,0
1876,,300056,2,271,9919,119,49,0,83886096,0x05000010,misc,,00000016.pro,-1,,0
1877,,300160,2,3143,10063,63,50,0,83886096,0x05000010,misc,,00000016.pro,-1,,0
1878,,300264,2,274,10078,78,50,0,83886099,0x05000013,misc,,00000019.pro,-1,,0
1879,,300368,2,277,10079,79,50,0,83886099,0x05000013,misc,,00000019.pro,-1,,0
1880,,300472,2,280,10092,92,50,0,83886092,0x0500000C,misc,,00000012.pro,-1,,0
1881,,300560,2,283,10093,93,50,0,83886092,0x0500000C,misc,,00000012.pro,-1,,0
1882,,300648,2,286,10094,94,50,0,83886092,0x0500000C,misc,,00000012.pro,-1,,0
1883,,300736,2,289,10095,95,50,0,83886092,0x0500000C,misc,,00000012.pro,-1,,0
1884,,300824,2,292,10110,110,50,0,83886092,0x0500000C,misc,,00000012.pro,-1,,0
1885,,300912,2,295,10119,119,50,0,83886096,0x05000010,misc,,00000016.pro,-1,,0
1886,,301016,2,298,10120,120,50,0,83886096,0x05000010,misc,,00000016.pro,-1,,0
1887,,301120,2,3145,10260,60,51,0,83886096,0x05000010,misc,,00000016.pro,-1,,0
1888,,301224,2,301,10276,76,51,0,83886099,0x05000013,misc,,00000019.pro,-1,,0
1889,,301328,2,304,10277,77,51,0,83886099,0x05000013,misc,,00000019.pro,-1,,0
1890,,301432,2,307,10290,90,51,0,83886092,0x0500000C,misc,,00000012.pro,-1,,0
1891,,301520,2,310,10291,91,51,0,83886092,0x0500000C,misc,,00000012.pro,-1,,0
1892,,301608,2,313,10292,92,51,0,83886092,0x0500000C,misc,,00000012.pro,-1,,0
1893,,301696,2,316,10293,93,51,0,83886092,0x0500000C,misc,,00000012.pro,-1,,0
1894,,301784,2,319,10311,111,51,0,83886092,0x0500000C,misc,,00000012.pro,-1,,0
1895,,301872,2,322,10320,120,51,0,83886096,0x05000010,misc,,00000016.pro,-1,,0
1896,,301976,2,4201,10324,124,51,0,83886099,0x05000013,misc,,00000019.pro,-1,,0
1897,,302080,2,325,10474,74,52,0,83886099,0x05000013,misc,,00000019.pro,-1,,0
1898,,302184,2,328,10475,75,52,0,83886099,0x05000013,misc,,00000019.pro,-1,,0
1899,,302288,2,331,10488,88,52,0,83886092,0x0500000C,misc,,00000012.pro,-1,,0
1900,,302376,2,334,10489,89,52,0,83886092,0x0500000C,misc,,00000012.pro,-1,,0
1901,,302464,2,337,10490,90,52,0,83886092,0x0500000C,misc,,00000012.pro,-1,,0
1902,,302552,2,340,10491,91,52,0,83886092,0x0500000C,misc,,00000012.pro,-1,,0
1903,,302640,2,343,10511,111,52,0,83886092,0x0500000C,misc,,00000012.pro,-1,,0
1904,,302728,2,346,10512,112,52,0,83886092,0x0500000C,misc,,00000012.pro,-1,,0
1905,,302816,2,349,10521,121,52,0,83886096,0x05000010,misc,,00000016.pro,-1,,0
1906,,302920,2,3147,10657,57,53,0,83886096,0x05000010,misc,,00000016.pro,-1,,0
1907,,303024,2,353,10672,72,53,0,83886099,0x05000013,misc,,00000019.pro,-1,,0
1908,,303128,2,356,10673,73,53,0,83886099,0x05000013,misc,,00000019.pro,-1,,0
1909,,303232,2,359,10686,86,53,0,83886092,0x0500000C,misc,,00000012.pro,-1,,0
1910,,303320,2,362,10687,87,53,0,83886092,0x0500000C,misc,,00000012.pro,-1,,0
1911,,303408,2,365,10688,88,53,0,83886092,0x0500000C,misc,,00000012.pro,-1,,0
1912,,303496,2,368,10689,89,53,0,83886092,0x0500000C,misc,,00000012.pro,-1,,0
1913,,303584,2,371,10712,112,53,0,83886092,0x0500000C,misc,,00000012.pro,-1,,0
1914,,303672,2,374,10721,121,53,0,83886096,0x05000010,misc,,00000016.pro,-1,,0
1915,,303776,2,377,10722,122,53,0,83886096,0x05000010,misc,,00000016.pro,-1,,0
1916,,303880,2,3149,10854,54,54,0,83886096,0x05000010,misc,,00000016.pro,-1,,0
1917,,303984,2,384,10870,70,54,0,83886099,0x05000013,misc,,00000019.pro,-1,,0
1918,,304088,2,387,10871,71,54,0,83886099,0x05000013,misc,,00000019.pro,-1,,0
1919,,304192,2,390,10884,84,54,0,83886092,0x0500000C,misc,,00000012.pro,-1,,0
1920,,304280,2,393,10885,85,54,0,83886092,0x0500000C,misc,,00000012.pro,-1,,0
1921,,304368,2,396,10886,86,54,0,83886092,0x0500000C,misc,,00000012.pro,-1,,0
1922,,304456,2,399,10887,87,54,0,83886092,0x0500000C,misc,,00000012.pro,-1,,0
1923,,304544,2,404,10913,113,54,0,83886092,0x0500000C,misc,,00000012.pro,-1,,0
1924,,304632,2,407,10922,122,54,0,83886096,0x05000010,misc,,00000016.pro,-1,,0
1925,,304736,2,410,11068,68,55,0,83886099,0x05000013,misc,,00000019.pro,-1,,0
1926,,304840,2,413,11069,69,55,0,83886099,0x05000013,misc,,00000019.pro,-1,,0
1927,,304944,2,417,11082,82,55,0,83886092,0x0500000C,misc,,00000012.pro,-1,,0
1928,,305032,2,420,11083,83,55,0,83886092,0x0500000C,misc,,00000012.pro,-1,,0
1929,,305120,2,423,11084,84,55,0,83886092,0x0500000C,misc,,00000012.pro,-1,,0
1930,,305208,2,426,11085,85,55,0,83886092,0x0500000C,misc,,00000012.pro,-1,,0
1931,,305296,2,429,11113,113,55,0,83886092,0x0500000C,misc,,00000012.pro,-1,,0
1932,,305384,2,432,11114,114,55,0,83886092,0x0500000C,misc,,00000012.pro,-1,,0
1933,,305472,2,435,11123,123,55,0,83886096,0x05000010,misc,,00000016.pro,-1,,0
1934,,305576,2,3151,11251,51,56,0,83886096,0x05000010,misc,,00000016.pro,-1,,0
1935,,305680,2,442,11266,66,56,0,83886099,0x05000013,misc,,00000019.pro,-1,,0
1936,,305784,2,445,11267,67,56,0,83886099,0x05000013,misc,,00000019.pro,-1,,0
1937,,305888,2,448,11280,80,56,0,83886092,0x0500000C,misc,,00000012.pro,-1,,0
1938,,305976,2,451,11281,81,56,0,83886092,0x0500000C,misc,,00000012.pro,-1,,0
1939,,306064,2,454,11282,82,56,0,83886092,0x0500000C,misc,,00000012.pro,-1,,0
1940,,306152,2,457,11283,83,56,0,83886092,0x0500000C,misc,,00000012.pro,-1,,0
1941,,306240,2,460,11314,114,56,0,83886092,0x0500000C,misc,,00000012.pro,-1,,0
1942,,306328,2,463,11323,123,56,0,83886096,0x05000010,misc,,00000016.pro,-1,,0
1943,,306432,2,466,11324,124,56,0,83886096,0x05000010,misc,,00000016.pro,-1,,0
1944,,306536,2,3153,11448,48,57,0,83886096,0x05000010,misc,,00000016.pro,-1,,0
1945,,306640,2,469,11464,64,57,0,83886099,0x05000013,misc,,00000019.pro,-1,,0
1946,,306744,2,472,11465,65,57,0,83886099,0x05000013,misc,,00000019.pro,-1,,0
1947,,306848,2,475,11478,78,57,0,83886092,0x0500000C,misc,,00000012.pro,-1,,0
1948,,306936,2,478,11479,79,57,0,83886092,0x0500000C,misc,,00000012.pro,-1,,0
1949,,307024,2,481,11480,80,57,0,83886092,0x0500000C,misc,,00000012.pro,-1,,0
1950,,307112,2,484,11481,81,57,0,83886092,0x0500000C,misc,,00000012.pro,-1,,0
1951,,307200,2,487,11515,115,57,0,83886092,0x0500000C,misc,,00000012.pro,-1,,0
1952,,307288,2,490,11524,124,57,0,83886096,0x05000010,misc,,00000016.pro,-1,,0
1953,,307392,2,4203,11528,128,57,0,83886099,0x05000013,misc,,00000019.pro,-1,,0
1954,,307496,2,493,11662,62,58,0,83886099,0x05000013,misc,,00000019.pro,-1,,0
1955,,307600,2,496,11663,63,58,0,83886099,0x05000013,misc,,00000019.pro,-1,,0
1956,,307704,2,499,11676,76,58,0,83886092,0x0500000C,misc,,00000012.pro,-1,,0
1957,,307792,2,502,11677,77,58,0,83886092,0x0500000C,misc,,00000012.pro,-1,,0
1958,,307880,2,505,11678,78,58,0,83886092,0x0500000C,misc,,00000012.pro,-1,,0
1959,,307968,2,508,11679,79,58,0,83886092,0x0500000C,misc,,00000012.pro,-1,,0
1960,,308056,2,511,11715,115,58,0,83886092,0x0500000C,misc,,00000012.pro,-1,,0
1961,,308144,2,514,11716,116,58,0,83886092,0x0500000C,misc,,00000012.pro,-1,,0
1962,,308232,2,517,11725,125,58,0,83886096,0x05000010,misc,,00000016.pro,-1,,0
1963,,308336,2,3155,11845,45,59,0,83886096,0x05000010,misc,,00000016.pro,-1,,0
1964,,308440,2,520,11860,60,59,0,83886099,0x05000013,misc,,00000019.pro,-1,,0
1965,,308544,2,523,11861,61,59,0,83886099,0x05000013,misc,,00000019.pro,-1,,0
1966,,308648,2,526,11874,74,59,0,83886092,0x0500000C,misc,,00000012.pro,-1,,0
1967,,308736,2,529,11875,75,59,0,83886092,0x0500000C,misc,,00000012.pro,-1,,0
1968,,308824,2,532,11876,76,59,0,83886092,0x0500000C,misc,,00000012.pro,-1,,0
1969,,308912,2,535,11877,77,59,0,83886092,0x0500000C,misc,,00000012.pro,-1,,0
1970,,309000,2,538,11916,116,59,0,83886092,0x0500000C,misc,,00000012.pro,-1,,0
1971,,309088,2,541,11925,125,59,0,83886096,0x05000010,misc,,00000016.pro,-1,,0
1972,,309192,2,544,11926,126,59,0,83886096,0x05000010,misc,,00000016.pro,-1,,0
1973,,309296,2,3157,12042,42,60,0,83886096,0x05000010,misc,,00000016.pro,-1,,0
1974,,309400,2,547,12058,58,60,0,83886099,0x05000013,misc,,00000019.pro,-1,,0
1975,,309504,2,550,12059,59,60,0,83886099,0x05000013,misc,,00000019.pro,-1,,0
1976,,309608,2,553,12072,72,60,0,83886092,0x0500000C,misc,,00000012.pro,-1,,0
1977,,309696,2,556,12073,73,60,0,83886092,0x0500000C,misc,,00000012.pro,-1,,0
1978,,309784,2,559,12074,74,60,0,83886092,0x0500000C,misc,,00000012.pro,-1,,0
1979,,309872,2,562,12075,75,60,0,83886092,0x0500000C,misc,,00000012.pro,-1,,0
1980,,309960,2,565,12117,117,60,0,83886092,0x0500000C,misc,,00000012.pro,-1,,0
1981,,310048,2,568,12126,126,60,0,83886096,0x05000010,misc,,00000016.pro,-1,,0
1982,,310152,2,571,12256,56,61,0,83886099,0x05000013,misc,,00000019.pro,-1,,0
1983,,310256,2,574,12257,57,61,0,83886099,0x05000013,misc,,00000019.pro,-1,,0
1984,,310360,2,577,12270,70,61,0,83886092,0x0500000C,misc,,00000012.pro,-1,,0
1985,,310448,2,580,12271,71,61,0,83886092,0x0500000C,misc,,00000012.pro,-1,,0
1986,,310536,2,583,12272,72,61,0,83886092,0x0500000C,misc,,00000012.pro,-1,,0
1987,,310624,2,586,12273,73,61,0,83886092,0x0500000C,misc,,00000012.pro,-1,,0
1988,,310712,2,589,12317,117,61,0,83886092,0x0500000C,misc,,00000012.pro,-1,,0
1989,,310800,2,592,12318,118,61,0,83886092,0x0500000C,misc,,00000012.pro,-1,,0
1990,,310888,2,595,12327,127,61,0,83886096,0x05000010,misc,,00000016.pro,-1,,0
1991,,310992,2,3159,12439,39,62,0,83886096,0x05000010,misc,,00000016.pro,-1,,0
1992,,311096,2,598,12454,54,62,0,83886099,0x05000013,misc,,00000019.pro,-1,,0
1993,,311200,2,601,12455,55,62,0,83886099,0x05000013,misc,,00000019.pro,-1,,0
1994,,311304,2,604,12468,68,62,0,83886092,0x0500000C,misc,,00000012.pro,-1,,0
1995,,311392,2,607,12469,69,62,0,83886092,0x0500000C,misc,,00000012.pro,-1,,0
1996,,311480,2,610,12470,70,62,0,83886092,0x0500000C,misc,,00000012.pro,-1,,0
1997,,311568,2,613,12471,71,62,0,83886092,0x0500000C,misc,,00000012.pro,-1,,0
1998,,311656,2,616,12518,118,62,0,83886092,0x0500000C,misc,,00000012.pro,-1,,0
1999,,311744,2,619,12527,127,62,0,83886096,0x05000010,misc,,00000016.pro,-1,,0
2000,,311848,2,622,12528,128,62,0,83886096,0x05000010,misc,,00000016.pro,-1,,0
2001,,311952,2,3161,12636,36,63,0,83886096,0x05000010,misc,,00000016.pro,-1,,0
2002,,312056,2,625,12652,52,63,0,83886099,0x05000013,misc,,00000019.pro,-1,,0
2003,,312160,2,628,12653,53,63,0,83886099,0x05000013,misc,,00000019.pro,-1,,0
2004,,312264,2,631,12666,66,63,0,83886092,0x0500000C,misc,,00000012.pro,-1,,0
2005,,312352,2,634,12667,67,63,0,83886092,0x0500000C,misc,,00000012.pro,-1,,0
2006,,312440,2,637,12668,68,63,0,83886092,0x0500000C,misc,,00000012.pro,-1,,0
2007,,312528,2,640,12669,69,63,0,83886092,0x0500000C,misc,,00000012.pro,-1,,0
2008,,312616,2,643,12719,119,63,0,83886092,0x0500000C,misc,,00000012.pro,-1,,0
2009,,312704,2,646,12728,128,63,0,83886096,0x05000010,misc,,00000016.pro,-1,,0
2010,,312808,2,4205,12732,132,63,0,83886099,0x05000013,misc,,00000019.pro,-1,,0
2011,,312912,2,649,12850,50,64,0,83886099,0x05000013,misc,,00000019.pro,-1,,0
2012,,313016,2,652,12851,51,64,0,83886099,0x05000013,misc,,00000019.pro,-1,,0
2013,,313120,2,655,12864,64,64,0,83886092,0x0500000C,misc,,00000012.pro,-1,,0
2014,,313208,2,658,12865,65,64,0,83886092,0x0500000C,misc,,00000012.pro,-1,,0
2015,,313296,2,661,12866,66,64,0,83886092,0x0500000C,misc,,00000012.pro,-1,,0
2016,,313384,2,664,12867,67,64,0,83886092,0x0500000C,misc,,00000012.pro,-1,,0
2017,,313472,2,667,12919,119,64,0,83886092,0x0500000C,misc,,00000012.pro,-1,,0
2018,,313560,2,670,12920,120,64,0,83886092,0x0500000C,misc,,00000012.pro,-1,,0
2019,,313648,2,673,12929,129,64,0,83886096,0x05000010,misc,,00000016.pro,-1,,0
2020,,313752,2,3163,13033,33,65,0,83886096,0x05000010,misc,,00000016.pro,-1,,0
2021,,313856,2,676,13048,48,65,0,83886099,0x05000013,misc,,00000019.pro,-1,,0
2022,,313960,2,679,13049,49,65,0,83886099,0x05000013,misc,,00000019.pro,-1,,0
2023,,314064,2,682,13062,62,65,0,83886092,0x0500000C,misc,,00000012.pro,-1,,0
2024,,314152,2,685,13063,63,65,0,83886092,0x0500000C,misc,,00000012.pro,-1,,0
2025,,314240,2,688,13064,64,65,0,83886092,0x0500000C,misc,,00000012.pro,-1,,0
2026,,314328,2,691,13065,65,65,0,83886092,0x0500000C,misc,,00000012.pro,-1,,0
2027,,314416,2,694,13120,120,65,0,83886092,0x0500000C,misc,,00000012.pro,-1,,0
2028,,314504,2,697,13129,129,65,0,83886096,0x05000010,misc,,00000016.pro,-1,,0
2029,,314608,2,700,13130,130,65,0,83886096,0x05000010,misc,,00000016.pro,-1,,0
2030,,314712,2,3165,13230,30,66,0,83886096,0x05000010,misc,,00000016.pro,-1,,0
2031,,314816,2,703,13246,46,66,0,83886099,0x05000013,misc,,00000019.pro,-1,,0
2032,,314920,2,706,13247,47,66,0,83886099,0x05000013,misc,,00000019.pro,-1,,0
2033,,315024,2,709,13260,60,66,0,83886092,0x0500000C,misc,,00000012.pro,-1,,0
2034,,315112,2,712,13261,61,66,0,83886092,0x0500000C,misc,,00000012.pro,-1,,0
2035,,315200,2,715,13262,62,66,0,83886092,0x0500000C,misc,,00000012.pro,-1,,0
2036,,315288,2,718,13263,63,66,0,83886092,0x0500000C,misc,,00000012.pro,-1,,0
2037,,315376,2,721,13321,121,66,0,83886092,0x0500000C,misc,,00000012.pro,-1,,0
2038,,315464,2,724,13330,130,66,0,83886096,0x05000010,misc,,00000016.pro,-1,,0
2039,,315568,2,727,13444,44,67,0,83886099,0x05000013,misc,,00000019.pro,-1,,0
2040,,315672,2,730,13445,45,67,0,83886099,0x05000013,misc,,00000019.pro,-1,,0
2041,,315776,2,733,13458,58,67,0,83886092,0x0500000C,misc,,00000012.pro,-1,,0
2042,,315864,2,736,13459,59,67,0,83886092,0x0500000C,misc,,00000012.pro,-1,,0
2043,,315952,2,739,13460,60,67,0,83886092,0x0500000C,misc,,00000012.pro,-1,,0
2044,,316040,2,742,13461,61,67,0,83886092,0x0500000C,misc,,00000012.pro,-1,,0
2045,,316128,2,745,13521,121,67,0,83886092,0x0500000C,misc,,00000012.pro,-1,,0
2046,,316216,2,748,13522,122,67,0,83886092,0x0500000C,misc,,00000012.pro,-1,,0
2047,,316304,2,751,13531,131,67,0,83886096,0x05000010,misc,,00000016.pro,-1,,0
2048,,316408,2,754,13642,42,68,0,83886099,0x05000013,misc,,00000019.pro,-1,,0
2049,,316512,2,757,13643,43,68,0,83886099,0x05000013,misc,,00000019.pro,-1,,0
2050,,316616,2,760,13656,56,68,0,83886092,0x0500000C,misc,,00000012.pro,-1,,0
2051,,316704,2,763,13657,57,68,0,83886092,0x0500000C,misc,,00000012.pro,-1,,0
2052,,316792,2,766,13658,58,68,0,83886092,0x0500000C,misc,,00000012.pro,-1,,0
2053,,316880,2,769,13659,59,68,0,83886092,0x0500000C,misc,,00000012.pro,-1,,0
2054,,316968,2,772,13722,122,68,0,83886092,0x0500000C,misc,,00000012.pro,-1,,0
2055,,317056,2,775,13731,131,68,0,83886096,0x05000010,misc,,00000016.pro,-1,,0
2056,,317160,2,778,13732,132,68,0,83886096,0x05000010,misc,,00000016.pro,-1,,0
2057,,317264,2,781,13840,40,69,0,83886099,0x05000013,misc,,00000019.pro,-1,,0
2058,,317368,2,784,13841,41,69,0,83886099,0x05000013,misc,,00000019.pro,-1,,0
2059,,317472,2,787,13854,54,69,0,83886092,0x0500000C,misc,,00000012.pro,-1,,0
2060,,317560,2,790,13855,55,69,0,83886092,0x0500000C,misc,,00000012.pro,-1,,0
2061,,317648,2,793,13856,56,69,0,83886092,0x0500000C,misc,,00000012.pro,-1,,0
2062,,317736,2,796,13857,57,69,0,83886092,0x0500000C,misc,,00000012.pro,-1,,0
2063,,317824,2,799,13923,123,69,0,83886092,0x0500000C,misc,,00000012.pro,-1,,0
2064,,317912,2,802,13932,132,69,0,83886096,0x05000010,misc,,00000016.pro,-1,,0
2065,,318016,2,4207,13936,136,69,0,83886099,0x05000013,misc,,00000019.pro,-1,,0
2066,,318120,2,805,14038,38,70,0,83886099,0x05000013,misc,,00000019.pro,-1,,0
2067,,318224,2,808,14039,39,70,0,83886099,0x05000013,misc,,00000019.pro,-1,,0
2068,,318328,2,811,14052,52,70,0,83886092,0x0500000C,misc,,00000012.pro,-1,,0
2069,,318416,2,814,14053,53,70,0,83886092,0x0500000C,misc,,00000012.pro,-1,,0
2070,,318504,2,817,14054,54,70,0,83886092,0x0500000C,misc,,00000012.pro,-1,,0
2071,,318592,2,820,14055,55,70,0,83886092,0x0500000C,misc,,00000012.pro,-1,,0
2072,,318680,2,823,14123,123,70,0,83886092,0x0500000C,misc,,00000012.pro,-1,,0
2073,,318768,2,826,14124,124,70,0,83886092,0x0500000C,misc,,00000012.pro,-1,,0
2074,,318856,2,829,14133,133,70,0,83886096,0x05000010,misc,,00000016.pro,-1,,0
2075,,318960,2,832,14236,36,71,0,83886099,0x05000013,misc,,00000019.pro,-1,,0
2076,,319064,2,835,14237,37,71,0,83886099,0x05000013,misc,,00000019.pro,-1,,0
2077,,319168,2,838,14250,50,71,0,83886092,0x0500000C,misc,,00000012.pro,-1,,0
2078,,319256,2,841,14251,51,71,0,83886092,0x0500000C,misc,,00000012.pro,-1,,0
2079,,319344,2,844,14252,52,71,0,83886092,0x0500000C,misc,,00000012.pro,-1,,0
2080,,319432,2,847,14253,53,71,0,83886092,0x0500000C,misc,,00000012.pro,-1,,0
2081,,319520,2,850,14324,124,71,0,83886092,0x0500000C,misc,,00000012.pro,-1,,0
2082,,319608,2,853,14333,133,71,0,83886096,0x05000010,misc,,00000016.pro,-1,,0
2083,,319712,2,856,14334,134,71,0,83886096,0x05000010,misc,,00000016.pro,-1,,0
2084,,319816,2,3103,14434,34,72,0,83886099,0x05000013,misc,,00000019.pro,-1,,0
2085,,319920,2,859,14435,35,72,0,83886099,0x05000013,misc,,00000019.pro,-1,,0
2086,,320024,2,862,14437,37,72,0,83886097,0x05000011,misc,,00000017.pro,-1,,0
2087,,320128,2,865,14438,38,72,0,83886097,0x05000011,misc,,00000017.pro,-1,,0
2088,,320232,2,868,14448,48,72,0,83886092,0x0500000C,misc,,00000012.pro,-1,,0
2089,,320320,2,871,14449,49,72,0,83886092,0x0500000C,misc,,00000012.pro,-1,,0
2090,,320408,2,874,14450,50,72,0,83886092,0x0500000C,misc,,00000012.pro,-1,,0
2091,,320496,2,877,14451,51,72,0,83886092,0x0500000C,misc,,00000012.pro,-1,,0
2092,,320584,2,880,14525,125,72,0,83886092,0x0500000C,misc,,00000012.pro,-1,,0
2093,,320672,2,883,14534,134,72,0,83886096,0x05000010,misc,,00000016.pro,-1,,0
2094,,320776,2,886,14638,38,73,0,83886097,0x05000011,misc,,00000017.pro,-1,,0
2095,,320880,2,889,14647,47,73,0,83886092,0x0500000C,misc,,00000012.pro,-1,,0
2096,,320968,2,892,14648,48,73,0,83886092,0x0500000C,misc,,00000012.pro,-1,,0
2097,,321056,2,895,14649,49,73,0,83886092,0x0500000C,misc,,00000012.pro,-1,,0
2098,,321144,2,898,14725,125,73,0,83886092,0x0500000C,misc,,00000012.pro,-1,,0
2099,,321232,2,901,14726,126,73,0,83886092,0x0500000C,misc,,00000012.pro,-1,,0
2100,,321320,2,904,14735,135,73,0,83886096,0x05000010,misc,,00000016.pro,-1,,0
2101,,321424,2,907,14839,39,74,0,83886097,0x05000011,misc,,00000017.pro,-1,,0
2102,,321528,2,910,14847,47,74,0,83886092,0x0500000C,misc,,00000012.pro,-1,,0
2103,,321616,2,913,14848,48,74,0,83886092,0x0500000C,misc,,00000012.pro,-1,,0
2104,,321704,2,916,14926,126,74,0,83886092,0x0500000C,misc,,00000012.pro,-1,,0
2105,,321792,2,919,14935,135,74,0,83886096,0x05000010,misc,,00000016.pro,-1,,0
2106,,321896,2,922,14936,136,74,0,83886096,0x05000010,misc,,00000016.pro,-1,,0
2107,,322000,2,925,15039,39,75,0,83886097,0x05000011,misc,,00000017.pro,-1,,0
2108,,322104,2,928,15040,40,75,0,83886097,0x05000011,misc,,00000017.pro,-1,,0
2109,,322208,2,931,15048,48,75,0,83886092,0x0500000C,misc,,00000012.pro,-1,,0
2110,,322296,2,934,15127,127,75,0,83886092,0x0500000C,misc,,00000012.pro,-1,,0
2111,,322384,2,937,15136,136,75,0,83886096,0x05000010,misc,,00000016.pro,-1,,0
2112,,322488,2,4209,15140,140,75,0,83886099,0x05000013,misc,,00000019.pro,-1,,0
2113,,322592,2,940,15240,40,76,0,83886097,0x05000011,misc,,00000017.pro,-1,,0
2114,,322696,2,943,15249,49,76,0,83886092,0x0500000C,misc,,00000012.pro,-1,,0
2115,,322784,2,946,15327,127,76,0,83886092,0x0500000C,misc,,00000012.pro,-1,,0
2116,,322872,2,949,15328,128,76,0,83886092,0x0500000C,misc,,00000012.pro,-1,,0
2117,,322960,2,952,15337,137,76,0,83886096,0x05000010,misc,,00000016.pro,-1,,0
2118,,323064,2,955,15441,41,77,0,83886097,0x05000011,misc,,00000017.pro,-1,,0
2119,,323168,2,958,15449,49,77,0,83886092,0x0500000C,misc,,00000012.pro,-1,,0
2120,,323256,2,961,15450,50,77,0,83886092,0x0500000C,misc,,00000012.pro,-1,,0
2121,,323344,2,964,15528,128,77,0,83886092,0x0500000C,misc,,00000012.pro,-1,,0
2122,,323432,2,967,15537,137,77,0,83886096,0x05000010,misc,,00000016.pro,-1,,0
2123,,323536,2,970,15538,138,77,0,83886096,0x05000010,misc,,00000016.pro,-1,,0
2124,,323640,2,4255,15638,38,78,0,83886099,0x05000013,misc,,00000019.pro,-1,,0
2125,,323744,2,973,15641,41,78,0,83886097,0x05000011,misc,,00000017.pro,-1,,0
2126,,323848,2,976,15642,42,78,0,83886097,0x05000011,misc,,00000017.pro,-1,,0
2127,,323952,2,979,15650,50,78,0,83886092,0x0500000C,misc,,00000012.pro,-1,,0
2128,,324040,2,982,15729,129,78,0,83886092,0x0500000C,misc,,00000012.pro,-1,,0
2129,,324128,2,985,15738,138,78,0,83886096,0x05000010,misc,,00000016.pro,-1,,0
2130,,324232,2,988,15842,42,79,0,83886097,0x05000011,misc,,00000017.pro,-1,,0
2131,,324336,2,991,15851,51,79,0,83886092,0x0500000C,misc,,00000012.pro,-1,,0
2132,,324424,2,995,15929,129,79,0,83886092,0x0500000C,misc,,00000012.pro,-1,,0
2133,,324512,2,998,15930,130,79,0,83886092,0x0500000C,misc,,00000012.pro,-1,,0
2134,,324600,2,1001,15939,139,79,0,83886096,0x05000010,misc,,00000016.pro,-1,,0
2135,,324704,2,1004,16043,43,80,0,83886097,0x05000011,misc,,00000017.pro,-1,,0
2136,,324808,2,1007,16051,51,80,0,83886092,0x0500000C,misc,,00000012.pro,-1,,0
2137,,324896,2,1010,16052,52,80,0,83886092,0x0500000C,misc,,00000012.pro,-1,,0
2138,,324984,2,1016,16130,130,80,0,83886092,0x0500000C,misc,,00000012.pro,-1,,0
2139,,325072,2,1019,16139,139,80,0,83886096,0x05000010,misc,,00000016.pro,-1,,0
2140,,325176,2,1022,16140,140,80,0,83886096,0x05000010,misc,,00000016.pro,-1,,0
2141,,325280,2,4253,16240,40,81,0,83886099,0x05000013,misc,,00000019.pro,-1,,0
2142,,325384,2,1025,16243,43,81,0,83886097,0x05000011,misc,,00000017.pro,-1,,0
2143,,325488,2,1028,16244,44,81,0,83886097,0x05000011,misc,,00000017.pro,-1,,0
2144,,325592,2,1031,16252,52,81,0,83886092,0x0500000C,misc,,00000012.pro,-1,,0
2145,,325680,2,1034,16331,131,81,0,83886092,0x0500000C,misc,,00000012.pro,-1,,0
2146,,325768,2,1037,16340,140,81,0,83886096,0x05000010,misc,,00000016.pro,-1,,0
2147,,325872,2,4211,16344,144,81,0,83886099,0x05000013,misc,,00000019.pro,-1,,0
2148,,325976,2,1040,16444,44,82,0,83886097,0x05000011,misc,,00000017.pro,-1,,0
2149,,326080,2,1043,16453,53,82,0,83886092,0x0500000C,misc,,00000012.pro,-1,,0
2150,,326168,2,1046,16531,131,82,0,83886092,0x0500000C,misc,,00000012.pro,-1,,0
2151,,326256,2,1049,16532,132,82,0,83886092,0x0500000C,misc,,00000012.pro,-1,,0
2152,,326344,2,1052,16541,141,82,0,83886096,0x05000010,misc,,00000016.pro,-1,,0
2153,,326448,2,1055,16645,45,83,0,83886097,0x05000011,misc,,00000017.pro,-1,,0
2154,,326552,2,1058,16653,53,83,0,83886092,0x0500000C,misc,,00000012.pro,-1,,0
2155,,326640,2,1061,16654,54,83,0,83886092,0x0500000C,misc,,00000012.pro,-1,,0
2156,,326728,2,1064,16732,132,83,0,83886092,0x0500000C,misc,,00000012.pro,-1,,0
2157,,326816,2,1067,16741,141,83,0,83886096,0x05000010,misc,,00000016.pro,-1,,0
2158,,326920,2,1070,16742,142,83,0,83886096,0x05000010,misc,,00000016.pro,-1,,0
2159,,327024,2,1073,16845,45,84,0,83886097,0x05000011,misc,,00000017.pro,-1,,0
2160,,327128,2,1076,16846,46,84,0,83886097,0x05000011,misc,,00000017.pro,-1,,0
2161,,327232,2,1079,16854,54,84,0,83886092,0x0500000C,misc,,00000012.pro,-1,,0
2162,,327320,2,1082,16933,133,84,0,83886092,0x0500000C,misc,,00000012.pro,-1,,0
2163,,327408,2,1085,16942,142,84,0,83886096,0x05000010,misc,,00000016.pro,-1,,0
2164,,327512,2,1088,17046,46,85,0,83886097,0x05000011,misc,,00000017.pro,-1,,0
2165,,327616,2,1091,17055,55,85,0,83886092,0x0500000C,misc,,00000012.pro,-1,,0
2166,,327704,2,1095,17133,133,85,0,83886092,0x0500000C,misc,,00000012.pro,-1,,0
2167,,327792,2,1098,17134,134,85,0,83886092,0x0500000C,misc,,00000012.pro,-1,,0
2168,,327880,2,1101,17143,143,85,0,83886096,0x05000010,misc,,00000016.pro,-1,,0
2169,,327984,2,1104,17247,47,86,0,83886097,0x05000011,misc,,00000017.pro,-1,,0
2170,,328088,2,1107,17255,55,86,0,83886092,0x0500000C,misc,,00000012.pro,-1,,0
2171,,328176,2,1110,17256,56,86,0,83886092,0x0500000C,misc,,00000012.pro,-1,,0
2172,,328264,2,1116,17334,134,86,0,83886092,0x0500000C,misc,,00000012.pro,-1,,0
2173,,328352,2,1121,17343,143,86,0,83886096,0x05000010,misc,,00000016.pro,-1,,0
2174,,328456,2,1124,17344,144,86,0,83886096,0x05000010,misc,,00000016.pro,-1,,0
2175,,328560,2,4251,17444,44,87,0,83886099,0x05000013,misc,,00000019.pro,-1,,0
2176,,328664,2,1127,17447,47,87,0,83886097,0x05000011,misc,,00000017.pro,-1,,0
2177,,328768,2,1130,17448,48,87,0,83886097,0x05000011,misc,,00000017.pro,-1,,0
2178,,328872,2,1133,17456,56,87,0,83886092,0x0500000C,misc,,00000012.pro,-1,,0
2179,,328960,2,1136,17535,135,87,0,83886092,0x0500000C,misc,,00000012.pro,-1,,0
2180,,329048,2,1139,17544,144,87,0,83886096,0x05000010,misc,,00000016.pro,-1,,0
2181,,329152,2,4213,17548,148,87,0,83886099,0x05000013,misc,,00000019.pro,-1,,0
2182,,329256,2,1142,17648,48,88,0,83886097,0x05000011,misc,,00000017.pro,-1,,0
2183,,329360,2,1145,17657,57,88,0,83886092,0x0500000C,misc,,00000012.pro,-1,,0
2184,,329448,2,1148,17735,135,88,0,83886092,0x0500000C,misc,,00000012.pro,-1,,0
2185,,329536,2,1151,17736,136,88,0,83886092,0x0500000C,misc,,00000012.pro,-1,,0
2186,,329624,2,1154,17745,145,88,0,83886096,0x05000010,misc,,00000016.pro,-1,,0
2187,,329728,2,1157,17849,49,89,0,83886097,0x05000011,misc,,00000017.pro,-1,,0
2188,,329832,2,1160,17857,57,89,0,83886092,0x0500000C,misc,,00000012.pro,-1,,0
2189,,329920,2,1163,17858,58,89,0,83886092,0x0500000C,misc,,00000012.pro,-1,,0
2190,,330008,2,1166,17936,136,89,0,83886092,0x0500000C,misc,,00000012.pro,-1,,0
2191,,330096,2,1169,17945,145,89,0,83886096,0x05000010,misc,,00000016.pro,-1,,0
2192,,330200,2,1172,17946,146,89,0,83886096,0x05000010,misc,,00000016.pro,-1,,0
2193,,330304,2,1175,18049,49,90,0,83886097,0x05000011,misc,,00000017.pro,-1,,0
2194,,330408,2,1178,18050,50,90,0,83886097,0x05000011,misc,,00000017.pro,-1,,0
2195,,330512,2,1181,18058,58,90,0,83886092,0x0500000C,misc,,00000012.pro,-1,,0
2196,,330600,2,1185,18137,137,90,0,83886092,0x0500000C,misc,,00000012.pro,-1,,0
2197,,330688,2,1188,18146,146,90,0,83886096,0x05000010,misc,,00000016.pro,-1,,0
2198,,330792,2,1191,18250,50,91,0,83886097,0x05000011,misc,,00000017.pro,-1,,0
2199,,330896,2,1194,18259,59,91,0,83886092,0x0500000C,misc,,00000012.pro,-1,,0
2200,,330984,2,1197,18337,137,91,0,83886092,0x0500000C,misc,,00000012.pro,-1,,0
2201,,331072,2,1200,18338,138,91,0,83886092,0x0500000C,misc,,00000012.pro,-1,,0
2202,,331160,2,1203,18347,147,91,0,83886096,0x05000010,misc,,00000016.pro,-1,,0
2203,,331264,2,1206,18451,51,92,0,83886097,0x05000011,misc,,00000017.pro,-1,,0
2204,,331368,2,1209,18459,59,92,0,83886092,0x0500000C,misc,,00000012.pro,-1,,0
2205,,331456,2,1212,18460,60,92,0,83886092,0x0500000C,misc,,00000012.pro,-1,,0
2206,,331544,2,1215,18538,138,92,0,83886092,0x0500000C,misc,,00000012.pro,-1,,0
2207,,331632,2,1218,18547,147,92,0,83886096,0x05000010,misc,,00000016.pro,-1,,0
2208,,331736,2,1221,18548,148,92,0,83886096,0x05000010,misc,,00000016.pro,-1,,0
2209,,331840,2,4249,18648,48,93,0,83886099,0x05000013,misc,,00000019.pro,-1,,0
2210,,331944,2,1224,18651,51,93,0,83886097,0x05000011,misc,,00000017.pro,-1,,0
2211,,332048,2,1227,18652,52,93,0,83886097,0x05000011,misc,,00000017.pro,-1,,0
2212,,332152,2,1230,18660,60,93,0,83886092,0x0500000C,misc,,00000012.pro,-1,,0
2213,,332240,2,1233,18739,139,93,0,83886092,0x0500000C,misc,,00000012.pro,-1,,0
2214,,332328,2,1236,18748,148,93,0,83886096,0x05000010,misc,,00000016.pro,-1,,0
2215,,332432,2,4215,18752,152,93,0,83886099,0x05000013,misc,,00000019.pro,-1,,0
2216,,332536,2,1239,18852,52,94,0,83886097,0x05000011,misc,,00000017.pro,-1,,0
2217,,332640,2,1242,18861,61,94,0,83886092,0x0500000C,misc,,00000012.pro,-1,,0
2218,,332728,2,1245,18939,139,94,0,83886092,0x0500000C,misc,,00000012.pro,-1,,0
2219,,332816,2,1248,18940,140,94,0,83886092,0x0500000C,misc,,00000012.pro,-1,,0
2220,,332904,2,1251,18949,149,94,0,83886096,0x05000010,misc,,00000016.pro,-1,,0
2221,,333008,2,1258,19053,53,95,0,83886097,0x05000011,misc,,00000017.pro,-1,,0
2222,,333112,2,1261,19061,61,95,0,83886092,0x0500000C,misc,,00000012.pro,-1,,0
2223,,333200,2,1264,19062,62,95,0,83886092,0x0500000C,misc,,00000012.pro,-1,,0
2224,,333288,2,1266,19106,106,95,0,33554499,0x02000043,scenery,generic,00000068.pro,-1,,0
2225,,333376,2,1267,19107,107,95,0,33554499,0x02000043,scenery,generic,00000068.pro,-1,,0
2226,,333464,2,1268,19108,108,95,0,33554499,0x02000043,scenery,generic,00000068.pro,-1,,0
2227,,333552,2,1271,19140,140,95,0,83886092,0x0500000C,misc,,00000012.pro,-1,,0
2228,,333640,2,1274,19149,149,95,0,83886096,0x05000010,misc,,00000016.pro,-1,,0
2229,,333744,2,1277,19150,150,95,0,83886096,0x05000010,misc,,00000016.pro,-1,,0
2230,,333848,2,1280,19253,53,96,0,83886097,0x05000011,misc,,00000017.pro,-1,,0
2231,,333952,2,1283,19254,54,96,0,83886097,0x05000011,misc,,00000017.pro,-1,,0
2232,,334056,2,1286,19262,62,96,0,83886092,0x0500000C,misc,,00000012.pro,-1,,0
2233,,334144,2,1292,19304,104,96,0,33554499,0x02000043,scenery,generic,00000068.pro,-1,,0
2234,,334232,2,1294,19305,105,96,0,33554499,0x02000043,scenery,generic,00000068.pro,-1,,0
2235,,334320,2,4163,19306,106,96,0,33554499,0x02000043,scenery,generic,00000068.pro,-1,,0
2236,,334408,2,4161,19307,107,96,0,33554499,0x02000043,scenery,generic,00000068.pro,-1,,0
2237,,334496,2,1296,19308,108,96,0,33554499,0x02000043,scenery,generic,00000068.pro,-1,,0
2238,,334584,2,1299,19341,141,96,0,83886092,0x0500000C,misc,,00000012.pro,-1,,0
2239,,334672,2,1302,19350,150,96,0,83886096,0x05000010,misc,,00000016.pro,-1,,0
2240,,334776,2,1305,19454,54,97,0,83886097,0x05000011,misc,,00000017.pro,-1,,0
2241,,334880,2,1308,19463,63,97,0,83886092,0x0500000C,misc,,00000012.pro,-1,,0
2242,,334968,2,1314,19502,102,97,1,16777244,0x0100001C,critter,,00000028.pro,-1,,0
2243,,335096,2,1317,19504,104,97,0,33554499,0x02000043,scenery,generic,00000068.pro,-1,,0
2244,,335184,2,1318,19505,105,97,0,33554959,0x0200020F,scenery,generic,00000528.pro,-1,,0
2245,,335272,2,1320,19506,106,97,0,33554499,0x02000043,scenery,generic,00000068.pro,-1,,0
2246,,335360,2,4159,19507,107,97,0,33554499,0x02000043,scenery,generic,00000068.pro,-1,,0
2247,,335448,2,1321,19508,108,97,0,33554499,0x02000043,scenery,generic,00000068.pro,-1,,0
2248,,335536,2,1324,19541,141,97,0,83886092,0x0500000C,misc,,00000012.pro,-1,,0
2249,,335624,2,1327,19542,142,97,0,83886092,0x0500000C,misc,,00000012.pro,-1,,0
2250,,335712,2,1330,19551,151,97,0,83886096,0x05000010,misc,,00000016.pro,-1,,0
2251,,335816,2,1333,19655,55,98,0,83886097,0x05000011,misc,,00000017.pro,-1,,0
2252,,335920,2,1336,19663,63,98,0,83886092,0x0500000C,misc,,00000012.pro,-1,,0
2253,,336008,2,1339,19664,64,98,0,83886092,0x0500000C,misc,,00000012.pro,-1,,0
2254,,336096,2,1350,19705,105,98,0,33554499,0x02000043,scenery,generic,00000068.pro,-1,,0
2255,,336184,2,1352,19707,107,98,0,33554499,0x02000043,scenery,generic,00000068.pro,-1,,0
2256,,336272,2,1355,19742,142,98,0,83886092,0x0500000C,misc,,00000012.pro,-1,,0
2257,,336360,2,1358,19751,151,98,0,83886096,0x05000010,misc,,00000016.pro,-1,,0
2258,,336464,2,1361,19752,152,98,0,83886096,0x05000010,misc,,00000016.pro,-1,,0
2259,,336568,2,4247,19852,52,99,0,83886099,0x05000013,misc,,00000019.pro,-1,,0
2260,,336672,2,1364,19855,55,99,0,83886097,0x05000011,misc,,00000017.pro,-1,,0
2261,,336776,2,1367,19856,56,99,0,83886097,0x05000011,misc,,00000017.pro,-1,,0
2262,,336880,2,1370,19864,64,99,0,83886092,0x0500000C,misc,,00000012.pro,-1,,0
2263,,336968,2,1377,19943,143,99,0,83886092,0x0500000C,misc,,00000012.pro,-1,,0
2264,,337056,2,1380,19952,152,99,0,83886096,0x05000010,misc,,00000016.pro,-1,,0
2265,,337160,2,4217,19956,156,99,0,83886099,0x05000013,misc,,00000019.pro,-1,,0
2266,,337264,2,1383,20056,56,100,0,83886097,0x05000011,misc,,00000017.pro,-1,,0
2267,,337368,2,1386,20065,65,100,0,83886092,0x0500000C,misc,,00000012.pro,-1,,0
2268,,337456,2,1389,20143,143,100,0,83886092,0x0500000C,misc,,00000012.pro,-1,,0
2269,,337544,2,1392,20144,144,100,0,83886092,0x0500000C,misc,,00000012.pro,-1,,0
2270,,337632,2,1395,20153,153,100,0,83886096,0x05000010,misc,,00000016.pro,-1,,0
2271,,337736,2,1398,20257,57,101,0,83886097,0x05000011,misc,,00000017.pro,-1,,0
2272,,337840,2,1401,20265,65,101,0,83886092,0x0500000C,misc,,00000012.pro,-1,,0
2273,,337928,2,1402,20265,65,101,0,83886092,0x0500000C,misc,,00000012.pro,-1,,0
2274,,338016,2,1405,20266,66,101,0,83886092,0x0500000C,misc,,00000012.pro,-1,,0
2275,,338104,2,1406,20304,104,101,0,33554499,0x02000043,scenery,generic,00000068.pro,-1,,0
2276,,338192,2,1408,20306,106,101,0,33554499,0x02000043,scenery,generic,00000068.pro,-1,,0
2277,,338280,2,1412,20344,144,101,0,83886092,0x0500000C,misc,,00000012.pro,-1,,0
2278,,338368,2,1415,20353,153,101,0,83886096,0x05000010,misc,,00000016.pro,-1,,0
2279,,338472,2,1418,20354,154,101,0,83886096,0x05000010,misc,,00000016.pro,-1,,0
2280,,338576,2,1421,20457,57,102,0,83886097,0x05000011,misc,,00000017.pro,-1,,0
2281,,338680,2,1424,20458,58,102,0,83886097,0x05000011,misc,,00000017.pro,-1,,0
2282,,338784,2,1427,20466,66,102,0,83886092,0x0500000C,misc,,00000012.pro,-1,,0
2283,,338872,2,1428,20502,102,102,0,33554499,0x02000043,scenery,generic,00000068.pro,-1,,0
2284,,338960,2,1429,20503,103,102,0,33554499,0x02000043,scenery,generic,00000068.pro,-1,,0
2285,,339048,2,4153,20504,104,102,0,33554499,0x02000043,scenery,generic,00000068.pro,-1,,0
2286,,339136,2,1432,20505,105,102,0,33554499,0x02000043,scenery,generic,00000068.pro,-1,,0
2287,,339224,2,1433,20506,106,102,0,33554499,0x02000043,scenery,generic,00000068.pro,-1,,0
2288,,339312,2,1438,20545,145,102,0,83886092,0x0500000C,misc,,00000012.pro,-1,,0
2289,,339400,2,1441,20554,154,102,0,83886096,0x05000010,misc,,00000016.pro,-1,,0
2290,,339504,2,1444,20658,58,103,0,83886097,0x05000011,misc,,00000017.pro,-1,,0
2291,,339608,2,1447,20667,67,103,0,83886092,0x0500000C,misc,,00000012.pro,-1,,0
2292,,339696,2,1448,20700,100,103,0,16777244,0x0100001C,critter,,00000028.pro,-1,,0
2293,,339824,2,1451,20702,102,103,0,33554499,0x02000043,scenery,generic,00000068.pro,-1,,0
2294,,339912,2,1452,20703,103,103,0,33554960,0x02000210,scenery,generic,00000529.pro,-1,,0
2295,,340000,2,4155,20704,104,103,0,33554499,0x02000043,scenery,generic,00000068.pro,-1,,0
2296,,340088,2,4157,20705,105,103,0,33554499,0x02000043,scenery,generic,00000068.pro,-1,,0
2297,,340176,2,1456,20706,106,103,0,33554499,0x02000043,scenery,generic,00000068.pro,-1,,0
2298,,340264,2,1460,20745,145,103,0,83886092,0x0500000C,misc,,00000012.pro,-1,,0
2299,,340352,2,1463,20746,146,103,0,83886092,0x0500000C,misc,,00000012.pro,-1,,0
2300,,340440,2,1466,20755,155,103,0,83886096,0x05000010,misc,,00000016.pro,-1,,0
2301,,340544,2,1469,20859,59,104,0,83886097,0x05000011,misc,,00000017.pro,-1,,0
2302,,340648,2,1472,20867,67,104,0,83886092,0x0500000C,misc,,00000012.pro,-1,,0
2303,,340736,2,1475,20868,68,104,0,83886092,0x0500000C,misc,,00000012.pro,-1,,0
2304,,340824,2,1479,20903,103,104,0,33554499,0x02000043,scenery,generic,00000068.pro,-1,,0
2305,,340912,2,1481,20904,104,104,0,33554499,0x02000043,scenery,generic,00000068.pro,-1,,0
2306,,341000,2,1483,20905,105,104,0,33554499,0x02000043,scenery,generic,00000068.pro,-1,,0
2307,,341088,2,1485,20906,106,104,0,33554499,0x02000043,scenery,generic,00000068.pro,-1,,0
2308,,341176,2,1490,20946,146,104,0,83886092,0x0500000C,misc,,00000012.pro,-1,,0
2309,,341264,2,1493,20955,155,104,0,83886096,0x05000010,misc,,00000016.pro,-1,,0
2310,,341368,2,1496,20956,156,104,0,83886096,0x05000010,misc,,00000016.pro,-1,,0
2311,,341472,2,4245,21056,56,105,0,83886099,0x05000013,misc,,00000019.pro,-1,,0
2312,,341576,2,1499,21059,59,105,0,83886097,0x05000011,misc,,00000017.pro,-1,,0
2313,,341680,2,1502,21060,60,105,0,83886097,0x05000011,misc,,00000017.pro,-1,,0
2314,,341784,2,1505,21068,68,105,0,83886092,0x0500000C,misc,,00000012.pro,-1,,0
2315,,341872,2,1512,21147,147,105,0,83886092,0x0500000C,misc,,00000012.pro,-1,,0
2316,,341960,2,1515,21156,156,105,0,83886096,0x05000010,misc,,00000016.pro,-1,,0
2317,,342064,2,4219,21160,160,105,0,83886099,0x05000013,misc,,00000019.pro,-1,,0
2318,,342168,2,1518,21260,60,106,0,83886097,0x05000011,misc,,00000017.pro,-1,,0
2319,,342272,2,1521,21269,69,106,0,83886092,0x0500000C,misc,,00000012.pro,-1,,0
2320,,342360,2,1529,21347,147,106,0,83886092,0x0500000C,misc,,00000012.pro,-1,,0
2321,,342448,2,1532,21348,148,106,0,83886092,0x0500000C,misc,,00000012.pro,-1,,0
2322,,342536,2,1535,21357,157,106,0,83886096,0x05000010,misc,,00000016.pro,-1,,0
2323,,342640,2,1538,21461,61,107,0,83886097,0x05000011,misc,,00000017.pro,-1,,0
2324,,342744,2,1541,21469,69,107,0,83886092,0x0500000C,misc,,00000012.pro,-1,,0
2325,,342832,2,1544,21470,70,107,0,83886092,0x0500000C,misc,,00000012.pro,-1,,0
2326,,342920,2,1548,21548,148,107,0,83886092,0x0500000C,misc,,00000012.pro,-1,,0
2327,,343008,2,1551,21557,157,107,0,83886096,0x05000010,misc,,00000016.pro,-1,,0
2328,,343112,2,1554,21558,158,107,0,83886096,0x05000010,misc,,00000016.pro,-1,,0
2329,,343216,2,1557,21661,61,108,0,83886097,0x05000011,misc,,00000017.pro,-1,,0
2330,,343320,2,1560,21662,62,108,0,83886097,0x05000011,misc,,00000017.pro,-1,,0
2331,,343424,2,1563,21670,70,108,0,83886092,0x0500000C,misc,,00000012.pro,-1,,0
2332,,343512,2,1566,21749,149,108,0,83886092,0x0500000C,misc,,00000012.pro,-1,,0
2333,,343600,2,1569,21758,158,108,0,83886096,0x05000010,misc,,00000016.pro,-1,,0
2334,,343704,2,1572,21862,62,109,0,83886097,0x05000011,misc,,00000017.pro,-1,,0
2335,,343808,2,1575,21871,71,109,0,83886092,0x0500000C,misc,,00000012.pro,-1,,0
2336,,343896,2,1578,21949,149,109,0,83886092,0x0500000C,misc,,00000012.pro,-1,,0
2337,,343984,2,1581,21950,150,109,0,83886092,0x0500000C,misc,,00000012.pro,-1,,0
2338,,344072,2,1584,21959,159,109,0,83886096,0x05000010,misc,,00000016.pro,-1,,0
2339,,344176,2,1587,22063,63,110,0,83886097,0x05000011,misc,,00000017.pro,-1,,0
2340,,344280,2,1590,22071,71,110,0,83886092,0x0500000C,misc,,00000012.pro,-1,,0
2341,,344368,2,1593,22072,72,110,0,83886092,0x0500000C,misc,,00000012.pro,-1,,0
2342,,344456,2,1596,22150,150,110,0,83886092,0x0500000C,misc,,00000012.pro,-1,,0
2343,,344544,2,1599,22159,159,110,0,83886096,0x05000010,misc,,00000016.pro,-1,,0
2344,,344648,2,1602,22160,160,110,0,83886096,0x05000010,misc,,00000016.pro,-1,,0
2345,,344752,2,4243,22260,60,111,0,83886099,0x05000013,misc,,00000019.pro,-1,,0
2346,,344856,2,1605,22263,63,111,0,83886097,0x05000011,misc,,00000017.pro,-1,,0
2347,,344960,2,1608,22264,64,111,0,83886097,0x05000011,misc,,00000017.pro,-1,,0
2348,,345064,2,1611,22272,72,111,0,83886092,0x0500000C,misc,,00000012.pro,-1,,0
2349,,345152,2,1614,22351,151,111,0,83886092,0x0500000C,misc,,00000012.pro,-1,,0
2350,,345240,2,1617,22360,160,111,0,83886096,0x05000010,misc,,00000016.pro,-1,,0
2351,,345344,2,4221,22364,164,111,0,83886099,0x05000013,misc,,00000019.pro,-1,,0
2352,,345448,2,1620,22464,64,112,0,83886097,0x05000011,misc,,00000017.pro,-1,,0
2353,,345552,2,1623,22473,73,112,0,83886092,0x0500000C,misc,,00000012.pro,-1,,0
2354,,345640,2,1626,22551,151,112,0,83886092,0x0500000C,misc,,00000012.pro,-1,,0
2355,,345728,2,1629,22552,152,112,0,83886092,0x0500000C,misc,,00000012.pro,-1,,0
2356,,345816,2,1632,22561,161,112,0,83886096,0x05000010,misc,,00000016.pro,-1,,0
2357,,345920,2,1635,22665,65,113,0,83886097,0x05000011,misc,,00000017.pro,-1,,0
2358,,346024,2,1638,22673,73,113,0,83886092,0x0500000C,misc,,00000012.pro,-1,,0
2359,,346112,2,1641,22674,74,113,0,83886092,0x0500000C,misc,,00000012.pro,-1,,0
2360,,346200,2,1645,22752,152,113,0,83886092,0x0500000C,misc,,00000012.pro,-1,,0
2361,,346288,2,1648,22761,161,113,0,83886096,0x05000010,misc,,00000016.pro,-1,,0
2362,,346392,2,1651,22762,162,113,0,83886096,0x05000010,misc,,00000016.pro,-1,,0
2363,,346496,2,1654,22865,65,114,0,83886097,0x05000011,misc,,00000017.pro,-1,,0
2364,,346600,2,1657,22866,66,114,0,83886097,0x05000011,misc,,00000017.pro,-1,,0
2365,,346704,2,1660,22874,74,114,0,83886092,0x0500000C,misc,,00000012.pro,-1,,0
2366,,346792,2,1665,22953,153,114,0,83886092,0x0500000C,misc,,00000012.pro,-1,,0
2367,,346880,2,1668,22962,162,114,0,83886096,0x05000010,misc,,00000016.pro,-1,,0
2368,,346984,2,1671,23066,66,115,0,83886097,0x05000011,misc,,00000017.pro,-1,,0
2369,,347088,2,1674,23075,75,115,0,83886092,0x0500000C,misc,,00000012.pro,-1,,0
2370,,347176,2,1677,23153,153,115,0,83886092,0x0500000C,misc,,00000012.pro,-1,,0
2371,,347264,2,1680,23154,154,115,0,83886092,0x0500000C,misc,,00000012.pro,-1,,0
2372,,347352,2,1683,23163,163,115,0,83886096,0x05000010,misc,,00000016.pro,-1,,0
2373,,347456,2,1686,23267,67,116,0,83886097,0x05000011,misc,,00000017.pro,-1,,0
2374,,347560,2,1689,23275,75,116,0,83886092,0x0500000C,misc,,00000012.pro,-1,,0
2375,,347648,2,1692,23276,76,116,0,83886092,0x0500000C,misc,,00000012.pro,-1,,0
2376,,347736,2,1695,23354,154,116,0,83886092,0x0500000C,misc,,00000012.pro,-1,,0
2377,,347824,2,1698,23363,163,116,0,83886096,0x05000010,misc,,00000016.pro,-1,,0
2378,,347928,2,1701,23364,164,116,0,83886096,0x05000010,misc,,00000016.pro,-1,,0
2379,,348032,2,4241,23464,64,117,0,83886099,0x05000013,misc,,00000019.pro,-1,,0
2380,,348136,2,1704,23467,67,117,0,83886097,0x05000011,misc,,00000017.pro,-1,,0
2381,,348240,2,1707,23468,68,117,0,83886097,0x05000011,misc,,00000017.pro,-1,,0
2382,,348344,2,1710,23476,76,117,0,83886092,0x0500000C,misc,,00000012.pro,-1,,0
2383,,348432,2,1713,23555,155,117,0,83886092,0x0500000C,misc,,00000012.pro,-1,,0
2384,,348520,2,1716,23564,164,117,0,83886096,0x05000010,misc,,00000016.pro,-1,,0
2385,,348624,2,4223,23568,168,117,0,83886099,0x05000013,misc,,00000019.pro,-1,,0
2386,,348728,2,1719,23668,68,118,0,83886097,0x05000011,misc,,00000017.pro,-1,,0
2387,,348832,2,1722,23677,77,118,0,83886092,0x0500000C,misc,,00000012.pro,-1,,0
2388,,348920,2,1725,23755,155,118,0,83886092,0x0500000C,misc,,00000012.pro,-1,,0
2389,,349008,2,1728,23756,156,118,0,83886092,0x0500000C,misc,,00000012.pro,-1,,0
2390,,349096,2,1731,23765,165,118,0,83886096,0x05000010,misc,,00000016.pro,-1,,0
2391,,349200,2,1734,23869,69,119,0,83886097,0x05000011,misc,,00000017.pro,-1,,0
2392,,349304,2,1737,23877,77,119,0,83886092,0x0500000C,misc,,00000012.pro,-1,,0
2393,,349392,2,1740,23878,78,119,0,83886092,0x0500000C,misc,,00000012.pro,-1,,0
2394,,349480,2,1743,23956,156,119,0,83886092,0x0500000C,misc,,00000012.pro,-1,,0
2395,,349568,2,1746,23965,165,119,0,83886096,0x05000010,misc,,00000016.pro,-1,,0
2396,,349672,2,1749,23966,166,119,0,83886096,0x05000010,misc,,00000016.pro,-1,,0
2397,,349776,2,1752,24069,69,120,0,83886097,0x05000011,misc,,00000017.pro,-1,,0
2398,,349880,2,1755,24070,70,120,0,83886097,0x05000011,misc,,00000017.pro,-1,,0
2399,,349984,2,1758,24078,78,120,0,83886092,0x0500000C,misc,,00000012.pro,-1,,0
2400,,350072,2,1761,24157,157,120,0,83886092,0x0500000C,misc,,00000012.pro,-1,,0
2401,,350160,2,1764,24166,166,120,0,83886096,0x05000010,misc,,00000016.pro,-1,,0
2402,,350264,2,4225,24170,170,120,0,83886099,0x05000013,misc,,00000019.pro,-1,,0
2403,,350368,2,1767,24270,70,121,0,83886097,0x05000011,misc,,00000017.pro,-1,,0
2404,,350472,2,1770,24279,79,121,0,83886092,0x0500000C,misc,,00000012.pro,-1,,0
2405,,350560,2,1774,24356,156,121,0,83886092,0x0500000C,misc,,00000012.pro,-1,,0
2406,,350648,2,1777,24357,157,121,0,83886092,0x0500000C,misc,,00000012.pro,-1,,0
2407,,350736,2,1780,24358,158,121,0,83886092,0x0500000C,misc,,00000012.pro,-1,,0
2408,,350824,2,1783,24367,167,121,0,83886096,0x05000010,misc,,00000016.pro,-1,,0
2409,,350928,2,1786,24471,71,122,0,83886097,0x05000011,misc,,00000017.pro,-1,,0
2410,,351032,2,1789,24479,79,122,0,83886092,0x0500000C,misc,,00000012.pro,-1,,0
2411,,351120,2,1792,24480,80,122,0,83886092,0x0500000C,misc,,00000012.pro,-1,,0
2412,,351208,2,1796,24554,154,122,0,83886092,0x0500000C,misc,,00000012.pro,-1,,0
2413,,351296,2,1799,24555,155,122,0,83886092,0x0500000C,misc,,00000012.pro,-1,,0
2414,,351384,2,1803,24556,156,122,0,83886092,0x0500000C,misc,,00000012.pro,-1,,0
2415,,351472,2,1806,24557,157,122,0,83886092,0x0500000C,misc,,00000012.pro,-1,,0
2416,,351560,2,1809,24567,167,122,0,83886096,0x05000010,misc,,00000016.pro,-1,,0
2417,,351664,2,1812,24568,168,122,0,83886096,0x05000010,misc,,00000016.pro,-1,,0
2418,,351768,2,1815,24570,170,122,0,83886098,0x05000012,misc,,00000018.pro,-1,,0
2419,,351872,2,3107,24571,171,122,0,83886098,0x05000012,misc,,00000018.pro,-1,,0
2420,,351976,2,4239,24668,68,123,0,83886099,0x05000013,misc,,00000019.pro,-1,,0
2421,,352080,2,1818,24671,71,123,0,83886097,0x05000011,misc,,00000017.pro,-1,,0
2422,,352184,2,1821,24672,72,123,0,83886097,0x05000011,misc,,00000017.pro,-1,,0
2423,,352288,2,1824,24680,80,123,0,83886092,0x0500000C,misc,,00000012.pro,-1,,0
2424,,352376,2,1827,24752,152,123,0,83886092,0x0500000C,misc,,00000012.pro,-1,,0
2425,,352464,2,1830,24753,153,123,0,83886092,0x0500000C,misc,,00000012.pro,-1,,0
2426,,352552,2,1833,24754,154,123,0,83886092,0x0500000C,misc,,00000012.pro,-1,,0
2427,,352640,2,1836,24755,155,123,0,83886092,0x0500000C,misc,,00000012.pro,-1,,0
2428,,352728,2,1839,24768,168,123,0,83886098,0x05000012,misc,,00000018.pro,-1,,0
2429,,352832,2,1842,24769,169,123,0,83886098,0x05000012,misc,,00000018.pro,-1,,0
2430,,352936,2,1845,24872,72,124,0,83886097,0x05000011,misc,,00000017.pro,-1,,0
2431,,353040,2,1848,24881,81,124,0,83886092,0x0500000C,misc,,00000012.pro,-1,,0
2432,,353128,2,1852,24950,150,124,0,83886092,0x0500000C,misc,,00000012.pro,-1,,0
2433,,353216,2,1855,24951,151,124,0,83886092,0x0500000C,misc,,00000012.pro,-1,,0
2434,,353304,2,1858,24952,152,124,0,83886092,0x0500000C,misc,,00000012.pro,-1,,0
2435,,353392,2,1861,24953,153,124,0,83886092,0x0500000C,misc,,00000012.pro,-1,,0
2436,,353480,2,1864,24966,166,124,0,83886098,0x05000012,misc,,00000018.pro,-1,,0
2437,,353584,2,1867,24967,167,124,0,83886098,0x05000012,misc,,00000018.pro,-1,,0
2438,,353688,2,1870,25073,73,125,0,83886097,0x05000011,misc,,00000017.pro,-1,,0
2439,,353792,2,1873,25081,81,125,0,83886092,0x0500000C,misc,,00000012.pro,-1,,0
2440,,353880,2,1876,25082,82,125,0,83886092,0x0500000C,misc,,00000012.pro,-1,,0
2441,,353968,2,1879,25148,148,125,0,83886092,0x0500000C,misc,,00000012.pro,-1,,0
2442,,354056,2,1882,25149,149,125,0,83886092,0x0500000C,misc,,00000012.pro,-1,,0
2443,,354144,2,1885,25150,150,125,0,83886092,0x0500000C,misc,,00000012.pro,-1,,0
2444,,354232,2,1888,25151,151,125,0,83886092,0x0500000C,misc,,00000012.pro,-1,,0
2445,,354320,2,1891,25164,164,125,0,83886098,0x05000012,misc,,00000018.pro,-1,,0
2446,,354424,2,1894,25165,165,125,0,83886098,0x05000012,misc,,00000018.pro,-1,,0
2447,,354528,2,1897,25273,73,126,0,83886097,0x05000011,misc,,00000017.pro,-1,,0
2448,,354632,2,1900,25274,74,126,0,83886097,0x05000011,misc,,00000017.pro,-1,,0
2449,,354736,2,1903,25282,82,126,0,83886092,0x0500000C,misc,,00000012.pro,-1,,0
2450,,354824,2,1907,25346,146,126,0,83886092,0x0500000C,misc,,00000012.pro,-1,,0
2451,,354912,2,1910,25347,147,126,0,83886092,0x0500000C,misc,,00000012.pro,-1,,0
2452,,355000,2,1913,25348,148,126,0,83886092,0x0500000C,misc,,00000012.pro,-1,,0
2453,,355088,2,1916,25349,149,126,0,83886092,0x0500000C,misc,,00000012.pro,-1,,0
2454,,355176,2,1919,25362,162,126,0,83886098,0x05000012,misc,,00000018.pro,-1,,0
2455,,355280,2,1922,25363,163,126,0,83886098,0x05000012,misc,,00000018.pro,-1,,0
2456,,355384,2,1925,25474,74,127,0,83886097,0x05000011,misc,,00000017.pro,-1,,0
2457,,355488,2,1928,25483,83,127,0,83886092,0x0500000C,misc,,00000012.pro,-1,,0
2458,,355576,2,1933,25544,144,127,0,83886092,0x0500000C,misc,,00000012.pro,-1,,0
2459,,355664,2,1936,25545,145,127,0,83886092,0x0500000C,misc,,00000012.pro,-1,,0
2460,,355752,2,1939,25546,146,127,0,83886092,0x0500000C,misc,,00000012.pro,-1,,0
2461,,355840,2,1942,25547,147,127,0,83886092,0x0500000C,misc,,00000012.pro,-1,,0
2462,,355928,2,1945,25560,160,127,0,83886098,0x05000012,misc,,00000018.pro,-1,,0
2463,,356032,2,1948,25561,161,127,0,83886098,0x05000012,misc,,00000018.pro,-1,,0
2464,,356136,2,1951,25675,75,128,0,83886097,0x05000011,misc,,00000017.pro,-1,,0
2465,,356240,2,1954,25683,83,128,0,83886092,0x0500000C,misc,,00000012.pro,-1,,0
2466,,356328,2,1957,25684,84,128,0,83886092,0x0500000C,misc,,00000012.pro,-1,,0
2467,,356416,2,1960,25742,142,128,0,83886092,0x0500000C,misc,,00000012.pro,-1,,0
2468,,356504,2,1963,25743,143,128,0,83886092,0x0500000C,misc,,00000012.pro,-1,,0
2469,,356592,2,1966,25744,144,128,0,83886092,0x0500000C,misc,,00000012.pro,-1,,0
2470,,356680,2,1969,25745,145,128,0,83886092,0x0500000C,misc,,00000012.pro,-1,,0
2471,,356768,2,1972,25758,158,128,0,83886098,0x05000012,misc,,00000018.pro,-1,,0
2472,,356872,2,1975,25759,159,128,0,83886098,0x05000012,misc,,00000018.pro,-1,,0
2473,,356976,2,4237,25872,72,129,0,83886099,0x05000013,misc,,00000019.pro,-1,,0
2474,,357080,2,1978,25875,75,129,0,83886097,0x05000011,misc,,00000017.pro,-1,,0
2475,,357184,2,1981,25876,76,129,0,83886097,0x05000011,misc,,00000017.pro,-1,,0
2476,,357288,2,1984,25884,84,129,0,83886092,0x0500000C,misc,,00000012.pro,-1,,0
2477,,357376,2,1987,25940,140,129,0,83886092,0x0500000C,misc,,00000012.pro,-1,,0
2478,,357464,2,1990,25941,141,129,0,83886092,0x0500000C,misc,,00000012.pro,-1,,0
2479,,357552,2,1993,25942,142,129,0,83886092,0x0500000C,misc,,00000012.pro,-1,,0
2480,,357640,2,1996,25943,143,129,0,83886092,0x0500000C,misc,,00000012.pro,-1,,0
2481,,357728,2,1999,25956,156,129,0,83886098,0x05000012,misc,,00000018.pro,-1,,0
2482,,357832,2,2002,25957,157,129,0,83886098,0x05000012,misc,,00000018.pro,-1,,0
2483,,357936,2,3217,25972,172,129,0,83886096,0x05000010,misc,,00000016.pro,-1,,0
2484,,358040,2,2005,26076,76,130,0,83886097,0x05000011,misc,,00000017.pro,-1,,0
2485,,358144,2,2008,26085,85,130,0,83886092,0x0500000C,misc,,00000012.pro,-1,,0
2486,,358232,2,2011,26138,138,130,0,83886092,0x0500000C,misc,,00000012.pro,-1,,0
2487,,358320,2,2014,26139,139,130,0,83886092,0x0500000C,misc,,00000012.pro,-1,,0
2488,,358408,2,2017,26140,140,130,0,83886092,0x0500000C,misc,,00000012.pro,-1,,0
2489,,358496,2,2020,26141,141,130,0,83886092,0x0500000C,misc,,00000012.pro,-1,,0
2490,,358584,2,2023,26154,154,130,0,83886098,0x05000012,misc,,00000018.pro,-1,,0
2491,,358688,2,2026,26155,155,130,0,83886098,0x05000012,misc,,00000018.pro,-1,,0
2492,,358792,2,2030,26277,77,131,0,83886097,0x05000011,misc,,00000017.pro,-1,,0
2493,,358896,2,2033,26285,85,131,0,83886092,0x0500000C,misc,,00000012.pro,-1,,0
2494,,358984,2,2036,26286,86,131,0,83886092,0x0500000C,misc,,00000012.pro,-1,,0
2495,,359072,2,2039,26336,136,131,0,83886092,0x0500000C,misc,,00000012.pro,-1,,0
2496,,359160,2,2042,26337,137,131,0,83886092,0x0500000C,misc,,00000012.pro,-1,,0
2497,,359248,2,2045,26338,138,131,0,83886092,0x0500000C,misc,,00000012.pro,-1,,0
2498,,359336,2,2048,26339,139,131,0,83886092,0x0500000C,misc,,00000012.pro,-1,,0
2499,,359424,2,2051,26352,152,131,0,83886098,0x05000012,misc,,00000018.pro,-1,,0
2500,,359528,2,2054,26353,153,131,0,83886098,0x05000012,misc,,00000018.pro,-1,,0
2501,,359632,2,3215,26369,169,131,0,83886096,0x05000010,misc,,00000016.pro,-1,,0
2502,,359736,2,2059,26477,77,132,0,83886097,0x05000011,misc,,00000017.pro,-1,,0
2503,,359840,2,2062,26478,78,132,0,83886097,0x05000011,misc,,00000017.pro,-1,,0
2504,,359944,2,2065,26486,86,132,0,83886092,0x0500000C,misc,,00000012.pro,-1,,0
2505,,360032,2,2068,26534,134,132,0,83886092,0x0500000C,misc,,00000012.pro,-1,,0
2506,,360120,2,2071,26535,135,132,0,83886092,0x0500000C,misc,,00000012.pro,-1,,0
2507,,360208,2,2074,26536,136,132,0,83886092,0x0500000C,misc,,00000012.pro,-1,,0
2508,,360296,2,2077,26537,137,132,0,83886092,0x0500000C,misc,,00000012.pro,-1,,0
2509,,360384,2,2080,26550,150,132,0,83886098,0x05000012,misc,,00000018.pro,-1,,0
2510,,360488,2,2083,26551,151,132,0,83886098,0x05000012,misc,,00000018.pro,-1,,0
2511,,360592,2,3213,26566,166,132,0,83886096,0x05000010,misc,,00000016.pro,-1,,0
2512,,360696,2,2086,26678,78,133,0,83886097,0x05000011,misc,,00000017.pro,-1,,0
2513,,360800,2,2089,26687,87,133,0,83886092,0x0500000C,misc,,00000012.pro,-1,,0
2514,,360888,2,2092,26732,132,133,0,83886092,0x0500000C,misc,,00000012.pro,-1,,0
2515,,360976,2,2095,26733,133,133,0,83886092,0x0500000C,misc,,00000012.pro,-1,,0
2516,,361064,2,2098,26734,134,133,0,83886092,0x0500000C,misc,,00000012.pro,-1,,0
2517,,361152,2,2101,26735,135,133,0,83886092,0x0500000C,misc,,00000012.pro,-1,,0
2518,,361240,2,2104,26748,148,133,0,83886098,0x05000012,misc,,00000018.pro,-1,,0
2519,,361344,2,2107,26749,149,133,0,83886098,0x05000012,misc,,00000018.pro,-1,,0
2520,,361448,2,2110,26879,79,134,0,83886097,0x05000011,misc,,00000017.pro,-1,,0
2521,,361552,2,2113,26887,87,134,0,83886092,0x0500000C,misc,,00000012.pro,-1,,0
2522,,361640,2,2116,26888,88,134,0,83886092,0x0500000C,misc,,00000012.pro,-1,,0
2523,,361728,2,2119,26930,130,134,0,83886092,0x0500000C,misc,,00000012.pro,-1,,0
2524,,361816,2,2122,26931,131,134,0,83886092,0x0500000C,misc,,00000012.pro,-1,,0
2525,,361904,2,2125,26932,132,134,0,83886092,0x0500000C,misc,,00000012.pro,-1,,0
2526,,361992,2,2128,26933,133,134,0,83886092,0x0500000C,misc,,00000012.pro,-1,,0
2527,,362080,2,2131,26946,146,134,0,83886098,0x05000012,misc,,00000018.pro,-1,,0
2528,,362184,2,2134,26947,147,134,0,83886098,0x05000012,misc,,00000018.pro,-1,,0
2529,,362288,2,3211,26963,163,134,0,83886096,0x05000010,misc,,00000016.pro,-1,,0
2530,,362392,2,4235,27076,76,135,0,83886099,0x05000013,misc,,00000019.pro,-1,,0
2531,,362496,2,2137,27079,79,135,0,83886097,0x05000011,misc,,00000017.pro,-1,,0
2532,,362600,2,2140,27080,80,135,0,83886097,0x05000011,misc,,00000017.pro,-1,,0
2533,,362704,2,2143,27088,88,135,0,83886092,0x0500000C,misc,,00000012.pro,-1,,0
2534,,362792,2,2146,27128,128,135,0,83886092,0x0500000C,misc,,00000012.pro,-1,,0
2535,,362880,2,2149,27129,129,135,0,83886092,0x0500000C,misc,,00000012.pro,-1,,0
2536,,362968,2,2152,27130,130,135,0,83886092,0x0500000C,misc,,00000012.pro,-1,,0
2537,,363056,2,2155,27131,131,135,0,83886092,0x0500000C,misc,,00000012.pro,-1,,0
2538,,363144,2,2158,27144,144,135,0,83886098,0x05000012,misc,,00000018.pro,-1,,0
2539,,363248,2,2161,27145,145,135,0,83886098,0x05000012,misc,,00000018.pro,-1,,0
2540,,363352,2,3209,27160,160,135,0,83886096,0x05000010,misc,,00000016.pro,-1,,0
2541,,363456,2,2164,27280,80,136,0,83886097,0x05000011,misc,,00000017.pro,-1,,0
2542,,363560,2,2167,27289,89,136,0,83886092,0x0500000C,misc,,00000012.pro,-1,,0
2543,,363648,2,2170,27326,126,136,0,83886092,0x0500000C,misc,,00000012.pro,-1,,0
2544,,363736,2,2173,27327,127,136,0,83886092,0x0500000C,misc,,00000012.pro,-1,,0
2545,,363824,2,2176,27328,128,136,0,83886092,0x0500000C,misc,,00000012.pro,-1,,0
2546,,363912,2,2179,27329,129,136,0,83886092,0x0500000C,misc,,00000012.pro,-1,,0
2547,,364000,2,2182,27342,142,136,0,83886098,0x05000012,misc,,00000018.pro,-1,,0
2548,,364104,2,2185,27343,143,136,0,83886098,0x05000012,misc,,00000018.pro,-1,,0
2549,,364208,2,2188,27481,81,137,0,83886097,0x05000011,misc,,00000017.pro,-1,,0
2550,,364312,2,2191,27489,89,137,0,83886092,0x0500000C,misc,,00000012.pro,-1,,0
2551,,364400,2,2194,27490,90,137,0,83886092,0x0500000C,misc,,00000012.pro,-1,,0
2552,,364488,2,2197,27524,124,137,0,83886092,0x0500000C,misc,,00000012.pro,-1,,0
2553,,364576,2,2200,27525,125,137,0,83886092,0x0500000C,misc,,00000012.pro,-1,,0
2554,,364664,2,2203,27526,126,137,0,83886092,0x0500000C,misc,,00000012.pro,-1,,0
2555,,364752,2,2206,27527,127,137,0,83886092,0x0500000C,misc,,00000012.pro,-1,,0
2556,,364840,2,2209,27540,140,137,0,83886098,0x05000012,misc,,00000018.pro,-1,,0
2557,,364944,2,2212,27541,141,137,0,83886098,0x05000012,misc,,00000018.pro,-1,,0
2558,,365048,2,3207,27557,157,137,0,83886096,0x05000010,misc,,00000016.pro,-1,,0
2559,,365152,2,2215,27681,81,138,0,83886097,0x05000011,misc,,00000017.pro,-1,,0
2560,,365256,2,2218,27682,82,138,0,83886097,0x05000011,misc,,00000017.pro,-1,,0
2561,,365360,2,2221,27690,90,138,0,83886092,0x0500000C,misc,,00000012.pro,-1,,0
2562,,365448,2,2224,27722,122,138,0,83886092,0x0500000C,misc,,00000012.pro,-1,,0
2563,,365536,2,2227,27723,123,138,0,83886092,0x0500000C,misc,,00000012.pro,-1,,0
2564,,365624,2,2230,27724,124,138,0,83886092,0x0500000C,misc,,00000012.pro,-1,,0
2565,,365712,2,2233,27725,125,138,0,83886092,0x0500000C,misc,,00000012.pro,-1,,0
2566,,365800,2,2236,27738,138,138,0,83886098,0x05000012,misc,,00000018.pro,-1,,0
2567,,365904,2,2239,27739,139,138,0,83886098,0x05000012,misc,,00000018.pro,-1,,0
2568,,366008,2,3205,27754,154,138,0,83886096,0x05000010,misc,,00000016.pro,-1,,0
2569,,366112,2,2242,27882,82,139,0,83886097,0x05000011,misc,,00000017.pro,-1,,0
2570,,366216,2,2245,27891,91,139,0,83886092,0x0500000C,misc,,00000012.pro,-1,,0
2571,,366304,2,2248,27920,120,139,0,83886092,0x0500000C,misc,,00000012.pro,-1,,0
2572,,366392,2,2251,27921,121,139,0,83886092,0x0500000C,misc,,00000012.pro,-1,,0
2573,,366480,2,2254,27922,122,139,0,83886092,0x0500000C,misc,,00000012.pro,-1,,0
2574,,366568,2,2257,27923,123,139,0,83886092,0x0500000C,misc,,00000012.pro,-1,,0
2575,,366656,2,2260,27936,136,139,0,83886098,0x05000012,misc,,00000018.pro,-1,,0
2576,,366760,2,2263,27937,137,139,0,83886098,0x05000012,misc,,00000018.pro,-1,,0
2577,,366864,2,2266,28083,83,140,0,83886097,0x05000011,misc,,00000017.pro,-1,,0
2578,,366968,2,2269,28091,91,140,0,83886092,0x0500000C,misc,,00000012.pro,-1,,0
2579,,367056,2,2272,28092,92,140,0,83886092,0x0500000C,misc,,00000012.pro,-1,,0
2580,,367144,2,2275,28118,118,140,0,83886092,0x0500000C,misc,,00000012.pro,-1,,0
2581,,367232,2,2278,28119,119,140,0,83886092,0x0500000C,misc,,00000012.pro,-1,,0
2582,,367320,2,2281,28120,120,140,0,83886092,0x0500000C,misc,,00000012.pro,-1,,0
2583,,367408,2,2284,28121,121,140,0,83886092,0x0500000C,misc,,00000012.pro,-1,,0
2584,,367496,2,2289,28134,134,140,0,83886098,0x05000012,misc,,00000018.pro,-1,,0
2585,,367600,2,2292,28135,135,140,0,83886098,0x05000012,misc,,00000018.pro,-1,,0
2586,,367704,2,3203,28151,151,140,0,83886096,0x05000010,misc,,00000016.pro,-1,,0
2587,,367808,2,4233,28280,80,141,0,83886099,0x05000013,misc,,00000019.pro,-1,,0
2588,,367912,2,2295,28283,83,141,0,83886097,0x05000011,misc,,00000017.pro,-1,,0
2589,,368016,2,2298,28284,84,141,0,83886097,0x05000011,misc,,00000017.pro,-1,,0
2590,,368120,2,2301,28292,92,141,0,83886092,0x0500000C,misc,,00000012.pro,-1,,0
2591,,368208,2,2304,28316,116,141,0,83886092,0x0500000C,misc,,00000012.pro,-1,,0
2592,,368296,2,2307,28317,117,141,0,83886092,0x0500000C,misc,,00000012.pro,-1,,0
2593,,368384,2,2311,28318,118,141,0,83886092,0x0500000C,misc,,00000012.pro,-1,,0
2594,,368472,2,2314,28319,119,141,0,83886092,0x0500000C,misc,,00000012.pro,-1,,0
2595,,368560,2,2320,28332,132,141,0,83886098,0x05000012,misc,,00000018.pro,-1,,0
2596,,368664,2,2323,28333,133,141,0,83886098,0x05000012,misc,,00000018.pro,-1,,0
2597,,368768,2,3201,28348,148,141,0,83886096,0x05000010,misc,,00000016.pro,-1,,0
2598,,368872,2,2326,28484,84,142,0,83886097,0x05000011,misc,,00000017.pro,-1,,0
2599,,368976,2,2329,28493,93,142,0,83886092,0x0500000C,misc,,00000012.pro,-1,,0
2600,,369064,2,2332,28514,114,142,0,83886092,0x0500000C,misc,,00000012.pro,-1,,0
2601,,369152,2,2335,28515,115,142,0,83886092,0x0500000C,misc,,00000012.pro,-1,,0
2602,,369240,2,2338,28516,116,142,0,83886092,0x0500000C,misc,,00000012.pro,-1,,0
2603,,369328,2,2341,28517,117,142,0,83886092,0x0500000C,misc,,00000012.pro,-1,,0
2604,,369416,2,2344,28530,130,142,0,83886098,0x05000012,misc,,00000018.pro,-1,,0
2605,,369520,2,2347,28531,131,142,0,83886098,0x05000012,misc,,00000018.pro,-1,,0
2606,,369624,2,2351,28685,85,143,0,83886097,0x05000011,misc,,00000017.pro,-1,,0
2607,,369728,2,2354,28693,93,143,0,83886092,0x0500000C,misc,,00000012.pro,-1,,0
2608,,369816,2,2357,28694,94,143,0,83886092,0x0500000C,misc,,00000012.pro,-1,,0
2609,,369904,2,2360,28712,112,143,0,83886092,0x0500000C,misc,,00000012.pro,-1,,0
2610,,369992,2,2363,28713,113,143,0,83886092,0x0500000C,misc,,00000012.pro,-1,,0
2611,,370080,2,2366,28714,114,143,0,83886092,0x0500000C,misc,,00000012.pro,-1,,0
2612,,370168,2,2370,28715,115,143,0,83886092,0x0500000C,misc,,00000012.pro,-1,,0
2613,,370256,2,2373,28728,128,143,0,83886098,0x05000012,misc,,00000018.pro,-1,,0
2614,,370360,2,2376,28729,129,143,0,83886098,0x05000012,misc,,00000018.pro,-1,,0
2615,,370464,2,3199,28745,145,143,0,83886096,0x05000010,misc,,00000016.pro,-1,,0
2616,,370568,2,2379,28885,85,144,0,83886097,0x05000011,misc,,00000017.pro,-1,,0
2617,,370672,2,2382,28886,86,144,0,83886097,0x05000011,misc,,00000017.pro,-1,,0
2618,,370776,2,2385,28894,94,144,0,83886092,0x0500000C,misc,,00000012.pro,-1,,0
2619,,370864,2,2388,28910,110,144,0,83886092,0x0500000C,misc,,00000012.pro,-1,,0
2620,,370952,2,2391,28911,111,144,0,83886092,0x0500000C,misc,,00000012.pro,-1,,0
2621,,371040,2,2394,28912,112,144,0,83886092,0x0500000C,misc,,00000012.pro,-1,,0
2622,,371128,2,2397,28913,113,144,0,83886092,0x0500000C,misc,,00000012.pro,-1,,0
2623,,371216,2,2400,28926,126,144,0,83886098,0x05000012,misc,,00000018.pro,-1,,0
2624,,371320,2,2403,28927,127,144,0,83886098,0x05000012,misc,,00000018.pro,-1,,0
2625,,371424,2,3197,28942,142,144,0,83886096,0x05000010,misc,,00000016.pro,-1,,0
2626,,371528,2,2406,29086,86,145,0,83886097,0x05000011,misc,,00000017.pro,-1,,0
2627,,371632,2,2409,29095,95,145,0,83886092,0x0500000C,misc,,00000012.pro,-1,,0
2628,,371720,2,2412,29108,108,145,0,83886092,0x0500000C,misc,,00000012.pro,-1,,0
2629,,371808,2,2415,29109,109,145,0,83886092,0x0500000C,misc,,00000012.pro,-1,,0
2630,,371896,2,2418,29110,110,145,0,83886092,0x0500000C,misc,,00000012.pro,-1,,0
2631,,371984,2,2421,29111,111,145,0,83886092,0x0500000C,misc,,00000012.pro,-1,,0
2632,,372072,2,2424,29124,124,145,0,83886098,0x05000012,misc,,00000018.pro,-1,,0
2633,,372176,2,2427,29125,125,145,0,83886098,0x05000012,misc,,00000018.pro,-1,,0
2634,,372280,2,2431,29287,87,146,0,83886097,0x05000011,misc,,00000017.pro,-1,,0
2635,,372384,2,2434,29295,95,146,0,83886092,0x0500000C,misc,,00000012.pro,-1,,0
2636,,372472,2,2437,29296,96,146,0,83886092,0x0500000C,misc,,00000012.pro,-1,,0
2637,,372560,2,2440,29306,106,146,0,83886092,0x0500000C,misc,,00000012.pro,-1,,0
2638,,372648,2,2443,29307,107,146,0,83886092,0x0500000C,misc,,00000012.pro,-1,,0
2639,,372736,2,2446,29308,108,146,0,83886092,0x0500000C,misc,,00000012.pro,-1,,0
2640,,372824,2,2449,29309,109,146,0,83886092,0x0500000C,misc,,00000012.pro,-1,,0
2641,,372912,2,2452,29322,122,146,0,83886098,0x05000012,misc,,00000018.pro,-1,,0
2642,,373016,2,2455,29323,123,146,0,83886098,0x05000012,misc,,00000018.pro,-1,,0
2643,,373120,2,3195,29339,139,146,0,83886096,0x05000010,misc,,00000016.pro,-1,,0
2644,,373224,2,4231,29484,84,147,0,83886099,0x05000013,misc,,00000019.pro,-1,,0
2645,,373328,2,2458,29487,87,147,0,83886097,0x05000011,misc,,00000017.pro,-1,,0
2646,,373432,2,2461,29488,88,147,0,83886097,0x05000011,misc,,00000017.pro,-1,,0
2647,,373536,2,2464,29496,96,147,0,83886092,0x0500000C,misc,,00000012.pro,-1,,0
2648,,373624,2,2467,29504,104,147,0,83886092,0x0500000C,misc,,00000012.pro,-1,,0
2649,,373712,2,2470,29505,105,147,0,83886092,0x0500000C,misc,,00000012.pro,-1,,0
2650,,373800,2,2473,29506,106,147,0,83886092,0x0500000C,misc,,00000012.pro,-1,,0
2651,,373888,2,2476,29507,107,147,0,83886092,0x0500000C,misc,,00000012.pro,-1,,0
2652,,373976,2,2479,29520,120,147,0,83886098,0x05000012,misc,,00000018.pro,-1,,0
2653,,374080,2,2482,29521,121,147,0,83886098,0x05000012,misc,,00000018.pro,-1,,0
2654,,374184,2,3193,29536,136,147,0,83886096,0x05000010,misc,,00000016.pro,-1,,0
2655,,374288,2,2487,29688,88,148,0,83886097,0x05000011,misc,,00000017.pro,-1,,0
2656,,374392,2,2490,29697,97,148,0,83886092,0x0500000C,misc,,00000012.pro,-1,,0
2657,,374480,2,2493,29702,102,148,0,83886092,0x0500000C,misc,,00000012.pro,-1,,0
2658,,374568,2,2496,29703,103,148,0,83886092,0x0500000C,misc,,00000012.pro,-1,,0
2659,,374656,2,2499,29704,104,148,0,83886092,0x0500000C,misc,,00000012.pro,-1,,0
2660,,374744,2,2502,29705,105,148,0,83886092,0x0500000C,misc,,00000012.pro,-1,,0
2661,,374832,2,2505,29718,118,148,0,83886098,0x05000012,misc,,00000018.pro,-1,,0
2662,,374936,2,2508,29719,119,148,0,83886098,0x05000012,misc,,00000018.pro,-1,,0
2663,,375040,2,2511,29889,89,149,0,83886097,0x05000011,misc,,00000017.pro,-1,,0
2664,,375144,2,2515,29897,97,149,0,83886092,0x0500000C,misc,,00000012.pro,-1,,0
2665,,375232,2,2518,29898,98,149,0,83886092,0x0500000C,misc,,00000012.pro,-1,,0
2666,,375320,2,2521,29900,100,149,0,83886092,0x0500000C,misc,,00000012.pro,-1,,0
2667,,375408,2,2524,29901,101,149,0,83886092,0x0500000C,misc,,00000012.pro,-1,,0
2668,,375496,2,2527,29902,102,149,0,83886092,0x0500000C,misc,,00000012.pro,-1,,0
2669,,375584,2,2531,29903,103,149,0,83886092,0x0500000C,misc,,00000012.pro,-1,,0
2670,,375672,2,2534,29916,116,149,0,83886098,0x05000012,misc,,00000018.pro,-1,,0
2671,,375776,2,2537,29917,117,149,0,83886098,0x05000012,misc,,00000018.pro,-1,,0
2672,,375880,2,3191,29933,133,149,0,83886096,0x05000010,misc,,00000016.pro,-1,,0
2673,,375984,2,2540,30089,89,150,0,83886097,0x05000011,misc,,00000017.pro,-1,,0
2674,,376088,2,2543,30090,90,150,0,83886097,0x05000011,misc,,00000017.pro,-1,,0
2675,,376192,2,2548,30098,98,150,0,83886092,0x0500000C,misc,,00000012.pro,-1,,0
2676,,376280,2,2551,30099,99,150,0,83886092,0x0500000C,misc,,00000012.pro,-1,,0
2677,,376368,2,2554,30100,100,150,0,83886092,0x0500000C,misc,,00000012.pro,-1,,0
2678,,376456,2,2557,30101,101,150,0,83886092,0x0500000C,misc,,00000012.pro,-1,,0
2679,,376544,2,2560,30114,114,150,0,83886098,0x05000012,misc,,00000018.pro,-1,,0
2680,,376648,2,2563,30115,115,150,0,83886098,0x05000012,misc,,00000018.pro,-1,,0
2681,,376752,2,3189,30130,130,150,0,83886096,0x05000010,misc,,00000016.pro,-1,,0
2682,,376856,2,2566,30290,90,151,0,83886097,0x05000011,misc,,00000017.pro,-1,,0
2683,,376960,2,2569,30299,99,151,0,83886092,0x0500000C,misc,,00000012.pro,-1,,0
2684,,377048,2,2572,30312,112,151,0,83886098,0x05000012,misc,,00000018.pro,-1,,0
2685,,377152,2,2575,30313,113,151,0,83886098,0x05000012,misc,,00000018.pro,-1,,0
2686,,377256,2,2578,30491,91,152,0,83886097,0x05000011,misc,,00000017.pro,-1,,0
2687,,377360,2,2581,30510,110,152,0,83886098,0x05000012,misc,,00000018.pro,-1,,0
2688,,377464,2,2584,30511,111,152,0,83886098,0x05000012,misc,,00000018.pro,-1,,0
2689,,377568,2,3187,30527,127,152,0,83886096,0x05000010,misc,,00000016.pro,-1,,0
2690,,377672,2,4229,30688,88,153,0,83886099,0x05000013,misc,,00000019.pro,-1,,0
2691,,377776,2,2587,30691,91,153,0,83886097,0x05000011,misc,,00000017.pro,-1,,0
2692,,377880,2,2590,30692,92,153,0,83886097,0x05000011,misc,,00000017.pro,-1,,0
2693,,377984,2,2593,30708,108,153,0,83886098,0x05000012,misc,,00000018.pro,-1,,0
2694,,378088,2,2596,30709,109,153,0,83886098,0x05000012,misc,,00000018.pro,-1,,0
2695,,378192,2,3185,30724,124,153,0,83886096,0x05000010,misc,,00000016.pro,-1,,0
2696,,378296,2,2599,30892,92,154,0,83886097,0x05000011,misc,,00000017.pro,-1,,0
2697,,378400,2,2602,30906,106,154,0,83886098,0x05000012,misc,,00000018.pro,-1,,0
2698,,378504,2,2605,30907,107,154,0,83886098,0x05000012,misc,,00000018.pro,-1,,0
2699,,378608,2,2608,31093,93,155,0,83886097,0x05000011,misc,,00000017.pro,-1,,0
2700,,378712,2,2611,31104,104,155,0,83886098,0x05000012,misc,,00000018.pro,-1,,0
2701,,378816,2,2614,31105,105,155,0,83886098,0x05000012,misc,,00000018.pro,-1,,0
2702,,378920,2,3183,31121,121,155,0,83886096,0x05000010,misc,,00000016.pro,-1,,0
2703,,379024,2,2617,31293,93,156,0,83886097,0x05000011,misc,,00000017.pro,-1,,0
2704,,379128,2,2620,31294,94,156,0,83886097,0x05000011,misc,,00000017.pro,-1,,0
2705,,379232,2,2623,31302,102,156,0,83886098,0x05000012,misc,,00000018.pro,-1,,0
2706,,379336,2,2626,31303,103,156,0,83886098,0x05000012,misc,,00000018.pro,-1,,0
2707,,379440,2,3181,31318,118,156,0,83886096,0x05000010,misc,,00000016.pro,-1,,0
2708,,379544,2,2629,31494,94,157,0,83886097,0x05000011,misc,,00000017.pro,-1,,0
2709,,379648,2,2632,31500,100,157,0,83886098,0x05000012,misc,,00000018.pro,-1,,0
2710,,379752,2,2635,31501,101,157,0,83886098,0x05000012,misc,,00000018.pro,-1,,0
2711,,379856,2,2638,31695,95,158,0,83886097,0x05000011,misc,,00000017.pro,-1,,0
2712,,379960,2,2641,31698,98,158,0,83886098,0x05000012,misc,,00000018.pro,-1,,0
2713,,380064,2,2644,31699,99,158,0,83886098,0x05000012,misc,,00000018.pro,-1,,0
2714,,380168,2,3179,31715,115,158,0,83886096,0x05000010,misc,,00000016.pro,-1,,0
2715,,380272,2,4227,31892,92,159,0,83886099,0x05000013,misc,,00000019.pro,-1,,0
2716,,380376,2,2647,31895,95,159,0,83886097,0x05000011,misc,,00000017.pro,-1,,0
2717,,380480,2,2650,31896,96,159,0,83886098,0x05000012,misc,,00000018.pro,-1,,0
2718,,380584,2,2653,31897,97,159,0,83886098,0x05000012,misc,,00000018.pro,-1,,0
2719,,380688,2,3177,31912,112,159,0,83886096,0x05000010,misc,,00000016.pro,-1,,0
2720,,380792,2,2656,32094,94,160,0,83886098,0x05000012,misc,,00000018.pro,-1,,0
2721,,380896,2,2659,32095,95,160,0,83886098,0x05000012,misc,,00000018.pro,-1,,0
2722,,381000,2,3105,32293,93,161,0,83886098,0x05000012,misc,,00000018.pro,-1,,0
2723,,381104,2,3175,32309,109,161,0,83886096,0x05000010,misc,,00000016.pro,-1,,0
2724,,381208,2,3173,32506,106,162,0,83886096,0x05000010,misc,,00000016.pro,-1,,0
2725,,381312,2,3171,32903,103,164,0,83886096,0x05000010,misc,,00000016.pro,-1,,0
2726,,381416,2,3169,33100,100,165,0,83886096,0x05000010,misc,,00000016.pro,-1,,0
2727,,381520,2,3167,33497,97,167,0,83886096,0x05000010,misc,,00000016.pro,-1,,0
