path,inventory_quantity,file_offset,elevation_group,object_id,tile,tile_x,tile_y,rotation,pid,pid_hex,prototype_type,prototype_subtype,prototype_filename,script_id,script_filename,inventory_length
0,,88620,0,25,8906,106,44,0,83886092,0x0500000C,misc,,00000012.pro,-1,,0
1,,88708,0,26,8907,107,44,0,83886092,0x0500000C,misc,,00000012.pro,-1,,0
2,,88796,0,27,9104,104,45,0,83886092,0x0500000C,misc,,00000012.pro,-1,,0
3,,88884,0,28,9105,105,45,0,83886092,0x0500000C,misc,,00000012.pro,-1,,0
4,,88972,0,29,9106,106,45,0,83886092,0x0500000C,misc,,00000012.pro,-1,,0
5,,89060,0,30,9107,107,45,0,83886092,0x0500000C,misc,,00000012.pro,-1,,0
6,,89148,0,31,9108,108,45,0,83886092,0x0500000C,misc,,00000012.pro,-1,,0
7,,89236,0,32,9302,102,46,0,83886092,0x0500000C,misc,,00000012.pro,-1,,0
8,,89324,0,33,9303,103,46,0,83886092,0x0500000C,misc,,00000012.pro,-1,,0
9,,89412,0,34,9304,104,46,0,83886092,0x0500000C,misc,,00000012.pro,-1,,0
10,,89500,0,35,9305,105,46,0,83886092,0x0500000C,misc,,00000012.pro,-1,,0
11,,89588,0,36,9308,108,46,0,83886092,0x0500000C,misc,,00000012.pro,-1,,0
12,,89676,0,37,9500,100,47,0,83886092,0x0500000C,misc,,00000012.pro,-1,,0
13,,89764,0,38,9501,101,47,0,83886092,0x0500000C,misc,,00000012.pro,-1,,0
14,,89852,0,39,9502,102,47,0,83886092,0x0500000C,misc,,00000012.pro,-1,,0
15,,89940,0,40,9503,103,47,0,83886092,0x0500000C,misc,,00000012.pro,-1,,0
16,,90028,0,41,9509,109,47,0,83886092,0x0500000C,misc,,00000012.pro,-1,,0
17,,90116,0,42,9698,98,48,0,83886092,0x0500000C,misc,,00000012.pro,-1,,0
18,,90204,0,43,9699,99,48,0,83886092,0x0500000C,misc,,00000012.pro,-1,,0
19,,90292,0,44,9700,100,48,0,83886092,0x0500000C,misc,,00000012.pro,-1,,0
20,,90380,0,45,9701,101,48,0,83886092,0x0500000C,misc,,00000012.pro,-1,,0
21,,90468,0,46,9709,109,48,0,83886092,0x0500000C,misc,,00000012.pro,-1,,0
22,,90556,0,47,9710,110,48,0,83886092,0x0500000C,misc,,00000012.pro,-1,,0
23,,90644,0,51,9896,96,49,0,83886092,0x0500000C,misc,,00000012.pro,-1,,0
24,,90732,0,52,9897,97,49,0,83886092,0x0500000C,misc,,00000012.pro,-1,,0
25,,90820,0,53,9898,98,49,0,83886092,0x0500000C,misc,,00000012.pro,-1,,0
26,,90908,0,54,9899,99,49,0,83886092,0x0500000C,misc,,00000012.pro,-1,,0
27,,90996,0,55,9910,110,49,0,83886092,0x0500000C,misc,,00000012.pro,-1,,0
28,,91084,0,61,10094,94,50,0,83886092,0x0500000C,misc,,00000012.pro,-1,,0
29,,91172,0,62,10095,95,50,0,83886092,0x0500000C,misc,,00000012.pro,-1,,0
30,,91260,0,63,10096,96,50,0,83886092,0x0500000C,misc,,00000012.pro,-1,,0
31,,91348,0,64,10097,97,50,0,83886092,0x0500000C,misc,,00000012.pro,-1,,0
32,,91436,0,65,10111,111,50,0,83886092,0x0500000C,misc,,00000012.pro,-1,,0
33,,91524,0,71,10292,92,51,0,83886092,0x0500000C,misc,,00000012.pro,-1,,0
34,,91612,0,72,10293,93,51,0,83886092,0x0500000C,misc,,00000012.pro,-1,,0
35,,91700,0,73,10294,94,51,0,83886092,0x0500000C,misc,,00000012.pro,-1,,0
36,,91788,0,74,10295,95,51,0,83886092,0x0500000C,misc,,00000012.pro,-1,,0
37,,91876,0,75,10311,111,51,0,83886092,0x0500000C,misc,,00000012.pro,-1,,0
38,,91964,0,76,10312,112,51,0,83886092,0x0500000C,misc,,00000012.pro,-1,,0
39,,92052,0,83,10490,90,52,0,83886092,0x0500000C,misc,,00000012.pro,-1,,0
40,,92140,0,84,10491,91,52,0,83886092,0x0500000C,misc,,00000012.pro,-1,,0
41,,92228,0,85,10492,92,52,0,83886092,0x0500000C,misc,,00000012.pro,-1,,0
42,,92316,0,86,10493,93,52,0,83886092,0x0500000C,misc,,00000012.pro,-1,,0
43,,92404,0,87,10512,112,52,0,83886092,0x0500000C,misc,,00000012.pro,-1,,0
44,,92492,0,93,10688,88,53,0,83886092,0x0500000C,misc,,00000012.pro,-1,,0
45,,92580,0,94,10689,89,53,0,83886092,0x0500000C,misc,,00000012.pro,-1,,0
46,,92668,0,95,10690,90,53,0,83886092,0x0500000C,misc,,00000012.pro,-1,,0
47,,92756,0,96,10691,91,53,0,83886092,0x0500000C,misc,,00000012.pro,-1,,0
48,,92844,0,98,10713,113,53,0,83886092,0x0500000C,misc,,00000012.pro,-1,,0
49,,92932,0,103,10886,86,54,0,83886092,0x0500000C,misc,,00000012.pro,-1,,0
50,,93020,0,104,10887,87,54,0,83886092,0x0500000C,misc,,00000012.pro,-1,,0
51,,93108,0,105,10888,88,54,0,83886092,0x0500000C,misc,,00000012.pro,-1,,0
52,,93196,0,106,10889,89,54,0,83886092,0x0500000C,misc,,00000012.pro,-1,,0
53,,93284,0,110,10913,113,54,0,83886092,0x0500000C,misc,,00000012.pro,-1,,0
54,,93372,0,112,10914,114,54,0,83886092,0x0500000C,misc,,00000012.pro,-1,,0
55,,93460,0,115,11084,84,55,0,83886092,0x0500000C,misc,,00000012.pro,-1,,0
56,,93548,0,116,11085,85,55,0,83886092,0x0500000C,misc,,00000012.pro,-1,,0
57,,93636,0,117,11086,86,55,0,83886092,0x0500000C,misc,,00000012.pro,-1,,0
58,,93724,0,118,11087,87,55,0,83886092,0x0500000C,misc,,00000012.pro,-1,,0
59,,93812,0,123,11114,114,55,0,83886092,0x0500000C,misc,,00000012.pro,-1,,0
60,,93900,0,125,11282,82,56,0,83886092,0x0500000C,misc,,00000012.pro,-1,,0
61,,93988,0,126,11283,83,56,0,83886092,0x0500000C,misc,,00000012.pro,-1,,0
62,,94076,0,127,11284,84,56,0,83886092,0x0500000C,misc,,00000012.pro,-1,,0
63,,94164,0,128,11285,85,56,0,83886092,0x0500000C,misc,,00000012.pro,-1,,0
64,,94252,0,129,11285,85,56,0,83886092,0x0500000C,misc,,00000012.pro,-1,,0
65,,94340,0,134,11315,115,56,0,83886092,0x0500000C,misc,,00000012.pro,-1,,0
66,,94428,0,136,11480,80,57,0,83886092,0x0500000C,misc,,00000012.pro,-1,,0
67,,94516,0,137,11481,81,57,0,83886092,0x0500000C,misc,,00000012.pro,-1,,0
68,,94604,0,138,11482,82,57,0,83886092,0x0500000C,misc,,00000012.pro,-1,,0
69,,94692,0,139,11483,83,57,0,83886092,0x0500000C,misc,,00000012.pro,-1,,0
70,,94780,0,144,11515,115,57,0,83886092,0x0500000C,misc,,00000012.pro,-1,,0
71,,94868,0,145,11516,116,57,0,83886092,0x0500000C,misc,,00000012.pro,-1,,0
72,,94956,0,148,11678,78,58,0,83886092,0x0500000C,misc,,00000012.pro,-1,,0
73,,95044,0,149,11679,79,58,0,83886092,0x0500000C,misc,,00000012.pro,-1,,0
74,,95132,0,150,11680,80,58,0,83886092,0x0500000C,misc,,00000012.pro,-1,,0
75,,95220,0,151,11681,81,58,0,83886092,0x0500000C,misc,,00000012.pro,-1,,0
76,,95308,0,156,11716,116,58,0,83886092,0x0500000C,misc,,00000012.pro,-1,,0
77,,95396,0,158,11876,76,59,0,83886092,0x0500000C,misc,,00000012.pro,-1,,0
78,,95484,0,159,11877,77,59,0,83886092,0x0500000C,misc,,00000012.pro,-1,,0
79,,95572,0,160,11878,78,59,0,83886092,0x0500000C,misc,,00000012.pro,-1,,0
80,,95660,0,161,11879,79,59,0,83886092,0x0500000C,misc,,00000012.pro,-1,,0
81,,95748,0,166,11917,117,59,0,83886092,0x0500000C,misc,,00000012.pro,-1,,0
82,,95836,0,168,12074,74,60,0,83886092,0x0500000C,misc,,00000012.pro,-1,,0
83,,95924,0,169,12075,75,60,0,83886092,0x0500000C,misc,,00000012.pro,-1,,0
84,,96012,0,170,12076,76,60,0,83886092,0x0500000C,misc,,00000012.pro,-1,,0
85,,96100,0,171,12077,77,60,0,83886092,0x0500000C,misc,,00000012.pro,-1,,0
86,,96188,0,176,12117,117,60,0,83886092,0x0500000C,misc,,00000012.pro,-1,,0
87,,96276,0,177,12118,118,60,0,83886092,0x0500000C,misc,,00000012.pro,-1,,0
88,,96364,0,180,12272,72,61,0,83886092,0x0500000C,misc,,00000012.pro,-1,,0
89,,96452,0,181,12273,73,61,0,83886092,0x0500000C,misc,,00000012.pro,-1,,0
90,,96540,0,182,12274,74,61,0,83886092,0x0500000C,misc,,00000012.pro,-1,,0
91,,96628,0,183,12275,75,61,0,83886092,0x0500000C,misc,,00000012.pro,-1,,0
92,,96716,0,188,12318,118,61,0,83886092,0x0500000C,misc,,00000012.pro,-1,,0
93,,96804,0,190,12470,70,62,0,83886092,0x0500000C,misc,,00000012.pro,-1,,0
94,,96892,0,191,12471,71,62,0,83886092,0x0500000C,misc,,00000012.pro,-1,,0
95,,96980,0,192,12472,72,62,0,83886092,0x0500000C,misc,,00000012.pro,-1,,0
96,,97068,0,193,12473,73,62,0,83886092,0x0500000C,misc,,00000012.pro,-1,,0
97,,97156,0,198,12519,119,62,0,83886092,0x0500000C,misc,,00000012.pro,-1,,0
98,,97244,0,200,12668,68,63,0,83886092,0x0500000C,misc,,00000012.pro,-1,,0
99,,97332,0,201,12669,69,63,0,83886092,0x0500000C,misc,,00000012.pro,-1,,0
100,,97420,0,202,12670,70,63,0,83886092,0x0500000C,misc,,00000012.pro,-1,,0
101,,97508,0,203,12671,71,63,0,83886092,0x0500000C,misc,,00000012.pro,-1,,0
102,,97596,0,208,12719,119,63,0,83886092,0x0500000C,misc,,00000012.pro,-1,,0
103,,97684,0,209,12720,120,63,0,83886092,0x0500000C,misc,,00000012.pro,-1,,0
104,,97772,0,212,12866,66,64,0,83886092,0x0500000C,misc,,00000012.pro,-1,,0
105,,97860,0,213,12867,67,64,0,83886092,0x0500000C,misc,,00000012.pro,-1,,0
106,,97948,0,214,12868,68,64,0,83886092,0x0500000C,misc,,00000012.pro,-1,,0
107,,98036,0,215,12869,69,64,0,83886092,0x0500000C,misc,,00000012.pro,-1,,0
108,,98124,0,220,12920,120,64,0,83886092,0x0500000C,misc,,00000012.pro,-1,,0
109,,98212,0,222,13064,64,65,0,83886092,0x0500000C,misc,,00000012.pro,-1,,0
110,,98300,0,223,13065,65,65,0,83886092,0x0500000C,misc,,00000012.pro,-1,,0
111,,98388,0,224,13066,66,65,0,83886092,0x0500000C,misc,,00000012.pro,-1,,0
112,,98476,0,225,13067,67,65,0,83886092,0x0500000C,misc,,00000012.pro,-1,,0
113,,98564,0,230,13121,121,65,0,83886092,0x0500000C,misc,,00000012.pro,-1,,0
114,,98652,0,232,13262,62,66,0,83886092,0x0500000C,misc,,00000012.pro,-1,,0
115,,98740,0,233,13263,63,66,0,83886092,0x0500000C,misc,,00000012.pro,-1,,0
116,,98828,0,234,13264,64,66,0,83886092,0x0500000C,misc,,00000012.pro,-1,,0
117,,98916,0,235,13265,65,66,0,83886092,0x0500000C,misc,,00000012.pro,-1,,0
118,,99004,0,240,13321,121,66,0,83886092,0x0500000C,misc,,00000012.pro,-1,,0
119,,99092,0,241,13322,122,66,0,83886092,0x0500000C,misc,,00000012.pro,-1,,0
120,,99180,0,244,13460,60,67,0,83886092,0x0500000C,misc,,00000012.pro,-1,,0
121,,99268,0,245,13461,61,67,0,83886092,0x0500000C,misc,,00000012.pro,-1,,0
122,,99356,0,246,13462,62,67,0,83886092,0x0500000C,misc,,00000012.pro,-1,,0
123,,99444,0,247,13463,63,67,0,83886092,0x0500000C,misc,,00000012.pro,-1,,0
124,,99532,0,252,13522,122,67,0,83886092,0x0500000C,misc,,00000012.pro,-1,,0
125,,99620,0,254,13658,58,68,0,83886092,0x0500000C,misc,,00000012.pro,-1,,0
126,,99708,0,255,13659,59,68,0,83886092,0x0500000C,misc,,00000012.pro,-1,,0
127,,99796,0,256,13660,60,68,0,83886092,0x0500000C,misc,,00000012.pro,-1,,0
128,,99884,0,257,13661,61,68,0,83886092,0x0500000C,misc,,00000012.pro,-1,,0
129,,99972,0,262,13723,123,68,0,83886092,0x0500000C,misc,,00000012.pro,-1,,0
130,,100060,0,264,13856,56,69,0,83886092,0x0500000C,misc,,00000012.pro,-1,,0
131,,100148,0,265,13857,57,69,0,83886092,0x0500000C,misc,,00000012.pro,-1,,0
132,,100236,0,266,13858,58,69,0,83886092,0x0500000C,misc,,00000012.pro,-1,,0
133,,100324,0,267,13859,59,69,0,83886092,0x0500000C,misc,,00000012.pro,-1,,0
134,,100412,0,311,13923,123,69,0,83886092,0x0500000C,misc,,00000012.pro,-1,,0
135,,100500,0,313,13924,124,69,0,83886092,0x0500000C,misc,,00000012.pro,-1,,0
136,,100588,0,330,14054,54,70,0,83886092,0x0500000C,misc,,00000012.pro,-1,,0
137,,100676,0,331,14055,55,70,0,83886092,0x0500000C,misc,,00000012.pro,-1,,0
138,,100764,0,332,14056,56,70,0,83886092,0x0500000C,misc,,00000012.pro,-1,,0
139,,100852,0,333,14057,57,70,0,83886092,0x0500000C,misc,,00000012.pro,-1,,0
140,,100940,0,364,14124,124,70,0,83886092,0x0500000C,misc,,00000012.pro,-1,,0
141,,101028,0,374,14252,52,71,0,83886092,0x0500000C,misc,,00000012.pro,-1,,0
142,,101116,0,375,14253,53,71,0,83886092,0x0500000C,misc,,00000012.pro,-1,,0
143,,101204,0,376,14254,54,71,0,83886092,0x0500000C,misc,,00000012.pro,-1,,0
144,,101292,0,377,14255,55,71,0,83886092,0x0500000C,misc,,00000012.pro,-1,,0
145,,101380,0,390,14325,125,71,0,83886092,0x0500000C,misc,,00000012.pro,-1,,0
146,,101468,0,394,14450,50,72,0,83886092,0x0500000C,misc,,00000012.pro,-1,,0
147,,101556,0,395,14451,51,72,0,83886092,0x0500000C,misc,,00000012.pro,-1,,0
148,,101644,0,396,14452,52,72,0,83886092,0x0500000C,misc,,00000012.pro,-1,,0
149,,101732,0,397,14453,53,72,0,83886092,0x0500000C,misc,,00000012.pro,-1,,0
150,,101820,0,410,14525,125,72,0,83886092,0x0500000C,misc,,00000012.pro,-1,,0
151,,101908,0,412,14526,126,72,0,83886092,0x0500000C,misc,,00000012.pro,-1,,0
152,,101996,0,419,14648,48,73,0,83886092,0x0500000C,misc,,00000012.pro,-1,,0
153,,102084,0,420,14649,49,73,0,83886092,0x0500000C,misc,,00000012.pro,-1,,0
154,,102172,0,421,14650,50,73,0,83886092,0x0500000C,misc,,00000012.pro,-1,,0
155,,102260,0,422,14650,50,73,0,83886092,0x0500000C,misc,,00000012.pro,-1,,0
156,,102348,0,423,14651,51,73,0,83886092,0x0500000C,misc,,00000012.pro,-1,,0
157,,102436,0,424,14652,52,73,0,50332412,0x030002FC,wall,,00000764.pro,-1,,0
158,,102524,0,425,14653,53,73,0,50332400,0x030002F0,wall,,00000752.pro,-1,,0
159,,102612,0,426,14654,54,73,0,50332419,0x03000303,wall,,00000771.pro,-1,,0
160,,102700,0,427,14655,55,73,0,50332400,0x030002F0,wall,,00000752.pro,-1,,0
161,,102788,0,428,14656,56,73,0,50332423,0x03000307,wall,,00000775.pro,-1,,0
162,,102876,0,429,14657,57,73,0,50332400,0x030002F0,wall,,00000752.pro,-1,,0
163,,102964,0,430,14658,58,73,0,50332401,0x030002F1,wall,,00000753.pro,-1,,0
164,,103052,0,431,14659,59,73,0,50332400,0x030002F0,wall,,00000752.pro,-1,,0
165,,103140,0,432,14660,60,73,0,50332425,0x03000309,wall,,00000777.pro,-1,,0
166,,103228,0,433,14661,61,73,0,50332400,0x030002F0,wall,,00000752.pro,-1,,0
167,,103316,0,434,14662,62,73,0,50332401,0x030002F1,wall,,00000753.pro,-1,,0
168,,103404,0,435,14663,63,73,0,50332400,0x030002F0,wall,,00000752.pro,-1,,0
169,,103492,0,436,14664,64,73,0,50332418,0x03000302,wall,,00000770.pro,-1,,0
170,,103580,0,437,14665,65,73,0,50332400,0x030002F0,wall,,00000752.pro,-1,,0
171,,103668,0,438,14666,66,73,0,50332401,0x030002F1,wall,,00000753.pro,-1,,0
172,,103756,0,439,14667,67,73,0,50332400,0x030002F0,wall,,00000752.pro,-1,,0
173,,103844,0,440,14668,68,73,0,50332422,0x03000306,wall,,00000774.pro,-1,,0
174,,103932,0,441,14669,69,73,0,50332400,0x030002F0,wall,,00000752.pro,-1,,0
175,,104020,0,442,14670,70,73,0,50332401,0x030002F1,wall,,00000753.pro,-1,,0
176,,104108,0,443,14671,71,73,0,50332400,0x030002F0,wall,,00000752.pro,-1,,0
177,,104196,0,444,14672,72,73,0,50332425,0x03000309,wall,,00000777.pro,-1,,0
178,,104284,0,446,14673,73,73,0,50332400,0x030002F0,wall,,00000752.pro,-1,,0
179,,104372,0,448,14674,74,73,0,50332401,0x030002F1,wall,,00000753.pro,-1,,0
180,,104460,0,450,14675,75,73,0,50332400,0x030002F0,wall,,00000752.pro,-1,,0
181,,104548,0,452,14676,76,73,0,50332421,0x03000305,wall,,00000773.pro,-1,,0
182,,104636,0,453,14677,77,73,0,50332400,0x030002F0,wall,,00000752.pro,-1,,0
183,,104724,0,454,14678,78,73,0,50332401,0x030002F1,wall,,00000753.pro,-1,,0
184,,104812,0,455,14679,79,73,0,50332400,0x030002F0,wall,,00000752.pro,-1,,0
185,,104900,0,456,14680,80,73,0,50332420,0x03000304,wall,,00000772.pro,-1,,0
186,,104988,0,457,14681,81,73,0,50332400,0x030002F0,wall,,00000752.pro,-1,,0
187,,105076,0,458,14682,82,73,0,50332401,0x030002F1,wall,,00000753.pro,-1,,0
188,,105164,0,459,14683,83,73,0,50332400,0x030002F0,wall,,00000752.pro,-1,,0
189,,105252,0,460,14684,84,73,0,50332425,0x03000309,wall,,00000777.pro,-1,,0
190,,105340,0,462,14685,85,73,0,50332400,0x030002F0,wall,,00000752.pro,-1,,0
191,,105428,0,463,14686,86,73,0,50332423,0x03000307,wall,,00000775.pro,-1,,0
192,,105516,0,464,14687,87,73,0,50332400,0x030002F0,wall,,00000752.pro,-1,,0
193,,105604,0,465,14688,88,73,0,50332418,0x03000302,wall,,00000770.pro,-1,,0
194,,105692,0,466,14689,89,73,0,50332400,0x030002F0,wall,,00000752.pro,-1,,0
195,,105780,0,467,14690,90,73,0,50332401,0x030002F1,wall,,00000753.pro,-1,,0
196,,105868,0,468,14691,91,73,0,50332400,0x030002F0,wall,,00000752.pro,-1,,0
197,,105956,0,469,14692,92,73,0,50332411,0x030002FB,wall,,00000763.pro,-1,,0
198,,106044,0,471,14693,93,73,0,50332270,0x0300026E,wall,,00000622.pro,-1,,0
199,,106132,0,481,14726,126,73,0,83886092,0x0500000C,misc,,00000012.pro,-1,,0
200,,106220,0,487,14846,46,74,0,83886092,0x0500000C,misc,,00000012.pro,-1,,0
201,,106308,0,488,14847,47,74,0,83886092,0x0500000C,misc,,00000012.pro,-1,,0
202,,106396,0,489,14848,48,74,0,83886092,0x0500000C,misc,,00000012.pro,-1,,0
203,,106484,0,490,14849,49,74,0,83886092,0x0500000C,misc,,00000012.pro,-1,,0
204,,106572,0,491,14852,52,74,0,50332270,0x0300026E,wall,,00000622.pro,-1,,0
205,,106660,0,492,14853,53,74,0,50332270,0x0300026E,wall,,00000622.pro,-1,,0
206,,106748,0,493,14855,55,74,0,50332270,0x0300026E,wall,,00000622.pro,-1,,0
207,,106836,0,494,14855,55,74,0,33555046,0x02000266,scenery,generic,00000615.pro,-1,,0
208,,106924,0,495,14855,55,74,0,33555051,0x0200026B,scenery,generic,00000620.pro,50331664,Sink.int,0
209,,107012,0,496,14857,57,74,0,50332270,0x0300026E,wall,,00000622.pro,-1,,0
210,,107100,0,497,14857,57,74,0,33555046,0x02000266,scenery,generic,00000615.pro,-1,,0
211,,107188,0,498,14857,57,74,0,33555051,0x0200026B,scenery,generic,00000620.pro,50331663,Sink.int,0
212,,107276,0,499,14859,59,74,0,50332270,0x0300026E,wall,,00000622.pro,-1,,0
213,,107364,0,500,14860,60,74,0,50332269,0x0300026D,wall,,00000621.pro,-1,,0
214,,107452,0,501,14861,61,74,0,50332270,0x0300026E,wall,,00000622.pro,-1,,0
215,,107540,0,502,14863,63,74,0,50332270,0x0300026E,wall,,00000622.pro,-1,,0
216,,107628,0,503,14864,64,74,0,33554499,0x02000043,scenery,generic,00000068.pro,-1,,0
217,,107716,0,504,14864,64,74,0,133,0x00000085,item,container,00000133.pro,50331659,Locker.int,3
217/inventory/0,2,107808,0,505,-1,,,0,40,0x00000028,item,drug,00000040.pro,-1,,0
217/inventory/1,1,107900,0,506,-1,,,0,21,0x00000015,item,weapon,00000021.pro,-1,,0
217/inventory/2,1,108000,0,507,-1,,,0,4,0x00000004,item,weapon,00000012.pro,-1,,0
218,,108096,0,508,14865,65,74,0,50332270,0x0300026E,wall,,00000622.pro,-1,,0
219,,108184,0,509,14866,66,74,0,33554499,0x02000043,scenery,generic,00000068.pro,-1,,0
220,,108272,0,510,14866,66,74,0,133,0x00000085,item,container,00000133.pro,50331697,BroLock.int,0
221,,108360,0,511,14867,67,74,0,50332270,0x0300026E,wall,,00000622.pro,-1,,0
222,,108448,0,512,14869,69,74,0,50332270,0x0300026E,wall,,00000622.pro,-1,,0
223,,108536,0,514,14871,71,74,0,50332270,0x0300026E,wall,,00000622.pro,-1,,0
224,,108624,0,516,14872,72,74,0,50332269,0x0300026D,wall,,00000621.pro,-1,,0
225,,108712,0,518,14873,73,74,0,50332270,0x0300026E,wall,,00000622.pro,-1,,0
226,,108800,0,520,14874,74,74,0,33554499,0x02000043,scenery,generic,00000068.pro,-1,,0
227,,108888,0,521,14875,75,74,0,50332270,0x0300026E,wall,,00000622.pro,-1,,0
228,,108976,0,522,14876,76,74,0,33554499,0x02000043,scenery,generic,00000068.pro,-1,,0
229,,109064,0,523,14876,76,74,0,132,0x00000084,item,container,00000132.pro,50331658,Locker.int,0
230,,109152,0,524,14877,77,74,0,50332270,0x0300026E,wall,,00000622.pro,-1,,0
231,,109240,0,525,14878,78,74,0,33554499,0x02000043,scenery,generic,00000068.pro,-1,,0
232,,109328,0,526,14878,78,74,0,133,0x00000085,item,container,00000133.pro,50331656,Locker.int,3
232/inventory/0,1,109420,0,527,-1,,,0,18,0x00000012,item,weapon,00000018.pro,-1,,0
232/inventory/1,1,109520,0,528,-1,,,0,31,0x0000001F,item,ammo,00000031.pro,-1,,0
232/inventory/2,1,109616,0,529,-1,,,0,40,0x00000028,item,drug,00000040.pro,-1,,0
233,,109704,0,530,14879,79,74,0,50332270,0x0300026E,wall,,00000622.pro,-1,,0
234,,109792,0,531,14881,81,74,0,50332270,0x0300026E,wall,,00000622.pro,-1,,0
235,,109880,0,532,14883,83,74,0,50332270,0x0300026E,wall,,00000622.pro,-1,,0
236,,109968,0,533,14884,84,74,0,50332269,0x0300026D,wall,,00000621.pro,-1,,0
237,,110056,0,536,14885,85,74,0,50332270,0x0300026E,wall,,00000622.pro,-1,,0
238,,110144,0,537,14887,87,74,0,50332270,0x0300026E,wall,,00000622.pro,-1,,0
239,,110232,0,538,14887,87,74,0,33555046,0x02000266,scenery,generic,00000615.pro,-1,,0
240,,110320,0,539,14887,87,74,0,33555051,0x0200026B,scenery,generic,00000620.pro,50331662,Sink.int,0
241,,110408,0,540,14889,89,74,0,50332270,0x0300026E,wall,,00000622.pro,-1,,0
242,,110496,0,541,14889,89,74,0,33555046,0x02000266,scenery,generic,00000615.pro,-1,,0
243,,110584,0,542,14889,89,74,0,33555051,0x0200026B,scenery,generic,00000620.pro,50331661,Sink.int,0
244,,110672,0,543,14891,91,74,0,50332270,0x0300026E,wall,,00000622.pro,-1,,0
245,,110760,0,545,14892,92,74,0,50332270,0x0300026E,wall,,00000622.pro,-1,,0
246,,110848,0,547,14893,93,74,0,50332269,0x0300026D,wall,,00000621.pro,-1,,0
247,,110936,0,561,14927,127,74,0,83886092,0x0500000C,misc,,00000012.pro,-1,,0
248,,111024,0,567,15044,44,75,0,83886092,0x0500000C,misc,,00000012.pro,-1,,0
249,,111112,0,568,15045,45,75,0,83886092,0x0500000C,misc,,00000012.pro,-1,,0
250,,111200,0,569,15046,46,75,0,83886092,0x0500000C,misc,,00000012.pro,-1,,0
251,,111288,0,570,15047,47,75,0,83886092,0x0500000C,misc,,00000012.pro,-1,,0
252,,111376,0,571,15052,52,75,0,50332407,0x030002F7,wall,,00000759.pro,-1,,0
253,,111464,0,572,15052,52,75,0,33555327,0x0200037F,scenery,generic,00000896.pro,-1,,0
254,,111552,0,573,15060,60,75,0,50332416,0x03000300,wall,,00000768.pro,-1,,0
255,,111640,0,574,15063,63,75,0,33554499,0x02000043,scenery,generic,00000068.pro,-1,,0
256,,111728,0,575,15066,66,75,5,16777483,0x0100010B,critter,,00000267.pro,67108872,Rd1Knig.int,3
256/inventory/0,1,111860,0,1096,-1,,,0,23,0x00000017,item,weapon,00000023.pro,-1,,0
256/inventory/1,1,111960,0,1098,-1,,,0,36,0x00000024,item,ammo,00000036.pro,-1,,0
256/inventory/2,1,112056,0,1100,-1,,,0,239,0x000000EF,item,armor,00000239.pro,-1,,0
257,,112144,0,582,15069,69,75,0,33554499,0x02000043,scenery,generic,00000068.pro,-1,,0
258,,112232,0,584,15070,70,75,0,33554624,0x020000C0,scenery,generic,00000193.pro,-1,,0
259,,112320,0,587,15072,72,75,0,50332407,0x030002F7,wall,,00000759.pro,-1,,0
260,,112408,0,588,15074,74,75,0,33554624,0x020000C0,scenery,generic,00000193.pro,-1,,0
261,,112496,0,589,15084,84,75,0,50332414,0x030002FE,wall,,00000766.pro,-1,,0
262,,112584,0,590,15084,84,75,0,33555327,0x0200037F,scenery,generic,00000896.pro,-1,,0
263,,112672,0,594,15092,92,75,0,50332407,0x030002F7,wall,,00000759.pro,-1,,0
264,,112760,0,595,15093,93,75,0,50331878,0x030000E6,wall,,00000230.pro,-1,,0
265,,112848,0,607,15127,127,75,0,83886092,0x0500000C,misc,,00000012.pro,-1,,0
266,,112936,0,609,15128,128,75,0,83886092,0x0500000C,misc,,00000012.pro,-1,,0
267,,113024,0,615,15242,42,76,0,83886092,0x0500000C,misc,,00000012.pro,-1,,0
268,,113112,0,616,15243,43,76,0,83886092,0x0500000C,misc,,00000012.pro,-1,,0
269,,113200,0,617,15244,44,76,0,83886092,0x0500000C,misc,,00000012.pro,-1,,0
270,,113288,0,618,15245,45,76,0,83886092,0x0500000C,misc,,00000012.pro,-1,,0
271,,113376,0,619,15252,52,76,0,50332414,0x030002FE,wall,,00000766.pro,-1,,0
272,,113464,0,620,15260,60,76,0,50332414,0x030002FE,wall,,00000766.pro,-1,,0
273,,113552,0,621,15262,62,76,0,33555039,0x0200025F,scenery,generic,00000608.pro,-1,,0
274,,113640,0,622,15263,63,76,0,33554499,0x02000043,scenery,generic,00000068.pro,-1,,0
275,,113728,0,626,15269,69,76,0,33554499,0x02000043,scenery,generic,00000068.pro,-1,,0
276,,113816,0,628,15272,72,76,0,50332413,0x030002FD,wall,,00000765.pro,-1,,0
277,,113904,0,629,15274,74,76,0,33554499,0x02000043,scenery,generic,00000068.pro,-1,,0
278,,113992,0,630,15284,84,76,0,50332415,0x030002FF,wall,,00000767.pro,-1,,0
279,,114080,0,635,15292,92,76,0,50332407,0x030002F7,wall,,00000759.pro,-1,,0
280,,114168,0,636,15293,93,76,0,50331880,0x030000E8,wall,,00000232.pro,-1,,0
281,,114256,0,652,15328,128,76,0,83886092,0x0500000C,misc,,00000012.pro,-1,,0
282,,114344,0,657,15440,40,77,0,83886092,0x0500000C,misc,,00000012.pro,-1,,0
283,,114432,0,658,15441,41,77,0,83886092,0x0500000C,misc,,00000012.pro,-1,,0
284,,114520,0,659,15442,42,77,0,83886092,0x0500000C,misc,,00000012.pro,-1,,0
285,,114608,0,660,15443,43,77,0,83886092,0x0500000C,misc,,00000012.pro,-1,,0
286,,114696,0,661,15452,52,77,0,50332407,0x030002F7,wall,,00000759.pro,-1,,0
287,,114784,0,662,15453,53,77,0,33555048,0x02000268,scenery,generic,00000617.pro,-1,,0
288,,114872,0,663,15460,60,77,0,50332437,0x03000315,wall,,00000789.pro,-1,,0
289,,114960,0,664,15461,61,77,0,33554499,0x02000043,scenery,generic,00000068.pro,-1,,0
290,,115048,0,665,15462,62,77,0,33554499,0x02000043,scenery,generic,00000068.pro,-1,,0
291,,115136,0,666,15463,63,77,0,33554499,0x02000043,scenery,generic,00000068.pro,-1,,0
292,,115224,0,672,15469,69,77,0,33554499,0x02000043,scenery,generic,00000068.pro,-1,,0
293,,115312,0,673,15470,70,77,0,33554623,0x020000BF,scenery,generic,00000192.pro,-1,,0
294,,115400,0,674,15472,72,77,0,50332407,0x030002F7,wall,,00000759.pro,-1,,0
295,,115488,0,675,15474,74,77,0,33554623,0x020000BF,scenery,generic,00000192.pro,-1,,0
296,,115576,0,676,15478,78,77,0,33555100,0x0200029C,scenery,generic,00000669.pro,-1,,0
297,,115664,0,677,15484,84,77,0,50332437,0x03000315,wall,,00000789.pro,-1,,0
298,,115752,0,681,15492,92,77,0,50332407,0x030002F7,wall,,00000759.pro,-1,,0
299,,115840,0,682,15493,93,77,0,50331879,0x030000E7,wall,,00000231.pro,-1,,0
300,,115928,0,695,15529,129,77,0,83886092,0x0500000C,misc,,00000012.pro,-1,,0
301,,116016,0,700,15638,38,78,0,83886092,0x0500000C,misc,,00000012.pro,-1,,0
302,,116104,0,701,15639,39,78,0,83886092,0x0500000C,misc,,00000012.pro,-1,,0
303,,116192,0,702,15640,40,78,0,83886092,0x0500000C,misc,,00000012.pro,-1,,0
304,,116280,0,703,15641,41,78,0,83886092,0x0500000C,misc,,00000012.pro,-1,,0
305,,116368,0,704,15652,52,78,0,50332415,0x030002FF,wall,,00000767.pro,-1,,0
306,,116456,0,705,15661,61,78,0,33555105,0x020002A1,scenery,generic,00000674.pro,-1,,0
307,,116544,0,706,15662,62,78,2,16777483,0x0100010B,critter,,00000267.pro,67108866,Rd1Knig.int,3
307/inventory/0,1,116676,0,1104,-1,,,0,23,0x00000017,item,weapon,00000023.pro,-1,,0
307/inventory/1,1,116776,0,1106,-1,,,0,36,0x00000024,item,ammo,00000036.pro,-1,,0
307/inventory/2,1,116872,0,1108,-1,,,0,239,0x000000EF,item,armor,00000239.pro,-1,,0
308,,116960,0,715,15669,69,78,0,33554499,0x02000043,scenery,generic,00000068.pro,-1,,0
309,,117048,0,716,15671,71,78,0,33554499,0x02000043,scenery,generic,00000068.pro,-1,,0
310,,117136,0,717,15672,72,78,0,50332414,0x030002FE,wall,,00000766.pro,-1,,0
311,,117224,0,718,15673,73,78,0,33554499,0x02000043,scenery,generic,00000068.pro,-1,,0
312,,117312,0,719,15674,74,78,3,16777488,0x01000110,critter,,00000272.pro,67108873,Rd1Knig.int,3
312/inventory/0,1,117444,0,1082,-1,,,0,23,0x00000017,item,weapon,00000023.pro,-1,,0
312/inventory/1,1,117544,0,1084,-1,,,0,36,0x00000024,item,ammo,00000036.pro,-1,,0
312/inventory/2,1,117640,0,1086,-1,,,0,239,0x000000EF,item,armor,00000239.pro,-1,,0
313,,117728,0,724,15676,76,78,0,33554499,0x02000043,scenery,generic,00000068.pro,-1,,0
314,,117816,0,725,15677,77,78,0,33554499,0x02000043,scenery,generic,00000068.pro,-1,,0
315,,117904,0,726,15679,79,78,0,33554499,0x02000043,scenery,generic,00000068.pro,-1,,0
316,,117992,0,731,15692,92,78,0,50332407,0x030002F7,wall,,00000759.pro,-1,,0
317,,118080,0,732,15693,93,78,0,50331880,0x030000E8,wall,,00000232.pro,-1,,0
318,,118168,0,739,15729,129,78,0,83886092,0x0500000C,misc,,00000012.pro,-1,,0
319,,118256,0,740,15730,130,78,0,83886092,0x0500000C,misc,,00000012.pro,-1,,0
320,,118344,0,745,15836,36,79,0,83886092,0x0500000C,misc,,00000012.pro,-1,,0
321,,118432,0,746,15837,37,79,0,83886092,0x0500000C,misc,,00000012.pro,-1,,0
322,,118520,0,747,15838,38,79,0,83886092,0x0500000C,misc,,00000012.pro,-1,,0
323,,118608,0,748,15839,39,79,0,83886092,0x0500000C,misc,,00000012.pro,-1,,0
324,,118696,0,749,15852,52,79,0,50332407,0x030002F7,wall,,00000759.pro,-1,,0
325,,118784,0,750,15853,53,79,0,33555048,0x02000268,scenery,generic,00000617.pro,-1,,0
326,,118872,0,755,15872,72,79,0,50332407,0x030002F7,wall,,00000759.pro,-1,,0
327,,118960,0,756,15873,73,79,0,33554499,0x02000043,scenery,generic,00000068.pro,-1,,0
328,,119048,0,757,15873,73,79,0,131,0x00000083,item,container,00000131.pro,50331657,Locker.int,2
328/inventory/0,1,119140,0,758,-1,,,0,144,0x00000090,item,drug,00000144.pro,-1,,0
328/inventory/1,1,119232,0,759,-1,,,0,45,0x0000002D,item,weapon,00000045.pro,-1,,0
329,,119328,0,760,15876,76,79,0,33554499,0x02000043,scenery,generic,00000068.pro,-1,,0
330,,119416,0,761,15878,78,79,0,33555037,0x0200025D,scenery,generic,00000606.pro,-1,,0
331,,119504,0,762,15879,79,79,0,33554499,0x02000043,scenery,generic,00000068.pro,-1,,0
332,,119592,0,763,15880,80,79,0,33555096,0x02000298,scenery,generic,00000665.pro,-1,,0
333,,119680,0,764,15884,84,79,0,16777488,0x01000110,critter,,00000272.pro,67108871,Rd1Knig.int,3
333/inventory/0,1,119812,0,1074,-1,,,0,23,0x00000017,item,weapon,00000023.pro,-1,,0
333/inventory/1,1,119912,0,1076,-1,,,0,36,0x00000024,item,ammo,00000036.pro,-1,,0
333/inventory/2,1,120008,0,1078,-1,,,0,239,0x000000EF,item,armor,00000239.pro,-1,,0
334,,120096,0,772,15892,92,79,0,50332407,0x030002F7,wall,,00000759.pro,-1,,0
335,,120184,0,773,15893,93,79,0,50331881,0x030000E9,wall,,00000233.pro,-1,,0
336,,120272,0,778,15930,130,79,0,83886092,0x0500000C,misc,,00000012.pro,-1,,0
337,,120360,0,782,16034,34,80,0,83886092,0x0500000C,misc,,00000012.pro,-1,,0
338,,120448,0,783,16035,35,80,0,83886092,0x0500000C,misc,,00000012.pro,-1,,0
339,,120536,0,784,16036,36,80,0,83886092,0x0500000C,misc,,00000012.pro,-1,,0
340,,120624,0,785,16037,37,80,0,83886092,0x0500000C,misc,,00000012.pro,-1,,0
341,,120712,0,786,16052,52,80,0,50332413,0x030002FD,wall,,00000765.pro,-1,,0
342,,120800,0,791,16072,72,80,0,50332417,0x03000301,wall,,00000769.pro,-1,,0
343,,120888,0,792,16077,77,80,0,33554499,0x02000043,scenery,generic,00000068.pro,-1,,0
344,,120976,0,793,16079,79,80,0,33554499,0x02000043,scenery,generic,00000068.pro,-1,,0
345,,121064,0,796,16092,92,80,0,50332407,0x030002F7,wall,,00000759.pro,-1,,0
346,,121152,0,797,16093,93,80,0,50331884,0x030000EC,wall,,00000236.pro,-1,,0
347,,121240,0,800,16131,131,80,0,83886092,0x0500000C,misc,,00000012.pro,-1,,0
348,,121328,0,804,16232,32,81,0,83886092,0x0500000C,misc,,00000012.pro,-1,,0
349,,121416,0,805,16233,33,81,0,83886092,0x0500000C,misc,,00000012.pro,-1,,0
350,,121504,0,806,16234,34,81,0,83886092,0x0500000C,misc,,00000012.pro,-1,,0
351,,121592,0,807,16235,35,81,0,83886092,0x0500000C,misc,,00000012.pro,-1,,0
352,,121680,0,808,16252,52,81,0,50332407,0x030002F7,wall,,00000759.pro,-1,,0
353,,121768,0,809,16252,52,81,0,33555049,0x02000269,scenery,generic,00000618.pro,-1,,0
354,,121856,0,814,16260,60,81,0,50332270,0x0300026E,wall,,00000622.pro,-1,,0
355,,121944,0,815,16272,72,81,0,50332407,0x030002F7,wall,,00000759.pro,-1,,0
356,,122032,0,816,16284,84,81,0,50332270,0x0300026E,wall,,00000622.pro,-1,,0
357,,122120,0,820,16292,92,81,0,50332428,0x0300030C,wall,,00000780.pro,-1,,0
358,,122208,0,821,16293,93,81,0,50332400,0x030002F0,wall,,00000752.pro,-1,,0
359,,122296,0,822,16294,94,81,0,50332399,0x030002EF,wall,,00000751.pro,-1,,0
360,,122384,0,824,16295,95,81,0,50332400,0x030002F0,wall,,00000752.pro,-1,,0
361,,122472,0,826,16296,96,81,0,50332420,0x03000304,wall,,00000772.pro,-1,,0
362,,122560,0,827,16297,97,81,0,50332400,0x030002F0,wall,,00000752.pro,-1,,0
363,,122648,0,828,16298,98,81,0,50332399,0x030002EF,wall,,00000751.pro,-1,,0
364,,122736,0,829,16299,99,81,0,50332400,0x030002F0,wall,,00000752.pro,-1,,0
365,,122824,0,830,16300,100,81,0,50332401,0x030002F1,wall,,00000753.pro,-1,,0
366,,122912,0,831,16301,101,81,0,50332400,0x030002F0,wall,,00000752.pro,-1,,0
367,,123000,0,832,16302,102,81,0,50332399,0x030002EF,wall,,00000751.pro,-1,,0
368,,123088,0,833,16303,103,81,0,50332400,0x030002F0,wall,,00000752.pro,-1,,0
369,,123176,0,834,16304,104,81,0,50332423,0x03000307,wall,,00000775.pro,-1,,0
370,,123264,0,836,16305,105,81,0,50332400,0x030002F0,wall,,00000752.pro,-1,,0
371,,123352,0,837,16306,106,81,0,50332399,0x030002EF,wall,,00000751.pro,-1,,0
372,,123440,0,839,16307,107,81,0,50332400,0x030002F0,wall,,00000752.pro,-1,,0
373,,123528,0,841,16308,108,81,0,50332419,0x03000303,wall,,00000771.pro,-1,,0
374,,123616,0,843,16309,109,81,0,50332400,0x030002F0,wall,,00000752.pro,-1,,0
375,,123704,0,845,16310,110,81,0,50332399,0x030002EF,wall,,00000751.pro,-1,,0
376,,123792,0,846,16311,111,81,0,50332400,0x030002F0,wall,,00000752.pro,-1,,0
377,,123880,0,847,16312,112,81,0,50332421,0x03000305,wall,,00000773.pro,-1,,0
378,,123968,0,848,16313,113,81,0,50332400,0x030002F0,wall,,00000752.pro,-1,,0
379,,124056,0,849,16314,114,81,0,50332399,0x030002EF,wall,,00000751.pro,-1,,0
380,,124144,0,850,16315,115,81,0,50332400,0x030002F0,wall,,00000752.pro,-1,,0
381,,124232,0,851,16316,116,81,0,50332401,0x030002F1,wall,,00000753.pro,-1,,0
382,,124320,0,852,16317,117,81,0,50332400,0x030002F0,wall,,00000752.pro,-1,,0
383,,124408,0,853,16318,118,81,0,50332399,0x030002EF,wall,,00000751.pro,-1,,0
384,,124496,0,854,16319,119,81,0,50332400,0x030002F0,wall,,00000752.pro,-1,,0
385,,124584,0,855,16320,120,81,0,50332418,0x03000302,wall,,00000770.pro,-1,,0
386,,124672,0,856,16321,121,81,0,50332400,0x030002F0,wall,,00000752.pro,-1,,0
387,,124760,0,857,16322,122,81,0,50332399,0x030002EF,wall,,00000751.pro,-1,,0
388,,124848,0,858,16323,123,81,0,50332400,0x030002F0,wall,,00000752.pro,-1,,0
389,,124936,0,859,16324,124,81,0,50332401,0x030002F1,wall,,00000753.pro,-1,,0
390,,125024,0,860,16325,125,81,0,50332400,0x030002F0,wall,,00000752.pro,-1,,0
391,,125112,0,861,16326,126,81,0,50332399,0x030002EF,wall,,00000751.pro,-1,,0
392,,125200,0,862,16327,127,81,0,50332400,0x030002F0,wall,,00000752.pro,-1,,0
393,,125288,0,863,16328,128,81,0,50332411,0x030002FB,wall,,00000763.pro,-1,,0
394,,125376,0,864,16329,129,81,0,50332270,0x0300026E,wall,,00000622.pro,-1,,0
395,,125464,0,865,16331,131,81,0,83886092,0x0500000C,misc,,00000012.pro,-1,,0
396,,125552,0,866,16332,132,81,0,83886092,0x0500000C,misc,,00000012.pro,-1,,0
397,,125640,0,871,16433,33,82,0,83886092,0x0500000C,misc,,00000012.pro,-1,,0
398,,125728,0,872,16452,52,82,0,50332416,0x03000300,wall,,00000768.pro,-1,,0
399,,125816,0,877,16460,60,82,0,50332435,0x03000313,wall,,00000787.pro,-1,,0
400,,125904,0,878,16470,70,82,0,33554499,0x02000043,scenery,generic,00000068.pro,-1,,0
401,,125992,0,879,16471,71,82,0,33554499,0x02000043,scenery,generic,00000068.pro,-1,,0
402,,126080,0,880,16472,72,82,0,50332415,0x030002FF,wall,,00000767.pro,-1,,0
403,,126168,0,881,16473,73,82,0,33554499,0x02000043,scenery,generic,00000068.pro,-1,,0
404,,126256,0,882,16474,74,82,0,33554499,0x02000043,scenery,generic,00000068.pro,-1,,0
405,,126344,0,883,16484,84,82,0,50332435,0x03000313,wall,,00000787.pro,-1,,0
406,,126432,0,886,16492,92,82,0,50332270,0x0300026E,wall,,00000622.pro,-1,,0
407,,126520,0,888,16493,93,82,0,50332270,0x0300026E,wall,,00000622.pro,-1,,0
408,,126608,0,890,16495,95,82,0,50332270,0x0300026E,wall,,00000622.pro,-1,,0
409,,126696,0,891,16497,97,82,0,50332270,0x0300026E,wall,,00000622.pro,-1,,0
410,,126784,0,892,16499,99,82,0,50332270,0x0300026E,wall,,00000622.pro,-1,,0
411,,126872,0,893,16501,101,82,0,50332270,0x0300026E,wall,,00000622.pro,-1,,0
412,,126960,0,894,16503,103,82,0,50332270,0x0300026E,wall,,00000622.pro,-1,,0
413,,127048,0,897,16505,105,82,0,50332270,0x0300026E,wall,,00000622.pro,-1,,0
414,,127136,0,900,16507,107,82,0,50332270,0x0300026E,wall,,00000622.pro,-1,,0
415,,127224,0,901,16507,107,82,0,33554616,0x020000B8,scenery,generic,00000185.pro,-1,,0
416,,127312,0,903,16509,109,82,0,50332270,0x0300026E,wall,,00000622.pro,-1,,0
417,,127400,0,904,16511,111,82,0,50332270,0x0300026E,wall,,00000622.pro,-1,,0
418,,127488,0,905,16513,113,82,0,50332270,0x0300026E,wall,,00000622.pro,-1,,0
419,,127576,0,907,16515,115,82,0,50332270,0x0300026E,wall,,00000622.pro,-1,,0
420,,127664,0,909,16517,117,82,0,50332270,0x0300026E,wall,,00000622.pro,-1,,0
421,,127752,0,911,16519,119,82,0,50332270,0x0300026E,wall,,00000622.pro,-1,,0
422,,127840,0,913,16521,121,82,0,50332270,0x0300026E,wall,,00000622.pro,-1,,0
423,,127928,0,915,16523,123,82,0,50332270,0x0300026E,wall,,00000622.pro,-1,,0
424,,128016,0,917,16525,125,82,0,50332270,0x0300026E,wall,,00000622.pro,-1,,0
425,,128104,0,918,16527,127,82,0,50332270,0x0300026E,wall,,00000622.pro,-1,,0
426,,128192,0,919,16528,128,82,0,50332270,0x0300026E,wall,,00000622.pro,-1,,0
427,,128280,0,920,16529,129,82,0,50332269,0x0300026D,wall,,00000621.pro,-1,,0
428,,128368,0,921,16532,132,82,0,83886092,0x0500000C,misc,,00000012.pro,-1,,0
429,,128456,0,925,16633,33,83,0,83886092,0x0500000C,misc,,00000012.pro,-1,,0
430,,128544,0,926,16634,34,83,0,83886092,0x0500000C,misc,,00000012.pro,-1,,0
431,,128632,0,927,16652,52,83,0,50332407,0x030002F7,wall,,00000759.pro,-1,,0
432,,128720,0,932,16660,60,83,0,50332407,0x030002F7,wall,,00000759.pro,-1,,0
433,,128808,0,933,16669,69,83,0,33554499,0x02000043,scenery,generic,00000068.pro,-1,,0
434,,128896,0,934,16670,70,83,0,33554596,0x020000A4,scenery,generic,00000165.pro,-1,,0
435,,128984,0,935,16672,72,83,0,50332407,0x030002F7,wall,,00000759.pro,-1,,0
436,,129072,0,936,16674,74,83,0,33554596,0x020000A4,scenery,generic,00000165.pro,-1,,0
437,,129160,0,937,16675,75,83,0,33554499,0x02000043,scenery,generic,00000068.pro,-1,,0
438,,129248,0,938,16684,84,83,0,50332414,0x030002FE,wall,,00000766.pro,-1,,0
439,,129336,0,940,16692,92,83,0,50332410,0x030002FA,wall,,00000762.pro,-1,,0
440,,129424,0,949,16728,128,83,0,50332407,0x030002F7,wall,,00000759.pro,-1,,0
441,,129512,0,950,16729,129,83,0,50331881,0x030000E9,wall,,00000233.pro,-1,,0
442,,129600,0,951,16733,133,83,0,83886092,0x0500000C,misc,,00000012.pro,-1,,0
443,,129688,0,955,16834,34,84,0,83886092,0x0500000C,misc,,00000012.pro,-1,,0
444,,129776,0,958,16852,52,84,0,50332407,0x030002F7,wall,,00000759.pro,-1,,0
445,,129864,0,961,16860,60,84,0,50332407,0x030002F7,wall,,00000759.pro,-1,,0
446,,129952,0,962,16869,69,84,0,33554499,0x02000043,scenery,generic,00000068.pro,-1,,0
447,,130040,0,963,16872,72,84,0,50332407,0x030002F7,wall,,00000759.pro,-1,,0
448,,130128,0,964,16875,75,84,0,33554499,0x02000043,scenery,generic,00000068.pro,-1,,0
449,,130216,0,965,16884,84,84,0,50332407,0x030002F7,wall,,00000759.pro,-1,,0
450,,130304,0,967,16890,90,84,0,33554776,0x02000158,scenery,generic,00000345.pro,-1,,0
451,,130392,0,968,16891,91,84,0,33554776,0x02000158,scenery,generic,00000345.pro,-1,,0
452,,130480,0,969,16892,92,84,0,50332407,0x030002F7,wall,,00000759.pro,-1,,0
453,,130568,0,977,16928,128,84,0,50332407,0x030002F7,wall,,00000759.pro,-1,,0
454,,130656,0,978,16929,129,84,0,50331878,0x030000E6,wall,,00000230.pro,-1,,0
455,,130744,0,979,16933,133,84,0,83886092,0x0500000C,misc,,00000012.pro,-1,,0
456,,130832,0,980,16934,134,84,0,83886092,0x0500000C,misc,,00000012.pro,-1,,0
457,,130920,0,985,17035,35,85,0,83886092,0x0500000C,misc,,00000012.pro,-1,,0
458,,131008,0,990,17052,52,85,0,50332404,0x030002F4,wall,,00000756.pro,-1,,0
459,,131096,0,991,17053,53,85,0,50332400,0x030002F0,wall,,00000752.pro,-1,,0
460,,131184,0,992,17054,54,85,0,50332401,0x030002F1,wall,,00000753.pro,-1,,0
461,,131272,0,993,17055,55,85,0,50332400,0x030002F0,wall,,00000752.pro,-1,,0
462,,131360,0,994,17056,56,85,0,50332401,0x030002F1,wall,,00000753.pro,-1,,0
463,,131448,0,995,17057,57,85,0,50332400,0x030002F0,wall,,00000752.pro,-1,,0
464,,131536,0,996,17058,58,85,0,50332401,0x030002F1,wall,,00000753.pro,-1,,0
465,,131624,0,997,17059,59,85,0,50332400,0x030002F0,wall,,00000752.pro,-1,,0
466,,131712,0,998,17060,60,85,0,50332427,0x0300030B,wall,,00000779.pro,-1,,0
467,,131800,0,999,17061,61,85,0,50332400,0x030002F0,wall,,00000752.pro,-1,,0
468,,131888,0,1000,17062,62,85,0,50332399,0x030002EF,wall,,00000751.pro,-1,,0
469,,131976,0,1001,17063,63,85,0,50332398,0x030002EE,wall,,00000750.pro,-1,,0
470,,132064,0,1002,17064,64,85,0,50332440,0x03000318,wall,,00000792.pro,-1,,0
471,,132152,0,1003,17065,65,85,0,50332269,0x0300026D,wall,,00000621.pro,-1,,0
472,,132240,0,1004,17066,66,85,0,33554584,0x02000098,scenery,door,00000153.pro,50331680,MetlDoor.int,0
473,,132332,0,1005,17067,67,85,0,50332269,0x0300026D,wall,,00000621.pro,-1,,0
474,,132420,0,1006,17068,68,85,0,50332439,0x03000317,wall,,00000791.pro,-1,,0
475,,132508,0,1007,17069,69,85,0,50332398,0x030002EE,wall,,00000750.pro,-1,,0
476,,132596,0,1008,17070,70,85,0,50332399,0x030002EF,wall,,00000751.pro,-1,,0
477,,132684,0,1009,17071,71,85,0,50332400,0x030002F0,wall,,00000752.pro,-1,,0
478,,132772,0,1010,17072,72,85,0,50332429,0x0300030D,wall,,00000781.pro,-1,,0
479,,132860,0,1011,17073,73,85,0,50332400,0x030002F0,wall,,00000752.pro,-1,,0
480,,132948,0,1012,17074,74,85,0,50332399,0x030002EF,wall,,00000751.pro,-1,,0
481,,133036,0,1013,17075,75,85,0,50332398,0x030002EE,wall,,00000750.pro,-1,,0
482,,133124,0,1014,17076,76,85,0,50332440,0x03000318,wall,,00000792.pro,-1,,0
483,,133212,0,1015,17077,77,85,0,50332269,0x0300026D,wall,,00000621.pro,-1,,0
484,,133300,0,1016,17078,78,85,0,33554584,0x02000098,scenery,door,00000153.pro,50331678,MetlDoor.int,0
485,,133392,0,1017,17079,79,85,0,50332269,0x0300026D,wall,,00000621.pro,-1,,0
486,,133480,0,1018,17080,80,85,0,50332439,0x03000317,wall,,00000791.pro,-1,,0
487,,133568,0,1019,17081,81,85,0,50332398,0x030002EE,wall,,00000750.pro,-1,,0
488,,133656,0,1020,17082,82,85,0,50332399,0x030002EF,wall,,00000751.pro,-1,,0
489,,133744,0,1021,17083,83,85,0,50332400,0x030002F0,wall,,00000752.pro,-1,,0
490,,133832,0,1022,17084,84,85,0,50332427,0x0300030B,wall,,00000779.pro,-1,,0
491,,133920,0,1024,17085,85,85,0,50332400,0x030002F0,wall,,00000752.pro,-1,,0
492,,134008,0,1025,17086,86,85,0,50332399,0x030002EF,wall,,00000751.pro,-1,,0
493,,134096,0,1026,17087,87,85,0,50332400,0x030002F0,wall,,00000752.pro,-1,,0
494,,134184,0,1027,17088,88,85,0,50332418,0x03000302,wall,,00000770.pro,-1,,0
495,,134272,0,1028,17089,89,85,0,50332400,0x030002F0,wall,,00000752.pro,-1,,0
496,,134360,0,1029,17090,90,85,0,50332399,0x030002EF,wall,,00000751.pro,-1,,0
497,,134448,0,1030,17091,91,85,0,50332400,0x030002F0,wall,,00000752.pro,-1,,0
498,,134536,0,1031,17092,92,85,0,50332397,0x030002ED,wall,,00000749.pro,-1,,0
499,,134624,0,1039,17128,128,85,0,50332407,0x030002F7,wall,,00000759.pro,-1,,0
500,,134712,0,1040,17129,129,85,0,50331879,0x030000E7,wall,,00000231.pro,-1,,0
501,,134800,0,1041,17134,134,85,0,83886092,0x0500000C,misc,,00000012.pro,-1,,0
502,,134888,0,1045,17235,35,86,0,83886092,0x0500000C,misc,,00000012.pro,-1,,0
503,,134976,0,1046,17236,36,86,0,83886092,0x0500000C,misc,,00000012.pro,-1,,0
504,,135064,0,1051,17252,52,86,0,50332270,0x0300026E,wall,,00000622.pro,-1,,0
505,,135152,0,1052,17254,54,86,0,50331877,0x030000E5,wall,,00000229.pro,-1,,0
506,,135240,0,1053,17256,56,86,0,50331875,0x030000E3,wall,,00000227.pro,-1,,0
507,,135328,0,1054,17258,58,86,0,50331873,0x030000E1,wall,,00000225.pro,-1,,0
508,,135416,0,1055,17260,60,86,0,50332270,0x0300026E,wall,,00000622.pro,-1,,0
509,,135504,0,1056,17261,61,86,0,50332270,0x0300026E,wall,,00000622.pro,-1,,0
510,,135592,0,1057,17263,63,86,0,50332270,0x0300026E,wall,,00000622.pro,-1,,0
511,,135680,0,1058,17265,65,86,0,50332270,0x0300026E,wall,,00000622.pro,-1,,0
512,,135768,0,1059,17267,67,86,0,50332270,0x0300026E,wall,,00000622.pro,-1,,0
513,,135856,0,1060,17269,69,86,0,50332270,0x0300026E,wall,,00000622.pro,-1,,0
514,,135944,0,1061,17271,71,86,0,50332270,0x0300026E,wall,,00000622.pro,-1,,0
515,,136032,0,1062,17271,71,86,0,33554616,0x020000B8,scenery,generic,00000185.pro,-1,,0
516,,136120,0,1063,17273,73,86,0,50332270,0x0300026E,wall,,00000622.pro,-1,,0
517,,136208,0,1064,17275,75,86,0,50332270,0x0300026E,wall,,00000622.pro,-1,,0
518,,136296,0,1065,17277,77,86,0,50332270,0x0300026E,wall,,00000622.pro,-1,,0
519,,136384,0,1066,17279,79,86,0,50332270,0x0300026E,wall,,00000622.pro,-1,,0
520,,136472,0,1067,17281,81,86,0,50332270,0x0300026E,wall,,00000622.pro,-1,,0
521,,136560,0,1068,17283,83,86,0,50332270,0x0300026E,wall,,00000622.pro,-1,,0
522,,136648,0,1069,17284,84,86,0,50332270,0x0300026E,wall,,00000622.pro,-1,,0
523,,136736,0,1072,17285,85,86,0,50332270,0x0300026E,wall,,00000622.pro,-1,,0
524,,136824,0,1073,17287,87,86,0,50332270,0x0300026E,wall,,00000622.pro,-1,,0
525,,136912,0,1074,17289,89,86,0,50332270,0x0300026E,wall,,00000622.pro,-1,,0
526,,137000,0,1075,17291,91,86,0,50332270,0x0300026E,wall,,00000622.pro,-1,,0
527,,137088,0,1084,17328,128,86,0,50332407,0x030002F7,wall,,00000759.pro,-1,,0
528,,137176,0,1085,17329,129,86,0,50331880,0x030000E8,wall,,00000232.pro,-1,,0
529,,137264,0,1086,17335,135,86,0,83886092,0x0500000C,misc,,00000012.pro,-1,,0
530,,137352,0,1090,17436,36,87,0,83886092,0x0500000C,misc,,00000012.pro,-1,,0
531,,137440,0,1095,17453,53,87,0,50331876,0x030000E4,wall,,00000228.pro,-1,,0
532,,137528,0,1096,17455,55,87,0,50331876,0x030000E4,wall,,00000228.pro,-1,,0
533,,137616,0,1097,17457,57,87,0,50331874,0x030000E2,wall,,00000226.pro,-1,,0
534,,137704,0,1098,17459,59,87,0,50331872,0x030000E0,wall,,00000224.pro,-1,,0
535,,137792,0,1099,17460,60,87,0,50332410,0x030002FA,wall,,00000762.pro,-1,,0
536,,137880,0,1100,17484,84,87,0,50332410,0x030002FA,wall,,00000762.pro,-1,,0
537,,137968,0,1112,17528,128,87,0,50332407,0x030002F7,wall,,00000759.pro,-1,,0
538,,138056,0,1113,17529,129,87,0,50331881,0x030000E9,wall,,00000233.pro,-1,,0
539,,138144,0,1114,17535,135,87,0,83886092,0x0500000C,misc,,00000012.pro,-1,,0
540,,138232,0,1115,17536,136,87,0,83886092,0x0500000C,misc,,00000012.pro,-1,,0
541,,138320,0,1120,17637,37,88,0,83886092,0x0500000C,misc,,00000012.pro,-1,,0
542,,138408,0,1125,17660,60,88,0,50332407,0x030002F7,wall,,00000759.pro,-1,,0
543,,138496,0,1126,17684,84,88,0,50332405,0x030002F5,wall,,00000757.pro,-1,,0
544,,138584,0,1131,17728,128,88,0,50332407,0x030002F7,wall,,00000759.pro,-1,,0
545,,138672,0,1132,17729,129,88,0,50331878,0x030000E6,wall,,00000230.pro,-1,,0
546,,138760,0,1133,17736,136,88,0,83886092,0x0500000C,misc,,00000012.pro,-1,,0
547,,138848,0,1137,17837,37,89,0,83886092,0x0500000C,misc,,00000012.pro,-1,,0
548,,138936,0,1138,17838,38,89,0,83886092,0x0500000C,misc,,00000012.pro,-1,,0
549,,139024,0,1140,17860,60,89,0,50332413,0x030002FD,wall,,00000765.pro,-1,,0
550,,139112,0,1141,17884,84,89,0,50332442,0x0300031A,wall,,00000794.pro,-1,,0
551,,139200,0,1158,17900,100,89,0,50332412,0x030002FC,wall,,00000764.pro,-1,,0
552,,139288,0,1160,17901,101,89,0,50332400,0x030002F0,wall,,00000752.pro,-1,,0
553,,139376,0,1162,17902,102,89,0,50332401,0x030002F1,wall,,00000753.pro,-1,,0
554,,139464,0,1164,17903,103,89,0,50332400,0x030002F0,wall,,00000752.pro,-1,,0
555,,139552,0,1166,17904,104,89,0,50332419,0x03000303,wall,,00000771.pro,-1,,0
556,,139640,0,1168,17905,105,89,0,50332400,0x030002F0,wall,,00000752.pro,-1,,0
557,,139728,0,1170,17906,106,89,0,50332401,0x030002F1,wall,,00000753.pro,-1,,0
558,,139816,0,1172,17907,107,89,0,50332400,0x030002F0,wall,,00000752.pro,-1,,0
559,,139904,0,1174,17908,108,89,0,50332420,0x03000304,wall,,00000772.pro,-1,,0
560,,139992,0,1176,17909,109,89,0,50332400,0x030002F0,wall,,00000752.pro,-1,,0
561,,140080,0,1178,17910,110,89,0,50332421,0x03000305,wall,,00000773.pro,-1,,0
562,,140168,0,1180,17911,111,89,0,50332400,0x030002F0,wall,,00000752.pro,-1,,0
563,,140256,0,1182,17912,112,89,0,50332401,0x030002F1,wall,,00000753.pro,-1,,0
564,,140344,0,1184,17913,113,89,0,50332400,0x030002F0,wall,,00000752.pro,-1,,0
565,,140432,0,1186,17914,114,89,0,50332422,0x03000306,wall,,00000774.pro,-1,,0
566,,140520,0,1188,17915,115,89,0,50332400,0x030002F0,wall,,00000752.pro,-1,,0
567,,140608,0,1190,17916,116,89,0,50332401,0x030002F1,wall,,00000753.pro,-1,,0
568,,140696,0,1192,17917,117,89,0,50332400,0x030002F0,wall,,00000752.pro,-1,,0
569,,140784,0,1194,17918,118,89,0,50332419,0x03000303,wall,,00000771.pro,-1,,0
570,,140872,0,1196,17919,119,89,0,50332400,0x030002F0,wall,,00000752.pro,-1,,0
571,,140960,0,1198,17920,120,89,0,50332411,0x030002FB,wall,,00000763.pro,-1,,0
572,,141048,0,1207,17928,128,89,0,50332407,0x030002F7,wall,,00000759.pro,-1,,0
573,,141136,0,1209,17929,129,89,0,50331879,0x030000E7,wall,,00000231.pro,-1,,0
574,,141224,0,1218,17937,137,89,0,83886092,0x0500000C,misc,,00000012.pro,-1,,0
575,,141312,0,1221,18038,38,90,0,83886092,0x0500000C,misc,,00000012.pro,-1,,0
576,,141400,0,1224,18060,60,90,0,50332407,0x030002F7,wall,,00000759.pro,-1,,0
577,,141488,0,1225,18084,84,90,0,50332270,0x0300026E,wall,,00000622.pro,-1,,0
578,,141576,0,1238,18100,100,90,0,50332269,0x0300026D,wall,,00000621.pro,-1,,0
579,,141664,0,1240,18101,101,90,0,50332270,0x0300026E,wall,,00000622.pro,-1,,0
580,,141752,0,1241,18103,103,90,0,50332270,0x0300026E,wall,,00000622.pro,-1,,0
581,,141840,0,1242,18103,103,90,0,33554599,0x020000A7,scenery,generic,00000168.pro,-1,,0
582,,141928,0,1244,18105,105,90,0,50332270,0x0300026E,wall,,00000622.pro,-1,,0
583,,142016,0,1246,18107,107,90,0,50332270,0x0300026E,wall,,00000622.pro,-1,,0
584,,142104,0,1249,18109,109,90,0,50332270,0x0300026E,wall,,00000622.pro,-1,,0
585,,142192,0,1251,18111,111,90,0,50332270,0x0300026E,wall,,00000622.pro,-1,,0
586,,142280,0,1253,18112,112,90,0,33554499,0x02000043,scenery,generic,00000068.pro,-1,,0
587,,142368,0,1254,18112,112,90,0,133,0x00000085,item,container,00000133.pro,50331696,BroLock.int,0
588,,142456,0,1255,18113,113,90,0,50332270,0x0300026E,wall,,00000622.pro,-1,,0
589,,142544,0,1258,18115,115,90,0,50332270,0x0300026E,wall,,00000622.pro,-1,,0
590,,142632,0,1260,18117,117,90,0,50332270,0x0300026E,wall,,00000622.pro,-1,,0
591,,142720,0,1262,18119,119,90,0,50332270,0x0300026E,wall,,00000622.pro,-1,,0
592,,142808,0,1264,18120,120,90,0,50332269,0x0300026D,wall,,00000621.pro,-1,,0
593,,142896,0,1270,18128,128,90,0,50332407,0x030002F7,wall,,00000759.pro,-1,,0
594,,142984,0,1271,18129,129,90,0,50331880,0x030000E8,wall,,00000232.pro,-1,,0
595,,143072,0,1276,18137,137,90,0,83886092,0x0500000C,misc,,00000012.pro,-1,,0
596,,143160,0,1278,18138,138,90,0,83886092,0x0500000C,misc,,00000012.pro,-1,,0
597,,143248,0,1281,18239,39,91,0,83886092,0x0500000C,misc,,00000012.pro,-1,,0
598,,143336,0,1283,18260,60,91,0,50332410,0x030002FA,wall,,00000762.pro,-1,,0
599,,143424,0,1284,18284,84,91,0,33554583,0x02000097,scenery,door,00000152.pro,50331677,MetlDoor.int,0
600,,143516,0,1289,18300,100,91,0,50332407,0x030002F7,wall,,00000759.pro,-1,,0
601,,143604,0,1291,18301,101,91,0,33554499,0x02000043,scenery,generic,00000068.pro,-1,,0
602,,143692,0,1293,18302,102,91,0,33554590,0x0200009E,scenery,generic,00000159.pro,-1,,0
603,,143780,0,1295,18303,103,91,0,33554499,0x02000043,scenery,generic,00000068.pro,-1,,0
604,,143868,0,1298,18305,105,91,0,33554499,0x02000043,scenery,generic,00000068.pro,-1,,0
605,,143956,0,1299,18306,106,91,0,33554590,0x0200009E,scenery,generic,00000159.pro,-1,,0
606,,144044,0,1300,18307,107,91,0,33554499,0x02000043,scenery,generic,00000068.pro,-1,,0
607,,144132,0,1303,18315,115,91,0,33554622,0x020000BE,scenery,generic,00000191.pro,-1,,0
608,,144220,0,1305,18316,116,91,0,33554499,0x02000043,scenery,generic,00000068.pro,-1,,0
609,,144308,0,1308,18318,118,91,0,33554499,0x02000043,scenery,generic,00000068.pro,-1,,0
610,,144396,0,1309,18319,119,91,0,33554499,0x02000043,scenery,generic,00000068.pro,-1,,0
611,,144484,0,1310,18320,120,91,0,50332410,0x030002FA,wall,,00000762.pro,-1,,0
612,,144572,0,1313,18328,128,91,0,50332407,0x030002F7,wall,,00000759.pro,-1,,0
613,,144660,0,1314,18329,129,91,0,50331881,0x030000E9,wall,,00000233.pro,-1,,0
614,,144748,0,1319,18338,138,91,0,83886092,0x0500000C,misc,,00000012.pro,-1,,0
615,,144836,0,1321,18439,39,92,0,83886092,0x0500000C,misc,,00000012.pro,-1,,0
616,,144924,0,1322,18440,40,92,0,83886092,0x0500000C,misc,,00000012.pro,-1,,0
617,,145012,0,1324,18460,60,92,0,50332407,0x030002F7,wall,,00000759.pro,-1,,0
618,,145100,0,1325,18484,84,92,0,50332270,0x0300026E,wall,,00000622.pro,-1,,0
619,,145188,0,1329,18500,100,92,0,50332413,0x030002FD,wall,,00000765.pro,-1,,0
620,,145276,0,1330,18500,100,92,0,33554997,0x02000235,scenery,generic,00000566.pro,-1,,0
621,,145364,0,1334,18515,115,92,0,33554499,0x02000043,scenery,generic,00000068.pro,-1,,0
622,,145452,0,1336,18517,117,92,0,33554499,0x02000043,scenery,generic,00000068.pro,-1,,0
623,,145540,0,1338,18519,119,92,0,33554499,0x02000043,scenery,generic,00000068.pro,-1,,0
624,,145628,0,1339,18520,120,92,0,50332407,0x030002F7,wall,,00000759.pro,-1,,0
625,,145716,0,1344,18528,128,92,0,50332407,0x030002F7,wall,,00000759.pro,-1,,0
626,,145804,0,1345,18529,129,92,0,50331878,0x030000E6,wall,,00000230.pro,-1,,0
627,,145892,0,1351,18539,139,92,0,83886092,0x0500000C,misc,,00000012.pro,-1,,0
628,,145980,0,1353,18640,40,93,0,83886092,0x0500000C,misc,,00000012.pro,-1,,0
629,,146068,0,1356,18660,60,93,0,50332415,0x030002FF,wall,,00000767.pro,-1,,0
630,,146156,0,1357,18684,84,93,0,50332441,0x03000319,wall,,00000793.pro,-1,,0
631,,146244,0,1360,18700,100,93,0,50332407,0x030002F7,wall,,00000759.pro,-1,,0
632,,146332,0,1363,18710,110,93,0,50332270,0x0300026E,wall,,00000622.pro,-1,,0
633,,146420,0,1365,18716,116,93,0,33554499,0x02000043,scenery,generic,00000068.pro,-1,,0
634,,146508,0,1366,18718,118,93,0,33554499,0x02000043,scenery,generic,00000068.pro,-1,,0
635,,146596,0,1367,18720,120,93,0,50332417,0x03000301,wall,,00000769.pro,-1,,0
636,,146684,0,1370,18728,128,93,0,50332407,0x030002F7,wall,,00000759.pro,-1,,0
637,,146772,0,1371,18729,129,93,0,50331879,0x030000E7,wall,,00000231.pro,-1,,0
638,,146860,0,1375,18739,139,93,0,83886092,0x0500000C,misc,,00000012.pro,-1,,0
639,,146948,0,1376,18740,140,93,0,83886092,0x0500000C,misc,,00000012.pro,-1,,0
640,,147036,0,1379,18841,41,94,0,83886092,0x0500000C,misc,,00000012.pro,-1,,0
641,,147124,0,1381,18860,60,94,0,50332407,0x030002F7,wall,,00000759.pro,-1,,0
642,,147212,0,1382,18884,84,94,0,50332405,0x030002F5,wall,,00000757.pro,-1,,0
643,,147300,0,1385,18900,100,94,0,50332415,0x030002FF,wall,,00000767.pro,-1,,0
644,,147388,0,1387,18901,101,94,0,33554499,0x02000043,scenery,generic,00000068.pro,-1,,0
645,,147476,0,1391,18910,110,94,0,50332435,0x03000313,wall,,00000787.pro,-1,,0
646,,147564,0,1393,18915,115,94,0,33554622,0x020000BE,scenery,generic,00000191.pro,-1,,0
647,,147652,0,1394,18916,116,94,0,33554499,0x02000043,scenery,generic,00000068.pro,-1,,0
648,,147740,0,1395,18917,117,94,0,33554499,0x02000043,scenery,generic,00000068.pro,-1,,0
649,,147828,0,1396,18918,118,94,0,33554499,0x02000043,scenery,generic,00000068.pro,-1,,0
650,,147916,0,1398,18919,119,94,0,33554499,0x02000043,scenery,generic,00000068.pro,-1,,0
651,,148004,0,1399,18920,120,94,0,50332407,0x030002F7,wall,,00000759.pro,-1,,0
652,,148092,0,1402,18928,128,94,0,50332407,0x030002F7,wall,,00000759.pro,-1,,0
653,,148180,0,1403,18929,129,94,0,50331880,0x030000E8,wall,,00000232.pro,-1,,0
654,,148268,0,1406,18940,140,94,0,83886092,0x0500000C,misc,,00000012.pro,-1,,0
655,,148356,0,1408,19041,41,95,0,83886092,0x0500000C,misc,,00000012.pro,-1,,0
656,,148444,0,1409,19042,42,95,0,83886092,0x0500000C,misc,,00000012.pro,-1,,0
657,,148532,0,1411,19060,60,95,0,50332410,0x030002FA,wall,,00000762.pro,-1,,0
658,,148620,0,1412,19084,84,95,0,50332410,0x030002FA,wall,,00000762.pro,-1,,0
659,,148708,0,1415,19100,100,95,0,50332407,0x030002F7,wall,,00000759.pro,-1,,0
660,,148796,0,1417,19101,101,95,0,33554593,0x020000A1,scenery,generic,00000162.pro,-1,,0
661,,148884,0,1418,19104,104,95,2,16777504,0x01000120,critter,,00000288.pro,67108878,Sophia.int,2
661/inventory/0,1,149016,0,1007,-1,,,0,18,0x00000012,item,weapon,00000018.pro,-1,,0
661/inventory/1,1,149116,0,1009,-1,,,0,31,0x0000001F,item,ammo,00000031.pro,-1,,0
662,,149208,0,1419,19106,106,95,2,16777365,0x01000095,critter,,00000149.pro,67108867,Vree.int,3
662/inventory/0,1,149340,0,1001,-1,,,0,18,0x00000012,item,weapon,00000018.pro,-1,,0
662/inventory/1,1,149440,0,1003,-1,,,0,31,0x0000001F,item,ammo,00000031.pro,-1,,0
662/inventory/2,1,149536,0,528,-1,,,0,194,0x000000C2,item,misc,00000194.pro,50331715,VreeDisk.int,0
663,,149628,0,1421,19110,110,95,0,50332414,0x030002FE,wall,,00000766.pro,-1,,0
664,,149716,0,1423,19115,115,95,0,33554499,0x02000043,scenery,generic,00000068.pro,-1,,0
665,,149804,0,1424,19117,117,95,0,33554499,0x02000043,scenery,generic,00000068.pro,-1,,0
666,,149892,0,1426,19119,119,95,0,33554499,0x02000043,scenery,generic,00000068.pro,-1,,0
667,,149980,0,1427,19120,120,95,0,50332410,0x030002FA,wall,,00000762.pro,-1,,0
668,,150068,0,1429,19128,128,95,0,50332407,0x030002F7,wall,,00000759.pro,-1,,0
669,,150156,0,1430,19129,129,95,0,50331881,0x030000E9,wall,,00000233.pro,-1,,0
670,,150244,0,1433,19141,141,95,0,83886092,0x0500000C,misc,,00000012.pro,-1,,0
671,,150332,0,1435,19242,42,96,0,83886092,0x0500000C,misc,,00000012.pro,-1,,0
672,,150420,0,1438,19260,60,96,0,50332407,0x030002F7,wall,,00000759.pro,-1,,0
673,,150508,0,1439,19284,84,96,0,50332407,0x030002F7,wall,,00000759.pro,-1,,0
674,,150596,0,1449,19300,100,96,0,50332417,0x03000301,wall,,00000769.pro,-1,,0
675,,150684,0,1453,19301,101,96,0,33554593,0x020000A1,scenery,generic,00000162.pro,-1,,0
676,,150772,0,1455,19310,110,96,0,50332407,0x030002F7,wall,,00000759.pro,-1,,0
677,,150860,0,1460,19320,120,96,0,50332415,0x030002FF,wall,,00000767.pro,-1,,0
678,,150948,0,1462,19328,128,96,0,50332407,0x030002F7,wall,,00000759.pro,-1,,0
679,,151036,0,1463,19329,129,96,0,50331878,0x030000E6,wall,,00000230.pro,-1,,0
680,,151124,0,1466,19341,141,96,0,83886092,0x0500000C,misc,,00000012.pro,-1,,0
681,,151212,0,1467,19342,142,96,0,83886092,0x0500000C,misc,,00000012.pro,-1,,0
682,,151300,0,1470,19443,43,97,0,83886092,0x0500000C,misc,,00000012.pro,-1,,0
683,,151388,0,1472,19452,52,97,0,50332412,0x030002FC,wall,,00000764.pro,-1,,0
684,,151476,0,1473,19453,53,97,0,50332400,0x030002F0,wall,,00000752.pro,-1,,0
685,,151564,0,1474,19454,54,97,0,50332423,0x03000307,wall,,00000775.pro,-1,,0
686,,151652,0,1475,19455,55,97,0,50332400,0x030002F0,wall,,00000752.pro,-1,,0
687,,151740,0,1476,19456,56,97,0,50332422,0x03000306,wall,,00000774.pro,-1,,0
688,,151828,0,1477,19457,57,97,0,50332400,0x030002F0,wall,,00000752.pro,-1,,0
689,,151916,0,1478,19458,58,97,0,50332401,0x030002F1,wall,,00000753.pro,-1,,0
690,,152004,0,1479,19459,59,97,0,50332400,0x030002F0,wall,,00000752.pro,-1,,0
691,,152092,0,1480,19460,60,97,0,50332427,0x0300030B,wall,,00000779.pro,-1,,0
692,,152180,0,1481,19461,61,97,0,50332400,0x030002F0,wall,,00000752.pro,-1,,0
693,,152268,0,1482,19462,62,97,0,50332421,0x03000305,wall,,00000773.pro,-1,,0
694,,152356,0,1483,19463,63,97,0,50332398,0x030002EE,wall,,00000750.pro,-1,,0
695,,152444,0,1484,19464,64,97,0,50332440,0x03000318,wall,,00000792.pro,-1,,0
696,,152532,0,1485,19465,65,97,0,50332269,0x0300026D,wall,,00000621.pro,-1,,0
697,,152620,0,1486,19466,66,97,0,33554584,0x02000098,scenery,door,00000153.pro,50331681,MetlDoor.int,0
698,,152712,0,1487,19467,67,97,0,50332269,0x0300026D,wall,,00000621.pro,-1,,0
699,,152800,0,1488,19468,68,97,0,50332439,0x03000317,wall,,00000791.pro,-1,,0
700,,152888,0,1489,19469,69,97,0,50332398,0x030002EE,wall,,00000750.pro,-1,,0
701,,152976,0,1490,19470,70,97,0,50332419,0x03000303,wall,,00000771.pro,-1,,0
702,,153064,0,1491,19471,71,97,0,50332400,0x030002F0,wall,,00000752.pro,-1,,0
703,,153152,0,1492,19472,72,97,0,50332425,0x03000309,wall,,00000777.pro,-1,,0
704,,153240,0,1493,19473,73,97,0,50332400,0x030002F0,wall,,00000752.pro,-1,,0
705,,153328,0,1494,19474,74,97,0,50332423,0x03000307,wall,,00000775.pro,-1,,0
706,,153416,0,1495,19475,75,97,0,50332398,0x030002EE,wall,,00000750.pro,-1,,0
707,,153504,0,1496,19476,76,97,0,50332440,0x03000318,wall,,00000792.pro,-1,,0
708,,153592,0,1497,19477,77,97,0,50332269,0x0300026D,wall,,00000621.pro,-1,,0
709,,153680,0,1498,19478,78,97,0,33554584,0x02000098,scenery,door,00000153.pro,50331679,MetlDoor.int,0
710,,153772,0,1499,19479,79,97,0,50332269,0x0300026D,wall,,00000621.pro,-1,,0
711,,153860,0,1500,19480,80,97,0,50332439,0x03000317,wall,,00000791.pro,-1,,0
712,,153948,0,1501,19481,81,97,0,50332398,0x030002EE,wall,,00000750.pro,-1,,0
713,,154036,0,1502,19482,82,97,0,50332422,0x03000306,wall,,00000774.pro,-1,,0
714,,154124,0,1503,19483,83,97,0,50332400,0x030002F0,wall,,00000752.pro,-1,,0
715,,154212,0,1504,19484,84,97,0,50332427,0x0300030B,wall,,00000779.pro,-1,,0
716,,154300,0,1506,19485,85,97,0,50332400,0x030002F0,wall,,00000752.pro,-1,,0
717,,154388,0,1508,19486,86,97,0,50332401,0x030002F1,wall,,00000753.pro,-1,,0
718,,154476,0,1509,19487,87,97,0,50332400,0x030002F0,wall,,00000752.pro,-1,,0
719,,154564,0,1510,19488,88,97,0,50332420,0x03000304,wall,,00000772.pro,-1,,0
720,,154652,0,1512,19489,89,97,0,50332400,0x030002F0,wall,,00000752.pro,-1,,0
721,,154740,0,1513,19490,90,97,0,50332401,0x030002F1,wall,,00000753.pro,-1,,0
722,,154828,0,1514,19491,91,97,0,50332400,0x030002F0,wall,,00000752.pro,-1,,0
723,,154916,0,1515,19492,92,97,0,50332411,0x030002FB,wall,,00000763.pro,-1,,0
724,,155004,0,1517,19500,100,97,0,50332407,0x030002F7,wall,,00000759.pro,-1,,0
725,,155092,0,1519,19501,101,97,0,33554593,0x020000A1,scenery,generic,00000162.pro,-1,,0
726,,155180,0,1521,19510,110,97,0,50332404,0x030002F4,wall,,00000756.pro,-1,,0
727,,155268,0,1522,19511,111,97,0,50332400,0x030002F0,wall,,00000752.pro,-1,,0
728,,155356,0,1523,19512,112,97,0,50332418,0x03000302,wall,,00000770.pro,-1,,0
729,,155444,0,1524,19513,113,97,0,50332400,0x030002F0,wall,,00000752.pro,-1,,0
730,,155532,0,1525,19514,114,97,0,50332401,0x030002F1,wall,,00000753.pro,-1,,0
731,,155620,0,1527,19515,115,97,0,50332400,0x030002F0,wall,,00000752.pro,-1,,0
732,,155708,0,1528,19516,116,97,0,50332423,0x03000307,wall,,00000775.pro,-1,,0
733,,155796,0,1529,19517,117,97,0,50332400,0x030002F0,wall,,00000752.pro,-1,,0
734,,155884,0,1531,19518,118,97,0,50332401,0x030002F1,wall,,00000753.pro,-1,,0
735,,155972,0,1533,19519,119,97,0,50332400,0x030002F0,wall,,00000752.pro,-1,,0
736,,156060,0,1535,19520,120,97,0,50332426,0x0300030A,wall,,00000778.pro,-1,,0
737,,156148,0,1538,19528,128,97,0,50332407,0x030002F7,wall,,00000759.pro,-1,,0
738,,156236,0,1539,19529,129,97,0,50331879,0x030000E7,wall,,00000231.pro,-1,,0
739,,156324,0,1542,19542,142,97,0,83886092,0x0500000C,misc,,00000012.pro,-1,,0
740,,156412,0,1544,19643,43,98,0,83886092,0x0500000C,misc,,00000012.pro,-1,,0
741,,156500,0,1545,19644,44,98,0,83886092,0x0500000C,misc,,00000012.pro,-1,,0
742,,156588,0,1547,19652,52,98,0,50332270,0x0300026E,wall,,00000622.pro,-1,,0
743,,156676,0,1548,19653,53,98,0,50332270,0x0300026E,wall,,00000622.pro,-1,,0
744,,156764,0,1549,19655,55,98,0,50332270,0x0300026E,wall,,00000622.pro,-1,,0
745,,156852,0,1550,19655,55,98,0,33555046,0x02000266,scenery,generic,00000615.pro,-1,,0
746,,156940,0,1551,19655,55,98,0,33555051,0x0200026B,scenery,generic,00000620.pro,50331669,Sink.int,0
747,,157028,0,1552,19656,56,98,5,16777499,0x0100011B,critter,,00000283.pro,67108870,Rd1Scrb1.int,2
747/inventory/0,1,157160,0,1068,-1,,,0,18,0x00000012,item,weapon,00000018.pro,-1,,0
747/inventory/1,1,157260,0,1070,-1,,,0,31,0x0000001F,item,ammo,00000031.pro,-1,,0
748,,157352,0,1554,19657,57,98,0,50332270,0x0300026E,wall,,00000622.pro,-1,,0
749,,157440,0,1555,19657,57,98,0,33555046,0x02000266,scenery,generic,00000615.pro,-1,,0
750,,157528,0,1556,19657,57,98,0,33555051,0x0200026B,scenery,generic,00000620.pro,50331668,Sink.int,0
751,,157616,0,1557,19659,59,98,0,50332270,0x0300026E,wall,,00000622.pro,-1,,0
752,,157704,0,1558,19660,60,98,0,50332269,0x0300026D,wall,,00000621.pro,-1,,0
753,,157792,0,1559,19661,61,98,0,50332270,0x0300026E,wall,,00000622.pro,-1,,0
754,,157880,0,1560,19663,63,98,0,50332270,0x0300026E,wall,,00000622.pro,-1,,0
755,,157968,0,1561,19665,65,98,0,50332270,0x0300026E,wall,,00000622.pro,-1,,0
756,,158056,0,1562,19667,67,98,0,50332270,0x0300026E,wall,,00000622.pro,-1,,0
757,,158144,0,1563,19669,69,98,0,50332270,0x0300026E,wall,,00000622.pro,-1,,0
758,,158232,0,1564,19671,71,98,0,50332270,0x0300026E,wall,,00000622.pro,-1,,0
759,,158320,0,1565,19672,72,98,0,50332269,0x0300026D,wall,,00000621.pro,-1,,0
760,,158408,0,1566,19673,73,98,0,50332270,0x0300026E,wall,,00000622.pro,-1,,0
761,,158496,0,1567,19675,75,98,0,50332270,0x0300026E,wall,,00000622.pro,-1,,0
762,,158584,0,1568,19677,77,98,0,50332270,0x0300026E,wall,,00000622.pro,-1,,0
763,,158672,0,1569,19679,79,98,0,50332270,0x0300026E,wall,,00000622.pro,-1,,0
764,,158760,0,1570,19681,81,98,0,50332270,0x0300026E,wall,,00000622.pro,-1,,0
765,,158848,0,1571,19683,83,98,0,50332270,0x0300026E,wall,,00000622.pro,-1,,0
766,,158936,0,1572,19684,84,98,0,50332269,0x0300026D,wall,,00000621.pro,-1,,0
767,,159024,0,1574,19685,85,98,0,50332270,0x0300026E,wall,,00000622.pro,-1,,0
768,,159112,0,1576,19687,87,98,0,50332270,0x0300026E,wall,,00000622.pro,-1,,0
769,,159200,0,1577,19687,87,98,0,33555046,0x02000266,scenery,generic,00000615.pro,-1,,0
770,,159288,0,1578,19687,87,98,0,33555051,0x0200026B,scenery,generic,00000620.pro,50331667,Sink.int,0
771,,159376,0,1580,19689,89,98,0,50332270,0x0300026E,wall,,00000622.pro,-1,,0
772,,159464,0,1581,19689,89,98,0,33555046,0x02000266,scenery,generic,00000615.pro,-1,,0
773,,159552,0,1582,19689,89,98,0,33555051,0x0200026B,scenery,generic,00000620.pro,50331666,Sink.int,0
774,,159640,0,1583,19691,91,98,0,50332270,0x0300026E,wall,,00000622.pro,-1,,0
775,,159728,0,1584,19692,92,98,0,50332270,0x0300026E,wall,,00000622.pro,-1,,0
776,,159816,0,1586,19700,100,98,0,50332414,0x030002FE,wall,,00000766.pro,-1,,0
777,,159904,0,1588,19701,101,98,0,33554499,0x02000043,scenery,generic,00000068.pro,-1,,0
778,,159992,0,1591,19711,111,98,0,33554592,0x020000A0,scenery,generic,00000161.pro,-1,,0
779,,160080,0,1592,19713,113,98,0,33554594,0x020000A2,scenery,generic,00000163.pro,-1,,0
780,,160168,0,1594,19715,115,98,0,33554594,0x020000A2,scenery,generic,00000163.pro,-1,,0
781,,160256,0,1595,19717,117,98,0,50332270,0x0300026E,wall,,00000622.pro,-1,,0
782,,160344,0,1598,19719,119,98,0,50332270,0x0300026E,wall,,00000622.pro,-1,,0
783,,160432,0,1600,19720,120,98,0,50332414,0x030002FE,wall,,00000766.pro,-1,,0
784,,160520,0,1602,19728,128,98,0,50332407,0x030002F7,wall,,00000759.pro,-1,,0
785,,160608,0,1603,19729,129,98,0,50331880,0x030000E8,wall,,00000232.pro,-1,,0
786,,160696,0,1606,19743,143,98,0,83886092,0x0500000C,misc,,00000012.pro,-1,,0
787,,160784,0,1608,19844,44,99,0,83886092,0x0500000C,misc,,00000012.pro,-1,,0
788,,160872,0,1611,19852,52,99,0,50332417,0x03000301,wall,,00000769.pro,-1,,0
789,,160960,0,1612,19852,52,99,0,33555327,0x0200037F,scenery,generic,00000896.pro,-1,,0
790,,161048,0,1613,19860,60,99,0,50332416,0x03000300,wall,,00000768.pro,-1,,0
791,,161136,0,1614,19862,62,99,0,33555037,0x0200025D,scenery,generic,00000606.pro,-1,,0
792,,161224,0,1615,19863,63,99,0,33554499,0x02000043,scenery,generic,00000068.pro,-1,,0
793,,161312,0,1616,19869,69,99,0,33554499,0x02000043,scenery,generic,00000068.pro,-1,,0
794,,161400,0,1617,19870,70,99,0,33554590,0x0200009E,scenery,generic,00000159.pro,-1,,0
795,,161488,0,1618,19872,72,99,0,50332407,0x030002F7,wall,,00000759.pro,-1,,0
796,,161576,0,1619,19874,74,99,0,33554590,0x0200009E,scenery,generic,00000159.pro,-1,,0
797,,161664,0,1620,19875,75,99,0,33554499,0x02000043,scenery,generic,00000068.pro,-1,,0
798,,161752,0,1621,19884,84,99,0,50332413,0x030002FD,wall,,00000765.pro,-1,,0
799,,161840,0,1622,19884,84,99,0,33555327,0x0200037F,scenery,generic,00000896.pro,-1,,0
800,,161928,0,1626,19892,92,99,0,50332410,0x030002FA,wall,,00000762.pro,-1,,0
801,,162016,0,1628,19900,100,99,0,50332407,0x030002F7,wall,,00000759.pro,-1,,0
802,,162104,0,1630,19901,101,99,0,33554595,0x020000A3,scenery,generic,00000164.pro,-1,,0
803,,162192,0,1631,19904,104,99,0,33554499,0x02000043,scenery,generic,00000068.pro,-1,,0
804,,162280,0,1635,19920,120,99,0,50332410,0x030002FA,wall,,00000762.pro,-1,,0
805,,162368,0,1637,19928,128,99,0,50332407,0x030002F7,wall,,00000759.pro,-1,,0
806,,162456,0,1638,19929,129,99,0,50331881,0x030000E9,wall,,00000233.pro,-1,,0
807,,162544,0,1641,19943,143,99,0,83886092,0x0500000C,misc,,00000012.pro,-1,,0
808,,162632,0,1642,19944,144,99,0,83886092,0x0500000C,misc,,00000012.pro,-1,,0
809,,162720,0,1645,20045,45,100,0,83886092,0x0500000C,misc,,00000012.pro,-1,,0
810,,162808,0,1647,20052,52,100,0,50332407,0x030002F7,wall,,00000759.pro,-1,,0
811,,162896,0,1648,20060,60,100,0,50332417,0x03000301,wall,,00000769.pro,-1,,0
812,,162984,0,1649,20061,61,100,0,33554499,0x02000043,scenery,generic,00000068.pro,-1,,0
813,,163072,0,1650,20062,62,100,0,33555106,0x020002A2,scenery,generic,00000675.pro,-1,,0
814,,163160,0,1651,20063,63,100,0,33554499,0x02000043,scenery,generic,00000068.pro,-1,,0
815,,163248,0,1652,20071,71,100,0,33554499,0x02000043,scenery,generic,00000068.pro,-1,,0
816,,163336,0,1653,20072,72,100,0,50332416,0x03000300,wall,,00000768.pro,-1,,0
817,,163424,0,1654,20073,73,100,0,33554499,0x02000043,scenery,generic,00000068.pro,-1,,0
818,,163512,0,1655,20078,78,100,0,33555100,0x0200029C,scenery,generic,00000669.pro,-1,,0
819,,163600,0,1656,20084,84,100,0,50332415,0x030002FF,wall,,00000767.pro,-1,,0
820,,163688,0,1661,20092,92,100,0,50332413,0x030002FD,wall,,00000765.pro,-1,,0
821,,163776,0,1663,20100,100,100,0,50332407,0x030002F7,wall,,00000759.pro,-1,,0
822,,163864,0,1665,20101,101,100,0,33554499,0x02000043,scenery,generic,00000068.pro,-1,,0
823,,163952,0,1666,20102,102,100,0,33554499,0x02000043,scenery,generic,00000068.pro,-1,,0
824,,164040,0,1667,20103,103,100,0,33554499,0x02000043,scenery,generic,00000068.pro,-1,,0
825,,164128,0,1668,20104,104,100,0,33554614,0x020000B6,scenery,generic,00000183.pro,50331648,term1.int,0
826,,164216,0,1669,20108,108,100,0,33554499,0x02000043,scenery,generic,00000068.pro,-1,,0
827,,164304,0,1671,20109,109,100,0,33554499,0x02000043,scenery,generic,00000068.pro,-1,,0
828,,164392,0,1672,20110,110,100,0,33554499,0x02000043,scenery,generic,00000068.pro,-1,,0
829,,164480,0,1673,20112,112,100,0,33554499,0x02000043,scenery,generic,00000068.pro,-1,,0
830,,164568,0,1674,20113,113,100,0,33554499,0x02000043,scenery,generic,00000068.pro,-1,,0
831,,164656,0,1675,20114,114,100,0,33554499,0x02000043,scenery,generic,00000068.pro,-1,,0
832,,164744,0,1677,20115,115,100,0,33554499,0x02000043,scenery,generic,00000068.pro,-1,,0
833,,164832,0,1678,20116,116,100,0,33554499,0x02000043,scenery,generic,00000068.pro,-1,,0
834,,164920,0,1679,20120,120,100,0,50332407,0x030002F7,wall,,00000759.pro,-1,,0
835,,165008,0,1681,20128,128,100,0,50332407,0x030002F7,wall,,00000759.pro,-1,,0
836,,165096,0,1682,20129,129,100,0,50331878,0x030000E6,wall,,00000230.pro,-1,,0
837,,165184,0,1685,20144,144,100,0,83886092,0x0500000C,misc,,00000012.pro,-1,,0
838,,165272,0,1687,20245,45,101,0,83886092,0x0500000C,misc,,00000012.pro,-1,,0
839,,165360,0,1688,20246,46,101,0,83886092,0x0500000C,misc,,00000012.pro,-1,,0
840,,165448,0,1690,20252,52,101,0,50332414,0x030002FE,wall,,00000766.pro,-1,,0
841,,165536,0,1691,20253,53,101,0,33555048,0x02000268,scenery,generic,00000617.pro,-1,,0
842,,165624,0,1692,20260,60,101,0,50332437,0x03000315,wall,,00000789.pro,-1,,0
843,,165712,0,1693,20263,63,101,1,16777499,0x0100011B,critter,,00000283.pro,67108875,Rd1Scrb1.int,2
843/inventory/0,1,165844,0,1058,-1,,,0,18,0x00000012,item,weapon,00000018.pro,-1,,0
843/inventory/1,1,165944,0,1060,-1,,,0,31,0x0000001F,item,ammo,00000031.pro,-1,,0
844,,166036,0,1694,20272,72,101,0,50332407,0x030002F7,wall,,00000759.pro,-1,,0
845,,166124,0,1695,20278,78,101,0,33554499,0x02000043,scenery,generic,00000068.pro,-1,,0
846,,166212,0,1696,20279,79,101,1,16777504,0x01000120,critter,,00000288.pro,67108874,Rd1Scrb1.int,2
846/inventory/0,1,166344,0,1039,-1,,,0,18,0x00000012,item,weapon,00000018.pro,-1,,0
846/inventory/1,1,166444,0,1041,-1,,,0,31,0x0000001F,item,ammo,00000031.pro,-1,,0
847,,166536,0,1697,20284,84,101,0,50332437,0x03000315,wall,,00000789.pro,-1,,0
848,,166624,0,1701,20292,92,101,0,50332407,0x030002F7,wall,,00000759.pro,-1,,0
849,,166712,0,1704,20300,100,101,0,50332416,0x03000300,wall,,00000768.pro,-1,,0
850,,166800,0,1706,20301,101,101,0,33554595,0x020000A3,scenery,generic,00000164.pro,-1,,0
851,,166888,0,1708,20302,102,101,0,33554499,0x02000043,scenery,generic,00000068.pro,-1,,0
852,,166976,0,1710,20303,103,101,0,33554499,0x02000043,scenery,generic,00000068.pro,-1,,0
853,,167064,0,1712,20304,104,101,0,33554499,0x02000043,scenery,generic,00000068.pro,-1,,0
854,,167152,0,1717,20308,108,101,0,33554499,0x02000043,scenery,generic,00000068.pro,-1,,0
855,,167240,0,1719,20309,109,101,0,33554615,0x020000B7,scenery,generic,00000184.pro,50331649,term2.int,0
856,,167328,0,1720,20310,110,101,0,33554499,0x02000043,scenery,generic,00000068.pro,-1,,0
857,,167416,0,1721,20312,112,101,0,33554499,0x02000043,scenery,generic,00000068.pro,-1,,0
858,,167504,0,1722,20313,113,101,0,33554615,0x020000B7,scenery,generic,00000184.pro,50331650,term3.int,0
859,,167592,0,1723,20314,114,101,0,33554499,0x02000043,scenery,generic,00000068.pro,-1,,0
860,,167680,0,1725,20315,115,101,0,33554615,0x020000B7,scenery,generic,00000184.pro,50331651,term4.int,0
861,,167768,0,1727,20316,116,101,0,33554499,0x02000043,scenery,generic,00000068.pro,-1,,0
862,,167856,0,1732,20320,120,101,0,50332416,0x03000300,wall,,00000768.pro,-1,,0
863,,167944,0,1736,20328,128,101,0,50332407,0x030002F7,wall,,00000759.pro,-1,,0
864,,168032,0,1737,20329,129,101,0,50331879,0x030000E7,wall,,00000231.pro,-1,,0
865,,168120,0,1740,20338,138,101,0,33554613,0x020000B5,scenery,generic,00000182.pro,-1,,0
866,,168208,0,1742,20339,139,101,0,50332270,0x0300026E,wall,,00000622.pro,-1,,0
867,,168296,0,1744,20340,140,101,0,50332270,0x0300026E,wall,,00000622.pro,-1,,0
868,,168384,0,1746,20341,141,101,0,50332270,0x0300026E,wall,,00000622.pro,-1,,0
869,,168472,0,1748,20342,142,101,0,50332270,0x0300026E,wall,,00000622.pro,-1,,0
870,,168560,0,1750,20343,143,101,0,50332270,0x0300026E,wall,,00000622.pro,-1,,0
871,,168648,0,1752,20345,145,101,0,83886092,0x0500000C,misc,,00000012.pro,-1,,0
872,,168736,0,1754,20446,46,102,0,83886092,0x0500000C,misc,,00000012.pro,-1,,0
873,,168824,0,1756,20452,52,102,0,50332407,0x030002F7,wall,,00000759.pro,-1,,0
874,,168912,0,1758,20472,72,102,0,50332415,0x030002FF,wall,,00000767.pro,-1,,0
875,,169000,0,1759,20473,73,102,0,33554499,0x02000043,scenery,generic,00000068.pro,-1,,0
876,,169088,0,1760,20473,73,102,0,131,0x00000083,item,container,00000131.pro,50331660,Locker.int,2
876/inventory/0,1,169180,0,1761,-1,,,0,25,0x00000019,item,weapon,00000025.pro,-1,,0
876/inventory/1,1,169280,0,1762,-1,,,0,144,0x00000090,item,drug,00000144.pro,-1,,0
877,,169368,0,1763,20474,74,102,5,16777504,0x01000120,critter,,00000288.pro,67108869,Rd1Scrb1.int,2
877/inventory/0,1,169500,0,1052,-1,,,0,18,0x00000012,item,weapon,00000018.pro,-1,,0
877/inventory/1,1,169600,0,1054,-1,,,0,31,0x0000001F,item,ammo,00000031.pro,-1,,0
878,,169692,0,1765,20477,77,102,0,33554499,0x02000043,scenery,generic,00000068.pro,-1,,0
879,,169780,0,1766,20479,79,102,0,33554499,0x02000043,scenery,generic,00000068.pro,-1,,0
880,,169868,0,1770,20492,92,102,0,50332414,0x030002FE,wall,,00000766.pro,-1,,0
881,,169956,0,1772,20500,100,102,0,50332407,0x030002F7,wall,,00000759.pro,-1,,0
882,,170044,0,1783,20520,120,102,0,50332407,0x030002F7,wall,,00000759.pro,-1,,0
883,,170132,0,1786,20528,128,102,0,50332407,0x030002F7,wall,,00000759.pro,-1,,0
884,,170220,0,1787,20529,129,102,0,50331880,0x030000E8,wall,,00000232.pro,-1,,0
885,,170308,0,1790,20538,138,102,0,50332270,0x0300026E,wall,,00000622.pro,-1,,0
886,,170396,0,1792,20543,143,102,0,50332270,0x0300026E,wall,,00000622.pro,-1,,0
887,,170484,0,1794,20545,145,102,0,83886092,0x0500000C,misc,,00000012.pro,-1,,0
888,,170572,0,1795,20546,146,102,0,83886092,0x0500000C,misc,,00000012.pro,-1,,0
889,,170660,0,1798,20647,47,103,0,83886092,0x0500000C,misc,,00000012.pro,-1,,0
890,,170748,0,1799,20652,52,103,0,50332415,0x030002FF,wall,,00000767.pro,-1,,0
891,,170836,0,1801,20653,53,103,0,33555048,0x02000268,scenery,generic,00000617.pro,-1,,0
892,,170924,0,1802,20672,72,103,0,50332407,0x030002F7,wall,,00000759.pro,-1,,0
893,,171012,0,1803,20677,77,103,0,33554499,0x02000043,scenery,generic,00000068.pro,-1,,0
894,,171100,0,1804,20678,78,103,0,33555039,0x0200025F,scenery,generic,00000608.pro,-1,,0
895,,171188,0,1805,20679,79,103,0,33554499,0x02000043,scenery,generic,00000068.pro,-1,,0
896,,171276,0,1806,20680,80,103,0,33555096,0x02000298,scenery,generic,00000665.pro,-1,,0
897,,171364,0,1811,20692,92,103,0,50332410,0x030002FA,wall,,00000762.pro,-1,,0
898,,171452,0,1813,20700,100,103,0,50332415,0x030002FF,wall,,00000767.pro,-1,,0
899,,171540,0,1814,20700,100,103,0,33554996,0x02000234,scenery,generic,00000565.pro,-1,,0
900,,171628,0,1819,20720,120,103,0,50332410,0x030002FA,wall,,00000762.pro,-1,,0
901,,171716,0,1821,20728,128,103,0,50332407,0x030002F7,wall,,00000759.pro,-1,,0
902,,171804,0,1822,20729,129,103,0,50331881,0x030000E9,wall,,00000233.pro,-1,,0
903,,171892,0,1825,20738,138,103,0,50332270,0x0300026E,wall,,00000622.pro,-1,,0
904,,171980,0,1827,20740,140,103,0,33554587,0x0200009B,scenery,generic,00000156.pro,-1,,0
905,,172068,0,1829,20743,143,103,0,50332270,0x0300026E,wall,,00000622.pro,-1,,0
906,,172156,0,1831,20746,146,103,0,83886092,0x0500000C,misc,,00000012.pro,-1,,0
907,,172244,0,1833,20847,47,104,0,83886092,0x0500000C,misc,,00000012.pro,-1,,0
908,,172332,0,1834,20848,48,104,0,83886092,0x0500000C,misc,,00000012.pro,-1,,0
909,,172420,0,1835,20852,52,104,0,50332407,0x030002F7,wall,,00000759.pro,-1,,0
910,,172508,0,1837,20870,70,104,0,33554499,0x02000043,scenery,generic,00000068.pro,-1,,0
911,,172596,0,1838,20872,72,104,0,50332414,0x030002FE,wall,,00000766.pro,-1,,0
912,,172684,0,1839,20873,73,104,0,33554499,0x02000043,scenery,generic,00000068.pro,-1,,0
913,,172772,0,1840,20874,74,104,0,33554499,0x02000043,scenery,generic,00000068.pro,-1,,0
914,,172860,0,1841,20877,77,104,0,33554499,0x02000043,scenery,generic,00000068.pro,-1,,0
915,,172948,0,1842,20878,78,104,0,33554499,0x02000043,scenery,generic,00000068.pro,-1,,0
916,,173036,0,1843,20879,79,104,0,33554499,0x02000043,scenery,generic,00000068.pro,-1,,0
917,,173124,0,1847,20892,92,104,0,50332415,0x030002FF,wall,,00000767.pro,-1,,0
918,,173212,0,1850,20900,100,104,0,50332407,0x030002F7,wall,,00000759.pro,-1,,0
919,,173300,0,1854,20920,120,104,0,50332413,0x030002FD,wall,,00000765.pro,-1,,0
920,,173388,0,1856,20928,128,104,0,50332407,0x030002F7,wall,,00000759.pro,-1,,0
921,,173476,0,1857,20929,129,104,0,50331884,0x030000EC,wall,,00000236.pro,-1,,0
922,,173564,0,1860,20938,138,104,0,50332270,0x0300026E,wall,,00000622.pro,-1,,0
923,,173652,0,1862,20939,139,104,0,50332270,0x0300026E,wall,,00000622.pro,-1,,0
924,,173740,0,1864,20941,141,104,0,50332270,0x0300026E,wall,,00000622.pro,-1,,0
925,,173828,0,1866,20943,143,104,0,50332270,0x0300026E,wall,,00000622.pro,-1,,0
926,,173916,0,1868,20947,147,104,0,83886092,0x0500000C,misc,,00000012.pro,-1,,0
927,,174004,0,1870,21048,48,105,0,83886092,0x0500000C,misc,,00000012.pro,-1,,0
928,,174092,0,1871,21052,52,105,0,50332416,0x03000300,wall,,00000768.pro,-1,,0
929,,174180,0,1872,21052,52,105,0,33555049,0x02000269,scenery,generic,00000618.pro,-1,,0
930,,174268,0,1875,21060,60,105,0,50332270,0x0300026E,wall,,00000622.pro,-1,,0
931,,174356,0,1876,21069,69,105,0,33554499,0x02000043,scenery,generic,00000068.pro,-1,,0
932,,174444,0,1877,21070,70,105,0,33554624,0x020000C0,scenery,generic,00000193.pro,-1,,0
933,,174532,0,1878,21071,71,105,0,33554499,0x02000043,scenery,generic,00000068.pro,-1,,0
934,,174620,0,1879,21072,72,105,0,50332407,0x030002F7,wall,,00000759.pro,-1,,0
935,,174708,0,1880,21074,74,105,0,33554624,0x020000C0,scenery,generic,00000193.pro,-1,,0
936,,174796,0,1881,21084,84,105,0,50332270,0x0300026E,wall,,00000622.pro,-1,,0
937,,174884,0,1885,21092,92,105,0,50332407,0x030002F7,wall,,00000759.pro,-1,,0
938,,174972,0,1887,21100,100,105,0,50332414,0x030002FE,wall,,00000766.pro,-1,,0
939,,175060,0,1889,21101,101,105,0,33554499,0x02000043,scenery,generic,00000068.pro,-1,,0
940,,175148,0,1891,21104,104,105,0,33554499,0x02000043,scenery,generic,00000068.pro,-1,,0
941,,175236,0,1893,21120,120,105,0,50332407,0x030002F7,wall,,00000759.pro,-1,,0
942,,175324,0,1895,21128,128,105,0,50332428,0x0300030C,wall,,00000780.pro,-1,,0
943,,175412,0,1896,21129,129,105,0,50332400,0x030002F0,wall,,00000752.pro,-1,,0
944,,175500,0,1897,21130,130,105,0,50332399,0x030002EF,wall,,00000751.pro,-1,,0
945,,175588,0,1898,21131,131,105,0,50332400,0x030002F0,wall,,00000752.pro,-1,,0
946,,175676,0,1899,21132,132,105,0,50332401,0x030002F1,wall,,00000753.pro,-1,,0
947,,175764,0,1900,21133,133,105,0,50332400,0x030002F0,wall,,00000752.pro,-1,,0
948,,175852,0,1901,21134,134,105,0,50332399,0x030002EF,wall,,00000751.pro,-1,,0
949,,175940,0,1903,21135,135,105,0,50332400,0x030002F0,wall,,00000752.pro,-1,,0
950,,176028,0,1905,21136,136,105,0,50332424,0x03000308,wall,,00000776.pro,-1,,0
951,,176116,0,1907,21137,137,105,0,50332400,0x030002F0,wall,,00000752.pro,-1,,0
952,,176204,0,1909,21138,138,105,0,50332444,0x0300031C,wall,,00000796.pro,-1,,0
953,,176292,0,1911,21139,139,105,0,50332270,0x0300026E,wall,,00000622.pro,-1,,0
954,,176380,0,1913,21140,140,105,0,33554585,0x02000099,scenery,door,00000154.pro,-1,,0
955,,176472,0,1915,21141,141,105,0,50332270,0x0300026E,wall,,00000622.pro,-1,,0
956,,176560,0,1917,21142,142,105,0,50332443,0x0300031B,wall,,00000795.pro,-1,,0
957,,176648,0,1919,21143,143,105,0,50332400,0x030002F0,wall,,00000752.pro,-1,,0
958,,176736,0,1921,21144,144,105,0,50332424,0x03000308,wall,,00000776.pro,-1,,0
959,,176824,0,1923,21145,145,105,0,50332400,0x030002F0,wall,,00000752.pro,-1,,0
960,,176912,0,1925,21146,146,105,0,50332411,0x030002FB,wall,,00000763.pro,-1,,0
961,,177000,0,1927,21147,147,105,0,83886092,0x0500000C,misc,,00000012.pro,-1,,0
962,,177088,0,1928,21147,147,105,0,50332270,0x0300026E,wall,,00000622.pro,-1,,0
963,,177176,0,1930,21148,148,105,0,83886092,0x0500000C,misc,,00000012.pro,-1,,0
964,,177264,0,1933,21249,49,106,0,83886092,0x0500000C,misc,,00000012.pro,-1,,0
965,,177352,0,1934,21252,52,106,0,50332407,0x030002F7,wall,,00000759.pro,-1,,0
966,,177440,0,1936,21260,60,106,0,50332435,0x03000313,wall,,00000787.pro,-1,,0
967,,177528,0,1937,21269,69,106,0,33554499,0x02000043,scenery,generic,00000068.pro,-1,,0
968,,177616,0,1938,21272,72,106,0,50332417,0x03000301,wall,,00000769.pro,-1,,0
969,,177704,0,1939,21274,74,106,0,33554499,0x02000043,scenery,generic,00000068.pro,-1,,0
970,,177792,0,1940,21284,84,106,0,50332435,0x03000313,wall,,00000787.pro,-1,,0
971,,177880,0,1944,21292,92,106,0,50332407,0x030002F7,wall,,00000759.pro,-1,,0
972,,177968,0,1946,21300,100,106,0,50332407,0x030002F7,wall,,00000759.pro,-1,,0
973,,178056,0,1948,21301,101,106,0,33554595,0x020000A3,scenery,generic,00000164.pro,-1,,0
974,,178144,0,1949,21302,102,106,0,33554499,0x02000043,scenery,generic,00000068.pro,-1,,0
975,,178232,0,1950,21303,103,106,0,33554499,0x02000043,scenery,generic,00000068.pro,-1,,0
976,,178320,0,1951,21304,104,106,0,33554614,0x020000B6,scenery,generic,00000183.pro,50331652,term5.int,0
977,,178408,0,1953,21320,120,106,0,50332417,0x03000301,wall,,00000769.pro,-1,,0
978,,178496,0,1955,21328,128,106,0,50332269,0x0300026D,wall,,00000621.pro,-1,,0
979,,178584,0,1956,21329,129,106,0,50332270,0x0300026E,wall,,00000622.pro,-1,,0
980,,178672,0,1957,21331,131,106,0,50332270,0x0300026E,wall,,00000622.pro,-1,,0
981,,178760,0,1958,21331,131,106,0,33554616,0x020000B8,scenery,generic,00000185.pro,-1,,0
982,,178848,0,1959,21333,133,106,0,50332270,0x0300026E,wall,,00000622.pro,-1,,0
983,,178936,0,1961,21335,135,106,0,50332270,0x0300026E,wall,,00000622.pro,-1,,0
984,,179024,0,1963,21337,137,106,0,50332270,0x0300026E,wall,,00000622.pro,-1,,0
985,,179112,0,1964,21337,137,106,0,33554620,0x020000BC,scenery,generic,00000189.pro,-1,,0
986,,179200,0,1967,21339,139,106,0,50332270,0x0300026E,wall,,00000622.pro,-1,,0
987,,179288,0,1969,21343,143,106,0,50332270,0x0300026E,wall,,00000622.pro,-1,,0
988,,179376,0,1970,21343,143,106,0,33554620,0x020000BC,scenery,generic,00000189.pro,-1,,0
989,,179464,0,1973,21345,145,106,0,50332270,0x0300026E,wall,,00000622.pro,-1,,0
990,,179552,0,1975,21346,146,106,0,50332270,0x0300026E,wall,,00000622.pro,-1,,0
991,,179640,0,1977,21347,147,106,0,50332269,0x0300026D,wall,,00000621.pro,-1,,0
992,,179728,0,1979,21348,148,106,0,83886092,0x0500000C,misc,,00000012.pro,-1,,0
993,,179816,0,1981,21449,49,107,0,83886092,0x0500000C,misc,,00000012.pro,-1,,0
994,,179904,0,1982,21450,50,107,0,83886092,0x0500000C,misc,,00000012.pro,-1,,0
995,,179992,0,1983,21452,52,107,0,50332407,0x030002F7,wall,,00000759.pro,-1,,0
996,,180080,0,1985,21460,60,107,0,50332407,0x030002F7,wall,,00000759.pro,-1,,0
997,,180168,0,1986,21469,69,107,0,33554499,0x02000043,scenery,generic,00000068.pro,-1,,0
998,,180256,0,1987,21470,70,107,0,33554623,0x020000BF,scenery,generic,00000192.pro,-1,,0
999,,180344,0,1988,21472,72,107,0,50332413,0x030002FD,wall,,00000765.pro,-1,,0
1000,,180432,0,1989,21474,74,107,0,33554623,0x020000BF,scenery,generic,00000192.pro,-1,,0
1001,,180520,0,1990,21484,84,107,0,50332416,0x03000300,wall,,00000768.pro,-1,,0
1002,,180608,0,1996,21492,92,107,0,50332410,0x030002FA,wall,,00000762.pro,-1,,0
1003,,180696,0,2000,21500,100,107,0,50332413,0x030002FD,wall,,00000765.pro,-1,,0
1004,,180784,0,2002,21501,101,107,0,33554499,0x02000043,scenery,generic,00000068.pro,-1,,0
1005,,180872,0,2003,21502,102,107,0,33554499,0x02000043,scenery,generic,00000068.pro,-1,,0
1006,,180960,0,2004,21503,103,107,0,33554499,0x02000043,scenery,generic,00000068.pro,-1,,0
1007,,181048,0,2005,21504,104,107,0,33554499,0x02000043,scenery,generic,00000068.pro,-1,,0
1008,,181136,0,2006,21505,105,107,0,16777504,0x01000120,critter,,00000288.pro,67108886,VreScrib.int,2
1008/inventory/0,1,181268,0,995,-1,,,0,18,0x00000012,item,weapon,00000018.pro,-1,,0
1008/inventory/1,1,181368,0,997,-1,,,0,31,0x0000001F,item,ammo,00000031.pro,-1,,0
1009,,181460,0,2008,21520,120,107,0,50332410,0x030002FA,wall,,00000762.pro,-1,,0
1010,,181548,0,2010,21528,128,107,0,50332410,0x030002FA,wall,,00000762.pro,-1,,0
1011,,181636,0,2011,21530,130,107,0,33554499,0x02000043,scenery,generic,00000068.pro,-1,,0
1012,,181724,0,2014,21546,146,107,0,50332407,0x030002F7,wall,,00000759.pro,-1,,0
1013,,181812,0,2016,21547,147,107,0,50331881,0x030000E9,wall,,00000233.pro,-1,,0
1014,,181900,0,2018,21549,149,107,0,83886092,0x0500000C,misc,,00000012.pro,-1,,0
1015,,181988,0,2020,21650,50,108,0,83886092,0x0500000C,misc,,00000012.pro,-1,,0
1016,,182076,0,2021,21652,52,108,0,50332407,0x030002F7,wall,,00000759.pro,-1,,0
1017,,182164,0,2024,21660,60,108,0,50332407,0x030002F7,wall,,00000759.pro,-1,,0
1018,,182252,0,2025,21669,69,108,0,33554499,0x02000043,scenery,generic,00000068.pro,-1,,0
1019,,182340,0,2026,21672,72,108,0,50332407,0x030002F7,wall,,00000759.pro,-1,,0
1020,,182428,0,2027,21674,74,108,0,33554499,0x02000043,scenery,generic,00000068.pro,-1,,0
1021,,182516,0,2028,21684,84,108,0,50332417,0x03000301,wall,,00000769.pro,-1,,0
1022,,182604,0,2030,21692,92,108,0,50332417,0x03000301,wall,,00000769.pro,-1,,0
1023,,182692,0,2031,21700,100,108,0,50332407,0x030002F7,wall,,00000759.pro,-1,,0
1024,,182780,0,2035,21701,101,108,0,33554595,0x020000A3,scenery,generic,00000164.pro,-1,,0
1025,,182868,0,2036,21708,108,108,0,33554499,0x02000043,scenery,generic,00000068.pro,-1,,0
1026,,182956,0,2038,21709,109,108,0,33554499,0x02000043,scenery,generic,00000068.pro,-1,,0
1027,,183044,0,2039,21710,110,108,0,33554499,0x02000043,scenery,generic,00000068.pro,-1,,0
1028,,183132,0,2040,21712,112,108,0,33554499,0x02000043,scenery,generic,00000068.pro,-1,,0
1029,,183220,0,2041,21713,113,108,0,33554499,0x02000043,scenery,generic,00000068.pro,-1,,0
1030,,183308,0,2042,21714,114,108,0,33554499,0x02000043,scenery,generic,00000068.pro,-1,,0
1031,,183396,0,2043,21715,115,108,0,33554499,0x02000043,scenery,generic,00000068.pro,-1,,0
1032,,183484,0,2044,21716,116,108,0,33554499,0x02000043,scenery,generic,00000068.pro,-1,,0
1033,,183572,0,2045,21720,120,108,0,50332407,0x030002F7,wall,,00000759.pro,-1,,0
1034,,183660,0,2047,21728,128,108,0,50332407,0x030002F7,wall,,00000759.pro,-1,,0
1035,,183748,0,2048,21730,130,108,0,33554499,0x02000043,scenery,generic,00000068.pro,-1,,0
1036,,183836,0,2049,21731,131,108,0,33554499,0x02000043,scenery,generic,00000068.pro,-1,,0
1037,,183924,0,2050,21732,132,108,0,33554499,0x02000043,scenery,generic,00000068.pro,-1,,0
1038,,184012,0,2055,21746,146,108,0,50332407,0x030002F7,wall,,00000759.pro,-1,,0
1039,,184100,0,2057,21747,147,108,0,50331879,0x030000E7,wall,,00000231.pro,-1,,0
1040,,184188,0,2059,21749,149,108,0,83886092,0x0500000C,misc,,00000012.pro,-1,,0
1041,,184276,0,2060,21750,150,108,0,83886092,0x0500000C,misc,,00000012.pro,-1,,0
1042,,184364,0,2063,21851,51,109,0,83886092,0x0500000C,misc,,00000012.pro,-1,,0
1043,,184452,0,2064,21852,52,109,0,50332404,0x030002F4,wall,,00000756.pro,-1,,0
1044,,184540,0,2065,21853,53,109,0,50332400,0x030002F0,wall,,00000752.pro,-1,,0
1045,,184628,0,2066,21854,54,109,0,50332401,0x030002F1,wall,,00000753.pro,-1,,0
1046,,184716,0,2067,21855,55,109,0,50332400,0x030002F0,wall,,00000752.pro,-1,,0
1047,,184804,0,2068,21856,56,109,0,50332401,0x030002F1,wall,,00000753.pro,-1,,0
1048,,184892,0,2070,21857,57,109,0,50332400,0x030002F0,wall,,00000752.pro,-1,,0
1049,,184980,0,2071,21858,58,109,0,50332401,0x030002F1,wall,,00000753.pro,-1,,0
1050,,185068,0,2072,21859,59,109,0,50332400,0x030002F0,wall,,00000752.pro,-1,,0
1051,,185156,0,2073,21860,60,109,0,50332429,0x0300030D,wall,,00000781.pro,-1,,0
1052,,185244,0,2074,21861,61,109,0,50332400,0x030002F0,wall,,00000752.pro,-1,,0
1053,,185332,0,2075,21862,62,109,0,50332401,0x030002F1,wall,,00000753.pro,-1,,0
1054,,185420,0,2076,21863,63,109,0,50332400,0x030002F0,wall,,00000752.pro,-1,,0
1055,,185508,0,2077,21864,64,109,0,50332401,0x030002F1,wall,,00000753.pro,-1,,0
1056,,185596,0,2078,21865,65,109,0,50332400,0x030002F0,wall,,00000752.pro,-1,,0
1057,,185684,0,2079,21866,66,109,0,50332401,0x030002F1,wall,,00000753.pro,-1,,0
1058,,185772,0,2080,21867,67,109,0,50332400,0x030002F0,wall,,00000752.pro,-1,,0
1059,,185860,0,2081,21868,68,109,0,50332425,0x03000309,wall,,00000777.pro,-1,,0
1060,,185948,0,2082,21869,69,109,0,50332400,0x030002F0,wall,,00000752.pro,-1,,0
1061,,186036,0,2083,21870,70,109,0,50332423,0x03000307,wall,,00000775.pro,-1,,0
1062,,186124,0,2084,21871,71,109,0,50332400,0x030002F0,wall,,00000752.pro,-1,,0
1063,,186212,0,2085,21872,72,109,0,50332429,0x0300030D,wall,,00000781.pro,-1,,0
1064,,186300,0,2086,21873,73,109,0,50332400,0x030002F0,wall,,00000752.pro,-1,,0
1065,,186388,0,2087,21874,74,109,0,50332401,0x030002F1,wall,,00000753.pro,-1,,0
1066,,186476,0,2088,21875,75,109,0,50332400,0x030002F0,wall,,00000752.pro,-1,,0
1067,,186564,0,2089,21876,76,109,0,50332418,0x03000302,wall,,00000770.pro,-1,,0
1068,,186652,0,2090,21877,77,109,0,50332400,0x030002F0,wall,,00000752.pro,-1,,0
1069,,186740,0,2091,21878,78,109,0,50332401,0x030002F1,wall,,00000753.pro,-1,,0
1070,,186828,0,2092,21879,79,109,0,50332400,0x030002F0,wall,,00000752.pro,-1,,0
1071,,186916,0,2093,21880,80,109,0,50332401,0x030002F1,wall,,00000753.pro,-1,,0
1072,,187004,0,2094,21881,81,109,0,50332400,0x030002F0,wall,,00000752.pro,-1,,0
1073,,187092,0,2095,21882,82,109,0,50332420,0x03000304,wall,,00000772.pro,-1,,0
1074,,187180,0,2096,21883,83,109,0,50332400,0x030002F0,wall,,00000752.pro,-1,,0
1075,,187268,0,2097,21884,84,109,0,50332429,0x0300030D,wall,,00000781.pro,-1,,0
1076,,187356,0,2100,21885,85,109,0,50332400,0x030002F0,wall,,00000752.pro,-1,,0
1077,,187444,0,2101,21886,86,109,0,50332421,0x03000305,wall,,00000773.pro,-1,,0
1078,,187532,0,2102,21887,87,109,0,50332400,0x030002F0,wall,,00000752.pro,-1,,0
1079,,187620,0,2103,21888,88,109,0,50332419,0x03000303,wall,,00000771.pro,-1,,0
1080,,187708,0,2104,21889,89,109,0,50332400,0x030002F0,wall,,00000752.pro,-1,,0
1081,,187796,0,2105,21890,90,109,0,50332401,0x030002F1,wall,,00000753.pro,-1,,0
1082,,187884,0,2106,21891,91,109,0,50332400,0x030002F0,wall,,00000752.pro,-1,,0
1083,,187972,0,2107,21892,92,109,0,50332426,0x0300030A,wall,,00000778.pro,-1,,0
1084,,188060,0,2108,21900,100,109,0,50332407,0x030002F7,wall,,00000759.pro,-1,,0
1085,,188148,0,2110,21901,101,109,0,33554499,0x02000043,scenery,generic,00000068.pro,-1,,0
1086,,188236,0,2111,21908,108,109,0,33554499,0x02000043,scenery,generic,00000068.pro,-1,,0
1087,,188324,0,2113,21909,109,109,0,33554615,0x020000B7,scenery,generic,00000184.pro,50331653,term6.int,0
1088,,188412,0,2114,21910,110,109,0,33554499,0x02000043,scenery,generic,00000068.pro,-1,,0
1089,,188500,0,2115,21912,112,109,0,33554499,0x02000043,scenery,generic,00000068.pro,-1,,0
1090,,188588,0,2116,21913,113,109,0,33554615,0x020000B7,scenery,generic,00000184.pro,50331654,term7.int,0
1091,,188676,0,2119,21914,114,109,0,33554499,0x02000043,scenery,generic,00000068.pro,-1,,0
1092,,188764,0,2120,21915,115,109,0,33554615,0x020000B7,scenery,generic,00000184.pro,50331655,term8.int,0
1093,,188852,0,2125,21916,116,109,0,33554499,0x02000043,scenery,generic,00000068.pro,-1,,0
1094,,188940,0,2126,21920,120,109,0,50332414,0x030002FE,wall,,00000766.pro,-1,,0
1095,,189028,0,2128,21928,128,109,0,50332413,0x030002FD,wall,,00000765.pro,-1,,0
1096,,189116,0,2129,21931,131,109,0,33554591,0x0200009F,scenery,generic,00000160.pro,-1,,0
1097,,189204,0,2132,21946,146,109,0,50332407,0x030002F7,wall,,00000759.pro,-1,,0
1098,,189292,0,2134,21947,147,109,0,50331880,0x030000E8,wall,,00000232.pro,-1,,0
1099,,189380,0,2136,21950,150,109,0,83886092,0x0500000C,misc,,00000012.pro,-1,,0
1100,,189468,0,2138,22051,51,110,0,83886092,0x0500000C,misc,,00000012.pro,-1,,0
1101,,189556,0,2139,22052,52,110,0,83886092,0x0500000C,misc,,00000012.pro,-1,,0
1102,,189644,0,2140,22052,52,110,0,50332270,0x0300026E,wall,,00000622.pro,-1,,0
1103,,189732,0,2141,22054,54,110,0,50331877,0x030000E5,wall,,00000229.pro,-1,,0
1104,,189820,0,2142,22056,56,110,0,50331873,0x030000E1,wall,,00000225.pro,-1,,0
1105,,189908,0,2144,22058,58,110,0,50331877,0x030000E5,wall,,00000229.pro,-1,,0
1106,,189996,0,2145,22060,60,110,0,50331875,0x030000E3,wall,,00000227.pro,-1,,0
1107,,190084,0,2146,22062,62,110,0,50331873,0x030000E1,wall,,00000225.pro,-1,,0
1108,,190172,0,2147,22064,64,110,0,50331875,0x030000E3,wall,,00000227.pro,-1,,0
1109,,190260,0,2148,22066,66,110,0,50331873,0x030000E1,wall,,00000225.pro,-1,,0
1110,,190348,0,2149,22068,68,110,0,50332269,0x0300026D,wall,,00000621.pro,-1,,0
1111,,190436,0,2150,22069,69,110,0,50332270,0x0300026E,wall,,00000622.pro,-1,,0
1112,,190524,0,2151,22070,70,110,0,33554499,0x02000043,scenery,generic,00000068.pro,-1,,0
1113,,190612,0,2152,22071,71,110,0,50332270,0x0300026E,wall,,00000622.pro,-1,,0
1114,,190700,0,2153,22072,72,110,0,33554499,0x02000043,scenery,generic,00000068.pro,-1,,0
1115,,190788,0,2154,22072,72,110,0,158,0x0000009E,item,container,00000158.pro,-1,,0
1116,,190876,0,2155,22072,72,110,0,157,0x0000009D,item,container,00000157.pro,50331707,BroLock.int,0
1117,,190964,0,2156,22073,73,110,0,50332270,0x0300026E,wall,,00000622.pro,-1,,0
1118,,191052,0,2157,22074,74,110,0,33554499,0x02000043,scenery,generic,00000068.pro,-1,,0
1119,,191140,0,2158,22075,75,110,0,50332270,0x0300026E,wall,,00000622.pro,-1,,0
1120,,191228,0,2159,22076,76,110,0,33554499,0x02000043,scenery,generic,00000068.pro,-1,,0
1121,,191316,0,2160,22076,76,110,0,157,0x0000009D,item,container,00000157.pro,50331708,BroLock.int,0
1122,,191404,0,2161,22077,77,110,0,50332270,0x0300026E,wall,,00000622.pro,-1,,0
1123,,191492,0,2162,22078,78,110,0,33554499,0x02000043,scenery,generic,00000068.pro,-1,,0
1124,,191580,0,2163,22079,79,110,0,50332270,0x0300026E,wall,,00000622.pro,-1,,0
1125,,191668,0,2164,22080,80,110,0,33554499,0x02000043,scenery,generic,00000068.pro,-1,,0
1126,,191756,0,2165,22080,80,110,0,132,0x00000084,item,container,00000132.pro,50331700,BroLock.int,0
1127,,191844,0,2166,22081,81,110,0,50332270,0x0300026E,wall,,00000622.pro,-1,,0
1128,,191932,0,2167,22082,82,110,0,33554499,0x02000043,scenery,generic,00000068.pro,-1,,0
1129,,192020,0,2168,22082,82,110,0,133,0x00000085,item,container,00000133.pro,50331699,BroLock.int,0
1130,,192108,0,2169,22083,83,110,0,50332270,0x0300026E,wall,,00000622.pro,-1,,0
1131,,192196,0,2170,22084,84,110,0,33554499,0x02000043,scenery,generic,00000068.pro,-1,,0
1132,,192284,0,2171,22084,84,110,0,158,0x0000009E,item,container,00000158.pro,-1,,0
1133,,192372,0,2172,22084,84,110,0,157,0x0000009D,item,container,00000157.pro,50331709,BroLock.int,0
1134,,192460,0,2174,22085,85,110,0,50332270,0x0300026E,wall,,00000622.pro,-1,,0
1135,,192548,0,2175,22086,86,110,0,33554499,0x02000043,scenery,generic,00000068.pro,-1,,0
1136,,192636,0,2176,22087,87,110,0,50332270,0x0300026E,wall,,00000622.pro,-1,,0
1137,,192724,0,2177,22088,88,110,0,33554499,0x02000043,scenery,generic,00000068.pro,-1,,0
1138,,192812,0,2178,22088,88,110,0,133,0x00000085,item,container,00000133.pro,50331698,BroLock.int,0
1139,,192900,0,2180,22089,89,110,0,50332270,0x0300026E,wall,,00000622.pro,-1,,0
1140,,192988,0,2183,22091,91,110,0,50332270,0x0300026E,wall,,00000622.pro,-1,,0
1141,,193076,0,2184,22092,92,110,0,50332269,0x0300026D,wall,,00000621.pro,-1,,0
1142,,193164,0,2185,22092,92,110,0,33554617,0x020000B9,scenery,generic,00000186.pro,-1,,0
1143,,193252,0,2189,22100,100,110,0,50332414,0x030002FE,wall,,00000766.pro,-1,,0
1144,,193340,0,2191,22101,101,110,0,33554499,0x02000043,scenery,generic,00000068.pro,-1,,0
1145,,193428,0,2194,22109,109,110,5,16777504,0x01000120,critter,,00000288.pro,67108885,VreScrib.int,2
1145/inventory/0,1,193560,0,982,-1,,,0,18,0x00000012,item,weapon,00000018.pro,-1,,0
1145/inventory/1,1,193660,0,991,-1,,,0,31,0x0000001F,item,ammo,00000031.pro,-1,,0
1146,,193752,0,2195,22115,115,110,5,16777504,0x01000120,critter,,00000288.pro,67108877,VreScrib.int,2
1146/inventory/0,1,193884,0,974,-1,,,0,18,0x00000012,item,weapon,00000018.pro,-1,,0
1146/inventory/1,1,193984,0,976,-1,,,0,31,0x0000001F,item,ammo,00000031.pro,-1,,0
1147,,194076,0,2196,22120,120,110,0,50332407,0x030002F7,wall,,00000759.pro,-1,,0
1148,,194164,0,2198,22128,128,110,0,50332407,0x030002F7,wall,,00000759.pro,-1,,0
1149,,194252,0,2199,22128,128,110,0,33554617,0x020000B9,scenery,generic,00000186.pro,-1,,0
1150,,194340,0,2201,22146,146,110,0,50332407,0x030002F7,wall,,00000759.pro,-1,,0
1151,,194428,0,2203,22147,147,110,0,50331881,0x030000E9,wall,,00000233.pro,-1,,0
1152,,194516,0,2205,22151,151,110,0,83886092,0x0500000C,misc,,00000012.pro,-1,,0
1153,,194604,0,2207,22252,52,111,0,83886092,0x0500000C,misc,,00000012.pro,-1,,0
1154,,194692,0,2208,22253,53,111,0,50331874,0x030000E2,wall,,00000226.pro,-1,,0
1155,,194780,0,2209,22255,55,111,0,50331872,0x030000E0,wall,,00000224.pro,-1,,0
1156,,194868,0,2210,22257,57,111,0,50331876,0x030000E4,wall,,00000228.pro,-1,,0
1157,,194956,0,2213,22259,59,111,0,50331874,0x030000E2,wall,,00000226.pro,-1,,0
1158,,195044,0,2214,22261,61,111,0,50331872,0x030000E0,wall,,00000224.pro,-1,,0
1159,,195132,0,2215,22263,63,111,0,50331876,0x030000E4,wall,,00000228.pro,-1,,0
1160,,195220,0,2216,22265,65,111,0,50331874,0x030000E2,wall,,00000226.pro,-1,,0
1161,,195308,0,2217,22267,67,111,0,50331872,0x030000E0,wall,,00000224.pro,-1,,0
1162,,195396,0,2218,22268,68,111,0,50332407,0x030002F7,wall,,00000759.pro,-1,,0
1163,,195484,0,2219,22270,70,111,0,33554499,0x02000043,scenery,generic,00000068.pro,-1,,0
1164,,195572,0,2220,22273,73,111,0,33554499,0x02000043,scenery,generic,00000068.pro,-1,,0
1165,,195660,0,2221,22277,77,111,0,33554499,0x02000043,scenery,generic,00000068.pro,-1,,0
1166,,195748,0,2223,22285,85,111,0,33554499,0x02000043,scenery,generic,00000068.pro,-1,,0
1167,,195836,0,2227,22292,92,111,0,50332410,0x030002FA,wall,,00000762.pro,-1,,0
1168,,195924,0,2231,22300,100,111,0,50332407,0x030002F7,wall,,00000759.pro,-1,,0
1169,,196012,0,2233,22301,101,111,0,33554593,0x020000A1,scenery,generic,00000162.pro,-1,,0
1170,,196100,0,2235,22320,120,111,0,50332410,0x030002FA,wall,,00000762.pro,-1,,0
1171,,196188,0,2240,22328,128,111,0,50332410,0x030002FA,wall,,00000762.pro,-1,,0
1172,,196276,0,2241,22332,132,111,0,33554499,0x02000043,scenery,generic,00000068.pro,-1,,0
1173,,196364,0,2242,22333,133,111,0,33554499,0x02000043,scenery,generic,00000068.pro,-1,,0
1174,,196452,0,2243,22334,134,111,0,33554499,0x02000043,scenery,generic,00000068.pro,-1,,0
1175,,196540,0,2245,22346,146,111,0,50332407,0x030002F7,wall,,00000759.pro,-1,,0
1176,,196628,0,2247,22347,147,111,0,50331878,0x030000E6,wall,,00000230.pro,-1,,0
1177,,196716,0,2249,22351,151,111,0,83886092,0x0500000C,misc,,00000012.pro,-1,,0
1178,,196804,0,2250,22352,152,111,0,83886092,0x0500000C,misc,,00000012.pro,-1,,0
1179,,196892,0,2253,22453,53,112,0,83886092,0x0500000C,misc,,00000012.pro,-1,,0
1180,,196980,0,2255,22468,68,112,0,50332414,0x030002FE,wall,,00000766.pro,-1,,0
1181,,197068,0,2256,22470,70,112,0,33554499,0x02000043,scenery,generic,00000068.pro,-1,,0
1182,,197156,0,2259,22492,92,112,0,50332407,0x030002F7,wall,,00000759.pro,-1,,0
1183,,197244,0,2260,22500,100,112,0,50332415,0x030002FF,wall,,00000767.pro,-1,,0
1184,,197332,0,2262,22501,101,112,0,33554499,0x02000043,scenery,generic,00000068.pro,-1,,0
1185,,197420,0,2264,22520,120,112,0,50332413,0x030002FD,wall,,00000765.pro,-1,,0
1186,,197508,0,2266,22528,128,112,0,50332407,0x030002F7,wall,,00000759.pro,-1,,0
1187,,197596,0,2267,22531,131,112,0,33555105,0x020002A1,scenery,generic,00000674.pro,-1,,0
1188,,197684,0,2268,22532,132,112,0,33554499,0x02000043,scenery,generic,00000068.pro,-1,,0
1189,,197772,0,2269,22534,134,112,0,33554499,0x02000043,scenery,generic,00000068.pro,-1,,0
1190,,197860,0,2271,22546,146,112,0,50332407,0x030002F7,wall,,00000759.pro,-1,,0
1191,,197948,0,2273,22547,147,112,0,50331879,0x030000E7,wall,,00000231.pro,-1,,0
1192,,198036,0,2275,22552,152,112,0,83886092,0x0500000C,misc,,00000012.pro,-1,,0
1193,,198124,0,2277,22653,53,113,0,83886092,0x0500000C,misc,,00000012.pro,-1,,0
1194,,198212,0,2278,22654,54,113,0,83886092,0x0500000C,misc,,00000012.pro,-1,,0
1195,,198300,0,2280,22668,68,113,0,50332407,0x030002F7,wall,,00000759.pro,-1,,0
1196,,198388,0,2281,22670,70,113,0,33555004,0x0200023C,scenery,generic,00000573.pro,-1,,0
1197,,198476,0,2282,22679,79,113,2,16777484,0x0100010C,critter,,00000268.pro,67108865,Kyle.int,4
1197/inventory/0,1,198608,0,1025,-1,,,0,16,0x00000010,item,weapon,00000016.pro,-1,,0
1197/inventory/1,2,198708,0,1029,-1,,,0,38,0x00000026,item,ammo,00000038.pro,-1,,0
1197/inventory/2,2,198804,0,1035,-1,,,0,40,0x00000028,item,drug,00000040.pro,-1,,0
1197/inventory/3,1,198896,0,1031,-1,,,0,239,0x000000EF,item,armor,00000239.pro,-1,,0
1198,,198984,0,2289,22692,92,113,0,50332413,0x030002FD,wall,,00000765.pro,-1,,0
1199,,199072,0,2290,22700,100,113,0,50332407,0x030002F7,wall,,00000759.pro,-1,,0
1200,,199160,0,2292,22701,101,113,0,33554595,0x020000A3,scenery,generic,00000164.pro,-1,,0
1201,,199248,0,2301,22720,120,113,0,50332407,0x030002F7,wall,,00000759.pro,-1,,0
1202,,199336,0,2303,22728,128,113,0,50332437,0x03000315,wall,,00000789.pro,-1,,0
1203,,199424,0,2304,22732,132,113,0,33554499,0x02000043,scenery,generic,00000068.pro,-1,,0
1204,,199512,0,2305,22733,133,113,0,33555039,0x0200025F,scenery,generic,00000608.pro,-1,,0
1205,,199600,0,2306,22734,134,113,0,33554499,0x02000043,scenery,generic,00000068.pro,-1,,0
1206,,199688,0,2308,22746,146,113,0,50332407,0x030002F7,wall,,00000759.pro,-1,,0
1207,,199776,0,2310,22747,147,113,0,50331880,0x030000E8,wall,,00000232.pro,-1,,0
1208,,199864,0,2312,22753,153,113,0,83886092,0x0500000C,misc,,00000012.pro,-1,,0
1209,,199952,0,2314,22854,54,114,0,83886092,0x0500000C,misc,,00000012.pro,-1,,0
1210,,200040,0,2317,22868,68,114,0,50332413,0x030002FD,wall,,00000765.pro,-1,,0
1211,,200128,0,2318,22869,69,114,0,33554499,0x02000043,scenery,generic,00000068.pro,-1,,0
1212,,200216,0,2319,22870,70,114,0,33554499,0x02000043,scenery,generic,00000068.pro,-1,,0
1213,,200304,0,2320,22876,76,114,0,33554499,0x02000043,scenery,generic,00000068.pro,-1,,0
1214,,200392,0,2321,22878,78,114,0,33554499,0x02000043,scenery,generic,00000068.pro,-1,,0
1215,,200480,0,2324,22892,92,114,0,50332407,0x030002F7,wall,,00000759.pro,-1,,0
1216,,200568,0,2325,22900,100,114,0,50332414,0x030002FE,wall,,00000766.pro,-1,,0
1217,,200656,0,2332,22920,120,114,0,50332414,0x030002FE,wall,,00000766.pro,-1,,0
1218,,200744,0,2334,22933,133,114,0,33554499,0x02000043,scenery,generic,00000068.pro,-1,,0
1219,,200832,0,2336,22946,146,114,0,50332407,0x030002F7,wall,,00000759.pro,-1,,0
1220,,200920,0,2338,22947,147,114,0,50331881,0x030000E9,wall,,00000233.pro,-1,,0
1221,,201008,0,2340,22953,153,114,0,83886092,0x0500000C,misc,,00000012.pro,-1,,0
1222,,201096,0,2341,22954,154,114,0,83886092,0x0500000C,misc,,00000012.pro,-1,,0
1223,,201184,0,2344,23055,55,115,0,83886092,0x0500000C,misc,,00000012.pro,-1,,0
1224,,201272,0,2346,23068,68,115,0,50332407,0x030002F7,wall,,00000759.pro,-1,,0
1225,,201360,0,2347,23075,75,115,0,33554499,0x02000043,scenery,generic,00000068.pro,-1,,0
1226,,201448,0,2348,23077,77,115,0,33554499,0x02000043,scenery,generic,00000068.pro,-1,,0
1227,,201536,0,2349,23079,79,115,0,33554499,0x02000043,scenery,generic,00000068.pro,-1,,0
1228,,201624,0,2352,23092,92,115,0,50332410,0x030002FA,wall,,00000762.pro,-1,,0
1229,,201712,0,2353,23100,100,115,0,50332407,0x030002F7,wall,,00000759.pro,-1,,0
1230,,201800,0,2360,23120,120,115,0,50332410,0x030002FA,wall,,00000762.pro,-1,,0
1231,,201888,0,2363,23146,146,115,0,50332407,0x030002F7,wall,,00000759.pro,-1,,0
1232,,201976,0,2365,23147,147,115,0,50331878,0x030000E6,wall,,00000230.pro,-1,,0
1233,,202064,0,2367,23154,154,115,0,83886092,0x0500000C,misc,,00000012.pro,-1,,0
1234,,202152,0,2369,23255,55,116,0,83886092,0x0500000C,misc,,00000012.pro,-1,,0
1235,,202240,0,2370,23256,56,116,0,83886092,0x0500000C,misc,,00000012.pro,-1,,0
1236,,202328,0,2372,23268,68,116,0,50332417,0x03000301,wall,,00000769.pro,-1,,0
1237,,202416,0,2373,23269,69,116,0,33554499,0x02000043,scenery,generic,00000068.pro,-1,,0
1238,,202504,0,2374,23269,69,116,0,134,0x00000086,item,container,00000134.pro,50331701,BroLock.int,0
1239,,202592,0,2375,23272,72,116,0,33554499,0x02000043,scenery,generic,00000068.pro,-1,,0
1240,,202680,0,2376,23275,75,116,0,33554499,0x02000043,scenery,generic,00000068.pro,-1,,0
1241,,202768,0,2377,23276,76,116,0,33554499,0x02000043,scenery,generic,00000068.pro,-1,,0
1242,,202856,0,2378,23277,77,116,0,33554925,0x020001ED,scenery,generic,00000494.pro,-1,,0
1243,,202944,0,2379,23277,77,116,0,33555338,0x0200038A,scenery,generic,00000907.pro,50331706,Armor.int,0
1244,,203032,0,2380,23278,78,116,0,33554499,0x02000043,scenery,generic,00000068.pro,-1,,0
1245,,203120,0,2381,23279,79,116,0,33554499,0x02000043,scenery,generic,00000068.pro,-1,,0
1246,,203208,0,2384,23292,92,116,0,50332407,0x030002F7,wall,,00000759.pro,-1,,0
1247,,203296,0,2385,23300,100,116,0,50332407,0x030002F7,wall,,00000759.pro,-1,,0
1248,,203384,0,2388,23320,120,116,0,50332415,0x030002FF,wall,,00000767.pro,-1,,0
1249,,203472,0,2394,23346,146,116,0,50332407,0x030002F7,wall,,00000759.pro,-1,,0
1250,,203560,0,2396,23347,147,116,0,50331879,0x030000E7,wall,,00000231.pro,-1,,0
1251,,203648,0,2398,23355,155,116,0,83886092,0x0500000C,misc,,00000012.pro,-1,,0
1252,,203736,0,2400,23456,56,117,0,83886092,0x0500000C,misc,,00000012.pro,-1,,0
1253,,203824,0,2403,23468,68,117,0,50332407,0x030002F7,wall,,00000759.pro,-1,,0
1254,,203912,0,2404,23472,72,117,0,33554499,0x02000043,scenery,generic,00000068.pro,-1,,0
1255,,204000,0,2405,23473,73,117,0,33554927,0x020001EF,scenery,generic,00000496.pro,-1,,0
1256,,204088,0,2408,23492,92,117,0,50332415,0x030002FF,wall,,00000767.pro,-1,,0
1257,,204176,0,2409,23500,100,117,0,50332428,0x0300030C,wall,,00000780.pro,-1,,0
1258,,204264,0,2411,23501,101,117,0,50332400,0x030002F0,wall,,00000752.pro,-1,,0
1259,,204352,0,2412,23502,102,117,0,50332419,0x03000303,wall,,00000771.pro,-1,,0
1260,,204440,0,2413,23503,103,117,0,50332400,0x030002F0,wall,,00000752.pro,-1,,0
1261,,204528,0,2414,23504,104,117,0,50332418,0x03000302,wall,,00000770.pro,-1,,0
1262,,204616,0,2415,23505,105,117,0,50332400,0x030002F0,wall,,00000752.pro,-1,,0
1263,,204704,0,2416,23506,106,117,0,50332423,0x03000307,wall,,00000775.pro,-1,,0
1264,,204792,0,2417,23507,107,117,0,50332398,0x030002EE,wall,,00000750.pro,-1,,0
1265,,204880,0,2418,23508,108,117,0,50332440,0x03000318,wall,,00000792.pro,-1,,0
1266,,204968,0,2420,23509,109,117,0,50332270,0x0300026E,wall,,00000622.pro,-1,,0
1267,,205056,0,2421,23510,110,117,0,33554584,0x02000098,scenery,door,00000153.pro,50331675,MetlDoor.int,0
1268,,205148,0,2422,23511,111,117,0,50332270,0x0300026E,wall,,00000622.pro,-1,,0
1269,,205236,0,2423,23512,112,117,0,50332439,0x03000317,wall,,00000791.pro,-1,,0
1270,,205324,0,2424,23513,113,117,0,50332398,0x030002EE,wall,,00000750.pro,-1,,0
1271,,205412,0,2425,23514,114,117,0,50332420,0x03000304,wall,,00000772.pro,-1,,0
1272,,205500,0,2426,23515,115,117,0,50332400,0x030002F0,wall,,00000752.pro,-1,,0
1273,,205588,0,2427,23516,116,117,0,50332419,0x03000303,wall,,00000771.pro,-1,,0
1274,,205676,0,2428,23517,117,117,0,50332400,0x030002F0,wall,,00000752.pro,-1,,0
1275,,205764,0,2429,23518,118,117,0,50332401,0x030002F1,wall,,00000753.pro,-1,,0
1276,,205852,0,2430,23519,119,117,0,50332400,0x030002F0,wall,,00000752.pro,-1,,0
1277,,205940,0,2431,23520,120,117,0,50332426,0x0300030A,wall,,00000778.pro,-1,,0
1278,,206028,0,2434,23546,146,117,0,50332407,0x030002F7,wall,,00000759.pro,-1,,0
1279,,206116,0,2436,23547,147,117,0,50331880,0x030000E8,wall,,00000232.pro,-1,,0
1280,,206204,0,2438,23555,155,117,0,83886092,0x0500000C,misc,,00000012.pro,-1,,0
1281,,206292,0,2439,23556,156,117,0,83886092,0x0500000C,misc,,00000012.pro,-1,,0
1282,,206380,0,2442,23657,57,118,0,83886092,0x0500000C,misc,,00000012.pro,-1,,0
1283,,206468,0,2444,23668,68,118,0,50332414,0x030002FE,wall,,00000766.pro,-1,,0
1284,,206556,0,2445,23669,69,118,0,33554499,0x02000043,scenery,generic,00000068.pro,-1,,0
1285,,206644,0,2446,23669,69,118,0,135,0x00000087,item,container,00000135.pro,50331702,BroLock.int,0
1286,,206732,0,2447,23672,72,118,0,33554499,0x02000043,scenery,generic,00000068.pro,-1,,0
1287,,206820,0,2448,23673,73,118,0,33554499,0x02000043,scenery,generic,00000068.pro,-1,,0
1288,,206908,0,2451,23692,92,118,0,50332407,0x030002F7,wall,,00000759.pro,-1,,0
1289,,206996,0,2452,23700,100,118,0,50332269,0x0300026D,wall,,00000621.pro,-1,,0
1290,,207084,0,2454,23701,101,118,0,50332270,0x0300026E,wall,,00000622.pro,-1,,0
1291,,207172,0,2457,23703,103,118,0,50332270,0x0300026E,wall,,00000622.pro,-1,,0
1292,,207260,0,2458,23703,103,118,0,33554598,0x020000A6,scenery,generic,00000167.pro,-1,,0
1293,,207348,0,2459,23705,105,118,0,50332270,0x0300026E,wall,,00000622.pro,-1,,0
1294,,207436,0,2460,23707,107,118,0,50332270,0x0300026E,wall,,00000622.pro,-1,,0
1295,,207524,0,2462,23709,109,118,0,50332270,0x0300026E,wall,,00000622.pro,-1,,0
1296,,207612,0,2463,23713,113,118,0,50332270,0x0300026E,wall,,00000622.pro,-1,,0
1297,,207700,0,2464,23715,115,118,0,50332270,0x0300026E,wall,,00000622.pro,-1,,0
1298,,207788,0,2465,23715,115,118,0,33554600,0x020000A8,scenery,generic,00000169.pro,-1,,0
1299,,207876,0,2466,23717,117,118,0,50332270,0x0300026E,wall,,00000622.pro,-1,,0
1300,,207964,0,2467,23719,119,118,0,50332270,0x0300026E,wall,,00000622.pro,-1,,0
1301,,208052,0,2468,23720,120,118,0,50332269,0x0300026D,wall,,00000621.pro,-1,,0
1302,,208140,0,2471,23746,146,118,0,50332407,0x030002F7,wall,,00000759.pro,-1,,0
1303,,208228,0,2473,23747,147,118,0,50331881,0x030000E9,wall,,00000233.pro,-1,,0
1304,,208316,0,2475,23756,156,118,0,83886092,0x0500000C,misc,,00000012.pro,-1,,0
1305,,208404,0,2477,23857,57,119,0,83886092,0x0500000C,misc,,00000012.pro,-1,,0
1306,,208492,0,2478,23858,58,119,0,83886092,0x0500000C,misc,,00000012.pro,-1,,0
1307,,208580,0,2480,23868,68,119,0,50332407,0x030002F7,wall,,00000759.pro,-1,,0
1308,,208668,0,2481,23872,72,119,0,33554499,0x02000043,scenery,generic,00000068.pro,-1,,0
1309,,208756,0,2482,23873,73,119,0,33554928,0x020001F0,scenery,generic,00000497.pro,-1,,0
1310,,208844,0,2483,23873,73,119,0,179,0x000000B3,item,container,00000179.pro,50331705,BroLock.int,0
1311,,208932,0,2485,23892,92,119,0,50332410,0x030002FA,wall,,00000762.pro,-1,,0
1312,,209020,0,2486,23900,100,119,0,50332414,0x030002FE,wall,,00000766.pro,-1,,0
1313,,209108,0,2488,23901,101,119,0,33554499,0x02000043,scenery,generic,00000068.pro,-1,,0
1314,,209196,0,2489,23902,102,119,0,33554499,0x02000043,scenery,generic,00000068.pro,-1,,0
1315,,209284,0,2490,23903,103,119,0,33554499,0x02000043,scenery,generic,00000068.pro,-1,,0
1316,,209372,0,2491,23907,107,119,2,16777495,0x01000117,critter,,00000279.pro,67108882,vregrd.int,3
1316/inventory/0,2,209504,0,2492,-1,,,0,39,0x00000027,item,ammo,00000039.pro,-1,,0
1316/inventory/1,1,209600,0,2493,-1,,,0,28,0x0000001C,item,weapon,00000028.pro,-1,,0
1316/inventory/2,4,209700,0,970,-1,,,0,40,0x00000028,item,drug,00000040.pro,-1,,0
1317,,209788,0,2495,23913,113,119,2,16777495,0x01000117,critter,,00000279.pro,67108881,vregrd.int,3
1317/inventory/0,2,209920,0,2496,-1,,,0,39,0x00000027,item,ammo,00000039.pro,-1,,0
1317/inventory/1,1,210016,0,2497,-1,,,0,28,0x0000001C,item,weapon,00000028.pro,-1,,0
1317/inventory/2,4,210116,0,959,-1,,,0,40,0x00000028,item,drug,00000040.pro,-1,,0
1318,,210204,0,2498,23920,120,119,0,50332410,0x030002FA,wall,,00000762.pro,-1,,0
1319,,210292,0,2500,23928,128,119,0,50332270,0x0300026E,wall,,00000622.pro,-1,,0
1320,,210380,0,2502,23946,146,119,0,50332407,0x030002F7,wall,,00000759.pro,-1,,0
1321,,210468,0,2504,23947,147,119,0,50331878,0x030000E6,wall,,00000230.pro,-1,,0
1322,,210556,0,2506,23957,157,119,0,83886092,0x0500000C,misc,,00000012.pro,-1,,0
1323,,210644,0,2507,23957,157,119,0,83886092,0x0500000C,misc,,00000012.pro,-1,,0
1324,,210732,0,2509,24058,58,120,0,83886092,0x0500000C,misc,,00000012.pro,-1,,0
1325,,210820,0,2512,24068,68,120,0,50332415,0x030002FF,wall,,00000767.pro,-1,,0
1326,,210908,0,2513,24068,68,120,0,33555045,0x02000265,scenery,generic,00000614.pro,-1,,0
1327,,210996,0,2514,24068,68,120,0,33555047,0x02000267,scenery,generic,00000616.pro,50331665,Sink.int,0
1328,,211084,0,2515,24072,72,120,0,33554499,0x02000043,scenery,generic,00000068.pro,-1,,0
1329,,211172,0,2516,24073,73,120,0,33554499,0x02000043,scenery,generic,00000068.pro,-1,,0
1330,,211260,0,2518,24090,90,120,0,33554776,0x02000158,scenery,generic,00000345.pro,-1,,0
1331,,211348,0,2519,24091,91,120,0,33554776,0x02000158,scenery,generic,00000345.pro,-1,,0
1332,,211436,0,2520,24092,92,120,0,50332414,0x030002FE,wall,,00000766.pro,-1,,0
1333,,211524,0,2521,24100,100,120,0,50332407,0x030002F7,wall,,00000759.pro,-1,,0
1334,,211612,0,2522,24100,100,120,0,33554997,0x02000235,scenery,generic,00000566.pro,-1,,0
1335,,211700,0,2526,24103,103,120,0,33554614,0x020000B6,scenery,generic,00000183.pro,-1,,0
1336,,211788,0,2528,24120,120,120,0,50332417,0x03000301,wall,,00000769.pro,-1,,0
1337,,211876,0,2530,24128,128,120,0,50332435,0x03000313,wall,,00000787.pro,-1,,0
1338,,211964,0,2532,24146,146,120,0,50332407,0x030002F7,wall,,00000759.pro,-1,,0
1339,,212052,0,2534,24147,147,120,0,50331879,0x030000E7,wall,,00000231.pro,-1,,0
1340,,212140,0,2536,24157,157,120,0,83886092,0x0500000C,misc,,00000012.pro,-1,,0
1341,,212228,0,2537,24158,158,120,0,83886092,0x0500000C,misc,,00000012.pro,-1,,0
1342,,212316,0,2538,24259,59,121,0,83886092,0x0500000C,misc,,00000012.pro,-1,,0
1343,,212404,0,2540,24268,68,121,0,50332407,0x030002F7,wall,,00000759.pro,-1,,0
1344,,212492,0,2541,24284,84,121,0,50332412,0x030002FC,wall,,00000764.pro,-1,,0
1345,,212580,0,2543,24285,85,121,0,50332400,0x030002F0,wall,,00000752.pro,-1,,0
1346,,212668,0,2545,24286,86,121,0,50332399,0x030002EF,wall,,00000751.pro,-1,,0
1347,,212756,0,2547,24287,87,121,0,50332400,0x030002F0,wall,,00000752.pro,-1,,0
1348,,212844,0,2549,24288,88,121,0,50332419,0x03000303,wall,,00000771.pro,-1,,0
1349,,212932,0,2551,24289,89,121,0,50332400,0x030002F0,wall,,00000752.pro,-1,,0
1350,,213020,0,2553,24290,90,121,0,50332399,0x030002EF,wall,,00000751.pro,-1,,0
1351,,213108,0,2555,24291,91,121,0,50332400,0x030002F0,wall,,00000752.pro,-1,,0
1352,,213196,0,2557,24292,92,121,0,50332397,0x030002ED,wall,,00000749.pro,-1,,0
1353,,213284,0,2566,24300,100,121,0,50332415,0x030002FF,wall,,00000767.pro,-1,,0
1354,,213372,0,2568,24302,102,121,0,33554499,0x02000043,scenery,generic,00000068.pro,-1,,0
1355,,213460,0,2569,24303,103,121,0,33554499,0x02000043,scenery,generic,00000068.pro,-1,,0
1356,,213548,0,2571,24320,120,121,0,50332405,0x030002F5,wall,,00000757.pro,-1,,0
1357,,213636,0,2573,24328,128,121,0,50332416,0x03000300,wall,,00000768.pro,-1,,0
1358,,213724,0,2586,24346,146,121,0,50332407,0x030002F7,wall,,00000759.pro,-1,,0
1359,,213812,0,2588,24347,147,121,0,50331880,0x030000E8,wall,,00000232.pro,-1,,0
1360,,213900,0,2590,24358,158,121,0,83886092,0x0500000C,misc,,00000012.pro,-1,,0
1361,,213988,0,2591,24459,59,122,0,83886092,0x0500000C,misc,,00000012.pro,-1,,0
1362,,214076,0,2592,24460,60,122,0,83886092,0x0500000C,misc,,00000012.pro,-1,,0
1363,,214164,0,2594,24468,68,122,0,50332414,0x030002FE,wall,,00000766.pro,-1,,0
1364,,214252,0,2595,24472,72,122,0,33554499,0x02000043,scenery,generic,00000068.pro,-1,,0
1365,,214340,0,2596,24484,84,122,0,50332270,0x0300026E,wall,,00000622.pro,-1,,0
1366,,214428,0,2598,24485,85,122,0,50332270,0x0300026E,wall,,00000622.pro,-1,,0
1367,,214516,0,2600,24487,87,122,0,50332270,0x0300026E,wall,,00000622.pro,-1,,0
1368,,214604,0,2602,24489,89,122,0,50332270,0x0300026E,wall,,00000622.pro,-1,,0
1369,,214692,0,2604,24491,91,122,0,50332270,0x0300026E,wall,,00000622.pro,-1,,0
1370,,214780,0,2609,24500,100,122,0,50332414,0x030002FE,wall,,00000766.pro,-1,,0
1371,,214868,0,2611,24501,101,122,0,33554499,0x02000043,scenery,generic,00000068.pro,-1,,0
1372,,214956,0,2613,24502,102,122,0,33554499,0x02000043,scenery,generic,00000068.pro,-1,,0
1373,,215044,0,2614,24503,103,122,0,33554614,0x020000B6,scenery,generic,00000183.pro,-1,,0
1374,,215132,0,2615,24508,108,122,0,33554499,0x02000043,scenery,generic,00000068.pro,-1,,0
1375,,215220,0,2617,24509,109,122,0,33555100,0x0200029C,scenery,generic,00000669.pro,-1,,0
1376,,215308,0,2618,24510,110,122,0,33554499,0x02000043,scenery,generic,00000068.pro,-1,,0
1377,,215396,0,2619,24520,120,122,0,50332442,0x0300031A,wall,,00000794.pro,-1,,0
1378,,215484,0,2621,24528,128,122,0,50332407,0x030002F7,wall,,00000759.pro,-1,,0
1379,,215572,0,2628,24546,146,122,0,50332407,0x030002F7,wall,,00000759.pro,-1,,0
1380,,215660,0,2630,24547,147,122,0,50331881,0x030000E9,wall,,00000233.pro,-1,,0
1381,,215748,0,2632,24559,159,122,0,83886092,0x0500000C,misc,,00000012.pro,-1,,0
1382,,215836,0,2633,24660,60,123,0,83886092,0x0500000C,misc,,00000012.pro,-1,,0
1383,,215924,0,2636,24668,68,123,0,50332407,0x030002F7,wall,,00000759.pro,-1,,0
1384,,216012,0,2637,24669,69,123,0,33554499,0x02000043,scenery,generic,00000068.pro,-1,,0
1385,,216100,0,2638,24669,69,123,0,135,0x00000087,item,container,00000135.pro,50331703,BroLock.int,0
1386,,216188,0,2639,24672,72,123,0,33554499,0x02000043,scenery,generic,00000068.pro,-1,,0
1387,,216276,0,2640,24673,73,123,0,33554927,0x020001EF,scenery,generic,00000496.pro,-1,,0
1388,,216364,0,2641,24684,84,123,0,50332410,0x030002FA,wall,,00000762.pro,-1,,0
1389,,216452,0,2645,24700,100,123,0,50332407,0x030002F7,wall,,00000759.pro,-1,,0
1390,,216540,0,2647,24701,101,123,0,33554499,0x02000043,scenery,generic,00000068.pro,-1,,0
1391,,216628,0,2648,24703,103,123,0,33554499,0x02000043,scenery,generic,00000068.pro,-1,,0
1392,,216716,0,2649,24708,108,123,0,33554499,0x02000043,scenery,generic,00000068.pro,-1,,0
1393,,216804,0,2651,24710,110,123,0,33554499,0x02000043,scenery,generic,00000068.pro,-1,,0
1394,,216892,0,2655,24720,120,123,0,50332269,0x0300026D,wall,,00000621.pro,-1,,0
1395,,216980,0,2657,24728,128,123,0,50332428,0x0300030C,wall,,00000780.pro,-1,,0
1396,,217068,0,2658,24729,129,123,0,50332400,0x030002F0,wall,,00000752.pro,-1,,0
1397,,217156,0,2659,24730,130,123,0,50332401,0x030002F1,wall,,00000753.pro,-1,,0
1398,,217244,0,2660,24731,131,123,0,50332400,0x030002F0,wall,,00000752.pro,-1,,0
1399,,217332,0,2661,24732,132,123,0,50332401,0x030002F1,wall,,00000753.pro,-1,,0
1400,,217420,0,2662,24733,133,123,0,50332400,0x030002F0,wall,,00000752.pro,-1,,0
1401,,217508,0,2663,24734,134,123,0,50332401,0x030002F1,wall,,00000753.pro,-1,,0
1402,,217596,0,2665,24735,135,123,0,50332400,0x030002F0,wall,,00000752.pro,-1,,0
1403,,217684,0,2667,24736,136,123,0,50332401,0x030002F1,wall,,00000753.pro,-1,,0
1404,,217772,0,2668,24737,137,123,0,50332400,0x030002F0,wall,,00000752.pro,-1,,0
1405,,217860,0,2670,24738,138,123,0,50332401,0x030002F1,wall,,00000753.pro,-1,,0
1406,,217948,0,2671,24739,139,123,0,50332400,0x030002F0,wall,,00000752.pro,-1,,0
1407,,218036,0,2673,24740,140,123,0,50332401,0x030002F1,wall,,00000753.pro,-1,,0
1408,,218124,0,2674,24741,141,123,0,50332400,0x030002F0,wall,,00000752.pro,-1,,0
1409,,218212,0,2676,24742,142,123,0,50332401,0x030002F1,wall,,00000753.pro,-1,,0
1410,,218300,0,2677,24743,143,123,0,50332400,0x030002F0,wall,,00000752.pro,-1,,0
1411,,218388,0,2679,24744,144,123,0,50332401,0x030002F1,wall,,00000753.pro,-1,,0
1412,,218476,0,2680,24745,145,123,0,50332400,0x030002F0,wall,,00000752.pro,-1,,0
1413,,218564,0,2682,24746,146,123,0,50332397,0x030002ED,wall,,00000749.pro,-1,,0
1414,,218652,0,2683,24747,147,123,0,50331878,0x030000E6,wall,,00000230.pro,-1,,0
1415,,218740,0,2685,24759,159,123,0,83886092,0x0500000C,misc,,00000012.pro,-1,,0
1416,,218828,0,2686,24760,160,123,0,83886092,0x0500000C,misc,,00000012.pro,-1,,0
1417,,218916,0,2687,24861,61,124,0,83886092,0x0500000C,misc,,00000012.pro,-1,,0
1418,,219004,0,2689,24868,68,124,0,50332416,0x03000300,wall,,00000768.pro,-1,,0
1419,,219092,0,2690,24871,71,124,3,16777483,0x0100010B,critter,,00000267.pro,67108887,Paul.int,3
1419/inventory/0,1,219224,0,1015,-1,,,0,16,0x00000010,item,weapon,00000016.pro,-1,,0
1419/inventory/1,2,219324,0,1019,-1,,,0,38,0x00000026,item,ammo,00000038.pro,-1,,0
1419/inventory/2,1,219420,0,1021,-1,,,0,239,0x000000EF,item,armor,00000239.pro,-1,,0
1420,,219508,0,2694,24872,72,124,0,33554499,0x02000043,scenery,generic,00000068.pro,-1,,0
1421,,219596,0,2695,24873,73,124,0,33554499,0x02000043,scenery,generic,00000068.pro,-1,,0
1422,,219684,0,2696,24884,84,124,0,50332405,0x030002F5,wall,,00000757.pro,-1,,0
1423,,219772,0,2702,24900,100,124,0,50332413,0x030002FD,wall,,00000765.pro,-1,,0
1424,,219860,0,2704,24901,101,124,0,33554499,0x02000043,scenery,generic,00000068.pro,-1,,0
1425,,219948,0,2705,24907,107,124,0,33555105,0x020002A1,scenery,generic,00000674.pro,-1,,0
1426,,220036,0,2706,24908,108,124,0,33554499,0x02000043,scenery,generic,00000068.pro,-1,,0
1427,,220124,0,2708,24909,109,124,0,33555036,0x0200025C,scenery,generic,00000605.pro,-1,,0
1428,,220212,0,2709,24910,110,124,0,33554499,0x02000043,scenery,generic,00000068.pro,-1,,0
1429,,220300,0,2710,24911,111,124,0,33555096,0x02000298,scenery,generic,00000665.pro,-1,,0
1430,,220388,0,2714,24920,120,124,0,33554583,0x02000097,scenery,door,00000152.pro,50331674,MetlDoor.int,0
1431,,220480,0,2716,24928,128,124,0,50332270,0x0300026E,wall,,00000622.pro,-1,,0
1432,,220568,0,2717,24930,130,124,0,50331877,0x030000E5,wall,,00000229.pro,-1,,0
1433,,220656,0,2718,24932,132,124,0,50331875,0x030000E3,wall,,00000227.pro,-1,,0
1434,,220744,0,2719,24934,134,124,0,50331873,0x030000E1,wall,,00000225.pro,-1,,0
1435,,220832,0,2722,24936,136,124,0,50331877,0x030000E5,wall,,00000229.pro,-1,,0
1436,,220920,0,2723,24938,138,124,0,50331875,0x030000E3,wall,,00000227.pro,-1,,0
1437,,221008,0,2724,24940,140,124,0,50331873,0x030000E1,wall,,00000225.pro,-1,,0
1438,,221096,0,2725,24942,142,124,0,50331877,0x030000E5,wall,,00000229.pro,-1,,0
1439,,221184,0,2726,24944,144,124,0,50331875,0x030000E3,wall,,00000227.pro,-1,,0
1440,,221272,0,2727,24946,146,124,0,50331873,0x030000E1,wall,,00000225.pro,-1,,0
1441,,221360,0,2728,24947,147,124,0,50331879,0x030000E7,wall,,00000231.pro,-1,,0
1442,,221448,0,2729,24960,160,124,0,83886092,0x0500000C,misc,,00000012.pro,-1,,0
1443,,221536,0,2730,25061,61,125,0,83886092,0x0500000C,misc,,00000012.pro,-1,,0
1444,,221624,0,2731,25062,62,125,0,83886092,0x0500000C,misc,,00000012.pro,-1,,0
1445,,221712,0,2733,25068,68,125,0,50332407,0x030002F7,wall,,00000759.pro,-1,,0
1446,,221800,0,2734,25072,72,125,0,33554499,0x02000043,scenery,generic,00000068.pro,-1,,0
1447,,221888,0,2735,25073,73,125,0,33554928,0x020001F0,scenery,generic,00000497.pro,-1,,0
1448,,221976,0,2736,25073,73,125,0,178,0x000000B2,item,container,00000178.pro,50331704,BroLock.int,0
1449,,222064,0,2737,25084,84,125,0,50332442,0x0300031A,wall,,00000794.pro,-1,,0
1450,,222152,0,2742,25100,100,125,0,50332407,0x030002F7,wall,,00000759.pro,-1,,0
1451,,222240,0,2744,25101,101,125,0,33554595,0x020000A3,scenery,generic,00000164.pro,-1,,0
1452,,222328,0,2753,25109,109,125,0,33554499,0x02000043,scenery,generic,00000068.pro,-1,,0
1453,,222416,0,2760,25120,120,125,0,50332269,0x0300026D,wall,,00000621.pro,-1,,0
1454,,222504,0,2764,25128,128,125,0,50332407,0x030002F7,wall,,00000759.pro,-1,,0
1455,,222592,0,2765,25129,129,125,0,50332300,0x0300028C,wall,,00000652.pro,-1,,0
1456,,222680,0,2766,25131,131,125,0,50331874,0x030000E2,wall,,00000226.pro,-1,,0
1457,,222768,0,2767,25133,133,125,0,50331872,0x030000E0,wall,,00000224.pro,-1,,0
1458,,222856,0,2769,25135,135,125,0,50331876,0x030000E4,wall,,00000228.pro,-1,,0
1459,,222944,0,2771,25137,137,125,0,50331874,0x030000E2,wall,,00000226.pro,-1,,0
1460,,223032,0,2772,25139,139,125,0,50331872,0x030000E0,wall,,00000224.pro,-1,,0
1461,,223120,0,2773,25141,141,125,0,50331876,0x030000E4,wall,,00000228.pro,-1,,0
1462,,223208,0,2774,25143,143,125,0,50331874,0x030000E2,wall,,00000226.pro,-1,,0
1463,,223296,0,2775,25145,145,125,0,50331872,0x030000E0,wall,,00000224.pro,-1,,0
1464,,223384,0,2776,25147,147,125,0,50332301,0x0300028D,wall,,00000653.pro,-1,,0
1465,,223472,0,2777,25160,160,125,0,83886092,0x0500000C,misc,,00000012.pro,-1,,0
1466,,223560,0,2778,25161,161,125,0,83886092,0x0500000C,misc,,00000012.pro,-1,,0
1467,,223648,0,2779,25262,62,126,0,83886092,0x0500000C,misc,,00000012.pro,-1,,0
1468,,223736,0,2781,25268,68,126,0,50332417,0x03000301,wall,,00000769.pro,-1,,0
1469,,223824,0,2783,25272,72,126,0,33554499,0x02000043,scenery,generic,00000068.pro,-1,,0
1470,,223912,0,2784,25273,73,126,0,33554499,0x02000043,scenery,generic,00000068.pro,-1,,0
1471,,224000,0,2785,25284,84,126,0,50332270,0x0300026E,wall,,00000622.pro,-1,,0
1472,,224088,0,2790,25300,100,126,0,50332417,0x03000301,wall,,00000769.pro,-1,,0
1473,,224176,0,2792,25301,101,126,0,33554499,0x02000043,scenery,generic,00000068.pro,-1,,0
1474,,224264,0,2798,25309,109,126,0,33555106,0x020002A2,scenery,generic,00000675.pro,-1,,0
1475,,224352,0,2802,25320,120,126,0,50332441,0x03000319,wall,,00000793.pro,-1,,0
1476,,224440,0,2807,25328,128,126,0,50332407,0x030002F7,wall,,00000759.pro,-1,,0
1477,,224528,0,2808,25329,129,126,0,50332270,0x0300026E,wall,,00000622.pro,-1,,0
1478,,224616,0,2811,25358,158,126,0,83886092,0x0500000C,misc,,00000012.pro,-1,,0
1479,,224704,0,2812,25359,159,126,0,83886092,0x0500000C,misc,,00000012.pro,-1,,0
1480,,224792,0,2813,25360,160,126,0,83886092,0x0500000C,misc,,00000012.pro,-1,,0
1481,,224880,0,2814,25361,161,126,0,83886092,0x0500000C,misc,,00000012.pro,-1,,0
1482,,224968,0,2815,25463,63,127,0,83886092,0x0500000C,misc,,00000012.pro,-1,,0
1483,,225056,0,2816,25468,68,127,0,50332407,0x030002F7,wall,,00000759.pro,-1,,0
1484,,225144,0,2818,25469,69,127,0,33554499,0x02000043,scenery,generic,00000068.pro,-1,,0
1485,,225232,0,2819,25470,70,127,0,33554499,0x02000043,scenery,generic,00000068.pro,-1,,0
1486,,225320,0,2820,25484,84,127,0,33554583,0x02000097,scenery,door,00000152.pro,50331676,MetlDoor.int,0
1487,,225412,0,2829,25500,100,127,0,50332416,0x03000300,wall,,00000768.pro,-1,,0
1488,,225500,0,2831,25501,101,127,0,33554595,0x020000A3,scenery,generic,00000164.pro,-1,,0
1489,,225588,0,2842,25520,120,127,0,50332405,0x030002F5,wall,,00000757.pro,-1,,0
1490,,225676,0,2844,25528,128,127,0,50332407,0x030002F7,wall,,00000759.pro,-1,,0
1491,,225764,0,2845,25529,129,127,0,50331881,0x030000E9,wall,,00000233.pro,-1,,0
1492,,225852,0,2848,25556,156,127,0,83886092,0x0500000C,misc,,00000012.pro,-1,,0
1493,,225940,0,2849,25557,157,127,0,83886092,0x0500000C,misc,,00000012.pro,-1,,0
1494,,226028,0,2850,25558,158,127,0,83886092,0x0500000C,misc,,00000012.pro,-1,,0
1495,,226116,0,2851,25559,159,127,0,83886092,0x0500000C,misc,,00000012.pro,-1,,0
1496,,226204,0,2852,25663,63,128,0,83886092,0x0500000C,misc,,00000012.pro,-1,,0
1497,,226292,0,2853,25664,64,128,0,83886092,0x0500000C,misc,,00000012.pro,-1,,0
1498,,226380,0,2854,25668,68,128,0,50332414,0x030002FE,wall,,00000766.pro,-1,,0
1499,,226468,0,2856,25670,70,128,0,33554499,0x02000043,scenery,generic,00000068.pro,-1,,0
1500,,226556,0,2857,25684,84,128,0,50332270,0x0300026E,wall,,00000622.pro,-1,,0
1501,,226644,0,2863,25700,100,128,0,50332407,0x030002F7,wall,,00000759.pro,-1,,0
1502,,226732,0,2867,25720,120,128,0,50332413,0x030002FD,wall,,00000765.pro,-1,,0
1503,,226820,0,2869,25728,128,128,0,50332407,0x030002F7,wall,,00000759.pro,-1,,0
1504,,226908,0,2870,25729,129,128,0,50331879,0x030000E7,wall,,00000231.pro,-1,,0
1505,,226996,0,2873,25754,154,128,0,83886092,0x0500000C,misc,,00000012.pro,-1,,0
1506,,227084,0,2874,25755,155,128,0,83886092,0x0500000C,misc,,00000012.pro,-1,,0
1507,,227172,0,2875,25756,156,128,0,83886092,0x0500000C,misc,,00000012.pro,-1,,0
1508,,227260,0,2876,25757,157,128,0,83886092,0x0500000C,misc,,00000012.pro,-1,,0
1509,,227348,0,2877,25864,64,129,0,83886092,0x0500000C,misc,,00000012.pro,-1,,0
1510,,227436,0,2878,25868,68,129,0,50332407,0x030002F7,wall,,00000759.pro,-1,,0
1511,,227524,0,2880,25870,70,129,0,33554499,0x02000043,scenery,generic,00000068.pro,-1,,0
1512,,227612,0,2882,25884,84,129,0,50332441,0x03000319,wall,,00000793.pro,-1,,0
1513,,227700,0,2885,25900,100,129,0,50332414,0x030002FE,wall,,00000766.pro,-1,,0
1514,,227788,0,2887,25901,101,129,0,33554499,0x02000043,scenery,generic,00000068.pro,-1,,0
1515,,227876,0,2890,25920,120,129,0,50332410,0x030002FA,wall,,00000762.pro,-1,,0
1516,,227964,0,2892,25928,128,129,0,50332407,0x030002F7,wall,,00000759.pro,-1,,0
1517,,228052,0,2893,25929,129,129,0,50331880,0x030000E8,wall,,00000232.pro,-1,,0
1518,,228140,0,2896,25952,152,129,0,83886092,0x0500000C,misc,,00000012.pro,-1,,0
1519,,228228,0,2897,25953,153,129,0,83886092,0x0500000C,misc,,00000012.pro,-1,,0
1520,,228316,0,2898,25954,154,129,0,83886092,0x0500000C,misc,,00000012.pro,-1,,0
1521,,228404,0,2899,25955,155,129,0,83886092,0x0500000C,misc,,00000012.pro,-1,,0
1522,,228492,0,2900,26065,65,130,0,83886092,0x0500000C,misc,,00000012.pro,-1,,0
1523,,228580,0,2901,26068,68,130,0,50332413,0x030002FD,wall,,00000765.pro,-1,,0
1524,,228668,0,2902,26070,70,130,0,33555004,0x0200023C,scenery,generic,00000573.pro,-1,,0
1525,,228756,0,2904,26084,84,130,0,50332405,0x030002F5,wall,,00000757.pro,-1,,0
1526,,228844,0,2911,26100,100,130,0,50332407,0x030002F7,wall,,00000759.pro,-1,,0
1527,,228932,0,2913,26101,101,130,0,33554593,0x020000A1,scenery,generic,00000162.pro,-1,,0
1528,,229020,0,2916,26118,118,130,0,33554776,0x02000158,scenery,generic,00000345.pro,-1,,0
1529,,229108,0,2917,26119,119,130,0,33554776,0x02000158,scenery,generic,00000345.pro,-1,,0
1530,,229196,0,2918,26120,120,130,0,50332407,0x030002F7,wall,,00000759.pro,-1,,0
1531,,229284,0,2920,26128,128,130,0,50332407,0x030002F7,wall,,00000759.pro,-1,,0
1532,,229372,0,2921,26129,129,130,0,50331878,0x030000E6,wall,,00000230.pro,-1,,0
1533,,229460,0,2924,26150,150,130,0,83886092,0x0500000C,misc,,00000012.pro,-1,,0
1534,,229548,0,2925,26151,151,130,0,83886092,0x0500000C,misc,,00000012.pro,-1,,0
1535,,229636,0,2926,26152,152,130,0,83886092,0x0500000C,misc,,00000012.pro,-1,,0
1536,,229724,0,2927,26153,153,130,0,83886092,0x0500000C,misc,,00000012.pro,-1,,0
1537,,229812,0,2928,26265,65,131,0,83886092,0x0500000C,misc,,00000012.pro,-1,,0
1538,,229900,0,2929,26266,66,131,0,83886092,0x0500000C,misc,,00000012.pro,-1,,0
1539,,229988,0,2930,26268,68,131,0,50332407,0x030002F7,wall,,00000759.pro,-1,,0
1540,,230076,0,2931,26269,69,131,0,33554499,0x02000043,scenery,generic,00000068.pro,-1,,0
1541,,230164,0,2932,26270,70,131,0,33554499,0x02000043,scenery,generic,00000068.pro,-1,,0
1542,,230252,0,2934,26284,84,131,0,50332410,0x030002FA,wall,,00000762.pro,-1,,0
1543,,230340,0,2940,26300,100,131,0,50332404,0x030002F4,wall,,00000756.pro,-1,,0
1544,,230428,0,2942,26301,101,131,0,50332400,0x030002F0,wall,,00000752.pro,-1,,0
1545,,230516,0,2943,26302,102,131,0,50332399,0x030002EF,wall,,00000751.pro,-1,,0
1546,,230604,0,2944,26303,103,131,0,50332400,0x030002F0,wall,,00000752.pro,-1,,0
1547,,230692,0,2945,26304,104,131,0,50332421,0x03000305,wall,,00000773.pro,-1,,0
1548,,230780,0,2946,26305,105,131,0,50332400,0x030002F0,wall,,00000752.pro,-1,,0
1549,,230868,0,2947,26306,106,131,0,50332399,0x030002EF,wall,,00000751.pro,-1,,0
1550,,230956,0,2948,26307,107,131,0,50332400,0x030002F0,wall,,00000752.pro,-1,,0
1551,,231044,0,2949,26308,108,131,0,50332401,0x030002F1,wall,,00000753.pro,-1,,0
1552,,231132,0,2951,26309,109,131,0,50332400,0x030002F0,wall,,00000752.pro,-1,,0
1553,,231220,0,2952,26310,110,131,0,50332399,0x030002EF,wall,,00000751.pro,-1,,0
1554,,231308,0,2953,26311,111,131,0,50332400,0x030002F0,wall,,00000752.pro,-1,,0
1555,,231396,0,2954,26312,112,131,0,50332420,0x03000304,wall,,00000772.pro,-1,,0
1556,,231484,0,2955,26313,113,131,0,50332400,0x030002F0,wall,,00000752.pro,-1,,0
1557,,231572,0,2956,26314,114,131,0,50332399,0x030002EF,wall,,00000751.pro,-1,,0
1558,,231660,0,2958,26315,115,131,0,50332400,0x030002F0,wall,,00000752.pro,-1,,0
1559,,231748,0,2959,26316,116,131,0,50332419,0x03000303,wall,,00000771.pro,-1,,0
1560,,231836,0,2960,26317,117,131,0,50332400,0x030002F0,wall,,00000752.pro,-1,,0
1561,,231924,0,2961,26318,118,131,0,50332399,0x030002EF,wall,,00000751.pro,-1,,0
1562,,232012,0,2962,26319,119,131,0,50332400,0x030002F0,wall,,00000752.pro,-1,,0
1563,,232100,0,2963,26320,120,131,0,50332397,0x030002ED,wall,,00000749.pro,-1,,0
1564,,232188,0,2965,26328,128,131,0,50332407,0x030002F7,wall,,00000759.pro,-1,,0
1565,,232276,0,2966,26329,129,131,0,50331879,0x030000E7,wall,,00000231.pro,-1,,0
1566,,232364,0,2969,26348,148,131,0,83886092,0x0500000C,misc,,00000012.pro,-1,,0
1567,,232452,0,2970,26349,149,131,0,83886092,0x0500000C,misc,,00000012.pro,-1,,0
1568,,232540,0,2971,26350,150,131,0,83886092,0x0500000C,misc,,00000012.pro,-1,,0
1569,,232628,0,2972,26351,151,131,0,83886092,0x0500000C,misc,,00000012.pro,-1,,0
1570,,232716,0,2973,26466,66,132,0,83886092,0x0500000C,misc,,00000012.pro,-1,,0
1571,,232804,0,2974,26468,68,132,0,50332407,0x030002F7,wall,,00000759.pro,-1,,0
1572,,232892,0,2977,26484,84,132,0,50332407,0x030002F7,wall,,00000759.pro,-1,,0
1573,,232980,0,2986,26501,101,132,0,50332270,0x0300026E,wall,,00000622.pro,-1,,0
1574,,233068,0,2987,26503,103,132,0,50332270,0x0300026E,wall,,00000622.pro,-1,,0
1575,,233156,0,2988,26505,105,132,0,50332270,0x0300026E,wall,,00000622.pro,-1,,0
1576,,233244,0,2989,26507,107,132,0,50332270,0x0300026E,wall,,00000622.pro,-1,,0
1577,,233332,0,2991,26509,109,132,0,50332270,0x0300026E,wall,,00000622.pro,-1,,0
1578,,233420,0,2992,26511,111,132,0,50332270,0x0300026E,wall,,00000622.pro,-1,,0
1579,,233508,0,2993,26513,113,132,0,50332270,0x0300026E,wall,,00000622.pro,-1,,0
1580,,233596,0,2995,26515,115,132,0,50332270,0x0300026E,wall,,00000622.pro,-1,,0
1581,,233684,0,2996,26517,117,132,0,50332270,0x0300026E,wall,,00000622.pro,-1,,0
1582,,233772,0,2997,26519,119,132,0,50332270,0x0300026E,wall,,00000622.pro,-1,,0
1583,,233860,0,2999,26528,128,132,0,50332407,0x030002F7,wall,,00000759.pro,-1,,0
1584,,233948,0,3000,26529,129,132,0,50331880,0x030000E8,wall,,00000232.pro,-1,,0
1585,,234036,0,3003,26546,146,132,0,83886092,0x0500000C,misc,,00000012.pro,-1,,0
1586,,234124,0,3004,26547,147,132,0,83886092,0x0500000C,misc,,00000012.pro,-1,,0
1587,,234212,0,3005,26548,148,132,0,83886092,0x0500000C,misc,,00000012.pro,-1,,0
1588,,234300,0,3006,26549,149,132,0,83886092,0x0500000C,misc,,00000012.pro,-1,,0
1589,,234388,0,3007,26667,67,133,0,83886092,0x0500000C,misc,,00000012.pro,-1,,0
1590,,234476,0,3008,26668,68,133,0,50332404,0x030002F4,wall,,00000756.pro,-1,,0
1591,,234564,0,3009,26669,69,133,0,50332400,0x030002F0,wall,,00000752.pro,-1,,0
1592,,234652,0,3010,26670,70,133,0,50332401,0x030002F1,wall,,00000753.pro,-1,,0
1593,,234740,0,3011,26671,71,133,0,50332400,0x030002F0,wall,,00000752.pro,-1,,0
1594,,234828,0,3012,26672,72,133,0,50332401,0x030002F1,wall,,00000753.pro,-1,,0
1595,,234916,0,3014,26673,73,133,0,50332400,0x030002F0,wall,,00000752.pro,-1,,0
1596,,235004,0,3015,26674,74,133,0,50332401,0x030002F1,wall,,00000753.pro,-1,,0
1597,,235092,0,3016,26675,75,133,0,50332400,0x030002F0,wall,,00000752.pro,-1,,0
1598,,235180,0,3017,26676,76,133,0,50332401,0x030002F1,wall,,00000753.pro,-1,,0
1599,,235268,0,3018,26677,77,133,0,50332400,0x030002F0,wall,,00000752.pro,-1,,0
1600,,235356,0,3019,26678,78,133,0,50332401,0x030002F1,wall,,00000753.pro,-1,,0
1601,,235444,0,3020,26679,79,133,0,50332400,0x030002F0,wall,,00000752.pro,-1,,0
1602,,235532,0,3021,26680,80,133,0,50332401,0x030002F1,wall,,00000753.pro,-1,,0
1603,,235620,0,3022,26681,81,133,0,50332400,0x030002F0,wall,,00000752.pro,-1,,0
1604,,235708,0,3023,26682,82,133,0,50332401,0x030002F1,wall,,00000753.pro,-1,,0
1605,,235796,0,3024,26683,83,133,0,50332400,0x030002F0,wall,,00000752.pro,-1,,0
1606,,235884,0,3025,26684,84,133,0,50332429,0x0300030D,wall,,00000781.pro,-1,,0
1607,,235972,0,3027,26685,85,133,0,50332400,0x030002F0,wall,,00000752.pro,-1,,0
1608,,236060,0,3029,26686,86,133,0,50332401,0x030002F1,wall,,00000753.pro,-1,,0
1609,,236148,0,3030,26687,87,133,0,50332400,0x030002F0,wall,,00000752.pro,-1,,0
1610,,236236,0,3031,26688,88,133,0,50332401,0x030002F1,wall,,00000753.pro,-1,,0
1611,,236324,0,3033,26689,89,133,0,50332400,0x030002F0,wall,,00000752.pro,-1,,0
1612,,236412,0,3034,26690,90,133,0,50332401,0x030002F1,wall,,00000753.pro,-1,,0
1613,,236500,0,3036,26691,91,133,0,50332400,0x030002F0,wall,,00000752.pro,-1,,0
1614,,236588,0,3037,26692,92,133,0,50332411,0x030002FB,wall,,00000763.pro,-1,,0
1615,,236676,0,3042,26728,128,133,0,50332407,0x030002F7,wall,,00000759.pro,-1,,0
1616,,236764,0,3043,26729,129,133,0,50331881,0x030000E9,wall,,00000233.pro,-1,,0
1617,,236852,0,3046,26744,144,133,0,83886092,0x0500000C,misc,,00000012.pro,-1,,0
1618,,236940,0,3047,26745,145,133,0,83886092,0x0500000C,misc,,00000012.pro,-1,,0
1619,,237028,0,3048,26746,146,133,0,83886092,0x0500000C,misc,,00000012.pro,-1,,0
1620,,237116,0,3049,26747,147,133,0,83886092,0x0500000C,misc,,00000012.pro,-1,,0
1621,,237204,0,3050,26867,67,134,0,83886092,0x0500000C,misc,,00000012.pro,-1,,0
1622,,237292,0,3051,26868,68,134,0,83886092,0x0500000C,misc,,00000012.pro,-1,,0
1623,,237380,0,3052,26868,68,134,0,50332270,0x0300026E,wall,,00000622.pro,-1,,0
1624,,237468,0,3053,26870,70,134,0,50331875,0x030000E3,wall,,00000227.pro,-1,,0
1625,,237556,0,3054,26872,72,134,0,50331873,0x030000E1,wall,,00000225.pro,-1,,0
1626,,237644,0,3056,26874,74,134,0,50331877,0x030000E5,wall,,00000229.pro,-1,,0
1627,,237732,0,3057,26876,76,134,0,50331875,0x030000E3,wall,,00000227.pro,-1,,0
1628,,237820,0,3058,26878,78,134,0,50331873,0x030000E1,wall,,00000225.pro,-1,,0
1629,,237908,0,3059,26880,80,134,0,50331877,0x030000E5,wall,,00000229.pro,-1,,0
1630,,237996,0,3060,26882,82,134,0,50331875,0x030000E3,wall,,00000227.pro,-1,,0
1631,,238084,0,3061,26884,84,134,0,50331873,0x030000E1,wall,,00000225.pro,-1,,0
1632,,238172,0,3064,26886,86,134,0,50331877,0x030000E5,wall,,00000229.pro,-1,,0
1633,,238260,0,3065,26888,88,134,0,50331875,0x030000E3,wall,,00000227.pro,-1,,0
1634,,238348,0,3067,26890,90,134,0,50331873,0x030000E1,wall,,00000225.pro,-1,,0
1635,,238436,0,3069,26892,92,134,0,50332270,0x0300026E,wall,,00000622.pro,-1,,0
1636,,238524,0,3075,26928,128,134,0,50332407,0x030002F7,wall,,00000759.pro,-1,,0
1637,,238612,0,3076,26929,129,134,0,50331878,0x030000E6,wall,,00000230.pro,-1,,0
1638,,238700,0,3079,26942,142,134,0,83886092,0x0500000C,misc,,00000012.pro,-1,,0
1639,,238788,0,3080,26943,143,134,0,83886092,0x0500000C,misc,,00000012.pro,-1,,0
1640,,238876,0,3081,26944,144,134,0,83886092,0x0500000C,misc,,00000012.pro,-1,,0
1641,,238964,0,3082,26945,145,134,0,83886092,0x0500000C,misc,,00000012.pro,-1,,0
1642,,239052,0,3085,27068,68,135,0,83886092,0x0500000C,misc,,00000012.pro,-1,,0
1643,,239140,0,3086,27069,69,135,0,50331876,0x030000E4,wall,,00000228.pro,-1,,0
1644,,239228,0,3087,27071,71,135,0,50331874,0x030000E2,wall,,00000226.pro,-1,,0
1645,,239316,0,3088,27073,73,135,0,50331872,0x030000E0,wall,,00000224.pro,-1,,0
1646,,239404,0,3091,27075,75,135,0,50331876,0x030000E4,wall,,00000228.pro,-1,,0
1647,,239492,0,3092,27077,77,135,0,50331874,0x030000E2,wall,,00000226.pro,-1,,0
1648,,239580,0,3093,27079,79,135,0,50331872,0x030000E0,wall,,00000224.pro,-1,,0
1649,,239668,0,3094,27081,81,135,0,50331876,0x030000E4,wall,,00000228.pro,-1,,0
1650,,239756,0,3095,27083,83,135,0,50331874,0x030000E2,wall,,00000226.pro,-1,,0
1651,,239844,0,3097,27085,85,135,0,50331872,0x030000E0,wall,,00000224.pro,-1,,0
1652,,239932,0,3099,27087,87,135,0,50331876,0x030000E4,wall,,00000228.pro,-1,,0
1653,,240020,0,3101,27089,89,135,0,50331874,0x030000E2,wall,,00000226.pro,-1,,0
1654,,240108,0,3104,27091,91,135,0,50331872,0x030000E0,wall,,00000224.pro,-1,,0
1655,,240196,0,3105,27092,92,135,0,50332417,0x03000301,wall,,00000769.pro,-1,,0
1656,,240284,0,3110,27128,128,135,0,50332407,0x030002F7,wall,,00000759.pro,-1,,0
1657,,240372,0,3111,27129,129,135,0,50331879,0x030000E7,wall,,00000231.pro,-1,,0
1658,,240460,0,3114,27140,140,135,0,83886092,0x0500000C,misc,,00000012.pro,-1,,0
1659,,240548,0,3115,27141,141,135,0,83886092,0x0500000C,misc,,00000012.pro,-1,,0
1660,,240636,0,3116,27142,142,135,0,83886092,0x0500000C,misc,,00000012.pro,-1,,0
1661,,240724,0,3117,27143,143,135,0,83886092,0x0500000C,misc,,00000012.pro,-1,,0
1662,,240812,0,3122,27269,69,136,0,83886092,0x0500000C,misc,,00000012.pro,-1,,0
1663,,240900,0,3126,27292,92,136,0,50332410,0x030002FA,wall,,00000762.pro,-1,,0
1664,,240988,0,3133,27328,128,136,0,50332407,0x030002F7,wall,,00000759.pro,-1,,0
1665,,241076,0,3134,27329,129,136,0,50331880,0x030000E8,wall,,00000232.pro,-1,,0
1666,,241164,0,3137,27338,138,136,0,83886092,0x0500000C,misc,,00000012.pro,-1,,0
1667,,241252,0,3138,27339,139,136,0,83886092,0x0500000C,misc,,00000012.pro,-1,,0
1668,,241340,0,3139,27340,140,136,0,83886092,0x0500000C,misc,,00000012.pro,-1,,0
1669,,241428,0,3140,27341,141,136,0,83886092,0x0500000C,misc,,00000012.pro,-1,,0
1670,,241516,0,3145,27469,69,137,0,83886092,0x0500000C,misc,,00000012.pro,-1,,0
1671,,241604,0,3146,27470,70,137,0,83886092,0x0500000C,misc,,00000012.pro,-1,,0
1672,,241692,0,3150,27492,92,137,0,50332407,0x030002F7,wall,,00000759.pro,-1,,0
1673,,241780,0,3174,27528,128,137,0,50332407,0x030002F7,wall,,00000759.pro,-1,,0
1674,,241868,0,3175,27529,129,137,0,50331881,0x030000E9,wall,,00000233.pro,-1,,0
1675,,241956,0,3178,27536,136,137,0,83886092,0x0500000C,misc,,00000012.pro,-1,,0
1676,,242044,0,3179,27537,137,137,0,83886092,0x0500000C,misc,,00000012.pro,-1,,0
1677,,242132,0,3180,27538,138,137,0,83886092,0x0500000C,misc,,00000012.pro,-1,,0
1678,,242220,0,3181,27539,139,137,0,83886092,0x0500000C,misc,,00000012.pro,-1,,0
1679,,242308,0,3186,27670,70,138,0,83886092,0x0500000C,misc,,00000012.pro,-1,,0
1680,,242396,0,3191,27692,92,138,0,50332407,0x030002F7,wall,,00000759.pro,-1,,0
1681,,242484,0,3205,27728,128,138,0,50332407,0x030002F7,wall,,00000759.pro,-1,,0
1682,,242572,0,3206,27729,129,138,0,50331878,0x030000E6,wall,,00000230.pro,-1,,0
1683,,242660,0,3207,27734,134,138,0,83886092,0x0500000C,misc,,00000012.pro,-1,,0
1684,,242748,0,3209,27735,135,138,0,83886092,0x0500000C,misc,,00000012.pro,-1,,0
1685,,242836,0,3211,27736,136,138,0,83886092,0x0500000C,misc,,00000012.pro,-1,,0
1686,,242924,0,3212,27737,137,138,0,83886092,0x0500000C,misc,,00000012.pro,-1,,0
1687,,243012,0,3217,27871,71,139,0,83886092,0x0500000C,misc,,00000012.pro,-1,,0
1688,,243100,0,3221,27892,92,139,0,50332404,0x030002F4,wall,,00000756.pro,-1,,0
1689,,243188,0,3222,27893,93,139,0,50332400,0x030002F0,wall,,00000752.pro,-1,,0
1690,,243276,0,3223,27894,94,139,0,50332401,0x030002F1,wall,,00000753.pro,-1,,0
1691,,243364,0,3224,27895,95,139,0,50332400,0x030002F0,wall,,00000752.pro,-1,,0
1692,,243452,0,3225,27896,96,139,0,50332401,0x030002F1,wall,,00000753.pro,-1,,0
1693,,243540,0,3226,27897,97,139,0,50332400,0x030002F0,wall,,00000752.pro,-1,,0
1694,,243628,0,3227,27898,98,139,0,50332401,0x030002F1,wall,,00000753.pro,-1,,0
1695,,243716,0,3228,27899,99,139,0,50332400,0x030002F0,wall,,00000752.pro,-1,,0
1696,,243804,0,3229,27900,100,139,0,50332401,0x030002F1,wall,,00000753.pro,-1,,0
1697,,243892,0,3230,27901,101,139,0,50332400,0x030002F0,wall,,00000752.pro,-1,,0
1698,,243980,0,3231,27902,102,139,0,50332401,0x030002F1,wall,,00000753.pro,-1,,0
1699,,244068,0,3232,27903,103,139,0,50332400,0x030002F0,wall,,00000752.pro,-1,,0
1700,,244156,0,3233,27904,104,139,0,50332401,0x030002F1,wall,,00000753.pro,-1,,0
1701,,244244,0,3234,27905,105,139,0,50332400,0x030002F0,wall,,00000752.pro,-1,,0
1702,,244332,0,3235,27906,106,139,0,50332401,0x030002F1,wall,,00000753.pro,-1,,0
1703,,244420,0,3237,27907,107,139,0,50332400,0x030002F0,wall,,00000752.pro,-1,,0
1704,,244508,0,3238,27908,108,139,0,50332401,0x030002F1,wall,,00000753.pro,-1,,0
1705,,244596,0,3239,27909,109,139,0,50332400,0x030002F0,wall,,00000752.pro,-1,,0
1706,,244684,0,3240,27910,110,139,0,50332401,0x030002F1,wall,,00000753.pro,-1,,0
1707,,244772,0,3241,27911,111,139,0,50332400,0x030002F0,wall,,00000752.pro,-1,,0
1708,,244860,0,3242,27912,112,139,0,50332401,0x030002F1,wall,,00000753.pro,-1,,0
1709,,244948,0,3243,27913,113,139,0,50332400,0x030002F0,wall,,00000752.pro,-1,,0
1710,,245036,0,3244,27914,114,139,0,50332401,0x030002F1,wall,,00000753.pro,-1,,0
1711,,245124,0,3246,27915,115,139,0,50332400,0x030002F0,wall,,00000752.pro,-1,,0
1712,,245212,0,3247,27916,116,139,0,50332401,0x030002F1,wall,,00000753.pro,-1,,0
1713,,245300,0,3248,27917,117,139,0,50332400,0x030002F0,wall,,00000752.pro,-1,,0
1714,,245388,0,3249,27918,118,139,0,50332401,0x030002F1,wall,,00000753.pro,-1,,0
1715,,245476,0,3250,27919,119,139,0,50332400,0x030002F0,wall,,00000752.pro,-1,,0
1716,,245564,0,3251,27920,120,139,0,50332401,0x030002F1,wall,,00000753.pro,-1,,0
1717,,245652,0,3252,27921,121,139,0,50332400,0x030002F0,wall,,00000752.pro,-1,,0
1718,,245740,0,3253,27922,122,139,0,50332401,0x030002F1,wall,,00000753.pro,-1,,0
1719,,245828,0,3254,27923,123,139,0,50332400,0x030002F0,wall,,00000752.pro,-1,,0
1720,,245916,0,3255,27924,124,139,0,50332401,0x030002F1,wall,,00000753.pro,-1,,0
1721,,246004,0,3256,27925,125,139,0,50332400,0x030002F0,wall,,00000752.pro,-1,,0
1722,,246092,0,3257,27926,126,139,0,50332401,0x030002F1,wall,,00000753.pro,-1,,0
1723,,246180,0,3258,27927,127,139,0,50332400,0x030002F0,wall,,00000752.pro,-1,,0
1724,,246268,0,3259,27928,128,139,0,50332397,0x030002ED,wall,,00000749.pro,-1,,0
1725,,246356,0,3260,27929,129,139,0,50331879,0x030000E7,wall,,00000231.pro,-1,,0
1726,,246444,0,3261,27932,132,139,0,83886092,0x0500000C,misc,,00000012.pro,-1,,0
1727,,246532,0,3262,27933,133,139,0,83886092,0x0500000C,misc,,00000012.pro,-1,,0
1728,,246620,0,3263,27934,134,139,0,83886092,0x0500000C,misc,,00000012.pro,-1,,0
1729,,246708,0,3265,27935,135,139,0,83886092,0x0500000C,misc,,00000012.pro,-1,,0
1730,,246796,0,3271,28071,71,140,0,83886092,0x0500000C,misc,,00000012.pro,-1,,0
1731,,246884,0,3272,28072,72,140,0,83886092,0x0500000C,misc,,00000012.pro,-1,,0
1732,,246972,0,3280,28092,92,140,0,50332270,0x0300026E,wall,,00000622.pro,-1,,0
1733,,247060,0,3282,28094,94,140,0,50331875,0x030000E3,wall,,00000227.pro,-1,,0
1734,,247148,0,3285,28096,96,140,0,50331873,0x030000E1,wall,,00000225.pro,-1,,0
1735,,247236,0,3288,28098,98,140,0,50331877,0x030000E5,wall,,00000229.pro,-1,,0
1736,,247324,0,3290,28100,100,140,0,50331875,0x030000E3,wall,,00000227.pro,-1,,0
1737,,247412,0,3291,28102,102,140,0,50331873,0x030000E1,wall,,00000225.pro,-1,,0
1738,,247500,0,3292,28104,104,140,0,50331877,0x030000E5,wall,,00000229.pro,-1,,0
1739,,247588,0,3293,28106,106,140,0,50331875,0x030000E3,wall,,00000227.pro,-1,,0
1740,,247676,0,3295,28108,108,140,0,50331873,0x030000E1,wall,,00000225.pro,-1,,0
1741,,247764,0,3296,28110,110,140,0,50331877,0x030000E5,wall,,00000229.pro,-1,,0
1742,,247852,0,3297,28112,112,140,0,50331875,0x030000E3,wall,,00000227.pro,-1,,0
1743,,247940,0,3298,28114,114,140,0,50331873,0x030000E1,wall,,00000225.pro,-1,,0
1744,,248028,0,3300,28116,116,140,0,50331877,0x030000E5,wall,,00000229.pro,-1,,0
1745,,248116,0,3301,28118,118,140,0,50331875,0x030000E3,wall,,00000227.pro,-1,,0
1746,,248204,0,3302,28120,120,140,0,50331873,0x030000E1,wall,,00000225.pro,-1,,0
1747,,248292,0,3303,28122,122,140,0,50331877,0x030000E5,wall,,00000229.pro,-1,,0
1748,,248380,0,3304,28124,124,140,0,50331875,0x030000E3,wall,,00000227.pro,-1,,0
1749,,248468,0,3305,28126,126,140,0,50331873,0x030000E1,wall,,00000225.pro,-1,,0
1750,,248556,0,3306,28128,128,140,0,50331877,0x030000E5,wall,,00000229.pro,-1,,0
1751,,248644,0,3307,28129,129,140,0,50331880,0x030000E8,wall,,00000232.pro,-1,,0
1752,,248732,0,3308,28130,130,140,0,83886092,0x0500000C,misc,,00000012.pro,-1,,0
1753,,248820,0,3309,28131,131,140,0,83886092,0x0500000C,misc,,00000012.pro,-1,,0
1754,,248908,0,3310,28132,132,140,0,83886092,0x0500000C,misc,,00000012.pro,-1,,0
1755,,248996,0,3311,28133,133,140,0,83886092,0x0500000C,misc,,00000012.pro,-1,,0
1756,,249084,0,3318,28272,72,141,0,83886092,0x0500000C,misc,,00000012.pro,-1,,0
1757,,249172,0,3328,28293,93,141,0,50331876,0x030000E4,wall,,00000228.pro,-1,,0
1758,,249260,0,3330,28295,95,141,0,50331874,0x030000E2,wall,,00000226.pro,-1,,0
1759,,249348,0,3333,28297,97,141,0,50331872,0x030000E0,wall,,00000224.pro,-1,,0
1760,,249436,0,3336,28299,99,141,0,50331876,0x030000E4,wall,,00000228.pro,-1,,0
1761,,249524,0,3337,28301,101,141,0,50331874,0x030000E2,wall,,00000226.pro,-1,,0
1762,,249612,0,3338,28303,103,141,0,50331872,0x030000E0,wall,,00000224.pro,-1,,0
1763,,249700,0,3339,28305,105,141,0,50331876,0x030000E4,wall,,00000228.pro,-1,,0
1764,,249788,0,3341,28307,107,141,0,50331874,0x030000E2,wall,,00000226.pro,-1,,0
1765,,249876,0,3342,28309,109,141,0,50331872,0x030000E0,wall,,00000224.pro,-1,,0
1766,,249964,0,3343,28311,111,141,0,50331876,0x030000E4,wall,,00000228.pro,-1,,0
1767,,250052,0,3344,28313,113,141,0,50331874,0x030000E2,wall,,00000226.pro,-1,,0
1768,,250140,0,3346,28315,115,141,0,50331872,0x030000E0,wall,,00000224.pro,-1,,0
1769,,250228,0,3347,28317,117,141,0,50331876,0x030000E4,wall,,00000228.pro,-1,,0
1770,,250316,0,3348,28319,119,141,0,50331874,0x030000E2,wall,,00000226.pro,-1,,0
1771,,250404,0,3349,28321,121,141,0,50331872,0x030000E0,wall,,00000224.pro,-1,,0
1772,,250492,0,3350,28323,123,141,0,50331876,0x030000E4,wall,,00000228.pro,-1,,0
1773,,250580,0,3351,28325,125,141,0,50331874,0x030000E2,wall,,00000226.pro,-1,,0
1774,,250668,0,3352,28327,127,141,0,50331872,0x030000E0,wall,,00000224.pro,-1,,0
1775,,250756,0,3353,28328,128,141,0,83886092,0x0500000C,misc,,00000012.pro,-1,,0
1776,,250844,0,3354,28329,129,141,0,83886092,0x0500000C,misc,,00000012.pro,-1,,0
1777,,250932,0,3355,28329,129,141,0,50332301,0x0300028D,wall,,00000653.pro,-1,,0
1778,,251020,0,3356,28330,130,141,0,83886092,0x0500000C,misc,,00000012.pro,-1,,0
1779,,251108,0,3357,28331,131,141,0,83886092,0x0500000C,misc,,00000012.pro,-1,,0
1780,,251196,0,3364,28473,73,142,0,83886092,0x0500000C,misc,,00000012.pro,-1,,0
1781,,251284,0,3370,28526,126,142,0,83886092,0x0500000C,misc,,00000012.pro,-1,,0
1782,,251372,0,3371,28527,127,142,0,83886092,0x0500000C,misc,,00000012.pro,-1,,0
1783,,251460,0,3372,28528,128,142,0,83886092,0x0500000C,misc,,00000012.pro,-1,,0
1784,,251548,0,3373,28529,129,142,0,83886092,0x0500000C,misc,,00000012.pro,-1,,0
1785,,251636,0,3380,28673,73,143,0,83886092,0x0500000C,misc,,00000012.pro,-1,,0
1786,,251724,0,3381,28674,74,143,0,83886092,0x0500000C,misc,,00000012.pro,-1,,0
1787,,251812,0,3387,28724,124,143,0,83886092,0x0500000C,misc,,00000012.pro,-1,,0
1788,,251900,0,3388,28725,125,143,0,83886092,0x0500000C,misc,,00000012.pro,-1,,0
1789,,251988,0,3389,28726,126,143,0,83886092,0x0500000C,misc,,00000012.pro,-1,,0
1790,,252076,0,3390,28727,127,143,0,83886092,0x0500000C,misc,,00000012.pro,-1,,0
1791,,252164,0,3397,28874,74,144,0,83886092,0x0500000C,misc,,00000012.pro,-1,,0
1792,,252252,0,3404,28922,122,144,0,83886092,0x0500000C,misc,,00000012.pro,-1,,0
1793,,252340,0,3405,28923,123,144,0,83886092,0x0500000C,misc,,00000012.pro,-1,,0
1794,,252428,0,3406,28924,124,144,0,83886092,0x0500000C,misc,,00000012.pro,-1,,0
1795,,252516,0,3407,28925,125,144,0,83886092,0x0500000C,misc,,00000012.pro,-1,,0
1796,,252604,0,3414,29075,75,145,0,83886092,0x0500000C,misc,,00000012.pro,-1,,0
1797,,252692,0,3420,29120,120,145,0,83886092,0x0500000C,misc,,00000012.pro,-1,,0
1798,,252780,0,3421,29121,121,145,0,83886092,0x0500000C,misc,,00000012.pro,-1,,0
1799,,252868,0,3422,29122,122,145,0,83886092,0x0500000C,misc,,00000012.pro,-1,,0
1800,,252956,0,3423,29123,123,145,0,83886092,0x0500000C,misc,,00000012.pro,-1,,0
1801,,253044,0,3430,29275,75,146,0,83886092,0x0500000C,misc,,00000012.pro,-1,,0
1802,,253132,0,3431,29276,76,146,0,83886092,0x0500000C,misc,,00000012.pro,-1,,0
1803,,253220,0,3437,29318,118,146,0,83886092,0x0500000C,misc,,00000012.pro,-1,,0
1804,,253308,0,3438,29319,119,146,0,83886092,0x0500000C,misc,,00000012.pro,-1,,0
1805,,253396,0,3439,29320,120,146,0,83886092,0x0500000C,misc,,00000012.pro,-1,,0
1806,,253484,0,3440,29321,121,146,0,83886092,0x0500000C,misc,,00000012.pro,-1,,0
1807,,253572,0,3447,29476,76,147,0,83886092,0x0500000C,misc,,00000012.pro,-1,,0
1808,,253660,0,3454,29516,116,147,0,83886092,0x0500000C,misc,,00000012.pro,-1,,0
1809,,253748,0,3455,29517,117,147,0,83886092,0x0500000C,misc,,00000012.pro,-1,,0
1810,,253836,0,3456,29518,118,147,0,83886092,0x0500000C,misc,,00000012.pro,-1,,0
1811,,253924,0,3457,29519,119,147,0,83886092,0x0500000C,misc,,00000012.pro,-1,,0
1812,,254012,0,3464,29677,77,148,0,83886092,0x0500000C,misc,,00000012.pro,-1,,0
1813,,254100,0,3468,29714,114,148,0,83886092,0x0500000C,misc,,00000012.pro,-1,,0
1814,,254188,0,3470,29715,115,148,0,83886092,0x0500000C,misc,,00000012.pro,-1,,0
1815,,254276,0,3471,29716,116,148,0,83886092,0x0500000C,misc,,00000012.pro,-1,,0
1816,,254364,0,3472,29717,117,148,0,83886092,0x0500000C,misc,,00000012.pro,-1,,0
1817,,254452,0,3479,29877,77,149,0,83886092,0x0500000C,misc,,00000012.pro,-1,,0
1818,,254540,0,3480,29878,78,149,0,83886092,0x0500000C,misc,,00000012.pro,-1,,0
1819,,254628,0,3510,29912,112,149,0,83886092,0x0500000C,misc,,00000012.pro,-1,,0
1820,,254716,0,3512,29913,113,149,0,83886092,0x0500000C,misc,,00000012.pro,-1,,0
1821,,254804,0,3514,29914,114,149,0,83886092,0x0500000C,misc,,00000012.pro,-1,,0
1822,,254892,0,3516,29915,115,149,0,83886092,0x0500000C,misc,,00000012.pro,-1,,0
1823,,254980,0,3542,30078,78,150,0,83886092,0x0500000C,misc,,00000012.pro,-1,,0
1824,,255068,0,3558,30110,110,150,0,83886092,0x0500000C,misc,,00000012.pro,-1,,0
1825,,255156,0,3560,30111,111,150,0,83886092,0x0500000C,misc,,00000012.pro,-1,,0
1826,,255244,0,3561,30112,112,150,0,83886092,0x0500000C,misc,,00000012.pro,-1,,0
1827,,255332,0,3563,30113,113,150,0,83886092,0x0500000C,misc,,00000012.pro,-1,,0
1828,,255420,0,3580,30279,79,151,0,83886092,0x0500000C,misc,,00000012.pro,-1,,0
1829,,255508,0,3594,30308,108,151,0,83886092,0x0500000C,misc,,00000012.pro,-1,,0
1830,,255596,0,3595,30309,109,151,0,83886092,0x0500000C,misc,,00000012.pro,-1,,0
1831,,255684,0,3597,30310,110,151,0,83886092,0x0500000C,misc,,00000012.pro,-1,,0
1832,,255772,0,3598,30311,111,151,0,83886092,0x0500000C,misc,,00000012.pro,-1,,0
1833,,255860,0,3616,30479,79,152,0,83886092,0x0500000C,misc,,00000012.pro,-1,,0
1834,,255948,0,3617,30480,80,152,0,83886092,0x0500000C,misc,,00000012.pro,-1,,0
1835,,256036,0,3619,30506,106,152,0,83886092,0x0500000C,misc,,00000012.pro,-1,,0
1836,,256124,0,3620,30507,107,152,0,83886092,0x0500000C,misc,,00000012.pro,-1,,0
1837,,256212,0,3621,30508,108,152,0,83886092,0x0500000C,misc,,00000012.pro,-1,,0
1838,,256300,0,3622,30509,109,152,0,83886092,0x0500000C,misc,,00000012.pro,-1,,0
1839,,256388,0,3627,30680,80,153,0,83886092,0x0500000C,misc,,00000012.pro,-1,,0
1840,,256476,0,3630,30704,104,153,0,83886092,0x0500000C,misc,,00000012.pro,-1,,0
1841,,256564,0,3631,30705,105,153,0,83886092,0x0500000C,misc,,00000012.pro,-1,,0
1842,,256652,0,3632,30706,106,153,0,83886092,0x0500000C,misc,,00000012.pro,-1,,0
1843,,256740,0,3633,30707,107,153,0,83886092,0x0500000C,misc,,00000012.pro,-1,,0
1844,,256828,0,3638,30881,81,154,0,83886092,0x0500000C,misc,,00000012.pro,-1,,0
1845,,256916,0,3640,30902,102,154,0,83886092,0x0500000C,misc,,00000012.pro,-1,,0
1846,,257004,0,3641,30903,103,154,0,83886092,0x0500000C,misc,,00000012.pro,-1,,0
1847,,257092,0,3642,30904,104,154,0,83886092,0x0500000C,misc,,00000012.pro,-1,,0
1848,,257180,0,3643,30905,105,154,0,83886092,0x0500000C,misc,,00000012.pro,-1,,0
1849,,257268,0,3648,31081,81,155,0,83886092,0x0500000C,misc,,00000012.pro,-1,,0
1850,,257356,0,3649,31082,82,155,0,83886092,0x0500000C,misc,,00000012.pro,-1,,0
1851,,257444,0,3651,31100,100,155,0,83886092,0x0500000C,misc,,00000012.pro,-1,,0
1852,,257532,0,3652,31101,101,155,0,83886092,0x0500000C,misc,,00000012.pro,-1,,0
1853,,257620,0,3653,31102,102,155,0,83886092,0x0500000C,misc,,00000012.pro,-1,,0
1854,,257708,0,3654,31103,103,155,0,83886092,0x0500000C,misc,,00000012.pro,-1,,0
1855,,257796,0,3659,31282,82,156,0,83886092,0x0500000C,misc,,00000012.pro,-1,,0
1856,,257884,0,3662,31298,98,156,0,83886092,0x0500000C,misc,,00000012.pro,-1,,0
1857,,257972,0,3663,31299,99,156,0,83886092,0x0500000C,misc,,00000012.pro,-1,,0
1858,,258060,0,3664,31300,100,156,0,83886092,0x0500000C,misc,,00000012.pro,-1,,0
1859,,258148,0,3665,31301,101,156,0,83886092,0x0500000C,misc,,00000012.pro,-1,,0
1860,,258236,0,3670,31483,83,157,0,83886092,0x0500000C,misc,,00000012.pro,-1,,0
1861,,258324,0,3672,31496,96,157,0,83886092,0x0500000C,misc,,00000012.pro,-1,,0
1862,,258412,0,3673,31497,97,157,0,83886092,0x0500000C,misc,,00000012.pro,-1,,0
1863,,258500,0,3674,31498,98,157,0,83886092,0x0500000C,misc,,00000012.pro,-1,,0
1864,,258588,0,3675,31499,99,157,0,83886092,0x0500000C,misc,,00000012.pro,-1,,0
1865,,258676,0,3680,31683,83,158,0,83886092,0x0500000C,misc,,00000012.pro,-1,,0
1866,,258764,0,3681,31684,84,158,0,83886092,0x0500000C,misc,,00000012.pro,-1,,0
1867,,258852,0,3683,31694,94,158,0,83886092,0x0500000C,misc,,00000012.pro,-1,,0
1868,,258940,0,3684,31695,95,158,0,83886092,0x0500000C,misc,,00000012.pro,-1,,0
1869,,259028,0,3685,31696,96,158,0,83886092,0x0500000C,misc,,00000012.pro,-1,,0
1870,,259116,0,3686,31697,97,158,0,83886092,0x0500000C,misc,,00000012.pro,-1,,0
1871,,259204,0,3691,31884,84,159,0,83886092,0x0500000C,misc,,00000012.pro,-1,,0
1872,,259292,0,3694,31892,92,159,0,83886092,0x0500000C,misc,,00000012.pro,-1,,0
1873,,259380,0,3695,31893,93,159,0,83886092,0x0500000C,misc,,00000012.pro,-1,,0
1874,,259468,0,3696,31894,94,159,0,83886092,0x0500000C,misc,,00000012.pro,-1,,0
1875,,259556,0,3697,31895,95,159,0,83886092,0x0500000C,misc,,00000012.pro,-1,,0
1876,,259644,0,3702,32085,85,160,0,83886092,0x0500000C,misc,,00000012.pro,-1,,0
1877,,259732,0,3703,32090,90,160,0,83886092,0x0500000C,misc,,00000012.pro,-1,,0
1878,,259820,0,3705,32091,91,160,0,83886092,0x0500000C,misc,,00000012.pro,-1,,0
1879,,259908,0,3706,32092,92,160,0,83886092,0x0500000C,misc,,00000012.pro,-1,,0
1880,,259996,0,3707,32093,93,160,0,83886092,0x0500000C,misc,,00000012.pro,-1,,0
1881,,260084,0,3712,32285,85,161,0,83886092,0x0500000C,misc,,00000012.pro,-1,,0
1882,,260172,0,3713,32286,86,161,0,83886092,0x0500000C,misc,,00000012.pro,-1,,0
1883,,260260,0,3714,32288,88,161,0,83886092,0x0500000C,misc,,00000012.pro,-1,,0
1884,,260348,0,3715,32289,89,161,0,83886092,0x0500000C,misc,,00000012.pro,-1,,0
1885,,260436,0,3716,32290,90,161,0,83886092,0x0500000C,misc,,00000012.pro,-1,,0
1886,,260524,0,3717,32291,91,161,0,83886092,0x0500000C,misc,,00000012.pro,-1,,0
1887,,260612,0,3723,32486,86,162,0,83886092,0x0500000C,misc,,00000012.pro,-1,,0
1888,,260700,0,3724,32487,87,162,0,83886092,0x0500000C,misc,,00000012.pro,-1,,0
1889,,260788,0,3725,32488,88,162,0,83886092,0x0500000C,misc,,00000012.pro,-1,,0
1890,,260876,0,3726,32489,89,162,0,83886092,0x0500000C,misc,,00000012.pro,-1,,0
1891,,260964,0,3733,32687,87,163,0,83886092,0x0500000C,misc,,00000012.pro,-1,,0
1892,,261056,1,48,9722,122,48,0,83886092,0x0500000C,misc,,00000012.pro,-1,,0
1893,,261144,1,49,9723,123,48,0,83886092,0x0500000C,misc,,00000012.pro,-1,,0
1894,,261232,1,50,9724,124,48,0,83886092,0x0500000C,misc,,00000012.pro,-1,,0
1895,,261320,1,56,9920,120,49,0,83886092,0x0500000C,misc,,00000012.pro,-1,,0
1896,,261408,1,57,9921,121,49,0,83886092,0x0500000C,misc,,00000012.pro,-1,,0
1897,,261496,1,58,9922,122,49,0,83886092,0x0500000C,misc,,00000012.pro,-1,,0
1898,,261584,1,59,9923,123,49,0,83886092,0x0500000C,misc,,00000012.pro,-1,,0
1899,,261672,1,60,9924,124,49,0,83886092,0x0500000C,misc,,00000012.pro,-1,,0
1900,,261760,1,66,10118,118,50,0,83886092,0x0500000C,misc,,00000012.pro,-1,,0
1901,,261848,1,67,10119,119,50,0,83886092,0x0500000C,misc,,00000012.pro,-1,,0
1902,,261936,1,68,10120,120,50,0,83886092,0x0500000C,misc,,00000012.pro,-1,,0
1903,,262024,1,69,10121,121,50,0,83886092,0x0500000C,misc,,00000012.pro,-1,,0
1904,,262112,1,70,10125,125,50,0,83886092,0x0500000C,misc,,00000012.pro,-1,,0
1905,,262200,1,77,10316,116,51,0,83886092,0x0500000C,misc,,00000012.pro,-1,,0
1906,,262288,1,78,10317,117,51,0,83886092,0x0500000C,misc,,00000012.pro,-1,,0
1907,,262376,1,79,10318,118,51,0,83886092,0x0500000C,misc,,00000012.pro,-1,,0
1908,,262464,1,80,10319,119,51,0,83886092,0x0500000C,misc,,00000012.pro,-1,,0
1909,,262552,1,81,10325,125,51,0,83886092,0x0500000C,misc,,00000012.pro,-1,,0
1910,,262640,1,82,10326,126,51,0,83886092,0x0500000C,misc,,00000012.pro,-1,,0
1911,,262728,1,88,10514,114,52,0,83886092,0x0500000C,misc,,00000012.pro,-1,,0
1912,,262816,1,89,10515,115,52,0,83886092,0x0500000C,misc,,00000012.pro,-1,,0
1913,,262904,1,90,10516,116,52,0,83886092,0x0500000C,misc,,00000012.pro,-1,,0
1914,,262992,1,91,10517,117,52,0,83886092,0x0500000C,misc,,00000012.pro,-1,,0
1915,,263080,1,92,10526,126,52,0,83886092,0x0500000C,misc,,00000012.pro,-1,,0
1916,,263168,1,97,10712,112,53,0,83886092,0x0500000C,misc,,00000012.pro,-1,,0
1917,,263256,1,99,10713,113,53,0,83886092,0x0500000C,misc,,00000012.pro,-1,,0
1918,,263344,1,100,10714,114,53,0,83886092,0x0500000C,misc,,00000012.pro,-1,,0
1919,,263432,1,101,10715,115,53,0,83886092,0x0500000C,misc,,00000012.pro,-1,,0
1920,,263520,1,102,10727,127,53,0,83886092,0x0500000C,misc,,00000012.pro,-1,,0
1921,,263608,1,107,10910,110,54,0,83886092,0x0500000C,misc,,00000012.pro,-1,,0
1922,,263696,1,108,10911,111,54,0,83886092,0x0500000C,misc,,00000012.pro,-1,,0
1923,,263784,1,109,10912,112,54,0,83886092,0x0500000C,misc,,00000012.pro,-1,,0
1924,,263872,1,111,10913,113,54,0,83886092,0x0500000C,misc,,00000012.pro,-1,,0
1925,,263960,1,113,10927,127,54,0,83886092,0x0500000C,misc,,00000012.pro,-1,,0
1926,,264048,1,114,10928,128,54,0,83886092,0x0500000C,misc,,00000012.pro,-1,,0
1927,,264136,1,119,11108,108,55,0,83886092,0x0500000C,misc,,00000012.pro,-1,,0
1928,,264224,1,120,11109,109,55,0,83886092,0x0500000C,misc,,00000012.pro,-1,,0
1929,,264312,1,121,11110,110,55,0,83886092,0x0500000C,misc,,00000012.pro,-1,,0
1930,,264400,1,122,11111,111,55,0,83886092,0x0500000C,misc,,00000012.pro,-1,,0
1931,,264488,1,124,11128,128,55,0,83886092,0x0500000C,misc,,00000012.pro,-1,,0
1932,,264576,1,130,11306,106,56,0,83886092,0x0500000C,misc,,00000012.pro,-1,,0
1933,,264664,1,131,11307,107,56,0,83886092,0x0500000C,misc,,00000012.pro,-1,,0
1934,,264752,1,132,11308,108,56,0,83886092,0x0500000C,misc,,00000012.pro,-1,,0
1935,,264840,1,133,11309,109,56,0,83886092,0x0500000C,misc,,00000012.pro,-1,,0
1936,,264928,1,135,11329,129,56,0,83886092,0x0500000C,misc,,00000012.pro,-1,,0
1937,,265016,1,140,11504,104,57,0,83886092,0x0500000C,misc,,00000012.pro,-1,,0
1938,,265104,1,141,11505,105,57,0,83886092,0x0500000C,misc,,00000012.pro,-1,,0
1939,,265192,1,142,11506,106,57,0,83886092,0x0500000C,misc,,00000012.pro,-1,,0
1940,,265280,1,143,11507,107,57,0,83886092,0x0500000C,misc,,00000012.pro,-1,,0
1941,,265368,1,146,11529,129,57,0,83886092,0x0500000C,misc,,00000012.pro,-1,,0
1942,,265456,1,147,11530,130,57,0,83886092,0x0500000C,misc,,00000012.pro,-1,,0
1943,,265544,1,152,11702,102,58,0,83886092,0x0500000C,misc,,00000012.pro,-1,,0
1944,,265632,1,153,11703,103,58,0,83886092,0x0500000C,misc,,00000012.pro,-1,,0
1945,,265720,1,154,11704,104,58,0,83886092,0x0500000C,misc,,00000012.pro,-1,,0
1946,,265808,1,155,11705,105,58,0,83886092,0x0500000C,misc,,00000012.pro,-1,,0
1947,,265896,1,157,11730,130,58,0,83886092,0x0500000C,misc,,00000012.pro,-1,,0
1948,,265984,1,162,11900,100,59,0,83886092,0x0500000C,misc,,00000012.pro,-1,,0
1949,,266072,1,163,11901,101,59,0,83886092,0x0500000C,misc,,00000012.pro,-1,,0
1950,,266160,1,164,11902,102,59,0,83886092,0x0500000C,misc,,00000012.pro,-1,,0
1951,,266248,1,165,11903,103,59,0,83886092,0x0500000C,misc,,00000012.pro,-1,,0
1952,,266336,1,167,11931,131,59,0,83886092,0x0500000C,misc,,00000012.pro,-1,,0
1953,,266424,1,172,12098,98,60,0,83886092,0x0500000C,misc,,00000012.pro,-1,,0
1954,,266512,1,173,12099,99,60,0,83886092,0x0500000C,misc,,00000012.pro,-1,,0
1955,,266600,1,174,12100,100,60,0,83886092,0x0500000C,misc,,00000012.pro,-1,,0
1956,,266688,1,175,12101,101,60,0,83886092,0x0500000C,misc,,00000012.pro,-1,,0
1957,,266776,1,178,12131,131,60,0,83886092,0x0500000C,misc,,00000012.pro,-1,,0
1958,,266864,1,179,12132,132,60,0,83886092,0x0500000C,misc,,00000012.pro,-1,,0
1959,,266952,1,184,12296,96,61,0,83886092,0x0500000C,misc,,00000012.pro,-1,,0
1960,,267040,1,185,12297,97,61,0,83886092,0x0500000C,misc,,00000012.pro,-1,,0
1961,,267128,1,186,12298,98,61,0,83886092,0x0500000C,misc,,00000012.pro,-1,,0
1962,,267216,1,187,12299,99,61,0,83886092,0x0500000C,misc,,00000012.pro,-1,,0
1963,,267304,1,189,12332,132,61,0,83886092,0x0500000C,misc,,00000012.pro,-1,,0
1964,,267392,1,194,12494,94,62,0,83886092,0x0500000C,misc,,00000012.pro,-1,,0
1965,,267480,1,195,12495,95,62,0,83886092,0x0500000C,misc,,00000012.pro,-1,,0
1966,,267568,1,196,12496,96,62,0,83886092,0x0500000C,misc,,00000012.pro,-1,,0
1967,,267656,1,197,12497,97,62,0,83886092,0x0500000C,misc,,00000012.pro,-1,,0
1968,,267744,1,199,12533,133,62,0,83886092,0x0500000C,misc,,00000012.pro,-1,,0
1969,,267832,1,204,12692,92,63,0,83886092,0x0500000C,misc,,00000012.pro,-1,,0
1970,,267920,1,205,12693,93,63,0,83886092,0x0500000C,misc,,00000012.pro,-1,,0
1971,,268008,1,206,12694,94,63,0,83886092,0x0500000C,misc,,00000012.pro,-1,,0
1972,,268096,1,207,12695,95,63,0,83886092,0x0500000C,misc,,00000012.pro,-1,,0
1973,,268184,1,210,12733,133,63,0,83886092,0x0500000C,misc,,00000012.pro,-1,,0
1974,,268272,1,211,12734,134,63,0,83886092,0x0500000C,misc,,00000012.pro,-1,,0
1975,,268360,1,216,12890,90,64,0,83886092,0x0500000C,misc,,00000012.pro,-1,,0
1976,,268448,1,217,12891,91,64,0,83886092,0x0500000C,misc,,00000012.pro,-1,,0
1977,,268536,1,218,12892,92,64,0,83886092,0x0500000C,misc,,00000012.pro,-1,,0
1978,,268624,1,219,12893,93,64,0,83886092,0x0500000C,misc,,00000012.pro,-1,,0
1979,,268712,1,221,12934,134,64,0,83886092,0x0500000C,misc,,00000012.pro,-1,,0
1980,,268800,1,226,13088,88,65,0,83886092,0x0500000C,misc,,00000012.pro,-1,,0
1981,,268888,1,227,13089,89,65,0,83886092,0x0500000C,misc,,00000012.pro,-1,,0
1982,,268976,1,228,13090,90,65,0,83886092,0x0500000C,misc,,00000012.pro,-1,,0
1983,,269064,1,229,13091,91,65,0,83886092,0x0500000C,misc,,00000012.pro,-1,,0
1984,,269152,1,231,13135,135,65,0,83886092,0x0500000C,misc,,00000012.pro,-1,,0
1985,,269240,1,236,13286,86,66,0,83886092,0x0500000C,misc,,00000012.pro,-1,,0
1986,,269328,1,237,13287,87,66,0,83886092,0x0500000C,misc,,00000012.pro,-1,,0
1987,,269416,1,238,13288,88,66,0,83886092,0x0500000C,misc,,00000012.pro,-1,,0
1988,,269504,1,239,13289,89,66,0,83886092,0x0500000C,misc,,00000012.pro,-1,,0
1989,,269592,1,242,13335,135,66,0,83886092,0x0500000C,misc,,00000012.pro,-1,,0
1990,,269680,1,243,13336,136,66,0,83886092,0x0500000C,misc,,00000012.pro,-1,,0
1991,,269768,1,248,13484,84,67,0,83886092,0x0500000C,misc,,00000012.pro,-1,,0
1992,,269856,1,249,13485,85,67,0,83886092,0x0500000C,misc,,00000012.pro,-1,,0
1993,,269944,1,250,13486,86,67,0,83886092,0x0500000C,misc,,00000012.pro,-1,,0
1994,,270032,1,251,13487,87,67,0,83886092,0x0500000C,misc,,00000012.pro,-1,,0
1995,,270120,1,253,13536,136,67,0,83886092,0x0500000C,misc,,00000012.pro,-1,,0
1996,,270208,1,258,13682,82,68,0,83886092,0x0500000C,misc,,00000012.pro,-1,,0
1997,,270296,1,259,13683,83,68,0,83886092,0x0500000C,misc,,00000012.pro,-1,,0
1998,,270384,1,260,13684,84,68,0,83886092,0x0500000C,misc,,00000012.pro,-1,,0
1999,,270472,1,261,13685,85,68,0,83886092,0x0500000C,misc,,00000012.pro,-1,,0
2000,,270560,1,263,13737,137,68,0,83886092,0x0500000C,misc,,00000012.pro,-1,,0
2001,,270648,1,268,13880,80,69,0,83886092,0x0500000C,misc,,00000012.pro,-1,,0
2002,,270736,1,269,13881,81,69,0,83886092,0x0500000C,misc,,00000012.pro,-1,,0
2003,,270824,1,270,13882,82,69,0,83886092,0x0500000C,misc,,00000012.pro,-1,,0
2004,,270912,1,271,13883,83,69,0,83886092,0x0500000C,misc,,00000012.pro,-1,,0
2005,,271000,1,272,13884,84,69,0,50332412,0x030002FC,wall,,00000764.pro,-1,,0
2006,,271088,1,273,13885,85,69,0,50332400,0x030002F0,wall,,00000752.pro,-1,,0
2007,,271176,1,274,13886,86,69,0,50332402,0x030002F2,wall,,00000754.pro,-1,,0
2008,,271264,1,275,13887,87,69,0,50332400,0x030002F0,wall,,00000752.pro,-1,,0
2009,,271352,1,276,13888,88,69,0,50332420,0x03000304,wall,,00000772.pro,-1,,0
2010,,271440,1,277,13889,89,69,0,50332400,0x030002F0,wall,,00000752.pro,-1,,0
2011,,271528,1,278,13890,90,69,0,50332402,0x030002F2,wall,,00000754.pro,-1,,0
2012,,271616,1,279,13891,91,69,0,50332400,0x030002F0,wall,,00000752.pro,-1,,0
2013,,271704,1,280,13892,92,69,0,50332418,0x03000302,wall,,00000770.pro,-1,,0
2014,,271792,1,281,13893,93,69,0,50332400,0x030002F0,wall,,00000752.pro,-1,,0
2015,,271880,1,282,13894,94,69,0,50332402,0x030002F2,wall,,00000754.pro,-1,,0
2016,,271968,1,283,13895,95,69,0,50332400,0x030002F0,wall,,00000752.pro,-1,,0
2017,,272056,1,284,13896,96,69,0,50332422,0x03000306,wall,,00000774.pro,-1,,0
2018,,272144,1,285,13897,97,69,0,50332400,0x030002F0,wall,,00000752.pro,-1,,0
2019,,272232,1,286,13898,98,69,0,50332402,0x030002F2,wall,,00000754.pro,-1,,0
2020,,272320,1,287,13899,99,69,0,50332400,0x030002F0,wall,,00000752.pro,-1,,0
2021,,272408,1,288,13900,100,69,0,50332419,0x03000303,wall,,00000771.pro,-1,,0
2022,,272496,1,289,13901,101,69,0,50332400,0x030002F0,wall,,00000752.pro,-1,,0
2023,,272584,1,290,13902,102,69,0,50332402,0x030002F2,wall,,00000754.pro,-1,,0
2024,,272672,1,291,13903,103,69,0,50332400,0x030002F0,wall,,00000752.pro,-1,,0
2025,,272760,1,292,13904,104,69,0,50332425,0x03000309,wall,,00000777.pro,-1,,0
2026,,272848,1,293,13905,105,69,0,50332400,0x030002F0,wall,,00000752.pro,-1,,0
2027,,272936,1,294,13906,106,69,0,50332402,0x030002F2,wall,,00000754.pro,-1,,0
2028,,273024,1,295,13907,107,69,0,50332400,0x030002F0,wall,,00000752.pro,-1,,0
2029,,273112,1,296,13908,108,69,0,50332419,0x03000303,wall,,00000771.pro,-1,,0
2030,,273200,1,297,13909,109,69,0,50332400,0x030002F0,wall,,00000752.pro,-1,,0
2031,,273288,1,298,13910,110,69,0,50332402,0x030002F2,wall,,00000754.pro,-1,,0
2032,,273376,1,299,13911,111,69,0,50332400,0x030002F0,wall,,00000752.pro,-1,,0
2033,,273464,1,300,13912,112,69,0,50332420,0x03000304,wall,,00000772.pro,-1,,0
2034,,273552,1,301,13913,113,69,0,50332400,0x030002F0,wall,,00000752.pro,-1,,0
2035,,273640,1,302,13914,114,69,0,50332402,0x030002F2,wall,,00000754.pro,-1,,0
2036,,273728,1,303,13915,115,69,0,50332400,0x030002F0,wall,,00000752.pro,-1,,0
2037,,273816,1,304,13916,116,69,0,50332401,0x030002F1,wall,,00000753.pro,-1,,0
2038,,273904,1,305,13917,117,69,0,50332400,0x030002F0,wall,,00000752.pro,-1,,0
2039,,273992,1,306,13918,118,69,0,50332402,0x030002F2,wall,,00000754.pro,-1,,0
2040,,274080,1,307,13919,119,69,0,50332400,0x030002F0,wall,,00000752.pro,-1,,0
2041,,274168,1,308,13920,120,69,0,50332423,0x03000307,wall,,00000775.pro,-1,,0
2042,,274256,1,309,13921,121,69,0,50332400,0x030002F0,wall,,00000752.pro,-1,,0
2043,,274344,1,310,13922,122,69,0,50332402,0x030002F2,wall,,00000754.pro,-1,,0
2044,,274432,1,312,13923,123,69,0,50332400,0x030002F0,wall,,00000752.pro,-1,,0
2045,,274520,1,314,13924,124,69,0,50332418,0x03000302,wall,,00000770.pro,-1,,0
2046,,274608,1,315,13925,125,69,0,50332400,0x030002F0,wall,,00000752.pro,-1,,0
2047,,274696,1,316,13926,126,69,0,50332402,0x030002F2,wall,,00000754.pro,-1,,0
2048,,274784,1,317,13927,127,69,0,50332400,0x030002F0,wall,,00000752.pro,-1,,0
2049,,274872,1,318,13928,128,69,0,50332419,0x03000303,wall,,00000771.pro,-1,,0
2050,,274960,1,319,13929,129,69,0,50332400,0x030002F0,wall,,00000752.pro,-1,,0
2051,,275048,1,320,13930,130,69,0,50332402,0x030002F2,wall,,00000754.pro,-1,,0
2052,,275136,1,321,13931,131,69,0,50332400,0x030002F0,wall,,00000752.pro,-1,,0
2053,,275224,1,322,13932,132,69,0,50332401,0x030002F1,wall,,00000753.pro,-1,,0
2054,,275312,1,323,13933,133,69,0,50332400,0x030002F0,wall,,00000752.pro,-1,,0
2055,,275400,1,324,13934,134,69,0,50332402,0x030002F2,wall,,00000754.pro,-1,,0
2056,,275488,1,325,13935,135,69,0,50332400,0x030002F0,wall,,00000752.pro,-1,,0
2057,,275576,1,326,13936,136,69,0,50332411,0x030002FB,wall,,00000763.pro,-1,,0
2058,,275664,1,327,13937,137,69,0,83886092,0x0500000C,misc,,00000012.pro,-1,,0
2059,,275752,1,328,13937,137,69,0,50332270,0x0300026E,wall,,00000622.pro,-1,,0
2060,,275840,1,329,13938,138,69,0,83886092,0x0500000C,misc,,00000012.pro,-1,,0
2061,,275928,1,334,14078,78,70,0,83886092,0x0500000C,misc,,00000012.pro,-1,,0
2062,,276016,1,335,14079,79,70,0,83886092,0x0500000C,misc,,00000012.pro,-1,,0
2063,,276104,1,336,14080,80,70,0,83886092,0x0500000C,misc,,00000012.pro,-1,,0
2064,,276192,1,337,14081,81,70,0,83886092,0x0500000C,misc,,00000012.pro,-1,,0
2065,,276280,1,338,14084,84,70,0,50332270,0x0300026E,wall,,00000622.pro,-1,,0
2066,,276368,1,339,14085,85,70,0,50332270,0x0300026E,wall,,00000622.pro,-1,,0
2067,,276456,1,340,14087,87,70,0,50332270,0x0300026E,wall,,00000622.pro,-1,,0
2068,,276544,1,341,14087,87,70,0,33554616,0x020000B8,scenery,generic,00000185.pro,-1,,0
2069,,276632,1,342,14089,89,70,0,50332270,0x0300026E,wall,,00000622.pro,-1,,0
2070,,276720,1,343,14091,91,70,0,50332270,0x0300026E,wall,,00000622.pro,-1,,0
2071,,276808,1,344,14093,93,70,0,50332270,0x0300026E,wall,,00000622.pro,-1,,0
2072,,276896,1,345,14095,95,70,0,50332270,0x0300026E,wall,,00000622.pro,-1,,0
2073,,276984,1,346,14097,97,70,0,50332270,0x0300026E,wall,,00000622.pro,-1,,0
2074,,277072,1,347,14099,99,70,0,50332270,0x0300026E,wall,,00000622.pro,-1,,0
2075,,277160,1,348,14099,99,70,0,33554616,0x020000B8,scenery,generic,00000185.pro,-1,,0
2076,,277248,1,349,14101,101,70,0,50332270,0x0300026E,wall,,00000622.pro,-1,,0
2077,,277336,1,350,14103,103,70,0,50332270,0x0300026E,wall,,00000622.pro,-1,,0
2078,,277424,1,351,14104,104,70,0,50332269,0x0300026D,wall,,00000621.pro,-1,,0
2079,,277512,1,352,14105,105,70,0,50332270,0x0300026E,wall,,00000622.pro,-1,,0
2080,,277600,1,353,14107,107,70,0,50332270,0x0300026E,wall,,00000622.pro,-1,,0
2081,,277688,1,354,14109,109,70,0,50332270,0x0300026E,wall,,00000622.pro,-1,,0
2082,,277776,1,355,14111,111,70,0,50332270,0x0300026E,wall,,00000622.pro,-1,,0
2083,,277864,1,356,14111,111,70,0,33554616,0x020000B8,scenery,generic,00000185.pro,-1,,0
2084,,277952,1,357,14113,113,70,0,50332270,0x0300026E,wall,,00000622.pro,-1,,0
2085,,278040,1,358,14115,115,70,0,50332270,0x0300026E,wall,,00000622.pro,-1,,0
2086,,278128,1,359,14117,117,70,0,50332270,0x0300026E,wall,,00000622.pro,-1,,0
2087,,278216,1,360,14119,119,70,0,50332270,0x0300026E,wall,,00000622.pro,-1,,0
2088,,278304,1,361,14121,121,70,0,50332270,0x0300026E,wall,,00000622.pro,-1,,0
2089,,278392,1,362,14123,123,70,0,50332270,0x0300026E,wall,,00000622.pro,-1,,0
2090,,278480,1,363,14123,123,70,0,33554616,0x020000B8,scenery,generic,00000185.pro,-1,,0
2091,,278568,1,365,14125,125,70,0,50332270,0x0300026E,wall,,00000622.pro,-1,,0
2092,,278656,1,366,14127,127,70,0,50332270,0x0300026E,wall,,00000622.pro,-1,,0
2093,,278744,1,367,14129,129,70,0,50332270,0x0300026E,wall,,00000622.pro,-1,,0
2094,,278832,1,368,14131,131,70,0,50332270,0x0300026E,wall,,00000622.pro,-1,,0
2095,,278920,1,369,14133,133,70,0,50332270,0x0300026E,wall,,00000622.pro,-1,,0
2096,,279008,1,370,14135,135,70,0,50332270,0x0300026E,wall,,00000622.pro,-1,,0
2097,,279096,1,371,14136,136,70,0,50332270,0x0300026E,wall,,00000622.pro,-1,,0
2098,,279184,1,372,14137,137,70,0,50332269,0x0300026D,wall,,00000621.pro,-1,,0
2099,,279272,1,373,14138,138,70,0,83886092,0x0500000C,misc,,00000012.pro,-1,,0
2100,,279360,1,378,14276,76,71,0,83886092,0x0500000C,misc,,00000012.pro,-1,,0
2101,,279448,1,379,14277,77,71,0,83886092,0x0500000C,misc,,00000012.pro,-1,,0
2102,,279536,1,380,14278,78,71,0,83886092,0x0500000C,misc,,00000012.pro,-1,,0
2103,,279624,1,381,14279,79,71,0,83886092,0x0500000C,misc,,00000012.pro,-1,,0
2104,,279712,1,382,14284,84,71,0,50332409,0x030002F9,wall,,00000761.pro,-1,,0
2105,,279800,1,383,14291,91,71,0,33554499,0x02000043,scenery,generic,00000068.pro,-1,,0
2106,,279888,1,384,14292,92,71,0,33554590,0x0200009E,scenery,generic,00000159.pro,-1,,0
2107,,279976,1,385,14293,93,71,0,33554499,0x02000043,scenery,generic,00000068.pro,-1,,0
2108,,280064,1,386,14304,104,71,0,50332442,0x0300031A,wall,,00000794.pro,-1,,0
2109,,280152,1,387,14306,106,71,3,16777492,0x01000114,critter,,00000276.pro,67108884,HallGrd.int,3
2109/inventory/0,2,280284,1,388,-1,,,0,36,0x00000024,item,ammo,00000036.pro,-1,,0
2109/inventory/1,1,280380,1,389,-1,,,0,12,0x0000000C,item,weapon,00000006.pro,-1,,0
2109/inventory/2,3,280480,1,1169,-1,,,0,40,0x00000028,item,drug,00000040.pro,-1,,0
2110,,280568,1,391,14336,136,71,0,50332407,0x030002F7,wall,,00000759.pro,-1,,0
2111,,280656,1,392,14337,137,71,0,50331878,0x030000E6,wall,,00000230.pro,-1,,0
2112,,280744,1,393,14339,139,71,0,83886092,0x0500000C,misc,,00000012.pro,-1,,0
2113,,280832,1,398,14474,74,72,0,83886092,0x0500000C,misc,,00000012.pro,-1,,0
2114,,280920,1,399,14475,75,72,0,83886092,0x0500000C,misc,,00000012.pro,-1,,0
2115,,281008,1,400,14476,76,72,0,83886092,0x0500000C,misc,,00000012.pro,-1,,0
2116,,281096,1,401,14477,77,72,0,83886092,0x0500000C,misc,,00000012.pro,-1,,0
2117,,281184,1,402,14484,84,72,0,50332407,0x030002F7,wall,,00000759.pro,-1,,0
2118,,281272,1,403,14504,104,72,0,50332269,0x0300026D,wall,,00000621.pro,-1,,0
2119,,281360,1,404,14513,113,72,0,33554957,0x0200020D,scenery,generic,00000526.pro,-1,,0
2120,,281448,1,405,14515,115,72,0,33554957,0x0200020D,scenery,generic,00000526.pro,-1,,0
2121,,281536,1,406,14517,117,72,0,33554957,0x0200020D,scenery,generic,00000526.pro,-1,,0
2122,,281624,1,407,14519,119,72,0,33554957,0x0200020D,scenery,generic,00000526.pro,-1,,0
2123,,281712,1,408,14521,121,72,0,33554957,0x0200020D,scenery,generic,00000526.pro,-1,,0
2124,,281800,1,409,14523,123,72,0,33554957,0x0200020D,scenery,generic,00000526.pro,-1,,0
2125,,281888,1,411,14525,125,72,0,33554957,0x0200020D,scenery,generic,00000526.pro,-1,,0
2126,,281976,1,413,14527,127,72,0,33554957,0x0200020D,scenery,generic,00000526.pro,-1,,0
2127,,282064,1,414,14529,129,72,0,33554957,0x0200020D,scenery,generic,00000526.pro,-1,,0
2128,,282152,1,415,14536,136,72,0,50332407,0x030002F7,wall,,00000759.pro,-1,,0
2129,,282240,1,416,14537,137,72,0,50331879,0x030000E7,wall,,00000231.pro,-1,,0
2130,,282328,1,417,14539,139,72,0,83886092,0x0500000C,misc,,00000012.pro,-1,,0
2131,,282416,1,418,14540,140,72,0,83886092,0x0500000C,misc,,00000012.pro,-1,,0
2132,,282504,1,445,14672,72,73,0,83886092,0x0500000C,misc,,00000012.pro,-1,,0
2133,,282592,1,447,14673,73,73,0,83886092,0x0500000C,misc,,00000012.pro,-1,,0
2134,,282680,1,449,14674,74,73,0,83886092,0x0500000C,misc,,00000012.pro,-1,,0
2135,,282768,1,451,14675,75,73,0,83886092,0x0500000C,misc,,00000012.pro,-1,,0
2136,,282856,1,461,14684,84,73,0,50332413,0x030002FD,wall,,00000765.pro,-1,,0
2137,,282944,1,470,14692,92,73,0,33554499,0x02000043,scenery,generic,00000068.pro,-1,,0
2138,,283032,1,472,14694,94,73,0,33554499,0x02000043,scenery,generic,00000068.pro,-1,,0
2139,,283120,1,473,14704,104,73,0,33554583,0x02000097,scenery,door,00000152.pro,50331684,MetlDoor.int,0
2140,,283212,1,474,14713,113,73,0,33554499,0x02000043,scenery,generic,00000068.pro,-1,,0
2141,,283300,1,475,14715,115,73,0,33554499,0x02000043,scenery,generic,00000068.pro,-1,,0
2142,,283388,1,476,14717,117,73,0,33554499,0x02000043,scenery,generic,00000068.pro,-1,,0
2143,,283476,1,477,14719,119,73,0,33554499,0x02000043,scenery,generic,00000068.pro,-1,,0
2144,,283564,1,478,14721,121,73,0,33554499,0x02000043,scenery,generic,00000068.pro,-1,,0
2145,,283652,1,479,14723,123,73,0,33554499,0x02000043,scenery,generic,00000068.pro,-1,,0
2146,,283740,1,480,14725,125,73,0,33554499,0x02000043,scenery,generic,00000068.pro,-1,,0
2147,,283828,1,482,14727,127,73,0,33554499,0x02000043,scenery,generic,00000068.pro,-1,,0
2148,,283916,1,483,14729,129,73,0,33554499,0x02000043,scenery,generic,00000068.pro,-1,,0
2149,,284004,1,484,14736,136,73,0,50332407,0x030002F7,wall,,00000759.pro,-1,,0
2150,,284092,1,485,14737,137,73,0,50331880,0x030000E8,wall,,00000232.pro,-1,,0
2151,,284180,1,486,14740,140,73,0,83886092,0x0500000C,misc,,00000012.pro,-1,,0
2152,,284268,1,513,14870,70,74,0,83886092,0x0500000C,misc,,00000012.pro,-1,,0
2153,,284356,1,515,14871,71,74,0,83886092,0x0500000C,misc,,00000012.pro,-1,,0
2154,,284444,1,517,14872,72,74,0,83886092,0x0500000C,misc,,00000012.pro,-1,,0
2155,,284532,1,519,14873,73,74,0,83886092,0x0500000C,misc,,00000012.pro,-1,,0
2156,,284620,1,534,14884,84,74,0,50332407,0x030002F7,wall,,00000759.pro,-1,,0
2157,,284708,1,535,14884,84,74,0,33554617,0x020000B9,scenery,generic,00000186.pro,-1,,0
2158,,284796,1,544,14891,91,74,0,33554499,0x02000043,scenery,generic,00000068.pro,-1,,0
2159,,284884,1,546,14892,92,74,0,33554499,0x02000043,scenery,generic,00000068.pro,-1,,0
2160,,284972,1,548,14893,93,74,0,33554499,0x02000043,scenery,generic,00000068.pro,-1,,0
2161,,285060,1,549,14894,94,74,0,33554948,0x02000204,scenery,generic,00000517.pro,-1,,0
2162,,285148,1,550,14904,104,74,0,50332269,0x0300026D,wall,,00000621.pro,-1,,0
2163,,285236,1,551,14906,106,74,3,16777492,0x01000114,critter,,00000276.pro,67108883,HallGrd.int,3
2163/inventory/0,2,285368,1,552,-1,,,0,36,0x00000024,item,ammo,00000036.pro,-1,,0
2163/inventory/1,1,285464,1,553,-1,,,0,12,0x0000000C,item,weapon,00000006.pro,-1,,0
2163/inventory/2,3,285564,1,1177,-1,,,0,40,0x00000028,item,drug,00000040.pro,-1,,0
2164,,285652,1,554,14913,113,74,0,33554499,0x02000043,scenery,generic,00000068.pro,-1,,0
2165,,285740,1,555,14915,115,74,0,33554499,0x02000043,scenery,generic,00000068.pro,-1,,0
2166,,285828,1,556,14917,117,74,0,33554499,0x02000043,scenery,generic,00000068.pro,-1,,0
2167,,285916,1,557,14919,119,74,0,33554499,0x02000043,scenery,generic,00000068.pro,-1,,0
2168,,286004,1,558,14921,121,74,0,33554499,0x02000043,scenery,generic,00000068.pro,-1,,0
2169,,286092,1,559,14923,123,74,0,33554499,0x02000043,scenery,generic,00000068.pro,-1,,0
2170,,286180,1,560,14925,125,74,0,33554499,0x02000043,scenery,generic,00000068.pro,-1,,0
2171,,286268,1,562,14927,127,74,0,33554499,0x02000043,scenery,generic,00000068.pro,-1,,0
2172,,286356,1,563,14929,129,74,0,33554499,0x02000043,scenery,generic,00000068.pro,-1,,0
2173,,286444,1,564,14936,136,74,0,50332407,0x030002F7,wall,,00000759.pro,-1,,0
2174,,286532,1,565,14937,137,74,0,50331881,0x030000E9,wall,,00000233.pro,-1,,0
2175,,286620,1,566,14941,141,74,0,83886092,0x0500000C,misc,,00000012.pro,-1,,0
2176,,286708,1,581,15068,68,75,0,83886092,0x0500000C,misc,,00000012.pro,-1,,0
2177,,286796,1,583,15069,69,75,0,83886092,0x0500000C,misc,,00000012.pro,-1,,0
2178,,286884,1,585,15070,70,75,0,83886092,0x0500000C,misc,,00000012.pro,-1,,0
2179,,286972,1,586,15071,71,75,0,83886092,0x0500000C,misc,,00000012.pro,-1,,0
2180,,287060,1,591,15084,84,75,0,50332409,0x030002F9,wall,,00000761.pro,-1,,0
2181,,287148,1,592,15090,90,75,0,33554490,0x0200003A,scenery,generic,00000059.pro,-1,,0
2182,,287236,1,593,15091,91,75,0,33554499,0x02000043,scenery,generic,00000068.pro,-1,,0
2183,,287324,1,596,15094,94,75,0,33554499,0x02000043,scenery,generic,00000068.pro,-1,,0
2184,,287412,1,597,15095,95,75,0,33554491,0x0200003B,scenery,generic,00000060.pro,-1,,0
2185,,287500,1,598,15104,104,75,0,50332441,0x03000319,wall,,00000793.pro,-1,,0
2186,,287588,1,599,15106,106,75,0,33554955,0x0200020B,scenery,generic,00000524.pro,-1,,0
2187,,287676,1,600,15113,113,75,0,33554957,0x0200020D,scenery,generic,00000526.pro,-1,,0
2188,,287764,1,601,15115,115,75,0,33554957,0x0200020D,scenery,generic,00000526.pro,-1,,0
2189,,287852,1,602,15117,117,75,0,33554957,0x0200020D,scenery,generic,00000526.pro,-1,,0
2190,,287940,1,603,15119,119,75,0,33554957,0x0200020D,scenery,generic,00000526.pro,-1,,0
2191,,288028,1,604,15121,121,75,0,33554957,0x0200020D,scenery,generic,00000526.pro,-1,,0
2192,,288116,1,605,15123,123,75,0,33554957,0x0200020D,scenery,generic,00000526.pro,-1,,0
2193,,288204,1,606,15125,125,75,0,33554957,0x0200020D,scenery,generic,00000526.pro,-1,,0
2194,,288292,1,608,15127,127,75,0,33554957,0x0200020D,scenery,generic,00000526.pro,-1,,0
2195,,288380,1,610,15129,129,75,0,33554957,0x0200020D,scenery,generic,00000526.pro,-1,,0
2196,,288468,1,611,15136,136,75,0,50332407,0x030002F7,wall,,00000759.pro,-1,,0
2197,,288556,1,612,15137,137,75,0,50331878,0x030000E6,wall,,00000230.pro,-1,,0
2198,,288644,1,613,15141,141,75,0,83886092,0x0500000C,misc,,00000012.pro,-1,,0
2199,,288732,1,614,15142,142,75,0,83886092,0x0500000C,misc,,00000012.pro,-1,,0
2200,,288820,1,623,15266,66,76,0,83886092,0x0500000C,misc,,00000012.pro,-1,,0
2201,,288908,1,624,15267,67,76,0,83886092,0x0500000C,misc,,00000012.pro,-1,,0
2202,,288996,1,625,15268,68,76,0,83886092,0x0500000C,misc,,00000012.pro,-1,,0
2203,,289084,1,627,15269,69,76,0,83886092,0x0500000C,misc,,00000012.pro,-1,,0
2204,,289172,1,631,15284,84,76,0,50332407,0x030002F7,wall,,00000759.pro,-1,,0
2205,,289260,1,632,15290,90,76,3,16777428,0x010000D4,critter,,00000212.pro,67108890,BroEld.int,2
2205/inventory/0,1,289392,1,633,-1,,,0,16,0x00000010,item,weapon,00000016.pro,-1,,0
2205/inventory/1,1,289492,1,1197,-1,,,0,38,0x00000026,item,ammo,00000038.pro,-1,,0
2206,,289584,1,634,15291,91,76,0,33554499,0x02000043,scenery,generic,00000068.pro,-1,,0
2207,,289672,1,637,15294,94,76,0,33554949,0x02000205,scenery,generic,00000518.pro,-1,,0
2208,,289760,1,638,15295,95,76,0,16777429,0x010000D5,critter,,00000213.pro,67108888,HighEld.int,2
2208/inventory/0,1,289892,1,639,-1,,,0,16,0x00000010,item,weapon,00000016.pro,-1,,0
2208/inventory/1,1,289992,1,1189,-1,,,0,38,0x00000026,item,ammo,00000038.pro,-1,,0
2209,,290084,1,640,15304,104,76,0,50332407,0x030002F7,wall,,00000759.pro,-1,,0
2210,,290172,1,641,15305,105,76,0,33554499,0x02000043,scenery,generic,00000068.pro,-1,,0
2211,,290260,1,642,15307,107,76,0,33554499,0x02000043,scenery,generic,00000068.pro,-1,,0
2212,,290348,1,643,15308,108,76,0,33554499,0x02000043,scenery,generic,00000068.pro,-1,,0
2213,,290436,1,644,15313,113,76,0,33554499,0x02000043,scenery,generic,00000068.pro,-1,,0
2214,,290524,1,645,15315,115,76,0,33554499,0x02000043,scenery,generic,00000068.pro,-1,,0
2215,,290612,1,646,15317,117,76,0,33554499,0x02000043,scenery,generic,00000068.pro,-1,,0
2216,,290700,1,647,15319,119,76,0,33554499,0x02000043,scenery,generic,00000068.pro,-1,,0
2217,,290788,1,648,15321,121,76,0,33554499,0x02000043,scenery,generic,00000068.pro,-1,,0
2218,,290876,1,649,15323,123,76,0,33554499,0x02000043,scenery,generic,00000068.pro,-1,,0
2219,,290964,1,650,15325,125,76,0,33554499,0x02000043,scenery,generic,00000068.pro,-1,,0
2220,,291052,1,651,15327,127,76,0,33554499,0x02000043,scenery,generic,00000068.pro,-1,,0
2221,,291140,1,653,15329,129,76,0,33554499,0x02000043,scenery,generic,00000068.pro,-1,,0
2222,,291228,1,654,15336,136,76,0,50332407,0x030002F7,wall,,00000759.pro,-1,,0
2223,,291316,1,655,15337,137,76,0,50331879,0x030000E7,wall,,00000231.pro,-1,,0
2224,,291404,1,656,15342,142,76,0,83886092,0x0500000C,misc,,00000012.pro,-1,,0
2225,,291492,1,667,15464,64,77,0,83886092,0x0500000C,misc,,00000012.pro,-1,,0
2226,,291580,1,668,15465,65,77,0,83886092,0x0500000C,misc,,00000012.pro,-1,,0
2227,,291668,1,669,15466,66,77,0,83886092,0x0500000C,misc,,00000012.pro,-1,,0
2228,,291756,1,670,15467,67,77,0,83886092,0x0500000C,misc,,00000012.pro,-1,,0
2229,,291844,1,671,15467,67,77,0,83886092,0x0500000C,misc,,00000012.pro,-1,,0
2230,,291932,1,678,15484,84,77,0,50332417,0x03000301,wall,,00000769.pro,-1,,0
2231,,292020,1,679,15490,90,77,0,33554490,0x0200003A,scenery,generic,00000059.pro,-1,,0
2232,,292108,1,680,15491,91,77,0,33554499,0x02000043,scenery,generic,00000068.pro,-1,,0
2233,,292196,1,683,15494,94,77,0,33554499,0x02000043,scenery,generic,00000068.pro,-1,,0
2234,,292284,1,684,15495,95,77,0,33554491,0x0200003B,scenery,generic,00000060.pro,-1,,0
2235,,292372,1,685,15504,104,77,0,50332414,0x030002FE,wall,,00000766.pro,-1,,0
2236,,292460,1,686,15509,109,77,0,33554499,0x02000043,scenery,generic,00000068.pro,-1,,0
2237,,292548,1,687,15513,113,77,0,33554499,0x02000043,scenery,generic,00000068.pro,-1,,0
2238,,292636,1,688,15515,115,77,0,33554499,0x02000043,scenery,generic,00000068.pro,-1,,0
2239,,292724,1,689,15517,117,77,0,33554499,0x02000043,scenery,generic,00000068.pro,-1,,0
2240,,292812,1,690,15519,119,77,0,33554499,0x02000043,scenery,generic,00000068.pro,-1,,0
2241,,292900,1,691,15521,121,77,0,33554499,0x02000043,scenery,generic,00000068.pro,-1,,0
2242,,292988,1,692,15523,123,77,0,33554499,0x02000043,scenery,generic,00000068.pro,-1,,0
2243,,293076,1,693,15525,125,77,0,33554499,0x02000043,scenery,generic,00000068.pro,-1,,0
2244,,293164,1,694,15527,127,77,0,33554499,0x02000043,scenery,generic,00000068.pro,-1,,0
2245,,293252,1,696,15529,129,77,0,33554499,0x02000043,scenery,generic,00000068.pro,-1,,0
2246,,293340,1,697,15536,136,77,0,50332407,0x030002F7,wall,,00000759.pro,-1,,0
2247,,293428,1,698,15537,137,77,0,50331880,0x030000E8,wall,,00000232.pro,-1,,0
2248,,293516,1,699,15543,143,77,0,83886092,0x0500000C,misc,,00000012.pro,-1,,0
2249,,293604,1,711,15662,62,78,0,83886092,0x0500000C,misc,,00000012.pro,-1,,0
2250,,293692,1,712,15663,63,78,0,83886092,0x0500000C,misc,,00000012.pro,-1,,0
2251,,293780,1,713,15664,64,78,0,83886092,0x0500000C,misc,,00000012.pro,-1,,0
2252,,293868,1,714,15665,65,78,0,83886092,0x0500000C,misc,,00000012.pro,-1,,0
2253,,293956,1,727,15684,84,78,0,50332407,0x030002F7,wall,,00000759.pro,-1,,0
2254,,294044,1,728,15690,90,78,3,16777430,0x010000D6,critter,,00000214.pro,67108891,BroEld.int,2
2254/inventory/0,1,294176,1,729,-1,,,0,16,0x00000010,item,weapon,00000016.pro,-1,,0
2254/inventory/1,1,294276,1,1201,-1,,,0,38,0x00000026,item,ammo,00000038.pro,-1,,0
2255,,294368,1,730,15691,91,78,0,33554499,0x02000043,scenery,generic,00000068.pro,-1,,0
2256,,294456,1,733,15694,94,78,0,33554950,0x02000206,scenery,generic,00000519.pro,-1,,0
2257,,294544,1,734,15695,95,78,0,16777427,0x010000D3,critter,,00000211.pro,67108889,BroEld.int,2
2257/inventory/0,1,294676,1,735,-1,,,0,16,0x00000010,item,weapon,00000016.pro,-1,,0
2257/inventory/1,1,294776,1,1193,-1,,,0,38,0x00000026,item,ammo,00000038.pro,-1,,0
2258,,294868,1,736,15704,104,78,0,50332407,0x030002F7,wall,,00000759.pro,-1,,0
2259,,294956,1,737,15704,104,78,0,33554617,0x020000B9,scenery,generic,00000186.pro,-1,,0
2260,,295044,1,738,15706,106,78,0,33554958,0x0200020E,scenery,generic,00000527.pro,-1,,0
2261,,295132,1,741,15736,136,78,0,50332407,0x030002F7,wall,,00000759.pro,-1,,0
2262,,295220,1,742,15737,137,78,0,50331881,0x030000E9,wall,,00000233.pro,-1,,0
2263,,295308,1,743,15743,143,78,0,83886092,0x0500000C,misc,,00000012.pro,-1,,0
2264,,295396,1,744,15744,144,78,0,83886092,0x0500000C,misc,,00000012.pro,-1,,0
2265,,295484,1,751,15860,60,79,0,83886092,0x0500000C,misc,,00000012.pro,-1,,0
2266,,295572,1,752,15861,61,79,0,83886092,0x0500000C,misc,,00000012.pro,-1,,0
2267,,295660,1,753,15862,62,79,0,83886092,0x0500000C,misc,,00000012.pro,-1,,0
2268,,295748,1,754,15863,63,79,0,83886092,0x0500000C,misc,,00000012.pro,-1,,0
2269,,295836,1,769,15884,84,79,0,50332409,0x030002F9,wall,,00000761.pro,-1,,0
2270,,295924,1,770,15890,90,79,0,33554490,0x0200003A,scenery,generic,00000059.pro,-1,,0
2271,,296012,1,771,15891,91,79,0,33554499,0x02000043,scenery,generic,00000068.pro,-1,,0
2272,,296100,1,774,15894,94,79,0,33554499,0x02000043,scenery,generic,00000068.pro,-1,,0
2273,,296188,1,775,15895,95,79,0,33554491,0x0200003B,scenery,generic,00000060.pro,-1,,0
2274,,296276,1,776,15904,104,79,0,50332409,0x030002F9,wall,,00000761.pro,-1,,0
2275,,296364,1,777,15907,107,79,0,33554954,0x0200020A,scenery,generic,00000523.pro,-1,,0
2276,,296452,1,779,15936,136,79,0,50332407,0x030002F7,wall,,00000759.pro,-1,,0
2277,,296540,1,780,15937,137,79,0,50331878,0x030000E6,wall,,00000230.pro,-1,,0
2278,,296628,1,781,15944,144,79,0,83886092,0x0500000C,misc,,00000012.pro,-1,,0
2279,,296716,1,787,16058,58,80,0,83886092,0x0500000C,misc,,00000012.pro,-1,,0
2280,,296804,1,788,16059,59,80,0,83886092,0x0500000C,misc,,00000012.pro,-1,,0
2281,,296892,1,789,16060,60,80,0,83886092,0x0500000C,misc,,00000012.pro,-1,,0
2282,,296980,1,790,16061,61,80,0,83886092,0x0500000C,misc,,00000012.pro,-1,,0
2283,,297068,1,794,16084,84,80,0,50332407,0x030002F7,wall,,00000759.pro,-1,,0
2284,,297156,1,795,16091,91,80,0,33554499,0x02000043,scenery,generic,00000068.pro,-1,,0
2285,,297244,1,798,16094,94,80,0,33554951,0x02000207,scenery,generic,00000520.pro,-1,,0
2286,,297332,1,799,16104,104,80,0,50332407,0x030002F7,wall,,00000759.pro,-1,,0
2287,,297420,1,801,16136,136,80,0,50332407,0x030002F7,wall,,00000759.pro,-1,,0
2288,,297508,1,802,16137,137,80,0,50331879,0x030000E7,wall,,00000231.pro,-1,,0
2289,,297596,1,803,16145,145,80,0,83886092,0x0500000C,misc,,00000012.pro,-1,,0
2290,,297684,1,810,16256,56,81,0,83886092,0x0500000C,misc,,00000012.pro,-1,,0
2291,,297772,1,811,16257,57,81,0,83886092,0x0500000C,misc,,00000012.pro,-1,,0
2292,,297860,1,812,16258,58,81,0,83886092,0x0500000C,misc,,00000012.pro,-1,,0
2293,,297948,1,813,16259,59,81,0,83886092,0x0500000C,misc,,00000012.pro,-1,,0
2294,,298036,1,817,16284,84,81,0,50332415,0x030002FF,wall,,00000767.pro,-1,,0
2295,,298124,1,818,16290,90,81,0,33554490,0x0200003A,scenery,generic,00000059.pro,-1,,0
2296,,298212,1,819,16291,91,81,0,33554499,0x02000043,scenery,generic,00000068.pro,-1,,0
2297,,298300,1,823,16294,94,81,0,33554499,0x02000043,scenery,generic,00000068.pro,-1,,0
2298,,298388,1,825,16295,95,81,0,33554491,0x0200003B,scenery,generic,00000060.pro,-1,,0
2299,,298476,1,835,16304,104,81,0,50332415,0x030002FF,wall,,00000767.pro,-1,,0
2300,,298564,1,838,16306,106,81,0,33554499,0x02000043,scenery,generic,00000068.pro,-1,,0
2301,,298652,1,840,16307,107,81,0,33554499,0x02000043,scenery,generic,00000068.pro,-1,,0
2302,,298740,1,842,16308,108,81,0,33554956,0x0200020C,scenery,generic,00000525.pro,-1,,0
2303,,298828,1,844,16309,109,81,0,33554499,0x02000043,scenery,generic,00000068.pro,-1,,0
2304,,298916,1,867,16336,136,81,0,50332407,0x030002F7,wall,,00000759.pro,-1,,0
2305,,299004,1,868,16337,137,81,0,50331880,0x030000E8,wall,,00000232.pro,-1,,0
2306,,299092,1,869,16345,145,81,0,83886092,0x0500000C,misc,,00000012.pro,-1,,0
2307,,299180,1,870,16346,146,81,0,83886092,0x0500000C,misc,,00000012.pro,-1,,0
2308,,299268,1,873,16454,54,82,0,83886092,0x0500000C,misc,,00000012.pro,-1,,0
2309,,299356,1,874,16455,55,82,0,83886092,0x0500000C,misc,,00000012.pro,-1,,0
2310,,299444,1,875,16456,56,82,0,83886092,0x0500000C,misc,,00000012.pro,-1,,0
2311,,299532,1,876,16457,57,82,0,83886092,0x0500000C,misc,,00000012.pro,-1,,0
2312,,299620,1,884,16484,84,82,0,50332407,0x030002F7,wall,,00000759.pro,-1,,0
2313,,299708,1,885,16491,91,82,0,33554499,0x02000043,scenery,generic,00000068.pro,-1,,0
2314,,299796,1,887,16492,92,82,0,33554953,0x02000209,scenery,generic,00000522.pro,-1,,0
2315,,299884,1,889,16494,94,82,0,33554952,0x02000208,scenery,generic,00000521.pro,-1,,0
2316,,299972,1,895,16504,104,82,0,50332414,0x030002FE,wall,,00000766.pro,-1,,0
2317,,300060,1,896,16504,104,82,0,33554617,0x020000B9,scenery,generic,00000186.pro,-1,,0
2318,,300148,1,898,16505,105,82,0,33554499,0x02000043,scenery,generic,00000068.pro,-1,,0
2319,,300236,1,899,16506,106,82,0,33554499,0x02000043,scenery,generic,00000068.pro,-1,,0
2320,,300324,1,902,16507,107,82,0,33554499,0x02000043,scenery,generic,00000068.pro,-1,,0
2321,,300412,1,906,16513,113,82,0,33554957,0x0200020D,scenery,generic,00000526.pro,-1,,0
2322,,300500,1,908,16515,115,82,0,33554957,0x0200020D,scenery,generic,00000526.pro,-1,,0
2323,,300588,1,910,16517,117,82,0,33554957,0x0200020D,scenery,generic,00000526.pro,-1,,0
2324,,300676,1,912,16519,119,82,0,33554957,0x0200020D,scenery,generic,00000526.pro,-1,,0
2325,,300764,1,914,16521,121,82,0,33554957,0x0200020D,scenery,generic,00000526.pro,-1,,0
2326,,300852,1,916,16523,123,82,0,33554957,0x0200020D,scenery,generic,00000526.pro,-1,,0
2327,,300940,1,922,16536,136,82,0,50332407,0x030002F7,wall,,00000759.pro,-1,,0
2328,,301028,1,923,16537,137,82,0,50331881,0x030000E9,wall,,00000233.pro,-1,,0
2329,,301116,1,924,16546,146,82,0,83886092,0x0500000C,misc,,00000012.pro,-1,,0
2330,,301204,1,928,16652,52,83,0,83886092,0x0500000C,misc,,00000012.pro,-1,,0
2331,,301292,1,929,16653,53,83,0,83886092,0x0500000C,misc,,00000012.pro,-1,,0
2332,,301380,1,930,16654,54,83,0,83886092,0x0500000C,misc,,00000012.pro,-1,,0
2333,,301468,1,931,16655,55,83,0,83886092,0x0500000C,misc,,00000012.pro,-1,,0
2334,,301556,1,939,16684,84,83,0,50332409,0x030002F9,wall,,00000761.pro,-1,,0
2335,,301644,1,941,16693,93,83,0,33554499,0x02000043,scenery,generic,00000068.pro,-1,,0
2336,,301732,1,942,16704,104,83,0,50332442,0x0300031A,wall,,00000794.pro,-1,,0
2337,,301820,1,943,16713,113,83,0,33554499,0x02000043,scenery,generic,00000068.pro,-1,,0
2338,,301908,1,944,16715,115,83,0,33554499,0x02000043,scenery,generic,00000068.pro,-1,,0
2339,,301996,1,945,16717,117,83,0,33554499,0x02000043,scenery,generic,00000068.pro,-1,,0
2340,,302084,1,946,16719,119,83,0,33554499,0x02000043,scenery,generic,00000068.pro,-1,,0
2341,,302172,1,947,16721,121,83,0,33554499,0x02000043,scenery,generic,00000068.pro,-1,,0
2342,,302260,1,948,16723,123,83,0,33554499,0x02000043,scenery,generic,00000068.pro,-1,,0
2343,,302348,1,952,16736,136,83,0,50332407,0x030002F7,wall,,00000759.pro,-1,,0
2344,,302436,1,953,16737,137,83,0,50331878,0x030000E6,wall,,00000230.pro,-1,,0
2345,,302524,1,954,16747,147,83,0,83886092,0x0500000C,misc,,00000012.pro,-1,,0
2346,,302612,1,956,16850,50,84,0,83886092,0x0500000C,misc,,00000012.pro,-1,,0
2347,,302700,1,957,16851,51,84,0,83886092,0x0500000C,misc,,00000012.pro,-1,,0
2348,,302788,1,959,16852,52,84,0,83886092,0x0500000C,misc,,00000012.pro,-1,,0
2349,,302876,1,960,16853,53,84,0,83886092,0x0500000C,misc,,00000012.pro,-1,,0
2350,,302964,1,966,16884,84,84,0,50332414,0x030002FE,wall,,00000766.pro,-1,,0
2351,,303052,1,970,16904,104,84,0,50332269,0x0300026D,wall,,00000621.pro,-1,,0
2352,,303140,1,971,16913,113,84,0,33554499,0x02000043,scenery,generic,00000068.pro,-1,,0
2353,,303228,1,972,16915,115,84,0,33554499,0x02000043,scenery,generic,00000068.pro,-1,,0
2354,,303316,1,973,16917,117,84,0,33554499,0x02000043,scenery,generic,00000068.pro,-1,,0
2355,,303404,1,974,16919,119,84,0,33554499,0x02000043,scenery,generic,00000068.pro,-1,,0
2356,,303492,1,975,16921,121,84,0,33554499,0x02000043,scenery,generic,00000068.pro,-1,,0
2357,,303580,1,976,16923,123,84,0,33554499,0x02000043,scenery,generic,00000068.pro,-1,,0
2358,,303668,1,981,16936,136,84,0,50332407,0x030002F7,wall,,00000759.pro,-1,,0
2359,,303756,1,982,16937,137,84,0,50331879,0x030000E7,wall,,00000231.pro,-1,,0
2360,,303844,1,983,16947,147,84,0,83886092,0x0500000C,misc,,00000012.pro,-1,,0
2361,,303932,1,984,16948,148,84,0,83886092,0x0500000C,misc,,00000012.pro,-1,,0
2362,,304020,1,986,17048,48,85,0,83886092,0x0500000C,misc,,00000012.pro,-1,,0
2363,,304108,1,987,17049,49,85,0,83886092,0x0500000C,misc,,00000012.pro,-1,,0
2364,,304196,1,988,17050,50,85,0,83886092,0x0500000C,misc,,00000012.pro,-1,,0
2365,,304284,1,989,17051,51,85,0,83886092,0x0500000C,misc,,00000012.pro,-1,,0
2366,,304372,1,1023,17084,84,85,0,50332416,0x03000300,wall,,00000768.pro,-1,,0
2367,,304460,1,1032,17104,104,85,0,33554583,0x02000097,scenery,door,00000152.pro,50331685,MetlDoor.int,0
2368,,304552,1,1033,17113,113,85,0,33554957,0x0200020D,scenery,generic,00000526.pro,-1,,0
2369,,304640,1,1034,17115,115,85,0,33554957,0x0200020D,scenery,generic,00000526.pro,-1,,0
2370,,304728,1,1035,17117,117,85,0,33554957,0x0200020D,scenery,generic,00000526.pro,-1,,0
2371,,304816,1,1036,17119,119,85,0,33554957,0x0200020D,scenery,generic,00000526.pro,-1,,0
2372,,304904,1,1037,17121,121,85,0,33554957,0x0200020D,scenery,generic,00000526.pro,-1,,0
2373,,304992,1,1038,17123,123,85,0,33554957,0x0200020D,scenery,generic,00000526.pro,-1,,0
2374,,305080,1,1042,17136,136,85,0,50332407,0x030002F7,wall,,00000759.pro,-1,,0
2375,,305168,1,1043,17137,137,85,0,50331880,0x030000E8,wall,,00000232.pro,-1,,0
2376,,305256,1,1044,17148,148,85,0,83886092,0x0500000C,misc,,00000012.pro,-1,,0
2377,,305344,1,1047,17246,46,86,0,83886092,0x0500000C,misc,,00000012.pro,-1,,0
2378,,305432,1,1048,17247,47,86,0,83886092,0x0500000C,misc,,00000012.pro,-1,,0
2379,,305520,1,1049,17248,48,86,0,83886092,0x0500000C,misc,,00000012.pro,-1,,0
2380,,305608,1,1050,17249,49,86,0,83886092,0x0500000C,misc,,00000012.pro,-1,,0
2381,,305696,1,1070,17284,84,86,0,50332407,0x030002F7,wall,,00000759.pro,-1,,0
2382,,305784,1,1071,17284,84,86,0,33554617,0x020000B9,scenery,generic,00000186.pro,-1,,0
2383,,305872,1,1076,17292,92,86,0,33554499,0x02000043,scenery,generic,00000068.pro,-1,,0
2384,,305960,1,1077,17304,104,86,0,50332269,0x0300026D,wall,,00000621.pro,-1,,0
2385,,306048,1,1078,17313,113,86,0,33554499,0x02000043,scenery,generic,00000068.pro,-1,,0
2386,,306136,1,1079,17315,115,86,0,33554499,0x02000043,scenery,generic,00000068.pro,-1,,0
2387,,306224,1,1080,17317,117,86,0,33554499,0x02000043,scenery,generic,00000068.pro,-1,,0
2388,,306312,1,1081,17319,119,86,0,33554499,0x02000043,scenery,generic,00000068.pro,-1,,0
2389,,306400,1,1082,17321,121,86,0,33554499,0x02000043,scenery,generic,00000068.pro,-1,,0
2390,,306488,1,1083,17323,123,86,0,33554499,0x02000043,scenery,generic,00000068.pro,-1,,0
2391,,306576,1,1087,17336,136,86,0,50332407,0x030002F7,wall,,00000759.pro,-1,,0
2392,,306664,1,1088,17337,137,86,0,50331881,0x030000E9,wall,,00000233.pro,-1,,0
2393,,306752,1,1089,17349,149,86,0,83886092,0x0500000C,misc,,00000012.pro,-1,,0
2394,,306840,1,1091,17444,44,87,0,83886092,0x0500000C,misc,,00000012.pro,-1,,0
2395,,306928,1,1092,17445,45,87,0,83886092,0x0500000C,misc,,00000012.pro,-1,,0
2396,,307016,1,1093,17446,46,87,0,83886092,0x0500000C,misc,,00000012.pro,-1,,0
2397,,307104,1,1094,17447,47,87,0,83886092,0x0500000C,misc,,00000012.pro,-1,,0
2398,,307192,1,1101,17484,84,87,0,50332409,0x030002F9,wall,,00000761.pro,-1,,0
2399,,307280,1,1102,17491,91,87,0,33554499,0x02000043,scenery,generic,00000068.pro,-1,,0
2400,,307368,1,1103,17492,92,87,0,33554596,0x020000A4,scenery,generic,00000165.pro,-1,,0
2401,,307456,1,1104,17493,93,87,0,33554499,0x02000043,scenery,generic,00000068.pro,-1,,0
2402,,307544,1,1105,17504,104,87,0,50332441,0x03000319,wall,,00000793.pro,-1,,0
2403,,307632,1,1106,17513,113,87,0,33554499,0x02000043,scenery,generic,00000068.pro,-1,,0
2404,,307720,1,1107,17515,115,87,0,33554499,0x02000043,scenery,generic,00000068.pro,-1,,0
2405,,307808,1,1108,17517,117,87,0,33554499,0x02000043,scenery,generic,00000068.pro,-1,,0
2406,,307896,1,1109,17519,119,87,0,33554499,0x02000043,scenery,generic,00000068.pro,-1,,0
2407,,307984,1,1110,17521,121,87,0,33554499,0x02000043,scenery,generic,00000068.pro,-1,,0
2408,,308072,1,1111,17523,123,87,0,33554499,0x02000043,scenery,generic,00000068.pro,-1,,0
2409,,308160,1,1116,17536,136,87,0,50332407,0x030002F7,wall,,00000759.pro,-1,,0
2410,,308248,1,1117,17537,137,87,0,50331878,0x030000E6,wall,,00000230.pro,-1,,0
2411,,308336,1,1118,17549,149,87,0,83886092,0x0500000C,misc,,00000012.pro,-1,,0
2412,,308424,1,1119,17550,150,87,0,83886092,0x0500000C,misc,,00000012.pro,-1,,0
2413,,308512,1,1121,17642,42,88,0,83886092,0x0500000C,misc,,00000012.pro,-1,,0
2414,,308600,1,1122,17643,43,88,0,83886092,0x0500000C,misc,,00000012.pro,-1,,0
2415,,308688,1,1123,17644,44,88,0,83886092,0x0500000C,misc,,00000012.pro,-1,,0
2416,,308776,1,1124,17645,45,88,0,83886092,0x0500000C,misc,,00000012.pro,-1,,0
2417,,308864,1,1127,17684,84,88,0,50332407,0x030002F7,wall,,00000759.pro,-1,,0
2418,,308952,1,1128,17691,91,88,0,33554499,0x02000043,scenery,generic,00000068.pro,-1,,0
2419,,309040,1,1129,17693,93,88,0,33554499,0x02000043,scenery,generic,00000068.pro,-1,,0
2420,,309128,1,1130,17704,104,88,0,50332417,0x03000301,wall,,00000769.pro,-1,,0
2421,,309216,1,1134,17736,136,88,0,50332407,0x030002F7,wall,,00000759.pro,-1,,0
2422,,309304,1,1135,17737,137,88,0,50331879,0x030000E7,wall,,00000231.pro,-1,,0
2423,,309392,1,1136,17750,150,88,0,83886092,0x0500000C,misc,,00000012.pro,-1,,0
2424,,309480,1,1139,17843,43,89,0,83886092,0x0500000C,misc,,00000012.pro,-1,,0
2425,,309568,1,1142,17884,84,89,0,50332428,0x0300030C,wall,,00000780.pro,-1,,0
2426,,309656,1,1143,17885,85,89,0,50332400,0x030002F0,wall,,00000752.pro,-1,,0
2427,,309744,1,1144,17886,86,89,0,50332421,0x03000305,wall,,00000773.pro,-1,,0
2428,,309832,1,1145,17887,87,89,0,50332400,0x030002F0,wall,,00000752.pro,-1,,0
2429,,309920,1,1146,17888,88,89,0,50332401,0x030002F1,wall,,00000753.pro,-1,,0
2430,,310008,1,1147,17889,89,89,0,50332400,0x030002F0,wall,,00000752.pro,-1,,0
2431,,310096,1,1148,17890,90,89,0,50332419,0x03000303,wall,,00000771.pro,-1,,0
2432,,310184,1,1149,17891,91,89,0,50332400,0x030002F0,wall,,00000752.pro,-1,,0
2433,,310272,1,1150,17892,92,89,0,50332418,0x03000302,wall,,00000770.pro,-1,,0
2434,,310360,1,1151,17893,93,89,0,50332400,0x030002F0,wall,,00000752.pro,-1,,0
2435,,310448,1,1152,17894,94,89,0,50332401,0x030002F1,wall,,00000753.pro,-1,,0
2436,,310536,1,1153,17895,95,89,0,50332400,0x030002F0,wall,,00000752.pro,-1,,0
2437,,310624,1,1154,17896,96,89,0,50332401,0x030002F1,wall,,00000753.pro,-1,,0
2438,,310712,1,1155,17897,97,89,0,50332400,0x030002F0,wall,,00000752.pro,-1,,0
2439,,310800,1,1156,17898,98,89,0,50332401,0x030002F1,wall,,00000753.pro,-1,,0
2440,,310888,1,1157,17899,99,89,0,50332400,0x030002F0,wall,,00000752.pro,-1,,0
2441,,310976,1,1159,17900,100,89,0,50332425,0x03000309,wall,,00000777.pro,-1,,0
2442,,311064,1,1161,17901,101,89,0,50332400,0x030002F0,wall,,00000752.pro,-1,,0
2443,,311152,1,1163,17902,102,89,0,50332419,0x03000303,wall,,00000771.pro,-1,,0
2444,,311240,1,1165,17903,103,89,0,50332400,0x030002F0,wall,,00000752.pro,-1,,0
2445,,311328,1,1167,17904,104,89,0,50332429,0x0300030D,wall,,00000781.pro,-1,,0
2446,,311416,1,1169,17905,105,89,0,50332400,0x030002F0,wall,,00000752.pro,-1,,0
2447,,311504,1,1171,17906,106,89,0,50332401,0x030002F1,wall,,00000753.pro,-1,,0
2448,,311592,1,1173,17907,107,89,0,50332400,0x030002F0,wall,,00000752.pro,-1,,0
2449,,311680,1,1175,17908,108,89,0,50332425,0x03000309,wall,,00000777.pro,-1,,0
2450,,311768,1,1177,17909,109,89,0,50332400,0x030002F0,wall,,00000752.pro,-1,,0
2451,,311856,1,1179,17910,110,89,0,50332418,0x03000302,wall,,00000770.pro,-1,,0
2452,,311944,1,1181,17911,111,89,0,50332400,0x030002F0,wall,,00000752.pro,-1,,0
2453,,312032,1,1183,17912,112,89,0,50332401,0x030002F1,wall,,00000753.pro,-1,,0
2454,,312120,1,1185,17913,113,89,0,50332400,0x030002F0,wall,,00000752.pro,-1,,0
2455,,312208,1,1187,17914,114,89,0,50332425,0x03000309,wall,,00000777.pro,-1,,0
2456,,312296,1,1189,17915,115,89,0,50332400,0x030002F0,wall,,00000752.pro,-1,,0
2457,,312384,1,1191,17916,116,89,0,50332421,0x03000305,wall,,00000773.pro,-1,,0
2458,,312472,1,1193,17917,117,89,0,50332400,0x030002F0,wall,,00000752.pro,-1,,0
2459,,312560,1,1195,17918,118,89,0,50332420,0x03000304,wall,,00000772.pro,-1,,0
2460,,312648,1,1197,17919,119,89,0,50332400,0x030002F0,wall,,00000752.pro,-1,,0
2461,,312736,1,1199,17920,120,89,0,50332401,0x030002F1,wall,,00000753.pro,-1,,0
2462,,312824,1,1200,17921,121,89,0,50332400,0x030002F0,wall,,00000752.pro,-1,,0
2463,,312912,1,1201,17922,122,89,0,50332425,0x03000309,wall,,00000777.pro,-1,,0
2464,,313000,1,1202,17923,123,89,0,50332400,0x030002F0,wall,,00000752.pro,-1,,0
2465,,313088,1,1203,17924,124,89,0,50332402,0x030002F2,wall,,00000754.pro,-1,,0
2466,,313176,1,1204,17925,125,89,0,50332398,0x030002EE,wall,,00000750.pro,-1,,0
2467,,313264,1,1205,17926,126,89,0,50332440,0x03000318,wall,,00000792.pro,-1,,0
2468,,313352,1,1206,17927,127,89,0,50332269,0x0300026D,wall,,00000621.pro,-1,,0
2469,,313440,1,1208,17928,128,89,0,33554584,0x02000098,scenery,door,00000153.pro,-1,,0
2470,,313532,1,1210,17929,129,89,0,50332269,0x0300026D,wall,,00000621.pro,-1,,0
2471,,313620,1,1211,17930,130,89,0,50332439,0x03000317,wall,,00000791.pro,-1,,0
2472,,313708,1,1212,17931,131,89,0,50332398,0x030002EE,wall,,00000750.pro,-1,,0
2473,,313796,1,1213,17932,132,89,0,50332402,0x030002F2,wall,,00000754.pro,-1,,0
2474,,313884,1,1214,17933,133,89,0,50332400,0x030002F0,wall,,00000752.pro,-1,,0
2475,,313972,1,1215,17934,134,89,0,50332425,0x03000309,wall,,00000777.pro,-1,,0
2476,,314060,1,1216,17935,135,89,0,50332400,0x030002F0,wall,,00000752.pro,-1,,0
2477,,314148,1,1217,17936,136,89,0,50332397,0x030002ED,wall,,00000749.pro,-1,,0
2478,,314236,1,1219,17937,137,89,0,50331880,0x030000E8,wall,,00000232.pro,-1,,0
2479,,314324,1,1220,17951,151,89,0,83886092,0x0500000C,misc,,00000012.pro,-1,,0
2480,,314412,1,1222,18043,43,90,0,83886092,0x0500000C,misc,,00000012.pro,-1,,0
2481,,314500,1,1223,18044,44,90,0,83886092,0x0500000C,misc,,00000012.pro,-1,,0
2482,,314588,1,1226,18084,84,90,0,50332270,0x0300026E,wall,,00000622.pro,-1,,0
2483,,314676,1,1227,18085,85,90,0,50332270,0x0300026E,wall,,00000622.pro,-1,,0
2484,,314764,1,1228,18086,86,90,0,33554598,0x020000A6,scenery,generic,00000167.pro,-1,,0
2485,,314852,1,1229,18087,87,90,0,33554594,0x020000A2,scenery,generic,00000163.pro,-1,,0
2486,,314940,1,1230,18089,89,90,0,33554594,0x020000A2,scenery,generic,00000163.pro,-1,,0
2487,,315028,1,1231,18090,90,90,0,33554499,0x02000043,scenery,generic,00000068.pro,-1,,0
2488,,315116,1,1232,18091,91,90,0,33554599,0x020000A7,scenery,generic,00000168.pro,-1,,0
2489,,315204,1,1233,18092,92,90,0,33554499,0x02000043,scenery,generic,00000068.pro,-1,,0
2490,,315292,1,1234,18093,93,90,0,33554594,0x020000A2,scenery,generic,00000163.pro,-1,,0
2491,,315380,1,1235,18095,95,90,0,33554592,0x020000A0,scenery,generic,00000161.pro,-1,,0
2492,,315468,1,1236,18097,97,90,0,33554594,0x020000A2,scenery,generic,00000163.pro,-1,,0
2493,,315556,1,1237,18099,99,90,0,33554499,0x02000043,scenery,generic,00000068.pro,-1,,0
2494,,315644,1,1239,18100,100,90,0,50332269,0x0300026D,wall,,00000621.pro,-1,,0
2495,,315732,1,1243,18104,104,90,0,33554499,0x02000043,scenery,generic,00000068.pro,-1,,0
2496,,315820,1,1245,18105,105,90,0,50332270,0x0300026E,wall,,00000622.pro,-1,,0
2497,,315908,1,1247,18107,107,90,0,50332270,0x0300026E,wall,,00000622.pro,-1,,0
2498,,315996,1,1248,18108,108,90,0,50332269,0x0300026D,wall,,00000621.pro,-1,,0
2499,,316084,1,1250,18109,109,90,0,50332270,0x0300026E,wall,,00000622.pro,-1,,0
2500,,316172,1,1252,18111,111,90,0,50332270,0x0300026E,wall,,00000622.pro,-1,,0
2501,,316260,1,1256,18113,113,90,0,50332270,0x0300026E,wall,,00000622.pro,-1,,0
2502,,316348,1,1257,18114,114,90,0,50332269,0x0300026D,wall,,00000621.pro,-1,,0
2503,,316436,1,1259,18115,115,90,0,50332270,0x0300026E,wall,,00000622.pro,-1,,0
2504,,316524,1,1261,18117,117,90,0,50332270,0x0300026E,wall,,00000622.pro,-1,,0
2505,,316612,1,1263,18119,119,90,0,50332270,0x0300026E,wall,,00000622.pro,-1,,0
2506,,316700,1,1265,18121,121,90,0,50332270,0x0300026E,wall,,00000622.pro,-1,,0
2507,,316788,1,1266,18122,122,90,0,50332269,0x0300026D,wall,,00000621.pro,-1,,0
2508,,316876,1,1267,18123,123,90,0,50332270,0x0300026E,wall,,00000622.pro,-1,,0
2509,,316964,1,1268,18125,125,90,0,50332270,0x0300026E,wall,,00000622.pro,-1,,0
2510,,317052,1,1269,18127,127,90,0,50332270,0x0300026E,wall,,00000622.pro,-1,,0
2511,,317140,1,1272,18131,131,90,0,50332270,0x0300026E,wall,,00000622.pro,-1,,0
2512,,317228,1,1273,18133,133,90,0,50332270,0x0300026E,wall,,00000622.pro,-1,,0
2513,,317316,1,1274,18134,134,90,0,50332270,0x0300026E,wall,,00000622.pro,-1,,0
2514,,317404,1,1275,18136,136,90,0,50331877,0x030000E5,wall,,00000229.pro,-1,,0
2515,,317492,1,1277,18137,137,90,0,50331881,0x030000E9,wall,,00000233.pro,-1,,0
2516,,317580,1,1279,18151,151,90,0,83886092,0x0500000C,misc,,00000012.pro,-1,,0
2517,,317668,1,1280,18152,152,90,0,83886092,0x0500000C,misc,,00000012.pro,-1,,0
2518,,317756,1,1282,18244,44,91,0,83886092,0x0500000C,misc,,00000012.pro,-1,,0
2519,,317844,1,1285,18284,84,91,0,50332407,0x030002F7,wall,,00000759.pro,-1,,0
2520,,317932,1,1286,18285,85,91,0,33554499,0x02000043,scenery,generic,00000068.pro,-1,,0
2521,,318020,1,1287,18290,90,91,0,33554499,0x02000043,scenery,generic,00000068.pro,-1,,0
2522,,318108,1,1288,18292,92,91,0,33554499,0x02000043,scenery,generic,00000068.pro,-1,,0
2523,,318196,1,1290,18300,100,91,0,50332413,0x030002FD,wall,,00000765.pro,-1,,0
2524,,318284,1,1292,18301,101,91,0,33554993,0x02000231,scenery,generic,00000562.pro,-1,,0
2525,,318372,1,1294,18302,102,91,0,33554499,0x02000043,scenery,generic,00000068.pro,-1,,0
2526,,318460,1,1296,18303,103,91,0,33554499,0x02000043,scenery,generic,00000068.pro,-1,,0
2527,,318548,1,1297,18304,104,91,0,33554499,0x02000043,scenery,generic,00000068.pro,-1,,0
2528,,318636,1,1301,18308,108,91,0,50332414,0x030002FE,wall,,00000766.pro,-1,,0
2529,,318724,1,1302,18314,114,91,0,50332414,0x030002FE,wall,,00000766.pro,-1,,0
2530,,318812,1,1304,18315,115,91,0,33554499,0x02000043,scenery,generic,00000068.pro,-1,,0
2531,,318900,1,1306,18316,116,91,0,33554615,0x020000B7,scenery,generic,00000184.pro,-1,,0
2532,,318988,1,1307,18317,117,91,0,33554499,0x02000043,scenery,generic,00000068.pro,-1,,0
2533,,319076,1,1311,18322,122,91,0,50332409,0x030002F9,wall,,00000761.pro,-1,,0
2534,,319164,1,1312,18324,124,91,0,33554499,0x02000043,scenery,generic,00000068.pro,-1,,0
2535,,319252,1,1315,18330,130,91,0,33554499,0x02000043,scenery,generic,00000068.pro,-1,,0
2536,,319340,1,1316,18334,134,91,0,50332407,0x030002F7,wall,,00000759.pro,-1,,0
2537,,319428,1,1317,18335,135,91,0,50332300,0x0300028C,wall,,00000652.pro,-1,,0
2538,,319516,1,1318,18337,137,91,0,50332301,0x0300028D,wall,,00000653.pro,-1,,0
2539,,319604,1,1320,18352,152,91,0,83886092,0x0500000C,misc,,00000012.pro,-1,,0
2540,,319692,1,1323,18445,45,92,0,83886092,0x0500000C,misc,,00000012.pro,-1,,0
2541,,319780,1,1326,18484,84,92,0,50332413,0x030002FD,wall,,00000765.pro,-1,,0
2542,,319868,1,1327,18485,85,92,0,33554593,0x020000A1,scenery,generic,00000162.pro,-1,,0
2543,,319956,1,1328,18491,91,92,0,33554590,0x0200009E,scenery,generic,00000159.pro,-1,,0
2544,,320044,1,1331,18500,100,92,0,50332407,0x030002F7,wall,,00000759.pro,-1,,0
2545,,320132,1,1332,18508,108,92,0,50332405,0x030002F5,wall,,00000757.pro,-1,,0
2546,,320220,1,1333,18514,114,92,0,50332405,0x030002F5,wall,,00000757.pro,-1,,0
2547,,320308,1,1335,18515,115,92,0,33554499,0x02000043,scenery,generic,00000068.pro,-1,,0
2548,,320396,1,1337,18517,117,92,0,33554499,0x02000043,scenery,generic,00000068.pro,-1,,0
2549,,320484,1,1340,18522,122,92,0,50332407,0x030002F7,wall,,00000759.pro,-1,,0
2550,,320572,1,1341,18524,124,92,0,33554499,0x02000043,scenery,generic,00000068.pro,-1,,0
2551,,320660,1,1342,18525,125,92,0,33554499,0x02000043,scenery,generic,00000068.pro,-1,,0
2552,,320748,1,1343,18526,126,92,0,33554499,0x02000043,scenery,generic,00000068.pro,-1,,0
2553,,320836,1,1346,18530,130,92,0,33554499,0x02000043,scenery,generic,00000068.pro,-1,,0
2554,,320924,1,1347,18531,131,92,0,33554499,0x02000043,scenery,generic,00000068.pro,-1,,0
2555,,321012,1,1348,18532,132,92,0,33554499,0x02000043,scenery,generic,00000068.pro,-1,,0
2556,,321100,1,1349,18534,134,92,0,50332407,0x030002F7,wall,,00000759.pro,-1,,0
2557,,321188,1,1350,18535,135,92,0,50332270,0x0300026E,wall,,00000622.pro,-1,,0
2558,,321276,1,1352,18553,153,92,0,83886092,0x0500000C,misc,,00000012.pro,-1,,0
2559,,321364,1,1354,18645,45,93,0,83886092,0x0500000C,misc,,00000012.pro,-1,,0
2560,,321452,1,1355,18646,46,93,0,83886092,0x0500000C,misc,,00000012.pro,-1,,0
2561,,321540,1,1358,18684,84,93,0,50332407,0x030002F7,wall,,00000759.pro,-1,,0
2562,,321628,1,1359,18685,85,93,0,33554499,0x02000043,scenery,generic,00000068.pro,-1,,0
2563,,321716,1,1361,18700,100,93,0,50332414,0x030002FE,wall,,00000766.pro,-1,,0
2564,,321804,1,1362,18708,108,93,0,50332442,0x0300031A,wall,,00000794.pro,-1,,0
2565,,321892,1,1364,18714,114,93,0,50332442,0x0300031A,wall,,00000794.pro,-1,,0
2566,,321980,1,1368,18722,122,93,0,50332413,0x030002FD,wall,,00000765.pro,-1,,0
2567,,322068,1,1369,18725,125,93,0,33554590,0x0200009E,scenery,generic,00000159.pro,-1,,0
2568,,322156,1,1372,18731,131,93,0,33554590,0x0200009E,scenery,generic,00000159.pro,-1,,0
2569,,322244,1,1373,18734,134,93,0,50332407,0x030002F7,wall,,00000759.pro,-1,,0
2570,,322332,1,1374,18735,135,93,0,50331878,0x030000E6,wall,,00000230.pro,-1,,0
2571,,322420,1,1377,18753,153,93,0,83886092,0x0500000C,misc,,00000012.pro,-1,,0
2572,,322508,1,1378,18754,154,93,0,83886092,0x0500000C,misc,,00000012.pro,-1,,0
2573,,322596,1,1380,18846,46,94,0,83886092,0x0500000C,misc,,00000012.pro,-1,,0
2574,,322684,1,1383,18884,84,94,0,50332414,0x030002FE,wall,,00000766.pro,-1,,0
2575,,322772,1,1384,18885,85,94,0,33554595,0x020000A3,scenery,generic,00000164.pro,-1,,0
2576,,322860,1,1386,18900,100,94,0,50332407,0x030002F7,wall,,00000759.pro,-1,,0
2577,,322948,1,1388,18901,101,94,0,33554499,0x02000043,scenery,generic,00000068.pro,-1,,0
2578,,323036,1,1389,18901,101,94,0,135,0x00000087,item,container,00000135.pro,50331710,BroLock.int,0
2579,,323124,1,1390,18908,108,94,0,50332269,0x0300026D,wall,,00000621.pro,-1,,0
2580,,323212,1,1392,18914,114,94,0,50332269,0x0300026D,wall,,00000621.pro,-1,,0
2581,,323300,1,1397,18918,118,94,0,33555100,0x0200029C,scenery,generic,00000669.pro,-1,,0
2582,,323388,1,1400,18922,122,94,0,50332407,0x030002F7,wall,,00000759.pro,-1,,0
2583,,323476,1,1401,18922,122,94,0,33554617,0x020000B9,scenery,generic,00000186.pro,-1,,0
2584,,323564,1,1404,18934,134,94,0,50332407,0x030002F7,wall,,00000759.pro,-1,,0
2585,,323652,1,1405,18935,135,94,0,50331879,0x030000E7,wall,,00000231.pro,-1,,0
2586,,323740,1,1407,18954,154,94,0,83886092,0x0500000C,misc,,00000012.pro,-1,,0
2587,,323828,1,1410,19047,47,95,0,83886092,0x0500000C,misc,,00000012.pro,-1,,0
2588,,323916,1,1413,19084,84,95,0,50332407,0x030002F7,wall,,00000759.pro,-1,,0
2589,,324004,1,1414,19085,85,95,0,33554499,0x02000043,scenery,generic,00000068.pro,-1,,0
2590,,324092,1,1416,19100,100,95,0,50332415,0x030002FF,wall,,00000767.pro,-1,,0
2591,,324180,1,1420,19108,108,95,0,33554583,0x02000097,scenery,door,00000152.pro,50331690,MetlDoor.int,0
2592,,324272,1,1422,19114,114,95,0,33554583,0x02000097,scenery,door,00000152.pro,50331689,MetlDoor.int,0
2593,,324364,1,1425,19118,118,95,0,33554499,0x02000043,scenery,generic,00000068.pro,-1,,0
2594,,324452,1,1428,19122,122,95,0,50332409,0x030002F9,wall,,00000761.pro,-1,,0
2595,,324540,1,1431,19134,134,95,0,50332407,0x030002F7,wall,,00000759.pro,-1,,0
2596,,324628,1,1432,19135,135,95,0,50331880,0x030000E8,wall,,00000232.pro,-1,,0
2597,,324716,1,1434,19155,155,95,0,83886092,0x0500000C,misc,,00000012.pro,-1,,0
2598,,324804,1,1436,19247,47,96,0,83886092,0x0500000C,misc,,00000012.pro,-1,,0
2599,,324892,1,1437,19248,48,96,0,83886092,0x0500000C,misc,,00000012.pro,-1,,0
2600,,324980,1,1440,19284,84,96,0,50332416,0x03000300,wall,,00000768.pro,-1,,0
2601,,325068,1,1441,19285,85,96,0,33554595,0x020000A3,scenery,generic,00000164.pro,-1,,0
2602,,325156,1,1442,19288,88,96,0,33554499,0x02000043,scenery,generic,00000068.pro,-1,,0
2603,,325244,1,1443,19289,89,96,0,33554499,0x02000043,scenery,generic,00000068.pro,-1,,0
2604,,325332,1,1444,19290,90,96,0,33554499,0x02000043,scenery,generic,00000068.pro,-1,,0
2605,,325420,1,1445,19291,91,96,0,33554499,0x02000043,scenery,generic,00000068.pro,-1,,0
2606,,325508,1,1446,19292,92,96,0,33554499,0x02000043,scenery,generic,00000068.pro,-1,,0
2607,,325596,1,1447,19293,93,96,0,33554499,0x02000043,scenery,generic,00000068.pro,-1,,0
2608,,325684,1,1448,19294,94,96,0,33554499,0x02000043,scenery,generic,00000068.pro,-1,,0
2609,,325772,1,1450,19300,100,96,0,50332407,0x030002F7,wall,,00000759.pro,-1,,0
2610,,325860,1,1451,19300,100,96,0,33555045,0x02000265,scenery,generic,00000614.pro,-1,,0
2611,,325948,1,1452,19300,100,96,0,33555047,0x02000267,scenery,generic,00000616.pro,50331670,Sink.int,0
2612,,326036,1,1454,19308,108,96,0,50332269,0x0300026D,wall,,00000621.pro,-1,,0
2613,,326124,1,1456,19314,114,96,0,50332269,0x0300026D,wall,,00000621.pro,-1,,0
2614,,326212,1,1457,19316,116,96,0,33555105,0x020002A1,scenery,generic,00000674.pro,-1,,0
2615,,326300,1,1458,19317,117,96,0,33554499,0x02000043,scenery,generic,00000068.pro,-1,,0
2616,,326388,1,1459,19319,119,96,0,33554499,0x02000043,scenery,generic,00000068.pro,-1,,0
2617,,326476,1,1461,19322,122,96,0,50332414,0x030002FE,wall,,00000766.pro,-1,,0
2618,,326564,1,1464,19334,134,96,0,50332407,0x030002F7,wall,,00000759.pro,-1,,0
2619,,326652,1,1465,19335,135,96,0,50331881,0x030000E9,wall,,00000233.pro,-1,,0
2620,,326740,1,1468,19355,155,96,0,83886092,0x0500000C,misc,,00000012.pro,-1,,0
2621,,326828,1,1469,19356,156,96,0,83886092,0x0500000C,misc,,00000012.pro,-1,,0
2622,,326916,1,1471,19448,48,97,0,83886092,0x0500000C,misc,,00000012.pro,-1,,0
2623,,327004,1,1505,19484,84,97,0,50332407,0x030002F7,wall,,00000759.pro,-1,,0
2624,,327092,1,1507,19485,85,97,0,33554499,0x02000043,scenery,generic,00000068.pro,-1,,0
2625,,327180,1,1511,19488,88,97,0,33554499,0x02000043,scenery,generic,00000068.pro,-1,,0
2626,,327268,1,1516,19494,94,97,0,33554499,0x02000043,scenery,generic,00000068.pro,-1,,0
2627,,327356,1,1518,19500,100,97,0,50332416,0x03000300,wall,,00000768.pro,-1,,0
2628,,327444,1,1520,19508,108,97,0,50332441,0x03000319,wall,,00000793.pro,-1,,0
2629,,327532,1,1526,19514,114,97,0,50332441,0x03000319,wall,,00000793.pro,-1,,0
2630,,327620,1,1530,19517,117,97,0,33554499,0x02000043,scenery,generic,00000068.pro,-1,,0
2631,,327708,1,1532,19518,118,97,0,33555039,0x0200025F,scenery,generic,00000608.pro,-1,,0
2632,,327796,1,1534,19519,119,97,0,33554499,0x02000043,scenery,generic,00000068.pro,-1,,0
2633,,327884,1,1536,19520,120,97,0,33555096,0x02000298,scenery,generic,00000665.pro,-1,,0
2634,,327972,1,1537,19522,122,97,0,50332407,0x030002F7,wall,,00000759.pro,-1,,0
2635,,328060,1,1540,19534,134,97,0,50332407,0x030002F7,wall,,00000759.pro,-1,,0
2636,,328148,1,1541,19535,135,97,0,50331879,0x030000E7,wall,,00000231.pro,-1,,0
2637,,328236,1,1543,19556,156,97,0,83886092,0x0500000C,misc,,00000012.pro,-1,,0
2638,,328324,1,1546,19649,49,98,0,83886092,0x0500000C,misc,,00000012.pro,-1,,0
2639,,328412,1,1573,19684,84,98,0,50332417,0x03000301,wall,,00000769.pro,-1,,0
2640,,328500,1,1575,19685,85,98,0,33554499,0x02000043,scenery,generic,00000068.pro,-1,,0
2641,,328588,1,1579,19688,88,98,0,33554499,0x02000043,scenery,generic,00000068.pro,-1,,0
2642,,328676,1,1585,19694,94,98,0,33554499,0x02000043,scenery,generic,00000068.pro,-1,,0
2643,,328764,1,1587,19700,100,98,0,50332417,0x03000301,wall,,00000769.pro,-1,,0
2644,,328852,1,1589,19701,101,98,0,33555048,0x02000268,scenery,generic,00000617.pro,-1,,0
2645,,328940,1,1590,19708,108,98,0,50332405,0x030002F5,wall,,00000757.pro,-1,,0
2646,,329028,1,1593,19714,114,98,0,50332405,0x030002F5,wall,,00000757.pro,-1,,0
2647,,329116,1,1596,19717,117,98,0,33554499,0x02000043,scenery,generic,00000068.pro,-1,,0
2648,,329204,1,1597,19718,118,98,0,33554499,0x02000043,scenery,generic,00000068.pro,-1,,0
2649,,329292,1,1599,19719,119,98,0,33554499,0x02000043,scenery,generic,00000068.pro,-1,,0
2650,,329380,1,1601,19722,122,98,0,50332415,0x030002FF,wall,,00000767.pro,-1,,0
2651,,329468,1,1604,19734,134,98,0,50332407,0x030002F7,wall,,00000759.pro,-1,,0
2652,,329556,1,1605,19735,135,98,0,50331878,0x030000E6,wall,,00000230.pro,-1,,0
2653,,329644,1,1607,19757,157,98,0,83886092,0x0500000C,misc,,00000012.pro,-1,,0
2654,,329732,1,1609,19849,49,99,0,83886092,0x0500000C,misc,,00000012.pro,-1,,0
2655,,329820,1,1610,19850,50,99,0,83886092,0x0500000C,misc,,00000012.pro,-1,,0
2656,,329908,1,1623,19884,84,99,0,50332407,0x030002F7,wall,,00000759.pro,-1,,0
2657,,329996,1,1624,19885,85,99,0,33554593,0x020000A1,scenery,generic,00000162.pro,-1,,0
2658,,330084,1,1625,19888,88,99,0,33554499,0x02000043,scenery,generic,00000068.pro,-1,,0
2659,,330172,1,1627,19894,94,99,0,33554499,0x02000043,scenery,generic,00000068.pro,-1,,0
2660,,330260,1,1629,19900,100,99,0,50332407,0x030002F7,wall,,00000759.pro,-1,,0
2661,,330348,1,1632,19908,108,99,0,50332416,0x03000300,wall,,00000768.pro,-1,,0
2662,,330436,1,1633,19914,114,99,0,50332417,0x03000301,wall,,00000769.pro,-1,,0
2663,,330524,1,1634,19918,118,99,0,33555106,0x020002A2,scenery,generic,00000675.pro,-1,,0
2664,,330612,1,1636,19922,122,99,0,50332409,0x030002F9,wall,,00000761.pro,-1,,0
2665,,330700,1,1639,19934,134,99,0,50332407,0x030002F7,wall,,00000759.pro,-1,,0
2666,,330788,1,1640,19935,135,99,0,50331880,0x030000E8,wall,,00000232.pro,-1,,0
2667,,330876,1,1643,19957,157,99,0,83886092,0x0500000C,misc,,00000012.pro,-1,,0
2668,,330964,1,1644,19958,158,99,0,83886092,0x0500000C,misc,,00000012.pro,-1,,0
2669,,331052,1,1646,20050,50,100,0,83886092,0x0500000C,misc,,00000012.pro,-1,,0
2670,,331140,1,1657,20084,84,100,0,50332414,0x030002FE,wall,,00000766.pro,-1,,0
2671,,331228,1,1658,20085,85,100,0,33554499,0x02000043,scenery,generic,00000068.pro,-1,,0
2672,,331316,1,1659,20088,88,100,0,33554499,0x02000043,scenery,generic,00000068.pro,-1,,0
2673,,331404,1,1660,20090,90,100,0,33554499,0x02000043,scenery,generic,00000068.pro,-1,,0
2674,,331492,1,1662,20094,94,100,0,33554499,0x02000043,scenery,generic,00000068.pro,-1,,0
2675,,331580,1,1664,20100,100,100,0,50332407,0x030002F7,wall,,00000759.pro,-1,,0
2676,,331668,1,1670,20108,108,100,0,50332407,0x030002F7,wall,,00000759.pro,-1,,0
2677,,331756,1,1676,20114,114,100,0,50332407,0x030002F7,wall,,00000759.pro,-1,,0
2678,,331844,1,1680,20122,122,100,0,50332416,0x03000300,wall,,00000768.pro,-1,,0
2679,,331932,1,1683,20134,134,100,0,50332407,0x030002F7,wall,,00000759.pro,-1,,0
2680,,332020,1,1684,20135,135,100,0,50331881,0x030000E9,wall,,00000233.pro,-1,,0
2681,,332108,1,1686,20158,158,100,0,83886092,0x0500000C,misc,,00000012.pro,-1,,0
2682,,332196,1,1689,20251,51,101,0,83886092,0x0500000C,misc,,00000012.pro,-1,,0
2683,,332284,1,1698,20284,84,101,0,50332407,0x030002F7,wall,,00000759.pro,-1,,0
2684,,332372,1,1699,20285,85,101,0,33554593,0x020000A1,scenery,generic,00000162.pro,-1,,0
2685,,332460,1,1700,20288,88,101,0,33554499,0x02000043,scenery,generic,00000068.pro,-1,,0
2686,,332548,1,1702,20292,92,101,0,33554499,0x02000043,scenery,generic,00000068.pro,-1,,0
2687,,332636,1,1703,20294,94,101,0,33554499,0x02000043,scenery,generic,00000068.pro,-1,,0
2688,,332724,1,1705,20300,100,101,0,50332428,0x0300030C,wall,,00000780.pro,-1,,0
2689,,332812,1,1707,20301,101,101,0,50332400,0x030002F0,wall,,00000752.pro,-1,,0
2690,,332900,1,1709,20302,102,101,0,50332421,0x03000305,wall,,00000773.pro,-1,,0
2691,,332988,1,1711,20303,103,101,0,50332400,0x030002F0,wall,,00000752.pro,-1,,0
2692,,333076,1,1713,20304,104,101,0,50332420,0x03000304,wall,,00000772.pro,-1,,0
2693,,333164,1,1714,20305,105,101,0,50332400,0x030002F0,wall,,00000752.pro,-1,,0
2694,,333252,1,1715,20306,106,101,0,50332401,0x030002F1,wall,,00000753.pro,-1,,0
2695,,333340,1,1716,20307,107,101,0,50332400,0x030002F0,wall,,00000752.pro,-1,,0
2696,,333428,1,1718,20308,108,101,0,50332426,0x0300030A,wall,,00000778.pro,-1,,0
2697,,333516,1,1724,20314,114,101,0,50332404,0x030002F4,wall,,00000756.pro,-1,,0
2698,,333604,1,1726,20315,115,101,0,50332400,0x030002F0,wall,,00000752.pro,-1,,0
2699,,333692,1,1728,20316,116,101,0,50332422,0x03000306,wall,,00000774.pro,-1,,0
2700,,333780,1,1729,20317,117,101,0,50332400,0x030002F0,wall,,00000752.pro,-1,,0
2701,,333868,1,1730,20318,118,101,0,50332419,0x03000303,wall,,00000771.pro,-1,,0
2702,,333956,1,1731,20319,119,101,0,50332400,0x030002F0,wall,,00000752.pro,-1,,0
2703,,334044,1,1733,20320,120,101,0,50332401,0x030002F1,wall,,00000753.pro,-1,,0
2704,,334132,1,1734,20321,121,101,0,50332400,0x030002F0,wall,,00000752.pro,-1,,0
2705,,334220,1,1735,20322,122,101,0,50332426,0x0300030A,wall,,00000778.pro,-1,,0
2706,,334308,1,1738,20334,134,101,0,50332407,0x030002F7,wall,,00000759.pro,-1,,0
2707,,334396,1,1739,20335,135,101,0,50331878,0x030000E6,wall,,00000230.pro,-1,,0
2708,,334484,1,1741,20338,138,101,0,33554613,0x020000B5,scenery,generic,00000182.pro,-1,,0
2709,,334572,1,1743,20339,139,101,0,50332270,0x0300026E,wall,,00000622.pro,-1,,0
2710,,334660,1,1745,20340,140,101,0,50332270,0x0300026E,wall,,00000622.pro,-1,,0
2711,,334748,1,1747,20341,141,101,0,50332270,0x0300026E,wall,,00000622.pro,-1,,0
2712,,334836,1,1749,20342,142,101,0,50332270,0x0300026E,wall,,00000622.pro,-1,,0
2713,,334924,1,1751,20343,143,101,0,50332270,0x0300026E,wall,,00000622.pro,-1,,0
2714,,335012,1,1753,20359,159,101,0,83886092,0x0500000C,misc,,00000012.pro,-1,,0
2715,,335100,1,1755,20451,51,102,0,83886092,0x0500000C,misc,,00000012.pro,-1,,0
2716,,335188,1,1757,20452,52,102,0,83886092,0x0500000C,misc,,00000012.pro,-1,,0
2717,,335276,1,1767,20484,84,102,0,50332415,0x030002FF,wall,,00000767.pro,-1,,0
2718,,335364,1,1768,20485,85,102,0,33554499,0x02000043,scenery,generic,00000068.pro,-1,,0
2719,,335452,1,1769,20488,88,102,0,33554499,0x02000043,scenery,generic,00000068.pro,-1,,0
2720,,335540,1,1771,20494,94,102,0,33554499,0x02000043,scenery,generic,00000068.pro,-1,,0
2721,,335628,1,1773,20500,100,102,0,50332269,0x0300026D,wall,,00000621.pro,-1,,0
2722,,335716,1,1774,20502,102,102,0,33554994,0x02000232,scenery,generic,00000563.pro,-1,,0
2723,,335804,1,1775,20503,103,102,0,50332270,0x0300026E,wall,,00000622.pro,-1,,0
2724,,335892,1,1776,20505,105,102,0,33554499,0x02000043,scenery,generic,00000068.pro,-1,,0
2725,,335980,1,1777,20505,105,102,0,133,0x00000085,item,container,00000133.pro,50331711,BroLock.int,0
2726,,336068,1,1778,20507,107,102,0,50332270,0x0300026E,wall,,00000622.pro,-1,,0
2727,,336156,1,1779,20508,108,102,0,50332269,0x0300026D,wall,,00000621.pro,-1,,0
2728,,336244,1,1780,20516,116,102,0,33554499,0x02000043,scenery,generic,00000068.pro,-1,,0
2729,,336332,1,1781,20518,118,102,0,33554499,0x02000043,scenery,generic,00000068.pro,-1,,0
2730,,336420,1,1782,20519,119,102,0,50332270,0x0300026E,wall,,00000622.pro,-1,,0
2731,,336508,1,1784,20521,121,102,0,50332270,0x0300026E,wall,,00000622.pro,-1,,0
2732,,336596,1,1785,20522,122,102,0,50332269,0x0300026D,wall,,00000621.pro,-1,,0
2733,,336684,1,1788,20534,134,102,0,50332407,0x030002F7,wall,,00000759.pro,-1,,0
2734,,336772,1,1789,20535,135,102,0,50331879,0x030000E7,wall,,00000231.pro,-1,,0
2735,,336860,1,1791,20538,138,102,0,50332270,0x0300026E,wall,,00000622.pro,-1,,0
2736,,336948,1,1793,20543,143,102,0,50332270,0x0300026E,wall,,00000622.pro,-1,,0
2737,,337036,1,1796,20559,159,102,0,83886092,0x0500000C,misc,,00000012.pro,-1,,0
2738,,337124,1,1797,20560,160,102,0,83886092,0x0500000C,misc,,00000012.pro,-1,,0
2739,,337212,1,1800,20652,52,103,0,83886092,0x0500000C,misc,,00000012.pro,-1,,0
2740,,337300,1,1807,20684,84,103,0,50332407,0x030002F7,wall,,00000759.pro,-1,,0
2741,,337388,1,1808,20685,85,103,0,33554595,0x020000A3,scenery,generic,00000164.pro,-1,,0
2742,,337476,1,1809,20688,88,103,0,33554499,0x02000043,scenery,generic,00000068.pro,-1,,0
2743,,337564,1,1810,20690,90,103,0,33554989,0x0200022D,scenery,generic,00000558.pro,-1,,0
2744,,337652,1,1812,20694,94,103,0,33554499,0x02000043,scenery,generic,00000068.pro,-1,,0
2745,,337740,1,1815,20700,100,103,0,50332407,0x030002F7,wall,,00000759.pro,-1,,0
2746,,337828,1,1816,20702,102,103,0,33554499,0x02000043,scenery,generic,00000068.pro,-1,,0
2747,,337916,1,1817,20708,108,103,0,50332415,0x030002FF,wall,,00000767.pro,-1,,0
2748,,338004,1,1818,20717,117,103,0,33554590,0x0200009E,scenery,generic,00000159.pro,-1,,0
2749,,338092,1,1820,20722,122,103,0,50332409,0x030002F9,wall,,00000761.pro,-1,,0
2750,,338180,1,1823,20734,134,103,0,50332407,0x030002F7,wall,,00000759.pro,-1,,0
2751,,338268,1,1824,20735,135,103,0,50331880,0x030000E8,wall,,00000232.pro,-1,,0
2752,,338356,1,1826,20738,138,103,0,50332270,0x0300026E,wall,,00000622.pro,-1,,0
2753,,338444,1,1828,20740,140,103,0,33554587,0x0200009B,scenery,generic,00000156.pro,-1,,0
2754,,338532,1,1830,20743,143,103,0,50332270,0x0300026E,wall,,00000622.pro,-1,,0
2755,,338620,1,1832,20760,160,103,0,83886092,0x0500000C,misc,,00000012.pro,-1,,0
2756,,338708,1,1836,20853,53,104,0,83886092,0x0500000C,misc,,00000012.pro,-1,,0
2757,,338796,1,1844,20884,84,104,0,50332413,0x030002FD,wall,,00000765.pro,-1,,0
2758,,338884,1,1845,20885,85,104,0,33554499,0x02000043,scenery,generic,00000068.pro,-1,,0
2759,,338972,1,1846,20888,88,104,0,33554499,0x02000043,scenery,generic,00000068.pro,-1,,0
2760,,339060,1,1848,20892,92,104,0,33554990,0x0200022E,scenery,generic,00000559.pro,-1,,0
2761,,339148,1,1849,20894,94,104,0,33554499,0x02000043,scenery,generic,00000068.pro,-1,,0
2762,,339236,1,1851,20900,100,104,0,50332416,0x03000300,wall,,00000768.pro,-1,,0
2763,,339324,1,1852,20902,102,104,0,33554995,0x02000233,scenery,generic,00000564.pro,-1,,0
2764,,339412,1,1853,20908,108,104,0,50332405,0x030002F5,wall,,00000757.pro,-1,,0
2765,,339500,1,1855,20922,122,104,0,50332414,0x030002FE,wall,,00000766.pro,-1,,0
2766,,339588,1,1858,20934,134,104,0,50332407,0x030002F7,wall,,00000759.pro,-1,,0
2767,,339676,1,1859,20935,135,104,0,50331884,0x030000EC,wall,,00000236.pro,-1,,0
2768,,339764,1,1861,20938,138,104,0,50332270,0x0300026E,wall,,00000622.pro,-1,,0
2769,,339852,1,1863,20939,139,104,0,50332270,0x0300026E,wall,,00000622.pro,-1,,0
2770,,339940,1,1865,20941,141,104,0,50332270,0x0300026E,wall,,00000622.pro,-1,,0
2771,,340028,1,1867,20943,143,104,0,50332270,0x0300026E,wall,,00000622.pro,-1,,0
2772,,340116,1,1869,20961,161,104,0,83886092,0x0500000C,misc,,00000012.pro,-1,,0
2773,,340204,1,1873,21053,53,105,0,83886092,0x0500000C,misc,,00000012.pro,-1,,0
2774,,340292,1,1874,21054,54,105,0,83886092,0x0500000C,misc,,00000012.pro,-1,,0
2775,,340380,1,1882,21084,84,105,0,50332407,0x030002F7,wall,,00000759.pro,-1,,0
2776,,340468,1,1883,21085,85,105,0,33554595,0x020000A3,scenery,generic,00000164.pro,-1,,0
2777,,340556,1,1884,21088,88,105,0,33554499,0x02000043,scenery,generic,00000068.pro,-1,,0
2778,,340644,1,1886,21094,94,105,0,33554499,0x02000043,scenery,generic,00000068.pro,-1,,0
2779,,340732,1,1888,21100,100,105,0,50332407,0x030002F7,wall,,00000759.pro,-1,,0
2780,,340820,1,1890,21101,101,105,0,33554499,0x02000043,scenery,generic,00000068.pro,-1,,0
2781,,340908,1,1892,21108,108,105,0,50332442,0x0300031A,wall,,00000794.pro,-1,,0
2782,,340996,1,1894,21122,122,105,0,50332407,0x030002F7,wall,,00000759.pro,-1,,0
2783,,341084,1,1902,21134,134,105,0,50332428,0x0300030C,wall,,00000780.pro,-1,,0
2784,,341172,1,1904,21135,135,105,0,50332400,0x030002F0,wall,,00000752.pro,-1,,0
2785,,341260,1,1906,21136,136,105,0,50332424,0x03000308,wall,,00000776.pro,-1,,0
2786,,341348,1,1908,21137,137,105,0,50332400,0x030002F0,wall,,00000752.pro,-1,,0
2787,,341436,1,1910,21138,138,105,0,50332444,0x0300031C,wall,,00000796.pro,-1,,0
2788,,341524,1,1912,21139,139,105,0,50332270,0x0300026E,wall,,00000622.pro,-1,,0
2789,,341612,1,1914,21140,140,105,0,33554585,0x02000099,scenery,door,00000154.pro,50331682,MetlDoor.int,0
2790,,341704,1,1916,21141,141,105,0,50332270,0x0300026E,wall,,00000622.pro,-1,,0
2791,,341792,1,1918,21142,142,105,0,50332443,0x0300031B,wall,,00000795.pro,-1,,0
2792,,341880,1,1920,21143,143,105,0,50332400,0x030002F0,wall,,00000752.pro,-1,,0
2793,,341968,1,1922,21144,144,105,0,50332424,0x03000308,wall,,00000776.pro,-1,,0
2794,,342056,1,1924,21145,145,105,0,50332400,0x030002F0,wall,,00000752.pro,-1,,0
2795,,342144,1,1926,21146,146,105,0,50332411,0x030002FB,wall,,00000763.pro,-1,,0
2796,,342232,1,1929,21147,147,105,0,50332270,0x0300026E,wall,,00000622.pro,-1,,0
2797,,342320,1,1931,21161,161,105,0,83886092,0x0500000C,misc,,00000012.pro,-1,,0
2798,,342408,1,1932,21162,162,105,0,83886092,0x0500000C,misc,,00000012.pro,-1,,0
2799,,342496,1,1935,21254,54,106,0,83886092,0x0500000C,misc,,00000012.pro,-1,,0
2800,,342584,1,1941,21284,84,106,0,50332416,0x03000300,wall,,00000768.pro,-1,,0
2801,,342672,1,1942,21285,85,106,0,33554499,0x02000043,scenery,generic,00000068.pro,-1,,0
2802,,342760,1,1943,21288,88,106,0,33554499,0x02000043,scenery,generic,00000068.pro,-1,,0
2803,,342848,1,1945,21294,94,106,0,33554499,0x02000043,scenery,generic,00000068.pro,-1,,0
2804,,342936,1,1947,21300,100,106,0,50332414,0x030002FE,wall,,00000766.pro,-1,,0
2805,,343024,1,1952,21308,108,106,0,50332269,0x0300026D,wall,,00000621.pro,-1,,0
2806,,343112,1,1954,21322,122,106,0,50332413,0x030002FD,wall,,00000765.pro,-1,,0
2807,,343200,1,1960,21334,134,106,0,50332269,0x0300026D,wall,,00000621.pro,-1,,0
2808,,343288,1,1962,21335,135,106,0,50332270,0x0300026E,wall,,00000622.pro,-1,,0
2809,,343376,1,1965,21337,137,106,0,50332270,0x0300026E,wall,,00000622.pro,-1,,0
2810,,343464,1,1966,21337,137,106,0,33554621,0x020000BD,scenery,generic,00000190.pro,-1,,0
2811,,343552,1,1968,21339,139,106,0,50332270,0x0300026E,wall,,00000622.pro,-1,,0
2812,,343640,1,1971,21343,143,106,0,50332270,0x0300026E,wall,,00000622.pro,-1,,0
2813,,343728,1,1972,21343,143,106,0,33554621,0x020000BD,scenery,generic,00000190.pro,-1,,0
2814,,343816,1,1974,21345,145,106,0,50332270,0x0300026E,wall,,00000622.pro,-1,,0
2815,,343904,1,1976,21346,146,106,0,50332270,0x0300026E,wall,,00000622.pro,-1,,0
2816,,343992,1,1978,21347,147,106,0,50332269,0x0300026D,wall,,00000621.pro,-1,,0
2817,,344080,1,1980,21362,162,106,0,83886092,0x0500000C,misc,,00000012.pro,-1,,0
2818,,344168,1,1984,21455,55,107,0,83886092,0x0500000C,misc,,00000012.pro,-1,,0
2819,,344256,1,1991,21484,84,107,0,50332407,0x030002F7,wall,,00000759.pro,-1,,0
2820,,344344,1,1992,21485,85,107,0,33554595,0x020000A3,scenery,generic,00000164.pro,-1,,0
2821,,344432,1,1993,21489,89,107,0,33554499,0x02000043,scenery,generic,00000068.pro,-1,,0
2822,,344520,1,1994,21490,90,107,0,33554499,0x02000043,scenery,generic,00000068.pro,-1,,0
2823,,344608,1,1995,21491,91,107,0,33554499,0x02000043,scenery,generic,00000068.pro,-1,,0
2824,,344696,1,1997,21492,92,107,0,33554499,0x02000043,scenery,generic,00000068.pro,-1,,0
2825,,344784,1,1998,21493,93,107,0,33554499,0x02000043,scenery,generic,00000068.pro,-1,,0
2826,,344872,1,1999,21494,94,107,0,33554499,0x02000043,scenery,generic,00000068.pro,-1,,0
2827,,344960,1,2001,21500,100,107,0,50332407,0x030002F7,wall,,00000759.pro,-1,,0
2828,,345048,1,2007,21508,108,107,0,33554583,0x02000097,scenery,door,00000152.pro,50331691,MetlDoor.int,0
2829,,345140,1,2009,21522,122,107,0,50332409,0x030002F9,wall,,00000761.pro,-1,,0
2830,,345228,1,2012,21534,134,107,0,50332407,0x030002F7,wall,,00000759.pro,-1,,0
2831,,345316,1,2013,21536,136,107,0,33554499,0x02000043,scenery,generic,00000068.pro,-1,,0
2832,,345404,1,2015,21546,146,107,0,50332407,0x030002F7,wall,,00000759.pro,-1,,0
2833,,345492,1,2017,21547,147,107,0,50331878,0x030000E6,wall,,00000230.pro,-1,,0
2834,,345580,1,2019,21563,163,107,0,83886092,0x0500000C,misc,,00000012.pro,-1,,0
2835,,345668,1,2022,21655,55,108,0,83886092,0x0500000C,misc,,00000012.pro,-1,,0
2836,,345756,1,2023,21656,56,108,0,83886092,0x0500000C,misc,,00000012.pro,-1,,0
2837,,345844,1,2029,21684,84,108,0,50332414,0x030002FE,wall,,00000766.pro,-1,,0
2838,,345932,1,2032,21700,100,108,0,50332413,0x030002FD,wall,,00000765.pro,-1,,0
2839,,346020,1,2033,21700,100,108,0,33555045,0x02000265,scenery,generic,00000614.pro,-1,,0
2840,,346108,1,2034,21700,100,108,0,33555047,0x02000267,scenery,generic,00000616.pro,50331671,Sink.int,0
2841,,346196,1,2037,21708,108,108,0,50332269,0x0300026D,wall,,00000621.pro,-1,,0
2842,,346284,1,2046,21722,122,108,0,50332415,0x030002FF,wall,,00000767.pro,-1,,0
2843,,346372,1,2051,21734,134,108,0,50332409,0x030002F9,wall,,00000761.pro,-1,,0
2844,,346460,1,2052,21736,136,108,0,33554499,0x02000043,scenery,generic,00000068.pro,-1,,0
2845,,346548,1,2053,21737,137,108,0,33554499,0x02000043,scenery,generic,00000068.pro,-1,,0
2846,,346636,1,2054,21738,138,108,0,33554499,0x02000043,scenery,generic,00000068.pro,-1,,0
2847,,346724,1,2056,21746,146,108,0,50332407,0x030002F7,wall,,00000759.pro,-1,,0
2848,,346812,1,2058,21747,147,108,0,50331879,0x030000E7,wall,,00000231.pro,-1,,0
2849,,346900,1,2061,21763,163,108,0,83886092,0x0500000C,misc,,00000012.pro,-1,,0
2850,,346988,1,2062,21764,164,108,0,83886092,0x0500000C,misc,,00000012.pro,-1,,0
2851,,347076,1,2069,21856,56,109,0,83886092,0x0500000C,misc,,00000012.pro,-1,,0
2852,,347164,1,2098,21884,84,109,0,50332407,0x030002F7,wall,,00000759.pro,-1,,0
2853,,347252,1,2099,21884,84,109,0,33554997,0x02000235,scenery,generic,00000566.pro,-1,,0
2854,,347340,1,2109,21900,100,109,0,50332407,0x030002F7,wall,,00000759.pro,-1,,0
2855,,347428,1,2112,21908,108,109,0,50332441,0x03000319,wall,,00000793.pro,-1,,0
2856,,347516,1,2117,21913,113,109,2,16777366,0x01000096,critter,,00000150.pro,67108868,Maxson.int,3
2856/inventory/0,1,347648,1,2118,-1,,,0,16,0x00000010,item,weapon,00000016.pro,-1,,0
2856/inventory/1,2,347748,1,1153,-1,,,0,38,0x00000026,item,ammo,00000038.pro,-1,,0
2856/inventory/2,4,347844,1,1161,-1,,,0,40,0x00000028,item,drug,00000040.pro,-1,,0
2857,,347932,1,2121,21915,115,109,2,16777344,0x01000080,critter,,00000128.pro,67108876,Mathia.int,4
2857/inventory/0,4,348064,1,2122,-1,,,0,14,0x0000000E,item,ammo,00000008.pro,-1,,0
2857/inventory/1,2,348160,1,2123,-1,,,0,37,0x00000025,item,ammo,00000037.pro,-1,,0
2857/inventory/2,1,348256,1,2124,-1,,,0,13,0x0000000D,item,weapon,00000007.pro,-1,,0
2857/inventory/3,3,348356,1,1147,-1,,,0,40,0x00000028,item,drug,00000040.pro,-1,,0
2858,,348444,1,2127,21922,122,109,0,50332407,0x030002F7,wall,,00000759.pro,-1,,0
2859,,348532,1,2130,21934,134,109,0,50332415,0x030002FF,wall,,00000767.pro,-1,,0
2860,,348620,1,2131,21937,137,109,0,33554591,0x0200009F,scenery,generic,00000160.pro,-1,,0
2861,,348708,1,2133,21946,146,109,0,50332407,0x030002F7,wall,,00000759.pro,-1,,0
2862,,348796,1,2135,21947,147,109,0,50331880,0x030000E8,wall,,00000232.pro,-1,,0
2863,,348884,1,2137,21964,164,109,0,83886092,0x0500000C,misc,,00000012.pro,-1,,0
2864,,348972,1,2143,22057,57,110,0,83886092,0x0500000C,misc,,00000012.pro,-1,,0
2865,,349060,1,2173,22084,84,110,0,50332415,0x030002FF,wall,,00000767.pro,-1,,0
2866,,349148,1,2179,22088,88,110,0,33554499,0x02000043,scenery,generic,00000068.pro,-1,,0
2867,,349236,1,2181,22089,89,110,0,33554499,0x02000043,scenery,generic,00000068.pro,-1,,0
2868,,349324,1,2182,22090,90,110,0,33554499,0x02000043,scenery,generic,00000068.pro,-1,,0
2869,,349412,1,2186,22092,92,110,0,33554499,0x02000043,scenery,generic,00000068.pro,-1,,0
2870,,349500,1,2187,22093,93,110,0,33554499,0x02000043,scenery,generic,00000068.pro,-1,,0
2871,,349588,1,2188,22094,94,110,0,33554499,0x02000043,scenery,generic,00000068.pro,-1,,0
2872,,349676,1,2190,22100,100,110,0,50332417,0x03000301,wall,,00000769.pro,-1,,0
2873,,349764,1,2192,22101,101,110,0,33555048,0x02000268,scenery,generic,00000617.pro,-1,,0
2874,,349852,1,2193,22108,108,110,0,50332405,0x030002F5,wall,,00000757.pro,-1,,0
2875,,349940,1,2197,22122,122,110,0,50332405,0x030002F5,wall,,00000757.pro,-1,,0
2876,,350028,1,2200,22134,134,110,0,50332405,0x030002F5,wall,,00000757.pro,-1,,0
2877,,350116,1,2202,22146,146,110,0,50332407,0x030002F7,wall,,00000759.pro,-1,,0
2878,,350204,1,2204,22147,147,110,0,50331881,0x030000E9,wall,,00000233.pro,-1,,0
2879,,350292,1,2206,22165,165,110,0,83886092,0x0500000C,misc,,00000012.pro,-1,,0
2880,,350380,1,2211,22257,57,111,0,83886092,0x0500000C,misc,,00000012.pro,-1,,0
2881,,350468,1,2212,22258,58,111,0,83886092,0x0500000C,misc,,00000012.pro,-1,,0
2882,,350556,1,2222,22284,84,111,0,50332407,0x030002F7,wall,,00000759.pro,-1,,0
2883,,350644,1,2224,22288,88,111,0,33554499,0x02000043,scenery,generic,00000068.pro,-1,,0
2884,,350732,1,2225,22289,89,111,0,33554615,0x020000B7,scenery,generic,00000184.pro,-1,,0
2885,,350820,1,2226,22290,90,111,0,33554499,0x02000043,scenery,generic,00000068.pro,-1,,0
2886,,350908,1,2228,22292,92,111,0,33554499,0x02000043,scenery,generic,00000068.pro,-1,,0
2887,,350996,1,2229,22293,93,111,0,33554615,0x020000B7,scenery,generic,00000184.pro,-1,,0
2888,,351084,1,2230,22294,94,111,0,33554499,0x02000043,scenery,generic,00000068.pro,-1,,0
2889,,351172,1,2232,22300,100,111,0,50332416,0x03000300,wall,,00000768.pro,-1,,0
2890,,351260,1,2234,22308,108,111,0,50332407,0x030002F7,wall,,00000759.pro,-1,,0
2891,,351348,1,2236,22322,122,111,0,50332442,0x0300031A,wall,,00000794.pro,-1,,0
2892,,351436,1,2237,22324,124,111,3,16777492,0x01000114,critter,,00000276.pro,67108879,MaxGrd.int,3
2892/inventory/0,2,351568,1,2238,-1,,,0,36,0x00000024,item,ammo,00000036.pro,-1,,0
2892/inventory/1,1,351664,1,2239,-1,,,0,12,0x0000000C,item,weapon,00000006.pro,-1,,0
2892/inventory/2,4,351764,1,1126,-1,,,0,40,0x00000028,item,drug,00000040.pro,-1,,0
2893,,351852,1,2244,22334,134,111,0,50332442,0x0300031A,wall,,00000794.pro,-1,,0
2894,,351940,1,2246,22346,146,111,0,50332407,0x030002F7,wall,,00000759.pro,-1,,0
2895,,352028,1,2248,22347,147,111,0,50331878,0x030000E6,wall,,00000230.pro,-1,,0
2896,,352116,1,2251,22365,165,111,0,83886092,0x0500000C,misc,,00000012.pro,-1,,0
2897,,352204,1,2252,22366,166,111,0,83886092,0x0500000C,misc,,00000012.pro,-1,,0
2898,,352292,1,2254,22458,58,112,0,83886092,0x0500000C,misc,,00000012.pro,-1,,0
2899,,352380,1,2257,22484,84,112,0,50332417,0x03000301,wall,,00000769.pro,-1,,0
2900,,352468,1,2258,22485,85,112,0,33554499,0x02000043,scenery,generic,00000068.pro,-1,,0
2901,,352556,1,2261,22500,100,112,0,50332407,0x030002F7,wall,,00000759.pro,-1,,0
2902,,352644,1,2263,22508,108,112,0,50332414,0x030002FE,wall,,00000766.pro,-1,,0
2903,,352732,1,2265,22522,122,112,0,50332269,0x0300026D,wall,,00000621.pro,-1,,0
2904,,352820,1,2270,22534,134,112,0,50332269,0x0300026D,wall,,00000621.pro,-1,,0
2905,,352908,1,2272,22546,146,112,0,50332407,0x030002F7,wall,,00000759.pro,-1,,0
2906,,352996,1,2274,22547,147,112,0,50331879,0x030000E7,wall,,00000231.pro,-1,,0
2907,,353084,1,2276,22566,166,112,0,83886092,0x0500000C,misc,,00000012.pro,-1,,0
2908,,353172,1,2279,22659,59,113,0,83886092,0x0500000C,misc,,00000012.pro,-1,,0
2909,,353260,1,2287,22684,84,113,0,50332407,0x030002F7,wall,,00000759.pro,-1,,0
2910,,353348,1,2288,22685,85,113,0,33554593,0x020000A1,scenery,generic,00000162.pro,-1,,0
2911,,353436,1,2291,22700,100,113,0,50332428,0x0300030C,wall,,00000780.pro,-1,,0
2912,,353524,1,2293,22701,101,113,0,50332400,0x030002F0,wall,,00000752.pro,-1,,0
2913,,353612,1,2294,22702,102,113,0,50332423,0x03000307,wall,,00000775.pro,-1,,0
2914,,353700,1,2295,22703,103,113,0,50332400,0x030002F0,wall,,00000752.pro,-1,,0
2915,,353788,1,2296,22704,104,113,0,50332401,0x030002F1,wall,,00000753.pro,-1,,0
2916,,353876,1,2297,22705,105,113,0,50332400,0x030002F0,wall,,00000752.pro,-1,,0
2917,,353964,1,2298,22706,106,113,0,50332422,0x03000306,wall,,00000774.pro,-1,,0
2918,,354052,1,2299,22707,107,113,0,50332400,0x030002F0,wall,,00000752.pro,-1,,0
2919,,354140,1,2300,22708,108,113,0,50332426,0x0300030A,wall,,00000778.pro,-1,,0
2920,,354228,1,2302,22722,122,113,0,33554583,0x02000097,scenery,door,00000152.pro,50331695,MetlDoor.int,0
2921,,354320,1,2307,22734,134,113,0,33554583,0x02000097,scenery,door,00000152.pro,50331683,MetlDoor.int,0
2922,,354412,1,2309,22746,146,113,0,50332407,0x030002F7,wall,,00000759.pro,-1,,0
2923,,354500,1,2311,22747,147,113,0,50331880,0x030000E8,wall,,00000232.pro,-1,,0
2924,,354588,1,2313,22767,167,113,0,83886092,0x0500000C,misc,,00000012.pro,-1,,0
2925,,354676,1,2315,22859,59,114,0,83886092,0x0500000C,misc,,00000012.pro,-1,,0
2926,,354764,1,2316,22860,60,114,0,83886092,0x0500000C,misc,,00000012.pro,-1,,0
2927,,354852,1,2322,22884,84,114,0,50332414,0x030002FE,wall,,00000766.pro,-1,,0
2928,,354940,1,2323,22885,85,114,0,33554595,0x020000A3,scenery,generic,00000164.pro,-1,,0
2929,,355028,1,2326,22900,100,114,0,50332269,0x0300026D,wall,,00000621.pro,-1,,0
2930,,355116,1,2327,22904,104,114,0,33554499,0x02000043,scenery,generic,00000068.pro,-1,,0
2931,,355204,1,2328,22905,105,114,0,50332270,0x0300026E,wall,,00000622.pro,-1,,0
2932,,355292,1,2329,22907,107,114,0,50332270,0x0300026E,wall,,00000622.pro,-1,,0
2933,,355380,1,2330,22908,108,114,0,50332269,0x0300026D,wall,,00000621.pro,-1,,0
2934,,355468,1,2331,22908,108,114,0,33554617,0x020000B9,scenery,generic,00000186.pro,-1,,0
2935,,355556,1,2333,22922,122,114,0,50332269,0x0300026D,wall,,00000621.pro,-1,,0
2936,,355644,1,2335,22934,134,114,0,50332269,0x0300026D,wall,,00000621.pro,-1,,0
2937,,355732,1,2337,22946,146,114,0,50332407,0x030002F7,wall,,00000759.pro,-1,,0
2938,,355820,1,2339,22947,147,114,0,50331881,0x030000E9,wall,,00000233.pro,-1,,0
2939,,355908,1,2342,22967,167,114,0,83886092,0x0500000C,misc,,00000012.pro,-1,,0
2940,,355996,1,2343,22968,168,114,0,83886092,0x0500000C,misc,,00000012.pro,-1,,0
2941,,356084,1,2345,23060,60,115,0,83886092,0x0500000C,misc,,00000012.pro,-1,,0
2942,,356172,1,2350,23084,84,115,0,50332407,0x030002F7,wall,,00000759.pro,-1,,0
2943,,356260,1,2351,23085,85,115,0,33554499,0x02000043,scenery,generic,00000068.pro,-1,,0
2944,,356348,1,2354,23100,100,115,0,50332407,0x030002F7,wall,,00000759.pro,-1,,0
2945,,356436,1,2355,23101,101,115,0,33554993,0x02000231,scenery,generic,00000562.pro,-1,,0
2946,,356524,1,2356,23102,102,115,0,33554499,0x02000043,scenery,generic,00000068.pro,-1,,0
2947,,356612,1,2357,23103,103,115,0,33554499,0x02000043,scenery,generic,00000068.pro,-1,,0
2948,,356700,1,2358,23104,104,115,0,33554499,0x02000043,scenery,generic,00000068.pro,-1,,0
2949,,356788,1,2359,23108,108,115,0,50332413,0x030002FD,wall,,00000765.pro,-1,,0
2950,,356876,1,2361,23122,122,115,0,50332441,0x03000319,wall,,00000793.pro,-1,,0
2951,,356964,1,2362,23134,134,115,0,50332441,0x03000319,wall,,00000793.pro,-1,,0
2952,,357052,1,2364,23146,146,115,0,50332407,0x030002F7,wall,,00000759.pro,-1,,0
2953,,357140,1,2366,23147,147,115,0,50331878,0x030000E6,wall,,00000230.pro,-1,,0
2954,,357228,1,2368,23168,168,115,0,83886092,0x0500000C,misc,,00000012.pro,-1,,0
2955,,357316,1,2371,23261,61,116,0,83886092,0x0500000C,misc,,00000012.pro,-1,,0
2956,,357404,1,2382,23284,84,116,0,50332415,0x030002FF,wall,,00000767.pro,-1,,0
2957,,357492,1,2383,23285,85,116,0,33554499,0x02000043,scenery,generic,00000068.pro,-1,,0
2958,,357580,1,2386,23300,100,116,0,50332415,0x030002FF,wall,,00000767.pro,-1,,0
2959,,357668,1,2387,23308,108,116,0,50332405,0x030002F5,wall,,00000757.pro,-1,,0
2960,,357756,1,2389,23322,122,116,0,50332405,0x030002F5,wall,,00000757.pro,-1,,0
2961,,357844,1,2390,23324,124,116,4,16777492,0x01000114,critter,,00000276.pro,67108880,MaxGrd.int,3
2961/inventory/0,2,357976,1,2391,-1,,,0,36,0x00000024,item,ammo,00000036.pro,-1,,0
2961/inventory/1,3,358072,1,1135,-1,,,0,40,0x00000028,item,drug,00000040.pro,-1,,0
2961/inventory/2,1,358164,1,2392,-1,,,0,12,0x0000000C,item,weapon,00000006.pro,-1,,0
2962,,358260,1,2393,23334,134,116,0,50332405,0x030002F5,wall,,00000757.pro,-1,,0
2963,,358348,1,2395,23346,146,116,0,50332407,0x030002F7,wall,,00000759.pro,-1,,0
2964,,358436,1,2397,23347,147,116,0,50331879,0x030000E7,wall,,00000231.pro,-1,,0
2965,,358524,1,2399,23369,169,116,0,83886092,0x0500000C,misc,,00000012.pro,-1,,0
2966,,358612,1,2401,23461,61,117,0,83886092,0x0500000C,misc,,00000012.pro,-1,,0
2967,,358700,1,2402,23462,62,117,0,83886092,0x0500000C,misc,,00000012.pro,-1,,0
2968,,358788,1,2406,23484,84,117,0,50332407,0x030002F7,wall,,00000759.pro,-1,,0
2969,,358876,1,2407,23485,85,117,0,33554593,0x020000A1,scenery,generic,00000162.pro,-1,,0
2970,,358964,1,2410,23500,100,117,0,50332407,0x030002F7,wall,,00000759.pro,-1,,0
2971,,359052,1,2419,23508,108,117,0,50332442,0x0300031A,wall,,00000794.pro,-1,,0
2972,,359140,1,2432,23522,122,117,0,50332407,0x030002F7,wall,,00000759.pro,-1,,0
2973,,359228,1,2433,23534,134,117,0,50332413,0x030002FD,wall,,00000765.pro,-1,,0
2974,,359316,1,2435,23546,146,117,0,50332407,0x030002F7,wall,,00000759.pro,-1,,0
2975,,359404,1,2437,23547,147,117,0,50331880,0x030000E8,wall,,00000232.pro,-1,,0
2976,,359492,1,2440,23569,169,117,0,83886092,0x0500000C,misc,,00000012.pro,-1,,0
2977,,359580,1,2441,23570,170,117,0,83886092,0x0500000C,misc,,00000012.pro,-1,,0
2978,,359668,1,2443,23662,62,118,0,83886092,0x0500000C,misc,,00000012.pro,-1,,0
2979,,359756,1,2449,23684,84,118,0,50332413,0x030002FD,wall,,00000765.pro,-1,,0
2980,,359844,1,2450,23685,85,118,0,33554593,0x020000A1,scenery,generic,00000162.pro,-1,,0
2981,,359932,1,2453,23700,100,118,0,50332414,0x030002FE,wall,,00000766.pro,-1,,0
2982,,360020,1,2455,23701,101,118,0,33554499,0x02000043,scenery,generic,00000068.pro,-1,,0
2983,,360108,1,2456,23701,101,118,0,135,0x00000087,item,container,00000135.pro,50331712,BroLock.int,0
2984,,360196,1,2461,23708,108,118,0,50332269,0x0300026D,wall,,00000621.pro,-1,,0
2985,,360284,1,2469,23722,122,118,0,50332414,0x030002FE,wall,,00000766.pro,-1,,0
2986,,360372,1,2470,23734,134,118,0,50332409,0x030002F9,wall,,00000761.pro,-1,,0
2987,,360460,1,2472,23746,146,118,0,50332407,0x030002F7,wall,,00000759.pro,-1,,0
2988,,360548,1,2474,23747,147,118,0,50331881,0x030000E9,wall,,00000233.pro,-1,,0
2989,,360636,1,2476,23770,170,118,0,83886092,0x0500000C,misc,,00000012.pro,-1,,0
2990,,360724,1,2479,23863,63,119,0,83886092,0x0500000C,misc,,00000012.pro,-1,,0
2991,,360812,1,2484,23884,84,119,0,50332407,0x030002F7,wall,,00000759.pro,-1,,0
2992,,360900,1,2487,23900,100,119,0,50332407,0x030002F7,wall,,00000759.pro,-1,,0
2993,,360988,1,2494,23908,108,119,0,33554583,0x02000097,scenery,door,00000152.pro,50331692,MetlDoor.int,0
2994,,361080,1,2499,23922,122,119,0,50332409,0x030002F9,wall,,00000761.pro,-1,,0
2995,,361168,1,2501,23934,134,119,0,50332407,0x030002F7,wall,,00000759.pro,-1,,0
2996,,361256,1,2503,23946,146,119,0,50332407,0x030002F7,wall,,00000759.pro,-1,,0
2997,,361344,1,2505,23947,147,119,0,50331878,0x030000E6,wall,,00000230.pro,-1,,0
2998,,361432,1,2508,23971,171,119,0,83886092,0x0500000C,misc,,00000012.pro,-1,,0
2999,,361520,1,2510,24063,63,120,0,83886092,0x0500000C,misc,,00000012.pro,-1,,0
3000,,361608,1,2511,24064,64,120,0,83886092,0x0500000C,misc,,00000012.pro,-1,,0
3001,,361696,1,2517,24084,84,120,0,50332407,0x030002F7,wall,,00000759.pro,-1,,0
3002,,361784,1,2523,24100,100,120,0,50332417,0x03000301,wall,,00000769.pro,-1,,0
3003,,361872,1,2524,24100,100,120,0,33555045,0x02000265,scenery,generic,00000614.pro,-1,,0
3004,,361960,1,2525,24100,100,120,0,33555047,0x02000267,scenery,generic,00000616.pro,50331672,Sink.int,0
3005,,362048,1,2527,24108,108,120,0,50332269,0x0300026D,wall,,00000621.pro,-1,,0
3006,,362136,1,2529,24122,122,120,0,50332407,0x030002F7,wall,,00000759.pro,-1,,0
3007,,362224,1,2531,24134,134,120,0,50332407,0x030002F7,wall,,00000759.pro,-1,,0
3008,,362312,1,2533,24146,146,120,0,50332407,0x030002F7,wall,,00000759.pro,-1,,0
3009,,362400,1,2535,24147,147,120,0,50331879,0x030000E7,wall,,00000231.pro,-1,,0
3010,,362488,1,2539,24264,64,121,0,83886092,0x0500000C,misc,,00000012.pro,-1,,0
3011,,362576,1,2542,24284,84,121,0,50332428,0x0300030C,wall,,00000780.pro,-1,,0
3012,,362664,1,2544,24285,85,121,0,50332400,0x030002F0,wall,,00000752.pro,-1,,0
3013,,362752,1,2546,24286,86,121,0,50332419,0x03000303,wall,,00000771.pro,-1,,0
3014,,362840,1,2548,24287,87,121,0,50332400,0x030002F0,wall,,00000752.pro,-1,,0
3015,,362928,1,2550,24288,88,121,0,50332423,0x03000307,wall,,00000775.pro,-1,,0
3016,,363016,1,2552,24289,89,121,0,50332398,0x030002EE,wall,,00000750.pro,-1,,0
3017,,363104,1,2554,24290,90,121,0,50332440,0x03000318,wall,,00000792.pro,-1,,0
3018,,363192,1,2556,24291,91,121,0,50332270,0x0300026E,wall,,00000622.pro,-1,,0
3019,,363280,1,2558,24292,92,121,0,33554584,0x02000098,scenery,door,00000153.pro,50331688,MetlDoor.int,0
3020,,363372,1,2559,24293,93,121,0,50332270,0x0300026E,wall,,00000622.pro,-1,,0
3021,,363460,1,2560,24294,94,121,0,50332439,0x03000317,wall,,00000791.pro,-1,,0
3022,,363548,1,2561,24295,95,121,0,50332398,0x030002EE,wall,,00000750.pro,-1,,0
3023,,363636,1,2562,24296,96,121,0,50332418,0x03000302,wall,,00000770.pro,-1,,0
3024,,363724,1,2563,24297,97,121,0,50332400,0x030002F0,wall,,00000752.pro,-1,,0
3025,,363812,1,2564,24298,98,121,0,50332401,0x030002F1,wall,,00000753.pro,-1,,0
3026,,363900,1,2565,24299,99,121,0,50332400,0x030002F0,wall,,00000752.pro,-1,,0
3027,,363988,1,2567,24300,100,121,0,50332426,0x0300030A,wall,,00000778.pro,-1,,0
3028,,364076,1,2570,24308,108,121,0,50332441,0x03000319,wall,,00000793.pro,-1,,0
3029,,364164,1,2572,24322,122,121,0,50332417,0x03000301,wall,,00000769.pro,-1,,0
3030,,364252,1,2574,24334,134,121,0,50332428,0x0300030C,wall,,00000780.pro,-1,,0
3031,,364340,1,2575,24335,135,121,0,50332400,0x030002F0,wall,,00000752.pro,-1,,0
3032,,364428,1,2576,24336,136,121,0,50332401,0x030002F1,wall,,00000753.pro,-1,,0
3033,,364516,1,2577,24337,137,121,0,50332400,0x030002F0,wall,,00000752.pro,-1,,0
3034,,364604,1,2578,24338,138,121,0,50332401,0x030002F1,wall,,00000753.pro,-1,,0
3035,,364692,1,2579,24339,139,121,0,50332400,0x030002F0,wall,,00000752.pro,-1,,0
3036,,364780,1,2580,24340,140,121,0,50332401,0x030002F1,wall,,00000753.pro,-1,,0
3037,,364868,1,2581,24341,141,121,0,50332400,0x030002F0,wall,,00000752.pro,-1,,0
3038,,364956,1,2582,24342,142,121,0,50332401,0x030002F1,wall,,00000753.pro,-1,,0
3039,,365044,1,2583,24343,143,121,0,50332400,0x030002F0,wall,,00000752.pro,-1,,0
3040,,365132,1,2584,24344,144,121,0,50332401,0x030002F1,wall,,00000753.pro,-1,,0
3041,,365220,1,2585,24345,145,121,0,50332400,0x030002F0,wall,,00000752.pro,-1,,0
3042,,365308,1,2587,24346,146,121,0,50332397,0x030002ED,wall,,00000749.pro,-1,,0
3043,,365396,1,2589,24347,147,121,0,50331880,0x030000E8,wall,,00000232.pro,-1,,0
3044,,365484,1,2593,24465,65,122,0,83886092,0x0500000C,misc,,00000012.pro,-1,,0
3045,,365572,1,2597,24484,84,122,0,50332270,0x0300026E,wall,,00000622.pro,-1,,0
3046,,365660,1,2599,24485,85,122,0,50332270,0x0300026E,wall,,00000622.pro,-1,,0
3047,,365748,1,2601,24487,87,122,0,33554598,0x020000A6,scenery,generic,00000167.pro,-1,,0
3048,,365836,1,2603,24489,89,122,0,50332270,0x0300026E,wall,,00000622.pro,-1,,0
3049,,365924,1,2605,24491,91,122,0,50332270,0x0300026E,wall,,00000622.pro,-1,,0
3050,,366012,1,2606,24495,95,122,0,50332270,0x0300026E,wall,,00000622.pro,-1,,0
3051,,366100,1,2607,24497,97,122,0,33554594,0x020000A2,scenery,generic,00000163.pro,-1,,0
3052,,366188,1,2608,24499,99,122,0,50332270,0x0300026E,wall,,00000622.pro,-1,,0
3053,,366276,1,2610,24500,100,122,0,50332269,0x0300026D,wall,,00000621.pro,-1,,0
3054,,366364,1,2612,24501,101,122,0,33555048,0x02000268,scenery,generic,00000617.pro,-1,,0
3055,,366452,1,2616,24508,108,122,0,50332405,0x030002F5,wall,,00000757.pro,-1,,0
3056,,366540,1,2620,24522,122,122,0,50332407,0x030002F7,wall,,00000759.pro,-1,,0
3057,,366628,1,2622,24534,134,122,0,50332270,0x0300026E,wall,,00000622.pro,-1,,0
3058,,366716,1,2623,24536,136,122,0,50331875,0x030000E3,wall,,00000227.pro,-1,,0
3059,,366804,1,2624,24538,138,122,0,50331873,0x030000E1,wall,,00000225.pro,-1,,0
3060,,366892,1,2625,24540,140,122,0,50331877,0x030000E5,wall,,00000229.pro,-1,,0
3061,,366980,1,2626,24542,142,122,0,50331875,0x030000E3,wall,,00000227.pro,-1,,0
3062,,367068,1,2627,24544,144,122,0,50331873,0x030000E1,wall,,00000225.pro,-1,,0
3063,,367156,1,2629,24546,146,122,0,50331877,0x030000E5,wall,,00000229.pro,-1,,0
3064,,367244,1,2631,24547,147,122,0,50331881,0x030000E9,wall,,00000233.pro,-1,,0
3065,,367332,1,2634,24665,65,123,0,83886092,0x0500000C,misc,,00000012.pro,-1,,0
3066,,367420,1,2635,24666,66,123,0,83886092,0x0500000C,misc,,00000012.pro,-1,,0
3067,,367508,1,2642,24684,84,123,0,50332407,0x030002F7,wall,,00000759.pro,-1,,0
3068,,367596,1,2643,24685,85,123,0,33554499,0x02000043,scenery,generic,00000068.pro,-1,,0
3069,,367684,1,2644,24690,90,123,0,33554499,0x02000043,scenery,generic,00000068.pro,-1,,0
3070,,367772,1,2646,24700,100,123,0,50332407,0x030002F7,wall,,00000759.pro,-1,,0
3071,,367860,1,2650,24708,108,123,0,50332416,0x03000300,wall,,00000768.pro,-1,,0
3072,,367948,1,2652,24716,116,123,0,33554499,0x02000043,scenery,generic,00000068.pro,-1,,0
3073,,368036,1,2653,24717,117,123,0,33554499,0x02000043,scenery,generic,00000068.pro,-1,,0
3074,,368124,1,2654,24718,118,123,0,33554499,0x02000043,scenery,generic,00000068.pro,-1,,0
3075,,368212,1,2656,24722,122,123,0,50332409,0x030002F9,wall,,00000761.pro,-1,,0
3076,,368300,1,2664,24734,134,123,0,50332407,0x030002F7,wall,,00000759.pro,-1,,0
3077,,368388,1,2666,24735,135,123,0,50332300,0x0300028C,wall,,00000652.pro,-1,,0
3078,,368476,1,2669,24737,137,123,0,50331874,0x030000E2,wall,,00000226.pro,-1,,0
3079,,368564,1,2672,24739,139,123,0,50331872,0x030000E0,wall,,00000224.pro,-1,,0
3080,,368652,1,2675,24741,141,123,0,50331876,0x030000E4,wall,,00000228.pro,-1,,0
3081,,368740,1,2678,24743,143,123,0,50331874,0x030000E2,wall,,00000226.pro,-1,,0
3082,,368828,1,2681,24745,145,123,0,50331872,0x030000E0,wall,,00000224.pro,-1,,0
3083,,368916,1,2684,24747,147,123,0,50332301,0x0300028D,wall,,00000653.pro,-1,,0
3084,,369004,1,2688,24866,66,124,0,83886092,0x0500000C,misc,,00000012.pro,-1,,0
3085,,369092,1,2697,24884,84,124,0,50332417,0x03000301,wall,,00000769.pro,-1,,0
3086,,369180,1,2698,24885,85,124,0,33554595,0x020000A3,scenery,generic,00000164.pro,-1,,0
3087,,369268,1,2699,24888,88,124,0,33554499,0x02000043,scenery,generic,00000068.pro,-1,,0
3088,,369356,1,2700,24889,89,124,0,33554499,0x02000043,scenery,generic,00000068.pro,-1,,0
3089,,369444,1,2701,24890,90,124,0,33554614,0x020000B6,scenery,generic,00000183.pro,-1,,0
3090,,369532,1,2703,24900,100,124,0,50332407,0x030002F7,wall,,00000759.pro,-1,,0
3091,,369620,1,2707,24908,108,124,0,50332414,0x030002FE,wall,,00000766.pro,-1,,0
3092,,369708,1,2711,24916,116,124,0,33554499,0x02000043,scenery,generic,00000068.pro,-1,,0
3093,,369796,1,2712,24917,117,124,0,33554596,0x020000A4,scenery,generic,00000165.pro,-1,,0
3094,,369884,1,2713,24918,118,124,0,33554499,0x02000043,scenery,generic,00000068.pro,-1,,0
3095,,369972,1,2715,24922,122,124,0,50332413,0x030002FD,wall,,00000765.pro,-1,,0
3096,,370060,1,2720,24934,134,124,0,50332407,0x030002F7,wall,,00000759.pro,-1,,0
3097,,370148,1,2721,24935,135,124,0,50332270,0x0300026E,wall,,00000622.pro,-1,,0
3098,,370236,1,2732,25067,67,125,0,83886092,0x0500000C,misc,,00000012.pro,-1,,0
3099,,370324,1,2738,25084,84,125,0,50332407,0x030002F7,wall,,00000759.pro,-1,,0
3100,,370412,1,2739,25085,85,125,0,33554499,0x02000043,scenery,generic,00000068.pro,-1,,0
3101,,370500,1,2740,25088,88,125,0,33554499,0x02000043,scenery,generic,00000068.pro,-1,,0
3102,,370588,1,2741,25090,90,125,0,33554499,0x02000043,scenery,generic,00000068.pro,-1,,0
3103,,370676,1,2743,25100,100,125,0,50332428,0x0300030C,wall,,00000780.pro,-1,,0
3104,,370764,1,2745,25101,101,125,0,50332400,0x030002F0,wall,,00000752.pro,-1,,0
3105,,370852,1,2746,25102,102,125,0,50332401,0x030002F1,wall,,00000753.pro,-1,,0
3106,,370940,1,2747,25103,103,125,0,50332400,0x030002F0,wall,,00000752.pro,-1,,0
3107,,371028,1,2748,25104,104,125,0,50332419,0x03000303,wall,,00000771.pro,-1,,0
3108,,371116,1,2749,25105,105,125,0,50332400,0x030002F0,wall,,00000752.pro,-1,,0
3109,,371204,1,2750,25106,106,125,0,50332421,0x03000305,wall,,00000773.pro,-1,,0
3110,,371292,1,2751,25107,107,125,0,50332400,0x030002F0,wall,,00000752.pro,-1,,0
3111,,371380,1,2752,25108,108,125,0,50332426,0x0300030A,wall,,00000778.pro,-1,,0
3112,,371468,1,2754,25114,114,125,0,50332412,0x030002FC,wall,,00000764.pro,-1,,0
3113,,371556,1,2755,25115,115,125,0,50332400,0x030002F0,wall,,00000752.pro,-1,,0
3114,,371644,1,2756,25116,116,125,0,50332401,0x030002F1,wall,,00000753.pro,-1,,0
3115,,371732,1,2757,25117,117,125,0,50332400,0x030002F0,wall,,00000752.pro,-1,,0
3116,,371820,1,2758,25118,118,125,0,50332420,0x03000304,wall,,00000772.pro,-1,,0
3117,,371908,1,2759,25119,119,125,0,50332400,0x030002F0,wall,,00000752.pro,-1,,0
3118,,371996,1,2761,25120,120,125,0,50332422,0x03000306,wall,,00000774.pro,-1,,0
3119,,372084,1,2762,25121,121,125,0,50332400,0x030002F0,wall,,00000752.pro,-1,,0
3120,,372172,1,2763,25122,122,125,0,50332426,0x0300030A,wall,,00000778.pro,-1,,0
3121,,372260,1,2768,25134,134,125,0,50332407,0x030002F7,wall,,00000759.pro,-1,,0
3122,,372348,1,2770,25135,135,125,0,50331878,0x030000E6,wall,,00000230.pro,-1,,0
3123,,372436,1,2780,25267,67,126,0,83886092,0x0500000C,misc,,00000012.pro,-1,,0
3124,,372524,1,2782,25268,68,126,0,83886092,0x0500000C,misc,,00000012.pro,-1,,0
3125,,372612,1,2786,25284,84,126,0,50332414,0x030002FE,wall,,00000766.pro,-1,,0
3126,,372700,1,2787,25285,85,126,0,33554595,0x020000A3,scenery,generic,00000164.pro,-1,,0
3127,,372788,1,2788,25288,88,126,0,33554499,0x02000043,scenery,generic,00000068.pro,-1,,0
3128,,372876,1,2789,25290,90,126,0,33554614,0x020000B6,scenery,generic,00000183.pro,-1,,0
3129,,372964,1,2791,25300,100,126,0,50332269,0x0300026D,wall,,00000621.pro,-1,,0
3130,,373052,1,2793,25304,104,126,0,33554499,0x02000043,scenery,generic,00000068.pro,-1,,0
3131,,373140,1,2794,25305,105,126,0,33554499,0x02000043,scenery,generic,00000068.pro,-1,,0
3132,,373228,1,2795,25305,105,126,0,133,0x00000085,item,container,00000133.pro,50331713,BroLock.int,0
3133,,373316,1,2796,25307,107,126,0,50332270,0x0300026E,wall,,00000622.pro,-1,,0
3134,,373404,1,2797,25308,108,126,0,50332269,0x0300026D,wall,,00000621.pro,-1,,0
3135,,373492,1,2799,25314,114,126,0,50332269,0x0300026D,wall,,00000621.pro,-1,,0
3136,,373580,1,2800,25318,118,126,0,33554499,0x02000043,scenery,generic,00000068.pro,-1,,0
3137,,373668,1,2801,25319,119,126,0,50332270,0x0300026E,wall,,00000622.pro,-1,,0
3138,,373756,1,2803,25320,120,126,0,33554499,0x02000043,scenery,generic,00000068.pro,-1,,0
3139,,373844,1,2804,25320,120,126,0,133,0x00000085,item,container,00000133.pro,50331714,BroLock.int,0
3140,,373932,1,2805,25321,121,126,0,50332270,0x0300026E,wall,,00000622.pro,-1,,0
3141,,374020,1,2806,25322,122,126,0,50332269,0x0300026D,wall,,00000621.pro,-1,,0
3142,,374108,1,2809,25334,134,126,0,50332407,0x030002F7,wall,,00000759.pro,-1,,0
3143,,374196,1,2810,25335,135,126,0,50331879,0x030000E7,wall,,00000231.pro,-1,,0
3144,,374284,1,2817,25468,68,127,0,83886092,0x0500000C,misc,,00000012.pro,-1,,0
3145,,374372,1,2821,25484,84,127,0,50332407,0x030002F7,wall,,00000759.pro,-1,,0
3146,,374460,1,2822,25485,85,127,0,33554499,0x02000043,scenery,generic,00000068.pro,-1,,0
3147,,374548,1,2823,25486,86,127,0,33554499,0x02000043,scenery,generic,00000068.pro,-1,,0
3148,,374636,1,2824,25489,89,127,0,33554499,0x02000043,scenery,generic,00000068.pro,-1,,0
3149,,374724,1,2825,25490,90,127,0,33554499,0x02000043,scenery,generic,00000068.pro,-1,,0
3150,,374812,1,2826,25496,96,127,0,33554499,0x02000043,scenery,generic,00000068.pro,-1,,0
3151,,374900,1,2827,25497,97,127,0,33554499,0x02000043,scenery,generic,00000068.pro,-1,,0
3152,,374988,1,2828,25498,98,127,0,33554499,0x02000043,scenery,generic,00000068.pro,-1,,0
3153,,375076,1,2830,25500,100,127,0,50332416,0x03000300,wall,,00000768.pro,-1,,0
3154,,375164,1,2832,25501,101,127,0,33554993,0x02000231,scenery,generic,00000562.pro,-1,,0
3155,,375252,1,2833,25502,102,127,0,33554499,0x02000043,scenery,generic,00000068.pro,-1,,0
3156,,375340,1,2834,25503,103,127,0,33554499,0x02000043,scenery,generic,00000068.pro,-1,,0
3157,,375428,1,2835,25504,104,127,0,33554499,0x02000043,scenery,generic,00000068.pro,-1,,0
3158,,375516,1,2836,25508,108,127,0,50332415,0x030002FF,wall,,00000767.pro,-1,,0
3159,,375604,1,2837,25514,114,127,0,50332415,0x030002FF,wall,,00000767.pro,-1,,0
3160,,375692,1,2838,25515,115,127,0,33554993,0x02000231,scenery,generic,00000562.pro,-1,,0
3161,,375780,1,2839,25516,116,127,0,33554499,0x02000043,scenery,generic,00000068.pro,-1,,0
3162,,375868,1,2840,25517,117,127,0,33554499,0x02000043,scenery,generic,00000068.pro,-1,,0
3163,,375956,1,2841,25518,118,127,0,33554499,0x02000043,scenery,generic,00000068.pro,-1,,0
3164,,376044,1,2843,25522,122,127,0,50332409,0x030002F9,wall,,00000761.pro,-1,,0
3165,,376132,1,2846,25534,134,127,0,50332407,0x030002F7,wall,,00000759.pro,-1,,0
3166,,376220,1,2847,25535,135,127,0,50331880,0x030000E8,wall,,00000232.pro,-1,,0
3167,,376308,1,2855,25669,69,128,0,83886092,0x0500000C,misc,,00000012.pro,-1,,0
3168,,376396,1,2858,25684,84,128,0,50332413,0x030002FD,wall,,00000765.pro,-1,,0
3169,,376484,1,2859,25684,84,128,0,33554996,0x02000234,scenery,generic,00000565.pro,-1,,0
3170,,376572,1,2860,25686,86,128,0,33554591,0x0200009F,scenery,generic,00000160.pro,-1,,0
3171,,376660,1,2861,25687,87,128,0,33554499,0x02000043,scenery,generic,00000068.pro,-1,,0
3172,,376748,1,2862,25697,97,128,0,33554597,0x020000A5,scenery,generic,00000166.pro,-1,,0
3173,,376836,1,2864,25700,100,128,0,50332407,0x030002F7,wall,,00000759.pro,-1,,0
3174,,376924,1,2865,25708,108,128,0,50332405,0x030002F5,wall,,00000757.pro,-1,,0
3175,,377012,1,2866,25714,114,128,0,50332405,0x030002F5,wall,,00000757.pro,-1,,0
3176,,377100,1,2868,25722,122,128,0,50332416,0x03000300,wall,,00000768.pro,-1,,0
3177,,377188,1,2871,25734,134,128,0,50332407,0x030002F7,wall,,00000759.pro,-1,,0
3178,,377276,1,2872,25735,135,128,0,50331881,0x030000E9,wall,,00000233.pro,-1,,0
3179,,377364,1,2879,25869,69,129,0,83886092,0x0500000C,misc,,00000012.pro,-1,,0
3180,,377452,1,2881,25870,70,129,0,83886092,0x0500000C,misc,,00000012.pro,-1,,0
3181,,377540,1,2883,25884,84,129,0,50332407,0x030002F7,wall,,00000759.pro,-1,,0
3182,,377628,1,2884,25885,85,129,0,33554499,0x02000043,scenery,generic,00000068.pro,-1,,0
3183,,377716,1,2886,25900,100,129,0,50332413,0x030002FD,wall,,00000765.pro,-1,,0
3184,,377804,1,2888,25908,108,129,0,50332442,0x0300031A,wall,,00000794.pro,-1,,0
3185,,377892,1,2889,25914,114,129,0,50332442,0x0300031A,wall,,00000794.pro,-1,,0
3186,,377980,1,2891,25922,122,129,0,50332407,0x030002F7,wall,,00000759.pro,-1,,0
3187,,378068,1,2894,25934,134,129,0,50332407,0x030002F7,wall,,00000759.pro,-1,,0
3188,,378156,1,2895,25935,135,129,0,50331878,0x030000E6,wall,,00000230.pro,-1,,0
3189,,378244,1,2903,26070,70,130,0,83886092,0x0500000C,misc,,00000012.pro,-1,,0
3190,,378332,1,2905,26084,84,130,0,50332415,0x030002FF,wall,,00000767.pro,-1,,0
3191,,378420,1,2906,26085,85,130,0,33554499,0x02000043,scenery,generic,00000068.pro,-1,,0
3192,,378508,1,2907,26086,86,130,0,33554499,0x02000043,scenery,generic,00000068.pro,-1,,0
3193,,378596,1,2908,26096,96,130,0,33554499,0x02000043,scenery,generic,00000068.pro,-1,,0
3194,,378684,1,2909,26097,97,130,0,33554499,0x02000043,scenery,generic,00000068.pro,-1,,0
3195,,378772,1,2910,26098,98,130,0,33554499,0x02000043,scenery,generic,00000068.pro,-1,,0
3196,,378860,1,2912,26100,100,130,0,50332407,0x030002F7,wall,,00000759.pro,-1,,0
3197,,378948,1,2914,26108,108,130,0,50332269,0x0300026D,wall,,00000621.pro,-1,,0
3198,,379036,1,2915,26114,114,130,0,50332269,0x0300026D,wall,,00000621.pro,-1,,0
3199,,379124,1,2919,26122,122,130,0,50332414,0x030002FE,wall,,00000766.pro,-1,,0
3200,,379212,1,2922,26134,134,130,0,50332407,0x030002F7,wall,,00000759.pro,-1,,0
3201,,379300,1,2923,26135,135,130,0,50331879,0x030000E7,wall,,00000231.pro,-1,,0
3202,,379388,1,2933,26271,71,131,0,83886092,0x0500000C,misc,,00000012.pro,-1,,0
3203,,379476,1,2935,26284,84,131,0,50332407,0x030002F7,wall,,00000759.pro,-1,,0
3204,,379564,1,2936,26286,86,131,0,33554591,0x0200009F,scenery,generic,00000160.pro,-1,,0
3205,,379652,1,2937,26287,87,131,0,33554499,0x02000043,scenery,generic,00000068.pro,-1,,0
3206,,379740,1,2938,26290,90,131,0,33554499,0x02000043,scenery,generic,00000068.pro,-1,,0
3207,,379828,1,2939,26297,97,131,0,33554597,0x020000A5,scenery,generic,00000166.pro,-1,,0
3208,,379916,1,2941,26300,100,131,0,50332417,0x03000301,wall,,00000769.pro,-1,,0
3209,,380004,1,2950,26308,108,131,0,33554583,0x02000097,scenery,door,00000152.pro,50331693,MetlDoor.int,0
3210,,380096,1,2957,26314,114,131,0,33554583,0x02000097,scenery,door,00000152.pro,50331694,MetlDoor.int,0
3211,,380188,1,2964,26322,122,131,0,50332409,0x030002F9,wall,,00000761.pro,-1,,0
3212,,380276,1,2967,26334,134,131,0,50332407,0x030002F7,wall,,00000759.pro,-1,,0
3213,,380364,1,2968,26335,135,131,0,50331880,0x030000E8,wall,,00000232.pro,-1,,0
3214,,380452,1,2975,26471,71,132,0,83886092,0x0500000C,misc,,00000012.pro,-1,,0
3215,,380540,1,2976,26472,72,132,0,83886092,0x0500000C,misc,,00000012.pro,-1,,0
3216,,380628,1,2978,26484,84,132,0,50332416,0x03000300,wall,,00000768.pro,-1,,0
3217,,380716,1,2979,26485,85,132,0,33554499,0x02000043,scenery,generic,00000068.pro,-1,,0
3218,,380804,1,2980,26488,88,132,0,33554499,0x02000043,scenery,generic,00000068.pro,-1,,0
3219,,380892,1,2981,26489,89,132,0,33554499,0x02000043,scenery,generic,00000068.pro,-1,,0
3220,,380980,1,2982,26490,90,132,0,33554614,0x020000B6,scenery,generic,00000183.pro,-1,,0
3221,,381068,1,2983,26500,100,132,0,50332407,0x030002F7,wall,,00000759.pro,-1,,0
3222,,381156,1,2984,26500,100,132,0,33555045,0x02000265,scenery,generic,00000614.pro,-1,,0
3223,,381244,1,2985,26500,100,132,0,33555047,0x02000267,scenery,generic,00000616.pro,50331673,Sink.int,0
3224,,381332,1,2990,26508,108,132,0,50332269,0x0300026D,wall,,00000621.pro,-1,,0
3225,,381420,1,2994,26514,114,132,0,50332269,0x0300026D,wall,,00000621.pro,-1,,0
3226,,381508,1,2998,26522,122,132,0,50332407,0x030002F7,wall,,00000759.pro,-1,,0
3227,,381596,1,3001,26534,134,132,0,50332407,0x030002F7,wall,,00000759.pro,-1,,0
3228,,381684,1,3002,26535,135,132,0,50331881,0x030000E9,wall,,00000233.pro,-1,,0
3229,,381772,1,3013,26672,72,133,0,83886092,0x0500000C,misc,,00000012.pro,-1,,0
3230,,381860,1,3026,26684,84,133,0,50332407,0x030002F7,wall,,00000759.pro,-1,,0
3231,,381948,1,3028,26685,85,133,0,33554595,0x020000A3,scenery,generic,00000164.pro,-1,,0
3232,,382036,1,3032,26688,88,133,0,33554499,0x02000043,scenery,generic,00000068.pro,-1,,0
3233,,382124,1,3035,26690,90,133,0,33554499,0x02000043,scenery,generic,00000068.pro,-1,,0
3234,,382212,1,3038,26700,100,133,0,50332414,0x030002FE,wall,,00000766.pro,-1,,0
3235,,382300,1,3039,26708,108,133,0,50332441,0x03000319,wall,,00000793.pro,-1,,0
3236,,382388,1,3040,26714,114,133,0,50332441,0x03000319,wall,,00000793.pro,-1,,0
3237,,382476,1,3041,26722,122,133,0,50332415,0x030002FF,wall,,00000767.pro,-1,,0
3238,,382564,1,3044,26734,134,133,0,50332407,0x030002F7,wall,,00000759.pro,-1,,0
3239,,382652,1,3045,26735,135,133,0,50331878,0x030000E6,wall,,00000230.pro,-1,,0
3240,,382740,1,3055,26873,73,134,0,83886092,0x0500000C,misc,,00000012.pro,-1,,0
3241,,382828,1,3062,26884,84,134,0,50332414,0x030002FE,wall,,00000766.pro,-1,,0
3242,,382916,1,3063,26885,85,134,0,33554499,0x02000043,scenery,generic,00000068.pro,-1,,0
3243,,383004,1,3066,26888,88,134,0,33554499,0x02000043,scenery,generic,00000068.pro,-1,,0
3244,,383092,1,3068,26890,90,134,0,33554614,0x020000B6,scenery,generic,00000183.pro,-1,,0
3245,,383180,1,3070,26900,100,134,0,50332407,0x030002F7,wall,,00000759.pro,-1,,0
3246,,383268,1,3071,26901,101,134,0,33555048,0x02000268,scenery,generic,00000617.pro,-1,,0
3247,,383356,1,3072,26908,108,134,0,50332405,0x030002F5,wall,,00000757.pro,-1,,0
3248,,383444,1,3073,26914,114,134,0,50332405,0x030002F5,wall,,00000757.pro,-1,,0
3249,,383532,1,3074,26922,122,134,0,50332407,0x030002F7,wall,,00000759.pro,-1,,0
3250,,383620,1,3077,26934,134,134,0,50332407,0x030002F7,wall,,00000759.pro,-1,,0
3251,,383708,1,3078,26935,135,134,0,50331879,0x030000E7,wall,,00000231.pro,-1,,0
3252,,383796,1,3083,26970,170,134,0,83886092,0x0500000C,misc,,00000012.pro,-1,,0
3253,,383884,1,3084,26971,171,134,0,83886092,0x0500000C,misc,,00000012.pro,-1,,0
3254,,383972,1,3089,27073,73,135,0,83886092,0x0500000C,misc,,00000012.pro,-1,,0
3255,,384060,1,3090,27074,74,135,0,83886092,0x0500000C,misc,,00000012.pro,-1,,0
3256,,384148,1,3096,27084,84,135,0,50332407,0x030002F7,wall,,00000759.pro,-1,,0
3257,,384236,1,3098,27085,85,135,0,33554595,0x020000A3,scenery,generic,00000164.pro,-1,,0
3258,,384324,1,3100,27088,88,135,0,33554499,0x02000043,scenery,generic,00000068.pro,-1,,0
3259,,384412,1,3102,27089,89,135,0,33554499,0x02000043,scenery,generic,00000068.pro,-1,,0
3260,,384500,1,3103,27090,90,135,0,33554499,0x02000043,scenery,generic,00000068.pro,-1,,0
3261,,384588,1,3106,27100,100,135,0,50332407,0x030002F7,wall,,00000759.pro,-1,,0
3262,,384676,1,3107,27108,108,135,0,50332415,0x030002FF,wall,,00000767.pro,-1,,0
3263,,384764,1,3108,27114,114,135,0,50332413,0x030002FD,wall,,00000765.pro,-1,,0
3264,,384852,1,3109,27122,122,135,0,50332409,0x030002F9,wall,,00000761.pro,-1,,0
3265,,384940,1,3112,27134,134,135,0,50332407,0x030002F7,wall,,00000759.pro,-1,,0
3266,,385028,1,3113,27135,135,135,0,50331880,0x030000E8,wall,,00000232.pro,-1,,0
3267,,385116,1,3118,27168,168,135,0,83886092,0x0500000C,misc,,00000012.pro,-1,,0
3268,,385204,1,3119,27169,169,135,0,83886092,0x0500000C,misc,,00000012.pro,-1,,0
3269,,385292,1,3120,27170,170,135,0,83886092,0x0500000C,misc,,00000012.pro,-1,,0
3270,,385380,1,3121,27171,171,135,0,83886092,0x0500000C,misc,,00000012.pro,-1,,0
3271,,385468,1,3123,27274,74,136,0,83886092,0x0500000C,misc,,00000012.pro,-1,,0
3272,,385556,1,3124,27284,84,136,0,50332413,0x030002FD,wall,,00000765.pro,-1,,0
3273,,385644,1,3125,27285,85,136,0,33554499,0x02000043,scenery,generic,00000068.pro,-1,,0
3274,,385732,1,3127,27300,100,136,0,50332407,0x030002F7,wall,,00000759.pro,-1,,0
3275,,385820,1,3128,27308,108,136,0,50332407,0x030002F7,wall,,00000759.pro,-1,,0
3276,,385908,1,3129,27314,114,136,0,50332407,0x030002F7,wall,,00000759.pro,-1,,0
3277,,385996,1,3130,27320,120,136,0,33554776,0x02000158,scenery,generic,00000345.pro,-1,,0
3278,,386084,1,3131,27321,121,136,0,33554776,0x02000158,scenery,generic,00000345.pro,-1,,0
3279,,386172,1,3132,27322,122,136,0,50332407,0x030002F7,wall,,00000759.pro,-1,,0
3280,,386260,1,3135,27334,134,136,0,50332407,0x030002F7,wall,,00000759.pro,-1,,0
3281,,386348,1,3136,27335,135,136,0,50331881,0x030000E9,wall,,00000233.pro,-1,,0
3282,,386436,1,3141,27366,166,136,0,83886092,0x0500000C,misc,,00000012.pro,-1,,0
3283,,386524,1,3142,27367,167,136,0,83886092,0x0500000C,misc,,00000012.pro,-1,,0
3284,,386612,1,3143,27368,168,136,0,83886092,0x0500000C,misc,,00000012.pro,-1,,0
3285,,386700,1,3144,27369,169,136,0,83886092,0x0500000C,misc,,00000012.pro,-1,,0
3286,,386788,1,3147,27475,75,137,0,83886092,0x0500000C,misc,,00000012.pro,-1,,0
3287,,386876,1,3148,27484,84,137,0,50332407,0x030002F7,wall,,00000759.pro,-1,,0
3288,,386964,1,3149,27485,85,137,0,33554593,0x020000A1,scenery,generic,00000162.pro,-1,,0
3289,,387052,1,3151,27500,100,137,0,50332404,0x030002F4,wall,,00000756.pro,-1,,0
3290,,387140,1,3152,27501,101,137,0,50332400,0x030002F0,wall,,00000752.pro,-1,,0
3291,,387228,1,3153,27502,102,137,0,50332419,0x03000303,wall,,00000771.pro,-1,,0
3292,,387316,1,3154,27503,103,137,0,50332400,0x030002F0,wall,,00000752.pro,-1,,0
3293,,387404,1,3155,27504,104,137,0,50332423,0x03000307,wall,,00000775.pro,-1,,0
3294,,387492,1,3156,27505,105,137,0,50332400,0x030002F0,wall,,00000752.pro,-1,,0
3295,,387580,1,3157,27506,106,137,0,50332425,0x03000309,wall,,00000777.pro,-1,,0
3296,,387668,1,3158,27507,107,137,0,50332400,0x030002F0,wall,,00000752.pro,-1,,0
3297,,387756,1,3159,27508,108,137,0,50332429,0x0300030D,wall,,00000781.pro,-1,,0
3298,,387844,1,3160,27509,109,137,0,50332400,0x030002F0,wall,,00000752.pro,-1,,0
3299,,387932,1,3161,27510,110,137,0,50332418,0x03000302,wall,,00000770.pro,-1,,0
3300,,388020,1,3162,27511,111,137,0,50332400,0x030002F0,wall,,00000752.pro,-1,,0
3301,,388108,1,3163,27512,112,137,0,50332419,0x03000303,wall,,00000771.pro,-1,,0
3302,,388196,1,3164,27513,113,137,0,50332400,0x030002F0,wall,,00000752.pro,-1,,0
3303,,388284,1,3165,27514,114,137,0,50332427,0x0300030B,wall,,00000779.pro,-1,,0
3304,,388372,1,3166,27515,115,137,0,50332400,0x030002F0,wall,,00000752.pro,-1,,0
3305,,388460,1,3167,27516,116,137,0,50332402,0x030002F2,wall,,00000754.pro,-1,,0
3306,,388548,1,3168,27517,117,137,0,50332400,0x030002F0,wall,,00000752.pro,-1,,0
3307,,388636,1,3169,27518,118,137,0,50332420,0x03000304,wall,,00000772.pro,-1,,0
3308,,388724,1,3170,27519,119,137,0,50332400,0x030002F0,wall,,00000752.pro,-1,,0
3309,,388812,1,3171,27520,120,137,0,50332402,0x030002F2,wall,,00000754.pro,-1,,0
3310,,388900,1,3172,27521,121,137,0,50332400,0x030002F0,wall,,00000752.pro,-1,,0
3311,,388988,1,3173,27522,122,137,0,50332397,0x030002ED,wall,,00000749.pro,-1,,0
3312,,389076,1,3176,27534,134,137,0,50332407,0x030002F7,wall,,00000759.pro,-1,,0
3313,,389164,1,3177,27535,135,137,0,50331878,0x030000E6,wall,,00000230.pro,-1,,0
3314,,389252,1,3182,27564,164,137,0,83886092,0x0500000C,misc,,00000012.pro,-1,,0
3315,,389340,1,3183,27565,165,137,0,83886092,0x0500000C,misc,,00000012.pro,-1,,0
3316,,389428,1,3184,27566,166,137,0,83886092,0x0500000C,misc,,00000012.pro,-1,,0
3317,,389516,1,3185,27567,167,137,0,83886092,0x0500000C,misc,,00000012.pro,-1,,0
3318,,389604,1,3187,27675,75,138,0,83886092,0x0500000C,misc,,00000012.pro,-1,,0
3319,,389692,1,3188,27676,76,138,0,83886092,0x0500000C,misc,,00000012.pro,-1,,0
3320,,389780,1,3189,27684,84,138,0,50332417,0x03000301,wall,,00000769.pro,-1,,0
3321,,389868,1,3190,27685,85,138,0,33554499,0x02000043,scenery,generic,00000068.pro,-1,,0
3322,,389956,1,3192,27701,101,138,0,50332270,0x0300026E,wall,,00000622.pro,-1,,0
3323,,390044,1,3193,27703,103,138,0,50332270,0x0300026E,wall,,00000622.pro,-1,,0
3324,,390132,1,3194,27705,105,138,0,50332270,0x0300026E,wall,,00000622.pro,-1,,0
3325,,390220,1,3195,27706,106,138,0,50332269,0x0300026D,wall,,00000621.pro,-1,,0
3326,,390308,1,3196,27707,107,138,0,50332270,0x0300026E,wall,,00000622.pro,-1,,0
3327,,390396,1,3197,27709,109,138,0,50332270,0x0300026E,wall,,00000622.pro,-1,,0
3328,,390484,1,3198,27711,111,138,0,50332270,0x0300026E,wall,,00000622.pro,-1,,0
3329,,390572,1,3199,27713,113,138,0,50332270,0x0300026E,wall,,00000622.pro,-1,,0
3330,,390660,1,3200,27714,114,138,0,50332269,0x0300026D,wall,,00000621.pro,-1,,0
3331,,390748,1,3201,27715,115,138,0,50332270,0x0300026E,wall,,00000622.pro,-1,,0
3332,,390836,1,3202,27717,117,138,0,50332270,0x0300026E,wall,,00000622.pro,-1,,0
3333,,390924,1,3203,27719,119,138,0,50332270,0x0300026E,wall,,00000622.pro,-1,,0
3334,,391012,1,3204,27721,121,138,0,50332270,0x0300026E,wall,,00000622.pro,-1,,0
3335,,391100,1,3208,27734,134,138,0,50332407,0x030002F7,wall,,00000759.pro,-1,,0
3336,,391188,1,3210,27735,135,138,0,50331879,0x030000E7,wall,,00000231.pro,-1,,0
3337,,391276,1,3213,27762,162,138,0,83886092,0x0500000C,misc,,00000012.pro,-1,,0
3338,,391364,1,3214,27763,163,138,0,83886092,0x0500000C,misc,,00000012.pro,-1,,0
3339,,391452,1,3215,27764,164,138,0,83886092,0x0500000C,misc,,00000012.pro,-1,,0
3340,,391540,1,3216,27765,165,138,0,83886092,0x0500000C,misc,,00000012.pro,-1,,0
3341,,391628,1,3218,27876,76,139,0,83886092,0x0500000C,misc,,00000012.pro,-1,,0
3342,,391716,1,3219,27884,84,139,0,50332407,0x030002F7,wall,,00000759.pro,-1,,0
3343,,391804,1,3220,27885,85,139,0,33554595,0x020000A3,scenery,generic,00000164.pro,-1,,0
3344,,391892,1,3236,27906,106,139,0,50332413,0x030002FD,wall,,00000765.pro,-1,,0
3345,,391980,1,3245,27914,114,139,0,50332409,0x030002F9,wall,,00000761.pro,-1,,0
3346,,392068,1,3264,27934,134,139,0,50332407,0x030002F7,wall,,00000759.pro,-1,,0
3347,,392156,1,3266,27935,135,139,0,50331880,0x030000E8,wall,,00000232.pro,-1,,0
3348,,392244,1,3267,27960,160,139,0,83886092,0x0500000C,misc,,00000012.pro,-1,,0
3349,,392332,1,3268,27961,161,139,0,83886092,0x0500000C,misc,,00000012.pro,-1,,0
3350,,392420,1,3269,27962,162,139,0,83886092,0x0500000C,misc,,00000012.pro,-1,,0
3351,,392508,1,3270,27963,163,139,0,83886092,0x0500000C,misc,,00000012.pro,-1,,0
3352,,392596,1,3273,28077,77,140,0,83886092,0x0500000C,misc,,00000012.pro,-1,,0
3353,,392684,1,3274,28084,84,140,0,50332416,0x03000300,wall,,00000768.pro,-1,,0
3354,,392772,1,3275,28085,85,140,0,33554499,0x02000043,scenery,generic,00000068.pro,-1,,0
3355,,392860,1,3276,28088,88,140,0,33554499,0x02000043,scenery,generic,00000068.pro,-1,,0
3356,,392948,1,3277,28089,89,140,0,33554499,0x02000043,scenery,generic,00000068.pro,-1,,0
3357,,393036,1,3278,28090,90,140,0,33554499,0x02000043,scenery,generic,00000068.pro,-1,,0
3358,,393124,1,3279,28091,91,140,0,33554499,0x02000043,scenery,generic,00000068.pro,-1,,0
3359,,393212,1,3281,28092,92,140,0,33554499,0x02000043,scenery,generic,00000068.pro,-1,,0
3360,,393300,1,3283,28094,94,140,0,33554499,0x02000043,scenery,generic,00000068.pro,-1,,0
3361,,393388,1,3284,28095,95,140,0,33554499,0x02000043,scenery,generic,00000068.pro,-1,,0
3362,,393476,1,3286,28096,96,140,0,33554499,0x02000043,scenery,generic,00000068.pro,-1,,0
3363,,393564,1,3287,28097,97,140,0,33554499,0x02000043,scenery,generic,00000068.pro,-1,,0
3364,,393652,1,3289,28098,98,140,0,33554499,0x02000043,scenery,generic,00000068.pro,-1,,0
3365,,393740,1,3294,28106,106,140,0,50332405,0x030002F5,wall,,00000757.pro,-1,,0
3366,,393828,1,3299,28114,114,140,0,50332405,0x030002F5,wall,,00000757.pro,-1,,0
3367,,393916,1,3312,28134,134,140,0,50332407,0x030002F7,wall,,00000759.pro,-1,,0
3368,,394004,1,3313,28135,135,140,0,50331881,0x030000E9,wall,,00000233.pro,-1,,0
3369,,394092,1,3314,28158,158,140,0,83886092,0x0500000C,misc,,00000012.pro,-1,,0
3370,,394180,1,3315,28159,159,140,0,83886092,0x0500000C,misc,,00000012.pro,-1,,0
3371,,394268,1,3316,28160,160,140,0,83886092,0x0500000C,misc,,00000012.pro,-1,,0
3372,,394356,1,3317,28161,161,140,0,83886092,0x0500000C,misc,,00000012.pro,-1,,0
3373,,394444,1,3319,28277,77,141,0,83886092,0x0500000C,misc,,00000012.pro,-1,,0
3374,,394532,1,3320,28278,78,141,0,83886092,0x0500000C,misc,,00000012.pro,-1,,0
3375,,394620,1,3321,28284,84,141,0,50332407,0x030002F7,wall,,00000759.pro,-1,,0
3376,,394708,1,3322,28285,85,141,0,33554499,0x02000043,scenery,generic,00000068.pro,-1,,0
3377,,394796,1,3323,28288,88,141,0,33554499,0x02000043,scenery,generic,00000068.pro,-1,,0
3378,,394884,1,3324,28289,89,141,0,33554615,0x020000B7,scenery,generic,00000184.pro,-1,,0
3379,,394972,1,3325,28290,90,141,0,33554499,0x02000043,scenery,generic,00000068.pro,-1,,0
3380,,395060,1,3326,28291,91,141,0,33554615,0x020000B7,scenery,generic,00000184.pro,-1,,0
3381,,395148,1,3327,28292,92,141,0,33554499,0x02000043,scenery,generic,00000068.pro,-1,,0
3382,,395236,1,3329,28294,94,141,0,33554499,0x02000043,scenery,generic,00000068.pro,-1,,0
3383,,395324,1,3331,28295,95,141,0,33554615,0x020000B7,scenery,generic,00000184.pro,-1,,0
3384,,395412,1,3332,28296,96,141,0,33554499,0x02000043,scenery,generic,00000068.pro,-1,,0
3385,,395500,1,3334,28297,97,141,0,33554615,0x020000B7,scenery,generic,00000184.pro,-1,,0
3386,,395588,1,3335,28298,98,141,0,33554499,0x02000043,scenery,generic,00000068.pro,-1,,0
3387,,395676,1,3340,28306,106,141,0,50332442,0x0300031A,wall,,00000794.pro,-1,,0
3388,,395764,1,3345,28314,114,141,0,50332442,0x0300031A,wall,,00000794.pro,-1,,0
3389,,395852,1,3358,28334,134,141,0,50332407,0x030002F7,wall,,00000759.pro,-1,,0
3390,,395940,1,3359,28335,135,141,0,50331878,0x030000E6,wall,,00000230.pro,-1,,0
3391,,396028,1,3360,28356,156,141,0,83886092,0x0500000C,misc,,00000012.pro,-1,,0
3392,,396116,1,3361,28357,157,141,0,83886092,0x0500000C,misc,,00000012.pro,-1,,0
3393,,396204,1,3362,28358,158,141,0,83886092,0x0500000C,misc,,00000012.pro,-1,,0
3394,,396292,1,3363,28359,159,141,0,83886092,0x0500000C,misc,,00000012.pro,-1,,0
3395,,396380,1,3365,28478,78,142,0,83886092,0x0500000C,misc,,00000012.pro,-1,,0
3396,,396468,1,3366,28484,84,142,0,50332414,0x030002FE,wall,,00000766.pro,-1,,0
3397,,396556,1,3367,28485,85,142,0,33554593,0x020000A1,scenery,generic,00000162.pro,-1,,0
3398,,396644,1,3368,28506,106,142,0,50332269,0x0300026D,wall,,00000621.pro,-1,,0
3399,,396732,1,3369,28514,114,142,0,50332269,0x0300026D,wall,,00000621.pro,-1,,0
3400,,396820,1,3374,28534,134,142,0,50332407,0x030002F7,wall,,00000759.pro,-1,,0
3401,,396908,1,3375,28535,135,142,0,50331879,0x030000E7,wall,,00000231.pro,-1,,0
3402,,396996,1,3376,28554,154,142,0,83886092,0x0500000C,misc,,00000012.pro,-1,,0
3403,,397084,1,3377,28555,155,142,0,83886092,0x0500000C,misc,,00000012.pro,-1,,0
3404,,397172,1,3378,28556,156,142,0,83886092,0x0500000C,misc,,00000012.pro,-1,,0
3405,,397260,1,3379,28557,157,142,0,83886092,0x0500000C,misc,,00000012.pro,-1,,0
3406,,397348,1,3382,28679,79,143,0,83886092,0x0500000C,misc,,00000012.pro,-1,,0
3407,,397436,1,3383,28684,84,143,0,50332407,0x030002F7,wall,,00000759.pro,-1,,0
3408,,397524,1,3384,28685,85,143,0,33554593,0x020000A1,scenery,generic,00000162.pro,-1,,0
3409,,397612,1,3385,28706,106,143,0,33554583,0x02000097,scenery,door,00000152.pro,50331687,MetlDoor.int,0
3410,,397704,1,3386,28714,114,143,0,33554583,0x02000097,scenery,door,00000152.pro,50331686,MetlDoor.int,0
3411,,397796,1,3391,28734,134,143,0,50332407,0x030002F7,wall,,00000759.pro,-1,,0
3412,,397884,1,3392,28735,135,143,0,50331880,0x030000E8,wall,,00000232.pro,-1,,0
3413,,397972,1,3393,28752,152,143,0,83886092,0x0500000C,misc,,00000012.pro,-1,,0
3414,,398060,1,3394,28753,153,143,0,83886092,0x0500000C,misc,,00000012.pro,-1,,0
3415,,398148,1,3395,28754,154,143,0,83886092,0x0500000C,misc,,00000012.pro,-1,,0
3416,,398236,1,3396,28755,155,143,0,83886092,0x0500000C,misc,,00000012.pro,-1,,0
3417,,398324,1,3398,28879,79,144,0,83886092,0x0500000C,misc,,00000012.pro,-1,,0
3418,,398412,1,3399,28880,80,144,0,83886092,0x0500000C,misc,,00000012.pro,-1,,0
3419,,398500,1,3400,28884,84,144,0,50332415,0x030002FF,wall,,00000767.pro,-1,,0
3420,,398588,1,3401,28885,85,144,0,33554595,0x020000A3,scenery,generic,00000164.pro,-1,,0
3421,,398676,1,3402,28906,106,144,0,50332269,0x0300026D,wall,,00000621.pro,-1,,0
3422,,398764,1,3403,28914,114,144,0,50332269,0x0300026D,wall,,00000621.pro,-1,,0
3423,,398852,1,3408,28934,134,144,0,50332407,0x030002F7,wall,,00000759.pro,-1,,0
3424,,398940,1,3409,28935,135,144,0,50331881,0x030000E9,wall,,00000233.pro,-1,,0
3425,,399028,1,3410,28950,150,144,0,83886092,0x0500000C,misc,,00000012.pro,-1,,0
3426,,399116,1,3411,28951,151,144,0,83886092,0x0500000C,misc,,00000012.pro,-1,,0
3427,,399204,1,3412,28952,152,144,0,83886092,0x0500000C,misc,,00000012.pro,-1,,0
3428,,399292,1,3413,28953,153,144,0,83886092,0x0500000C,misc,,00000012.pro,-1,,0
3429,,399380,1,3415,29080,80,145,0,83886092,0x0500000C,misc,,00000012.pro,-1,,0
3430,,399468,1,3416,29084,84,145,0,50332407,0x030002F7,wall,,00000759.pro,-1,,0
3431,,399556,1,3417,29085,85,145,0,33554499,0x02000043,scenery,generic,00000068.pro,-1,,0
3432,,399644,1,3418,29106,106,145,0,50332441,0x03000319,wall,,00000793.pro,-1,,0
3433,,399732,1,3419,29114,114,145,0,50332441,0x03000319,wall,,00000793.pro,-1,,0
3434,,399820,1,3424,29134,134,145,0,50332407,0x030002F7,wall,,00000759.pro,-1,,0
3435,,399908,1,3425,29135,135,145,0,50331878,0x030000E6,wall,,00000230.pro,-1,,0
3436,,399996,1,3426,29148,148,145,0,83886092,0x0500000C,misc,,00000012.pro,-1,,0
3437,,400084,1,3427,29149,149,145,0,83886092,0x0500000C,misc,,00000012.pro,-1,,0
3438,,400172,1,3428,29150,150,145,0,83886092,0x0500000C,misc,,00000012.pro,-1,,0
3439,,400260,1,3429,29151,151,145,0,83886092,0x0500000C,misc,,00000012.pro,-1,,0
3440,,400348,1,3432,29281,81,146,0,83886092,0x0500000C,misc,,00000012.pro,-1,,0
3441,,400436,1,3433,29284,84,146,0,50332413,0x030002FD,wall,,00000765.pro,-1,,0
3442,,400524,1,3434,29285,85,146,0,33554499,0x02000043,scenery,generic,00000068.pro,-1,,0
3443,,400612,1,3435,29306,106,146,0,50332405,0x030002F5,wall,,00000757.pro,-1,,0
3444,,400700,1,3436,29314,114,146,0,50332405,0x030002F5,wall,,00000757.pro,-1,,0
3445,,400788,1,3441,29334,134,146,0,50332407,0x030002F7,wall,,00000759.pro,-1,,0
3446,,400876,1,3442,29335,135,146,0,50331879,0x030000E7,wall,,00000231.pro,-1,,0
3447,,400964,1,3443,29346,146,146,0,83886092,0x0500000C,misc,,00000012.pro,-1,,0
3448,,401052,1,3444,29347,147,146,0,83886092,0x0500000C,misc,,00000012.pro,-1,,0
3449,,401140,1,3445,29348,148,146,0,83886092,0x0500000C,misc,,00000012.pro,-1,,0
3450,,401228,1,3446,29349,149,146,0,83886092,0x0500000C,misc,,00000012.pro,-1,,0
3451,,401316,1,3448,29481,81,147,0,83886092,0x0500000C,misc,,00000012.pro,-1,,0
3452,,401404,1,3449,29482,82,147,0,83886092,0x0500000C,misc,,00000012.pro,-1,,0
3453,,401492,1,3450,29484,84,147,0,50332407,0x030002F7,wall,,00000759.pro,-1,,0
3454,,401580,1,3451,29485,85,147,0,33554593,0x020000A1,scenery,generic,00000162.pro,-1,,0
3455,,401668,1,3452,29506,106,147,0,50332414,0x030002FE,wall,,00000766.pro,-1,,0
3456,,401756,1,3453,29514,114,147,0,50332409,0x030002F9,wall,,00000761.pro,-1,,0
3457,,401844,1,3458,29534,134,147,0,50332407,0x030002F7,wall,,00000759.pro,-1,,0
3458,,401932,1,3459,29535,135,147,0,50331880,0x030000E8,wall,,00000232.pro,-1,,0
3459,,402020,1,3460,29544,144,147,0,83886092,0x0500000C,misc,,00000012.pro,-1,,0
3460,,402108,1,3461,29545,145,147,0,83886092,0x0500000C,misc,,00000012.pro,-1,,0
3461,,402196,1,3462,29546,146,147,0,83886092,0x0500000C,misc,,00000012.pro,-1,,0
3462,,402284,1,3463,29547,147,147,0,83886092,0x0500000C,misc,,00000012.pro,-1,,0
3463,,402372,1,3465,29682,82,148,0,83886092,0x0500000C,misc,,00000012.pro,-1,,0
3464,,402460,1,3466,29684,84,148,0,50332407,0x030002F7,wall,,00000759.pro,-1,,0
3465,,402548,1,3467,29706,106,148,0,50332407,0x030002F7,wall,,00000759.pro,-1,,0
3466,,402636,1,3469,29714,114,148,0,50332407,0x030002F7,wall,,00000759.pro,-1,,0
3467,,402724,1,3473,29734,134,148,0,50332407,0x030002F7,wall,,00000759.pro,-1,,0
3468,,402812,1,3474,29735,135,148,0,50331881,0x030000E9,wall,,00000233.pro,-1,,0
3469,,402900,1,3475,29742,142,148,0,83886092,0x0500000C,misc,,00000012.pro,-1,,0
3470,,402988,1,3476,29743,143,148,0,83886092,0x0500000C,misc,,00000012.pro,-1,,0
3471,,403076,1,3477,29744,144,148,0,83886092,0x0500000C,misc,,00000012.pro,-1,,0
3472,,403164,1,3478,29745,145,148,0,83886092,0x0500000C,misc,,00000012.pro,-1,,0
3473,,403252,1,3481,29883,83,149,0,83886092,0x0500000C,misc,,00000012.pro,-1,,0
3474,,403340,1,3482,29884,84,149,0,50332404,0x030002F4,wall,,00000756.pro,-1,,0
3475,,403428,1,3483,29885,85,149,0,50332400,0x030002F0,wall,,00000752.pro,-1,,0
3476,,403516,1,3484,29886,86,149,0,50332401,0x030002F1,wall,,00000753.pro,-1,,0
3477,,403604,1,3485,29887,87,149,0,50332400,0x030002F0,wall,,00000752.pro,-1,,0
3478,,403692,1,3486,29888,88,149,0,50332401,0x030002F1,wall,,00000753.pro,-1,,0
3479,,403780,1,3487,29889,89,149,0,50332400,0x030002F0,wall,,00000752.pro,-1,,0
3480,,403868,1,3488,29890,90,149,0,50332401,0x030002F1,wall,,00000753.pro,-1,,0
3481,,403956,1,3489,29891,91,149,0,50332400,0x030002F0,wall,,00000752.pro,-1,,0
3482,,404044,1,3490,29892,92,149,0,50332401,0x030002F1,wall,,00000753.pro,-1,,0
3483,,404132,1,3491,29893,93,149,0,50332400,0x030002F0,wall,,00000752.pro,-1,,0
3484,,404220,1,3492,29894,94,149,0,50332401,0x030002F1,wall,,00000753.pro,-1,,0
3485,,404308,1,3493,29895,95,149,0,50332400,0x030002F0,wall,,00000752.pro,-1,,0
3486,,404396,1,3494,29896,96,149,0,50332401,0x030002F1,wall,,00000753.pro,-1,,0
3487,,404484,1,3495,29897,97,149,0,50332400,0x030002F0,wall,,00000752.pro,-1,,0
3488,,404572,1,3496,29898,98,149,0,50332401,0x030002F1,wall,,00000753.pro,-1,,0
3489,,404660,1,3497,29899,99,149,0,50332400,0x030002F0,wall,,00000752.pro,-1,,0
3490,,404748,1,3498,29900,100,149,0,50332401,0x030002F1,wall,,00000753.pro,-1,,0
3491,,404836,1,3499,29901,101,149,0,50332400,0x030002F0,wall,,00000752.pro,-1,,0
3492,,404924,1,3500,29902,102,149,0,50332401,0x030002F1,wall,,00000753.pro,-1,,0
3493,,405012,1,3501,29903,103,149,0,50332400,0x030002F0,wall,,00000752.pro,-1,,0
3494,,405100,1,3502,29904,104,149,0,50332401,0x030002F1,wall,,00000753.pro,-1,,0
3495,,405188,1,3503,29905,105,149,0,50332400,0x030002F0,wall,,00000752.pro,-1,,0
3496,,405276,1,3504,29906,106,149,0,50332429,0x0300030D,wall,,00000781.pro,-1,,0
3497,,405364,1,3505,29907,107,149,0,50332400,0x030002F0,wall,,00000752.pro,-1,,0
3498,,405452,1,3506,29908,108,149,0,50332401,0x030002F1,wall,,00000753.pro,-1,,0
3499,,405540,1,3507,29909,109,149,0,50332400,0x030002F0,wall,,00000752.pro,-1,,0
3500,,405628,1,3508,29910,110,149,0,50332401,0x030002F1,wall,,00000753.pro,-1,,0
3501,,405716,1,3509,29911,111,149,0,50332400,0x030002F0,wall,,00000752.pro,-1,,0
3502,,405804,1,3511,29912,112,149,0,50332401,0x030002F1,wall,,00000753.pro,-1,,0
3503,,405892,1,3513,29913,113,149,0,50332400,0x030002F0,wall,,00000752.pro,-1,,0
3504,,405980,1,3515,29914,114,149,0,50332429,0x0300030D,wall,,00000781.pro,-1,,0
3505,,406068,1,3517,29915,115,149,0,50332400,0x030002F0,wall,,00000752.pro,-1,,0
3506,,406156,1,3518,29916,116,149,0,50332401,0x030002F1,wall,,00000753.pro,-1,,0
3507,,406244,1,3519,29917,117,149,0,50332400,0x030002F0,wall,,00000752.pro,-1,,0
3508,,406332,1,3520,29918,118,149,0,50332401,0x030002F1,wall,,00000753.pro,-1,,0
3509,,406420,1,3521,29919,119,149,0,50332400,0x030002F0,wall,,00000752.pro,-1,,0
3510,,406508,1,3522,29920,120,149,0,50332401,0x030002F1,wall,,00000753.pro,-1,,0
3511,,406596,1,3523,29921,121,149,0,50332400,0x030002F0,wall,,00000752.pro,-1,,0
3512,,406684,1,3524,29922,122,149,0,50332401,0x030002F1,wall,,00000753.pro,-1,,0
3513,,406772,1,3525,29923,123,149,0,50332400,0x030002F0,wall,,00000752.pro,-1,,0
3514,,406860,1,3526,29924,124,149,0,50332401,0x030002F1,wall,,00000753.pro,-1,,0
3515,,406948,1,3527,29925,125,149,0,50332400,0x030002F0,wall,,00000752.pro,-1,,0
3516,,407036,1,3528,29926,126,149,0,50332401,0x030002F1,wall,,00000753.pro,-1,,0
3517,,407124,1,3529,29927,127,149,0,50332400,0x030002F0,wall,,00000752.pro,-1,,0
3518,,407212,1,3530,29928,128,149,0,50332401,0x030002F1,wall,,00000753.pro,-1,,0
3519,,407300,1,3531,29929,129,149,0,50332400,0x030002F0,wall,,00000752.pro,-1,,0
3520,,407388,1,3532,29930,130,149,0,50332401,0x030002F1,wall,,00000753.pro,-1,,0
3521,,407476,1,3533,29931,131,149,0,50332400,0x030002F0,wall,,00000752.pro,-1,,0
3522,,407564,1,3534,29932,132,149,0,50332401,0x030002F1,wall,,00000753.pro,-1,,0
3523,,407652,1,3535,29933,133,149,0,50332400,0x030002F0,wall,,00000752.pro,-1,,0
3524,,407740,1,3536,29934,134,149,0,50332397,0x030002ED,wall,,00000749.pro,-1,,0
3525,,407828,1,3537,29935,135,149,0,50331878,0x030000E6,wall,,00000230.pro,-1,,0
3526,,407916,1,3538,29940,140,149,0,83886092,0x0500000C,misc,,00000012.pro,-1,,0
3527,,408004,1,3539,29941,141,149,0,83886092,0x0500000C,misc,,00000012.pro,-1,,0
3528,,408092,1,3540,29942,142,149,0,83886092,0x0500000C,misc,,00000012.pro,-1,,0
3529,,408180,1,3541,29943,143,149,0,83886092,0x0500000C,misc,,00000012.pro,-1,,0
3530,,408268,1,3543,30083,83,150,0,83886092,0x0500000C,misc,,00000012.pro,-1,,0
3531,,408356,1,3544,30084,84,150,0,83886092,0x0500000C,misc,,00000012.pro,-1,,0
3532,,408444,1,3545,30084,84,150,0,50332270,0x0300026E,wall,,00000622.pro,-1,,0
3533,,408532,1,3546,30086,86,150,0,50331877,0x030000E5,wall,,00000229.pro,-1,,0
3534,,408620,1,3547,30088,88,150,0,50331875,0x030000E3,wall,,00000227.pro,-1,,0
3535,,408708,1,3548,30090,90,150,0,50331873,0x030000E1,wall,,00000225.pro,-1,,0
3536,,408796,1,3549,30092,92,150,0,50331877,0x030000E5,wall,,00000229.pro,-1,,0
3537,,408884,1,3550,30094,94,150,0,50331875,0x030000E3,wall,,00000227.pro,-1,,0
3538,,408972,1,3551,30096,96,150,0,50331873,0x030000E1,wall,,00000225.pro,-1,,0
3539,,409060,1,3552,30098,98,150,0,50331877,0x030000E5,wall,,00000229.pro,-1,,0
3540,,409148,1,3553,30100,100,150,0,50331875,0x030000E3,wall,,00000227.pro,-1,,0
3541,,409236,1,3554,30102,102,150,0,50331873,0x030000E1,wall,,00000225.pro,-1,,0
3542,,409324,1,3555,30104,104,150,0,50331877,0x030000E5,wall,,00000229.pro,-1,,0
3543,,409412,1,3556,30106,106,150,0,50331875,0x030000E3,wall,,00000227.pro,-1,,0
3544,,409500,1,3557,30108,108,150,0,50331873,0x030000E1,wall,,00000225.pro,-1,,0
3545,,409588,1,3559,30110,110,150,0,50331877,0x030000E5,wall,,00000229.pro,-1,,0
3546,,409676,1,3562,30112,112,150,0,50331875,0x030000E3,wall,,00000227.pro,-1,,0
3547,,409764,1,3564,30114,114,150,0,50331873,0x030000E1,wall,,00000225.pro,-1,,0
3548,,409852,1,3565,30116,116,150,0,50331877,0x030000E5,wall,,00000229.pro,-1,,0
3549,,409940,1,3566,30118,118,150,0,50331875,0x030000E3,wall,,00000227.pro,-1,,0
3550,,410028,1,3567,30120,120,150,0,50331873,0x030000E1,wall,,00000225.pro,-1,,0
3551,,410116,1,3568,30122,122,150,0,50331877,0x030000E5,wall,,00000229.pro,-1,,0
3552,,410204,1,3569,30124,124,150,0,50331875,0x030000E3,wall,,00000227.pro,-1,,0
3553,,410292,1,3570,30126,126,150,0,50331873,0x030000E1,wall,,00000225.pro,-1,,0
3554,,410380,1,3571,30128,128,150,0,50331877,0x030000E5,wall,,00000229.pro,-1,,0
3555,,410468,1,3572,30130,130,150,0,50331875,0x030000E3,wall,,00000227.pro,-1,,0
3556,,410556,1,3573,30132,132,150,0,50331873,0x030000E1,wall,,00000225.pro,-1,,0
3557,,410644,1,3574,30134,134,150,0,50331877,0x030000E5,wall,,00000229.pro,-1,,0
3558,,410732,1,3575,30135,135,150,0,50331879,0x030000E7,wall,,00000231.pro,-1,,0
3559,,410820,1,3576,30138,138,150,0,83886092,0x0500000C,misc,,00000012.pro,-1,,0
3560,,410908,1,3577,30139,139,150,0,83886092,0x0500000C,misc,,00000012.pro,-1,,0
3561,,410996,1,3578,30140,140,150,0,83886092,0x0500000C,misc,,00000012.pro,-1,,0
3562,,411084,1,3579,30141,141,150,0,83886092,0x0500000C,misc,,00000012.pro,-1,,0
3563,,411172,1,3581,30284,84,151,0,83886092,0x0500000C,misc,,00000012.pro,-1,,0
3564,,411260,1,3582,30285,85,151,0,50331872,0x030000E0,wall,,00000224.pro,-1,,0
3565,,411348,1,3583,30287,87,151,0,50331876,0x030000E4,wall,,00000228.pro,-1,,0
3566,,411436,1,3584,30289,89,151,0,50331874,0x030000E2,wall,,00000226.pro,-1,,0
3567,,411524,1,3585,30291,91,151,0,50331872,0x030000E0,wall,,00000224.pro,-1,,0
3568,,411612,1,3586,30293,93,151,0,50331876,0x030000E4,wall,,00000228.pro,-1,,0
3569,,411700,1,3587,30295,95,151,0,50331874,0x030000E2,wall,,00000226.pro,-1,,0
3570,,411788,1,3588,30297,97,151,0,50331872,0x030000E0,wall,,00000224.pro,-1,,0
3571,,411876,1,3589,30299,99,151,0,50331876,0x030000E4,wall,,00000228.pro,-1,,0
3572,,411964,1,3590,30301,101,151,0,50331874,0x030000E2,wall,,00000226.pro,-1,,0
3573,,412052,1,3591,30303,103,151,0,50331872,0x030000E0,wall,,00000224.pro,-1,,0
3574,,412140,1,3592,30305,105,151,0,50331876,0x030000E4,wall,,00000228.pro,-1,,0
3575,,412228,1,3593,30307,107,151,0,50331874,0x030000E2,wall,,00000226.pro,-1,,0
3576,,412316,1,3596,30309,109,151,0,50331872,0x030000E0,wall,,00000224.pro,-1,,0
3577,,412404,1,3599,30311,111,151,0,50331876,0x030000E4,wall,,00000228.pro,-1,,0
3578,,412492,1,3600,30313,113,151,0,50331874,0x030000E2,wall,,00000226.pro,-1,,0
3579,,412580,1,3601,30315,115,151,0,50331872,0x030000E0,wall,,00000224.pro,-1,,0
3580,,412668,1,3602,30317,117,151,0,50331876,0x030000E4,wall,,00000228.pro,-1,,0
3581,,412756,1,3603,30319,119,151,0,50331874,0x030000E2,wall,,00000226.pro,-1,,0
3582,,412844,1,3604,30321,121,151,0,50331872,0x030000E0,wall,,00000224.pro,-1,,0
3583,,412932,1,3605,30323,123,151,0,50331876,0x030000E4,wall,,00000228.pro,-1,,0
3584,,413020,1,3606,30325,125,151,0,50331874,0x030000E2,wall,,00000226.pro,-1,,0
3585,,413108,1,3607,30327,127,151,0,50331872,0x030000E0,wall,,00000224.pro,-1,,0
3586,,413196,1,3608,30329,129,151,0,50331876,0x030000E4,wall,,00000228.pro,-1,,0
3587,,413284,1,3609,30331,131,151,0,50331874,0x030000E2,wall,,00000226.pro,-1,,0
3588,,413372,1,3610,30333,133,151,0,50331872,0x030000E0,wall,,00000224.pro,-1,,0
3589,,413460,1,3611,30335,135,151,0,50332301,0x0300028D,wall,,00000653.pro,-1,,0
3590,,413548,1,3612,30336,136,151,0,83886092,0x0500000C,misc,,00000012.pro,-1,,0
3591,,413636,1,3613,30337,137,151,0,83886092,0x0500000C,misc,,00000012.pro,-1,,0
3592,,413724,1,3614,30338,138,151,0,83886092,0x0500000C,misc,,00000012.pro,-1,,0
3593,,413812,1,3615,30339,139,151,0,83886092,0x0500000C,misc,,00000012.pro,-1,,0
3594,,413900,1,3618,30485,85,152,0,83886092,0x0500000C,misc,,00000012.pro,-1,,0
3595,,413988,1,3623,30534,134,152,0,83886092,0x0500000C,misc,,00000012.pro,-1,,0
3596,,414076,1,3624,30535,135,152,0,83886092,0x0500000C,misc,,00000012.pro,-1,,0
3597,,414164,1,3625,30536,136,152,0,83886092,0x0500000C,misc,,00000012.pro,-1,,0
3598,,414252,1,3626,30537,137,152,0,83886092,0x0500000C,misc,,00000012.pro,-1,,0
3599,,414340,1,3628,30685,85,153,0,83886092,0x0500000C,misc,,00000012.pro,-1,,0
3600,,414428,1,3629,30686,86,153,0,83886092,0x0500000C,misc,,00000012.pro,-1,,0
3601,,414516,1,3634,30732,132,153,0,83886092,0x0500000C,misc,,00000012.pro,-1,,0
3602,,414604,1,3635,30733,133,153,0,83886092,0x0500000C,misc,,00000012.pro,-1,,0
3603,,414692,1,3636,30734,134,153,0,83886092,0x0500000C,misc,,00000012.pro,-1,,0
3604,,414780,1,3637,30735,135,153,0,83886092,0x0500000C,misc,,00000012.pro,-1,,0
3605,,414868,1,3639,30886,86,154,0,83886092,0x0500000C,misc,,00000012.pro,-1,,0
3606,,414956,1,3644,30930,130,154,0,83886092,0x0500000C,misc,,00000012.pro,-1,,0
3607,,415044,1,3645,30931,131,154,0,83886092,0x0500000C,misc,,00000012.pro,-1,,0
3608,,415132,1,3646,30932,132,154,0,83886092,0x0500000C,misc,,00000012.pro,-1,,0
3609,,415220,1,3647,30933,133,154,0,83886092,0x0500000C,misc,,00000012.pro,-1,,0
3610,,415308,1,3650,31087,87,155,0,83886092,0x0500000C,misc,,00000012.pro,-1,,0
3611,,415396,1,3655,31128,128,155,0,83886092,0x0500000C,misc,,00000012.pro,-1,,0
3612,,415484,1,3656,31129,129,155,0,83886092,0x0500000C,misc,,00000012.pro,-1,,0
3613,,415572,1,3657,31130,130,155,0,83886092,0x0500000C,misc,,00000012.pro,-1,,0
3614,,415660,1,3658,31131,131,155,0,83886092,0x0500000C,misc,,00000012.pro,-1,,0
3615,,415748,1,3660,31287,87,156,0,83886092,0x0500000C,misc,,00000012.pro,-1,,0
3616,,415836,1,3661,31288,88,156,0,83886092,0x0500000C,misc,,00000012.pro,-1,,0
3617,,415924,1,3666,31326,126,156,0,83886092,0x0500000C,misc,,00000012.pro,-1,,0
3618,,416012,1,3667,31327,127,156,0,83886092,0x0500000C,misc,,00000012.pro,-1,,0
3619,,416100,1,3668,31328,128,156,0,83886092,0x0500000C,misc,,00000012.pro,-1,,0
3620,,416188,1,3669,31329,129,156,0,83886092,0x0500000C,misc,,00000012.pro,-1,,0
3621,,416276,1,3671,31488,88,157,0,83886092,0x0500000C,misc,,00000012.pro,-1,,0
3622,,416364,1,3676,31524,124,157,0,83886092,0x0500000C,misc,,00000012.pro,-1,,0
3623,,416452,1,3677,31525,125,157,0,83886092,0x0500000C,misc,,00000012.pro,-1,,0
3624,,416540,1,3678,31526,126,157,0,83886092,0x0500000C,misc,,00000012.pro,-1,,0
3625,,416628,1,3679,31527,127,157,0,83886092,0x0500000C,misc,,00000012.pro,-1,,0
3626,,416716,1,3682,31689,89,158,0,83886092,0x0500000C,misc,,00000012.pro,-1,,0
3627,,416804,1,3687,31722,122,158,0,83886092,0x0500000C,misc,,00000012.pro,-1,,0
3628,,416892,1,3688,31723,123,158,0,83886092,0x0500000C,misc,,00000012.pro,-1,,0
3629,,416980,1,3689,31724,124,158,0,83886092,0x0500000C,misc,,00000012.pro,-1,,0
3630,,417068,1,3690,31725,125,158,0,83886092,0x0500000C,misc,,00000012.pro,-1,,0
3631,,417156,1,3692,31889,89,159,0,83886092,0x0500000C,misc,,00000012.pro,-1,,0
3632,,417244,1,3693,31890,90,159,0,83886092,0x0500000C,misc,,00000012.pro,-1,,0
3633,,417332,1,3698,31920,120,159,0,83886092,0x0500000C,misc,,00000012.pro,-1,,0
3634,,417420,1,3699,31921,121,159,0,83886092,0x0500000C,misc,,00000012.pro,-1,,0
3635,,417508,1,3700,31922,122,159,0,83886092,0x0500000C,misc,,00000012.pro,-1,,0
3636,,417596,1,3701,31923,123,159,0,83886092,0x0500000C,misc,,00000012.pro,-1,,0
3637,,417684,1,3704,32090,90,160,0,83886092,0x0500000C,misc,,00000012.pro,-1,,0
3638,,417772,1,3708,32118,118,160,0,83886092,0x0500000C,misc,,00000012.pro,-1,,0
3639,,417860,1,3709,32119,119,160,0,83886092,0x0500000C,misc,,00000012.pro,-1,,0
3640,,417948,1,3710,32120,120,160,0,83886092,0x0500000C,misc,,00000012.pro,-1,,0
3641,,418036,1,3711,32121,121,160,0,83886092,0x0500000C,misc,,00000012.pro,-1,,0
3642,,418124,1,3718,32291,91,161,0,83886092,0x0500000C,misc,,00000012.pro,-1,,0
3643,,418212,1,3719,32316,116,161,0,83886092,0x0500000C,misc,,00000012.pro,-1,,0
3644,,418300,1,3720,32317,117,161,0,83886092,0x0500000C,misc,,00000012.pro,-1,,0
3645,,418388,1,3721,32318,118,161,0,83886092,0x0500000C,misc,,00000012.pro,-1,,0
3646,,418476,1,3722,32319,119,161,0,83886092,0x0500000C,misc,,00000012.pro,-1,,0
3647,,418564,1,3727,32491,91,162,0,83886092,0x0500000C,misc,,00000012.pro,-1,,0
3648,,418652,1,3728,32492,92,162,0,83886092,0x0500000C,misc,,00000012.pro,-1,,0
3649,,418740,1,3729,32514,114,162,0,83886092,0x0500000C,misc,,00000012.pro,-1,,0
3650,,418828,1,3730,32515,115,162,0,83886092,0x0500000C,misc,,00000012.pro,-1,,0
3651,,418916,1,3731,32516,116,162,0,83886092,0x0500000C,misc,,00000012.pro,-1,,0
3652,,419004,1,3732,32517,117,162,0,83886092,0x0500000C,misc,,00000012.pro,-1,,0
3653,,419092,1,3734,32692,92,163,0,83886092,0x0500000C,misc,,00000012.pro,-1,,0
3654,,419180,1,3735,32712,112,163,0,83886092,0x0500000C,misc,,00000012.pro,-1,,0
3655,,419268,1,3736,32713,113,163,0,83886092,0x0500000C,misc,,00000012.pro,-1,,0
3656,,419356,1,3737,32714,114,163,0,83886092,0x0500000C,misc,,00000012.pro,-1,,0
3657,,419444,1,3738,32715,115,163,0,83886092,0x0500000C,misc,,00000012.pro,-1,,0
3658,,419532,1,3739,32893,93,164,0,83886092,0x0500000C,misc,,00000012.pro,-1,,0
3659,,419620,1,3740,32910,110,164,0,83886092,0x0500000C,misc,,00000012.pro,-1,,0
3660,,419708,1,3741,32911,111,164,0,83886092,0x0500000C,misc,,00000012.pro,-1,,0
3661,,419796,1,3742,32912,112,164,0,83886092,0x0500000C,misc,,00000012.pro,-1,,0
3662,,419884,1,3743,32913,113,164,0,83886092,0x0500000C,misc,,00000012.pro,-1,,0
3663,,419972,1,3744,33093,93,165,0,83886092,0x0500000C,misc,,00000012.pro,-1,,0
3664,,420060,1,3745,33094,94,165,0,83886092,0x0500000C,misc,,00000012.pro,-1,,0
3665,,420148,1,3746,33108,108,165,0,83886092,0x0500000C,misc,,00000012.pro,-1,,0
3666,,420236,1,3747,33109,109,165,0,83886092,0x0500000C,misc,,00000012.pro,-1,,0
3667,,420324,1,3748,33110,110,165,0,83886092,0x0500000C,misc,,00000012.pro,-1,,0
3668,,420412,1,3749,33111,111,165,0,83886092,0x0500000C,misc,,00000012.pro,-1,,0
3669,,420500,1,3750,33294,94,166,0,83886092,0x0500000C,misc,,00000012.pro,-1,,0
3670,,420588,1,3751,33306,106,166,0,83886092,0x0500000C,misc,,00000012.pro,-1,,0
3671,,420676,1,3752,33307,107,166,0,83886092,0x0500000C,misc,,00000012.pro,-1,,0
3672,,420764,1,3753,33308,108,166,0,83886092,0x0500000C,misc,,00000012.pro,-1,,0
3673,,420852,1,3754,33309,109,166,0,83886092,0x0500000C,misc,,00000012.pro,-1,,0
3674,,420940,1,3755,33495,95,167,0,83886092,0x0500000C,misc,,00000012.pro,-1,,0
3675,,421028,1,3756,33504,104,167,0,83886092,0x0500000C,misc,,00000012.pro,-1,,0
3676,,421116,1,3757,33505,105,167,0,83886092,0x0500000C,misc,,00000012.pro,-1,,0
3677,,421204,1,3758,33506,106,167,0,83886092,0x0500000C,misc,,00000012.pro,-1,,0
3678,,421292,1,3759,33507,107,167,0,83886092,0x0500000C,misc,,00000012.pro,-1,,0
3679,,421380,1,3760,33695,95,168,0,83886092,0x0500000C,misc,,00000012.pro,-1,,0
3680,,421468,1,3761,33696,96,168,0,83886092,0x0500000C,misc,,00000012.pro,-1,,0
3681,,421556,1,3762,33702,102,168,0,83886092,0x0500000C,misc,,00000012.pro,-1,,0
3682,,421644,1,3763,33703,103,168,0,83886092,0x0500000C,misc,,00000012.pro,-1,,0
3683,,421732,1,3764,33704,104,168,0,83886092,0x0500000C,misc,,00000012.pro,-1,,0
3684,,421820,1,3765,33705,105,168,0,83886092,0x0500000C,misc,,00000012.pro,-1,,0
3685,,421908,1,3766,33896,96,169,0,83886092,0x0500000C,misc,,00000012.pro,-1,,0
3686,,421996,1,3767,33903,103,169,0,83886092,0x0500000C,misc,,00000012.pro,-1,,0
