path,inventory_quantity,file_offset,elevation_group,object_id,tile,tile_x,tile_y,rotation,pid,pid_hex,prototype_type,prototype_subtype,prototype_filename,script_id,script_filename,inventory_length
0,,85540,0,158,9518,118,47,0,83886092,0x0500000C,misc,,00000012.pro,-1,,0
1,,85628,0,166,9716,116,48,0,83886092,0x0500000C,misc,,00000012.pro,-1,,0
2,,85716,0,167,9717,117,48,0,83886092,0x0500000C,misc,,00000012.pro,-1,,0
3,,85804,0,168,9718,118,48,0,83886092,0x0500000C,misc,,00000012.pro,-1,,0
4,,85892,0,169,9719,119,48,0,83886092,0x0500000C,misc,,00000012.pro,-1,,0
5,,85980,0,179,9914,114,49,0,83886092,0x0500000C,misc,,00000012.pro,-1,,0
6,,86068,0,180,9915,115,49,0,83886092,0x0500000C,misc,,00000012.pro,-1,,0
7,,86156,0,181,9916,116,49,0,83886092,0x0500000C,misc,,00000012.pro,-1,,0
8,,86244,0,182,9917,117,49,0,83886092,0x0500000C,misc,,00000012.pro,-1,,0
9,,86332,0,183,9919,119,49,0,83886092,0x0500000C,misc,,00000012.pro,-1,,0
10,,86420,0,184,9920,120,49,0,83886092,0x0500000C,misc,,00000012.pro,-1,,0
11,,86508,0,192,10112,112,50,0,83886092,0x0500000C,misc,,00000012.pro,-1,,0
12,,86596,0,193,10113,113,50,0,83886092,0x0500000C,misc,,00000012.pro,-1,,0
13,,86684,0,195,10114,114,50,0,83886092,0x0500000C,misc,,00000012.pro,-1,,0
14,,86772,0,196,10115,115,50,0,83886092,0x0500000C,misc,,00000012.pro,-1,,0
15,,86860,0,198,10120,120,50,0,83886092,0x0500000C,misc,,00000012.pro,-1,,0
16,,86948,0,205,10310,110,51,0,83886092,0x0500000C,misc,,00000012.pro,-1,,0
17,,87036,0,206,10311,111,51,0,83886092,0x0500000C,misc,,00000012.pro,-1,,0
18,,87124,0,207,10312,112,51,0,83886092,0x0500000C,misc,,00000012.pro,-1,,0
19,,87212,0,208,10313,113,51,0,83886092,0x0500000C,misc,,00000012.pro,-1,,0
20,,87300,0,212,10321,121,51,0,83886092,0x0500000C,misc,,00000012.pro,-1,,0
21,,87388,0,219,10508,108,52,0,83886092,0x0500000C,misc,,00000012.pro,-1,,0
22,,87476,0,220,10509,109,52,0,83886092,0x0500000C,misc,,00000012.pro,-1,,0
23,,87564,0,221,10510,110,52,0,83886092,0x0500000C,misc,,00000012.pro,-1,,0
24,,87652,0,222,10511,111,52,0,83886092,0x0500000C,misc,,00000012.pro,-1,,0
25,,87740,0,224,10521,121,52,0,83886092,0x0500000C,misc,,00000012.pro,-1,,0
26,,87828,0,225,10522,122,52,0,83886092,0x0500000C,misc,,00000012.pro,-1,,0
27,,87916,0,232,10706,106,53,0,83886092,0x0500000C,misc,,00000012.pro,-1,,0
28,,88004,0,233,10707,107,53,0,83886092,0x0500000C,misc,,00000012.pro,-1,,0
29,,88092,0,234,10708,108,53,0,83886092,0x0500000C,misc,,00000012.pro,-1,,0
30,,88180,0,235,10709,109,53,0,83886092,0x0500000C,misc,,00000012.pro,-1,,0
31,,88268,0,237,10722,122,53,0,83886092,0x0500000C,misc,,00000012.pro,-1,,0
32,,88356,0,243,10904,104,54,0,83886092,0x0500000C,misc,,00000012.pro,-1,,0
33,,88444,0,244,10905,105,54,0,83886092,0x0500000C,misc,,00000012.pro,-1,,0
34,,88532,0,245,10906,106,54,0,83886092,0x0500000C,misc,,00000012.pro,-1,,0
35,,88620,0,246,10907,107,54,0,83886092,0x0500000C,misc,,00000012.pro,-1,,0
36,,88708,0,247,10907,107,54,0,83886092,0x0500000C,misc,,00000012.pro,-1,,0
37,,88796,0,250,10923,123,54,0,83886092,0x0500000C,misc,,00000012.pro,-1,,0
38,,88884,0,260,11102,102,55,0,83886092,0x0500000C,misc,,00000012.pro,-1,,0
39,,88972,0,261,11103,103,55,0,83886092,0x0500000C,misc,,00000012.pro,-1,,0
40,,89060,0,262,11104,104,55,0,83886092,0x0500000C,misc,,00000012.pro,-1,,0
41,,89148,0,263,11105,105,55,0,83886092,0x0500000C,misc,,00000012.pro,-1,,0
42,,89236,0,265,11123,123,55,0,83886092,0x0500000C,misc,,00000012.pro,-1,,0
43,,89324,0,266,11124,124,55,0,83886092,0x0500000C,misc,,00000012.pro,-1,,0
44,,89412,0,273,11300,100,56,0,83886092,0x0500000C,misc,,00000012.pro,-1,,0
45,,89500,0,274,11301,101,56,0,83886092,0x0500000C,misc,,00000012.pro,-1,,0
46,,89588,0,275,11302,102,56,0,83886092,0x0500000C,misc,,00000012.pro,-1,,0
47,,89676,0,276,11303,103,56,0,83886092,0x0500000C,misc,,00000012.pro,-1,,0
48,,89764,0,278,11324,124,56,0,83886092,0x0500000C,misc,,00000012.pro,-1,,0
49,,89852,0,328,11498,98,57,0,83886092,0x0500000C,misc,,00000012.pro,-1,,0
50,,89940,0,330,11499,99,57,0,83886092,0x0500000C,misc,,00000012.pro,-1,,0
51,,90028,0,331,11500,100,57,0,83886092,0x0500000C,misc,,00000012.pro,-1,,0
52,,90116,0,332,11501,101,57,0,83886092,0x0500000C,misc,,00000012.pro,-1,,0
53,,90204,0,335,11525,125,57,0,83886092,0x0500000C,misc,,00000012.pro,-1,,0
54,,90292,0,380,11696,96,58,0,83886092,0x0500000C,misc,,00000012.pro,-1,,0
55,,90380,0,384,11697,97,58,0,83886092,0x0500000C,misc,,00000012.pro,-1,,0
56,,90468,0,386,11698,98,58,0,83886092,0x0500000C,misc,,00000012.pro,-1,,0
57,,90556,0,388,11699,99,58,0,83886092,0x0500000C,misc,,00000012.pro,-1,,0
58,,90644,0,390,11725,125,58,0,83886092,0x0500000C,misc,,00000012.pro,-1,,0
59,,90732,0,391,11726,126,58,0,83886092,0x0500000C,misc,,00000012.pro,-1,,0
60,,90820,0,413,11894,94,59,0,83886092,0x0500000C,misc,,00000012.pro,-1,,0
61,,90908,0,414,11895,95,59,0,83886092,0x0500000C,misc,,00000012.pro,-1,,0
62,,90996,0,415,11896,96,59,0,83886092,0x0500000C,misc,,00000012.pro,-1,,0
63,,91084,0,416,11897,97,59,0,83886092,0x0500000C,misc,,00000012.pro,-1,,0
64,,91172,0,421,11926,126,59,0,83886092,0x0500000C,misc,,00000012.pro,-1,,0
65,,91260,0,434,12092,92,60,0,83886092,0x0500000C,misc,,00000012.pro,-1,,0
66,,91348,0,435,12093,93,60,0,83886092,0x0500000C,misc,,00000012.pro,-1,,0
67,,91436,0,436,12094,94,60,0,83886092,0x0500000C,misc,,00000012.pro,-1,,0
68,,91524,0,437,12095,95,60,0,83886092,0x0500000C,misc,,00000012.pro,-1,,0
69,,91612,0,441,12127,127,60,0,83886092,0x0500000C,misc,,00000012.pro,-1,,0
70,,91700,0,465,12290,90,61,0,83886092,0x0500000C,misc,,00000012.pro,-1,,0
71,,91788,0,467,12291,91,61,0,83886092,0x0500000C,misc,,00000012.pro,-1,,0
72,,91876,0,468,12292,92,61,0,83886092,0x0500000C,misc,,00000012.pro,-1,,0
73,,91964,0,470,12293,93,61,0,83886092,0x0500000C,misc,,00000012.pro,-1,,0
74,,92052,0,474,12327,127,61,0,83886092,0x0500000C,misc,,00000012.pro,-1,,0
75,,92140,0,475,12328,128,61,0,83886092,0x0500000C,misc,,00000012.pro,-1,,0
76,,92228,0,491,12488,88,62,0,83886092,0x0500000C,misc,,00000012.pro,-1,,0
77,,92316,0,492,12489,89,62,0,83886092,0x0500000C,misc,,00000012.pro,-1,,0
78,,92404,0,493,12490,90,62,0,83886092,0x0500000C,misc,,00000012.pro,-1,,0
79,,92492,0,494,12491,91,62,0,83886092,0x0500000C,misc,,00000012.pro,-1,,0
80,,92580,0,500,12528,128,62,0,83886092,0x0500000C,misc,,00000012.pro,-1,,0
81,,92668,0,523,12686,86,63,0,83886092,0x0500000C,misc,,00000012.pro,-1,,0
82,,92756,0,524,12687,87,63,0,83886092,0x0500000C,misc,,00000012.pro,-1,,0
83,,92844,0,525,12688,88,63,0,83886092,0x0500000C,misc,,00000012.pro,-1,,0
84,,92932,0,526,12689,89,63,0,83886092,0x0500000C,misc,,00000012.pro,-1,,0
85,,93020,0,531,12729,129,63,0,83886092,0x0500000C,misc,,00000012.pro,-1,,0
86,,93108,0,544,12884,84,64,0,83886092,0x0500000C,misc,,00000012.pro,-1,,0
87,,93196,0,546,12885,85,64,0,83886092,0x0500000C,misc,,00000012.pro,-1,,0
88,,93284,0,547,12886,86,64,0,83886092,0x0500000C,misc,,00000012.pro,-1,,0
89,,93372,0,548,12887,87,64,0,83886092,0x0500000C,misc,,00000012.pro,-1,,0
90,,93460,0,554,12929,129,64,0,83886092,0x0500000C,misc,,00000012.pro,-1,,0
91,,93548,0,555,12930,130,64,0,83886092,0x0500000C,misc,,00000012.pro,-1,,0
92,,93636,0,565,13082,82,65,0,83886092,0x0500000C,misc,,00000012.pro,-1,,0
93,,93724,0,566,13083,83,65,0,83886092,0x0500000C,misc,,00000012.pro,-1,,0
94,,93812,0,567,13084,84,65,0,83886092,0x0500000C,misc,,00000012.pro,-1,,0
95,,93900,0,568,13085,85,65,0,83886092,0x0500000C,misc,,00000012.pro,-1,,0
96,,93988,0,572,13130,130,65,0,83886092,0x0500000C,misc,,00000012.pro,-1,,0
97,,94076,0,585,13280,80,66,0,83886092,0x0500000C,misc,,00000012.pro,-1,,0
98,,94164,0,586,13281,81,66,0,83886092,0x0500000C,misc,,00000012.pro,-1,,0
99,,94252,0,587,13282,82,66,0,83886092,0x0500000C,misc,,00000012.pro,-1,,0
100,,94340,0,588,13283,83,66,0,83886092,0x0500000C,misc,,00000012.pro,-1,,0
101,,94428,0,598,13331,131,66,0,83886092,0x0500000C,misc,,00000012.pro,-1,,0
102,,94516,0,621,13478,78,67,0,83886092,0x0500000C,misc,,00000012.pro,-1,,0
103,,94604,0,623,13479,79,67,0,83886092,0x0500000C,misc,,00000012.pro,-1,,0
104,,94692,0,625,13480,80,67,0,83886092,0x0500000C,misc,,00000012.pro,-1,,0
105,,94780,0,627,13481,81,67,0,83886092,0x0500000C,misc,,00000012.pro,-1,,0
106,,94868,0,641,13531,131,67,0,83886092,0x0500000C,misc,,00000012.pro,-1,,0
107,,94956,0,642,13532,132,67,0,83886092,0x0500000C,misc,,00000012.pro,-1,,0
108,,95044,0,655,13676,76,68,0,83886092,0x0500000C,misc,,00000012.pro,-1,,0
109,,95132,0,656,13677,77,68,0,83886092,0x0500000C,misc,,00000012.pro,-1,,0
110,,95220,0,658,13678,78,68,0,83886092,0x0500000C,misc,,00000012.pro,-1,,0
111,,95308,0,659,13679,79,68,0,83886092,0x0500000C,misc,,00000012.pro,-1,,0
112,,95396,0,669,13732,132,68,0,83886092,0x0500000C,misc,,00000012.pro,-1,,0
113,,95484,0,677,13874,74,69,0,83886092,0x0500000C,misc,,00000012.pro,-1,,0
114,,95572,0,678,13875,75,69,0,83886092,0x0500000C,misc,,00000012.pro,-1,,0
115,,95660,0,679,13876,76,69,0,83886092,0x0500000C,misc,,00000012.pro,-1,,0
116,,95748,0,680,13876,76,69,0,83886092,0x0500000C,misc,,00000012.pro,-1,,0
117,,95836,0,681,13877,77,69,0,83886092,0x0500000C,misc,,00000012.pro,-1,,0
118,,95924,0,683,13890,90,69,0,50332294,0x03000286,wall,,00000646.pro,-1,,0
119,,96012,0,684,13891,91,69,0,50331825,0x030000B1,wall,,00000177.pro,-1,,0
120,,96100,0,685,13892,92,69,0,50331824,0x030000B0,wall,,00000176.pro,-1,,0
121,,96188,0,686,13893,93,69,0,50331823,0x030000AF,wall,,00000175.pro,-1,,0
122,,96276,0,687,13894,94,69,0,50331822,0x030000AE,wall,,00000174.pro,-1,,0
123,,96364,0,688,13895,95,69,0,50332299,0x0300028B,wall,,00000651.pro,-1,,0
124,,96452,0,689,13896,96,69,0,50332269,0x0300026D,wall,,00000621.pro,-1,,0
125,,96540,0,697,13933,133,69,0,83886092,0x0500000C,misc,,00000012.pro,-1,,0
126,,96628,0,707,14072,72,70,0,83886092,0x0500000C,misc,,00000012.pro,-1,,0
127,,96716,0,708,14073,73,70,0,83886092,0x0500000C,misc,,00000012.pro,-1,,0
128,,96804,0,709,14074,74,70,0,83886092,0x0500000C,misc,,00000012.pro,-1,,0
129,,96892,0,710,14075,75,70,0,83886092,0x0500000C,misc,,00000012.pro,-1,,0
130,,96980,0,712,14090,90,70,0,50332269,0x0300026D,wall,,00000621.pro,-1,,0
131,,97068,0,713,14091,91,70,0,50332270,0x0300026E,wall,,00000622.pro,-1,,0
132,,97156,0,714,14092,92,70,0,50332270,0x0300026E,wall,,00000622.pro,-1,,0
133,,97244,0,715,14093,93,70,0,50332270,0x0300026E,wall,,00000622.pro,-1,,0
134,,97332,0,716,14094,94,70,0,33554568,0x02000088,scenery,generic,00000137.pro,-1,,0
135,,97420,0,717,14095,95,70,0,50332270,0x0300026E,wall,,00000622.pro,-1,,0
136,,97508,0,718,14096,96,70,0,50332269,0x0300026D,wall,,00000621.pro,-1,,0
137,,97596,0,732,14133,133,70,0,83886092,0x0500000C,misc,,00000012.pro,-1,,0
138,,97684,0,733,14134,134,70,0,83886092,0x0500000C,misc,,00000012.pro,-1,,0
139,,97772,0,740,14270,70,71,0,83886092,0x0500000C,misc,,00000012.pro,-1,,0
140,,97860,0,742,14271,71,71,0,83886092,0x0500000C,misc,,00000012.pro,-1,,0
141,,97948,0,744,14272,72,71,0,83886092,0x0500000C,misc,,00000012.pro,-1,,0
142,,98036,0,746,14273,73,71,0,83886092,0x0500000C,misc,,00000012.pro,-1,,0
143,,98124,0,761,14290,90,71,0,50331838,0x030000BE,wall,,00000190.pro,-1,,0
144,,98212,0,763,14291,91,71,0,50332270,0x0300026E,wall,,00000622.pro,-1,,0
145,,98300,0,768,14296,96,71,0,50332269,0x0300026D,wall,,00000621.pro,-1,,0
146,,98388,0,774,14334,134,71,0,83886092,0x0500000C,misc,,00000012.pro,-1,,0
147,,98476,0,784,14468,68,72,0,83886092,0x0500000C,misc,,00000012.pro,-1,,0
148,,98564,0,785,14469,69,72,0,83886092,0x0500000C,misc,,00000012.pro,-1,,0
149,,98652,0,786,14470,70,72,0,83886092,0x0500000C,misc,,00000012.pro,-1,,0
150,,98740,0,788,14471,71,72,0,83886092,0x0500000C,misc,,00000012.pro,-1,,0
151,,98828,0,801,14490,90,72,0,50331839,0x030000BF,wall,,00000191.pro,-1,,0
152,,98916,0,803,14491,91,72,0,50332270,0x0300026E,wall,,00000622.pro,-1,,0
153,,99004,0,805,14492,92,72,3,16777264,0x01000030,critter,,00000048.pro,67108874,WanRats.int,0
154,,99132,0,807,14494,94,72,2,16777264,0x01000030,critter,,00000048.pro,67108873,WanRats.int,0
155,,99260,0,808,14496,96,72,0,50331878,0x030000E6,wall,,00000230.pro,-1,,0
156,,99348,0,813,14535,135,72,0,83886092,0x0500000C,misc,,00000012.pro,-1,,0
157,,99436,0,821,14666,66,73,0,83886092,0x0500000C,misc,,00000012.pro,-1,,0
158,,99524,0,823,14667,67,73,0,83886092,0x0500000C,misc,,00000012.pro,-1,,0
159,,99612,0,824,14668,68,73,0,83886092,0x0500000C,misc,,00000012.pro,-1,,0
160,,99700,0,825,14669,69,73,0,83886092,0x0500000C,misc,,00000012.pro,-1,,0
161,,99788,0,829,14690,90,73,0,50331840,0x030000C0,wall,,00000192.pro,-1,,0
162,,99876,0,830,14691,91,73,0,50332270,0x0300026E,wall,,00000622.pro,-1,,0
163,,99964,0,833,14696,96,73,0,50331879,0x030000E7,wall,,00000231.pro,-1,,0
164,,100052,0,835,14735,135,73,0,83886092,0x0500000C,misc,,00000012.pro,-1,,0
165,,100140,0,836,14736,136,73,0,83886092,0x0500000C,misc,,00000012.pro,-1,,0
166,,100228,0,842,14864,64,74,0,83886092,0x0500000C,misc,,00000012.pro,-1,,0
167,,100316,0,843,14865,65,74,0,83886092,0x0500000C,misc,,00000012.pro,-1,,0
168,,100404,0,844,14866,66,74,0,83886092,0x0500000C,misc,,00000012.pro,-1,,0
169,,100492,0,846,14867,67,74,0,83886092,0x0500000C,misc,,00000012.pro,-1,,0
170,,100580,0,852,14890,90,74,0,50331841,0x030000C1,wall,,00000193.pro,-1,,0
171,,100668,0,853,14891,91,74,0,33554563,0x02000083,scenery,generic,00000132.pro,-1,,0
172,,100756,0,855,14896,96,74,0,50331880,0x030000E8,wall,,00000232.pro,-1,,0
173,,100844,0,859,14936,136,74,0,83886092,0x0500000C,misc,,00000012.pro,-1,,0
174,,100932,0,865,15062,62,75,0,83886092,0x0500000C,misc,,00000012.pro,-1,,0
175,,101020,0,867,15063,63,75,0,83886092,0x0500000C,misc,,00000012.pro,-1,,0
176,,101108,0,868,15064,64,75,0,83886092,0x0500000C,misc,,00000012.pro,-1,,0
177,,101196,0,869,15065,65,75,0,83886092,0x0500000C,misc,,00000012.pro,-1,,0
178,,101284,0,878,15090,90,75,0,50331842,0x030000C2,wall,,00000194.pro,-1,,0
179,,101372,0,879,15091,91,75,0,50332270,0x0300026E,wall,,00000622.pro,-1,,0
180,,101460,0,880,15096,96,75,0,50331878,0x030000E6,wall,,00000230.pro,-1,,0
181,,101548,0,883,15137,137,75,0,83886092,0x0500000C,misc,,00000012.pro,-1,,0
182,,101636,0,890,15260,60,76,0,83886092,0x0500000C,misc,,00000012.pro,-1,,0
183,,101724,0,891,15261,61,76,0,83886092,0x0500000C,misc,,00000012.pro,-1,,0
184,,101812,0,893,15262,62,76,0,83886092,0x0500000C,misc,,00000012.pro,-1,,0
185,,101900,0,895,15263,63,76,0,83886092,0x0500000C,misc,,00000012.pro,-1,,0
186,,101988,0,900,15290,90,76,0,50331843,0x030000C3,wall,,00000195.pro,-1,,0
187,,102076,0,901,15291,91,76,0,50332270,0x0300026E,wall,,00000622.pro,-1,,0
188,,102164,0,902,15296,96,76,0,50331879,0x030000E7,wall,,00000231.pro,-1,,0
189,,102252,0,905,15337,137,76,0,83886092,0x0500000C,misc,,00000012.pro,-1,,0
190,,102340,0,906,15338,138,76,0,83886092,0x0500000C,misc,,00000012.pro,-1,,0
191,,102428,0,911,15458,58,77,0,83886092,0x0500000C,misc,,00000012.pro,-1,,0
192,,102516,0,913,15459,59,77,0,83886092,0x0500000C,misc,,00000012.pro,-1,,0
193,,102604,0,915,15460,60,77,0,83886092,0x0500000C,misc,,00000012.pro,-1,,0
194,,102692,0,916,15460,60,77,0,50332294,0x03000286,wall,,00000646.pro,-1,,0
195,,102780,0,918,15461,61,77,0,83886092,0x0500000C,misc,,00000012.pro,-1,,0
196,,102868,0,919,15461,61,77,0,50331831,0x030000B7,wall,,00000183.pro,-1,,0
197,,102956,0,920,15462,62,77,0,50331826,0x030000B2,wall,,00000178.pro,-1,,0
198,,103044,0,921,15463,63,77,0,50331825,0x030000B1,wall,,00000177.pro,-1,,0
199,,103132,0,922,15464,64,77,0,50331824,0x030000B0,wall,,00000176.pro,-1,,0
200,,103220,0,923,15465,65,77,0,50332299,0x0300028B,wall,,00000651.pro,-1,,0
201,,103308,0,924,15466,66,77,0,50332269,0x0300026D,wall,,00000621.pro,-1,,0
202,,103396,0,929,15490,90,77,0,50331844,0x030000C4,wall,,00000196.pro,-1,,0
203,,103484,0,930,15491,91,77,0,50332270,0x0300026E,wall,,00000622.pro,-1,,0
204,,103572,0,931,15496,96,77,0,50331880,0x030000E8,wall,,00000232.pro,-1,,0
205,,103660,0,934,15538,138,77,0,83886092,0x0500000C,misc,,00000012.pro,-1,,0
206,,103748,0,938,15656,56,78,0,83886092,0x0500000C,misc,,00000012.pro,-1,,0
207,,103836,0,939,15657,57,78,0,83886092,0x0500000C,misc,,00000012.pro,-1,,0
208,,103924,0,940,15658,58,78,0,83886092,0x0500000C,misc,,00000012.pro,-1,,0
209,,104012,0,942,15659,59,78,0,83886092,0x0500000C,misc,,00000012.pro,-1,,0
210,,104100,0,944,15660,60,78,0,50332269,0x0300026D,wall,,00000621.pro,-1,,0
211,,104188,0,945,15661,61,78,0,50332270,0x0300026E,wall,,00000622.pro,-1,,0
212,,104276,0,947,15662,62,78,0,50332270,0x0300026E,wall,,00000622.pro,-1,,0
213,,104364,0,950,15663,63,78,0,50332270,0x0300026E,wall,,00000622.pro,-1,,0
214,,104452,0,951,15664,64,78,0,33554568,0x02000088,scenery,generic,00000137.pro,-1,,0
215,,104540,0,952,15665,65,78,0,50332270,0x0300026E,wall,,00000622.pro,-1,,0
216,,104628,0,953,15666,66,78,0,50332269,0x0300026D,wall,,00000621.pro,-1,,0
217,,104716,0,957,15690,90,78,0,50331845,0x030000C5,wall,,00000197.pro,-1,,0
218,,104804,0,958,15691,91,78,0,50332270,0x0300026E,wall,,00000622.pro,-1,,0
219,,104892,0,959,15696,96,78,0,50331881,0x030000E9,wall,,00000233.pro,-1,,0
220,,104980,0,962,15739,139,78,0,83886092,0x0500000C,misc,,00000012.pro,-1,,0
221,,105068,0,965,15854,54,79,0,83886092,0x0500000C,misc,,00000012.pro,-1,,0
222,,105156,0,967,15855,55,79,0,83886092,0x0500000C,misc,,00000012.pro,-1,,0
223,,105244,0,969,15856,56,79,0,83886092,0x0500000C,misc,,00000012.pro,-1,,0
224,,105332,0,971,15857,57,79,0,83886092,0x0500000C,misc,,00000012.pro,-1,,0
225,,105420,0,973,15860,60,79,0,50331837,0x030000BD,wall,,00000189.pro,-1,,0
226,,105508,0,974,15861,61,79,0,50332270,0x0300026E,wall,,00000622.pro,-1,,0
227,,105596,0,976,15866,66,79,0,50332269,0x0300026D,wall,,00000621.pro,-1,,0
228,,105684,0,981,15886,86,79,0,50332294,0x03000286,wall,,00000646.pro,-1,,0
229,,105772,0,982,15887,87,79,0,50331825,0x030000B1,wall,,00000177.pro,-1,,0
230,,105860,0,983,15888,88,79,0,50331824,0x030000B0,wall,,00000176.pro,-1,,0
231,,105948,0,984,15888,88,79,0,33554571,0x0200008B,scenery,ladder_up,00000140.pro,50331653,NWDn2Up1.int,0
232,,106040,0,985,15889,89,79,0,50331823,0x030000AF,wall,,00000175.pro,-1,,0
233,,106128,0,986,15890,90,79,0,50332295,0x03000287,wall,,00000647.pro,-1,,0
234,,106216,0,987,15891,91,79,0,50332270,0x0300026E,wall,,00000622.pro,-1,,0
235,,106304,0,988,15896,96,79,0,50332296,0x03000288,wall,,00000648.pro,-1,,0
236,,106392,0,989,15897,97,79,0,50331827,0x030000B3,wall,,00000179.pro,-1,,0
237,,106480,0,990,15898,98,79,0,50331826,0x030000B2,wall,,00000178.pro,-1,,0
238,,106568,0,991,15899,99,79,0,50332299,0x0300028B,wall,,00000651.pro,-1,,0
239,,106656,0,992,15900,100,79,0,50332269,0x0300026D,wall,,00000621.pro,-1,,0
240,,106744,0,1011,15939,139,79,0,83886092,0x0500000C,misc,,00000012.pro,-1,,0
241,,106832,0,1012,15940,140,79,0,83886092,0x0500000C,misc,,00000012.pro,-1,,0
242,,106920,0,1015,16052,52,80,0,83886092,0x0500000C,misc,,00000012.pro,-1,,0
243,,107008,0,1016,16053,53,80,0,83886092,0x0500000C,misc,,00000012.pro,-1,,0
244,,107096,0,1017,16054,54,80,0,83886092,0x0500000C,misc,,00000012.pro,-1,,0
245,,107184,0,1019,16055,55,80,0,83886092,0x0500000C,misc,,00000012.pro,-1,,0
246,,107272,0,1021,16060,60,80,0,50331838,0x030000BE,wall,,00000190.pro,-1,,0
247,,107360,0,1022,16061,61,80,0,50332270,0x0300026E,wall,,00000622.pro,-1,,0
248,,107448,0,1024,16066,66,80,0,50332269,0x0300026D,wall,,00000621.pro,-1,,0
249,,107536,0,1031,16086,86,80,0,50332269,0x0300026D,wall,,00000621.pro,-1,,0
250,,107624,0,1032,16087,87,80,0,50332270,0x0300026E,wall,,00000622.pro,-1,,0
251,,107712,0,1033,16089,89,80,0,50332270,0x0300026E,wall,,00000622.pro,-1,,0
252,,107800,0,1034,16097,97,80,0,50332270,0x0300026E,wall,,00000622.pro,-1,,0
253,,107888,0,1035,16099,99,80,0,50332270,0x0300026E,wall,,00000622.pro,-1,,0
254,,107976,0,1036,16100,100,80,0,50332269,0x0300026D,wall,,00000621.pro,-1,,0
255,,108064,0,1052,16140,140,80,0,83886092,0x0500000C,misc,,00000012.pro,-1,,0
256,,108152,0,1056,16250,50,81,0,83886092,0x0500000C,misc,,00000012.pro,-1,,0
257,,108240,0,1057,16251,51,81,0,83886092,0x0500000C,misc,,00000012.pro,-1,,0
258,,108328,0,1058,16252,52,81,0,83886092,0x0500000C,misc,,00000012.pro,-1,,0
259,,108416,0,1059,16252,52,81,0,50332294,0x03000286,wall,,00000646.pro,-1,,0
260,,108504,0,1060,16253,53,81,0,83886092,0x0500000C,misc,,00000012.pro,-1,,0
261,,108592,0,1061,16253,53,81,0,50331831,0x030000B7,wall,,00000183.pro,-1,,0
262,,108680,0,1062,16254,54,81,0,50331830,0x030000B6,wall,,00000182.pro,-1,,0
263,,108768,0,1064,16255,55,81,0,50331829,0x030000B5,wall,,00000181.pro,-1,,0
264,,108856,0,1065,16256,56,81,0,50331828,0x030000B4,wall,,00000180.pro,-1,,0
265,,108944,0,1066,16257,57,81,0,50331827,0x030000B3,wall,,00000179.pro,-1,,0
266,,109032,0,1068,16258,58,81,0,50331826,0x030000B2,wall,,00000178.pro,-1,,0
267,,109120,0,1070,16259,59,81,0,50331825,0x030000B1,wall,,00000177.pro,-1,,0
268,,109208,0,1071,16260,60,81,0,50332295,0x03000287,wall,,00000647.pro,-1,,0
269,,109296,0,1073,16261,61,81,0,50332270,0x0300026E,wall,,00000622.pro,-1,,0
270,,109384,0,1075,16264,64,81,3,16777226,0x0100000A,critter,,00000010.pro,67108877,WanRats.int,0
271,,109512,0,1076,16266,66,81,0,50332296,0x03000288,wall,,00000648.pro,-1,,0
272,,109600,0,1078,16267,67,81,0,50331831,0x030000B7,wall,,00000183.pro,-1,,0
273,,109688,0,1079,16268,68,81,0,50331830,0x030000B6,wall,,00000182.pro,-1,,0
274,,109776,0,1080,16269,69,81,0,50331829,0x030000B5,wall,,00000181.pro,-1,,0
275,,109864,0,1081,16270,70,81,0,50331828,0x030000B4,wall,,00000180.pro,-1,,0
276,,109952,0,1083,16271,71,81,0,50331827,0x030000B3,wall,,00000179.pro,-1,,0
277,,110040,0,1085,16272,72,81,0,50331826,0x030000B2,wall,,00000178.pro,-1,,0
278,,110128,0,1087,16273,73,81,0,50331825,0x030000B1,wall,,00000177.pro,-1,,0
279,,110216,0,1089,16274,74,81,0,50331824,0x030000B0,wall,,00000176.pro,-1,,0
280,,110304,0,1091,16275,75,81,0,50332299,0x0300028B,wall,,00000651.pro,-1,,0
281,,110392,0,1093,16276,76,81,0,50332269,0x0300026D,wall,,00000621.pro,-1,,0
282,,110480,0,1099,16286,86,81,0,50331837,0x030000BD,wall,,00000189.pro,-1,,0
283,,110568,0,1100,16287,87,81,0,50332270,0x0300026E,wall,,00000622.pro,-1,,0
284,,110656,0,1101,16296,96,81,0,33554710,0x02000116,scenery,generic,00000279.pro,-1,,0
285,,110744,0,1102,16300,100,81,0,50332269,0x0300026D,wall,,00000621.pro,-1,,0
286,,110832,0,1112,16341,141,81,0,83886092,0x0500000C,misc,,00000012.pro,-1,,0
287,,110920,0,1115,16448,48,82,0,83886092,0x0500000C,misc,,00000012.pro,-1,,0
288,,111008,0,1116,16449,49,82,0,83886092,0x0500000C,misc,,00000012.pro,-1,,0
289,,111096,0,1117,16450,50,82,0,83886092,0x0500000C,misc,,00000012.pro,-1,,0
290,,111184,0,1118,16451,51,82,0,83886092,0x0500000C,misc,,00000012.pro,-1,,0
291,,111272,0,1119,16452,52,82,0,50332269,0x0300026D,wall,,00000621.pro,-1,,0
292,,111360,0,1120,16453,53,82,0,50332270,0x0300026E,wall,,00000622.pro,-1,,0
293,,111448,0,1122,16455,55,82,0,33554569,0x02000089,scenery,generic,00000138.pro,-1,,0
294,,111536,0,1125,16457,57,82,0,33554565,0x02000085,scenery,generic,00000134.pro,-1,,0
295,,111624,0,1126,16459,59,82,0,50332270,0x0300026E,wall,,00000622.pro,-1,,0
296,,111712,0,1131,16467,67,82,0,50332270,0x0300026E,wall,,00000622.pro,-1,,0
297,,111800,0,1132,16469,69,82,0,33554566,0x02000086,scenery,generic,00000135.pro,-1,,0
298,,111888,0,1133,16471,71,82,0,50332270,0x0300026E,wall,,00000622.pro,-1,,0
299,,111976,0,1135,16473,73,82,0,33554569,0x02000089,scenery,generic,00000138.pro,-1,,0
300,,112064,0,1137,16475,75,82,0,50332270,0x0300026E,wall,,00000622.pro,-1,,0
301,,112152,0,1139,16476,76,82,0,50332269,0x0300026D,wall,,00000621.pro,-1,,0
302,,112240,0,1142,16486,86,82,0,50331838,0x030000BE,wall,,00000190.pro,-1,,0
303,,112328,0,1143,16487,87,82,0,50332270,0x0300026E,wall,,00000622.pro,-1,,0
304,,112416,0,1144,16500,100,82,0,50331878,0x030000E6,wall,,00000230.pro,-1,,0
305,,112504,0,1148,16541,141,82,0,83886092,0x0500000C,misc,,00000012.pro,-1,,0
306,,112592,0,1149,16542,142,82,0,83886092,0x0500000C,misc,,00000012.pro,-1,,0
307,,112680,0,1152,16646,46,83,0,83886092,0x0500000C,misc,,00000012.pro,-1,,0
308,,112768,0,1153,16647,47,83,0,83886092,0x0500000C,misc,,00000012.pro,-1,,0
309,,112856,0,1154,16648,48,83,0,83886092,0x0500000C,misc,,00000012.pro,-1,,0
310,,112944,0,1155,16649,49,83,0,83886092,0x0500000C,misc,,00000012.pro,-1,,0
311,,113032,0,1156,16652,52,83,0,50331839,0x030000BF,wall,,00000191.pro,-1,,0
312,,113120,0,1157,16653,53,83,0,50332270,0x0300026E,wall,,00000622.pro,-1,,0
313,,113208,0,1161,16658,58,83,0,98,0x00000062,item,misc,00000098.pro,-1,,0
314,,113300,0,1165,16667,67,83,0,33554711,0x02000117,scenery,generic,00000280.pro,-1,,0
315,,113388,0,1166,16676,76,83,0,50332269,0x0300026D,wall,,00000621.pro,-1,,0
316,,113476,0,1167,16686,86,83,0,50331839,0x030000BF,wall,,00000191.pro,-1,,0
317,,113564,0,1168,16687,87,83,0,50332270,0x0300026E,wall,,00000622.pro,-1,,0
318,,113652,0,1169,16700,100,83,0,50331879,0x030000E7,wall,,00000231.pro,-1,,0
319,,113740,0,1174,16742,142,83,0,83886092,0x0500000C,misc,,00000012.pro,-1,,0
320,,113828,0,1176,16844,44,84,0,83886092,0x0500000C,misc,,00000012.pro,-1,,0
321,,113916,0,1177,16845,45,84,0,83886092,0x0500000C,misc,,00000012.pro,-1,,0
322,,114004,0,1178,16846,46,84,0,83886092,0x0500000C,misc,,00000012.pro,-1,,0
323,,114092,0,1179,16847,47,84,0,83886092,0x0500000C,misc,,00000012.pro,-1,,0
324,,114180,0,1180,16852,52,84,0,50331840,0x030000C0,wall,,00000192.pro,-1,,0
325,,114268,0,1181,16853,53,84,0,50332270,0x0300026E,wall,,00000622.pro,-1,,0
326,,114356,0,1189,16876,76,84,0,50331881,0x030000E9,wall,,00000233.pro,-1,,0
327,,114444,0,1191,16886,86,84,0,50331839,0x030000BF,wall,,00000191.pro,-1,,0
328,,114532,0,1192,16887,87,84,0,50332270,0x0300026E,wall,,00000622.pro,-1,,0
329,,114620,0,1193,16900,100,84,0,50331880,0x030000E8,wall,,00000232.pro,-1,,0
330,,114708,0,1198,16943,143,84,0,83886092,0x0500000C,misc,,00000012.pro,-1,,0
331,,114796,0,1201,17042,42,85,0,83886092,0x0500000C,misc,,00000012.pro,-1,,0
332,,114884,0,1202,17043,43,85,0,83886092,0x0500000C,misc,,00000012.pro,-1,,0
333,,114972,0,1203,17044,44,85,0,83886092,0x0500000C,misc,,00000012.pro,-1,,0
334,,115060,0,1204,17045,45,85,0,83886092,0x0500000C,misc,,00000012.pro,-1,,0
335,,115148,0,1205,17052,52,85,0,50331841,0x030000C1,wall,,00000193.pro,-1,,0
336,,115236,0,1206,17053,53,85,0,50332270,0x0300026E,wall,,00000622.pro,-1,,0
337,,115324,0,1221,17076,76,85,0,50331878,0x030000E6,wall,,00000230.pro,-1,,0
338,,115412,0,1225,17086,86,85,0,50331840,0x030000C0,wall,,00000192.pro,-1,,0
339,,115500,0,1226,17087,87,85,0,33554567,0x02000087,scenery,generic,00000136.pro,-1,,0
340,,115588,0,1227,17100,100,85,0,50331881,0x030000E9,wall,,00000233.pro,-1,,0
341,,115676,0,1233,17143,143,85,0,83886092,0x0500000C,misc,,00000012.pro,-1,,0
342,,115764,0,1234,17144,144,85,0,83886092,0x0500000C,misc,,00000012.pro,-1,,0
343,,115852,0,1237,17240,40,86,0,83886092,0x0500000C,misc,,00000012.pro,-1,,0
344,,115940,0,1238,17241,41,86,0,83886092,0x0500000C,misc,,00000012.pro,-1,,0
345,,116028,0,1239,17242,42,86,0,83886092,0x0500000C,misc,,00000012.pro,-1,,0
346,,116116,0,1240,17243,43,86,0,83886092,0x0500000C,misc,,00000012.pro,-1,,0
347,,116204,0,1243,17252,52,86,0,50331837,0x030000BD,wall,,00000189.pro,-1,,0
348,,116292,0,1244,17253,53,86,0,50332270,0x0300026E,wall,,00000622.pro,-1,,0
349,,116380,0,1246,17255,55,86,4,16777226,0x0100000A,critter,,00000010.pro,67108876,WanRats.int,0
350,,116508,0,1255,17276,76,86,0,50331879,0x030000E7,wall,,00000231.pro,-1,,0
351,,116596,0,1258,17286,86,86,0,50332298,0x0300028A,wall,,00000650.pro,-1,,0
352,,116684,0,1259,17287,87,86,0,50332270,0x0300026E,wall,,00000622.pro,-1,,0
353,,116772,0,1262,17300,100,86,0,50331878,0x030000E6,wall,,00000230.pro,-1,,0
354,,116860,0,1266,17344,144,86,0,83886092,0x0500000C,misc,,00000012.pro,-1,,0
355,,116948,0,1268,17438,38,87,0,83886092,0x0500000C,misc,,00000012.pro,-1,,0
356,,117036,0,1269,17439,39,87,0,83886092,0x0500000C,misc,,00000012.pro,-1,,0
357,,117124,0,1270,17440,40,87,0,83886092,0x0500000C,misc,,00000012.pro,-1,,0
358,,117212,0,1271,17441,41,87,0,83886092,0x0500000C,misc,,00000012.pro,-1,,0
359,,117300,0,1272,17452,52,87,0,50331838,0x030000BE,wall,,00000190.pro,-1,,0
360,,117388,0,1273,17453,53,87,0,33554567,0x02000087,scenery,generic,00000136.pro,-1,,0
361,,117476,0,1275,17465,65,87,4,16777226,0x0100000A,critter,,00000010.pro,67108898,WanRats.int,0
362,,117604,0,1277,17476,76,87,0,50331880,0x030000E8,wall,,00000232.pro,-1,,0
363,,117692,0,1279,17486,86,87,0,50332269,0x0300026D,wall,,00000621.pro,-1,,0
364,,117780,0,1280,17487,87,87,0,50332270,0x0300026E,wall,,00000622.pro,-1,,0
365,,117868,0,1281,17488,88,87,0,50331876,0x030000E4,wall,,00000228.pro,-1,,0
366,,117956,0,1282,17489,89,87,0,50331877,0x030000E5,wall,,00000229.pro,-1,,0
367,,118044,0,1283,17490,90,87,0,50332270,0x0300026E,wall,,00000622.pro,-1,,0
368,,118132,0,1285,17496,96,87,0,50332300,0x0300028C,wall,,00000652.pro,-1,,0
369,,118220,0,1286,17497,97,87,0,50331877,0x030000E5,wall,,00000229.pro,-1,,0
370,,118308,0,1288,17498,98,87,0,50331876,0x030000E4,wall,,00000228.pro,-1,,0
371,,118396,0,1289,17499,99,87,0,50331877,0x030000E5,wall,,00000229.pro,-1,,0
372,,118484,0,1290,17500,100,87,0,50332301,0x0300028D,wall,,00000653.pro,-1,,0
373,,118572,0,1295,17545,145,87,0,83886092,0x0500000C,misc,,00000012.pro,-1,,0
374,,118660,0,1298,17636,36,88,0,83886092,0x0500000C,misc,,00000012.pro,-1,,0
375,,118748,0,1299,17637,37,88,0,83886092,0x0500000C,misc,,00000012.pro,-1,,0
376,,118836,0,1300,17638,38,88,0,83886092,0x0500000C,misc,,00000012.pro,-1,,0
377,,118924,0,1301,17639,39,88,0,83886092,0x0500000C,misc,,00000012.pro,-1,,0
378,,119012,0,1302,17652,52,88,0,50332298,0x0300028A,wall,,00000650.pro,-1,,0
379,,119100,0,1303,17653,53,88,0,50332270,0x0300026E,wall,,00000622.pro,-1,,0
380,,119188,0,1306,17676,76,88,0,50331881,0x030000E9,wall,,00000233.pro,-1,,0
381,,119276,0,1308,17687,87,88,0,50332269,0x0300026D,wall,,00000621.pro,-1,,0
382,,119364,0,1309,17689,89,88,0,50332269,0x0300026D,wall,,00000621.pro,-1,,0
383,,119452,0,1310,17690,90,88,0,50332297,0x03000289,wall,,00000649.pro,-1,,0
384,,119540,0,1311,17691,91,88,0,50332270,0x0300026E,wall,,00000622.pro,-1,,0
385,,119628,0,1312,17696,96,88,0,50332269,0x0300026D,wall,,00000621.pro,-1,,0
386,,119716,0,1319,17745,145,88,0,83886092,0x0500000C,misc,,00000012.pro,-1,,0
387,,119804,0,1320,17746,146,88,0,83886092,0x0500000C,misc,,00000012.pro,-1,,0
388,,119892,0,1323,17834,34,89,0,83886092,0x0500000C,misc,,00000012.pro,-1,,0
389,,119980,0,1324,17835,35,89,0,83886092,0x0500000C,misc,,00000012.pro,-1,,0
390,,120068,0,1325,17836,36,89,0,83886092,0x0500000C,misc,,00000012.pro,-1,,0
391,,120156,0,1326,17837,37,89,0,83886092,0x0500000C,misc,,00000012.pro,-1,,0
392,,120244,0,1327,17852,52,89,0,50332269,0x0300026D,wall,,00000621.pro,-1,,0
393,,120332,0,1328,17853,53,89,0,50332270,0x0300026E,wall,,00000622.pro,-1,,0
394,,120420,0,1329,17854,54,89,0,50331876,0x030000E4,wall,,00000228.pro,-1,,0
395,,120508,0,1331,17855,55,89,0,50331875,0x030000E3,wall,,00000227.pro,-1,,0
396,,120596,0,1332,17856,56,89,0,50331874,0x030000E2,wall,,00000226.pro,-1,,0
397,,120684,0,1333,17857,57,89,0,50331873,0x030000E1,wall,,00000225.pro,-1,,0
398,,120772,0,1334,17858,58,89,0,50331872,0x030000E0,wall,,00000224.pro,-1,,0
399,,120860,0,1336,17859,59,89,0,50331877,0x030000E5,wall,,00000229.pro,-1,,0
400,,120948,0,1337,17860,60,89,0,50331872,0x030000E0,wall,,00000224.pro,-1,,0
401,,121036,0,1338,17861,61,89,0,50331873,0x030000E1,wall,,00000225.pro,-1,,0
402,,121124,0,1339,17862,62,89,0,50331874,0x030000E2,wall,,00000226.pro,-1,,0
403,,121212,0,1340,17863,63,89,0,50331877,0x030000E5,wall,,00000229.pro,-1,,0
404,,121300,0,1341,17864,64,89,0,50331876,0x030000E4,wall,,00000228.pro,-1,,0
405,,121388,0,1342,17865,65,89,0,50331875,0x030000E3,wall,,00000227.pro,-1,,0
406,,121476,0,1343,17866,66,89,0,50331872,0x030000E0,wall,,00000224.pro,-1,,0
407,,121564,0,1344,17867,67,89,0,50331873,0x030000E1,wall,,00000225.pro,-1,,0
408,,121652,0,1345,17868,68,89,0,50331874,0x030000E2,wall,,00000226.pro,-1,,0
409,,121740,0,1346,17869,69,89,0,50331875,0x030000E3,wall,,00000227.pro,-1,,0
410,,121828,0,1347,17870,70,89,0,50332270,0x0300026E,wall,,00000622.pro,-1,,0
411,,121916,0,1349,17873,73,89,0,16777375,0x0100009F,critter,,00000159.pro,67108900,WanRats.int,0
412,,122044,0,1350,17876,76,89,0,50331878,0x030000E6,wall,,00000230.pro,-1,,0
413,,122132,0,1353,17890,90,89,0,50331838,0x030000BE,wall,,00000190.pro,-1,,0
414,,122220,0,1354,17891,91,89,0,50332270,0x0300026E,wall,,00000622.pro,-1,,0
415,,122308,0,1355,17896,96,89,0,50331880,0x030000E8,wall,,00000232.pro,-1,,0
416,,122396,0,1373,17946,146,89,0,83886092,0x0500000C,misc,,00000012.pro,-1,,0
417,,122484,0,1375,18032,32,90,0,83886092,0x0500000C,misc,,00000012.pro,-1,,0
418,,122572,0,1376,18033,33,90,0,83886092,0x0500000C,misc,,00000012.pro,-1,,0
419,,122660,0,1377,18034,34,90,0,83886092,0x0500000C,misc,,00000012.pro,-1,,0
420,,122748,0,1378,18035,35,90,0,83886092,0x0500000C,misc,,00000012.pro,-1,,0
421,,122836,0,1379,18053,53,90,0,50332269,0x0300026D,wall,,00000621.pro,-1,,0
422,,122924,0,1381,18069,69,90,0,50332269,0x0300026D,wall,,00000621.pro,-1,,0
423,,123012,0,1382,18070,70,90,0,50332297,0x03000289,wall,,00000649.pro,-1,,0
424,,123100,0,1383,18071,71,90,0,50332270,0x0300026E,wall,,00000622.pro,-1,,0
425,,123188,0,1385,18076,76,90,0,50331879,0x030000E7,wall,,00000231.pro,-1,,0
426,,123276,0,1388,18090,90,90,0,50331839,0x030000BF,wall,,00000191.pro,-1,,0
427,,123364,0,1389,18091,91,90,0,50332270,0x0300026E,wall,,00000622.pro,-1,,0
428,,123452,0,1390,18096,96,90,0,50331881,0x030000E9,wall,,00000233.pro,-1,,0
429,,123540,0,1404,18147,147,90,0,83886092,0x0500000C,misc,,00000012.pro,-1,,0
430,,123628,0,1407,18230,30,91,0,83886092,0x0500000C,misc,,00000012.pro,-1,,0
431,,123716,0,1408,18231,31,91,0,83886092,0x0500000C,misc,,00000012.pro,-1,,0
432,,123804,0,1409,18232,32,91,0,83886092,0x0500000C,misc,,00000012.pro,-1,,0
433,,123892,0,1410,18233,33,91,0,83886092,0x0500000C,misc,,00000012.pro,-1,,0
434,,123980,0,1427,18270,70,91,0,50331838,0x030000BE,wall,,00000190.pro,-1,,0
435,,124068,0,1429,18271,71,91,0,50332270,0x0300026E,wall,,00000622.pro,-1,,0
436,,124156,0,1433,18276,76,91,0,50331880,0x030000E8,wall,,00000232.pro,-1,,0
437,,124244,0,1435,18290,90,91,0,50331840,0x030000C0,wall,,00000192.pro,-1,,0
438,,124332,0,1436,18291,91,91,0,50332270,0x0300026E,wall,,00000622.pro,-1,,0
439,,124420,0,1437,18296,96,91,0,50331878,0x030000E6,wall,,00000230.pro,-1,,0
440,,124508,0,1439,18312,112,91,0,50332294,0x03000286,wall,,00000646.pro,-1,,0
441,,124596,0,1440,18313,113,91,0,50331827,0x030000B3,wall,,00000179.pro,-1,,0
442,,124684,0,1441,18314,114,91,0,50331826,0x030000B2,wall,,00000178.pro,-1,,0
443,,124772,0,1442,18315,115,91,0,50331825,0x030000B1,wall,,00000177.pro,-1,,0
444,,124860,0,1443,18316,116,91,0,50331824,0x030000B0,wall,,00000176.pro,-1,,0
445,,124948,0,1444,18317,117,91,0,50332299,0x0300028B,wall,,00000651.pro,-1,,0
446,,125036,0,1446,18318,118,91,0,50332269,0x0300026D,wall,,00000621.pro,-1,,0
447,,125124,0,1451,18347,147,91,0,83886092,0x0500000C,misc,,00000012.pro,-1,,0
448,,125212,0,1452,18348,148,91,0,83886092,0x0500000C,misc,,00000012.pro,-1,,0
449,,125300,0,1455,18429,29,92,0,83886092,0x0500000C,misc,,00000012.pro,-1,,0
450,,125388,0,1456,18430,30,92,0,83886092,0x0500000C,misc,,00000012.pro,-1,,0
451,,125476,0,1457,18431,31,92,0,83886092,0x0500000C,misc,,00000012.pro,-1,,0
452,,125564,0,1469,18470,70,92,0,50331839,0x030000BF,wall,,00000191.pro,-1,,0
453,,125652,0,1470,18471,71,92,0,50332270,0x0300026E,wall,,00000622.pro,-1,,0
454,,125740,0,1473,18476,76,92,0,50331881,0x030000E9,wall,,00000233.pro,-1,,0
455,,125828,0,1476,18490,90,92,0,50331841,0x030000C1,wall,,00000193.pro,-1,,0
456,,125916,0,1477,18491,91,92,0,50332270,0x0300026E,wall,,00000622.pro,-1,,0
457,,126004,0,1478,18496,96,92,0,50331879,0x030000E7,wall,,00000231.pro,-1,,0
458,,126092,0,1481,18512,112,92,0,50332269,0x0300026D,wall,,00000621.pro,-1,,0
459,,126180,0,1482,18513,113,92,0,50332270,0x0300026E,wall,,00000622.pro,-1,,0
460,,126268,0,1483,18514,114,92,0,50332270,0x0300026E,wall,,00000622.pro,-1,,0
461,,126356,0,1484,18515,115,92,0,50332270,0x0300026E,wall,,00000622.pro,-1,,0
462,,126444,0,1485,18516,116,92,0,33554568,0x02000088,scenery,generic,00000137.pro,-1,,0
463,,126532,0,1486,18517,117,92,0,50332270,0x0300026E,wall,,00000622.pro,-1,,0
464,,126620,0,1487,18518,118,92,0,50332270,0x0300026E,wall,,00000622.pro,-1,,0
465,,126708,0,1488,18519,119,92,0,50332269,0x0300026D,wall,,00000621.pro,-1,,0
466,,126796,0,1491,18548,148,92,0,83886092,0x0500000C,misc,,00000012.pro,-1,,0
467,,126884,0,1493,18629,29,93,0,83886092,0x0500000C,misc,,00000012.pro,-1,,0
468,,126972,0,1498,18670,70,93,0,50331840,0x030000C0,wall,,00000192.pro,-1,,0
469,,127060,0,1499,18671,71,93,0,50332270,0x0300026E,wall,,00000622.pro,-1,,0
470,,127148,0,1501,18676,76,93,0,50331878,0x030000E6,wall,,00000230.pro,-1,,0
471,,127236,0,1503,18690,90,93,0,50331842,0x030000C2,wall,,00000194.pro,-1,,0
472,,127324,0,1504,18691,91,93,0,50332270,0x0300026E,wall,,00000622.pro,-1,,0
473,,127412,0,1505,18696,96,93,0,50331880,0x030000E8,wall,,00000232.pro,-1,,0
474,,127500,0,1506,18712,112,93,0,50331837,0x030000BD,wall,,00000189.pro,-1,,0
475,,127588,0,1507,18713,113,93,0,50332270,0x0300026E,wall,,00000622.pro,-1,,0
476,,127676,0,1508,18718,118,93,0,50332296,0x03000288,wall,,00000648.pro,-1,,0
477,,127764,0,1509,18719,119,93,0,50331831,0x030000B7,wall,,00000183.pro,-1,,0
478,,127852,0,1510,18720,120,93,0,50331830,0x030000B6,wall,,00000182.pro,-1,,0
479,,127940,0,1512,18721,121,93,0,50331829,0x030000B5,wall,,00000181.pro,-1,,0
480,,128028,0,1513,18722,122,93,0,50331828,0x030000B4,wall,,00000180.pro,-1,,0
481,,128116,0,1514,18723,123,93,0,50331827,0x030000B3,wall,,00000179.pro,-1,,0
482,,128204,0,1515,18724,124,93,0,50331826,0x030000B2,wall,,00000178.pro,-1,,0
483,,128292,0,1516,18725,125,93,0,50331825,0x030000B1,wall,,00000177.pro,-1,,0
484,,128380,0,1517,18726,126,93,0,50331824,0x030000B0,wall,,00000176.pro,-1,,0
485,,128468,0,1518,18727,127,93,0,50331823,0x030000AF,wall,,00000175.pro,-1,,0
486,,128556,0,1519,18728,128,93,0,50331822,0x030000AE,wall,,00000174.pro,-1,,0
487,,128644,0,1521,18729,129,93,0,50332299,0x0300028B,wall,,00000651.pro,-1,,0
488,,128732,0,1522,18730,130,93,0,50332269,0x0300026D,wall,,00000621.pro,-1,,0
489,,128820,0,1528,18749,149,93,0,83886092,0x0500000C,misc,,00000012.pro,-1,,0
490,,128908,0,1535,18870,70,94,0,50331841,0x030000C1,wall,,00000193.pro,-1,,0
491,,128996,0,1536,18871,71,94,0,50332270,0x0300026E,wall,,00000622.pro,-1,,0
492,,129084,0,1539,18874,74,94,2,16777375,0x0100009F,critter,,00000159.pro,67108899,WanRats.int,0
493,,129212,0,1541,18876,76,94,0,50331879,0x030000E7,wall,,00000231.pro,-1,,0
494,,129300,0,1543,18890,90,94,0,50331843,0x030000C3,wall,,00000195.pro,-1,,0
495,,129388,0,1544,18891,91,94,0,50332270,0x0300026E,wall,,00000622.pro,-1,,0
496,,129476,0,1545,18896,96,94,0,50331881,0x030000E9,wall,,00000233.pro,-1,,0
497,,129564,0,1546,18912,112,94,0,50331838,0x030000BE,wall,,00000190.pro,-1,,0
498,,129652,0,1547,18913,113,94,0,50332270,0x0300026E,wall,,00000622.pro,-1,,0
499,,129740,0,1548,18919,119,94,0,50332270,0x0300026E,wall,,00000622.pro,-1,,0
500,,129828,0,1550,18921,121,94,0,33554569,0x02000089,scenery,generic,00000138.pro,-1,,0
501,,129916,0,1551,18923,123,94,0,50332270,0x0300026E,wall,,00000622.pro,-1,,0
502,,130004,0,1552,18925,125,94,0,33554565,0x02000085,scenery,generic,00000134.pro,-1,,0
503,,130092,0,1554,18927,127,94,0,33554569,0x02000089,scenery,generic,00000138.pro,-1,,0
504,,130180,0,1557,18929,129,94,0,50332270,0x0300026E,wall,,00000622.pro,-1,,0
505,,130268,0,1558,18930,130,94,0,50332269,0x0300026D,wall,,00000621.pro,-1,,0
506,,130356,0,1561,18949,149,94,0,83886092,0x0500000C,misc,,00000012.pro,-1,,0
507,,130444,0,1562,18950,150,94,0,83886092,0x0500000C,misc,,00000012.pro,-1,,0
508,,130532,0,1565,19048,48,95,0,50332294,0x03000286,wall,,00000646.pro,-1,,0
509,,130620,0,1566,19049,49,95,0,50331831,0x030000B7,wall,,00000183.pro,-1,,0
510,,130708,0,1567,19050,50,95,0,50331830,0x030000B6,wall,,00000182.pro,-1,,0
511,,130796,0,1568,19051,51,95,0,50331829,0x030000B5,wall,,00000181.pro,-1,,0
512,,130884,0,1569,19052,52,95,0,50331828,0x030000B4,wall,,00000180.pro,-1,,0
513,,130972,0,1570,19052,52,95,0,33554571,0x0200008B,scenery,ladder_up,00000140.pro,50331648,WtrLadr.int,0
514,,131064,0,1571,19053,53,95,0,50331827,0x030000B3,wall,,00000179.pro,-1,,0
515,,131152,0,1572,19054,54,95,0,50331826,0x030000B2,wall,,00000178.pro,-1,,0
516,,131240,0,1574,19055,55,95,0,50331825,0x030000B1,wall,,00000177.pro,-1,,0
517,,131328,0,1575,19056,56,95,0,50331824,0x030000B0,wall,,00000176.pro,-1,,0
518,,131416,0,1576,19057,57,95,0,50332299,0x0300028B,wall,,00000651.pro,-1,,0
519,,131504,0,1577,19058,58,95,0,50332269,0x0300026D,wall,,00000621.pro,-1,,0
520,,131592,0,1580,19070,70,95,0,50331842,0x030000C2,wall,,00000194.pro,-1,,0
521,,131680,0,1581,19071,71,95,0,50332270,0x0300026E,wall,,00000622.pro,-1,,0
522,,131768,0,1586,19076,76,95,0,50331880,0x030000E8,wall,,00000232.pro,-1,,0
523,,131856,0,1588,19090,90,95,0,50331844,0x030000C4,wall,,00000196.pro,-1,,0
524,,131944,0,1589,19091,91,95,0,33554562,0x02000082,scenery,generic,00000131.pro,-1,,0
525,,132032,0,1590,19096,96,95,0,50331878,0x030000E6,wall,,00000230.pro,-1,,0
526,,132120,0,1591,19112,112,95,0,50331839,0x030000BF,wall,,00000191.pro,-1,,0
527,,132208,0,1592,19113,113,95,0,50332270,0x0300026E,wall,,00000622.pro,-1,,0
528,,132296,0,1601,19128,128,95,3,16777264,0x01000030,critter,,00000048.pro,67108869,WanRats.int,0
529,,132424,0,1603,19130,130,95,0,50332269,0x0300026D,wall,,00000621.pro,-1,,0
530,,132512,0,1606,19150,150,95,0,83886092,0x0500000C,misc,,00000012.pro,-1,,0
531,,132600,0,1608,19248,48,96,0,50332269,0x0300026D,wall,,00000621.pro,-1,,0
532,,132688,0,1609,19249,49,96,0,50332270,0x0300026E,wall,,00000622.pro,-1,,0
533,,132776,0,1610,19251,51,96,0,50332270,0x0300026E,wall,,00000622.pro,-1,,0
534,,132864,0,1611,19253,53,96,0,50332270,0x0300026E,wall,,00000622.pro,-1,,0
535,,132952,0,1613,19255,55,96,0,33554565,0x02000085,scenery,generic,00000134.pro,-1,,0
536,,133040,0,1614,19257,57,96,0,50332270,0x0300026E,wall,,00000622.pro,-1,,0
537,,133128,0,1615,19258,58,96,0,50332269,0x0300026D,wall,,00000621.pro,-1,,0
538,,133216,0,1620,19270,70,96,0,50331843,0x030000C3,wall,,00000195.pro,-1,,0
539,,133304,0,1621,19271,71,96,0,33554563,0x02000083,scenery,generic,00000132.pro,-1,,0
540,,133392,0,1623,19276,76,96,0,50331881,0x030000E9,wall,,00000233.pro,-1,,0
541,,133480,0,1627,19290,90,96,0,50331845,0x030000C5,wall,,00000197.pro,-1,,0
542,,133568,0,1628,19291,91,96,0,50332270,0x0300026E,wall,,00000622.pro,-1,,0
543,,133656,0,1629,19296,96,96,0,50331881,0x030000E9,wall,,00000233.pro,-1,,0
544,,133744,0,1630,19312,112,96,0,50331840,0x030000C0,wall,,00000192.pro,-1,,0
545,,133832,0,1631,19313,113,96,0,33554567,0x02000087,scenery,generic,00000136.pro,-1,,0
546,,133920,0,1638,19330,130,96,0,50331879,0x030000E7,wall,,00000231.pro,-1,,0
547,,134008,0,1642,19351,151,96,0,83886092,0x0500000C,misc,,00000012.pro,-1,,0
548,,134096,0,1646,19448,48,97,0,50331837,0x030000BD,wall,,00000189.pro,-1,,0
549,,134184,0,1647,19449,49,97,0,50332270,0x0300026E,wall,,00000622.pro,-1,,0
550,,134272,0,1649,19458,58,97,0,50332269,0x0300026D,wall,,00000621.pro,-1,,0
551,,134360,0,1651,19466,66,97,0,50332294,0x03000286,wall,,00000646.pro,-1,,0
552,,134448,0,1653,19467,67,97,0,50331825,0x030000B1,wall,,00000177.pro,-1,,0
553,,134536,0,1654,19468,68,97,0,50331824,0x030000B0,wall,,00000176.pro,-1,,0
554,,134624,0,1655,19469,69,97,0,50331823,0x030000AF,wall,,00000175.pro,-1,,0
555,,134712,0,1656,19470,70,97,0,50332295,0x03000287,wall,,00000647.pro,-1,,0
556,,134800,0,1657,19471,71,97,0,50332270,0x0300026E,wall,,00000622.pro,-1,,0
557,,134888,0,1659,19476,76,97,0,50332296,0x03000288,wall,,00000648.pro,-1,,0
558,,134976,0,1660,19477,77,97,2,50331831,0x030000B7,wall,,00000183.pro,-1,,0
559,,135064,0,1661,19478,78,97,2,50331830,0x030000B6,wall,,00000182.pro,-1,,0
560,,135152,0,1663,19479,79,97,2,50331829,0x030000B5,wall,,00000181.pro,-1,,0
561,,135240,0,1665,19480,80,97,2,50331828,0x030000B4,wall,,00000180.pro,-1,,0
562,,135328,0,1667,19481,81,97,2,50331827,0x030000B3,wall,,00000179.pro,-1,,0
563,,135416,0,1669,19482,82,97,2,50331826,0x030000B2,wall,,00000178.pro,-1,,0
564,,135504,0,1670,19483,83,97,2,50331825,0x030000B1,wall,,00000177.pro,-1,,0
565,,135592,0,1671,19484,84,97,2,50331824,0x030000B0,wall,,00000176.pro,-1,,0
566,,135680,0,1672,19485,85,97,2,50331823,0x030000AF,wall,,00000175.pro,-1,,0
567,,135768,0,1673,19486,86,97,2,50331822,0x030000AE,wall,,00000174.pro,-1,,0
568,,135856,0,1674,19487,87,97,2,50331831,0x030000B7,wall,,00000183.pro,-1,,0
569,,135944,0,1675,19488,88,97,2,50331830,0x030000B6,wall,,00000182.pro,-1,,0
570,,136032,0,1676,19489,89,97,2,50331829,0x030000B5,wall,,00000181.pro,-1,,0
571,,136120,0,1677,19490,90,97,0,50332295,0x03000287,wall,,00000647.pro,-1,,0
572,,136208,0,1678,19491,91,97,0,50332270,0x0300026E,wall,,00000622.pro,-1,,0
573,,136296,0,1679,19496,96,97,0,50332296,0x03000288,wall,,00000648.pro,-1,,0
574,,136384,0,1680,19497,97,97,0,50331823,0x030000AF,wall,,00000175.pro,-1,,0
575,,136472,0,1681,19498,98,97,0,50331822,0x030000AE,wall,,00000174.pro,-1,,0
576,,136560,0,1682,19499,99,97,0,50331831,0x030000B7,wall,,00000183.pro,-1,,0
577,,136648,0,1683,19500,100,97,0,50331830,0x030000B6,wall,,00000182.pro,-1,,0
578,,136736,0,1684,19501,101,97,0,50331829,0x030000B5,wall,,00000181.pro,-1,,0
579,,136824,0,1685,19502,102,97,0,50331828,0x030000B4,wall,,00000180.pro,-1,,0
580,,136912,0,1686,19503,103,97,0,50331827,0x030000B3,wall,,00000179.pro,-1,,0
581,,137000,0,1687,19504,104,97,0,50331826,0x030000B2,wall,,00000178.pro,-1,,0
582,,137088,0,1688,19505,105,97,0,50331825,0x030000B1,wall,,00000177.pro,-1,,0
583,,137176,0,1689,19506,106,97,0,50331824,0x030000B0,wall,,00000176.pro,-1,,0
584,,137264,0,1690,19507,107,97,0,50331823,0x030000AF,wall,,00000175.pro,-1,,0
585,,137352,0,1691,19508,108,97,0,50331822,0x030000AE,wall,,00000174.pro,-1,,0
586,,137440,0,1692,19509,109,97,0,50331831,0x030000B7,wall,,00000183.pro,-1,,0
587,,137528,0,1693,19510,110,97,0,50331830,0x030000B6,wall,,00000182.pro,-1,,0
588,,137616,0,1694,19511,111,97,0,50331829,0x030000B5,wall,,00000181.pro,-1,,0
589,,137704,0,1695,19512,112,97,0,50332295,0x03000287,wall,,00000647.pro,-1,,0
590,,137792,0,1696,19513,113,97,0,50332270,0x0300026E,wall,,00000622.pro,-1,,0
591,,137880,0,1699,19530,130,97,0,50332296,0x03000288,wall,,00000648.pro,-1,,0
592,,137968,0,1700,19531,131,97,0,50331829,0x030000B5,wall,,00000181.pro,-1,,0
593,,138056,0,1701,19532,132,97,0,50331828,0x030000B4,wall,,00000180.pro,-1,,0
594,,138144,0,1702,19533,133,97,0,50331827,0x030000B3,wall,,00000179.pro,-1,,0
595,,138232,0,1703,19534,134,97,0,50331826,0x030000B2,wall,,00000178.pro,-1,,0
596,,138320,0,1704,19535,135,97,0,50331825,0x030000B1,wall,,00000177.pro,-1,,0
597,,138408,0,1705,19536,136,97,0,50331824,0x030000B0,wall,,00000176.pro,-1,,0
598,,138496,0,1707,19537,137,97,0,50331823,0x030000AF,wall,,00000175.pro,-1,,0
599,,138584,0,1709,19538,138,97,0,50331822,0x030000AE,wall,,00000174.pro,-1,,0
600,,138672,0,1711,19539,139,97,0,50331831,0x030000B7,wall,,00000183.pro,-1,,0
601,,138760,0,1712,19540,140,97,0,50331830,0x030000B6,wall,,00000182.pro,-1,,0
602,,138848,0,1713,19541,141,97,0,50331829,0x030000B5,wall,,00000181.pro,-1,,0
603,,138936,0,1714,19542,142,97,0,50331828,0x030000B4,wall,,00000180.pro,-1,,0
604,,139024,0,1715,19542,142,97,0,33554571,0x0200008B,scenery,ladder_up,00000140.pro,50331652,NWDn2Up2.int,0
605,,139116,0,1716,19543,143,97,0,50331827,0x030000B3,wall,,00000179.pro,-1,,0
606,,139204,0,1717,19544,144,97,0,50331826,0x030000B2,wall,,00000178.pro,-1,,0
607,,139292,0,1719,19545,145,97,0,50331825,0x030000B1,wall,,00000177.pro,-1,,0
608,,139380,0,1720,19546,146,97,0,50331824,0x030000B0,wall,,00000176.pro,-1,,0
609,,139468,0,1721,19547,147,97,0,50331823,0x030000AF,wall,,00000175.pro,-1,,0
610,,139556,0,1722,19548,148,97,0,50331822,0x030000AE,wall,,00000174.pro,-1,,0
611,,139644,0,1723,19549,149,97,0,50331825,0x030000B1,wall,,00000177.pro,-1,,0
612,,139732,0,1724,19550,150,97,0,50331824,0x030000B0,wall,,00000176.pro,-1,,0
613,,139820,0,1725,19551,151,97,0,83886092,0x0500000C,misc,,00000012.pro,-1,,0
614,,139908,0,1726,19551,151,97,0,50332299,0x0300028B,wall,,00000651.pro,-1,,0
615,,139996,0,1727,19552,152,97,0,50332269,0x0300026D,wall,,00000621.pro,-1,,0
616,,140084,0,1728,19552,152,97,0,83886092,0x0500000C,misc,,00000012.pro,-1,,0
617,,140172,0,1731,19648,48,98,0,50331838,0x030000BE,wall,,00000190.pro,-1,,0
618,,140260,0,1732,19649,49,98,0,50332270,0x0300026E,wall,,00000622.pro,-1,,0
619,,140348,0,1734,19658,58,98,0,50331878,0x030000E6,wall,,00000230.pro,-1,,0
620,,140436,0,1736,19666,66,98,0,50332269,0x0300026D,wall,,00000621.pro,-1,,0
621,,140524,0,1738,19667,67,98,0,50332270,0x0300026E,wall,,00000622.pro,-1,,0
622,,140612,0,1739,19669,69,98,0,50332270,0x0300026E,wall,,00000622.pro,-1,,0
623,,140700,0,1742,19677,77,98,0,50332270,0x0300026E,wall,,00000622.pro,-1,,0
624,,140788,0,1745,19679,79,98,0,33554564,0x02000084,scenery,generic,00000133.pro,-1,,0
625,,140876,0,1747,19681,81,98,0,50332270,0x0300026E,wall,,00000622.pro,-1,,0
626,,140964,0,1748,19683,83,98,0,50332270,0x0300026E,wall,,00000622.pro,-1,,0
627,,141052,0,1749,19685,85,98,0,50332270,0x0300026E,wall,,00000622.pro,-1,,0
628,,141140,0,1750,19687,87,98,0,33554565,0x02000085,scenery,generic,00000134.pro,-1,,0
629,,141228,0,1751,19689,89,98,0,50332270,0x0300026E,wall,,00000622.pro,-1,,0
630,,141316,0,1752,19697,97,98,0,50332270,0x0300026E,wall,,00000622.pro,-1,,0
631,,141404,0,1753,19699,99,98,0,50332270,0x0300026E,wall,,00000622.pro,-1,,0
632,,141492,0,1754,19701,101,98,0,50332270,0x0300026E,wall,,00000622.pro,-1,,0
633,,141580,0,1755,19703,103,98,0,33554566,0x02000086,scenery,generic,00000135.pro,-1,,0
634,,141668,0,1756,19705,105,98,0,50332270,0x0300026E,wall,,00000622.pro,-1,,0
635,,141756,0,1757,19707,107,98,0,50332270,0x0300026E,wall,,00000622.pro,-1,,0
636,,141844,0,1758,19709,109,98,0,33554564,0x02000084,scenery,generic,00000133.pro,-1,,0
637,,141932,0,1759,19711,111,98,0,50332270,0x0300026E,wall,,00000622.pro,-1,,0
638,,142020,0,1760,19716,116,98,1,16777264,0x01000030,critter,,00000048.pro,67108870,WanRats.int,0
639,,142148,0,1765,19731,131,98,0,50332270,0x0300026E,wall,,00000622.pro,-1,,0
640,,142236,0,1766,19733,133,98,0,50332270,0x0300026E,wall,,00000622.pro,-1,,0
641,,142324,0,1767,19735,135,98,0,33554566,0x02000086,scenery,generic,00000135.pro,-1,,0
642,,142412,0,1769,19737,137,98,0,50332270,0x0300026E,wall,,00000622.pro,-1,,0
643,,142500,0,1772,19739,139,98,0,33554564,0x02000084,scenery,generic,00000133.pro,-1,,0
644,,142588,0,1773,19741,141,98,0,50332270,0x0300026E,wall,,00000622.pro,-1,,0
645,,142676,0,1774,19743,143,98,0,50332270,0x0300026E,wall,,00000622.pro,-1,,0
646,,142764,0,1775,19745,145,98,0,50332270,0x0300026E,wall,,00000622.pro,-1,,0
647,,142852,0,1777,19747,147,98,0,50332270,0x0300026E,wall,,00000622.pro,-1,,0
648,,142940,0,1778,19748,148,98,0,33554565,0x02000085,scenery,generic,00000134.pro,-1,,0
649,,143028,0,1779,19749,149,98,0,50332270,0x0300026E,wall,,00000622.pro,-1,,0
650,,143116,0,1780,19751,151,98,0,50332270,0x0300026E,wall,,00000622.pro,-1,,0
651,,143204,0,1781,19752,152,98,0,50332269,0x0300026D,wall,,00000621.pro,-1,,0
652,,143292,0,1782,19752,152,98,0,83886092,0x0500000C,misc,,00000012.pro,-1,,0
653,,143380,0,1784,19848,48,99,0,50331839,0x030000BF,wall,,00000191.pro,-1,,0
654,,143468,0,1785,19849,49,99,0,50332270,0x0300026E,wall,,00000622.pro,-1,,0
655,,143556,0,1790,19858,58,99,0,50331879,0x030000E7,wall,,00000231.pro,-1,,0
656,,143644,0,1799,19866,66,99,0,50331840,0x030000C0,wall,,00000192.pro,-1,,0
657,,143732,0,1801,19867,67,99,0,50332270,0x0300026E,wall,,00000622.pro,-1,,0
658,,143820,0,1805,19870,70,99,0,33554710,0x02000116,scenery,generic,00000279.pro,-1,,0
659,,143908,0,1815,19897,97,99,0,33554712,0x02000118,scenery,generic,00000281.pro,-1,,0
660,,143996,0,1817,19929,129,99,0,33554711,0x02000117,scenery,generic,00000280.pro,-1,,0
661,,144084,0,1821,19952,152,99,0,50332269,0x0300026D,wall,,00000621.pro,-1,,0
662,,144172,0,1822,19953,153,99,0,83886092,0x0500000C,misc,,00000012.pro,-1,,0
663,,144260,0,1825,20032,32,100,0,83886092,0x0500000C,misc,,00000012.pro,-1,,0
664,,144348,0,1828,20048,48,100,0,50331840,0x030000C0,wall,,00000192.pro,-1,,0
665,,144436,0,1829,20049,49,100,0,33554563,0x02000083,scenery,generic,00000132.pro,-1,,0
666,,144524,0,1830,20050,50,100,0,33554712,0x02000118,scenery,generic,00000281.pro,-1,,0
667,,144612,0,1831,20053,53,100,0,33554572,0x0200008C,scenery,ladder_down,00000141.pro,50331649,NecVHole.int,0
668,,144704,0,1834,20058,58,100,0,50331880,0x030000E8,wall,,00000232.pro,-1,,0
669,,144792,0,1839,20066,66,100,0,50331841,0x030000C1,wall,,00000193.pro,-1,,0
670,,144880,0,1840,20067,67,100,0,50332270,0x0300026E,wall,,00000622.pro,-1,,0
671,,144968,0,1852,20152,152,100,0,50331881,0x030000E9,wall,,00000233.pro,-1,,0
672,,145056,0,1853,20153,153,100,0,83886092,0x0500000C,misc,,00000012.pro,-1,,0
673,,145144,0,1854,20154,154,100,0,83886092,0x0500000C,misc,,00000012.pro,-1,,0
674,,145232,0,1857,20233,33,101,0,83886092,0x0500000C,misc,,00000012.pro,-1,,0
675,,145320,0,1859,20248,48,101,0,50331841,0x030000C1,wall,,00000193.pro,-1,,0
676,,145408,0,1860,20249,49,101,0,50332270,0x0300026E,wall,,00000622.pro,-1,,0
677,,145496,0,1861,20258,58,101,0,50331881,0x030000E9,wall,,00000233.pro,-1,,0
678,,145584,0,1862,20266,66,101,0,50331842,0x030000C2,wall,,00000194.pro,-1,,0
679,,145672,0,1863,20267,67,101,0,50332270,0x0300026E,wall,,00000622.pro,-1,,0
680,,145760,0,1864,20269,69,101,4,16777226,0x0100000A,critter,,00000010.pro,67108875,WanRats.int,0
681,,145888,0,1872,20352,152,101,0,50331878,0x030000E6,wall,,00000230.pro,-1,,0
682,,145976,0,1873,20354,154,101,0,83886092,0x0500000C,misc,,00000012.pro,-1,,0
683,,146064,0,1875,20433,33,102,0,83886092,0x0500000C,misc,,00000012.pro,-1,,0
684,,146152,0,1876,20434,34,102,0,83886092,0x0500000C,misc,,00000012.pro,-1,,0
685,,146240,0,1878,20448,48,102,0,50331842,0x030000C2,wall,,00000194.pro,-1,,0
686,,146328,0,1879,20449,49,102,0,50332270,0x0300026E,wall,,00000622.pro,-1,,0
687,,146416,0,1880,20458,58,102,0,50331878,0x030000E6,wall,,00000230.pro,-1,,0
688,,146504,0,1881,20466,66,102,0,50331843,0x030000C3,wall,,00000195.pro,-1,,0
689,,146592,0,1882,20467,67,102,0,50332270,0x0300026E,wall,,00000622.pro,-1,,0
690,,146680,0,1890,20552,152,102,0,50331879,0x030000E7,wall,,00000231.pro,-1,,0
691,,146768,0,1891,20555,155,102,0,83886092,0x0500000C,misc,,00000012.pro,-1,,0
692,,146856,0,1895,20634,34,103,0,83886092,0x0500000C,misc,,00000012.pro,-1,,0
693,,146944,0,1898,20648,48,103,0,50331843,0x030000C3,wall,,00000195.pro,-1,,0
694,,147032,0,1899,20649,49,103,0,33554561,0x02000081,scenery,generic,00000130.pro,-1,,0
695,,147120,0,1904,20658,58,103,0,50331879,0x030000E7,wall,,00000231.pro,-1,,0
696,,147208,0,1913,20666,66,103,0,50331844,0x030000C4,wall,,00000196.pro,-1,,0
697,,147296,0,1915,20667,67,103,0,33554567,0x02000087,scenery,generic,00000136.pro,-1,,0
698,,147384,0,1926,20721,121,103,0,16777264,0x01000030,critter,,00000048.pro,67108871,WanRats.int,0
699,,147512,0,1929,20752,152,103,0,50331880,0x030000E8,wall,,00000232.pro,-1,,0
700,,147600,0,1930,20755,155,103,0,83886092,0x0500000C,misc,,00000012.pro,-1,,0
701,,147688,0,1931,20756,156,103,0,83886092,0x0500000C,misc,,00000012.pro,-1,,0
702,,147776,0,1934,20835,35,104,0,83886092,0x0500000C,misc,,00000012.pro,-1,,0
703,,147864,0,1936,20848,48,104,0,50332298,0x0300028A,wall,,00000650.pro,-1,,0
704,,147952,0,1937,20849,49,104,0,50332270,0x0300026E,wall,,00000622.pro,-1,,0
705,,148040,0,1941,20858,58,104,0,50331880,0x030000E8,wall,,00000232.pro,-1,,0
706,,148128,0,1948,20866,66,104,0,50332298,0x0300028A,wall,,00000650.pro,-1,,0
707,,148216,0,1949,20867,67,104,0,50332270,0x0300026E,wall,,00000622.pro,-1,,0
708,,148304,0,1955,20913,113,104,0,33554710,0x02000116,scenery,generic,00000279.pro,-1,,0
709,,148392,0,1961,20952,152,104,0,50331881,0x030000E9,wall,,00000233.pro,-1,,0
710,,148480,0,1962,20956,156,104,0,83886092,0x0500000C,misc,,00000012.pro,-1,,0
711,,148568,0,1964,21035,35,105,0,83886092,0x0500000C,misc,,00000012.pro,-1,,0
712,,148656,0,1965,21036,36,105,0,83886092,0x0500000C,misc,,00000012.pro,-1,,0
713,,148744,0,1967,21048,48,105,0,50332269,0x0300026D,wall,,00000621.pro,-1,,0
714,,148832,0,1968,21049,49,105,0,50332269,0x0300026D,wall,,00000621.pro,-1,,0
715,,148920,0,1969,21050,50,105,0,50331872,0x030000E0,wall,,00000224.pro,-1,,0
716,,149008,0,1970,21051,51,105,0,50331877,0x030000E5,wall,,00000229.pro,-1,,0
717,,149096,0,1971,21052,52,105,0,50331876,0x030000E4,wall,,00000228.pro,-1,,0
718,,149184,0,1972,21053,53,105,0,50331875,0x030000E3,wall,,00000227.pro,-1,,0
719,,149272,0,1973,21054,54,105,0,50331874,0x030000E2,wall,,00000226.pro,-1,,0
720,,149360,0,1975,21055,55,105,0,50331873,0x030000E1,wall,,00000225.pro,-1,,0
721,,149448,0,1976,21056,56,105,0,50331872,0x030000E0,wall,,00000224.pro,-1,,0
722,,149536,0,1977,21057,57,105,0,50331877,0x030000E5,wall,,00000229.pro,-1,,0
723,,149624,0,1978,21058,58,105,0,50332301,0x0300028D,wall,,00000653.pro,-1,,0
724,,149712,0,1981,21066,66,105,0,50332269,0x0300026D,wall,,00000621.pro,-1,,0
725,,149800,0,1982,21067,67,105,0,50332269,0x0300026D,wall,,00000621.pro,-1,,0
726,,149888,0,1983,21068,68,105,0,50331876,0x030000E4,wall,,00000228.pro,-1,,0
727,,149976,0,1984,21069,69,105,0,50331875,0x030000E3,wall,,00000227.pro,-1,,0
728,,150064,0,1986,21076,76,105,0,50332300,0x0300028C,wall,,00000652.pro,-1,,0
729,,150152,0,1987,21077,77,105,0,50331877,0x030000E5,wall,,00000229.pro,-1,,0
730,,150240,0,1988,21078,78,105,0,50331876,0x030000E4,wall,,00000228.pro,-1,,0
731,,150328,0,1989,21079,79,105,0,50331875,0x030000E3,wall,,00000227.pro,-1,,0
732,,150416,0,1990,21080,80,105,0,50331874,0x030000E2,wall,,00000226.pro,-1,,0
733,,150504,0,1991,21081,81,105,0,50331873,0x030000E1,wall,,00000225.pro,-1,,0
734,,150592,0,1992,21082,82,105,0,50331872,0x030000E0,wall,,00000224.pro,-1,,0
735,,150680,0,1993,21083,83,105,0,50331877,0x030000E5,wall,,00000229.pro,-1,,0
736,,150768,0,1994,21084,84,105,0,50331876,0x030000E4,wall,,00000228.pro,-1,,0
737,,150856,0,1995,21085,85,105,0,50331875,0x030000E3,wall,,00000227.pro,-1,,0
738,,150944,0,1996,21086,86,105,0,50331874,0x030000E2,wall,,00000226.pro,-1,,0
739,,151032,0,1997,21087,87,105,0,50331873,0x030000E1,wall,,00000225.pro,-1,,0
740,,151120,0,1998,21088,88,105,0,50331872,0x030000E0,wall,,00000224.pro,-1,,0
741,,151208,0,1999,21089,89,105,0,50331875,0x030000E3,wall,,00000227.pro,-1,,0
742,,151296,0,2000,21090,90,105,0,50332269,0x0300026D,wall,,00000621.pro,-1,,0
743,,151384,0,2001,21096,96,105,0,50332300,0x0300028C,wall,,00000652.pro,-1,,0
744,,151472,0,2002,21097,97,105,0,50331877,0x030000E5,wall,,00000229.pro,-1,,0
745,,151560,0,2003,21098,98,105,0,50331876,0x030000E4,wall,,00000228.pro,-1,,0
746,,151648,0,2004,21099,99,105,0,50331875,0x030000E3,wall,,00000227.pro,-1,,0
747,,151736,0,2005,21100,100,105,0,50331874,0x030000E2,wall,,00000226.pro,-1,,0
748,,151824,0,2006,21101,101,105,0,50331873,0x030000E1,wall,,00000225.pro,-1,,0
749,,151912,0,2007,21102,102,105,0,50331872,0x030000E0,wall,,00000224.pro,-1,,0
750,,152000,0,2008,21103,103,105,2,50331875,0x030000E3,wall,,00000227.pro,-1,,0
751,,152088,0,2009,21104,104,105,2,50331874,0x030000E2,wall,,00000226.pro,-1,,0
752,,152176,0,2010,21105,105,105,2,50331873,0x030000E1,wall,,00000225.pro,-1,,0
753,,152264,0,2011,21106,106,105,2,50331872,0x030000E0,wall,,00000224.pro,-1,,0
754,,152352,0,2012,21107,107,105,2,50331877,0x030000E5,wall,,00000229.pro,-1,,0
755,,152440,0,2013,21108,108,105,2,50331876,0x030000E4,wall,,00000228.pro,-1,,0
756,,152528,0,2014,21109,109,105,2,50331875,0x030000E3,wall,,00000227.pro,-1,,0
757,,152616,0,2015,21110,110,105,2,50331874,0x030000E2,wall,,00000226.pro,-1,,0
758,,152704,0,2016,21111,111,105,2,50331873,0x030000E1,wall,,00000225.pro,-1,,0
759,,152792,0,2017,21112,112,105,0,50332269,0x0300026D,wall,,00000621.pro,-1,,0
760,,152880,0,2028,21130,130,105,2,50332300,0x0300028C,wall,,00000652.pro,-1,,0
761,,152968,0,2030,21131,131,105,2,50331875,0x030000E3,wall,,00000227.pro,-1,,0
762,,153056,0,2032,21132,132,105,0,50331876,0x030000E4,wall,,00000228.pro,-1,,0
763,,153144,0,2034,21133,133,105,0,50331875,0x030000E3,wall,,00000227.pro,-1,,0
764,,153232,0,2036,21134,134,105,0,50331874,0x030000E2,wall,,00000226.pro,-1,,0
765,,153320,0,2038,21135,135,105,0,50331875,0x030000E3,wall,,00000227.pro,-1,,0
766,,153408,0,2040,21136,136,105,0,50331872,0x030000E0,wall,,00000224.pro,-1,,0
767,,153496,0,2042,21137,137,105,0,50331873,0x030000E1,wall,,00000225.pro,-1,,0
768,,153584,0,2043,21138,138,105,0,50331876,0x030000E4,wall,,00000228.pro,-1,,0
769,,153672,0,2044,21139,139,105,0,50331873,0x030000E1,wall,,00000225.pro,-1,,0
770,,153760,0,2046,21140,140,105,0,50331874,0x030000E2,wall,,00000226.pro,-1,,0
771,,153848,0,2047,21141,141,105,0,50331873,0x030000E1,wall,,00000225.pro,-1,,0
772,,153936,0,2048,21142,142,105,0,50331872,0x030000E0,wall,,00000224.pro,-1,,0
773,,154024,0,2049,21143,143,105,0,50331877,0x030000E5,wall,,00000229.pro,-1,,0
774,,154112,0,2050,21144,144,105,0,50332270,0x0300026E,wall,,00000622.pro,-1,,0
775,,154200,0,2054,21152,152,105,0,50332296,0x03000288,wall,,00000648.pro,-1,,0
776,,154288,0,2055,21153,153,105,0,50331825,0x030000B1,wall,,00000177.pro,-1,,0
777,,154376,0,2056,21154,154,105,0,50331824,0x030000B0,wall,,00000176.pro,-1,,0
778,,154464,0,2057,21155,155,105,0,50332299,0x0300028B,wall,,00000651.pro,-1,,0
779,,154552,0,2058,21156,156,105,0,50332269,0x0300026D,wall,,00000621.pro,-1,,0
780,,154640,0,2059,21157,157,105,0,83886092,0x0500000C,misc,,00000012.pro,-1,,0
781,,154728,0,2062,21236,36,106,0,83886092,0x0500000C,misc,,00000012.pro,-1,,0
782,,154816,0,2067,21269,69,106,0,50332269,0x0300026D,wall,,00000621.pro,-1,,0
783,,154904,0,2068,21270,70,106,0,50332297,0x03000289,wall,,00000649.pro,-1,,0
784,,154992,0,2070,21276,76,106,0,50332269,0x0300026D,wall,,00000621.pro,-1,,0
785,,155080,0,2071,21290,90,106,0,50332297,0x03000289,wall,,00000649.pro,-1,,0
786,,155168,0,2072,21296,96,106,0,50332269,0x0300026D,wall,,00000621.pro,-1,,0
787,,155256,0,2073,21312,112,106,2,50332297,0x03000289,wall,,00000649.pro,-1,,0
788,,155344,0,2074,21313,113,106,0,50332270,0x0300026E,wall,,00000622.pro,-1,,0
789,,155432,0,2077,21324,124,106,1,16777264,0x01000030,critter,,00000048.pro,67108868,WanRats.int,0
790,,155560,0,2082,21330,130,106,0,50332269,0x0300026D,wall,,00000621.pro,-1,,0
791,,155648,0,2089,21343,143,106,0,50332269,0x0300026D,wall,,00000621.pro,-1,,0
792,,155736,0,2090,21344,144,106,0,50332297,0x03000289,wall,,00000649.pro,-1,,0
793,,155824,0,2091,21345,145,106,0,50332270,0x0300026E,wall,,00000622.pro,-1,,0
794,,155912,0,2093,21356,156,106,0,50332269,0x0300026D,wall,,00000621.pro,-1,,0
795,,156000,0,2094,21357,157,106,0,83886092,0x0500000C,misc,,00000012.pro,-1,,0
796,,156088,0,2095,21358,158,106,0,83886092,0x0500000C,misc,,00000012.pro,-1,,0
797,,156176,0,2098,21437,37,107,0,83886092,0x0500000C,misc,,00000012.pro,-1,,0
798,,156264,0,2102,21470,70,107,0,50331841,0x030000C1,wall,,00000193.pro,-1,,0
799,,156352,0,2105,21476,76,107,0,50331878,0x030000E6,wall,,00000230.pro,-1,,0
800,,156440,0,2106,21490,90,107,0,50331845,0x030000C5,wall,,00000197.pro,-1,,0
801,,156528,0,2107,21493,93,107,0,16777264,0x01000030,critter,,00000048.pro,67108872,WanRats.int,0
802,,156656,0,2108,21496,96,107,0,50331878,0x030000E6,wall,,00000230.pro,-1,,0
803,,156744,0,2109,21512,112,107,2,50331844,0x030000C4,wall,,00000196.pro,-1,,0
804,,156832,0,2110,21513,113,107,0,50332270,0x0300026E,wall,,00000622.pro,-1,,0
805,,156920,0,2111,21530,130,107,2,50331879,0x030000E7,wall,,00000231.pro,-1,,0
806,,157008,0,2113,21544,144,107,0,50331838,0x030000BE,wall,,00000190.pro,-1,,0
807,,157096,0,2114,21545,145,107,0,50332270,0x0300026E,wall,,00000622.pro,-1,,0
808,,157184,0,2115,21546,146,107,0,33554710,0x02000116,scenery,generic,00000279.pro,-1,,0
809,,157272,0,2117,21552,152,107,0,33554711,0x02000117,scenery,generic,00000280.pro,-1,,0
810,,157360,0,2118,21556,156,107,0,50332269,0x0300026D,wall,,00000621.pro,-1,,0
811,,157448,0,2119,21558,158,107,0,83886092,0x0500000C,misc,,00000012.pro,-1,,0
812,,157536,0,2121,21637,37,108,0,83886092,0x0500000C,misc,,00000012.pro,-1,,0
813,,157624,0,2122,21638,38,108,0,83886092,0x0500000C,misc,,00000012.pro,-1,,0
814,,157712,0,2125,21670,70,108,0,50332298,0x0300028A,wall,,00000650.pro,-1,,0
815,,157800,0,2127,21676,76,108,0,50331879,0x030000E7,wall,,00000231.pro,-1,,0
816,,157888,0,2128,21690,90,108,0,50332298,0x0300028A,wall,,00000650.pro,-1,,0
817,,157976,0,2129,21696,96,108,0,50331880,0x030000E8,wall,,00000232.pro,-1,,0
818,,158064,0,2130,21712,112,108,2,50332298,0x0300028A,wall,,00000650.pro,-1,,0
819,,158152,0,2131,21713,113,108,0,50332270,0x0300026E,wall,,00000622.pro,-1,,0
820,,158240,0,2134,21730,130,108,2,50331878,0x030000E6,wall,,00000230.pro,-1,,0
821,,158328,0,2136,21744,144,108,0,50331839,0x030000BF,wall,,00000191.pro,-1,,0
822,,158416,0,2137,21745,145,108,0,50332270,0x0300026E,wall,,00000622.pro,-1,,0
823,,158504,0,2140,21756,156,108,0,50331879,0x030000E7,wall,,00000231.pro,-1,,0
824,,158592,0,2141,21759,159,108,0,83886092,0x0500000C,misc,,00000012.pro,-1,,0
825,,158680,0,2144,21838,38,109,0,83886092,0x0500000C,misc,,00000012.pro,-1,,0
826,,158768,0,2151,21870,70,109,0,50332269,0x0300026D,wall,,00000621.pro,-1,,0
827,,158856,0,2152,21871,71,109,0,50332269,0x0300026D,wall,,00000621.pro,-1,,0
828,,158944,0,2153,21872,72,109,0,50331876,0x030000E4,wall,,00000228.pro,-1,,0
829,,159032,0,2155,21873,73,109,0,50331875,0x030000E3,wall,,00000227.pro,-1,,0
830,,159120,0,2157,21874,74,109,0,50331874,0x030000E2,wall,,00000226.pro,-1,,0
831,,159208,0,2158,21875,75,109,0,50331877,0x030000E5,wall,,00000229.pro,-1,,0
832,,159296,0,2159,21876,76,109,0,50332301,0x0300028D,wall,,00000653.pro,-1,,0
833,,159384,0,2160,21890,90,109,0,50332269,0x0300026D,wall,,00000621.pro,-1,,0
834,,159472,0,2161,21891,91,109,0,50332269,0x0300026D,wall,,00000621.pro,-1,,0
835,,159560,0,2162,21892,92,109,0,50331876,0x030000E4,wall,,00000228.pro,-1,,0
836,,159648,0,2163,21893,93,109,0,50331875,0x030000E3,wall,,00000227.pro,-1,,0
837,,159736,0,2164,21894,94,109,0,50331874,0x030000E2,wall,,00000226.pro,-1,,0
838,,159824,0,2165,21895,95,109,0,50331877,0x030000E5,wall,,00000229.pro,-1,,0
839,,159912,0,2166,21896,96,109,0,50332301,0x0300028D,wall,,00000653.pro,-1,,0
840,,160000,0,2167,21912,112,109,0,50332269,0x0300026D,wall,,00000621.pro,-1,,0
841,,160088,0,2168,21913,113,109,0,50332269,0x0300026D,wall,,00000621.pro,-1,,0
842,,160176,0,2169,21914,114,109,2,50331874,0x030000E2,wall,,00000226.pro,-1,,0
843,,160264,0,2170,21915,115,109,2,50331873,0x030000E1,wall,,00000225.pro,-1,,0
844,,160352,0,2171,21916,116,109,2,50331872,0x030000E0,wall,,00000224.pro,-1,,0
845,,160440,0,2172,21917,117,109,2,50331877,0x030000E5,wall,,00000229.pro,-1,,0
846,,160528,0,2173,21918,118,109,2,50331876,0x030000E4,wall,,00000228.pro,-1,,0
847,,160616,0,2174,21919,119,109,2,50331875,0x030000E3,wall,,00000227.pro,-1,,0
848,,160704,0,2175,21920,120,109,2,50331874,0x030000E2,wall,,00000226.pro,-1,,0
849,,160792,0,2176,21921,121,109,2,50331873,0x030000E1,wall,,00000225.pro,-1,,0
850,,160880,0,2177,21922,122,109,2,50331872,0x030000E0,wall,,00000224.pro,-1,,0
851,,160968,0,2178,21923,123,109,2,50331877,0x030000E5,wall,,00000229.pro,-1,,0
852,,161056,0,2179,21924,124,109,2,50331876,0x030000E4,wall,,00000228.pro,-1,,0
853,,161144,0,2180,21925,125,109,2,50331875,0x030000E3,wall,,00000227.pro,-1,,0
854,,161232,0,2181,21926,126,109,2,50331874,0x030000E2,wall,,00000226.pro,-1,,0
855,,161320,0,2182,21927,127,109,2,50331873,0x030000E1,wall,,00000225.pro,-1,,0
856,,161408,0,2183,21928,128,109,2,50331872,0x030000E0,wall,,00000224.pro,-1,,0
857,,161496,0,2184,21929,129,109,2,50331873,0x030000E1,wall,,00000225.pro,-1,,0
858,,161584,0,2185,21930,130,109,2,50332301,0x0300028D,wall,,00000653.pro,-1,,0
859,,161672,0,2186,21944,144,109,0,50331840,0x030000C0,wall,,00000192.pro,-1,,0
860,,161760,0,2187,21945,145,109,0,50332270,0x0300026E,wall,,00000622.pro,-1,,0
861,,161848,0,2189,21956,156,109,0,50331878,0x030000E6,wall,,00000230.pro,-1,,0
862,,161936,0,2190,21959,159,109,0,83886092,0x0500000C,misc,,00000012.pro,-1,,0
863,,162024,0,2191,21960,160,109,0,83886092,0x0500000C,misc,,00000012.pro,-1,,0
864,,162112,0,2194,22039,39,110,0,83886092,0x0500000C,misc,,00000012.pro,-1,,0
865,,162200,0,2200,22144,144,110,0,50331841,0x030000C1,wall,,00000193.pro,-1,,0
866,,162288,0,2201,22145,145,110,0,50332270,0x0300026E,wall,,00000622.pro,-1,,0
867,,162376,0,2203,22156,156,110,0,50331879,0x030000E7,wall,,00000231.pro,-1,,0
868,,162464,0,2204,22160,160,110,0,83886092,0x0500000C,misc,,00000012.pro,-1,,0
869,,162552,0,2206,22239,39,111,0,83886092,0x0500000C,misc,,00000012.pro,-1,,0
870,,162640,0,2207,22240,40,111,0,83886092,0x0500000C,misc,,00000012.pro,-1,,0
871,,162728,0,2225,22344,144,111,0,50331842,0x030000C2,wall,,00000194.pro,-1,,0
872,,162816,0,2226,22345,145,111,0,50332270,0x0300026E,wall,,00000622.pro,-1,,0
873,,162904,0,2227,22352,152,111,0,16777264,0x01000030,critter,,00000048.pro,67108864,WanRats.int,0
874,,163032,0,2230,22356,156,111,0,50331880,0x030000E8,wall,,00000232.pro,-1,,0
875,,163120,0,2231,22361,161,111,0,83886092,0x0500000C,misc,,00000012.pro,-1,,0
876,,163208,0,2234,22440,40,112,0,83886092,0x0500000C,misc,,00000012.pro,-1,,0
877,,163296,0,2251,22544,144,112,0,50331843,0x030000C3,wall,,00000195.pro,-1,,0
878,,163384,0,2252,22545,145,112,0,33554570,0x0200008A,scenery,generic,00000139.pro,-1,,0
879,,163472,0,2254,22556,156,112,0,50331881,0x030000E9,wall,,00000233.pro,-1,,0
880,,163560,0,2255,22561,161,112,0,83886092,0x0500000C,misc,,00000012.pro,-1,,0
881,,163648,0,2256,22562,162,112,0,83886092,0x0500000C,misc,,00000012.pro,-1,,0
882,,163736,0,2259,22641,41,113,0,83886092,0x0500000C,misc,,00000012.pro,-1,,0
883,,163824,0,2271,22744,144,113,0,50331844,0x030000C4,wall,,00000196.pro,-1,,0
884,,163912,0,2272,22745,145,113,0,50332270,0x0300026E,wall,,00000622.pro,-1,,0
885,,164000,0,2273,22749,149,113,5,16777264,0x01000030,critter,,00000048.pro,67108866,WanRats.int,0
886,,164128,0,2276,22756,156,113,0,50331878,0x030000E6,wall,,00000230.pro,-1,,0
887,,164216,0,2277,22762,162,113,0,83886092,0x0500000C,misc,,00000012.pro,-1,,0
888,,164304,0,2279,22841,41,114,0,83886092,0x0500000C,misc,,00000012.pro,-1,,0
889,,164392,0,2280,22842,42,114,0,83886092,0x0500000C,misc,,00000012.pro,-1,,0
890,,164480,0,2287,22944,144,114,0,50331845,0x030000C5,wall,,00000197.pro,-1,,0
891,,164568,0,2288,22945,145,114,0,33554561,0x02000081,scenery,generic,00000130.pro,-1,,0
892,,164656,0,2290,22956,156,114,0,50331879,0x030000E7,wall,,00000231.pro,-1,,0
893,,164744,0,2292,22963,163,114,0,83886092,0x0500000C,misc,,00000012.pro,-1,,0
894,,164832,0,2295,23042,42,115,0,83886092,0x0500000C,misc,,00000012.pro,-1,,0
895,,164920,0,2302,23144,144,115,0,50331838,0x030000BE,wall,,00000190.pro,-1,,0
896,,165008,0,2303,23145,145,115,0,50332270,0x0300026E,wall,,00000622.pro,-1,,0
897,,165096,0,2304,23151,151,115,3,16777264,0x01000030,critter,,00000048.pro,67108865,WanRats.int,0
898,,165224,0,2305,23156,156,115,0,50331880,0x030000E8,wall,,00000232.pro,-1,,0
899,,165312,0,2307,23163,163,115,0,83886092,0x0500000C,misc,,00000012.pro,-1,,0
900,,165400,0,2308,23164,164,115,0,83886092,0x0500000C,misc,,00000012.pro,-1,,0
901,,165488,0,2311,23243,43,116,0,83886092,0x0500000C,misc,,00000012.pro,-1,,0
902,,165576,0,2315,23344,144,116,0,50331839,0x030000BF,wall,,00000191.pro,-1,,0
903,,165664,0,2316,23345,145,116,0,50332270,0x0300026E,wall,,00000622.pro,-1,,0
904,,165752,0,2317,23356,156,116,0,50331881,0x030000E9,wall,,00000233.pro,-1,,0
905,,165840,0,2319,23364,164,116,0,83886092,0x0500000C,misc,,00000012.pro,-1,,0
906,,165928,0,2321,23443,43,117,0,83886092,0x0500000C,misc,,00000012.pro,-1,,0
907,,166016,0,2322,23444,44,117,0,83886092,0x0500000C,misc,,00000012.pro,-1,,0
908,,166104,0,2328,23544,144,117,0,50331840,0x030000C0,wall,,00000192.pro,-1,,0
909,,166192,0,2329,23545,145,117,0,50332270,0x0300026E,wall,,00000622.pro,-1,,0
910,,166280,0,2330,23548,148,117,1,16777264,0x01000030,critter,,00000048.pro,67108867,WanRats.int,0
911,,166408,0,2331,23556,156,117,0,50331878,0x030000E6,wall,,00000230.pro,-1,,0
912,,166496,0,2334,23562,162,117,0,83886092,0x0500000C,misc,,00000012.pro,-1,,0
913,,166584,0,2335,23563,163,117,0,83886092,0x0500000C,misc,,00000012.pro,-1,,0
914,,166672,0,2336,23564,164,117,0,83886092,0x0500000C,misc,,00000012.pro,-1,,0
915,,166760,0,2337,23565,165,117,0,83886092,0x0500000C,misc,,00000012.pro,-1,,0
916,,166848,0,2340,23644,44,118,0,83886092,0x0500000C,misc,,00000012.pro,-1,,0
917,,166936,0,2345,23744,144,118,0,50331841,0x030000C1,wall,,00000193.pro,-1,,0
918,,167024,0,2346,23745,145,118,0,33554570,0x0200008A,scenery,generic,00000139.pro,-1,,0
919,,167112,0,2348,23756,156,118,0,50331879,0x030000E7,wall,,00000231.pro,-1,,0
920,,167200,0,2350,23760,160,118,0,83886092,0x0500000C,misc,,00000012.pro,-1,,0
921,,167288,0,2351,23761,161,118,0,83886092,0x0500000C,misc,,00000012.pro,-1,,0
922,,167376,0,2352,23762,162,118,0,83886092,0x0500000C,misc,,00000012.pro,-1,,0
923,,167464,0,2353,23762,162,118,0,83886092,0x0500000C,misc,,00000012.pro,-1,,0
924,,167552,0,2354,23763,163,118,0,83886092,0x0500000C,misc,,00000012.pro,-1,,0
925,,167640,0,2362,23845,45,119,0,83886092,0x0500000C,misc,,00000012.pro,-1,,0
926,,167728,0,2364,23852,52,119,0,50332294,0x03000286,wall,,00000646.pro,-1,,0
927,,167816,0,2365,23853,53,119,0,50331829,0x030000B5,wall,,00000181.pro,-1,,0
928,,167904,0,2366,23854,54,119,0,50331828,0x030000B4,wall,,00000180.pro,-1,,0
929,,167992,0,2368,23855,55,119,0,50331827,0x030000B3,wall,,00000179.pro,-1,,0
930,,168080,0,2369,23856,56,119,0,50331826,0x030000B2,wall,,00000178.pro,-1,,0
931,,168168,0,2370,23857,57,119,0,50331825,0x030000B1,wall,,00000177.pro,-1,,0
932,,168256,0,2371,23858,58,119,0,50331824,0x030000B0,wall,,00000176.pro,-1,,0
933,,168344,0,2372,23858,58,119,0,33554571,0x0200008B,scenery,ladder_up,00000140.pro,50331651,NWDn2Up3.int,0
934,,168436,0,2373,23859,59,119,0,50331823,0x030000AF,wall,,00000175.pro,-1,,0
935,,168524,0,2374,23860,60,119,0,50331822,0x030000AE,wall,,00000174.pro,-1,,0
936,,168612,0,2375,23861,61,119,0,50331831,0x030000B7,wall,,00000183.pro,-1,,0
937,,168700,0,2376,23862,62,119,0,50331830,0x030000B6,wall,,00000182.pro,-1,,0
938,,168788,0,2377,23863,63,119,0,50331829,0x030000B5,wall,,00000181.pro,-1,,0
939,,168876,0,2378,23864,64,119,0,50331828,0x030000B4,wall,,00000180.pro,-1,,0
940,,168964,0,2379,23865,65,119,0,50331827,0x030000B3,wall,,00000179.pro,-1,,0
941,,169052,0,2380,23866,66,119,0,50331826,0x030000B2,wall,,00000178.pro,-1,,0
942,,169140,0,2381,23867,67,119,0,50331825,0x030000B1,wall,,00000177.pro,-1,,0
943,,169228,0,2382,23868,68,119,0,50331824,0x030000B0,wall,,00000176.pro,-1,,0
944,,169316,0,2383,23869,69,119,0,50331823,0x030000AF,wall,,00000175.pro,-1,,0
945,,169404,0,2384,23870,70,119,0,50331822,0x030000AE,wall,,00000174.pro,-1,,0
946,,169492,0,2385,23871,71,119,0,50331831,0x030000B7,wall,,00000183.pro,-1,,0
947,,169580,0,2386,23872,72,119,0,50331830,0x030000B6,wall,,00000182.pro,-1,,0
948,,169668,0,2388,23873,73,119,0,50331829,0x030000B5,wall,,00000181.pro,-1,,0
949,,169756,0,2389,23874,74,119,0,50331828,0x030000B4,wall,,00000180.pro,-1,,0
950,,169844,0,2390,23875,75,119,0,50331827,0x030000B3,wall,,00000179.pro,-1,,0
951,,169932,0,2391,23876,76,119,0,50331826,0x030000B2,wall,,00000178.pro,-1,,0
952,,170020,0,2392,23877,77,119,0,50331825,0x030000B1,wall,,00000177.pro,-1,,0
953,,170108,0,2393,23878,78,119,0,50331824,0x030000B0,wall,,00000176.pro,-1,,0
954,,170196,0,2394,23879,79,119,0,50332299,0x0300028B,wall,,00000651.pro,-1,,0
955,,170284,0,2395,23880,80,119,0,50332269,0x0300026D,wall,,00000621.pro,-1,,0
956,,170372,0,2400,23944,144,119,0,50331842,0x030000C2,wall,,00000194.pro,-1,,0
957,,170460,0,2401,23945,145,119,0,50332270,0x0300026E,wall,,00000622.pro,-1,,0
958,,170548,0,2402,23956,156,119,0,50331880,0x030000E8,wall,,00000232.pro,-1,,0
959,,170636,0,2403,23958,158,119,0,83886092,0x0500000C,misc,,00000012.pro,-1,,0
960,,170724,0,2404,23959,159,119,0,83886092,0x0500000C,misc,,00000012.pro,-1,,0
961,,170812,0,2406,23960,160,119,0,83886092,0x0500000C,misc,,00000012.pro,-1,,0
962,,170900,0,2407,23961,161,119,0,83886092,0x0500000C,misc,,00000012.pro,-1,,0
963,,170988,0,2408,24045,45,120,0,83886092,0x0500000C,misc,,00000012.pro,-1,,0
964,,171076,0,2409,24046,46,120,0,83886092,0x0500000C,misc,,00000012.pro,-1,,0
965,,171164,0,2411,24052,52,120,0,50332269,0x0300026D,wall,,00000621.pro,-1,,0
966,,171252,0,2412,24053,53,120,0,50332270,0x0300026E,wall,,00000622.pro,-1,,0
967,,171340,0,2414,24055,55,120,0,33554569,0x02000089,scenery,generic,00000138.pro,-1,,0
968,,171428,0,2415,24057,57,120,0,50332270,0x0300026E,wall,,00000622.pro,-1,,0
969,,171516,0,2416,24059,59,120,0,50332270,0x0300026E,wall,,00000622.pro,-1,,0
970,,171604,0,2417,24061,61,120,0,33554565,0x02000085,scenery,generic,00000134.pro,-1,,0
971,,171692,0,2418,24063,63,120,0,50332270,0x0300026E,wall,,00000622.pro,-1,,0
972,,171780,0,2419,24065,65,120,0,33554564,0x02000084,scenery,generic,00000133.pro,-1,,0
973,,171868,0,2420,24067,67,120,0,50332270,0x0300026E,wall,,00000622.pro,-1,,0
974,,171956,0,2421,24069,69,120,0,50332270,0x0300026E,wall,,00000622.pro,-1,,0
975,,172044,0,2423,24071,71,120,0,50332270,0x0300026E,wall,,00000622.pro,-1,,0
976,,172132,0,2426,24073,73,120,0,50332270,0x0300026E,wall,,00000622.pro,-1,,0
977,,172220,0,2427,24075,75,120,0,33554566,0x02000086,scenery,generic,00000135.pro,-1,,0
978,,172308,0,2429,24077,77,120,0,33554569,0x02000089,scenery,generic,00000138.pro,-1,,0
979,,172396,0,2430,24079,79,120,0,50332270,0x0300026E,wall,,00000622.pro,-1,,0
980,,172484,0,2431,24080,80,120,0,50332269,0x0300026D,wall,,00000621.pro,-1,,0
981,,172572,0,2441,24144,144,120,0,50332298,0x0300028A,wall,,00000650.pro,-1,,0
982,,172660,0,2442,24145,145,120,0,50332270,0x0300026E,wall,,00000622.pro,-1,,0
983,,172748,0,2443,24146,146,120,0,50332270,0x0300026E,wall,,00000622.pro,-1,,0
984,,172836,0,2444,24156,156,120,0,83886092,0x0500000C,misc,,00000012.pro,-1,,0
985,,172924,0,2445,24156,156,120,0,50331881,0x030000E9,wall,,00000233.pro,-1,,0
986,,173012,0,2446,24157,157,120,0,83886092,0x0500000C,misc,,00000012.pro,-1,,0
987,,173100,0,2447,24158,158,120,0,83886092,0x0500000C,misc,,00000012.pro,-1,,0
988,,173188,0,2448,24159,159,120,0,83886092,0x0500000C,misc,,00000012.pro,-1,,0
989,,173276,0,2451,24246,46,121,0,83886092,0x0500000C,misc,,00000012.pro,-1,,0
990,,173364,0,2454,24252,52,121,0,50331837,0x030000BD,wall,,00000189.pro,-1,,0
991,,173452,0,2455,24253,53,121,0,50332270,0x0300026E,wall,,00000622.pro,-1,,0
992,,173540,0,2463,24261,61,121,0,33554712,0x02000118,scenery,generic,00000281.pro,-1,,0
993,,173628,0,2476,24280,80,121,0,50332269,0x0300026D,wall,,00000621.pro,-1,,0
994,,173716,0,2492,24344,144,121,0,50332269,0x0300026D,wall,,00000621.pro,-1,,0
995,,173804,0,2493,24345,145,121,0,50332269,0x0300026D,wall,,00000621.pro,-1,,0
996,,173892,0,2494,24346,146,121,0,50331874,0x030000E2,wall,,00000226.pro,-1,,0
997,,173980,0,2495,24347,147,121,0,50331877,0x030000E5,wall,,00000229.pro,-1,,0
998,,174068,0,2496,24348,148,121,0,50331874,0x030000E2,wall,,00000226.pro,-1,,0
999,,174156,0,2497,24349,149,121,0,50331877,0x030000E5,wall,,00000229.pro,-1,,0
1000,,174244,0,2498,24350,150,121,0,50331876,0x030000E4,wall,,00000228.pro,-1,,0
1001,,174332,0,2499,24351,151,121,0,50331875,0x030000E3,wall,,00000227.pro,-1,,0
1002,,174420,0,2500,24352,152,121,0,50331874,0x030000E2,wall,,00000226.pro,-1,,0
1003,,174508,0,2501,24353,153,121,0,50331873,0x030000E1,wall,,00000225.pro,-1,,0
1004,,174596,0,2502,24354,154,121,0,83886092,0x0500000C,misc,,00000012.pro,-1,,0
1005,,174684,0,2503,24354,154,121,0,50331872,0x030000E0,wall,,00000224.pro,-1,,0
1006,,174772,0,2504,24355,155,121,0,83886092,0x0500000C,misc,,00000012.pro,-1,,0
1007,,174860,0,2505,24355,155,121,0,50331877,0x030000E5,wall,,00000229.pro,-1,,0
1008,,174948,0,2506,24356,156,121,0,83886092,0x0500000C,misc,,00000012.pro,-1,,0
1009,,175036,0,2507,24356,156,121,0,50332301,0x0300028D,wall,,00000653.pro,-1,,0
1010,,175124,0,2508,24357,157,121,0,83886092,0x0500000C,misc,,00000012.pro,-1,,0
1011,,175212,0,2510,24447,47,122,0,83886092,0x0500000C,misc,,00000012.pro,-1,,0
1012,,175300,0,2512,24452,52,122,0,50331838,0x030000BE,wall,,00000190.pro,-1,,0
1013,,175388,0,2513,24453,53,122,0,50332270,0x0300026E,wall,,00000622.pro,-1,,0
1014,,175476,0,2523,24480,80,122,0,50331878,0x030000E6,wall,,00000230.pro,-1,,0
1015,,175564,0,2535,24552,152,122,0,83886092,0x0500000C,misc,,00000012.pro,-1,,0
1016,,175652,0,2536,24553,153,122,0,83886092,0x0500000C,misc,,00000012.pro,-1,,0
1017,,175740,0,2537,24554,154,122,0,83886092,0x0500000C,misc,,00000012.pro,-1,,0
1018,,175828,0,2538,24555,155,122,0,83886092,0x0500000C,misc,,00000012.pro,-1,,0
1019,,175916,0,2540,24647,47,123,0,83886092,0x0500000C,misc,,00000012.pro,-1,,0
1020,,176004,0,2541,24648,48,123,0,83886092,0x0500000C,misc,,00000012.pro,-1,,0
1021,,176092,0,2543,24652,52,123,0,50331839,0x030000BF,wall,,00000191.pro,-1,,0
1022,,176180,0,2544,24653,53,123,0,50332270,0x0300026E,wall,,00000622.pro,-1,,0
1023,,176268,0,2545,24680,80,123,0,50331879,0x030000E7,wall,,00000231.pro,-1,,0
1024,,176356,0,2559,24750,150,123,0,83886092,0x0500000C,misc,,00000012.pro,-1,,0
1025,,176444,0,2560,24751,151,123,0,83886092,0x0500000C,misc,,00000012.pro,-1,,0
1026,,176532,0,2561,24752,152,123,0,83886092,0x0500000C,misc,,00000012.pro,-1,,0
1027,,176620,0,2562,24753,153,123,0,83886092,0x0500000C,misc,,00000012.pro,-1,,0
1028,,176708,0,2565,24848,48,124,0,83886092,0x0500000C,misc,,00000012.pro,-1,,0
1029,,176796,0,2568,24852,52,124,0,50331840,0x030000C0,wall,,00000192.pro,-1,,0
1030,,176884,0,2569,24853,53,124,0,50332270,0x0300026E,wall,,00000622.pro,-1,,0
1031,,176972,0,2570,24880,80,124,0,50331880,0x030000E8,wall,,00000232.pro,-1,,0
1032,,177060,0,2574,24948,148,124,0,83886092,0x0500000C,misc,,00000012.pro,-1,,0
1033,,177148,0,2575,24949,149,124,0,83886092,0x0500000C,misc,,00000012.pro,-1,,0
1034,,177236,0,2576,24950,150,124,0,83886092,0x0500000C,misc,,00000012.pro,-1,,0
1035,,177324,0,2577,24951,151,124,0,83886092,0x0500000C,misc,,00000012.pro,-1,,0
1036,,177412,0,2582,25049,49,125,0,83886092,0x0500000C,misc,,00000012.pro,-1,,0
1037,,177500,0,2585,25052,52,125,0,50331841,0x030000C1,wall,,00000193.pro,-1,,0
1038,,177588,0,2586,25053,53,125,0,33554567,0x02000087,scenery,generic,00000136.pro,-1,,0
1039,,177676,0,2612,25080,80,125,0,50331881,0x030000E9,wall,,00000233.pro,-1,,0
1040,,177764,0,2619,25146,146,125,0,83886092,0x0500000C,misc,,00000012.pro,-1,,0
1041,,177852,0,2620,25147,147,125,0,83886092,0x0500000C,misc,,00000012.pro,-1,,0
1042,,177940,0,2621,25148,148,125,0,83886092,0x0500000C,misc,,00000012.pro,-1,,0
1043,,178028,0,2622,25149,149,125,0,83886092,0x0500000C,misc,,00000012.pro,-1,,0
1044,,178116,0,2629,25249,49,126,0,83886092,0x0500000C,misc,,00000012.pro,-1,,0
1045,,178204,0,2630,25250,50,126,0,83886092,0x0500000C,misc,,00000012.pro,-1,,0
1046,,178292,0,2632,25252,52,126,0,50332298,0x0300028A,wall,,00000650.pro,-1,,0
1047,,178380,0,2633,25253,53,126,0,50332270,0x0300026E,wall,,00000622.pro,-1,,0
1048,,178468,0,2649,25274,74,126,0,33554711,0x02000117,scenery,generic,00000280.pro,-1,,0
1049,,178556,0,2653,25280,80,126,0,50331878,0x030000E6,wall,,00000230.pro,-1,,0
1050,,178644,0,2659,25344,144,126,0,83886092,0x0500000C,misc,,00000012.pro,-1,,0
1051,,178732,0,2660,25344,144,126,0,83886092,0x0500000C,misc,,00000012.pro,-1,,0
1052,,178820,0,2661,25345,145,126,0,83886092,0x0500000C,misc,,00000012.pro,-1,,0
1053,,178908,0,2662,25346,146,126,0,83886092,0x0500000C,misc,,00000012.pro,-1,,0
1054,,178996,0,2663,25347,147,126,0,83886092,0x0500000C,misc,,00000012.pro,-1,,0
1055,,179084,0,2671,25450,50,127,0,83886092,0x0500000C,misc,,00000012.pro,-1,,0
1056,,179172,0,2673,25452,52,127,0,50332269,0x0300026D,wall,,00000621.pro,-1,,0
1057,,179260,0,2675,25453,53,127,0,50332269,0x0300026D,wall,,00000621.pro,-1,,0
1058,,179348,0,2676,25454,54,127,0,50331876,0x030000E4,wall,,00000228.pro,-1,,0
1059,,179436,0,2678,25455,55,127,0,50331877,0x030000E5,wall,,00000229.pro,-1,,0
1060,,179524,0,2679,25456,56,127,0,50332270,0x0300026E,wall,,00000622.pro,-1,,0
1061,,179612,0,2681,25462,62,127,0,50332300,0x0300028C,wall,,00000652.pro,-1,,0
1062,,179700,0,2683,25463,63,127,0,50331877,0x030000E5,wall,,00000229.pro,-1,,0
1063,,179788,0,2685,25464,64,127,0,50331876,0x030000E4,wall,,00000228.pro,-1,,0
1064,,179876,0,2687,25465,65,127,0,50331875,0x030000E3,wall,,00000227.pro,-1,,0
1065,,179964,0,2689,25466,66,127,0,50331874,0x030000E2,wall,,00000226.pro,-1,,0
1066,,180052,0,2691,25467,67,127,0,50331873,0x030000E1,wall,,00000225.pro,-1,,0
1067,,180140,0,2692,25468,68,127,0,50331872,0x030000E0,wall,,00000224.pro,-1,,0
1068,,180228,0,2693,25469,69,127,0,50331877,0x030000E5,wall,,00000229.pro,-1,,0
1069,,180316,0,2694,25470,70,127,0,50331876,0x030000E4,wall,,00000228.pro,-1,,0
1070,,180404,0,2696,25471,71,127,0,50331875,0x030000E3,wall,,00000227.pro,-1,,0
1071,,180492,0,2697,25472,72,127,0,50331874,0x030000E2,wall,,00000226.pro,-1,,0
1072,,180580,0,2698,25473,73,127,0,50331877,0x030000E5,wall,,00000229.pro,-1,,0
1073,,180668,0,2700,25474,74,127,0,50332270,0x0300026E,wall,,00000622.pro,-1,,0
1074,,180756,0,2702,25480,80,127,0,50331879,0x030000E7,wall,,00000231.pro,-1,,0
1075,,180844,0,2731,25542,142,127,0,83886092,0x0500000C,misc,,00000012.pro,-1,,0
1076,,180932,0,2732,25543,143,127,0,83886092,0x0500000C,misc,,00000012.pro,-1,,0
1077,,181020,0,2733,25544,144,127,0,83886092,0x0500000C,misc,,00000012.pro,-1,,0
1078,,181108,0,2734,25545,145,127,0,83886092,0x0500000C,misc,,00000012.pro,-1,,0
1079,,181196,0,2740,25651,51,128,0,83886092,0x0500000C,misc,,00000012.pro,-1,,0
1080,,181284,0,2743,25655,55,128,0,50332269,0x0300026D,wall,,00000621.pro,-1,,0
1081,,181372,0,2745,25656,56,128,0,50332297,0x03000289,wall,,00000649.pro,-1,,0
1082,,181460,0,2750,25662,62,128,0,50332269,0x0300026D,wall,,00000621.pro,-1,,0
1083,,181548,0,2751,25673,73,128,0,50332269,0x0300026D,wall,,00000621.pro,-1,,0
1084,,181636,0,2752,25674,74,128,0,50332297,0x03000289,wall,,00000649.pro,-1,,0
1085,,181724,0,2753,25675,75,128,0,50332270,0x0300026E,wall,,00000622.pro,-1,,0
1086,,181812,0,2755,25680,80,128,0,50331880,0x030000E8,wall,,00000232.pro,-1,,0
1087,,181900,0,2778,25740,140,128,0,83886092,0x0500000C,misc,,00000012.pro,-1,,0
1088,,181988,0,2779,25741,141,128,0,83886092,0x0500000C,misc,,00000012.pro,-1,,0
1089,,182076,0,2780,25742,142,128,0,83886092,0x0500000C,misc,,00000012.pro,-1,,0
1090,,182164,0,2781,25743,143,128,0,83886092,0x0500000C,misc,,00000012.pro,-1,,0
1091,,182252,0,2787,25851,51,129,0,83886092,0x0500000C,misc,,00000012.pro,-1,,0
1092,,182340,0,2788,25852,52,129,0,83886092,0x0500000C,misc,,00000012.pro,-1,,0
1093,,182428,0,2791,25856,56,129,0,50331839,0x030000BF,wall,,00000191.pro,-1,,0
1094,,182516,0,2793,25862,62,129,0,50331878,0x030000E6,wall,,00000230.pro,-1,,0
1095,,182604,0,2795,25874,74,129,0,50331838,0x030000BE,wall,,00000190.pro,-1,,0
1096,,182692,0,2796,25875,75,129,0,50332270,0x0300026E,wall,,00000622.pro,-1,,0
1097,,182780,0,2799,25880,80,129,0,50331881,0x030000E9,wall,,00000233.pro,-1,,0
1098,,182868,0,2803,25908,108,129,0,83886092,0x0500000C,misc,,00000012.pro,-1,,0
1099,,182956,0,2812,25938,138,129,0,83886092,0x0500000C,misc,,00000012.pro,-1,,0
1100,,183044,0,2813,25939,139,129,0,83886092,0x0500000C,misc,,00000012.pro,-1,,0
1101,,183132,0,2814,25940,140,129,0,83886092,0x0500000C,misc,,00000012.pro,-1,,0
1102,,183220,0,2815,25941,141,129,0,83886092,0x0500000C,misc,,00000012.pro,-1,,0
1103,,183308,0,2821,26052,52,130,0,83886092,0x0500000C,misc,,00000012.pro,-1,,0
1104,,183396,0,2825,26056,56,130,0,50332298,0x0300028A,wall,,00000650.pro,-1,,0
1105,,183484,0,2826,26062,62,130,0,50331879,0x030000E7,wall,,00000231.pro,-1,,0
1106,,183572,0,2828,26074,74,130,0,50331839,0x030000BF,wall,,00000191.pro,-1,,0
1107,,183660,0,2829,26075,75,130,0,50332270,0x0300026E,wall,,00000622.pro,-1,,0
1108,,183748,0,2831,26080,80,130,0,50331878,0x030000E6,wall,,00000230.pro,-1,,0
1109,,183836,0,2833,26106,106,130,0,83886092,0x0500000C,misc,,00000012.pro,-1,,0
1110,,183924,0,2834,26107,107,130,0,83886092,0x0500000C,misc,,00000012.pro,-1,,0
1111,,184012,0,2835,26108,108,130,0,83886092,0x0500000C,misc,,00000012.pro,-1,,0
1112,,184100,0,2836,26109,109,130,0,83886092,0x0500000C,misc,,00000012.pro,-1,,0
1113,,184188,0,2837,26110,110,130,0,83886092,0x0500000C,misc,,00000012.pro,-1,,0
1114,,184276,0,2846,26136,136,130,0,83886092,0x0500000C,misc,,00000012.pro,-1,,0
1115,,184364,0,2848,26137,137,130,0,83886092,0x0500000C,misc,,00000012.pro,-1,,0
1116,,184452,0,2849,26138,138,130,0,83886092,0x0500000C,misc,,00000012.pro,-1,,0
1117,,184540,0,2850,26139,139,130,0,83886092,0x0500000C,misc,,00000012.pro,-1,,0
1118,,184628,0,2857,26253,53,131,0,83886092,0x0500000C,misc,,00000012.pro,-1,,0
1119,,184716,0,2861,26256,56,131,0,50332269,0x0300026D,wall,,00000621.pro,-1,,0
1120,,184804,0,2863,26257,57,131,0,50332269,0x0300026D,wall,,00000621.pro,-1,,0
1121,,184892,0,2865,26258,58,131,0,50331874,0x030000E2,wall,,00000226.pro,-1,,0
1122,,184980,0,2867,26259,59,131,0,50331875,0x030000E3,wall,,00000227.pro,-1,,0
1123,,185068,0,2869,26260,60,131,0,50331876,0x030000E4,wall,,00000228.pro,-1,,0
1124,,185156,0,2871,26261,61,131,0,50331877,0x030000E5,wall,,00000229.pro,-1,,0
1125,,185244,0,2873,26262,62,131,0,50332301,0x0300028D,wall,,00000653.pro,-1,,0
1126,,185332,0,2878,26274,74,131,0,50331840,0x030000C0,wall,,00000192.pro,-1,,0
1127,,185420,0,2879,26275,75,131,0,50332270,0x0300026E,wall,,00000622.pro,-1,,0
1128,,185508,0,2881,26280,80,131,0,50331879,0x030000E7,wall,,00000231.pro,-1,,0
1129,,185596,0,2883,26304,104,131,0,83886092,0x0500000C,misc,,00000012.pro,-1,,0
1130,,185684,0,2884,26305,105,131,0,83886092,0x0500000C,misc,,00000012.pro,-1,,0
1131,,185772,0,2885,26306,106,131,0,83886092,0x0500000C,misc,,00000012.pro,-1,,0
1132,,185860,0,2886,26307,107,131,0,83886092,0x0500000C,misc,,00000012.pro,-1,,0
1133,,185948,0,2887,26310,110,131,0,83886092,0x0500000C,misc,,00000012.pro,-1,,0
1134,,186036,0,2891,26334,134,131,0,83886092,0x0500000C,misc,,00000012.pro,-1,,0
1135,,186124,0,2892,26335,135,131,0,83886092,0x0500000C,misc,,00000012.pro,-1,,0
1136,,186212,0,2893,26336,136,131,0,83886092,0x0500000C,misc,,00000012.pro,-1,,0
1137,,186300,0,2895,26337,137,131,0,83886092,0x0500000C,misc,,00000012.pro,-1,,0
1138,,186388,0,2904,26453,53,132,0,83886092,0x0500000C,misc,,00000012.pro,-1,,0
1139,,186476,0,2905,26454,54,132,0,83886092,0x0500000C,misc,,00000012.pro,-1,,0
1140,,186564,0,2915,26474,74,132,0,50331841,0x030000C1,wall,,00000193.pro,-1,,0
1141,,186652,0,2916,26475,75,132,0,33554561,0x02000081,scenery,generic,00000130.pro,-1,,0
1142,,186740,0,2918,26480,80,132,0,50331880,0x030000E8,wall,,00000232.pro,-1,,0
1143,,186828,0,2919,26502,102,132,0,83886092,0x0500000C,misc,,00000012.pro,-1,,0
1144,,186916,0,2920,26503,103,132,0,83886092,0x0500000C,misc,,00000012.pro,-1,,0
1145,,187004,0,2921,26504,104,132,0,83886092,0x0500000C,misc,,00000012.pro,-1,,0
1146,,187092,0,2922,26505,105,132,0,83886092,0x0500000C,misc,,00000012.pro,-1,,0
1147,,187180,0,2924,26511,111,132,0,83886092,0x0500000C,misc,,00000012.pro,-1,,0
1148,,187268,0,2927,26532,132,132,0,83886092,0x0500000C,misc,,00000012.pro,-1,,0
1149,,187356,0,2928,26533,133,132,0,83886092,0x0500000C,misc,,00000012.pro,-1,,0
1150,,187444,0,2929,26534,134,132,0,83886092,0x0500000C,misc,,00000012.pro,-1,,0
1151,,187532,0,2930,26535,135,132,0,83886092,0x0500000C,misc,,00000012.pro,-1,,0
1152,,187620,0,2937,26654,54,133,0,83886092,0x0500000C,misc,,00000012.pro,-1,,0
1153,,187708,0,2943,26674,74,133,0,50331842,0x030000C2,wall,,00000194.pro,-1,,0
1154,,187796,0,2944,26675,75,133,0,50332270,0x0300026E,wall,,00000622.pro,-1,,0
1155,,187884,0,2946,26680,80,133,0,50331881,0x030000E9,wall,,00000233.pro,-1,,0
1156,,187972,0,2948,26700,100,133,0,83886092,0x0500000C,misc,,00000012.pro,-1,,0
1157,,188060,0,2949,26701,101,133,0,83886092,0x0500000C,misc,,00000012.pro,-1,,0
1158,,188148,0,2950,26702,102,133,0,83886092,0x0500000C,misc,,00000012.pro,-1,,0
1159,,188236,0,2951,26703,103,133,0,83886092,0x0500000C,misc,,00000012.pro,-1,,0
1160,,188324,0,2953,26711,111,133,0,83886092,0x0500000C,misc,,00000012.pro,-1,,0
1161,,188412,0,2954,26712,112,133,0,83886092,0x0500000C,misc,,00000012.pro,-1,,0
1162,,188500,0,2956,26730,130,133,0,83886092,0x0500000C,misc,,00000012.pro,-1,,0
1163,,188588,0,2957,26731,131,133,0,83886092,0x0500000C,misc,,00000012.pro,-1,,0
1164,,188676,0,2958,26732,132,133,0,83886092,0x0500000C,misc,,00000012.pro,-1,,0
1165,,188764,0,2959,26733,133,133,0,83886092,0x0500000C,misc,,00000012.pro,-1,,0
1166,,188852,0,2967,26855,55,134,0,83886092,0x0500000C,misc,,00000012.pro,-1,,0
1167,,188940,0,2969,26874,74,134,0,50331843,0x030000C3,wall,,00000195.pro,-1,,0
1168,,189028,0,2970,26875,75,134,0,50332270,0x0300026E,wall,,00000622.pro,-1,,0
1169,,189116,0,2972,26880,80,134,0,50331878,0x030000E6,wall,,00000230.pro,-1,,0
1170,,189204,0,2973,26898,98,134,0,83886092,0x0500000C,misc,,00000012.pro,-1,,0
1171,,189292,0,2975,26899,99,134,0,83886092,0x0500000C,misc,,00000012.pro,-1,,0
1172,,189380,0,2976,26900,100,134,0,83886092,0x0500000C,misc,,00000012.pro,-1,,0
1173,,189468,0,2977,26901,101,134,0,83886092,0x0500000C,misc,,00000012.pro,-1,,0
1174,,189556,0,2981,26912,112,134,0,83886092,0x0500000C,misc,,00000012.pro,-1,,0
1175,,189644,0,2983,26928,128,134,0,83886092,0x0500000C,misc,,00000012.pro,-1,,0
1176,,189732,0,2984,26929,129,134,0,83886092,0x0500000C,misc,,00000012.pro,-1,,0
1177,,189820,0,2985,26930,130,134,0,83886092,0x0500000C,misc,,00000012.pro,-1,,0
1178,,189908,0,2986,26931,131,134,0,83886092,0x0500000C,misc,,00000012.pro,-1,,0
1179,,189996,0,2993,27055,55,135,0,83886092,0x0500000C,misc,,00000012.pro,-1,,0
1180,,190084,0,2994,27056,56,135,0,83886092,0x0500000C,misc,,00000012.pro,-1,,0
1181,,190172,0,2997,27074,74,135,0,50331844,0x030000C4,wall,,00000196.pro,-1,,0
1182,,190260,0,2998,27075,75,135,0,50332270,0x0300026E,wall,,00000622.pro,-1,,0
1183,,190348,0,3000,27080,80,135,0,50331879,0x030000E7,wall,,00000231.pro,-1,,0
1184,,190436,0,3001,27096,96,135,0,83886092,0x0500000C,misc,,00000012.pro,-1,,0
1185,,190524,0,3002,27097,97,135,0,83886092,0x0500000C,misc,,00000012.pro,-1,,0
1186,,190612,0,3003,27098,98,135,0,83886092,0x0500000C,misc,,00000012.pro,-1,,0
1187,,190700,0,3005,27099,99,135,0,83886092,0x0500000C,misc,,00000012.pro,-1,,0
1188,,190788,0,3008,27113,113,135,0,83886092,0x0500000C,misc,,00000012.pro,-1,,0
1189,,190876,0,3010,27126,126,135,0,83886092,0x0500000C,misc,,00000012.pro,-1,,0
1190,,190964,0,3011,27127,127,135,0,83886092,0x0500000C,misc,,00000012.pro,-1,,0
1191,,191052,0,3012,27128,128,135,0,83886092,0x0500000C,misc,,00000012.pro,-1,,0
1192,,191140,0,3014,27129,129,135,0,83886092,0x0500000C,misc,,00000012.pro,-1,,0
1193,,191228,0,3022,27256,56,136,0,83886092,0x0500000C,misc,,00000012.pro,-1,,0
1194,,191316,0,3027,27274,74,136,0,50331845,0x030000C5,wall,,00000197.pro,-1,,0
1195,,191404,0,3028,27275,75,136,0,50332270,0x0300026E,wall,,00000622.pro,-1,,0
1196,,191492,0,3030,27280,80,136,0,50331880,0x030000E8,wall,,00000232.pro,-1,,0
1197,,191580,0,3033,27294,94,136,0,83886092,0x0500000C,misc,,00000012.pro,-1,,0
1198,,191668,0,3034,27295,95,136,0,83886092,0x0500000C,misc,,00000012.pro,-1,,0
1199,,191756,0,3035,27296,96,136,0,83886092,0x0500000C,misc,,00000012.pro,-1,,0
1200,,191844,0,3036,27297,97,136,0,83886092,0x0500000C,misc,,00000012.pro,-1,,0
1201,,191932,0,3039,27313,113,136,0,83886092,0x0500000C,misc,,00000012.pro,-1,,0
1202,,192020,0,3040,27314,114,136,0,83886092,0x0500000C,misc,,00000012.pro,-1,,0
1203,,192108,0,3042,27324,124,136,0,83886092,0x0500000C,misc,,00000012.pro,-1,,0
1204,,192196,0,3043,27325,125,136,0,83886092,0x0500000C,misc,,00000012.pro,-1,,0
1205,,192284,0,3044,27326,126,136,0,83886092,0x0500000C,misc,,00000012.pro,-1,,0
1206,,192372,0,3045,27327,127,136,0,83886092,0x0500000C,misc,,00000012.pro,-1,,0
1207,,192460,0,3054,27457,57,137,0,83886092,0x0500000C,misc,,00000012.pro,-1,,0
1208,,192548,0,3057,27470,70,137,0,50332294,0x03000286,wall,,00000646.pro,-1,,0
1209,,192636,0,3058,27471,71,137,0,50331829,0x030000B5,wall,,00000181.pro,-1,,0
1210,,192724,0,3059,27472,72,137,0,50331828,0x030000B4,wall,,00000180.pro,-1,,0
1211,,192812,0,3060,27473,73,137,0,50331827,0x030000B3,wall,,00000179.pro,-1,,0
1212,,192900,0,3061,27474,74,137,0,50332295,0x03000287,wall,,00000647.pro,-1,,0
1213,,192988,0,3062,27475,75,137,0,33554563,0x02000083,scenery,generic,00000132.pro,-1,,0
1214,,193076,0,3064,27480,80,137,0,50332296,0x03000288,wall,,00000648.pro,-1,,0
1215,,193164,0,3065,27481,81,137,0,50331829,0x030000B5,wall,,00000181.pro,-1,,0
1216,,193252,0,3067,27482,82,137,0,50331828,0x030000B4,wall,,00000180.pro,-1,,0
1217,,193340,0,3068,27483,83,137,0,50332299,0x0300028B,wall,,00000651.pro,-1,,0
1218,,193428,0,3069,27484,84,137,0,50332269,0x0300026D,wall,,00000621.pro,-1,,0
1219,,193516,0,3070,27492,92,137,0,83886092,0x0500000C,misc,,00000012.pro,-1,,0
1220,,193604,0,3071,27493,93,137,0,83886092,0x0500000C,misc,,00000012.pro,-1,,0
1221,,193692,0,3072,27494,94,137,0,83886092,0x0500000C,misc,,00000012.pro,-1,,0
1222,,193780,0,3073,27495,95,137,0,83886092,0x0500000C,misc,,00000012.pro,-1,,0
1223,,193868,0,3075,27514,114,137,0,83886092,0x0500000C,misc,,00000012.pro,-1,,0
1224,,193956,0,3077,27522,122,137,0,83886092,0x0500000C,misc,,00000012.pro,-1,,0
1225,,194044,0,3078,27523,123,137,0,83886092,0x0500000C,misc,,00000012.pro,-1,,0
1226,,194132,0,3079,27524,124,137,0,83886092,0x0500000C,misc,,00000012.pro,-1,,0
1227,,194220,0,3080,27525,125,137,0,83886092,0x0500000C,misc,,00000012.pro,-1,,0
1228,,194308,0,3094,27657,57,138,0,83886092,0x0500000C,misc,,00000012.pro,-1,,0
1229,,194396,0,3095,27658,58,138,0,83886092,0x0500000C,misc,,00000012.pro,-1,,0
1230,,194484,0,3098,27670,70,138,0,50332269,0x0300026D,wall,,00000621.pro,-1,,0
1231,,194572,0,3099,27671,71,138,0,50332270,0x0300026E,wall,,00000622.pro,-1,,0
1232,,194660,0,3100,27673,73,138,0,50332270,0x0300026E,wall,,00000622.pro,-1,,0
1233,,194748,0,3104,27684,84,138,0,50332269,0x0300026D,wall,,00000621.pro,-1,,0
1234,,194836,0,3105,27690,90,138,0,83886092,0x0500000C,misc,,00000012.pro,-1,,0
1235,,194924,0,3106,27691,91,138,0,83886092,0x0500000C,misc,,00000012.pro,-1,,0
1236,,195012,0,3107,27692,92,138,0,83886092,0x0500000C,misc,,00000012.pro,-1,,0
1237,,195100,0,3108,27693,93,138,0,83886092,0x0500000C,misc,,00000012.pro,-1,,0
1238,,195188,0,3110,27715,115,138,0,83886092,0x0500000C,misc,,00000012.pro,-1,,0
1239,,195276,0,3111,27720,120,138,0,83886092,0x0500000C,misc,,00000012.pro,-1,,0
1240,,195364,0,3112,27720,120,138,0,83886092,0x0500000C,misc,,00000012.pro,-1,,0
1241,,195452,0,3114,27721,121,138,0,83886092,0x0500000C,misc,,00000012.pro,-1,,0
1242,,195540,0,3115,27722,122,138,0,83886092,0x0500000C,misc,,00000012.pro,-1,,0
1243,,195628,0,3116,27723,123,138,0,83886092,0x0500000C,misc,,00000012.pro,-1,,0
1244,,195716,0,3135,27858,58,139,0,83886092,0x0500000C,misc,,00000012.pro,-1,,0
1245,,195804,0,3150,27870,70,139,0,50331837,0x030000BD,wall,,00000189.pro,-1,,0
1246,,195892,0,3152,27871,71,139,0,50332270,0x0300026E,wall,,00000622.pro,-1,,0
1247,,195980,0,3161,27884,84,139,0,50332269,0x0300026D,wall,,00000621.pro,-1,,0
1248,,196068,0,3162,27888,88,139,0,83886092,0x0500000C,misc,,00000012.pro,-1,,0
1249,,196156,0,3163,27889,89,139,0,83886092,0x0500000C,misc,,00000012.pro,-1,,0
1250,,196244,0,3164,27890,90,139,0,83886092,0x0500000C,misc,,00000012.pro,-1,,0
1251,,196332,0,3165,27891,91,139,0,83886092,0x0500000C,misc,,00000012.pro,-1,,0
1252,,196420,0,3173,27915,115,139,0,83886092,0x0500000C,misc,,00000012.pro,-1,,0
1253,,196508,0,3175,27916,116,139,0,83886092,0x0500000C,misc,,00000012.pro,-1,,0
1254,,196596,0,3178,27918,118,139,0,83886092,0x0500000C,misc,,00000012.pro,-1,,0
1255,,196684,0,3180,27919,119,139,0,83886092,0x0500000C,misc,,00000012.pro,-1,,0
1256,,196772,0,3182,27920,120,139,0,83886092,0x0500000C,misc,,00000012.pro,-1,,0
1257,,196860,0,3184,27921,121,139,0,83886092,0x0500000C,misc,,00000012.pro,-1,,0
1258,,196948,0,3208,28059,59,140,0,83886092,0x0500000C,misc,,00000012.pro,-1,,0
1259,,197036,0,3219,28070,70,140,0,50331838,0x030000BE,wall,,00000190.pro,-1,,0
1260,,197124,0,3220,28071,71,140,0,50332270,0x0300026E,wall,,00000622.pro,-1,,0
1261,,197212,0,3227,28084,84,140,0,50331879,0x030000E7,wall,,00000231.pro,-1,,0
1262,,197300,0,3228,28086,86,140,0,83886092,0x0500000C,misc,,00000012.pro,-1,,0
1263,,197388,0,3229,28087,87,140,0,83886092,0x0500000C,misc,,00000012.pro,-1,,0
1264,,197476,0,3230,28087,87,140,0,83886092,0x0500000C,misc,,00000012.pro,-1,,0
1265,,197564,0,3231,28088,88,140,0,83886092,0x0500000C,misc,,00000012.pro,-1,,0
1266,,197652,0,3232,28088,88,140,0,83886092,0x0500000C,misc,,00000012.pro,-1,,0
1267,,197740,0,3233,28088,88,140,0,83886092,0x0500000C,misc,,00000012.pro,-1,,0
1268,,197828,0,3234,28089,89,140,0,83886092,0x0500000C,misc,,00000012.pro,-1,,0
1269,,197916,0,3241,28116,116,140,0,83886092,0x0500000C,misc,,00000012.pro,-1,,0
1270,,198004,0,3242,28117,117,140,0,83886092,0x0500000C,misc,,00000012.pro,-1,,0
1271,,198092,0,3244,28118,118,140,0,83886092,0x0500000C,misc,,00000012.pro,-1,,0
1272,,198180,0,3245,28119,119,140,0,83886092,0x0500000C,misc,,00000012.pro,-1,,0
1273,,198268,0,3262,28259,59,141,0,83886092,0x0500000C,misc,,00000012.pro,-1,,0
1274,,198356,0,3264,28260,60,141,0,83886092,0x0500000C,misc,,00000012.pro,-1,,0
1275,,198444,0,3269,28270,70,141,0,50331839,0x030000BF,wall,,00000191.pro,-1,,0
1276,,198532,0,3270,28271,71,141,0,50332270,0x0300026E,wall,,00000622.pro,-1,,0
1277,,198620,0,3274,28284,84,141,0,83886092,0x0500000C,misc,,00000012.pro,-1,,0
1278,,198708,0,3275,28284,84,141,0,50331880,0x030000E8,wall,,00000232.pro,-1,,0
1279,,198796,0,3276,28285,85,141,0,83886092,0x0500000C,misc,,00000012.pro,-1,,0
1280,,198884,0,3277,28286,86,141,0,83886092,0x0500000C,misc,,00000012.pro,-1,,0
1281,,198972,0,3278,28287,87,141,0,83886092,0x0500000C,misc,,00000012.pro,-1,,0
1282,,199060,0,3282,28317,117,141,0,83886092,0x0500000C,misc,,00000012.pro,-1,,0
1283,,199148,0,3294,28460,60,142,0,83886092,0x0500000C,misc,,00000012.pro,-1,,0
1284,,199236,0,3297,28470,70,142,0,50331840,0x030000C0,wall,,00000192.pro,-1,,0
1285,,199324,0,3298,28471,71,142,0,50332270,0x0300026E,wall,,00000622.pro,-1,,0
1286,,199412,0,3300,28482,82,142,0,83886092,0x0500000C,misc,,00000012.pro,-1,,0
1287,,199500,0,3301,28483,83,142,0,83886092,0x0500000C,misc,,00000012.pro,-1,,0
1288,,199588,0,3302,28483,83,142,0,83886092,0x0500000C,misc,,00000012.pro,-1,,0
1289,,199676,0,3303,28484,84,142,0,83886092,0x0500000C,misc,,00000012.pro,-1,,0
1290,,199764,0,3304,28484,84,142,0,50331881,0x030000E9,wall,,00000233.pro,-1,,0
1291,,199852,0,3305,28485,85,142,0,83886092,0x0500000C,misc,,00000012.pro,-1,,0
1292,,199940,0,3312,28661,61,143,0,83886092,0x0500000C,misc,,00000012.pro,-1,,0
1293,,200028,0,3314,28670,70,143,0,50331841,0x030000C1,wall,,00000193.pro,-1,,0
1294,,200116,0,3315,28671,71,143,0,33554567,0x02000087,scenery,generic,00000136.pro,-1,,0
1295,,200204,0,3316,28674,74,143,0,33554710,0x02000116,scenery,generic,00000279.pro,-1,,0
1296,,200292,0,3317,28680,80,143,0,83886092,0x0500000C,misc,,00000012.pro,-1,,0
1297,,200380,0,3318,28681,81,143,0,83886092,0x0500000C,misc,,00000012.pro,-1,,0
1298,,200468,0,3319,28682,82,143,0,83886092,0x0500000C,misc,,00000012.pro,-1,,0
1299,,200556,0,3320,28683,83,143,0,83886092,0x0500000C,misc,,00000012.pro,-1,,0
1300,,200644,0,3321,28684,84,143,0,50331878,0x030000E6,wall,,00000230.pro,-1,,0
1301,,200732,0,3326,28861,61,144,0,83886092,0x0500000C,misc,,00000012.pro,-1,,0
1302,,200820,0,3327,28862,62,144,0,83886092,0x0500000C,misc,,00000012.pro,-1,,0
1303,,200908,0,3329,28870,70,144,0,50332298,0x0300028A,wall,,00000650.pro,-1,,0
1304,,200996,0,3330,28871,71,144,0,50332270,0x0300026E,wall,,00000622.pro,-1,,0
1305,,201084,0,3331,28878,78,144,0,83886092,0x0500000C,misc,,00000012.pro,-1,,0
1306,,201172,0,3332,28879,79,144,0,83886092,0x0500000C,misc,,00000012.pro,-1,,0
1307,,201260,0,3333,28880,80,144,0,83886092,0x0500000C,misc,,00000012.pro,-1,,0
1308,,201348,0,3334,28881,81,144,0,83886092,0x0500000C,misc,,00000012.pro,-1,,0
1309,,201436,0,3335,28884,84,144,0,50331879,0x030000E7,wall,,00000231.pro,-1,,0
1310,,201524,0,3340,29062,62,145,0,83886092,0x0500000C,misc,,00000012.pro,-1,,0
1311,,201612,0,3343,29070,70,145,0,50332269,0x0300026D,wall,,00000621.pro,-1,,0
1312,,201700,0,3344,29071,71,145,0,50332270,0x0300026E,wall,,00000622.pro,-1,,0
1313,,201788,0,3345,29072,72,145,0,50331872,0x030000E0,wall,,00000224.pro,-1,,0
1314,,201876,0,3346,29073,73,145,0,50331875,0x030000E3,wall,,00000227.pro,-1,,0
1315,,201964,0,3347,29074,74,145,0,50332270,0x0300026E,wall,,00000622.pro,-1,,0
1316,,202052,0,3348,29076,76,145,0,83886092,0x0500000C,misc,,00000012.pro,-1,,0
1317,,202140,0,3349,29077,77,145,0,83886092,0x0500000C,misc,,00000012.pro,-1,,0
1318,,202228,0,3350,29078,78,145,0,83886092,0x0500000C,misc,,00000012.pro,-1,,0
1319,,202316,0,3351,29079,79,145,0,83886092,0x0500000C,misc,,00000012.pro,-1,,0
1320,,202404,0,3352,29080,80,145,0,50332300,0x0300028C,wall,,00000652.pro,-1,,0
1321,,202492,0,3353,29081,81,145,0,50331875,0x030000E3,wall,,00000227.pro,-1,,0
1322,,202580,0,3354,29082,82,145,0,50331872,0x030000E0,wall,,00000224.pro,-1,,0
1323,,202668,0,3355,29083,83,145,0,50331875,0x030000E3,wall,,00000227.pro,-1,,0
1324,,202756,0,3356,29084,84,145,0,50332301,0x0300028D,wall,,00000653.pro,-1,,0
1325,,202844,0,3361,29263,63,146,0,83886092,0x0500000C,misc,,00000012.pro,-1,,0
1326,,202932,0,3363,29271,71,146,0,50332269,0x0300026D,wall,,00000621.pro,-1,,0
1327,,203020,0,3364,29273,73,146,0,50332269,0x0300026D,wall,,00000621.pro,-1,,0
1328,,203108,0,3365,29274,74,146,0,83886092,0x0500000C,misc,,00000012.pro,-1,,0
1329,,203196,0,3366,29274,74,146,0,50332297,0x03000289,wall,,00000649.pro,-1,,0
1330,,203284,0,3367,29275,75,146,0,50332270,0x0300026E,wall,,00000622.pro,-1,,0
1331,,203372,0,3368,29275,75,146,0,83886092,0x0500000C,misc,,00000012.pro,-1,,0
1332,,203460,0,3369,29276,76,146,0,83886092,0x0500000C,misc,,00000012.pro,-1,,0
1333,,203548,0,3370,29277,77,146,0,83886092,0x0500000C,misc,,00000012.pro,-1,,0
1334,,203636,0,3371,29280,80,146,0,50332269,0x0300026D,wall,,00000621.pro,-1,,0
1335,,203724,0,3376,29463,63,147,0,83886092,0x0500000C,misc,,00000012.pro,-1,,0
1336,,203812,0,3377,29464,64,147,0,83886092,0x0500000C,misc,,00000012.pro,-1,,0
1337,,203900,0,3379,29472,72,147,0,83886092,0x0500000C,misc,,00000012.pro,-1,,0
1338,,203988,0,3380,29473,73,147,0,83886092,0x0500000C,misc,,00000012.pro,-1,,0
1339,,204076,0,3381,29474,74,147,0,83886092,0x0500000C,misc,,00000012.pro,-1,,0
1340,,204164,0,3382,29474,74,147,0,50331838,0x030000BE,wall,,00000190.pro,-1,,0
1341,,204252,0,3383,29475,75,147,0,50332270,0x0300026E,wall,,00000622.pro,-1,,0
1342,,204340,0,3384,29475,75,147,0,83886092,0x0500000C,misc,,00000012.pro,-1,,0
1343,,204428,0,3385,29480,80,147,0,50331879,0x030000E7,wall,,00000231.pro,-1,,0
1344,,204516,0,3391,29664,64,148,0,83886092,0x0500000C,misc,,00000012.pro,-1,,0
1345,,204604,0,3394,29670,70,148,0,83886092,0x0500000C,misc,,00000012.pro,-1,,0
1346,,204692,0,3395,29671,71,148,0,83886092,0x0500000C,misc,,00000012.pro,-1,,0
1347,,204780,0,3396,29672,72,148,0,83886092,0x0500000C,misc,,00000012.pro,-1,,0
1348,,204868,0,3397,29673,73,148,0,83886092,0x0500000C,misc,,00000012.pro,-1,,0
1349,,204956,0,3398,29673,73,148,0,83886092,0x0500000C,misc,,00000012.pro,-1,,0
1350,,205044,0,3399,29674,74,148,0,50331839,0x030000BF,wall,,00000191.pro,-1,,0
1351,,205132,0,3400,29675,75,148,0,50332270,0x0300026E,wall,,00000622.pro,-1,,0
1352,,205220,0,3401,29680,80,148,0,50331880,0x030000E8,wall,,00000232.pro,-1,,0
1353,,205308,0,3406,29865,65,149,0,83886092,0x0500000C,misc,,00000012.pro,-1,,0
1354,,205396,0,3408,29868,68,149,0,83886092,0x0500000C,misc,,00000012.pro,-1,,0
1355,,205484,0,3409,29869,69,149,0,83886092,0x0500000C,misc,,00000012.pro,-1,,0
1356,,205572,0,3410,29870,70,149,0,83886092,0x0500000C,misc,,00000012.pro,-1,,0
1357,,205660,0,3411,29871,71,149,0,83886092,0x0500000C,misc,,00000012.pro,-1,,0
1358,,205748,0,3412,29874,74,149,0,50331840,0x030000C0,wall,,00000192.pro,-1,,0
1359,,205836,0,3413,29875,75,149,0,50332270,0x0300026E,wall,,00000622.pro,-1,,0
1360,,205924,0,3414,29880,80,149,0,50331881,0x030000E9,wall,,00000233.pro,-1,,0
1361,,206012,0,3419,30065,65,150,0,83886092,0x0500000C,misc,,00000012.pro,-1,,0
1362,,206100,0,3420,30066,66,150,0,83886092,0x0500000C,misc,,00000012.pro,-1,,0
1363,,206188,0,3421,30067,67,150,0,83886092,0x0500000C,misc,,00000012.pro,-1,,0
1364,,206276,0,3423,30068,68,150,0,83886092,0x0500000C,misc,,00000012.pro,-1,,0
1365,,206364,0,3424,30069,69,150,0,83886092,0x0500000C,misc,,00000012.pro,-1,,0
1366,,206452,0,3425,30074,74,150,0,50331841,0x030000C1,wall,,00000193.pro,-1,,0
1367,,206540,0,3426,30075,75,150,0,50332270,0x0300026E,wall,,00000622.pro,-1,,0
1368,,206628,0,3427,30080,80,150,0,50331878,0x030000E6,wall,,00000230.pro,-1,,0
1369,,206716,0,3432,30266,66,151,0,83886092,0x0500000C,misc,,00000012.pro,-1,,0
1370,,206804,0,3433,30267,67,151,0,83886092,0x0500000C,misc,,00000012.pro,-1,,0
1371,,206892,0,3436,30274,74,151,0,50331842,0x030000C2,wall,,00000194.pro,-1,,0
1372,,206980,0,3437,30275,75,151,0,33554562,0x02000082,scenery,generic,00000131.pro,-1,,0
1373,,207068,0,3438,30280,80,151,0,50331879,0x030000E7,wall,,00000231.pro,-1,,0
1374,,207156,0,3445,30474,74,152,0,50331843,0x030000C3,wall,,00000195.pro,-1,,0
1375,,207244,0,3446,30475,75,152,0,50332270,0x0300026E,wall,,00000622.pro,-1,,0
1376,,207332,0,3447,30480,80,152,0,50331880,0x030000E8,wall,,00000232.pro,-1,,0
1377,,207420,0,3455,30674,74,153,0,50331844,0x030000C4,wall,,00000196.pro,-1,,0
1378,,207508,0,3456,30675,75,153,0,50332270,0x0300026E,wall,,00000622.pro,-1,,0
1379,,207596,0,3457,30680,80,153,0,50331881,0x030000E9,wall,,00000233.pro,-1,,0
1380,,207684,0,3469,30874,74,154,0,50331845,0x030000C5,wall,,00000197.pro,-1,,0
1381,,207772,0,3470,30875,75,154,0,50332270,0x0300026E,wall,,00000622.pro,-1,,0
1382,,207860,0,3471,30875,75,154,0,83886102,0x05000016,misc,,00000022.pro,-1,,0
1383,,207964,0,3472,30876,76,154,0,83886102,0x05000016,misc,,00000022.pro,-1,,0
1384,,208068,0,3473,30877,77,154,0,83886102,0x05000016,misc,,00000022.pro,-1,,0
1385,,208172,0,3474,30878,78,154,0,33554481,0x02000031,scenery,generic,00000050.pro,-1,,0
1386,,208260,0,3475,30878,78,154,0,83886102,0x05000016,misc,,00000022.pro,-1,,0
1387,,208364,0,3476,30879,79,154,0,83886102,0x05000016,misc,,00000022.pro,-1,,0
1388,,208468,0,3477,30880,80,154,0,50331878,0x030000E6,wall,,00000230.pro,-1,,0
1389,,208556,0,3485,31074,74,155,0,50331837,0x030000BD,wall,,00000189.pro,-1,,0
1390,,208644,0,3486,31075,75,155,0,50332270,0x0300026E,wall,,00000622.pro,-1,,0
1391,,208732,0,3487,31077,77,155,0,33554481,0x02000031,scenery,generic,00000050.pro,-1,,0
1392,,208820,0,3488,31080,80,155,0,50331879,0x030000E7,wall,,00000231.pro,-1,,0
1393,,208908,0,3494,31274,74,156,0,50331838,0x030000BE,wall,,00000190.pro,-1,,0
1394,,208996,0,3495,31275,75,156,0,50332270,0x0300026E,wall,,00000622.pro,-1,,0
1395,,209084,0,3496,31278,78,156,0,33554481,0x02000031,scenery,generic,00000050.pro,-1,,0
1396,,209172,0,3497,31280,80,156,0,50331880,0x030000E8,wall,,00000232.pro,-1,,0
1397,,209260,0,3505,31474,74,157,0,50331839,0x030000BF,wall,,00000191.pro,-1,,0
1398,,209348,0,3506,31475,75,157,0,33554563,0x02000083,scenery,generic,00000132.pro,-1,,0
1399,,209436,0,3507,31477,77,157,0,33554481,0x02000031,scenery,generic,00000050.pro,-1,,0
1400,,209524,0,3508,31480,80,157,0,50331881,0x030000E9,wall,,00000233.pro,-1,,0
1401,,209612,0,3517,31674,74,158,0,50331840,0x030000C0,wall,,00000192.pro,-1,,0
1402,,209700,0,3518,31675,75,158,0,50332270,0x0300026E,wall,,00000622.pro,-1,,0
1403,,209788,0,3519,31675,75,158,0,83886102,0x05000016,misc,,00000022.pro,-1,,0
1404,,209892,0,3520,31677,77,158,0,83886102,0x05000016,misc,,00000022.pro,-1,,0
1405,,209996,0,3521,31679,79,158,0,83886102,0x05000016,misc,,00000022.pro,-1,,0
1406,,210100,0,3522,31680,80,158,0,50331878,0x030000E6,wall,,00000230.pro,-1,,0
1407,,210188,0,3530,31874,74,159,0,50331839,0x030000BF,wall,,00000191.pro,-1,,0
1408,,210276,0,3531,31875,75,159,0,50332270,0x0300026E,wall,,00000622.pro,-1,,0
1409,,210364,0,3532,31880,80,159,0,50331879,0x030000E7,wall,,00000231.pro,-1,,0
1410,,210452,0,3539,32074,74,160,0,50331840,0x030000C0,wall,,00000192.pro,-1,,0
1411,,210540,0,3541,32075,75,160,0,50332270,0x0300026E,wall,,00000622.pro,-1,,0
1412,,210628,0,3542,32080,80,160,0,50331878,0x030000E6,wall,,00000230.pro,-1,,0
1413,,210716,0,3547,32274,74,161,0,50331841,0x030000C1,wall,,00000193.pro,-1,,0
1414,,210804,0,3549,32275,75,161,0,50332270,0x0300026E,wall,,00000622.pro,-1,,0
1415,,210892,0,3550,32280,80,161,0,50331879,0x030000E7,wall,,00000231.pro,-1,,0
1416,,210980,0,3555,32474,74,162,0,50331842,0x030000C2,wall,,00000194.pro,-1,,0
1417,,211068,0,3556,32475,75,162,0,50332270,0x0300026E,wall,,00000622.pro,-1,,0
1418,,211156,0,3558,32480,80,162,0,50331880,0x030000E8,wall,,00000232.pro,-1,,0
1419,,211244,0,3563,32674,74,163,0,50331843,0x030000C3,wall,,00000195.pro,-1,,0
1420,,211332,0,3564,32675,75,163,0,50332270,0x0300026E,wall,,00000622.pro,-1,,0
1421,,211420,0,3567,32680,80,163,0,50331881,0x030000E9,wall,,00000233.pro,-1,,0
1422,,211508,0,3572,32874,74,164,0,50331844,0x030000C4,wall,,00000196.pro,-1,,0
1423,,211596,0,3573,32875,75,164,0,50332270,0x0300026E,wall,,00000622.pro,-1,,0
1424,,211684,0,3575,32880,80,164,0,50331878,0x030000E6,wall,,00000230.pro,-1,,0
1425,,211772,0,3580,33074,74,165,0,50331845,0x030000C5,wall,,00000197.pro,-1,,0
1426,,211860,0,3581,33075,75,165,0,50332270,0x0300026E,wall,,00000622.pro,-1,,0
1427,,211948,0,3582,33080,80,165,0,50331879,0x030000E7,wall,,00000231.pro,-1,,0
1428,,212036,0,3587,33274,74,166,0,50331837,0x030000BD,wall,,00000189.pro,-1,,0
1429,,212124,0,3588,33275,75,166,0,50332270,0x0300026E,wall,,00000622.pro,-1,,0
1430,,212212,0,3589,33280,80,166,0,50331880,0x030000E8,wall,,00000232.pro,-1,,0
1431,,212300,0,3591,33474,74,167,0,50331838,0x030000BE,wall,,00000190.pro,-1,,0
1432,,212388,0,3592,33475,75,167,0,50332270,0x0300026E,wall,,00000622.pro,-1,,0
1433,,212476,0,3593,33480,80,167,0,50331881,0x030000E9,wall,,00000233.pro,-1,,0
1434,,212564,0,3594,33674,74,168,0,50331839,0x030000BF,wall,,00000191.pro,-1,,0
1435,,212652,0,3595,33675,75,168,0,50332270,0x0300026E,wall,,00000622.pro,-1,,0
1436,,212740,0,3596,33676,76,168,0,33554776,0x02000158,scenery,generic,00000345.pro,-1,,0
1437,,212828,0,3597,33678,78,168,0,33554776,0x02000158,scenery,generic,00000345.pro,-1,,0
1438,,212916,0,3598,33680,80,168,0,50331878,0x030000E6,wall,,00000230.pro,-1,,0
1439,,213004,0,3599,33874,74,169,0,50331840,0x030000C0,wall,,00000192.pro,-1,,0
1440,,213092,0,3600,33875,75,169,0,50332270,0x0300026E,wall,,00000622.pro,-1,,0
1441,,213180,0,3601,33877,77,169,0,33554776,0x02000158,scenery,generic,00000345.pro,-1,,0
1442,,213268,0,3602,33879,79,169,0,33554776,0x02000158,scenery,generic,00000345.pro,-1,,0
1443,,213356,0,3603,33880,80,169,0,50331879,0x030000E7,wall,,00000231.pro,-1,,0
1444,,213444,0,3604,34074,74,170,0,50331841,0x030000C1,wall,,00000193.pro,-1,,0
1445,,213532,0,3605,34080,80,170,0,50331880,0x030000E8,wall,,00000232.pro,-1,,0
1446,,213624,1,25,6113,113,30,0,83886100,0x05000014,misc,,00000020.pro,-1,,0
1447,,213728,1,26,6313,113,31,0,83886100,0x05000014,misc,,00000020.pro,-1,,0
1448,,213832,1,27,6513,113,32,0,83886100,0x05000014,misc,,00000020.pro,-1,,0
1449,,213936,1,28,6514,114,32,0,33554481,0x02000031,scenery,generic,00000050.pro,-1,,0
1450,,214024,1,29,6713,113,33,0,83886100,0x05000014,misc,,00000020.pro,-1,,0
1451,,214128,1,30,6898,98,34,0,83886092,0x0500000C,misc,,00000012.pro,-1,,0
1452,,214216,1,31,6913,113,34,0,83886100,0x05000014,misc,,00000020.pro,-1,,0
1453,,214320,1,32,7096,96,35,0,83886092,0x0500000C,misc,,00000012.pro,-1,,0
1454,,214408,1,33,7097,97,35,0,83886092,0x0500000C,misc,,00000012.pro,-1,,0
1455,,214496,1,34,7098,98,35,0,83886092,0x0500000C,misc,,00000012.pro,-1,,0
1456,,214584,1,35,7099,99,35,0,83886092,0x0500000C,misc,,00000012.pro,-1,,0
1457,,214672,1,36,7113,113,35,0,83886100,0x05000014,misc,,00000020.pro,-1,,0
1458,,214776,1,37,7294,94,36,0,83886092,0x0500000C,misc,,00000012.pro,-1,,0
1459,,214864,1,38,7295,95,36,0,83886092,0x0500000C,misc,,00000012.pro,-1,,0
1460,,214952,1,39,7296,96,36,0,83886092,0x0500000C,misc,,00000012.pro,-1,,0
1461,,215040,1,40,7297,97,36,0,83886092,0x0500000C,misc,,00000012.pro,-1,,0
1462,,215128,1,41,7302,102,36,0,33554557,0x0200007D,scenery,generic,00000126.pro,-1,,0
1463,,215216,1,42,7313,113,36,0,83886100,0x05000014,misc,,00000020.pro,-1,,0
1464,,215320,1,43,7314,114,36,0,33554481,0x02000031,scenery,generic,00000050.pro,-1,,0
1465,,215408,1,44,7492,92,37,0,83886092,0x0500000C,misc,,00000012.pro,-1,,0
1466,,215496,1,45,7493,93,37,0,83886092,0x0500000C,misc,,00000012.pro,-1,,0
1467,,215584,1,46,7494,94,37,0,83886092,0x0500000C,misc,,00000012.pro,-1,,0
1468,,215672,1,47,7495,95,37,0,83886092,0x0500000C,misc,,00000012.pro,-1,,0
1469,,215760,1,48,7513,113,37,0,83886096,0x05000010,misc,,00000016.pro,-1,,0
1470,,215864,1,49,7514,114,37,0,83886096,0x05000010,misc,,00000016.pro,-1,,0
1471,,215968,1,50,7644,44,38,0,33554536,0x02000068,scenery,generic,00000105.pro,-1,,0
1472,,216056,1,51,7654,54,38,0,50332282,0x0300027A,wall,,00000634.pro,-1,,0
1473,,216144,1,52,7671,71,38,0,33554535,0x02000067,scenery,generic,00000104.pro,-1,,0
1474,,216232,1,53,7690,90,38,0,83886092,0x0500000C,misc,,00000012.pro,-1,,0
1475,,216320,1,54,7690,90,38,0,33554534,0x02000066,scenery,generic,00000103.pro,-1,,0
1476,,216408,1,55,7691,91,38,0,83886092,0x0500000C,misc,,00000012.pro,-1,,0
1477,,216496,1,56,7692,92,38,0,83886092,0x0500000C,misc,,00000012.pro,-1,,0
1478,,216584,1,57,7693,93,38,0,83886092,0x0500000C,misc,,00000012.pro,-1,,0
1479,,216672,1,58,7705,105,38,0,83886092,0x0500000C,misc,,00000012.pro,-1,,0
1480,,216760,1,59,7714,114,38,0,83886096,0x05000010,misc,,00000016.pro,-1,,0
1481,,216864,1,60,7844,44,39,0,33554534,0x02000066,scenery,generic,00000103.pro,-1,,0
1482,,216952,1,61,7854,54,39,0,50332242,0x03000252,wall,,00000594.pro,-1,,0
1483,,217040,1,62,7888,88,39,0,83886092,0x0500000C,misc,,00000012.pro,-1,,0
1484,,217128,1,63,7889,89,39,0,83886092,0x0500000C,misc,,00000012.pro,-1,,0
1485,,217216,1,64,7889,89,39,0,33554536,0x02000068,scenery,generic,00000105.pro,-1,,0
1486,,217304,1,65,7890,90,39,0,83886092,0x0500000C,misc,,00000012.pro,-1,,0
1487,,217392,1,66,7891,91,39,0,83886092,0x0500000C,misc,,00000012.pro,-1,,0
1488,,217480,1,67,7898,98,39,0,50332270,0x0300026E,wall,,00000622.pro,-1,,0
1489,,217568,1,68,7905,105,39,0,83886092,0x0500000C,misc,,00000012.pro,-1,,0
1490,,217656,1,69,7906,106,39,0,83886092,0x0500000C,misc,,00000012.pro,-1,,0
1491,,217744,1,70,7915,115,39,0,83886096,0x05000010,misc,,00000016.pro,-1,,0
1492,,217848,1,71,7916,116,39,0,33554481,0x02000031,scenery,generic,00000050.pro,-1,,0
1493,,217936,1,72,8054,54,40,0,50332243,0x03000253,wall,,00000595.pro,-1,,0
1494,,218024,1,73,8086,86,40,0,83886092,0x0500000C,misc,,00000012.pro,-1,,0
1495,,218112,1,74,8087,87,40,0,83886092,0x0500000C,misc,,00000012.pro,-1,,0
1496,,218200,1,75,8088,88,40,0,83886092,0x0500000C,misc,,00000012.pro,-1,,0
1497,,218288,1,76,8089,89,40,0,83886092,0x0500000C,misc,,00000012.pro,-1,,0
1498,,218376,1,77,8096,96,40,0,33554776,0x02000158,scenery,generic,00000345.pro,-1,,0
1499,,218464,1,78,8097,97,40,0,33554776,0x02000158,scenery,generic,00000345.pro,-1,,0
1500,,218552,1,79,8098,98,40,0,50332274,0x03000272,wall,,00000626.pro,-1,,0
1501,,218640,1,80,8106,106,40,0,83886092,0x0500000C,misc,,00000012.pro,-1,,0
1502,,218728,1,81,8115,115,40,0,83886096,0x05000010,misc,,00000016.pro,-1,,0
1503,,218832,1,82,8116,116,40,0,83886096,0x05000010,misc,,00000016.pro,-1,,0
1504,,218936,1,83,8254,54,41,0,50332154,0x030001FA,wall,,00000506.pro,-1,,0
1505,,219024,1,84,8255,55,41,0,50332173,0x0300020D,wall,,00000525.pro,-1,,0
1506,,219112,1,85,8256,56,41,0,50332271,0x0300026F,wall,,00000623.pro,-1,,0
1507,,219200,1,86,8257,57,41,0,50332270,0x0300026E,wall,,00000622.pro,-1,,0
1508,,219288,1,87,8265,65,41,0,50332270,0x0300026E,wall,,00000622.pro,-1,,0
1509,,219376,1,88,8266,66,41,0,50332272,0x03000270,wall,,00000624.pro,-1,,0
1510,,219464,1,89,8267,67,41,0,50332173,0x0300020D,wall,,00000525.pro,-1,,0
1511,,219552,1,90,8268,68,41,0,50332271,0x0300026F,wall,,00000623.pro,-1,,0
1512,,219640,1,91,8269,69,41,0,50332270,0x0300026E,wall,,00000622.pro,-1,,0
1513,,219728,1,92,8284,84,41,0,83886092,0x0500000C,misc,,00000012.pro,-1,,0
1514,,219816,1,93,8285,85,41,0,83886092,0x0500000C,misc,,00000012.pro,-1,,0
1515,,219904,1,94,8286,86,41,0,83886092,0x0500000C,misc,,00000012.pro,-1,,0
1516,,219992,1,95,8287,87,41,0,83886092,0x0500000C,misc,,00000012.pro,-1,,0
1517,,220080,1,96,8294,94,41,0,50332272,0x03000270,wall,,00000624.pro,-1,,0
1518,,220168,1,97,8295,95,41,0,50332153,0x030001F9,wall,,00000505.pro,-1,,0
1519,,220256,1,98,8296,96,41,0,50332147,0x030001F3,wall,,00000499.pro,-1,,0
1520,,220344,1,99,8297,97,41,0,50332183,0x03000217,wall,,00000535.pro,-1,,0
1521,,220432,1,100,8298,98,41,0,50332182,0x03000216,wall,,00000534.pro,-1,,0
1522,,220520,1,101,8301,101,41,0,33554727,0x02000127,scenery,generic,00000296.pro,-1,,0
1523,,220608,1,102,8307,107,41,0,83886092,0x0500000C,misc,,00000012.pro,-1,,0
1524,,220696,1,103,8316,116,41,0,83886096,0x05000010,misc,,00000016.pro,-1,,0
1525,,220800,1,104,8455,55,42,0,50332270,0x0300026E,wall,,00000622.pro,-1,,0
1526,,220888,1,105,8457,57,42,0,50332270,0x0300026E,wall,,00000622.pro,-1,,0
1527,,220976,1,106,8459,59,42,0,33554534,0x02000066,scenery,generic,00000103.pro,-1,,0
1528,,221064,1,107,8460,60,42,0,33554537,0x02000069,scenery,generic,00000106.pro,-1,,0
1529,,221152,1,108,8465,65,42,0,50332270,0x0300026E,wall,,00000622.pro,-1,,0
1530,,221240,1,109,8467,67,42,0,50332270,0x0300026E,wall,,00000622.pro,-1,,0
1531,,221328,1,110,8469,69,42,0,50332270,0x0300026E,wall,,00000622.pro,-1,,0
1532,,221416,1,111,8482,82,42,0,83886092,0x0500000C,misc,,00000012.pro,-1,,0
1533,,221504,1,112,8483,83,42,0,83886092,0x0500000C,misc,,00000012.pro,-1,,0
1534,,221592,1,113,8484,84,42,0,83886092,0x0500000C,misc,,00000012.pro,-1,,0
1535,,221680,1,114,8485,85,42,0,83886092,0x0500000C,misc,,00000012.pro,-1,,0
1536,,221768,1,115,8495,95,42,0,50332270,0x0300026E,wall,,00000622.pro,-1,,0
1537,,221856,1,116,8497,97,42,0,50332270,0x0300026E,wall,,00000622.pro,-1,,0
1538,,221944,1,117,8507,107,42,0,83886092,0x0500000C,misc,,00000012.pro,-1,,0
1539,,222032,1,118,8508,108,42,0,83886092,0x0500000C,misc,,00000012.pro,-1,,0
1540,,222120,1,119,8517,117,42,0,83886096,0x05000010,misc,,00000016.pro,-1,,0
1541,,222224,1,120,8518,118,42,0,33554481,0x02000031,scenery,generic,00000050.pro,-1,,0
1542,,222312,1,121,8680,80,43,0,83886092,0x0500000C,misc,,00000012.pro,-1,,0
1543,,222400,1,122,8681,81,43,0,83886092,0x0500000C,misc,,00000012.pro,-1,,0
1544,,222488,1,123,8682,82,43,0,83886092,0x0500000C,misc,,00000012.pro,-1,,0
1545,,222576,1,124,8683,83,43,0,83886092,0x0500000C,misc,,00000012.pro,-1,,0
1546,,222664,1,125,8708,108,43,0,83886092,0x0500000C,misc,,00000012.pro,-1,,0
1547,,222752,1,126,8717,117,43,0,83886096,0x05000010,misc,,00000016.pro,-1,,0
1548,,222856,1,127,8718,118,43,0,83886096,0x05000010,misc,,00000016.pro,-1,,0
1549,,222960,1,128,8855,55,44,0,33554726,0x02000126,scenery,generic,00000295.pro,-1,,0
1550,,223048,1,129,8873,73,44,0,33554727,0x02000127,scenery,generic,00000296.pro,-1,,0
1551,,223136,1,130,8878,78,44,0,83886092,0x0500000C,misc,,00000012.pro,-1,,0
1552,,223224,1,131,8879,79,44,0,83886092,0x0500000C,misc,,00000012.pro,-1,,0
1553,,223312,1,132,8880,80,44,0,83886092,0x0500000C,misc,,00000012.pro,-1,,0
1554,,223400,1,133,8881,81,44,0,83886092,0x0500000C,misc,,00000012.pro,-1,,0
1555,,223488,1,134,8897,97,44,0,33554726,0x02000126,scenery,generic,00000295.pro,-1,,0
1556,,223576,1,135,8909,109,44,0,83886092,0x0500000C,misc,,00000012.pro,-1,,0
1557,,223664,1,136,8918,118,44,0,83886096,0x05000010,misc,,00000016.pro,-1,,0
1558,,223768,1,137,9076,76,45,0,83886092,0x0500000C,misc,,00000012.pro,-1,,0
1559,,223856,1,138,9077,77,45,0,83886092,0x0500000C,misc,,00000012.pro,-1,,0
1560,,223944,1,139,9078,78,45,0,83886092,0x0500000C,misc,,00000012.pro,-1,,0
1561,,224032,1,140,9079,79,45,0,83886092,0x0500000C,misc,,00000012.pro,-1,,0
1562,,224120,1,141,9109,109,45,0,83886092,0x0500000C,misc,,00000012.pro,-1,,0
1563,,224208,1,142,9110,110,45,0,83886092,0x0500000C,misc,,00000012.pro,-1,,0
1564,,224296,1,143,9119,119,45,0,83886096,0x05000010,misc,,00000016.pro,-1,,0
1565,,224400,1,144,9120,120,45,0,33554481,0x02000031,scenery,generic,00000050.pro,-1,,0
1566,,224488,1,145,9274,74,46,0,83886092,0x0500000C,misc,,00000012.pro,-1,,0
1567,,224576,1,146,9275,75,46,0,83886092,0x0500000C,misc,,00000012.pro,-1,,0
1568,,224664,1,147,9276,76,46,0,83886092,0x0500000C,misc,,00000012.pro,-1,,0
1569,,224752,1,148,9277,77,46,0,83886092,0x0500000C,misc,,00000012.pro,-1,,0
1570,,224840,1,149,9310,110,46,0,83886092,0x0500000C,misc,,00000012.pro,-1,,0
1571,,224928,1,150,9319,119,46,0,83886096,0x05000010,misc,,00000016.pro,-1,,0
1572,,225032,1,151,9320,120,46,0,83886096,0x05000010,misc,,00000016.pro,-1,,0
1573,,225136,1,152,9472,72,47,0,83886092,0x0500000C,misc,,00000012.pro,-1,,0
1574,,225224,1,153,9473,73,47,0,83886092,0x0500000C,misc,,00000012.pro,-1,,0
1575,,225312,1,154,9474,74,47,0,83886092,0x0500000C,misc,,00000012.pro,-1,,0
1576,,225400,1,155,9475,75,47,0,83886092,0x0500000C,misc,,00000012.pro,-1,,0
1577,,225488,1,156,9491,91,47,0,33554559,0x0200007F,scenery,generic,00000128.pro,-1,,0
1578,,225576,1,157,9511,111,47,0,83886092,0x0500000C,misc,,00000012.pro,-1,,0
1579,,225664,1,159,9520,120,47,0,83886096,0x05000010,misc,,00000016.pro,-1,,0
1580,,225768,1,160,9670,70,48,0,83886092,0x0500000C,misc,,00000012.pro,-1,,0
1581,,225856,1,161,9671,71,48,0,83886092,0x0500000C,misc,,00000012.pro,-1,,0
1582,,225944,1,162,9672,72,48,0,83886092,0x0500000C,misc,,00000012.pro,-1,,0
1583,,226032,1,163,9673,73,48,0,83886092,0x0500000C,misc,,00000012.pro,-1,,0
1584,,226120,1,164,9711,111,48,0,83886092,0x0500000C,misc,,00000012.pro,-1,,0
1585,,226208,1,165,9712,112,48,0,83886092,0x0500000C,misc,,00000012.pro,-1,,0
1586,,226296,1,170,9721,121,48,0,83886096,0x05000010,misc,,00000016.pro,-1,,0
1587,,226400,1,171,9722,122,48,0,33554481,0x02000031,scenery,generic,00000050.pro,-1,,0
1588,,226488,1,172,9868,68,49,0,83886092,0x0500000C,misc,,00000012.pro,-1,,0
1589,,226576,1,173,9869,69,49,0,83886092,0x0500000C,misc,,00000012.pro,-1,,0
1590,,226664,1,174,9870,70,49,0,83886092,0x0500000C,misc,,00000012.pro,-1,,0
1591,,226752,1,175,9871,71,49,0,83886092,0x0500000C,misc,,00000012.pro,-1,,0
1592,,226840,1,176,9872,72,49,0,33554559,0x0200007F,scenery,generic,00000128.pro,-1,,0
1593,,226928,1,177,9872,72,49,0,33554558,0x0200007E,scenery,generic,00000127.pro,-1,,0
1594,,227016,1,178,9912,112,49,0,83886092,0x0500000C,misc,,00000012.pro,-1,,0
1595,,227104,1,185,9921,121,49,0,83886096,0x05000010,misc,,00000016.pro,-1,,0
1596,,227208,1,186,9922,122,49,0,83886096,0x05000010,misc,,00000016.pro,-1,,0
1597,,227312,1,187,10062,62,50,0,33554557,0x0200007D,scenery,generic,00000126.pro,-1,,0
1598,,227400,1,188,10066,66,50,0,83886092,0x0500000C,misc,,00000012.pro,-1,,0
1599,,227488,1,189,10067,67,50,0,83886092,0x0500000C,misc,,00000012.pro,-1,,0
1600,,227576,1,190,10068,68,50,0,83886092,0x0500000C,misc,,00000012.pro,-1,,0
1601,,227664,1,191,10069,69,50,0,83886092,0x0500000C,misc,,00000012.pro,-1,,0
1602,,227752,1,194,10113,113,50,0,83886092,0x0500000C,misc,,00000012.pro,-1,,0
1603,,227840,1,197,10118,118,50,0,33554534,0x02000066,scenery,generic,00000103.pro,-1,,0
1604,,227928,1,199,10122,122,50,0,83886096,0x05000010,misc,,00000016.pro,-1,,0
1605,,228032,1,200,10237,37,51,0,33554535,0x02000067,scenery,generic,00000104.pro,-1,,0
1606,,228120,1,201,10264,64,51,0,83886092,0x0500000C,misc,,00000012.pro,-1,,0
1607,,228208,1,202,10265,65,51,0,83886092,0x0500000C,misc,,00000012.pro,-1,,0
1608,,228296,1,203,10266,66,51,0,83886092,0x0500000C,misc,,00000012.pro,-1,,0
1609,,228384,1,204,10267,67,51,0,83886092,0x0500000C,misc,,00000012.pro,-1,,0
1610,,228472,1,209,10313,113,51,0,83886092,0x0500000C,misc,,00000012.pro,-1,,0
1611,,228560,1,210,10314,114,51,0,83886092,0x0500000C,misc,,00000012.pro,-1,,0
1612,,228648,1,211,10319,119,51,0,33554535,0x02000067,scenery,generic,00000104.pro,-1,,0
1613,,228736,1,213,10323,123,51,0,83886096,0x05000010,misc,,00000016.pro,-1,,0
1614,,228840,1,214,10324,124,51,0,33554481,0x02000031,scenery,generic,00000050.pro,-1,,0
1615,,228928,1,215,10462,62,52,0,83886092,0x0500000C,misc,,00000012.pro,-1,,0
1616,,229016,1,216,10463,63,52,0,83886092,0x0500000C,misc,,00000012.pro,-1,,0
1617,,229104,1,217,10464,64,52,0,83886092,0x0500000C,misc,,00000012.pro,-1,,0
1618,,229192,1,218,10465,65,52,0,83886092,0x0500000C,misc,,00000012.pro,-1,,0
1619,,229280,1,223,10514,114,52,0,83886092,0x0500000C,misc,,00000012.pro,-1,,0
1620,,229368,1,226,10523,123,52,0,83886096,0x05000010,misc,,00000016.pro,-1,,0
1621,,229472,1,227,10524,124,52,0,83886096,0x05000010,misc,,00000016.pro,-1,,0
1622,,229576,1,228,10660,60,53,0,83886092,0x0500000C,misc,,00000012.pro,-1,,0
1623,,229664,1,229,10661,61,53,0,83886092,0x0500000C,misc,,00000012.pro,-1,,0
1624,,229752,1,230,10662,62,53,0,83886092,0x0500000C,misc,,00000012.pro,-1,,0
1625,,229840,1,231,10663,63,53,0,83886092,0x0500000C,misc,,00000012.pro,-1,,0
1626,,229928,1,236,10715,115,53,0,83886092,0x0500000C,misc,,00000012.pro,-1,,0
1627,,230016,1,238,10724,124,53,0,83886096,0x05000010,misc,,00000016.pro,-1,,0
1628,,230120,1,239,10858,58,54,0,83886092,0x0500000C,misc,,00000012.pro,-1,,0
1629,,230208,1,240,10859,59,54,0,83886092,0x0500000C,misc,,00000012.pro,-1,,0
1630,,230296,1,241,10860,60,54,0,83886092,0x0500000C,misc,,00000012.pro,-1,,0
1631,,230384,1,242,10861,61,54,0,83886092,0x0500000C,misc,,00000012.pro,-1,,0
1632,,230472,1,248,10915,115,54,0,83886092,0x0500000C,misc,,00000012.pro,-1,,0
1633,,230560,1,249,10916,116,54,0,83886092,0x0500000C,misc,,00000012.pro,-1,,0
1634,,230648,1,251,10925,125,54,0,83886096,0x05000010,misc,,00000016.pro,-1,,0
1635,,230752,1,252,10926,126,54,0,33554481,0x02000031,scenery,generic,00000050.pro,-1,,0
1636,,230840,1,253,11051,51,55,0,33554719,0x0200011F,scenery,generic,00000288.pro,-1,,0
1637,,230928,1,254,11056,56,55,0,83886092,0x0500000C,misc,,00000012.pro,-1,,0
1638,,231016,1,255,11057,57,55,0,83886092,0x0500000C,misc,,00000012.pro,-1,,0
1639,,231104,1,256,11058,58,55,0,83886092,0x0500000C,misc,,00000012.pro,-1,,0
1640,,231192,1,257,11059,59,55,0,83886092,0x0500000C,misc,,00000012.pro,-1,,0
1641,,231280,1,258,11097,97,55,0,33554723,0x02000123,scenery,generic,00000292.pro,-1,,0
1642,,231368,1,259,11101,101,55,0,33554730,0x0200012A,scenery,generic,00000299.pro,-1,,0
1643,,231456,1,264,11116,116,55,0,83886092,0x0500000C,misc,,00000012.pro,-1,,0
1644,,231544,1,267,11125,125,55,0,83886096,0x05000010,misc,,00000016.pro,-1,,0
1645,,231648,1,268,11126,126,55,0,83886096,0x05000010,misc,,00000016.pro,-1,,0
1646,,231752,1,269,11254,54,56,0,83886092,0x0500000C,misc,,00000012.pro,-1,,0
1647,,231840,1,270,11255,55,56,0,83886092,0x0500000C,misc,,00000012.pro,-1,,0
1648,,231928,1,271,11256,56,56,0,83886092,0x0500000C,misc,,00000012.pro,-1,,0
1649,,232016,1,272,11257,57,56,0,83886092,0x0500000C,misc,,00000012.pro,-1,,0
1650,,232104,1,277,11317,117,56,0,83886092,0x0500000C,misc,,00000012.pro,-1,,0
1651,,232192,1,279,11326,126,56,0,83886096,0x05000010,misc,,00000016.pro,-1,,0
1652,,232296,1,280,11452,52,57,0,83886092,0x0500000C,misc,,00000012.pro,-1,,0
1653,,232384,1,281,11453,53,57,0,83886092,0x0500000C,misc,,00000012.pro,-1,,0
1654,,232472,1,282,11454,54,57,0,83886092,0x0500000C,misc,,00000012.pro,-1,,0
1655,,232560,1,283,11454,54,57,0,50332241,0x03000251,wall,,00000593.pro,-1,,0
1656,,232648,1,284,11455,55,57,0,83886092,0x0500000C,misc,,00000012.pro,-1,,0
1657,,232736,1,285,11455,55,57,0,50332236,0x0300024C,wall,,00000588.pro,-1,,0
1658,,232824,1,286,11456,56,57,0,50332240,0x03000250,wall,,00000592.pro,-1,,0
1659,,232912,1,287,11457,57,57,0,50332239,0x0300024F,wall,,00000591.pro,-1,,0
1660,,233000,1,288,11458,58,57,0,50332292,0x03000284,wall,,00000644.pro,-1,,0
1661,,233088,1,289,11459,59,57,0,50332238,0x0300024E,wall,,00000590.pro,-1,,0
1662,,233176,1,290,11460,60,57,0,50332235,0x0300024B,wall,,00000587.pro,-1,,0
1663,,233264,1,291,11461,61,57,0,50332236,0x0300024C,wall,,00000588.pro,-1,,0
1664,,233352,1,292,11462,62,57,0,50332293,0x03000285,wall,,00000645.pro,-1,,0
1665,,233440,1,293,11463,63,57,0,50332239,0x0300024F,wall,,00000591.pro,-1,,0
1666,,233528,1,294,11464,64,57,0,50332237,0x0300024D,wall,,00000589.pro,-1,,0
1667,,233616,1,295,11465,65,57,0,50332239,0x0300024F,wall,,00000591.pro,-1,,0
1668,,233704,1,296,11466,66,57,0,50332292,0x03000284,wall,,00000644.pro,-1,,0
1669,,233792,1,297,11467,67,57,0,50332238,0x0300024E,wall,,00000590.pro,-1,,0
1670,,233880,1,298,11468,68,57,0,50332235,0x0300024B,wall,,00000587.pro,-1,,0
1671,,233968,1,299,11469,69,57,0,50332236,0x0300024C,wall,,00000588.pro,-1,,0
1672,,234056,1,300,11470,70,57,0,50332257,0x03000261,wall,,00000609.pro,-1,,0
1673,,234144,1,301,11471,71,57,0,50332239,0x0300024F,wall,,00000591.pro,-1,,0
1674,,234232,1,302,11472,72,57,0,50332293,0x03000285,wall,,00000645.pro,-1,,0
1675,,234320,1,303,11473,73,57,0,50332239,0x0300024F,wall,,00000591.pro,-1,,0
1676,,234408,1,304,11474,74,57,0,50332240,0x03000250,wall,,00000592.pro,-1,,0
1677,,234496,1,305,11475,75,57,0,50332238,0x0300024E,wall,,00000590.pro,-1,,0
1678,,234584,1,306,11476,76,57,0,50332292,0x03000284,wall,,00000644.pro,-1,,0
1679,,234672,1,307,11477,77,57,0,50332236,0x0300024C,wall,,00000588.pro,-1,,0
1680,,234760,1,308,11478,78,57,0,50332237,0x0300024D,wall,,00000589.pro,-1,,0
1681,,234848,1,309,11479,79,57,0,50332239,0x0300024F,wall,,00000591.pro,-1,,0
1682,,234936,1,310,11480,80,57,0,50332292,0x03000284,wall,,00000644.pro,-1,,0
1683,,235024,1,311,11481,81,57,0,50332238,0x0300024E,wall,,00000590.pro,-1,,0
1684,,235112,1,312,11482,82,57,0,50332235,0x0300024B,wall,,00000587.pro,-1,,0
1685,,235200,1,313,11483,83,57,0,50332236,0x0300024C,wall,,00000588.pro,-1,,0
1686,,235288,1,314,11484,84,57,0,50332257,0x03000261,wall,,00000609.pro,-1,,0
1687,,235376,1,315,11485,85,57,0,50332239,0x0300024F,wall,,00000591.pro,-1,,0
1688,,235464,1,316,11486,86,57,0,50332292,0x03000284,wall,,00000644.pro,-1,,0
1689,,235552,1,317,11487,87,57,0,50332238,0x0300024E,wall,,00000590.pro,-1,,0
1690,,235640,1,318,11488,88,57,0,50332234,0x0300024A,wall,,00000586.pro,-1,,0
1691,,235728,1,319,11489,89,57,0,50332238,0x0300024E,wall,,00000590.pro,-1,,0
1692,,235816,1,320,11490,90,57,0,50332293,0x03000285,wall,,00000645.pro,-1,,0
1693,,235904,1,321,11491,91,57,0,50332236,0x0300024C,wall,,00000588.pro,-1,,0
1694,,235992,1,322,11492,92,57,0,50332240,0x03000250,wall,,00000592.pro,-1,,0
1695,,236080,1,323,11493,93,57,0,50332239,0x0300024F,wall,,00000591.pro,-1,,0
1696,,236168,1,324,11494,94,57,0,50332292,0x03000284,wall,,00000644.pro,-1,,0
1697,,236256,1,325,11495,95,57,0,50332238,0x0300024E,wall,,00000590.pro,-1,,0
1698,,236344,1,326,11496,96,57,0,50332237,0x0300024D,wall,,00000589.pro,-1,,0
1699,,236432,1,327,11497,97,57,0,50332269,0x0300026D,wall,,00000621.pro,-1,,0
1700,,236520,1,329,11498,98,57,0,50332269,0x0300026D,wall,,00000621.pro,-1,,0
1701,,236608,1,333,11517,117,57,0,83886092,0x0500000C,misc,,00000012.pro,-1,,0
1702,,236696,1,334,11518,118,57,0,83886092,0x0500000C,misc,,00000012.pro,-1,,0
1703,,236784,1,336,11527,127,57,0,83886096,0x05000010,misc,,00000016.pro,-1,,0
1704,,236888,1,337,11528,128,57,0,33554481,0x02000031,scenery,generic,00000050.pro,-1,,0
1705,,236976,1,338,11650,50,58,0,83886092,0x0500000C,misc,,00000012.pro,-1,,0
1706,,237064,1,339,11651,51,58,0,83886092,0x0500000C,misc,,00000012.pro,-1,,0
1707,,237152,1,340,11652,52,58,0,83886092,0x0500000C,misc,,00000012.pro,-1,,0
1708,,237240,1,341,11653,53,58,0,83886092,0x0500000C,misc,,00000012.pro,-1,,0
1709,,237328,1,342,11654,54,58,0,50332269,0x0300026D,wall,,00000621.pro,-1,,0
1710,,237416,1,343,11655,55,58,0,50332270,0x0300026E,wall,,00000622.pro,-1,,0
1711,,237504,1,344,11655,55,58,0,33554573,0x0200008D,scenery,generic,00000142.pro,-1,,0
1712,,237592,1,345,11657,57,58,0,50332270,0x0300026E,wall,,00000622.pro,-1,,0
1713,,237680,1,346,11658,58,58,0,33554573,0x0200008D,scenery,generic,00000142.pro,-1,,0
1714,,237768,1,347,11659,59,58,0,50332270,0x0300026E,wall,,00000622.pro,-1,,0
1715,,237856,1,348,11660,60,58,0,33554708,0x02000114,scenery,generic,00000277.pro,-1,,0
1716,,237944,1,349,11661,61,58,0,50332270,0x0300026E,wall,,00000622.pro,-1,,0
1717,,238032,1,350,11663,63,58,0,50332270,0x0300026E,wall,,00000622.pro,-1,,0
1718,,238120,1,351,11664,64,58,0,33554831,0x0200018F,scenery,generic,00000400.pro,-1,,0
1719,,238208,1,352,11665,65,58,0,50332270,0x0300026E,wall,,00000622.pro,-1,,0
1720,,238296,1,353,11667,67,58,0,50332270,0x0300026E,wall,,00000622.pro,-1,,0
1721,,238384,1,354,11669,69,58,0,50332270,0x0300026E,wall,,00000622.pro,-1,,0
1722,,238472,1,355,11670,70,58,0,50332269,0x0300026D,wall,,00000621.pro,-1,,0
1723,,238560,1,356,11671,71,58,0,33554653,0x020000DD,scenery,generic,00000222.pro,-1,,0
1724,,238648,1,357,11672,72,58,0,33554499,0x02000043,scenery,generic,00000068.pro,-1,,0
1725,,238736,1,358,11673,73,58,0,50332270,0x0300026E,wall,,00000622.pro,-1,,0
1726,,238824,1,359,11675,75,58,0,50332270,0x0300026E,wall,,00000622.pro,-1,,0
1727,,238912,1,360,11677,77,58,0,33554706,0x02000112,scenery,generic,00000275.pro,-1,,0
1728,,239000,1,361,11679,79,58,0,50332270,0x0300026E,wall,,00000622.pro,-1,,0
1729,,239088,1,362,11681,81,58,0,50332270,0x0300026E,wall,,00000622.pro,-1,,0
1730,,239176,1,363,11683,83,58,0,50332270,0x0300026E,wall,,00000622.pro,-1,,0
1731,,239264,1,364,11684,84,58,0,50332269,0x0300026D,wall,,00000621.pro,-1,,0
1732,,239352,1,365,11685,85,58,0,50332270,0x0300026E,wall,,00000622.pro,-1,,0
1733,,239440,1,366,11686,86,58,0,33554499,0x02000043,scenery,generic,00000068.pro,-1,,0
1734,,239528,1,367,11687,87,58,0,50332270,0x0300026E,wall,,00000622.pro,-1,,0
1735,,239616,1,368,11688,88,58,0,33554499,0x02000043,scenery,generic,00000068.pro,-1,,0
1736,,239704,1,369,11688,88,58,0,62,0x0000003E,item,container,00000062.pro,-1,,4
1736/inventory/0,3,239796,1,370,-1,,,0,30,0x0000001E,item,ammo,00000030.pro,-1,,0
1736/inventory/1,2,239892,1,371,-1,,,0,29,0x0000001D,item,ammo,00000029.pro,-1,,0
1736/inventory/2,1,239988,1,372,-1,,,0,31,0x0000001F,item,ammo,00000031.pro,-1,,0
1736/inventory/3,2,240084,1,373,-1,,,0,37,0x00000025,item,ammo,00000037.pro,-1,,0
1737,,240176,1,374,11689,89,58,0,50332270,0x0300026E,wall,,00000622.pro,-1,,0
1738,,240264,1,375,11690,90,58,0,33554708,0x02000114,scenery,generic,00000277.pro,-1,,0
1739,,240352,1,376,11691,91,58,0,50332270,0x0300026E,wall,,00000622.pro,-1,,0
1740,,240440,1,377,11692,92,58,0,33554707,0x02000113,scenery,generic,00000276.pro,-1,,0
1741,,240528,1,378,11693,93,58,0,50332270,0x0300026E,wall,,00000622.pro,-1,,0
1742,,240616,1,379,11695,95,58,0,50332270,0x0300026E,wall,,00000622.pro,-1,,0
1743,,240704,1,381,11696,96,58,0,33554499,0x02000043,scenery,generic,00000068.pro,-1,,0
1744,,240792,1,382,11696,96,58,0,62,0x0000003E,item,container,00000062.pro,-1,,1
1744/inventory/0,1,240884,1,383,-1,,,0,23,0x00000017,item,weapon,00000023.pro,-1,,0
1745,,240980,1,385,11697,97,58,0,50332270,0x0300026E,wall,,00000622.pro,-1,,0
1746,,241068,1,387,11698,98,58,0,50332190,0x0300021E,wall,,00000542.pro,-1,,0
1747,,241156,1,389,11718,118,58,0,83886092,0x0500000C,misc,,00000012.pro,-1,,0
1748,,241244,1,392,11727,127,58,0,83886096,0x05000010,misc,,00000016.pro,-1,,0
1749,,241348,1,393,11728,128,58,0,83886096,0x05000010,misc,,00000016.pro,-1,,0
1750,,241452,1,394,11848,48,59,0,83886092,0x0500000C,misc,,00000012.pro,-1,,0
1751,,241540,1,395,11849,49,59,0,83886092,0x0500000C,misc,,00000012.pro,-1,,0
1752,,241628,1,396,11850,50,59,0,83886092,0x0500000C,misc,,00000012.pro,-1,,0
1753,,241716,1,397,11851,51,59,0,83886092,0x0500000C,misc,,00000012.pro,-1,,0
1754,,241804,1,398,11854,54,59,0,50332242,0x03000252,wall,,00000594.pro,-1,,0
1755,,241892,1,399,11859,59,59,0,33554499,0x02000043,scenery,generic,00000068.pro,-1,,0
1756,,241980,1,400,11860,60,59,0,33554499,0x02000043,scenery,generic,00000068.pro,-1,,0
1757,,242068,1,401,11862,62,59,0,33554573,0x0200008D,scenery,generic,00000142.pro,-1,,0
1758,,242156,1,402,11863,63,59,0,33554829,0x0200018D,scenery,generic,00000398.pro,-1,,0
1759,,242244,1,403,11865,65,59,0,33554830,0x0200018E,scenery,generic,00000399.pro,-1,,0
1760,,242332,1,404,11866,66,59,0,33554829,0x0200018D,scenery,generic,00000398.pro,-1,,0
1761,,242420,1,405,11867,67,59,0,33554831,0x0200018F,scenery,generic,00000400.pro,-1,,0
1762,,242508,1,406,11870,70,59,0,50332242,0x03000252,wall,,00000594.pro,-1,,0
1763,,242596,1,407,11883,83,59,0,8,0x00000008,item,weapon,00000004.pro,-1,,0
1764,,242692,1,408,11884,84,59,0,50332242,0x03000252,wall,,00000594.pro,-1,,0
1765,,242780,1,409,11885,85,59,0,33554734,0x0200012E,scenery,generic,00000303.pro,-1,,0
1766,,242868,1,410,11886,86,59,0,33554499,0x02000043,scenery,generic,00000068.pro,-1,,0
1767,,242956,1,411,11890,90,59,0,33554499,0x02000043,scenery,generic,00000068.pro,-1,,0
1768,,243044,1,412,11891,91,59,0,33554499,0x02000043,scenery,generic,00000068.pro,-1,,0
1769,,243132,1,417,11898,98,59,0,50332269,0x0300026D,wall,,00000621.pro,-1,,0
1770,,243220,1,418,11901,101,59,0,33554724,0x02000124,scenery,generic,00000293.pro,-1,,0
1771,,243308,1,419,11917,117,59,0,33554719,0x0200011F,scenery,generic,00000288.pro,-1,,0
1772,,243396,1,420,11919,119,59,0,83886092,0x0500000C,misc,,00000012.pro,-1,,0
1773,,243484,1,422,11928,128,59,0,83886096,0x05000010,misc,,00000016.pro,-1,,0
1774,,243588,1,423,12046,46,60,0,83886092,0x0500000C,misc,,00000012.pro,-1,,0
1775,,243676,1,424,12047,47,60,0,83886092,0x0500000C,misc,,00000012.pro,-1,,0
1776,,243764,1,425,12048,48,60,0,83886092,0x0500000C,misc,,00000012.pro,-1,,0
1777,,243852,1,426,12049,49,60,0,83886092,0x0500000C,misc,,00000012.pro,-1,,0
1778,,243940,1,427,12054,54,60,0,50332243,0x03000253,wall,,00000595.pro,-1,,0
1779,,244028,1,428,12058,58,60,0,33554499,0x02000043,scenery,generic,00000068.pro,-1,,0
1780,,244116,1,429,12059,59,60,0,33554499,0x02000043,scenery,generic,00000068.pro,-1,,0
1781,,244204,1,430,12060,60,60,0,33554499,0x02000043,scenery,generic,00000068.pro,-1,,0
1782,,244292,1,431,12070,70,60,0,50332243,0x03000253,wall,,00000595.pro,-1,,0
1783,,244380,1,432,12084,84,60,0,50332243,0x03000253,wall,,00000595.pro,-1,,0
1784,,244468,1,433,12086,86,60,0,33554736,0x02000130,scenery,generic,00000305.pro,-1,,0
1785,,244556,1,438,12098,98,60,0,50332288,0x03000280,wall,,00000640.pro,-1,,0
1786,,244644,1,439,12119,119,60,0,83886092,0x0500000C,misc,,00000012.pro,-1,,0
1787,,244732,1,440,12120,120,60,0,83886092,0x0500000C,misc,,00000012.pro,-1,,0
1788,,244820,1,442,12129,129,60,0,83886096,0x05000010,misc,,00000016.pro,-1,,0
1789,,244924,1,443,12130,130,60,0,33554481,0x02000031,scenery,generic,00000050.pro,-1,,0
1790,,245012,1,444,12244,44,61,0,83886092,0x0500000C,misc,,00000012.pro,-1,,0
1791,,245100,1,445,12245,45,61,0,83886092,0x0500000C,misc,,00000012.pro,-1,,0
1792,,245188,1,446,12246,46,61,0,83886092,0x0500000C,misc,,00000012.pro,-1,,0
1793,,245276,1,447,12247,47,61,0,83886092,0x0500000C,misc,,00000012.pro,-1,,0
1794,,245364,1,448,12254,54,61,0,50332290,0x03000282,wall,,00000642.pro,-1,,0
1795,,245452,1,449,12255,55,61,0,33554499,0x02000043,scenery,generic,00000068.pro,-1,,0
1796,,245540,1,450,12256,56,61,0,33554499,0x02000043,scenery,generic,00000068.pro,-1,,0
1797,,245628,1,451,12257,57,61,0,33555336,0x02000388,scenery,generic,00000905.pro,50331661,NH2OPump.int,0
1798,,245716,1,452,12259,59,61,0,33554737,0x02000131,scenery,generic,00000306.pro,-1,,0
1799,,245804,1,453,12260,60,61,0,33554499,0x02000043,scenery,generic,00000068.pro,-1,,0
1800,,245892,1,454,12261,61,61,0,33554499,0x02000043,scenery,generic,00000068.pro,-1,,0
1801,,245980,1,455,12266,66,61,0,33554573,0x0200008D,scenery,generic,00000142.pro,-1,,0
1802,,246068,1,456,12270,70,61,0,50332246,0x03000256,wall,,00000598.pro,-1,,0
1803,,246156,1,457,12273,73,61,3,16777225,0x01000009,critter,,00000009.pro,67108880,Sally.int,0
1804,,246284,1,458,12277,77,61,2,16777225,0x01000009,critter,,00000009.pro,67108878,Gary.int,0
1805,,246412,1,459,12278,78,61,0,33554573,0x0200008D,scenery,generic,00000142.pro,-1,,0
1806,,246500,1,460,12281,81,61,1,16777225,0x01000009,critter,,00000009.pro,67108879,Barry.int,1
1806/inventory/0,1,246632,1,461,-1,,,0,11,0x0000000B,item,weapon,00000010.pro,-1,,0
1807,,246728,1,462,12284,84,61,0,50332246,0x03000256,wall,,00000598.pro,-1,,0
1808,,246816,1,463,12286,86,61,0,33554499,0x02000043,scenery,generic,00000068.pro,-1,,0
1809,,246904,1,464,12287,87,61,0,33554499,0x02000043,scenery,generic,00000068.pro,-1,,0
1810,,246992,1,466,12290,90,61,0,33554527,0x0200005F,scenery,generic,00000096.pro,-1,,0
1811,,247080,1,469,12292,92,61,0,33554499,0x02000043,scenery,generic,00000068.pro,-1,,0
1812,,247168,1,471,12293,93,61,0,33554662,0x020000E6,scenery,generic,00000231.pro,-1,,0
1813,,247256,1,472,12298,98,61,0,50332177,0x03000211,wall,,00000529.pro,-1,,0
1814,,247344,1,473,12320,120,61,0,83886092,0x0500000C,misc,,00000012.pro,-1,,0
1815,,247432,1,476,12329,129,61,0,83886096,0x05000010,misc,,00000016.pro,-1,,0
1816,,247536,1,477,12330,130,61,0,83886096,0x05000010,misc,,00000016.pro,-1,,0
1817,,247640,1,478,12442,42,62,0,83886092,0x0500000C,misc,,00000012.pro,-1,,0
1818,,247728,1,479,12443,43,62,0,83886092,0x0500000C,misc,,00000012.pro,-1,,0
1819,,247816,1,480,12444,44,62,0,83886092,0x0500000C,misc,,00000012.pro,-1,,0
1820,,247904,1,481,12445,45,62,0,83886092,0x0500000C,misc,,00000012.pro,-1,,0
1821,,247992,1,482,12454,54,62,0,50332242,0x03000252,wall,,00000594.pro,-1,,0
1822,,248080,1,483,12455,55,62,0,33554438,0x02000006,scenery,generic,00000006.pro,-1,,0
1823,,248168,1,484,12456,56,62,0,33554573,0x0200008D,scenery,generic,00000142.pro,-1,,0
1824,,248256,1,485,12459,59,62,0,33554499,0x02000043,scenery,generic,00000068.pro,-1,,0
1825,,248344,1,486,12461,61,62,0,33554499,0x02000043,scenery,generic,00000068.pro,-1,,0
1826,,248432,1,487,12470,70,62,0,50332249,0x03000259,wall,,00000601.pro,-1,,0
1827,,248520,1,488,12484,84,62,0,50332249,0x03000259,wall,,00000601.pro,-1,,0
1828,,248608,1,489,12485,85,62,0,33554499,0x02000043,scenery,generic,00000068.pro,-1,,0
1829,,248696,1,490,12486,86,62,0,33554499,0x02000043,scenery,generic,00000068.pro,-1,,0
1830,,248784,1,495,12491,91,62,0,33554499,0x02000043,scenery,generic,00000068.pro,-1,,0
1831,,248872,1,496,12492,92,62,0,33554436,0x02000004,scenery,generic,00000004.pro,-1,,0
1832,,248960,1,497,12495,95,62,0,33554573,0x0200008D,scenery,generic,00000142.pro,-1,,0
1833,,249048,1,498,12498,98,62,0,50332178,0x03000212,wall,,00000530.pro,-1,,0
1834,,249136,1,499,12521,121,62,0,83886092,0x0500000C,misc,,00000012.pro,-1,,0
1835,,249224,1,501,12530,130,62,0,83886096,0x05000010,misc,,00000016.pro,-1,,0
1836,,249328,1,502,12640,40,63,0,83886092,0x0500000C,misc,,00000012.pro,-1,,0
1837,,249416,1,503,12641,41,63,0,83886092,0x0500000C,misc,,00000012.pro,-1,,0
1838,,249504,1,504,12642,42,63,0,83886092,0x0500000C,misc,,00000012.pro,-1,,0
1839,,249592,1,505,12643,43,63,0,83886092,0x0500000C,misc,,00000012.pro,-1,,0
1840,,249680,1,506,12649,49,63,0,33554559,0x0200007F,scenery,generic,00000128.pro,-1,,0
1841,,249768,1,507,12654,54,63,0,50332243,0x03000253,wall,,00000595.pro,-1,,0
1842,,249856,1,508,12655,55,63,0,33554830,0x0200018E,scenery,generic,00000399.pro,-1,,0
1843,,249944,1,509,12670,70,63,0,50332261,0x03000265,wall,,00000613.pro,-1,,0
1844,,250032,1,510,12671,71,63,0,50332238,0x0300024E,wall,,00000590.pro,-1,,0
1845,,250120,1,511,12672,72,63,0,50332235,0x0300024B,wall,,00000587.pro,-1,,0
1846,,250208,1,512,12673,73,63,0,50332239,0x0300024F,wall,,00000591.pro,-1,,0
1847,,250296,1,513,12674,74,63,0,50332234,0x0300024A,wall,,00000586.pro,-1,,0
1848,,250384,1,514,12675,75,63,0,50332231,0x03000247,wall,,00000583.pro,-1,,0
1849,,250472,1,515,12677,77,63,0,50332236,0x0300024C,wall,,00000588.pro,-1,,0
1850,,250560,1,516,12678,78,63,0,50332240,0x03000250,wall,,00000592.pro,-1,,0
1851,,250648,1,517,12679,79,63,0,50332238,0x0300024E,wall,,00000590.pro,-1,,0
1852,,250736,1,518,12680,80,63,0,50332237,0x0300024D,wall,,00000589.pro,-1,,0
1853,,250824,1,519,12681,81,63,0,50332239,0x0300024F,wall,,00000591.pro,-1,,0
1854,,250912,1,520,12682,82,63,0,50332235,0x0300024B,wall,,00000587.pro,-1,,0
1855,,251000,1,521,12683,83,63,0,50332239,0x0300024F,wall,,00000591.pro,-1,,0
1856,,251088,1,522,12684,84,63,0,50332259,0x03000263,wall,,00000611.pro,-1,,0
1857,,251176,1,527,12694,94,63,0,33554529,0x02000061,scenery,generic,00000098.pro,-1,,0
1858,,251264,1,528,12698,98,63,0,50332177,0x03000211,wall,,00000529.pro,-1,,0
1859,,251352,1,529,12721,121,63,0,83886092,0x0500000C,misc,,00000012.pro,-1,,0
1860,,251440,1,530,12722,122,63,0,83886092,0x0500000C,misc,,00000012.pro,-1,,0
1861,,251528,1,532,12731,131,63,0,83886096,0x05000010,misc,,00000016.pro,-1,,0
1862,,251632,1,533,12732,132,63,0,33554481,0x02000031,scenery,generic,00000050.pro,-1,,0
1863,,251720,1,534,12838,38,64,0,83886092,0x0500000C,misc,,00000012.pro,-1,,0
1864,,251808,1,535,12839,39,64,0,83886092,0x0500000C,misc,,00000012.pro,-1,,0
1865,,251896,1,536,12840,40,64,0,83886092,0x0500000C,misc,,00000012.pro,-1,,0
1866,,251984,1,537,12841,41,64,0,83886092,0x0500000C,misc,,00000012.pro,-1,,0
1867,,252072,1,538,12854,54,64,0,50332291,0x03000283,wall,,00000643.pro,-1,,0
1868,,252160,1,539,12859,59,64,0,16777230,0x0100000E,critter,,00000014.pro,67108893,Guard2.int,2
1868/inventory/0,1,252292,1,540,-1,,,0,95,0x0000005F,item,ammo,00000095.pro,-1,,0
1868/inventory/1,1,252388,1,541,-1,,,0,94,0x0000005E,item,weapon,00000094.pro,-1,,0
1869,,252484,1,542,12870,70,64,0,50332247,0x03000257,wall,,00000599.pro,-1,,0
1870,,252572,1,543,12877,77,64,0,50332230,0x03000246,wall,,00000582.pro,-1,,0
1871,,252660,1,545,12884,84,64,0,50332247,0x03000257,wall,,00000599.pro,-1,,0
1872,,252748,1,549,12890,90,64,2,16777374,0x0100009E,critter,,00000158.pro,67108894,harry.int,1
1872/inventory/0,1,252880,1,550,-1,,,0,118,0x00000076,item,weapon,00000118.pro,-1,,0
1873,,252976,1,551,12898,98,64,0,50332289,0x03000281,wall,,00000641.pro,-1,,0
1874,,253064,1,552,12922,122,64,0,83886092,0x0500000C,misc,,00000012.pro,-1,,0
1875,,253152,1,553,12925,125,64,0,33554559,0x0200007F,scenery,generic,00000128.pro,-1,,0
1876,,253240,1,556,12931,131,64,0,83886096,0x05000010,misc,,00000016.pro,-1,,0
1877,,253344,1,557,12932,132,64,0,83886096,0x05000010,misc,,00000016.pro,-1,,0
1878,,253448,1,558,13036,36,65,0,83886092,0x0500000C,misc,,00000012.pro,-1,,0
1879,,253536,1,559,13037,37,65,0,83886092,0x0500000C,misc,,00000012.pro,-1,,0
1880,,253624,1,560,13038,38,65,0,83886092,0x0500000C,misc,,00000012.pro,-1,,0
1881,,253712,1,561,13039,39,65,0,83886092,0x0500000C,misc,,00000012.pro,-1,,0
1882,,253800,1,562,13054,54,65,0,50332243,0x03000253,wall,,00000595.pro,-1,,0
1883,,253888,1,563,13056,56,65,0,33554830,0x0200018E,scenery,generic,00000399.pro,-1,,0
1884,,253976,1,564,13060,60,65,0,33554499,0x02000043,scenery,generic,00000068.pro,-1,,0
1885,,254064,1,569,13098,98,65,0,50332178,0x03000212,wall,,00000530.pro,-1,,0
1886,,254152,1,570,13123,123,65,0,83886092,0x0500000C,misc,,00000012.pro,-1,,0
1887,,254240,1,571,13125,125,65,0,33554558,0x0200007E,scenery,generic,00000127.pro,-1,,0
1888,,254328,1,573,13132,132,65,0,83886096,0x05000010,misc,,00000016.pro,-1,,0
1889,,254432,1,574,13234,34,66,0,83886092,0x0500000C,misc,,00000012.pro,-1,,0
1890,,254520,1,575,13235,35,66,0,83886092,0x0500000C,misc,,00000012.pro,-1,,0
1891,,254608,1,576,13236,36,66,0,83886092,0x0500000C,misc,,00000012.pro,-1,,0
1892,,254696,1,577,13237,37,66,0,83886092,0x0500000C,misc,,00000012.pro,-1,,0
1893,,254784,1,578,13254,54,66,0,50332226,0x03000242,wall,,00000578.pro,-1,,0
1894,,254872,1,579,13258,58,66,0,33554499,0x02000043,scenery,generic,00000068.pro,-1,,0
1895,,254960,1,580,13259,59,66,0,33554499,0x02000043,scenery,generic,00000068.pro,-1,,0
1896,,255048,1,581,13261,61,66,0,33554499,0x02000043,scenery,generic,00000068.pro,-1,,0
1897,,255136,1,582,13262,62,66,0,33554499,0x02000043,scenery,generic,00000068.pro,-1,,0
1898,,255224,1,583,13262,62,66,0,33554763,0x0200014B,scenery,generic,00000332.pro,-1,,0
1899,,255312,1,584,13270,70,66,0,50332248,0x03000258,wall,,00000600.pro,-1,,0
1900,,255400,1,589,13284,84,66,0,50332248,0x03000258,wall,,00000600.pro,-1,,0
1901,,255488,1,590,13298,98,66,0,50332177,0x03000211,wall,,00000529.pro,-1,,0
1902,,255576,1,591,13314,114,66,0,33554499,0x02000043,scenery,generic,00000068.pro,-1,,0
1903,,255664,1,592,13316,116,66,0,33554499,0x02000043,scenery,generic,00000068.pro,-1,,0
1904,,255752,1,593,13318,118,66,0,33554499,0x02000043,scenery,generic,00000068.pro,-1,,0
1905,,255840,1,594,13320,120,66,0,33554499,0x02000043,scenery,generic,00000068.pro,-1,,0
1906,,255928,1,595,13322,122,66,0,33554499,0x02000043,scenery,generic,00000068.pro,-1,,0
1907,,256016,1,596,13323,123,66,0,83886092,0x0500000C,misc,,00000012.pro,-1,,0
1908,,256104,1,597,13324,124,66,0,83886092,0x0500000C,misc,,00000012.pro,-1,,0
1909,,256192,1,599,13333,133,66,0,83886096,0x05000010,misc,,00000016.pro,-1,,0
1910,,256296,1,600,13334,134,66,0,33554481,0x02000031,scenery,generic,00000050.pro,-1,,0
1911,,256384,1,601,13433,33,67,0,83886092,0x0500000C,misc,,00000012.pro,-1,,0
1912,,256472,1,602,13434,34,67,0,83886092,0x0500000C,misc,,00000012.pro,-1,,0
1913,,256560,1,603,13435,35,67,0,83886092,0x0500000C,misc,,00000012.pro,-1,,0
1914,,256648,1,604,13454,54,67,0,50332290,0x03000282,wall,,00000642.pro,-1,,0
1915,,256736,1,605,13455,55,67,0,33554829,0x0200018D,scenery,generic,00000398.pro,-1,,0
1916,,256824,1,606,13456,56,67,0,33554499,0x02000043,scenery,generic,00000068.pro,-1,,0
1917,,256912,1,607,13457,57,67,0,33554499,0x02000043,scenery,generic,00000068.pro,-1,,0
1918,,257000,1,608,13462,62,67,0,33554499,0x02000043,scenery,generic,00000068.pro,-1,,0
1919,,257088,1,609,13466,66,67,0,50332251,0x0300025B,wall,,00000603.pro,-1,,0
1920,,257176,1,610,13467,67,67,0,50332174,0x0300020E,wall,,00000526.pro,-1,,0
1921,,257264,1,611,13468,68,67,0,50332167,0x03000207,wall,,00000519.pro,-1,,0
1922,,257352,1,612,13469,69,67,0,50332173,0x0300020D,wall,,00000525.pro,-1,,0
1923,,257440,1,613,13470,70,67,0,50332256,0x03000260,wall,,00000608.pro,-1,,0
1924,,257528,1,614,13471,71,67,0,50332173,0x0300020D,wall,,00000525.pro,-1,,0
1925,,257616,1,615,13472,72,67,0,50332172,0x0300020C,wall,,00000524.pro,-1,,0
1926,,257704,1,616,13473,73,67,0,50332173,0x0300020D,wall,,00000525.pro,-1,,0
1927,,257792,1,617,13474,74,67,0,50332172,0x0300020C,wall,,00000524.pro,-1,,0
1928,,257880,1,618,13475,75,67,0,50332173,0x0300020D,wall,,00000525.pro,-1,,0
1929,,257968,1,619,13476,76,67,0,50332167,0x03000207,wall,,00000519.pro,-1,,0
1930,,258056,1,620,13477,77,67,0,50332173,0x0300020D,wall,,00000525.pro,-1,,0
1931,,258144,1,622,13478,78,67,0,50332172,0x0300020C,wall,,00000524.pro,-1,,0
1932,,258232,1,624,13479,79,67,0,50332173,0x0300020D,wall,,00000525.pro,-1,,0
1933,,258320,1,626,13480,80,67,0,50332167,0x03000207,wall,,00000519.pro,-1,,0
1934,,258408,1,628,13481,81,67,0,50332174,0x0300020E,wall,,00000526.pro,-1,,0
1935,,258496,1,629,13482,82,67,0,50332172,0x0300020C,wall,,00000524.pro,-1,,0
1936,,258584,1,630,13483,83,67,0,50332173,0x0300020D,wall,,00000525.pro,-1,,0
1937,,258672,1,631,13484,84,67,0,50332259,0x03000263,wall,,00000611.pro,-1,,0
1938,,258760,1,632,13498,98,67,0,50332178,0x03000212,wall,,00000530.pro,-1,,0
1939,,258848,1,633,13514,114,67,0,33554499,0x02000043,scenery,generic,00000068.pro,-1,,0
1940,,258936,1,634,13515,115,67,0,33554499,0x02000043,scenery,generic,00000068.pro,-1,,0
1941,,259024,1,635,13517,117,67,0,33554499,0x02000043,scenery,generic,00000068.pro,-1,,0
1942,,259112,1,636,13518,118,67,0,33554755,0x02000143,scenery,generic,00000324.pro,-1,,0
1943,,259200,1,637,13519,119,67,0,33554499,0x02000043,scenery,generic,00000068.pro,-1,,0
1944,,259288,1,638,13521,121,67,0,33554499,0x02000043,scenery,generic,00000068.pro,-1,,0
1945,,259376,1,639,13523,123,67,0,33554499,0x02000043,scenery,generic,00000068.pro,-1,,0
1946,,259464,1,640,13524,124,67,0,83886092,0x0500000C,misc,,00000012.pro,-1,,0
1947,,259552,1,643,13533,133,67,0,83886096,0x05000010,misc,,00000016.pro,-1,,0
1948,,259656,1,644,13534,134,67,0,83886096,0x05000010,misc,,00000016.pro,-1,,0
1949,,259760,1,645,13633,33,68,0,83886092,0x0500000C,misc,,00000012.pro,-1,,0
1950,,259848,1,646,13654,54,68,0,50332242,0x03000252,wall,,00000594.pro,-1,,0
1951,,259936,1,647,13656,56,68,0,33554499,0x02000043,scenery,generic,00000068.pro,-1,,0
1952,,260024,1,648,13662,62,68,0,33554499,0x02000043,scenery,generic,00000068.pro,-1,,0
1953,,260112,1,649,13666,66,68,0,50332269,0x0300026D,wall,,00000621.pro,-1,,0
1954,,260200,1,650,13667,67,68,0,50332270,0x0300026E,wall,,00000622.pro,-1,,0
1955,,260288,1,651,13669,69,68,0,50332270,0x0300026E,wall,,00000622.pro,-1,,0
1956,,260376,1,652,13671,71,68,0,50332270,0x0300026E,wall,,00000622.pro,-1,,0
1957,,260464,1,653,13673,73,68,0,50332270,0x0300026E,wall,,00000622.pro,-1,,0
1958,,260552,1,654,13675,75,68,0,50332270,0x0300026E,wall,,00000622.pro,-1,,0
1959,,260640,1,657,13677,77,68,0,50332270,0x0300026E,wall,,00000622.pro,-1,,0
1960,,260728,1,660,13679,79,68,0,50332270,0x0300026E,wall,,00000622.pro,-1,,0
1961,,260816,1,661,13681,81,68,0,50332270,0x0300026E,wall,,00000622.pro,-1,,0
1962,,260904,1,662,13683,83,68,0,50332270,0x0300026E,wall,,00000622.pro,-1,,0
1963,,260992,1,663,13684,84,68,0,50332269,0x0300026D,wall,,00000621.pro,-1,,0
1964,,261080,1,664,13689,89,68,0,33554573,0x0200008D,scenery,generic,00000142.pro,-1,,0
1965,,261168,1,665,13698,98,68,0,50332288,0x03000280,wall,,00000640.pro,-1,,0
1966,,261256,1,666,13714,114,68,0,33554499,0x02000043,scenery,generic,00000068.pro,-1,,0
1967,,261344,1,667,13723,123,68,0,33554499,0x02000043,scenery,generic,00000068.pro,-1,,0
1968,,261432,1,668,13725,125,68,0,83886092,0x0500000C,misc,,00000012.pro,-1,,0
1969,,261520,1,670,13734,134,68,0,83886096,0x05000010,misc,,00000016.pro,-1,,0
1970,,261624,1,671,13854,54,69,0,50332243,0x03000253,wall,,00000595.pro,-1,,0
1971,,261712,1,672,13857,57,69,0,33554499,0x02000043,scenery,generic,00000068.pro,-1,,0
1972,,261800,1,673,13858,58,69,0,33554499,0x02000043,scenery,generic,00000068.pro,-1,,0
1973,,261888,1,674,13860,60,69,0,33554499,0x02000043,scenery,generic,00000068.pro,-1,,0
1974,,261976,1,675,13862,62,69,0,33554499,0x02000043,scenery,generic,00000068.pro,-1,,0
1975,,262064,1,676,13866,66,69,0,50332177,0x03000211,wall,,00000529.pro,-1,,0
1976,,262152,1,682,13884,84,69,0,50332242,0x03000252,wall,,00000594.pro,-1,,0
1977,,262240,1,690,13898,98,69,0,50332177,0x03000211,wall,,00000529.pro,-1,,0
1978,,262328,1,691,13907,107,69,0,33554537,0x02000069,scenery,generic,00000106.pro,-1,,0
1979,,262416,1,692,13907,107,69,0,33554534,0x02000066,scenery,generic,00000103.pro,-1,,0
1980,,262504,1,693,13914,114,69,0,33554499,0x02000043,scenery,generic,00000068.pro,-1,,0
1981,,262592,1,694,13923,123,69,0,33554499,0x02000043,scenery,generic,00000068.pro,-1,,0
1982,,262680,1,695,13925,125,69,0,83886092,0x0500000C,misc,,00000012.pro,-1,,0
1983,,262768,1,696,13926,126,69,0,83886092,0x0500000C,misc,,00000012.pro,-1,,0
1984,,262856,1,698,13935,135,69,0,83886096,0x05000010,misc,,00000016.pro,-1,,0
1985,,262960,1,699,13936,136,69,0,33554481,0x02000031,scenery,generic,00000050.pro,-1,,0
1986,,263048,1,700,14054,54,70,0,50332291,0x03000283,wall,,00000643.pro,-1,,0
1987,,263136,1,701,14056,56,70,0,33554831,0x0200018F,scenery,generic,00000400.pro,-1,,0
1988,,263224,1,702,14057,57,70,0,33554830,0x0200018E,scenery,generic,00000399.pro,-1,,0
1989,,263312,1,703,14059,59,70,0,33554499,0x02000043,scenery,generic,00000068.pro,-1,,0
1990,,263400,1,704,14061,61,70,0,33554499,0x02000043,scenery,generic,00000068.pro,-1,,0
1991,,263488,1,705,14065,65,70,0,33554573,0x0200008D,scenery,generic,00000142.pro,-1,,0
1992,,263576,1,706,14066,66,70,0,50332178,0x03000212,wall,,00000530.pro,-1,,0
1993,,263664,1,711,14084,84,70,0,50332243,0x03000253,wall,,00000595.pro,-1,,0
1994,,263752,1,719,14096,96,70,0,33554776,0x02000158,scenery,generic,00000345.pro,-1,,0
1995,,263840,1,720,14097,97,70,0,33554776,0x02000158,scenery,generic,00000345.pro,-1,,0
1996,,263928,1,721,14098,98,70,0,50332178,0x03000212,wall,,00000530.pro,-1,,0
1997,,264016,1,722,14115,115,70,0,33554499,0x02000043,scenery,generic,00000068.pro,-1,,0
1998,,264104,1,723,14116,116,70,0,33554499,0x02000043,scenery,generic,00000068.pro,-1,,0
1999,,264192,1,724,14117,117,70,0,33554499,0x02000043,scenery,generic,00000068.pro,-1,,0
2000,,264280,1,725,14118,118,70,0,33554499,0x02000043,scenery,generic,00000068.pro,-1,,0
2001,,264368,1,726,14119,119,70,0,33554499,0x02000043,scenery,generic,00000068.pro,-1,,0
2002,,264456,1,727,14120,120,70,0,33554499,0x02000043,scenery,generic,00000068.pro,-1,,0
2003,,264544,1,728,14121,121,70,0,33554499,0x02000043,scenery,generic,00000068.pro,-1,,0
2004,,264632,1,729,14122,122,70,0,33554499,0x02000043,scenery,generic,00000068.pro,-1,,0
2005,,264720,1,730,14123,123,70,0,33554499,0x02000043,scenery,generic,00000068.pro,-1,,0
2006,,264808,1,731,14126,126,70,0,83886092,0x0500000C,misc,,00000012.pro,-1,,0
2007,,264896,1,734,14135,135,70,0,83886096,0x05000010,misc,,00000016.pro,-1,,0
2008,,265000,1,735,14136,136,70,0,83886096,0x05000010,misc,,00000016.pro,-1,,0
2009,,265104,1,736,14254,54,71,0,50332226,0x03000242,wall,,00000578.pro,-1,,0
2010,,265192,1,737,14256,56,71,0,33554830,0x0200018E,scenery,generic,00000399.pro,-1,,0
2011,,265280,1,738,14260,60,71,0,33554499,0x02000043,scenery,generic,00000068.pro,-1,,0
2012,,265368,1,739,14266,66,71,0,50332177,0x03000211,wall,,00000529.pro,-1,,0
2013,,265456,1,741,14270,70,71,0,50332241,0x03000251,wall,,00000593.pro,-1,,0
2014,,265544,1,743,14271,71,71,0,50332236,0x0300024C,wall,,00000588.pro,-1,,0
2015,,265632,1,745,14272,72,71,0,50332235,0x0300024B,wall,,00000587.pro,-1,,0
2016,,265720,1,747,14273,73,71,0,50332239,0x0300024F,wall,,00000591.pro,-1,,0
2017,,265808,1,748,14274,74,71,0,50332234,0x0300024A,wall,,00000586.pro,-1,,0
2018,,265896,1,749,14275,75,71,0,50332238,0x0300024E,wall,,00000590.pro,-1,,0
2019,,265984,1,750,14276,76,71,0,50332240,0x03000250,wall,,00000592.pro,-1,,0
2020,,266072,1,751,14277,77,71,0,50332236,0x0300024C,wall,,00000588.pro,-1,,0
2021,,266160,1,752,14278,78,71,0,50332240,0x03000250,wall,,00000592.pro,-1,,0
2022,,266248,1,753,14279,79,71,0,50332236,0x0300024C,wall,,00000588.pro,-1,,0
2023,,266336,1,754,14280,80,71,0,50332269,0x0300026D,wall,,00000621.pro,-1,,0
2024,,266424,1,755,14284,84,71,0,50332189,0x0300021D,wall,,00000541.pro,-1,,0
2025,,266512,1,756,14285,85,71,0,50332173,0x0300020D,wall,,00000525.pro,-1,,0
2026,,266600,1,757,14286,86,71,0,50332286,0x0300027E,wall,,00000638.pro,-1,,0
2027,,266688,1,758,14287,87,71,0,50332173,0x0300020D,wall,,00000525.pro,-1,,0
2028,,266776,1,759,14288,88,71,0,50332167,0x03000207,wall,,00000519.pro,-1,,0
2029,,266864,1,760,14289,89,71,0,50332174,0x0300020E,wall,,00000526.pro,-1,,0
2030,,266952,1,762,14290,90,71,0,50332287,0x0300027F,wall,,00000639.pro,-1,,0
2031,,267040,1,764,14291,91,71,0,50332173,0x0300020D,wall,,00000525.pro,-1,,0
2032,,267128,1,765,14292,92,71,0,50332172,0x0300020C,wall,,00000524.pro,-1,,0
2033,,267216,1,766,14293,93,71,0,50332138,0x030001EA,wall,,00000490.pro,-1,,0
2034,,267304,1,767,14295,95,71,0,50332137,0x030001E9,wall,,00000489.pro,-1,,0
2035,,267392,1,769,14296,96,71,0,50332167,0x03000207,wall,,00000519.pro,-1,,0
2036,,267480,1,770,14297,97,71,0,50332188,0x0300021C,wall,,00000540.pro,-1,,0
2037,,267568,1,771,14298,98,71,0,50332187,0x0300021B,wall,,00000539.pro,-1,,0
2038,,267656,1,772,14301,101,71,0,33554724,0x02000124,scenery,generic,00000293.pro,-1,,0
2039,,267744,1,773,14327,127,71,0,83886092,0x0500000C,misc,,00000012.pro,-1,,0
2040,,267832,1,775,14336,136,71,0,83886096,0x05000010,misc,,00000016.pro,-1,,0
2041,,267936,1,776,14454,54,72,0,50332223,0x0300023F,wall,,00000575.pro,-1,,0
2042,,268024,1,777,14455,55,72,0,33554831,0x0200018F,scenery,generic,00000400.pro,-1,,0
2043,,268112,1,778,14458,58,72,0,33554499,0x02000043,scenery,generic,00000068.pro,-1,,0
2044,,268200,1,779,14459,59,72,0,33554499,0x02000043,scenery,generic,00000068.pro,-1,,0
2045,,268288,1,780,14461,61,72,0,33554499,0x02000043,scenery,generic,00000068.pro,-1,,0
2046,,268376,1,781,14462,62,72,0,33554499,0x02000043,scenery,generic,00000068.pro,-1,,0
2047,,268464,1,782,14462,62,72,0,33554763,0x0200014B,scenery,generic,00000332.pro,-1,,0
2048,,268552,1,783,14466,66,72,0,50332178,0x03000212,wall,,00000530.pro,-1,,0
2049,,268640,1,787,14470,70,72,0,50332269,0x0300026D,wall,,00000621.pro,-1,,0
2050,,268728,1,789,14471,71,72,0,50332270,0x0300026E,wall,,00000622.pro,-1,,0
2051,,268816,1,790,14472,72,72,0,33554738,0x02000132,scenery,generic,00000307.pro,-1,,0
2052,,268904,1,791,14473,73,72,0,50332270,0x0300026E,wall,,00000622.pro,-1,,0
2053,,268992,1,792,14475,75,72,0,50332270,0x0300026E,wall,,00000622.pro,-1,,0
2054,,269080,1,793,14476,76,72,0,33554747,0x0200013B,scenery,generic,00000316.pro,-1,,0
2055,,269168,1,794,14477,77,72,0,50332270,0x0300026E,wall,,00000622.pro,-1,,0
2056,,269256,1,795,14479,79,72,0,50332270,0x0300026E,wall,,00000622.pro,-1,,0
2057,,269344,1,796,14480,80,72,0,50332186,0x0300021A,wall,,00000538.pro,-1,,0
2058,,269432,1,797,14485,85,72,0,50332270,0x0300026E,wall,,00000622.pro,-1,,0
2059,,269520,1,798,14486,86,72,0,33554707,0x02000113,scenery,generic,00000276.pro,-1,,0
2060,,269608,1,799,14487,87,72,0,50332270,0x0300026E,wall,,00000622.pro,-1,,0
2061,,269696,1,800,14489,89,72,0,50332270,0x0300026E,wall,,00000622.pro,-1,,0
2062,,269784,1,802,14490,90,72,0,33554556,0x0200007C,scenery,generic,00000125.pro,-1,,0
2063,,269872,1,804,14491,91,72,0,50332270,0x0300026E,wall,,00000622.pro,-1,,0
2064,,269960,1,806,14493,93,72,0,50332270,0x0300026E,wall,,00000622.pro,-1,,0
2065,,270048,1,809,14497,97,72,0,50332270,0x0300026E,wall,,00000622.pro,-1,,0
2066,,270136,1,810,14503,103,72,0,33554573,0x0200008D,scenery,generic,00000142.pro,-1,,0
2067,,270224,1,811,14527,127,72,0,83886092,0x0500000C,misc,,00000012.pro,-1,,0
2068,,270312,1,812,14528,128,72,0,83886092,0x0500000C,misc,,00000012.pro,-1,,0
2069,,270400,1,814,14537,137,72,0,83886096,0x05000010,misc,,00000016.pro,-1,,0
2070,,270504,1,815,14538,138,72,0,33554481,0x02000031,scenery,generic,00000050.pro,-1,,0
2071,,270592,1,816,14654,54,73,0,50332290,0x03000282,wall,,00000642.pro,-1,,0
2072,,270680,1,817,14655,55,73,0,33554829,0x0200018D,scenery,generic,00000398.pro,-1,,0
2073,,270768,1,818,14656,56,73,0,33554499,0x02000043,scenery,generic,00000068.pro,-1,,0
2074,,270856,1,819,14657,57,73,0,33554499,0x02000043,scenery,generic,00000068.pro,-1,,0
2075,,270944,1,820,14662,62,73,0,33554499,0x02000043,scenery,generic,00000068.pro,-1,,0
2076,,271032,1,822,14666,66,73,0,50332177,0x03000211,wall,,00000529.pro,-1,,0
2077,,271120,1,826,14670,70,73,0,50332222,0x0300023E,wall,,00000574.pro,-1,,0
2078,,271208,1,827,14673,73,73,0,33554499,0x02000043,scenery,generic,00000068.pro,-1,,0
2079,,271296,1,828,14680,80,73,0,50332155,0x030001FB,wall,,00000507.pro,-1,,0
2080,,271384,1,831,14691,91,73,0,33554558,0x0200007E,scenery,generic,00000127.pro,-1,,0
2081,,271472,1,832,14692,92,73,0,33554559,0x0200007F,scenery,generic,00000128.pro,-1,,0
2082,,271560,1,834,14728,128,73,0,83886092,0x0500000C,misc,,00000012.pro,-1,,0
2083,,271648,1,837,14737,137,73,0,83886096,0x05000010,misc,,00000016.pro,-1,,0
2084,,271752,1,838,14738,138,73,0,83886096,0x05000010,misc,,00000016.pro,-1,,0
2085,,271856,1,839,14854,54,74,0,50332243,0x03000253,wall,,00000595.pro,-1,,0
2086,,271944,1,840,14856,56,74,0,33554499,0x02000043,scenery,generic,00000068.pro,-1,,0
2087,,272032,1,841,14862,62,74,0,33554499,0x02000043,scenery,generic,00000068.pro,-1,,0
2088,,272120,1,845,14866,66,74,0,50332178,0x03000212,wall,,00000530.pro,-1,,0
2089,,272208,1,847,14870,70,74,0,50332223,0x0300023F,wall,,00000575.pro,-1,,0
2090,,272296,1,848,14873,73,74,0,33554499,0x02000043,scenery,generic,00000068.pro,-1,,0
2091,,272384,1,849,14875,75,74,2,16777225,0x01000009,critter,,00000009.pro,67108897,Terry.int,0
2092,,272512,1,850,14878,78,74,0,33554529,0x02000061,scenery,generic,00000098.pro,-1,,0
2093,,272600,1,851,14880,80,74,0,50332159,0x030001FF,wall,,00000511.pro,-1,,0
2094,,272688,1,854,14891,91,74,0,33554535,0x02000067,scenery,generic,00000104.pro,-1,,0
2095,,272776,1,856,14897,97,74,0,33554726,0x02000126,scenery,generic,00000295.pro,-1,,0
2096,,272864,1,857,14901,101,74,0,33554635,0x020000CB,scenery,generic,00000204.pro,-1,,0
2097,,272952,1,858,14929,129,74,0,83886092,0x0500000C,misc,,00000012.pro,-1,,0
2098,,273040,1,860,14938,138,74,0,83886096,0x05000010,misc,,00000016.pro,-1,,0
2099,,273144,1,861,15054,54,75,0,50332229,0x03000245,wall,,00000581.pro,-1,,0
2100,,273232,1,862,15057,57,75,0,33554499,0x02000043,scenery,generic,00000068.pro,-1,,0
2101,,273320,1,863,15058,58,75,0,33554499,0x02000043,scenery,generic,00000068.pro,-1,,0
2102,,273408,1,864,15060,60,75,0,33554499,0x02000043,scenery,generic,00000068.pro,-1,,0
2103,,273496,1,866,15062,62,75,0,33554499,0x02000043,scenery,generic,00000068.pro,-1,,0
2104,,273584,1,870,15066,66,75,0,50332177,0x03000211,wall,,00000529.pro,-1,,0
2105,,273672,1,871,15070,70,75,0,50332224,0x03000240,wall,,00000576.pro,-1,,0
2106,,273760,1,872,15071,71,75,0,33554499,0x02000043,scenery,generic,00000068.pro,-1,,0
2107,,273848,1,873,15072,72,75,0,33554499,0x02000043,scenery,generic,00000068.pro,-1,,0
2108,,273936,1,874,15073,73,75,0,33554499,0x02000043,scenery,generic,00000068.pro,-1,,0
2109,,274024,1,875,15074,74,75,0,33554573,0x0200008D,scenery,generic,00000142.pro,-1,,0
2110,,274112,1,876,15080,80,75,0,50332288,0x03000280,wall,,00000640.pro,-1,,0
2111,,274200,1,877,15083,83,75,0,33554536,0x02000068,scenery,generic,00000105.pro,-1,,0
2112,,274288,1,881,15129,129,75,0,83886092,0x0500000C,misc,,00000012.pro,-1,,0
2113,,274376,1,882,15130,130,75,0,83886092,0x0500000C,misc,,00000012.pro,-1,,0
2114,,274464,1,884,15139,139,75,0,83886096,0x05000010,misc,,00000016.pro,-1,,0
2115,,274568,1,885,15140,140,75,0,33554481,0x02000031,scenery,generic,00000050.pro,-1,,0
2116,,274656,1,886,15254,54,76,0,50332291,0x03000283,wall,,00000643.pro,-1,,0
2117,,274744,1,887,15255,55,76,0,33554830,0x0200018E,scenery,generic,00000399.pro,-1,,0
2118,,274832,1,888,15256,56,76,0,33554831,0x0200018F,scenery,generic,00000400.pro,-1,,0
2119,,274920,1,889,15259,59,76,0,33554499,0x02000043,scenery,generic,00000068.pro,-1,,0
2120,,275008,1,892,15261,61,76,0,33554499,0x02000043,scenery,generic,00000068.pro,-1,,0
2121,,275096,1,894,15262,62,76,0,33554830,0x0200018E,scenery,generic,00000399.pro,-1,,0
2122,,275184,1,896,15264,64,76,0,33554573,0x0200008D,scenery,generic,00000142.pro,-1,,0
2123,,275272,1,897,15266,66,76,0,50332178,0x03000212,wall,,00000530.pro,-1,,0
2124,,275360,1,898,15270,70,76,0,50332226,0x03000242,wall,,00000578.pro,-1,,0
2125,,275448,1,899,15280,80,76,0,50332157,0x030001FD,wall,,00000509.pro,-1,,0
2126,,275536,1,903,15297,97,76,0,33554573,0x0200008D,scenery,generic,00000142.pro,-1,,0
2127,,275624,1,904,15330,130,76,0,83886092,0x0500000C,misc,,00000012.pro,-1,,0
2128,,275712,1,907,15339,139,76,0,83886096,0x05000010,misc,,00000016.pro,-1,,0
2129,,275816,1,908,15340,140,76,0,83886096,0x05000010,misc,,00000016.pro,-1,,0
2130,,275920,1,909,15454,54,77,0,50332242,0x03000252,wall,,00000594.pro,-1,,0
2131,,276008,1,910,15456,56,77,0,33554829,0x0200018D,scenery,generic,00000398.pro,-1,,0
2132,,276096,1,912,15458,58,77,0,33554830,0x0200018E,scenery,generic,00000399.pro,-1,,0
2133,,276184,1,914,15459,59,77,0,33554831,0x0200018F,scenery,generic,00000400.pro,-1,,0
2134,,276272,1,917,15460,60,77,0,33554499,0x02000043,scenery,generic,00000068.pro,-1,,0
2135,,276360,1,925,15466,66,77,0,50332177,0x03000211,wall,,00000529.pro,-1,,0
2136,,276448,1,926,15470,70,77,0,50332243,0x03000253,wall,,00000595.pro,-1,,0
2137,,276536,1,927,15471,71,77,0,33554527,0x0200005F,scenery,generic,00000096.pro,-1,,0
2138,,276624,1,928,15480,80,77,0,50332155,0x030001FB,wall,,00000507.pro,-1,,0
2139,,276712,1,932,15521,121,77,0,33554723,0x02000123,scenery,generic,00000292.pro,-1,,0
2140,,276800,1,933,15531,131,77,0,83886092,0x0500000C,misc,,00000012.pro,-1,,0
2141,,276888,1,935,15540,140,77,0,83886096,0x05000010,misc,,00000016.pro,-1,,0
2142,,276992,1,936,15654,54,78,0,50332246,0x03000256,wall,,00000598.pro,-1,,0
2143,,277080,1,937,15655,55,78,0,33554831,0x0200018F,scenery,generic,00000400.pro,-1,,0
2144,,277168,1,941,15658,58,78,0,33554499,0x02000043,scenery,generic,00000068.pro,-1,,0
2145,,277256,1,943,15659,59,78,0,33554499,0x02000043,scenery,generic,00000068.pro,-1,,0
2146,,277344,1,946,15661,61,78,0,33554499,0x02000043,scenery,generic,00000068.pro,-1,,0
2147,,277432,1,948,15662,62,78,0,33554499,0x02000043,scenery,generic,00000068.pro,-1,,0
2148,,277520,1,949,15662,62,78,0,33554763,0x0200014B,scenery,generic,00000332.pro,-1,,0
2149,,277608,1,954,15666,66,78,0,50332178,0x03000212,wall,,00000530.pro,-1,,0
2150,,277696,1,955,15670,70,78,0,50332246,0x03000256,wall,,00000598.pro,-1,,0
2151,,277784,1,956,15680,80,78,0,50332289,0x03000281,wall,,00000641.pro,-1,,0
2152,,277872,1,960,15731,131,78,0,83886092,0x0500000C,misc,,00000012.pro,-1,,0
2153,,277960,1,961,15732,132,78,0,83886092,0x0500000C,misc,,00000012.pro,-1,,0
2154,,278048,1,963,15741,141,78,0,83886096,0x05000010,misc,,00000016.pro,-1,,0
2155,,278152,1,964,15742,142,78,0,33554481,0x02000031,scenery,generic,00000050.pro,-1,,0
2156,,278240,1,966,15854,54,79,0,50332290,0x03000282,wall,,00000642.pro,-1,,0
2157,,278328,1,968,15855,55,79,0,33554829,0x0200018D,scenery,generic,00000398.pro,-1,,0
2158,,278416,1,970,15856,56,79,0,33554499,0x02000043,scenery,generic,00000068.pro,-1,,0
2159,,278504,1,972,15857,57,79,0,33554499,0x02000043,scenery,generic,00000068.pro,-1,,0
2160,,278592,1,975,15862,62,79,0,33554499,0x02000043,scenery,generic,00000068.pro,-1,,0
2161,,278680,1,977,15866,66,79,0,50332177,0x03000211,wall,,00000529.pro,-1,,0
2162,,278768,1,978,15870,70,79,0,50332243,0x03000253,wall,,00000595.pro,-1,,0
2163,,278856,1,979,15880,80,79,0,50332156,0x030001FC,wall,,00000508.pro,-1,,0
2164,,278944,1,980,15883,83,79,0,33554724,0x02000124,scenery,generic,00000293.pro,-1,,0
2165,,279032,1,993,15920,120,79,0,50332284,0x0300027C,wall,,00000636.pro,-1,,0
2166,,279120,1,994,15921,121,79,0,50332283,0x0300027B,wall,,00000635.pro,-1,,0
2167,,279208,1,995,15922,122,79,0,50332215,0x03000237,wall,,00000567.pro,-1,,0
2168,,279296,1,996,15923,123,79,0,50332216,0x03000238,wall,,00000568.pro,-1,,0
2169,,279384,1,997,15924,124,79,0,50332293,0x03000285,wall,,00000645.pro,-1,,0
2170,,279472,1,998,15925,125,79,0,50332219,0x0300023B,wall,,00000571.pro,-1,,0
2171,,279560,1,999,15926,126,79,0,50332217,0x03000239,wall,,00000569.pro,-1,,0
2172,,279648,1,1000,15927,127,79,0,50332218,0x0300023A,wall,,00000570.pro,-1,,0
2173,,279736,1,1001,15928,128,79,0,50332214,0x03000236,wall,,00000566.pro,-1,,0
2174,,279824,1,1002,15929,129,79,0,50332236,0x0300024C,wall,,00000588.pro,-1,,0
2175,,279912,1,1003,15930,130,79,0,50332237,0x0300024D,wall,,00000589.pro,-1,,0
2176,,280000,1,1004,15931,131,79,0,50332236,0x0300024C,wall,,00000588.pro,-1,,0
2177,,280088,1,1005,15932,132,79,0,83886092,0x0500000C,misc,,00000012.pro,-1,,0
2178,,280176,1,1006,15932,132,79,0,50332292,0x03000284,wall,,00000644.pro,-1,,0
2179,,280264,1,1007,15933,133,79,0,50332216,0x03000238,wall,,00000568.pro,-1,,0
2180,,280352,1,1008,15934,134,79,0,50332214,0x03000236,wall,,00000566.pro,-1,,0
2181,,280440,1,1009,15935,135,79,0,50332269,0x0300026D,wall,,00000621.pro,-1,,0
2182,,280528,1,1010,15936,136,79,0,50332269,0x0300026D,wall,,00000621.pro,-1,,0
2183,,280616,1,1013,15941,141,79,0,83886096,0x05000010,misc,,00000016.pro,-1,,0
2184,,280720,1,1014,15942,142,79,0,83886096,0x05000010,misc,,00000016.pro,-1,,0
2185,,280824,1,1018,16054,54,80,0,50332249,0x03000259,wall,,00000601.pro,-1,,0
2186,,280912,1,1020,16056,56,80,0,33554499,0x02000043,scenery,generic,00000068.pro,-1,,0
2187,,281000,1,1023,16062,62,80,0,33554499,0x02000043,scenery,generic,00000068.pro,-1,,0
2188,,281088,1,1025,16066,66,80,0,50332178,0x03000212,wall,,00000530.pro,-1,,0
2189,,281176,1,1026,16070,70,80,0,50332243,0x03000253,wall,,00000595.pro,-1,,0
2190,,281264,1,1027,16078,78,80,0,33554776,0x02000158,scenery,generic,00000345.pro,-1,,0
2191,,281352,1,1028,16079,79,80,0,33554776,0x02000158,scenery,generic,00000345.pro,-1,,0
2192,,281440,1,1029,16080,80,80,0,50332155,0x030001FB,wall,,00000507.pro,-1,,0
2193,,281528,1,1030,16085,85,80,0,33554573,0x0200008D,scenery,generic,00000142.pro,-1,,0
2194,,281616,1,1037,16120,120,80,0,50332285,0x0300027D,wall,,00000637.pro,-1,,0
2195,,281704,1,1038,16121,121,80,0,50332270,0x0300026E,wall,,00000622.pro,-1,,0
2196,,281792,1,1039,16122,122,80,0,33554655,0x020000DF,scenery,generic,00000224.pro,-1,,0
2197,,281880,1,1040,16123,123,80,0,50332270,0x0300026E,wall,,00000622.pro,-1,,0
2198,,281968,1,1041,16124,124,80,0,33554653,0x020000DD,scenery,generic,00000222.pro,-1,,0
2199,,282056,1,1042,16125,125,80,0,50332270,0x0300026E,wall,,00000622.pro,-1,,0
2200,,282144,1,1043,16127,127,80,0,50332270,0x0300026E,wall,,00000622.pro,-1,,0
2201,,282232,1,1044,16128,128,80,0,33554499,0x02000043,scenery,generic,00000068.pro,-1,,0
2202,,282320,1,1045,16128,128,80,0,61,0x0000003D,item,container,00000061.pro,-1,,0
2203,,282408,1,1046,16129,129,80,0,50332270,0x0300026E,wall,,00000622.pro,-1,,0
2204,,282496,1,1047,16131,131,80,0,50332270,0x0300026E,wall,,00000622.pro,-1,,0
2205,,282584,1,1048,16133,133,80,0,50332270,0x0300026E,wall,,00000622.pro,-1,,0
2206,,282672,1,1049,16133,133,80,0,83886092,0x0500000C,misc,,00000012.pro,-1,,0
2207,,282760,1,1050,16135,135,80,0,50332270,0x0300026E,wall,,00000622.pro,-1,,0
2208,,282848,1,1051,16136,136,80,0,50332269,0x0300026D,wall,,00000621.pro,-1,,0
2209,,282936,1,1053,16142,142,80,0,83886096,0x05000010,misc,,00000016.pro,-1,,0
2210,,283040,1,1054,16235,35,81,0,33554559,0x0200007F,scenery,generic,00000128.pro,-1,,0
2211,,283128,1,1055,16236,36,81,0,33554557,0x0200007D,scenery,generic,00000126.pro,-1,,0
2212,,283216,1,1063,16254,54,81,0,50332246,0x03000256,wall,,00000598.pro,-1,,0
2213,,283304,1,1067,16257,57,81,0,33554499,0x02000043,scenery,generic,00000068.pro,-1,,0
2214,,283392,1,1069,16258,58,81,0,33554499,0x02000043,scenery,generic,00000068.pro,-1,,0
2215,,283480,1,1072,16260,60,81,0,33554499,0x02000043,scenery,generic,00000068.pro,-1,,0
2216,,283568,1,1074,16262,62,81,0,33554499,0x02000043,scenery,generic,00000068.pro,-1,,0
2217,,283656,1,1077,16266,66,81,0,50332177,0x03000211,wall,,00000529.pro,-1,,0
2218,,283744,1,1082,16270,70,81,0,50332185,0x03000219,wall,,00000537.pro,-1,,0
2219,,283832,1,1084,16271,71,81,0,50332150,0x030001F6,wall,,00000502.pro,-1,,0
2220,,283920,1,1086,16272,72,81,0,50332147,0x030001F3,wall,,00000499.pro,-1,,0
2221,,284008,1,1088,16273,73,81,0,50332150,0x030001F6,wall,,00000502.pro,-1,,0
2222,,284096,1,1090,16274,74,81,0,50332151,0x030001F7,wall,,00000503.pro,-1,,0
2223,,284184,1,1092,16275,75,81,0,50332138,0x030001EA,wall,,00000490.pro,-1,,0
2224,,284272,1,1094,16277,77,81,0,50332137,0x030001E9,wall,,00000489.pro,-1,,0
2225,,284360,1,1095,16278,78,81,0,50332147,0x030001F3,wall,,00000499.pro,-1,,0
2226,,284448,1,1096,16279,79,81,0,50332183,0x03000217,wall,,00000535.pro,-1,,0
2227,,284536,1,1097,16280,80,81,0,50332182,0x03000216,wall,,00000534.pro,-1,,0
2228,,284624,1,1098,16281,81,81,0,33554655,0x020000DF,scenery,generic,00000224.pro,-1,,0
2229,,284712,1,1103,16317,117,81,0,33554728,0x02000128,scenery,generic,00000297.pro,-1,,0
2230,,284800,1,1104,16320,120,81,0,50332269,0x0300026D,wall,,00000621.pro,-1,,0
2231,,284888,1,1105,16321,121,81,0,33554499,0x02000043,scenery,generic,00000068.pro,-1,,0
2232,,284976,1,1106,16322,122,81,0,33554499,0x02000043,scenery,generic,00000068.pro,-1,,0
2233,,285064,1,1107,16325,125,81,0,33554499,0x02000043,scenery,generic,00000068.pro,-1,,0
2234,,285152,1,1108,16333,133,81,0,83886092,0x0500000C,misc,,00000012.pro,-1,,0
2235,,285240,1,1109,16334,134,81,0,83886092,0x0500000C,misc,,00000012.pro,-1,,0
2236,,285328,1,1110,16336,136,81,0,50332269,0x0300026D,wall,,00000621.pro,-1,,0
2237,,285416,1,1111,16339,139,81,0,33554724,0x02000124,scenery,generic,00000293.pro,-1,,0
2238,,285504,1,1113,16343,143,81,0,83886096,0x05000010,misc,,00000016.pro,-1,,0
2239,,285608,1,1114,16344,144,81,0,33554481,0x02000031,scenery,generic,00000050.pro,-1,,0
2240,,285696,1,1121,16454,54,82,0,50332291,0x03000283,wall,,00000643.pro,-1,,0
2241,,285784,1,1123,16455,55,82,0,33554831,0x0200018F,scenery,generic,00000400.pro,-1,,0
2242,,285872,1,1124,16456,56,82,0,33554830,0x0200018E,scenery,generic,00000399.pro,-1,,0
2243,,285960,1,1127,16459,59,82,0,33554499,0x02000043,scenery,generic,00000068.pro,-1,,0
2244,,286048,1,1128,16460,60,82,0,33554829,0x0200018D,scenery,generic,00000398.pro,-1,,0
2245,,286136,1,1129,16461,61,82,0,33554499,0x02000043,scenery,generic,00000068.pro,-1,,0
2246,,286224,1,1130,16466,66,82,0,50332178,0x03000212,wall,,00000530.pro,-1,,0
2247,,286312,1,1134,16471,71,82,0,50332270,0x0300026E,wall,,00000622.pro,-1,,0
2248,,286400,1,1136,16473,73,82,0,50332270,0x0300026E,wall,,00000622.pro,-1,,0
2249,,286488,1,1138,16475,75,82,0,50332270,0x0300026E,wall,,00000622.pro,-1,,0
2250,,286576,1,1140,16479,79,82,0,50332270,0x0300026E,wall,,00000622.pro,-1,,0
2251,,286664,1,1141,16481,81,82,0,33554499,0x02000043,scenery,generic,00000068.pro,-1,,0
2252,,286752,1,1145,16520,120,82,0,50332243,0x03000253,wall,,00000595.pro,-1,,0
2253,,286840,1,1146,16534,134,82,0,83886092,0x0500000C,misc,,00000012.pro,-1,,0
2254,,286928,1,1147,16536,136,82,0,50332181,0x03000215,wall,,00000533.pro,-1,,0
2255,,287016,1,1150,16543,143,82,0,83886096,0x05000010,misc,,00000016.pro,-1,,0
2256,,287120,1,1151,16544,144,82,0,83886096,0x05000010,misc,,00000016.pro,-1,,0
2257,,287224,1,1158,16654,54,83,0,50332242,0x03000252,wall,,00000594.pro,-1,,0
2258,,287312,1,1159,16656,56,83,0,33554829,0x0200018D,scenery,generic,00000398.pro,-1,,0
2259,,287400,1,1160,16657,57,83,0,33554829,0x0200018D,scenery,generic,00000398.pro,-1,,0
2260,,287488,1,1162,16660,60,83,0,33554499,0x02000043,scenery,generic,00000068.pro,-1,,0
2261,,287576,1,1163,16662,62,83,0,33554573,0x0200008D,scenery,generic,00000142.pro,-1,,0
2262,,287664,1,1164,16666,66,83,0,50332177,0x03000211,wall,,00000529.pro,-1,,0
2263,,287752,1,1170,16720,120,83,0,50332246,0x03000256,wall,,00000598.pro,-1,,0
2264,,287840,1,1171,16730,130,83,0,33554638,0x020000CE,scenery,generic,00000207.pro,-1,,0
2265,,287928,1,1172,16735,135,83,0,83886092,0x0500000C,misc,,00000012.pro,-1,,0
2266,,288016,1,1173,16736,136,83,0,50332177,0x03000211,wall,,00000529.pro,-1,,0
2267,,288104,1,1175,16744,144,83,0,83886096,0x05000010,misc,,00000016.pro,-1,,0
2268,,288208,1,1182,16854,54,84,0,50332243,0x03000253,wall,,00000595.pro,-1,,0
2269,,288296,1,1183,16855,55,84,0,33554831,0x0200018F,scenery,generic,00000400.pro,-1,,0
2270,,288384,1,1184,16857,57,84,0,33554828,0x0200018C,scenery,generic,00000397.pro,-1,,0
2271,,288472,1,1185,16858,58,84,0,33554499,0x02000043,scenery,generic,00000068.pro,-1,,0
2272,,288560,1,1186,16859,59,84,0,33554654,0x020000DE,scenery,generic,00000223.pro,-1,,0
2273,,288648,1,1187,16860,60,84,0,33554499,0x02000043,scenery,generic,00000068.pro,-1,,0
2274,,288736,1,1188,16866,66,84,0,50332178,0x03000212,wall,,00000530.pro,-1,,0
2275,,288824,1,1190,16881,81,84,0,33554534,0x02000066,scenery,generic,00000103.pro,-1,,0
2276,,288912,1,1194,16920,120,84,0,50332291,0x03000283,wall,,00000643.pro,-1,,0
2277,,289000,1,1195,16935,135,84,0,83886092,0x0500000C,misc,,00000012.pro,-1,,0
2278,,289088,1,1196,16936,136,84,0,83886092,0x0500000C,misc,,00000012.pro,-1,,0
2279,,289176,1,1197,16936,136,84,0,50332288,0x03000280,wall,,00000640.pro,-1,,0
2280,,289264,1,1199,16945,145,84,0,83886096,0x05000010,misc,,00000016.pro,-1,,0
2281,,289368,1,1200,16946,146,84,0,33554481,0x02000031,scenery,generic,00000050.pro,-1,,0
2282,,289456,1,1207,17054,54,85,0,50332290,0x03000282,wall,,00000642.pro,-1,,0
2283,,289544,1,1208,17055,55,85,0,33554830,0x0200018E,scenery,generic,00000399.pro,-1,,0
2284,,289632,1,1209,17056,56,85,0,33554829,0x0200018D,scenery,generic,00000398.pro,-1,,0
2285,,289720,1,1210,17059,59,85,0,33554499,0x02000043,scenery,generic,00000068.pro,-1,,0
2286,,289808,1,1211,17066,66,85,0,50332258,0x03000262,wall,,00000610.pro,-1,,0
2287,,289896,1,1212,17067,67,85,0,50332239,0x0300024F,wall,,00000591.pro,-1,,0
2288,,289984,1,1213,17068,68,85,0,50332240,0x03000250,wall,,00000592.pro,-1,,0
2289,,290072,1,1214,17069,69,85,0,50332238,0x0300024E,wall,,00000590.pro,-1,,0
2290,,290160,1,1215,17070,70,85,0,50332237,0x0300024D,wall,,00000589.pro,-1,,0
2291,,290248,1,1216,17071,71,85,0,50332236,0x0300024C,wall,,00000588.pro,-1,,0
2292,,290336,1,1217,17072,72,85,0,50332257,0x03000261,wall,,00000609.pro,-1,,0
2293,,290424,1,1218,17073,73,85,0,50332238,0x0300024E,wall,,00000590.pro,-1,,0
2294,,290512,1,1219,17074,74,85,0,50332234,0x0300024A,wall,,00000586.pro,-1,,0
2295,,290600,1,1220,17075,75,85,0,50332236,0x0300024C,wall,,00000588.pro,-1,,0
2296,,290688,1,1222,17076,76,85,0,50332240,0x03000250,wall,,00000592.pro,-1,,0
2297,,290776,1,1223,17077,77,85,0,50332269,0x0300026D,wall,,00000621.pro,-1,,0
2298,,290864,1,1224,17078,78,85,0,50332269,0x0300026D,wall,,00000621.pro,-1,,0
2299,,290952,1,1228,17120,120,85,0,50332242,0x03000252,wall,,00000594.pro,-1,,0
2300,,291040,1,1229,17123,123,85,2,16777245,0x0100001D,critter,,00000029.pro,67108896,Childmem.int,1
2300/inventory/0,1,291172,1,1230,0,0,0,0,40,0x00000028,item,drug,00000040.pro,-1,,0
2301,,291260,1,1231,17136,136,85,0,83886092,0x0500000C,misc,,00000012.pro,-1,,0
2302,,291348,1,1232,17136,136,85,0,50332178,0x03000212,wall,,00000530.pro,-1,,0
2303,,291436,1,1235,17145,145,85,0,83886096,0x05000010,misc,,00000016.pro,-1,,0
2304,,291540,1,1236,17146,146,85,0,83886096,0x05000010,misc,,00000016.pro,-1,,0
2305,,291644,1,1241,17244,44,86,0,33554537,0x02000069,scenery,generic,00000106.pro,-1,,0
2306,,291732,1,1242,17245,45,86,0,33554534,0x02000066,scenery,generic,00000103.pro,-1,,0
2307,,291820,1,1245,17254,54,86,0,50332243,0x03000253,wall,,00000595.pro,-1,,0
2308,,291908,1,1247,17267,67,86,0,50332270,0x0300026E,wall,,00000622.pro,-1,,0
2309,,291996,1,1248,17269,69,86,0,50332270,0x0300026E,wall,,00000622.pro,-1,,0
2310,,292084,1,1249,17271,71,86,0,50332270,0x0300026E,wall,,00000622.pro,-1,,0
2311,,292172,1,1250,17272,72,86,0,50332269,0x0300026D,wall,,00000621.pro,-1,,0
2312,,292260,1,1251,17273,73,86,0,50332270,0x0300026E,wall,,00000622.pro,-1,,0
2313,,292348,1,1252,17274,74,86,0,33554499,0x02000043,scenery,generic,00000068.pro,-1,,0
2314,,292436,1,1253,17274,74,86,0,61,0x0000003D,item,container,00000061.pro,-1,,0
2315,,292524,1,1254,17275,75,86,0,50332270,0x0300026E,wall,,00000622.pro,-1,,0
2316,,292612,1,1256,17277,77,86,0,50332270,0x0300026E,wall,,00000622.pro,-1,,0
2317,,292700,1,1257,17278,78,86,0,50332190,0x0300021E,wall,,00000542.pro,-1,,0
2318,,292788,1,1260,17290,90,86,0,33554572,0x0200008C,scenery,ladder_down,00000141.pro,50331654,NWUp2Dn2.int,0
2319,,292880,1,1261,17290,90,86,0,33554576,0x02000090,scenery,door,00000145.pro,-1,,0
2320,,292972,1,1263,17320,120,86,0,50332243,0x03000253,wall,,00000595.pro,-1,,0
2321,,293060,1,1264,17336,136,86,0,50332177,0x03000211,wall,,00000529.pro,-1,,0
2322,,293148,1,1265,17337,137,86,0,83886092,0x0500000C,misc,,00000012.pro,-1,,0
2323,,293236,1,1267,17346,146,86,0,83886096,0x05000010,misc,,00000016.pro,-1,,0
2324,,293340,1,1274,17454,54,87,0,50332246,0x03000256,wall,,00000598.pro,-1,,0
2325,,293428,1,1276,17472,72,87,0,50332247,0x03000257,wall,,00000599.pro,-1,,0
2326,,293516,1,1278,17478,78,87,0,50332269,0x0300026D,wall,,00000621.pro,-1,,0
2327,,293604,1,1284,17495,95,87,0,33554573,0x0200008D,scenery,generic,00000142.pro,-1,,0
2328,,293692,1,1287,17497,97,87,0,33554725,0x02000125,scenery,generic,00000294.pro,-1,,0
2329,,293780,1,1291,17520,120,87,0,50332246,0x03000256,wall,,00000598.pro,-1,,0
2330,,293868,1,1292,17536,136,87,0,50332178,0x03000212,wall,,00000530.pro,-1,,0
2331,,293956,1,1293,17537,137,87,0,83886092,0x0500000C,misc,,00000012.pro,-1,,0
2332,,294044,1,1294,17538,138,87,0,83886092,0x0500000C,misc,,00000012.pro,-1,,0
2333,,294132,1,1296,17547,147,87,0,83886096,0x05000010,misc,,00000016.pro,-1,,0
2334,,294236,1,1297,17548,148,87,0,33554481,0x02000031,scenery,generic,00000050.pro,-1,,0
2335,,294324,1,1304,17654,54,88,0,50332291,0x03000283,wall,,00000643.pro,-1,,0
2336,,294412,1,1305,17672,72,88,0,33554765,0x0200014D,scenery,door,00000334.pro,50331658,WoodDoor.int,0
2337,,294504,1,1307,17678,78,88,0,50332288,0x03000280,wall,,00000640.pro,-1,,0
2338,,294592,1,1313,17696,96,88,1,16777225,0x01000009,critter,,00000009.pro,67108881,Larry.int,0
2339,,294720,1,1314,17703,103,88,0,33554557,0x0200007D,scenery,generic,00000126.pro,-1,,0
2340,,294808,1,1315,17703,103,88,0,33554534,0x02000066,scenery,generic,00000103.pro,-1,,0
2341,,294896,1,1316,17720,120,88,0,50332243,0x03000253,wall,,00000595.pro,-1,,0
2342,,294984,1,1317,17736,136,88,0,50332177,0x03000211,wall,,00000529.pro,-1,,0
2343,,295072,1,1318,17738,138,88,0,83886092,0x0500000C,misc,,00000012.pro,-1,,0
2344,,295160,1,1321,17747,147,88,0,83886096,0x05000010,misc,,00000016.pro,-1,,0
2345,,295264,1,1322,17748,148,88,0,83886096,0x05000010,misc,,00000016.pro,-1,,0
2346,,295368,1,1330,17854,54,89,0,50332242,0x03000252,wall,,00000594.pro,-1,,0
2347,,295456,1,1335,17858,58,89,0,33554573,0x0200008D,scenery,generic,00000142.pro,-1,,0
2348,,295544,1,1348,17872,72,89,0,50332248,0x03000258,wall,,00000600.pro,-1,,0
2349,,295632,1,1351,17876,76,89,0,33554640,0x020000D0,scenery,generic,00000209.pro,-1,,0
2350,,295720,1,1352,17878,78,89,0,50332177,0x03000211,wall,,00000529.pro,-1,,0
2351,,295808,1,1356,17920,120,89,0,50332261,0x03000265,wall,,00000613.pro,-1,,0
2352,,295896,1,1357,17921,121,89,0,50332216,0x03000238,wall,,00000568.pro,-1,,0
2353,,295984,1,1358,17922,122,89,0,50332217,0x03000239,wall,,00000569.pro,-1,,0
2354,,296072,1,1359,17923,123,89,0,50332211,0x03000233,wall,,00000563.pro,-1,,0
2355,,296160,1,1360,17925,125,89,0,50332236,0x0300024C,wall,,00000588.pro,-1,,0
2356,,296248,1,1361,17926,126,89,0,50332237,0x0300024D,wall,,00000589.pro,-1,,0
2357,,296336,1,1362,17927,127,89,0,50332236,0x0300024C,wall,,00000588.pro,-1,,0
2358,,296424,1,1363,17928,128,89,0,50332257,0x03000261,wall,,00000609.pro,-1,,0
2359,,296512,1,1364,17929,129,89,0,50332239,0x0300024F,wall,,00000591.pro,-1,,0
2360,,296600,1,1365,17930,130,89,0,50332237,0x0300024D,wall,,00000589.pro,-1,,0
2361,,296688,1,1366,17931,131,89,0,50332236,0x0300024C,wall,,00000588.pro,-1,,0
2362,,296776,1,1367,17932,132,89,0,50332235,0x0300024B,wall,,00000587.pro,-1,,0
2363,,296864,1,1368,17933,133,89,0,50332238,0x0300024E,wall,,00000590.pro,-1,,0
2364,,296952,1,1369,17934,134,89,0,50332234,0x0300024A,wall,,00000586.pro,-1,,0
2365,,297040,1,1370,17935,135,89,0,50332236,0x0300024C,wall,,00000588.pro,-1,,0
2366,,297128,1,1371,17936,136,89,0,50332255,0x0300025F,wall,,00000607.pro,-1,,0
2367,,297216,1,1372,17939,139,89,0,83886092,0x0500000C,misc,,00000012.pro,-1,,0
2368,,297304,1,1374,17948,148,89,0,83886096,0x05000010,misc,,00000016.pro,-1,,0
2369,,297408,1,1380,18054,54,90,0,50332243,0x03000253,wall,,00000595.pro,-1,,0
2370,,297496,1,1384,18072,72,90,0,50332242,0x03000252,wall,,00000594.pro,-1,,0
2371,,297584,1,1386,18078,78,90,0,50332178,0x03000212,wall,,00000530.pro,-1,,0
2372,,297672,1,1387,18079,79,90,0,33554705,0x02000111,scenery,generic,00000274.pro,-1,,0
2373,,297760,1,1391,18120,120,90,0,50332269,0x0300026D,wall,,00000621.pro,-1,,0
2374,,297848,1,1392,18121,121,90,0,50332270,0x0300026E,wall,,00000622.pro,-1,,0
2375,,297936,1,1393,18123,123,90,0,50332270,0x0300026E,wall,,00000622.pro,-1,,0
2376,,298024,1,1394,18125,125,90,0,50332210,0x03000232,wall,,00000562.pro,-1,,0
2377,,298112,1,1395,18127,127,90,0,50332270,0x0300026E,wall,,00000622.pro,-1,,0
2378,,298200,1,1396,18128,128,90,0,50332269,0x0300026D,wall,,00000621.pro,-1,,0
2379,,298288,1,1397,18129,129,90,0,50332270,0x0300026E,wall,,00000622.pro,-1,,0
2380,,298376,1,1398,18131,131,90,0,50332270,0x0300026E,wall,,00000622.pro,-1,,0
2381,,298464,1,1399,18133,133,90,0,50332270,0x0300026E,wall,,00000622.pro,-1,,0
2382,,298552,1,1400,18135,135,90,0,50332270,0x0300026E,wall,,00000622.pro,-1,,0
2383,,298640,1,1401,18136,136,90,0,50332269,0x0300026D,wall,,00000621.pro,-1,,0
2384,,298728,1,1402,18139,139,90,0,83886092,0x0500000C,misc,,00000012.pro,-1,,0
2385,,298816,1,1403,18140,140,90,0,83886092,0x0500000C,misc,,00000012.pro,-1,,0
2386,,298904,1,1405,18149,149,90,0,83886096,0x05000010,misc,,00000016.pro,-1,,0
2387,,299008,1,1406,18150,150,90,0,33554481,0x02000031,scenery,generic,00000050.pro,-1,,0
2388,,299096,1,1411,18254,54,91,0,50332261,0x03000265,wall,,00000613.pro,-1,,0
2389,,299184,1,1412,18255,55,91,0,50332231,0x03000247,wall,,00000583.pro,-1,,0
2390,,299272,1,1413,18256,56,91,0,33554764,0x0200014C,scenery,door,00000333.pro,50331659,WoodDoor.int,0
2391,,299364,1,1414,18257,57,91,0,50332239,0x0300024F,wall,,00000591.pro,-1,,0
2392,,299452,1,1415,18258,58,91,0,50332240,0x03000250,wall,,00000592.pro,-1,,0
2393,,299540,1,1416,18259,59,91,0,50332239,0x0300024F,wall,,00000591.pro,-1,,0
2394,,299628,1,1417,18260,60,91,0,50332257,0x03000261,wall,,00000609.pro,-1,,0
2395,,299716,1,1418,18261,61,91,0,50332231,0x03000247,wall,,00000583.pro,-1,,0
2396,,299804,1,1419,18262,62,91,0,33555077,0x02000285,scenery,door,00000646.pro,50331662,GDoor.int,0
2397,,299896,1,1420,18263,63,91,0,50332238,0x0300024E,wall,,00000590.pro,-1,,0
2398,,299984,1,1421,18264,64,91,0,50332237,0x0300024D,wall,,00000589.pro,-1,,0
2399,,300072,1,1422,18265,65,91,0,50332239,0x0300024F,wall,,00000591.pro,-1,,0
2400,,300160,1,1423,18266,66,91,0,50332257,0x03000261,wall,,00000609.pro,-1,,0
2401,,300248,1,1424,18267,67,91,0,50332231,0x03000247,wall,,00000583.pro,-1,,0
2402,,300336,1,1425,18268,68,91,0,33555077,0x02000285,scenery,door,00000646.pro,50331660,Door.int,0
2403,,300428,1,1426,18269,69,91,0,50332236,0x0300024C,wall,,00000588.pro,-1,,0
2404,,300516,1,1428,18270,70,91,0,50332234,0x0300024A,wall,,00000586.pro,-1,,0
2405,,300604,1,1430,18271,71,91,0,50332236,0x0300024C,wall,,00000588.pro,-1,,0
2406,,300692,1,1431,18272,72,91,0,50332259,0x03000263,wall,,00000611.pro,-1,,0
2407,,300780,1,1432,18273,73,91,0,33554531,0x02000063,scenery,generic,00000100.pro,-1,,0
2408,,300868,1,1434,18278,78,91,0,50332178,0x03000212,wall,,00000530.pro,-1,,0
2409,,300956,1,1438,18311,111,91,0,33554534,0x02000066,scenery,generic,00000103.pro,-1,,0
2410,,301044,1,1445,18317,117,91,0,33554725,0x02000125,scenery,generic,00000294.pro,-1,,0
2411,,301132,1,1447,18320,120,91,0,50332144,0x030001F0,wall,,00000496.pro,-1,,0
2412,,301220,1,1448,18328,128,91,0,50332227,0x03000243,wall,,00000579.pro,-1,,0
2413,,301308,1,1449,18336,136,91,0,50332178,0x03000212,wall,,00000530.pro,-1,,0
2414,,301396,1,1450,18340,140,91,0,83886092,0x0500000C,misc,,00000012.pro,-1,,0
2415,,301484,1,1453,18349,149,91,0,83886096,0x05000010,misc,,00000016.pro,-1,,0
2416,,301588,1,1454,18350,150,91,0,83886096,0x05000010,misc,,00000016.pro,-1,,0
2417,,301692,1,1458,18454,54,92,0,50332269,0x0300026D,wall,,00000621.pro,-1,,0
2418,,301780,1,1459,18455,55,92,0,50332270,0x0300026E,wall,,00000622.pro,-1,,0
2419,,301868,1,1460,18457,57,92,0,50332230,0x03000246,wall,,00000582.pro,-1,,0
2420,,301956,1,1461,18459,59,92,0,50332270,0x0300026E,wall,,00000622.pro,-1,,0
2421,,302044,1,1462,18460,60,92,0,50332269,0x0300026D,wall,,00000621.pro,-1,,0
2422,,302132,1,1463,18461,61,92,0,50332270,0x0300026E,wall,,00000622.pro,-1,,0
2423,,302220,1,1464,18463,63,92,0,50332230,0x03000246,wall,,00000582.pro,-1,,0
2424,,302308,1,1465,18465,65,92,0,50332270,0x0300026E,wall,,00000622.pro,-1,,0
2425,,302396,1,1466,18466,66,92,0,50332269,0x0300026D,wall,,00000621.pro,-1,,0
2426,,302484,1,1467,18467,67,92,0,50332270,0x0300026E,wall,,00000622.pro,-1,,0
2427,,302572,1,1468,18469,69,92,0,50332230,0x03000246,wall,,00000582.pro,-1,,0
2428,,302660,1,1471,18471,71,92,0,50332270,0x0300026E,wall,,00000622.pro,-1,,0
2429,,302748,1,1472,18472,72,92,0,50332269,0x0300026D,wall,,00000621.pro,-1,,0
2430,,302836,1,1474,18478,78,92,0,50332289,0x03000281,wall,,00000641.pro,-1,,0
2431,,302924,1,1475,18479,79,92,0,33554437,0x02000005,scenery,generic,00000005.pro,-1,,0
2432,,303012,1,1479,18511,111,92,0,33554537,0x02000069,scenery,generic,00000106.pro,-1,,0
2433,,303100,1,1480,18511,111,92,0,33554534,0x02000066,scenery,generic,00000103.pro,-1,,0
2434,,303188,1,1489,18536,136,92,0,50332289,0x03000281,wall,,00000641.pro,-1,,0
2435,,303276,1,1490,18541,141,92,0,83886092,0x0500000C,misc,,00000012.pro,-1,,0
2436,,303364,1,1492,18550,150,92,0,83886096,0x05000010,misc,,00000016.pro,-1,,0
2437,,303468,1,1494,18654,54,93,0,50332242,0x03000252,wall,,00000594.pro,-1,,0
2438,,303556,1,1495,18658,58,93,0,33554629,0x020000C5,scenery,ladder_down,00000198.pro,50331650,WtrHole.int,0
2439,,303648,1,1496,18660,60,93,0,50332242,0x03000252,wall,,00000594.pro,-1,,0
2440,,303736,1,1497,18666,66,93,0,50332242,0x03000252,wall,,00000594.pro,-1,,0
2441,,303824,1,1500,18672,72,93,0,50332243,0x03000253,wall,,00000595.pro,-1,,0
2442,,303912,1,1502,18678,78,93,0,50332178,0x03000212,wall,,00000530.pro,-1,,0
2443,,304000,1,1511,18720,120,93,0,50332143,0x030001EF,wall,,00000495.pro,-1,,0
2444,,304088,1,1520,18728,128,93,0,50332228,0x03000244,wall,,00000580.pro,-1,,0
2445,,304176,1,1523,18732,132,93,0,16777245,0x0100001D,critter,,00000029.pro,67108895,Childmem.int,1
2445/inventory/0,1,304308,1,1524,0,0,0,0,40,0x00000028,item,drug,00000040.pro,-1,,0
2446,,304396,1,1525,18736,136,93,0,50332177,0x03000211,wall,,00000529.pro,-1,,0
2447,,304484,1,1526,18741,141,93,0,83886092,0x0500000C,misc,,00000012.pro,-1,,0
2448,,304572,1,1527,18742,142,93,0,83886092,0x0500000C,misc,,00000012.pro,-1,,0
2449,,304660,1,1529,18751,151,93,0,83886096,0x05000010,misc,,00000016.pro,-1,,0
2450,,304764,1,1530,18752,152,93,0,33554481,0x02000031,scenery,generic,00000050.pro,-1,,0
2451,,304852,1,1531,18854,54,94,0,50332243,0x03000253,wall,,00000595.pro,-1,,0
2452,,304940,1,1532,18860,60,94,0,50332246,0x03000256,wall,,00000598.pro,-1,,0
2453,,305028,1,1533,18862,62,94,5,16777230,0x0100000E,critter,,00000014.pro,67108882,Prisonr.int,0
2454,,305156,1,1534,18866,66,94,0,50332249,0x03000259,wall,,00000601.pro,-1,,0
2455,,305244,1,1537,18872,72,94,0,50332249,0x03000259,wall,,00000601.pro,-1,,0
2456,,305332,1,1538,18873,73,94,0,33554499,0x02000043,scenery,generic,00000068.pro,-1,,0
2457,,305420,1,1540,18874,74,94,0,33554709,0x02000115,scenery,generic,00000278.pro,-1,,0
2458,,305508,1,1542,18878,78,94,0,50332177,0x03000211,wall,,00000529.pro,-1,,0
2459,,305596,1,1549,18920,120,94,0,50332243,0x03000253,wall,,00000595.pro,-1,,0
2460,,305684,1,1553,18926,126,94,0,33554776,0x02000158,scenery,generic,00000345.pro,-1,,0
2461,,305772,1,1555,18927,127,94,0,33554776,0x02000158,scenery,generic,00000345.pro,-1,,0
2462,,305860,1,1556,18928,128,94,0,50332226,0x03000242,wall,,00000578.pro,-1,,0
2463,,305948,1,1559,18936,136,94,0,50332178,0x03000212,wall,,00000530.pro,-1,,0
2464,,306036,1,1560,18942,142,94,0,83886092,0x0500000C,misc,,00000012.pro,-1,,0
2465,,306124,1,1563,18951,151,94,0,83886096,0x05000010,misc,,00000016.pro,-1,,0
2466,,306228,1,1564,18952,152,94,0,83886096,0x05000010,misc,,00000016.pro,-1,,0
2467,,306332,1,1573,19054,54,95,0,50332249,0x03000259,wall,,00000601.pro,-1,,0
2468,,306420,1,1578,19060,60,95,0,50332249,0x03000259,wall,,00000601.pro,-1,,0
2469,,306508,1,1579,19066,66,95,0,50332243,0x03000253,wall,,00000595.pro,-1,,0
2470,,306596,1,1582,19072,72,95,0,50332243,0x03000253,wall,,00000595.pro,-1,,0
2471,,306684,1,1583,19073,73,95,0,33554499,0x02000043,scenery,generic,00000068.pro,-1,,0
2472,,306772,1,1584,19074,74,95,0,33554499,0x02000043,scenery,generic,00000068.pro,-1,,0
2473,,306860,1,1585,19075,75,95,0,33554499,0x02000043,scenery,generic,00000068.pro,-1,,0
2474,,306948,1,1587,19078,78,95,0,50332177,0x03000211,wall,,00000529.pro,-1,,0
2475,,307036,1,1593,19120,120,95,0,50332261,0x03000265,wall,,00000613.pro,-1,,0
2476,,307124,1,1594,19121,121,95,0,50332239,0x0300024F,wall,,00000591.pro,-1,,0
2477,,307212,1,1595,19122,122,95,0,50332237,0x0300024D,wall,,00000589.pro,-1,,0
2478,,307300,1,1596,19123,123,95,0,50332236,0x0300024C,wall,,00000588.pro,-1,,0
2479,,307388,1,1597,19124,124,95,0,50332235,0x0300024B,wall,,00000587.pro,-1,,0
2480,,307476,1,1598,19125,125,95,0,50332238,0x0300024E,wall,,00000590.pro,-1,,0
2481,,307564,1,1599,19126,126,95,0,50332234,0x0300024A,wall,,00000586.pro,-1,,0
2482,,307652,1,1600,19127,127,95,0,50332239,0x0300024F,wall,,00000591.pro,-1,,0
2483,,307740,1,1602,19128,128,95,0,50332263,0x03000267,wall,,00000615.pro,-1,,0
2484,,307828,1,1604,19136,136,95,0,50332177,0x03000211,wall,,00000529.pro,-1,,0
2485,,307916,1,1605,19143,143,95,0,83886092,0x0500000C,misc,,00000012.pro,-1,,0
2486,,308004,1,1607,19152,152,95,0,83886096,0x05000010,misc,,00000016.pro,-1,,0
2487,,308108,1,1612,19254,54,96,0,50332243,0x03000253,wall,,00000595.pro,-1,,0
2488,,308196,1,1616,19260,60,96,0,50332243,0x03000253,wall,,00000595.pro,-1,,0
2489,,308284,1,1617,19263,63,96,0,33554638,0x020000CE,scenery,generic,00000207.pro,-1,,0
2490,,308372,1,1618,19266,66,96,0,50332246,0x03000256,wall,,00000598.pro,-1,,0
2491,,308460,1,1619,19269,69,96,0,33554639,0x020000CF,scenery,generic,00000208.pro,-1,,0
2492,,308548,1,1622,19272,72,96,0,50332249,0x03000259,wall,,00000601.pro,-1,,0
2493,,308636,1,1624,19278,78,96,0,50332288,0x03000280,wall,,00000640.pro,-1,,0
2494,,308724,1,1625,19280,80,96,0,33554558,0x0200007E,scenery,generic,00000127.pro,-1,,0
2495,,308812,1,1626,19280,80,96,0,33554534,0x02000066,scenery,generic,00000103.pro,-1,,0
2496,,308900,1,1632,19320,120,96,0,50332269,0x0300026D,wall,,00000621.pro,-1,,0
2497,,308988,1,1633,19321,121,96,0,50332270,0x0300026E,wall,,00000622.pro,-1,,0
2498,,309076,1,1634,19323,123,96,0,50332270,0x0300026E,wall,,00000622.pro,-1,,0
2499,,309164,1,1635,19325,125,96,0,50332270,0x0300026E,wall,,00000622.pro,-1,,0
2500,,309252,1,1636,19326,126,96,0,33554662,0x020000E6,scenery,generic,00000231.pro,-1,,0
2501,,309340,1,1637,19327,127,96,0,50332270,0x0300026E,wall,,00000622.pro,-1,,0
2502,,309428,1,1639,19336,136,96,0,50332178,0x03000212,wall,,00000530.pro,-1,,0
2503,,309516,1,1640,19343,143,96,0,83886092,0x0500000C,misc,,00000012.pro,-1,,0
2504,,309604,1,1641,19344,144,96,0,83886092,0x0500000C,misc,,00000012.pro,-1,,0
2505,,309692,1,1643,19353,153,96,0,83886096,0x05000010,misc,,00000016.pro,-1,,0
2506,,309796,1,1644,19354,154,96,0,33554481,0x02000031,scenery,generic,00000050.pro,-1,,0
2507,,309884,1,1645,19445,45,97,0,33554558,0x0200007E,scenery,generic,00000127.pro,-1,,0
2508,,309972,1,1648,19454,54,97,0,50332249,0x03000259,wall,,00000601.pro,-1,,0
2509,,310060,1,1650,19460,60,97,0,50332243,0x03000253,wall,,00000595.pro,-1,,0
2510,,310148,1,1652,19466,66,97,0,50332243,0x03000253,wall,,00000595.pro,-1,,0
2511,,310236,1,1658,19472,72,97,0,50332243,0x03000253,wall,,00000595.pro,-1,,0
2512,,310324,1,1662,19478,78,97,0,50332178,0x03000212,wall,,00000530.pro,-1,,0
2513,,310412,1,1664,19479,79,97,0,33554545,0x02000071,scenery,generic,00000114.pro,-1,,0
2514,,310500,1,1666,19480,80,97,0,33554557,0x0200007D,scenery,generic,00000126.pro,-1,,0
2515,,310588,1,1668,19481,81,97,0,33554557,0x0200007D,scenery,generic,00000126.pro,-1,,0
2516,,310676,1,1697,19520,120,97,0,50332242,0x03000252,wall,,00000594.pro,-1,,0
2517,,310764,1,1698,19523,123,97,0,33554499,0x02000043,scenery,generic,00000068.pro,-1,,0
2518,,310852,1,1706,19536,136,97,0,50332177,0x03000211,wall,,00000529.pro,-1,,0
2519,,310940,1,1708,19537,137,97,0,33554545,0x02000071,scenery,generic,00000114.pro,-1,,0
2520,,311028,1,1710,19538,138,97,0,33554534,0x02000066,scenery,generic,00000103.pro,-1,,0
2521,,311116,1,1718,19544,144,97,0,83886092,0x0500000C,misc,,00000012.pro,-1,,0
2522,,311204,1,1729,19553,153,97,0,83886096,0x05000010,misc,,00000016.pro,-1,,0
2523,,311308,1,1730,19554,154,97,0,83886096,0x05000010,misc,,00000016.pro,-1,,0
2524,,311412,1,1733,19654,54,98,0,50332246,0x03000256,wall,,00000598.pro,-1,,0
2525,,311500,1,1735,19660,60,98,0,50332246,0x03000256,wall,,00000598.pro,-1,,0
2526,,311588,1,1737,19666,66,98,0,50332246,0x03000256,wall,,00000598.pro,-1,,0
2527,,311676,1,1740,19672,72,98,0,50332243,0x03000253,wall,,00000595.pro,-1,,0
2528,,311764,1,1741,19676,76,98,0,33554776,0x02000158,scenery,generic,00000345.pro,-1,,0
2529,,311852,1,1743,19677,77,98,0,33554776,0x02000158,scenery,generic,00000345.pro,-1,,0
2530,,311940,1,1744,19678,78,98,0,50332177,0x03000211,wall,,00000529.pro,-1,,0
2531,,312028,1,1746,19679,79,98,0,33554544,0x02000070,scenery,generic,00000113.pro,-1,,0
2532,,312116,1,1761,19720,120,98,0,50332243,0x03000253,wall,,00000595.pro,-1,,0
2533,,312204,1,1762,19721,121,98,0,33554642,0x020000D2,scenery,generic,00000211.pro,-1,,0
2534,,312292,1,1763,19722,122,98,0,33554499,0x02000043,scenery,generic,00000068.pro,-1,,0
2535,,312380,1,1764,19723,123,98,0,33554499,0x02000043,scenery,generic,00000068.pro,-1,,0
2536,,312468,1,1768,19736,136,98,0,50332178,0x03000212,wall,,00000530.pro,-1,,0
2537,,312556,1,1770,19737,137,98,0,33554544,0x02000070,scenery,generic,00000113.pro,-1,,0
2538,,312644,1,1771,19738,138,98,0,33554536,0x02000068,scenery,generic,00000105.pro,-1,,0
2539,,312732,1,1776,19745,145,98,0,83886092,0x0500000C,misc,,00000012.pro,-1,,0
2540,,312820,1,1783,19754,154,98,0,83886096,0x05000010,misc,,00000016.pro,-1,,0
2541,,312924,1,1786,19854,54,99,0,50332189,0x0300021D,wall,,00000541.pro,-1,,0
2542,,313012,1,1787,19855,55,99,0,50332173,0x0300020D,wall,,00000525.pro,-1,,0
2543,,313100,1,1788,19856,56,99,0,50332287,0x0300027F,wall,,00000639.pro,-1,,0
2544,,313188,1,1789,19857,57,99,0,50332174,0x0300020E,wall,,00000526.pro,-1,,0
2545,,313276,1,1791,19858,58,99,0,50332167,0x03000207,wall,,00000519.pro,-1,,0
2546,,313364,1,1792,19859,59,99,0,50332173,0x0300020D,wall,,00000525.pro,-1,,0
2547,,313452,1,1793,19860,60,99,0,50332256,0x03000260,wall,,00000608.pro,-1,,0
2548,,313540,1,1794,19861,61,99,0,50332174,0x0300020E,wall,,00000526.pro,-1,,0
2549,,313628,1,1795,19862,62,99,0,50332286,0x0300027E,wall,,00000638.pro,-1,,0
2550,,313716,1,1796,19863,63,99,0,50332173,0x0300020D,wall,,00000525.pro,-1,,0
2551,,313804,1,1797,19864,64,99,0,50332167,0x03000207,wall,,00000519.pro,-1,,0
2552,,313892,1,1798,19865,65,99,0,50332174,0x0300020E,wall,,00000526.pro,-1,,0
2553,,313980,1,1800,19866,66,99,0,50332256,0x03000260,wall,,00000608.pro,-1,,0
2554,,314068,1,1802,19867,67,99,0,50332174,0x0300020E,wall,,00000526.pro,-1,,0
2555,,314156,1,1803,19868,68,99,0,50332287,0x0300027F,wall,,00000639.pro,-1,,0
2556,,314244,1,1804,19869,69,99,0,50332173,0x0300020D,wall,,00000525.pro,-1,,0
2557,,314332,1,1806,19870,70,99,0,50332172,0x0300020C,wall,,00000524.pro,-1,,0
2558,,314420,1,1807,19871,71,99,0,50332174,0x0300020E,wall,,00000526.pro,-1,,0
2559,,314508,1,1808,19872,72,99,0,50332256,0x03000260,wall,,00000608.pro,-1,,0
2560,,314596,1,1809,19873,73,99,0,50332174,0x0300020E,wall,,00000526.pro,-1,,0
2561,,314684,1,1810,19874,74,99,0,50332286,0x0300027E,wall,,00000638.pro,-1,,0
2562,,314772,1,1811,19875,75,99,0,50332173,0x0300020D,wall,,00000525.pro,-1,,0
2563,,314860,1,1812,19876,76,99,0,50332167,0x03000207,wall,,00000519.pro,-1,,0
2564,,314948,1,1813,19877,77,99,0,50332188,0x0300021C,wall,,00000540.pro,-1,,0
2565,,315036,1,1814,19878,78,99,0,50332187,0x0300021B,wall,,00000539.pro,-1,,0
2566,,315124,1,1816,19920,120,99,0,50332246,0x03000256,wall,,00000598.pro,-1,,0
2567,,315212,1,1818,19936,136,99,0,50332177,0x03000211,wall,,00000529.pro,-1,,0
2568,,315300,1,1819,19945,145,99,0,83886092,0x0500000C,misc,,00000012.pro,-1,,0
2569,,315388,1,1820,19946,146,99,0,83886092,0x0500000C,misc,,00000012.pro,-1,,0
2570,,315476,1,1823,19955,155,99,0,83886096,0x05000010,misc,,00000016.pro,-1,,0
2571,,315580,1,1824,19956,156,99,0,33554481,0x02000031,scenery,generic,00000050.pro,-1,,0
2572,,315668,1,1826,20033,33,100,0,83886092,0x0500000C,misc,,00000012.pro,-1,,0
2573,,315756,1,1827,20034,34,100,0,83886092,0x0500000C,misc,,00000012.pro,-1,,0
2574,,315844,1,1832,20055,55,100,0,50332270,0x0300026E,wall,,00000622.pro,-1,,0
2575,,315932,1,1833,20057,57,100,0,50332270,0x0300026E,wall,,00000622.pro,-1,,0
2576,,316020,1,1835,20059,59,100,0,50332270,0x0300026E,wall,,00000622.pro,-1,,0
2577,,316108,1,1836,20061,61,100,0,50332270,0x0300026E,wall,,00000622.pro,-1,,0
2578,,316196,1,1837,20063,63,100,0,50332270,0x0300026E,wall,,00000622.pro,-1,,0
2579,,316284,1,1838,20065,65,100,0,50332270,0x0300026E,wall,,00000622.pro,-1,,0
2580,,316372,1,1841,20067,67,100,0,50332270,0x0300026E,wall,,00000622.pro,-1,,0
2581,,316460,1,1842,20069,69,100,0,50332270,0x0300026E,wall,,00000622.pro,-1,,0
2582,,316548,1,1843,20071,71,100,0,50332270,0x0300026E,wall,,00000622.pro,-1,,0
2583,,316636,1,1844,20073,73,100,0,50332270,0x0300026E,wall,,00000622.pro,-1,,0
2584,,316724,1,1845,20074,74,100,0,33554652,0x020000DC,scenery,generic,00000221.pro,-1,,0
2585,,316812,1,1846,20075,75,100,0,50332270,0x0300026E,wall,,00000622.pro,-1,,0
2586,,316900,1,1847,20076,76,100,0,33554688,0x02000100,scenery,generic,00000257.pro,-1,,0
2587,,316988,1,1848,20077,77,100,0,50332270,0x0300026E,wall,,00000622.pro,-1,,0
2588,,317076,1,1849,20120,120,100,0,50332249,0x03000259,wall,,00000601.pro,-1,,0
2589,,317164,1,1850,20136,136,100,0,50332178,0x03000212,wall,,00000530.pro,-1,,0
2590,,317252,1,1851,20146,146,100,0,83886092,0x0500000C,misc,,00000012.pro,-1,,0
2591,,317340,1,1855,20155,155,100,0,83886096,0x05000010,misc,,00000016.pro,-1,,0
2592,,317444,1,1856,20156,156,100,0,83886096,0x05000010,misc,,00000016.pro,-1,,0
2593,,317548,1,1858,20234,34,101,0,83886092,0x0500000C,misc,,00000012.pro,-1,,0
2594,,317636,1,1865,20273,73,101,0,33554499,0x02000043,scenery,generic,00000068.pro,-1,,0
2595,,317724,1,1866,20274,74,101,0,33554499,0x02000043,scenery,generic,00000068.pro,-1,,0
2596,,317812,1,1867,20275,75,101,0,33554499,0x02000043,scenery,generic,00000068.pro,-1,,0
2597,,317900,1,1868,20305,105,101,0,33554535,0x02000067,scenery,generic,00000104.pro,-1,,0
2598,,317988,1,1869,20320,120,101,0,50332290,0x03000282,wall,,00000642.pro,-1,,0
2599,,318076,1,1870,20336,136,101,0,50332288,0x03000280,wall,,00000640.pro,-1,,0
2600,,318164,1,1871,20347,147,101,0,83886092,0x0500000C,misc,,00000012.pro,-1,,0
2601,,318252,1,1874,20356,156,101,0,83886096,0x05000010,misc,,00000016.pro,-1,,0
2602,,318356,1,1877,20435,35,102,0,83886092,0x0500000C,misc,,00000012.pro,-1,,0
2603,,318444,1,1883,20473,73,102,0,33554499,0x02000043,scenery,generic,00000068.pro,-1,,0
2604,,318532,1,1884,20475,75,102,0,33554557,0x0200007D,scenery,generic,00000126.pro,-1,,0
2605,,318620,1,1885,20476,76,102,0,33554559,0x0200007F,scenery,generic,00000128.pro,-1,,0
2606,,318708,1,1886,20520,120,102,0,50332242,0x03000252,wall,,00000594.pro,-1,,0
2607,,318796,1,1887,20536,136,102,0,50332177,0x03000211,wall,,00000529.pro,-1,,0
2608,,318884,1,1888,20547,147,102,0,83886092,0x0500000C,misc,,00000012.pro,-1,,0
2609,,318972,1,1889,20548,148,102,0,83886092,0x0500000C,misc,,00000012.pro,-1,,0
2610,,319060,1,1892,20556,156,102,0,33554559,0x0200007F,scenery,generic,00000128.pro,-1,,0
2611,,319148,1,1893,20557,157,102,0,83886096,0x05000010,misc,,00000016.pro,-1,,0
2612,,319252,1,1894,20558,158,102,0,33554481,0x02000031,scenery,generic,00000050.pro,-1,,0
2613,,319340,1,1896,20635,35,103,0,83886092,0x0500000C,misc,,00000012.pro,-1,,0
2614,,319428,1,1897,20636,36,103,0,83886092,0x0500000C,misc,,00000012.pro,-1,,0
2615,,319516,1,1900,20654,54,103,0,50332284,0x0300027C,wall,,00000636.pro,-1,,0
2616,,319604,1,1901,20655,55,103,0,50332283,0x0300027B,wall,,00000635.pro,-1,,0
2617,,319692,1,1902,20656,56,103,0,50332240,0x03000250,wall,,00000592.pro,-1,,0
2618,,319780,1,1903,20657,57,103,0,50332239,0x0300024F,wall,,00000591.pro,-1,,0
2619,,319868,1,1905,20658,58,103,0,50332293,0x03000285,wall,,00000645.pro,-1,,0
2620,,319956,1,1906,20659,59,103,0,50332236,0x0300024C,wall,,00000588.pro,-1,,0
2621,,320044,1,1907,20660,60,103,0,50332235,0x0300024B,wall,,00000587.pro,-1,,0
2622,,320132,1,1908,20661,61,103,0,50332238,0x0300024E,wall,,00000590.pro,-1,,0
2623,,320220,1,1909,20662,62,103,0,50332234,0x0300024A,wall,,00000586.pro,-1,,0
2624,,320308,1,1910,20663,63,103,0,50332239,0x0300024F,wall,,00000591.pro,-1,,0
2625,,320396,1,1911,20664,64,103,0,50332240,0x03000250,wall,,00000592.pro,-1,,0
2626,,320484,1,1912,20665,65,103,0,50332236,0x0300024C,wall,,00000588.pro,-1,,0
2627,,320572,1,1914,20666,66,103,0,50332237,0x0300024D,wall,,00000589.pro,-1,,0
2628,,320660,1,1916,20667,67,103,0,50332238,0x0300024E,wall,,00000590.pro,-1,,0
2629,,320748,1,1917,20668,68,103,0,50332292,0x03000284,wall,,00000644.pro,-1,,0
2630,,320836,1,1918,20669,69,103,0,50332236,0x0300024C,wall,,00000588.pro,-1,,0
2631,,320924,1,1919,20670,70,103,0,50332234,0x0300024A,wall,,00000586.pro,-1,,0
2632,,321012,1,1920,20671,71,103,0,50332269,0x0300026D,wall,,00000621.pro,-1,,0
2633,,321100,1,1921,20672,72,103,0,50332270,0x0300026E,wall,,00000622.pro,-1,,0
2634,,321188,1,1922,20675,75,103,0,33554558,0x0200007E,scenery,generic,00000127.pro,-1,,0
2635,,321276,1,1923,20675,75,103,0,33554534,0x02000066,scenery,generic,00000103.pro,-1,,0
2636,,321364,1,1924,20681,81,103,0,33554689,0x02000101,scenery,generic,00000258.pro,-1,,0
2637,,321452,1,1925,20720,120,103,0,50332243,0x03000253,wall,,00000595.pro,-1,,0
2638,,321540,1,1927,20736,136,103,0,50332178,0x03000212,wall,,00000530.pro,-1,,0
2639,,321628,1,1928,20748,148,103,0,83886092,0x0500000C,misc,,00000012.pro,-1,,0
2640,,321716,1,1932,20757,157,103,0,83886096,0x05000010,misc,,00000016.pro,-1,,0
2641,,321820,1,1933,20758,158,103,0,83886096,0x05000010,misc,,00000016.pro,-1,,0
2642,,321924,1,1935,20836,36,104,0,83886092,0x0500000C,misc,,00000012.pro,-1,,0
2643,,322012,1,1938,20854,54,104,0,50332285,0x0300027D,wall,,00000637.pro,-1,,0
2644,,322100,1,1939,20855,55,104,0,50332270,0x0300026E,wall,,00000622.pro,-1,,0
2645,,322188,1,1940,20857,57,104,0,50332270,0x0300026E,wall,,00000622.pro,-1,,0
2646,,322276,1,1942,20859,59,104,0,50332270,0x0300026E,wall,,00000622.pro,-1,,0
2647,,322364,1,1943,20860,60,104,0,33554665,0x020000E9,scenery,generic,00000234.pro,-1,,0
2648,,322452,1,1944,20861,61,104,0,50332270,0x0300026E,wall,,00000622.pro,-1,,0
2649,,322540,1,1945,20862,62,104,0,33554655,0x020000DF,scenery,generic,00000224.pro,-1,,0
2650,,322628,1,1946,20863,63,104,0,50332270,0x0300026E,wall,,00000622.pro,-1,,0
2651,,322716,1,1947,20865,65,104,0,50332270,0x0300026E,wall,,00000622.pro,-1,,0
2652,,322804,1,1950,20867,67,104,0,50332270,0x0300026E,wall,,00000622.pro,-1,,0
2653,,322892,1,1951,20869,69,104,0,50332270,0x0300026E,wall,,00000622.pro,-1,,0
2654,,322980,1,1952,20871,71,104,0,50332269,0x0300026D,wall,,00000621.pro,-1,,0
2655,,323068,1,1953,20872,72,104,0,50332269,0x0300026D,wall,,00000621.pro,-1,,0
2656,,323156,1,1954,20905,105,104,0,33554534,0x02000066,scenery,generic,00000103.pro,-1,,0
2657,,323244,1,1956,20920,120,104,0,50332269,0x0300026D,wall,,00000621.pro,-1,,0
2658,,323332,1,1957,20934,134,104,0,33554776,0x02000158,scenery,generic,00000345.pro,-1,,0
2659,,323420,1,1958,20935,135,104,0,33554776,0x02000158,scenery,generic,00000345.pro,-1,,0
2660,,323508,1,1959,20936,136,104,0,50332163,0x03000203,wall,,00000515.pro,-1,,0
2661,,323596,1,1960,20949,149,104,0,83886092,0x0500000C,misc,,00000012.pro,-1,,0
2662,,323684,1,1963,20958,158,104,0,83886096,0x05000010,misc,,00000016.pro,-1,,0
2663,,323788,1,1966,21037,37,105,0,83886092,0x0500000C,misc,,00000012.pro,-1,,0
2664,,323876,1,1974,21054,54,105,0,50332269,0x0300026D,wall,,00000621.pro,-1,,0
2665,,323964,1,1979,21061,61,105,0,33554499,0x02000043,scenery,generic,00000068.pro,-1,,0
2666,,324052,1,1980,21062,62,105,0,33554499,0x02000043,scenery,generic,00000068.pro,-1,,0
2667,,324140,1,1985,21072,72,105,0,50332269,0x0300026D,wall,,00000621.pro,-1,,0
2668,,324228,1,2018,21120,120,105,0,50332270,0x0300026E,wall,,00000622.pro,-1,,0
2669,,324316,1,2019,21121,121,105,0,50332175,0x0300020F,wall,,00000527.pro,-1,,0
2670,,324404,1,2020,21122,122,105,0,50332172,0x0300020C,wall,,00000524.pro,-1,,0
2671,,324492,1,2021,21123,123,105,0,50332174,0x0300020E,wall,,00000526.pro,-1,,0
2672,,324580,1,2022,21124,124,105,0,50332287,0x0300027F,wall,,00000639.pro,-1,,0
2673,,324668,1,2023,21125,125,105,0,50332173,0x0300020D,wall,,00000525.pro,-1,,0
2674,,324756,1,2024,21126,126,105,0,50332167,0x03000207,wall,,00000519.pro,-1,,0
2675,,324844,1,2025,21127,127,105,0,50332174,0x0300020E,wall,,00000526.pro,-1,,0
2676,,324932,1,2026,21128,128,105,0,50332172,0x0300020C,wall,,00000524.pro,-1,,0
2677,,325020,1,2027,21129,129,105,0,50332173,0x0300020D,wall,,00000525.pro,-1,,0
2678,,325108,1,2029,21130,130,105,0,50332286,0x0300027E,wall,,00000638.pro,-1,,0
2679,,325196,1,2031,21131,131,105,0,50332174,0x0300020E,wall,,00000526.pro,-1,,0
2680,,325284,1,2033,21132,132,105,0,50332167,0x03000207,wall,,00000519.pro,-1,,0
2681,,325372,1,2035,21133,133,105,0,50332173,0x0300020D,wall,,00000525.pro,-1,,0
2682,,325460,1,2037,21134,134,105,0,50332166,0x03000206,wall,,00000518.pro,-1,,0
2683,,325548,1,2039,21135,135,105,0,50332165,0x03000205,wall,,00000517.pro,-1,,0
2684,,325636,1,2041,21136,136,105,0,50332164,0x03000204,wall,,00000516.pro,-1,,0
2685,,325724,1,2045,21139,139,105,0,33554724,0x02000124,scenery,generic,00000293.pro,-1,,0
2686,,325812,1,2051,21148,148,105,0,33554535,0x02000067,scenery,generic,00000104.pro,-1,,0
2687,,325900,1,2052,21149,149,105,0,83886092,0x0500000C,misc,,00000012.pro,-1,,0
2688,,325988,1,2053,21150,150,105,0,83886092,0x0500000C,misc,,00000012.pro,-1,,0
2689,,326076,1,2060,21159,159,105,0,83886096,0x05000010,misc,,00000016.pro,-1,,0
2690,,326180,1,2061,21160,160,105,0,33554481,0x02000031,scenery,generic,00000050.pro,-1,,0
2691,,326268,1,2063,21237,37,106,0,83886092,0x0500000C,misc,,00000012.pro,-1,,0
2692,,326356,1,2064,21238,38,106,0,83886092,0x0500000C,misc,,00000012.pro,-1,,0
2693,,326444,1,2065,21254,54,106,0,50332229,0x03000245,wall,,00000581.pro,-1,,0
2694,,326532,1,2066,21257,57,106,0,33554638,0x020000CE,scenery,generic,00000207.pro,-1,,0
2695,,326620,1,2069,21272,72,106,0,50332181,0x03000215,wall,,00000533.pro,-1,,0
2696,,326708,1,2075,21321,121,106,0,50332270,0x0300026E,wall,,00000622.pro,-1,,0
2697,,326796,1,2076,21323,123,106,0,50332270,0x0300026E,wall,,00000622.pro,-1,,0
2698,,326884,1,2078,21324,124,106,0,33554702,0x0200010E,scenery,generic,00000271.pro,-1,,0
2699,,326972,1,2079,21325,125,106,0,50332270,0x0300026E,wall,,00000622.pro,-1,,0
2700,,327060,1,2080,21327,127,106,0,50332270,0x0300026E,wall,,00000622.pro,-1,,0
2701,,327148,1,2081,21329,129,106,0,50332270,0x0300026E,wall,,00000622.pro,-1,,0
2702,,327236,1,2083,21331,131,106,0,50332270,0x0300026E,wall,,00000622.pro,-1,,0
2703,,327324,1,2084,21332,132,106,0,33554706,0x02000112,scenery,generic,00000275.pro,-1,,0
2704,,327412,1,2085,21333,133,106,0,50332270,0x0300026E,wall,,00000622.pro,-1,,0
2705,,327500,1,2086,21335,135,106,0,50332270,0x0300026E,wall,,00000622.pro,-1,,0
2706,,327588,1,2087,21336,136,106,0,33554653,0x020000DD,scenery,generic,00000222.pro,-1,,0
2707,,327676,1,2088,21337,137,106,0,33554499,0x02000043,scenery,generic,00000068.pro,-1,,0
2708,,327764,1,2092,21350,150,106,0,83886092,0x0500000C,misc,,00000012.pro,-1,,0
2709,,327852,1,2096,21359,159,106,0,83886096,0x05000010,misc,,00000016.pro,-1,,0
2710,,327956,1,2097,21360,160,106,0,83886096,0x05000010,misc,,00000016.pro,-1,,0
2711,,328060,1,2099,21438,38,107,0,83886092,0x0500000C,misc,,00000012.pro,-1,,0
2712,,328148,1,2100,21454,54,107,0,50332290,0x03000282,wall,,00000642.pro,-1,,0
2713,,328236,1,2101,21465,65,107,2,16777230,0x0100000E,critter,,00000014.pro,67108885,HotGhoul.int,0
2714,,328364,1,2103,21472,72,107,0,50332177,0x03000211,wall,,00000529.pro,-1,,0
2715,,328452,1,2104,21474,74,107,0,33554697,0x02000109,scenery,generic,00000266.pro,-1,,0
2716,,328540,1,2112,21537,137,107,0,33554499,0x02000043,scenery,generic,00000068.pro,-1,,0
2717,,328628,1,2116,21551,151,107,0,83886092,0x0500000C,misc,,00000012.pro,-1,,0
2718,,328716,1,2120,21560,160,107,0,83886096,0x05000010,misc,,00000016.pro,-1,,0
2719,,328820,1,2123,21639,39,108,0,83886092,0x0500000C,misc,,00000012.pro,-1,,0
2720,,328908,1,2124,21654,54,108,0,50332243,0x03000253,wall,,00000595.pro,-1,,0
2721,,328996,1,2126,21672,72,108,0,50332288,0x03000280,wall,,00000640.pro,-1,,0
2722,,329084,1,2132,21721,121,108,0,33554726,0x02000126,scenery,generic,00000295.pro,-1,,0
2723,,329172,1,2133,21727,127,108,0,33554675,0x020000F3,scenery,generic,00000244.pro,-1,,0
2724,,329260,1,2135,21735,135,108,0,33554726,0x02000126,scenery,generic,00000295.pro,-1,,0
2725,,329348,1,2138,21751,151,108,0,83886092,0x0500000C,misc,,00000012.pro,-1,,0
2726,,329436,1,2139,21752,152,108,0,83886092,0x0500000C,misc,,00000012.pro,-1,,0
2727,,329524,1,2142,21761,161,108,0,83886096,0x05000010,misc,,00000016.pro,-1,,0
2728,,329628,1,2143,21762,162,108,0,33554481,0x02000031,scenery,generic,00000050.pro,-1,,0
2729,,329716,1,2145,21839,39,109,0,83886092,0x0500000C,misc,,00000012.pro,-1,,0
2730,,329804,1,2146,21839,39,109,0,33554536,0x02000068,scenery,generic,00000105.pro,-1,,0
2731,,329892,1,2147,21840,40,109,0,83886092,0x0500000C,misc,,00000012.pro,-1,,0
2732,,329980,1,2148,21854,54,109,0,50332246,0x03000256,wall,,00000598.pro,-1,,0
2733,,330068,1,2149,21855,55,109,0,33554499,0x02000043,scenery,generic,00000068.pro,-1,,0
2734,,330156,1,2150,21855,55,109,0,65,0x00000041,item,container,00000065.pro,50331657,Stuff.int,0
2735,,330244,1,2154,21872,72,109,0,50332177,0x03000211,wall,,00000529.pro,-1,,0
2736,,330332,1,2156,21873,73,109,0,33554701,0x0200010D,scenery,generic,00000270.pro,-1,,0
2737,,330420,1,2188,21952,152,109,0,83886092,0x0500000C,misc,,00000012.pro,-1,,0
2738,,330508,1,2192,21961,161,109,0,83886096,0x05000010,misc,,00000016.pro,-1,,0
2739,,330612,1,2193,21962,162,109,0,83886096,0x05000010,misc,,00000016.pro,-1,,0
2740,,330716,1,2195,22040,40,110,0,83886092,0x0500000C,misc,,00000012.pro,-1,,0
2741,,330804,1,2196,22054,54,110,0,50332243,0x03000253,wall,,00000595.pro,-1,,0
2742,,330892,1,2197,22055,55,110,0,33554499,0x02000043,scenery,generic,00000068.pro,-1,,0
2743,,330980,1,2198,22072,72,110,0,50332178,0x03000212,wall,,00000530.pro,-1,,0
2744,,331068,1,2199,22073,73,110,0,33554499,0x02000043,scenery,generic,00000068.pro,-1,,0
2745,,331156,1,2202,22153,153,110,0,83886092,0x0500000C,misc,,00000012.pro,-1,,0
2746,,331244,1,2205,22162,162,110,0,83886096,0x05000010,misc,,00000016.pro,-1,,0
2747,,331348,1,2208,22241,41,111,0,83886092,0x0500000C,misc,,00000012.pro,-1,,0
2748,,331436,1,2209,22254,54,111,0,50332261,0x03000265,wall,,00000613.pro,-1,,0
2749,,331524,1,2210,22255,55,111,0,50332239,0x0300024F,wall,,00000591.pro,-1,,0
2750,,331612,1,2211,22256,56,111,0,50332279,0x03000277,wall,,00000631.pro,-1,,0
2751,,331700,1,2212,22257,57,111,0,50332270,0x0300026E,wall,,00000622.pro,-1,,0
2752,,331788,1,2213,22260,60,111,0,50332280,0x03000278,wall,,00000632.pro,-1,,0
2753,,331876,1,2214,22261,61,111,0,50332213,0x03000235,wall,,00000565.pro,-1,,0
2754,,331964,1,2215,22262,62,111,0,50332212,0x03000234,wall,,00000564.pro,-1,,0
2755,,332052,1,2216,22263,63,111,0,50332211,0x03000233,wall,,00000563.pro,-1,,0
2756,,332140,1,2217,22265,65,111,0,50332219,0x0300023B,wall,,00000571.pro,-1,,0
2757,,332228,1,2218,22266,66,111,0,50332215,0x03000237,wall,,00000567.pro,-1,,0
2758,,332316,1,2219,22267,67,111,0,50332216,0x03000238,wall,,00000568.pro,-1,,0
2759,,332404,1,2220,22268,68,111,0,50332214,0x03000236,wall,,00000566.pro,-1,,0
2760,,332492,1,2221,22269,69,111,0,50332216,0x03000238,wall,,00000568.pro,-1,,0
2761,,332580,1,2222,22270,70,111,0,50332217,0x03000239,wall,,00000569.pro,-1,,0
2762,,332668,1,2223,22271,71,111,0,50332236,0x0300024C,wall,,00000588.pro,-1,,0
2763,,332756,1,2224,22272,72,111,0,50332255,0x0300025F,wall,,00000607.pro,-1,,0
2764,,332844,1,2228,22353,153,111,0,83886092,0x0500000C,misc,,00000012.pro,-1,,0
2765,,332932,1,2229,22354,154,111,0,83886092,0x0500000C,misc,,00000012.pro,-1,,0
2766,,333020,1,2232,22363,163,111,0,83886096,0x05000010,misc,,00000016.pro,-1,,0
2767,,333124,1,2233,22364,164,111,0,33554481,0x02000031,scenery,generic,00000050.pro,-1,,0
2768,,333212,1,2235,22441,41,112,0,83886092,0x0500000C,misc,,00000012.pro,-1,,0
2769,,333300,1,2236,22442,42,112,0,83886092,0x0500000C,misc,,00000012.pro,-1,,0
2770,,333388,1,2237,22448,48,112,0,33554535,0x02000067,scenery,generic,00000104.pro,-1,,0
2771,,333476,1,2238,22454,54,112,0,50332269,0x0300026D,wall,,00000621.pro,-1,,0
2772,,333564,1,2239,22455,55,112,0,50332270,0x0300026E,wall,,00000622.pro,-1,,0
2773,,333652,1,2240,22456,56,112,0,33554499,0x02000043,scenery,generic,00000068.pro,-1,,0
2774,,333740,1,2241,22457,57,112,0,50332270,0x0300026E,wall,,00000622.pro,-1,,0
2775,,333828,1,2242,22460,60,112,0,33554499,0x02000043,scenery,generic,00000068.pro,-1,,0
2776,,333916,1,2243,22461,61,112,0,50332270,0x0300026E,wall,,00000622.pro,-1,,0
2777,,334004,1,2244,22462,62,112,0,33554499,0x02000043,scenery,generic,00000068.pro,-1,,0
2778,,334092,1,2245,22463,63,112,0,50332270,0x0300026E,wall,,00000622.pro,-1,,0
2779,,334180,1,2246,22465,65,112,0,50332210,0x03000232,wall,,00000562.pro,-1,,0
2780,,334268,1,2247,22467,67,112,0,50332270,0x0300026E,wall,,00000622.pro,-1,,0
2781,,334356,1,2248,22469,69,112,0,50332270,0x0300026E,wall,,00000622.pro,-1,,0
2782,,334444,1,2249,22471,71,112,0,50332270,0x0300026E,wall,,00000622.pro,-1,,0
2783,,334532,1,2250,22472,72,112,0,50332269,0x0300026D,wall,,00000621.pro,-1,,0
2784,,334620,1,2253,22554,154,112,0,83886092,0x0500000C,misc,,00000012.pro,-1,,0
2785,,334708,1,2257,22563,163,112,0,83886096,0x05000010,misc,,00000016.pro,-1,,0
2786,,334812,1,2258,22564,164,112,0,83886096,0x05000010,misc,,00000016.pro,-1,,0
2787,,334916,1,2260,22642,42,113,0,83886092,0x0500000C,misc,,00000012.pro,-1,,0
2788,,335004,1,2261,22654,54,113,0,50332242,0x03000252,wall,,00000594.pro,-1,,0
2789,,335092,1,2262,22655,55,113,0,33554734,0x0200012E,scenery,generic,00000303.pro,-1,,0
2790,,335180,1,2263,22656,56,113,0,33554499,0x02000043,scenery,generic,00000068.pro,-1,,0
2791,,335268,1,2264,22660,60,113,0,33554499,0x02000043,scenery,generic,00000068.pro,-1,,0
2792,,335356,1,2265,22661,61,113,0,33554736,0x02000130,scenery,generic,00000305.pro,-1,,0
2793,,335444,1,2266,22662,62,113,0,33554499,0x02000043,scenery,generic,00000068.pro,-1,,0
2794,,335532,1,2267,22672,72,113,0,50332178,0x03000212,wall,,00000530.pro,-1,,0
2795,,335620,1,2268,22697,97,113,0,33554727,0x02000127,scenery,generic,00000296.pro,-1,,0
2796,,335708,1,2269,22732,132,113,0,33554572,0x0200008C,scenery,ladder_down,00000141.pro,50331655,NWUp2Dn1.int,0
2797,,335800,1,2270,22732,132,113,0,33554576,0x02000090,scenery,door,00000145.pro,-1,,0
2798,,335892,1,2274,22754,154,113,0,33554537,0x02000069,scenery,generic,00000106.pro,-1,,0
2799,,335980,1,2275,22755,155,113,0,83886092,0x0500000C,misc,,00000012.pro,-1,,0
2800,,336068,1,2278,22764,164,113,0,83886096,0x05000010,misc,,00000016.pro,-1,,0
2801,,336172,1,2281,22843,43,114,0,83886092,0x0500000C,misc,,00000012.pro,-1,,0
2802,,336260,1,2282,22854,54,114,0,50332243,0x03000253,wall,,00000595.pro,-1,,0
2803,,336348,1,2283,22859,59,114,5,16777230,0x0100000E,critter,,00000014.pro,67108884,HotGhoul.int,0
2804,,336476,1,2284,22860,60,114,0,33554499,0x02000043,scenery,generic,00000068.pro,-1,,0
2805,,336564,1,2285,22861,61,114,0,33554499,0x02000043,scenery,generic,00000068.pro,-1,,0
2806,,336652,1,2286,22872,72,114,0,50332273,0x03000271,wall,,00000625.pro,-1,,0
2807,,336740,1,2289,22955,155,114,0,83886092,0x0500000C,misc,,00000012.pro,-1,,0
2808,,336828,1,2291,22956,156,114,0,83886092,0x0500000C,misc,,00000012.pro,-1,,0
2809,,336916,1,2293,22965,165,114,0,83886096,0x05000010,misc,,00000016.pro,-1,,0
2810,,337020,1,2294,22966,166,114,0,33554481,0x02000031,scenery,generic,00000050.pro,-1,,0
2811,,337108,1,2296,23043,43,115,0,83886092,0x0500000C,misc,,00000012.pro,-1,,0
2812,,337196,1,2297,23044,44,115,0,83886092,0x0500000C,misc,,00000012.pro,-1,,0
2813,,337284,1,2298,23054,54,115,0,50332246,0x03000256,wall,,00000598.pro,-1,,0
2814,,337372,1,2299,23061,61,115,0,33554499,0x02000043,scenery,generic,00000068.pro,-1,,0
2815,,337460,1,2300,23066,66,115,3,16777230,0x0100000E,critter,,00000014.pro,67108883,HotGhoul.int,1
2815/inventory/0,1,337592,1,2301,0,0,0,0,4,0x00000004,item,weapon,00000012.pro,-1,,0
2816,,337688,1,2306,23156,156,115,0,83886092,0x0500000C,misc,,00000012.pro,-1,,0
2817,,337776,1,2309,23165,165,115,0,83886096,0x05000010,misc,,00000016.pro,-1,,0
2818,,337880,1,2310,23166,166,115,0,83886096,0x05000010,misc,,00000016.pro,-1,,0
2819,,337984,1,2312,23244,44,116,0,83886092,0x0500000C,misc,,00000012.pro,-1,,0
2820,,338072,1,2313,23254,54,116,0,50332291,0x03000283,wall,,00000643.pro,-1,,0
2821,,338160,1,2314,23277,77,116,0,33554558,0x0200007E,scenery,generic,00000127.pro,-1,,0
2822,,338248,1,2318,23357,157,116,0,83886092,0x0500000C,misc,,00000012.pro,-1,,0
2823,,338336,1,2320,23366,166,116,0,83886096,0x05000010,misc,,00000016.pro,-1,,0
2824,,338440,1,2323,23445,45,117,0,83886092,0x0500000C,misc,,00000012.pro,-1,,0
2825,,338528,1,2324,23454,54,117,0,50332249,0x03000259,wall,,00000601.pro,-1,,0
2826,,338616,1,2325,23472,72,117,0,50332274,0x03000272,wall,,00000626.pro,-1,,0
2827,,338704,1,2326,23477,77,117,0,33554534,0x02000066,scenery,generic,00000103.pro,-1,,0
2828,,338792,1,2327,23478,78,117,0,33554537,0x02000069,scenery,generic,00000106.pro,-1,,0
2829,,338880,1,2332,23557,157,117,0,83886092,0x0500000C,misc,,00000012.pro,-1,,0
2830,,338968,1,2333,23558,158,117,0,83886092,0x0500000C,misc,,00000012.pro,-1,,0
2831,,339056,1,2338,23567,167,117,0,83886096,0x05000010,misc,,00000016.pro,-1,,0
2832,,339160,1,2339,23568,168,117,0,33554481,0x02000031,scenery,generic,00000050.pro,-1,,0
2833,,339248,1,2341,23645,45,118,0,83886092,0x0500000C,misc,,00000012.pro,-1,,0
2834,,339336,1,2342,23646,46,118,0,83886092,0x0500000C,misc,,00000012.pro,-1,,0
2835,,339424,1,2343,23654,54,118,0,50332246,0x03000256,wall,,00000598.pro,-1,,0
2836,,339512,1,2344,23672,72,118,0,50332177,0x03000211,wall,,00000529.pro,-1,,0
2837,,339600,1,2347,23749,149,118,0,33554534,0x02000066,scenery,generic,00000103.pro,-1,,0
2838,,339688,1,2349,23758,158,118,0,83886092,0x0500000C,misc,,00000012.pro,-1,,0
2839,,339776,1,2355,23767,167,118,0,83886096,0x05000010,misc,,00000016.pro,-1,,0
2840,,339880,1,2356,23768,168,118,0,83886103,0x05000017,misc,,00000023.pro,-1,,0
2841,,339984,1,2357,23769,169,118,0,83886103,0x05000017,misc,,00000023.pro,-1,,0
2842,,340088,1,2358,23770,170,118,0,83886103,0x05000017,misc,,00000023.pro,-1,,0
2843,,340192,1,2359,23771,171,118,0,83886103,0x05000017,misc,,00000023.pro,-1,,0
2844,,340296,1,2360,23772,172,118,0,33554481,0x02000031,scenery,generic,00000050.pro,-1,,0
2845,,340384,1,2361,23772,172,118,0,83886103,0x05000017,misc,,00000023.pro,-1,,0
2846,,340488,1,2363,23846,46,119,0,83886092,0x0500000C,misc,,00000012.pro,-1,,0
2847,,340576,1,2367,23854,54,119,0,50332249,0x03000259,wall,,00000601.pro,-1,,0
2848,,340664,1,2387,23872,72,119,0,50332178,0x03000212,wall,,00000530.pro,-1,,0
2849,,340752,1,2396,23917,117,119,0,33554775,0x02000157,scenery,generic,00000344.pro,-1,,0
2850,,340840,1,2397,23921,121,119,0,33554723,0x02000123,scenery,generic,00000292.pro,-1,,0
2851,,340928,1,2398,23935,135,119,0,33554723,0x02000123,scenery,generic,00000292.pro,-1,,0
2852,,341016,1,2399,23939,139,119,0,33554634,0x020000CA,scenery,generic,00000203.pro,-1,,0
2853,,341104,1,2405,23959,159,119,0,83886092,0x0500000C,misc,,00000012.pro,-1,,0
2854,,341192,1,2410,24047,47,120,0,83886092,0x0500000C,misc,,00000012.pro,-1,,0
2855,,341280,1,2413,24054,54,120,0,50332269,0x0300026D,wall,,00000621.pro,-1,,0
2856,,341368,1,2422,24070,70,120,0,33554776,0x02000158,scenery,generic,00000345.pro,-1,,0
2857,,341456,1,2424,24071,71,120,0,33554776,0x02000158,scenery,generic,00000345.pro,-1,,0
2858,,341544,1,2425,24072,72,120,0,50332163,0x03000203,wall,,00000515.pro,-1,,0
2859,,341632,1,2428,24075,75,120,0,33554438,0x02000006,scenery,generic,00000006.pro,-1,,0
2860,,341720,1,2432,24085,85,120,0,33554499,0x02000043,scenery,generic,00000068.pro,-1,,0
2861,,341808,1,2433,24086,86,120,0,33554499,0x02000043,scenery,generic,00000068.pro,-1,,0
2862,,341896,1,2434,24087,87,120,0,33554499,0x02000043,scenery,generic,00000068.pro,-1,,0
2863,,341984,1,2435,24088,88,120,0,33554659,0x020000E3,scenery,generic,00000228.pro,-1,,0
2864,,342072,1,2436,24089,89,120,0,33554499,0x02000043,scenery,generic,00000068.pro,-1,,0
2865,,342160,1,2437,24090,90,120,0,33554499,0x02000043,scenery,generic,00000068.pro,-1,,0
2866,,342248,1,2438,24091,91,120,0,33554499,0x02000043,scenery,generic,00000068.pro,-1,,0
2867,,342336,1,2439,24092,92,120,0,33554499,0x02000043,scenery,generic,00000068.pro,-1,,0
2868,,342424,1,2440,24118,118,120,0,33554437,0x02000005,scenery,generic,00000005.pro,-1,,0
2869,,342512,1,2449,24159,159,120,0,83886092,0x0500000C,misc,,00000012.pro,-1,,0
2870,,342600,1,2450,24160,160,120,0,83886092,0x0500000C,misc,,00000012.pro,-1,,0
2871,,342688,1,2452,24247,47,121,0,83886092,0x0500000C,misc,,00000012.pro,-1,,0
2872,,342776,1,2453,24248,48,121,0,83886092,0x0500000C,misc,,00000012.pro,-1,,0
2873,,342864,1,2456,24254,54,121,0,50332270,0x0300026E,wall,,00000622.pro,-1,,0
2874,,342952,1,2457,24255,55,121,0,50332175,0x0300020F,wall,,00000527.pro,-1,,0
2875,,343040,1,2458,24256,56,121,0,50332172,0x0300020C,wall,,00000524.pro,-1,,0
2876,,343128,1,2459,24257,57,121,0,50332173,0x0300020D,wall,,00000525.pro,-1,,0
2877,,343216,1,2460,24258,58,121,0,50332287,0x0300027F,wall,,00000639.pro,-1,,0
2878,,343304,1,2461,24259,59,121,0,50332174,0x0300020E,wall,,00000526.pro,-1,,0
2879,,343392,1,2462,24260,60,121,0,50332167,0x03000207,wall,,00000519.pro,-1,,0
2880,,343480,1,2464,24261,61,121,0,50332173,0x0300020D,wall,,00000525.pro,-1,,0
2881,,343568,1,2465,24262,62,121,0,50332172,0x0300020C,wall,,00000524.pro,-1,,0
2882,,343656,1,2466,24263,63,121,0,50332174,0x0300020E,wall,,00000526.pro,-1,,0
2883,,343744,1,2467,24264,64,121,0,50332167,0x03000207,wall,,00000519.pro,-1,,0
2884,,343832,1,2468,24265,65,121,0,50332173,0x0300020D,wall,,00000525.pro,-1,,0
2885,,343920,1,2469,24266,66,121,0,50332172,0x0300020C,wall,,00000524.pro,-1,,0
2886,,344008,1,2470,24267,67,121,0,50332174,0x0300020E,wall,,00000526.pro,-1,,0
2887,,344096,1,2471,24268,68,121,0,50332286,0x0300027E,wall,,00000638.pro,-1,,0
2888,,344184,1,2472,24269,69,121,0,50332173,0x0300020D,wall,,00000525.pro,-1,,0
2889,,344272,1,2473,24270,70,121,0,50332166,0x03000206,wall,,00000518.pro,-1,,0
2890,,344360,1,2474,24271,71,121,0,50332165,0x03000205,wall,,00000517.pro,-1,,0
2891,,344448,1,2475,24272,72,121,0,50332164,0x03000204,wall,,00000516.pro,-1,,0
2892,,344536,1,2477,24285,85,121,0,33554499,0x02000043,scenery,generic,00000068.pro,-1,,0
2893,,344624,1,2478,24292,92,121,0,33554499,0x02000043,scenery,generic,00000068.pro,-1,,0
2894,,344712,1,2479,24324,124,121,0,50332284,0x0300027C,wall,,00000636.pro,-1,,0
2895,,344800,1,2480,24325,125,121,0,50332283,0x0300027B,wall,,00000635.pro,-1,,0
2896,,344888,1,2481,24326,126,121,0,50332217,0x03000239,wall,,00000569.pro,-1,,0
2897,,344976,1,2482,24327,127,121,0,50332216,0x03000238,wall,,00000568.pro,-1,,0
2898,,345064,1,2483,24328,128,121,0,50332293,0x03000285,wall,,00000645.pro,-1,,0
2899,,345152,1,2484,24329,129,121,0,50332239,0x0300024F,wall,,00000591.pro,-1,,0
2900,,345240,1,2485,24330,130,121,0,50332240,0x03000250,wall,,00000592.pro,-1,,0
2901,,345328,1,2486,24331,131,121,0,50332238,0x0300024E,wall,,00000590.pro,-1,,0
2902,,345416,1,2487,24332,132,121,0,50332292,0x03000284,wall,,00000644.pro,-1,,0
2903,,345504,1,2488,24333,133,121,0,50332236,0x0300024C,wall,,00000588.pro,-1,,0
2904,,345592,1,2489,24334,134,121,0,50332240,0x03000250,wall,,00000592.pro,-1,,0
2905,,345680,1,2490,24335,135,121,0,50332269,0x0300026D,wall,,00000621.pro,-1,,0
2906,,345768,1,2491,24336,136,121,0,50332269,0x0300026D,wall,,00000621.pro,-1,,0
2907,,345856,1,2509,24360,160,121,0,83886092,0x0500000C,misc,,00000012.pro,-1,,0
2908,,345944,1,2511,24448,48,122,0,83886092,0x0500000C,misc,,00000012.pro,-1,,0
2909,,346032,1,2514,24455,55,122,0,50332270,0x0300026E,wall,,00000622.pro,-1,,0
2910,,346120,1,2515,24457,57,122,0,50332270,0x0300026E,wall,,00000622.pro,-1,,0
2911,,346208,1,2516,24459,59,122,0,50332270,0x0300026E,wall,,00000622.pro,-1,,0
2912,,346296,1,2517,24461,61,122,0,50332270,0x0300026E,wall,,00000622.pro,-1,,0
2913,,346384,1,2518,24463,63,122,0,50332270,0x0300026E,wall,,00000622.pro,-1,,0
2914,,346472,1,2519,24465,65,122,0,50332270,0x0300026E,wall,,00000622.pro,-1,,0
2915,,346560,1,2520,24467,67,122,0,50332270,0x0300026E,wall,,00000622.pro,-1,,0
2916,,346648,1,2521,24469,69,122,0,50332270,0x0300026E,wall,,00000622.pro,-1,,0
2917,,346736,1,2522,24471,71,122,0,50332270,0x0300026E,wall,,00000622.pro,-1,,0
2918,,346824,1,2524,24485,85,122,0,33554499,0x02000043,scenery,generic,00000068.pro,-1,,0
2919,,346912,1,2525,24492,92,122,0,33554499,0x02000043,scenery,generic,00000068.pro,-1,,0
2920,,347000,1,2526,24509,109,122,0,33554534,0x02000066,scenery,generic,00000103.pro,-1,,0
2921,,347088,1,2527,24524,124,122,0,50332285,0x0300027D,wall,,00000637.pro,-1,,0
2922,,347176,1,2528,24525,125,122,0,50332270,0x0300026E,wall,,00000622.pro,-1,,0
2923,,347264,1,2529,24527,127,122,0,50332270,0x0300026E,wall,,00000622.pro,-1,,0
2924,,347352,1,2530,24529,129,122,0,50332270,0x0300026E,wall,,00000622.pro,-1,,0
2925,,347440,1,2531,24531,131,122,0,50332270,0x0300026E,wall,,00000622.pro,-1,,0
2926,,347528,1,2532,24533,133,122,0,50332270,0x0300026E,wall,,00000622.pro,-1,,0
2927,,347616,1,2533,24535,135,122,0,50332270,0x0300026E,wall,,00000622.pro,-1,,0
2928,,347704,1,2534,24536,136,122,0,50332269,0x0300026D,wall,,00000621.pro,-1,,0
2929,,347792,1,2539,24561,161,122,0,83886092,0x0500000C,misc,,00000012.pro,-1,,0
2930,,347880,1,2542,24649,49,123,0,83886092,0x0500000C,misc,,00000012.pro,-1,,0
2931,,347968,1,2546,24685,85,123,0,33554499,0x02000043,scenery,generic,00000068.pro,-1,,0
2932,,348056,1,2547,24686,86,123,0,33554499,0x02000043,scenery,generic,00000068.pro,-1,,0
2933,,348144,1,2548,24687,87,123,0,33554499,0x02000043,scenery,generic,00000068.pro,-1,,0
2934,,348232,1,2549,24688,88,123,0,33554499,0x02000043,scenery,generic,00000068.pro,-1,,0
2935,,348320,1,2550,24689,89,123,0,33554499,0x02000043,scenery,generic,00000068.pro,-1,,0
2936,,348408,1,2551,24690,90,123,0,33554499,0x02000043,scenery,generic,00000068.pro,-1,,0
2937,,348496,1,2552,24691,91,123,0,33554499,0x02000043,scenery,generic,00000068.pro,-1,,0
2938,,348584,1,2553,24692,92,123,0,33554499,0x02000043,scenery,generic,00000068.pro,-1,,0
2939,,348672,1,2554,24709,109,123,0,33554536,0x02000068,scenery,generic,00000105.pro,-1,,0
2940,,348760,1,2555,24710,110,123,0,33554534,0x02000066,scenery,generic,00000103.pro,-1,,0
2941,,348848,1,2556,24724,124,123,0,50332269,0x0300026D,wall,,00000621.pro,-1,,0
2942,,348936,1,2557,24736,136,123,0,50332269,0x0300026D,wall,,00000621.pro,-1,,0
2943,,349024,1,2558,24739,139,123,0,33554724,0x02000124,scenery,generic,00000293.pro,-1,,0
2944,,349112,1,2563,24761,161,123,0,83886092,0x0500000C,misc,,00000012.pro,-1,,0
2945,,349200,1,2564,24762,162,123,0,83886092,0x0500000C,misc,,00000012.pro,-1,,0
2946,,349288,1,2566,24849,49,124,0,83886092,0x0500000C,misc,,00000012.pro,-1,,0
2947,,349376,1,2567,24850,50,124,0,83886092,0x0500000C,misc,,00000012.pro,-1,,0
2948,,349464,1,2571,24924,124,124,0,50332226,0x03000242,wall,,00000578.pro,-1,,0
2949,,349552,1,2572,24928,128,124,0,33554639,0x020000CF,scenery,generic,00000208.pro,-1,,0
2950,,349640,1,2573,24936,136,124,0,50332181,0x03000215,wall,,00000533.pro,-1,,0
2951,,349728,1,2578,24955,155,124,0,33554557,0x0200007D,scenery,generic,00000126.pro,-1,,0
2952,,349816,1,2579,24962,162,124,0,83886092,0x0500000C,misc,,00000012.pro,-1,,0
2953,,349904,1,2580,24962,162,124,0,83886092,0x0500000C,misc,,00000012.pro,-1,,0
2954,,349992,1,2581,24962,162,124,0,50332274,0x03000272,wall,,00000626.pro,-1,,0
2955,,350080,1,2583,25050,50,125,0,83886092,0x0500000C,misc,,00000012.pro,-1,,0
2956,,350168,1,2584,25051,51,125,0,33554725,0x02000125,scenery,generic,00000294.pro,-1,,0
2957,,350256,1,2587,25054,54,125,0,50332284,0x0300027C,wall,,00000636.pro,-1,,0
2958,,350344,1,2588,25055,55,125,0,50332283,0x0300027B,wall,,00000635.pro,-1,,0
2959,,350432,1,2589,25056,56,125,0,50332217,0x03000239,wall,,00000569.pro,-1,,0
2960,,350520,1,2590,25057,57,125,0,50332216,0x03000238,wall,,00000568.pro,-1,,0
2961,,350608,1,2591,25058,58,125,0,50332293,0x03000285,wall,,00000645.pro,-1,,0
2962,,350696,1,2592,25059,59,125,0,50332239,0x0300024F,wall,,00000591.pro,-1,,0
2963,,350784,1,2593,25060,60,125,0,50332240,0x03000250,wall,,00000592.pro,-1,,0
2964,,350872,1,2594,25061,61,125,0,50332238,0x0300024E,wall,,00000590.pro,-1,,0
2965,,350960,1,2595,25062,62,125,0,50332292,0x03000284,wall,,00000644.pro,-1,,0
2966,,351048,1,2596,25063,63,125,0,50332236,0x0300024C,wall,,00000588.pro,-1,,0
2967,,351136,1,2597,25064,64,125,0,50332237,0x0300024D,wall,,00000589.pro,-1,,0
2968,,351224,1,2598,25065,65,125,0,50332239,0x0300024F,wall,,00000591.pro,-1,,0
2969,,351312,1,2599,25066,66,125,0,50332257,0x03000261,wall,,00000609.pro,-1,,0
2970,,351400,1,2600,25067,67,125,0,50332219,0x0300023B,wall,,00000571.pro,-1,,0
2971,,351488,1,2601,25068,68,125,0,50332214,0x03000236,wall,,00000566.pro,-1,,0
2972,,351576,1,2602,25069,69,125,0,50332218,0x0300023A,wall,,00000570.pro,-1,,0
2973,,351664,1,2603,25070,70,125,0,50332293,0x03000285,wall,,00000645.pro,-1,,0
2974,,351752,1,2604,25071,71,125,0,50332238,0x0300024E,wall,,00000590.pro,-1,,0
2975,,351840,1,2605,25072,72,125,0,50332234,0x0300024A,wall,,00000586.pro,-1,,0
2976,,351928,1,2606,25073,73,125,0,50332236,0x0300024C,wall,,00000588.pro,-1,,0
2977,,352016,1,2607,25074,74,125,0,50332292,0x03000284,wall,,00000644.pro,-1,,0
2978,,352104,1,2608,25075,75,125,0,50332239,0x0300024F,wall,,00000591.pro,-1,,0
2979,,352192,1,2609,25076,76,125,0,50332235,0x0300024B,wall,,00000587.pro,-1,,0
2980,,352280,1,2610,25077,77,125,0,50332269,0x0300026D,wall,,00000621.pro,-1,,0
2981,,352368,1,2611,25078,78,125,0,50332270,0x0300026E,wall,,00000622.pro,-1,,0
2982,,352456,1,2613,25087,87,125,0,33554675,0x020000F3,scenery,generic,00000244.pro,-1,,0
2983,,352544,1,2614,25091,91,125,0,33554723,0x02000123,scenery,generic,00000292.pro,-1,,0
2984,,352632,1,2615,25104,104,125,0,33554499,0x02000043,scenery,generic,00000068.pro,-1,,0
2985,,352720,1,2616,25124,124,125,0,50332229,0x03000245,wall,,00000581.pro,-1,,0
2986,,352808,1,2617,25133,133,125,2,16777230,0x0100000E,critter,,00000014.pro,67108890,HotGhoul.int,0
2987,,352936,1,2618,25136,136,125,0,50332177,0x03000211,wall,,00000529.pro,-1,,0
2988,,353024,1,2623,25162,162,125,0,83886092,0x0500000C,misc,,00000012.pro,-1,,0
2989,,353112,1,2624,25162,162,125,0,50332261,0x03000265,wall,,00000613.pro,-1,,0
2990,,353200,1,2625,25163,163,125,0,83886092,0x0500000C,misc,,00000012.pro,-1,,0
2991,,353288,1,2626,25163,163,125,0,50332236,0x0300024C,wall,,00000588.pro,-1,,0
2992,,353376,1,2627,25164,164,125,0,50332279,0x03000277,wall,,00000631.pro,-1,,0
2993,,353464,1,2628,25165,165,125,0,50332270,0x0300026E,wall,,00000622.pro,-1,,0
2994,,353552,1,2631,25251,51,126,0,83886092,0x0500000C,misc,,00000012.pro,-1,,0
2995,,353640,1,2634,25254,54,126,0,50332285,0x0300027D,wall,,00000637.pro,-1,,0
2996,,353728,1,2635,25255,55,126,0,50332270,0x0300026E,wall,,00000622.pro,-1,,0
2997,,353816,1,2636,25257,57,126,0,50332270,0x0300026E,wall,,00000622.pro,-1,,0
2998,,353904,1,2637,25259,59,126,0,50332270,0x0300026E,wall,,00000622.pro,-1,,0
2999,,353992,1,2638,25261,61,126,0,50332270,0x0300026E,wall,,00000622.pro,-1,,0
3000,,354080,1,2639,25262,62,126,0,33554737,0x02000131,scenery,generic,00000306.pro,-1,,0
3001,,354168,1,2640,25263,63,126,0,50332270,0x0300026E,wall,,00000622.pro,-1,,0
3002,,354256,1,2641,25264,64,126,0,33554499,0x02000043,scenery,generic,00000068.pro,-1,,0
3003,,354344,1,2642,25265,65,126,0,50332270,0x0300026E,wall,,00000622.pro,-1,,0
3004,,354432,1,2643,25266,66,126,0,50332269,0x0300026D,wall,,00000621.pro,-1,,0
3005,,354520,1,2644,25267,67,126,0,50332270,0x0300026E,wall,,00000622.pro,-1,,0
3006,,354608,1,2645,25269,69,126,0,50332270,0x0300026E,wall,,00000622.pro,-1,,0
3007,,354696,1,2646,25271,71,126,0,50332270,0x0300026E,wall,,00000622.pro,-1,,0
3008,,354784,1,2647,25272,72,126,0,33554732,0x0200012C,scenery,generic,00000301.pro,-1,,0
3009,,354872,1,2648,25273,73,126,0,50332270,0x0300026E,wall,,00000622.pro,-1,,0
3010,,354960,1,2650,25275,75,126,0,50332270,0x0300026E,wall,,00000622.pro,-1,,0
3011,,355048,1,2651,25277,77,126,0,50332270,0x0300026E,wall,,00000622.pro,-1,,0
3012,,355136,1,2652,25278,78,126,0,50332269,0x0300026D,wall,,00000621.pro,-1,,0
3013,,355224,1,2654,25302,102,126,0,33554499,0x02000043,scenery,generic,00000068.pro,-1,,0
3014,,355312,1,2655,25303,103,126,0,33554687,0x020000FF,scenery,generic,00000256.pro,-1,,0
3015,,355400,1,2656,25304,104,126,0,33554499,0x02000043,scenery,generic,00000068.pro,-1,,0
3016,,355488,1,2657,25324,124,126,0,50332223,0x0300023F,wall,,00000575.pro,-1,,0
3017,,355576,1,2658,25336,136,126,0,50332288,0x03000280,wall,,00000640.pro,-1,,0
3018,,355664,1,2664,25360,160,126,0,83886092,0x0500000C,misc,,00000012.pro,-1,,0
3019,,355752,1,2665,25361,161,126,0,83886092,0x0500000C,misc,,00000012.pro,-1,,0
3020,,355840,1,2666,25362,162,126,0,50332269,0x0300026D,wall,,00000621.pro,-1,,0
3021,,355928,1,2667,25362,162,126,0,83886092,0x0500000C,misc,,00000012.pro,-1,,0
3022,,356016,1,2668,25363,163,126,0,50332270,0x0300026E,wall,,00000622.pro,-1,,0
3023,,356104,1,2669,25363,163,126,0,83886092,0x0500000C,misc,,00000012.pro,-1,,0
3024,,356192,1,2670,25365,165,126,0,50332270,0x0300026E,wall,,00000622.pro,-1,,0
3025,,356280,1,2672,25451,51,127,0,83886092,0x0500000C,misc,,00000012.pro,-1,,0
3026,,356368,1,2674,25452,52,127,0,83886092,0x0500000C,misc,,00000012.pro,-1,,0
3027,,356456,1,2677,25454,54,127,0,50332269,0x0300026D,wall,,00000621.pro,-1,,0
3028,,356544,1,2680,25457,57,127,0,33554499,0x02000043,scenery,generic,00000068.pro,-1,,0
3029,,356632,1,2682,25462,62,127,0,33554499,0x02000043,scenery,generic,00000068.pro,-1,,0
3030,,356720,1,2684,25463,63,127,0,33554499,0x02000043,scenery,generic,00000068.pro,-1,,0
3031,,356808,1,2686,25464,64,127,0,33554499,0x02000043,scenery,generic,00000068.pro,-1,,0
3032,,356896,1,2688,25465,65,127,0,33554499,0x02000043,scenery,generic,00000068.pro,-1,,0
3033,,356984,1,2690,25466,66,127,0,50332227,0x03000243,wall,,00000579.pro,-1,,0
3034,,357072,1,2695,25470,70,127,0,33554639,0x020000CF,scenery,generic,00000208.pro,-1,,0
3035,,357160,1,2699,25473,73,127,0,33554499,0x02000043,scenery,generic,00000068.pro,-1,,0
3036,,357248,1,2701,25478,78,127,0,50332269,0x0300026D,wall,,00000621.pro,-1,,0
3037,,357336,1,2703,25498,98,127,0,50332284,0x0300027C,wall,,00000636.pro,-1,,0
3038,,357424,1,2704,25499,99,127,0,50332283,0x0300027B,wall,,00000635.pro,-1,,0
3039,,357512,1,2705,25500,100,127,0,50332240,0x03000250,wall,,00000592.pro,-1,,0
3040,,357600,1,2706,25501,101,127,0,50332238,0x0300024E,wall,,00000590.pro,-1,,0
3041,,357688,1,2707,25502,102,127,0,50332279,0x03000277,wall,,00000631.pro,-1,,0
3042,,357776,1,2708,25503,103,127,0,50332270,0x0300026E,wall,,00000622.pro,-1,,0
3043,,357864,1,2709,25514,114,127,0,50332280,0x03000278,wall,,00000632.pro,-1,,0
3044,,357952,1,2710,25515,115,127,0,50332239,0x0300024F,wall,,00000591.pro,-1,,0
3045,,358040,1,2711,25516,116,127,0,50332235,0x0300024B,wall,,00000587.pro,-1,,0
3046,,358128,1,2712,25517,117,127,0,50332238,0x0300024E,wall,,00000590.pro,-1,,0
3047,,358216,1,2713,25518,118,127,0,50332234,0x0300024A,wall,,00000586.pro,-1,,0
3048,,358304,1,2714,25519,119,127,0,50332236,0x0300024C,wall,,00000588.pro,-1,,0
3049,,358392,1,2715,25520,120,127,0,50332257,0x03000261,wall,,00000609.pro,-1,,0
3050,,358480,1,2716,25521,121,127,0,50332239,0x0300024F,wall,,00000591.pro,-1,,0
3051,,358568,1,2717,25522,122,127,0,50332235,0x0300024B,wall,,00000587.pro,-1,,0
3052,,358656,1,2718,25523,123,127,0,50332239,0x0300024F,wall,,00000591.pro,-1,,0
3053,,358744,1,2719,25524,124,127,0,50332262,0x03000266,wall,,00000614.pro,-1,,0
3054,,358832,1,2720,25525,125,127,0,50332236,0x0300024C,wall,,00000588.pro,-1,,0
3055,,358920,1,2721,25526,126,127,0,50332235,0x0300024B,wall,,00000587.pro,-1,,0
3056,,359008,1,2722,25527,127,127,0,50332236,0x0300024C,wall,,00000588.pro,-1,,0
3057,,359096,1,2723,25528,128,127,0,50332235,0x0300024B,wall,,00000587.pro,-1,,0
3058,,359184,1,2724,25529,129,127,0,50332231,0x03000247,wall,,00000583.pro,-1,,0
3059,,359272,1,2725,25531,131,127,0,50332239,0x0300024F,wall,,00000591.pro,-1,,0
3060,,359360,1,2726,25532,132,127,0,50332235,0x0300024B,wall,,00000587.pro,-1,,0
3061,,359448,1,2727,25533,133,127,0,50332238,0x0300024E,wall,,00000590.pro,-1,,0
3062,,359536,1,2728,25534,134,127,0,50332234,0x0300024A,wall,,00000586.pro,-1,,0
3063,,359624,1,2729,25535,135,127,0,50332236,0x0300024C,wall,,00000588.pro,-1,,0
3064,,359712,1,2730,25536,136,127,0,50332255,0x0300025F,wall,,00000607.pro,-1,,0
3065,,359800,1,2735,25558,158,127,0,83886092,0x0500000C,misc,,00000012.pro,-1,,0
3066,,359888,1,2736,25559,159,127,0,83886092,0x0500000C,misc,,00000012.pro,-1,,0
3067,,359976,1,2737,25560,160,127,0,83886092,0x0500000C,misc,,00000012.pro,-1,,0
3068,,360064,1,2738,25561,161,127,0,83886092,0x0500000C,misc,,00000012.pro,-1,,0
3069,,360152,1,2739,25562,162,127,0,50332222,0x0300023E,wall,,00000574.pro,-1,,0
3070,,360240,1,2741,25652,52,128,0,83886092,0x0500000C,misc,,00000012.pro,-1,,0
3071,,360328,1,2742,25654,54,128,0,50332290,0x03000282,wall,,00000642.pro,-1,,0
3072,,360416,1,2744,25655,55,128,0,33554499,0x02000043,scenery,generic,00000068.pro,-1,,0
3073,,360504,1,2746,25656,56,128,0,33554644,0x020000D4,scenery,generic,00000213.pro,-1,,0
3074,,360592,1,2747,25657,57,128,0,33554499,0x02000043,scenery,generic,00000068.pro,-1,,0
3075,,360680,1,2748,25660,60,128,4,16777230,0x0100000E,critter,,00000014.pro,67108888,HotGhoul.int,1
3075/inventory/0,1,360812,1,2749,0,0,0,0,4,0x00000004,item,weapon,00000012.pro,-1,,0
3076,,360908,1,2754,25678,78,128,0,50332181,0x03000215,wall,,00000533.pro,-1,,0
3077,,360996,1,2756,25680,80,128,0,33554499,0x02000043,scenery,generic,00000068.pro,-1,,0
3078,,361084,1,2757,25698,98,128,0,50332285,0x0300027D,wall,,00000637.pro,-1,,0
3079,,361172,1,2758,25699,99,128,0,50332270,0x0300026E,wall,,00000622.pro,-1,,0
3080,,361260,1,2759,25701,101,128,0,50332270,0x0300026E,wall,,00000622.pro,-1,,0
3081,,361348,1,2760,25703,103,128,0,50332270,0x0300026E,wall,,00000622.pro,-1,,0
3082,,361436,1,2761,25715,115,128,0,50332270,0x0300026E,wall,,00000622.pro,-1,,0
3083,,361524,1,2762,25717,117,128,0,50332270,0x0300026E,wall,,00000622.pro,-1,,0
3084,,361612,1,2763,25719,119,128,0,50332270,0x0300026E,wall,,00000622.pro,-1,,0
3085,,361700,1,2764,25720,120,128,0,50332269,0x0300026D,wall,,00000621.pro,-1,,0
3086,,361788,1,2765,25721,121,128,0,50332270,0x0300026E,wall,,00000622.pro,-1,,0
3087,,361876,1,2766,25722,122,128,0,33554709,0x02000115,scenery,generic,00000278.pro,-1,,0
3088,,361964,1,2767,25723,123,128,0,50332270,0x0300026E,wall,,00000622.pro,-1,,0
3089,,362052,1,2768,25724,124,128,0,33554734,0x0200012E,scenery,generic,00000303.pro,-1,,0
3090,,362140,1,2769,25725,125,128,0,50332270,0x0300026E,wall,,00000622.pro,-1,,0
3091,,362228,1,2770,25726,126,128,0,33554499,0x02000043,scenery,generic,00000068.pro,-1,,0
3092,,362316,1,2771,25727,127,128,0,50332270,0x0300026E,wall,,00000622.pro,-1,,0
3093,,362404,1,2772,25728,128,128,0,33554499,0x02000043,scenery,generic,00000068.pro,-1,,0
3094,,362492,1,2773,25729,129,128,0,50332270,0x0300026E,wall,,00000622.pro,-1,,0
3095,,362580,1,2774,25731,131,128,0,50332230,0x03000246,wall,,00000582.pro,-1,,0
3096,,362668,1,2775,25733,133,128,0,50332270,0x0300026E,wall,,00000622.pro,-1,,0
3097,,362756,1,2776,25735,135,128,0,50332270,0x0300026E,wall,,00000622.pro,-1,,0
3098,,362844,1,2777,25736,136,128,0,50332269,0x0300026D,wall,,00000621.pro,-1,,0
3099,,362932,1,2782,25756,156,128,0,83886092,0x0500000C,misc,,00000012.pro,-1,,0
3100,,363020,1,2783,25757,157,128,0,83886092,0x0500000C,misc,,00000012.pro,-1,,0
3101,,363108,1,2784,25758,158,128,0,83886092,0x0500000C,misc,,00000012.pro,-1,,0
3102,,363196,1,2785,25759,159,128,0,83886092,0x0500000C,misc,,00000012.pro,-1,,0
3103,,363284,1,2786,25762,162,128,0,50332223,0x0300023F,wall,,00000575.pro,-1,,0
3104,,363372,1,2789,25853,53,129,0,83886092,0x0500000C,misc,,00000012.pro,-1,,0
3105,,363460,1,2790,25854,54,129,0,50332242,0x03000252,wall,,00000594.pro,-1,,0
3106,,363548,1,2792,25857,57,129,0,33554499,0x02000043,scenery,generic,00000068.pro,-1,,0
3107,,363636,1,2794,25866,66,129,0,50332228,0x03000244,wall,,00000580.pro,-1,,0
3108,,363724,1,2797,25878,78,129,0,50332177,0x03000211,wall,,00000529.pro,-1,,0
3109,,363812,1,2798,25879,79,129,0,33554653,0x020000DD,scenery,generic,00000222.pro,-1,,0
3110,,363900,1,2800,25880,80,129,0,33554499,0x02000043,scenery,generic,00000068.pro,-1,,0
3111,,363988,1,2801,25898,98,129,0,50332269,0x0300026D,wall,,00000621.pro,-1,,0
3112,,364076,1,2802,25899,99,129,0,33554686,0x020000FE,scenery,generic,00000255.pro,-1,,0
3113,,364164,1,2804,25920,120,129,0,50332246,0x03000256,wall,,00000598.pro,-1,,0
3114,,364252,1,2805,25921,121,129,0,33554499,0x02000043,scenery,generic,00000068.pro,-1,,0
3115,,364340,1,2806,25922,122,129,0,33554499,0x02000043,scenery,generic,00000068.pro,-1,,0
3116,,364428,1,2807,25923,123,129,0,33554499,0x02000043,scenery,generic,00000068.pro,-1,,0
3117,,364516,1,2808,25925,125,129,0,33554499,0x02000043,scenery,generic,00000068.pro,-1,,0
3118,,364604,1,2809,25927,127,129,0,33554499,0x02000043,scenery,generic,00000068.pro,-1,,0
3119,,364692,1,2810,25928,128,129,0,33554499,0x02000043,scenery,generic,00000068.pro,-1,,0
3120,,364780,1,2811,25936,136,129,0,50332177,0x03000211,wall,,00000529.pro,-1,,0
3121,,364868,1,2816,25954,154,129,0,83886092,0x0500000C,misc,,00000012.pro,-1,,0
3122,,364956,1,2817,25955,155,129,0,83886092,0x0500000C,misc,,00000012.pro,-1,,0
3123,,365044,1,2818,25956,156,129,0,83886092,0x0500000C,misc,,00000012.pro,-1,,0
3124,,365132,1,2819,25957,157,129,0,83886092,0x0500000C,misc,,00000012.pro,-1,,0
3125,,365220,1,2820,25962,162,129,0,50332224,0x03000240,wall,,00000576.pro,-1,,0
3126,,365308,1,2822,26053,53,130,0,83886092,0x0500000C,misc,,00000012.pro,-1,,0
3127,,365396,1,2823,26054,54,130,0,83886092,0x0500000C,misc,,00000012.pro,-1,,0
3128,,365484,1,2824,26054,54,130,0,50332243,0x03000253,wall,,00000595.pro,-1,,0
3129,,365572,1,2827,26066,66,130,0,50332222,0x0300023E,wall,,00000574.pro,-1,,0
3130,,365660,1,2830,26078,78,130,0,50332178,0x03000212,wall,,00000530.pro,-1,,0
3131,,365748,1,2832,26098,98,130,0,50332243,0x03000253,wall,,00000595.pro,-1,,0
3132,,365836,1,2838,26110,110,130,0,50332270,0x0300026E,wall,,00000622.pro,-1,,0
3133,,365924,1,2839,26113,113,130,0,33554534,0x02000066,scenery,generic,00000103.pro,-1,,0
3134,,366012,1,2840,26114,114,130,0,33554558,0x0200007E,scenery,generic,00000127.pro,-1,,0
3135,,366100,1,2841,26120,120,130,0,50332249,0x03000259,wall,,00000601.pro,-1,,0
3136,,366188,1,2842,26121,121,130,0,33554499,0x02000043,scenery,generic,00000068.pro,-1,,0
3137,,366276,1,2843,26121,121,130,0,64,0x00000040,item,container,00000064.pro,50331663,Stuff.int,0
3138,,366364,1,2844,26127,127,130,0,33554644,0x020000D4,scenery,generic,00000213.pro,-1,,0
3139,,366452,1,2845,26128,128,130,0,33554499,0x02000043,scenery,generic,00000068.pro,-1,,0
3140,,366540,1,2847,26136,136,130,0,50332178,0x03000212,wall,,00000530.pro,-1,,0
3141,,366628,1,2851,26152,152,130,0,83886092,0x0500000C,misc,,00000012.pro,-1,,0
3142,,366716,1,2852,26153,153,130,0,83886092,0x0500000C,misc,,00000012.pro,-1,,0
3143,,366804,1,2853,26154,154,130,0,83886092,0x0500000C,misc,,00000012.pro,-1,,0
3144,,366892,1,2854,26155,155,130,0,83886092,0x0500000C,misc,,00000012.pro,-1,,0
3145,,366980,1,2855,26162,162,130,0,50332281,0x03000279,wall,,00000633.pro,-1,,0
3146,,367068,1,2856,26232,32,131,0,33554537,0x02000069,scenery,generic,00000106.pro,-1,,0
3147,,367156,1,2858,26254,54,131,0,83886092,0x0500000C,misc,,00000012.pro,-1,,0
3148,,367244,1,2859,26254,54,131,0,50332261,0x03000265,wall,,00000613.pro,-1,,0
3149,,367332,1,2860,26255,55,131,0,50332239,0x0300024F,wall,,00000591.pro,-1,,0
3150,,367420,1,2862,26256,56,131,0,50332237,0x0300024D,wall,,00000589.pro,-1,,0
3151,,367508,1,2864,26257,57,131,0,50332238,0x0300024E,wall,,00000590.pro,-1,,0
3152,,367596,1,2866,26258,58,131,0,50332235,0x0300024B,wall,,00000587.pro,-1,,0
3153,,367684,1,2868,26259,59,131,0,50332233,0x03000249,wall,,00000585.pro,-1,,0
3154,,367772,1,2870,26260,60,131,0,50332232,0x03000248,wall,,00000584.pro,-1,,0
3155,,367860,1,2872,26261,61,131,0,50332231,0x03000247,wall,,00000583.pro,-1,,0
3156,,367948,1,2874,26263,63,131,0,50332236,0x0300024C,wall,,00000588.pro,-1,,0
3157,,368036,1,2875,26264,64,131,0,50332234,0x0300024A,wall,,00000586.pro,-1,,0
3158,,368124,1,2876,26265,65,131,0,50332238,0x0300024E,wall,,00000590.pro,-1,,0
3159,,368212,1,2877,26266,66,131,0,50332259,0x03000263,wall,,00000611.pro,-1,,0
3160,,368300,1,2880,26278,78,131,0,50332139,0x030001EB,wall,,00000491.pro,-1,,0
3161,,368388,1,2882,26298,98,131,0,50332281,0x03000279,wall,,00000633.pro,-1,,0
3162,,368476,1,2888,26310,110,131,0,50332282,0x0300027A,wall,,00000634.pro,-1,,0
3163,,368564,1,2889,26320,120,131,0,50332227,0x03000243,wall,,00000579.pro,-1,,0
3164,,368652,1,2890,26321,121,131,0,33554499,0x02000043,scenery,generic,00000068.pro,-1,,0
3165,,368740,1,2894,26336,136,131,0,50332177,0x03000211,wall,,00000529.pro,-1,,0
3166,,368828,1,2896,26339,139,131,0,33554558,0x0200007E,scenery,generic,00000127.pro,-1,,0
3167,,368916,1,2897,26339,139,131,0,33554534,0x02000066,scenery,generic,00000103.pro,-1,,0
3168,,369004,1,2898,26350,150,131,0,83886092,0x0500000C,misc,,00000012.pro,-1,,0
3169,,369092,1,2899,26351,151,131,0,83886092,0x0500000C,misc,,00000012.pro,-1,,0
3170,,369180,1,2900,26352,152,131,0,83886092,0x0500000C,misc,,00000012.pro,-1,,0
3171,,369268,1,2901,26353,153,131,0,83886092,0x0500000C,misc,,00000012.pro,-1,,0
3172,,369356,1,2902,26364,164,131,0,33554534,0x02000066,scenery,generic,00000103.pro,-1,,0
3173,,369444,1,2903,26432,32,132,0,33554534,0x02000066,scenery,generic,00000103.pro,-1,,0
3174,,369532,1,2906,26454,54,132,0,50332269,0x0300026D,wall,,00000621.pro,-1,,0
3175,,369620,1,2907,26455,55,132,0,50332270,0x0300026E,wall,,00000622.pro,-1,,0
3176,,369708,1,2908,26455,55,132,0,83886092,0x0500000C,misc,,00000012.pro,-1,,0
3177,,369796,1,2909,26457,57,132,0,50332270,0x0300026E,wall,,00000622.pro,-1,,0
3178,,369884,1,2910,26459,59,132,0,50332270,0x0300026E,wall,,00000622.pro,-1,,0
3179,,369972,1,2911,26461,61,132,0,50332270,0x0300026E,wall,,00000622.pro,-1,,0
3180,,370060,1,2912,26463,63,132,0,50332230,0x03000246,wall,,00000582.pro,-1,,0
3181,,370148,1,2913,26466,66,132,0,50332269,0x0300026D,wall,,00000621.pro,-1,,0
3182,,370236,1,2914,26467,67,132,0,33554662,0x020000E6,scenery,generic,00000231.pro,-1,,0
3183,,370324,1,2917,26475,75,132,1,16777230,0x0100000E,critter,,00000014.pro,67108887,HotGhoul.int,0
3184,,370452,1,2923,26510,110,132,0,50332249,0x03000259,wall,,00000601.pro,-1,,0
3185,,370540,1,2925,26531,131,132,0,16777230,0x0100000E,critter,,00000014.pro,67108891,HotGhoul.int,1
3185/inventory/0,1,370672,1,2926,0,0,0,0,4,0x00000004,item,weapon,00000012.pro,-1,,0
3186,,370768,1,2931,26536,136,132,0,50332178,0x03000212,wall,,00000530.pro,-1,,0
3187,,370856,1,2932,26548,148,132,0,83886092,0x0500000C,misc,,00000012.pro,-1,,0
3188,,370944,1,2933,26549,149,132,0,83886092,0x0500000C,misc,,00000012.pro,-1,,0
3189,,371032,1,2934,26550,150,132,0,83886092,0x0500000C,misc,,00000012.pro,-1,,0
3190,,371120,1,2935,26551,151,132,0,83886092,0x0500000C,misc,,00000012.pro,-1,,0
3191,,371208,1,2936,26563,163,132,0,33554537,0x02000069,scenery,generic,00000106.pro,-1,,0
3192,,371296,1,2938,26654,54,133,0,50332242,0x03000252,wall,,00000594.pro,-1,,0
3193,,371384,1,2939,26655,55,133,0,83886092,0x0500000C,misc,,00000012.pro,-1,,0
3194,,371472,1,2940,26656,56,133,0,83886092,0x0500000C,misc,,00000012.pro,-1,,0
3195,,371560,1,2941,26656,56,133,0,33554629,0x020000C5,scenery,ladder_down,00000198.pro,50331656,NWUp2Dn3.int,0
3196,,371652,1,2942,26666,66,133,0,50332247,0x03000257,wall,,00000599.pro,-1,,0
3197,,371740,1,2945,26678,78,133,0,50332140,0x030001EC,wall,,00000492.pro,-1,,0
3198,,371828,1,2947,26698,98,133,0,50332282,0x0300027A,wall,,00000634.pro,-1,,0
3199,,371916,1,2952,26710,110,133,0,50332247,0x03000257,wall,,00000599.pro,-1,,0
3200,,372004,1,2955,26720,120,133,0,50332228,0x03000244,wall,,00000580.pro,-1,,0
3201,,372092,1,2960,26736,136,133,0,50332177,0x03000211,wall,,00000529.pro,-1,,0
3202,,372180,1,2961,26741,141,133,0,33554559,0x0200007F,scenery,generic,00000128.pro,-1,,0
3203,,372268,1,2962,26746,146,133,0,83886092,0x0500000C,misc,,00000012.pro,-1,,0
3204,,372356,1,2963,26747,147,133,0,83886092,0x0500000C,misc,,00000012.pro,-1,,0
3205,,372444,1,2964,26748,148,133,0,83886092,0x0500000C,misc,,00000012.pro,-1,,0
3206,,372532,1,2965,26749,149,133,0,83886092,0x0500000C,misc,,00000012.pro,-1,,0
3207,,372620,1,2966,26854,54,134,0,50332243,0x03000253,wall,,00000595.pro,-1,,0
3208,,372708,1,2968,26856,56,134,0,83886092,0x0500000C,misc,,00000012.pro,-1,,0
3209,,372796,1,2971,26878,78,134,0,50332177,0x03000211,wall,,00000529.pro,-1,,0
3210,,372884,1,2974,26898,98,134,0,50332246,0x03000256,wall,,00000598.pro,-1,,0
3211,,372972,1,2978,26902,102,134,0,33554559,0x0200007F,scenery,generic,00000128.pro,-1,,0
3212,,373060,1,2979,26902,102,134,0,33554557,0x0200007D,scenery,generic,00000126.pro,-1,,0
3213,,373148,1,2980,26910,110,134,5,16777521,0x01000131,critter,,00000305.pro,67108901,genghoul.int,0
3214,,373276,1,2982,26920,120,134,0,50332222,0x0300023E,wall,,00000574.pro,-1,,0
3215,,373364,1,2987,26936,136,134,0,50332289,0x03000281,wall,,00000641.pro,-1,,0
3216,,373452,1,2988,26944,144,134,0,83886092,0x0500000C,misc,,00000012.pro,-1,,0
3217,,373540,1,2989,26945,145,134,0,83886092,0x0500000C,misc,,00000012.pro,-1,,0
3218,,373628,1,2990,26946,146,134,0,83886092,0x0500000C,misc,,00000012.pro,-1,,0
3219,,373716,1,2991,26947,147,134,0,83886092,0x0500000C,misc,,00000012.pro,-1,,0
3220,,373804,1,2992,27054,54,135,0,50332291,0x03000283,wall,,00000643.pro,-1,,0
3221,,373892,1,2995,27057,57,135,0,83886092,0x0500000C,misc,,00000012.pro,-1,,0
3222,,373980,1,2996,27066,66,135,0,50332248,0x03000258,wall,,00000600.pro,-1,,0
3223,,374068,1,2999,27078,78,135,0,50332178,0x03000212,wall,,00000530.pro,-1,,0
3224,,374156,1,3004,27098,98,135,0,50332229,0x03000245,wall,,00000581.pro,-1,,0
3225,,374244,1,3006,27102,102,135,0,33554558,0x0200007E,scenery,generic,00000127.pro,-1,,0
3226,,374332,1,3007,27110,110,135,0,50332248,0x03000258,wall,,00000600.pro,-1,,0
3227,,374420,1,3009,27120,120,135,0,50332226,0x03000242,wall,,00000578.pro,-1,,0
3228,,374508,1,3013,27128,128,135,2,16777230,0x0100000E,critter,,00000014.pro,67108889,HotGhoul.int,0
3229,,374636,1,3015,27136,136,135,0,50332177,0x03000211,wall,,00000529.pro,-1,,0
3230,,374724,1,3016,27142,142,135,0,83886092,0x0500000C,misc,,00000012.pro,-1,,0
3231,,374812,1,3017,27143,143,135,0,83886092,0x0500000C,misc,,00000012.pro,-1,,0
3232,,374900,1,3018,27144,144,135,0,83886092,0x0500000C,misc,,00000012.pro,-1,,0
3233,,374988,1,3019,27145,145,135,0,83886092,0x0500000C,misc,,00000012.pro,-1,,0
3234,,375076,1,3020,27162,162,135,0,50332282,0x0300027A,wall,,00000634.pro,-1,,0
3235,,375164,1,3021,27254,54,136,0,50332229,0x03000245,wall,,00000581.pro,-1,,0
3236,,375252,1,3023,27257,57,136,0,83886092,0x0500000C,misc,,00000012.pro,-1,,0
3237,,375340,1,3024,27258,58,136,0,83886092,0x0500000C,misc,,00000012.pro,-1,,0
3238,,375428,1,3025,27266,66,136,0,50332242,0x03000252,wall,,00000594.pro,-1,,0
3239,,375516,1,3026,27270,70,136,4,16777230,0x0100000E,critter,,00000014.pro,67108886,HotGhoul.int,0
3240,,375644,1,3029,27278,78,136,0,50332177,0x03000211,wall,,00000529.pro,-1,,0
3241,,375732,1,3031,27291,91,136,0,33554536,0x02000068,scenery,generic,00000105.pro,-1,,0
3242,,375820,1,3032,27292,92,136,0,33554537,0x02000069,scenery,generic,00000106.pro,-1,,0
3243,,375908,1,3037,27298,98,136,0,50332222,0x0300023E,wall,,00000574.pro,-1,,0
3244,,375996,1,3038,27310,110,136,0,50332281,0x03000279,wall,,00000633.pro,-1,,0
3245,,376084,1,3041,27320,120,136,0,50332229,0x03000245,wall,,00000581.pro,-1,,0
3246,,376172,1,3046,27336,136,136,0,50332178,0x03000212,wall,,00000530.pro,-1,,0
3247,,376260,1,3047,27340,140,136,0,83886092,0x0500000C,misc,,00000012.pro,-1,,0
3248,,376348,1,3048,27341,141,136,0,83886092,0x0500000C,misc,,00000012.pro,-1,,0
3249,,376436,1,3049,27342,142,136,0,83886092,0x0500000C,misc,,00000012.pro,-1,,0
3250,,376524,1,3050,27343,143,136,0,83886092,0x0500000C,misc,,00000012.pro,-1,,0
3251,,376612,1,3051,27362,162,136,0,50332223,0x0300023F,wall,,00000575.pro,-1,,0
3252,,376700,1,3052,27451,51,137,0,33554725,0x02000125,scenery,generic,00000294.pro,-1,,0
3253,,376788,1,3053,27454,54,137,0,50332226,0x03000242,wall,,00000578.pro,-1,,0
3254,,376876,1,3055,27458,58,137,0,83886092,0x0500000C,misc,,00000012.pro,-1,,0
3255,,376964,1,3056,27466,66,137,0,50332243,0x03000253,wall,,00000595.pro,-1,,0
3256,,377052,1,3063,27478,78,137,0,50332178,0x03000212,wall,,00000530.pro,-1,,0
3257,,377140,1,3066,27481,81,137,0,33554724,0x02000124,scenery,generic,00000293.pro,-1,,0
3258,,377228,1,3074,27498,98,137,0,50332226,0x03000242,wall,,00000578.pro,-1,,0
3259,,377316,1,3076,27520,120,137,0,50332243,0x03000253,wall,,00000595.pro,-1,,0
3260,,377404,1,3081,27536,136,137,0,50332177,0x03000211,wall,,00000529.pro,-1,,0
3261,,377492,1,3082,27538,138,137,0,83886092,0x0500000C,misc,,00000012.pro,-1,,0
3262,,377580,1,3083,27539,139,137,0,83886092,0x0500000C,misc,,00000012.pro,-1,,0
3263,,377668,1,3084,27540,140,137,0,83886092,0x0500000C,misc,,00000012.pro,-1,,0
3264,,377756,1,3085,27541,141,137,0,83886092,0x0500000C,misc,,00000012.pro,-1,,0
3265,,377844,1,3086,27562,162,137,0,50332189,0x0300021D,wall,,00000541.pro,-1,,0
3266,,377932,1,3087,27563,163,137,0,50332174,0x0300020E,wall,,00000526.pro,-1,,0
3267,,378020,1,3088,27564,164,137,0,50332271,0x0300026F,wall,,00000623.pro,-1,,0
3268,,378108,1,3089,27565,165,137,0,50332270,0x0300026E,wall,,00000622.pro,-1,,0
3269,,378196,1,3090,27568,168,137,0,50332174,0x0300020E,wall,,00000526.pro,-1,,0
3270,,378284,1,3091,27570,170,137,0,50332270,0x0300026E,wall,,00000622.pro,-1,,0
3271,,378372,1,3092,27653,53,138,0,33554655,0x020000DF,scenery,generic,00000224.pro,-1,,0
3272,,378460,1,3093,27654,54,138,0,50332269,0x0300026D,wall,,00000621.pro,-1,,0
3273,,378548,1,3096,27659,59,138,0,83886092,0x0500000C,misc,,00000012.pro,-1,,0
3274,,378636,1,3097,27666,66,138,0,50332246,0x03000256,wall,,00000598.pro,-1,,0
3275,,378724,1,3101,27676,76,138,0,33554776,0x02000158,scenery,generic,00000345.pro,-1,,0
3276,,378812,1,3102,27677,77,138,0,33554776,0x02000158,scenery,generic,00000345.pro,-1,,0
3277,,378900,1,3103,27678,78,138,0,50332163,0x03000203,wall,,00000515.pro,-1,,0
3278,,378988,1,3109,27698,98,138,0,50332269,0x0300026D,wall,,00000621.pro,-1,,0
3279,,379076,1,3113,27720,120,138,0,50332246,0x03000256,wall,,00000598.pro,-1,,0
3280,,379164,1,3117,27734,134,138,0,33554776,0x02000158,scenery,generic,00000345.pro,-1,,0
3281,,379252,1,3118,27735,135,138,0,33554776,0x02000158,scenery,generic,00000345.pro,-1,,0
3282,,379340,1,3119,27736,136,138,0,83886092,0x0500000C,misc,,00000012.pro,-1,,0
3283,,379428,1,3120,27736,136,138,0,50332163,0x03000203,wall,,00000515.pro,-1,,0
3284,,379516,1,3121,27737,137,138,0,83886092,0x0500000C,misc,,00000012.pro,-1,,0
3285,,379604,1,3122,27738,138,138,0,83886092,0x0500000C,misc,,00000012.pro,-1,,0
3286,,379692,1,3123,27739,139,138,0,83886092,0x0500000C,misc,,00000012.pro,-1,,0
3287,,379780,1,3124,27763,163,138,0,50332270,0x0300026E,wall,,00000622.pro,-1,,0
3288,,379868,1,3125,27765,165,138,0,50332270,0x0300026E,wall,,00000622.pro,-1,,0
3289,,379956,1,3126,27767,167,138,0,50332272,0x03000270,wall,,00000624.pro,-1,,0
3290,,380044,1,3127,27768,168,138,0,50332270,0x0300026E,wall,,00000622.pro,-1,,0
3291,,380132,1,3128,27769,169,138,0,50332271,0x0300026F,wall,,00000623.pro,-1,,0
3292,,380220,1,3129,27770,170,138,0,50332270,0x0300026E,wall,,00000622.pro,-1,,0
3293,,380308,1,3130,27853,53,139,0,33554499,0x02000043,scenery,generic,00000068.pro,-1,,0
3294,,380396,1,3131,27854,54,139,0,50332270,0x0300026E,wall,,00000622.pro,-1,,0
3295,,380484,1,3132,27855,55,139,0,50332175,0x0300020F,wall,,00000527.pro,-1,,0
3296,,380572,1,3133,27856,56,139,0,50332167,0x03000207,wall,,00000519.pro,-1,,0
3297,,380660,1,3134,27857,57,139,0,50332174,0x0300020E,wall,,00000526.pro,-1,,0
3298,,380748,1,3136,27858,58,139,0,50332287,0x0300027F,wall,,00000639.pro,-1,,0
3299,,380836,1,3137,27859,59,139,0,83886092,0x0500000C,misc,,00000012.pro,-1,,0
3300,,380924,1,3138,27859,59,139,0,50332173,0x0300020D,wall,,00000525.pro,-1,,0
3301,,381012,1,3139,27860,60,139,0,83886092,0x0500000C,misc,,00000012.pro,-1,,0
3302,,381100,1,3140,27860,60,139,0,50332172,0x0300020C,wall,,00000524.pro,-1,,0
3303,,381188,1,3141,27861,61,139,0,50332174,0x0300020E,wall,,00000526.pro,-1,,0
3304,,381276,1,3142,27862,62,139,0,50332286,0x0300027E,wall,,00000638.pro,-1,,0
3305,,381364,1,3143,27863,63,139,0,50332173,0x0300020D,wall,,00000525.pro,-1,,0
3306,,381452,1,3144,27864,64,139,0,50332167,0x03000207,wall,,00000519.pro,-1,,0
3307,,381540,1,3145,27865,65,139,0,50332174,0x0300020E,wall,,00000526.pro,-1,,0
3308,,381628,1,3146,27866,66,139,0,50332256,0x03000260,wall,,00000608.pro,-1,,0
3309,,381716,1,3147,27867,67,139,0,50332173,0x0300020D,wall,,00000525.pro,-1,,0
3310,,381804,1,3148,27868,68,139,0,50332172,0x0300020C,wall,,00000524.pro,-1,,0
3311,,381892,1,3149,27869,69,139,0,50332174,0x0300020E,wall,,00000526.pro,-1,,0
3312,,381980,1,3151,27870,70,139,0,50332287,0x0300027F,wall,,00000639.pro,-1,,0
3313,,382068,1,3153,27871,71,139,0,50332173,0x0300020D,wall,,00000525.pro,-1,,0
3314,,382156,1,3154,27872,72,139,0,50332167,0x03000207,wall,,00000519.pro,-1,,0
3315,,382244,1,3155,27873,73,139,0,50332174,0x0300020E,wall,,00000526.pro,-1,,0
3316,,382332,1,3156,27874,74,139,0,50332286,0x0300027E,wall,,00000638.pro,-1,,0
3317,,382420,1,3157,27875,75,139,0,50332173,0x0300020D,wall,,00000525.pro,-1,,0
3318,,382508,1,3158,27876,76,139,0,50332166,0x03000206,wall,,00000518.pro,-1,,0
3319,,382596,1,3159,27877,77,139,0,50332165,0x03000205,wall,,00000517.pro,-1,,0
3320,,382684,1,3160,27878,78,139,0,50332164,0x03000204,wall,,00000516.pro,-1,,0
3321,,382772,1,3166,27898,98,139,0,50332270,0x0300026E,wall,,00000622.pro,-1,,0
3322,,382860,1,3167,27899,99,139,0,50332175,0x0300020F,wall,,00000527.pro,-1,,0
3323,,382948,1,3168,27900,100,139,0,50332271,0x0300026F,wall,,00000623.pro,-1,,0
3324,,383036,1,3169,27901,101,139,0,50332270,0x0300026E,wall,,00000622.pro,-1,,0
3325,,383124,1,3170,27912,112,139,0,50332272,0x03000270,wall,,00000624.pro,-1,,0
3326,,383212,1,3171,27913,113,139,0,50332173,0x0300020D,wall,,00000525.pro,-1,,0
3327,,383300,1,3172,27914,114,139,0,50332172,0x0300020C,wall,,00000524.pro,-1,,0
3328,,383388,1,3174,27915,115,139,0,50332173,0x0300020D,wall,,00000525.pro,-1,,0
3329,,383476,1,3176,27916,116,139,0,50332286,0x0300027E,wall,,00000638.pro,-1,,0
3330,,383564,1,3177,27917,117,139,0,50332174,0x0300020E,wall,,00000526.pro,-1,,0
3331,,383652,1,3179,27918,118,139,0,50332167,0x03000207,wall,,00000519.pro,-1,,0
3332,,383740,1,3181,27919,119,139,0,50332173,0x0300020D,wall,,00000525.pro,-1,,0
3333,,383828,1,3183,27920,120,139,0,50332256,0x03000260,wall,,00000608.pro,-1,,0
3334,,383916,1,3185,27921,121,139,0,50332173,0x0300020D,wall,,00000525.pro,-1,,0
3335,,384004,1,3186,27922,122,139,0,50332172,0x0300020C,wall,,00000524.pro,-1,,0
3336,,384092,1,3187,27923,123,139,0,50332173,0x0300020D,wall,,00000525.pro,-1,,0
3337,,384180,1,3188,27924,124,139,0,50332287,0x0300027F,wall,,00000639.pro,-1,,0
3338,,384268,1,3189,27925,125,139,0,50332174,0x0300020E,wall,,00000526.pro,-1,,0
3339,,384356,1,3190,27926,126,139,0,50332167,0x03000207,wall,,00000519.pro,-1,,0
3340,,384444,1,3191,27927,127,139,0,50332138,0x030001EA,wall,,00000490.pro,-1,,0
3341,,384532,1,3192,27929,129,139,0,50332137,0x030001E9,wall,,00000489.pro,-1,,0
3342,,384620,1,3193,27930,130,139,0,50332172,0x0300020C,wall,,00000524.pro,-1,,0
3343,,384708,1,3194,27931,131,139,0,50332173,0x0300020D,wall,,00000525.pro,-1,,0
3344,,384796,1,3195,27932,132,139,0,50332286,0x0300027E,wall,,00000638.pro,-1,,0
3345,,384884,1,3196,27933,133,139,0,50332173,0x0300020D,wall,,00000525.pro,-1,,0
3346,,384972,1,3197,27934,134,139,0,83886092,0x0500000C,misc,,00000012.pro,-1,,0
3347,,385060,1,3198,27934,134,139,0,50332166,0x03000206,wall,,00000518.pro,-1,,0
3348,,385148,1,3199,27935,135,139,0,83886092,0x0500000C,misc,,00000012.pro,-1,,0
3349,,385236,1,3200,27935,135,139,0,50332165,0x03000205,wall,,00000517.pro,-1,,0
3350,,385324,1,3201,27936,136,139,0,83886092,0x0500000C,misc,,00000012.pro,-1,,0
3351,,385412,1,3202,27936,136,139,0,50332164,0x03000204,wall,,00000516.pro,-1,,0
3352,,385500,1,3203,27937,137,139,0,83886092,0x0500000C,misc,,00000012.pro,-1,,0
3353,,385588,1,3204,27939,139,139,0,33554727,0x02000127,scenery,generic,00000296.pro,-1,,0
3354,,385676,1,3205,27955,155,139,0,33554725,0x02000125,scenery,generic,00000294.pro,-1,,0
3355,,385764,1,3206,28055,55,140,0,50332270,0x0300026E,wall,,00000622.pro,-1,,0
3356,,385852,1,3207,28057,57,140,0,50332270,0x0300026E,wall,,00000622.pro,-1,,0
3357,,385940,1,3209,28059,59,140,0,50332270,0x0300026E,wall,,00000622.pro,-1,,0
3358,,386028,1,3210,28060,60,140,0,83886092,0x0500000C,misc,,00000012.pro,-1,,0
3359,,386116,1,3211,28060,60,140,0,33554685,0x020000FD,scenery,generic,00000254.pro,-1,,0
3360,,386204,1,3212,28061,61,140,0,50332270,0x0300026E,wall,,00000622.pro,-1,,0
3361,,386292,1,3213,28062,62,140,0,33554540,0x0200006C,scenery,generic,00000109.pro,-1,,0
3362,,386380,1,3214,28063,63,140,0,50332270,0x0300026E,wall,,00000622.pro,-1,,0
3363,,386468,1,3215,28064,64,140,0,33554499,0x02000043,scenery,generic,00000068.pro,-1,,0
3364,,386556,1,3216,28065,65,140,0,50332270,0x0300026E,wall,,00000622.pro,-1,,0
3365,,386644,1,3217,28067,67,140,0,50332270,0x0300026E,wall,,00000622.pro,-1,,0
3366,,386732,1,3218,28069,69,140,0,50332270,0x0300026E,wall,,00000622.pro,-1,,0
3367,,386820,1,3221,28071,71,140,0,50332270,0x0300026E,wall,,00000622.pro,-1,,0
3368,,386908,1,3222,28073,73,140,0,50332270,0x0300026E,wall,,00000622.pro,-1,,0
3369,,386996,1,3223,28075,75,140,0,50332270,0x0300026E,wall,,00000622.pro,-1,,0
3370,,387084,1,3224,28077,77,140,0,50332270,0x0300026E,wall,,00000622.pro,-1,,0
3371,,387172,1,3225,28078,78,140,0,33554654,0x020000DE,scenery,generic,00000223.pro,-1,,0
3372,,387260,1,3226,28079,79,140,0,33554499,0x02000043,scenery,generic,00000068.pro,-1,,0
3373,,387348,1,3235,28099,99,140,0,50332270,0x0300026E,wall,,00000622.pro,-1,,0
3374,,387436,1,3236,28101,101,140,0,50332270,0x0300026E,wall,,00000622.pro,-1,,0
3375,,387524,1,3237,28112,112,140,0,50332270,0x0300026E,wall,,00000622.pro,-1,,0
3376,,387612,1,3238,28113,113,140,0,50332270,0x0300026E,wall,,00000622.pro,-1,,0
3377,,387700,1,3239,28114,114,140,0,50332270,0x0300026E,wall,,00000622.pro,-1,,0
3378,,387788,1,3240,28115,115,140,0,50332270,0x0300026E,wall,,00000622.pro,-1,,0
3379,,387876,1,3243,28117,117,140,0,50332270,0x0300026E,wall,,00000622.pro,-1,,0
3380,,387964,1,3246,28119,119,140,0,50332270,0x0300026E,wall,,00000622.pro,-1,,0
3381,,388052,1,3247,28121,121,140,0,50332270,0x0300026E,wall,,00000622.pro,-1,,0
3382,,388140,1,3248,28123,123,140,0,50332270,0x0300026E,wall,,00000622.pro,-1,,0
3383,,388228,1,3249,28125,125,140,0,50332270,0x0300026E,wall,,00000622.pro,-1,,0
3384,,388316,1,3250,28127,127,140,0,50332270,0x0300026E,wall,,00000622.pro,-1,,0
3385,,388404,1,3251,28131,131,140,0,50332270,0x0300026E,wall,,00000622.pro,-1,,0
3386,,388492,1,3252,28132,132,140,0,83886092,0x0500000C,misc,,00000012.pro,-1,,0
3387,,388580,1,3253,28132,132,140,0,33554540,0x0200006C,scenery,generic,00000109.pro,-1,,0
3388,,388668,1,3254,28133,133,140,0,50332270,0x0300026E,wall,,00000622.pro,-1,,0
3389,,388756,1,3255,28133,133,140,0,83886092,0x0500000C,misc,,00000012.pro,-1,,0
3390,,388844,1,3256,28134,134,140,0,33554499,0x02000043,scenery,generic,00000068.pro,-1,,0
3391,,388932,1,3257,28134,134,140,0,83886092,0x0500000C,misc,,00000012.pro,-1,,0
3392,,389020,1,3258,28135,135,140,0,50332270,0x0300026E,wall,,00000622.pro,-1,,0
3393,,389108,1,3259,28135,135,140,0,83886092,0x0500000C,misc,,00000012.pro,-1,,0
3394,,389196,1,3260,28161,161,140,0,33554536,0x02000068,scenery,generic,00000105.pro,-1,,0
3395,,389284,1,3261,28166,166,140,0,33554558,0x0200007E,scenery,generic,00000127.pro,-1,,0
3396,,389372,1,3263,28259,59,141,0,33554499,0x02000043,scenery,generic,00000068.pro,-1,,0
3397,,389460,1,3265,28260,60,141,0,33554499,0x02000043,scenery,generic,00000068.pro,-1,,0
3398,,389548,1,3266,28261,61,141,0,33554499,0x02000043,scenery,generic,00000068.pro,-1,,0
3399,,389636,1,3267,28261,61,141,0,83886092,0x0500000C,misc,,00000012.pro,-1,,0
3400,,389724,1,3268,28263,63,141,0,33554499,0x02000043,scenery,generic,00000068.pro,-1,,0
3401,,389812,1,3271,28277,77,141,0,33554499,0x02000043,scenery,generic,00000068.pro,-1,,0
3402,,389900,1,3272,28278,78,141,0,33554499,0x02000043,scenery,generic,00000068.pro,-1,,0
3403,,389988,1,3273,28279,79,141,0,33554499,0x02000043,scenery,generic,00000068.pro,-1,,0
3404,,390076,1,3279,28313,113,141,0,33554556,0x0200007C,scenery,generic,00000125.pro,-1,,0
3405,,390164,1,3280,28314,114,141,0,33554535,0x02000067,scenery,generic,00000104.pro,-1,,0
3406,,390252,1,3281,28315,115,141,0,33554555,0x0200007B,scenery,generic,00000124.pro,-1,,0
3407,,390340,1,3283,28330,130,141,0,83886092,0x0500000C,misc,,00000012.pro,-1,,0
3408,,390428,1,3284,28331,131,141,0,83886092,0x0500000C,misc,,00000012.pro,-1,,0
3409,,390516,1,3285,28332,132,141,0,83886092,0x0500000C,misc,,00000012.pro,-1,,0
3410,,390604,1,3286,28332,132,141,0,33554535,0x02000067,scenery,generic,00000104.pro,-1,,0
3411,,390692,1,3287,28333,133,141,0,33554499,0x02000043,scenery,generic,00000068.pro,-1,,0
3412,,390780,1,3288,28333,133,141,0,83886092,0x0500000C,misc,,00000012.pro,-1,,0
3413,,390868,1,3289,28334,134,141,0,33554537,0x02000069,scenery,generic,00000106.pro,-1,,0
3414,,390956,1,3290,28338,138,141,0,33554731,0x0200012B,scenery,generic,00000300.pro,-1,,0
3415,,391044,1,3291,28451,51,142,0,33554537,0x02000069,scenery,generic,00000106.pro,-1,,0
3416,,391132,1,3292,28452,52,142,0,33554534,0x02000066,scenery,generic,00000103.pro,-1,,0
3417,,391220,1,3293,28457,57,142,0,33554726,0x02000126,scenery,generic,00000295.pro,-1,,0
3418,,391308,1,3295,28461,61,142,0,83886092,0x0500000C,misc,,00000012.pro,-1,,0
3419,,391396,1,3296,28462,62,142,0,83886092,0x0500000C,misc,,00000012.pro,-1,,0
3420,,391484,1,3299,28475,75,142,0,33554726,0x02000126,scenery,generic,00000295.pro,-1,,0
3421,,391572,1,3306,28521,121,142,0,33554726,0x02000126,scenery,generic,00000295.pro,-1,,0
3422,,391660,1,3307,28528,128,142,0,83886092,0x0500000C,misc,,00000012.pro,-1,,0
3423,,391748,1,3308,28529,129,142,0,83886092,0x0500000C,misc,,00000012.pro,-1,,0
3424,,391836,1,3309,28530,130,142,0,83886092,0x0500000C,misc,,00000012.pro,-1,,0
3425,,391924,1,3310,28531,131,142,0,83886092,0x0500000C,misc,,00000012.pro,-1,,0
3426,,392012,1,3311,28651,51,143,0,33554536,0x02000068,scenery,generic,00000105.pro,-1,,0
3427,,392100,1,3313,28662,62,143,0,83886092,0x0500000C,misc,,00000012.pro,-1,,0
3428,,392188,1,3322,28726,126,143,0,83886092,0x0500000C,misc,,00000012.pro,-1,,0
3429,,392276,1,3323,28727,127,143,0,83886092,0x0500000C,misc,,00000012.pro,-1,,0
3430,,392364,1,3324,28728,128,143,0,83886092,0x0500000C,misc,,00000012.pro,-1,,0
3431,,392452,1,3325,28729,129,143,0,83886092,0x0500000C,misc,,00000012.pro,-1,,0
3432,,392540,1,3328,28863,63,144,0,83886092,0x0500000C,misc,,00000012.pro,-1,,0
3433,,392628,1,3336,28924,124,144,0,83886092,0x0500000C,misc,,00000012.pro,-1,,0
3434,,392716,1,3337,28925,125,144,0,83886092,0x0500000C,misc,,00000012.pro,-1,,0
3435,,392804,1,3338,28926,126,144,0,83886092,0x0500000C,misc,,00000012.pro,-1,,0
3436,,392892,1,3339,28927,127,144,0,83886092,0x0500000C,misc,,00000012.pro,-1,,0
3437,,392980,1,3341,29063,63,145,0,83886092,0x0500000C,misc,,00000012.pro,-1,,0
3438,,393068,1,3342,29064,64,145,0,83886092,0x0500000C,misc,,00000012.pro,-1,,0
3439,,393156,1,3357,29122,122,145,0,83886092,0x0500000C,misc,,00000012.pro,-1,,0
3440,,393244,1,3358,29123,123,145,0,83886092,0x0500000C,misc,,00000012.pro,-1,,0
3441,,393332,1,3359,29124,124,145,0,83886092,0x0500000C,misc,,00000012.pro,-1,,0
3442,,393420,1,3360,29125,125,145,0,83886092,0x0500000C,misc,,00000012.pro,-1,,0
3443,,393508,1,3362,29264,64,146,0,83886092,0x0500000C,misc,,00000012.pro,-1,,0
3444,,393596,1,3372,29320,120,146,0,83886092,0x0500000C,misc,,00000012.pro,-1,,0
3445,,393684,1,3373,29321,121,146,0,83886092,0x0500000C,misc,,00000012.pro,-1,,0
3446,,393772,1,3374,29322,122,146,0,83886092,0x0500000C,misc,,00000012.pro,-1,,0
3447,,393860,1,3375,29323,123,146,0,83886092,0x0500000C,misc,,00000012.pro,-1,,0
3448,,393948,1,3378,29465,65,147,0,83886092,0x0500000C,misc,,00000012.pro,-1,,0
3449,,394036,1,3386,29518,118,147,0,83886092,0x0500000C,misc,,00000012.pro,-1,,0
3450,,394124,1,3387,29519,119,147,0,83886092,0x0500000C,misc,,00000012.pro,-1,,0
3451,,394212,1,3388,29520,120,147,0,83886092,0x0500000C,misc,,00000012.pro,-1,,0
3452,,394300,1,3389,29521,121,147,0,83886092,0x0500000C,misc,,00000012.pro,-1,,0
3453,,394388,1,3390,29660,60,148,0,33554517,0x02000055,scenery,generic,00000086.pro,-1,,0
3454,,394476,1,3392,29665,65,148,0,83886092,0x0500000C,misc,,00000012.pro,-1,,0
3455,,394564,1,3393,29666,66,148,0,83886092,0x0500000C,misc,,00000012.pro,-1,,0
3456,,394652,1,3402,29716,116,148,0,83886092,0x0500000C,misc,,00000012.pro,-1,,0
3457,,394740,1,3403,29717,117,148,0,83886092,0x0500000C,misc,,00000012.pro,-1,,0
3458,,394828,1,3404,29718,118,148,0,83886092,0x0500000C,misc,,00000012.pro,-1,,0
3459,,394916,1,3405,29719,119,148,0,83886092,0x0500000C,misc,,00000012.pro,-1,,0
3460,,395004,1,3407,29866,66,149,0,83886092,0x0500000C,misc,,00000012.pro,-1,,0
3461,,395092,1,3415,29914,114,149,0,83886092,0x0500000C,misc,,00000012.pro,-1,,0
3462,,395180,1,3416,29915,115,149,0,83886092,0x0500000C,misc,,00000012.pro,-1,,0
3463,,395268,1,3417,29916,116,149,0,83886092,0x0500000C,misc,,00000012.pro,-1,,0
3464,,395356,1,3418,29917,117,149,0,83886092,0x0500000C,misc,,00000012.pro,-1,,0
3465,,395444,1,3422,30067,67,150,0,83886092,0x0500000C,misc,,00000012.pro,-1,,0
3466,,395532,1,3428,30112,112,150,0,83886092,0x0500000C,misc,,00000012.pro,-1,,0
3467,,395620,1,3429,30113,113,150,0,83886092,0x0500000C,misc,,00000012.pro,-1,,0
3468,,395708,1,3430,30114,114,150,0,83886092,0x0500000C,misc,,00000012.pro,-1,,0
3469,,395796,1,3431,30115,115,150,0,83886092,0x0500000C,misc,,00000012.pro,-1,,0
3470,,395884,1,3434,30267,67,151,0,83886092,0x0500000C,misc,,00000012.pro,-1,,0
3471,,395972,1,3435,30268,68,151,0,83886092,0x0500000C,misc,,00000012.pro,-1,,0
3472,,396060,1,3439,30288,88,151,0,33554535,0x02000067,scenery,generic,00000104.pro,-1,,0
3473,,396148,1,3440,30310,110,151,0,83886092,0x0500000C,misc,,00000012.pro,-1,,0
3474,,396236,1,3441,30311,111,151,0,83886092,0x0500000C,misc,,00000012.pro,-1,,0
3475,,396324,1,3442,30312,112,151,0,83886092,0x0500000C,misc,,00000012.pro,-1,,0
3476,,396412,1,3443,30313,113,151,0,83886092,0x0500000C,misc,,00000012.pro,-1,,0
3477,,396500,1,3444,30468,68,152,0,83886092,0x0500000C,misc,,00000012.pro,-1,,0
3478,,396588,1,3448,30508,108,152,0,83886092,0x0500000C,misc,,00000012.pro,-1,,0
3479,,396676,1,3449,30509,109,152,0,83886092,0x0500000C,misc,,00000012.pro,-1,,0
3480,,396764,1,3450,30510,110,152,0,83886092,0x0500000C,misc,,00000012.pro,-1,,0
3481,,396852,1,3451,30511,111,152,0,83886092,0x0500000C,misc,,00000012.pro,-1,,0
3482,,396940,1,3452,30653,53,153,0,33554535,0x02000067,scenery,generic,00000104.pro,-1,,0
3483,,397028,1,3453,30669,69,153,0,83886092,0x0500000C,misc,,00000012.pro,-1,,0
3484,,397116,1,3454,30672,72,153,0,33554537,0x02000069,scenery,generic,00000106.pro,-1,,0
3485,,397204,1,3458,30703,103,153,0,33554723,0x02000123,scenery,generic,00000292.pro,-1,,0
3486,,397292,1,3459,30706,106,153,0,83886092,0x0500000C,misc,,00000012.pro,-1,,0
3487,,397380,1,3460,30707,107,153,0,83886092,0x0500000C,misc,,00000012.pro,-1,,0
3488,,397468,1,3461,30708,108,153,0,83886092,0x0500000C,misc,,00000012.pro,-1,,0
3489,,397556,1,3462,30709,109,153,0,83886092,0x0500000C,misc,,00000012.pro,-1,,0
3490,,397644,1,3463,30713,113,153,0,33554727,0x02000127,scenery,generic,00000296.pro,-1,,0
3491,,397732,1,3464,30724,124,153,0,33554536,0x02000068,scenery,generic,00000105.pro,-1,,0
3492,,397820,1,3465,30735,135,153,0,33554723,0x02000123,scenery,generic,00000292.pro,-1,,0
3493,,397908,1,3466,30755,155,153,0,33554719,0x0200011F,scenery,generic,00000288.pro,-1,,0
3494,,397996,1,3467,30869,69,154,0,83886092,0x0500000C,misc,,00000012.pro,-1,,0
3495,,398084,1,3468,30870,70,154,0,83886092,0x0500000C,misc,,00000012.pro,-1,,0
3496,,398172,1,3478,30904,104,154,0,83886092,0x0500000C,misc,,00000012.pro,-1,,0
3497,,398260,1,3479,30905,105,154,0,83886092,0x0500000C,misc,,00000012.pro,-1,,0
3498,,398348,1,3480,30906,106,154,0,83886092,0x0500000C,misc,,00000012.pro,-1,,0
3499,,398436,1,3481,30907,107,154,0,83886092,0x0500000C,misc,,00000012.pro,-1,,0
3500,,398524,1,3482,30923,123,154,0,33554537,0x02000069,scenery,generic,00000106.pro,-1,,0
3501,,398612,1,3483,30924,124,154,0,33554534,0x02000066,scenery,generic,00000103.pro,-1,,0
3502,,398700,1,3484,31070,70,155,0,83886092,0x0500000C,misc,,00000012.pro,-1,,0
3503,,398788,1,3489,31102,102,155,0,83886092,0x0500000C,misc,,00000012.pro,-1,,0
3504,,398876,1,3490,31103,103,155,0,83886092,0x0500000C,misc,,00000012.pro,-1,,0
3505,,398964,1,3491,31104,104,155,0,83886092,0x0500000C,misc,,00000012.pro,-1,,0
3506,,399052,1,3492,31105,105,155,0,83886092,0x0500000C,misc,,00000012.pro,-1,,0
3507,,399140,1,3493,31271,71,156,0,83886092,0x0500000C,misc,,00000012.pro,-1,,0
3508,,399228,1,3498,31300,100,156,0,83886092,0x0500000C,misc,,00000012.pro,-1,,0
3509,,399316,1,3499,31301,101,156,0,83886092,0x0500000C,misc,,00000012.pro,-1,,0
3510,,399404,1,3500,31302,102,156,0,83886092,0x0500000C,misc,,00000012.pro,-1,,0
3511,,399492,1,3501,31303,103,156,0,83886092,0x0500000C,misc,,00000012.pro,-1,,0
3512,,399580,1,3502,31362,162,156,0,33554537,0x02000069,scenery,generic,00000106.pro,-1,,0
3513,,399668,1,3503,31471,71,157,0,83886092,0x0500000C,misc,,00000012.pro,-1,,0
3514,,399756,1,3504,31472,72,157,0,83886092,0x0500000C,misc,,00000012.pro,-1,,0
3515,,399844,1,3509,31498,98,157,0,83886092,0x0500000C,misc,,00000012.pro,-1,,0
3516,,399932,1,3510,31499,99,157,0,83886092,0x0500000C,misc,,00000012.pro,-1,,0
3517,,400020,1,3511,31500,100,157,0,83886092,0x0500000C,misc,,00000012.pro,-1,,0
3518,,400108,1,3512,31501,101,157,0,83886092,0x0500000C,misc,,00000012.pro,-1,,0
3519,,400196,1,3513,31555,155,157,0,33554728,0x02000128,scenery,generic,00000297.pro,-1,,0
3520,,400284,1,3514,31561,161,157,0,33554535,0x02000067,scenery,generic,00000104.pro,-1,,0
3521,,400372,1,3515,31660,60,158,0,33554534,0x02000066,scenery,generic,00000103.pro,-1,,0
3522,,400460,1,3516,31672,72,158,0,83886092,0x0500000C,misc,,00000012.pro,-1,,0
3523,,400548,1,3523,31694,94,158,0,33554558,0x0200007E,scenery,generic,00000127.pro,-1,,0
3524,,400636,1,3524,31696,96,158,0,83886092,0x0500000C,misc,,00000012.pro,-1,,0
3525,,400724,1,3525,31697,97,158,0,83886092,0x0500000C,misc,,00000012.pro,-1,,0
3526,,400812,1,3526,31698,98,158,0,83886092,0x0500000C,misc,,00000012.pro,-1,,0
3527,,400900,1,3527,31699,99,158,0,83886092,0x0500000C,misc,,00000012.pro,-1,,0
3528,,400988,1,3528,31763,163,158,0,33554534,0x02000066,scenery,generic,00000103.pro,-1,,0
3529,,401076,1,3529,31873,73,159,0,83886092,0x0500000C,misc,,00000012.pro,-1,,0
3530,,401164,1,3533,31894,94,159,0,83886092,0x0500000C,misc,,00000012.pro,-1,,0
3531,,401252,1,3534,31894,94,159,0,33554557,0x0200007D,scenery,generic,00000126.pro,-1,,0
3532,,401340,1,3535,31895,95,159,0,83886092,0x0500000C,misc,,00000012.pro,-1,,0
3533,,401428,1,3536,31896,96,159,0,83886092,0x0500000C,misc,,00000012.pro,-1,,0
3534,,401516,1,3537,31897,97,159,0,83886092,0x0500000C,misc,,00000012.pro,-1,,0
3535,,401604,1,3538,32073,73,160,0,83886092,0x0500000C,misc,,00000012.pro,-1,,0
3536,,401692,1,3540,32074,74,160,0,83886092,0x0500000C,misc,,00000012.pro,-1,,0
3537,,401780,1,3543,32092,92,160,0,83886092,0x0500000C,misc,,00000012.pro,-1,,0
3538,,401868,1,3544,32093,93,160,0,83886092,0x0500000C,misc,,00000012.pro,-1,,0
3539,,401956,1,3545,32094,94,160,0,83886092,0x0500000C,misc,,00000012.pro,-1,,0
3540,,402044,1,3546,32095,95,160,0,83886092,0x0500000C,misc,,00000012.pro,-1,,0
3541,,402132,1,3548,32274,74,161,0,83886092,0x0500000C,misc,,00000012.pro,-1,,0
3542,,402220,1,3551,32290,90,161,0,83886092,0x0500000C,misc,,00000012.pro,-1,,0
3543,,402308,1,3552,32291,91,161,0,83886092,0x0500000C,misc,,00000012.pro,-1,,0
3544,,402396,1,3553,32292,92,161,0,83886092,0x0500000C,misc,,00000012.pro,-1,,0
3545,,402484,1,3554,32293,93,161,0,83886092,0x0500000C,misc,,00000012.pro,-1,,0
3546,,402572,1,3557,32475,75,162,0,83886092,0x0500000C,misc,,00000012.pro,-1,,0
3547,,402660,1,3559,32488,88,162,0,83886092,0x0500000C,misc,,00000012.pro,-1,,0
3548,,402748,1,3560,32489,89,162,0,83886092,0x0500000C,misc,,00000012.pro,-1,,0
3549,,402836,1,3561,32490,90,162,0,83886092,0x0500000C,misc,,00000012.pro,-1,,0
3550,,402924,1,3562,32491,91,162,0,83886092,0x0500000C,misc,,00000012.pro,-1,,0
3551,,403012,1,3565,32675,75,163,0,83886092,0x0500000C,misc,,00000012.pro,-1,,0
3552,,403100,1,3566,32676,76,163,0,83886092,0x0500000C,misc,,00000012.pro,-1,,0
3553,,403188,1,3568,32686,86,163,0,83886092,0x0500000C,misc,,00000012.pro,-1,,0
3554,,403276,1,3569,32687,87,163,0,83886092,0x0500000C,misc,,00000012.pro,-1,,0
3555,,403364,1,3570,32688,88,163,0,83886092,0x0500000C,misc,,00000012.pro,-1,,0
3556,,403452,1,3571,32689,89,163,0,83886092,0x0500000C,misc,,00000012.pro,-1,,0
3557,,403540,1,3574,32876,76,164,0,83886092,0x0500000C,misc,,00000012.pro,-1,,0
3558,,403628,1,3576,32884,84,164,0,83886092,0x0500000C,misc,,00000012.pro,-1,,0
3559,,403716,1,3577,32885,85,164,0,83886092,0x0500000C,misc,,00000012.pro,-1,,0
3560,,403804,1,3578,32886,86,164,0,83886092,0x0500000C,misc,,00000012.pro,-1,,0
3561,,403892,1,3579,32887,87,164,0,83886092,0x0500000C,misc,,00000012.pro,-1,,0
3562,,403980,1,3583,33082,82,165,0,83886092,0x0500000C,misc,,00000012.pro,-1,,0
3563,,404068,1,3584,33083,83,165,0,83886092,0x0500000C,misc,,00000012.pro,-1,,0
3564,,404156,1,3585,33084,84,165,0,83886092,0x0500000C,misc,,00000012.pro,-1,,0
3565,,404244,1,3586,33085,85,165,0,83886092,0x0500000C,misc,,00000012.pro,-1,,0
3566,,404332,1,3590,33283,83,166,0,83886092,0x0500000C,misc,,00000012.pro,-1,,0
