path,inventory_quantity,file_offset,elevation_group,object_id,tile,tile_x,tile_y,rotation,pid,pid_hex,prototype_type,prototype_subtype,prototype_filename,script_id,script_filename,inventory_length
0,,123400,0,25,9698,98,48,0,83886092,0x0500000C,misc,,00000012.pro,-1,,0
1,,123488,0,26,9896,96,49,0,83886092,0x0500000C,misc,,00000012.pro,-1,,0
2,,123576,0,27,9897,97,49,0,83886092,0x0500000C,misc,,00000012.pro,-1,,0
3,,123664,0,28,9898,98,49,0,83886092,0x0500000C,misc,,00000012.pro,-1,,0
4,,123752,0,29,10094,94,50,0,83886092,0x0500000C,misc,,00000012.pro,-1,,0
5,,123840,0,30,10095,95,50,0,83886092,0x0500000C,misc,,00000012.pro,-1,,0
6,,123928,0,31,10096,96,50,0,83886092,0x0500000C,misc,,00000012.pro,-1,,0
7,,124016,0,32,10097,97,50,0,83886092,0x0500000C,misc,,00000012.pro,-1,,0
8,,124104,0,33,10099,99,50,0,83886092,0x0500000C,misc,,00000012.pro,-1,,0
9,,124192,0,34,10292,92,51,0,83886092,0x0500000C,misc,,00000012.pro,-1,,0
10,,124280,0,35,10293,93,51,0,83886092,0x0500000C,misc,,00000012.pro,-1,,0
11,,124368,0,36,10294,94,51,0,83886092,0x0500000C,misc,,00000012.pro,-1,,0
12,,124456,0,37,10295,95,51,0,83886092,0x0500000C,misc,,00000012.pro,-1,,0
13,,124544,0,38,10299,99,51,0,83886092,0x0500000C,misc,,00000012.pro,-1,,0
14,,124632,0,39,10300,100,51,0,83886092,0x0500000C,misc,,00000012.pro,-1,,0
15,,124720,0,40,10490,90,52,0,83886092,0x0500000C,misc,,00000012.pro,-1,,0
16,,124808,0,41,10491,91,52,0,83886092,0x0500000C,misc,,00000012.pro,-1,,0
17,,124896,0,42,10492,92,52,0,83886092,0x0500000C,misc,,00000012.pro,-1,,0
18,,124984,0,43,10493,93,52,0,83886092,0x0500000C,misc,,00000012.pro,-1,,0
19,,125072,0,44,10500,100,52,0,83886092,0x0500000C,misc,,00000012.pro,-1,,0
20,,125160,0,45,10688,88,53,0,83886092,0x0500000C,misc,,00000012.pro,-1,,0
21,,125248,0,46,10689,89,53,0,83886092,0x0500000C,misc,,00000012.pro,-1,,0
22,,125336,0,47,10690,90,53,0,83886092,0x0500000C,misc,,00000012.pro,-1,,0
23,,125424,0,48,10691,91,53,0,83886092,0x0500000C,misc,,00000012.pro,-1,,0
24,,125512,0,49,10701,101,53,0,83886092,0x0500000C,misc,,00000012.pro,-1,,0
25,,125600,0,50,10886,86,54,0,83886092,0x0500000C,misc,,00000012.pro,-1,,0
26,,125688,0,51,10887,87,54,0,83886092,0x0500000C,misc,,00000012.pro,-1,,0
27,,125776,0,52,10888,88,54,0,83886092,0x0500000C,misc,,00000012.pro,-1,,0
28,,125864,0,53,10889,89,54,0,83886092,0x0500000C,misc,,00000012.pro,-1,,0
29,,125952,0,54,10901,101,54,0,83886092,0x0500000C,misc,,00000012.pro,-1,,0
30,,126040,0,55,10902,102,54,0,83886092,0x0500000C,misc,,00000012.pro,-1,,0
31,,126128,0,56,11084,84,55,0,83886092,0x0500000C,misc,,00000012.pro,-1,,0
32,,126216,0,57,11085,85,55,0,83886092,0x0500000C,misc,,00000012.pro,-1,,0
33,,126304,0,58,11086,86,55,0,83886092,0x0500000C,misc,,00000012.pro,-1,,0
34,,126392,0,59,11087,87,55,0,83886092,0x0500000C,misc,,00000012.pro,-1,,0
35,,126480,0,60,11102,102,55,0,83886092,0x0500000C,misc,,00000012.pro,-1,,0
36,,126568,0,61,11282,82,56,0,83886092,0x0500000C,misc,,00000012.pro,-1,,0
37,,126656,0,62,11283,83,56,0,83886092,0x0500000C,misc,,00000012.pro,-1,,0
38,,126744,0,63,11284,84,56,0,83886092,0x0500000C,misc,,00000012.pro,-1,,0
39,,126832,0,64,11285,85,56,0,83886092,0x0500000C,misc,,00000012.pro,-1,,0
40,,126920,0,65,11303,103,56,0,83886092,0x0500000C,misc,,00000012.pro,-1,,0
41,,127008,0,66,11480,80,57,0,83886092,0x0500000C,misc,,00000012.pro,-1,,0
42,,127096,0,67,11481,81,57,0,83886092,0x0500000C,misc,,00000012.pro,-1,,0
43,,127184,0,68,11482,82,57,0,83886092,0x0500000C,misc,,00000012.pro,-1,,0
44,,127272,0,69,11483,83,57,0,83886092,0x0500000C,misc,,00000012.pro,-1,,0
45,,127360,0,70,11503,103,57,0,83886092,0x0500000C,misc,,00000012.pro,-1,,0
46,,127448,0,71,11504,104,57,0,83886092,0x0500000C,misc,,00000012.pro,-1,,0
47,,127536,0,72,11678,78,58,0,83886092,0x0500000C,misc,,00000012.pro,-1,,0
48,,127624,0,73,11679,79,58,0,83886092,0x0500000C,misc,,00000012.pro,-1,,0
49,,127712,0,74,11680,80,58,0,83886092,0x0500000C,misc,,00000012.pro,-1,,0
50,,127800,0,75,11681,81,58,0,83886092,0x0500000C,misc,,00000012.pro,-1,,0
51,,127888,0,76,11704,104,58,0,83886092,0x0500000C,misc,,00000012.pro,-1,,0
52,,127976,0,77,11876,76,59,0,83886092,0x0500000C,misc,,00000012.pro,-1,,0
53,,128064,0,78,11877,77,59,0,83886092,0x0500000C,misc,,00000012.pro,-1,,0
54,,128152,0,79,11878,78,59,0,83886092,0x0500000C,misc,,00000012.pro,-1,,0
55,,128240,0,80,11879,79,59,0,83886092,0x0500000C,misc,,00000012.pro,-1,,0
56,,128328,0,81,11905,105,59,0,83886092,0x0500000C,misc,,00000012.pro,-1,,0
57,,128416,0,82,12074,74,60,0,83886092,0x0500000C,misc,,00000012.pro,-1,,0
58,,128504,0,83,12075,75,60,0,83886092,0x0500000C,misc,,00000012.pro,-1,,0
59,,128592,0,84,12076,76,60,0,83886092,0x0500000C,misc,,00000012.pro,-1,,0
60,,128680,0,85,12077,77,60,0,83886092,0x0500000C,misc,,00000012.pro,-1,,0
61,,128768,0,86,12105,105,60,0,83886092,0x0500000C,misc,,00000012.pro,-1,,0
62,,128856,0,87,12106,106,60,0,83886092,0x0500000C,misc,,00000012.pro,-1,,0
63,,128944,0,88,12272,72,61,0,83886092,0x0500000C,misc,,00000012.pro,-1,,0
64,,129032,0,89,12273,73,61,0,83886092,0x0500000C,misc,,00000012.pro,-1,,0
65,,129120,0,90,12274,74,61,0,83886092,0x0500000C,misc,,00000012.pro,-1,,0
66,,129208,0,91,12275,75,61,0,83886092,0x0500000C,misc,,00000012.pro,-1,,0
67,,129296,0,92,12278,78,61,0,50332347,0x030002BB,wall,,00000699.pro,-1,,0
68,,129384,0,93,12279,79,61,0,50332370,0x030002D2,wall,,00000722.pro,-1,,0
69,,129472,0,94,12280,80,61,0,50332369,0x030002D1,wall,,00000721.pro,-1,,0
70,,129560,0,95,12281,81,61,0,50332316,0x0300029C,wall,,00000668.pro,-1,,0
71,,129648,0,96,12282,82,61,0,50332315,0x0300029B,wall,,00000667.pro,-1,,0
72,,129736,0,97,12283,83,61,0,50332318,0x0300029E,wall,,00000670.pro,-1,,0
73,,129824,0,98,12284,84,61,0,50332317,0x0300029D,wall,,00000669.pro,-1,,0
74,,129912,0,99,12285,85,61,0,50332316,0x0300029C,wall,,00000668.pro,-1,,0
75,,130000,0,100,12286,86,61,0,50332315,0x0300029B,wall,,00000667.pro,-1,,0
76,,130088,0,101,12287,87,61,0,50332316,0x0300029C,wall,,00000668.pro,-1,,0
77,,130176,0,102,12288,88,61,0,50332315,0x0300029B,wall,,00000667.pro,-1,,0
78,,130264,0,103,12289,89,61,0,50332318,0x0300029E,wall,,00000670.pro,-1,,0
79,,130352,0,104,12290,90,61,0,50332346,0x030002BA,wall,,00000698.pro,-1,,0
80,,130440,0,105,12291,91,61,0,50332270,0x0300026E,wall,,00000622.pro,-1,,0
81,,130528,0,106,12300,100,61,0,50332347,0x030002BB,wall,,00000699.pro,-1,,0
82,,130616,0,107,12301,101,61,0,50332318,0x0300029E,wall,,00000670.pro,-1,,0
83,,130704,0,108,12302,102,61,0,50332314,0x0300029A,wall,,00000666.pro,-1,,0
84,,130792,0,109,12303,103,61,0,50332318,0x0300029E,wall,,00000670.pro,-1,,0
85,,130880,0,110,12304,104,61,0,50332314,0x0300029A,wall,,00000666.pro,-1,,0
86,,130968,0,111,12305,105,61,0,50332318,0x0300029E,wall,,00000670.pro,-1,,0
87,,131056,0,112,12306,106,61,0,83886092,0x0500000C,misc,,00000012.pro,-1,,0
88,,131144,0,113,12306,106,61,0,50332314,0x0300029A,wall,,00000666.pro,-1,,0
89,,131232,0,114,12307,107,61,0,50332318,0x0300029E,wall,,00000670.pro,-1,,0
90,,131320,0,115,12308,108,61,0,50332346,0x030002BA,wall,,00000698.pro,-1,,0
91,,131408,0,116,12309,109,61,0,50332270,0x0300026E,wall,,00000622.pro,-1,,0
92,,131496,0,118,12470,70,62,0,83886092,0x0500000C,misc,,00000012.pro,-1,,0
93,,131584,0,119,12471,71,62,0,83886092,0x0500000C,misc,,00000012.pro,-1,,0
94,,131672,0,120,12472,72,62,0,83886092,0x0500000C,misc,,00000012.pro,-1,,0
95,,131760,0,121,12473,73,62,0,83886092,0x0500000C,misc,,00000012.pro,-1,,0
96,,131848,0,122,12478,78,62,4,50332270,0x0300026E,wall,,00000622.pro,-1,,0
97,,131936,0,123,12479,79,62,0,50332270,0x0300026E,wall,,00000622.pro,-1,,0
98,,132024,0,124,12481,81,62,0,50332270,0x0300026E,wall,,00000622.pro,-1,,0
99,,132112,0,125,12483,83,62,0,50332270,0x0300026E,wall,,00000622.pro,-1,,0
100,,132200,0,126,12484,84,62,0,33555235,0x02000323,scenery,generic,00000804.pro,-1,,0
101,,132288,0,127,12485,85,62,0,50332270,0x0300026E,wall,,00000622.pro,-1,,0
102,,132376,0,128,12486,86,62,0,33554499,0x02000043,scenery,generic,00000068.pro,-1,,0
103,,132464,0,129,12487,87,62,0,50332270,0x0300026E,wall,,00000622.pro,-1,,0
104,,132552,0,130,12489,89,62,0,50332270,0x0300026E,wall,,00000622.pro,-1,,0
105,,132640,0,131,12490,90,62,4,50332269,0x0300026D,wall,,00000621.pro,-1,,0
106,,132728,0,132,12491,91,62,0,50332270,0x0300026E,wall,,00000622.pro,-1,,0
107,,132816,0,133,12500,100,62,0,50332269,0x0300026D,wall,,00000621.pro,-1,,0
108,,132904,0,134,12501,101,62,0,50332270,0x0300026E,wall,,00000622.pro,-1,,0
109,,132992,0,135,12503,103,62,0,50332270,0x0300026E,wall,,00000622.pro,-1,,0
110,,133080,0,136,12505,105,62,0,50332270,0x0300026E,wall,,00000622.pro,-1,,0
111,,133168,0,137,12507,107,62,0,83886092,0x0500000C,misc,,00000012.pro,-1,,0
112,,133256,0,138,12507,107,62,0,50332270,0x0300026E,wall,,00000622.pro,-1,,0
113,,133344,0,139,12508,108,62,0,50332270,0x0300026E,wall,,00000622.pro,-1,,0
114,,133432,0,140,12509,109,62,0,50332269,0x0300026D,wall,,00000621.pro,-1,,0
115,,133520,0,145,12668,68,63,0,83886092,0x0500000C,misc,,00000012.pro,-1,,0
116,,133608,0,146,12669,69,63,0,83886092,0x0500000C,misc,,00000012.pro,-1,,0
117,,133696,0,147,12670,70,63,0,83886092,0x0500000C,misc,,00000012.pro,-1,,0
118,,133784,0,148,12671,71,63,0,83886092,0x0500000C,misc,,00000012.pro,-1,,0
119,,133872,0,149,12678,78,63,0,50332334,0x030002AE,wall,,00000686.pro,-1,,0
120,,133960,0,150,12681,81,63,0,33555216,0x02000310,scenery,generic,00000785.pro,-1,,0
121,,134048,0,151,12683,83,63,0,33554499,0x02000043,scenery,generic,00000068.pro,-1,,0
122,,134136,0,152,12686,86,63,0,33554499,0x02000043,scenery,generic,00000068.pro,-1,,0
123,,134224,0,153,12690,90,63,0,50332335,0x030002AF,wall,,00000687.pro,-1,,0
124,,134312,0,154,12691,91,63,0,50331879,0x030000E7,wall,,00000231.pro,-1,,0
125,,134400,0,155,12700,100,63,0,50332335,0x030002AF,wall,,00000687.pro,-1,,0
126,,134488,0,156,12707,107,63,0,83886092,0x0500000C,misc,,00000012.pro,-1,,0
127,,134576,0,157,12708,108,63,0,83886092,0x0500000C,misc,,00000012.pro,-1,,0
128,,134664,0,158,12708,108,63,0,50332335,0x030002AF,wall,,00000687.pro,-1,,0
129,,134752,0,159,12709,109,63,0,50331880,0x030000E8,wall,,00000232.pro,-1,,0
130,,134840,0,166,12866,66,64,0,83886092,0x0500000C,misc,,00000012.pro,-1,,0
131,,134928,0,167,12867,67,64,0,83886092,0x0500000C,misc,,00000012.pro,-1,,0
132,,135016,0,168,12868,68,64,0,83886092,0x0500000C,misc,,00000012.pro,-1,,0
133,,135104,0,169,12868,68,64,0,83886092,0x0500000C,misc,,00000012.pro,-1,,0
134,,135192,0,170,12869,69,64,0,83886092,0x0500000C,misc,,00000012.pro,-1,,0
135,,135280,0,171,12878,78,64,0,50332333,0x030002AD,wall,,00000685.pro,-1,,0
136,,135368,0,172,12883,83,64,0,33554499,0x02000043,scenery,generic,00000068.pro,-1,,0
137,,135456,0,173,12886,86,64,0,33554499,0x02000043,scenery,generic,00000068.pro,-1,,0
138,,135544,0,174,12887,87,64,0,33555219,0x02000313,scenery,generic,00000788.pro,-1,,0
139,,135632,0,175,12890,90,64,0,50332333,0x030002AD,wall,,00000685.pro,-1,,0
140,,135720,0,176,12891,91,64,0,50331884,0x030000EC,wall,,00000236.pro,-1,,0
141,,135808,0,177,12900,100,64,0,50332333,0x030002AD,wall,,00000685.pro,-1,,0
142,,135896,0,178,12908,108,64,0,83886092,0x0500000C,misc,,00000012.pro,-1,,0
143,,135984,0,179,12908,108,64,0,50332333,0x030002AD,wall,,00000685.pro,-1,,0
144,,136072,0,180,12909,109,64,0,50331878,0x030000E6,wall,,00000230.pro,-1,,0
145,,136160,0,186,13064,64,65,0,83886092,0x0500000C,misc,,00000012.pro,-1,,0
146,,136248,0,187,13065,65,65,0,83886092,0x0500000C,misc,,00000012.pro,-1,,0
147,,136336,0,188,13066,66,65,0,83886092,0x0500000C,misc,,00000012.pro,-1,,0
148,,136424,0,189,13067,67,65,0,83886092,0x0500000C,misc,,00000012.pro,-1,,0
149,,136512,0,190,13072,72,65,0,50332347,0x030002BB,wall,,00000699.pro,-1,,0
150,,136600,0,191,13073,73,65,0,50332318,0x0300029E,wall,,00000670.pro,-1,,0
151,,136688,0,192,13074,74,65,0,50332314,0x0300029A,wall,,00000666.pro,-1,,0
152,,136776,0,193,13075,75,65,0,50332318,0x0300029E,wall,,00000670.pro,-1,,0
153,,136864,0,194,13076,76,65,0,50332317,0x0300029D,wall,,00000669.pro,-1,,0
154,,136952,0,195,13077,77,65,0,50332318,0x0300029E,wall,,00000670.pro,-1,,0
155,,137040,0,196,13078,78,65,0,33555226,0x0200031A,scenery,generic,00000795.pro,-1,,0
156,,137128,0,197,13078,78,65,0,50332367,0x030002CF,wall,,00000719.pro,-1,,0
157,,137216,0,198,13079,79,65,0,33554499,0x02000043,scenery,generic,00000068.pro,-1,,0
158,,137304,0,199,13080,80,65,0,33554499,0x02000043,scenery,generic,00000068.pro,-1,,0
159,,137392,0,200,13081,81,65,0,33554499,0x02000043,scenery,generic,00000068.pro,-1,,0
160,,137480,0,201,13082,82,65,0,33554499,0x02000043,scenery,generic,00000068.pro,-1,,0
161,,137568,0,202,13083,83,65,0,33554499,0x02000043,scenery,generic,00000068.pro,-1,,0
162,,137656,0,203,13086,86,65,0,33554499,0x02000043,scenery,generic,00000068.pro,-1,,0
163,,137744,0,204,13087,87,65,0,33554499,0x02000043,scenery,generic,00000068.pro,-1,,0
164,,137832,0,205,13088,88,65,0,33554499,0x02000043,scenery,generic,00000068.pro,-1,,0
165,,137920,0,206,13089,89,65,0,33554499,0x02000043,scenery,generic,00000068.pro,-1,,0
166,,138008,0,207,13090,90,65,0,50332345,0x030002B9,wall,,00000697.pro,-1,,0
167,,138096,0,208,13091,91,65,0,50332318,0x0300029E,wall,,00000670.pro,-1,,0
168,,138184,0,209,13092,92,65,0,50332364,0x030002CC,wall,,00000716.pro,-1,,0
169,,138272,0,210,13093,93,65,0,50332318,0x0300029E,wall,,00000670.pro,-1,,0
170,,138360,0,211,13094,94,65,0,50332317,0x0300029D,wall,,00000669.pro,-1,,0
171,,138448,0,212,13095,95,65,0,50332318,0x0300029E,wall,,00000670.pro,-1,,0
172,,138536,0,213,13096,96,65,0,50332314,0x0300029A,wall,,00000666.pro,-1,,0
173,,138624,0,214,13097,97,65,0,50332318,0x0300029E,wall,,00000670.pro,-1,,0
174,,138712,0,215,13098,98,65,0,50332317,0x0300029D,wall,,00000669.pro,-1,,0
175,,138800,0,216,13099,99,65,0,50332318,0x0300029E,wall,,00000670.pro,-1,,0
176,,138888,0,217,13100,100,65,0,50332363,0x030002CB,wall,,00000715.pro,-1,,0
177,,138976,0,218,13102,102,65,0,33554776,0x02000158,scenery,generic,00000345.pro,-1,,0
178,,139064,0,219,13103,103,65,0,33554776,0x02000158,scenery,generic,00000345.pro,-1,,0
179,,139152,0,220,13104,104,65,0,33554901,0x020001D5,scenery,generic,00000470.pro,-1,,0
180,,139240,0,221,13108,108,65,0,50332335,0x030002AF,wall,,00000687.pro,-1,,0
181,,139328,0,222,13109,109,65,0,83886092,0x0500000C,misc,,00000012.pro,-1,,0
182,,139416,0,223,13109,109,65,0,50331881,0x030000E9,wall,,00000233.pro,-1,,0
183,,139504,0,230,13262,62,66,0,83886092,0x0500000C,misc,,00000012.pro,-1,,0
184,,139592,0,231,13263,63,66,0,83886092,0x0500000C,misc,,00000012.pro,-1,,0
185,,139680,0,232,13264,64,66,0,83886092,0x0500000C,misc,,00000012.pro,-1,,0
186,,139768,0,233,13265,65,66,0,83886092,0x0500000C,misc,,00000012.pro,-1,,0
187,,139856,0,234,13272,72,66,4,50332270,0x0300026E,wall,,00000622.pro,-1,,0
188,,139944,0,235,13274,74,66,0,33554499,0x02000043,scenery,generic,00000068.pro,-1,,0
189,,140032,0,236,13275,75,66,0,50332270,0x0300026E,wall,,00000622.pro,-1,,0
190,,140120,0,237,13275,75,66,0,33555235,0x02000323,scenery,generic,00000804.pro,-1,,0
191,,140208,0,238,13276,76,66,0,33554499,0x02000043,scenery,generic,00000068.pro,-1,,0
192,,140296,0,239,13278,78,66,0,33554499,0x02000043,scenery,generic,00000068.pro,-1,,0
193,,140384,0,240,13291,91,66,0,50332270,0x0300026E,wall,,00000622.pro,-1,,0
194,,140472,0,241,13292,92,66,4,50332270,0x0300026E,wall,,00000622.pro,-1,,0
195,,140560,0,242,13293,93,66,0,50332270,0x0300026E,wall,,00000622.pro,-1,,0
196,,140648,0,243,13295,95,66,0,50332270,0x0300026E,wall,,00000622.pro,-1,,0
197,,140736,0,244,13295,95,66,0,33555243,0x0200032B,scenery,generic,00000812.pro,-1,,0
198,,140824,0,245,13297,97,66,0,50332270,0x0300026E,wall,,00000622.pro,-1,,0
199,,140912,0,246,13299,99,66,0,50332270,0x0300026E,wall,,00000622.pro,-1,,0
200,,141000,0,247,13300,100,66,4,50332270,0x0300026E,wall,,00000622.pro,-1,,0
201,,141088,0,248,13302,102,66,0,33554776,0x02000158,scenery,generic,00000345.pro,-1,,0
202,,141176,0,250,13305,105,66,0,33554900,0x020001D4,scenery,generic,00000469.pro,-1,,0
203,,141264,0,251,13308,108,66,0,50332333,0x030002AD,wall,,00000685.pro,-1,,0
204,,141352,0,252,13309,109,66,0,83886092,0x0500000C,misc,,00000012.pro,-1,,0
205,,141440,0,253,13309,109,66,0,50331880,0x030000E8,wall,,00000232.pro,-1,,0
206,,141528,0,254,13310,110,66,0,83886092,0x0500000C,misc,,00000012.pro,-1,,0
207,,141616,0,262,13460,60,67,0,83886092,0x0500000C,misc,,00000012.pro,-1,,0
208,,141704,0,263,13461,61,67,0,83886092,0x0500000C,misc,,00000012.pro,-1,,0
209,,141792,0,264,13462,62,67,0,83886092,0x0500000C,misc,,00000012.pro,-1,,0
210,,141880,0,265,13463,63,67,0,83886092,0x0500000C,misc,,00000012.pro,-1,,0
211,,141968,0,266,13472,72,67,0,50332334,0x030002AE,wall,,00000686.pro,-1,,0
212,,142056,0,267,13473,73,67,0,33555238,0x02000326,scenery,generic,00000807.pro,-1,,0
213,,142144,0,268,13477,77,67,0,33555238,0x02000326,scenery,generic,00000807.pro,-1,,0
214,,142232,0,269,13486,86,67,0,33555241,0x02000329,scenery,generic,00000810.pro,-1,,0
215,,142320,0,270,13492,92,67,0,50332334,0x030002AE,wall,,00000686.pro,-1,,0
216,,142408,0,271,13500,100,67,0,50332365,0x030002CD,wall,,00000717.pro,-1,,0
217,,142496,0,272,13501,101,67,0,50332318,0x0300029E,wall,,00000670.pro,-1,,0
218,,142584,0,273,13502,102,67,0,50332684,0x0300040C,wall,,00001036.pro,-1,,0
219,,142672,0,274,13503,103,67,0,33554776,0x02000158,scenery,generic,00000345.pro,-1,,0
220,,142760,0,275,13504,104,67,0,33554902,0x020001D6,scenery,door,00000471.pro,50331649,MetlDoor.int,0
221,,142852,0,276,13505,105,67,0,33554776,0x02000158,scenery,generic,00000345.pro,-1,,0
222,,142940,0,277,13506,106,67,0,50332683,0x0300040B,wall,,00001035.pro,-1,,0
223,,143028,0,278,13507,107,67,0,50332318,0x0300029E,wall,,00000670.pro,-1,,0
224,,143116,0,279,13508,108,67,0,50332363,0x030002CB,wall,,00000715.pro,-1,,0
225,,143204,0,280,13509,109,67,0,50331879,0x030000E7,wall,,00000231.pro,-1,,0
226,,143292,0,281,13510,110,67,0,83886092,0x0500000C,misc,,00000012.pro,-1,,0
227,,143380,0,288,13658,58,68,0,83886092,0x0500000C,misc,,00000012.pro,-1,,0
228,,143468,0,289,13659,59,68,0,83886092,0x0500000C,misc,,00000012.pro,-1,,0
229,,143556,0,290,13660,60,68,0,83886092,0x0500000C,misc,,00000012.pro,-1,,0
230,,143644,0,291,13661,61,68,0,83886092,0x0500000C,misc,,00000012.pro,-1,,0
231,,143732,0,292,13672,72,68,0,50332333,0x030002AD,wall,,00000685.pro,-1,,0
232,,143820,0,293,13692,92,68,0,50332333,0x030002AD,wall,,00000685.pro,-1,,0
233,,143908,0,294,13700,100,68,0,50332269,0x0300026D,wall,,00000621.pro,-1,,0
234,,143996,0,295,13701,101,68,0,50332270,0x0300026E,wall,,00000622.pro,-1,,0
235,,144084,0,296,13707,107,68,0,50332270,0x0300026E,wall,,00000622.pro,-1,,0
236,,144172,0,297,13708,108,68,0,50332270,0x0300026E,wall,,00000622.pro,-1,,0
237,,144260,0,298,13709,109,68,0,50331878,0x030000E6,wall,,00000230.pro,-1,,0
238,,144348,0,299,13711,111,68,0,83886092,0x0500000C,misc,,00000012.pro,-1,,0
239,,144436,0,308,13856,56,69,0,83886092,0x0500000C,misc,,00000012.pro,-1,,0
240,,144524,0,309,13857,57,69,0,83886092,0x0500000C,misc,,00000012.pro,-1,,0
241,,144612,0,310,13858,58,69,0,83886092,0x0500000C,misc,,00000012.pro,-1,,0
242,,144700,0,311,13859,59,69,0,83886092,0x0500000C,misc,,00000012.pro,-1,,0
243,,144788,0,312,13872,72,69,0,50332365,0x030002CD,wall,,00000717.pro,-1,,0
244,,144876,0,313,13873,73,69,0,50332328,0x030002A8,wall,,00000680.pro,-1,,0
245,,144964,0,314,13874,74,69,0,50332327,0x030002A7,wall,,00000679.pro,-1,,0
246,,145052,0,315,13875,75,69,0,50332324,0x030002A4,wall,,00000676.pro,-1,,0
247,,145140,0,316,13876,76,69,0,50332323,0x030002A3,wall,,00000675.pro,-1,,0
248,,145228,0,317,13877,77,69,0,50332350,0x030002BE,wall,,00000702.pro,-1,,0
249,,145316,0,318,13879,79,69,0,50332349,0x030002BD,wall,,00000701.pro,-1,,0
250,,145404,0,319,13880,80,69,0,50332348,0x030002BC,wall,,00000700.pro,-1,,0
251,,145492,0,320,13881,81,69,0,50332328,0x030002A8,wall,,00000680.pro,-1,,0
252,,145580,0,321,13882,82,69,0,50332327,0x030002A7,wall,,00000679.pro,-1,,0
253,,145668,0,322,13883,83,69,0,50332326,0x030002A6,wall,,00000678.pro,-1,,0
254,,145756,0,323,13884,84,69,0,50332325,0x030002A5,wall,,00000677.pro,-1,,0
255,,145844,0,324,13885,85,69,0,50332326,0x030002A6,wall,,00000678.pro,-1,,0
256,,145932,0,325,13886,86,69,0,50332325,0x030002A5,wall,,00000677.pro,-1,,0
257,,146020,0,326,13887,87,69,0,50332326,0x030002A6,wall,,00000678.pro,-1,,0
258,,146108,0,327,13888,88,69,0,50332325,0x030002A5,wall,,00000677.pro,-1,,0
259,,146196,0,328,13889,89,69,0,50332324,0x030002A4,wall,,00000676.pro,-1,,0
260,,146284,0,329,13890,90,69,0,50332323,0x030002A3,wall,,00000675.pro,-1,,0
261,,146372,0,330,13891,91,69,0,50332318,0x0300029E,wall,,00000670.pro,-1,,0
262,,146460,0,331,13892,92,69,0,50332363,0x030002CB,wall,,00000715.pro,-1,,0
263,,146548,0,332,13893,93,69,0,33554499,0x02000043,scenery,generic,00000068.pro,-1,,0
264,,146636,0,333,13894,94,69,0,33554499,0x02000043,scenery,generic,00000068.pro,-1,,0
265,,146724,0,334,13900,100,69,0,50332335,0x030002AF,wall,,00000687.pro,-1,,0
266,,146812,0,335,13908,108,69,0,50332335,0x030002AF,wall,,00000687.pro,-1,,0
267,,146900,0,336,13909,109,69,0,50331881,0x030000E9,wall,,00000233.pro,-1,,0
268,,146988,0,337,13911,111,69,0,83886092,0x0500000C,misc,,00000012.pro,-1,,0
269,,147076,0,338,13912,112,69,0,83886092,0x0500000C,misc,,00000012.pro,-1,,0
270,,147164,0,350,14054,54,70,0,83886092,0x0500000C,misc,,00000012.pro,-1,,0
271,,147252,0,351,14054,54,70,0,83886092,0x0500000C,misc,,00000012.pro,-1,,0
272,,147340,0,352,14055,55,70,0,83886092,0x0500000C,misc,,00000012.pro,-1,,0
273,,147428,0,353,14056,56,70,0,83886092,0x0500000C,misc,,00000012.pro,-1,,0
274,,147516,0,354,14057,57,70,0,83886092,0x0500000C,misc,,00000012.pro,-1,,0
275,,147604,0,355,14072,72,70,4,50332270,0x0300026E,wall,,00000622.pro,-1,,0
276,,147692,0,356,14073,73,70,0,50332270,0x0300026E,wall,,00000622.pro,-1,,0
277,,147780,0,357,14075,75,70,0,50332270,0x0300026E,wall,,00000622.pro,-1,,0
278,,147868,0,358,14077,77,70,0,50332270,0x0300026E,wall,,00000622.pro,-1,,0
279,,147956,0,359,14081,81,70,0,50332270,0x0300026E,wall,,00000622.pro,-1,,0
280,,148044,0,360,14082,82,70,0,33555239,0x02000327,scenery,generic,00000808.pro,-1,,0
281,,148132,0,361,14083,83,70,0,50332270,0x0300026E,wall,,00000622.pro,-1,,0
282,,148220,0,362,14085,85,70,0,50332270,0x0300026E,wall,,00000622.pro,-1,,0
283,,148308,0,363,14087,87,70,0,50332270,0x0300026E,wall,,00000622.pro,-1,,0
284,,148396,0,364,14089,89,70,0,50332270,0x0300026E,wall,,00000622.pro,-1,,0
285,,148484,0,365,14091,91,70,0,50332270,0x0300026E,wall,,00000622.pro,-1,,0
286,,148572,0,366,14092,92,70,0,50332269,0x0300026D,wall,,00000621.pro,-1,,0
287,,148660,0,367,14094,94,70,0,33555237,0x02000325,scenery,generic,00000806.pro,-1,,0
288,,148748,0,368,14100,100,70,0,50332333,0x030002AD,wall,,00000685.pro,-1,,0
289,,148836,0,369,14101,101,70,0,33554499,0x02000043,scenery,generic,00000068.pro,-1,,0
290,,148924,0,370,14101,101,70,0,33555233,0x02000321,scenery,generic,00000802.pro,-1,,0
291,,149012,0,371,14108,108,70,0,50332333,0x030002AD,wall,,00000685.pro,-1,,0
292,,149100,0,372,14109,109,70,0,50331884,0x030000EC,wall,,00000236.pro,-1,,0
293,,149188,0,375,14112,112,70,0,83886092,0x0500000C,misc,,00000012.pro,-1,,0
294,,149276,0,385,14252,52,71,0,83886092,0x0500000C,misc,,00000012.pro,-1,,0
295,,149364,0,386,14253,53,71,0,83886092,0x0500000C,misc,,00000012.pro,-1,,0
296,,149452,0,387,14254,54,71,0,83886092,0x0500000C,misc,,00000012.pro,-1,,0
297,,149540,0,388,14255,55,71,0,83886092,0x0500000C,misc,,00000012.pro,-1,,0
298,,149628,0,389,14272,72,71,0,50332334,0x030002AE,wall,,00000686.pro,-1,,0
299,,149716,0,390,14273,73,71,0,33554499,0x02000043,scenery,generic,00000068.pro,-1,,0
300,,149804,0,391,14274,74,71,0,33554499,0x02000043,scenery,generic,00000068.pro,-1,,0
301,,149892,0,392,14292,92,71,0,33555220,0x02000314,scenery,generic,00000789.pro,-1,,0
302,,149980,0,393,14292,92,71,0,50332357,0x030002C5,wall,,00000709.pro,-1,,0
303,,150068,0,394,14293,93,71,0,33554499,0x02000043,scenery,generic,00000068.pro,-1,,0
304,,150156,0,395,14300,100,71,0,50332360,0x030002C8,wall,,00000712.pro,-1,,0
305,,150244,0,396,14304,104,71,0,33554573,0x0200008D,scenery,generic,00000142.pro,-1,,0
306,,150332,0,397,14308,108,71,0,50332345,0x030002B9,wall,,00000697.pro,-1,,0
307,,150420,0,399,14309,109,71,0,50332318,0x0300029E,wall,,00000670.pro,-1,,0
308,,150508,0,401,14310,110,71,0,50332317,0x0300029D,wall,,00000669.pro,-1,,0
309,,150596,0,403,14311,111,71,0,50332318,0x0300029E,wall,,00000670.pro,-1,,0
310,,150684,0,405,14312,112,71,0,50332346,0x030002BA,wall,,00000698.pro,-1,,0
311,,150772,0,406,14313,113,71,0,83886092,0x0500000C,misc,,00000012.pro,-1,,0
312,,150860,0,407,14313,113,71,0,50332270,0x0300026E,wall,,00000622.pro,-1,,0
313,,150948,0,414,14450,50,72,0,83886092,0x0500000C,misc,,00000012.pro,-1,,0
314,,151036,0,415,14451,51,72,0,83886092,0x0500000C,misc,,00000012.pro,-1,,0
315,,151124,0,416,14452,52,72,0,83886092,0x0500000C,misc,,00000012.pro,-1,,0
316,,151212,0,417,14453,53,72,0,83886092,0x0500000C,misc,,00000012.pro,-1,,0
317,,151300,0,418,14472,72,72,0,50332333,0x030002AD,wall,,00000685.pro,-1,,0
318,,151388,0,419,14474,74,72,0,33555237,0x02000325,scenery,generic,00000806.pro,-1,,0
319,,151476,0,423,14509,109,72,0,50332270,0x0300026E,wall,,00000622.pro,-1,,0
320,,151564,0,425,14511,111,72,0,50332270,0x0300026E,wall,,00000622.pro,-1,,0
321,,151652,0,426,14512,112,72,4,50332269,0x0300026D,wall,,00000621.pro,-1,,0
322,,151740,0,428,14513,113,72,0,83886092,0x0500000C,misc,,00000012.pro,-1,,0
323,,151828,0,429,14513,113,72,0,50332270,0x0300026E,wall,,00000622.pro,-1,,0
324,,151916,0,431,14514,114,72,0,83886092,0x0500000C,misc,,00000012.pro,-1,,0
325,,152004,0,437,14648,48,73,0,83886092,0x0500000C,misc,,00000012.pro,-1,,0
326,,152092,0,438,14649,49,73,0,83886092,0x0500000C,misc,,00000012.pro,-1,,0
327,,152180,0,439,14650,50,73,0,83886092,0x0500000C,misc,,00000012.pro,-1,,0
328,,152268,0,440,14651,51,73,0,83886092,0x0500000C,misc,,00000012.pro,-1,,0
329,,152356,0,441,14672,72,73,0,33555224,0x02000318,scenery,generic,00000793.pro,-1,,0
330,,152444,0,442,14672,72,73,0,50332335,0x030002AF,wall,,00000687.pro,-1,,0
331,,152532,0,443,14673,73,73,0,33554499,0x02000043,scenery,generic,00000068.pro,-1,,0
332,,152620,0,444,14676,76,73,0,33555242,0x0200032A,scenery,generic,00000811.pro,-1,,0
333,,152708,0,445,14692,92,73,0,50332358,0x030002C6,wall,,00000710.pro,-1,,0
334,,152796,0,452,14712,112,73,0,50332335,0x030002AF,wall,,00000687.pro,-1,,0
335,,152884,0,454,14713,113,73,0,50331878,0x030000E6,wall,,00000230.pro,-1,,0
336,,152972,0,456,14714,114,73,0,83886092,0x0500000C,misc,,00000012.pro,-1,,0
337,,153060,0,460,14846,46,74,0,83886092,0x0500000C,misc,,00000012.pro,-1,,0
338,,153148,0,461,14847,47,74,0,83886092,0x0500000C,misc,,00000012.pro,-1,,0
339,,153236,0,462,14848,48,74,0,83886092,0x0500000C,misc,,00000012.pro,-1,,0
340,,153324,0,463,14849,49,74,0,83886092,0x0500000C,misc,,00000012.pro,-1,,0
341,,153412,0,464,14872,72,74,0,50332333,0x030002AD,wall,,00000685.pro,-1,,0
342,,153500,0,465,14872,72,74,0,33555234,0x02000322,scenery,generic,00000803.pro,-1,,0
343,,153588,0,466,14892,92,74,0,50332353,0x030002C1,wall,,00000705.pro,-1,,0
344,,153676,0,475,14912,112,74,0,50332333,0x030002AD,wall,,00000685.pro,-1,,0
345,,153764,0,476,14913,113,74,0,50331879,0x030000E7,wall,,00000231.pro,-1,,0
346,,153852,0,477,14915,115,74,0,83886092,0x0500000C,misc,,00000012.pro,-1,,0
347,,153940,0,480,15044,44,75,0,83886092,0x0500000C,misc,,00000012.pro,-1,,0
348,,154028,0,481,15045,45,75,0,83886092,0x0500000C,misc,,00000012.pro,-1,,0
349,,154116,0,482,15046,46,75,0,83886092,0x0500000C,misc,,00000012.pro,-1,,0
350,,154204,0,483,15047,47,75,0,83886092,0x0500000C,misc,,00000012.pro,-1,,0
351,,154292,0,484,15072,72,75,0,50332334,0x030002AE,wall,,00000686.pro,-1,,0
352,,154380,0,485,15073,73,75,0,33554499,0x02000043,scenery,generic,00000068.pro,-1,,0
353,,154468,0,486,15074,74,75,0,33554499,0x02000043,scenery,generic,00000068.pro,-1,,0
354,,154556,0,487,15092,92,75,0,50332335,0x030002AF,wall,,00000687.pro,-1,,0
355,,154644,0,496,15112,112,75,0,50332335,0x030002AF,wall,,00000687.pro,-1,,0
356,,154732,0,497,15113,113,75,0,50331880,0x030000E8,wall,,00000232.pro,-1,,0
357,,154820,0,498,15115,115,75,0,83886092,0x0500000C,misc,,00000012.pro,-1,,0
358,,154908,0,499,15116,116,75,0,83886092,0x0500000C,misc,,00000012.pro,-1,,0
359,,154996,0,503,15244,44,76,0,83886092,0x0500000C,misc,,00000012.pro,-1,,0
360,,155084,0,504,15245,45,76,0,83886092,0x0500000C,misc,,00000012.pro,-1,,0
361,,155172,0,505,15272,72,76,0,50332333,0x030002AD,wall,,00000685.pro,-1,,0
362,,155260,0,506,15274,74,76,0,33555237,0x02000325,scenery,generic,00000806.pro,-1,,0
363,,155348,0,507,15292,92,76,0,50332333,0x030002AD,wall,,00000685.pro,-1,,0
364,,155436,0,510,15300,100,76,0,50332362,0x030002CA,wall,,00000714.pro,-1,,0
365,,155524,0,517,15312,112,76,0,50332333,0x030002AD,wall,,00000685.pro,-1,,0
366,,155612,0,518,15313,113,76,0,50331881,0x030000E9,wall,,00000233.pro,-1,,0
367,,155700,0,519,15316,116,76,0,83886092,0x0500000C,misc,,00000012.pro,-1,,0
368,,155788,0,523,15445,45,77,0,83886092,0x0500000C,misc,,00000012.pro,-1,,0
369,,155876,0,524,15472,72,77,0,50332335,0x030002AF,wall,,00000687.pro,-1,,0
370,,155964,0,525,15474,74,77,0,33554499,0x02000043,scenery,generic,00000068.pro,-1,,0
371,,156052,0,526,15492,92,77,0,50332334,0x030002AE,wall,,00000686.pro,-1,,0
372,,156140,0,531,15500,100,77,0,50332334,0x030002AE,wall,,00000686.pro,-1,,0
373,,156228,0,536,15512,112,77,0,50332335,0x030002AF,wall,,00000687.pro,-1,,0
374,,156316,0,537,15513,113,77,0,50331878,0x030000E6,wall,,00000230.pro,-1,,0
375,,156404,0,538,15517,117,77,0,83886092,0x0500000C,misc,,00000012.pro,-1,,0
376,,156492,0,541,15645,45,78,0,83886092,0x0500000C,misc,,00000012.pro,-1,,0
377,,156580,0,542,15646,46,78,0,83886092,0x0500000C,misc,,00000012.pro,-1,,0
378,,156668,0,543,15672,72,78,0,50332333,0x030002AD,wall,,00000685.pro,-1,,0
379,,156756,0,544,15674,74,78,0,33555251,0x02000333,scenery,generic,00000820.pro,-1,,0
380,,156844,0,545,15692,92,78,0,50332333,0x030002AD,wall,,00000685.pro,-1,,0
381,,156932,0,550,15700,100,78,0,50332333,0x030002AD,wall,,00000685.pro,-1,,0
382,,157020,0,555,15712,112,78,0,50332333,0x030002AD,wall,,00000685.pro,-1,,0
383,,157108,0,556,15713,113,78,0,50331879,0x030000E7,wall,,00000231.pro,-1,,0
384,,157196,0,557,15717,117,78,0,83886092,0x0500000C,misc,,00000012.pro,-1,,0
385,,157284,0,558,15718,118,78,0,83886092,0x0500000C,misc,,00000012.pro,-1,,0
386,,157372,0,562,15846,46,79,0,83886092,0x0500000C,misc,,00000012.pro,-1,,0
387,,157460,0,563,15872,72,79,0,50332334,0x030002AE,wall,,00000686.pro,-1,,0
388,,157548,0,564,15873,73,79,0,33554499,0x02000043,scenery,generic,00000068.pro,-1,,0
389,,157636,0,565,15886,86,79,0,50332347,0x030002BB,wall,,00000699.pro,-1,,0
390,,157724,0,566,15887,87,79,0,50332318,0x0300029E,wall,,00000670.pro,-1,,0
391,,157812,0,567,15888,88,79,0,50332314,0x0300029A,wall,,00000666.pro,-1,,0
392,,157900,0,568,15889,89,79,0,50332318,0x0300029E,wall,,00000670.pro,-1,,0
393,,157988,0,569,15890,90,79,0,50332314,0x0300029A,wall,,00000666.pro,-1,,0
394,,158076,0,570,15891,91,79,0,50332318,0x0300029E,wall,,00000670.pro,-1,,0
395,,158164,0,571,15892,92,79,0,50332368,0x030002D0,wall,,00000720.pro,-1,,0
396,,158252,0,573,15893,93,79,0,50332318,0x0300029E,wall,,00000670.pro,-1,,0
397,,158340,0,575,15894,94,79,4,50332269,0x0300026D,wall,,00000621.pro,-1,,0
398,,158428,0,578,15896,96,79,0,33554899,0x020001D3,scenery,generic,00000468.pro,-1,,0
399,,158516,0,579,15897,97,79,4,50332269,0x0300026D,wall,,00000621.pro,-1,,0
400,,158604,0,580,15898,98,79,4,50332269,0x0300026D,wall,,00000621.pro,-1,,0
401,,158692,0,582,15899,99,79,0,50332318,0x0300029E,wall,,00000670.pro,-1,,0
402,,158780,0,584,15900,100,79,0,50332368,0x030002D0,wall,,00000720.pro,-1,,0
403,,158868,0,586,15901,101,79,0,50332318,0x0300029E,wall,,00000670.pro,-1,,0
404,,158956,0,588,15902,102,79,0,50332314,0x0300029A,wall,,00000666.pro,-1,,0
405,,159044,0,589,15903,103,79,0,50332318,0x0300029E,wall,,00000670.pro,-1,,0
406,,159132,0,590,15904,104,79,0,50332314,0x0300029A,wall,,00000666.pro,-1,,0
407,,159220,0,592,15905,105,79,0,50332318,0x0300029E,wall,,00000670.pro,-1,,0
408,,159308,0,594,15906,106,79,0,50332314,0x0300029A,wall,,00000666.pro,-1,,0
409,,159396,0,596,15907,107,79,0,50332318,0x0300029E,wall,,00000670.pro,-1,,0
410,,159484,0,598,15908,108,79,0,50332314,0x0300029A,wall,,00000666.pro,-1,,0
411,,159572,0,600,15909,109,79,0,50332318,0x0300029E,wall,,00000670.pro,-1,,0
412,,159660,0,602,15910,110,79,0,50332314,0x0300029A,wall,,00000666.pro,-1,,0
413,,159748,0,604,15911,111,79,0,50332318,0x0300029E,wall,,00000670.pro,-1,,0
414,,159836,0,606,15912,112,79,0,50332367,0x030002CF,wall,,00000719.pro,-1,,0
415,,159924,0,608,15913,113,79,0,50331880,0x030000E8,wall,,00000232.pro,-1,,0
416,,160012,0,609,15918,118,79,0,83886092,0x0500000C,misc,,00000012.pro,-1,,0
417,,160100,0,613,16047,47,80,0,83886092,0x0500000C,misc,,00000012.pro,-1,,0
418,,160188,0,614,16072,72,80,0,50332333,0x030002AD,wall,,00000685.pro,-1,,0
419,,160276,0,615,16086,86,80,4,50332269,0x0300026D,wall,,00000621.pro,-1,,0
420,,160364,0,616,16088,88,80,0,50331877,0x030000E5,wall,,00000229.pro,-1,,0
421,,160452,0,617,16090,90,80,0,50331875,0x030000E3,wall,,00000227.pro,-1,,0
422,,160540,0,619,16091,91,80,4,50332269,0x0300026D,wall,,00000621.pro,-1,,0
423,,160628,0,621,16092,92,80,4,50332270,0x0300026E,wall,,00000622.pro,-1,,0
424,,160716,0,623,16093,93,80,0,50332270,0x0300026E,wall,,00000622.pro,-1,,0
425,,160804,0,626,16097,97,80,0,50332270,0x0300026E,wall,,00000622.pro,-1,,0
426,,160892,0,629,16099,99,80,0,50332270,0x0300026E,wall,,00000622.pro,-1,,0
427,,160980,0,631,16100,100,80,4,50332269,0x0300026D,wall,,00000621.pro,-1,,0
428,,161068,0,632,16102,102,80,0,50331877,0x030000E5,wall,,00000229.pro,-1,,0
429,,161156,0,633,16104,104,80,0,50331875,0x030000E3,wall,,00000227.pro,-1,,0
430,,161244,0,636,16106,106,80,0,50331873,0x030000E1,wall,,00000225.pro,-1,,0
431,,161332,0,638,16108,108,80,0,50331877,0x030000E5,wall,,00000229.pro,-1,,0
432,,161420,0,640,16110,110,80,0,50331875,0x030000E3,wall,,00000227.pro,-1,,0
433,,161508,0,642,16112,112,80,0,50331873,0x030000E1,wall,,00000225.pro,-1,,0
434,,161596,0,644,16113,113,80,0,50331881,0x030000E9,wall,,00000233.pro,-1,,0
435,,161684,0,645,16119,119,80,0,83886092,0x0500000C,misc,,00000012.pro,-1,,0
436,,161772,0,648,16247,47,81,0,83886092,0x0500000C,misc,,00000012.pro,-1,,0
437,,161860,0,649,16248,48,81,0,83886092,0x0500000C,misc,,00000012.pro,-1,,0
438,,161948,0,650,16272,72,81,0,50332345,0x030002B9,wall,,00000697.pro,-1,,0
439,,162036,0,651,16273,73,81,0,50332318,0x0300029E,wall,,00000670.pro,-1,,0
440,,162124,0,652,16274,74,81,0,50332314,0x0300029A,wall,,00000666.pro,-1,,0
441,,162212,0,653,16275,75,81,0,50332318,0x0300029E,wall,,00000670.pro,-1,,0
442,,162300,0,654,16276,76,81,0,50332314,0x0300029A,wall,,00000666.pro,-1,,0
443,,162388,0,655,16277,77,81,0,50332318,0x0300029E,wall,,00000670.pro,-1,,0
444,,162476,0,656,16278,78,81,0,50332314,0x0300029A,wall,,00000666.pro,-1,,0
445,,162564,0,657,16279,79,81,0,50332318,0x0300029E,wall,,00000670.pro,-1,,0
446,,162652,0,658,16280,80,81,0,50332314,0x0300029A,wall,,00000666.pro,-1,,0
447,,162740,0,659,16281,81,81,0,50332318,0x0300029E,wall,,00000670.pro,-1,,0
448,,162828,0,660,16282,82,81,0,50332314,0x0300029A,wall,,00000666.pro,-1,,0
449,,162916,0,661,16283,83,81,0,50332318,0x0300029E,wall,,00000670.pro,-1,,0
450,,163004,0,662,16284,84,81,0,50332314,0x0300029A,wall,,00000666.pro,-1,,0
451,,163092,0,663,16285,85,81,0,50332318,0x0300029E,wall,,00000670.pro,-1,,0
452,,163180,0,664,16286,86,81,0,50332367,0x030002CF,wall,,00000719.pro,-1,,0
453,,163268,0,665,16287,87,81,0,50332300,0x0300028C,wall,,00000652.pro,-1,,0
454,,163356,0,667,16289,89,81,0,50331876,0x030000E4,wall,,00000228.pro,-1,,0
455,,163444,0,670,16291,91,81,0,50331876,0x030000E4,wall,,00000228.pro,-1,,0
456,,163532,0,672,16292,92,81,0,50332332,0x030002AC,wall,,00000684.pro,-1,,0
457,,163620,0,677,16300,100,81,0,50332335,0x030002AF,wall,,00000687.pro,-1,,0
458,,163708,0,678,16301,101,81,0,50332300,0x0300028C,wall,,00000652.pro,-1,,0
459,,163796,0,679,16303,103,81,0,50331876,0x030000E4,wall,,00000228.pro,-1,,0
460,,163884,0,681,16305,105,81,0,50331874,0x030000E2,wall,,00000226.pro,-1,,0
461,,163972,0,682,16307,107,81,0,50331872,0x030000E0,wall,,00000224.pro,-1,,0
462,,164060,0,683,16309,109,81,0,50331876,0x030000E4,wall,,00000228.pro,-1,,0
463,,164148,0,684,16311,111,81,0,50331874,0x030000E2,wall,,00000226.pro,-1,,0
464,,164236,0,686,16313,113,81,0,50332301,0x0300028D,wall,,00000653.pro,-1,,0
465,,164324,0,687,16319,119,81,0,83886092,0x0500000C,misc,,00000012.pro,-1,,0
466,,164412,0,688,16320,120,81,0,83886092,0x0500000C,misc,,00000012.pro,-1,,0
467,,164500,0,692,16448,48,82,0,83886092,0x0500000C,misc,,00000012.pro,-1,,0
468,,164588,0,693,16472,72,82,0,50332270,0x0300026E,wall,,00000622.pro,-1,,0
469,,164676,0,694,16474,74,82,0,50331877,0x030000E5,wall,,00000229.pro,-1,,0
470,,164764,0,695,16476,76,82,0,50331873,0x030000E1,wall,,00000225.pro,-1,,0
471,,164852,0,696,16478,78,82,0,50331875,0x030000E3,wall,,00000227.pro,-1,,0
472,,164940,0,697,16480,80,82,0,50331877,0x030000E5,wall,,00000229.pro,-1,,0
473,,165028,0,698,16482,82,82,0,50331873,0x030000E1,wall,,00000225.pro,-1,,0
474,,165116,0,699,16484,84,82,0,50331875,0x030000E3,wall,,00000227.pro,-1,,0
475,,165204,0,700,16486,86,82,0,50331877,0x030000E5,wall,,00000229.pro,-1,,0
476,,165292,0,702,16487,87,82,0,50332270,0x0300026E,wall,,00000622.pro,-1,,0
477,,165380,0,707,16492,92,82,0,50332331,0x030002AB,wall,,00000683.pro,-1,,0
478,,165468,0,712,16500,100,82,0,50332333,0x030002AD,wall,,00000685.pro,-1,,0
479,,165556,0,713,16501,101,82,0,50332270,0x0300026E,wall,,00000622.pro,-1,,0
480,,165644,0,716,16520,120,82,0,83886092,0x0500000C,misc,,00000012.pro,-1,,0
481,,165732,0,720,16649,49,83,0,83886092,0x0500000C,misc,,00000012.pro,-1,,0
482,,165820,0,721,16673,73,83,0,50331872,0x030000E0,wall,,00000224.pro,-1,,0
483,,165908,0,722,16675,75,83,0,50331876,0x030000E4,wall,,00000228.pro,-1,,0
484,,165996,0,723,16677,77,83,0,50331874,0x030000E2,wall,,00000226.pro,-1,,0
485,,166084,0,724,16679,79,83,0,50331872,0x030000E0,wall,,00000224.pro,-1,,0
486,,166172,0,725,16681,81,83,0,50331876,0x030000E4,wall,,00000228.pro,-1,,0
487,,166260,0,726,16683,83,83,0,50331874,0x030000E2,wall,,00000226.pro,-1,,0
488,,166348,0,728,16685,85,83,0,50331872,0x030000E0,wall,,00000224.pro,-1,,0
489,,166436,0,731,16687,87,83,0,50332301,0x0300028D,wall,,00000653.pro,-1,,0
490,,166524,0,735,16692,92,83,0,50332332,0x030002AC,wall,,00000684.pro,-1,,0
491,,166612,0,738,16700,100,83,0,50332335,0x030002AF,wall,,00000687.pro,-1,,0
492,,166700,0,739,16701,101,83,0,50331878,0x030000E6,wall,,00000230.pro,-1,,0
493,,166788,0,745,16721,121,83,0,83886092,0x0500000C,misc,,00000012.pro,-1,,0
494,,166876,0,748,16849,49,84,0,83886092,0x0500000C,misc,,00000012.pro,-1,,0
495,,166964,0,749,16850,50,84,0,83886092,0x0500000C,misc,,00000012.pro,-1,,0
496,,167052,0,758,16892,92,84,0,50332331,0x030002AB,wall,,00000683.pro,-1,,0
497,,167140,0,759,16900,100,84,0,50332333,0x030002AD,wall,,00000685.pro,-1,,0
498,,167228,0,760,16901,101,84,0,50331879,0x030000E7,wall,,00000231.pro,-1,,0
499,,167316,0,766,16921,121,84,0,83886092,0x0500000C,misc,,00000012.pro,-1,,0
500,,167404,0,767,16922,122,84,0,83886092,0x0500000C,misc,,00000012.pro,-1,,0
501,,167492,0,771,17050,50,85,0,83886092,0x0500000C,misc,,00000012.pro,-1,,0
502,,167580,0,788,17092,92,85,0,50332332,0x030002AC,wall,,00000684.pro,-1,,0
503,,167668,0,797,17100,100,85,0,50332335,0x030002AF,wall,,00000687.pro,-1,,0
504,,167756,0,799,17101,101,85,0,50331880,0x030000E8,wall,,00000232.pro,-1,,0
505,,167844,0,821,17122,122,85,0,83886092,0x0500000C,misc,,00000012.pro,-1,,0
506,,167932,0,849,17251,51,86,0,83886092,0x0500000C,misc,,00000012.pro,-1,,0
507,,168020,0,863,17292,92,86,0,50332331,0x030002AB,wall,,00000683.pro,-1,,0
508,,168108,0,871,17300,100,86,0,50332333,0x030002AD,wall,,00000685.pro,-1,,0
509,,168196,0,872,17301,101,86,0,50331881,0x030000E9,wall,,00000233.pro,-1,,0
510,,168284,0,890,17323,123,86,0,83886092,0x0500000C,misc,,00000012.pro,-1,,0
511,,168372,0,917,17451,51,87,0,83886092,0x0500000C,misc,,00000012.pro,-1,,0
512,,168460,0,918,17452,52,87,0,83886092,0x0500000C,misc,,00000012.pro,-1,,0
513,,168548,0,934,17492,92,87,0,50332332,0x030002AC,wall,,00000684.pro,-1,,0
514,,168636,0,946,17500,100,87,0,50332335,0x030002AF,wall,,00000687.pro,-1,,0
515,,168724,0,949,17501,101,87,0,50331878,0x030000E6,wall,,00000230.pro,-1,,0
516,,168812,0,977,17523,123,87,0,83886092,0x0500000C,misc,,00000012.pro,-1,,0
517,,168900,0,980,17524,124,87,0,83886092,0x0500000C,misc,,00000012.pro,-1,,0
518,,168988,0,1005,17652,52,88,0,83886092,0x0500000C,misc,,00000012.pro,-1,,0
519,,169076,0,1019,17692,92,88,0,50332331,0x030002AB,wall,,00000683.pro,-1,,0
520,,169164,0,1028,17700,100,88,0,50332333,0x030002AD,wall,,00000685.pro,-1,,0
521,,169252,0,1029,17701,101,88,0,50331879,0x030000E7,wall,,00000231.pro,-1,,0
522,,169340,0,1051,17724,124,88,0,83886092,0x0500000C,misc,,00000012.pro,-1,,0
523,,169428,0,1065,17853,53,89,0,83886092,0x0500000C,misc,,00000012.pro,-1,,0
524,,169516,0,1077,17892,92,89,0,50332332,0x030002AC,wall,,00000684.pro,-1,,0
525,,169604,0,1080,17900,100,89,0,50332335,0x030002AF,wall,,00000687.pro,-1,,0
526,,169692,0,1081,17901,101,89,0,50331880,0x030000E8,wall,,00000232.pro,-1,,0
527,,169780,0,1089,17925,125,89,0,83886092,0x0500000C,misc,,00000012.pro,-1,,0
528,,169868,0,1098,18053,53,90,0,83886092,0x0500000C,misc,,00000012.pro,-1,,0
529,,169956,0,1099,18054,54,90,0,83886092,0x0500000C,misc,,00000012.pro,-1,,0
530,,170044,0,1115,18092,92,90,0,50332331,0x030002AB,wall,,00000683.pro,-1,,0
531,,170132,0,1120,18100,100,90,0,50332333,0x030002AD,wall,,00000685.pro,-1,,0
532,,170220,0,1121,18101,101,90,0,50331881,0x030000E9,wall,,00000233.pro,-1,,0
533,,170308,0,1131,18125,125,90,0,83886092,0x0500000C,misc,,00000012.pro,-1,,0
534,,170396,0,1132,18126,126,90,0,83886092,0x0500000C,misc,,00000012.pro,-1,,0
535,,170484,0,1142,18254,54,91,0,83886092,0x0500000C,misc,,00000012.pro,-1,,0
536,,170572,0,1158,18292,92,91,0,50332332,0x030002AC,wall,,00000684.pro,-1,,0
537,,170660,0,1160,18300,100,91,0,50332335,0x030002AF,wall,,00000687.pro,-1,,0
538,,170748,0,1161,18301,101,91,0,50331878,0x030000E6,wall,,00000230.pro,-1,,0
539,,170836,0,1170,18326,126,91,0,83886092,0x0500000C,misc,,00000012.pro,-1,,0
540,,170924,0,1196,18455,55,92,0,83886092,0x0500000C,misc,,00000012.pro,-1,,0
541,,171012,0,1214,18492,92,92,0,50332331,0x030002AB,wall,,00000683.pro,-1,,0
542,,171100,0,1218,18500,100,92,0,50332333,0x030002AD,wall,,00000685.pro,-1,,0
543,,171188,0,1220,18501,101,92,0,50331879,0x030000E7,wall,,00000231.pro,-1,,0
544,,171276,0,1238,18527,127,92,0,83886092,0x0500000C,misc,,00000012.pro,-1,,0
545,,171364,0,1261,18655,55,93,0,83886092,0x0500000C,misc,,00000012.pro,-1,,0
546,,171452,0,1262,18656,56,93,0,83886092,0x0500000C,misc,,00000012.pro,-1,,0
547,,171540,0,1278,18692,92,93,0,50332332,0x030002AC,wall,,00000684.pro,-1,,0
548,,171628,0,1281,18695,95,93,0,33554573,0x0200008D,scenery,generic,00000142.pro,-1,,0
549,,171716,0,1286,18700,100,93,0,50332335,0x030002AF,wall,,00000687.pro,-1,,0
550,,171804,0,1289,18701,101,93,0,50331880,0x030000E8,wall,,00000232.pro,-1,,0
551,,171892,0,1309,18727,127,93,0,83886092,0x0500000C,misc,,00000012.pro,-1,,0
552,,171980,0,1310,18728,128,93,0,83886092,0x0500000C,misc,,00000012.pro,-1,,0
553,,172068,0,1323,18856,56,94,0,83886092,0x0500000C,misc,,00000012.pro,-1,,0
554,,172156,0,1341,18892,92,94,0,50332331,0x030002AB,wall,,00000683.pro,-1,,0
555,,172244,0,1349,18900,100,94,0,50332333,0x030002AD,wall,,00000685.pro,-1,,0
556,,172332,0,1351,18901,101,94,0,50331884,0x030000EC,wall,,00000236.pro,-1,,0
557,,172420,0,1371,18928,128,94,0,83886092,0x0500000C,misc,,00000012.pro,-1,,0
558,,172508,0,1380,19057,57,95,0,83886092,0x0500000C,misc,,00000012.pro,-1,,0
559,,172596,0,1390,19086,86,95,0,50332636,0x030003DC,wall,,00000988.pro,-1,,0
560,,172684,0,1392,19087,87,95,0,50332270,0x0300026E,wall,,00000622.pro,-1,,0
561,,172772,0,1394,19088,88,95,0,50332270,0x0300026E,wall,,00000622.pro,-1,,0
562,,172860,0,1396,19089,89,95,0,50332270,0x0300026E,wall,,00000622.pro,-1,,0
563,,172948,0,1397,19090,90,95,0,50332270,0x0300026E,wall,,00000622.pro,-1,,0
564,,173036,0,1398,19091,91,95,0,50332270,0x0300026E,wall,,00000622.pro,-1,,0
565,,173124,0,1400,19092,92,95,0,50332269,0x0300026D,wall,,00000621.pro,-1,,0
566,,173212,0,1402,19093,93,95,0,50332270,0x0300026E,wall,,00000622.pro,-1,,0
567,,173300,0,1404,19094,94,95,0,50332270,0x0300026E,wall,,00000622.pro,-1,,0
568,,173388,0,1405,19096,96,95,0,33554823,0x02000187,scenery,generic,00000392.pro,-1,,0
569,,173476,0,1406,19098,98,95,0,50332270,0x0300026E,wall,,00000622.pro,-1,,0
570,,173564,0,1409,19099,99,95,0,50332270,0x0300026E,wall,,00000622.pro,-1,,0
571,,173652,0,1412,19101,101,95,0,50332269,0x0300026D,wall,,00000621.pro,-1,,0
572,,173740,0,1434,19129,129,95,0,83886092,0x0500000C,misc,,00000012.pro,-1,,0
573,,173828,0,1443,19257,57,96,0,83886092,0x0500000C,misc,,00000012.pro,-1,,0
574,,173916,0,1444,19258,58,96,0,83886092,0x0500000C,misc,,00000012.pro,-1,,0
575,,174004,0,1455,19286,86,96,0,50332270,0x0300026E,wall,,00000622.pro,-1,,0
576,,174092,0,1460,19295,95,96,0,50332270,0x0300026E,wall,,00000622.pro,-1,,0
577,,174180,0,1461,19297,97,96,0,50332270,0x0300026E,wall,,00000622.pro,-1,,0
578,,174268,0,1466,19301,101,96,0,50331878,0x030000E6,wall,,00000230.pro,-1,,0
579,,174356,0,1486,19329,129,96,0,83886092,0x0500000C,misc,,00000012.pro,-1,,0
580,,174444,0,1488,19330,130,96,0,83886092,0x0500000C,misc,,00000012.pro,-1,,0
581,,174532,0,1498,19458,58,97,0,83886092,0x0500000C,misc,,00000012.pro,-1,,0
582,,174620,0,1507,19486,86,97,0,50332270,0x0300026E,wall,,00000622.pro,-1,,0
583,,174708,0,1511,19492,92,97,0,50332270,0x0300026E,wall,,00000622.pro,-1,,0
584,,174796,0,1512,19493,93,97,0,50332270,0x0300026E,wall,,00000622.pro,-1,,0
585,,174884,0,1513,19494,94,97,0,50332270,0x0300026E,wall,,00000622.pro,-1,,0
586,,174972,0,1514,19495,95,97,0,50332270,0x0300026E,wall,,00000622.pro,-1,,0
587,,175060,0,1515,19497,97,97,0,50332270,0x0300026E,wall,,00000622.pro,-1,,0
588,,175148,0,1516,19498,98,97,0,50332270,0x0300026E,wall,,00000622.pro,-1,,0
589,,175236,0,1518,19501,101,97,0,50331878,0x030000E6,wall,,00000230.pro,-1,,0
590,,175324,0,1538,19530,130,97,0,83886092,0x0500000C,misc,,00000012.pro,-1,,0
591,,175412,0,1550,19659,59,98,0,83886092,0x0500000C,misc,,00000012.pro,-1,,0
592,,175500,0,1556,19686,86,98,0,50332270,0x0300026E,wall,,00000622.pro,-1,,0
593,,175588,0,1558,19692,92,98,0,50332270,0x0300026E,wall,,00000622.pro,-1,,0
594,,175676,0,1559,19698,98,98,0,50332270,0x0300026E,wall,,00000622.pro,-1,,0
595,,175764,0,1561,19701,101,98,0,50331879,0x030000E7,wall,,00000231.pro,-1,,0
596,,175852,0,1571,19731,131,98,0,83886092,0x0500000C,misc,,00000012.pro,-1,,0
597,,175940,0,1582,19859,59,99,0,83886092,0x0500000C,misc,,00000012.pro,-1,,0
598,,176028,0,1584,19860,60,99,0,83886092,0x0500000C,misc,,00000012.pro,-1,,0
599,,176116,0,1590,19887,87,99,0,50332270,0x0300026E,wall,,00000622.pro,-1,,0
600,,176204,0,1591,19888,88,99,0,50331838,0x030000BE,wall,,00000190.pro,-1,,0
601,,176292,0,1592,19889,89,99,0,50332270,0x0300026E,wall,,00000622.pro,-1,,0
602,,176380,0,1593,19890,90,99,0,50332270,0x0300026E,wall,,00000622.pro,-1,,0
603,,176468,0,1594,19891,91,99,0,50332270,0x0300026E,wall,,00000622.pro,-1,,0
604,,176556,0,1595,19892,92,99,0,50332270,0x0300026E,wall,,00000622.pro,-1,,0
605,,176644,0,1597,19899,99,99,0,50332270,0x0300026E,wall,,00000622.pro,-1,,0
606,,176732,0,1598,19900,100,99,0,50332270,0x0300026E,wall,,00000622.pro,-1,,0
607,,176820,0,1599,19901,101,99,0,50331880,0x030000E8,wall,,00000232.pro,-1,,0
608,,176908,0,1611,19931,131,99,0,83886092,0x0500000C,misc,,00000012.pro,-1,,0
609,,176996,0,1612,19932,132,99,0,83886092,0x0500000C,misc,,00000012.pro,-1,,0
610,,177084,0,1636,20060,60,100,0,83886092,0x0500000C,misc,,00000012.pro,-1,,0
611,,177172,0,1640,20088,88,100,0,50331839,0x030000BF,wall,,00000191.pro,-1,,0
612,,177260,0,1641,20089,89,100,0,50332270,0x0300026E,wall,,00000622.pro,-1,,0
613,,177348,0,1643,20101,101,100,0,50331878,0x030000E6,wall,,00000230.pro,-1,,0
614,,177436,0,1644,20102,102,100,0,50332269,0x0300026D,wall,,00000621.pro,-1,,0
615,,177524,0,1657,20132,132,100,0,83886092,0x0500000C,misc,,00000012.pro,-1,,0
616,,177612,0,1683,20261,61,101,0,83886092,0x0500000C,misc,,00000012.pro,-1,,0
617,,177700,0,1695,20288,88,101,0,50331840,0x030000C0,wall,,00000192.pro,-1,,0
618,,177788,0,1698,20289,89,101,0,50332270,0x0300026E,wall,,00000622.pro,-1,,0
619,,177876,0,1724,20302,102,101,0,50332296,0x03000288,wall,,00000648.pro,-1,,0
620,,177964,0,1727,20303,103,101,0,50331831,0x030000B7,wall,,00000183.pro,-1,,0
621,,178052,0,1730,20304,104,101,0,50331830,0x030000B6,wall,,00000182.pro,-1,,0
622,,178140,0,1732,20305,105,101,0,50331829,0x030000B5,wall,,00000181.pro,-1,,0
623,,178228,0,1735,20306,106,101,0,50331830,0x030000B6,wall,,00000182.pro,-1,,0
624,,178316,0,1738,20307,107,101,0,50331829,0x030000B5,wall,,00000181.pro,-1,,0
625,,178404,0,1740,20308,108,101,0,50331828,0x030000B4,wall,,00000180.pro,-1,,0
626,,178492,0,1742,20309,109,101,0,50331827,0x030000B3,wall,,00000179.pro,-1,,0
627,,178580,0,1744,20310,110,101,0,50331826,0x030000B2,wall,,00000178.pro,-1,,0
628,,178668,0,1746,20311,111,101,0,50331825,0x030000B1,wall,,00000177.pro,-1,,0
629,,178756,0,1748,20312,112,101,0,50331824,0x030000B0,wall,,00000176.pro,-1,,0
630,,178844,0,1751,20313,113,101,0,50331823,0x030000AF,wall,,00000175.pro,-1,,0
631,,178932,0,1753,20314,114,101,0,50331822,0x030000AE,wall,,00000174.pro,-1,,0
632,,179020,0,1756,20315,115,101,0,50331831,0x030000B7,wall,,00000183.pro,-1,,0
633,,179108,0,1758,20316,116,101,0,50331830,0x030000B6,wall,,00000182.pro,-1,,0
634,,179196,0,1760,20317,117,101,0,50332299,0x0300028B,wall,,00000651.pro,-1,,0
635,,179284,0,1762,20318,118,101,0,50332269,0x0300026D,wall,,00000621.pro,-1,,0
636,,179372,0,1781,20333,133,101,0,83886092,0x0500000C,misc,,00000012.pro,-1,,0
637,,179460,0,1797,20461,61,102,0,83886092,0x0500000C,misc,,00000012.pro,-1,,0
638,,179548,0,1799,20462,62,102,0,83886092,0x0500000C,misc,,00000012.pro,-1,,0
639,,179636,0,1808,20488,88,102,0,50331841,0x030000C1,wall,,00000193.pro,-1,,0
640,,179724,0,1810,20489,89,102,0,50332270,0x0300026E,wall,,00000622.pro,-1,,0
641,,179812,0,1823,20499,99,102,0,33554573,0x0200008D,scenery,generic,00000142.pro,-1,,0
642,,179900,0,1828,20503,103,102,0,50332270,0x0300026E,wall,,00000622.pro,-1,,0
643,,179988,0,1831,20505,105,102,0,33554569,0x02000089,scenery,generic,00000138.pro,-1,,0
644,,180076,0,1834,20507,107,102,0,33554564,0x02000084,scenery,generic,00000133.pro,-1,,0
645,,180164,0,1836,20509,109,102,0,50332270,0x0300026E,wall,,00000622.pro,-1,,0
646,,180252,0,1839,20511,111,102,0,33554569,0x02000089,scenery,generic,00000138.pro,-1,,0
647,,180340,0,1843,20513,113,102,0,33554566,0x02000086,scenery,generic,00000135.pro,-1,,0
648,,180428,0,1846,20515,115,102,0,50332270,0x0300026E,wall,,00000622.pro,-1,,0
649,,180516,0,1848,20517,117,102,0,50332270,0x0300026E,wall,,00000622.pro,-1,,0
650,,180604,0,1849,20518,118,102,0,50332269,0x0300026D,wall,,00000621.pro,-1,,0
651,,180692,0,1862,20533,133,102,0,83886092,0x0500000C,misc,,00000012.pro,-1,,0
652,,180780,0,1864,20534,134,102,0,83886092,0x0500000C,misc,,00000012.pro,-1,,0
653,,180868,0,1876,20662,62,103,0,83886092,0x0500000C,misc,,00000012.pro,-1,,0
654,,180956,0,1880,20688,88,103,0,50331837,0x030000BD,wall,,00000189.pro,-1,,0
655,,181044,0,1881,20689,89,103,0,33554562,0x02000082,scenery,generic,00000131.pro,-1,,0
656,,181132,0,1893,20718,118,103,0,50332269,0x0300026D,wall,,00000621.pro,-1,,0
657,,181220,0,1899,20734,134,103,0,83886092,0x0500000C,misc,,00000012.pro,-1,,0
658,,181308,0,1911,20863,63,104,0,83886092,0x0500000C,misc,,00000012.pro,-1,,0
659,,181396,0,1915,20888,88,104,0,50331837,0x030000BD,wall,,00000189.pro,-1,,0
660,,181484,0,1916,20889,89,104,0,50332270,0x0300026E,wall,,00000622.pro,-1,,0
661,,181572,0,1917,20891,91,104,0,33554573,0x0200008D,scenery,generic,00000142.pro,-1,,0
662,,181660,0,1920,20918,118,104,0,50331878,0x030000E6,wall,,00000230.pro,-1,,0
663,,181748,0,1924,20935,135,104,0,83886092,0x0500000C,misc,,00000012.pro,-1,,0
664,,181836,0,1934,21063,63,105,0,83886092,0x0500000C,misc,,00000012.pro,-1,,0
665,,181924,0,1936,21064,64,105,0,83886092,0x0500000C,misc,,00000012.pro,-1,,0
666,,182012,0,1940,21088,88,105,0,50331839,0x030000BF,wall,,00000191.pro,-1,,0
667,,182100,0,1941,21089,89,105,0,50332270,0x0300026E,wall,,00000622.pro,-1,,0
668,,182188,0,1946,21118,118,105,0,50331879,0x030000E7,wall,,00000231.pro,-1,,0
669,,182276,0,1950,21135,135,105,0,83886092,0x0500000C,misc,,00000012.pro,-1,,0
670,,182364,0,1952,21136,136,105,0,83886092,0x0500000C,misc,,00000012.pro,-1,,0
671,,182452,0,1962,21264,64,106,0,83886092,0x0500000C,misc,,00000012.pro,-1,,0
672,,182540,0,1966,21288,88,106,0,50331840,0x030000C0,wall,,00000192.pro,-1,,0
673,,182628,0,1967,21289,89,106,0,50332270,0x0300026E,wall,,00000622.pro,-1,,0
674,,182716,0,1971,21318,118,106,0,50331880,0x030000E8,wall,,00000232.pro,-1,,0
675,,182804,0,1976,21336,136,106,0,83886092,0x0500000C,misc,,00000012.pro,-1,,0
676,,182892,0,1984,21465,65,107,0,83886092,0x0500000C,misc,,00000012.pro,-1,,0
677,,182980,0,1995,21488,88,107,0,50331841,0x030000C1,wall,,00000193.pro,-1,,0
678,,183068,0,1996,21489,89,107,0,33554567,0x02000087,scenery,generic,00000136.pro,-1,,0
679,,183156,0,2005,21518,118,107,0,50331881,0x030000E9,wall,,00000233.pro,-1,,0
680,,183244,0,2009,21537,137,107,0,83886092,0x0500000C,misc,,00000012.pro,-1,,0
681,,183332,0,2016,21665,65,108,0,83886092,0x0500000C,misc,,00000012.pro,-1,,0
682,,183420,0,2018,21666,66,108,0,83886092,0x0500000C,misc,,00000012.pro,-1,,0
683,,183508,0,2027,21688,88,108,0,50332298,0x0300028A,wall,,00000650.pro,-1,,0
684,,183596,0,2028,21689,89,108,0,50332270,0x0300026E,wall,,00000622.pro,-1,,0
685,,183684,0,2036,21718,118,108,0,50331878,0x030000E6,wall,,00000230.pro,-1,,0
686,,183772,0,2040,21737,137,108,0,83886092,0x0500000C,misc,,00000012.pro,-1,,0
687,,183860,0,2041,21738,138,108,0,83886092,0x0500000C,misc,,00000012.pro,-1,,0
688,,183948,0,2051,21866,66,109,0,83886092,0x0500000C,misc,,00000012.pro,-1,,0
689,,184036,0,2056,21888,88,109,0,50332269,0x0300026D,wall,,00000621.pro,-1,,0
690,,184124,0,2058,21889,89,109,0,50332270,0x0300026E,wall,,00000622.pro,-1,,0
691,,184212,0,2060,21890,90,109,0,50331876,0x030000E4,wall,,00000228.pro,-1,,0
692,,184300,0,2062,21891,91,109,0,50331877,0x030000E5,wall,,00000229.pro,-1,,0
693,,184388,0,2064,21892,92,109,0,50332270,0x0300026E,wall,,00000622.pro,-1,,0
694,,184476,0,2099,21918,118,109,0,50331879,0x030000E7,wall,,00000231.pro,-1,,0
695,,184564,0,2132,21938,138,109,0,83886092,0x0500000C,misc,,00000012.pro,-1,,0
696,,184652,0,2148,22067,67,110,0,83886092,0x0500000C,misc,,00000012.pro,-1,,0
697,,184740,0,2154,22089,89,110,0,50332269,0x0300026D,wall,,00000621.pro,-1,,0
698,,184828,0,2156,22091,91,110,0,50332269,0x0300026D,wall,,00000621.pro,-1,,0
699,,184916,0,2158,22092,92,110,0,50332297,0x03000289,wall,,00000649.pro,-1,,0
700,,185004,0,2159,22093,93,110,0,50332270,0x0300026E,wall,,00000622.pro,-1,,0
701,,185092,0,2180,22118,118,110,0,50331880,0x030000E8,wall,,00000232.pro,-1,,0
702,,185180,0,2208,22139,139,110,0,83886092,0x0500000C,misc,,00000012.pro,-1,,0
703,,185268,0,2220,22267,67,111,0,83886092,0x0500000C,misc,,00000012.pro,-1,,0
704,,185356,0,2222,22268,68,111,0,83886092,0x0500000C,misc,,00000012.pro,-1,,0
705,,185444,0,2231,22292,92,111,0,50331837,0x030000BD,wall,,00000189.pro,-1,,0
706,,185532,0,2233,22293,93,111,0,50332270,0x0300026E,wall,,00000622.pro,-1,,0
707,,185620,0,2246,22318,118,111,0,50331881,0x030000E9,wall,,00000233.pro,-1,,0
708,,185708,0,2251,22339,139,111,0,83886092,0x0500000C,misc,,00000012.pro,-1,,0
709,,185796,0,2252,22340,140,111,0,83886092,0x0500000C,misc,,00000012.pro,-1,,0
710,,185884,0,2263,22468,68,112,0,83886092,0x0500000C,misc,,00000012.pro,-1,,0
711,,185972,0,2267,22492,92,112,0,50331838,0x030000BE,wall,,00000190.pro,-1,,0
712,,186060,0,2268,22493,93,112,0,50332270,0x0300026E,wall,,00000622.pro,-1,,0
713,,186148,0,2274,22518,118,112,0,50331878,0x030000E6,wall,,00000230.pro,-1,,0
714,,186236,0,2279,22540,140,112,0,83886092,0x0500000C,misc,,00000012.pro,-1,,0
715,,186324,0,2289,22669,69,113,0,83886092,0x0500000C,misc,,00000012.pro,-1,,0
716,,186412,0,2298,22692,92,113,0,50331839,0x030000BF,wall,,00000191.pro,-1,,0
717,,186500,0,2300,22693,93,113,0,50332270,0x0300026E,wall,,00000622.pro,-1,,0
718,,186588,0,2307,22718,118,113,0,50331879,0x030000E7,wall,,00000231.pro,-1,,0
719,,186676,0,2316,22741,141,113,0,83886092,0x0500000C,misc,,00000012.pro,-1,,0
720,,186764,0,2326,22869,69,114,0,83886092,0x0500000C,misc,,00000012.pro,-1,,0
721,,186852,0,2328,22870,70,114,0,83886092,0x0500000C,misc,,00000012.pro,-1,,0
722,,186940,0,2336,22892,92,114,0,50331840,0x030000C0,wall,,00000192.pro,-1,,0
723,,187028,0,2337,22893,93,114,0,33554561,0x02000081,scenery,generic,00000130.pro,-1,,0
724,,187116,0,2344,22918,118,114,0,50331881,0x030000E9,wall,,00000233.pro,-1,,0
725,,187204,0,2350,22941,141,114,0,83886092,0x0500000C,misc,,00000012.pro,-1,,0
726,,187292,0,2351,22942,142,114,0,83886092,0x0500000C,misc,,00000012.pro,-1,,0
727,,187380,0,2361,23070,70,115,0,83886092,0x0500000C,misc,,00000012.pro,-1,,0
728,,187468,0,2373,23092,92,115,0,50331841,0x030000C1,wall,,00000193.pro,-1,,0
729,,187556,0,2375,23093,93,115,0,50332270,0x0300026E,wall,,00000622.pro,-1,,0
730,,187644,0,2384,23100,100,115,0,50332300,0x0300028C,wall,,00000652.pro,-1,,0
731,,187732,0,2386,23101,101,115,0,50331877,0x030000E5,wall,,00000229.pro,-1,,0
732,,187820,0,2388,23102,102,115,0,50331876,0x030000E4,wall,,00000228.pro,-1,,0
733,,187908,0,2390,23103,103,115,0,50331877,0x030000E5,wall,,00000229.pro,-1,,0
734,,187996,0,2392,23104,104,115,0,50331872,0x030000E0,wall,,00000224.pro,-1,,0
735,,188084,0,2394,23105,105,115,0,50331877,0x030000E5,wall,,00000229.pro,-1,,0
736,,188172,0,2396,23106,106,115,0,50331876,0x030000E4,wall,,00000228.pro,-1,,0
737,,188260,0,2398,23107,107,115,0,50331875,0x030000E3,wall,,00000227.pro,-1,,0
738,,188348,0,2399,23108,108,115,0,50331874,0x030000E2,wall,,00000226.pro,-1,,0
739,,188436,0,2400,23109,109,115,0,50331873,0x030000E1,wall,,00000225.pro,-1,,0
740,,188524,0,2401,23110,110,115,0,50331872,0x030000E0,wall,,00000224.pro,-1,,0
741,,188612,0,2402,23111,111,115,0,50331877,0x030000E5,wall,,00000229.pro,-1,,0
742,,188700,0,2404,23112,112,115,0,50331876,0x030000E4,wall,,00000228.pro,-1,,0
743,,188788,0,2405,23113,113,115,0,50331875,0x030000E3,wall,,00000227.pro,-1,,0
744,,188876,0,2406,23114,114,115,0,50331874,0x030000E2,wall,,00000226.pro,-1,,0
745,,188964,0,2407,23115,115,115,0,50331873,0x030000E1,wall,,00000225.pro,-1,,0
746,,189052,0,2408,23116,116,115,0,50331872,0x030000E0,wall,,00000224.pro,-1,,0
747,,189140,0,2409,23117,117,115,0,50331877,0x030000E5,wall,,00000229.pro,-1,,0
748,,189228,0,2410,23118,118,115,0,50332301,0x0300028D,wall,,00000653.pro,-1,,0
749,,189316,0,2426,23142,142,115,0,83886092,0x0500000C,misc,,00000012.pro,-1,,0
750,,189404,0,2436,23271,71,116,0,83886092,0x0500000C,misc,,00000012.pro,-1,,0
751,,189492,0,2446,23292,92,116,0,50331842,0x030000C2,wall,,00000194.pro,-1,,0
752,,189580,0,2447,23293,93,116,0,50332270,0x0300026E,wall,,00000622.pro,-1,,0
753,,189668,0,2454,23300,100,116,0,50332269,0x0300026D,wall,,00000621.pro,-1,,0
754,,189756,0,2455,23301,101,116,0,50332270,0x0300026E,wall,,00000622.pro,-1,,0
755,,189844,0,2456,23303,103,116,0,50332270,0x0300026E,wall,,00000622.pro,-1,,0
756,,189932,0,2457,23305,105,116,0,50332270,0x0300026E,wall,,00000622.pro,-1,,0
757,,190020,0,2459,23307,107,116,0,50332270,0x0300026E,wall,,00000622.pro,-1,,0
758,,190108,0,2460,23309,109,116,0,50332270,0x0300026E,wall,,00000622.pro,-1,,0
759,,190196,0,2461,23311,111,116,0,50332270,0x0300026E,wall,,00000622.pro,-1,,0
760,,190284,0,2462,23313,113,116,0,50332270,0x0300026E,wall,,00000622.pro,-1,,0
761,,190372,0,2463,23315,115,116,0,50332270,0x0300026E,wall,,00000622.pro,-1,,0
762,,190460,0,2464,23317,117,116,0,50332270,0x0300026E,wall,,00000622.pro,-1,,0
763,,190548,0,2478,23343,143,116,0,83886092,0x0500000C,misc,,00000012.pro,-1,,0
764,,190636,0,2493,23471,71,117,0,83886092,0x0500000C,misc,,00000012.pro,-1,,0
765,,190724,0,2496,23472,72,117,0,83886092,0x0500000C,misc,,00000012.pro,-1,,0
766,,190812,0,2512,23492,92,117,0,50331843,0x030000C3,wall,,00000195.pro,-1,,0
767,,190900,0,2513,23493,93,117,0,50332270,0x0300026E,wall,,00000622.pro,-1,,0
768,,190988,0,2515,23500,100,117,0,50331878,0x030000E6,wall,,00000230.pro,-1,,0
769,,191076,0,2522,23543,143,117,0,83886092,0x0500000C,misc,,00000012.pro,-1,,0
770,,191164,0,2523,23544,144,117,0,83886092,0x0500000C,misc,,00000012.pro,-1,,0
771,,191252,0,2538,23672,72,118,0,83886092,0x0500000C,misc,,00000012.pro,-1,,0
772,,191340,0,2551,23692,92,118,0,50331844,0x030000C4,wall,,00000196.pro,-1,,0
773,,191428,0,2552,23693,93,118,0,33554563,0x02000083,scenery,generic,00000132.pro,-1,,0
774,,191516,0,2554,23700,100,118,0,50331879,0x030000E7,wall,,00000231.pro,-1,,0
775,,191604,0,2562,23744,144,118,0,83886092,0x0500000C,misc,,00000012.pro,-1,,0
776,,191692,0,2570,23873,73,119,0,83886092,0x0500000C,misc,,00000012.pro,-1,,0
777,,191780,0,2576,23892,92,119,0,50331845,0x030000C5,wall,,00000197.pro,-1,,0
778,,191868,0,2577,23893,93,119,0,50332270,0x0300026E,wall,,00000622.pro,-1,,0
779,,191956,0,2579,23900,100,119,0,50331880,0x030000E8,wall,,00000232.pro,-1,,0
780,,192044,0,2587,23945,145,119,0,83886092,0x0500000C,misc,,00000012.pro,-1,,0
781,,192132,0,2592,24073,73,120,0,83886092,0x0500000C,misc,,00000012.pro,-1,,0
782,,192220,0,2595,24074,74,120,0,83886092,0x0500000C,misc,,00000012.pro,-1,,0
783,,192308,0,2601,24092,92,120,0,50331837,0x030000BD,wall,,00000189.pro,-1,,0
784,,192396,0,2602,24093,93,120,0,50332270,0x0300026E,wall,,00000622.pro,-1,,0
785,,192484,0,2607,24100,100,120,0,50331881,0x030000E9,wall,,00000233.pro,-1,,0
786,,192572,0,2636,24145,145,120,0,83886092,0x0500000C,misc,,00000012.pro,-1,,0
787,,192660,0,2638,24146,146,120,0,83886092,0x0500000C,misc,,00000012.pro,-1,,0
788,,192748,0,2645,24274,74,121,0,83886092,0x0500000C,misc,,00000012.pro,-1,,0
789,,192836,0,2650,24292,92,121,0,50331838,0x030000BE,wall,,00000190.pro,-1,,0
790,,192924,0,2651,24293,93,121,0,50332270,0x0300026E,wall,,00000622.pro,-1,,0
791,,193012,0,2654,24296,96,121,2,16777399,0x010000B7,critter,,00000183.pro,67108876,Valtglo.int,0
792,,193140,0,2659,24300,100,121,0,50331878,0x030000E6,wall,,00000230.pro,-1,,0
793,,193228,0,2712,24346,146,121,0,83886092,0x0500000C,misc,,00000012.pro,-1,,0
794,,193316,0,2720,24475,75,122,0,83886092,0x0500000C,misc,,00000012.pro,-1,,0
795,,193404,0,2723,24492,92,122,0,50331839,0x030000BF,wall,,00000191.pro,-1,,0
796,,193492,0,2724,24493,93,122,0,50332270,0x0300026E,wall,,00000622.pro,-1,,0
797,,193580,0,2728,24500,100,122,0,50331879,0x030000E7,wall,,00000231.pro,-1,,0
798,,193668,0,2759,24547,147,122,0,83886092,0x0500000C,misc,,00000012.pro,-1,,0
799,,193756,0,2771,24675,75,123,0,83886092,0x0500000C,misc,,00000012.pro,-1,,0
800,,193844,0,2774,24676,76,123,0,83886092,0x0500000C,misc,,00000012.pro,-1,,0
801,,193932,0,2787,24692,92,123,0,50331840,0x030000C0,wall,,00000192.pro,-1,,0
802,,194020,0,2788,24693,93,123,0,50332270,0x0300026E,wall,,00000622.pro,-1,,0
803,,194108,0,2792,24695,95,123,2,16777232,0x01000010,critter,,00000016.pro,67108866,Tread.int,0
804,,194236,0,2801,24700,100,123,0,50331880,0x030000E8,wall,,00000232.pro,-1,,0
805,,194324,0,2862,24747,147,123,0,83886092,0x0500000C,misc,,00000012.pro,-1,,0
806,,194412,0,2863,24748,148,123,0,83886092,0x0500000C,misc,,00000012.pro,-1,,0
807,,194500,0,2875,24876,76,124,0,83886092,0x0500000C,misc,,00000012.pro,-1,,0
808,,194588,0,2883,24892,92,124,0,50331841,0x030000C1,wall,,00000193.pro,-1,,0
809,,194676,0,2884,24893,93,124,0,50332270,0x0300026E,wall,,00000622.pro,-1,,0
810,,194764,0,2891,24900,100,124,0,50331881,0x030000E9,wall,,00000233.pro,-1,,0
811,,194852,0,2917,24946,146,124,0,83886092,0x0500000C,misc,,00000012.pro,-1,,0
812,,194940,0,2918,24947,147,124,0,83886092,0x0500000C,misc,,00000012.pro,-1,,0
813,,195028,0,2919,24948,148,124,0,83886092,0x0500000C,misc,,00000012.pro,-1,,0
814,,195116,0,2930,25077,77,125,0,83886092,0x0500000C,misc,,00000012.pro,-1,,0
815,,195204,0,2937,25092,92,125,0,50331842,0x030000C2,wall,,00000194.pro,-1,,0
816,,195292,0,2938,25093,93,125,0,50332270,0x0300026E,wall,,00000622.pro,-1,,0
817,,195380,0,2942,25100,100,125,0,50331878,0x030000E6,wall,,00000230.pro,-1,,0
818,,195468,0,2953,25144,144,125,0,83886092,0x0500000C,misc,,00000012.pro,-1,,0
819,,195556,0,2954,25145,145,125,0,83886092,0x0500000C,misc,,00000012.pro,-1,,0
820,,195644,0,2955,25146,146,125,0,83886092,0x0500000C,misc,,00000012.pro,-1,,0
821,,195732,0,2956,25147,147,125,0,83886092,0x0500000C,misc,,00000012.pro,-1,,0
822,,195820,0,2965,25277,77,126,0,83886092,0x0500000C,misc,,00000012.pro,-1,,0
823,,195908,0,2967,25278,78,126,0,83886092,0x0500000C,misc,,00000012.pro,-1,,0
824,,195996,0,2972,25292,92,126,0,50331843,0x030000C3,wall,,00000195.pro,-1,,0
825,,196084,0,2973,25293,93,126,0,50332270,0x0300026E,wall,,00000622.pro,-1,,0
826,,196172,0,2978,25300,100,126,0,50331879,0x030000E7,wall,,00000231.pro,-1,,0
827,,196260,0,2992,25342,142,126,0,83886092,0x0500000C,misc,,00000012.pro,-1,,0
828,,196348,0,2993,25343,143,126,0,83886092,0x0500000C,misc,,00000012.pro,-1,,0
829,,196436,0,2994,25344,144,126,0,83886092,0x0500000C,misc,,00000012.pro,-1,,0
830,,196524,0,2995,25345,145,126,0,83886092,0x0500000C,misc,,00000012.pro,-1,,0
831,,196612,0,3005,25478,78,127,0,83886092,0x0500000C,misc,,00000012.pro,-1,,0
832,,196700,0,3016,25492,92,127,0,50331844,0x030000C4,wall,,00000196.pro,-1,,0
833,,196788,0,3018,25493,93,127,0,50332270,0x0300026E,wall,,00000622.pro,-1,,0
834,,196876,0,3023,25500,100,127,0,50331880,0x030000E8,wall,,00000232.pro,-1,,0
835,,196964,0,3036,25540,140,127,0,83886092,0x0500000C,misc,,00000012.pro,-1,,0
836,,197052,0,3037,25541,141,127,0,83886092,0x0500000C,misc,,00000012.pro,-1,,0
837,,197140,0,3038,25542,142,127,0,83886092,0x0500000C,misc,,00000012.pro,-1,,0
838,,197228,0,3039,25543,143,127,0,83886092,0x0500000C,misc,,00000012.pro,-1,,0
839,,197316,0,3052,25679,79,128,0,83886092,0x0500000C,misc,,00000012.pro,-1,,0
840,,197404,0,3062,25692,92,128,0,50331845,0x030000C5,wall,,00000197.pro,-1,,0
841,,197492,0,3064,25693,93,128,0,50332270,0x0300026E,wall,,00000622.pro,-1,,0
842,,197580,0,3069,25700,100,128,0,50331881,0x030000E9,wall,,00000233.pro,-1,,0
843,,197668,0,3083,25738,138,128,0,83886092,0x0500000C,misc,,00000012.pro,-1,,0
844,,197756,0,3084,25739,139,128,0,83886092,0x0500000C,misc,,00000012.pro,-1,,0
845,,197844,0,3085,25740,140,128,0,83886092,0x0500000C,misc,,00000012.pro,-1,,0
846,,197932,0,3086,25741,141,128,0,83886092,0x0500000C,misc,,00000012.pro,-1,,0
847,,198020,0,3100,25879,79,129,0,83886092,0x0500000C,misc,,00000012.pro,-1,,0
848,,198108,0,3102,25880,80,129,0,83886092,0x0500000C,misc,,00000012.pro,-1,,0
849,,198196,0,3111,25892,92,129,0,50331837,0x030000BD,wall,,00000189.pro,-1,,0
850,,198284,0,3112,25893,93,129,0,50332270,0x0300026E,wall,,00000622.pro,-1,,0
851,,198372,0,3116,25900,100,129,0,50331878,0x030000E6,wall,,00000230.pro,-1,,0
852,,198460,0,3131,25936,136,129,0,83886092,0x0500000C,misc,,00000012.pro,-1,,0
853,,198548,0,3132,25937,137,129,0,83886092,0x0500000C,misc,,00000012.pro,-1,,0
854,,198636,0,3133,25938,138,129,0,83886092,0x0500000C,misc,,00000012.pro,-1,,0
855,,198724,0,3134,25939,139,129,0,83886092,0x0500000C,misc,,00000012.pro,-1,,0
856,,198812,0,3144,26080,80,130,0,83886092,0x0500000C,misc,,00000012.pro,-1,,0
857,,198900,0,3151,26092,92,130,0,50331838,0x030000BE,wall,,00000190.pro,-1,,0
858,,198988,0,3152,26093,93,130,0,33554562,0x02000082,scenery,generic,00000131.pro,-1,,0
859,,199076,0,3154,26100,100,130,0,50331879,0x030000E7,wall,,00000231.pro,-1,,0
860,,199164,0,3162,26134,134,130,0,83886092,0x0500000C,misc,,00000012.pro,-1,,0
861,,199252,0,3164,26135,135,130,0,83886092,0x0500000C,misc,,00000012.pro,-1,,0
862,,199340,0,3166,26136,136,130,0,83886092,0x0500000C,misc,,00000012.pro,-1,,0
863,,199428,0,3167,26137,137,130,0,83886092,0x0500000C,misc,,00000012.pro,-1,,0
864,,199516,0,3175,26281,81,131,0,83886092,0x0500000C,misc,,00000012.pro,-1,,0
865,,199604,0,3185,26292,92,131,0,50331839,0x030000BF,wall,,00000191.pro,-1,,0
866,,199692,0,3186,26293,93,131,0,50332270,0x0300026E,wall,,00000622.pro,-1,,0
867,,199780,0,3189,26300,100,131,0,50331880,0x030000E8,wall,,00000232.pro,-1,,0
868,,199868,0,3207,26332,132,131,0,83886092,0x0500000C,misc,,00000012.pro,-1,,0
869,,199956,0,3208,26333,133,131,0,83886092,0x0500000C,misc,,00000012.pro,-1,,0
870,,200044,0,3209,26334,134,131,0,83886092,0x0500000C,misc,,00000012.pro,-1,,0
871,,200132,0,3211,26335,135,131,0,83886092,0x0500000C,misc,,00000012.pro,-1,,0
872,,200220,0,3221,26481,81,132,0,83886092,0x0500000C,misc,,00000012.pro,-1,,0
873,,200308,0,3223,26482,82,132,0,83886092,0x0500000C,misc,,00000012.pro,-1,,0
874,,200396,0,3232,26492,92,132,0,50331840,0x030000C0,wall,,00000192.pro,-1,,0
875,,200484,0,3233,26493,93,132,0,50332270,0x0300026E,wall,,00000622.pro,-1,,0
876,,200572,0,3236,26500,100,132,0,50331881,0x030000E9,wall,,00000233.pro,-1,,0
877,,200660,0,3254,26530,130,132,0,83886092,0x0500000C,misc,,00000012.pro,-1,,0
878,,200748,0,3255,26531,131,132,0,83886092,0x0500000C,misc,,00000012.pro,-1,,0
879,,200836,0,3256,26532,132,132,0,83886092,0x0500000C,misc,,00000012.pro,-1,,0
880,,200924,0,3257,26533,133,132,0,83886092,0x0500000C,misc,,00000012.pro,-1,,0
881,,201012,0,3268,26682,82,133,0,83886092,0x0500000C,misc,,00000012.pro,-1,,0
882,,201100,0,3273,26688,88,133,0,50332294,0x03000286,wall,,00000646.pro,-1,,0
883,,201188,0,3274,26689,89,133,0,50331825,0x030000B1,wall,,00000177.pro,-1,,0
884,,201276,0,3275,26690,90,133,0,50331824,0x030000B0,wall,,00000176.pro,-1,,0
885,,201364,0,3277,26691,91,133,0,50331823,0x030000AF,wall,,00000175.pro,-1,,0
886,,201452,0,3278,26692,92,133,0,50332295,0x03000287,wall,,00000647.pro,-1,,0
887,,201540,0,3279,26693,93,133,0,50332270,0x0300026E,wall,,00000622.pro,-1,,0
888,,201628,0,3281,26700,100,133,0,50332296,0x03000288,wall,,00000648.pro,-1,,0
889,,201716,0,3282,26701,101,133,0,50331831,0x030000B7,wall,,00000183.pro,-1,,0
890,,201804,0,3283,26702,102,133,0,50331830,0x030000B6,wall,,00000182.pro,-1,,0
891,,201892,0,3285,26703,103,133,0,50331829,0x030000B5,wall,,00000181.pro,-1,,0
892,,201980,0,3286,26704,104,133,0,50331828,0x030000B4,wall,,00000180.pro,-1,,0
893,,202068,0,3287,26704,104,133,0,33554571,0x0200008B,scenery,ladder_up,00000140.pro,50331681,NecVLadr.int,0
894,,202160,0,3288,26705,105,133,0,50331827,0x030000B3,wall,,00000179.pro,-1,,0
895,,202248,0,3289,26706,106,133,0,50331826,0x030000B2,wall,,00000178.pro,-1,,0
896,,202336,0,3291,26707,107,133,0,50331825,0x030000B1,wall,,00000177.pro,-1,,0
897,,202424,0,3293,26708,108,133,0,50331824,0x030000B0,wall,,00000176.pro,-1,,0
898,,202512,0,3295,26709,109,133,0,50331823,0x030000AF,wall,,00000175.pro,-1,,0
899,,202600,0,3297,26710,110,133,0,50331822,0x030000AE,wall,,00000174.pro,-1,,0
900,,202688,0,3299,26711,111,133,0,50332299,0x0300028B,wall,,00000651.pro,-1,,0
901,,202776,0,3300,26712,112,133,0,50332269,0x0300026D,wall,,00000621.pro,-1,,0
902,,202864,0,3304,26728,128,133,0,83886092,0x0500000C,misc,,00000012.pro,-1,,0
903,,202952,0,3305,26729,129,133,0,83886092,0x0500000C,misc,,00000012.pro,-1,,0
904,,203040,0,3306,26730,130,133,0,83886092,0x0500000C,misc,,00000012.pro,-1,,0
905,,203128,0,3307,26731,131,133,0,83886092,0x0500000C,misc,,00000012.pro,-1,,0
906,,203216,0,3319,26883,83,134,0,83886092,0x0500000C,misc,,00000012.pro,-1,,0
907,,203304,0,3325,26888,88,134,0,50332270,0x0300026E,wall,,00000622.pro,-1,,0
908,,203392,0,3326,26889,89,134,0,50332270,0x0300026E,wall,,00000622.pro,-1,,0
909,,203480,0,3327,26890,90,134,0,33554566,0x02000086,scenery,generic,00000135.pro,-1,,0
910,,203568,0,3329,26891,91,134,0,50332270,0x0300026E,wall,,00000622.pro,-1,,0
911,,203656,0,3332,26901,101,134,0,50332270,0x0300026E,wall,,00000622.pro,-1,,0
912,,203744,0,3334,26903,103,134,0,50332270,0x0300026E,wall,,00000622.pro,-1,,0
913,,203832,0,3336,26905,105,134,0,50332270,0x0300026E,wall,,00000622.pro,-1,,0
914,,203920,0,3339,26907,107,134,0,33554565,0x02000085,scenery,generic,00000134.pro,-1,,0
915,,204008,0,3341,26909,109,134,0,50332270,0x0300026E,wall,,00000622.pro,-1,,0
916,,204096,0,3342,26910,110,134,0,33554564,0x02000084,scenery,generic,00000133.pro,-1,,0
917,,204184,0,3344,26911,111,134,0,50332270,0x0300026E,wall,,00000622.pro,-1,,0
918,,204272,0,3346,26912,112,134,0,50332269,0x0300026D,wall,,00000621.pro,-1,,0
919,,204360,0,3350,26926,126,134,0,83886092,0x0500000C,misc,,00000012.pro,-1,,0
920,,204448,0,3352,26927,127,134,0,83886092,0x0500000C,misc,,00000012.pro,-1,,0
921,,204536,0,3353,26928,128,134,0,83886092,0x0500000C,misc,,00000012.pro,-1,,0
922,,204624,0,3354,26929,129,134,0,83886092,0x0500000C,misc,,00000012.pro,-1,,0
923,,204712,0,3369,27083,83,135,0,83886092,0x0500000C,misc,,00000012.pro,-1,,0
924,,204800,0,3371,27084,84,135,0,83886092,0x0500000C,misc,,00000012.pro,-1,,0
925,,204888,0,3376,27088,88,135,0,50331837,0x030000BD,wall,,00000189.pro,-1,,0
926,,204976,0,3377,27089,89,135,0,50332270,0x0300026E,wall,,00000622.pro,-1,,0
927,,205064,0,3388,27112,112,135,0,50332269,0x0300026D,wall,,00000621.pro,-1,,0
928,,205152,0,3392,27124,124,135,0,83886092,0x0500000C,misc,,00000012.pro,-1,,0
929,,205240,0,3393,27125,125,135,0,83886092,0x0500000C,misc,,00000012.pro,-1,,0
930,,205328,0,3394,27126,126,135,0,83886092,0x0500000C,misc,,00000012.pro,-1,,0
931,,205416,0,3397,27127,127,135,0,83886092,0x0500000C,misc,,00000012.pro,-1,,0
932,,205504,0,3413,27284,84,136,0,83886092,0x0500000C,misc,,00000012.pro,-1,,0
933,,205592,0,3418,27288,88,136,0,50331838,0x030000BE,wall,,00000190.pro,-1,,0
934,,205680,0,3419,27289,89,136,0,50332270,0x0300026E,wall,,00000622.pro,-1,,0
935,,205768,0,3426,27312,112,136,0,50331878,0x030000E6,wall,,00000230.pro,-1,,0
936,,205856,0,3427,27322,122,136,0,83886092,0x0500000C,misc,,00000012.pro,-1,,0
937,,205944,0,3429,27323,123,136,0,83886092,0x0500000C,misc,,00000012.pro,-1,,0
938,,206032,0,3430,27324,124,136,0,83886092,0x0500000C,misc,,00000012.pro,-1,,0
939,,206120,0,3431,27325,125,136,0,83886092,0x0500000C,misc,,00000012.pro,-1,,0
940,,206208,0,3445,27485,85,137,0,83886092,0x0500000C,misc,,00000012.pro,-1,,0
941,,206296,0,3451,27488,88,137,0,50331839,0x030000BF,wall,,00000191.pro,-1,,0
942,,206384,0,3453,27489,89,137,0,50332270,0x0300026E,wall,,00000622.pro,-1,,0
943,,206472,0,3481,27512,112,137,0,50331879,0x030000E7,wall,,00000231.pro,-1,,0
944,,206560,0,3490,27520,120,137,0,83886092,0x0500000C,misc,,00000012.pro,-1,,0
945,,206648,0,3492,27521,121,137,0,83886092,0x0500000C,misc,,00000012.pro,-1,,0
946,,206736,0,3494,27522,122,137,0,83886092,0x0500000C,misc,,00000012.pro,-1,,0
947,,206824,0,3496,27523,123,137,0,83886092,0x0500000C,misc,,00000012.pro,-1,,0
948,,206912,0,3521,27685,85,138,0,83886092,0x0500000C,misc,,00000012.pro,-1,,0
949,,207000,0,3523,27686,86,138,0,83886092,0x0500000C,misc,,00000012.pro,-1,,0
950,,207088,0,3528,27688,88,138,0,50331840,0x030000C0,wall,,00000192.pro,-1,,0
951,,207176,0,3530,27689,89,138,0,50332270,0x0300026E,wall,,00000622.pro,-1,,0
952,,207264,0,3546,27712,112,138,0,50331880,0x030000E8,wall,,00000232.pro,-1,,0
953,,207352,0,3550,27718,118,138,0,83886092,0x0500000C,misc,,00000012.pro,-1,,0
954,,207440,0,3552,27719,119,138,0,83886092,0x0500000C,misc,,00000012.pro,-1,,0
955,,207528,0,3553,27720,120,138,0,83886092,0x0500000C,misc,,00000012.pro,-1,,0
956,,207616,0,3555,27721,121,138,0,83886092,0x0500000C,misc,,00000012.pro,-1,,0
957,,207704,0,3575,27886,86,139,0,83886092,0x0500000C,misc,,00000012.pro,-1,,0
958,,207792,0,3580,27888,88,139,0,50331841,0x030000C1,wall,,00000193.pro,-1,,0
959,,207880,0,3581,27889,89,139,0,33554567,0x02000087,scenery,generic,00000136.pro,-1,,0
960,,207968,0,3599,27912,112,139,0,50331879,0x030000E7,wall,,00000231.pro,-1,,0
961,,208056,0,3602,27916,116,139,0,83886092,0x0500000C,misc,,00000012.pro,-1,,0
962,,208144,0,3603,27917,117,139,0,83886092,0x0500000C,misc,,00000012.pro,-1,,0
963,,208232,0,3605,27918,118,139,0,83886092,0x0500000C,misc,,00000012.pro,-1,,0
964,,208320,0,3606,27919,119,139,0,83886092,0x0500000C,misc,,00000012.pro,-1,,0
965,,208408,0,3625,28087,87,140,0,83886092,0x0500000C,misc,,00000012.pro,-1,,0
966,,208496,0,3628,28088,88,140,0,50332298,0x0300028A,wall,,00000650.pro,-1,,0
967,,208584,0,3629,28089,89,140,0,50332270,0x0300026E,wall,,00000622.pro,-1,,0
968,,208672,0,3630,28090,90,140,0,50332270,0x0300026E,wall,,00000622.pro,-1,,0
969,,208760,0,3635,28112,112,140,0,50331881,0x030000E9,wall,,00000233.pro,-1,,0
970,,208848,0,3636,28114,114,140,0,83886092,0x0500000C,misc,,00000012.pro,-1,,0
971,,208936,0,3637,28115,115,140,0,83886092,0x0500000C,misc,,00000012.pro,-1,,0
972,,209024,0,3638,28116,116,140,0,83886092,0x0500000C,misc,,00000012.pro,-1,,0
973,,209112,0,3639,28117,117,140,0,83886092,0x0500000C,misc,,00000012.pro,-1,,0
974,,209200,0,3670,28287,87,141,0,83886092,0x0500000C,misc,,00000012.pro,-1,,0
975,,209288,0,3673,28288,88,141,0,50332269,0x0300026D,wall,,00000621.pro,-1,,0
976,,209376,0,3674,28288,88,141,0,83886092,0x0500000C,misc,,00000012.pro,-1,,0
977,,209464,0,3676,28289,89,141,0,50332270,0x0300026E,wall,,00000622.pro,-1,,0
978,,209552,0,3677,28290,90,141,0,50331874,0x030000E2,wall,,00000226.pro,-1,,0
979,,209640,0,3679,28291,91,141,0,50331877,0x030000E5,wall,,00000229.pro,-1,,0
980,,209728,0,3681,28292,92,141,0,50332270,0x0300026E,wall,,00000622.pro,-1,,0
981,,209816,0,3684,28300,100,141,0,50332300,0x0300028C,wall,,00000652.pro,-1,,0
982,,209904,0,3685,28301,101,141,0,50331877,0x030000E5,wall,,00000229.pro,-1,,0
983,,209992,0,3686,28302,102,141,0,50331874,0x030000E2,wall,,00000226.pro,-1,,0
984,,210080,0,3687,28303,103,141,0,50331875,0x030000E3,wall,,00000227.pro,-1,,0
985,,210168,0,3688,28304,104,141,0,50331872,0x030000E0,wall,,00000224.pro,-1,,0
986,,210256,0,3689,28305,105,141,0,50331873,0x030000E1,wall,,00000225.pro,-1,,0
987,,210344,0,3690,28306,106,141,0,50331876,0x030000E4,wall,,00000228.pro,-1,,0
988,,210432,0,3691,28307,107,141,0,50331875,0x030000E3,wall,,00000227.pro,-1,,0
989,,210520,0,3692,28308,108,141,0,50331874,0x030000E2,wall,,00000226.pro,-1,,0
990,,210608,0,3693,28309,109,141,0,50331873,0x030000E1,wall,,00000225.pro,-1,,0
991,,210696,0,3694,28310,110,141,0,50331872,0x030000E0,wall,,00000224.pro,-1,,0
992,,210784,0,3695,28311,111,141,0,50331877,0x030000E5,wall,,00000229.pro,-1,,0
993,,210872,0,3696,28312,112,141,0,83886092,0x0500000C,misc,,00000012.pro,-1,,0
994,,210960,0,3697,28312,112,141,0,50332301,0x0300028D,wall,,00000653.pro,-1,,0
995,,211048,0,3698,28313,113,141,0,83886092,0x0500000C,misc,,00000012.pro,-1,,0
996,,211136,0,3699,28314,114,141,0,83886092,0x0500000C,misc,,00000012.pro,-1,,0
997,,211224,0,3700,28315,115,141,0,83886092,0x0500000C,misc,,00000012.pro,-1,,0
998,,211312,0,3721,28488,88,142,0,83886092,0x0500000C,misc,,00000012.pro,-1,,0
999,,211400,0,3726,28491,91,142,0,50332269,0x0300026D,wall,,00000621.pro,-1,,0
1000,,211488,0,3728,28492,92,142,0,50332297,0x03000289,wall,,00000649.pro,-1,,0
1001,,211576,0,3729,28500,100,142,0,50332269,0x0300026D,wall,,00000621.pro,-1,,0
1002,,211664,0,3730,28501,101,142,0,50332270,0x0300026E,wall,,00000622.pro,-1,,0
1003,,211752,0,3731,28503,103,142,0,50332270,0x0300026E,wall,,00000622.pro,-1,,0
1004,,211840,0,3732,28505,105,142,0,50332270,0x0300026E,wall,,00000622.pro,-1,,0
1005,,211928,0,3733,28507,107,142,0,50332270,0x0300026E,wall,,00000622.pro,-1,,0
1006,,212016,0,3734,28509,109,142,0,50332270,0x0300026E,wall,,00000622.pro,-1,,0
1007,,212104,0,3735,28510,110,142,0,83886092,0x0500000C,misc,,00000012.pro,-1,,0
1008,,212192,0,3736,28511,111,142,0,83886092,0x0500000C,misc,,00000012.pro,-1,,0
1009,,212280,0,3737,28511,111,142,0,50332270,0x0300026E,wall,,00000622.pro,-1,,0
1010,,212368,0,3738,28512,112,142,0,83886092,0x0500000C,misc,,00000012.pro,-1,,0
1011,,212456,0,3739,28513,113,142,0,83886092,0x0500000C,misc,,00000012.pro,-1,,0
1012,,212544,0,3761,28689,89,143,0,83886092,0x0500000C,misc,,00000012.pro,-1,,0
1013,,212632,0,3764,28692,92,143,0,50331837,0x030000BD,wall,,00000189.pro,-1,,0
1014,,212720,0,3765,28700,100,143,0,50331878,0x030000E6,wall,,00000230.pro,-1,,0
1015,,212808,0,3766,28708,108,143,0,83886092,0x0500000C,misc,,00000012.pro,-1,,0
1016,,212896,0,3767,28709,109,143,0,83886092,0x0500000C,misc,,00000012.pro,-1,,0
1017,,212984,0,3768,28710,110,143,0,83886092,0x0500000C,misc,,00000012.pro,-1,,0
1018,,213072,0,3769,28711,111,143,0,83886092,0x0500000C,misc,,00000012.pro,-1,,0
1019,,213160,0,3779,28889,89,144,0,83886092,0x0500000C,misc,,00000012.pro,-1,,0
1020,,213248,0,3781,28890,90,144,0,83886092,0x0500000C,misc,,00000012.pro,-1,,0
1021,,213336,0,3783,28892,92,144,0,50332298,0x0300028A,wall,,00000650.pro,-1,,0
1022,,213424,0,3784,28900,100,144,0,50331881,0x030000E9,wall,,00000233.pro,-1,,0
1023,,213512,0,3785,28906,106,144,0,83886092,0x0500000C,misc,,00000012.pro,-1,,0
1024,,213600,0,3786,28907,107,144,0,83886092,0x0500000C,misc,,00000012.pro,-1,,0
1025,,213688,0,3787,28908,108,144,0,83886092,0x0500000C,misc,,00000012.pro,-1,,0
1026,,213776,0,3788,28909,109,144,0,83886092,0x0500000C,misc,,00000012.pro,-1,,0
1027,,213864,0,3799,29090,90,145,0,83886092,0x0500000C,misc,,00000012.pro,-1,,0
1028,,213952,0,3801,29092,92,145,0,50332269,0x0300026D,wall,,00000621.pro,-1,,0
1029,,214040,0,3802,29093,93,145,0,50332270,0x0300026E,wall,,00000622.pro,-1,,0
1030,,214128,0,3803,29094,94,145,0,50331872,0x030000E0,wall,,00000224.pro,-1,,0
1031,,214216,0,3804,29095,95,145,0,50331873,0x030000E1,wall,,00000225.pro,-1,,0
1032,,214304,0,3805,29096,96,145,0,50331874,0x030000E2,wall,,00000226.pro,-1,,0
1033,,214392,0,3806,29097,97,145,0,50331875,0x030000E3,wall,,00000227.pro,-1,,0
1034,,214480,0,3807,29098,98,145,0,50331876,0x030000E4,wall,,00000228.pro,-1,,0
1035,,214568,0,3808,29099,99,145,0,50331877,0x030000E5,wall,,00000229.pro,-1,,0
1036,,214656,0,3809,29100,100,145,0,50332301,0x0300028D,wall,,00000653.pro,-1,,0
1037,,214744,0,3810,29104,104,145,0,83886092,0x0500000C,misc,,00000012.pro,-1,,0
1038,,214832,0,3811,29105,105,145,0,83886092,0x0500000C,misc,,00000012.pro,-1,,0
1039,,214920,0,3812,29106,106,145,0,83886092,0x0500000C,misc,,00000012.pro,-1,,0
1040,,215008,0,3813,29107,107,145,0,83886092,0x0500000C,misc,,00000012.pro,-1,,0
1041,,215096,0,3823,29291,91,146,0,83886092,0x0500000C,misc,,00000012.pro,-1,,0
1042,,215184,0,3825,29293,93,146,0,50332269,0x0300026D,wall,,00000621.pro,-1,,0
1043,,215272,0,3826,29295,95,146,0,50332270,0x0300026E,wall,,00000622.pro,-1,,0
1044,,215360,0,3827,29297,97,146,0,50332270,0x0300026E,wall,,00000622.pro,-1,,0
1045,,215448,0,3828,29299,99,146,0,50332270,0x0300026E,wall,,00000622.pro,-1,,0
1046,,215536,0,3829,29302,102,146,0,83886092,0x0500000C,misc,,00000012.pro,-1,,0
1047,,215624,0,3830,29303,103,146,0,83886092,0x0500000C,misc,,00000012.pro,-1,,0
1048,,215712,0,3831,29304,104,146,0,83886092,0x0500000C,misc,,00000012.pro,-1,,0
1049,,215800,0,3832,29305,105,146,0,83886092,0x0500000C,misc,,00000012.pro,-1,,0
1050,,215888,0,3842,29491,91,147,0,83886092,0x0500000C,misc,,00000012.pro,-1,,0
1051,,215976,0,3844,29492,92,147,0,83886092,0x0500000C,misc,,00000012.pro,-1,,0
1052,,216064,0,3846,29500,100,147,0,83886092,0x0500000C,misc,,00000012.pro,-1,,0
1053,,216152,0,3847,29501,101,147,0,83886092,0x0500000C,misc,,00000012.pro,-1,,0
1054,,216240,0,3848,29502,102,147,0,83886092,0x0500000C,misc,,00000012.pro,-1,,0
1055,,216328,0,3849,29503,103,147,0,83886092,0x0500000C,misc,,00000012.pro,-1,,0
1056,,216416,0,3860,29692,92,148,0,83886092,0x0500000C,misc,,00000012.pro,-1,,0
1057,,216504,0,3862,29698,98,148,0,83886092,0x0500000C,misc,,00000012.pro,-1,,0
1058,,216592,0,3863,29699,99,148,0,83886092,0x0500000C,misc,,00000012.pro,-1,,0
1059,,216680,0,3864,29700,100,148,0,83886092,0x0500000C,misc,,00000012.pro,-1,,0
1060,,216768,0,3865,29701,101,148,0,83886092,0x0500000C,misc,,00000012.pro,-1,,0
1061,,216856,0,3875,29893,93,149,0,83886092,0x0500000C,misc,,00000012.pro,-1,,0
1062,,216944,0,3877,29896,96,149,0,83886092,0x0500000C,misc,,00000012.pro,-1,,0
1063,,217032,0,3878,29897,97,149,0,83886092,0x0500000C,misc,,00000012.pro,-1,,0
1064,,217120,0,3879,29898,98,149,0,83886092,0x0500000C,misc,,00000012.pro,-1,,0
1065,,217208,0,3880,29899,99,149,0,83886092,0x0500000C,misc,,00000012.pro,-1,,0
1066,,217296,0,3890,30093,93,150,0,83886092,0x0500000C,misc,,00000012.pro,-1,,0
1067,,217384,0,3892,30094,94,150,0,83886092,0x0500000C,misc,,00000012.pro,-1,,0
1068,,217472,0,3894,30095,95,150,0,83886092,0x0500000C,misc,,00000012.pro,-1,,0
1069,,217560,0,3895,30096,96,150,0,83886092,0x0500000C,misc,,00000012.pro,-1,,0
1070,,217648,0,3896,30097,97,150,0,83886092,0x0500000C,misc,,00000012.pro,-1,,0
1071,,217736,0,3907,30294,94,151,0,83886092,0x0500000C,misc,,00000012.pro,-1,,0
1072,,217824,0,3909,30295,95,151,0,83886092,0x0500000C,misc,,00000012.pro,-1,,0
1073,,217916,1,286,13522,122,67,0,83886092,0x0500000C,misc,,00000012.pro,-1,,0
1074,,218004,1,304,13720,120,68,0,83886092,0x0500000C,misc,,00000012.pro,-1,,0
1075,,218092,1,305,13721,121,68,0,83886092,0x0500000C,misc,,00000012.pro,-1,,0
1076,,218180,1,306,13722,122,68,0,83886092,0x0500000C,misc,,00000012.pro,-1,,0
1077,,218268,1,343,13918,118,69,0,83886092,0x0500000C,misc,,00000012.pro,-1,,0
1078,,218356,1,344,13919,119,69,0,83886092,0x0500000C,misc,,00000012.pro,-1,,0
1079,,218444,1,345,13920,120,69,0,83886092,0x0500000C,misc,,00000012.pro,-1,,0
1080,,218532,1,346,13921,121,69,0,83886092,0x0500000C,misc,,00000012.pro,-1,,0
1081,,218620,1,347,13923,123,69,0,83886092,0x0500000C,misc,,00000012.pro,-1,,0
1082,,218708,1,378,14116,116,70,0,83886092,0x0500000C,misc,,00000012.pro,-1,,0
1083,,218796,1,379,14117,117,70,0,83886092,0x0500000C,misc,,00000012.pro,-1,,0
1084,,218884,1,380,14118,118,70,0,83886092,0x0500000C,misc,,00000012.pro,-1,,0
1085,,218972,1,381,14119,119,70,0,83886092,0x0500000C,misc,,00000012.pro,-1,,0
1086,,219060,1,382,14123,123,70,0,83886092,0x0500000C,misc,,00000012.pro,-1,,0
1087,,219148,1,383,14124,124,70,0,83886092,0x0500000C,misc,,00000012.pro,-1,,0
1088,,219236,1,408,14314,114,71,0,83886092,0x0500000C,misc,,00000012.pro,-1,,0
1089,,219324,1,409,14315,115,71,0,83886092,0x0500000C,misc,,00000012.pro,-1,,0
1090,,219412,1,410,14316,116,71,0,83886092,0x0500000C,misc,,00000012.pro,-1,,0
1091,,219500,1,411,14317,117,71,0,83886092,0x0500000C,misc,,00000012.pro,-1,,0
1092,,219588,1,412,14324,124,71,0,83886092,0x0500000C,misc,,00000012.pro,-1,,0
1093,,219676,1,427,14512,112,72,0,83886092,0x0500000C,misc,,00000012.pro,-1,,0
1094,,219764,1,430,14513,113,72,0,83886092,0x0500000C,misc,,00000012.pro,-1,,0
1095,,219852,1,432,14514,114,72,0,83886092,0x0500000C,misc,,00000012.pro,-1,,0
1096,,219940,1,433,14515,115,72,0,83886092,0x0500000C,misc,,00000012.pro,-1,,0
1097,,220028,1,434,14525,125,72,0,83886092,0x0500000C,misc,,00000012.pro,-1,,0
1098,,220116,1,450,14710,110,73,0,83886092,0x0500000C,misc,,00000012.pro,-1,,0
1099,,220204,1,451,14711,111,73,0,83886092,0x0500000C,misc,,00000012.pro,-1,,0
1100,,220292,1,453,14712,112,73,0,83886092,0x0500000C,misc,,00000012.pro,-1,,0
1101,,220380,1,455,14713,113,73,0,83886092,0x0500000C,misc,,00000012.pro,-1,,0
1102,,220468,1,457,14725,125,73,0,83886092,0x0500000C,misc,,00000012.pro,-1,,0
1103,,220556,1,458,14726,126,73,0,83886092,0x0500000C,misc,,00000012.pro,-1,,0
1104,,220644,1,471,14908,108,74,0,83886092,0x0500000C,misc,,00000012.pro,-1,,0
1105,,220732,1,472,14909,109,74,0,83886092,0x0500000C,misc,,00000012.pro,-1,,0
1106,,220820,1,473,14910,110,74,0,83886092,0x0500000C,misc,,00000012.pro,-1,,0
1107,,220908,1,474,14911,111,74,0,83886092,0x0500000C,misc,,00000012.pro,-1,,0
1108,,220996,1,478,14926,126,74,0,83886092,0x0500000C,misc,,00000012.pro,-1,,0
1109,,221084,1,492,15106,106,75,0,83886092,0x0500000C,misc,,00000012.pro,-1,,0
1110,,221172,1,493,15107,107,75,0,83886092,0x0500000C,misc,,00000012.pro,-1,,0
1111,,221260,1,494,15108,108,75,0,83886092,0x0500000C,misc,,00000012.pro,-1,,0
1112,,221348,1,495,15109,109,75,0,83886092,0x0500000C,misc,,00000012.pro,-1,,0
1113,,221436,1,500,15127,127,75,0,83886092,0x0500000C,misc,,00000012.pro,-1,,0
1114,,221524,1,513,15304,104,76,0,83886092,0x0500000C,misc,,00000012.pro,-1,,0
1115,,221612,1,514,15305,105,76,0,83886092,0x0500000C,misc,,00000012.pro,-1,,0
1116,,221700,1,515,15306,106,76,0,83886092,0x0500000C,misc,,00000012.pro,-1,,0
1117,,221788,1,516,15307,107,76,0,83886092,0x0500000C,misc,,00000012.pro,-1,,0
1118,,221876,1,520,15327,127,76,0,83886092,0x0500000C,misc,,00000012.pro,-1,,0
1119,,221964,1,521,15328,128,76,0,83886092,0x0500000C,misc,,00000012.pro,-1,,0
1120,,222052,1,532,15502,102,77,0,83886092,0x0500000C,misc,,00000012.pro,-1,,0
1121,,222140,1,533,15503,103,77,0,83886092,0x0500000C,misc,,00000012.pro,-1,,0
1122,,222228,1,534,15504,104,77,0,83886092,0x0500000C,misc,,00000012.pro,-1,,0
1123,,222316,1,535,15505,105,77,0,83886092,0x0500000C,misc,,00000012.pro,-1,,0
1124,,222404,1,539,15528,128,77,0,83886092,0x0500000C,misc,,00000012.pro,-1,,0
1125,,222492,1,551,15700,100,78,0,83886092,0x0500000C,misc,,00000012.pro,-1,,0
1126,,222580,1,552,15701,101,78,0,83886092,0x0500000C,misc,,00000012.pro,-1,,0
1127,,222668,1,553,15702,102,78,0,83886092,0x0500000C,misc,,00000012.pro,-1,,0
1128,,222756,1,554,15703,103,78,0,83886092,0x0500000C,misc,,00000012.pro,-1,,0
1129,,222844,1,559,15729,129,78,0,83886092,0x0500000C,misc,,00000012.pro,-1,,0
1130,,222932,1,581,15898,98,79,0,83886092,0x0500000C,misc,,00000012.pro,-1,,0
1131,,223020,1,583,15899,99,79,0,83886092,0x0500000C,misc,,00000012.pro,-1,,0
1132,,223108,1,585,15900,100,79,0,83886092,0x0500000C,misc,,00000012.pro,-1,,0
1133,,223196,1,587,15901,101,79,0,83886092,0x0500000C,misc,,00000012.pro,-1,,0
1134,,223284,1,610,15929,129,79,0,83886092,0x0500000C,misc,,00000012.pro,-1,,0
1135,,223372,1,611,15930,130,79,0,83886092,0x0500000C,misc,,00000012.pro,-1,,0
1136,,223460,1,625,16096,96,80,0,83886092,0x0500000C,misc,,00000012.pro,-1,,0
1137,,223548,1,627,16097,97,80,0,83886092,0x0500000C,misc,,00000012.pro,-1,,0
1138,,223636,1,628,16098,98,80,0,83886092,0x0500000C,misc,,00000012.pro,-1,,0
1139,,223724,1,630,16099,99,80,0,83886092,0x0500000C,misc,,00000012.pro,-1,,0
1140,,223812,1,646,16130,130,80,0,83886092,0x0500000C,misc,,00000012.pro,-1,,0
1141,,223900,1,673,16294,94,81,0,83886092,0x0500000C,misc,,00000012.pro,-1,,0
1142,,223988,1,674,16295,95,81,0,83886092,0x0500000C,misc,,00000012.pro,-1,,0
1143,,224076,1,675,16296,96,81,0,83886092,0x0500000C,misc,,00000012.pro,-1,,0
1144,,224164,1,676,16297,97,81,0,83886092,0x0500000C,misc,,00000012.pro,-1,,0
1145,,224252,1,689,16331,131,81,0,83886092,0x0500000C,misc,,00000012.pro,-1,,0
1146,,224340,1,708,16492,92,82,0,83886092,0x0500000C,misc,,00000012.pro,-1,,0
1147,,224428,1,709,16493,93,82,0,83886092,0x0500000C,misc,,00000012.pro,-1,,0
1148,,224516,1,710,16494,94,82,0,83886092,0x0500000C,misc,,00000012.pro,-1,,0
1149,,224604,1,711,16495,95,82,0,83886092,0x0500000C,misc,,00000012.pro,-1,,0
1150,,224692,1,717,16531,131,82,0,83886092,0x0500000C,misc,,00000012.pro,-1,,0
1151,,224780,1,718,16532,132,82,0,83886092,0x0500000C,misc,,00000012.pro,-1,,0
1152,,224868,1,733,16690,90,83,0,83886092,0x0500000C,misc,,00000012.pro,-1,,0
1153,,224956,1,734,16691,91,83,0,83886092,0x0500000C,misc,,00000012.pro,-1,,0
1154,,225044,1,736,16692,92,83,0,83886092,0x0500000C,misc,,00000012.pro,-1,,0
1155,,225132,1,737,16693,93,83,0,83886092,0x0500000C,misc,,00000012.pro,-1,,0
1156,,225220,1,746,16732,132,83,0,83886092,0x0500000C,misc,,00000012.pro,-1,,0
1157,,225308,1,754,16888,88,84,0,83886092,0x0500000C,misc,,00000012.pro,-1,,0
1158,,225396,1,755,16889,89,84,0,83886092,0x0500000C,misc,,00000012.pro,-1,,0
1159,,225484,1,756,16890,90,84,0,83886092,0x0500000C,misc,,00000012.pro,-1,,0
1160,,225572,1,757,16891,91,84,0,83886092,0x0500000C,misc,,00000012.pro,-1,,0
1161,,225660,1,768,16933,133,84,0,83886092,0x0500000C,misc,,00000012.pro,-1,,0
1162,,225748,1,778,17086,86,85,0,83886092,0x0500000C,misc,,00000012.pro,-1,,0
1163,,225836,1,780,17087,87,85,0,83886092,0x0500000C,misc,,00000012.pro,-1,,0
1164,,225924,1,782,17088,88,85,0,83886092,0x0500000C,misc,,00000012.pro,-1,,0
1165,,226012,1,784,17089,89,85,0,83886092,0x0500000C,misc,,00000012.pro,-1,,0
1166,,226100,1,833,17133,133,85,0,83886092,0x0500000C,misc,,00000012.pro,-1,,0
1167,,226188,1,835,17134,134,85,0,83886092,0x0500000C,misc,,00000012.pro,-1,,0
1168,,226276,1,854,17284,84,86,0,83886092,0x0500000C,misc,,00000012.pro,-1,,0
1169,,226364,1,856,17285,85,86,0,83886092,0x0500000C,misc,,00000012.pro,-1,,0
1170,,226452,1,858,17286,86,86,0,83886092,0x0500000C,misc,,00000012.pro,-1,,0
1171,,226540,1,859,17287,87,86,0,83886092,0x0500000C,misc,,00000012.pro,-1,,0
1172,,226628,1,900,17334,134,86,0,83886092,0x0500000C,misc,,00000012.pro,-1,,0
1173,,226716,1,923,17482,82,87,0,83886092,0x0500000C,misc,,00000012.pro,-1,,0
1174,,226804,1,924,17483,83,87,0,83886092,0x0500000C,misc,,00000012.pro,-1,,0
1175,,226892,1,925,17484,84,87,0,83886092,0x0500000C,misc,,00000012.pro,-1,,0
1176,,226980,1,927,17485,85,87,0,83886092,0x0500000C,misc,,00000012.pro,-1,,0
1177,,227068,1,928,17486,86,87,0,50332347,0x030002BB,wall,,00000699.pro,-1,,0
1178,,227156,1,929,17487,87,87,0,50332318,0x0300029E,wall,,00000670.pro,-1,,0
1179,,227244,1,930,17488,88,87,0,50332314,0x0300029A,wall,,00000666.pro,-1,,0
1180,,227332,1,931,17489,89,87,0,50332318,0x0300029E,wall,,00000670.pro,-1,,0
1181,,227420,1,932,17490,90,87,0,50332314,0x0300029A,wall,,00000666.pro,-1,,0
1182,,227508,1,933,17491,91,87,0,50332316,0x0300029C,wall,,00000668.pro,-1,,0
1183,,227596,1,935,17492,92,87,0,50332315,0x0300029B,wall,,00000667.pro,-1,,0
1184,,227684,1,936,17493,93,87,0,50332370,0x030002D2,wall,,00000722.pro,-1,,0
1185,,227772,1,938,17494,94,87,0,50332369,0x030002D1,wall,,00000721.pro,-1,,0
1186,,227860,1,939,17495,95,87,0,50332316,0x0300029C,wall,,00000668.pro,-1,,0
1187,,227948,1,940,17496,96,87,0,50332315,0x0300029B,wall,,00000667.pro,-1,,0
1188,,228036,1,941,17497,97,87,0,50332318,0x0300029E,wall,,00000670.pro,-1,,0
1189,,228124,1,942,17498,98,87,0,50332364,0x030002CC,wall,,00000716.pro,-1,,0
1190,,228212,1,944,17499,99,87,0,50332318,0x0300029E,wall,,00000670.pro,-1,,0
1191,,228300,1,947,17500,100,87,0,50332314,0x0300029A,wall,,00000666.pro,-1,,0
1192,,228388,1,950,17501,101,87,0,50332318,0x0300029E,wall,,00000670.pro,-1,,0
1193,,228476,1,952,17502,102,87,0,50332314,0x0300029A,wall,,00000666.pro,-1,,0
1194,,228564,1,953,17503,103,87,0,50332316,0x0300029C,wall,,00000668.pro,-1,,0
1195,,228652,1,954,17504,104,87,0,50332315,0x0300029B,wall,,00000667.pro,-1,,0
1196,,228740,1,956,17505,105,87,0,50332316,0x0300029C,wall,,00000668.pro,-1,,0
1197,,228828,1,957,17506,106,87,0,50332315,0x0300029B,wall,,00000667.pro,-1,,0
1198,,228916,1,958,17507,107,87,0,50332316,0x0300029C,wall,,00000668.pro,-1,,0
1199,,229004,1,959,17508,108,87,0,50332315,0x0300029B,wall,,00000667.pro,-1,,0
1200,,229092,1,960,17509,109,87,0,50332318,0x0300029E,wall,,00000670.pro,-1,,0
1201,,229180,1,961,17510,110,87,0,50332364,0x030002CC,wall,,00000716.pro,-1,,0
1202,,229268,1,962,17511,111,87,0,50332318,0x0300029E,wall,,00000670.pro,-1,,0
1203,,229356,1,963,17512,112,87,0,50332314,0x0300029A,wall,,00000666.pro,-1,,0
1204,,229444,1,964,17513,113,87,0,50332318,0x0300029E,wall,,00000670.pro,-1,,0
1205,,229532,1,965,17514,114,87,0,50332373,0x030002D5,wall,,00000725.pro,-1,,0
1206,,229620,1,967,17515,115,87,0,50332316,0x0300029C,wall,,00000668.pro,-1,,0
1207,,229708,1,968,17516,116,87,0,50332315,0x0300029B,wall,,00000667.pro,-1,,0
1208,,229796,1,969,17517,117,87,0,50332316,0x0300029C,wall,,00000668.pro,-1,,0
1209,,229884,1,971,17518,118,87,0,50332315,0x0300029B,wall,,00000667.pro,-1,,0
1210,,229972,1,972,17519,119,87,0,50332316,0x0300029C,wall,,00000668.pro,-1,,0
1211,,230060,1,974,17520,120,87,0,50332315,0x0300029B,wall,,00000667.pro,-1,,0
1212,,230148,1,975,17521,121,87,0,50332318,0x0300029E,wall,,00000670.pro,-1,,0
1213,,230236,1,976,17522,122,87,0,50332364,0x030002CC,wall,,00000716.pro,-1,,0
1214,,230324,1,978,17523,123,87,0,50332318,0x0300029E,wall,,00000670.pro,-1,,0
1215,,230412,1,981,17524,124,87,0,50332314,0x0300029A,wall,,00000666.pro,-1,,0
1216,,230500,1,982,17525,125,87,0,50332318,0x0300029E,wall,,00000670.pro,-1,,0
1217,,230588,1,983,17526,126,87,0,50332314,0x0300029A,wall,,00000666.pro,-1,,0
1218,,230676,1,984,17526,126,87,0,138,0x0000008A,item,container,00000138.pro,-1,,1
1218/inventory/0,2,230768,1,985,-1,,,0,109,0x0000006D,item,drug,00000109.pro,-1,,0
1219,,230856,1,986,17527,127,87,0,50332316,0x0300029C,wall,,00000668.pro,-1,,0
1220,,230944,1,987,17528,128,87,0,50332315,0x0300029B,wall,,00000667.pro,-1,,0
1221,,231032,1,989,17529,129,87,0,50332316,0x0300029C,wall,,00000668.pro,-1,,0
1222,,231120,1,991,17530,130,87,0,50332315,0x0300029B,wall,,00000667.pro,-1,,0
1223,,231208,1,992,17531,131,87,0,50332316,0x0300029C,wall,,00000668.pro,-1,,0
1224,,231296,1,993,17532,132,87,0,50332315,0x0300029B,wall,,00000667.pro,-1,,0
1225,,231384,1,995,17533,133,87,0,50332318,0x0300029E,wall,,00000670.pro,-1,,0
1226,,231472,1,996,17534,134,87,0,50332346,0x030002BA,wall,,00000698.pro,-1,,0
1227,,231560,1,997,17535,135,87,0,83886092,0x0500000C,misc,,00000012.pro,-1,,0
1228,,231648,1,998,17535,135,87,0,50332270,0x0300026E,wall,,00000622.pro,-1,,0
1229,,231736,1,1010,17680,80,88,0,83886092,0x0500000C,misc,,00000012.pro,-1,,0
1230,,231824,1,1011,17681,81,88,0,83886092,0x0500000C,misc,,00000012.pro,-1,,0
1231,,231912,1,1012,17682,82,88,0,83886092,0x0500000C,misc,,00000012.pro,-1,,0
1232,,232000,1,1013,17683,83,88,0,83886092,0x0500000C,misc,,00000012.pro,-1,,0
1233,,232088,1,1015,17686,86,88,0,50332270,0x0300026E,wall,,00000622.pro,-1,,0
1234,,232176,1,1016,17687,87,88,0,50332270,0x0300026E,wall,,00000622.pro,-1,,0
1235,,232264,1,1017,17689,89,88,0,50332270,0x0300026E,wall,,00000622.pro,-1,,0
1236,,232352,1,1018,17691,91,88,0,50332270,0x0300026E,wall,,00000622.pro,-1,,0
1237,,232440,1,1020,17693,93,88,0,50332270,0x0300026E,wall,,00000622.pro,-1,,0
1238,,232528,1,1022,17695,95,88,0,50332270,0x0300026E,wall,,00000622.pro,-1,,0
1239,,232616,1,1023,17697,97,88,0,50332270,0x0300026E,wall,,00000622.pro,-1,,0
1240,,232704,1,1025,17698,98,88,0,50332269,0x0300026D,wall,,00000621.pro,-1,,0
1241,,232792,1,1026,17699,99,88,0,50332270,0x0300026E,wall,,00000622.pro,-1,,0
1242,,232880,1,1030,17701,101,88,0,50332270,0x0300026E,wall,,00000622.pro,-1,,0
1243,,232968,1,1032,17703,103,88,0,50332270,0x0300026E,wall,,00000622.pro,-1,,0
1244,,233056,1,1034,17705,105,88,0,50332270,0x0300026E,wall,,00000622.pro,-1,,0
1245,,233144,1,1035,17707,107,88,0,50332270,0x0300026E,wall,,00000622.pro,-1,,0
1246,,233232,1,1036,17709,109,88,0,50332270,0x0300026E,wall,,00000622.pro,-1,,0
1247,,233320,1,1037,17710,110,88,0,50332269,0x0300026D,wall,,00000621.pro,-1,,0
1248,,233408,1,1038,17711,111,88,0,50332270,0x0300026E,wall,,00000622.pro,-1,,0
1249,,233496,1,1039,17713,113,88,0,50332270,0x0300026E,wall,,00000622.pro,-1,,0
1250,,233584,1,1041,17715,115,88,0,50332270,0x0300026E,wall,,00000622.pro,-1,,0
1251,,233672,1,1044,17717,117,88,0,50332270,0x0300026E,wall,,00000622.pro,-1,,0
1252,,233760,1,1045,17719,119,88,0,50332270,0x0300026E,wall,,00000622.pro,-1,,0
1253,,233848,1,1047,17721,121,88,0,50332270,0x0300026E,wall,,00000622.pro,-1,,0
1254,,233936,1,1048,17722,122,88,0,50332269,0x0300026D,wall,,00000621.pro,-1,,0
1255,,234024,1,1049,17723,123,88,0,50332270,0x0300026E,wall,,00000622.pro,-1,,0
1256,,234112,1,1052,17725,125,88,0,50332270,0x0300026E,wall,,00000622.pro,-1,,0
1257,,234200,1,1053,17727,127,88,0,50332270,0x0300026E,wall,,00000622.pro,-1,,0
1258,,234288,1,1055,17729,129,88,0,50332270,0x0300026E,wall,,00000622.pro,-1,,0
1259,,234376,1,1056,17731,131,88,0,50332270,0x0300026E,wall,,00000622.pro,-1,,0
1260,,234464,1,1057,17733,133,88,0,50332270,0x0300026E,wall,,00000622.pro,-1,,0
1261,,234552,1,1058,17734,134,88,0,50332269,0x0300026D,wall,,00000621.pro,-1,,0
1262,,234640,1,1059,17735,135,88,0,83886092,0x0500000C,misc,,00000012.pro,-1,,0
1263,,234728,1,1060,17735,135,88,0,50332270,0x0300026E,wall,,00000622.pro,-1,,0
1264,,234816,1,1061,17736,136,88,0,83886092,0x0500000C,misc,,00000012.pro,-1,,0
1265,,234904,1,1070,17878,78,89,0,83886092,0x0500000C,misc,,00000012.pro,-1,,0
1266,,234992,1,1071,17879,79,89,0,83886092,0x0500000C,misc,,00000012.pro,-1,,0
1267,,235080,1,1072,17880,80,89,0,83886092,0x0500000C,misc,,00000012.pro,-1,,0
1268,,235168,1,1073,17881,81,89,0,83886092,0x0500000C,misc,,00000012.pro,-1,,0
1269,,235256,1,1075,17886,86,89,0,50332335,0x030002AF,wall,,00000687.pro,-1,,0
1270,,235344,1,1079,17898,98,89,0,50332335,0x030002AF,wall,,00000687.pro,-1,,0
1271,,235432,1,1084,17910,110,89,0,50332335,0x030002AF,wall,,00000687.pro,-1,,0
1272,,235520,1,1088,17922,122,89,0,50332335,0x030002AF,wall,,00000687.pro,-1,,0
1273,,235608,1,1092,17934,134,89,0,50332335,0x030002AF,wall,,00000687.pro,-1,,0
1274,,235696,1,1093,17935,135,89,0,50331880,0x030000E8,wall,,00000232.pro,-1,,0
1275,,235784,1,1094,17936,136,89,0,83886092,0x0500000C,misc,,00000012.pro,-1,,0
1276,,235872,1,1104,18076,76,90,0,83886092,0x0500000C,misc,,00000012.pro,-1,,0
1277,,235960,1,1105,18077,77,90,0,83886092,0x0500000C,misc,,00000012.pro,-1,,0
1278,,236048,1,1106,18078,78,90,0,83886092,0x0500000C,misc,,00000012.pro,-1,,0
1279,,236136,1,1107,18079,79,90,0,83886092,0x0500000C,misc,,00000012.pro,-1,,0
1280,,236224,1,1109,18086,86,90,0,50332333,0x030002AD,wall,,00000685.pro,-1,,0
1281,,236312,1,1111,18087,87,90,0,33554741,0x02000135,scenery,generic,00000310.pro,-1,,0
1282,,236400,1,1114,18090,90,90,0,50332362,0x030002CA,wall,,00000714.pro,-1,,0
1283,,236488,1,1118,18098,98,90,0,50332333,0x030002AD,wall,,00000685.pro,-1,,0
1284,,236576,1,1119,18099,99,90,0,33554741,0x02000135,scenery,generic,00000310.pro,-1,,0
1285,,236664,1,1122,18102,102,90,0,50332362,0x030002CA,wall,,00000714.pro,-1,,0
1286,,236752,1,1124,18110,110,90,0,50332333,0x030002AD,wall,,00000685.pro,-1,,0
1287,,236840,1,1125,18111,111,90,0,33554741,0x02000135,scenery,generic,00000310.pro,-1,,0
1288,,236928,1,1126,18114,114,90,0,50332362,0x030002CA,wall,,00000714.pro,-1,,0
1289,,237016,1,1129,18122,122,90,0,50332333,0x030002AD,wall,,00000685.pro,-1,,0
1290,,237104,1,1130,18123,123,90,0,33554741,0x02000135,scenery,generic,00000310.pro,-1,,0
1291,,237192,1,1133,18126,126,90,0,50332362,0x030002CA,wall,,00000714.pro,-1,,0
1292,,237280,1,1135,18134,134,90,0,50332333,0x030002AD,wall,,00000685.pro,-1,,0
1293,,237368,1,1136,18135,135,90,0,50331881,0x030000E9,wall,,00000233.pro,-1,,0
1294,,237456,1,1137,18137,137,90,0,83886092,0x0500000C,misc,,00000012.pro,-1,,0
1295,,237544,1,1147,18274,74,91,0,83886092,0x0500000C,misc,,00000012.pro,-1,,0
1296,,237632,1,1148,18275,75,91,0,83886092,0x0500000C,misc,,00000012.pro,-1,,0
1297,,237720,1,1149,18276,76,91,0,83886092,0x0500000C,misc,,00000012.pro,-1,,0
1298,,237808,1,1150,18277,77,91,0,83886092,0x0500000C,misc,,00000012.pro,-1,,0
1299,,237896,1,1152,18286,86,91,0,50332335,0x030002AF,wall,,00000687.pro,-1,,0
1300,,237984,1,1157,18290,90,91,0,50332334,0x030002AE,wall,,00000686.pro,-1,,0
1301,,238072,1,1159,18298,98,91,0,50332335,0x030002AF,wall,,00000687.pro,-1,,0
1302,,238160,1,1162,18302,102,91,0,50332334,0x030002AE,wall,,00000686.pro,-1,,0
1303,,238248,1,1164,18310,110,91,0,50332335,0x030002AF,wall,,00000687.pro,-1,,0
1304,,238336,1,1165,18314,114,91,0,50332334,0x030002AE,wall,,00000686.pro,-1,,0
1305,,238424,1,1169,18322,122,91,0,50332335,0x030002AF,wall,,00000687.pro,-1,,0
1306,,238512,1,1171,18326,126,91,0,50332334,0x030002AE,wall,,00000686.pro,-1,,0
1307,,238600,1,1172,18327,127,91,3,16777399,0x010000B7,critter,,00000183.pro,67108878,genghoul.int,0
1308,,238728,1,1174,18329,129,91,2,16777399,0x010000B7,critter,,00000183.pro,67108865,genghoul.int,0
1309,,238856,1,1179,18334,134,91,0,50332335,0x030002AF,wall,,00000687.pro,-1,,0
1310,,238944,1,1181,18335,135,91,0,50331878,0x030000E6,wall,,00000230.pro,-1,,0
1311,,239032,1,1184,18337,137,91,0,83886092,0x0500000C,misc,,00000012.pro,-1,,0
1312,,239120,1,1186,18338,138,91,0,83886092,0x0500000C,misc,,00000012.pro,-1,,0
1313,,239208,1,1201,18472,72,92,0,83886092,0x0500000C,misc,,00000012.pro,-1,,0
1314,,239296,1,1202,18473,73,92,0,83886092,0x0500000C,misc,,00000012.pro,-1,,0
1315,,239384,1,1203,18474,74,92,0,83886092,0x0500000C,misc,,00000012.pro,-1,,0
1316,,239472,1,1204,18475,75,92,0,83886092,0x0500000C,misc,,00000012.pro,-1,,0
1317,,239560,1,1207,18486,86,92,0,50332333,0x030002AD,wall,,00000685.pro,-1,,0
1318,,239648,1,1209,18488,88,92,0,33554776,0x02000158,scenery,generic,00000345.pro,-1,,0
1319,,239736,1,1210,18489,89,92,0,33554776,0x02000158,scenery,generic,00000345.pro,-1,,0
1320,,239824,1,1212,18490,90,92,0,50332333,0x030002AD,wall,,00000685.pro,-1,,0
1321,,239912,1,1217,18498,98,92,0,50332333,0x030002AD,wall,,00000685.pro,-1,,0
1322,,240000,1,1219,18500,100,92,0,33554776,0x02000158,scenery,generic,00000345.pro,-1,,0
1323,,240088,1,1221,18501,101,92,0,33554776,0x02000158,scenery,generic,00000345.pro,-1,,0
1324,,240176,1,1222,18502,102,92,0,50332333,0x030002AD,wall,,00000685.pro,-1,,0
1325,,240264,1,1225,18510,110,92,0,50332333,0x030002AD,wall,,00000685.pro,-1,,0
1326,,240352,1,1226,18512,112,92,0,33554776,0x02000158,scenery,generic,00000345.pro,-1,,0
1327,,240440,1,1228,18513,113,92,0,33554776,0x02000158,scenery,generic,00000345.pro,-1,,0
1328,,240528,1,1230,18514,114,92,0,50332333,0x030002AD,wall,,00000685.pro,-1,,0
1329,,240616,1,1234,18522,122,92,0,50332333,0x030002AD,wall,,00000685.pro,-1,,0
1330,,240704,1,1235,18524,124,92,0,33554776,0x02000158,scenery,generic,00000345.pro,-1,,0
1331,,240792,1,1236,18525,125,92,0,33554776,0x02000158,scenery,generic,00000345.pro,-1,,0
1332,,240880,1,1237,18526,126,92,0,50332333,0x030002AD,wall,,00000685.pro,-1,,0
1333,,240968,1,1242,18534,134,92,0,50332333,0x030002AD,wall,,00000685.pro,-1,,0
1334,,241056,1,1245,18535,135,92,0,50331879,0x030000E7,wall,,00000231.pro,-1,,0
1335,,241144,1,1249,18538,138,92,0,83886092,0x0500000C,misc,,00000012.pro,-1,,0
1336,,241232,1,1267,18670,70,93,0,83886092,0x0500000C,misc,,00000012.pro,-1,,0
1337,,241320,1,1268,18671,71,93,0,83886092,0x0500000C,misc,,00000012.pro,-1,,0
1338,,241408,1,1269,18672,72,93,0,83886092,0x0500000C,misc,,00000012.pro,-1,,0
1339,,241496,1,1270,18673,73,93,0,83886092,0x0500000C,misc,,00000012.pro,-1,,0
1340,,241584,1,1272,18686,86,93,0,50332365,0x030002CD,wall,,00000717.pro,-1,,0
1341,,241672,1,1273,18687,87,93,0,50332318,0x0300029E,wall,,00000670.pro,-1,,0
1342,,241760,1,1274,18688,88,93,0,50332317,0x0300029D,wall,,00000669.pro,-1,,0
1343,,241848,1,1275,18689,89,93,0,50332318,0x0300029E,wall,,00000670.pro,-1,,0
1344,,241936,1,1276,18690,90,93,0,50332367,0x030002CF,wall,,00000719.pro,-1,,0
1345,,242024,1,1283,18698,98,93,0,50332365,0x030002CD,wall,,00000717.pro,-1,,0
1346,,242112,1,1285,18699,99,93,0,50332318,0x0300029E,wall,,00000670.pro,-1,,0
1347,,242200,1,1287,18700,100,93,0,50332317,0x0300029D,wall,,00000669.pro,-1,,0
1348,,242288,1,1290,18701,101,93,0,50332318,0x0300029E,wall,,00000670.pro,-1,,0
1349,,242376,1,1291,18702,102,93,0,50332367,0x030002CF,wall,,00000719.pro,-1,,0
1350,,242464,1,1295,18710,110,93,0,50332365,0x030002CD,wall,,00000717.pro,-1,,0
1351,,242552,1,1296,18711,111,93,0,50332318,0x0300029E,wall,,00000670.pro,-1,,0
1352,,242640,1,1297,18712,112,93,0,50332317,0x0300029D,wall,,00000669.pro,-1,,0
1353,,242728,1,1299,18713,113,93,0,50332318,0x0300029E,wall,,00000670.pro,-1,,0
1354,,242816,1,1301,18714,114,93,0,50332367,0x030002CF,wall,,00000719.pro,-1,,0
1355,,242904,1,1303,18715,115,93,0,33555204,0x02000304,scenery,generic,00000773.pro,-1,,0
1356,,242992,1,1304,18722,122,93,0,50332365,0x030002CD,wall,,00000717.pro,-1,,0
1357,,243080,1,1305,18723,123,93,0,50332318,0x0300029E,wall,,00000670.pro,-1,,0
1358,,243168,1,1306,18724,124,93,0,50332317,0x0300029D,wall,,00000669.pro,-1,,0
1359,,243256,1,1307,18725,125,93,0,50332318,0x0300029E,wall,,00000670.pro,-1,,0
1360,,243344,1,1308,18726,126,93,0,50332367,0x030002CF,wall,,00000719.pro,-1,,0
1361,,243432,1,1311,18728,128,93,0,16777399,0x010000B7,critter,,00000183.pro,67108877,genghoul.int,0
1362,,243560,1,1314,18734,134,93,0,50332335,0x030002AF,wall,,00000687.pro,-1,,0
1363,,243648,1,1315,18735,135,93,0,50331880,0x030000E8,wall,,00000232.pro,-1,,0
1364,,243736,1,1317,18739,139,93,0,83886092,0x0500000C,misc,,00000012.pro,-1,,0
1365,,243824,1,1328,18868,68,94,0,83886092,0x0500000C,misc,,00000012.pro,-1,,0
1366,,243912,1,1329,18869,69,94,0,83886092,0x0500000C,misc,,00000012.pro,-1,,0
1367,,244000,1,1330,18870,70,94,0,83886092,0x0500000C,misc,,00000012.pro,-1,,0
1368,,244088,1,1331,18871,71,94,0,83886092,0x0500000C,misc,,00000012.pro,-1,,0
1369,,244176,1,1333,18886,86,94,0,50332269,0x0300026D,wall,,00000621.pro,-1,,0
1370,,244264,1,1334,18887,87,94,0,50332270,0x0300026E,wall,,00000622.pro,-1,,0
1371,,244352,1,1335,18889,89,94,0,50332270,0x0300026E,wall,,00000622.pro,-1,,0
1372,,244440,1,1336,18890,90,94,0,33555220,0x02000314,scenery,generic,00000789.pro,-1,,0
1373,,244528,1,1337,18890,90,94,0,33555216,0x02000310,scenery,generic,00000785.pro,-1,,0
1374,,244616,1,1339,18891,91,94,0,33554499,0x02000043,scenery,generic,00000068.pro,-1,,0
1375,,244704,1,1342,18892,92,94,0,33554499,0x02000043,scenery,generic,00000068.pro,-1,,0
1376,,244792,1,1345,18898,98,94,0,50332269,0x0300026D,wall,,00000621.pro,-1,,0
1377,,244880,1,1347,18899,99,94,0,50332270,0x0300026E,wall,,00000622.pro,-1,,0
1378,,244968,1,1352,18901,101,94,0,50332270,0x0300026E,wall,,00000622.pro,-1,,0
1379,,245056,1,1353,18902,102,94,0,33555222,0x02000316,scenery,generic,00000791.pro,-1,,0
1380,,245144,1,1354,18902,102,94,0,33555228,0x0200031C,scenery,generic,00000797.pro,-1,,0
1381,,245232,1,1355,18903,103,94,0,33554499,0x02000043,scenery,generic,00000068.pro,-1,,0
1382,,245320,1,1356,18904,104,94,0,33554499,0x02000043,scenery,generic,00000068.pro,-1,,0
1383,,245408,1,1359,18910,110,94,0,50332269,0x0300026D,wall,,00000621.pro,-1,,0
1384,,245496,1,1360,18911,111,94,0,50332270,0x0300026E,wall,,00000622.pro,-1,,0
1385,,245584,1,1362,18913,113,94,0,50332270,0x0300026E,wall,,00000622.pro,-1,,0
1386,,245672,1,1363,18914,114,94,0,33554499,0x02000043,scenery,generic,00000068.pro,-1,,0
1387,,245760,1,1364,18914,114,94,0,33555220,0x02000314,scenery,generic,00000789.pro,-1,,0
1388,,245848,1,1366,18922,122,94,0,50332269,0x0300026D,wall,,00000621.pro,-1,,0
1389,,245936,1,1367,18923,123,94,0,50332270,0x0300026E,wall,,00000622.pro,-1,,0
1390,,246024,1,1368,18925,125,94,0,50332270,0x0300026E,wall,,00000622.pro,-1,,0
1391,,246112,1,1369,18926,126,94,0,33554499,0x02000043,scenery,generic,00000068.pro,-1,,0
1392,,246200,1,1370,18926,126,94,0,33555222,0x02000316,scenery,generic,00000791.pro,-1,,0
1393,,246288,1,1373,18934,134,94,0,50332333,0x030002AD,wall,,00000685.pro,-1,,0
1394,,246376,1,1374,18935,135,94,0,50331881,0x030000E9,wall,,00000233.pro,-1,,0
1395,,246464,1,1375,18939,139,94,0,83886092,0x0500000C,misc,,00000012.pro,-1,,0
1396,,246552,1,1376,18940,140,94,0,83886092,0x0500000C,misc,,00000012.pro,-1,,0
1397,,246640,1,1385,19066,66,95,0,83886092,0x0500000C,misc,,00000012.pro,-1,,0
1398,,246728,1,1386,19067,67,95,0,83886092,0x0500000C,misc,,00000012.pro,-1,,0
1399,,246816,1,1387,19068,68,95,0,83886092,0x0500000C,misc,,00000012.pro,-1,,0
1400,,246904,1,1388,19069,69,95,0,83886092,0x0500000C,misc,,00000012.pro,-1,,0
1401,,246992,1,1391,19086,86,95,0,50332375,0x030002D7,wall,,00000727.pro,-1,,0
1402,,247080,1,1393,19087,87,95,0,33555206,0x02000306,scenery,generic,00000775.pro,-1,,0
1403,,247168,1,1395,19088,88,95,0,33554499,0x02000043,scenery,generic,00000068.pro,-1,,0
1404,,247256,1,1401,19092,92,95,0,33554499,0x02000043,scenery,generic,00000068.pro,-1,,0
1405,,247344,1,1407,19098,98,95,0,50332375,0x030002D7,wall,,00000727.pro,-1,,0
1406,,247432,1,1413,19101,101,95,0,33554499,0x02000043,scenery,generic,00000068.pro,-1,,0
1407,,247520,1,1414,19102,102,95,0,33554499,0x02000043,scenery,generic,00000068.pro,-1,,0
1408,,247608,1,1415,19104,104,95,0,33554499,0x02000043,scenery,generic,00000068.pro,-1,,0
1409,,247696,1,1417,19110,110,95,0,50332375,0x030002D7,wall,,00000727.pro,-1,,0
1410,,247784,1,1419,19114,114,95,0,33554499,0x02000043,scenery,generic,00000068.pro,-1,,0
1411,,247872,1,1424,19122,122,95,0,50332375,0x030002D7,wall,,00000727.pro,-1,,0
1412,,247960,1,1428,19125,125,95,0,33555216,0x02000310,scenery,generic,00000785.pro,-1,,0
1413,,248048,1,1431,19127,127,95,0,33554499,0x02000043,scenery,generic,00000068.pro,-1,,0
1414,,248136,1,1437,19134,134,95,0,50332335,0x030002AF,wall,,00000687.pro,-1,,0
1415,,248224,1,1438,19135,135,95,0,50331878,0x030000E6,wall,,00000230.pro,-1,,0
1416,,248312,1,1439,19140,140,95,0,83886092,0x0500000C,misc,,00000012.pro,-1,,0
1417,,248400,1,1450,19264,64,96,0,83886092,0x0500000C,misc,,00000012.pro,-1,,0
1418,,248488,1,1451,19265,65,96,0,83886092,0x0500000C,misc,,00000012.pro,-1,,0
1419,,248576,1,1452,19266,66,96,0,83886092,0x0500000C,misc,,00000012.pro,-1,,0
1420,,248664,1,1453,19267,67,96,0,83886092,0x0500000C,misc,,00000012.pro,-1,,0
1421,,248752,1,1456,19286,86,96,0,50332374,0x030002D6,wall,,00000726.pro,-1,,0
1422,,248840,1,1457,19288,88,96,0,33554499,0x02000043,scenery,generic,00000068.pro,-1,,0
1423,,248928,1,1458,19290,90,96,0,33554499,0x02000043,scenery,generic,00000068.pro,-1,,0
1424,,249016,1,1459,19292,92,96,0,33554499,0x02000043,scenery,generic,00000068.pro,-1,,0
1425,,249104,1,1462,19298,98,96,0,50332374,0x030002D6,wall,,00000726.pro,-1,,0
1426,,249192,1,1467,19301,101,96,0,33554499,0x02000043,scenery,generic,00000068.pro,-1,,0
1427,,249280,1,1468,19303,103,96,0,33554499,0x02000043,scenery,generic,00000068.pro,-1,,0
1428,,249368,1,1469,19310,110,96,0,50332374,0x030002D6,wall,,00000726.pro,-1,,0
1429,,249456,1,1471,19313,113,96,0,33555219,0x02000313,scenery,generic,00000788.pro,-1,,0
1430,,249544,1,1473,19314,114,96,0,33554499,0x02000043,scenery,generic,00000068.pro,-1,,0
1431,,249632,1,1476,19322,122,96,0,50332374,0x030002D6,wall,,00000726.pro,-1,,0
1432,,249720,1,1483,19327,127,96,0,33554499,0x02000043,scenery,generic,00000068.pro,-1,,0
1433,,249808,1,1489,19334,134,96,0,50332333,0x030002AD,wall,,00000685.pro,-1,,0
1434,,249896,1,1490,19335,135,96,0,50331879,0x030000E7,wall,,00000231.pro,-1,,0
1435,,249984,1,1491,19341,141,96,0,83886092,0x0500000C,misc,,00000012.pro,-1,,0
1436,,250072,1,1502,19462,62,97,0,83886092,0x0500000C,misc,,00000012.pro,-1,,0
1437,,250160,1,1503,19463,63,97,0,83886092,0x0500000C,misc,,00000012.pro,-1,,0
1438,,250248,1,1504,19464,64,97,0,83886092,0x0500000C,misc,,00000012.pro,-1,,0
1439,,250336,1,1505,19465,65,97,0,83886092,0x0500000C,misc,,00000012.pro,-1,,0
1440,,250424,1,1508,19486,86,97,0,50332375,0x030002D7,wall,,00000727.pro,-1,,0
1441,,250512,1,1509,19489,89,97,0,33554499,0x02000043,scenery,generic,00000068.pro,-1,,0
1442,,250600,1,1510,19491,91,97,0,33554499,0x02000043,scenery,generic,00000068.pro,-1,,0
1443,,250688,1,1517,19498,98,97,0,50332375,0x030002D7,wall,,00000727.pro,-1,,0
1444,,250776,1,1520,19510,110,97,0,50332375,0x030002D7,wall,,00000727.pro,-1,,0
1445,,250864,1,1521,19511,111,97,0,33554499,0x02000043,scenery,generic,00000068.pro,-1,,0
1446,,250952,1,1522,19512,112,97,0,33554499,0x02000043,scenery,generic,00000068.pro,-1,,0
1447,,251040,1,1524,19513,113,97,0,33554499,0x02000043,scenery,generic,00000068.pro,-1,,0
1448,,251128,1,1525,19514,114,97,0,33554499,0x02000043,scenery,generic,00000068.pro,-1,,0
1449,,251216,1,1527,19522,122,97,0,50332375,0x030002D7,wall,,00000727.pro,-1,,0
1450,,251304,1,1529,19523,123,97,0,33554499,0x02000043,scenery,generic,00000068.pro,-1,,0
1451,,251392,1,1531,19524,124,97,0,33554499,0x02000043,scenery,generic,00000068.pro,-1,,0
1452,,251480,1,1532,19525,125,97,0,33554499,0x02000043,scenery,generic,00000068.pro,-1,,0
1453,,251568,1,1534,19526,126,97,0,33554499,0x02000043,scenery,generic,00000068.pro,-1,,0
1454,,251656,1,1535,19527,127,97,0,33554499,0x02000043,scenery,generic,00000068.pro,-1,,0
1455,,251744,1,1539,19534,134,97,0,50332335,0x030002AF,wall,,00000687.pro,-1,,0
1456,,251832,1,1540,19535,135,97,0,50331880,0x030000E8,wall,,00000232.pro,-1,,0
1457,,251920,1,1541,19541,141,97,0,83886092,0x0500000C,misc,,00000012.pro,-1,,0
1458,,252008,1,1542,19542,142,97,0,83886092,0x0500000C,misc,,00000012.pro,-1,,0
1459,,252096,1,1551,19660,60,98,0,83886092,0x0500000C,misc,,00000012.pro,-1,,0
1460,,252184,1,1552,19661,61,98,0,83886092,0x0500000C,misc,,00000012.pro,-1,,0
1461,,252272,1,1553,19662,62,98,0,83886092,0x0500000C,misc,,00000012.pro,-1,,0
1462,,252360,1,1554,19663,63,98,0,83886092,0x0500000C,misc,,00000012.pro,-1,,0
1463,,252448,1,1557,19686,86,98,0,50332374,0x030002D6,wall,,00000726.pro,-1,,0
1464,,252536,1,1560,19698,98,98,0,50332374,0x030002D6,wall,,00000726.pro,-1,,0
1465,,252624,1,1563,19710,110,98,0,50332374,0x030002D6,wall,,00000726.pro,-1,,0
1466,,252712,1,1567,19722,122,98,0,50332374,0x030002D6,wall,,00000726.pro,-1,,0
1467,,252800,1,1569,19724,124,98,0,33555239,0x02000327,scenery,generic,00000808.pro,-1,,0
1468,,252888,1,1572,19734,134,98,0,50332333,0x030002AD,wall,,00000685.pro,-1,,0
1469,,252976,1,1573,19735,135,98,0,50331881,0x030000E9,wall,,00000233.pro,-1,,0
1470,,253064,1,1574,19742,142,98,0,83886092,0x0500000C,misc,,00000012.pro,-1,,0
1471,,253152,1,1583,19859,59,99,0,83886092,0x0500000C,misc,,00000012.pro,-1,,0
1472,,253240,1,1585,19860,60,99,0,83886092,0x0500000C,misc,,00000012.pro,-1,,0
1473,,253328,1,1586,19861,61,99,0,83886092,0x0500000C,misc,,00000012.pro,-1,,0
1474,,253416,1,1589,19886,86,99,0,50332332,0x030002AC,wall,,00000684.pro,-1,,0
1475,,253504,1,1596,19898,98,99,0,50332332,0x030002AC,wall,,00000684.pro,-1,,0
1476,,253592,1,1601,19910,110,99,0,50332332,0x030002AC,wall,,00000684.pro,-1,,0
1477,,253680,1,1606,19922,122,99,0,50332332,0x030002AC,wall,,00000684.pro,-1,,0
1478,,253768,1,1615,19934,134,99,0,50332335,0x030002AF,wall,,00000687.pro,-1,,0
1479,,253856,1,1617,19935,135,99,0,50331878,0x030000E6,wall,,00000230.pro,-1,,0
1480,,253944,1,1626,19943,143,99,0,83886092,0x0500000C,misc,,00000012.pro,-1,,0
1481,,254032,1,1637,20060,60,100,0,83886092,0x0500000C,misc,,00000012.pro,-1,,0
1482,,254120,1,1639,20086,86,100,0,50332331,0x030002AB,wall,,00000683.pro,-1,,0
1483,,254208,1,1642,20098,98,100,0,50332331,0x030002AB,wall,,00000683.pro,-1,,0
1484,,254296,1,1646,20110,110,100,0,50332331,0x030002AB,wall,,00000683.pro,-1,,0
1485,,254384,1,1649,20115,115,100,0,33555239,0x02000327,scenery,generic,00000808.pro,-1,,0
1486,,254472,1,1652,20122,122,100,0,50332331,0x030002AB,wall,,00000683.pro,-1,,0
1487,,254560,1,1659,20134,134,100,0,50332333,0x030002AD,wall,,00000685.pro,-1,,0
1488,,254648,1,1662,20135,135,100,0,50331879,0x030000E7,wall,,00000231.pro,-1,,0
1489,,254736,1,1673,20143,143,100,0,83886092,0x0500000C,misc,,00000012.pro,-1,,0
1490,,254824,1,1675,20144,144,100,0,83886092,0x0500000C,misc,,00000012.pro,-1,,0
1491,,254912,1,1684,20261,61,101,0,83886092,0x0500000C,misc,,00000012.pro,-1,,0
1492,,255000,1,1691,20286,86,101,0,50332365,0x030002CD,wall,,00000717.pro,-1,,0
1493,,255088,1,1693,20287,87,101,0,50332318,0x0300029E,wall,,00000670.pro,-1,,0
1494,,255176,1,1696,20288,88,101,0,50332317,0x0300029D,wall,,00000669.pro,-1,,0
1495,,255264,1,1699,20289,89,101,0,50332318,0x0300029E,wall,,00000670.pro,-1,,0
1496,,255352,1,1701,20290,90,101,0,50332317,0x0300029D,wall,,00000669.pro,-1,,0
1497,,255440,1,1703,20291,91,101,0,50332350,0x030002BE,wall,,00000702.pro,-1,,0
1498,,255528,1,1706,20293,93,101,0,50332349,0x030002BD,wall,,00000701.pro,-1,,0
1499,,255616,1,1708,20294,94,101,0,50332348,0x030002BC,wall,,00000700.pro,-1,,0
1500,,255704,1,1710,20295,95,101,0,50332318,0x0300029E,wall,,00000670.pro,-1,,0
1501,,255792,1,1712,20296,96,101,0,50332317,0x0300029D,wall,,00000669.pro,-1,,0
1502,,255880,1,1714,20297,97,101,0,50332318,0x0300029E,wall,,00000670.pro,-1,,0
1503,,255968,1,1716,20298,98,101,0,50332366,0x030002CE,wall,,00000718.pro,-1,,0
1504,,256056,1,1718,20299,99,101,0,50332318,0x0300029E,wall,,00000670.pro,-1,,0
1505,,256144,1,1720,20300,100,101,0,50332317,0x0300029D,wall,,00000669.pro,-1,,0
1506,,256232,1,1722,20301,101,101,0,50332318,0x0300029E,wall,,00000670.pro,-1,,0
1507,,256320,1,1725,20302,102,101,0,50332317,0x0300029D,wall,,00000669.pro,-1,,0
1508,,256408,1,1728,20303,103,101,0,50332350,0x030002BE,wall,,00000702.pro,-1,,0
1509,,256496,1,1733,20305,105,101,0,50332349,0x030002BD,wall,,00000701.pro,-1,,0
1510,,256584,1,1736,20306,106,101,0,50332348,0x030002BC,wall,,00000700.pro,-1,,0
1511,,256672,1,1739,20307,107,101,0,50332318,0x0300029E,wall,,00000670.pro,-1,,0
1512,,256760,1,1741,20308,108,101,0,50332317,0x0300029D,wall,,00000669.pro,-1,,0
1513,,256848,1,1743,20309,109,101,0,50332318,0x0300029E,wall,,00000670.pro,-1,,0
1514,,256936,1,1745,20310,110,101,0,50332366,0x030002CE,wall,,00000718.pro,-1,,0
1515,,257024,1,1747,20311,111,101,0,50332318,0x0300029E,wall,,00000670.pro,-1,,0
1516,,257112,1,1749,20312,112,101,0,50332317,0x0300029D,wall,,00000669.pro,-1,,0
1517,,257200,1,1752,20313,113,101,0,50332318,0x0300029E,wall,,00000670.pro,-1,,0
1518,,257288,1,1754,20314,114,101,0,50332317,0x0300029D,wall,,00000669.pro,-1,,0
1519,,257376,1,1757,20315,115,101,0,50332350,0x030002BE,wall,,00000702.pro,-1,,0
1520,,257464,1,1761,20317,117,101,0,50332349,0x030002BD,wall,,00000701.pro,-1,,0
1521,,257552,1,1763,20318,118,101,0,50332348,0x030002BC,wall,,00000700.pro,-1,,0
1522,,257640,1,1764,20319,119,101,0,50332318,0x0300029E,wall,,00000670.pro,-1,,0
1523,,257728,1,1765,20320,120,101,0,50332317,0x0300029D,wall,,00000669.pro,-1,,0
1524,,257816,1,1767,20321,121,101,0,50332318,0x0300029E,wall,,00000670.pro,-1,,0
1525,,257904,1,1768,20322,122,101,0,50332366,0x030002CE,wall,,00000718.pro,-1,,0
1526,,257992,1,1770,20323,123,101,0,50332318,0x0300029E,wall,,00000670.pro,-1,,0
1527,,258080,1,1771,20324,124,101,0,50332317,0x0300029D,wall,,00000669.pro,-1,,0
1528,,258168,1,1772,20325,125,101,0,50332318,0x0300029E,wall,,00000670.pro,-1,,0
1529,,258256,1,1773,20326,126,101,0,50332317,0x0300029D,wall,,00000669.pro,-1,,0
1530,,258344,1,1774,20327,127,101,0,50332350,0x030002BE,wall,,00000702.pro,-1,,0
1531,,258432,1,1777,20329,129,101,0,50332349,0x030002BD,wall,,00000701.pro,-1,,0
1532,,258520,1,1778,20330,130,101,0,50332348,0x030002BC,wall,,00000700.pro,-1,,0
1533,,258608,1,1779,20331,131,101,0,50332318,0x0300029E,wall,,00000670.pro,-1,,0
1534,,258696,1,1780,20332,132,101,0,50332317,0x0300029D,wall,,00000669.pro,-1,,0
1535,,258784,1,1782,20333,133,101,0,50332318,0x0300029E,wall,,00000670.pro,-1,,0
1536,,258872,1,1783,20334,134,101,0,50332363,0x030002CB,wall,,00000715.pro,-1,,0
1537,,258960,1,1785,20335,135,101,0,50331880,0x030000E8,wall,,00000232.pro,-1,,0
1538,,259048,1,1789,20344,144,101,0,83886092,0x0500000C,misc,,00000012.pro,-1,,0
1539,,259136,1,1798,20461,61,102,0,83886092,0x0500000C,misc,,00000012.pro,-1,,0
1540,,259224,1,1800,20462,62,102,0,83886092,0x0500000C,misc,,00000012.pro,-1,,0
1541,,259312,1,1805,20486,86,102,0,50332270,0x0300026E,wall,,00000622.pro,-1,,0
1542,,259400,1,1806,20487,87,102,0,50332270,0x0300026E,wall,,00000622.pro,-1,,0
1543,,259488,1,1809,20488,88,102,0,33555244,0x0200032C,scenery,generic,00000813.pro,-1,,0
1544,,259576,1,1811,20489,89,102,0,50332270,0x0300026E,wall,,00000622.pro,-1,,0
1545,,259664,1,1813,20491,91,102,0,50332270,0x0300026E,wall,,00000622.pro,-1,,0
1546,,259752,1,1817,20495,95,102,0,50332270,0x0300026E,wall,,00000622.pro,-1,,0
1547,,259840,1,1821,20497,97,102,0,50332270,0x0300026E,wall,,00000622.pro,-1,,0
1548,,259928,1,1824,20499,99,102,0,50332270,0x0300026E,wall,,00000622.pro,-1,,0
1549,,260016,1,1826,20501,101,102,0,50332270,0x0300026E,wall,,00000622.pro,-1,,0
1550,,260104,1,1829,20503,103,102,0,50332270,0x0300026E,wall,,00000622.pro,-1,,0
1551,,260192,1,1835,20507,107,102,0,50332270,0x0300026E,wall,,00000622.pro,-1,,0
1552,,260280,1,1837,20509,109,102,0,50332270,0x0300026E,wall,,00000622.pro,-1,,0
1553,,260368,1,1838,20510,110,102,0,33555228,0x0200031C,scenery,generic,00000797.pro,-1,,0
1554,,260456,1,1840,20511,111,102,0,50332270,0x0300026E,wall,,00000622.pro,-1,,0
1555,,260544,1,1841,20512,112,102,0,33554499,0x02000043,scenery,generic,00000068.pro,-1,,0
1556,,260632,1,1844,20513,113,102,0,50332270,0x0300026E,wall,,00000622.pro,-1,,0
1557,,260720,1,1847,20515,115,102,0,50332270,0x0300026E,wall,,00000622.pro,-1,,0
1558,,260808,1,1850,20519,119,102,0,50332270,0x0300026E,wall,,00000622.pro,-1,,0
1559,,260896,1,1853,20521,121,102,0,50332270,0x0300026E,wall,,00000622.pro,-1,,0
1560,,260984,1,1855,20523,123,102,0,50332270,0x0300026E,wall,,00000622.pro,-1,,0
1561,,261072,1,1856,20525,125,102,0,50332270,0x0300026E,wall,,00000622.pro,-1,,0
1562,,261160,1,1857,20527,127,102,0,50332270,0x0300026E,wall,,00000622.pro,-1,,0
1563,,261248,1,1860,20531,131,102,0,50332270,0x0300026E,wall,,00000622.pro,-1,,0
1564,,261336,1,1861,20532,132,102,0,33555244,0x0200032C,scenery,generic,00000813.pro,-1,,0
1565,,261424,1,1863,20533,133,102,0,50332270,0x0300026E,wall,,00000622.pro,-1,,0
1566,,261512,1,1865,20534,134,102,0,50332269,0x0300026D,wall,,00000621.pro,-1,,0
1567,,261600,1,1866,20535,135,102,0,50331881,0x030000E9,wall,,00000233.pro,-1,,0
1568,,261688,1,1868,20545,145,102,0,83886092,0x0500000C,misc,,00000012.pro,-1,,0
1569,,261776,1,1877,20662,62,103,0,83886092,0x0500000C,misc,,00000012.pro,-1,,0
1570,,261864,1,1879,20686,86,103,0,50332375,0x030002D7,wall,,00000727.pro,-1,,0
1571,,261952,1,1886,20709,109,103,0,33554499,0x02000043,scenery,generic,00000068.pro,-1,,0
1572,,262040,1,1887,20710,110,103,0,33554499,0x02000043,scenery,generic,00000068.pro,-1,,0
1573,,262128,1,1888,20711,111,103,0,33554499,0x02000043,scenery,generic,00000068.pro,-1,,0
1574,,262216,1,1889,20712,112,103,0,33554499,0x02000043,scenery,generic,00000068.pro,-1,,0
1575,,262304,1,1900,20734,134,103,0,50332335,0x030002AF,wall,,00000687.pro,-1,,0
1576,,262392,1,1901,20735,135,103,0,50331878,0x030000E6,wall,,00000230.pro,-1,,0
1577,,262480,1,1903,20745,145,103,0,83886092,0x0500000C,misc,,00000012.pro,-1,,0
1578,,262568,1,1905,20746,146,103,0,83886092,0x0500000C,misc,,00000012.pro,-1,,0
1579,,262656,1,1912,20863,63,104,0,83886092,0x0500000C,misc,,00000012.pro,-1,,0
1580,,262744,1,1914,20886,86,104,0,50332374,0x030002D6,wall,,00000726.pro,-1,,0
1581,,262832,1,1923,20934,134,104,0,50332333,0x030002AD,wall,,00000685.pro,-1,,0
1582,,262920,1,1925,20935,135,104,0,50331879,0x030000E7,wall,,00000231.pro,-1,,0
1583,,263008,1,1928,20946,146,104,0,83886092,0x0500000C,misc,,00000012.pro,-1,,0
1584,,263096,1,1935,21063,63,105,0,83886092,0x0500000C,misc,,00000012.pro,-1,,0
1585,,263184,1,1937,21064,64,105,0,83886092,0x0500000C,misc,,00000012.pro,-1,,0
1586,,263272,1,1939,21086,86,105,0,50332332,0x030002AC,wall,,00000684.pro,-1,,0
1587,,263360,1,1943,21098,98,105,0,33554573,0x0200008D,scenery,generic,00000142.pro,-1,,0
1588,,263448,1,1949,21134,134,105,0,50332335,0x030002AF,wall,,00000687.pro,-1,,0
1589,,263536,1,1951,21135,135,105,0,50331880,0x030000E8,wall,,00000232.pro,-1,,0
1590,,263624,1,1955,21147,147,105,0,83886092,0x0500000C,misc,,00000012.pro,-1,,0
1591,,263712,1,1963,21264,64,106,0,83886092,0x0500000C,misc,,00000012.pro,-1,,0
1592,,263800,1,1965,21286,86,106,0,50332331,0x030002AB,wall,,00000683.pro,-1,,0
1593,,263888,1,1974,21334,134,106,0,50332333,0x030002AD,wall,,00000685.pro,-1,,0
1594,,263976,1,1975,21335,135,106,0,50331881,0x030000E9,wall,,00000233.pro,-1,,0
1595,,264064,1,1979,21347,147,106,0,83886092,0x0500000C,misc,,00000012.pro,-1,,0
1596,,264152,1,1980,21348,148,106,0,83886092,0x0500000C,misc,,00000012.pro,-1,,0
1597,,264240,1,1985,21465,65,107,0,83886092,0x0500000C,misc,,00000012.pro,-1,,0
1598,,264328,1,1992,21486,86,107,0,50332375,0x030002D7,wall,,00000727.pro,-1,,0
1599,,264416,1,2007,21534,134,107,0,50332335,0x030002AF,wall,,00000687.pro,-1,,0
1600,,264504,1,2008,21535,135,107,0,50331878,0x030000E6,wall,,00000230.pro,-1,,0
1601,,264592,1,2012,21548,148,107,0,83886092,0x0500000C,misc,,00000012.pro,-1,,0
1602,,264680,1,2017,21665,65,108,0,83886092,0x0500000C,misc,,00000012.pro,-1,,0
1603,,264768,1,2019,21666,66,108,0,83886092,0x0500000C,misc,,00000012.pro,-1,,0
1604,,264856,1,2025,21686,86,108,0,50332374,0x030002D6,wall,,00000726.pro,-1,,0
1605,,264944,1,2038,21734,134,108,0,50332333,0x030002AD,wall,,00000685.pro,-1,,0
1606,,265032,1,2039,21735,135,108,0,50331879,0x030000E7,wall,,00000231.pro,-1,,0
1607,,265120,1,2044,21749,149,108,0,83886092,0x0500000C,misc,,00000012.pro,-1,,0
1608,,265208,1,2052,21866,66,109,0,83886092,0x0500000C,misc,,00000012.pro,-1,,0
1609,,265296,1,2054,21886,86,109,0,50332365,0x030002CD,wall,,00000717.pro,-1,,0
1610,,265384,1,2055,21887,87,109,0,50332318,0x0300029E,wall,,00000670.pro,-1,,0
1611,,265472,1,2057,21888,88,109,0,50332314,0x0300029A,wall,,00000666.pro,-1,,0
1612,,265560,1,2059,21889,89,109,0,50332318,0x0300029E,wall,,00000670.pro,-1,,0
1613,,265648,1,2061,21890,90,109,0,50332314,0x0300029A,wall,,00000666.pro,-1,,0
1614,,265736,1,2063,21891,91,109,0,50332318,0x0300029E,wall,,00000670.pro,-1,,0
1615,,265824,1,2065,21892,92,109,0,50332314,0x0300029A,wall,,00000666.pro,-1,,0
1616,,265912,1,2066,21893,93,109,0,50332318,0x0300029E,wall,,00000670.pro,-1,,0
1617,,266000,1,2067,21894,94,109,0,50332314,0x0300029A,wall,,00000666.pro,-1,,0
1618,,266088,1,2069,21895,95,109,0,50332318,0x0300029E,wall,,00000670.pro,-1,,0
1619,,266176,1,2071,21896,96,109,0,50332314,0x0300029A,wall,,00000666.pro,-1,,0
1620,,266264,1,2073,21897,97,109,0,50332318,0x0300029E,wall,,00000670.pro,-1,,0
1621,,266352,1,2075,21898,98,109,0,50332364,0x030002CC,wall,,00000716.pro,-1,,0
1622,,266440,1,2077,21899,99,109,0,50332318,0x0300029E,wall,,00000670.pro,-1,,0
1623,,266528,1,2079,21900,100,109,0,50332314,0x0300029A,wall,,00000666.pro,-1,,0
1624,,266616,1,2081,21901,101,109,0,50332318,0x0300029E,wall,,00000670.pro,-1,,0
1625,,266704,1,2083,21902,102,109,0,50332314,0x0300029A,wall,,00000666.pro,-1,,0
1626,,266792,1,2085,21903,103,109,0,50332318,0x0300029E,wall,,00000670.pro,-1,,0
1627,,266880,1,2087,21904,104,109,0,50332314,0x0300029A,wall,,00000666.pro,-1,,0
1628,,266968,1,2089,21905,105,109,0,50332318,0x0300029E,wall,,00000670.pro,-1,,0
1629,,267056,1,2091,21906,106,109,0,50332346,0x030002BA,wall,,00000698.pro,-1,,0
1630,,267144,1,2103,21922,122,109,0,50332347,0x030002BB,wall,,00000699.pro,-1,,0
1631,,267232,1,2105,21923,123,109,0,50332318,0x0300029E,wall,,00000670.pro,-1,,0
1632,,267320,1,2107,21924,124,109,0,50332314,0x0300029A,wall,,00000666.pro,-1,,0
1633,,267408,1,2109,21925,125,109,0,50332318,0x0300029E,wall,,00000670.pro,-1,,0
1634,,267496,1,2111,21926,126,109,0,50332314,0x0300029A,wall,,00000666.pro,-1,,0
1635,,267584,1,2113,21927,127,109,0,50332318,0x0300029E,wall,,00000670.pro,-1,,0
1636,,267672,1,2115,21928,128,109,0,50332314,0x0300029A,wall,,00000666.pro,-1,,0
1637,,267760,1,2117,21929,129,109,0,50332318,0x0300029E,wall,,00000670.pro,-1,,0
1638,,267848,1,2119,21930,130,109,0,50332314,0x0300029A,wall,,00000666.pro,-1,,0
1639,,267936,1,2121,21931,131,109,0,50332318,0x0300029E,wall,,00000670.pro,-1,,0
1640,,268024,1,2123,21932,132,109,0,50332314,0x0300029A,wall,,00000666.pro,-1,,0
1641,,268112,1,2125,21933,133,109,0,50332318,0x0300029E,wall,,00000670.pro,-1,,0
1642,,268200,1,2127,21934,134,109,0,50332363,0x030002CB,wall,,00000715.pro,-1,,0
1643,,268288,1,2129,21935,135,109,0,50331880,0x030000E8,wall,,00000232.pro,-1,,0
1644,,268376,1,2141,21949,149,109,0,83886092,0x0500000C,misc,,00000012.pro,-1,,0
1645,,268464,1,2142,21950,150,109,0,83886092,0x0500000C,misc,,00000012.pro,-1,,0
1646,,268552,1,2149,22067,67,110,0,83886092,0x0500000C,misc,,00000012.pro,-1,,0
1647,,268640,1,2152,22086,86,110,0,50332269,0x0300026D,wall,,00000621.pro,-1,,0
1648,,268728,1,2153,22087,87,110,0,50332270,0x0300026E,wall,,00000622.pro,-1,,0
1649,,268816,1,2155,22089,89,110,0,33554460,0x0200001C,scenery,generic,00000029.pro,-1,,0
1650,,268904,1,2157,22091,91,110,0,50332270,0x0300026E,wall,,00000622.pro,-1,,0
1651,,268992,1,2160,22093,93,110,0,50332270,0x0300026E,wall,,00000622.pro,-1,,0
1652,,269080,1,2162,22095,95,110,0,50332270,0x0300026E,wall,,00000622.pro,-1,,0
1653,,269168,1,2164,22097,97,110,0,50332269,0x0300026D,wall,,00000621.pro,-1,,0
1654,,269256,1,2166,22098,98,110,0,50332270,0x0300026E,wall,,00000622.pro,-1,,0
1655,,269344,1,2167,22099,99,110,0,50332270,0x0300026E,wall,,00000622.pro,-1,,0
1656,,269432,1,2170,22101,101,110,0,50332270,0x0300026E,wall,,00000622.pro,-1,,0
1657,,269520,1,2172,22103,103,110,0,50332270,0x0300026E,wall,,00000622.pro,-1,,0
1658,,269608,1,2174,22105,105,110,0,50332270,0x0300026E,wall,,00000622.pro,-1,,0
1659,,269696,1,2176,22106,106,110,0,50332269,0x0300026D,wall,,00000621.pro,-1,,0
1660,,269784,1,2182,22122,122,110,0,50332269,0x0300026D,wall,,00000621.pro,-1,,0
1661,,269872,1,2183,22123,123,110,0,50331706,0x0300003A,wall,,00000110.pro,-1,,0
1662,,269960,1,2185,22124,124,110,0,50331717,0x03000045,wall,,00000142.pro,-1,,0
1663,,270048,1,2186,22125,125,110,0,50332270,0x0300026E,wall,,00000622.pro,-1,,0
1664,,270136,1,2187,22125,125,110,0,50331715,0x03000043,wall,,00000140.pro,-1,,0
1665,,270224,1,2189,22126,126,110,0,50331716,0x03000044,wall,,00000141.pro,-1,,0
1666,,270312,1,2190,22127,127,110,0,50332270,0x0300026E,wall,,00000622.pro,-1,,0
1667,,270400,1,2191,22127,127,110,0,50331715,0x03000043,wall,,00000140.pro,-1,,0
1668,,270488,1,2193,22128,128,110,0,50331716,0x03000044,wall,,00000141.pro,-1,,0
1669,,270576,1,2194,22129,129,110,0,50332270,0x0300026E,wall,,00000622.pro,-1,,0
1670,,270664,1,2195,22129,129,110,0,50331715,0x03000043,wall,,00000140.pro,-1,,0
1671,,270752,1,2197,22130,130,110,0,50331716,0x03000044,wall,,00000141.pro,-1,,0
1672,,270840,1,2198,22131,131,110,0,50332270,0x0300026E,wall,,00000622.pro,-1,,0
1673,,270928,1,2199,22131,131,110,0,50331715,0x03000043,wall,,00000140.pro,-1,,0
1674,,271016,1,2201,22132,132,110,0,50331716,0x03000044,wall,,00000141.pro,-1,,0
1675,,271104,1,2202,22133,133,110,0,50332270,0x0300026E,wall,,00000622.pro,-1,,0
1676,,271192,1,2203,22133,133,110,0,50331715,0x03000043,wall,,00000140.pro,-1,,0
1677,,271280,1,2205,22134,134,110,0,50332270,0x0300026E,wall,,00000622.pro,-1,,0
1678,,271368,1,2206,22135,135,110,0,50331881,0x030000E9,wall,,00000233.pro,-1,,0
1679,,271456,1,2214,22150,150,110,0,83886092,0x0500000C,misc,,00000012.pro,-1,,0
1680,,271544,1,2221,22267,67,111,0,83886092,0x0500000C,misc,,00000012.pro,-1,,0
1681,,271632,1,2223,22268,68,111,0,83886092,0x0500000C,misc,,00000012.pro,-1,,0
1682,,271720,1,2225,22286,86,111,0,50332335,0x030002AF,wall,,00000687.pro,-1,,0
1683,,271808,1,2226,22287,87,111,0,50331706,0x0300003A,wall,,00000110.pro,-1,,0
1684,,271896,1,2227,22288,88,111,0,50331717,0x03000045,wall,,00000142.pro,-1,,0
1685,,271984,1,2228,22289,89,111,0,50331715,0x03000043,wall,,00000140.pro,-1,,0
1686,,272072,1,2229,22290,90,111,0,50331716,0x03000044,wall,,00000141.pro,-1,,0
1687,,272160,1,2230,22291,91,111,0,50331715,0x03000043,wall,,00000140.pro,-1,,0
1688,,272248,1,2232,22292,92,111,0,50331716,0x03000044,wall,,00000141.pro,-1,,0
1689,,272336,1,2234,22293,93,111,0,50331712,0x03000040,wall,,00000137.pro,-1,,0
1690,,272424,1,2235,22294,94,111,0,50331713,0x03000041,wall,,00000138.pro,-1,,0
1691,,272512,1,2237,22295,95,111,0,50331714,0x03000042,wall,,00000139.pro,-1,,0
1692,,272600,1,2238,22296,96,111,0,50331713,0x03000041,wall,,00000138.pro,-1,,0
1693,,272688,1,2239,22297,97,111,0,50331711,0x0300003F,wall,,00000085.pro,-1,,0
1694,,272776,1,2241,22298,98,111,0,50332375,0x030002D7,wall,,00000727.pro,-1,,0
1695,,272864,1,2243,22306,106,111,0,50332375,0x030002D7,wall,,00000727.pro,-1,,0
1696,,272952,1,2244,22310,110,111,3,16777232,0x01000010,critter,,00000016.pro,67108873,Valtglo.int,0
1697,,273080,1,2247,22322,122,111,0,50332335,0x030002AF,wall,,00000687.pro,-1,,0
1698,,273168,1,2249,22334,134,111,0,50332335,0x030002AF,wall,,00000687.pro,-1,,0
1699,,273256,1,2250,22335,135,111,0,50331878,0x030000E6,wall,,00000230.pro,-1,,0
1700,,273344,1,2256,22351,151,111,0,83886092,0x0500000C,misc,,00000012.pro,-1,,0
1701,,273432,1,2264,22468,68,112,0,83886092,0x0500000C,misc,,00000012.pro,-1,,0
1702,,273520,1,2266,22486,86,112,0,50332333,0x030002AD,wall,,00000685.pro,-1,,0
1703,,273608,1,2270,22498,98,112,0,50332374,0x030002D6,wall,,00000726.pro,-1,,0
1704,,273696,1,2271,22506,106,112,0,50332374,0x030002D6,wall,,00000726.pro,-1,,0
1705,,273784,1,2272,22513,113,112,1,16777232,0x01000010,critter,,00000016.pro,67108874,Valtglo.int,0
1706,,273912,1,2273,22514,114,112,0,33554573,0x0200008D,scenery,generic,00000142.pro,-1,,0
1707,,274000,1,2275,22522,122,112,0,50332333,0x030002AD,wall,,00000685.pro,-1,,0
1708,,274088,1,2276,22523,123,112,0,50331727,0x0300004F,wall,,00000152.pro,-1,,0
1709,,274176,1,2277,22534,134,112,0,50332333,0x030002AD,wall,,00000685.pro,-1,,0
1710,,274264,1,2278,22535,135,112,0,50331879,0x030000E7,wall,,00000231.pro,-1,,0
1711,,274352,1,2285,22551,151,112,0,83886092,0x0500000C,misc,,00000012.pro,-1,,0
1712,,274440,1,2287,22552,152,112,0,83886092,0x0500000C,misc,,00000012.pro,-1,,0
1713,,274528,1,2290,22669,69,113,0,83886092,0x0500000C,misc,,00000012.pro,-1,,0
1714,,274616,1,2295,22686,86,113,0,50332335,0x030002AF,wall,,00000687.pro,-1,,0
1715,,274704,1,2296,22687,87,113,0,50331727,0x0300004F,wall,,00000152.pro,-1,,0
1716,,274792,1,2297,22690,90,113,0,50331719,0x03000047,wall,,00000144.pro,-1,,0
1717,,274880,1,2299,22692,92,113,0,50331719,0x03000047,wall,,00000144.pro,-1,,0
1718,,274968,1,2302,22698,98,113,0,50332375,0x030002D7,wall,,00000727.pro,-1,,0
1719,,275056,1,2303,22700,100,113,0,33554776,0x02000158,scenery,generic,00000345.pro,-1,,0
1720,,275144,1,2304,22701,101,113,0,33554776,0x02000158,scenery,generic,00000345.pro,-1,,0
1721,,275232,1,2305,22702,102,113,0,33554901,0x020001D5,scenery,generic,00000470.pro,-1,,0
1722,,275320,1,2306,22706,106,113,0,50332375,0x030002D7,wall,,00000727.pro,-1,,0
1723,,275408,1,2308,22722,122,113,0,50332335,0x030002AF,wall,,00000687.pro,-1,,0
1724,,275496,1,2309,22723,123,113,0,50331728,0x03000050,wall,,00000153.pro,-1,,0
1725,,275584,1,2310,22723,123,113,0,33554482,0x02000032,scenery,generic,00000051.pro,-1,,0
1726,,275672,1,2311,22727,127,113,0,33554482,0x02000032,scenery,generic,00000051.pro,-1,,0
1727,,275760,1,2312,22728,128,113,0,50331719,0x03000047,wall,,00000144.pro,-1,,0
1728,,275848,1,2313,22732,132,113,0,50331719,0x03000047,wall,,00000144.pro,-1,,0
1729,,275936,1,2314,22734,134,113,0,50332335,0x030002AF,wall,,00000687.pro,-1,,0
1730,,276024,1,2315,22735,135,113,0,50331880,0x030000E8,wall,,00000232.pro,-1,,0
1731,,276112,1,2323,22752,152,113,0,83886092,0x0500000C,misc,,00000012.pro,-1,,0
1732,,276200,1,2327,22869,69,114,0,83886092,0x0500000C,misc,,00000012.pro,-1,,0
1733,,276288,1,2329,22870,70,114,0,83886092,0x0500000C,misc,,00000012.pro,-1,,0
1734,,276376,1,2333,22886,86,114,0,50332333,0x030002AD,wall,,00000685.pro,-1,,0
1735,,276464,1,2335,22887,87,114,0,50331728,0x03000050,wall,,00000153.pro,-1,,0
1736,,276552,1,2338,22898,98,114,0,50332374,0x030002D6,wall,,00000726.pro,-1,,0
1737,,276640,1,2339,22900,100,114,0,33554776,0x02000158,scenery,generic,00000345.pro,-1,,0
1738,,276728,1,2342,22903,103,114,0,33554900,0x020001D4,scenery,generic,00000469.pro,-1,,0
1739,,276816,1,2343,22906,106,114,0,50332374,0x030002D6,wall,,00000726.pro,-1,,0
1740,,276904,1,2346,22922,122,114,0,50332333,0x030002AD,wall,,00000685.pro,-1,,0
1741,,276992,1,2347,22923,123,114,0,50331728,0x03000050,wall,,00000153.pro,-1,,0
1742,,277080,1,2348,22934,134,114,0,50332333,0x030002AD,wall,,00000685.pro,-1,,0
1743,,277168,1,2349,22935,135,114,0,50331881,0x030000E9,wall,,00000233.pro,-1,,0
1744,,277256,1,2358,22953,153,114,0,83886092,0x0500000C,misc,,00000012.pro,-1,,0
1745,,277344,1,2362,23070,70,115,0,83886092,0x0500000C,misc,,00000012.pro,-1,,0
1746,,277432,1,2366,23086,86,115,0,50332365,0x030002CD,wall,,00000717.pro,-1,,0
1747,,277520,1,2367,23087,87,115,0,50331727,0x0300004F,wall,,00000152.pro,-1,,0
1748,,277608,1,2368,23087,87,115,0,50332318,0x0300029E,wall,,00000670.pro,-1,,0
1749,,277696,1,2369,23088,88,115,0,50332373,0x030002D5,wall,,00000725.pro,-1,,0
1750,,277784,1,2370,23089,89,115,0,50332322,0x030002A2,wall,,00000674.pro,-1,,0
1751,,277872,1,2371,23090,90,115,0,50332321,0x030002A1,wall,,00000673.pro,-1,,0
1752,,277960,1,2372,23091,91,115,0,50332320,0x030002A0,wall,,00000672.pro,-1,,0
1753,,278048,1,2374,23092,92,115,0,50332319,0x0300029F,wall,,00000671.pro,-1,,0
1754,,278136,1,2376,23093,93,115,0,50332372,0x030002D4,wall,,00000724.pro,-1,,0
1755,,278224,1,2377,23094,94,115,0,50332371,0x030002D3,wall,,00000723.pro,-1,,0
1756,,278312,1,2379,23095,95,115,0,50332320,0x030002A0,wall,,00000672.pro,-1,,0
1757,,278400,1,2380,23096,96,115,0,50332319,0x0300029F,wall,,00000671.pro,-1,,0
1758,,278488,1,2381,23097,97,115,0,50332318,0x0300029E,wall,,00000670.pro,-1,,0
1759,,278576,1,2382,23098,98,115,0,50332366,0x030002CE,wall,,00000718.pro,-1,,0
1760,,278664,1,2383,23099,99,115,0,50332318,0x0300029E,wall,,00000670.pro,-1,,0
1761,,278752,1,2385,23100,100,115,0,50332684,0x0300040C,wall,,00001036.pro,-1,,0
1762,,278840,1,2387,23101,101,115,0,33554776,0x02000158,scenery,generic,00000345.pro,-1,,0
1763,,278928,1,2389,23102,102,115,0,33554902,0x020001D6,scenery,door,00000471.pro,50331650,MetlDoor.int,0
1764,,279020,1,2391,23103,103,115,0,33554776,0x02000158,scenery,generic,00000345.pro,-1,,0
1765,,279108,1,2393,23104,104,115,0,50332683,0x0300040B,wall,,00001035.pro,-1,,0
1766,,279196,1,2395,23105,105,115,0,50332318,0x0300029E,wall,,00000670.pro,-1,,0
1767,,279284,1,2397,23106,106,115,0,50332367,0x030002CF,wall,,00000719.pro,-1,,0
1768,,279372,1,2403,23111,111,115,5,16777232,0x01000010,critter,,00000016.pro,67108875,Valtglo.int,0
1769,,279500,1,2411,23122,122,115,0,50332345,0x030002B9,wall,,00000697.pro,-1,,0
1770,,279588,1,2412,23123,123,115,0,50331728,0x03000050,wall,,00000153.pro,-1,,0
1771,,279676,1,2413,23123,123,115,0,50332322,0x030002A2,wall,,00000674.pro,-1,,0
1772,,279764,1,2414,23124,124,115,0,50332321,0x030002A1,wall,,00000673.pro,-1,,0
1773,,279852,1,2415,23125,125,115,0,50332320,0x030002A0,wall,,00000672.pro,-1,,0
1774,,279940,1,2416,23126,126,115,0,50332319,0x0300029F,wall,,00000671.pro,-1,,0
1775,,280028,1,2417,23127,127,115,0,50332320,0x030002A0,wall,,00000672.pro,-1,,0
1776,,280116,1,2418,23128,128,115,0,50332319,0x0300029F,wall,,00000671.pro,-1,,0
1777,,280204,1,2419,23129,129,115,0,50332320,0x030002A0,wall,,00000672.pro,-1,,0
1778,,280292,1,2420,23130,130,115,0,50332319,0x0300029F,wall,,00000671.pro,-1,,0
1779,,280380,1,2421,23131,131,115,0,50332318,0x0300029E,wall,,00000670.pro,-1,,0
1780,,280468,1,2422,23132,132,115,0,50332317,0x0300029D,wall,,00000669.pro,-1,,0
1781,,280556,1,2423,23133,133,115,0,50332318,0x0300029E,wall,,00000670.pro,-1,,0
1782,,280644,1,2424,23134,134,115,0,50332363,0x030002CB,wall,,00000715.pro,-1,,0
1783,,280732,1,2425,23135,135,115,0,50331878,0x030000E6,wall,,00000230.pro,-1,,0
1784,,280820,1,2433,23153,153,115,0,83886092,0x0500000C,misc,,00000012.pro,-1,,0
1785,,280908,1,2434,23154,154,115,0,83886092,0x0500000C,misc,,00000012.pro,-1,,0
1786,,280996,1,2437,23271,71,116,0,83886092,0x0500000C,misc,,00000012.pro,-1,,0
1787,,281084,1,2438,23271,71,116,0,83886092,0x0500000C,misc,,00000012.pro,-1,,0
1788,,281172,1,2441,23285,85,116,0,50332269,0x0300026D,wall,,00000621.pro,-1,,0
1789,,281260,1,2443,23287,87,116,0,50332270,0x0300026E,wall,,00000622.pro,-1,,0
1790,,281348,1,2444,23289,89,116,0,50332270,0x0300026E,wall,,00000622.pro,-1,,0
1791,,281436,1,2445,23291,91,116,0,50332270,0x0300026E,wall,,00000622.pro,-1,,0
1792,,281524,1,2448,23293,93,116,0,50332270,0x0300026E,wall,,00000622.pro,-1,,0
1793,,281612,1,2450,23295,95,116,0,50332270,0x0300026E,wall,,00000622.pro,-1,,0
1794,,281700,1,2451,23297,97,116,0,50332270,0x0300026E,wall,,00000622.pro,-1,,0
1795,,281788,1,2452,23299,99,116,0,50332270,0x0300026E,wall,,00000622.pro,-1,,0
1796,,281876,1,2453,23299,99,116,0,33555232,0x02000320,scenery,generic,00000801.pro,-1,,0
1797,,281964,1,2458,23305,105,116,0,50332270,0x0300026E,wall,,00000622.pro,-1,,0
1798,,282052,1,2465,23323,123,116,0,50332270,0x0300026E,wall,,00000622.pro,-1,,0
1799,,282140,1,2466,23324,124,116,0,33555207,0x02000307,scenery,generic,00000776.pro,-1,,0
1800,,282228,1,2467,23325,125,116,0,50332270,0x0300026E,wall,,00000622.pro,-1,,0
1801,,282316,1,2468,23327,127,116,0,50332270,0x0300026E,wall,,00000622.pro,-1,,0
1802,,282404,1,2469,23329,129,116,0,50332270,0x0300026E,wall,,00000622.pro,-1,,0
1803,,282492,1,2470,23331,131,116,0,50332270,0x0300026E,wall,,00000622.pro,-1,,0
1804,,282580,1,2471,23332,132,116,0,33555244,0x0200032C,scenery,generic,00000813.pro,-1,,0
1805,,282668,1,2472,23333,133,116,0,50332270,0x0300026E,wall,,00000622.pro,-1,,0
1806,,282756,1,2473,23334,134,116,0,50332269,0x0300026D,wall,,00000621.pro,-1,,0
1807,,282844,1,2474,23335,135,116,0,50331879,0x030000E7,wall,,00000231.pro,-1,,0
1808,,282932,1,2482,23354,154,116,0,83886092,0x0500000C,misc,,00000012.pro,-1,,0
1809,,283020,1,2494,23471,71,117,0,83886092,0x0500000C,misc,,00000012.pro,-1,,0
1810,,283108,1,2497,23472,72,117,0,83886092,0x0500000C,misc,,00000012.pro,-1,,0
1811,,283196,1,2507,23484,84,117,0,50332347,0x030002BB,wall,,00000699.pro,-1,,0
1812,,283284,1,2508,23485,85,117,0,50332318,0x0300029E,wall,,00000670.pro,-1,,0
1813,,283372,1,2510,23486,86,117,0,50332367,0x030002CF,wall,,00000719.pro,-1,,0
1814,,283460,1,2511,23487,87,117,0,50331725,0x0300004D,wall,,00000150.pro,-1,,0
1815,,283548,1,2516,23534,134,117,0,50332335,0x030002AF,wall,,00000687.pro,-1,,0
1816,,283636,1,2517,23535,135,117,0,50331880,0x030000E8,wall,,00000232.pro,-1,,0
1817,,283724,1,2526,23555,155,117,0,83886092,0x0500000C,misc,,00000012.pro,-1,,0
1818,,283812,1,2539,23672,72,118,0,83886092,0x0500000C,misc,,00000012.pro,-1,,0
1819,,283900,1,2545,23684,84,118,0,50332270,0x0300026E,wall,,00000622.pro,-1,,0
1820,,283988,1,2546,23684,84,118,0,50331708,0x0300003C,wall,,00000108.pro,-1,,0
1821,,284076,1,2547,23685,85,118,0,50331724,0x0300004C,wall,,00000149.pro,-1,,0
1822,,284164,1,2548,23686,86,118,0,50332270,0x0300026E,wall,,00000622.pro,-1,,0
1823,,284252,1,2549,23686,86,118,0,50331707,0x0300003B,wall,,00000107.pro,-1,,0
1824,,284340,1,2550,23687,87,118,0,50331723,0x0300004B,wall,,00000148.pro,-1,,0
1825,,284428,1,2555,23702,102,118,0,33554573,0x0200008D,scenery,generic,00000142.pro,-1,,0
1826,,284516,1,2556,23734,134,118,0,50332333,0x030002AD,wall,,00000685.pro,-1,,0
1827,,284604,1,2557,23735,135,118,0,50331881,0x030000E9,wall,,00000233.pro,-1,,0
1828,,284692,1,2565,23755,155,118,0,83886092,0x0500000C,misc,,00000012.pro,-1,,0
1829,,284780,1,2566,23756,156,118,0,83886092,0x0500000C,misc,,00000012.pro,-1,,0
1830,,284868,1,2571,23873,73,119,0,83886092,0x0500000C,misc,,00000012.pro,-1,,0
1831,,284956,1,2574,23884,84,119,0,50332335,0x030002AF,wall,,00000687.pro,-1,,0
1832,,285044,1,2575,23886,86,119,0,50332270,0x0300026E,wall,,00000622.pro,-1,,0
1833,,285132,1,2580,23934,134,119,0,50332335,0x030002AF,wall,,00000687.pro,-1,,0
1834,,285220,1,2582,23935,135,119,0,50331878,0x030000E6,wall,,00000230.pro,-1,,0
1835,,285308,1,2589,23956,156,119,0,83886092,0x0500000C,misc,,00000012.pro,-1,,0
1836,,285396,1,2593,24073,73,120,0,83886092,0x0500000C,misc,,00000012.pro,-1,,0
1837,,285484,1,2596,24074,74,120,0,83886092,0x0500000C,misc,,00000012.pro,-1,,0
1838,,285572,1,2598,24084,84,120,0,50332333,0x030002AD,wall,,00000685.pro,-1,,0
1839,,285660,1,2599,24086,86,120,0,50332270,0x0300026E,wall,,00000622.pro,-1,,0
1840,,285748,1,2600,24086,86,120,0,33555237,0x02000325,scenery,generic,00000806.pro,-1,,0
1841,,285836,1,2627,24134,134,120,0,50332333,0x030002AD,wall,,00000685.pro,-1,,0
1842,,285924,1,2630,24135,135,120,0,50331879,0x030000E7,wall,,00000231.pro,-1,,0
1843,,286012,1,2639,24157,157,120,0,83886092,0x0500000C,misc,,00000012.pro,-1,,0
1844,,286100,1,2646,24274,74,121,0,83886092,0x0500000C,misc,,00000012.pro,-1,,0
1845,,286188,1,2647,24284,84,121,0,33555226,0x0200031A,scenery,generic,00000795.pro,-1,,0
1846,,286276,1,2648,24284,84,121,0,50332335,0x030002AF,wall,,00000687.pro,-1,,0
1847,,286364,1,2649,24285,85,121,0,50332270,0x0300026E,wall,,00000622.pro,-1,,0
1848,,286452,1,2698,24334,134,121,0,50332335,0x030002AF,wall,,00000687.pro,-1,,0
1849,,286540,1,2700,24335,135,121,0,50331880,0x030000E8,wall,,00000232.pro,-1,,0
1850,,286628,1,2713,24357,157,121,0,83886092,0x0500000C,misc,,00000012.pro,-1,,0
1851,,286716,1,2714,24358,158,121,0,83886092,0x0500000C,misc,,00000012.pro,-1,,0
1852,,286804,1,2721,24475,75,122,0,83886092,0x0500000C,misc,,00000012.pro,-1,,0
1853,,286892,1,2722,24484,84,122,0,50332333,0x030002AD,wall,,00000685.pro,-1,,0
1854,,286980,1,2750,24534,134,122,0,50332333,0x030002AD,wall,,00000685.pro,-1,,0
1855,,287068,1,2752,24535,135,122,0,50331881,0x030000E9,wall,,00000233.pro,-1,,0
1856,,287156,1,2760,24558,158,122,0,83886092,0x0500000C,misc,,00000012.pro,-1,,0
1857,,287244,1,2772,24675,75,123,0,83886092,0x0500000C,misc,,00000012.pro,-1,,0
1858,,287332,1,2775,24676,76,123,0,83886092,0x0500000C,misc,,00000012.pro,-1,,0
1859,,287420,1,2779,24684,84,123,0,50332345,0x030002B9,wall,,00000697.pro,-1,,0
1860,,287508,1,2780,24685,85,123,0,50332318,0x0300029E,wall,,00000670.pro,-1,,0
1861,,287596,1,2781,24686,86,123,0,50332364,0x030002CC,wall,,00000716.pro,-1,,0
1862,,287684,1,2782,24687,87,123,0,50332316,0x0300029C,wall,,00000668.pro,-1,,0
1863,,287772,1,2783,24688,88,123,0,50332315,0x0300029B,wall,,00000667.pro,-1,,0
1864,,287860,1,2784,24689,89,123,0,50332316,0x0300029C,wall,,00000668.pro,-1,,0
1865,,287948,1,2785,24690,90,123,0,50332315,0x0300029B,wall,,00000667.pro,-1,,0
1866,,288036,1,2786,24691,91,123,0,50332356,0x030002C4,wall,,00000708.pro,-1,,0
1867,,288124,1,2789,24693,93,123,0,50332355,0x030002C3,wall,,00000707.pro,-1,,0
1868,,288212,1,2790,24694,94,123,0,50332354,0x030002C2,wall,,00000706.pro,-1,,0
1869,,288300,1,2793,24695,95,123,0,50332320,0x030002A0,wall,,00000672.pro,-1,,0
1870,,288388,1,2795,24696,96,123,0,50332319,0x0300029F,wall,,00000671.pro,-1,,0
1871,,288476,1,2796,24697,97,123,0,50332318,0x0300029E,wall,,00000670.pro,-1,,0
1872,,288564,1,2798,24698,98,123,0,50332364,0x030002CC,wall,,00000716.pro,-1,,0
1873,,288652,1,2799,24699,99,123,0,50332316,0x0300029C,wall,,00000668.pro,-1,,0
1874,,288740,1,2802,24700,100,123,0,50332315,0x0300029B,wall,,00000667.pro,-1,,0
1875,,288828,1,2803,24701,101,123,0,50332316,0x0300029C,wall,,00000668.pro,-1,,0
1876,,288916,1,2805,24702,102,123,0,50332315,0x0300029B,wall,,00000667.pro,-1,,0
1877,,289004,1,2806,24703,103,123,0,50332356,0x030002C4,wall,,00000708.pro,-1,,0
1878,,289092,1,2808,24705,105,123,0,50332355,0x030002C3,wall,,00000707.pro,-1,,0
1879,,289180,1,2810,24706,106,123,0,50332354,0x030002C2,wall,,00000706.pro,-1,,0
1880,,289268,1,2811,24707,107,123,0,50332320,0x030002A0,wall,,00000672.pro,-1,,0
1881,,289356,1,2813,24708,108,123,0,50332319,0x0300029F,wall,,00000671.pro,-1,,0
1882,,289444,1,2814,24709,109,123,0,50332318,0x0300029E,wall,,00000670.pro,-1,,0
1883,,289532,1,2816,24710,110,123,0,50332364,0x030002CC,wall,,00000716.pro,-1,,0
1884,,289620,1,2817,24711,111,123,0,50332316,0x0300029C,wall,,00000668.pro,-1,,0
1885,,289708,1,2819,24712,112,123,0,50332315,0x0300029B,wall,,00000667.pro,-1,,0
1886,,289796,1,2820,24713,113,123,0,50332370,0x030002D2,wall,,00000722.pro,-1,,0
1887,,289884,1,2822,24714,114,123,0,50332369,0x030002D1,wall,,00000721.pro,-1,,0
1888,,289972,1,2823,24715,115,123,0,50332356,0x030002C4,wall,,00000708.pro,-1,,0
1889,,290060,1,2825,24717,117,123,0,50332355,0x030002C3,wall,,00000707.pro,-1,,0
1890,,290148,1,2827,24718,118,123,0,50332354,0x030002C2,wall,,00000706.pro,-1,,0
1891,,290236,1,2828,24719,119,123,0,50332372,0x030002D4,wall,,00000724.pro,-1,,0
1892,,290324,1,2830,24720,120,123,0,50332371,0x030002D3,wall,,00000723.pro,-1,,0
1893,,290412,1,2831,24721,121,123,0,50332318,0x0300029E,wall,,00000670.pro,-1,,0
1894,,290500,1,2833,24722,122,123,0,50332364,0x030002CC,wall,,00000716.pro,-1,,0
1895,,290588,1,2834,24723,123,123,0,50332316,0x0300029C,wall,,00000668.pro,-1,,0
1896,,290676,1,2836,24724,124,123,0,50332315,0x0300029B,wall,,00000667.pro,-1,,0
1897,,290764,1,2837,24725,125,123,0,50332316,0x0300029C,wall,,00000668.pro,-1,,0
1898,,290852,1,2839,24726,126,123,0,50332315,0x0300029B,wall,,00000667.pro,-1,,0
1899,,290940,1,2841,24727,127,123,0,50332356,0x030002C4,wall,,00000708.pro,-1,,0
1900,,291028,1,2845,24729,129,123,0,50332355,0x030002C3,wall,,00000707.pro,-1,,0
1901,,291116,1,2848,24730,130,123,0,50332354,0x030002C2,wall,,00000706.pro,-1,,0
1902,,291204,1,2849,24731,131,123,0,50332320,0x030002A0,wall,,00000672.pro,-1,,0
1903,,291292,1,2851,24732,132,123,0,50332319,0x0300029F,wall,,00000671.pro,-1,,0
1904,,291380,1,2852,24733,133,123,0,50332318,0x0300029E,wall,,00000670.pro,-1,,0
1905,,291468,1,2854,24734,134,123,0,50332363,0x030002CB,wall,,00000715.pro,-1,,0
1906,,291556,1,2855,24735,135,123,0,50331878,0x030000E6,wall,,00000230.pro,-1,,0
1907,,291644,1,2864,24759,159,123,0,83886092,0x0500000C,misc,,00000012.pro,-1,,0
1908,,291732,1,2876,24876,76,124,0,83886092,0x0500000C,misc,,00000012.pro,-1,,0
1909,,291820,1,2879,24886,86,124,0,50332269,0x0300026D,wall,,00000621.pro,-1,,0
1910,,291908,1,2880,24887,87,124,0,50332270,0x0300026E,wall,,00000622.pro,-1,,0
1911,,291996,1,2881,24889,89,124,0,50332270,0x0300026E,wall,,00000622.pro,-1,,0
1912,,292084,1,2882,24889,89,124,0,33555252,0x02000334,scenery,generic,00000821.pro,-1,,0
1913,,292172,1,2886,24895,95,124,0,50332270,0x0300026E,wall,,00000622.pro,-1,,0
1914,,292260,1,2888,24897,97,124,0,50332270,0x0300026E,wall,,00000622.pro,-1,,0
1915,,292348,1,2889,24898,98,124,0,50332269,0x0300026D,wall,,00000621.pro,-1,,0
1916,,292436,1,2890,24899,99,124,0,50332270,0x0300026E,wall,,00000622.pro,-1,,0
1917,,292524,1,2892,24901,101,124,0,50332270,0x0300026E,wall,,00000622.pro,-1,,0
1918,,292612,1,2893,24901,101,124,0,33555235,0x02000323,scenery,generic,00000804.pro,-1,,0
1919,,292700,1,2894,24907,107,124,0,50332270,0x0300026E,wall,,00000622.pro,-1,,0
1920,,292788,1,2895,24909,109,124,0,50332270,0x0300026E,wall,,00000622.pro,-1,,0
1921,,292876,1,2896,24910,110,124,0,50332269,0x0300026D,wall,,00000621.pro,-1,,0
1922,,292964,1,2897,24911,111,124,0,50332270,0x0300026E,wall,,00000622.pro,-1,,0
1923,,293052,1,2898,24912,112,124,0,33555204,0x02000304,scenery,generic,00000773.pro,-1,,0
1924,,293140,1,2899,24913,113,124,0,50332270,0x0300026E,wall,,00000622.pro,-1,,0
1925,,293228,1,2900,24915,115,124,0,50332270,0x0300026E,wall,,00000622.pro,-1,,0
1926,,293316,1,2901,24919,119,124,0,50332270,0x0300026E,wall,,00000622.pro,-1,,0
1927,,293404,1,2902,24921,121,124,0,50332270,0x0300026E,wall,,00000622.pro,-1,,0
1928,,293492,1,2903,24922,122,124,0,50332269,0x0300026D,wall,,00000621.pro,-1,,0
1929,,293580,1,2904,24923,123,124,0,50332270,0x0300026E,wall,,00000622.pro,-1,,0
1930,,293668,1,2905,24924,124,124,0,33555242,0x0200032A,scenery,generic,00000811.pro,-1,,0
1931,,293756,1,2907,24925,125,124,0,50332270,0x0300026E,wall,,00000622.pro,-1,,0
1932,,293844,1,2908,24925,125,124,0,33555235,0x02000323,scenery,generic,00000804.pro,-1,,0
1933,,293932,1,2911,24927,127,124,0,50332270,0x0300026E,wall,,00000622.pro,-1,,0
1934,,294020,1,2913,24931,131,124,0,50332270,0x0300026E,wall,,00000622.pro,-1,,0
1935,,294108,1,2914,24933,133,124,0,50332270,0x0300026E,wall,,00000622.pro,-1,,0
1936,,294196,1,2915,24934,134,124,0,50332269,0x0300026D,wall,,00000621.pro,-1,,0
1937,,294284,1,2916,24935,135,124,0,50331879,0x030000E7,wall,,00000231.pro,-1,,0
1938,,294372,1,2920,24959,159,124,0,83886092,0x0500000C,misc,,00000012.pro,-1,,0
1939,,294460,1,2921,24960,160,124,0,83886092,0x0500000C,misc,,00000012.pro,-1,,0
1940,,294548,1,2931,25077,77,125,0,83886092,0x0500000C,misc,,00000012.pro,-1,,0
1941,,294636,1,2935,25086,86,125,0,50332332,0x030002AC,wall,,00000684.pro,-1,,0
1942,,294724,1,2936,25090,90,125,0,33555240,0x02000328,scenery,generic,00000809.pro,-1,,0
1943,,294812,1,2941,25098,98,125,0,50332332,0x030002AC,wall,,00000684.pro,-1,,0
1944,,294900,1,2943,25101,101,125,0,33555241,0x02000329,scenery,generic,00000810.pro,-1,,0
1945,,294988,1,2944,25110,110,125,0,50332332,0x030002AC,wall,,00000684.pro,-1,,0
1946,,295076,1,2945,25113,113,125,0,33554499,0x02000043,scenery,generic,00000068.pro,-1,,0
1947,,295164,1,2946,25122,122,125,0,50332332,0x030002AC,wall,,00000684.pro,-1,,0
1948,,295252,1,2951,25134,134,125,0,50332335,0x030002AF,wall,,00000687.pro,-1,,0
1949,,295340,1,2952,25135,135,125,0,50331880,0x030000E8,wall,,00000232.pro,-1,,0
1950,,295428,1,2957,25160,160,125,0,83886092,0x0500000C,misc,,00000012.pro,-1,,0
1951,,295516,1,2966,25277,77,126,0,83886092,0x0500000C,misc,,00000012.pro,-1,,0
1952,,295604,1,2968,25278,78,126,0,83886092,0x0500000C,misc,,00000012.pro,-1,,0
1953,,295692,1,2971,25286,86,126,0,50332331,0x030002AB,wall,,00000683.pro,-1,,0
1954,,295780,1,2976,25298,98,126,0,50332331,0x030002AB,wall,,00000683.pro,-1,,0
1955,,295868,1,2977,25299,99,126,0,33555206,0x02000306,scenery,generic,00000775.pro,-1,,0
1956,,295956,1,2979,25310,110,126,0,50332331,0x030002AB,wall,,00000683.pro,-1,,0
1957,,296044,1,2980,25313,113,126,0,33554499,0x02000043,scenery,generic,00000068.pro,-1,,0
1958,,296132,1,2983,25322,122,126,0,50332331,0x030002AB,wall,,00000683.pro,-1,,0
1959,,296220,1,2985,25323,123,126,0,33554499,0x02000043,scenery,generic,00000068.pro,-1,,0
1960,,296308,1,2987,25324,124,126,0,33555216,0x02000310,scenery,generic,00000785.pro,-1,,0
1961,,296396,1,2988,25325,125,126,0,33554499,0x02000043,scenery,generic,00000068.pro,-1,,0
1962,,296484,1,2989,25326,126,126,0,33554499,0x02000043,scenery,generic,00000068.pro,-1,,0
1963,,296572,1,2990,25334,134,126,0,50332333,0x030002AD,wall,,00000685.pro,-1,,0
1964,,296660,1,2991,25335,135,126,0,50331881,0x030000E9,wall,,00000233.pro,-1,,0
1965,,296748,1,2996,25358,158,126,0,83886092,0x0500000C,misc,,00000012.pro,-1,,0
1966,,296836,1,2997,25359,159,126,0,83886092,0x0500000C,misc,,00000012.pro,-1,,0
1967,,296924,1,2998,25360,160,126,0,83886092,0x0500000C,misc,,00000012.pro,-1,,0
1968,,297012,1,2999,25361,161,126,0,83886092,0x0500000C,misc,,00000012.pro,-1,,0
1969,,297100,1,3006,25478,78,127,0,83886092,0x0500000C,misc,,00000012.pro,-1,,0
1970,,297188,1,3009,25486,86,127,0,50332375,0x030002D7,wall,,00000727.pro,-1,,0
1971,,297276,1,3022,25498,98,127,0,50332375,0x030002D7,wall,,00000727.pro,-1,,0
1972,,297364,1,3024,25500,100,127,0,33554499,0x02000043,scenery,generic,00000068.pro,-1,,0
1973,,297452,1,3025,25510,110,127,0,50332375,0x030002D7,wall,,00000727.pro,-1,,0
1974,,297540,1,3026,25512,112,127,0,33555219,0x02000313,scenery,generic,00000788.pro,-1,,0
1975,,297628,1,3027,25513,113,127,0,33554499,0x02000043,scenery,generic,00000068.pro,-1,,0
1976,,297716,1,3032,25522,122,127,0,50332375,0x030002D7,wall,,00000727.pro,-1,,0
1977,,297804,1,3033,25526,126,127,0,33554499,0x02000043,scenery,generic,00000068.pro,-1,,0
1978,,297892,1,3034,25534,134,127,0,50332335,0x030002AF,wall,,00000687.pro,-1,,0
1979,,297980,1,3035,25535,135,127,0,50331878,0x030000E6,wall,,00000230.pro,-1,,0
1980,,298068,1,3040,25556,156,127,0,83886092,0x0500000C,misc,,00000012.pro,-1,,0
1981,,298156,1,3041,25557,157,127,0,83886092,0x0500000C,misc,,00000012.pro,-1,,0
1982,,298244,1,3042,25558,158,127,0,83886092,0x0500000C,misc,,00000012.pro,-1,,0
1983,,298332,1,3043,25559,159,127,0,83886092,0x0500000C,misc,,00000012.pro,-1,,0
1984,,298420,1,3053,25679,79,128,0,83886092,0x0500000C,misc,,00000012.pro,-1,,0
1985,,298508,1,3054,25686,86,128,0,50332374,0x030002D6,wall,,00000726.pro,-1,,0
1986,,298596,1,3056,25687,87,128,0,33554499,0x02000043,scenery,generic,00000068.pro,-1,,0
1987,,298684,1,3057,25688,88,128,0,33554499,0x02000043,scenery,generic,00000068.pro,-1,,0
1988,,298772,1,3059,25689,89,128,0,33554499,0x02000043,scenery,generic,00000068.pro,-1,,0
1989,,298860,1,3060,25690,90,128,0,33554499,0x02000043,scenery,generic,00000068.pro,-1,,0
1990,,298948,1,3067,25698,98,128,0,50332374,0x030002D6,wall,,00000726.pro,-1,,0
1991,,299036,1,3068,25699,99,128,0,33554499,0x02000043,scenery,generic,00000068.pro,-1,,0
1992,,299124,1,3070,25701,101,128,0,33554499,0x02000043,scenery,generic,00000068.pro,-1,,0
1993,,299212,1,3071,25710,110,128,0,50332374,0x030002D6,wall,,00000726.pro,-1,,0
1994,,299300,1,3072,25712,112,128,0,33554499,0x02000043,scenery,generic,00000068.pro,-1,,0
1995,,299388,1,3073,25713,113,128,0,33554499,0x02000043,scenery,generic,00000068.pro,-1,,0
1996,,299476,1,3078,25722,122,128,0,50332374,0x030002D6,wall,,00000726.pro,-1,,0
1997,,299564,1,3079,25724,124,128,0,33554499,0x02000043,scenery,generic,00000068.pro,-1,,0
1998,,299652,1,3080,25726,126,128,0,33554499,0x02000043,scenery,generic,00000068.pro,-1,,0
1999,,299740,1,3081,25734,134,128,0,50332333,0x030002AD,wall,,00000685.pro,-1,,0
2000,,299828,1,3082,25735,135,128,0,50331879,0x030000E7,wall,,00000231.pro,-1,,0
2001,,299916,1,3087,25754,154,128,0,83886092,0x0500000C,misc,,00000012.pro,-1,,0
2002,,300004,1,3088,25755,155,128,0,83886092,0x0500000C,misc,,00000012.pro,-1,,0
2003,,300092,1,3089,25756,156,128,0,83886092,0x0500000C,misc,,00000012.pro,-1,,0
2004,,300180,1,3090,25757,157,128,0,83886092,0x0500000C,misc,,00000012.pro,-1,,0
2005,,300268,1,3101,25879,79,129,0,83886092,0x0500000C,misc,,00000012.pro,-1,,0
2006,,300356,1,3103,25880,80,129,0,83886092,0x0500000C,misc,,00000012.pro,-1,,0
2007,,300444,1,3104,25886,86,129,0,50332330,0x030002AA,wall,,00000682.pro,-1,,0
2008,,300532,1,3107,25889,89,129,0,33555216,0x02000310,scenery,generic,00000785.pro,-1,,0
2009,,300620,1,3109,25891,91,129,0,33554499,0x02000043,scenery,generic,00000068.pro,-1,,0
2010,,300708,1,3115,25898,98,129,0,50332330,0x030002AA,wall,,00000682.pro,-1,,0
2011,,300796,1,3117,25900,100,129,0,33555231,0x0200031F,scenery,generic,00000800.pro,-1,,0
2012,,300884,1,3118,25901,101,129,0,33554499,0x02000043,scenery,generic,00000068.pro,-1,,0
2013,,300972,1,3119,25910,110,129,0,50332330,0x030002AA,wall,,00000682.pro,-1,,0
2014,,301060,1,3120,25911,111,129,0,33554499,0x02000043,scenery,generic,00000068.pro,-1,,0
2015,,301148,1,3121,25913,113,129,0,33554499,0x02000043,scenery,generic,00000068.pro,-1,,0
2016,,301236,1,3126,25922,122,129,0,50332330,0x030002AA,wall,,00000682.pro,-1,,0
2017,,301324,1,3127,25923,123,129,0,33554499,0x02000043,scenery,generic,00000068.pro,-1,,0
2018,,301412,1,3128,25925,125,129,0,33554499,0x02000043,scenery,generic,00000068.pro,-1,,0
2019,,301500,1,3129,25934,134,129,0,50332335,0x030002AF,wall,,00000687.pro,-1,,0
2020,,301588,1,3130,25935,135,129,0,50331880,0x030000E8,wall,,00000232.pro,-1,,0
2021,,301676,1,3135,25952,152,129,0,83886092,0x0500000C,misc,,00000012.pro,-1,,0
2022,,301764,1,3136,25953,153,129,0,83886092,0x0500000C,misc,,00000012.pro,-1,,0
2023,,301852,1,3137,25954,154,129,0,83886092,0x0500000C,misc,,00000012.pro,-1,,0
2024,,301940,1,3138,25955,155,129,0,83886092,0x0500000C,misc,,00000012.pro,-1,,0
2025,,302028,1,3145,26080,80,130,0,83886092,0x0500000C,misc,,00000012.pro,-1,,0
2026,,302116,1,3146,26086,86,130,0,50332329,0x030002A9,wall,,00000681.pro,-1,,0
2027,,302204,1,3149,26090,90,130,0,33554499,0x02000043,scenery,generic,00000068.pro,-1,,0
2028,,302292,1,3150,26091,91,130,0,33554499,0x02000043,scenery,generic,00000068.pro,-1,,0
2029,,302380,1,3153,26098,98,130,0,50332329,0x030002A9,wall,,00000681.pro,-1,,0
2030,,302468,1,3155,26101,101,130,0,33554499,0x02000043,scenery,generic,00000068.pro,-1,,0
2031,,302556,1,3156,26110,110,130,0,50332329,0x030002A9,wall,,00000681.pro,-1,,0
2032,,302644,1,3161,26122,122,130,0,50332329,0x030002A9,wall,,00000681.pro,-1,,0
2033,,302732,1,3163,26134,134,130,0,50332333,0x030002AD,wall,,00000685.pro,-1,,0
2034,,302820,1,3165,26135,135,130,0,50331881,0x030000E9,wall,,00000233.pro,-1,,0
2035,,302908,1,3168,26150,150,130,0,83886092,0x0500000C,misc,,00000012.pro,-1,,0
2036,,302996,1,3169,26151,151,130,0,83886092,0x0500000C,misc,,00000012.pro,-1,,0
2037,,303084,1,3170,26152,152,130,0,83886092,0x0500000C,misc,,00000012.pro,-1,,0
2038,,303172,1,3171,26153,153,130,0,83886092,0x0500000C,misc,,00000012.pro,-1,,0
2039,,303260,1,3176,26281,81,131,0,83886092,0x0500000C,misc,,00000012.pro,-1,,0
2040,,303348,1,3177,26286,86,131,0,50332365,0x030002CD,wall,,00000717.pro,-1,,0
2041,,303436,1,3179,26287,87,131,0,50332318,0x0300029E,wall,,00000670.pro,-1,,0
2042,,303524,1,3181,26288,88,131,0,50332314,0x0300029A,wall,,00000666.pro,-1,,0
2043,,303612,1,3182,26289,89,131,0,50332318,0x0300029E,wall,,00000670.pro,-1,,0
2044,,303700,1,3183,26290,90,131,0,50332346,0x030002BA,wall,,00000698.pro,-1,,0
2045,,303788,1,3184,26291,91,131,0,33554499,0x02000043,scenery,generic,00000068.pro,-1,,0
2046,,303876,1,3187,26298,98,131,0,50332365,0x030002CD,wall,,00000717.pro,-1,,0
2047,,303964,1,3188,26299,99,131,0,50332318,0x0300029E,wall,,00000670.pro,-1,,0
2048,,304052,1,3190,26300,100,131,0,50332314,0x0300029A,wall,,00000666.pro,-1,,0
2049,,304140,1,3191,26301,101,131,0,50332318,0x0300029E,wall,,00000670.pro,-1,,0
2050,,304228,1,3192,26302,102,131,0,50332346,0x030002BA,wall,,00000698.pro,-1,,0
2051,,304316,1,3193,26310,110,131,0,50332365,0x030002CD,wall,,00000717.pro,-1,,0
2052,,304404,1,3195,26311,111,131,0,50332318,0x0300029E,wall,,00000670.pro,-1,,0
2053,,304492,1,3197,26312,112,131,0,50332314,0x0300029A,wall,,00000666.pro,-1,,0
2054,,304580,1,3199,26313,113,131,0,50332318,0x0300029E,wall,,00000670.pro,-1,,0
2055,,304668,1,3201,26314,114,131,0,50332346,0x030002BA,wall,,00000698.pro,-1,,0
2056,,304756,1,3202,26322,122,131,0,50332365,0x030002CD,wall,,00000717.pro,-1,,0
2057,,304844,1,3203,26323,123,131,0,50332318,0x0300029E,wall,,00000670.pro,-1,,0
2058,,304932,1,3204,26324,124,131,0,50332314,0x0300029A,wall,,00000666.pro,-1,,0
2059,,305020,1,3205,26325,125,131,0,50332318,0x0300029E,wall,,00000670.pro,-1,,0
2060,,305108,1,3206,26326,126,131,0,50332346,0x030002BA,wall,,00000698.pro,-1,,0
2061,,305196,1,3210,26334,134,131,0,50332335,0x030002AF,wall,,00000687.pro,-1,,0
2062,,305284,1,3212,26335,135,131,0,50331878,0x030000E6,wall,,00000230.pro,-1,,0
2063,,305372,1,3213,26348,148,131,0,83886092,0x0500000C,misc,,00000012.pro,-1,,0
2064,,305460,1,3214,26349,149,131,0,83886092,0x0500000C,misc,,00000012.pro,-1,,0
2065,,305548,1,3215,26350,150,131,0,83886092,0x0500000C,misc,,00000012.pro,-1,,0
2066,,305636,1,3216,26351,151,131,0,83886092,0x0500000C,misc,,00000012.pro,-1,,0
2067,,305724,1,3222,26481,81,132,0,83886092,0x0500000C,misc,,00000012.pro,-1,,0
2068,,305812,1,3224,26482,82,132,0,83886092,0x0500000C,misc,,00000012.pro,-1,,0
2069,,305900,1,3225,26486,86,132,0,50332269,0x0300026D,wall,,00000621.pro,-1,,0
2070,,305988,1,3227,26487,87,132,0,50332270,0x0300026E,wall,,00000622.pro,-1,,0
2071,,306076,1,3229,26488,88,132,0,33554715,0x0200011B,scenery,generic,00000284.pro,-1,,0
2072,,306164,1,3230,26489,89,132,0,50332270,0x0300026E,wall,,00000622.pro,-1,,0
2073,,306252,1,3231,26490,90,132,0,50332269,0x0300026D,wall,,00000621.pro,-1,,0
2074,,306340,1,3234,26498,98,132,0,50332269,0x0300026D,wall,,00000621.pro,-1,,0
2075,,306428,1,3235,26499,99,132,0,50332270,0x0300026E,wall,,00000622.pro,-1,,0
2076,,306516,1,3237,26500,100,132,0,33554715,0x0200011B,scenery,generic,00000284.pro,-1,,0
2077,,306604,1,3238,26501,101,132,0,50332270,0x0300026E,wall,,00000622.pro,-1,,0
2078,,306692,1,3239,26502,102,132,0,50332269,0x0300026D,wall,,00000621.pro,-1,,0
2079,,306780,1,3242,26510,110,132,0,50332269,0x0300026D,wall,,00000621.pro,-1,,0
2080,,306868,1,3244,26511,111,132,0,50332270,0x0300026E,wall,,00000622.pro,-1,,0
2081,,306956,1,3246,26512,112,132,0,33554715,0x0200011B,scenery,generic,00000284.pro,-1,,0
2082,,307044,1,3247,26513,113,132,0,50332270,0x0300026E,wall,,00000622.pro,-1,,0
2083,,307132,1,3248,26514,114,132,0,50332269,0x0300026D,wall,,00000621.pro,-1,,0
2084,,307220,1,3249,26522,122,132,0,50332269,0x0300026D,wall,,00000621.pro,-1,,0
2085,,307308,1,3250,26523,123,132,0,50332270,0x0300026E,wall,,00000622.pro,-1,,0
2086,,307396,1,3251,26524,124,132,0,33554715,0x0200011B,scenery,generic,00000284.pro,-1,,0
2087,,307484,1,3252,26525,125,132,0,50332270,0x0300026E,wall,,00000622.pro,-1,,0
2088,,307572,1,3253,26526,126,132,0,50332269,0x0300026D,wall,,00000621.pro,-1,,0
2089,,307660,1,3258,26534,134,132,0,50332333,0x030002AD,wall,,00000685.pro,-1,,0
2090,,307748,1,3259,26535,135,132,0,50331879,0x030000E7,wall,,00000231.pro,-1,,0
2091,,307836,1,3260,26546,146,132,0,83886092,0x0500000C,misc,,00000012.pro,-1,,0
2092,,307924,1,3261,26547,147,132,0,83886092,0x0500000C,misc,,00000012.pro,-1,,0
2093,,308012,1,3262,26548,148,132,0,83886092,0x0500000C,misc,,00000012.pro,-1,,0
2094,,308100,1,3263,26549,149,132,0,83886092,0x0500000C,misc,,00000012.pro,-1,,0
2095,,308188,1,3269,26682,82,133,0,83886092,0x0500000C,misc,,00000012.pro,-1,,0
2096,,308276,1,3270,26686,86,133,0,50332335,0x030002AF,wall,,00000687.pro,-1,,0
2097,,308364,1,3276,26690,90,133,0,50332334,0x030002AE,wall,,00000686.pro,-1,,0
2098,,308452,1,3280,26698,98,133,0,50332335,0x030002AF,wall,,00000687.pro,-1,,0
2099,,308540,1,3284,26702,102,133,0,50332334,0x030002AE,wall,,00000686.pro,-1,,0
2100,,308628,1,3298,26710,110,133,0,50332335,0x030002AF,wall,,00000687.pro,-1,,0
2101,,308716,1,3301,26714,114,133,0,50332334,0x030002AE,wall,,00000686.pro,-1,,0
2102,,308804,1,3302,26722,122,133,0,50332335,0x030002AF,wall,,00000687.pro,-1,,0
2103,,308892,1,3303,26726,126,133,0,50332334,0x030002AE,wall,,00000686.pro,-1,,0
2104,,308980,1,3308,26734,134,133,0,50332335,0x030002AF,wall,,00000687.pro,-1,,0
2105,,309068,1,3309,26735,135,133,0,50331880,0x030000E8,wall,,00000232.pro,-1,,0
2106,,309156,1,3310,26744,144,133,0,83886092,0x0500000C,misc,,00000012.pro,-1,,0
2107,,309244,1,3311,26745,145,133,0,83886092,0x0500000C,misc,,00000012.pro,-1,,0
2108,,309332,1,3312,26746,146,133,0,83886092,0x0500000C,misc,,00000012.pro,-1,,0
2109,,309420,1,3313,26747,147,133,0,83886092,0x0500000C,misc,,00000012.pro,-1,,0
2110,,309508,1,3320,26883,83,134,0,83886092,0x0500000C,misc,,00000012.pro,-1,,0
2111,,309596,1,3321,26886,86,134,0,50332333,0x030002AD,wall,,00000685.pro,-1,,0
2112,,309684,1,3323,26887,87,134,0,33554741,0x02000135,scenery,generic,00000310.pro,-1,,0
2113,,309772,1,3328,26890,90,134,0,50332333,0x030002AD,wall,,00000685.pro,-1,,0
2114,,309860,1,3330,26898,98,134,0,50332333,0x030002AD,wall,,00000685.pro,-1,,0
2115,,309948,1,3331,26899,99,134,0,33554741,0x02000135,scenery,generic,00000310.pro,-1,,0
2116,,310036,1,3333,26902,102,134,0,50332333,0x030002AD,wall,,00000685.pro,-1,,0
2117,,310124,1,3343,26910,110,134,0,50332333,0x030002AD,wall,,00000685.pro,-1,,0
2118,,310212,1,3345,26911,111,134,0,33554741,0x02000135,scenery,generic,00000310.pro,-1,,0
2119,,310300,1,3347,26914,114,134,0,50332333,0x030002AD,wall,,00000685.pro,-1,,0
2120,,310388,1,3348,26922,122,134,0,50332333,0x030002AD,wall,,00000685.pro,-1,,0
2121,,310476,1,3349,26923,123,134,0,33554741,0x02000135,scenery,generic,00000310.pro,-1,,0
2122,,310564,1,3351,26926,126,134,0,50332333,0x030002AD,wall,,00000685.pro,-1,,0
2123,,310652,1,3355,26934,134,134,0,50332333,0x030002AD,wall,,00000685.pro,-1,,0
2124,,310740,1,3356,26935,135,134,0,50331881,0x030000E9,wall,,00000233.pro,-1,,0
2125,,310828,1,3357,26942,142,134,0,83886092,0x0500000C,misc,,00000012.pro,-1,,0
2126,,310916,1,3358,26943,143,134,0,83886092,0x0500000C,misc,,00000012.pro,-1,,0
2127,,311004,1,3359,26944,144,134,0,83886092,0x0500000C,misc,,00000012.pro,-1,,0
2128,,311092,1,3360,26945,145,134,0,83886092,0x0500000C,misc,,00000012.pro,-1,,0
2129,,311180,1,3370,27083,83,135,0,83886092,0x0500000C,misc,,00000012.pro,-1,,0
2130,,311268,1,3372,27084,84,135,0,83886092,0x0500000C,misc,,00000012.pro,-1,,0
2131,,311356,1,3373,27086,86,135,0,50332335,0x030002AF,wall,,00000687.pro,-1,,0
2132,,311444,1,3378,27090,90,135,0,33555222,0x02000316,scenery,generic,00000791.pro,-1,,0
2133,,311532,1,3379,27090,90,135,0,50332360,0x030002C8,wall,,00000712.pro,-1,,0
2134,,311620,1,3380,27098,98,135,0,50332335,0x030002AF,wall,,00000687.pro,-1,,0
2135,,311708,1,3381,27102,102,135,0,33555220,0x02000314,scenery,generic,00000789.pro,-1,,0
2136,,311796,1,3382,27102,102,135,0,50332360,0x030002C8,wall,,00000712.pro,-1,,0
2137,,311884,1,3387,27110,110,135,0,50332335,0x030002AF,wall,,00000687.pro,-1,,0
2138,,311972,1,3389,27114,114,135,0,33555222,0x02000316,scenery,generic,00000791.pro,-1,,0
2139,,312060,1,3390,27114,114,135,0,50332360,0x030002C8,wall,,00000712.pro,-1,,0
2140,,312148,1,3391,27122,122,135,0,50332335,0x030002AF,wall,,00000687.pro,-1,,0
2141,,312236,1,3395,27126,126,135,0,33555220,0x02000314,scenery,generic,00000789.pro,-1,,0
2142,,312324,1,3396,27126,126,135,0,50332360,0x030002C8,wall,,00000712.pro,-1,,0
2143,,312412,1,3398,27134,134,135,0,50332335,0x030002AF,wall,,00000687.pro,-1,,0
2144,,312500,1,3399,27135,135,135,0,50331878,0x030000E6,wall,,00000230.pro,-1,,0
2145,,312588,1,3400,27140,140,135,0,83886092,0x0500000C,misc,,00000012.pro,-1,,0
2146,,312676,1,3401,27141,141,135,0,83886092,0x0500000C,misc,,00000012.pro,-1,,0
2147,,312764,1,3402,27142,142,135,0,83886092,0x0500000C,misc,,00000012.pro,-1,,0
2148,,312852,1,3403,27143,143,135,0,83886092,0x0500000C,misc,,00000012.pro,-1,,0
2149,,312940,1,3414,27284,84,136,0,83886092,0x0500000C,misc,,00000012.pro,-1,,0
2150,,313028,1,3415,27286,86,136,0,50332333,0x030002AD,wall,,00000685.pro,-1,,0
2151,,313116,1,3420,27298,98,136,0,50332333,0x030002AD,wall,,00000685.pro,-1,,0
2152,,313204,1,3425,27310,110,136,0,50332333,0x030002AD,wall,,00000685.pro,-1,,0
2153,,313292,1,3428,27322,122,136,0,50332333,0x030002AD,wall,,00000685.pro,-1,,0
2154,,313380,1,3432,27334,134,136,0,50332333,0x030002AD,wall,,00000685.pro,-1,,0
2155,,313468,1,3433,27335,135,136,0,50331879,0x030000E7,wall,,00000231.pro,-1,,0
2156,,313556,1,3434,27338,138,136,0,83886092,0x0500000C,misc,,00000012.pro,-1,,0
2157,,313644,1,3435,27339,139,136,0,83886092,0x0500000C,misc,,00000012.pro,-1,,0
2158,,313732,1,3436,27340,140,136,0,83886092,0x0500000C,misc,,00000012.pro,-1,,0
2159,,313820,1,3437,27341,141,136,0,83886092,0x0500000C,misc,,00000012.pro,-1,,0
2160,,313908,1,3446,27485,85,137,0,83886092,0x0500000C,misc,,00000012.pro,-1,,0
2161,,313996,1,3447,27486,86,137,0,50332345,0x030002B9,wall,,00000697.pro,-1,,0
2162,,314084,1,3449,27487,87,137,0,50332318,0x0300029E,wall,,00000670.pro,-1,,0
2163,,314172,1,3452,27488,88,137,0,50332314,0x0300029A,wall,,00000666.pro,-1,,0
2164,,314260,1,3454,27489,89,137,0,50332318,0x0300029E,wall,,00000670.pro,-1,,0
2165,,314348,1,3455,27490,90,137,0,50332314,0x0300029A,wall,,00000666.pro,-1,,0
2166,,314436,1,3456,27491,91,137,0,50332318,0x0300029E,wall,,00000670.pro,-1,,0
2167,,314524,1,3457,27492,92,137,0,50332314,0x0300029A,wall,,00000666.pro,-1,,0
2168,,314612,1,3458,27493,93,137,0,50332318,0x0300029E,wall,,00000670.pro,-1,,0
2169,,314700,1,3459,27494,94,137,0,50332314,0x0300029A,wall,,00000666.pro,-1,,0
2170,,314788,1,3460,27495,95,137,0,50332318,0x0300029E,wall,,00000670.pro,-1,,0
2171,,314876,1,3461,27496,96,137,0,50332314,0x0300029A,wall,,00000666.pro,-1,,0
2172,,314964,1,3462,27497,97,137,0,50332318,0x0300029E,wall,,00000670.pro,-1,,0
2173,,315052,1,3463,27498,98,137,0,50332366,0x030002CE,wall,,00000718.pro,-1,,0
2174,,315140,1,3465,27499,99,137,0,50332318,0x0300029E,wall,,00000670.pro,-1,,0
2175,,315228,1,3467,27500,100,137,0,50332314,0x0300029A,wall,,00000666.pro,-1,,0
2176,,315316,1,3469,27501,101,137,0,50332318,0x0300029E,wall,,00000670.pro,-1,,0
2177,,315404,1,3471,27502,102,137,0,50332314,0x0300029A,wall,,00000666.pro,-1,,0
2178,,315492,1,3472,27503,103,137,0,50332318,0x0300029E,wall,,00000670.pro,-1,,0
2179,,315580,1,3473,27504,104,137,0,50332314,0x0300029A,wall,,00000666.pro,-1,,0
2180,,315668,1,3474,27505,105,137,0,50332318,0x0300029E,wall,,00000670.pro,-1,,0
2181,,315756,1,3475,27506,106,137,0,50332314,0x0300029A,wall,,00000666.pro,-1,,0
2182,,315844,1,3476,27507,107,137,0,50332318,0x0300029E,wall,,00000670.pro,-1,,0
2183,,315932,1,3477,27508,108,137,0,50332314,0x0300029A,wall,,00000666.pro,-1,,0
2184,,316020,1,3478,27509,109,137,0,50332318,0x0300029E,wall,,00000670.pro,-1,,0
2185,,316108,1,3479,27510,110,137,0,50332366,0x030002CE,wall,,00000718.pro,-1,,0
2186,,316196,1,3480,27511,111,137,0,50332318,0x0300029E,wall,,00000670.pro,-1,,0
2187,,316284,1,3482,27512,112,137,0,50332314,0x0300029A,wall,,00000666.pro,-1,,0
2188,,316372,1,3483,27513,113,137,0,50332318,0x0300029E,wall,,00000670.pro,-1,,0
2189,,316460,1,3484,27514,114,137,0,50332314,0x0300029A,wall,,00000666.pro,-1,,0
2190,,316548,1,3485,27515,115,137,0,50332318,0x0300029E,wall,,00000670.pro,-1,,0
2191,,316636,1,3486,27516,116,137,0,50332314,0x0300029A,wall,,00000666.pro,-1,,0
2192,,316724,1,3487,27517,117,137,0,50332318,0x0300029E,wall,,00000670.pro,-1,,0
2193,,316812,1,3488,27518,118,137,0,50332314,0x0300029A,wall,,00000666.pro,-1,,0
2194,,316900,1,3489,27519,119,137,0,50332318,0x0300029E,wall,,00000670.pro,-1,,0
2195,,316988,1,3491,27520,120,137,0,50332314,0x0300029A,wall,,00000666.pro,-1,,0
2196,,317076,1,3493,27521,121,137,0,50332318,0x0300029E,wall,,00000670.pro,-1,,0
2197,,317164,1,3495,27522,122,137,0,50332366,0x030002CE,wall,,00000718.pro,-1,,0
2198,,317252,1,3497,27523,123,137,0,50332318,0x0300029E,wall,,00000670.pro,-1,,0
2199,,317340,1,3498,27524,124,137,0,50332314,0x0300029A,wall,,00000666.pro,-1,,0
2200,,317428,1,3499,27525,125,137,0,50332318,0x0300029E,wall,,00000670.pro,-1,,0
2201,,317516,1,3500,27526,126,137,0,50332314,0x0300029A,wall,,00000666.pro,-1,,0
2202,,317604,1,3501,27527,127,137,0,50332318,0x0300029E,wall,,00000670.pro,-1,,0
2203,,317692,1,3502,27528,128,137,0,50332314,0x0300029A,wall,,00000666.pro,-1,,0
2204,,317780,1,3503,27529,129,137,0,50332318,0x0300029E,wall,,00000670.pro,-1,,0
2205,,317868,1,3504,27530,130,137,0,50332314,0x0300029A,wall,,00000666.pro,-1,,0
2206,,317956,1,3505,27531,131,137,0,50332318,0x0300029E,wall,,00000670.pro,-1,,0
2207,,318044,1,3506,27532,132,137,0,50332314,0x0300029A,wall,,00000666.pro,-1,,0
2208,,318132,1,3507,27533,133,137,0,50332318,0x0300029E,wall,,00000670.pro,-1,,0
2209,,318220,1,3508,27534,134,137,0,50332367,0x030002CF,wall,,00000719.pro,-1,,0
2210,,318308,1,3509,27535,135,137,0,50331880,0x030000E8,wall,,00000232.pro,-1,,0
2211,,318396,1,3510,27536,136,137,0,83886092,0x0500000C,misc,,00000012.pro,-1,,0
2212,,318484,1,3511,27537,137,137,0,83886092,0x0500000C,misc,,00000012.pro,-1,,0
2213,,318572,1,3512,27538,138,137,0,83886092,0x0500000C,misc,,00000012.pro,-1,,0
2214,,318660,1,3513,27539,139,137,0,83886092,0x0500000C,misc,,00000012.pro,-1,,0
2215,,318748,1,3522,27685,85,138,0,83886092,0x0500000C,misc,,00000012.pro,-1,,0
2216,,318836,1,3524,27686,86,138,0,83886092,0x0500000C,misc,,00000012.pro,-1,,0
2217,,318924,1,3525,27686,86,138,0,50332270,0x0300026E,wall,,00000622.pro,-1,,0
2218,,319012,1,3529,27688,88,138,0,50331877,0x030000E5,wall,,00000229.pro,-1,,0
2219,,319100,1,3531,27690,90,138,0,50331875,0x030000E3,wall,,00000227.pro,-1,,0
2220,,319188,1,3532,27692,92,138,0,50331873,0x030000E1,wall,,00000225.pro,-1,,0
2221,,319276,1,3533,27694,94,138,0,50331877,0x030000E5,wall,,00000229.pro,-1,,0
2222,,319364,1,3534,27696,96,138,0,50331875,0x030000E3,wall,,00000227.pro,-1,,0
2223,,319452,1,3537,27698,98,138,0,50331873,0x030000E1,wall,,00000225.pro,-1,,0
2224,,319540,1,3540,27700,100,138,0,50331877,0x030000E5,wall,,00000229.pro,-1,,0
2225,,319628,1,3541,27702,102,138,0,50331875,0x030000E3,wall,,00000227.pro,-1,,0
2226,,319716,1,3542,27704,104,138,0,50331873,0x030000E1,wall,,00000225.pro,-1,,0
2227,,319804,1,3543,27706,106,138,0,50331877,0x030000E5,wall,,00000229.pro,-1,,0
2228,,319892,1,3544,27708,108,138,0,50331875,0x030000E3,wall,,00000227.pro,-1,,0
2229,,319980,1,3545,27710,110,138,0,50331873,0x030000E1,wall,,00000225.pro,-1,,0
2230,,320068,1,3547,27712,112,138,0,50331877,0x030000E5,wall,,00000229.pro,-1,,0
2231,,320156,1,3548,27714,114,138,0,50331875,0x030000E3,wall,,00000227.pro,-1,,0
2232,,320244,1,3549,27716,116,138,0,50331873,0x030000E1,wall,,00000225.pro,-1,,0
2233,,320332,1,3551,27718,118,138,0,50331877,0x030000E5,wall,,00000229.pro,-1,,0
2234,,320420,1,3554,27720,120,138,0,50331875,0x030000E3,wall,,00000227.pro,-1,,0
2235,,320508,1,3556,27722,122,138,0,50331873,0x030000E1,wall,,00000225.pro,-1,,0
2236,,320596,1,3557,27724,124,138,0,50331877,0x030000E5,wall,,00000229.pro,-1,,0
2237,,320684,1,3558,27726,126,138,0,50331875,0x030000E3,wall,,00000227.pro,-1,,0
2238,,320772,1,3559,27728,128,138,0,50331873,0x030000E1,wall,,00000225.pro,-1,,0
2239,,320860,1,3560,27730,130,138,0,50331877,0x030000E5,wall,,00000229.pro,-1,,0
2240,,320948,1,3561,27732,132,138,0,50331875,0x030000E3,wall,,00000227.pro,-1,,0
2241,,321036,1,3562,27734,134,138,0,83886092,0x0500000C,misc,,00000012.pro,-1,,0
2242,,321124,1,3563,27734,134,138,0,50331873,0x030000E1,wall,,00000225.pro,-1,,0
2243,,321212,1,3564,27735,135,138,0,83886092,0x0500000C,misc,,00000012.pro,-1,,0
2244,,321300,1,3565,27735,135,138,0,50331881,0x030000E9,wall,,00000233.pro,-1,,0
2245,,321388,1,3566,27736,136,138,0,83886092,0x0500000C,misc,,00000012.pro,-1,,0
2246,,321476,1,3567,27737,137,138,0,83886092,0x0500000C,misc,,00000012.pro,-1,,0
2247,,321564,1,3576,27886,86,139,0,83886092,0x0500000C,misc,,00000012.pro,-1,,0
2248,,321652,1,3578,27887,87,139,0,50331872,0x030000E0,wall,,00000224.pro,-1,,0
2249,,321740,1,3582,27889,89,139,0,50331876,0x030000E4,wall,,00000228.pro,-1,,0
2250,,321828,1,3583,27891,91,139,0,50331874,0x030000E2,wall,,00000226.pro,-1,,0
2251,,321916,1,3584,27893,93,139,0,50331872,0x030000E0,wall,,00000224.pro,-1,,0
2252,,322004,1,3586,27895,95,139,0,50331876,0x030000E4,wall,,00000228.pro,-1,,0
2253,,322092,1,3590,27897,97,139,0,50331874,0x030000E2,wall,,00000226.pro,-1,,0
2254,,322180,1,3592,27899,99,139,0,50331872,0x030000E0,wall,,00000224.pro,-1,,0
2255,,322268,1,3593,27901,101,139,0,50331876,0x030000E4,wall,,00000228.pro,-1,,0
2256,,322356,1,3594,27903,103,139,0,50331874,0x030000E2,wall,,00000226.pro,-1,,0
2257,,322444,1,3595,27905,105,139,0,50331872,0x030000E0,wall,,00000224.pro,-1,,0
2258,,322532,1,3596,27907,107,139,0,50331876,0x030000E4,wall,,00000228.pro,-1,,0
2259,,322620,1,3597,27909,109,139,0,50331874,0x030000E2,wall,,00000226.pro,-1,,0
2260,,322708,1,3598,27911,111,139,0,50331872,0x030000E0,wall,,00000224.pro,-1,,0
2261,,322796,1,3600,27913,113,139,0,50331876,0x030000E4,wall,,00000228.pro,-1,,0
2262,,322884,1,3601,27915,115,139,0,50331874,0x030000E2,wall,,00000226.pro,-1,,0
2263,,322972,1,3604,27917,117,139,0,50331872,0x030000E0,wall,,00000224.pro,-1,,0
2264,,323060,1,3607,27919,119,139,0,50331876,0x030000E4,wall,,00000228.pro,-1,,0
2265,,323148,1,3608,27921,121,139,0,50331874,0x030000E2,wall,,00000226.pro,-1,,0
2266,,323236,1,3609,27923,123,139,0,50331872,0x030000E0,wall,,00000224.pro,-1,,0
2267,,323324,1,3610,27925,125,139,0,50331876,0x030000E4,wall,,00000228.pro,-1,,0
2268,,323412,1,3611,27927,127,139,0,50331874,0x030000E2,wall,,00000226.pro,-1,,0
2269,,323500,1,3612,27929,129,139,0,50331872,0x030000E0,wall,,00000224.pro,-1,,0
2270,,323588,1,3613,27931,131,139,0,50331876,0x030000E4,wall,,00000228.pro,-1,,0
2271,,323676,1,3614,27932,132,139,0,83886092,0x0500000C,misc,,00000012.pro,-1,,0
2272,,323764,1,3615,27933,133,139,0,83886092,0x0500000C,misc,,00000012.pro,-1,,0
2273,,323852,1,3616,27933,133,139,0,50331874,0x030000E2,wall,,00000226.pro,-1,,0
2274,,323940,1,3617,27934,134,139,0,83886092,0x0500000C,misc,,00000012.pro,-1,,0
2275,,324028,1,3618,27935,135,139,0,83886092,0x0500000C,misc,,00000012.pro,-1,,0
2276,,324116,1,3619,27935,135,139,0,50332301,0x0300028D,wall,,00000653.pro,-1,,0
2277,,324204,1,3626,28087,87,140,0,83886092,0x0500000C,misc,,00000012.pro,-1,,0
2278,,324292,1,3640,28130,130,140,0,83886092,0x0500000C,misc,,00000012.pro,-1,,0
2279,,324380,1,3641,28131,131,140,0,83886092,0x0500000C,misc,,00000012.pro,-1,,0
2280,,324468,1,3642,28132,132,140,0,83886092,0x0500000C,misc,,00000012.pro,-1,,0
2281,,324556,1,3643,28133,133,140,0,83886092,0x0500000C,misc,,00000012.pro,-1,,0
2282,,324644,1,3671,28287,87,141,0,83886092,0x0500000C,misc,,00000012.pro,-1,,0
2283,,324732,1,3675,28288,88,141,0,83886092,0x0500000C,misc,,00000012.pro,-1,,0
2284,,324820,1,3701,28328,128,141,0,83886092,0x0500000C,misc,,00000012.pro,-1,,0
2285,,324908,1,3702,28329,129,141,0,83886092,0x0500000C,misc,,00000012.pro,-1,,0
2286,,324996,1,3703,28330,130,141,0,83886092,0x0500000C,misc,,00000012.pro,-1,,0
2287,,325084,1,3704,28331,131,141,0,83886092,0x0500000C,misc,,00000012.pro,-1,,0
2288,,325172,1,3722,28488,88,142,0,83886092,0x0500000C,misc,,00000012.pro,-1,,0
2289,,325260,1,3740,28526,126,142,0,83886092,0x0500000C,misc,,00000012.pro,-1,,0
2290,,325348,1,3741,28527,127,142,0,83886092,0x0500000C,misc,,00000012.pro,-1,,0
2291,,325436,1,3742,28528,128,142,0,83886092,0x0500000C,misc,,00000012.pro,-1,,0
2292,,325524,1,3743,28529,129,142,0,83886092,0x0500000C,misc,,00000012.pro,-1,,0
2293,,325612,1,3762,28689,89,143,0,83886092,0x0500000C,misc,,00000012.pro,-1,,0
2294,,325700,1,3770,28724,124,143,0,83886092,0x0500000C,misc,,00000012.pro,-1,,0
2295,,325788,1,3771,28725,125,143,0,83886092,0x0500000C,misc,,00000012.pro,-1,,0
2296,,325876,1,3772,28726,126,143,0,83886092,0x0500000C,misc,,00000012.pro,-1,,0
2297,,325964,1,3773,28727,127,143,0,83886092,0x0500000C,misc,,00000012.pro,-1,,0
2298,,326052,1,3780,28889,89,144,0,83886092,0x0500000C,misc,,00000012.pro,-1,,0
2299,,326140,1,3782,28890,90,144,0,83886092,0x0500000C,misc,,00000012.pro,-1,,0
2300,,326228,1,3789,28922,122,144,0,83886092,0x0500000C,misc,,00000012.pro,-1,,0
2301,,326316,1,3790,28923,123,144,0,83886092,0x0500000C,misc,,00000012.pro,-1,,0
2302,,326404,1,3791,28924,124,144,0,83886092,0x0500000C,misc,,00000012.pro,-1,,0
2303,,326492,1,3792,28925,125,144,0,83886092,0x0500000C,misc,,00000012.pro,-1,,0
2304,,326580,1,3800,29090,90,145,0,83886092,0x0500000C,misc,,00000012.pro,-1,,0
2305,,326668,1,3814,29120,120,145,0,83886092,0x0500000C,misc,,00000012.pro,-1,,0
2306,,326756,1,3815,29121,121,145,0,83886092,0x0500000C,misc,,00000012.pro,-1,,0
2307,,326844,1,3816,29122,122,145,0,83886092,0x0500000C,misc,,00000012.pro,-1,,0
2308,,326932,1,3817,29123,123,145,0,83886092,0x0500000C,misc,,00000012.pro,-1,,0
2309,,327020,1,3824,29291,91,146,0,83886092,0x0500000C,misc,,00000012.pro,-1,,0
2310,,327108,1,3833,29318,118,146,0,83886092,0x0500000C,misc,,00000012.pro,-1,,0
2311,,327196,1,3834,29319,119,146,0,83886092,0x0500000C,misc,,00000012.pro,-1,,0
2312,,327284,1,3835,29320,120,146,0,83886092,0x0500000C,misc,,00000012.pro,-1,,0
2313,,327372,1,3836,29321,121,146,0,83886092,0x0500000C,misc,,00000012.pro,-1,,0
2314,,327460,1,3843,29491,91,147,0,83886092,0x0500000C,misc,,00000012.pro,-1,,0
2315,,327548,1,3845,29492,92,147,0,83886092,0x0500000C,misc,,00000012.pro,-1,,0
2316,,327636,1,3850,29516,116,147,0,83886092,0x0500000C,misc,,00000012.pro,-1,,0
2317,,327724,1,3851,29517,117,147,0,83886092,0x0500000C,misc,,00000012.pro,-1,,0
2318,,327812,1,3852,29518,118,147,0,83886092,0x0500000C,misc,,00000012.pro,-1,,0
2319,,327900,1,3853,29519,119,147,0,83886092,0x0500000C,misc,,00000012.pro,-1,,0
2320,,327988,1,3861,29692,92,148,0,83886092,0x0500000C,misc,,00000012.pro,-1,,0
2321,,328076,1,3866,29714,114,148,0,83886092,0x0500000C,misc,,00000012.pro,-1,,0
2322,,328164,1,3867,29715,115,148,0,83886092,0x0500000C,misc,,00000012.pro,-1,,0
2323,,328252,1,3868,29716,116,148,0,83886092,0x0500000C,misc,,00000012.pro,-1,,0
2324,,328340,1,3869,29717,117,148,0,83886092,0x0500000C,misc,,00000012.pro,-1,,0
2325,,328428,1,3876,29893,93,149,0,83886092,0x0500000C,misc,,00000012.pro,-1,,0
2326,,328516,1,3881,29912,112,149,0,83886092,0x0500000C,misc,,00000012.pro,-1,,0
2327,,328604,1,3882,29913,113,149,0,83886092,0x0500000C,misc,,00000012.pro,-1,,0
2328,,328692,1,3883,29914,114,149,0,83886092,0x0500000C,misc,,00000012.pro,-1,,0
2329,,328780,1,3884,29915,115,149,0,83886092,0x0500000C,misc,,00000012.pro,-1,,0
2330,,328868,1,3891,30093,93,150,0,83886092,0x0500000C,misc,,00000012.pro,-1,,0
2331,,328956,1,3893,30094,94,150,0,83886092,0x0500000C,misc,,00000012.pro,-1,,0
2332,,329044,1,3897,30110,110,150,0,83886092,0x0500000C,misc,,00000012.pro,-1,,0
2333,,329132,1,3898,30111,111,150,0,83886092,0x0500000C,misc,,00000012.pro,-1,,0
2334,,329220,1,3899,30112,112,150,0,83886092,0x0500000C,misc,,00000012.pro,-1,,0
2335,,329308,1,3900,30113,113,150,0,83886092,0x0500000C,misc,,00000012.pro,-1,,0
2336,,329396,1,3908,30294,94,151,0,83886092,0x0500000C,misc,,00000012.pro,-1,,0
2337,,329484,1,3910,30308,108,151,0,83886092,0x0500000C,misc,,00000012.pro,-1,,0
2338,,329572,1,3911,30309,109,151,0,83886092,0x0500000C,misc,,00000012.pro,-1,,0
2339,,329660,1,3912,30310,110,151,0,83886092,0x0500000C,misc,,00000012.pro,-1,,0
2340,,329748,1,3913,30311,111,151,0,83886092,0x0500000C,misc,,00000012.pro,-1,,0
2341,,329836,1,3918,30495,95,152,0,83886092,0x0500000C,misc,,00000012.pro,-1,,0
2342,,329924,1,3919,30506,106,152,0,83886092,0x0500000C,misc,,00000012.pro,-1,,0
2343,,330012,1,3920,30507,107,152,0,83886092,0x0500000C,misc,,00000012.pro,-1,,0
2344,,330100,1,3921,30508,108,152,0,83886092,0x0500000C,misc,,00000012.pro,-1,,0
2345,,330188,1,3922,30509,109,152,0,83886092,0x0500000C,misc,,00000012.pro,-1,,0
2346,,330276,1,3924,30695,95,153,0,83886092,0x0500000C,misc,,00000012.pro,-1,,0
2347,,330364,1,3925,30696,96,153,0,83886092,0x0500000C,misc,,00000012.pro,-1,,0
2348,,330452,1,3926,30704,104,153,0,83886092,0x0500000C,misc,,00000012.pro,-1,,0
2349,,330540,1,3927,30705,105,153,0,83886092,0x0500000C,misc,,00000012.pro,-1,,0
2350,,330628,1,3928,30706,106,153,0,83886092,0x0500000C,misc,,00000012.pro,-1,,0
2351,,330716,1,3929,30707,107,153,0,83886092,0x0500000C,misc,,00000012.pro,-1,,0
2352,,330804,1,3930,30896,96,154,0,83886092,0x0500000C,misc,,00000012.pro,-1,,0
2353,,330892,1,3931,30902,102,154,0,83886092,0x0500000C,misc,,00000012.pro,-1,,0
2354,,330980,1,3932,30903,103,154,0,83886092,0x0500000C,misc,,00000012.pro,-1,,0
2355,,331068,1,3933,30904,104,154,0,83886092,0x0500000C,misc,,00000012.pro,-1,,0
2356,,331156,1,3934,30905,105,154,0,83886092,0x0500000C,misc,,00000012.pro,-1,,0
2357,,331244,1,3935,31097,97,155,0,83886092,0x0500000C,misc,,00000012.pro,-1,,0
2358,,331332,1,3936,31100,100,155,0,83886092,0x0500000C,misc,,00000012.pro,-1,,0
2359,,331420,1,3937,31101,101,155,0,83886092,0x0500000C,misc,,00000012.pro,-1,,0
2360,,331508,1,3938,31102,102,155,0,83886092,0x0500000C,misc,,00000012.pro,-1,,0
2361,,331596,1,3939,31103,103,155,0,83886092,0x0500000C,misc,,00000012.pro,-1,,0
2362,,331684,1,3940,31297,97,156,0,83886092,0x0500000C,misc,,00000012.pro,-1,,0
2363,,331772,1,3941,31298,98,156,0,83886092,0x0500000C,misc,,00000012.pro,-1,,0
2364,,331860,1,3942,31299,99,156,0,83886092,0x0500000C,misc,,00000012.pro,-1,,0
2365,,331948,1,3943,31300,100,156,0,83886092,0x0500000C,misc,,00000012.pro,-1,,0
2366,,332036,1,3944,31301,101,156,0,83886092,0x0500000C,misc,,00000012.pro,-1,,0
2367,,332124,1,3945,31498,98,157,0,83886092,0x0500000C,misc,,00000012.pro,-1,,0
2368,,332212,1,3946,31499,99,157,0,83886092,0x0500000C,misc,,00000012.pro,-1,,0
2369,,332304,2,117,12328,128,61,0,83886092,0x0500000C,misc,,00000012.pro,-1,,0
2370,,332392,2,141,12526,126,62,0,83886092,0x0500000C,misc,,00000012.pro,-1,,0
2371,,332480,2,142,12527,127,62,0,83886092,0x0500000C,misc,,00000012.pro,-1,,0
2372,,332568,2,143,12528,128,62,0,83886092,0x0500000C,misc,,00000012.pro,-1,,0
2373,,332656,2,144,12529,129,62,0,83886092,0x0500000C,misc,,00000012.pro,-1,,0
2374,,332744,2,160,12724,124,63,0,83886092,0x0500000C,misc,,00000012.pro,-1,,0
2375,,332832,2,161,12725,125,63,0,83886092,0x0500000C,misc,,00000012.pro,-1,,0
2376,,332920,2,162,12726,126,63,0,83886092,0x0500000C,misc,,00000012.pro,-1,,0
2377,,333008,2,163,12727,127,63,0,83886092,0x0500000C,misc,,00000012.pro,-1,,0
2378,,333096,2,164,12729,129,63,0,83886092,0x0500000C,misc,,00000012.pro,-1,,0
2379,,333184,2,165,12730,130,63,0,83886092,0x0500000C,misc,,00000012.pro,-1,,0
2380,,333272,2,181,12922,122,64,0,83886092,0x0500000C,misc,,00000012.pro,-1,,0
2381,,333360,2,182,12923,123,64,0,83886092,0x0500000C,misc,,00000012.pro,-1,,0
2382,,333448,2,183,12924,124,64,0,83886092,0x0500000C,misc,,00000012.pro,-1,,0
2383,,333536,2,184,12925,125,64,0,83886092,0x0500000C,misc,,00000012.pro,-1,,0
2384,,333624,2,185,12930,130,64,0,83886092,0x0500000C,misc,,00000012.pro,-1,,0
2385,,333712,2,224,13120,120,65,0,83886092,0x0500000C,misc,,00000012.pro,-1,,0
2386,,333800,2,225,13121,121,65,0,83886092,0x0500000C,misc,,00000012.pro,-1,,0
2387,,333888,2,226,13122,122,65,0,83886092,0x0500000C,misc,,00000012.pro,-1,,0
2388,,333976,2,227,13123,123,65,0,83886092,0x0500000C,misc,,00000012.pro,-1,,0
2389,,334064,2,228,13131,131,65,0,83886092,0x0500000C,misc,,00000012.pro,-1,,0
2390,,334152,2,229,13131,131,65,0,83886092,0x0500000C,misc,,00000012.pro,-1,,0
2391,,334240,2,255,13318,118,66,0,83886092,0x0500000C,misc,,00000012.pro,-1,,0
2392,,334328,2,256,13319,119,66,0,83886092,0x0500000C,misc,,00000012.pro,-1,,0
2393,,334416,2,257,13319,119,66,0,83886092,0x0500000C,misc,,00000012.pro,-1,,0
2394,,334504,2,258,13320,120,66,0,83886092,0x0500000C,misc,,00000012.pro,-1,,0
2395,,334592,2,259,13321,121,66,0,83886092,0x0500000C,misc,,00000012.pro,-1,,0
2396,,334680,2,260,13331,131,66,0,83886092,0x0500000C,misc,,00000012.pro,-1,,0
2397,,334768,2,261,13332,132,66,0,83886092,0x0500000C,misc,,00000012.pro,-1,,0
2398,,334856,2,282,13516,116,67,0,83886092,0x0500000C,misc,,00000012.pro,-1,,0
2399,,334944,2,283,13517,117,67,0,83886092,0x0500000C,misc,,00000012.pro,-1,,0
2400,,335032,2,284,13518,118,67,0,83886092,0x0500000C,misc,,00000012.pro,-1,,0
2401,,335120,2,285,13519,119,67,0,83886092,0x0500000C,misc,,00000012.pro,-1,,0
2402,,335208,2,287,13532,132,67,0,83886092,0x0500000C,misc,,00000012.pro,-1,,0
2403,,335296,2,300,13714,114,68,0,83886092,0x0500000C,misc,,00000012.pro,-1,,0
2404,,335384,2,301,13715,115,68,0,83886092,0x0500000C,misc,,00000012.pro,-1,,0
2405,,335472,2,302,13716,116,68,0,83886092,0x0500000C,misc,,00000012.pro,-1,,0
2406,,335560,2,303,13717,117,68,0,83886092,0x0500000C,misc,,00000012.pro,-1,,0
2407,,335648,2,307,13733,133,68,0,83886092,0x0500000C,misc,,00000012.pro,-1,,0
2408,,335736,2,339,13912,112,69,0,83886092,0x0500000C,misc,,00000012.pro,-1,,0
2409,,335824,2,340,13913,113,69,0,83886092,0x0500000C,misc,,00000012.pro,-1,,0
2410,,335912,2,341,13914,114,69,0,83886092,0x0500000C,misc,,00000012.pro,-1,,0
2411,,336000,2,342,13915,115,69,0,83886092,0x0500000C,misc,,00000012.pro,-1,,0
2412,,336088,2,348,13933,133,69,0,83886092,0x0500000C,misc,,00000012.pro,-1,,0
2413,,336176,2,349,13934,134,69,0,83886092,0x0500000C,misc,,00000012.pro,-1,,0
2414,,336264,2,373,14110,110,70,0,83886092,0x0500000C,misc,,00000012.pro,-1,,0
2415,,336352,2,374,14111,111,70,0,83886092,0x0500000C,misc,,00000012.pro,-1,,0
2416,,336440,2,376,14112,112,70,0,83886092,0x0500000C,misc,,00000012.pro,-1,,0
2417,,336528,2,377,14113,113,70,0,83886092,0x0500000C,misc,,00000012.pro,-1,,0
2418,,336616,2,384,14134,134,70,0,83886092,0x0500000C,misc,,00000012.pro,-1,,0
2419,,336704,2,398,14308,108,71,0,83886092,0x0500000C,misc,,00000012.pro,-1,,0
2420,,336792,2,400,14309,109,71,0,83886092,0x0500000C,misc,,00000012.pro,-1,,0
2421,,336880,2,402,14310,110,71,0,83886092,0x0500000C,misc,,00000012.pro,-1,,0
2422,,336968,2,404,14311,111,71,0,83886092,0x0500000C,misc,,00000012.pro,-1,,0
2423,,337056,2,413,14335,135,71,0,83886092,0x0500000C,misc,,00000012.pro,-1,,0
2424,,337144,2,420,14506,106,72,0,83886092,0x0500000C,misc,,00000012.pro,-1,,0
2425,,337232,2,421,14507,107,72,0,83886092,0x0500000C,misc,,00000012.pro,-1,,0
2426,,337320,2,422,14508,108,72,0,83886092,0x0500000C,misc,,00000012.pro,-1,,0
2427,,337408,2,424,14509,109,72,0,83886092,0x0500000C,misc,,00000012.pro,-1,,0
2428,,337496,2,435,14535,135,72,0,83886092,0x0500000C,misc,,00000012.pro,-1,,0
2429,,337584,2,436,14536,136,72,0,83886092,0x0500000C,misc,,00000012.pro,-1,,0
2430,,337672,2,446,14704,104,73,0,83886092,0x0500000C,misc,,00000012.pro,-1,,0
2431,,337760,2,447,14705,105,73,0,83886092,0x0500000C,misc,,00000012.pro,-1,,0
2432,,337848,2,448,14706,106,73,0,83886092,0x0500000C,misc,,00000012.pro,-1,,0
2433,,337936,2,449,14707,107,73,0,83886092,0x0500000C,misc,,00000012.pro,-1,,0
2434,,338024,2,459,14736,136,73,0,83886092,0x0500000C,misc,,00000012.pro,-1,,0
2435,,338112,2,467,14902,102,74,0,83886092,0x0500000C,misc,,00000012.pro,-1,,0
2436,,338200,2,468,14903,103,74,0,83886092,0x0500000C,misc,,00000012.pro,-1,,0
2437,,338288,2,469,14904,104,74,0,83886092,0x0500000C,misc,,00000012.pro,-1,,0
2438,,338376,2,470,14905,105,74,0,83886092,0x0500000C,misc,,00000012.pro,-1,,0
2439,,338464,2,479,14937,137,74,0,83886092,0x0500000C,misc,,00000012.pro,-1,,0
2440,,338552,2,488,15100,100,75,0,83886092,0x0500000C,misc,,00000012.pro,-1,,0
2441,,338640,2,489,15101,101,75,0,83886092,0x0500000C,misc,,00000012.pro,-1,,0
2442,,338728,2,490,15102,102,75,0,83886092,0x0500000C,misc,,00000012.pro,-1,,0
2443,,338816,2,491,15103,103,75,0,83886092,0x0500000C,misc,,00000012.pro,-1,,0
2444,,338904,2,501,15137,137,75,0,83886092,0x0500000C,misc,,00000012.pro,-1,,0
2445,,338992,2,502,15138,138,75,0,83886092,0x0500000C,misc,,00000012.pro,-1,,0
2446,,339080,2,508,15298,98,76,0,83886092,0x0500000C,misc,,00000012.pro,-1,,0
2447,,339168,2,509,15299,99,76,0,83886092,0x0500000C,misc,,00000012.pro,-1,,0
2448,,339256,2,511,15300,100,76,0,83886092,0x0500000C,misc,,00000012.pro,-1,,0
2449,,339344,2,512,15301,101,76,0,83886092,0x0500000C,misc,,00000012.pro,-1,,0
2450,,339432,2,522,15338,138,76,0,83886092,0x0500000C,misc,,00000012.pro,-1,,0
2451,,339520,2,527,15496,96,77,0,83886092,0x0500000C,misc,,00000012.pro,-1,,0
2452,,339608,2,528,15497,97,77,0,83886092,0x0500000C,misc,,00000012.pro,-1,,0
2453,,339696,2,529,15498,98,77,0,83886092,0x0500000C,misc,,00000012.pro,-1,,0
2454,,339784,2,530,15499,99,77,0,83886092,0x0500000C,misc,,00000012.pro,-1,,0
2455,,339872,2,540,15539,139,77,0,83886092,0x0500000C,misc,,00000012.pro,-1,,0
2456,,339960,2,546,15694,94,78,0,83886092,0x0500000C,misc,,00000012.pro,-1,,0
2457,,340048,2,547,15695,95,78,0,83886092,0x0500000C,misc,,00000012.pro,-1,,0
2458,,340136,2,548,15696,96,78,0,83886092,0x0500000C,misc,,00000012.pro,-1,,0
2459,,340224,2,549,15697,97,78,0,83886092,0x0500000C,misc,,00000012.pro,-1,,0
2460,,340312,2,560,15739,139,78,0,83886092,0x0500000C,misc,,00000012.pro,-1,,0
2461,,340400,2,561,15740,140,78,0,83886092,0x0500000C,misc,,00000012.pro,-1,,0
2462,,340488,2,572,15892,92,79,0,83886092,0x0500000C,misc,,00000012.pro,-1,,0
2463,,340576,2,574,15893,93,79,0,83886092,0x0500000C,misc,,00000012.pro,-1,,0
2464,,340664,2,576,15894,94,79,0,83886092,0x0500000C,misc,,00000012.pro,-1,,0
2465,,340752,2,577,15895,95,79,0,83886092,0x0500000C,misc,,00000012.pro,-1,,0
2466,,340840,2,591,15904,104,79,0,50332347,0x030002BB,wall,,00000699.pro,-1,,0
2467,,340928,2,593,15905,105,79,0,50332318,0x0300029E,wall,,00000670.pro,-1,,0
2468,,341016,2,595,15906,106,79,0,50332314,0x0300029A,wall,,00000666.pro,-1,,0
2469,,341104,2,597,15907,107,79,0,50332318,0x0300029E,wall,,00000670.pro,-1,,0
2470,,341192,2,599,15908,108,79,0,50332314,0x0300029A,wall,,00000666.pro,-1,,0
2471,,341280,2,601,15909,109,79,0,50332318,0x0300029E,wall,,00000670.pro,-1,,0
2472,,341368,2,603,15910,110,79,0,50332314,0x0300029A,wall,,00000666.pro,-1,,0
2473,,341456,2,605,15911,111,79,0,50332318,0x0300029E,wall,,00000670.pro,-1,,0
2474,,341544,2,607,15912,112,79,0,50332346,0x030002BA,wall,,00000698.pro,-1,,0
2475,,341632,2,612,15940,140,79,0,83886092,0x0500000C,misc,,00000012.pro,-1,,0
2476,,341720,2,618,16090,90,80,0,83886092,0x0500000C,misc,,00000012.pro,-1,,0
2477,,341808,2,620,16091,91,80,0,83886092,0x0500000C,misc,,00000012.pro,-1,,0
2478,,341896,2,622,16092,92,80,0,83886092,0x0500000C,misc,,00000012.pro,-1,,0
2479,,341984,2,624,16093,93,80,0,83886092,0x0500000C,misc,,00000012.pro,-1,,0
2480,,342072,2,634,16104,104,80,0,50332269,0x0300026D,wall,,00000621.pro,-1,,0
2481,,342160,2,635,16105,105,80,0,50332270,0x0300026E,wall,,00000622.pro,-1,,0
2482,,342248,2,637,16107,107,80,0,50332270,0x0300026E,wall,,00000622.pro,-1,,0
2483,,342336,2,639,16109,109,80,0,50332270,0x0300026E,wall,,00000622.pro,-1,,0
2484,,342424,2,641,16111,111,80,0,50332270,0x0300026E,wall,,00000622.pro,-1,,0
2485,,342512,2,643,16112,112,80,0,50332269,0x0300026D,wall,,00000621.pro,-1,,0
2486,,342600,2,647,16141,141,80,0,83886092,0x0500000C,misc,,00000012.pro,-1,,0
2487,,342688,2,666,16288,88,81,0,83886092,0x0500000C,misc,,00000012.pro,-1,,0
2488,,342776,2,668,16289,89,81,0,83886092,0x0500000C,misc,,00000012.pro,-1,,0
2489,,342864,2,669,16290,90,81,0,83886092,0x0500000C,misc,,00000012.pro,-1,,0
2490,,342952,2,671,16291,91,81,0,83886092,0x0500000C,misc,,00000012.pro,-1,,0
2491,,343040,2,680,16304,104,81,0,50332335,0x030002AF,wall,,00000687.pro,-1,,0
2492,,343128,2,685,16312,112,81,0,50332335,0x030002AF,wall,,00000687.pro,-1,,0
2493,,343216,2,690,16341,141,81,0,83886092,0x0500000C,misc,,00000012.pro,-1,,0
2494,,343304,2,691,16342,142,81,0,83886092,0x0500000C,misc,,00000012.pro,-1,,0
2495,,343392,2,701,16486,86,82,0,83886092,0x0500000C,misc,,00000012.pro,-1,,0
2496,,343480,2,703,16487,87,82,0,83886092,0x0500000C,misc,,00000012.pro,-1,,0
2497,,343568,2,704,16488,88,82,0,83886092,0x0500000C,misc,,00000012.pro,-1,,0
2498,,343656,2,705,16489,89,82,0,83886092,0x0500000C,misc,,00000012.pro,-1,,0
2499,,343744,2,706,16489,89,82,0,83886092,0x0500000C,misc,,00000012.pro,-1,,0
2500,,343832,2,714,16504,104,82,0,50332333,0x030002AD,wall,,00000685.pro,-1,,0
2501,,343920,2,715,16512,112,82,0,50332333,0x030002AD,wall,,00000685.pro,-1,,0
2502,,344008,2,719,16542,142,82,0,83886092,0x0500000C,misc,,00000012.pro,-1,,0
2503,,344096,2,727,16684,84,83,0,83886092,0x0500000C,misc,,00000012.pro,-1,,0
2504,,344184,2,729,16685,85,83,0,83886092,0x0500000C,misc,,00000012.pro,-1,,0
2505,,344272,2,730,16686,86,83,0,83886092,0x0500000C,misc,,00000012.pro,-1,,0
2506,,344360,2,732,16687,87,83,0,83886092,0x0500000C,misc,,00000012.pro,-1,,0
2507,,344448,2,740,16704,104,83,0,50332335,0x030002AF,wall,,00000687.pro,-1,,0
2508,,344536,2,741,16706,106,83,0,33554776,0x02000158,scenery,generic,00000345.pro,-1,,0
2509,,344624,2,742,16707,107,83,0,33554776,0x02000158,scenery,generic,00000345.pro,-1,,0
2510,,344712,2,743,16708,108,83,0,33554901,0x020001D5,scenery,generic,00000470.pro,-1,,0
2511,,344800,2,744,16712,112,83,0,50332335,0x030002AF,wall,,00000687.pro,-1,,0
2512,,344888,2,747,16743,143,83,0,83886092,0x0500000C,misc,,00000012.pro,-1,,0
2513,,344976,2,750,16882,82,84,0,83886092,0x0500000C,misc,,00000012.pro,-1,,0
2514,,345064,2,751,16883,83,84,0,83886092,0x0500000C,misc,,00000012.pro,-1,,0
2515,,345152,2,752,16884,84,84,0,83886092,0x0500000C,misc,,00000012.pro,-1,,0
2516,,345240,2,753,16885,85,84,0,83886092,0x0500000C,misc,,00000012.pro,-1,,0
2517,,345328,2,761,16904,104,84,0,50332333,0x030002AD,wall,,00000685.pro,-1,,0
2518,,345416,2,762,16906,106,84,0,33554776,0x02000158,scenery,generic,00000345.pro,-1,,0
2519,,345504,2,764,16909,109,84,0,33554900,0x020001D4,scenery,generic,00000469.pro,-1,,0
2520,,345592,2,765,16912,112,84,0,50332333,0x030002AD,wall,,00000685.pro,-1,,0
2521,,345680,2,769,16943,143,84,0,83886092,0x0500000C,misc,,00000012.pro,-1,,0
2522,,345768,2,770,16944,144,84,0,83886092,0x0500000C,misc,,00000012.pro,-1,,0
2523,,345856,2,772,17080,80,85,0,83886092,0x0500000C,misc,,00000012.pro,-1,,0
2524,,345944,2,773,17081,81,85,0,83886092,0x0500000C,misc,,00000012.pro,-1,,0
2525,,346032,2,774,17082,82,85,0,83886092,0x0500000C,misc,,00000012.pro,-1,,0
2526,,346120,2,775,17083,83,85,0,83886092,0x0500000C,misc,,00000012.pro,-1,,0
2527,,346208,2,776,17084,84,85,0,50332347,0x030002BB,wall,,00000699.pro,-1,,0
2528,,346296,2,777,17085,85,85,0,50332372,0x030002D4,wall,,00000724.pro,-1,,0
2529,,346384,2,779,17086,86,85,0,50332371,0x030002D3,wall,,00000723.pro,-1,,0
2530,,346472,2,781,17087,87,85,0,50332316,0x0300029C,wall,,00000668.pro,-1,,0
2531,,346560,2,783,17088,88,85,0,50332315,0x0300029B,wall,,00000667.pro,-1,,0
2532,,346648,2,785,17089,89,85,0,50332370,0x030002D2,wall,,00000722.pro,-1,,0
2533,,346736,2,786,17090,90,85,0,50332369,0x030002D1,wall,,00000721.pro,-1,,0
2534,,346824,2,787,17091,91,85,0,50332318,0x0300029E,wall,,00000670.pro,-1,,0
2535,,346912,2,789,17092,92,85,0,50332317,0x0300029D,wall,,00000669.pro,-1,,0
2536,,347000,2,790,17093,93,85,0,50332318,0x0300029E,wall,,00000670.pro,-1,,0
2537,,347088,2,791,17094,94,85,0,50332317,0x0300029D,wall,,00000669.pro,-1,,0
2538,,347176,2,792,17095,95,85,0,50332318,0x0300029E,wall,,00000670.pro,-1,,0
2539,,347264,2,793,17096,96,85,0,50332317,0x0300029D,wall,,00000669.pro,-1,,0
2540,,347352,2,794,17097,97,85,0,50332316,0x0300029C,wall,,00000668.pro,-1,,0
2541,,347440,2,795,17098,98,85,0,50332315,0x0300029B,wall,,00000667.pro,-1,,0
2542,,347528,2,796,17099,99,85,0,50332316,0x0300029C,wall,,00000668.pro,-1,,0
2543,,347616,2,798,17100,100,85,0,50332315,0x0300029B,wall,,00000667.pro,-1,,0
2544,,347704,2,800,17101,101,85,0,50332320,0x030002A0,wall,,00000672.pro,-1,,0
2545,,347792,2,801,17102,102,85,0,50332319,0x0300029F,wall,,00000671.pro,-1,,0
2546,,347880,2,802,17103,103,85,0,50332318,0x0300029E,wall,,00000670.pro,-1,,0
2547,,347968,2,803,17104,104,85,0,50332368,0x030002D0,wall,,00000720.pro,-1,,0
2548,,348056,2,804,17105,105,85,0,50332318,0x0300029E,wall,,00000670.pro,-1,,0
2549,,348144,2,805,17106,106,85,0,50332684,0x0300040C,wall,,00001036.pro,-1,,0
2550,,348232,2,806,17107,107,85,0,33554776,0x02000158,scenery,generic,00000345.pro,-1,,0
2551,,348320,2,807,17108,108,85,0,33554902,0x020001D6,scenery,door,00000471.pro,50331651,MetlDoor.int,0
2552,,348412,2,808,17109,109,85,0,33554776,0x02000158,scenery,generic,00000345.pro,-1,,0
2553,,348500,2,809,17110,110,85,0,50332683,0x0300040B,wall,,00001035.pro,-1,,0
2554,,348588,2,810,17111,111,85,0,50332318,0x0300029E,wall,,00000670.pro,-1,,0
2555,,348676,2,811,17112,112,85,0,50332366,0x030002CE,wall,,00000718.pro,-1,,0
2556,,348764,2,812,17113,113,85,0,50332318,0x0300029E,wall,,00000670.pro,-1,,0
2557,,348852,2,813,17114,114,85,0,50332364,0x030002CC,wall,,00000716.pro,-1,,0
2558,,348940,2,814,17115,115,85,0,50332320,0x030002A0,wall,,00000672.pro,-1,,0
2559,,349028,2,815,17116,116,85,0,50332319,0x0300029F,wall,,00000671.pro,-1,,0
2560,,349116,2,816,17117,117,85,0,50332318,0x0300029E,wall,,00000670.pro,-1,,0
2561,,349204,2,817,17118,118,85,0,50332314,0x0300029A,wall,,00000666.pro,-1,,0
2562,,349292,2,818,17119,119,85,0,50332318,0x0300029E,wall,,00000670.pro,-1,,0
2563,,349380,2,819,17120,120,85,0,50332314,0x0300029A,wall,,00000666.pro,-1,,0
2564,,349468,2,820,17121,121,85,0,50332318,0x0300029E,wall,,00000670.pro,-1,,0
2565,,349556,2,822,17122,122,85,0,50332317,0x0300029D,wall,,00000669.pro,-1,,0
2566,,349644,2,823,17123,123,85,0,50332318,0x0300029E,wall,,00000670.pro,-1,,0
2567,,349732,2,824,17124,124,85,0,50332314,0x0300029A,wall,,00000666.pro,-1,,0
2568,,349820,2,825,17125,125,85,0,50332320,0x030002A0,wall,,00000672.pro,-1,,0
2569,,349908,2,826,17126,126,85,0,50332319,0x0300029F,wall,,00000671.pro,-1,,0
2570,,349996,2,827,17127,127,85,0,50332318,0x0300029E,wall,,00000670.pro,-1,,0
2571,,350084,2,828,17128,128,85,0,50332364,0x030002CC,wall,,00000716.pro,-1,,0
2572,,350172,2,829,17129,129,85,0,50332318,0x0300029E,wall,,00000670.pro,-1,,0
2573,,350260,2,830,17130,130,85,0,50332314,0x0300029A,wall,,00000666.pro,-1,,0
2574,,350348,2,831,17131,131,85,0,50332318,0x0300029E,wall,,00000670.pro,-1,,0
2575,,350436,2,832,17132,132,85,0,50332364,0x030002CC,wall,,00000716.pro,-1,,0
2576,,350524,2,834,17133,133,85,0,50332318,0x0300029E,wall,,00000670.pro,-1,,0
2577,,350612,2,836,17134,134,85,0,50332317,0x0300029D,wall,,00000669.pro,-1,,0
2578,,350700,2,837,17135,135,85,0,50332318,0x0300029E,wall,,00000670.pro,-1,,0
2579,,350788,2,838,17136,136,85,0,50332364,0x030002CC,wall,,00000716.pro,-1,,0
2580,,350876,2,839,17137,137,85,0,50332318,0x0300029E,wall,,00000670.pro,-1,,0
2581,,350964,2,840,17138,138,85,0,50332317,0x0300029D,wall,,00000669.pro,-1,,0
2582,,351052,2,841,17139,139,85,0,50332318,0x0300029E,wall,,00000670.pro,-1,,0
2583,,351140,2,842,17140,140,85,0,50332364,0x030002CC,wall,,00000716.pro,-1,,0
2584,,351228,2,843,17141,141,85,0,50332318,0x0300029E,wall,,00000670.pro,-1,,0
2585,,351316,2,844,17142,142,85,0,50332317,0x0300029D,wall,,00000669.pro,-1,,0
2586,,351404,2,845,17143,143,85,0,50332318,0x0300029E,wall,,00000670.pro,-1,,0
2587,,351492,2,846,17144,144,85,0,83886092,0x0500000C,misc,,00000012.pro,-1,,0
2588,,351580,2,847,17144,144,85,0,50332346,0x030002BA,wall,,00000698.pro,-1,,0
2589,,351668,2,848,17145,145,85,0,50332270,0x0300026E,wall,,00000622.pro,-1,,0
2590,,351756,2,850,17278,78,86,0,83886092,0x0500000C,misc,,00000012.pro,-1,,0
2591,,351844,2,851,17279,79,86,0,83886092,0x0500000C,misc,,00000012.pro,-1,,0
2592,,351932,2,852,17280,80,86,0,83886092,0x0500000C,misc,,00000012.pro,-1,,0
2593,,352020,2,853,17281,81,86,0,83886092,0x0500000C,misc,,00000012.pro,-1,,0
2594,,352108,2,855,17284,84,86,0,50332269,0x0300026D,wall,,00000621.pro,-1,,0
2595,,352196,2,857,17285,85,86,0,50332270,0x0300026E,wall,,00000622.pro,-1,,0
2596,,352284,2,860,17287,87,86,0,50332270,0x0300026E,wall,,00000622.pro,-1,,0
2597,,352372,2,861,17289,89,86,0,50332270,0x0300026E,wall,,00000622.pro,-1,,0
2598,,352460,2,862,17291,91,86,0,50332270,0x0300026E,wall,,00000622.pro,-1,,0
2599,,352548,2,864,17293,93,86,0,50332270,0x0300026E,wall,,00000622.pro,-1,,0
2600,,352636,2,865,17293,93,86,0,33555252,0x02000334,scenery,generic,00000821.pro,-1,,0
2601,,352724,2,866,17295,95,86,0,50332270,0x0300026E,wall,,00000622.pro,-1,,0
2602,,352812,2,867,17295,95,86,0,33555235,0x02000323,scenery,generic,00000804.pro,-1,,0
2603,,352900,2,868,17297,97,86,0,50332270,0x0300026E,wall,,00000622.pro,-1,,0
2604,,352988,2,869,17298,98,86,0,33554499,0x02000043,scenery,generic,00000068.pro,-1,,0
2605,,353076,2,870,17299,99,86,0,50332270,0x0300026E,wall,,00000622.pro,-1,,0
2606,,353164,2,873,17301,101,86,0,50332270,0x0300026E,wall,,00000622.pro,-1,,0
2607,,353252,2,874,17303,103,86,0,50332270,0x0300026E,wall,,00000622.pro,-1,,0
2608,,353340,2,875,17304,104,86,0,50332269,0x0300026D,wall,,00000621.pro,-1,,0
2609,,353428,2,876,17305,105,86,0,50332270,0x0300026E,wall,,00000622.pro,-1,,0
2610,,353516,2,877,17311,111,86,0,50332270,0x0300026E,wall,,00000622.pro,-1,,0
2611,,353604,2,878,17313,113,86,0,50332270,0x0300026E,wall,,00000622.pro,-1,,0
2612,,353692,2,879,17314,114,86,0,50332269,0x0300026D,wall,,00000621.pro,-1,,0
2613,,353780,2,880,17315,115,86,0,50332270,0x0300026E,wall,,00000622.pro,-1,,0
2614,,353868,2,881,17316,116,86,0,33554499,0x02000043,scenery,generic,00000068.pro,-1,,0
2615,,353956,2,882,17317,117,86,0,50332270,0x0300026E,wall,,00000622.pro,-1,,0
2616,,354044,2,883,17318,118,86,0,33554499,0x02000043,scenery,generic,00000068.pro,-1,,0
2617,,354132,2,884,17319,119,86,0,50332270,0x0300026E,wall,,00000622.pro,-1,,0
2618,,354220,2,885,17319,119,86,0,33555221,0x02000315,scenery,generic,00000790.pro,-1,,0
2619,,354308,2,886,17320,120,86,0,33554499,0x02000043,scenery,generic,00000068.pro,-1,,0
2620,,354396,2,887,17321,121,86,0,50332270,0x0300026E,wall,,00000622.pro,-1,,0
2621,,354484,2,888,17322,122,86,0,33554499,0x02000043,scenery,generic,00000068.pro,-1,,0
2622,,354572,2,889,17322,122,86,0,33555225,0x02000319,scenery,generic,00000794.pro,-1,,0
2623,,354660,2,891,17323,123,86,0,50332270,0x0300026E,wall,,00000622.pro,-1,,0
2624,,354748,2,892,17324,124,86,0,33554499,0x02000043,scenery,generic,00000068.pro,-1,,0
2625,,354836,2,893,17325,125,86,0,50332270,0x0300026E,wall,,00000622.pro,-1,,0
2626,,354924,2,894,17327,127,86,0,50332270,0x0300026E,wall,,00000622.pro,-1,,0
2627,,355012,2,895,17328,128,86,0,50332269,0x0300026D,wall,,00000621.pro,-1,,0
2628,,355100,2,896,17330,130,86,0,33554499,0x02000043,scenery,generic,00000068.pro,-1,,0
2629,,355188,2,897,17331,131,86,0,50332270,0x0300026E,wall,,00000622.pro,-1,,0
2630,,355276,2,898,17332,132,86,0,50332269,0x0300026D,wall,,00000621.pro,-1,,0
2631,,355364,2,899,17333,133,86,0,50332270,0x0300026E,wall,,00000622.pro,-1,,0
2632,,355452,2,901,17334,134,86,0,33555252,0x02000334,scenery,generic,00000821.pro,-1,,0
2633,,355540,2,902,17334,134,86,0,33555205,0x02000305,scenery,generic,00000774.pro,-1,,0
2634,,355628,2,903,17335,135,86,0,50332270,0x0300026E,wall,,00000622.pro,-1,,0
2635,,355716,2,904,17336,136,86,0,50332269,0x0300026D,wall,,00000621.pro,-1,,0
2636,,355804,2,905,17337,137,86,0,50332270,0x0300026E,wall,,00000622.pro,-1,,0
2637,,355892,2,906,17338,138,86,0,33554499,0x02000043,scenery,generic,00000068.pro,-1,,0
2638,,355980,2,907,17338,138,86,0,33555235,0x02000323,scenery,generic,00000804.pro,-1,,0
2639,,356068,2,908,17339,139,86,0,50332270,0x0300026E,wall,,00000622.pro,-1,,0
2640,,356156,2,909,17340,140,86,0,50332269,0x0300026D,wall,,00000621.pro,-1,,0
2641,,356244,2,910,17341,141,86,0,50332270,0x0300026E,wall,,00000622.pro,-1,,0
2642,,356332,2,911,17342,142,86,0,33554499,0x02000043,scenery,generic,00000068.pro,-1,,0
2643,,356420,2,912,17342,142,86,0,33555235,0x02000323,scenery,generic,00000804.pro,-1,,0
2644,,356508,2,913,17343,143,86,0,50332270,0x0300026E,wall,,00000622.pro,-1,,0
2645,,356596,2,914,17344,144,86,0,50332270,0x0300026E,wall,,00000622.pro,-1,,0
2646,,356684,2,915,17345,145,86,0,50332269,0x0300026D,wall,,00000621.pro,-1,,0
2647,,356772,2,916,17345,145,86,0,83886092,0x0500000C,misc,,00000012.pro,-1,,0
2648,,356860,2,919,17476,76,87,0,83886092,0x0500000C,misc,,00000012.pro,-1,,0
2649,,356948,2,920,17477,77,87,0,83886092,0x0500000C,misc,,00000012.pro,-1,,0
2650,,357036,2,921,17478,78,87,0,83886092,0x0500000C,misc,,00000012.pro,-1,,0
2651,,357124,2,922,17479,79,87,0,83886092,0x0500000C,misc,,00000012.pro,-1,,0
2652,,357212,2,926,17484,84,87,0,50332332,0x030002AC,wall,,00000684.pro,-1,,0
2653,,357300,2,937,17493,93,87,5,16777232,0x01000010,critter,,00000016.pro,67108869,Valtglo.int,0
2654,,357428,2,943,17498,98,87,0,33554499,0x02000043,scenery,generic,00000068.pro,-1,,0
2655,,357516,2,945,17499,99,87,0,33555230,0x0200031E,scenery,generic,00000799.pro,-1,,0
2656,,357604,2,948,17500,100,87,0,33554499,0x02000043,scenery,generic,00000068.pro,-1,,0
2657,,357692,2,951,17501,101,87,0,33554499,0x02000043,scenery,generic,00000068.pro,-1,,0
2658,,357780,2,955,17504,104,87,0,50332334,0x030002AE,wall,,00000686.pro,-1,,0
2659,,357868,2,966,17514,114,87,0,50332332,0x030002AC,wall,,00000684.pro,-1,,0
2660,,357956,2,970,17517,117,87,0,33555238,0x02000326,scenery,generic,00000807.pro,-1,,0
2661,,358044,2,973,17519,119,87,0,33555250,0x02000332,scenery,generic,00000819.pro,-1,,0
2662,,358132,2,979,17523,123,87,0,33555238,0x02000326,scenery,generic,00000807.pro,-1,,0
2663,,358220,2,988,17528,128,87,0,50332335,0x030002AF,wall,,00000687.pro,-1,,0
2664,,358308,2,990,17529,129,87,0,33555238,0x02000326,scenery,generic,00000807.pro,-1,,0
2665,,358396,2,994,17532,132,87,0,50332360,0x030002C8,wall,,00000712.pro,-1,,0
2666,,358484,2,999,17536,136,87,0,50332360,0x030002C8,wall,,00000712.pro,-1,,0
2667,,358572,2,1000,17540,140,87,0,50332360,0x030002C8,wall,,00000712.pro,-1,,0
2668,,358660,2,1001,17544,144,87,0,50332335,0x030002AF,wall,,00000687.pro,-1,,0
2669,,358748,2,1002,17545,145,87,0,83886092,0x0500000C,misc,,00000012.pro,-1,,0
2670,,358836,2,1003,17545,145,87,0,50331878,0x030000E6,wall,,00000230.pro,-1,,0
2671,,358924,2,1004,17546,146,87,0,83886092,0x0500000C,misc,,00000012.pro,-1,,0
2672,,359012,2,1006,17674,74,88,0,83886092,0x0500000C,misc,,00000012.pro,-1,,0
2673,,359100,2,1007,17675,75,88,0,83886092,0x0500000C,misc,,00000012.pro,-1,,0
2674,,359188,2,1008,17676,76,88,0,83886092,0x0500000C,misc,,00000012.pro,-1,,0
2675,,359276,2,1009,17677,77,88,0,83886092,0x0500000C,misc,,00000012.pro,-1,,0
2676,,359364,2,1014,17684,84,88,0,50332331,0x030002AB,wall,,00000683.pro,-1,,0
2677,,359452,2,1021,17693,93,88,0,33555241,0x02000329,scenery,generic,00000810.pro,-1,,0
2678,,359540,2,1024,17697,97,88,0,33555204,0x02000304,scenery,generic,00000773.pro,-1,,0
2679,,359628,2,1027,17699,99,88,0,33554499,0x02000043,scenery,generic,00000068.pro,-1,,0
2680,,359716,2,1031,17701,101,88,0,33554499,0x02000043,scenery,generic,00000068.pro,-1,,0
2681,,359804,2,1033,17704,104,88,0,50332333,0x030002AD,wall,,00000685.pro,-1,,0
2682,,359892,2,1040,17714,114,88,0,50332331,0x030002AB,wall,,00000683.pro,-1,,0
2683,,359980,2,1042,17715,115,88,0,33554499,0x02000043,scenery,generic,00000068.pro,-1,,0
2684,,360068,2,1043,17716,116,88,0,33554499,0x02000043,scenery,generic,00000068.pro,-1,,0
2685,,360156,2,1046,17719,119,88,0,33555211,0x0200030B,scenery,generic,00000780.pro,-1,,0
2686,,360244,2,1050,17723,123,88,0,33555208,0x02000308,scenery,generic,00000777.pro,-1,,0
2687,,360332,2,1054,17728,128,88,0,50332333,0x030002AD,wall,,00000685.pro,-1,,0
2688,,360420,2,1062,17744,144,88,0,50332333,0x030002AD,wall,,00000685.pro,-1,,0
2689,,360508,2,1063,17745,145,88,0,50331879,0x030000E7,wall,,00000231.pro,-1,,0
2690,,360596,2,1064,17746,146,88,0,83886092,0x0500000C,misc,,00000012.pro,-1,,0
2691,,360684,2,1066,17872,72,89,0,83886092,0x0500000C,misc,,00000012.pro,-1,,0
2692,,360772,2,1067,17873,73,89,0,83886092,0x0500000C,misc,,00000012.pro,-1,,0
2693,,360860,2,1068,17874,74,89,0,83886092,0x0500000C,misc,,00000012.pro,-1,,0
2694,,360948,2,1069,17875,75,89,0,83886092,0x0500000C,misc,,00000012.pro,-1,,0
2695,,361036,2,1074,17884,84,89,0,50332375,0x030002D7,wall,,00000727.pro,-1,,0
2696,,361124,2,1076,17887,87,89,0,33555207,0x02000307,scenery,generic,00000776.pro,-1,,0
2697,,361212,2,1078,17892,92,89,0,33555242,0x0200032A,scenery,generic,00000811.pro,-1,,0
2698,,361300,2,1082,17904,104,89,0,50332335,0x030002AF,wall,,00000687.pro,-1,,0
2699,,361388,2,1083,17908,108,89,0,33554573,0x0200008D,scenery,generic,00000142.pro,-1,,0
2700,,361476,2,1085,17914,114,89,0,50332375,0x030002D7,wall,,00000727.pro,-1,,0
2701,,361564,2,1086,17916,116,89,0,33555251,0x02000333,scenery,generic,00000820.pro,-1,,0
2702,,361652,2,1087,17917,117,89,1,16777232,0x01000010,critter,,00000016.pro,67108867,Valtglo.int,0
2703,,361780,2,1090,17928,128,89,0,50332334,0x030002AE,wall,,00000686.pro,-1,,0
2704,,361868,2,1091,17928,128,89,0,33555234,0x02000322,scenery,generic,00000803.pro,-1,,0
2705,,361956,2,1095,17944,144,89,0,50332335,0x030002AF,wall,,00000687.pro,-1,,0
2706,,362044,2,1096,17945,145,89,0,50331880,0x030000E8,wall,,00000232.pro,-1,,0
2707,,362132,2,1097,17947,147,89,0,83886092,0x0500000C,misc,,00000012.pro,-1,,0
2708,,362220,2,1100,18070,70,90,0,83886092,0x0500000C,misc,,00000012.pro,-1,,0
2709,,362308,2,1101,18071,71,90,0,83886092,0x0500000C,misc,,00000012.pro,-1,,0
2710,,362396,2,1102,18072,72,90,0,83886092,0x0500000C,misc,,00000012.pro,-1,,0
2711,,362484,2,1103,18073,73,90,0,83886092,0x0500000C,misc,,00000012.pro,-1,,0
2712,,362572,2,1108,18084,84,90,0,50332374,0x030002D6,wall,,00000726.pro,-1,,0
2713,,362660,2,1110,18086,86,90,0,33554499,0x02000043,scenery,generic,00000068.pro,-1,,0
2714,,362748,2,1112,18087,87,90,0,33554499,0x02000043,scenery,generic,00000068.pro,-1,,0
2715,,362836,2,1113,18088,88,90,0,33554499,0x02000043,scenery,generic,00000068.pro,-1,,0
2716,,362924,2,1116,18095,95,90,0,33555241,0x02000329,scenery,generic,00000810.pro,-1,,0
2717,,363012,2,1117,18097,97,90,0,16777232,0x01000010,critter,,00000016.pro,67108868,Valtglo.int,0
2718,,363140,2,1123,18104,104,90,0,50332333,0x030002AD,wall,,00000685.pro,-1,,0
2719,,363228,2,1127,18114,114,90,0,50332374,0x030002D6,wall,,00000726.pro,-1,,0
2720,,363316,2,1128,18116,116,90,0,33554499,0x02000043,scenery,generic,00000068.pro,-1,,0
2721,,363404,2,1134,18128,128,90,0,50332333,0x030002AD,wall,,00000685.pro,-1,,0
2722,,363492,2,1138,18144,144,90,0,50332333,0x030002AD,wall,,00000685.pro,-1,,0
2723,,363580,2,1139,18145,145,90,0,50331881,0x030000E9,wall,,00000233.pro,-1,,0
2724,,363668,2,1140,18147,147,90,0,83886092,0x0500000C,misc,,00000012.pro,-1,,0
2725,,363756,2,1141,18148,148,90,0,83886092,0x0500000C,misc,,00000012.pro,-1,,0
2726,,363844,2,1143,18268,68,91,0,83886092,0x0500000C,misc,,00000012.pro,-1,,0
2727,,363932,2,1144,18269,69,91,0,83886092,0x0500000C,misc,,00000012.pro,-1,,0
2728,,364020,2,1145,18270,70,91,0,83886092,0x0500000C,misc,,00000012.pro,-1,,0
2729,,364108,2,1146,18271,71,91,0,83886092,0x0500000C,misc,,00000012.pro,-1,,0
2730,,364196,2,1151,18284,84,91,0,50332375,0x030002D7,wall,,00000727.pro,-1,,0
2731,,364284,2,1153,18286,86,91,0,33554499,0x02000043,scenery,generic,00000068.pro,-1,,0
2732,,364372,2,1154,18287,87,91,0,33555228,0x0200031C,scenery,generic,00000797.pro,-1,,0
2733,,364460,2,1155,18288,88,91,0,33554499,0x02000043,scenery,generic,00000068.pro,-1,,0
2734,,364548,2,1156,18289,89,91,0,33554499,0x02000043,scenery,generic,00000068.pro,-1,,0
2735,,364636,2,1163,18304,104,91,0,50332334,0x030002AE,wall,,00000686.pro,-1,,0
2736,,364724,2,1166,18314,114,91,0,50332375,0x030002D7,wall,,00000727.pro,-1,,0
2737,,364812,2,1167,18316,116,91,0,33555237,0x02000325,scenery,generic,00000806.pro,-1,,0
2738,,364900,2,1168,18317,117,91,0,33555208,0x02000308,scenery,generic,00000777.pro,-1,,0
2739,,364988,2,1173,18328,128,91,0,50332365,0x030002CD,wall,,00000717.pro,-1,,0
2740,,365076,2,1175,18329,129,91,0,50332318,0x0300029E,wall,,00000670.pro,-1,,0
2741,,365164,2,1176,18330,130,91,0,50332359,0x030002C7,wall,,00000711.pro,-1,,0
2742,,365252,2,1177,18332,132,91,0,50332361,0x030002C9,wall,,00000713.pro,-1,,0
2743,,365340,2,1178,18333,133,91,0,50332318,0x0300029E,wall,,00000670.pro,-1,,0
2744,,365428,2,1180,18334,134,91,0,50332317,0x0300029D,wall,,00000669.pro,-1,,0
2745,,365516,2,1182,18335,135,91,0,50332318,0x0300029E,wall,,00000670.pro,-1,,0
2746,,365604,2,1183,18336,136,91,0,50332364,0x030002CC,wall,,00000716.pro,-1,,0
2747,,365692,2,1185,18337,137,91,0,50332318,0x0300029E,wall,,00000670.pro,-1,,0
2748,,365780,2,1187,18338,138,91,0,50332317,0x0300029D,wall,,00000669.pro,-1,,0
2749,,365868,2,1188,18339,139,91,0,50332318,0x0300029E,wall,,00000670.pro,-1,,0
2750,,365956,2,1189,18340,140,91,0,50332364,0x030002CC,wall,,00000716.pro,-1,,0
2751,,366044,2,1190,18341,141,91,0,50332318,0x0300029E,wall,,00000670.pro,-1,,0
2752,,366132,2,1191,18342,142,91,0,50332317,0x0300029D,wall,,00000669.pro,-1,,0
2753,,366220,2,1192,18343,143,91,0,50332318,0x0300029E,wall,,00000670.pro,-1,,0
2754,,366308,2,1193,18344,144,91,0,50332363,0x030002CB,wall,,00000715.pro,-1,,0
2755,,366396,2,1194,18345,145,91,0,50331878,0x030000E6,wall,,00000230.pro,-1,,0
2756,,366484,2,1195,18348,148,91,0,83886092,0x0500000C,misc,,00000012.pro,-1,,0
2757,,366572,2,1197,18466,66,92,0,83886092,0x0500000C,misc,,00000012.pro,-1,,0
2758,,366660,2,1198,18467,67,92,0,83886092,0x0500000C,misc,,00000012.pro,-1,,0
2759,,366748,2,1199,18468,68,92,0,83886092,0x0500000C,misc,,00000012.pro,-1,,0
2760,,366836,2,1200,18469,69,92,0,83886092,0x0500000C,misc,,00000012.pro,-1,,0
2761,,366924,2,1205,18484,84,92,0,33555220,0x02000314,scenery,generic,00000789.pro,-1,,0
2762,,367012,2,1206,18484,84,92,0,50332374,0x030002D6,wall,,00000726.pro,-1,,0
2763,,367100,2,1208,18487,87,92,0,33554499,0x02000043,scenery,generic,00000068.pro,-1,,0
2764,,367188,2,1211,18489,89,92,0,33554499,0x02000043,scenery,generic,00000068.pro,-1,,0
2765,,367276,2,1213,18491,91,92,0,33554499,0x02000043,scenery,generic,00000068.pro,-1,,0
2766,,367364,2,1215,18492,92,92,0,33554499,0x02000043,scenery,generic,00000068.pro,-1,,0
2767,,367452,2,1216,18493,93,92,0,33554499,0x02000043,scenery,generic,00000068.pro,-1,,0
2768,,367540,2,1223,18504,104,92,0,33555245,0x0200032D,scenery,generic,00000814.pro,-1,,0
2769,,367628,2,1224,18504,104,92,0,50332333,0x030002AD,wall,,00000685.pro,-1,,0
2770,,367716,2,1227,18512,112,92,0,33554776,0x02000158,scenery,generic,00000345.pro,-1,,0
2771,,367804,2,1229,18513,113,92,0,33554776,0x02000158,scenery,generic,00000345.pro,-1,,0
2772,,367892,2,1231,18514,114,92,0,33555220,0x02000314,scenery,generic,00000789.pro,-1,,0
2773,,367980,2,1232,18514,114,92,0,50332374,0x030002D6,wall,,00000726.pro,-1,,0
2774,,368068,2,1233,18515,115,92,0,33554499,0x02000043,scenery,generic,00000068.pro,-1,,0
2775,,368156,2,1239,18528,128,92,0,50332269,0x0300026D,wall,,00000621.pro,-1,,0
2776,,368244,2,1240,18529,129,92,0,33555205,0x02000305,scenery,generic,00000774.pro,-1,,0
2777,,368332,2,1241,18533,133,92,0,50332270,0x0300026E,wall,,00000622.pro,-1,,0
2778,,368420,2,1243,18534,134,92,0,33555235,0x02000323,scenery,generic,00000804.pro,-1,,0
2779,,368508,2,1244,18534,134,92,0,33555206,0x02000306,scenery,generic,00000775.pro,-1,,0
2780,,368596,2,1246,18535,135,92,0,50332270,0x0300026E,wall,,00000622.pro,-1,,0
2781,,368684,2,1247,18536,136,92,0,50332269,0x0300026D,wall,,00000621.pro,-1,,0
2782,,368772,2,1248,18537,137,92,0,50332270,0x0300026E,wall,,00000622.pro,-1,,0
2783,,368860,2,1250,18538,138,92,0,33554499,0x02000043,scenery,generic,00000068.pro,-1,,0
2784,,368948,2,1251,18538,138,92,0,33555235,0x02000323,scenery,generic,00000804.pro,-1,,0
2785,,369036,2,1252,18539,139,92,0,50332270,0x0300026E,wall,,00000622.pro,-1,,0
2786,,369124,2,1253,18540,140,92,0,50332269,0x0300026D,wall,,00000621.pro,-1,,0
2787,,369212,2,1254,18541,141,92,0,50332270,0x0300026E,wall,,00000622.pro,-1,,0
2788,,369300,2,1255,18542,142,92,0,33554499,0x02000043,scenery,generic,00000068.pro,-1,,0
2789,,369388,2,1256,18542,142,92,0,33555235,0x02000323,scenery,generic,00000804.pro,-1,,0
2790,,369476,2,1257,18543,143,92,0,50332270,0x0300026E,wall,,00000622.pro,-1,,0
2791,,369564,2,1258,18544,144,92,0,50332270,0x0300026E,wall,,00000622.pro,-1,,0
2792,,369652,2,1259,18545,145,92,0,50331879,0x030000E7,wall,,00000231.pro,-1,,0
2793,,369740,2,1260,18549,149,92,0,83886092,0x0500000C,misc,,00000012.pro,-1,,0
2794,,369828,2,1263,18664,64,93,0,83886092,0x0500000C,misc,,00000012.pro,-1,,0
2795,,369916,2,1264,18665,65,93,0,83886092,0x0500000C,misc,,00000012.pro,-1,,0
2796,,370004,2,1265,18666,66,93,0,83886092,0x0500000C,misc,,00000012.pro,-1,,0
2797,,370092,2,1266,18667,67,93,0,83886092,0x0500000C,misc,,00000012.pro,-1,,0
2798,,370180,2,1271,18684,84,93,0,50332375,0x030002D7,wall,,00000727.pro,-1,,0
2799,,370268,2,1277,18691,91,93,0,33554499,0x02000043,scenery,generic,00000068.pro,-1,,0
2800,,370356,2,1279,18692,92,93,0,33555231,0x0200031F,scenery,generic,00000800.pro,-1,,0
2801,,370444,2,1280,18693,93,93,0,33554499,0x02000043,scenery,generic,00000068.pro,-1,,0
2802,,370532,2,1282,18696,96,93,0,33555205,0x02000305,scenery,generic,00000774.pro,-1,,0
2803,,370620,2,1284,18698,98,93,0,33554499,0x02000043,scenery,generic,00000068.pro,-1,,0
2804,,370708,2,1288,18700,100,93,0,33554499,0x02000043,scenery,generic,00000068.pro,-1,,0
2805,,370796,2,1292,18704,104,93,0,50332345,0x030002B9,wall,,00000697.pro,-1,,0
2806,,370884,2,1293,18705,105,93,0,50332322,0x030002A2,wall,,00000674.pro,-1,,0
2807,,370972,2,1294,18706,106,93,0,50332346,0x030002BA,wall,,00000698.pro,-1,,0
2808,,371060,2,1298,18712,112,93,0,50332347,0x030002BB,wall,,00000699.pro,-1,,0
2809,,371148,2,1300,18713,113,93,0,50332318,0x0300029E,wall,,00000670.pro,-1,,0
2810,,371236,2,1302,18714,114,93,0,50332367,0x030002CF,wall,,00000719.pro,-1,,0
2811,,371324,2,1312,18728,128,93,0,50332334,0x030002AE,wall,,00000686.pro,-1,,0
2812,,371412,2,1313,18728,128,93,0,33555234,0x02000322,scenery,generic,00000803.pro,-1,,0
2813,,371500,2,1316,18736,136,93,0,50332360,0x030002C8,wall,,00000712.pro,-1,,0
2814,,371588,2,1318,18740,140,93,0,50332360,0x030002C8,wall,,00000712.pro,-1,,0
2815,,371676,2,1319,18744,144,93,0,50332335,0x030002AF,wall,,00000687.pro,-1,,0
2816,,371764,2,1320,18745,145,93,0,50331880,0x030000E8,wall,,00000232.pro,-1,,0
2817,,371852,2,1321,18749,149,93,0,83886092,0x0500000C,misc,,00000012.pro,-1,,0
2818,,371940,2,1322,18750,150,93,0,83886092,0x0500000C,misc,,00000012.pro,-1,,0
2819,,372028,2,1324,18862,62,94,0,83886092,0x0500000C,misc,,00000012.pro,-1,,0
2820,,372116,2,1325,18863,63,94,0,83886092,0x0500000C,misc,,00000012.pro,-1,,0
2821,,372204,2,1326,18864,64,94,0,83886092,0x0500000C,misc,,00000012.pro,-1,,0
2822,,372292,2,1327,18865,65,94,0,83886092,0x0500000C,misc,,00000012.pro,-1,,0
2823,,372380,2,1332,18884,84,94,0,50332374,0x030002D6,wall,,00000726.pro,-1,,0
2824,,372468,2,1338,18890,90,94,0,33555206,0x02000306,scenery,generic,00000775.pro,-1,,0
2825,,372556,2,1340,18891,91,94,0,33554499,0x02000043,scenery,generic,00000068.pro,-1,,0
2826,,372644,2,1343,18892,92,94,0,33554499,0x02000043,scenery,generic,00000068.pro,-1,,0
2827,,372732,2,1344,18893,93,94,0,33554499,0x02000043,scenery,generic,00000068.pro,-1,,0
2828,,372820,2,1346,18898,98,94,0,33554499,0x02000043,scenery,generic,00000068.pro,-1,,0
2829,,372908,2,1348,18899,99,94,0,33554499,0x02000043,scenery,generic,00000068.pro,-1,,0
2830,,372996,2,1350,18900,100,94,0,33554499,0x02000043,scenery,generic,00000068.pro,-1,,0
2831,,373084,2,1357,18905,105,94,0,50332270,0x0300026E,wall,,00000622.pro,-1,,0
2832,,373172,2,1358,18906,106,94,0,50332269,0x0300026D,wall,,00000621.pro,-1,,0
2833,,373260,2,1361,18912,112,94,0,50332269,0x0300026D,wall,,00000621.pro,-1,,0
2834,,373348,2,1365,18914,114,94,0,33554499,0x02000043,scenery,generic,00000068.pro,-1,,0
2835,,373436,2,1372,18928,128,94,0,50332333,0x030002AD,wall,,00000685.pro,-1,,0
2836,,373524,2,1377,18944,144,94,0,50332333,0x030002AD,wall,,00000685.pro,-1,,0
2837,,373612,2,1378,18945,145,94,0,50331881,0x030000E9,wall,,00000233.pro,-1,,0
2838,,373700,2,1379,18950,150,94,0,83886092,0x0500000C,misc,,00000012.pro,-1,,0
2839,,373788,2,1381,19060,60,95,0,83886092,0x0500000C,misc,,00000012.pro,-1,,0
2840,,373876,2,1382,19061,61,95,0,83886092,0x0500000C,misc,,00000012.pro,-1,,0
2841,,373964,2,1383,19062,62,95,0,83886092,0x0500000C,misc,,00000012.pro,-1,,0
2842,,374052,2,1384,19063,63,95,0,83886092,0x0500000C,misc,,00000012.pro,-1,,0
2843,,374140,2,1389,19084,84,95,0,50332375,0x030002D7,wall,,00000727.pro,-1,,0
2844,,374228,2,1399,19091,91,95,0,33554499,0x02000043,scenery,generic,00000068.pro,-1,,0
2845,,374316,2,1403,19093,93,95,0,33554499,0x02000043,scenery,generic,00000068.pro,-1,,0
2846,,374404,2,1408,19098,98,95,0,33554499,0x02000043,scenery,generic,00000068.pro,-1,,0
2847,,374492,2,1410,19099,99,95,0,33555229,0x0200031D,scenery,generic,00000798.pro,-1,,0
2848,,374580,2,1411,19100,100,95,0,33554499,0x02000043,scenery,generic,00000068.pro,-1,,0
2849,,374668,2,1416,19106,106,95,0,50332357,0x030002C5,wall,,00000709.pro,-1,,0
2850,,374756,2,1418,19112,112,95,0,50332332,0x030002AC,wall,,00000684.pro,-1,,0
2851,,374844,2,1420,19114,114,95,0,33555237,0x02000325,scenery,generic,00000806.pro,-1,,0
2852,,374932,2,1421,19115,115,95,0,33555209,0x02000309,scenery,generic,00000778.pro,-1,,0
2853,,375020,2,1422,19120,120,95,0,50332347,0x030002BB,wall,,00000699.pro,-1,,0
2854,,375108,2,1423,19121,121,95,0,50332318,0x0300029E,wall,,00000670.pro,-1,,0
2855,,375196,2,1425,19122,122,95,0,50332314,0x0300029A,wall,,00000666.pro,-1,,0
2856,,375284,2,1426,19123,123,95,0,50332318,0x0300029E,wall,,00000670.pro,-1,,0
2857,,375372,2,1427,19124,124,95,0,50332314,0x0300029A,wall,,00000666.pro,-1,,0
2858,,375460,2,1429,19125,125,95,0,50332318,0x0300029E,wall,,00000670.pro,-1,,0
2859,,375548,2,1430,19126,126,95,0,50332314,0x0300029A,wall,,00000666.pro,-1,,0
2860,,375636,2,1432,19127,127,95,0,50332318,0x0300029E,wall,,00000670.pro,-1,,0
2861,,375724,2,1433,19128,128,95,0,50332368,0x030002D0,wall,,00000720.pro,-1,,0
2862,,375812,2,1435,19129,129,95,0,50332318,0x0300029E,wall,,00000670.pro,-1,,0
2863,,375900,2,1436,19130,130,95,0,50332359,0x030002C7,wall,,00000711.pro,-1,,0
2864,,375988,2,1440,19144,144,95,0,50332335,0x030002AF,wall,,00000687.pro,-1,,0
2865,,376076,2,1441,19145,145,95,0,50331878,0x030000E6,wall,,00000230.pro,-1,,0
2866,,376164,2,1442,19151,151,95,0,83886092,0x0500000C,misc,,00000012.pro,-1,,0
2867,,376252,2,1445,19258,58,96,0,83886092,0x0500000C,misc,,00000012.pro,-1,,0
2868,,376340,2,1446,19258,58,96,0,83886092,0x0500000C,misc,,00000012.pro,-1,,0
2869,,376428,2,1447,19259,59,96,0,83886092,0x0500000C,misc,,00000012.pro,-1,,0
2870,,376516,2,1448,19260,60,96,0,83886092,0x0500000C,misc,,00000012.pro,-1,,0
2871,,376604,2,1449,19261,61,96,0,83886092,0x0500000C,misc,,00000012.pro,-1,,0
2872,,376692,2,1454,19284,84,96,0,50332374,0x030002D6,wall,,00000726.pro,-1,,0
2873,,376780,2,1463,19298,98,96,0,33554499,0x02000043,scenery,generic,00000068.pro,-1,,0
2874,,376868,2,1464,19299,99,96,0,33554499,0x02000043,scenery,generic,00000068.pro,-1,,0
2875,,376956,2,1465,19300,100,96,0,33554499,0x02000043,scenery,generic,00000068.pro,-1,,0
2876,,377044,2,1470,19312,112,96,0,50332331,0x030002AB,wall,,00000683.pro,-1,,0
2877,,377132,2,1472,19313,113,96,0,33554499,0x02000043,scenery,generic,00000068.pro,-1,,0
2878,,377220,2,1474,19320,120,96,0,50332269,0x0300026D,wall,,00000621.pro,-1,,0
2879,,377308,2,1475,19321,121,96,0,50332270,0x0300026E,wall,,00000622.pro,-1,,0
2880,,377396,2,1477,19322,122,96,0,33554499,0x02000043,scenery,generic,00000068.pro,-1,,0
2881,,377484,2,1478,19323,123,96,0,50332270,0x0300026E,wall,,00000622.pro,-1,,0
2882,,377572,2,1479,19323,123,96,0,33555223,0x02000317,scenery,generic,00000792.pro,-1,,0
2883,,377660,2,1480,19324,124,96,0,33554499,0x02000043,scenery,generic,00000068.pro,-1,,0
2884,,377748,2,1481,19325,125,96,0,50332270,0x0300026E,wall,,00000622.pro,-1,,0
2885,,377836,2,1482,19326,126,96,0,33554499,0x02000043,scenery,generic,00000068.pro,-1,,0
2886,,377924,2,1484,19327,127,96,0,50332270,0x0300026E,wall,,00000622.pro,-1,,0
2887,,378012,2,1485,19328,128,96,0,50332269,0x0300026D,wall,,00000621.pro,-1,,0
2888,,378100,2,1487,19329,129,96,0,50332270,0x0300026E,wall,,00000622.pro,-1,,0
2889,,378188,2,1492,19344,144,96,0,50332333,0x030002AD,wall,,00000685.pro,-1,,0
2890,,378276,2,1493,19345,145,96,0,50331879,0x030000E7,wall,,00000231.pro,-1,,0
2891,,378364,2,1494,19351,151,96,0,83886092,0x0500000C,misc,,00000012.pro,-1,,0
2892,,378452,2,1495,19352,152,96,0,83886092,0x0500000C,misc,,00000012.pro,-1,,0
2893,,378540,2,1496,19456,56,97,0,83886092,0x0500000C,misc,,00000012.pro,-1,,0
2894,,378628,2,1497,19457,57,97,0,83886092,0x0500000C,misc,,00000012.pro,-1,,0
2895,,378716,2,1499,19458,58,97,0,83886092,0x0500000C,misc,,00000012.pro,-1,,0
2896,,378804,2,1500,19458,58,97,0,83886092,0x0500000C,misc,,00000012.pro,-1,,0
2897,,378892,2,1501,19459,59,97,0,83886092,0x0500000C,misc,,00000012.pro,-1,,0
2898,,378980,2,1506,19484,84,97,0,50332375,0x030002D7,wall,,00000727.pro,-1,,0
2899,,379068,2,1519,19506,106,97,0,50332358,0x030002C6,wall,,00000710.pro,-1,,0
2900,,379156,2,1523,19512,112,97,0,50332375,0x030002D7,wall,,00000727.pro,-1,,0
2901,,379244,2,1526,19520,120,97,0,50332335,0x030002AF,wall,,00000687.pro,-1,,0
2902,,379332,2,1528,19522,122,97,0,33554499,0x02000043,scenery,generic,00000068.pro,-1,,0
2903,,379420,2,1530,19523,123,97,0,33555238,0x02000326,scenery,generic,00000807.pro,-1,,0
2904,,379508,2,1533,19525,125,97,0,33555238,0x02000326,scenery,generic,00000807.pro,-1,,0
2905,,379596,2,1536,19528,128,97,0,50332334,0x030002AE,wall,,00000686.pro,-1,,0
2906,,379684,2,1537,19528,128,97,0,33555253,0x02000335,scenery,generic,00000822.pro,-1,,0
2907,,379772,2,1543,19544,144,97,0,50332335,0x030002AF,wall,,00000687.pro,-1,,0
2908,,379860,2,1544,19545,145,97,0,50331880,0x030000E8,wall,,00000232.pro,-1,,0
2909,,379948,2,1545,19552,152,97,0,83886092,0x0500000C,misc,,00000012.pro,-1,,0
2910,,380036,2,1546,19654,54,98,0,83886092,0x0500000C,misc,,00000012.pro,-1,,0
2911,,380124,2,1547,19655,55,98,0,83886092,0x0500000C,misc,,00000012.pro,-1,,0
2912,,380212,2,1548,19656,56,98,0,83886092,0x0500000C,misc,,00000012.pro,-1,,0
2913,,380300,2,1549,19657,57,98,0,83886092,0x0500000C,misc,,00000012.pro,-1,,0
2914,,380388,2,1555,19684,84,98,0,50332374,0x030002D6,wall,,00000726.pro,-1,,0
2915,,380476,2,1562,19706,106,98,0,50332353,0x030002C1,wall,,00000705.pro,-1,,0
2916,,380564,2,1564,19712,112,98,0,50332374,0x030002D6,wall,,00000726.pro,-1,,0
2917,,380652,2,1565,19712,112,98,0,33555234,0x02000322,scenery,generic,00000803.pro,-1,,0
2918,,380740,2,1566,19720,120,98,0,50332333,0x030002AD,wall,,00000685.pro,-1,,0
2919,,380828,2,1568,19722,122,98,0,33555251,0x02000333,scenery,generic,00000820.pro,-1,,0
2920,,380916,2,1570,19728,128,98,0,50332333,0x030002AD,wall,,00000685.pro,-1,,0
2921,,381004,2,1575,19744,144,98,0,50332333,0x030002AD,wall,,00000685.pro,-1,,0
2922,,381092,2,1576,19745,145,98,0,50331881,0x030000E9,wall,,00000233.pro,-1,,0
2923,,381180,2,1577,19753,153,98,0,83886092,0x0500000C,misc,,00000012.pro,-1,,0
2924,,381268,2,1578,19852,52,99,0,83886092,0x0500000C,misc,,00000012.pro,-1,,0
2925,,381356,2,1579,19853,53,99,0,83886092,0x0500000C,misc,,00000012.pro,-1,,0
2926,,381444,2,1580,19854,54,99,0,83886092,0x0500000C,misc,,00000012.pro,-1,,0
2927,,381532,2,1581,19855,55,99,0,83886092,0x0500000C,misc,,00000012.pro,-1,,0
2928,,381620,2,1587,19884,84,99,0,33555222,0x02000316,scenery,generic,00000791.pro,-1,,0
2929,,381708,2,1588,19884,84,99,0,50332332,0x030002AC,wall,,00000684.pro,-1,,0
2930,,381796,2,1600,19906,106,99,0,50332334,0x030002AE,wall,,00000686.pro,-1,,0
2931,,381884,2,1602,19912,112,99,0,50332375,0x030002D7,wall,,00000727.pro,-1,,0
2932,,381972,2,1603,19913,113,99,0,33554499,0x02000043,scenery,generic,00000068.pro,-1,,0
2933,,382060,2,1604,19914,114,99,0,33554499,0x02000043,scenery,generic,00000068.pro,-1,,0
2934,,382148,2,1605,19920,120,99,0,50332335,0x030002AF,wall,,00000687.pro,-1,,0
2935,,382236,2,1607,19922,122,99,0,33554499,0x02000043,scenery,generic,00000068.pro,-1,,0
2936,,382324,2,1608,19928,128,99,0,50332365,0x030002CD,wall,,00000717.pro,-1,,0
2937,,382412,2,1609,19929,129,99,0,50332318,0x0300029E,wall,,00000670.pro,-1,,0
2938,,382500,2,1610,19930,130,99,0,50332359,0x030002C7,wall,,00000711.pro,-1,,0
2939,,382588,2,1613,19932,132,99,0,50332361,0x030002C9,wall,,00000713.pro,-1,,0
2940,,382676,2,1614,19933,133,99,0,50332318,0x0300029E,wall,,00000670.pro,-1,,0
2941,,382764,2,1616,19934,134,99,0,50332317,0x0300029D,wall,,00000669.pro,-1,,0
2942,,382852,2,1618,19935,135,99,0,50332318,0x0300029E,wall,,00000670.pro,-1,,0
2943,,382940,2,1619,19936,136,99,0,50332364,0x030002CC,wall,,00000716.pro,-1,,0
2944,,383028,2,1620,19937,137,99,0,50332318,0x0300029E,wall,,00000670.pro,-1,,0
2945,,383116,2,1621,19938,138,99,0,50332317,0x0300029D,wall,,00000669.pro,-1,,0
2946,,383204,2,1622,19939,139,99,0,50332318,0x0300029E,wall,,00000670.pro,-1,,0
2947,,383292,2,1623,19940,140,99,0,50332364,0x030002CC,wall,,00000716.pro,-1,,0
2948,,383380,2,1624,19941,141,99,0,50332318,0x0300029E,wall,,00000670.pro,-1,,0
2949,,383468,2,1625,19942,142,99,0,50332317,0x0300029D,wall,,00000669.pro,-1,,0
2950,,383556,2,1627,19943,143,99,0,50332318,0x0300029E,wall,,00000670.pro,-1,,0
2951,,383644,2,1628,19944,144,99,0,50332363,0x030002CB,wall,,00000715.pro,-1,,0
2952,,383732,2,1629,19945,145,99,0,50331878,0x030000E6,wall,,00000230.pro,-1,,0
2953,,383820,2,1630,19953,153,99,0,83886092,0x0500000C,misc,,00000012.pro,-1,,0
2954,,383908,2,1631,19954,154,99,0,83886092,0x0500000C,misc,,00000012.pro,-1,,0
2955,,383996,2,1632,20050,50,100,0,83886092,0x0500000C,misc,,00000012.pro,-1,,0
2956,,384084,2,1633,20051,51,100,0,83886092,0x0500000C,misc,,00000012.pro,-1,,0
2957,,384172,2,1634,20052,52,100,0,83886092,0x0500000C,misc,,00000012.pro,-1,,0
2958,,384260,2,1635,20053,53,100,0,83886092,0x0500000C,misc,,00000012.pro,-1,,0
2959,,384348,2,1638,20084,84,100,0,50332331,0x030002AB,wall,,00000683.pro,-1,,0
2960,,384436,2,1645,20106,106,100,0,50332333,0x030002AD,wall,,00000685.pro,-1,,0
2961,,384524,2,1647,20112,112,100,0,50332374,0x030002D6,wall,,00000726.pro,-1,,0
2962,,384612,2,1648,20114,114,100,0,33555251,0x02000333,scenery,generic,00000820.pro,-1,,0
2963,,384700,2,1650,20115,115,100,0,33555210,0x0200030A,scenery,generic,00000779.pro,-1,,0
2964,,384788,2,1651,20120,120,100,0,50332333,0x030002AD,wall,,00000685.pro,-1,,0
2965,,384876,2,1653,20122,122,100,0,33555237,0x02000325,scenery,generic,00000806.pro,-1,,0
2966,,384964,2,1654,20124,124,100,0,33554573,0x0200008D,scenery,generic,00000142.pro,-1,,0
2967,,385052,2,1655,20128,128,100,0,50332269,0x0300026D,wall,,00000621.pro,-1,,0
2968,,385140,2,1656,20129,129,100,0,50332270,0x0300026E,wall,,00000622.pro,-1,,0
2969,,385228,2,1658,20133,133,100,0,50332270,0x0300026E,wall,,00000622.pro,-1,,0
2970,,385316,2,1660,20134,134,100,0,33554499,0x02000043,scenery,generic,00000068.pro,-1,,0
2971,,385404,2,1661,20134,134,100,0,33555235,0x02000323,scenery,generic,00000804.pro,-1,,0
2972,,385492,2,1663,20135,135,100,0,50332270,0x0300026E,wall,,00000622.pro,-1,,0
2973,,385580,2,1664,20136,136,100,0,50332269,0x0300026D,wall,,00000621.pro,-1,,0
2974,,385668,2,1665,20137,137,100,0,50332270,0x0300026E,wall,,00000622.pro,-1,,0
2975,,385756,2,1666,20138,138,100,0,33554499,0x02000043,scenery,generic,00000068.pro,-1,,0
2976,,385844,2,1667,20138,138,100,0,33555235,0x02000323,scenery,generic,00000804.pro,-1,,0
2977,,385932,2,1668,20139,139,100,0,50332270,0x0300026E,wall,,00000622.pro,-1,,0
2978,,386020,2,1669,20140,140,100,0,50332269,0x0300026D,wall,,00000621.pro,-1,,0
2979,,386108,2,1670,20141,141,100,0,50332270,0x0300026E,wall,,00000622.pro,-1,,0
2980,,386196,2,1671,20142,142,100,0,33554499,0x02000043,scenery,generic,00000068.pro,-1,,0
2981,,386284,2,1672,20142,142,100,0,33555252,0x02000334,scenery,generic,00000821.pro,-1,,0
2982,,386372,2,1674,20143,143,100,0,50332270,0x0300026E,wall,,00000622.pro,-1,,0
2983,,386460,2,1676,20144,144,100,0,50332270,0x0300026E,wall,,00000622.pro,-1,,0
2984,,386548,2,1677,20145,145,100,0,50331879,0x030000E7,wall,,00000231.pro,-1,,0
2985,,386636,2,1678,20154,154,100,0,83886092,0x0500000C,misc,,00000012.pro,-1,,0
2986,,386724,2,1679,20248,48,101,0,83886092,0x0500000C,misc,,00000012.pro,-1,,0
2987,,386812,2,1680,20249,49,101,0,83886092,0x0500000C,misc,,00000012.pro,-1,,0
2988,,386900,2,1681,20250,50,101,0,83886092,0x0500000C,misc,,00000012.pro,-1,,0
2989,,386988,2,1682,20251,51,101,0,83886092,0x0500000C,misc,,00000012.pro,-1,,0
2990,,387076,2,1685,20280,80,101,0,50332347,0x030002BB,wall,,00000699.pro,-1,,0
2991,,387164,2,1686,20281,81,101,0,50332318,0x0300029E,wall,,00000670.pro,-1,,0
2992,,387252,2,1687,20282,82,101,0,50332317,0x0300029D,wall,,00000669.pro,-1,,0
2993,,387340,2,1688,20283,83,101,0,50332318,0x0300029E,wall,,00000670.pro,-1,,0
2994,,387428,2,1689,20284,84,101,0,50332366,0x030002CE,wall,,00000718.pro,-1,,0
2995,,387516,2,1690,20285,85,101,0,50332318,0x0300029E,wall,,00000670.pro,-1,,0
2996,,387604,2,1692,20286,86,101,0,50332317,0x0300029D,wall,,00000669.pro,-1,,0
2997,,387692,2,1694,20287,87,101,0,50332318,0x0300029E,wall,,00000670.pro,-1,,0
2998,,387780,2,1697,20288,88,101,0,50332314,0x0300029A,wall,,00000666.pro,-1,,0
2999,,387868,2,1700,20289,89,101,0,50332318,0x0300029E,wall,,00000670.pro,-1,,0
3000,,387956,2,1702,20290,90,101,0,50332317,0x0300029D,wall,,00000669.pro,-1,,0
3001,,388044,2,1704,20291,91,101,0,50332318,0x0300029E,wall,,00000670.pro,-1,,0
3002,,388132,2,1705,20292,92,101,0,50332364,0x030002CC,wall,,00000716.pro,-1,,0
3003,,388220,2,1707,20293,93,101,0,50332318,0x0300029E,wall,,00000670.pro,-1,,0
3004,,388308,2,1709,20294,94,101,0,50332317,0x0300029D,wall,,00000669.pro,-1,,0
3005,,388396,2,1711,20295,95,101,0,50332318,0x0300029E,wall,,00000670.pro,-1,,0
3006,,388484,2,1713,20296,96,101,0,50332314,0x0300029A,wall,,00000666.pro,-1,,0
3007,,388572,2,1715,20297,97,101,0,50332318,0x0300029E,wall,,00000670.pro,-1,,0
3008,,388660,2,1717,20298,98,101,0,50332317,0x0300029D,wall,,00000669.pro,-1,,0
3009,,388748,2,1719,20299,99,101,0,50332318,0x0300029E,wall,,00000670.pro,-1,,0
3010,,388836,2,1721,20300,100,101,0,50332314,0x0300029A,wall,,00000666.pro,-1,,0
3011,,388924,2,1723,20301,101,101,0,50332318,0x0300029E,wall,,00000670.pro,-1,,0
3012,,389012,2,1726,20302,102,101,0,50332317,0x0300029D,wall,,00000669.pro,-1,,0
3013,,389100,2,1729,20303,103,101,0,50332318,0x0300029E,wall,,00000670.pro,-1,,0
3014,,389188,2,1731,20304,104,101,0,50332314,0x0300029A,wall,,00000666.pro,-1,,0
3015,,389276,2,1734,20305,105,101,0,50332322,0x030002A2,wall,,00000674.pro,-1,,0
3016,,389364,2,1737,20306,106,101,0,50332363,0x030002CB,wall,,00000715.pro,-1,,0
3017,,389452,2,1750,20312,112,101,0,50332375,0x030002D7,wall,,00000727.pro,-1,,0
3018,,389540,2,1755,20314,114,101,0,33554499,0x02000043,scenery,generic,00000068.pro,-1,,0
3019,,389628,2,1759,20316,116,101,0,33554573,0x0200008D,scenery,generic,00000142.pro,-1,,0
3020,,389716,2,1766,20320,120,101,0,50332335,0x030002AF,wall,,00000687.pro,-1,,0
3021,,389804,2,1769,20322,122,101,0,33554499,0x02000043,scenery,generic,00000068.pro,-1,,0
3022,,389892,2,1775,20328,128,101,0,50332334,0x030002AE,wall,,00000686.pro,-1,,0
3023,,389980,2,1776,20328,128,101,0,33555234,0x02000322,scenery,generic,00000803.pro,-1,,0
3024,,390068,2,1784,20334,134,101,0,33555207,0x02000307,scenery,generic,00000776.pro,-1,,0
3025,,390156,2,1786,20336,136,101,0,50332360,0x030002C8,wall,,00000712.pro,-1,,0
3026,,390244,2,1787,20337,137,101,0,33555205,0x02000305,scenery,generic,00000774.pro,-1,,0
3027,,390332,2,1788,20340,140,101,0,50332360,0x030002C8,wall,,00000712.pro,-1,,0
3028,,390420,2,1790,20344,144,101,0,50332335,0x030002AF,wall,,00000687.pro,-1,,0
3029,,390508,2,1791,20345,145,101,0,50331880,0x030000E8,wall,,00000232.pro,-1,,0
3030,,390596,2,1792,20355,155,101,0,83886092,0x0500000C,misc,,00000012.pro,-1,,0
3031,,390684,2,1793,20446,46,102,0,83886092,0x0500000C,misc,,00000012.pro,-1,,0
3032,,390772,2,1794,20447,47,102,0,83886092,0x0500000C,misc,,00000012.pro,-1,,0
3033,,390860,2,1795,20448,48,102,0,83886092,0x0500000C,misc,,00000012.pro,-1,,0
3034,,390948,2,1796,20449,49,102,0,83886092,0x0500000C,misc,,00000012.pro,-1,,0
3035,,391036,2,1801,20480,80,102,0,50332269,0x0300026D,wall,,00000621.pro,-1,,0
3036,,391124,2,1802,20481,81,102,0,50332270,0x0300026E,wall,,00000622.pro,-1,,0
3037,,391212,2,1803,20483,83,102,0,50332270,0x0300026E,wall,,00000622.pro,-1,,0
3038,,391300,2,1804,20485,85,102,0,50332270,0x0300026E,wall,,00000622.pro,-1,,0
3039,,391388,2,1807,20487,87,102,0,50332270,0x0300026E,wall,,00000622.pro,-1,,0
3040,,391476,2,1812,20489,89,102,0,50332270,0x0300026E,wall,,00000622.pro,-1,,0
3041,,391564,2,1814,20491,91,102,0,50332270,0x0300026E,wall,,00000622.pro,-1,,0
3042,,391652,2,1815,20492,92,102,0,50332269,0x0300026D,wall,,00000621.pro,-1,,0
3043,,391740,2,1816,20493,93,102,0,50332270,0x0300026E,wall,,00000622.pro,-1,,0
3044,,391828,2,1818,20495,95,102,0,50332270,0x0300026E,wall,,00000622.pro,-1,,0
3045,,391916,2,1819,20496,96,102,0,33554499,0x02000043,scenery,generic,00000068.pro,-1,,0
3046,,392004,2,1820,20496,96,102,0,188,0x000000BC,item,container,00000188.pro,-1,,0
3047,,392092,2,1822,20497,97,102,0,50332270,0x0300026E,wall,,00000622.pro,-1,,0
3048,,392180,2,1825,20499,99,102,0,50332270,0x0300026E,wall,,00000622.pro,-1,,0
3049,,392268,2,1827,20501,101,102,0,50332270,0x0300026E,wall,,00000622.pro,-1,,0
3050,,392356,2,1830,20503,103,102,0,50332270,0x0300026E,wall,,00000622.pro,-1,,0
3051,,392444,2,1832,20505,105,102,0,50332270,0x0300026E,wall,,00000622.pro,-1,,0
3052,,392532,2,1833,20506,106,102,0,50332269,0x0300026D,wall,,00000621.pro,-1,,0
3053,,392620,2,1842,20512,112,102,0,50332374,0x030002D6,wall,,00000726.pro,-1,,0
3054,,392708,2,1845,20514,114,102,0,33555237,0x02000325,scenery,generic,00000806.pro,-1,,0
3055,,392796,2,1851,20520,120,102,0,33555220,0x02000314,scenery,generic,00000789.pro,-1,,0
3056,,392884,2,1852,20520,120,102,0,50332333,0x030002AD,wall,,00000685.pro,-1,,0
3057,,392972,2,1854,20522,122,102,0,33555237,0x02000325,scenery,generic,00000806.pro,-1,,0
3058,,393060,2,1858,20528,128,102,0,50332333,0x030002AD,wall,,00000685.pro,-1,,0
3059,,393148,2,1859,20530,130,102,0,33555204,0x02000304,scenery,generic,00000773.pro,-1,,0
3060,,393236,2,1867,20544,144,102,0,50332333,0x030002AD,wall,,00000685.pro,-1,,0
3061,,393324,2,1869,20545,145,102,0,50331881,0x030000E9,wall,,00000233.pro,-1,,0
3062,,393412,2,1870,20555,155,102,0,83886092,0x0500000C,misc,,00000012.pro,-1,,0
3063,,393500,2,1871,20556,156,102,0,83886092,0x0500000C,misc,,00000012.pro,-1,,0
3064,,393588,2,1872,20644,44,103,0,83886092,0x0500000C,misc,,00000012.pro,-1,,0
3065,,393676,2,1873,20645,45,103,0,83886092,0x0500000C,misc,,00000012.pro,-1,,0
3066,,393764,2,1874,20646,46,103,0,83886092,0x0500000C,misc,,00000012.pro,-1,,0
3067,,393852,2,1875,20647,47,103,0,83886092,0x0500000C,misc,,00000012.pro,-1,,0
3068,,393940,2,1878,20680,80,103,0,50332335,0x030002AF,wall,,00000687.pro,-1,,0
3069,,394028,2,1882,20692,92,103,0,50332335,0x030002AF,wall,,00000687.pro,-1,,0
3070,,394116,2,1883,20693,93,103,0,33554499,0x02000043,scenery,generic,00000068.pro,-1,,0
3071,,394204,2,1884,20693,93,103,0,189,0x000000BD,item,container,00000189.pro,-1,,0
3072,,394292,2,1885,20706,106,103,0,50332357,0x030002C5,wall,,00000709.pro,-1,,0
3073,,394380,2,1890,20712,112,103,0,33555222,0x02000316,scenery,generic,00000791.pro,-1,,0
3074,,394468,2,1891,20712,112,103,0,50332332,0x030002AC,wall,,00000684.pro,-1,,0
3075,,394556,2,1892,20713,113,103,0,33554499,0x02000043,scenery,generic,00000068.pro,-1,,0
3076,,394644,2,1894,20720,120,103,0,50332360,0x030002C8,wall,,00000712.pro,-1,,0
3077,,394732,2,1895,20721,121,103,0,33554499,0x02000043,scenery,generic,00000068.pro,-1,,0
3078,,394820,2,1896,20728,128,103,0,50332365,0x030002CD,wall,,00000717.pro,-1,,0
3079,,394908,2,1897,20729,129,103,0,50332318,0x0300029E,wall,,00000670.pro,-1,,0
3080,,394996,2,1898,20730,130,103,0,50332359,0x030002C7,wall,,00000711.pro,-1,,0
3081,,395084,2,1902,20744,144,103,0,50332335,0x030002AF,wall,,00000687.pro,-1,,0
3082,,395172,2,1904,20745,145,103,0,50331878,0x030000E6,wall,,00000230.pro,-1,,0
3083,,395260,2,1906,20756,156,103,0,83886092,0x0500000C,misc,,00000012.pro,-1,,0
3084,,395348,2,1907,20842,42,104,0,83886092,0x0500000C,misc,,00000012.pro,-1,,0
3085,,395436,2,1908,20843,43,104,0,83886092,0x0500000C,misc,,00000012.pro,-1,,0
3086,,395524,2,1909,20844,44,104,0,83886092,0x0500000C,misc,,00000012.pro,-1,,0
3087,,395612,2,1910,20845,45,104,0,83886092,0x0500000C,misc,,00000012.pro,-1,,0
3088,,395700,2,1913,20880,80,104,0,50332333,0x030002AD,wall,,00000685.pro,-1,,0
3089,,395788,2,1918,20892,92,104,0,50332333,0x030002AD,wall,,00000685.pro,-1,,0
3090,,395876,2,1919,20912,112,104,0,50332331,0x030002AB,wall,,00000683.pro,-1,,0
3091,,395964,2,1921,20928,128,104,0,50332269,0x0300026D,wall,,00000621.pro,-1,,0
3092,,396052,2,1922,20930,130,104,0,33554499,0x02000043,scenery,generic,00000068.pro,-1,,0
3093,,396140,2,1926,20944,144,104,0,50332333,0x030002AD,wall,,00000685.pro,-1,,0
3094,,396228,2,1927,20945,145,104,0,50331879,0x030000E7,wall,,00000231.pro,-1,,0
3095,,396316,2,1929,20957,157,104,0,83886092,0x0500000C,misc,,00000012.pro,-1,,0
3096,,396404,2,1930,21040,40,105,0,83886092,0x0500000C,misc,,00000012.pro,-1,,0
3097,,396492,2,1931,21041,41,105,0,83886092,0x0500000C,misc,,00000012.pro,-1,,0
3098,,396580,2,1932,21042,42,105,0,83886092,0x0500000C,misc,,00000012.pro,-1,,0
3099,,396668,2,1933,21043,43,105,0,83886092,0x0500000C,misc,,00000012.pro,-1,,0
3100,,396756,2,1938,21080,80,105,0,50332335,0x030002AF,wall,,00000687.pro,-1,,0
3101,,396844,2,1942,21092,92,105,0,50332335,0x030002AF,wall,,00000687.pro,-1,,0
3102,,396932,2,1944,21106,106,105,0,50332358,0x030002C6,wall,,00000710.pro,-1,,0
3103,,397020,2,1945,21112,112,105,0,50332375,0x030002D7,wall,,00000727.pro,-1,,0
3104,,397108,2,1947,21128,128,105,0,50332334,0x030002AE,wall,,00000686.pro,-1,,0
3105,,397196,2,1948,21130,130,105,0,33555237,0x02000325,scenery,generic,00000806.pro,-1,,0
3106,,397284,2,1953,21144,144,105,0,50332335,0x030002AF,wall,,00000687.pro,-1,,0
3107,,397372,2,1954,21145,145,105,0,50331880,0x030000E8,wall,,00000232.pro,-1,,0
3108,,397460,2,1956,21157,157,105,0,83886092,0x0500000C,misc,,00000012.pro,-1,,0
3109,,397548,2,1957,21158,158,105,0,83886092,0x0500000C,misc,,00000012.pro,-1,,0
3110,,397636,2,1958,21238,38,106,0,83886092,0x0500000C,misc,,00000012.pro,-1,,0
3111,,397724,2,1959,21239,39,106,0,83886092,0x0500000C,misc,,00000012.pro,-1,,0
3112,,397812,2,1960,21240,40,106,0,83886092,0x0500000C,misc,,00000012.pro,-1,,0
3113,,397900,2,1961,21241,41,106,0,83886092,0x0500000C,misc,,00000012.pro,-1,,0
3114,,397988,2,1964,21280,80,106,0,50332333,0x030002AD,wall,,00000685.pro,-1,,0
3115,,398076,2,1968,21292,92,106,0,50332333,0x030002AD,wall,,00000685.pro,-1,,0
3116,,398164,2,1969,21306,106,106,0,50332353,0x030002C1,wall,,00000705.pro,-1,,0
3117,,398252,2,1970,21312,112,106,0,50332374,0x030002D6,wall,,00000726.pro,-1,,0
3118,,398340,2,1972,21328,128,106,0,50332333,0x030002AD,wall,,00000685.pro,-1,,0
3119,,398428,2,1973,21329,129,106,0,33554499,0x02000043,scenery,generic,00000068.pro,-1,,0
3120,,398516,2,1977,21344,144,106,0,50332333,0x030002AD,wall,,00000685.pro,-1,,0
3121,,398604,2,1978,21345,145,106,0,50331881,0x030000E9,wall,,00000233.pro,-1,,0
3122,,398692,2,1981,21358,158,106,0,83886092,0x0500000C,misc,,00000012.pro,-1,,0
3123,,398780,2,1982,21438,38,107,0,83886092,0x0500000C,misc,,00000012.pro,-1,,0
3124,,398868,2,1983,21439,39,107,0,83886092,0x0500000C,misc,,00000012.pro,-1,,0
3125,,398956,2,1986,21480,80,107,0,50332365,0x030002CD,wall,,00000717.pro,-1,,0
3126,,399044,2,1987,21481,81,107,0,50332318,0x0300029E,wall,,00000670.pro,-1,,0
3127,,399132,2,1988,21482,82,107,0,50332317,0x0300029D,wall,,00000669.pro,-1,,0
3128,,399220,2,1989,21483,83,107,0,50332318,0x0300029E,wall,,00000670.pro,-1,,0
3129,,399308,2,1990,21484,84,107,0,50332373,0x030002D5,wall,,00000725.pro,-1,,0
3130,,399396,2,1991,21485,85,107,0,50332318,0x0300029E,wall,,00000670.pro,-1,,0
3131,,399484,2,1993,21486,86,107,0,50332317,0x0300029D,wall,,00000669.pro,-1,,0
3132,,399572,2,1994,21487,87,107,0,50332350,0x030002BE,wall,,00000702.pro,-1,,0
3133,,399660,2,1997,21489,89,107,0,50332349,0x030002BD,wall,,00000701.pro,-1,,0
3134,,399748,2,1998,21490,90,107,0,50332348,0x030002BC,wall,,00000700.pro,-1,,0
3135,,399836,2,1999,21491,91,107,0,50332318,0x0300029E,wall,,00000670.pro,-1,,0
3136,,399924,2,2000,21492,92,107,0,50332366,0x030002CE,wall,,00000718.pro,-1,,0
3137,,400012,2,2001,21493,93,107,0,50332322,0x030002A2,wall,,00000674.pro,-1,,0
3138,,400100,2,2002,21494,94,107,0,50332346,0x030002BA,wall,,00000698.pro,-1,,0
3139,,400188,2,2003,21506,106,107,0,50332334,0x030002AE,wall,,00000686.pro,-1,,0
3140,,400276,2,2004,21512,112,107,0,50332332,0x030002AC,wall,,00000684.pro,-1,,0
3141,,400364,2,2006,21528,128,107,0,50332335,0x030002AF,wall,,00000687.pro,-1,,0
3142,,400452,2,2010,21544,144,107,0,50332335,0x030002AF,wall,,00000687.pro,-1,,0
3143,,400540,2,2011,21545,145,107,0,50331878,0x030000E6,wall,,00000230.pro,-1,,0
3144,,400628,2,2013,21558,158,107,0,83886092,0x0500000C,misc,,00000012.pro,-1,,0
3145,,400716,2,2014,21559,159,107,0,83886092,0x0500000C,misc,,00000012.pro,-1,,0
3146,,400804,2,2015,21639,39,108,0,83886092,0x0500000C,misc,,00000012.pro,-1,,0
3147,,400892,2,2020,21680,80,108,0,50332269,0x0300026D,wall,,00000621.pro,-1,,0
3148,,400980,2,2021,21681,81,108,0,50332270,0x0300026E,wall,,00000622.pro,-1,,0
3149,,401068,2,2022,21682,82,108,0,33555239,0x02000327,scenery,generic,00000808.pro,-1,,0
3150,,401156,2,2023,21683,83,108,0,50332270,0x0300026E,wall,,00000622.pro,-1,,0
3151,,401244,2,2024,21685,85,108,0,50332270,0x0300026E,wall,,00000622.pro,-1,,0
3152,,401332,2,2026,21687,87,108,0,50332270,0x0300026E,wall,,00000622.pro,-1,,0
3153,,401420,2,2029,21691,91,108,0,50332270,0x0300026E,wall,,00000622.pro,-1,,0
3154,,401508,2,2030,21693,93,108,0,50332270,0x0300026E,wall,,00000622.pro,-1,,0
3155,,401596,2,2031,21694,94,108,0,50332269,0x0300026D,wall,,00000621.pro,-1,,0
3156,,401684,2,2032,21704,104,108,0,33554776,0x02000158,scenery,generic,00000345.pro,-1,,0
3157,,401772,2,2033,21705,105,108,0,33554776,0x02000158,scenery,generic,00000345.pro,-1,,0
3158,,401860,2,2034,21706,106,108,0,50332333,0x030002AD,wall,,00000685.pro,-1,,0
3159,,401948,2,2035,21712,112,108,0,50332331,0x030002AB,wall,,00000683.pro,-1,,0
3160,,402036,2,2037,21728,128,108,0,50332333,0x030002AD,wall,,00000685.pro,-1,,0
3161,,402124,2,2042,21744,144,108,0,50332333,0x030002AD,wall,,00000685.pro,-1,,0
3162,,402212,2,2043,21745,145,108,0,50331879,0x030000E7,wall,,00000231.pro,-1,,0
3163,,402300,2,2045,21756,156,108,0,83886092,0x0500000C,misc,,00000012.pro,-1,,0
3164,,402388,2,2046,21757,157,108,0,83886092,0x0500000C,misc,,00000012.pro,-1,,0
3165,,402476,2,2047,21758,158,108,0,83886092,0x0500000C,misc,,00000012.pro,-1,,0
3166,,402564,2,2048,21759,159,108,0,83886092,0x0500000C,misc,,00000012.pro,-1,,0
3167,,402652,2,2049,21839,39,109,0,83886092,0x0500000C,misc,,00000012.pro,-1,,0
3168,,402740,2,2050,21840,40,109,0,83886092,0x0500000C,misc,,00000012.pro,-1,,0
3169,,402828,2,2053,21880,80,109,0,50332375,0x030002D7,wall,,00000727.pro,-1,,0
3170,,402916,2,2068,21894,94,109,0,50332365,0x030002CD,wall,,00000717.pro,-1,,0
3171,,403004,2,2070,21895,95,109,0,50332318,0x0300029E,wall,,00000670.pro,-1,,0
3172,,403092,2,2072,21896,96,109,0,50332314,0x0300029A,wall,,00000666.pro,-1,,0
3173,,403180,2,2074,21897,97,109,0,50332318,0x0300029E,wall,,00000670.pro,-1,,0
3174,,403268,2,2076,21898,98,109,0,50332314,0x0300029A,wall,,00000666.pro,-1,,0
3175,,403356,2,2078,21899,99,109,0,50332318,0x0300029E,wall,,00000670.pro,-1,,0
3176,,403444,2,2080,21900,100,109,0,50332317,0x0300029D,wall,,00000669.pro,-1,,0
3177,,403532,2,2082,21901,101,109,0,50332318,0x0300029E,wall,,00000670.pro,-1,,0
3178,,403620,2,2084,21902,102,109,0,50332314,0x0300029A,wall,,00000666.pro,-1,,0
3179,,403708,2,2086,21903,103,109,0,50332318,0x0300029E,wall,,00000670.pro,-1,,0
3180,,403796,2,2088,21904,104,109,0,50332314,0x0300029A,wall,,00000666.pro,-1,,0
3181,,403884,2,2090,21905,105,109,0,50332318,0x0300029E,wall,,00000670.pro,-1,,0
3182,,403972,2,2092,21906,106,109,0,50332367,0x030002CF,wall,,00000719.pro,-1,,0
3183,,404060,2,2093,21912,112,109,0,50332345,0x030002B9,wall,,00000697.pro,-1,,0
3184,,404148,2,2094,21913,113,109,0,50332318,0x0300029E,wall,,00000670.pro,-1,,0
3185,,404236,2,2095,21914,114,109,0,50332314,0x0300029A,wall,,00000666.pro,-1,,0
3186,,404324,2,2096,21915,115,109,0,50332318,0x0300029E,wall,,00000670.pro,-1,,0
3187,,404412,2,2097,21916,116,109,0,50332314,0x0300029A,wall,,00000666.pro,-1,,0
3188,,404500,2,2098,21917,117,109,0,50332318,0x0300029E,wall,,00000670.pro,-1,,0
3189,,404588,2,2100,21918,118,109,0,50332317,0x0300029D,wall,,00000669.pro,-1,,0
3190,,404676,2,2101,21919,119,109,0,50332356,0x030002C4,wall,,00000708.pro,-1,,0
3191,,404764,2,2102,21921,121,109,2,50332355,0x030002C3,wall,,00000707.pro,-1,,0
3192,,404852,2,2104,21922,122,109,0,50332354,0x030002C2,wall,,00000706.pro,-1,,0
3193,,404940,2,2106,21923,123,109,0,50332318,0x0300029E,wall,,00000670.pro,-1,,0
3194,,405028,2,2108,21924,124,109,0,50332317,0x0300029D,wall,,00000669.pro,-1,,0
3195,,405116,2,2110,21925,125,109,0,50332318,0x0300029E,wall,,00000670.pro,-1,,0
3196,,405204,2,2112,21926,126,109,0,50332314,0x0300029A,wall,,00000666.pro,-1,,0
3197,,405292,2,2114,21927,127,109,0,50332318,0x0300029E,wall,,00000670.pro,-1,,0
3198,,405380,2,2116,21928,128,109,0,50332366,0x030002CE,wall,,00000718.pro,-1,,0
3199,,405468,2,2118,21929,129,109,0,50332328,0x030002A8,wall,,00000680.pro,-1,,0
3200,,405556,2,2120,21930,130,109,0,50332327,0x030002A7,wall,,00000679.pro,-1,,0
3201,,405644,2,2122,21931,131,109,0,50332326,0x030002A6,wall,,00000678.pro,-1,,0
3202,,405732,2,2124,21932,132,109,0,50332325,0x030002A5,wall,,00000677.pro,-1,,0
3203,,405820,2,2126,21933,133,109,0,50332324,0x030002A4,wall,,00000676.pro,-1,,0
3204,,405908,2,2128,21934,134,109,0,50332323,0x030002A3,wall,,00000675.pro,-1,,0
3205,,405996,2,2130,21935,135,109,0,50332356,0x030002C4,wall,,00000708.pro,-1,,0
3206,,406084,2,2131,21937,137,109,0,50332355,0x030002C3,wall,,00000707.pro,-1,,0
3207,,406172,2,2133,21938,138,109,0,50332354,0x030002C2,wall,,00000706.pro,-1,,0
3208,,406260,2,2134,21939,139,109,0,50332318,0x0300029E,wall,,00000670.pro,-1,,0
3209,,406348,2,2135,21940,140,109,0,50332317,0x0300029D,wall,,00000669.pro,-1,,0
3210,,406436,2,2136,21941,141,109,0,50332318,0x0300029E,wall,,00000670.pro,-1,,0
3211,,406524,2,2137,21942,142,109,0,50332314,0x0300029A,wall,,00000666.pro,-1,,0
3212,,406612,2,2138,21943,143,109,0,50332318,0x0300029E,wall,,00000670.pro,-1,,0
3213,,406700,2,2139,21944,144,109,0,50332363,0x030002CB,wall,,00000715.pro,-1,,0
3214,,406788,2,2140,21945,145,109,0,50331880,0x030000E8,wall,,00000232.pro,-1,,0
3215,,406876,2,2143,21954,154,109,0,83886092,0x0500000C,misc,,00000012.pro,-1,,0
3216,,406964,2,2144,21955,155,109,0,83886092,0x0500000C,misc,,00000012.pro,-1,,0
3217,,407052,2,2145,21956,156,109,0,83886092,0x0500000C,misc,,00000012.pro,-1,,0
3218,,407140,2,2146,21957,157,109,0,83886092,0x0500000C,misc,,00000012.pro,-1,,0
3219,,407228,2,2147,22040,40,110,0,83886092,0x0500000C,misc,,00000012.pro,-1,,0
3220,,407316,2,2150,22080,80,110,0,50332374,0x030002D6,wall,,00000726.pro,-1,,0
3221,,407404,2,2151,22080,80,110,0,33555234,0x02000322,scenery,generic,00000803.pro,-1,,0
3222,,407492,2,2161,22094,94,110,0,50332269,0x0300026D,wall,,00000621.pro,-1,,0
3223,,407580,2,2163,22095,95,110,0,50332270,0x0300026E,wall,,00000622.pro,-1,,0
3224,,407668,2,2165,22097,97,110,0,33555215,0x0200030F,scenery,generic,00000784.pro,-1,,0
3225,,407756,2,2168,22099,99,110,0,50332270,0x0300026E,wall,,00000622.pro,-1,,0
3226,,407844,2,2169,22100,100,110,0,33555244,0x0200032C,scenery,generic,00000813.pro,-1,,0
3227,,407932,2,2171,22101,101,110,0,50332270,0x0300026E,wall,,00000622.pro,-1,,0
3228,,408020,2,2173,22103,103,110,0,33555215,0x0200030F,scenery,generic,00000784.pro,-1,,0
3229,,408108,2,2175,22105,105,110,0,50332270,0x0300026E,wall,,00000622.pro,-1,,0
3230,,408196,2,2177,22113,113,110,0,50332270,0x0300026E,wall,,00000622.pro,-1,,0
3231,,408284,2,2178,22115,115,110,0,33555215,0x0200030F,scenery,generic,00000784.pro,-1,,0
3232,,408372,2,2179,22117,117,110,0,50332270,0x0300026E,wall,,00000622.pro,-1,,0
3233,,408460,2,2181,22119,119,110,0,50332270,0x0300026E,wall,,00000622.pro,-1,,0
3234,,408548,2,2184,22123,123,110,0,50332270,0x0300026E,wall,,00000622.pro,-1,,0
3235,,408636,2,2188,22125,125,110,0,50332270,0x0300026E,wall,,00000622.pro,-1,,0
3236,,408724,2,2192,22127,127,110,0,33555215,0x0200030F,scenery,generic,00000784.pro,-1,,0
3237,,408812,2,2196,22129,129,110,0,50332270,0x0300026E,wall,,00000622.pro,-1,,0
3238,,408900,2,2200,22131,131,110,0,50332270,0x0300026E,wall,,00000622.pro,-1,,0
3239,,408988,2,2204,22133,133,110,0,50332270,0x0300026E,wall,,00000622.pro,-1,,0
3240,,409076,2,2207,22135,135,110,0,50332270,0x0300026E,wall,,00000622.pro,-1,,0
3241,,409164,2,2209,22139,139,110,0,50332270,0x0300026E,wall,,00000622.pro,-1,,0
3242,,409252,2,2210,22141,141,110,0,50332270,0x0300026E,wall,,00000622.pro,-1,,0
3243,,409340,2,2211,22143,143,110,0,50332270,0x0300026E,wall,,00000622.pro,-1,,0
3244,,409428,2,2212,22144,144,110,0,50332270,0x0300026E,wall,,00000622.pro,-1,,0
3245,,409516,2,2213,22145,145,110,0,50331881,0x030000E9,wall,,00000233.pro,-1,,0
3246,,409604,2,2215,22152,152,110,0,83886092,0x0500000C,misc,,00000012.pro,-1,,0
3247,,409692,2,2216,22153,153,110,0,83886092,0x0500000C,misc,,00000012.pro,-1,,0
3248,,409780,2,2217,22154,154,110,0,83886092,0x0500000C,misc,,00000012.pro,-1,,0
3249,,409868,2,2218,22155,155,110,0,83886092,0x0500000C,misc,,00000012.pro,-1,,0
3250,,409956,2,2219,22241,41,111,0,83886092,0x0500000C,misc,,00000012.pro,-1,,0
3251,,410044,2,2224,22280,80,111,0,50332375,0x030002D7,wall,,00000727.pro,-1,,0
3252,,410132,2,2236,22294,94,111,0,50332334,0x030002AE,wall,,00000686.pro,-1,,0
3253,,410220,2,2240,22297,97,111,0,33554499,0x02000043,scenery,generic,00000068.pro,-1,,0
3254,,410308,2,2242,22303,103,111,0,33554499,0x02000043,scenery,generic,00000068.pro,-1,,0
3255,,410396,2,2245,22315,115,111,0,33554499,0x02000043,scenery,generic,00000068.pro,-1,,0
3256,,410484,2,2248,22327,127,111,0,33554499,0x02000043,scenery,generic,00000068.pro,-1,,0
3257,,410572,2,2253,22344,144,111,0,50332335,0x030002AF,wall,,00000687.pro,-1,,0
3258,,410660,2,2254,22345,145,111,0,50331878,0x030000E6,wall,,00000230.pro,-1,,0
3259,,410748,2,2255,22350,150,111,0,83886092,0x0500000C,misc,,00000012.pro,-1,,0
3260,,410836,2,2257,22351,151,111,0,83886092,0x0500000C,misc,,00000012.pro,-1,,0
3261,,410924,2,2258,22352,152,111,0,83886092,0x0500000C,misc,,00000012.pro,-1,,0
3262,,411012,2,2259,22353,153,111,0,83886092,0x0500000C,misc,,00000012.pro,-1,,0
3263,,411100,2,2260,22353,153,111,0,83886092,0x0500000C,misc,,00000012.pro,-1,,0
3264,,411188,2,2261,22441,41,112,0,83886092,0x0500000C,misc,,00000012.pro,-1,,0
3265,,411276,2,2262,22442,42,112,0,83886092,0x0500000C,misc,,00000012.pro,-1,,0
3266,,411364,2,2265,22480,80,112,0,50332374,0x030002D6,wall,,00000726.pro,-1,,0
3267,,411452,2,2269,22494,94,112,0,50332333,0x030002AD,wall,,00000685.pro,-1,,0
3268,,411540,2,2280,22544,144,112,0,50332333,0x030002AD,wall,,00000685.pro,-1,,0
3269,,411628,2,2281,22545,145,112,0,50331879,0x030000E7,wall,,00000231.pro,-1,,0
3270,,411716,2,2282,22548,148,112,0,83886092,0x0500000C,misc,,00000012.pro,-1,,0
3271,,411804,2,2283,22549,149,112,0,83886092,0x0500000C,misc,,00000012.pro,-1,,0
3272,,411892,2,2284,22550,150,112,0,83886092,0x0500000C,misc,,00000012.pro,-1,,0
3273,,411980,2,2286,22551,151,112,0,83886092,0x0500000C,misc,,00000012.pro,-1,,0
3274,,412068,2,2288,22642,42,113,0,83886092,0x0500000C,misc,,00000012.pro,-1,,0
3275,,412156,2,2291,22680,80,113,0,33555224,0x02000318,scenery,generic,00000793.pro,-1,,0
3276,,412244,2,2292,22680,80,113,0,50332332,0x030002AC,wall,,00000684.pro,-1,,0
3277,,412332,2,2293,22681,81,113,0,33554499,0x02000043,scenery,generic,00000068.pro,-1,,0
3278,,412420,2,2294,22682,82,113,0,33554499,0x02000043,scenery,generic,00000068.pro,-1,,0
3279,,412508,2,2301,22694,94,113,0,50332351,0x030002BF,wall,,00000703.pro,-1,,0
3280,,412596,2,2317,22744,144,113,0,50332335,0x030002AF,wall,,00000687.pro,-1,,0
3281,,412684,2,2318,22745,145,113,0,50331880,0x030000E8,wall,,00000232.pro,-1,,0
3282,,412772,2,2319,22746,146,113,0,83886092,0x0500000C,misc,,00000012.pro,-1,,0
3283,,412860,2,2320,22747,147,113,0,83886092,0x0500000C,misc,,00000012.pro,-1,,0
3284,,412948,2,2321,22748,148,113,0,83886092,0x0500000C,misc,,00000012.pro,-1,,0
3285,,413036,2,2322,22749,149,113,0,83886092,0x0500000C,misc,,00000012.pro,-1,,0
3286,,413124,2,2324,22843,43,114,0,83886092,0x0500000C,misc,,00000012.pro,-1,,0
3287,,413212,2,2325,22843,43,114,0,83886092,0x0500000C,misc,,00000012.pro,-1,,0
3288,,413300,2,2330,22880,80,114,0,50332331,0x030002AB,wall,,00000683.pro,-1,,0
3289,,413388,2,2331,22882,82,114,0,33555237,0x02000325,scenery,generic,00000806.pro,-1,,0
3290,,413476,2,2332,22883,83,114,0,33555210,0x0200030A,scenery,generic,00000779.pro,-1,,0
3291,,413564,2,2334,22886,86,114,1,16777399,0x010000B7,critter,,00000183.pro,67108872,Dirtnap.int,0
3292,,413692,2,2341,22901,101,114,0,33554573,0x0200008D,scenery,generic,00000142.pro,-1,,0
3293,,413780,2,2345,22921,121,114,0,33554573,0x0200008D,scenery,generic,00000142.pro,-1,,0
3294,,413868,2,2352,22944,144,114,0,83886092,0x0500000C,misc,,00000012.pro,-1,,0
3295,,413956,2,2353,22944,144,114,0,50332333,0x030002AD,wall,,00000685.pro,-1,,0
3296,,414044,2,2354,22945,145,114,0,83886092,0x0500000C,misc,,00000012.pro,-1,,0
3297,,414132,2,2355,22945,145,114,0,50331881,0x030000E9,wall,,00000233.pro,-1,,0
3298,,414220,2,2356,22946,146,114,0,83886092,0x0500000C,misc,,00000012.pro,-1,,0
3299,,414308,2,2357,22947,147,114,0,83886092,0x0500000C,misc,,00000012.pro,-1,,0
3300,,414396,2,2359,23043,43,115,0,83886092,0x0500000C,misc,,00000012.pro,-1,,0
3301,,414484,2,2360,23044,44,115,0,83886092,0x0500000C,misc,,00000012.pro,-1,,0
3302,,414572,2,2363,23080,80,115,0,50332330,0x030002AA,wall,,00000682.pro,-1,,0
3303,,414660,2,2364,23081,81,115,0,33554499,0x02000043,scenery,generic,00000068.pro,-1,,0
3304,,414748,2,2365,23084,84,115,3,16777232,0x01000010,critter,,00000016.pro,67108871,Dirtnap.int,0
3305,,414876,2,2378,23094,94,115,0,50332352,0x030002C0,wall,,00000704.pro,-1,,0
3306,,414964,2,2427,23142,142,115,0,83886092,0x0500000C,misc,,00000012.pro,-1,,0
3307,,415052,2,2428,23143,143,115,0,83886092,0x0500000C,misc,,00000012.pro,-1,,0
3308,,415140,2,2429,23144,144,115,0,83886092,0x0500000C,misc,,00000012.pro,-1,,0
3309,,415228,2,2430,23144,144,115,0,50332335,0x030002AF,wall,,00000687.pro,-1,,0
3310,,415316,2,2431,23145,145,115,0,83886092,0x0500000C,misc,,00000012.pro,-1,,0
3311,,415404,2,2432,23145,145,115,0,50331878,0x030000E6,wall,,00000230.pro,-1,,0
3312,,415492,2,2435,23244,44,116,0,83886092,0x0500000C,misc,,00000012.pro,-1,,0
3313,,415580,2,2439,23280,80,116,0,50332337,0x030002B1,wall,,00000689.pro,-1,,0
3314,,415668,2,2440,23281,81,116,0,33555242,0x0200032A,scenery,generic,00000811.pro,-1,,0
3315,,415756,2,2442,23286,86,116,0,16777229,0x0100000D,critter,,00000013.pro,-1,,0
3316,,415884,2,2449,23294,94,116,0,50332353,0x030002C1,wall,,00000705.pro,-1,,0
3317,,415972,2,2475,23340,140,116,0,83886092,0x0500000C,misc,,00000012.pro,-1,,0
3318,,416060,2,2476,23341,141,116,0,83886092,0x0500000C,misc,,00000012.pro,-1,,0
3319,,416148,2,2477,23342,142,116,0,83886092,0x0500000C,misc,,00000012.pro,-1,,0
3320,,416236,2,2479,23343,143,116,0,83886092,0x0500000C,misc,,00000012.pro,-1,,0
3321,,416324,2,2480,23344,144,116,0,50332333,0x030002AD,wall,,00000685.pro,-1,,0
3322,,416412,2,2481,23345,145,116,0,50331879,0x030000E7,wall,,00000231.pro,-1,,0
3323,,416500,2,2483,23445,45,117,0,83886092,0x0500000C,misc,,00000012.pro,-1,,0
3324,,416588,2,2484,23462,62,117,0,50332343,0x030002B7,wall,,00000695.pro,-1,,0
3325,,416676,2,2485,23463,63,117,0,50332342,0x030002B6,wall,,00000694.pro,-1,,0
3326,,416764,2,2486,23464,64,117,0,50332340,0x030002B4,wall,,00000692.pro,-1,,0
3327,,416852,2,2487,23465,65,117,0,50332322,0x030002A2,wall,,00000674.pro,-1,,0
3328,,416940,2,2488,23466,66,117,0,50332321,0x030002A1,wall,,00000673.pro,-1,,0
3329,,417028,2,2489,23467,67,117,0,50332320,0x030002A0,wall,,00000672.pro,-1,,0
3330,,417116,2,2490,23468,68,117,0,50332319,0x0300029F,wall,,00000671.pro,-1,,0
3331,,417204,2,2491,23469,69,117,0,50332320,0x030002A0,wall,,00000672.pro,-1,,0
3332,,417292,2,2492,23470,70,117,0,50332319,0x0300029F,wall,,00000671.pro,-1,,0
3333,,417380,2,2495,23471,71,117,0,50332320,0x030002A0,wall,,00000672.pro,-1,,0
3334,,417468,2,2498,23472,72,117,0,50332319,0x0300029F,wall,,00000671.pro,-1,,0
3335,,417556,2,2499,23473,73,117,0,50332320,0x030002A0,wall,,00000672.pro,-1,,0
3336,,417644,2,2500,23474,74,117,0,50332319,0x0300029F,wall,,00000671.pro,-1,,0
3337,,417732,2,2501,23475,75,117,0,50332320,0x030002A0,wall,,00000672.pro,-1,,0
3338,,417820,2,2502,23476,76,117,0,50332319,0x0300029F,wall,,00000671.pro,-1,,0
3339,,417908,2,2503,23477,77,117,0,50332372,0x030002D4,wall,,00000724.pro,-1,,0
3340,,417996,2,2504,23478,78,117,0,50332371,0x030002D3,wall,,00000723.pro,-1,,0
3341,,418084,2,2505,23479,79,117,0,50332339,0x030002B3,wall,,00000691.pro,-1,,0
3342,,418172,2,2506,23480,80,117,0,50332338,0x030002B2,wall,,00000690.pro,-1,,0
3343,,418260,2,2509,23485,85,117,5,16777232,0x01000010,critter,,00000016.pro,67108870,Dirtnap.int,0
3344,,418388,2,2514,23494,94,117,0,50332334,0x030002AE,wall,,00000686.pro,-1,,0
3345,,418476,2,2518,23538,138,117,0,83886092,0x0500000C,misc,,00000012.pro,-1,,0
3346,,418564,2,2519,23539,139,117,0,83886092,0x0500000C,misc,,00000012.pro,-1,,0
3347,,418652,2,2520,23540,140,117,0,83886092,0x0500000C,misc,,00000012.pro,-1,,0
3348,,418740,2,2521,23541,141,117,0,83886092,0x0500000C,misc,,00000012.pro,-1,,0
3349,,418828,2,2524,23544,144,117,0,50332335,0x030002AF,wall,,00000687.pro,-1,,0
3350,,418916,2,2525,23545,145,117,0,50331880,0x030000E8,wall,,00000232.pro,-1,,0
3351,,419004,2,2527,23645,45,118,0,83886092,0x0500000C,misc,,00000012.pro,-1,,0
3352,,419092,2,2528,23646,46,118,0,83886092,0x0500000C,misc,,00000012.pro,-1,,0
3353,,419180,2,2529,23662,62,118,0,50332344,0x030002B8,wall,,00000696.pro,-1,,0
3354,,419268,2,2530,23663,63,118,0,50332270,0x0300026E,wall,,00000622.pro,-1,,0
3355,,419356,2,2531,23665,65,118,0,50332270,0x0300026E,wall,,00000622.pro,-1,,0
3356,,419444,2,2532,23666,66,118,0,33555244,0x0200032C,scenery,generic,00000813.pro,-1,,0
3357,,419532,2,2533,23667,67,118,0,50332270,0x0300026E,wall,,00000622.pro,-1,,0
3358,,419620,2,2534,23668,68,118,0,33554499,0x02000043,scenery,generic,00000068.pro,-1,,0
3359,,419708,2,2535,23670,70,118,0,33554499,0x02000043,scenery,generic,00000068.pro,-1,,0
3360,,419796,2,2536,23671,71,118,0,50332270,0x0300026E,wall,,00000622.pro,-1,,0
3361,,419884,2,2537,23671,71,118,0,33555235,0x02000323,scenery,generic,00000804.pro,-1,,0
3362,,419972,2,2540,23672,72,118,0,33554499,0x02000043,scenery,generic,00000068.pro,-1,,0
3363,,420060,2,2541,23674,74,118,0,33554499,0x02000043,scenery,generic,00000068.pro,-1,,0
3364,,420148,2,2542,23676,76,118,0,33554499,0x02000043,scenery,generic,00000068.pro,-1,,0
3365,,420236,2,2543,23677,77,118,0,50332270,0x0300026E,wall,,00000622.pro,-1,,0
3366,,420324,2,2544,23679,79,118,0,50332270,0x0300026E,wall,,00000622.pro,-1,,0
3367,,420412,2,2553,23694,94,118,0,50332333,0x030002AD,wall,,00000685.pro,-1,,0
3368,,420500,2,2558,23736,136,118,0,83886092,0x0500000C,misc,,00000012.pro,-1,,0
3369,,420588,2,2559,23737,137,118,0,83886092,0x0500000C,misc,,00000012.pro,-1,,0
3370,,420676,2,2560,23738,138,118,0,83886092,0x0500000C,misc,,00000012.pro,-1,,0
3371,,420764,2,2561,23739,139,118,0,83886092,0x0500000C,misc,,00000012.pro,-1,,0
3372,,420852,2,2563,23744,144,118,0,50332333,0x030002AD,wall,,00000685.pro,-1,,0
3373,,420940,2,2564,23745,145,118,0,50331881,0x030000E9,wall,,00000233.pro,-1,,0
3374,,421028,2,2567,23846,46,119,0,83886092,0x0500000C,misc,,00000012.pro,-1,,0
3375,,421116,2,2568,23862,62,119,0,50332269,0x0300026D,wall,,00000621.pro,-1,,0
3376,,421204,2,2569,23869,69,119,0,33555238,0x02000326,scenery,generic,00000807.pro,-1,,0
3377,,421292,2,2572,23873,73,119,0,33555238,0x02000326,scenery,generic,00000807.pro,-1,,0
3378,,421380,2,2573,23875,75,119,0,33555250,0x02000332,scenery,generic,00000819.pro,-1,,0
3379,,421468,2,2578,23894,94,119,0,50332335,0x030002AF,wall,,00000687.pro,-1,,0
3380,,421556,2,2581,23934,134,119,0,83886092,0x0500000C,misc,,00000012.pro,-1,,0
3381,,421644,2,2583,23935,135,119,0,83886092,0x0500000C,misc,,00000012.pro,-1,,0
3382,,421732,2,2584,23936,136,119,0,83886092,0x0500000C,misc,,00000012.pro,-1,,0
3383,,421820,2,2585,23937,137,119,0,83886092,0x0500000C,misc,,00000012.pro,-1,,0
3384,,421908,2,2586,23944,144,119,0,50332335,0x030002AF,wall,,00000687.pro,-1,,0
3385,,421996,2,2588,23945,145,119,0,50331878,0x030000E6,wall,,00000230.pro,-1,,0
3386,,422084,2,2590,24047,47,120,0,83886092,0x0500000C,misc,,00000012.pro,-1,,0
3387,,422172,2,2591,24062,62,120,0,50332375,0x030002D7,wall,,00000727.pro,-1,,0
3388,,422260,2,2594,24073,73,120,0,33555211,0x0200030B,scenery,generic,00000780.pro,-1,,0
3389,,422348,2,2597,24075,75,120,0,33555208,0x02000308,scenery,generic,00000777.pro,-1,,0
3390,,422436,2,2603,24094,94,120,0,50332333,0x030002AD,wall,,00000685.pro,-1,,0
3391,,422524,2,2604,24096,96,120,0,33554499,0x02000043,scenery,generic,00000068.pro,-1,,0
3392,,422612,2,2605,24097,97,120,0,33555212,0x0200030C,scenery,generic,00000781.pro,-1,,0
3393,,422700,2,2606,24098,98,120,0,33554499,0x02000043,scenery,generic,00000068.pro,-1,,0
3394,,422788,2,2608,24102,102,120,0,33554499,0x02000043,scenery,generic,00000068.pro,-1,,0
3395,,422876,2,2609,24103,103,120,0,33555212,0x0200030C,scenery,generic,00000781.pro,-1,,0
3396,,422964,2,2610,24104,104,120,0,33554499,0x02000043,scenery,generic,00000068.pro,-1,,0
3397,,423052,2,2611,24108,108,120,0,33554499,0x02000043,scenery,generic,00000068.pro,-1,,0
3398,,423140,2,2612,24109,109,120,0,33555212,0x0200030C,scenery,generic,00000781.pro,-1,,0
3399,,423228,2,2613,24110,110,120,0,33554499,0x02000043,scenery,generic,00000068.pro,-1,,0
3400,,423316,2,2614,24114,114,120,0,33554499,0x02000043,scenery,generic,00000068.pro,-1,,0
3401,,423404,2,2615,24115,115,120,0,33555212,0x0200030C,scenery,generic,00000781.pro,-1,,0
3402,,423492,2,2616,24116,116,120,0,33554499,0x02000043,scenery,generic,00000068.pro,-1,,0
3403,,423580,2,2617,24120,120,120,0,33554499,0x02000043,scenery,generic,00000068.pro,-1,,0
3404,,423668,2,2618,24121,121,120,0,33555212,0x0200030C,scenery,generic,00000781.pro,-1,,0
3405,,423756,2,2619,24122,122,120,0,33554499,0x02000043,scenery,generic,00000068.pro,-1,,0
3406,,423844,2,2620,24126,126,120,0,33554499,0x02000043,scenery,generic,00000068.pro,-1,,0
3407,,423932,2,2621,24127,127,120,0,33555212,0x0200030C,scenery,generic,00000781.pro,-1,,0
3408,,424020,2,2622,24128,128,120,0,33554499,0x02000043,scenery,generic,00000068.pro,-1,,0
3409,,424108,2,2623,24132,132,120,0,83886092,0x0500000C,misc,,00000012.pro,-1,,0
3410,,424196,2,2624,24132,132,120,0,33554499,0x02000043,scenery,generic,00000068.pro,-1,,0
3411,,424284,2,2625,24133,133,120,0,83886092,0x0500000C,misc,,00000012.pro,-1,,0
3412,,424372,2,2626,24133,133,120,0,33555212,0x0200030C,scenery,generic,00000781.pro,-1,,0
3413,,424460,2,2628,24134,134,120,0,83886092,0x0500000C,misc,,00000012.pro,-1,,0
3414,,424548,2,2629,24134,134,120,0,33554499,0x02000043,scenery,generic,00000068.pro,-1,,0
3415,,424636,2,2631,24135,135,120,0,83886092,0x0500000C,misc,,00000012.pro,-1,,0
3416,,424724,2,2632,24138,138,120,0,33554499,0x02000043,scenery,generic,00000068.pro,-1,,0
3417,,424812,2,2633,24139,139,120,0,33555212,0x0200030C,scenery,generic,00000781.pro,-1,,0
3418,,424900,2,2634,24140,140,120,0,33554499,0x02000043,scenery,generic,00000068.pro,-1,,0
3419,,424988,2,2635,24144,144,120,0,50332333,0x030002AD,wall,,00000685.pro,-1,,0
3420,,425076,2,2637,24145,145,120,0,50331879,0x030000E7,wall,,00000231.pro,-1,,0
3421,,425164,2,2640,24247,47,121,0,83886092,0x0500000C,misc,,00000012.pro,-1,,0
3422,,425252,2,2641,24248,48,121,0,83886092,0x0500000C,misc,,00000012.pro,-1,,0
3423,,425340,2,2642,24262,62,121,0,50332374,0x030002D6,wall,,00000726.pro,-1,,0
3424,,425428,2,2643,24263,63,121,0,33554499,0x02000043,scenery,generic,00000068.pro,-1,,0
3425,,425516,2,2644,24264,64,121,0,33554499,0x02000043,scenery,generic,00000068.pro,-1,,0
3426,,425604,2,2652,24294,94,121,0,50332365,0x030002CD,wall,,00000717.pro,-1,,0
3427,,425692,2,2653,24295,95,121,0,50332318,0x0300029E,wall,,00000670.pro,-1,,0
3428,,425780,2,2655,24296,96,121,0,50332314,0x0300029A,wall,,00000666.pro,-1,,0
3429,,425868,2,2656,24297,97,121,0,50332318,0x0300029E,wall,,00000670.pro,-1,,0
3430,,425956,2,2657,24298,98,121,0,50332314,0x0300029A,wall,,00000666.pro,-1,,0
3431,,426044,2,2658,24299,99,121,0,50332318,0x0300029E,wall,,00000670.pro,-1,,0
3432,,426132,2,2660,24300,100,121,0,50332314,0x0300029A,wall,,00000666.pro,-1,,0
3433,,426220,2,2661,24301,101,121,0,50332318,0x0300029E,wall,,00000670.pro,-1,,0
3434,,426308,2,2662,24302,102,121,0,50332314,0x0300029A,wall,,00000666.pro,-1,,0
3435,,426396,2,2663,24303,103,121,0,50332318,0x0300029E,wall,,00000670.pro,-1,,0
3436,,426484,2,2664,24304,104,121,0,50332314,0x0300029A,wall,,00000666.pro,-1,,0
3437,,426572,2,2665,24305,105,121,0,50332318,0x0300029E,wall,,00000670.pro,-1,,0
3438,,426660,2,2666,24306,106,121,0,50332314,0x0300029A,wall,,00000666.pro,-1,,0
3439,,426748,2,2667,24307,107,121,0,50332318,0x0300029E,wall,,00000670.pro,-1,,0
3440,,426836,2,2668,24308,108,121,0,50332314,0x0300029A,wall,,00000666.pro,-1,,0
3441,,426924,2,2669,24309,109,121,0,50332318,0x0300029E,wall,,00000670.pro,-1,,0
3442,,427012,2,2670,24310,110,121,0,50332314,0x0300029A,wall,,00000666.pro,-1,,0
3443,,427100,2,2671,24311,111,121,0,50332318,0x0300029E,wall,,00000670.pro,-1,,0
3444,,427188,2,2672,24312,112,121,0,50332314,0x0300029A,wall,,00000666.pro,-1,,0
3445,,427276,2,2673,24313,113,121,0,50332318,0x0300029E,wall,,00000670.pro,-1,,0
3446,,427364,2,2674,24314,114,121,0,50332314,0x0300029A,wall,,00000666.pro,-1,,0
3447,,427452,2,2675,24315,115,121,0,50332318,0x0300029E,wall,,00000670.pro,-1,,0
3448,,427540,2,2676,24316,116,121,0,50332314,0x0300029A,wall,,00000666.pro,-1,,0
3449,,427628,2,2677,24317,117,121,0,50332318,0x0300029E,wall,,00000670.pro,-1,,0
3450,,427716,2,2678,24318,118,121,0,50332314,0x0300029A,wall,,00000666.pro,-1,,0
3451,,427804,2,2679,24319,119,121,0,50332318,0x0300029E,wall,,00000670.pro,-1,,0
3452,,427892,2,2680,24320,120,121,0,50332314,0x0300029A,wall,,00000666.pro,-1,,0
3453,,427980,2,2681,24321,121,121,0,50332318,0x0300029E,wall,,00000670.pro,-1,,0
3454,,428068,2,2682,24322,122,121,0,50332314,0x0300029A,wall,,00000666.pro,-1,,0
3455,,428156,2,2683,24323,123,121,0,50332318,0x0300029E,wall,,00000670.pro,-1,,0
3456,,428244,2,2684,24324,124,121,0,50332314,0x0300029A,wall,,00000666.pro,-1,,0
3457,,428332,2,2685,24325,125,121,0,50332318,0x0300029E,wall,,00000670.pro,-1,,0
3458,,428420,2,2686,24326,126,121,0,50332314,0x0300029A,wall,,00000666.pro,-1,,0
3459,,428508,2,2687,24327,127,121,0,50332318,0x0300029E,wall,,00000670.pro,-1,,0
3460,,428596,2,2688,24328,128,121,0,50332314,0x0300029A,wall,,00000666.pro,-1,,0
3461,,428684,2,2689,24329,129,121,0,50332318,0x0300029E,wall,,00000670.pro,-1,,0
3462,,428772,2,2690,24330,130,121,0,83886092,0x0500000C,misc,,00000012.pro,-1,,0
3463,,428860,2,2691,24330,130,121,0,50332314,0x0300029A,wall,,00000666.pro,-1,,0
3464,,428948,2,2692,24331,131,121,0,83886092,0x0500000C,misc,,00000012.pro,-1,,0
3465,,429036,2,2693,24331,131,121,0,50332318,0x0300029E,wall,,00000670.pro,-1,,0
3466,,429124,2,2694,24332,132,121,0,83886092,0x0500000C,misc,,00000012.pro,-1,,0
3467,,429212,2,2695,24332,132,121,0,50332314,0x0300029A,wall,,00000666.pro,-1,,0
3468,,429300,2,2696,24333,133,121,0,83886092,0x0500000C,misc,,00000012.pro,-1,,0
3469,,429388,2,2697,24333,133,121,0,50332318,0x0300029E,wall,,00000670.pro,-1,,0
3470,,429476,2,2699,24334,134,121,0,50332314,0x0300029A,wall,,00000666.pro,-1,,0
3471,,429564,2,2701,24335,135,121,0,50332318,0x0300029E,wall,,00000670.pro,-1,,0
3472,,429652,2,2702,24336,136,121,0,50332314,0x0300029A,wall,,00000666.pro,-1,,0
3473,,429740,2,2703,24337,137,121,0,50332318,0x0300029E,wall,,00000670.pro,-1,,0
3474,,429828,2,2704,24338,138,121,0,50332314,0x0300029A,wall,,00000666.pro,-1,,0
3475,,429916,2,2705,24339,139,121,0,50332318,0x0300029E,wall,,00000670.pro,-1,,0
3476,,430004,2,2706,24340,140,121,0,50332314,0x0300029A,wall,,00000666.pro,-1,,0
3477,,430092,2,2707,24341,141,121,0,50332318,0x0300029E,wall,,00000670.pro,-1,,0
3478,,430180,2,2708,24342,142,121,0,50332314,0x0300029A,wall,,00000666.pro,-1,,0
3479,,430268,2,2709,24343,143,121,0,50332322,0x030002A2,wall,,00000674.pro,-1,,0
3480,,430356,2,2710,24344,144,121,0,50332367,0x030002CF,wall,,00000719.pro,-1,,0
3481,,430444,2,2711,24345,145,121,0,50331880,0x030000E8,wall,,00000232.pro,-1,,0
3482,,430532,2,2715,24448,48,122,0,83886092,0x0500000C,misc,,00000012.pro,-1,,0
3483,,430620,2,2716,24462,62,122,0,33555226,0x0200031A,scenery,generic,00000795.pro,-1,,0
3484,,430708,2,2717,24462,62,122,0,50332332,0x030002AC,wall,,00000684.pro,-1,,0
3485,,430796,2,2718,24464,64,122,0,33555237,0x02000325,scenery,generic,00000806.pro,-1,,0
3486,,430884,2,2719,24465,65,122,0,33555208,0x02000308,scenery,generic,00000777.pro,-1,,0
3487,,430972,2,2725,24494,94,122,0,50332269,0x0300026D,wall,,00000621.pro,-1,,0
3488,,431060,2,2726,24496,96,122,0,50331877,0x030000E5,wall,,00000229.pro,-1,,0
3489,,431148,2,2727,24498,98,122,0,50331875,0x030000E3,wall,,00000227.pro,-1,,0
3490,,431236,2,2729,24500,100,122,0,50331873,0x030000E1,wall,,00000225.pro,-1,,0
3491,,431324,2,2730,24502,102,122,0,50331877,0x030000E5,wall,,00000229.pro,-1,,0
3492,,431412,2,2731,24504,104,122,0,50331875,0x030000E3,wall,,00000227.pro,-1,,0
3493,,431500,2,2732,24506,106,122,0,50331873,0x030000E1,wall,,00000225.pro,-1,,0
3494,,431588,2,2733,24508,108,122,0,50331877,0x030000E5,wall,,00000229.pro,-1,,0
3495,,431676,2,2734,24510,110,122,0,50331875,0x030000E3,wall,,00000227.pro,-1,,0
3496,,431764,2,2735,24512,112,122,0,50331873,0x030000E1,wall,,00000225.pro,-1,,0
3497,,431852,2,2736,24514,114,122,0,50331877,0x030000E5,wall,,00000229.pro,-1,,0
3498,,431940,2,2737,24516,116,122,0,50331875,0x030000E3,wall,,00000227.pro,-1,,0
3499,,432028,2,2738,24518,118,122,0,50331873,0x030000E1,wall,,00000225.pro,-1,,0
3500,,432116,2,2739,24520,120,122,0,50331877,0x030000E5,wall,,00000229.pro,-1,,0
3501,,432204,2,2740,24522,122,122,0,50331875,0x030000E3,wall,,00000227.pro,-1,,0
3502,,432292,2,2741,24524,124,122,0,50331873,0x030000E1,wall,,00000225.pro,-1,,0
3503,,432380,2,2742,24526,126,122,0,50331877,0x030000E5,wall,,00000229.pro,-1,,0
3504,,432468,2,2743,24528,128,122,0,83886092,0x0500000C,misc,,00000012.pro,-1,,0
3505,,432556,2,2744,24528,128,122,0,50331875,0x030000E3,wall,,00000227.pro,-1,,0
3506,,432644,2,2745,24529,129,122,0,83886092,0x0500000C,misc,,00000012.pro,-1,,0
3507,,432732,2,2746,24530,130,122,0,83886092,0x0500000C,misc,,00000012.pro,-1,,0
3508,,432820,2,2747,24530,130,122,0,50331873,0x030000E1,wall,,00000225.pro,-1,,0
3509,,432908,2,2748,24531,131,122,0,83886092,0x0500000C,misc,,00000012.pro,-1,,0
3510,,432996,2,2749,24532,132,122,0,50331877,0x030000E5,wall,,00000229.pro,-1,,0
3511,,433084,2,2751,24534,134,122,0,50331875,0x030000E3,wall,,00000227.pro,-1,,0
3512,,433172,2,2753,24536,136,122,0,50331873,0x030000E1,wall,,00000225.pro,-1,,0
3513,,433260,2,2754,24538,138,122,0,50331877,0x030000E5,wall,,00000229.pro,-1,,0
3514,,433348,2,2755,24540,140,122,0,50331875,0x030000E3,wall,,00000227.pro,-1,,0
3515,,433436,2,2756,24542,142,122,0,50331873,0x030000E1,wall,,00000225.pro,-1,,0
3516,,433524,2,2757,24544,144,122,0,50331877,0x030000E5,wall,,00000229.pro,-1,,0
3517,,433612,2,2758,24545,145,122,0,50331881,0x030000E9,wall,,00000233.pro,-1,,0
3518,,433700,2,2761,24649,49,123,0,83886092,0x0500000C,misc,,00000012.pro,-1,,0
3519,,433788,2,2762,24662,62,123,0,50332331,0x030002AB,wall,,00000683.pro,-1,,0
3520,,433876,2,2763,24664,64,123,0,33554499,0x02000043,scenery,generic,00000068.pro,-1,,0
3521,,433964,2,2764,24668,68,123,2,50332347,0x030002BB,wall,,00000699.pro,-1,,0
3522,,434052,2,2765,24669,69,123,2,50332318,0x0300029E,wall,,00000670.pro,-1,,0
3523,,434140,2,2766,24670,70,123,2,50332314,0x0300029A,wall,,00000666.pro,-1,,0
3524,,434228,2,2767,24671,71,123,2,50332318,0x0300029E,wall,,00000670.pro,-1,,0
3525,,434316,2,2768,24672,72,123,2,50332314,0x0300029A,wall,,00000666.pro,-1,,0
3526,,434404,2,2769,24673,73,123,2,50332318,0x0300029E,wall,,00000670.pro,-1,,0
3527,,434492,2,2770,24674,74,123,2,50332314,0x0300029A,wall,,00000666.pro,-1,,0
3528,,434580,2,2773,24675,75,123,2,50332318,0x0300029E,wall,,00000670.pro,-1,,0
3529,,434668,2,2776,24676,76,123,2,50332314,0x0300029A,wall,,00000666.pro,-1,,0
3530,,434756,2,2777,24677,77,123,2,50332318,0x0300029E,wall,,00000670.pro,-1,,0
3531,,434844,2,2778,24678,78,123,2,50332346,0x030002BA,wall,,00000698.pro,-1,,0
3532,,434932,2,2791,24694,94,123,2,50332335,0x030002AF,wall,,00000687.pro,-1,,0
3533,,435020,2,2794,24695,95,123,0,50332300,0x0300028C,wall,,00000652.pro,-1,,0
3534,,435108,2,2797,24697,97,123,0,50331876,0x030000E4,wall,,00000228.pro,-1,,0
3535,,435196,2,2800,24699,99,123,0,50331874,0x030000E2,wall,,00000226.pro,-1,,0
3536,,435284,2,2804,24701,101,123,0,50331872,0x030000E0,wall,,00000224.pro,-1,,0
3537,,435372,2,2807,24703,103,123,0,50331876,0x030000E4,wall,,00000228.pro,-1,,0
3538,,435460,2,2809,24705,105,123,0,50331874,0x030000E2,wall,,00000226.pro,-1,,0
3539,,435548,2,2812,24707,107,123,0,50331872,0x030000E0,wall,,00000224.pro,-1,,0
3540,,435636,2,2815,24709,109,123,0,50331876,0x030000E4,wall,,00000228.pro,-1,,0
3541,,435724,2,2818,24711,111,123,0,50331874,0x030000E2,wall,,00000226.pro,-1,,0
3542,,435812,2,2821,24713,113,123,0,50331872,0x030000E0,wall,,00000224.pro,-1,,0
3543,,435900,2,2824,24715,115,123,0,50331876,0x030000E4,wall,,00000228.pro,-1,,0
3544,,435988,2,2826,24717,117,123,0,50331874,0x030000E2,wall,,00000226.pro,-1,,0
3545,,436076,2,2829,24719,119,123,0,50331872,0x030000E0,wall,,00000224.pro,-1,,0
3546,,436164,2,2832,24721,121,123,0,50331876,0x030000E4,wall,,00000228.pro,-1,,0
3547,,436252,2,2835,24723,123,123,0,50331874,0x030000E2,wall,,00000226.pro,-1,,0
3548,,436340,2,2838,24725,125,123,0,50331872,0x030000E0,wall,,00000224.pro,-1,,0
3549,,436428,2,2840,24726,126,123,0,83886092,0x0500000C,misc,,00000012.pro,-1,,0
3550,,436516,2,2842,24727,127,123,0,83886092,0x0500000C,misc,,00000012.pro,-1,,0
3551,,436604,2,2843,24727,127,123,0,50331876,0x030000E4,wall,,00000228.pro,-1,,0
3552,,436692,2,2844,24728,128,123,0,83886092,0x0500000C,misc,,00000012.pro,-1,,0
3553,,436780,2,2846,24729,129,123,0,83886092,0x0500000C,misc,,00000012.pro,-1,,0
3554,,436868,2,2847,24729,129,123,0,50331874,0x030000E2,wall,,00000226.pro,-1,,0
3555,,436956,2,2850,24731,131,123,0,50331872,0x030000E0,wall,,00000224.pro,-1,,0
3556,,437044,2,2853,24733,133,123,0,50331876,0x030000E4,wall,,00000228.pro,-1,,0
3557,,437132,2,2856,24735,135,123,0,50331874,0x030000E2,wall,,00000226.pro,-1,,0
3558,,437220,2,2857,24737,137,123,0,50331872,0x030000E0,wall,,00000224.pro,-1,,0
3559,,437308,2,2858,24739,139,123,0,50331876,0x030000E4,wall,,00000228.pro,-1,,0
3560,,437396,2,2859,24741,141,123,0,50331874,0x030000E2,wall,,00000226.pro,-1,,0
3561,,437484,2,2860,24743,143,123,0,50331872,0x030000E0,wall,,00000224.pro,-1,,0
3562,,437572,2,2861,24745,145,123,0,50332301,0x0300028D,wall,,00000653.pro,-1,,0
3563,,437660,2,2865,24849,49,124,0,83886092,0x0500000C,misc,,00000012.pro,-1,,0
3564,,437748,2,2866,24850,50,124,0,83886092,0x0500000C,misc,,00000012.pro,-1,,0
3565,,437836,2,2867,24862,62,124,0,50332332,0x030002AC,wall,,00000684.pro,-1,,0
3566,,437924,2,2868,24864,64,124,0,33555251,0x02000333,scenery,generic,00000820.pro,-1,,0
3567,,438012,2,2869,24865,65,124,0,33555209,0x02000309,scenery,generic,00000778.pro,-1,,0
3568,,438100,2,2870,24868,68,124,0,50332269,0x0300026D,wall,,00000621.pro,-1,,0
3569,,438188,2,2871,24870,70,124,0,33554499,0x02000043,scenery,generic,00000068.pro,-1,,0
3570,,438276,2,2872,24872,72,124,0,33554499,0x02000043,scenery,generic,00000068.pro,-1,,0
3571,,438364,2,2873,24873,73,124,0,33555221,0x02000315,scenery,generic,00000790.pro,-1,,0
3572,,438452,2,2874,24874,74,124,0,33554499,0x02000043,scenery,generic,00000068.pro,-1,,0
3573,,438540,2,2877,24876,76,124,0,33554499,0x02000043,scenery,generic,00000068.pro,-1,,0
3574,,438628,2,2878,24878,78,124,0,50332269,0x0300026D,wall,,00000621.pro,-1,,0
3575,,438716,2,2885,24894,94,124,0,50332333,0x030002AD,wall,,00000685.pro,-1,,0
3576,,438804,2,2887,24895,95,124,0,50332270,0x0300026E,wall,,00000622.pro,-1,,0
3577,,438892,2,2906,24924,124,124,0,83886092,0x0500000C,misc,,00000012.pro,-1,,0
3578,,438980,2,2909,24925,125,124,0,83886092,0x0500000C,misc,,00000012.pro,-1,,0
3579,,439068,2,2910,24926,126,124,0,83886092,0x0500000C,misc,,00000012.pro,-1,,0
3580,,439156,2,2912,24927,127,124,0,83886092,0x0500000C,misc,,00000012.pro,-1,,0
3581,,439244,2,2922,25050,50,125,0,83886092,0x0500000C,misc,,00000012.pro,-1,,0
3582,,439332,2,2923,25062,62,125,0,50332331,0x030002AB,wall,,00000683.pro,-1,,0
3583,,439420,2,2924,25063,63,125,0,33554499,0x02000043,scenery,generic,00000068.pro,-1,,0
3584,,439508,2,2925,25068,68,125,2,50332335,0x030002AF,wall,,00000687.pro,-1,,0
3585,,439596,2,2926,25070,70,125,0,33554499,0x02000043,scenery,generic,00000068.pro,-1,,0
3586,,439684,2,2927,25071,71,125,0,33555238,0x02000326,scenery,generic,00000807.pro,-1,,0
3587,,439772,2,2928,25073,73,125,0,33555250,0x02000332,scenery,generic,00000819.pro,-1,,0
3588,,439860,2,2929,25075,75,125,0,33555238,0x02000326,scenery,generic,00000807.pro,-1,,0
3589,,439948,2,2932,25078,78,125,2,50332334,0x030002AE,wall,,00000686.pro,-1,,0
3590,,440036,2,2933,25079,79,125,0,33554499,0x02000043,scenery,generic,00000068.pro,-1,,0
3591,,440124,2,2934,25080,80,125,0,33554499,0x02000043,scenery,generic,00000068.pro,-1,,0
3592,,440212,2,2939,25094,94,125,2,50332335,0x030002AF,wall,,00000687.pro,-1,,0
3593,,440300,2,2940,25095,95,125,0,50331878,0x030000E6,wall,,00000230.pro,-1,,0
3594,,440388,2,2947,25122,122,125,0,83886092,0x0500000C,misc,,00000012.pro,-1,,0
3595,,440476,2,2948,25123,123,125,0,83886092,0x0500000C,misc,,00000012.pro,-1,,0
3596,,440564,2,2949,25124,124,125,0,83886092,0x0500000C,misc,,00000012.pro,-1,,0
3597,,440652,2,2950,25125,125,125,0,83886092,0x0500000C,misc,,00000012.pro,-1,,0
3598,,440740,2,2958,25251,51,126,0,83886092,0x0500000C,misc,,00000012.pro,-1,,0
3599,,440828,2,2959,25262,62,126,0,50332375,0x030002D7,wall,,00000727.pro,-1,,0
3600,,440916,2,2960,25262,62,126,0,33555234,0x02000322,scenery,generic,00000803.pro,-1,,0
3601,,441004,2,2961,25268,68,126,2,50332333,0x030002AD,wall,,00000685.pro,-1,,0
3602,,441092,2,2962,25270,70,126,0,33555247,0x0200032F,scenery,generic,00000816.pro,50331648,NH2OComp.int,0
3603,,441180,2,2963,25273,73,126,0,33555209,0x02000309,scenery,generic,00000778.pro,-1,,0
3604,,441268,2,2964,25275,75,126,0,33555208,0x02000308,scenery,generic,00000777.pro,-1,,0
3605,,441356,2,2969,25278,78,126,2,50332333,0x030002AD,wall,,00000685.pro,-1,,0
3606,,441444,2,2970,25280,80,126,0,33555237,0x02000325,scenery,generic,00000806.pro,-1,,0
3607,,441532,2,2974,25294,94,126,0,50332333,0x030002AD,wall,,00000685.pro,-1,,0
3608,,441620,2,2975,25295,95,126,0,50331879,0x030000E7,wall,,00000231.pro,-1,,0
3609,,441708,2,2981,25320,120,126,0,83886092,0x0500000C,misc,,00000012.pro,-1,,0
3610,,441796,2,2982,25321,121,126,0,83886092,0x0500000C,misc,,00000012.pro,-1,,0
3611,,441884,2,2984,25322,122,126,0,83886092,0x0500000C,misc,,00000012.pro,-1,,0
3612,,441972,2,2986,25323,123,126,0,83886092,0x0500000C,misc,,00000012.pro,-1,,0
3613,,442060,2,3000,25451,51,127,0,83886092,0x0500000C,misc,,00000012.pro,-1,,0
3614,,442148,2,3001,25452,52,127,0,83886092,0x0500000C,misc,,00000012.pro,-1,,0
3615,,442236,2,3002,25462,62,127,0,50332374,0x030002D6,wall,,00000726.pro,-1,,0
3616,,442324,2,3003,25468,68,127,2,50332335,0x030002AF,wall,,00000687.pro,-1,,0
3617,,442412,2,3004,25470,70,127,0,33554499,0x02000043,scenery,generic,00000068.pro,-1,,0
3618,,442500,2,3007,25478,78,127,2,50332334,0x030002AE,wall,,00000686.pro,-1,,0
3619,,442588,2,3008,25479,79,127,0,33554499,0x02000043,scenery,generic,00000068.pro,-1,,0
3620,,442676,2,3010,25486,86,127,2,50332347,0x030002BB,wall,,00000699.pro,-1,,0
3621,,442764,2,3011,25487,87,127,2,50332318,0x0300029E,wall,,00000670.pro,-1,,0
3622,,442852,2,3012,25488,88,127,2,50332314,0x0300029A,wall,,00000666.pro,-1,,0
3623,,442940,2,3013,25489,89,127,2,50332318,0x0300029E,wall,,00000670.pro,-1,,0
3624,,443028,2,3014,25490,90,127,2,50332314,0x0300029A,wall,,00000666.pro,-1,,0
3625,,443116,2,3015,25491,91,127,2,50332318,0x0300029E,wall,,00000670.pro,-1,,0
3626,,443204,2,3017,25492,92,127,2,50332314,0x0300029A,wall,,00000666.pro,-1,,0
3627,,443292,2,3019,25493,93,127,2,50332318,0x0300029E,wall,,00000670.pro,-1,,0
3628,,443380,2,3020,25494,94,127,2,50332367,0x030002CF,wall,,00000719.pro,-1,,0
3629,,443468,2,3021,25495,95,127,0,50331880,0x030000E8,wall,,00000232.pro,-1,,0
3630,,443556,2,3028,25518,118,127,0,83886092,0x0500000C,misc,,00000012.pro,-1,,0
3631,,443644,2,3029,25519,119,127,0,83886092,0x0500000C,misc,,00000012.pro,-1,,0
3632,,443732,2,3030,25520,120,127,0,83886092,0x0500000C,misc,,00000012.pro,-1,,0
3633,,443820,2,3031,25521,121,127,0,83886092,0x0500000C,misc,,00000012.pro,-1,,0
3634,,443908,2,3044,25652,52,128,0,83886092,0x0500000C,misc,,00000012.pro,-1,,0
3635,,443996,2,3045,25662,62,128,0,50332375,0x030002D7,wall,,00000727.pro,-1,,0
3636,,444084,2,3046,25662,62,128,0,33555253,0x02000335,scenery,generic,00000822.pro,-1,,0
3637,,444172,2,3047,25668,68,128,2,50332333,0x030002AD,wall,,00000685.pro,-1,,0
3638,,444260,2,3048,25670,70,128,0,33555237,0x02000325,scenery,generic,00000806.pro,-1,,0
3639,,444348,2,3049,25671,71,128,0,33555211,0x0200030B,scenery,generic,00000780.pro,-1,,0
3640,,444436,2,3050,25678,78,128,2,50332333,0x030002AD,wall,,00000685.pro,-1,,0
3641,,444524,2,3051,25678,78,128,0,33555234,0x02000322,scenery,generic,00000803.pro,-1,,0
3642,,444612,2,3055,25686,86,128,0,50332269,0x0300026D,wall,,00000621.pro,-1,,0
3643,,444700,2,3058,25688,88,128,0,50331877,0x030000E5,wall,,00000229.pro,-1,,0
3644,,444788,2,3061,25690,90,128,0,50331875,0x030000E3,wall,,00000227.pro,-1,,0
3645,,444876,2,3063,25692,92,128,0,50331873,0x030000E1,wall,,00000225.pro,-1,,0
3646,,444964,2,3065,25694,94,128,0,50331877,0x030000E5,wall,,00000229.pro,-1,,0
3647,,445052,2,3066,25695,95,128,0,50331881,0x030000E9,wall,,00000233.pro,-1,,0
3648,,445140,2,3074,25716,116,128,0,83886092,0x0500000C,misc,,00000012.pro,-1,,0
3649,,445228,2,3075,25717,117,128,0,83886092,0x0500000C,misc,,00000012.pro,-1,,0
3650,,445316,2,3076,25718,118,128,0,83886092,0x0500000C,misc,,00000012.pro,-1,,0
3651,,445404,2,3077,25719,119,128,0,83886092,0x0500000C,misc,,00000012.pro,-1,,0
3652,,445492,2,3091,25853,53,129,0,83886092,0x0500000C,misc,,00000012.pro,-1,,0
3653,,445580,2,3092,25862,62,129,0,50332374,0x030002D6,wall,,00000726.pro,-1,,0
3654,,445668,2,3093,25863,63,129,0,33554499,0x02000043,scenery,generic,00000068.pro,-1,,0
3655,,445756,2,3094,25864,64,129,0,33554499,0x02000043,scenery,generic,00000068.pro,-1,,0
3656,,445844,2,3095,25868,68,129,0,33555220,0x02000314,scenery,generic,00000789.pro,-1,,0
3657,,445932,2,3096,25868,68,129,2,50332360,0x030002C8,wall,,00000712.pro,-1,,0
3658,,446020,2,3097,25869,69,129,0,33554499,0x02000043,scenery,generic,00000068.pro,-1,,0
3659,,446108,2,3098,25873,73,129,0,33554573,0x0200008D,scenery,generic,00000142.pro,-1,,0
3660,,446196,2,3099,25878,78,129,2,50332360,0x030002C8,wall,,00000712.pro,-1,,0
3661,,446284,2,3105,25886,86,129,2,50332335,0x030002AF,wall,,00000687.pro,-1,,0
3662,,446372,2,3106,25887,87,129,0,50332300,0x0300028C,wall,,00000652.pro,-1,,0
3663,,446460,2,3108,25889,89,129,0,50331876,0x030000E4,wall,,00000228.pro,-1,,0
3664,,446548,2,3110,25891,91,129,0,50331874,0x030000E2,wall,,00000226.pro,-1,,0
3665,,446636,2,3113,25893,93,129,0,50331872,0x030000E0,wall,,00000224.pro,-1,,0
3666,,446724,2,3114,25895,95,129,0,50332301,0x0300028D,wall,,00000653.pro,-1,,0
3667,,446812,2,3122,25914,114,129,0,83886092,0x0500000C,misc,,00000012.pro,-1,,0
3668,,446900,2,3123,25915,115,129,0,83886092,0x0500000C,misc,,00000012.pro,-1,,0
3669,,446988,2,3124,25916,116,129,0,83886092,0x0500000C,misc,,00000012.pro,-1,,0
3670,,447076,2,3125,25917,117,129,0,83886092,0x0500000C,misc,,00000012.pro,-1,,0
3671,,447164,2,3139,26053,53,130,0,83886092,0x0500000C,misc,,00000012.pro,-1,,0
3672,,447252,2,3140,26054,54,130,0,83886092,0x0500000C,misc,,00000012.pro,-1,,0
3673,,447340,2,3141,26062,62,130,0,50332332,0x030002AC,wall,,00000684.pro,-1,,0
3674,,447428,2,3142,26064,64,130,0,33555237,0x02000325,scenery,generic,00000806.pro,-1,,0
3675,,447516,2,3143,26065,65,130,0,33555210,0x0200030A,scenery,generic,00000779.pro,-1,,0
3676,,447604,2,3147,26086,86,130,2,50332333,0x030002AD,wall,,00000685.pro,-1,,0
3677,,447692,2,3148,26087,87,130,0,50332270,0x0300026E,wall,,00000622.pro,-1,,0
3678,,447780,2,3157,26112,112,130,0,83886092,0x0500000C,misc,,00000012.pro,-1,,0
3679,,447868,2,3158,26113,113,130,0,83886092,0x0500000C,misc,,00000012.pro,-1,,0
3680,,447956,2,3159,26114,114,130,0,83886092,0x0500000C,misc,,00000012.pro,-1,,0
3681,,448044,2,3160,26115,115,130,0,83886092,0x0500000C,misc,,00000012.pro,-1,,0
3682,,448132,2,3172,26254,54,131,0,83886092,0x0500000C,misc,,00000012.pro,-1,,0
3683,,448220,2,3173,26262,62,131,0,50332331,0x030002AB,wall,,00000683.pro,-1,,0
3684,,448308,2,3174,26264,64,131,0,33554499,0x02000043,scenery,generic,00000068.pro,-1,,0
3685,,448396,2,3178,26286,86,131,2,50332335,0x030002AF,wall,,00000687.pro,-1,,0
3686,,448484,2,3180,26287,87,131,0,50331878,0x030000E6,wall,,00000230.pro,-1,,0
3687,,448572,2,3194,26310,110,131,0,83886092,0x0500000C,misc,,00000012.pro,-1,,0
3688,,448660,2,3196,26311,111,131,0,83886092,0x0500000C,misc,,00000012.pro,-1,,0
3689,,448748,2,3198,26312,112,131,0,83886092,0x0500000C,misc,,00000012.pro,-1,,0
3690,,448836,2,3200,26313,113,131,0,83886092,0x0500000C,misc,,00000012.pro,-1,,0
3691,,448924,2,3217,26455,55,132,0,83886092,0x0500000C,misc,,00000012.pro,-1,,0
3692,,449012,2,3218,26462,62,132,0,50332375,0x030002D7,wall,,00000727.pro,-1,,0
3693,,449100,2,3219,26464,64,132,0,33555237,0x02000325,scenery,generic,00000806.pro,-1,,0
3694,,449188,2,3220,26465,65,132,0,33555209,0x02000309,scenery,generic,00000778.pro,-1,,0
3695,,449276,2,3226,26486,86,132,2,50332333,0x030002AD,wall,,00000685.pro,-1,,0
3696,,449364,2,3228,26487,87,132,0,50331879,0x030000E7,wall,,00000231.pro,-1,,0
3697,,449452,2,3240,26508,108,132,0,83886092,0x0500000C,misc,,00000012.pro,-1,,0
3698,,449540,2,3241,26509,109,132,0,83886092,0x0500000C,misc,,00000012.pro,-1,,0
3699,,449628,2,3243,26510,110,132,0,83886092,0x0500000C,misc,,00000012.pro,-1,,0
3700,,449716,2,3245,26511,111,132,0,83886092,0x0500000C,misc,,00000012.pro,-1,,0
3701,,449804,2,3264,26655,55,133,0,83886092,0x0500000C,misc,,00000012.pro,-1,,0
3702,,449892,2,3265,26656,56,133,0,83886092,0x0500000C,misc,,00000012.pro,-1,,0
3703,,449980,2,3266,26662,62,133,0,50332374,0x030002D6,wall,,00000726.pro,-1,,0
3704,,450068,2,3267,26663,63,133,0,33554499,0x02000043,scenery,generic,00000068.pro,-1,,0
3705,,450156,2,3271,26686,86,133,2,50332335,0x030002AF,wall,,00000687.pro,-1,,0
3706,,450244,2,3272,26687,87,133,0,50331880,0x030000E8,wall,,00000232.pro,-1,,0
3707,,450332,2,3290,26706,106,133,0,83886092,0x0500000C,misc,,00000012.pro,-1,,0
3708,,450420,2,3292,26707,107,133,0,83886092,0x0500000C,misc,,00000012.pro,-1,,0
3709,,450508,2,3294,26708,108,133,0,83886092,0x0500000C,misc,,00000012.pro,-1,,0
3710,,450596,2,3296,26709,109,133,0,83886092,0x0500000C,misc,,00000012.pro,-1,,0
3711,,450684,2,3314,26856,56,134,0,83886092,0x0500000C,misc,,00000012.pro,-1,,0
3712,,450772,2,3315,26862,62,134,0,33555224,0x02000318,scenery,generic,00000793.pro,-1,,0
3713,,450860,2,3316,26862,62,134,0,50332330,0x030002AA,wall,,00000682.pro,-1,,0
3714,,450948,2,3317,26868,68,134,0,50332362,0x030002CA,wall,,00000714.pro,-1,,0
3715,,451036,2,3318,26878,78,134,0,50332362,0x030002CA,wall,,00000714.pro,-1,,0
3716,,451124,2,3322,26886,86,134,2,50332333,0x030002AD,wall,,00000685.pro,-1,,0
3717,,451212,2,3324,26887,87,134,0,50331881,0x030000E9,wall,,00000233.pro,-1,,0
3718,,451300,2,3335,26904,104,134,0,83886092,0x0500000C,misc,,00000012.pro,-1,,0
3719,,451388,2,3337,26905,105,134,0,83886092,0x0500000C,misc,,00000012.pro,-1,,0
3720,,451476,2,3338,26906,106,134,0,83886092,0x0500000C,misc,,00000012.pro,-1,,0
3721,,451564,2,3340,26907,107,134,0,83886092,0x0500000C,misc,,00000012.pro,-1,,0
3722,,451652,2,3361,27057,57,135,0,83886092,0x0500000C,misc,,00000012.pro,-1,,0
3723,,451740,2,3362,27062,62,135,0,50332329,0x030002A9,wall,,00000681.pro,-1,,0
3724,,451828,2,3363,27068,68,135,2,50332335,0x030002AF,wall,,00000687.pro,-1,,0
3725,,451916,2,3364,27069,69,135,0,33554499,0x02000043,scenery,generic,00000068.pro,-1,,0
3726,,452004,2,3365,27070,70,135,0,33554499,0x02000043,scenery,generic,00000068.pro,-1,,0
3727,,452092,2,3366,27078,78,135,2,50332334,0x030002AE,wall,,00000686.pro,-1,,0
3728,,452180,2,3367,27079,79,135,0,33554499,0x02000043,scenery,generic,00000068.pro,-1,,0
3729,,452268,2,3368,27080,80,135,0,33554499,0x02000043,scenery,generic,00000068.pro,-1,,0
3730,,452356,2,3374,27086,86,135,2,50332335,0x030002AF,wall,,00000687.pro,-1,,0
3731,,452444,2,3375,27087,87,135,0,50331878,0x030000E6,wall,,00000230.pro,-1,,0
3732,,452532,2,3383,27102,102,135,0,83886092,0x0500000C,misc,,00000012.pro,-1,,0
3733,,452620,2,3384,27103,103,135,0,83886092,0x0500000C,misc,,00000012.pro,-1,,0
3734,,452708,2,3385,27104,104,135,0,83886092,0x0500000C,misc,,00000012.pro,-1,,0
3735,,452796,2,3386,27105,105,135,0,83886092,0x0500000C,misc,,00000012.pro,-1,,0
3736,,452884,2,3404,27257,57,136,0,83886092,0x0500000C,misc,,00000012.pro,-1,,0
3737,,452972,2,3405,27258,58,136,0,83886092,0x0500000C,misc,,00000012.pro,-1,,0
3738,,453060,2,3406,27262,62,136,0,50332335,0x030002AF,wall,,00000687.pro,-1,,0
3739,,453148,2,3407,27263,63,136,0,33554499,0x02000043,scenery,generic,00000068.pro,-1,,0
3740,,453236,2,3408,27264,64,136,0,33554499,0x02000043,scenery,generic,00000068.pro,-1,,0
3741,,453324,2,3409,27268,68,136,2,50332333,0x030002AD,wall,,00000685.pro,-1,,0
3742,,453412,2,3410,27270,70,136,0,33555237,0x02000325,scenery,generic,00000806.pro,-1,,0
3743,,453500,2,3411,27278,78,136,2,50332333,0x030002AD,wall,,00000685.pro,-1,,0
3744,,453588,2,3412,27280,80,136,0,33555237,0x02000325,scenery,generic,00000806.pro,-1,,0
3745,,453676,2,3416,27286,86,136,2,50332333,0x030002AD,wall,,00000685.pro,-1,,0
3746,,453764,2,3417,27287,87,136,0,50331879,0x030000E7,wall,,00000231.pro,-1,,0
3747,,453852,2,3421,27300,100,136,0,83886092,0x0500000C,misc,,00000012.pro,-1,,0
3748,,453940,2,3422,27301,101,136,0,83886092,0x0500000C,misc,,00000012.pro,-1,,0
3749,,454028,2,3423,27302,102,136,0,83886092,0x0500000C,misc,,00000012.pro,-1,,0
3750,,454116,2,3424,27303,103,136,0,83886092,0x0500000C,misc,,00000012.pro,-1,,0
3751,,454204,2,3438,27458,58,137,0,83886092,0x0500000C,misc,,00000012.pro,-1,,0
3752,,454292,2,3439,27462,62,137,0,50332333,0x030002AD,wall,,00000685.pro,-1,,0
3753,,454380,2,3440,27464,64,137,0,33555251,0x02000333,scenery,generic,00000820.pro,-1,,0
3754,,454468,2,3441,27468,68,137,2,50332335,0x030002AF,wall,,00000687.pro,-1,,0
3755,,454556,2,3442,27469,69,137,0,33554499,0x02000043,scenery,generic,00000068.pro,-1,,0
3756,,454644,2,3443,27478,78,137,2,50332334,0x030002AE,wall,,00000686.pro,-1,,0
3757,,454732,2,3444,27480,80,137,0,33554499,0x02000043,scenery,generic,00000068.pro,-1,,0
3758,,454820,2,3448,27486,86,137,2,50332335,0x030002AF,wall,,00000687.pro,-1,,0
3759,,454908,2,3450,27487,87,137,0,50331880,0x030000E8,wall,,00000232.pro,-1,,0
3760,,454996,2,3464,27498,98,137,0,83886092,0x0500000C,misc,,00000012.pro,-1,,0
3761,,455084,2,3466,27499,99,137,0,83886092,0x0500000C,misc,,00000012.pro,-1,,0
3762,,455172,2,3468,27500,100,137,0,83886092,0x0500000C,misc,,00000012.pro,-1,,0
3763,,455260,2,3470,27501,101,137,0,83886092,0x0500000C,misc,,00000012.pro,-1,,0
3764,,455348,2,3514,27659,59,138,0,83886092,0x0500000C,misc,,00000012.pro,-1,,0
3765,,455436,2,3515,27662,62,138,0,50332335,0x030002AF,wall,,00000687.pro,-1,,0
3766,,455524,2,3516,27663,63,138,0,33554499,0x02000043,scenery,generic,00000068.pro,-1,,0
3767,,455612,2,3517,27668,68,138,0,33555222,0x02000316,scenery,generic,00000791.pro,-1,,0
3768,,455700,2,3518,27668,68,138,2,50332333,0x030002AD,wall,,00000685.pro,-1,,0
3769,,455788,2,3519,27678,78,138,2,50332333,0x030002AD,wall,,00000685.pro,-1,,0
3770,,455876,2,3520,27680,80,138,0,33555251,0x02000333,scenery,generic,00000820.pro,-1,,0
3771,,455964,2,3526,27686,86,138,2,50332333,0x030002AD,wall,,00000685.pro,-1,,0
3772,,456052,2,3527,27687,87,138,0,50331881,0x030000E9,wall,,00000233.pro,-1,,0
3773,,456140,2,3535,27696,96,138,0,83886092,0x0500000C,misc,,00000012.pro,-1,,0
3774,,456228,2,3536,27697,97,138,0,83886092,0x0500000C,misc,,00000012.pro,-1,,0
3775,,456316,2,3538,27698,98,138,0,83886092,0x0500000C,misc,,00000012.pro,-1,,0
3776,,456404,2,3539,27699,99,138,0,83886092,0x0500000C,misc,,00000012.pro,-1,,0
3777,,456492,2,3568,27859,59,139,0,83886092,0x0500000C,misc,,00000012.pro,-1,,0
3778,,456580,2,3569,27860,60,139,0,83886092,0x0500000C,misc,,00000012.pro,-1,,0
3779,,456668,2,3570,27862,62,139,0,33555245,0x0200032D,scenery,generic,00000814.pro,-1,,0
3780,,456756,2,3571,27862,62,139,0,50332333,0x030002AD,wall,,00000685.pro,-1,,0
3781,,456844,2,3572,27868,68,139,2,50332335,0x030002AF,wall,,00000687.pro,-1,,0
3782,,456932,2,3573,27878,78,139,2,50332334,0x030002AE,wall,,00000686.pro,-1,,0
3783,,457020,2,3574,27879,79,139,0,33554499,0x02000043,scenery,generic,00000068.pro,-1,,0
3784,,457108,2,3577,27886,86,139,2,50332335,0x030002AF,wall,,00000687.pro,-1,,0
3785,,457196,2,3579,27887,87,139,0,50331878,0x030000E6,wall,,00000230.pro,-1,,0
3786,,457284,2,3585,27894,94,139,0,83886092,0x0500000C,misc,,00000012.pro,-1,,0
3787,,457372,2,3587,27895,95,139,0,83886092,0x0500000C,misc,,00000012.pro,-1,,0
3788,,457460,2,3588,27896,96,139,0,83886092,0x0500000C,misc,,00000012.pro,-1,,0
3789,,457548,2,3589,27896,96,139,0,83886092,0x0500000C,misc,,00000012.pro,-1,,0
3790,,457636,2,3591,27897,97,139,0,83886092,0x0500000C,misc,,00000012.pro,-1,,0
3791,,457724,2,3620,28060,60,140,0,83886092,0x0500000C,misc,,00000012.pro,-1,,0
3792,,457812,2,3621,28062,62,140,0,50332335,0x030002AF,wall,,00000687.pro,-1,,0
3793,,457900,2,3622,28068,68,140,2,50332333,0x030002AD,wall,,00000685.pro,-1,,0
3794,,457988,2,3623,28078,78,140,2,50332333,0x030002AD,wall,,00000685.pro,-1,,0
3795,,458076,2,3624,28086,86,140,2,50332333,0x030002AD,wall,,00000685.pro,-1,,0
3796,,458164,2,3627,28087,87,140,0,50331879,0x030000E7,wall,,00000231.pro,-1,,0
3797,,458252,2,3631,28092,92,140,0,83886092,0x0500000C,misc,,00000012.pro,-1,,0
3798,,458340,2,3632,28093,93,140,0,83886092,0x0500000C,misc,,00000012.pro,-1,,0
3799,,458428,2,3633,28094,94,140,0,83886092,0x0500000C,misc,,00000012.pro,-1,,0
3800,,458516,2,3634,28095,95,140,0,83886092,0x0500000C,misc,,00000012.pro,-1,,0
3801,,458604,2,3644,28261,61,141,0,83886092,0x0500000C,misc,,00000012.pro,-1,,0
3802,,458692,2,3645,28262,62,141,2,50332345,0x030002B9,wall,,00000697.pro,-1,,0
3803,,458780,2,3646,28263,63,141,2,50332318,0x0300029E,wall,,00000670.pro,-1,,0
3804,,458868,2,3647,28264,64,141,2,50332314,0x0300029A,wall,,00000666.pro,-1,,0
3805,,458956,2,3648,28265,65,141,2,50332318,0x0300029E,wall,,00000670.pro,-1,,0
3806,,459044,2,3649,28266,66,141,2,50332314,0x0300029A,wall,,00000666.pro,-1,,0
3807,,459132,2,3650,28267,67,141,2,50332318,0x0300029E,wall,,00000670.pro,-1,,0
3808,,459220,2,3651,28268,68,141,2,50332366,0x030002CE,wall,,00000718.pro,-1,,0
3809,,459308,2,3652,28269,69,141,2,50332318,0x0300029E,wall,,00000670.pro,-1,,0
3810,,459396,2,3653,28270,70,141,2,50332314,0x0300029A,wall,,00000666.pro,-1,,0
3811,,459484,2,3654,28271,71,141,2,50332318,0x0300029E,wall,,00000670.pro,-1,,0
3812,,459572,2,3655,28272,72,141,2,50332314,0x0300029A,wall,,00000666.pro,-1,,0
3813,,459660,2,3656,28273,73,141,2,50332318,0x0300029E,wall,,00000670.pro,-1,,0
3814,,459748,2,3657,28274,74,141,2,50332314,0x0300029A,wall,,00000666.pro,-1,,0
3815,,459836,2,3658,28275,75,141,2,50332318,0x0300029E,wall,,00000670.pro,-1,,0
3816,,459924,2,3659,28276,76,141,2,50332314,0x0300029A,wall,,00000666.pro,-1,,0
3817,,460012,2,3660,28277,77,141,2,50332318,0x0300029E,wall,,00000670.pro,-1,,0
3818,,460100,2,3661,28278,78,141,2,50332366,0x030002CE,wall,,00000718.pro,-1,,0
3819,,460188,2,3662,28279,79,141,2,50332318,0x0300029E,wall,,00000670.pro,-1,,0
3820,,460276,2,3663,28280,80,141,2,50332314,0x0300029A,wall,,00000666.pro,-1,,0
3821,,460364,2,3664,28281,81,141,2,50332318,0x0300029E,wall,,00000670.pro,-1,,0
3822,,460452,2,3665,28282,82,141,2,50332314,0x0300029A,wall,,00000666.pro,-1,,0
3823,,460540,2,3666,28283,83,141,2,50332318,0x0300029E,wall,,00000670.pro,-1,,0
3824,,460628,2,3667,28284,84,141,2,50332314,0x0300029A,wall,,00000666.pro,-1,,0
3825,,460716,2,3668,28285,85,141,2,50332318,0x0300029E,wall,,00000670.pro,-1,,0
3826,,460804,2,3669,28286,86,141,2,50332367,0x030002CF,wall,,00000719.pro,-1,,0
3827,,460892,2,3672,28287,87,141,0,50331880,0x030000E8,wall,,00000232.pro,-1,,0
3828,,460980,2,3678,28290,90,141,0,83886092,0x0500000C,misc,,00000012.pro,-1,,0
3829,,461068,2,3680,28291,91,141,0,83886092,0x0500000C,misc,,00000012.pro,-1,,0
3830,,461156,2,3682,28292,92,141,0,83886092,0x0500000C,misc,,00000012.pro,-1,,0
3831,,461244,2,3683,28293,93,141,0,83886092,0x0500000C,misc,,00000012.pro,-1,,0
3832,,461332,2,3705,28461,61,142,0,83886092,0x0500000C,misc,,00000012.pro,-1,,0
3833,,461420,2,3706,28462,62,142,0,83886092,0x0500000C,misc,,00000012.pro,-1,,0
3834,,461508,2,3707,28462,62,142,0,50332270,0x0300026E,wall,,00000622.pro,-1,,0
3835,,461596,2,3708,28464,64,142,0,50331875,0x030000E3,wall,,00000227.pro,-1,,0
3836,,461684,2,3709,28466,66,142,0,50331873,0x030000E1,wall,,00000225.pro,-1,,0
3837,,461772,2,3710,28468,68,142,0,50331877,0x030000E5,wall,,00000229.pro,-1,,0
3838,,461860,2,3711,28470,70,142,0,50331875,0x030000E3,wall,,00000227.pro,-1,,0
3839,,461948,2,3712,28472,72,142,0,50331873,0x030000E1,wall,,00000225.pro,-1,,0
3840,,462036,2,3713,28474,74,142,0,50331877,0x030000E5,wall,,00000229.pro,-1,,0
3841,,462124,2,3714,28476,76,142,0,50331875,0x030000E3,wall,,00000227.pro,-1,,0
3842,,462212,2,3715,28478,78,142,0,50331873,0x030000E1,wall,,00000225.pro,-1,,0
3843,,462300,2,3716,28480,80,142,0,50331877,0x030000E5,wall,,00000229.pro,-1,,0
3844,,462388,2,3717,28482,82,142,0,50331875,0x030000E3,wall,,00000227.pro,-1,,0
3845,,462476,2,3718,28484,84,142,0,50331873,0x030000E1,wall,,00000225.pro,-1,,0
3846,,462564,2,3719,28486,86,142,0,50331877,0x030000E5,wall,,00000229.pro,-1,,0
3847,,462652,2,3720,28487,87,142,0,50331881,0x030000E9,wall,,00000233.pro,-1,,0
3848,,462740,2,3723,28488,88,142,0,83886092,0x0500000C,misc,,00000012.pro,-1,,0
3849,,462828,2,3724,28489,89,142,0,83886092,0x0500000C,misc,,00000012.pro,-1,,0
3850,,462916,2,3725,28490,90,142,0,83886092,0x0500000C,misc,,00000012.pro,-1,,0
3851,,463004,2,3727,28491,91,142,0,83886092,0x0500000C,misc,,00000012.pro,-1,,0
3852,,463092,2,3744,28662,62,143,0,83886092,0x0500000C,misc,,00000012.pro,-1,,0
3853,,463180,2,3745,28663,63,143,0,50331876,0x030000E4,wall,,00000228.pro,-1,,0
3854,,463268,2,3746,28665,65,143,0,50331874,0x030000E2,wall,,00000226.pro,-1,,0
3855,,463356,2,3747,28667,67,143,0,50331872,0x030000E0,wall,,00000224.pro,-1,,0
3856,,463444,2,3748,28669,69,143,0,50331876,0x030000E4,wall,,00000228.pro,-1,,0
3857,,463532,2,3749,28671,71,143,0,50331874,0x030000E2,wall,,00000226.pro,-1,,0
3858,,463620,2,3750,28673,73,143,0,50331872,0x030000E0,wall,,00000224.pro,-1,,0
3859,,463708,2,3751,28675,75,143,0,50331876,0x030000E4,wall,,00000228.pro,-1,,0
3860,,463796,2,3752,28677,77,143,0,50331874,0x030000E2,wall,,00000226.pro,-1,,0
3861,,463884,2,3753,28679,79,143,0,50331872,0x030000E0,wall,,00000224.pro,-1,,0
3862,,463972,2,3754,28681,81,143,0,50331876,0x030000E4,wall,,00000228.pro,-1,,0
3863,,464060,2,3755,28683,83,143,0,50331874,0x030000E2,wall,,00000226.pro,-1,,0
3864,,464148,2,3756,28685,85,143,0,50331872,0x030000E0,wall,,00000224.pro,-1,,0
3865,,464236,2,3757,28686,86,143,0,83886092,0x0500000C,misc,,00000012.pro,-1,,0
3866,,464324,2,3758,28687,87,143,0,83886092,0x0500000C,misc,,00000012.pro,-1,,0
3867,,464412,2,3759,28687,87,143,0,50332301,0x0300028D,wall,,00000653.pro,-1,,0
3868,,464500,2,3760,28688,88,143,0,83886092,0x0500000C,misc,,00000012.pro,-1,,0
3869,,464588,2,3763,28689,89,143,0,83886092,0x0500000C,misc,,00000012.pro,-1,,0
3870,,464676,2,3774,28863,63,144,0,83886092,0x0500000C,misc,,00000012.pro,-1,,0
3871,,464764,2,3775,28884,84,144,0,83886092,0x0500000C,misc,,00000012.pro,-1,,0
3872,,464852,2,3776,28885,85,144,0,83886092,0x0500000C,misc,,00000012.pro,-1,,0
3873,,464940,2,3777,28886,86,144,0,83886092,0x0500000C,misc,,00000012.pro,-1,,0
3874,,465028,2,3778,28887,87,144,0,83886092,0x0500000C,misc,,00000012.pro,-1,,0
3875,,465116,2,3793,29063,63,145,0,83886092,0x0500000C,misc,,00000012.pro,-1,,0
3876,,465204,2,3794,29064,64,145,0,83886092,0x0500000C,misc,,00000012.pro,-1,,0
3877,,465292,2,3795,29082,82,145,0,83886092,0x0500000C,misc,,00000012.pro,-1,,0
3878,,465380,2,3796,29083,83,145,0,83886092,0x0500000C,misc,,00000012.pro,-1,,0
3879,,465468,2,3797,29084,84,145,0,83886092,0x0500000C,misc,,00000012.pro,-1,,0
3880,,465556,2,3798,29085,85,145,0,83886092,0x0500000C,misc,,00000012.pro,-1,,0
3881,,465644,2,3818,29264,64,146,0,83886092,0x0500000C,misc,,00000012.pro,-1,,0
3882,,465732,2,3819,29280,80,146,0,83886092,0x0500000C,misc,,00000012.pro,-1,,0
3883,,465820,2,3820,29281,81,146,0,83886092,0x0500000C,misc,,00000012.pro,-1,,0
3884,,465908,2,3821,29282,82,146,0,83886092,0x0500000C,misc,,00000012.pro,-1,,0
3885,,465996,2,3822,29283,83,146,0,83886092,0x0500000C,misc,,00000012.pro,-1,,0
3886,,466084,2,3837,29465,65,147,0,83886092,0x0500000C,misc,,00000012.pro,-1,,0
3887,,466172,2,3838,29478,78,147,0,83886092,0x0500000C,misc,,00000012.pro,-1,,0
3888,,466260,2,3839,29479,79,147,0,83886092,0x0500000C,misc,,00000012.pro,-1,,0
3889,,466348,2,3840,29480,80,147,0,83886092,0x0500000C,misc,,00000012.pro,-1,,0
3890,,466436,2,3841,29481,81,147,0,83886092,0x0500000C,misc,,00000012.pro,-1,,0
3891,,466524,2,3854,29665,65,148,0,83886092,0x0500000C,misc,,00000012.pro,-1,,0
3892,,466612,2,3855,29666,66,148,0,83886092,0x0500000C,misc,,00000012.pro,-1,,0
3893,,466700,2,3856,29676,76,148,0,83886092,0x0500000C,misc,,00000012.pro,-1,,0
3894,,466788,2,3857,29677,77,148,0,83886092,0x0500000C,misc,,00000012.pro,-1,,0
3895,,466876,2,3858,29678,78,148,0,83886092,0x0500000C,misc,,00000012.pro,-1,,0
3896,,466964,2,3859,29679,79,148,0,83886092,0x0500000C,misc,,00000012.pro,-1,,0
3897,,467052,2,3870,29866,66,149,0,83886092,0x0500000C,misc,,00000012.pro,-1,,0
3898,,467140,2,3871,29874,74,149,0,83886092,0x0500000C,misc,,00000012.pro,-1,,0
3899,,467228,2,3872,29875,75,149,0,83886092,0x0500000C,misc,,00000012.pro,-1,,0
3900,,467316,2,3873,29876,76,149,0,83886092,0x0500000C,misc,,00000012.pro,-1,,0
3901,,467404,2,3874,29877,77,149,0,83886092,0x0500000C,misc,,00000012.pro,-1,,0
3902,,467492,2,3885,30067,67,150,0,83886092,0x0500000C,misc,,00000012.pro,-1,,0
3903,,467580,2,3886,30072,72,150,0,83886092,0x0500000C,misc,,00000012.pro,-1,,0
3904,,467668,2,3887,30073,73,150,0,83886092,0x0500000C,misc,,00000012.pro,-1,,0
3905,,467756,2,3888,30074,74,150,0,83886092,0x0500000C,misc,,00000012.pro,-1,,0
3906,,467844,2,3889,30075,75,150,0,83886092,0x0500000C,misc,,00000012.pro,-1,,0
3907,,467932,2,3901,30267,67,151,0,83886092,0x0500000C,misc,,00000012.pro,-1,,0
3908,,468020,2,3902,30268,68,151,0,83886092,0x0500000C,misc,,00000012.pro,-1,,0
3909,,468108,2,3903,30270,70,151,0,83886092,0x0500000C,misc,,00000012.pro,-1,,0
3910,,468196,2,3904,30271,71,151,0,83886092,0x0500000C,misc,,00000012.pro,-1,,0
3911,,468284,2,3905,30272,72,151,0,83886092,0x0500000C,misc,,00000012.pro,-1,,0
3912,,468372,2,3906,30273,73,151,0,83886092,0x0500000C,misc,,00000012.pro,-1,,0
3913,,468460,2,3914,30468,68,152,0,83886092,0x0500000C,misc,,00000012.pro,-1,,0
3914,,468548,2,3915,30469,69,152,0,83886092,0x0500000C,misc,,00000012.pro,-1,,0
3915,,468636,2,3916,30470,70,152,0,83886092,0x0500000C,misc,,00000012.pro,-1,,0
3916,,468724,2,3917,30471,71,152,0,83886092,0x0500000C,misc,,00000012.pro,-1,,0
3917,,468812,2,3923,30669,69,153,0,83886092,0x0500000C,misc,,00000012.pro,-1,,0
