path,inventory_quantity,file_offset,elevation_group,object_id,tile,tile_x,tile_y,rotation,pid,pid_hex,prototype_type,prototype_subtype,prototype_filename,script_id,script_filename,inventory_length
0,,89716,0,25,8710,110,43,0,83886092,0x0500000C,misc,,00000012.pro,-1,,0
1,,89804,0,26,8908,108,44,0,83886092,0x0500000C,misc,,00000012.pro,-1,,0
2,,89892,0,27,8909,109,44,0,83886092,0x0500000C,misc,,00000012.pro,-1,,0
3,,89980,0,28,8910,110,44,0,83886092,0x0500000C,misc,,00000012.pro,-1,,0
4,,90068,0,29,8911,111,44,0,83886092,0x0500000C,misc,,00000012.pro,-1,,0
5,,90156,0,30,9106,106,45,0,83886092,0x0500000C,misc,,00000012.pro,-1,,0
6,,90244,0,31,9107,107,45,0,83886092,0x0500000C,misc,,00000012.pro,-1,,0
7,,90332,0,32,9108,108,45,0,83886092,0x0500000C,misc,,00000012.pro,-1,,0
8,,90420,0,33,9109,109,45,0,83886092,0x0500000C,misc,,00000012.pro,-1,,0
9,,90508,0,34,9111,111,45,0,83886092,0x0500000C,misc,,00000012.pro,-1,,0
10,,90596,0,35,9112,112,45,0,83886092,0x0500000C,misc,,00000012.pro,-1,,0
11,,90684,0,36,9304,104,46,0,83886092,0x0500000C,misc,,00000012.pro,-1,,0
12,,90772,0,37,9305,105,46,0,83886092,0x0500000C,misc,,00000012.pro,-1,,0
13,,90860,0,38,9306,106,46,0,83886092,0x0500000C,misc,,00000012.pro,-1,,0
14,,90948,0,39,9307,107,46,0,83886092,0x0500000C,misc,,00000012.pro,-1,,0
15,,91036,0,40,9312,112,46,0,83886092,0x0500000C,misc,,00000012.pro,-1,,0
16,,91124,0,41,9502,102,47,0,83886092,0x0500000C,misc,,00000012.pro,-1,,0
17,,91212,0,42,9503,103,47,0,83886092,0x0500000C,misc,,00000012.pro,-1,,0
18,,91300,0,43,9504,104,47,0,83886092,0x0500000C,misc,,00000012.pro,-1,,0
19,,91388,0,44,9505,105,47,0,83886092,0x0500000C,misc,,00000012.pro,-1,,0
20,,91476,0,46,9513,113,47,0,83886092,0x0500000C,misc,,00000012.pro,-1,,0
21,,91564,0,47,9700,100,48,0,83886092,0x0500000C,misc,,00000012.pro,-1,,0
22,,91652,0,48,9701,101,48,0,83886092,0x0500000C,misc,,00000012.pro,-1,,0
23,,91740,0,49,9702,102,48,0,83886092,0x0500000C,misc,,00000012.pro,-1,,0
24,,91828,0,50,9703,103,48,0,83886092,0x0500000C,misc,,00000012.pro,-1,,0
25,,91916,0,54,9713,113,48,0,83886092,0x0500000C,misc,,00000012.pro,-1,,0
26,,92004,0,55,9714,114,48,0,83886092,0x0500000C,misc,,00000012.pro,-1,,0
27,,92092,0,56,9898,98,49,0,83886092,0x0500000C,misc,,00000012.pro,-1,,0
28,,92180,0,57,9899,99,49,0,83886092,0x0500000C,misc,,00000012.pro,-1,,0
29,,92268,0,58,9900,100,49,0,83886092,0x0500000C,misc,,00000012.pro,-1,,0
30,,92356,0,59,9901,101,49,0,83886092,0x0500000C,misc,,00000012.pro,-1,,0
31,,92444,0,65,9914,114,49,0,83886092,0x0500000C,misc,,00000012.pro,-1,,0
32,,92532,0,66,10096,96,50,0,83886092,0x0500000C,misc,,00000012.pro,-1,,0
33,,92620,0,67,10097,97,50,0,83886092,0x0500000C,misc,,00000012.pro,-1,,0
34,,92708,0,68,10098,98,50,0,83886092,0x0500000C,misc,,00000012.pro,-1,,0
35,,92796,0,69,10099,99,50,0,83886092,0x0500000C,misc,,00000012.pro,-1,,0
36,,92884,0,76,10115,115,50,0,83886092,0x0500000C,misc,,00000012.pro,-1,,0
37,,92972,0,77,10294,94,51,0,83886092,0x0500000C,misc,,00000012.pro,-1,,0
38,,93060,0,78,10295,95,51,0,83886092,0x0500000C,misc,,00000012.pro,-1,,0
39,,93148,0,79,10296,96,51,0,83886092,0x0500000C,misc,,00000012.pro,-1,,0
40,,93236,0,80,10297,97,51,0,83886092,0x0500000C,misc,,00000012.pro,-1,,0
41,,93324,0,86,10315,115,51,0,83886092,0x0500000C,misc,,00000012.pro,-1,,0
42,,93412,0,87,10316,116,51,0,83886092,0x0500000C,misc,,00000012.pro,-1,,0
43,,93500,0,88,10492,92,52,0,83886092,0x0500000C,misc,,00000012.pro,-1,,0
44,,93588,0,89,10493,93,52,0,83886092,0x0500000C,misc,,00000012.pro,-1,,0
45,,93676,0,90,10494,94,52,0,83886092,0x0500000C,misc,,00000012.pro,-1,,0
46,,93764,0,91,10495,95,52,0,83886092,0x0500000C,misc,,00000012.pro,-1,,0
47,,93852,0,97,10516,116,52,0,83886092,0x0500000C,misc,,00000012.pro,-1,,0
48,,93940,0,98,10690,90,53,0,83886092,0x0500000C,misc,,00000012.pro,-1,,0
49,,94028,0,99,10691,91,53,0,83886092,0x0500000C,misc,,00000012.pro,-1,,0
50,,94116,0,100,10692,92,53,0,83886092,0x0500000C,misc,,00000012.pro,-1,,0
51,,94204,0,101,10693,93,53,0,83886092,0x0500000C,misc,,00000012.pro,-1,,0
52,,94292,0,108,10717,117,53,0,83886092,0x0500000C,misc,,00000012.pro,-1,,0
53,,94380,0,109,10888,88,54,0,83886092,0x0500000C,misc,,00000012.pro,-1,,0
54,,94468,0,110,10889,89,54,0,83886092,0x0500000C,misc,,00000012.pro,-1,,0
55,,94556,0,111,10890,90,54,0,83886092,0x0500000C,misc,,00000012.pro,-1,,0
56,,94644,0,112,10891,91,54,0,83886092,0x0500000C,misc,,00000012.pro,-1,,0
57,,94732,0,118,10917,117,54,0,83886092,0x0500000C,misc,,00000012.pro,-1,,0
58,,94820,0,119,10918,118,54,0,83886092,0x0500000C,misc,,00000012.pro,-1,,0
59,,94908,0,120,11086,86,55,0,83886092,0x0500000C,misc,,00000012.pro,-1,,0
60,,94996,0,121,11087,87,55,0,83886092,0x0500000C,misc,,00000012.pro,-1,,0
61,,95084,0,122,11088,88,55,0,83886092,0x0500000C,misc,,00000012.pro,-1,,0
62,,95172,0,123,11089,89,55,0,83886092,0x0500000C,misc,,00000012.pro,-1,,0
63,,95260,0,129,11118,118,55,0,83886092,0x0500000C,misc,,00000012.pro,-1,,0
64,,95348,0,130,11284,84,56,0,83886092,0x0500000C,misc,,00000012.pro,-1,,0
65,,95436,0,131,11285,85,56,0,83886092,0x0500000C,misc,,00000012.pro,-1,,0
66,,95524,0,132,11286,86,56,0,83886092,0x0500000C,misc,,00000012.pro,-1,,0
67,,95612,0,133,11287,87,56,0,83886092,0x0500000C,misc,,00000012.pro,-1,,0
68,,95700,0,140,11319,119,56,0,83886092,0x0500000C,misc,,00000012.pro,-1,,0
69,,95788,0,141,11482,82,57,0,83886092,0x0500000C,misc,,00000012.pro,-1,,0
70,,95876,0,142,11483,83,57,0,83886092,0x0500000C,misc,,00000012.pro,-1,,0
71,,95964,0,143,11484,84,57,0,83886092,0x0500000C,misc,,00000012.pro,-1,,0
72,,96052,0,144,11485,85,57,0,83886092,0x0500000C,misc,,00000012.pro,-1,,0
73,,96140,0,150,11519,119,57,0,83886092,0x0500000C,misc,,00000012.pro,-1,,0
74,,96228,0,151,11520,120,57,0,83886092,0x0500000C,misc,,00000012.pro,-1,,0
75,,96316,0,152,11680,80,58,0,83886092,0x0500000C,misc,,00000012.pro,-1,,0
76,,96404,0,153,11681,81,58,0,83886092,0x0500000C,misc,,00000012.pro,-1,,0
77,,96492,0,154,11682,82,58,0,83886092,0x0500000C,misc,,00000012.pro,-1,,0
78,,96580,0,155,11683,83,58,0,83886092,0x0500000C,misc,,00000012.pro,-1,,0
79,,96668,0,161,11720,120,58,0,83886092,0x0500000C,misc,,00000012.pro,-1,,0
80,,96756,0,162,11878,78,59,0,83886092,0x0500000C,misc,,00000012.pro,-1,,0
81,,96844,0,163,11879,79,59,0,83886092,0x0500000C,misc,,00000012.pro,-1,,0
82,,96932,0,164,11880,80,59,0,83886092,0x0500000C,misc,,00000012.pro,-1,,0
83,,97020,0,165,11881,81,59,0,83886092,0x0500000C,misc,,00000012.pro,-1,,0
84,,97108,0,172,11921,121,59,0,83886092,0x0500000C,misc,,00000012.pro,-1,,0
85,,97196,0,173,12076,76,60,0,83886092,0x0500000C,misc,,00000012.pro,-1,,0
86,,97284,0,174,12077,77,60,0,83886092,0x0500000C,misc,,00000012.pro,-1,,0
87,,97372,0,175,12078,78,60,0,83886092,0x0500000C,misc,,00000012.pro,-1,,0
88,,97460,0,176,12079,79,60,0,83886092,0x0500000C,misc,,00000012.pro,-1,,0
89,,97548,0,182,12121,121,60,0,83886092,0x0500000C,misc,,00000012.pro,-1,,0
90,,97636,0,183,12122,122,60,0,83886092,0x0500000C,misc,,00000012.pro,-1,,0
91,,97724,0,184,12274,74,61,0,83886092,0x0500000C,misc,,00000012.pro,-1,,0
92,,97812,0,185,12275,75,61,0,83886092,0x0500000C,misc,,00000012.pro,-1,,0
93,,97900,0,186,12276,76,61,0,83886092,0x0500000C,misc,,00000012.pro,-1,,0
94,,97988,0,187,12277,77,61,0,83886092,0x0500000C,misc,,00000012.pro,-1,,0
95,,98076,0,193,12322,122,61,0,83886092,0x0500000C,misc,,00000012.pro,-1,,0
96,,98164,0,194,12472,72,62,0,83886092,0x0500000C,misc,,00000012.pro,-1,,0
97,,98252,0,195,12473,73,62,0,83886092,0x0500000C,misc,,00000012.pro,-1,,0
98,,98340,0,196,12474,74,62,0,83886092,0x0500000C,misc,,00000012.pro,-1,,0
99,,98428,0,197,12475,75,62,0,83886092,0x0500000C,misc,,00000012.pro,-1,,0
100,,98516,0,204,12523,123,62,0,83886092,0x0500000C,misc,,00000012.pro,-1,,0
101,,98604,0,205,12670,70,63,0,83886092,0x0500000C,misc,,00000012.pro,-1,,0
102,,98692,0,206,12671,71,63,0,83886092,0x0500000C,misc,,00000012.pro,-1,,0
103,,98780,0,207,12672,72,63,0,83886092,0x0500000C,misc,,00000012.pro,-1,,0
104,,98868,0,208,12673,73,63,0,83886092,0x0500000C,misc,,00000012.pro,-1,,0
105,,98956,0,214,12723,123,63,0,83886092,0x0500000C,misc,,00000012.pro,-1,,0
106,,99044,0,215,12724,124,63,0,83886092,0x0500000C,misc,,00000012.pro,-1,,0
107,,99132,0,216,12868,68,64,0,83886092,0x0500000C,misc,,00000012.pro,-1,,0
108,,99220,0,217,12869,69,64,0,83886092,0x0500000C,misc,,00000012.pro,-1,,0
109,,99308,0,218,12870,70,64,0,83886092,0x0500000C,misc,,00000012.pro,-1,,0
110,,99396,0,219,12871,71,64,0,83886092,0x0500000C,misc,,00000012.pro,-1,,0
111,,99484,0,225,12924,124,64,0,83886092,0x0500000C,misc,,00000012.pro,-1,,0
112,,99572,0,226,13058,58,65,0,50332664,0x030003F8,wall,,00001016.pro,-1,,0
113,,99660,0,227,13059,59,65,0,50332638,0x030003DE,wall,,00000990.pro,-1,,0
114,,99748,0,228,13060,60,65,0,50332637,0x030003DD,wall,,00000989.pro,-1,,0
115,,99836,0,229,13061,61,65,0,50332638,0x030003DE,wall,,00000990.pro,-1,,0
116,,99924,0,230,13062,62,65,0,50332637,0x030003DD,wall,,00000989.pro,-1,,0
117,,100012,0,231,13063,63,65,0,50332638,0x030003DE,wall,,00000990.pro,-1,,0
118,,100100,0,232,13064,64,65,0,50332637,0x030003DD,wall,,00000989.pro,-1,,0
119,,100188,0,233,13065,65,65,0,50332638,0x030003DE,wall,,00000990.pro,-1,,0
120,,100276,0,234,13066,66,65,0,83886092,0x0500000C,misc,,00000012.pro,-1,,0
121,,100364,0,235,13066,66,65,0,50332637,0x030003DD,wall,,00000989.pro,-1,,0
122,,100452,0,236,13067,67,65,0,83886092,0x0500000C,misc,,00000012.pro,-1,,0
123,,100540,0,237,13067,67,65,0,50332640,0x030003E0,wall,,00000992.pro,-1,,0
124,,100628,0,238,13067,67,65,0,33555274,0x0200034A,scenery,generic,00000843.pro,-1,,0
125,,100716,0,239,13068,68,65,0,83886092,0x0500000C,misc,,00000012.pro,-1,,0
126,,100804,0,240,13068,68,65,0,50332639,0x030003DF,wall,,00000991.pro,-1,,0
127,,100892,0,241,13068,68,65,0,33555271,0x02000347,scenery,generic,00000840.pro,-1,,0
128,,100980,0,242,13069,69,65,0,83886092,0x0500000C,misc,,00000012.pro,-1,,0
129,,101068,0,243,13069,69,65,0,50332640,0x030003E0,wall,,00000992.pro,-1,,0
130,,101156,0,244,13069,69,65,0,33555270,0x02000346,scenery,generic,00000839.pro,-1,,0
131,,101244,0,245,13070,70,65,0,50332661,0x030003F5,wall,,00001013.pro,-1,,0
132,,101332,0,246,13070,70,65,0,33555271,0x02000347,scenery,generic,00000840.pro,-1,,0
133,,101420,0,247,13071,71,65,0,50332640,0x030003E0,wall,,00000992.pro,-1,,0
134,,101508,0,248,13071,71,65,0,33555270,0x02000346,scenery,generic,00000839.pro,-1,,0
135,,101596,0,249,13072,72,65,0,50332639,0x030003DF,wall,,00000991.pro,-1,,0
136,,101684,0,250,13072,72,65,0,33555271,0x02000347,scenery,generic,00000840.pro,-1,,0
137,,101772,0,252,13073,73,65,0,50332640,0x030003E0,wall,,00000992.pro,-1,,0
138,,101860,0,253,13073,73,65,0,33555270,0x02000346,scenery,generic,00000839.pro,-1,,0
139,,101948,0,255,13074,74,65,0,50332661,0x030003F5,wall,,00001013.pro,-1,,0
140,,102036,0,256,13074,74,65,0,33555271,0x02000347,scenery,generic,00000840.pro,-1,,0
141,,102124,0,258,13075,75,65,0,50332640,0x030003E0,wall,,00000992.pro,-1,,0
142,,102212,0,259,13075,75,65,0,33555270,0x02000346,scenery,generic,00000839.pro,-1,,0
143,,102300,0,261,13076,76,65,0,50332639,0x030003DF,wall,,00000991.pro,-1,,0
144,,102388,0,262,13076,76,65,0,33555271,0x02000347,scenery,generic,00000840.pro,-1,,0
145,,102476,0,263,13077,77,65,0,50332640,0x030003E0,wall,,00000992.pro,-1,,0
146,,102564,0,264,13077,77,65,0,33555270,0x02000346,scenery,generic,00000839.pro,-1,,0
147,,102652,0,265,13078,78,65,0,50332661,0x030003F5,wall,,00001013.pro,-1,,0
148,,102740,0,266,13078,78,65,0,33555271,0x02000347,scenery,generic,00000840.pro,-1,,0
149,,102828,0,267,13079,79,65,0,50332640,0x030003E0,wall,,00000992.pro,-1,,0
150,,102916,0,268,13079,79,65,0,33555270,0x02000346,scenery,generic,00000839.pro,-1,,0
151,,103004,0,269,13080,80,65,0,50332639,0x030003DF,wall,,00000991.pro,-1,,0
152,,103092,0,270,13080,80,65,0,33555271,0x02000347,scenery,generic,00000840.pro,-1,,0
153,,103180,0,271,13081,81,65,0,50332640,0x030003E0,wall,,00000992.pro,-1,,0
154,,103268,0,272,13081,81,65,0,33555270,0x02000346,scenery,generic,00000839.pro,-1,,0
155,,103356,0,273,13082,82,65,0,50332661,0x030003F5,wall,,00001013.pro,-1,,0
156,,103444,0,274,13082,82,65,0,33555271,0x02000347,scenery,generic,00000840.pro,-1,,0
157,,103532,0,275,13083,83,65,0,50332640,0x030003E0,wall,,00000992.pro,-1,,0
158,,103620,0,276,13083,83,65,0,33555270,0x02000346,scenery,generic,00000839.pro,-1,,0
159,,103708,0,277,13084,84,65,0,50332639,0x030003DF,wall,,00000991.pro,-1,,0
160,,103796,0,278,13084,84,65,0,33555272,0x02000348,scenery,generic,00000841.pro,-1,,0
161,,103884,0,279,13085,85,65,0,50332644,0x030003E4,wall,,00000996.pro,-1,,0
162,,103972,0,280,13086,86,65,0,50332643,0x030003E3,wall,,00000995.pro,-1,,0
163,,104060,0,281,13087,87,65,0,50332642,0x030003E2,wall,,00000994.pro,-1,,0
164,,104148,0,282,13088,88,65,0,50332641,0x030003E1,wall,,00000993.pro,-1,,0
165,,104236,0,283,13089,89,65,0,50332638,0x030003DE,wall,,00000990.pro,-1,,0
166,,104324,0,284,13090,90,65,0,50332637,0x030003DD,wall,,00000989.pro,-1,,0
167,,104412,0,285,13091,91,65,0,50332638,0x030003DE,wall,,00000990.pro,-1,,0
168,,104500,0,286,13092,92,65,0,50332637,0x030003DD,wall,,00000989.pro,-1,,0
169,,104588,0,287,13093,93,65,0,50332638,0x030003DE,wall,,00000990.pro,-1,,0
170,,104676,0,288,13094,94,65,0,50332637,0x030003DD,wall,,00000989.pro,-1,,0
171,,104764,0,289,13095,95,65,0,50332638,0x030003DE,wall,,00000990.pro,-1,,0
172,,104852,0,290,13096,96,65,0,50332637,0x030003DD,wall,,00000989.pro,-1,,0
173,,104940,0,291,13097,97,65,0,50332644,0x030003E4,wall,,00000996.pro,-1,,0
174,,105028,0,292,13098,98,65,0,50332663,0x030003F7,wall,,00001015.pro,-1,,0
175,,105116,0,293,13099,99,65,0,50332270,0x0300026E,wall,,00000622.pro,-1,,0
176,,105204,0,296,13125,125,65,0,83886092,0x0500000C,misc,,00000012.pro,-1,,0
177,,105292,0,297,13258,58,66,0,50332269,0x0300026D,wall,,00000621.pro,-1,,0
178,,105380,0,298,13259,59,66,0,50332270,0x0300026E,wall,,00000622.pro,-1,,0
179,,105468,0,299,13261,61,66,0,50332270,0x0300026E,wall,,00000622.pro,-1,,0
180,,105556,0,300,13263,63,66,0,50332270,0x0300026E,wall,,00000622.pro,-1,,0
181,,105644,0,301,13264,64,66,0,83886092,0x0500000C,misc,,00000012.pro,-1,,0
182,,105732,0,302,13265,65,66,0,83886092,0x0500000C,misc,,00000012.pro,-1,,0
183,,105820,0,303,13265,65,66,0,50332270,0x0300026E,wall,,00000622.pro,-1,,0
184,,105908,0,304,13266,66,66,0,83886092,0x0500000C,misc,,00000012.pro,-1,,0
185,,105996,0,305,13267,67,66,0,83886092,0x0500000C,misc,,00000012.pro,-1,,0
186,,106084,0,306,13267,67,66,0,50332270,0x0300026E,wall,,00000622.pro,-1,,0
187,,106172,0,307,13267,67,66,0,33555259,0x0200033B,scenery,generic,00000828.pro,50331695,Klaxon.int,0
188,,106260,0,308,13269,69,66,0,50332270,0x0300026E,wall,,00000622.pro,-1,,0
189,,106348,0,310,13271,71,66,0,50332270,0x0300026E,wall,,00000622.pro,-1,,0
190,,106436,0,313,13273,73,66,0,50332270,0x0300026E,wall,,00000622.pro,-1,,0
191,,106524,0,315,13275,75,66,0,50332270,0x0300026E,wall,,00000622.pro,-1,,0
192,,106612,0,316,13277,77,66,0,50332270,0x0300026E,wall,,00000622.pro,-1,,0
193,,106700,0,317,13279,79,66,0,50332270,0x0300026E,wall,,00000622.pro,-1,,0
194,,106788,0,318,13281,81,66,0,50332270,0x0300026E,wall,,00000622.pro,-1,,0
195,,106876,0,319,13283,83,66,0,50332270,0x0300026E,wall,,00000622.pro,-1,,0
196,,106964,0,320,13283,83,66,0,33555259,0x0200033B,scenery,generic,00000828.pro,50331693,Klaxon.int,0
197,,107052,0,321,13285,85,66,0,50332270,0x0300026E,wall,,00000622.pro,-1,,0
198,,107140,0,322,13287,87,66,0,50332270,0x0300026E,wall,,00000622.pro,-1,,0
199,,107228,0,323,13289,89,66,0,50332270,0x0300026E,wall,,00000622.pro,-1,,0
200,,107316,0,324,13291,91,66,0,50332270,0x0300026E,wall,,00000622.pro,-1,,0
201,,107404,0,325,13293,93,66,0,50332270,0x0300026E,wall,,00000622.pro,-1,,0
202,,107492,0,326,13295,95,66,0,50332270,0x0300026E,wall,,00000622.pro,-1,,0
203,,107580,0,327,13297,97,66,0,50332270,0x0300026E,wall,,00000622.pro,-1,,0
204,,107668,0,328,13298,98,66,0,50332269,0x0300026D,wall,,00000621.pro,-1,,0
205,,107756,0,329,13299,99,66,0,50332270,0x0300026E,wall,,00000622.pro,-1,,0
206,,107844,0,331,13325,125,66,0,83886092,0x0500000C,misc,,00000012.pro,-1,,0
207,,107932,0,332,13326,126,66,0,83886092,0x0500000C,misc,,00000012.pro,-1,,0
208,,108020,0,333,13458,58,67,0,50332653,0x030003ED,wall,,00001005.pro,-1,,0
209,,108108,0,334,13462,62,67,0,83886092,0x0500000C,misc,,00000012.pro,-1,,0
210,,108196,0,335,13463,63,67,0,83886092,0x0500000C,misc,,00000012.pro,-1,,0
211,,108284,0,336,13464,64,67,0,83886092,0x0500000C,misc,,00000012.pro,-1,,0
212,,108372,0,337,13465,65,67,0,83886092,0x0500000C,misc,,00000012.pro,-1,,0
213,,108460,0,342,13498,98,67,0,50332658,0x030003F2,wall,,00001010.pro,-1,,0
214,,108548,0,343,13499,99,67,0,50331878,0x030000E6,wall,,00000230.pro,-1,,0
215,,108636,0,344,13516,116,67,0,50332664,0x030003F8,wall,,00001016.pro,-1,,0
216,,108724,0,346,13517,117,67,0,50332644,0x030003E4,wall,,00000996.pro,-1,,0
217,,108812,0,348,13518,118,67,0,50332661,0x030003F5,wall,,00001013.pro,-1,,0
218,,108900,0,350,13519,119,67,0,50332644,0x030003E4,wall,,00000996.pro,-1,,0
219,,108988,0,352,13520,120,67,0,50332661,0x030003F5,wall,,00001013.pro,-1,,0
220,,109076,0,354,13521,121,67,0,50332644,0x030003E4,wall,,00000996.pro,-1,,0
221,,109164,0,357,13522,122,67,0,50332661,0x030003F5,wall,,00001013.pro,-1,,0
222,,109252,0,359,13523,123,67,0,50332644,0x030003E4,wall,,00000996.pro,-1,,0
223,,109340,0,361,13524,124,67,0,50332663,0x030003F7,wall,,00001015.pro,-1,,0
224,,109428,0,363,13525,125,67,0,50332270,0x0300026E,wall,,00000622.pro,-1,,0
225,,109516,0,365,13526,126,67,0,83886092,0x0500000C,misc,,00000012.pro,-1,,0
226,,109604,0,366,13658,58,68,0,50332659,0x030003F3,wall,,00001011.pro,-1,,0
227,,109692,0,367,13660,60,68,0,83886092,0x0500000C,misc,,00000012.pro,-1,,0
228,,109780,0,368,13661,61,68,0,83886092,0x0500000C,misc,,00000012.pro,-1,,0
229,,109868,0,369,13662,62,68,0,83886092,0x0500000C,misc,,00000012.pro,-1,,0
230,,109956,0,370,13663,63,68,0,83886092,0x0500000C,misc,,00000012.pro,-1,,0
231,,110044,0,375,13698,98,68,0,50332656,0x030003F0,wall,,00001008.pro,-1,,0
232,,110132,0,376,13699,99,68,0,50331879,0x030000E7,wall,,00000231.pro,-1,,0
233,,110220,0,377,13716,116,68,0,50332270,0x0300026E,wall,,00000622.pro,-1,,0
234,,110308,0,379,13717,117,68,0,50332270,0x0300026E,wall,,00000622.pro,-1,,0
235,,110396,0,380,13719,119,68,0,50332270,0x0300026E,wall,,00000622.pro,-1,,0
236,,110484,0,381,13721,121,68,0,50332270,0x0300026E,wall,,00000622.pro,-1,,0
237,,110572,0,384,13723,123,68,0,50332270,0x0300026E,wall,,00000622.pro,-1,,0
238,,110660,0,385,13724,124,68,0,50332270,0x0300026E,wall,,00000622.pro,-1,,0
239,,110748,0,387,13725,125,68,0,50332270,0x0300026E,wall,,00000622.pro,-1,,0
240,,110836,0,389,13727,127,68,0,83886092,0x0500000C,misc,,00000012.pro,-1,,0
241,,110924,0,393,13858,58,69,0,83886092,0x0500000C,misc,,00000012.pro,-1,,0
242,,111012,0,394,13858,58,69,0,50332653,0x030003ED,wall,,00001005.pro,-1,,0
243,,111100,0,397,13859,59,69,0,83886092,0x0500000C,misc,,00000012.pro,-1,,0
244,,111188,0,400,13860,60,69,0,83886092,0x0500000C,misc,,00000012.pro,-1,,0
245,,111276,0,404,13861,61,69,0,83886092,0x0500000C,misc,,00000012.pro,-1,,0
246,,111364,0,440,13898,98,69,0,50332658,0x030003F2,wall,,00001010.pro,-1,,0
247,,111452,0,441,13899,99,69,0,50331880,0x030000E8,wall,,00000232.pro,-1,,0
248,,111540,0,442,13916,116,69,0,50332658,0x030003F2,wall,,00001010.pro,-1,,0
249,,111628,0,445,13924,124,69,0,50332658,0x030003F2,wall,,00001010.pro,-1,,0
250,,111716,0,447,13925,125,69,0,50331878,0x030000E6,wall,,00000230.pro,-1,,0
251,,111804,0,449,13927,127,69,0,83886092,0x0500000C,misc,,00000012.pro,-1,,0
252,,111892,0,450,13928,128,69,0,83886092,0x0500000C,misc,,00000012.pro,-1,,0
253,,111980,0,451,14056,56,70,0,83886092,0x0500000C,misc,,00000012.pro,-1,,0
254,,112068,0,453,14057,57,70,0,83886092,0x0500000C,misc,,00000012.pro,-1,,0
255,,112156,0,455,14058,58,70,0,83886092,0x0500000C,misc,,00000012.pro,-1,,0
256,,112244,0,456,14058,58,70,0,50332659,0x030003F3,wall,,00001011.pro,-1,,0
257,,112332,0,457,14059,59,70,0,83886092,0x0500000C,misc,,00000012.pro,-1,,0
258,,112420,0,483,14098,98,70,0,50332656,0x030003F0,wall,,00001008.pro,-1,,0
259,,112508,0,484,14099,99,70,0,50331881,0x030000E9,wall,,00000233.pro,-1,,0
260,,112596,0,485,14116,116,70,0,50332656,0x030003F0,wall,,00001008.pro,-1,,0
261,,112684,0,487,14118,118,70,0,33554499,0x02000043,scenery,generic,00000068.pro,-1,,0
262,,112772,0,489,14119,119,70,0,33554499,0x02000043,scenery,generic,00000068.pro,-1,,0
263,,112860,0,491,14120,120,70,0,33554499,0x02000043,scenery,generic,00000068.pro,-1,,0
264,,112948,0,493,14121,121,70,0,33554499,0x02000043,scenery,generic,00000068.pro,-1,,0
265,,113036,0,496,14124,124,70,0,50332656,0x030003F0,wall,,00001008.pro,-1,,0
266,,113124,0,498,14125,125,70,0,50331879,0x030000E7,wall,,00000231.pro,-1,,0
267,,113212,0,500,14128,128,70,0,83886092,0x0500000C,misc,,00000012.pro,-1,,0
268,,113300,0,501,14254,54,71,0,83886092,0x0500000C,misc,,00000012.pro,-1,,0
269,,113388,0,502,14255,55,71,0,83886092,0x0500000C,misc,,00000012.pro,-1,,0
270,,113476,0,503,14256,56,71,0,83886092,0x0500000C,misc,,00000012.pro,-1,,0
271,,113564,0,506,14257,57,71,0,83886092,0x0500000C,misc,,00000012.pro,-1,,0
272,,113652,0,507,14258,58,71,0,50332655,0x030003EF,wall,,00001007.pro,-1,,0
273,,113740,0,526,14298,98,71,0,50332658,0x030003F2,wall,,00001010.pro,-1,,0
274,,113828,0,527,14299,99,71,0,50331878,0x030000E6,wall,,00000230.pro,-1,,0
275,,113916,0,528,14316,116,71,0,50332658,0x030003F2,wall,,00001010.pro,-1,,0
276,,114004,0,530,14318,118,71,0,33554499,0x02000043,scenery,generic,00000068.pro,-1,,0
277,,114092,0,532,14319,119,71,0,33554499,0x02000043,scenery,generic,00000068.pro,-1,,0
278,,114180,0,534,14320,120,71,0,33554851,0x020001A3,scenery,generic,00000420.pro,-1,,0
279,,114268,0,536,14321,121,71,0,33554499,0x02000043,scenery,generic,00000068.pro,-1,,0
280,,114356,0,539,14324,124,71,0,50332658,0x030003F2,wall,,00001010.pro,-1,,0
281,,114444,0,542,14325,125,71,0,50331880,0x030000E8,wall,,00000232.pro,-1,,0
282,,114532,0,544,14329,129,71,0,83886092,0x0500000C,misc,,00000012.pro,-1,,0
283,,114620,0,545,14452,52,72,0,83886092,0x0500000C,misc,,00000012.pro,-1,,0
284,,114708,0,546,14453,53,72,0,83886092,0x0500000C,misc,,00000012.pro,-1,,0
285,,114796,0,547,14454,54,72,0,83886092,0x0500000C,misc,,00000012.pro,-1,,0
286,,114884,0,548,14455,55,72,0,83886092,0x0500000C,misc,,00000012.pro,-1,,0
287,,114972,0,554,14458,58,72,0,50332654,0x030003EE,wall,,00001006.pro,-1,,0
288,,115060,0,573,14498,98,72,0,50332656,0x030003F0,wall,,00001008.pro,-1,,0
289,,115148,0,574,14499,99,72,0,50331879,0x030000E7,wall,,00000231.pro,-1,,0
290,,115236,0,575,14516,116,72,0,50332656,0x030003F0,wall,,00001008.pro,-1,,0
291,,115324,0,577,14518,118,72,0,33554499,0x02000043,scenery,generic,00000068.pro,-1,,0
292,,115412,0,581,14521,121,72,0,33554849,0x020001A1,scenery,generic,00000418.pro,-1,,0
293,,115500,0,583,14524,124,72,0,50332656,0x030003F0,wall,,00001008.pro,-1,,0
294,,115588,0,586,14525,125,72,0,50331884,0x030000EC,wall,,00000236.pro,-1,,0
295,,115676,0,588,14529,129,72,0,83886092,0x0500000C,misc,,00000012.pro,-1,,0
296,,115764,0,589,14530,130,72,0,83886092,0x0500000C,misc,,00000012.pro,-1,,0
297,,115852,0,590,14650,50,73,0,83886092,0x0500000C,misc,,00000012.pro,-1,,0
298,,115940,0,591,14651,51,73,0,83886092,0x0500000C,misc,,00000012.pro,-1,,0
299,,116028,0,592,14652,52,73,0,83886092,0x0500000C,misc,,00000012.pro,-1,,0
300,,116116,0,593,14653,53,73,0,83886092,0x0500000C,misc,,00000012.pro,-1,,0
301,,116204,0,598,14658,58,73,0,50332660,0x030003F4,wall,,00001012.pro,-1,,0
302,,116292,0,603,14666,66,73,0,50332664,0x030003F8,wall,,00001016.pro,-1,,0
303,,116380,0,604,14667,67,73,0,50332644,0x030003E4,wall,,00000996.pro,-1,,0
304,,116468,0,606,14668,68,73,0,50332661,0x030003F5,wall,,00001013.pro,-1,,0
305,,116556,0,608,14669,69,73,0,50332644,0x030003E4,wall,,00000996.pro,-1,,0
306,,116644,0,609,14670,70,73,0,50332661,0x030003F5,wall,,00001013.pro,-1,,0
307,,116732,0,610,14671,71,73,0,50332644,0x030003E4,wall,,00000996.pro,-1,,0
308,,116820,0,612,14672,72,73,0,50332661,0x030003F5,wall,,00001013.pro,-1,,0
309,,116908,0,614,14673,73,73,0,50332644,0x030003E4,wall,,00000996.pro,-1,,0
310,,116996,0,615,14674,74,73,0,50332661,0x030003F5,wall,,00001013.pro,-1,,0
311,,117084,0,616,14675,75,73,0,50332644,0x030003E4,wall,,00000996.pro,-1,,0
312,,117172,0,618,14676,76,73,0,50332661,0x030003F5,wall,,00001013.pro,-1,,0
313,,117260,0,620,14677,77,73,0,50332644,0x030003E4,wall,,00000996.pro,-1,,0
314,,117348,0,621,14678,78,73,0,50332661,0x030003F5,wall,,00001013.pro,-1,,0
315,,117436,0,622,14679,79,73,0,50332644,0x030003E4,wall,,00000996.pro,-1,,0
316,,117524,0,623,14680,80,73,0,50332661,0x030003F5,wall,,00001013.pro,-1,,0
317,,117612,0,625,14681,81,73,0,50332644,0x030003E4,wall,,00000996.pro,-1,,0
318,,117700,0,627,14682,82,73,0,50332661,0x030003F5,wall,,00001013.pro,-1,,0
319,,117788,0,628,14683,83,73,0,50332644,0x030003E4,wall,,00000996.pro,-1,,0
320,,117876,0,629,14684,84,73,0,50332661,0x030003F5,wall,,00001013.pro,-1,,0
321,,117964,0,630,14685,85,73,0,50332644,0x030003E4,wall,,00000996.pro,-1,,0
322,,118052,0,631,14686,86,73,0,50332661,0x030003F5,wall,,00001013.pro,-1,,0
323,,118140,0,632,14687,87,73,0,50332644,0x030003E4,wall,,00000996.pro,-1,,0
324,,118228,0,633,14688,88,73,0,50332661,0x030003F5,wall,,00001013.pro,-1,,0
325,,118316,0,635,14689,89,73,0,50332644,0x030003E4,wall,,00000996.pro,-1,,0
326,,118404,0,638,14690,90,73,0,50332663,0x030003F7,wall,,00001015.pro,-1,,0
327,,118492,0,652,14698,98,73,0,50332658,0x030003F2,wall,,00001010.pro,-1,,0
328,,118580,0,653,14699,99,73,0,50331880,0x030000E8,wall,,00000232.pro,-1,,0
329,,118668,0,654,14716,116,73,0,50332677,0x03000405,wall,,00001029.pro,-1,,0
330,,118756,0,656,14717,117,73,0,50332640,0x030003E0,wall,,00000992.pro,-1,,0
331,,118844,0,658,14718,118,73,0,50332686,0x0300040E,wall,,00001038.pro,-1,,0
332,,118932,0,660,14719,119,73,0,33554499,0x02000043,scenery,generic,00000068.pro,-1,,0
333,,119020,0,662,14720,120,73,0,33554853,0x020001A5,scenery,door,00000422.pro,50331668,MetlDoor.int,0
334,,119112,0,664,14721,121,73,0,33554499,0x02000043,scenery,generic,00000068.pro,-1,,0
335,,119200,0,666,14722,122,73,0,50332685,0x0300040D,wall,,00001037.pro,-1,,0
336,,119288,0,668,14723,123,73,0,50332640,0x030003E0,wall,,00000992.pro,-1,,0
337,,119376,0,670,14724,124,73,0,50332680,0x03000408,wall,,00001032.pro,-1,,0
338,,119464,0,672,14725,125,73,0,50332638,0x030003DE,wall,,00000990.pro,-1,,0
339,,119552,0,675,14726,126,73,0,50332637,0x030003DD,wall,,00000989.pro,-1,,0
340,,119640,0,676,14727,127,73,0,50332640,0x030003E0,wall,,00000992.pro,-1,,0
341,,119728,0,677,14728,128,73,0,50332661,0x030003F5,wall,,00001013.pro,-1,,0
342,,119816,0,678,14728,128,73,0,33555262,0x0200033E,scenery,generic,00000831.pro,-1,,0
343,,119904,0,679,14729,129,73,0,50332638,0x030003DE,wall,,00000990.pro,-1,,0
344,,119992,0,680,14730,130,73,0,83886092,0x0500000C,misc,,00000012.pro,-1,,0
345,,120080,0,681,14730,130,73,0,50332637,0x030003DD,wall,,00000989.pro,-1,,0
346,,120168,0,682,14731,131,73,0,50332640,0x030003E0,wall,,00000992.pro,-1,,0
347,,120256,0,683,14732,132,73,0,50332661,0x030003F5,wall,,00001013.pro,-1,,0
348,,120344,0,684,14732,132,73,0,33555262,0x0200033E,scenery,generic,00000831.pro,-1,,0
349,,120432,0,685,14733,133,73,0,50332638,0x030003DE,wall,,00000990.pro,-1,,0
350,,120520,0,686,14734,134,73,0,50332637,0x030003DD,wall,,00000989.pro,-1,,0
351,,120608,0,687,14735,135,73,0,50332644,0x030003E4,wall,,00000996.pro,-1,,0
352,,120696,0,688,14736,136,73,0,50332663,0x030003F7,wall,,00001015.pro,-1,,0
353,,120784,0,689,14737,137,73,0,50332270,0x0300026E,wall,,00000622.pro,-1,,0
354,,120872,0,690,14848,48,74,0,83886092,0x0500000C,misc,,00000012.pro,-1,,0
355,,120960,0,691,14849,49,74,0,83886092,0x0500000C,misc,,00000012.pro,-1,,0
356,,121048,0,692,14850,50,74,0,83886092,0x0500000C,misc,,00000012.pro,-1,,0
357,,121136,0,693,14851,51,74,0,83886092,0x0500000C,misc,,00000012.pro,-1,,0
358,,121224,0,700,14858,58,74,0,50332659,0x030003F3,wall,,00001011.pro,-1,,0
359,,121312,0,702,14866,66,74,0,50332269,0x0300026D,wall,,00000621.pro,-1,,0
360,,121400,0,704,14868,68,74,0,50331875,0x030000E3,wall,,00000227.pro,-1,,0
361,,121488,0,705,14870,70,74,0,50331873,0x030000E1,wall,,00000225.pro,-1,,0
362,,121576,0,707,14872,72,74,0,50331877,0x030000E5,wall,,00000229.pro,-1,,0
363,,121664,0,708,14874,74,74,0,50331875,0x030000E3,wall,,00000227.pro,-1,,0
364,,121752,0,710,14876,76,74,0,50331873,0x030000E1,wall,,00000225.pro,-1,,0
365,,121840,0,711,14878,78,74,0,50331877,0x030000E5,wall,,00000229.pro,-1,,0
366,,121928,0,712,14880,80,74,0,50331875,0x030000E3,wall,,00000227.pro,-1,,0
367,,122016,0,715,14882,82,74,0,50331873,0x030000E1,wall,,00000225.pro,-1,,0
368,,122104,0,716,14884,84,74,0,50331877,0x030000E5,wall,,00000229.pro,-1,,0
369,,122192,0,717,14886,86,74,0,50331875,0x030000E3,wall,,00000227.pro,-1,,0
370,,122280,0,718,14888,88,74,0,50331873,0x030000E1,wall,,00000225.pro,-1,,0
371,,122368,0,721,14890,90,74,0,50332269,0x0300026D,wall,,00000621.pro,-1,,0
372,,122456,0,728,14898,98,74,0,50332656,0x030003F0,wall,,00001008.pro,-1,,0
373,,122544,0,729,14899,99,74,0,50331881,0x030000E9,wall,,00000233.pro,-1,,0
374,,122632,0,730,14916,116,74,0,50332269,0x0300026D,wall,,00000621.pro,-1,,0
375,,122720,0,732,14917,117,74,0,50332270,0x0300026E,wall,,00000622.pro,-1,,0
376,,122808,0,733,14917,117,74,0,33555259,0x0200033B,scenery,generic,00000828.pro,50331690,Klaxon.int,0
377,,122896,0,736,14923,123,74,0,50332270,0x0300026E,wall,,00000622.pro,-1,,0
378,,122984,0,738,14924,124,74,0,50332269,0x0300026D,wall,,00000621.pro,-1,,0
379,,123072,0,740,14925,125,74,0,50332270,0x0300026E,wall,,00000622.pro,-1,,0
380,,123160,0,743,14926,126,74,0,33555267,0x02000343,scenery,generic,00000836.pro,-1,,0
381,,123248,0,745,14927,127,74,0,50332270,0x0300026E,wall,,00000622.pro,-1,,0
382,,123336,0,746,14928,128,74,2,16777285,0x01000045,critter,,00000069.pro,67108887,MrHandyB.int,1
382/inventory/0,1,123468,0,747,-1,,,0,23,0x00000017,item,weapon,00000023.pro,-1,,0
383,,123564,0,748,14929,129,74,0,50332270,0x0300026E,wall,,00000622.pro,-1,,0
384,,123652,0,749,14930,130,74,0,33555267,0x02000343,scenery,generic,00000836.pro,-1,,0
385,,123740,0,750,14931,131,74,0,83886092,0x0500000C,misc,,00000012.pro,-1,,0
386,,123828,0,751,14931,131,74,0,50332270,0x0300026E,wall,,00000622.pro,-1,,0
387,,123916,0,752,14932,132,74,2,16777285,0x01000045,critter,,00000069.pro,67108888,MrHandyB.int,1
387/inventory/0,1,124048,0,753,-1,,,0,23,0x00000017,item,weapon,00000023.pro,-1,,0
388,,124144,0,754,14933,133,74,0,50332270,0x0300026E,wall,,00000622.pro,-1,,0
389,,124232,0,755,14935,135,74,0,50332270,0x0300026E,wall,,00000622.pro,-1,,0
390,,124320,0,756,14936,136,74,0,50332269,0x0300026D,wall,,00000621.pro,-1,,0
391,,124408,0,757,14937,137,74,0,50332270,0x0300026E,wall,,00000622.pro,-1,,0
392,,124496,0,758,15046,46,75,0,83886092,0x0500000C,misc,,00000012.pro,-1,,0
393,,124584,0,759,15047,47,75,0,83886092,0x0500000C,misc,,00000012.pro,-1,,0
394,,124672,0,760,15048,48,75,0,83886092,0x0500000C,misc,,00000012.pro,-1,,0
395,,124760,0,761,15049,49,75,0,83886092,0x0500000C,misc,,00000012.pro,-1,,0
396,,124848,0,768,15058,58,75,0,50332653,0x030003ED,wall,,00001005.pro,-1,,0
397,,124936,0,769,15066,66,75,0,50332658,0x030003F2,wall,,00001010.pro,-1,,0
398,,125024,0,770,15067,67,75,0,50332300,0x0300028C,wall,,00000652.pro,-1,,0
399,,125112,0,771,15069,69,75,0,50331874,0x030000E2,wall,,00000226.pro,-1,,0
400,,125200,0,772,15071,71,75,0,50331872,0x030000E0,wall,,00000224.pro,-1,,0
401,,125288,0,773,15073,73,75,0,50331876,0x030000E4,wall,,00000228.pro,-1,,0
402,,125376,0,774,15075,75,75,0,50331874,0x030000E2,wall,,00000226.pro,-1,,0
403,,125464,0,775,15077,77,75,0,50331872,0x030000E0,wall,,00000224.pro,-1,,0
404,,125552,0,776,15079,79,75,0,50331876,0x030000E4,wall,,00000228.pro,-1,,0
405,,125640,0,778,15081,81,75,0,50331874,0x030000E2,wall,,00000226.pro,-1,,0
406,,125728,0,780,15083,83,75,0,50331872,0x030000E0,wall,,00000224.pro,-1,,0
407,,125816,0,781,15085,85,75,0,50331876,0x030000E4,wall,,00000228.pro,-1,,0
408,,125904,0,782,15087,87,75,0,50331874,0x030000E2,wall,,00000226.pro,-1,,0
409,,125992,0,785,15089,89,75,0,50331872,0x030000E0,wall,,00000224.pro,-1,,0
410,,126080,0,786,15090,90,75,0,50332653,0x030003ED,wall,,00001005.pro,-1,,0
411,,126168,0,789,15098,98,75,0,50332658,0x030003F2,wall,,00001010.pro,-1,,0
412,,126256,0,790,15099,99,75,0,50331878,0x030000E6,wall,,00000230.pro,-1,,0
413,,126344,0,791,15116,116,75,0,50332658,0x030003F2,wall,,00001010.pro,-1,,0
414,,126432,0,793,15124,124,75,0,50332658,0x030003F2,wall,,00001010.pro,-1,,0
415,,126520,0,794,15124,124,75,0,33555275,0x0200034B,scenery,generic,00000844.pro,-1,,0
416,,126608,0,798,15131,131,75,0,83886092,0x0500000C,misc,,00000012.pro,-1,,0
417,,126696,0,799,15132,132,75,0,83886092,0x0500000C,misc,,00000012.pro,-1,,0
418,,126784,0,800,15136,136,75,0,50332658,0x030003F2,wall,,00001010.pro,-1,,0
419,,126872,0,801,15137,137,75,0,50331878,0x030000E6,wall,,00000230.pro,-1,,0
420,,126960,0,802,15244,44,76,0,83886092,0x0500000C,misc,,00000012.pro,-1,,0
421,,127048,0,803,15245,45,76,0,83886092,0x0500000C,misc,,00000012.pro,-1,,0
422,,127136,0,804,15246,46,76,0,83886092,0x0500000C,misc,,00000012.pro,-1,,0
423,,127224,0,805,15247,47,76,0,83886092,0x0500000C,misc,,00000012.pro,-1,,0
424,,127312,0,812,15258,58,76,0,50332651,0x030003EB,wall,,00001003.pro,-1,,0
425,,127400,0,813,15266,66,76,0,50332656,0x030003F0,wall,,00001008.pro,-1,,0
426,,127488,0,814,15267,67,76,0,50332270,0x0300026E,wall,,00000622.pro,-1,,0
427,,127576,0,819,15290,90,76,0,50332659,0x030003F3,wall,,00001011.pro,-1,,0
428,,127664,0,820,15290,90,76,0,33555275,0x0200034B,scenery,generic,00000844.pro,-1,,0
429,,127752,0,823,15298,98,76,0,50332656,0x030003F0,wall,,00001008.pro,-1,,0
430,,127840,0,824,15299,99,76,0,50331879,0x030000E7,wall,,00000231.pro,-1,,0
431,,127928,0,825,15316,116,76,0,50332652,0x030003EC,wall,,00001004.pro,-1,,0
432,,128016,0,827,15323,123,76,0,33554776,0x02000158,scenery,generic,00000345.pro,-1,,0
433,,128104,0,828,15324,124,76,0,50332656,0x030003F0,wall,,00001008.pro,-1,,0
434,,128192,0,829,15324,124,76,0,33555279,0x0200034F,scenery,generic,00000848.pro,-1,,0
435,,128280,0,833,15332,132,76,0,83886092,0x0500000C,misc,,00000012.pro,-1,,0
436,,128368,0,834,15336,136,76,0,50332656,0x030003F0,wall,,00001008.pro,-1,,0
437,,128456,0,835,15337,137,76,0,50331879,0x030000E7,wall,,00000231.pro,-1,,0
438,,128544,0,836,15442,42,77,0,83886092,0x0500000C,misc,,00000012.pro,-1,,0
439,,128632,0,837,15443,43,77,0,83886092,0x0500000C,misc,,00000012.pro,-1,,0
440,,128720,0,838,15444,44,77,0,83886092,0x0500000C,misc,,00000012.pro,-1,,0
441,,128808,0,839,15445,45,77,0,83886092,0x0500000C,misc,,00000012.pro,-1,,0
442,,128896,0,846,15458,58,77,0,50332658,0x030003F2,wall,,00001010.pro,-1,,0
443,,128984,0,847,15458,58,77,0,33555275,0x0200034B,scenery,generic,00000844.pro,-1,,0
444,,129072,0,857,15466,66,77,0,50332658,0x030003F2,wall,,00001010.pro,-1,,0
445,,129160,0,860,15467,67,77,0,50331878,0x030000E6,wall,,00000230.pro,-1,,0
446,,129248,0,912,15490,90,77,0,50332660,0x030003F4,wall,,00001012.pro,-1,,0
447,,129336,0,913,15490,90,77,0,33555277,0x0200034D,scenery,generic,00000846.pro,-1,,0
448,,129424,0,916,15498,98,77,0,50332658,0x030003F2,wall,,00001010.pro,-1,,0
449,,129512,0,918,15499,99,77,0,50331880,0x030000E8,wall,,00000232.pro,-1,,0
450,,129600,0,936,15512,112,77,0,50332664,0x030003F8,wall,,00001016.pro,-1,,0
451,,129688,0,938,15513,113,77,0,50332638,0x030003DE,wall,,00000990.pro,-1,,0
452,,129776,0,941,15514,114,77,0,50332637,0x030003DD,wall,,00000989.pro,-1,,0
453,,129864,0,944,15515,115,77,0,50332640,0x030003E0,wall,,00000992.pro,-1,,0
454,,129952,0,945,15515,115,77,0,33555274,0x0200034A,scenery,generic,00000843.pro,-1,,0
455,,130040,0,948,15516,116,77,0,50332678,0x03000406,wall,,00001030.pro,-1,,0
456,,130128,0,949,15516,116,77,0,33555272,0x02000348,scenery,generic,00000841.pro,-1,,0
457,,130216,0,952,15517,117,77,0,50332640,0x030003E0,wall,,00000992.pro,-1,,0
458,,130304,0,2477,15518,118,77,0,50332784,0x03000470,wall,,00001136.pro,50331739,GenEmit.int,0
459,,130392,0,956,15519,119,77,0,50332270,0x0300026E,wall,,00000622.pro,-1,,0
460,,130480,0,958,15520,120,77,0,33554923,0x020001EB,scenery,generic,00000492.pro,-1,,0
461,,130568,0,960,15521,121,77,0,50332270,0x0300026E,wall,,00000622.pro,-1,,0
462,,130656,0,962,15522,122,77,0,50332783,0x0300046F,wall,,00001135.pro,-1,,0
463,,130744,0,964,15523,123,77,0,50332640,0x030003E0,wall,,00000992.pro,-1,,0
464,,130832,0,967,15524,124,77,0,50332679,0x03000407,wall,,00001031.pro,-1,,0
465,,130920,0,977,15533,133,77,0,83886092,0x0500000C,misc,,00000012.pro,-1,,0
466,,131008,0,978,15536,136,77,0,50332658,0x030003F2,wall,,00001010.pro,-1,,0
467,,131096,0,979,15537,137,77,0,50331880,0x030000E8,wall,,00000232.pro,-1,,0
468,,131184,0,980,15640,40,78,0,83886092,0x0500000C,misc,,00000012.pro,-1,,0
469,,131272,0,981,15641,41,78,0,83886092,0x0500000C,misc,,00000012.pro,-1,,0
470,,131360,0,982,15642,42,78,0,83886092,0x0500000C,misc,,00000012.pro,-1,,0
471,,131448,0,983,15643,43,78,0,83886092,0x0500000C,misc,,00000012.pro,-1,,0
472,,131536,0,990,15658,58,78,0,50332656,0x030003F0,wall,,00001008.pro,-1,,0
473,,131624,0,991,15658,58,78,0,33555276,0x0200034C,scenery,generic,00000845.pro,-1,,0
474,,131712,0,997,15666,66,78,0,50332656,0x030003F0,wall,,00001008.pro,-1,,0
475,,131800,0,998,15667,67,78,0,50331879,0x030000E7,wall,,00000231.pro,-1,,0
476,,131888,0,1014,15690,90,78,0,50332659,0x030003F3,wall,,00001011.pro,-1,,0
477,,131976,0,1015,15690,90,78,0,33555277,0x0200034D,scenery,generic,00000846.pro,-1,,0
478,,132064,0,1017,15698,98,78,0,50332656,0x030003F0,wall,,00001008.pro,-1,,0
479,,132152,0,1018,15699,99,78,0,50331881,0x030000E9,wall,,00000233.pro,-1,,0
480,,132240,0,1027,15712,112,78,0,50332269,0x0300026D,wall,,00000621.pro,-1,,0
481,,132328,0,1028,15713,113,78,0,50332270,0x0300026E,wall,,00000622.pro,-1,,0
482,,132416,0,1030,15715,115,78,0,50332270,0x0300026E,wall,,00000622.pro,-1,,0
483,,132504,0,1031,15715,115,78,0,33555259,0x0200033B,scenery,generic,00000828.pro,50331691,Klaxon.int,0
484,,132592,0,1034,15717,117,78,0,50332270,0x0300026E,wall,,00000622.pro,-1,,0
485,,132680,0,1036,15719,119,78,0,50332270,0x0300026E,wall,,00000622.pro,-1,,0
486,,132768,0,1038,15723,123,78,0,50332270,0x0300026E,wall,,00000622.pro,-1,,0
487,,132856,0,1045,15733,133,78,0,83886092,0x0500000C,misc,,00000012.pro,-1,,0
488,,132944,0,1046,15734,134,78,0,83886092,0x0500000C,misc,,00000012.pro,-1,,0
489,,133032,0,1047,15736,136,78,0,50332656,0x030003F0,wall,,00001008.pro,-1,,0
490,,133120,0,1048,15737,137,78,0,50331881,0x030000E9,wall,,00000233.pro,-1,,0
491,,133208,0,1049,15838,38,79,0,83886092,0x0500000C,misc,,00000012.pro,-1,,0
492,,133296,0,1050,15839,39,79,0,83886092,0x0500000C,misc,,00000012.pro,-1,,0
493,,133384,0,1051,15840,40,79,0,83886092,0x0500000C,misc,,00000012.pro,-1,,0
494,,133472,0,1052,15841,41,79,0,83886092,0x0500000C,misc,,00000012.pro,-1,,0
495,,133560,0,1058,15858,58,79,0,33555260,0x0200033C,scenery,generic,00000829.pro,50331696,Klaxon.int,0
496,,133648,0,1059,15858,58,79,0,50332657,0x030003F1,wall,,00001009.pro,-1,,0
497,,133736,0,1060,15858,58,79,0,33555277,0x0200034D,scenery,generic,00000846.pro,-1,,0
498,,133824,0,1064,15866,66,79,0,50332658,0x030003F2,wall,,00001010.pro,-1,,0
499,,133912,0,1066,15867,67,79,0,50331880,0x030000E8,wall,,00000232.pro,-1,,0
500,,134000,0,1073,15890,90,79,0,50332655,0x030003EF,wall,,00001007.pro,-1,,0
501,,134088,0,1074,15890,90,79,0,33555276,0x0200034C,scenery,generic,00000845.pro,-1,,0
502,,134176,0,1075,15898,98,79,0,50332658,0x030003F2,wall,,00001010.pro,-1,,0
503,,134264,0,1076,15899,99,79,0,50331878,0x030000E6,wall,,00000230.pro,-1,,0
504,,134352,0,1078,15912,112,79,0,50332657,0x030003F1,wall,,00001009.pro,-1,,0
505,,134440,0,1079,15912,112,79,0,33555275,0x0200034B,scenery,generic,00000844.pro,-1,,0
506,,134528,0,1080,15913,113,79,0,33554499,0x02000043,scenery,generic,00000068.pro,-1,,0
507,,134616,0,1081,15913,113,79,0,202,0x000000CA,item,container,00000202.pro,-1,,0
508,,134704,0,1082,15914,114,79,0,33554499,0x02000043,scenery,generic,00000068.pro,-1,,0
509,,134792,0,1083,15915,115,79,0,33554499,0x02000043,scenery,generic,00000068.pro,-1,,0
510,,134880,0,1084,15915,115,79,0,201,0x000000C9,item,container,00000201.pro,-1,,0
511,,134968,0,1088,15934,134,79,0,83886092,0x0500000C,misc,,00000012.pro,-1,,0
512,,135056,0,1089,15936,136,79,0,50332658,0x030003F2,wall,,00001010.pro,-1,,0
513,,135144,0,1090,15937,137,79,0,50331878,0x030000E6,wall,,00000230.pro,-1,,0
514,,135232,0,1091,16036,36,80,0,83886092,0x0500000C,misc,,00000012.pro,-1,,0
515,,135320,0,1092,16037,37,80,0,83886092,0x0500000C,misc,,00000012.pro,-1,,0
516,,135408,0,1093,16038,38,80,0,83886092,0x0500000C,misc,,00000012.pro,-1,,0
517,,135496,0,1094,16039,39,80,0,83886092,0x0500000C,misc,,00000012.pro,-1,,0
518,,135584,0,1100,16058,58,80,0,50332656,0x030003F0,wall,,00001008.pro,-1,,0
519,,135672,0,1101,16058,58,80,0,33555276,0x0200034C,scenery,generic,00000845.pro,-1,,0
520,,135760,0,1103,16066,66,80,0,50332656,0x030003F0,wall,,00001008.pro,-1,,0
521,,135848,0,1105,16067,67,80,0,50331881,0x030000E9,wall,,00000233.pro,-1,,0
522,,135936,0,1110,16090,90,80,0,50332654,0x030003EE,wall,,00001006.pro,-1,,0
523,,136024,0,1111,16090,90,80,0,33555279,0x0200034F,scenery,generic,00000848.pro,-1,,0
524,,136112,0,1112,16098,98,80,0,50332656,0x030003F0,wall,,00001008.pro,-1,,0
525,,136200,0,1113,16099,99,80,0,50331884,0x030000EC,wall,,00000236.pro,-1,,0
526,,136288,0,1115,16112,112,80,0,50332656,0x030003F0,wall,,00001008.pro,-1,,0
527,,136376,0,1116,16112,112,80,0,33555279,0x0200034F,scenery,generic,00000848.pro,-1,,0
528,,136464,0,1117,16114,114,80,0,33554499,0x02000043,scenery,generic,00000068.pro,-1,,0
529,,136552,0,1118,16115,115,80,0,33554499,0x02000043,scenery,generic,00000068.pro,-1,,0
530,,136640,0,1123,16135,135,80,0,83886092,0x0500000C,misc,,00000012.pro,-1,,0
531,,136728,0,1124,16135,135,80,0,33555267,0x02000343,scenery,generic,00000836.pro,-1,,0
532,,136816,0,1125,16136,136,80,0,50332656,0x030003F0,wall,,00001008.pro,-1,,0
533,,136904,0,1126,16137,137,80,0,50331879,0x030000E7,wall,,00000231.pro,-1,,0
534,,136992,0,1127,16235,35,81,0,83886092,0x0500000C,misc,,00000012.pro,-1,,0
535,,137080,0,1128,16236,36,81,0,83886092,0x0500000C,misc,,00000012.pro,-1,,0
536,,137168,0,1129,16237,37,81,0,83886092,0x0500000C,misc,,00000012.pro,-1,,0
537,,137256,0,1136,16258,58,81,0,50332658,0x030003F2,wall,,00001010.pro,-1,,0
538,,137344,0,1137,16258,58,81,0,33555277,0x0200034D,scenery,generic,00000846.pro,-1,,0
539,,137432,0,1139,16266,66,81,0,50332658,0x030003F2,wall,,00001010.pro,-1,,0
540,,137520,0,1141,16267,67,81,0,50331878,0x030000E6,wall,,00000230.pro,-1,,0
541,,137608,0,1143,16270,70,81,0,50332664,0x030003F8,wall,,00001016.pro,-1,,0
542,,137696,0,1144,16271,71,81,0,50332644,0x030003E4,wall,,00000996.pro,-1,,0
543,,137784,0,1145,16272,72,81,0,50332643,0x030003E3,wall,,00000995.pro,-1,,0
544,,137872,0,1146,16273,73,81,0,50332642,0x030003E2,wall,,00000994.pro,-1,,0
545,,137960,0,1147,16273,73,81,0,33555274,0x0200034A,scenery,generic,00000843.pro,-1,,0
546,,138048,0,1148,16274,74,81,0,50332641,0x030003E1,wall,,00000993.pro,-1,,0
547,,138136,0,1149,16274,74,81,0,33555271,0x02000347,scenery,generic,00000840.pro,-1,,0
548,,138224,0,1150,16275,75,81,0,50332640,0x030003E0,wall,,00000992.pro,-1,,0
549,,138312,0,1151,16275,75,81,0,33555270,0x02000346,scenery,generic,00000839.pro,-1,,0
550,,138400,0,1152,16276,76,81,0,50332639,0x030003DF,wall,,00000991.pro,-1,,0
551,,138488,0,1153,16276,76,81,0,33555271,0x02000347,scenery,generic,00000840.pro,-1,,0
552,,138576,0,1154,16277,77,81,0,50332640,0x030003E0,wall,,00000992.pro,-1,,0
553,,138664,0,1155,16277,77,81,0,33555270,0x02000346,scenery,generic,00000839.pro,-1,,0
554,,138752,0,1156,16278,78,81,0,50332661,0x030003F5,wall,,00001013.pro,-1,,0
555,,138840,0,1157,16278,78,81,0,33555271,0x02000347,scenery,generic,00000840.pro,-1,,0
556,,138928,0,1158,16279,79,81,0,50332640,0x030003E0,wall,,00000992.pro,-1,,0
557,,139016,0,1159,16279,79,81,0,33555270,0x02000346,scenery,generic,00000839.pro,-1,,0
558,,139104,0,1160,16280,80,81,0,50332639,0x030003DF,wall,,00000991.pro,-1,,0
559,,139192,0,1161,16280,80,81,0,33555078,0x02000286,scenery,generic,00000647.pro,50331653,Emiter2a.int,0
560,,139280,0,1162,16280,80,81,0,33555272,0x02000348,scenery,generic,00000841.pro,-1,,0
561,,139368,0,1163,16281,81,81,0,50332644,0x030003E4,wall,,00000996.pro,-1,,0
562,,139456,0,1164,16282,82,81,0,50332676,0x03000404,wall,,00001028.pro,-1,,0
563,,139544,0,1165,16283,83,81,0,50332640,0x030003E0,wall,,00000992.pro,-1,,0
564,,139632,0,1166,16283,83,81,0,33555274,0x0200034A,scenery,generic,00000843.pro,-1,,0
565,,139720,0,1167,16284,84,81,0,50332639,0x030003DF,wall,,00000991.pro,-1,,0
566,,139808,0,1168,16284,84,81,0,33555271,0x02000347,scenery,generic,00000840.pro,-1,,0
567,,139896,0,1170,16285,85,81,0,50332640,0x030003E0,wall,,00000992.pro,-1,,0
568,,139984,0,1171,16285,85,81,0,33555270,0x02000346,scenery,generic,00000839.pro,-1,,0
569,,140072,0,1172,16286,86,81,0,50332661,0x030003F5,wall,,00001013.pro,-1,,0
570,,140160,0,1173,16286,86,81,0,33555272,0x02000348,scenery,generic,00000841.pro,-1,,0
571,,140248,0,1174,16287,87,81,0,50332638,0x030003DE,wall,,00000990.pro,-1,,0
572,,140336,0,1175,16288,88,81,0,50332637,0x030003DD,wall,,00000989.pro,-1,,0
573,,140424,0,1176,16289,89,81,0,50332640,0x030003E0,wall,,00000992.pro,-1,,0
574,,140512,0,1177,16290,90,81,0,50332679,0x03000407,wall,,00001031.pro,-1,,0
575,,140600,0,1178,16298,98,81,0,50332662,0x030003F6,wall,,00001014.pro,-1,,0
576,,140688,0,1179,16299,99,81,0,50332638,0x030003DE,wall,,00000990.pro,-1,,0
577,,140776,0,1180,16300,100,81,0,50332637,0x030003DD,wall,,00000989.pro,-1,,0
578,,140864,0,1181,16301,101,81,0,50332640,0x030003E0,wall,,00000992.pro,-1,,0
579,,140952,0,1182,16301,101,81,0,33555274,0x0200034A,scenery,generic,00000843.pro,-1,,0
580,,141040,0,1183,16302,102,81,0,50332639,0x030003DF,wall,,00000991.pro,-1,,0
581,,141128,0,1184,16302,102,81,0,33555271,0x02000347,scenery,generic,00000840.pro,-1,,0
582,,141216,0,1185,16303,103,81,0,50332640,0x030003E0,wall,,00000992.pro,-1,,0
583,,141304,0,1186,16303,103,81,0,33555270,0x02000346,scenery,generic,00000839.pro,-1,,0
584,,141392,0,1187,16304,104,81,0,50332661,0x030003F5,wall,,00001013.pro,-1,,0
585,,141480,0,1188,16304,104,81,0,33555269,0x02000345,scenery,generic,00000838.pro,-1,,0
586,,141568,0,1190,16305,105,81,0,50332644,0x030003E4,wall,,00000996.pro,-1,,0
587,,141656,0,1191,16306,106,81,0,50332676,0x03000404,wall,,00001028.pro,-1,,0
588,,141744,0,1192,16307,107,81,0,50332640,0x030003E0,wall,,00000992.pro,-1,,0
589,,141832,0,1193,16307,107,81,0,33555274,0x0200034A,scenery,generic,00000843.pro,-1,,0
590,,141920,0,1194,16308,108,81,0,50332661,0x030003F5,wall,,00001013.pro,-1,,0
591,,142008,0,1195,16308,108,81,0,33555078,0x02000286,scenery,generic,00000647.pro,50331652,Emiter1a.int,0
592,,142096,0,1196,16308,108,81,0,33555272,0x02000348,scenery,generic,00000841.pro,-1,,0
593,,142184,0,1197,16309,109,81,0,50332638,0x030003DE,wall,,00000990.pro,-1,,0
594,,142272,0,1198,16310,110,81,0,50332637,0x030003DD,wall,,00000989.pro,-1,,0
595,,142360,0,1199,16311,111,81,0,50332640,0x030003E0,wall,,00000992.pro,-1,,0
596,,142448,0,1200,16312,112,81,0,50332679,0x03000407,wall,,00001031.pro,-1,,0
597,,142536,0,1201,16315,115,81,0,33554499,0x02000043,scenery,generic,00000068.pro,-1,,0
598,,142624,0,1202,16315,115,81,0,204,0x000000CC,item,container,00000204.pro,-1,,0
599,,142712,0,1206,16334,134,81,0,16777285,0x01000045,critter,,00000069.pro,67108889,MrHandyB.int,1
599/inventory/0,1,142844,0,1207,-1,,,0,23,0x00000017,item,weapon,00000023.pro,-1,,0
600,,142940,0,1208,16335,135,81,0,83886092,0x0500000C,misc,,00000012.pro,-1,,0
601,,143028,0,1209,16336,136,81,0,83886092,0x0500000C,misc,,00000012.pro,-1,,0
602,,143116,0,1210,16336,136,81,0,50332658,0x030003F2,wall,,00001010.pro,-1,,0
603,,143204,0,1211,16336,136,81,0,33555266,0x02000342,scenery,generic,00000835.pro,-1,,0
604,,143292,0,1212,16337,137,81,0,50331880,0x030000E8,wall,,00000232.pro,-1,,0
605,,143380,0,1213,16436,36,82,0,83886092,0x0500000C,misc,,00000012.pro,-1,,0
606,,143468,0,1219,16458,58,82,0,50332652,0x030003EC,wall,,00001004.pro,-1,,0
607,,143556,0,1220,16458,58,82,0,33555276,0x0200034C,scenery,generic,00000845.pro,-1,,0
608,,143644,0,1222,16466,66,82,0,50332656,0x030003F0,wall,,00001008.pro,-1,,0
609,,143732,0,1223,16467,67,82,0,50331879,0x030000E7,wall,,00000231.pro,-1,,0
610,,143820,0,1224,16470,70,82,0,50332269,0x0300026D,wall,,00000621.pro,-1,,0
611,,143908,0,1225,16471,71,82,0,50332270,0x0300026E,wall,,00000622.pro,-1,,0
612,,143996,0,1226,16473,73,82,0,50332270,0x0300026E,wall,,00000622.pro,-1,,0
613,,144084,0,1227,16475,75,82,0,50332270,0x0300026E,wall,,00000622.pro,-1,,0
614,,144172,0,1228,16477,77,82,0,50332270,0x0300026E,wall,,00000622.pro,-1,,0
615,,144260,0,1229,16479,79,82,0,50332270,0x0300026E,wall,,00000622.pro,-1,,0
616,,144348,0,1230,16481,81,82,0,50332270,0x0300026E,wall,,00000622.pro,-1,,0
617,,144436,0,1231,16482,82,82,0,50332269,0x0300026D,wall,,00000621.pro,-1,,0
618,,144524,0,1232,16483,83,82,0,50332270,0x0300026E,wall,,00000622.pro,-1,,0
619,,144612,0,1234,16485,85,82,0,50332270,0x0300026E,wall,,00000622.pro,-1,,0
620,,144700,0,1235,16485,85,82,0,33555259,0x0200033B,scenery,generic,00000828.pro,50331694,Klaxon.int,0
621,,144788,0,1236,16487,87,82,0,50332270,0x0300026E,wall,,00000622.pro,-1,,0
622,,144876,0,1237,16489,89,82,0,50332270,0x0300026E,wall,,00000622.pro,-1,,0
623,,144964,0,1238,16499,99,82,0,50332270,0x0300026E,wall,,00000622.pro,-1,,0
624,,145052,0,1239,16501,101,82,0,50332270,0x0300026E,wall,,00000622.pro,-1,,0
625,,145140,0,1240,16501,101,82,0,33555259,0x0200033B,scenery,generic,00000828.pro,50331692,Klaxon.int,0
626,,145228,0,1241,16503,103,82,0,50332270,0x0300026E,wall,,00000622.pro,-1,,0
627,,145316,0,1243,16505,105,82,0,50332270,0x0300026E,wall,,00000622.pro,-1,,0
628,,145404,0,1244,16506,106,82,0,50332269,0x0300026D,wall,,00000621.pro,-1,,0
629,,145492,0,1245,16507,107,82,0,50332270,0x0300026E,wall,,00000622.pro,-1,,0
630,,145580,0,1246,16509,109,82,0,50332270,0x0300026E,wall,,00000622.pro,-1,,0
631,,145668,0,1247,16511,111,82,0,50332270,0x0300026E,wall,,00000622.pro,-1,,0
632,,145756,0,1251,16536,136,82,0,83886092,0x0500000C,misc,,00000012.pro,-1,,0
633,,145844,0,1252,16536,136,82,0,50332652,0x030003EC,wall,,00001004.pro,-1,,0
634,,145932,0,1253,16537,137,82,0,50331881,0x030000E9,wall,,00000233.pro,-1,,0
635,,146020,0,1255,16637,37,83,0,83886092,0x0500000C,misc,,00000012.pro,-1,,0
636,,146108,0,1263,16658,58,83,0,50332657,0x030003F1,wall,,00001009.pro,-1,,0
637,,146196,0,1264,16658,58,83,0,33555277,0x0200034D,scenery,generic,00000846.pro,-1,,0
638,,146284,0,1265,16666,66,83,0,50332658,0x030003F2,wall,,00001010.pro,-1,,0
639,,146372,0,1266,16667,67,83,0,50331880,0x030000E8,wall,,00000232.pro,-1,,0
640,,146460,0,1267,16670,70,83,0,50332657,0x030003F1,wall,,00001009.pro,-1,,0
641,,146548,0,1268,16670,70,83,0,33555275,0x0200034B,scenery,generic,00000844.pro,-1,,0
642,,146636,0,1269,16682,82,83,0,50332785,0x03000471,wall,,00001137.pro,50331735,Emiter2a.int,0
643,,146724,0,1272,16706,106,83,0,50332785,0x03000471,wall,,00001137.pro,50331650,Emiter1a.int,0
644,,146812,0,1277,16736,136,83,0,50332658,0x030003F2,wall,,00001010.pro,-1,,0
645,,146900,0,1278,16737,137,83,0,83886092,0x0500000C,misc,,00000012.pro,-1,,0
646,,146988,0,1279,16737,137,83,0,50331878,0x030000E6,wall,,00000230.pro,-1,,0
647,,147076,0,1283,16837,37,84,0,83886092,0x0500000C,misc,,00000012.pro,-1,,0
648,,147164,0,1285,16838,38,84,0,83886092,0x0500000C,misc,,00000012.pro,-1,,0
649,,147252,0,1287,16858,58,84,0,50332656,0x030003F0,wall,,00001008.pro,-1,,0
650,,147340,0,1288,16858,58,84,0,33555276,0x0200034C,scenery,generic,00000845.pro,-1,,0
651,,147428,0,1289,16866,66,84,0,50332656,0x030003F0,wall,,00001008.pro,-1,,0
652,,147516,0,1290,16867,67,84,0,50331881,0x030000E9,wall,,00000233.pro,-1,,0
653,,147604,0,1291,16870,70,84,0,50332656,0x030003F0,wall,,00001008.pro,-1,,0
654,,147692,0,1292,16870,70,84,0,33555277,0x0200034D,scenery,generic,00000846.pro,-1,,0
655,,147780,0,1293,16882,82,84,0,50332270,0x0300026E,wall,,00000622.pro,-1,,0
656,,147868,0,1296,16906,106,84,0,50332270,0x0300026E,wall,,00000622.pro,-1,,0
657,,147956,0,1300,16935,135,84,0,33555267,0x02000343,scenery,generic,00000836.pro,-1,,0
658,,148044,0,1301,16936,136,84,0,50332656,0x030003F0,wall,,00001008.pro,-1,,0
659,,148132,0,1302,16937,137,84,0,83886092,0x0500000C,misc,,00000012.pro,-1,,0
660,,148220,0,1303,16937,137,84,0,50331879,0x030000E7,wall,,00000231.pro,-1,,0
661,,148308,0,1304,16938,138,84,0,83886092,0x0500000C,misc,,00000012.pro,-1,,0
662,,148396,0,1309,17038,38,85,0,83886092,0x0500000C,misc,,00000012.pro,-1,,0
663,,148484,0,1312,17058,58,85,0,50332658,0x030003F2,wall,,00001010.pro,-1,,0
664,,148572,0,1313,17058,58,85,0,33555277,0x0200034D,scenery,generic,00000846.pro,-1,,0
665,,148660,0,1314,17066,66,85,0,50332658,0x030003F2,wall,,00001010.pro,-1,,0
666,,148748,0,1315,17067,67,85,0,50331878,0x030000E6,wall,,00000230.pro,-1,,0
667,,148836,0,1316,17070,70,85,0,50332658,0x030003F2,wall,,00001010.pro,-1,,0
668,,148924,0,1317,17070,70,85,0,33555276,0x0200034C,scenery,generic,00000845.pro,-1,,0
669,,149012,0,1320,17082,82,85,0,33554922,0x020001EA,scenery,generic,00000491.pro,50331734,Field2a.int,0
670,,149100,0,1338,17106,106,85,0,33554922,0x020001EA,scenery,generic,00000491.pro,50331648,Field1a.int,0
671,,149188,0,1364,17136,136,85,0,50332658,0x030003F2,wall,,00001010.pro,-1,,0
672,,149276,0,1365,17136,136,85,0,33555266,0x02000342,scenery,generic,00000835.pro,-1,,0
673,,149364,0,1366,17137,137,85,0,50331880,0x030000E8,wall,,00000232.pro,-1,,0
674,,149452,0,1367,17138,138,85,0,83886092,0x0500000C,misc,,00000012.pro,-1,,0
675,,149540,0,1372,17239,39,86,0,83886092,0x0500000C,misc,,00000012.pro,-1,,0
676,,149628,0,1374,17258,58,86,0,50332656,0x030003F0,wall,,00001008.pro,-1,,0
677,,149716,0,1375,17258,58,86,0,33555276,0x0200034C,scenery,generic,00000845.pro,-1,,0
678,,149804,0,1376,17266,66,86,0,50332656,0x030003F0,wall,,00001008.pro,-1,,0
679,,149892,0,1377,17267,67,86,0,50331879,0x030000E7,wall,,00000231.pro,-1,,0
680,,149980,0,1381,17270,70,86,0,50332656,0x030003F0,wall,,00001008.pro,-1,,0
681,,150068,0,1382,17270,70,86,0,33555277,0x0200034D,scenery,generic,00000846.pro,-1,,0
682,,150156,0,1384,17282,82,86,0,50332270,0x0300026E,wall,,00000622.pro,-1,,0
683,,150244,0,1395,17306,106,86,0,50332270,0x0300026E,wall,,00000622.pro,-1,,0
684,,150332,0,1411,17336,136,86,0,50332656,0x030003F0,wall,,00001008.pro,-1,,0
685,,150420,0,1412,17337,137,86,0,50331881,0x030000E9,wall,,00000233.pro,-1,,0
686,,150508,0,1413,17339,139,86,0,83886092,0x0500000C,misc,,00000012.pro,-1,,0
687,,150596,0,1415,17439,39,87,0,83886092,0x0500000C,misc,,00000012.pro,-1,,0
688,,150684,0,1416,17440,40,87,0,83886092,0x0500000C,misc,,00000012.pro,-1,,0
689,,150772,0,1419,17458,58,87,0,50332657,0x030003F1,wall,,00001009.pro,-1,,0
690,,150860,0,1420,17458,58,87,0,33555277,0x0200034D,scenery,generic,00000846.pro,-1,,0
691,,150948,0,1429,17466,66,87,0,50332658,0x030003F2,wall,,00001010.pro,-1,,0
692,,151036,0,1431,17467,67,87,0,50331880,0x030000E8,wall,,00000232.pro,-1,,0
693,,151124,0,1436,17470,70,87,0,50332657,0x030003F1,wall,,00001009.pro,-1,,0
694,,151212,0,1437,17470,70,87,0,33555276,0x0200034C,scenery,generic,00000845.pro,-1,,0
695,,151300,0,1450,17482,82,87,0,50332269,0x0300026D,wall,,00000621.pro,-1,,0
696,,151388,0,1461,17506,106,87,0,50332269,0x0300026D,wall,,00000621.pro,-1,,0
697,,151476,0,1474,17536,136,87,0,50332658,0x030003F2,wall,,00001010.pro,-1,,0
698,,151564,0,1475,17537,137,87,0,50331878,0x030000E6,wall,,00000230.pro,-1,,0
699,,151652,0,1476,17539,139,87,0,83886092,0x0500000C,misc,,00000012.pro,-1,,0
700,,151740,0,1477,17540,140,87,0,83886092,0x0500000C,misc,,00000012.pro,-1,,0
701,,151828,0,1480,17640,40,88,0,83886092,0x0500000C,misc,,00000012.pro,-1,,0
702,,151916,0,1482,17658,58,88,0,50332652,0x030003EC,wall,,00001004.pro,-1,,0
703,,152004,0,1483,17658,58,88,0,33555279,0x0200034F,scenery,generic,00000848.pro,-1,,0
704,,152092,0,1489,17666,66,88,0,50332656,0x030003F0,wall,,00001008.pro,-1,,0
705,,152180,0,1496,17667,67,88,0,50331881,0x030000E9,wall,,00000233.pro,-1,,0
706,,152268,0,1498,17670,70,88,0,50332656,0x030003F0,wall,,00001008.pro,-1,,0
707,,152356,0,1499,17670,70,88,0,33555277,0x0200034D,scenery,generic,00000846.pro,-1,,0
708,,152444,0,1507,17682,82,88,0,50332786,0x03000472,wall,,00001138.pro,-1,,0
709,,152532,0,1511,17706,106,88,0,50332786,0x03000472,wall,,00001138.pro,-1,,0
710,,152620,0,1516,17735,135,88,0,33555267,0x02000343,scenery,generic,00000836.pro,-1,,0
711,,152708,0,1518,17736,136,88,0,50332656,0x030003F0,wall,,00001008.pro,-1,,0
712,,152796,0,1519,17737,137,88,0,50331879,0x030000E7,wall,,00000231.pro,-1,,0
713,,152884,0,1520,17740,140,88,0,83886092,0x0500000C,misc,,00000012.pro,-1,,0
714,,152972,0,1522,17841,41,89,0,83886092,0x0500000C,misc,,00000012.pro,-1,,0
715,,153060,0,1524,17858,58,89,0,33555260,0x0200033C,scenery,generic,00000829.pro,50331697,Klaxon.int,0
716,,153148,0,1525,17858,58,89,0,50332660,0x030003F4,wall,,00001012.pro,-1,,0
717,,153236,0,1531,17866,66,89,0,50332658,0x030003F2,wall,,00001010.pro,-1,,0
718,,153324,0,1532,17867,67,89,0,50331878,0x030000E6,wall,,00000230.pro,-1,,0
719,,153412,0,1533,17870,70,89,0,33555260,0x0200033C,scenery,generic,00000829.pro,50331699,Klaxon.int,0
720,,153500,0,1534,17870,70,89,0,50332658,0x030003F2,wall,,00001010.pro,-1,,0
721,,153588,0,1535,17870,70,89,0,33555276,0x0200034C,scenery,generic,00000845.pro,-1,,0
722,,153676,0,1540,17878,78,89,0,50332664,0x030003F8,wall,,00001016.pro,-1,,0
723,,153764,0,1541,17879,79,89,0,50332644,0x030003E4,wall,,00000996.pro,-1,,0
724,,153852,0,1543,17880,80,89,0,50332661,0x030003F5,wall,,00001013.pro,-1,,0
725,,153940,0,1544,17881,81,89,0,50332640,0x030003E0,wall,,00000992.pro,-1,,0
726,,154028,0,1546,17882,82,89,0,50332678,0x03000406,wall,,00001030.pro,-1,,0
727,,154116,0,1547,17883,83,89,0,50332644,0x030003E4,wall,,00000996.pro,-1,,0
728,,154204,0,1548,17884,84,89,0,50332663,0x030003F7,wall,,00001015.pro,-1,,0
729,,154292,0,1553,17904,104,89,0,50332664,0x030003F8,wall,,00001016.pro,-1,,0
730,,154380,0,1554,17905,105,89,0,50332640,0x030003E0,wall,,00000992.pro,-1,,0
731,,154468,0,1555,17906,106,89,0,50332678,0x03000406,wall,,00001030.pro,-1,,0
732,,154556,0,1556,17907,107,89,0,50332644,0x030003E4,wall,,00000996.pro,-1,,0
733,,154644,0,1557,17908,108,89,0,50332661,0x030003F5,wall,,00001013.pro,-1,,0
734,,154732,0,1558,17909,109,89,0,50332644,0x030003E4,wall,,00000996.pro,-1,,0
735,,154820,0,1559,17910,110,89,0,50332661,0x030003F5,wall,,00001013.pro,-1,,0
736,,154908,0,1560,17911,111,89,0,50332644,0x030003E4,wall,,00000996.pro,-1,,0
737,,154996,0,1561,17912,112,89,0,50332661,0x030003F5,wall,,00001013.pro,-1,,0
738,,155084,0,1562,17913,113,89,0,50332644,0x030003E4,wall,,00000996.pro,-1,,0
739,,155172,0,1563,17914,114,89,0,50332661,0x030003F5,wall,,00001013.pro,-1,,0
740,,155260,0,1564,17915,115,89,0,50332644,0x030003E4,wall,,00000996.pro,-1,,0
741,,155348,0,1565,17916,116,89,0,50332661,0x030003F5,wall,,00001013.pro,-1,,0
742,,155436,0,1568,17917,117,89,0,50332644,0x030003E4,wall,,00000996.pro,-1,,0
743,,155524,0,1569,17918,118,89,0,50332661,0x030003F5,wall,,00001013.pro,-1,,0
744,,155612,0,1570,17919,119,89,0,50332644,0x030003E4,wall,,00000996.pro,-1,,0
745,,155700,0,1571,17920,120,89,0,50332661,0x030003F5,wall,,00001013.pro,-1,,0
746,,155788,0,1572,17921,121,89,0,50332644,0x030003E4,wall,,00000996.pro,-1,,0
747,,155876,0,1573,17922,122,89,0,50332661,0x030003F5,wall,,00001013.pro,-1,,0
748,,155964,0,1574,17923,123,89,0,50332644,0x030003E4,wall,,00000996.pro,-1,,0
749,,156052,0,1575,17924,124,89,0,50332663,0x030003F7,wall,,00001015.pro,-1,,0
750,,156140,0,1579,17936,136,89,0,50332658,0x030003F2,wall,,00001010.pro,-1,,0
751,,156228,0,1580,17936,136,89,0,33555266,0x02000342,scenery,generic,00000835.pro,-1,,0
752,,156316,0,1582,17937,137,89,0,50331880,0x030000E8,wall,,00000232.pro,-1,,0
753,,156404,0,1583,17941,141,89,0,83886092,0x0500000C,misc,,00000012.pro,-1,,0
754,,156492,0,1585,18041,41,90,0,83886092,0x0500000C,misc,,00000012.pro,-1,,0
755,,156580,0,1586,18042,42,90,0,83886092,0x0500000C,misc,,00000012.pro,-1,,0
756,,156668,0,1587,18058,58,90,0,50332659,0x030003F3,wall,,00001011.pro,-1,,0
757,,156756,0,1593,18066,66,90,0,50332656,0x030003F0,wall,,00001008.pro,-1,,0
758,,156844,0,1594,18067,67,90,0,50331879,0x030000E7,wall,,00000231.pro,-1,,0
759,,156932,0,1595,18070,70,90,0,50332656,0x030003F0,wall,,00001008.pro,-1,,0
760,,157020,0,1596,18070,70,90,0,33555277,0x0200034D,scenery,generic,00000846.pro,-1,,0
761,,157108,0,1599,18078,78,90,0,50332269,0x0300026D,wall,,00000621.pro,-1,,0
762,,157196,0,1600,18079,79,90,0,50331877,0x030000E5,wall,,00000229.pro,-1,,0
763,,157284,0,1601,18080,80,90,0,50331876,0x030000E4,wall,,00000228.pro,-1,,0
764,,157372,0,1602,18081,81,90,0,50331875,0x030000E3,wall,,00000227.pro,-1,,0
765,,157460,0,1603,18082,82,90,0,50331874,0x030000E2,wall,,00000226.pro,-1,,0
766,,157548,0,1604,18083,83,90,0,50331875,0x030000E3,wall,,00000227.pro,-1,,0
767,,157636,0,1605,18084,84,90,0,50332269,0x0300026D,wall,,00000621.pro,-1,,0
768,,157724,0,1610,18104,104,90,0,50332269,0x0300026D,wall,,00000621.pro,-1,,0
769,,157812,0,1611,18106,106,90,0,50331873,0x030000E1,wall,,00000225.pro,-1,,0
770,,157900,0,1612,18108,108,90,0,50331877,0x030000E5,wall,,00000229.pro,-1,,0
771,,157988,0,1613,18110,110,90,0,50331875,0x030000E3,wall,,00000227.pro,-1,,0
772,,158076,0,1614,18112,112,90,0,50331873,0x030000E1,wall,,00000225.pro,-1,,0
773,,158164,0,1615,18114,114,90,0,50331877,0x030000E5,wall,,00000229.pro,-1,,0
774,,158252,0,1616,18116,116,90,0,50331875,0x030000E3,wall,,00000227.pro,-1,,0
775,,158340,0,1619,18118,118,90,0,50331873,0x030000E1,wall,,00000225.pro,-1,,0
776,,158428,0,1620,18120,120,90,0,50331875,0x030000E3,wall,,00000227.pro,-1,,0
777,,158516,0,1621,18122,122,90,0,50331873,0x030000E1,wall,,00000225.pro,-1,,0
778,,158604,0,1622,18124,124,90,0,50332269,0x0300026D,wall,,00000621.pro,-1,,0
779,,158692,0,1625,18136,136,90,0,50332656,0x030003F0,wall,,00001008.pro,-1,,0
780,,158780,0,1627,18137,137,90,0,50331881,0x030000E9,wall,,00000233.pro,-1,,0
781,,158868,0,1628,18141,141,90,0,83886092,0x0500000C,misc,,00000012.pro,-1,,0
782,,158956,0,1629,18142,142,90,0,83886092,0x0500000C,misc,,00000012.pro,-1,,0
783,,159044,0,1632,18242,42,91,0,83886092,0x0500000C,misc,,00000012.pro,-1,,0
784,,159132,0,1633,18258,58,91,0,50332653,0x030003ED,wall,,00001005.pro,-1,,0
785,,159220,0,1638,18266,66,91,0,50332658,0x030003F2,wall,,00001010.pro,-1,,0
786,,159308,0,1639,18267,67,91,0,50331880,0x030000E8,wall,,00000232.pro,-1,,0
787,,159396,0,1640,18270,70,91,0,50332657,0x030003F1,wall,,00001009.pro,-1,,0
788,,159484,0,1641,18270,70,91,0,33555276,0x0200034C,scenery,generic,00000845.pro,-1,,0
789,,159572,0,1644,18278,78,91,0,50332658,0x030003F2,wall,,00001010.pro,-1,,0
790,,159660,0,1645,18279,79,91,0,50332270,0x0300026E,wall,,00000622.pro,-1,,0
791,,159748,0,1646,18284,84,91,0,50332658,0x030003F2,wall,,00001010.pro,-1,,0
792,,159836,0,1647,18284,84,91,0,33555275,0x0200034B,scenery,generic,00000844.pro,-1,,0
793,,159924,0,1650,18292,92,91,0,50332664,0x030003F8,wall,,00001016.pro,-1,,0
794,,160012,0,1651,18293,93,91,0,50332644,0x030003E4,wall,,00000996.pro,-1,,0
795,,160100,0,1652,18294,94,91,0,50332661,0x030003F5,wall,,00001013.pro,-1,,0
796,,160188,0,1653,18295,95,91,0,50332644,0x030003E4,wall,,00000996.pro,-1,,0
797,,160276,0,1654,18296,96,91,0,50332663,0x030003F7,wall,,00001015.pro,-1,,0
798,,160364,0,1657,18304,104,91,0,50332658,0x030003F2,wall,,00001010.pro,-1,,0
799,,160452,0,1658,18305,105,91,0,50332300,0x0300028C,wall,,00000652.pro,-1,,0
800,,160540,0,1659,18307,107,91,0,50331876,0x030000E4,wall,,00000228.pro,-1,,0
801,,160628,0,1660,18309,109,91,0,50331874,0x030000E2,wall,,00000226.pro,-1,,0
802,,160716,0,1661,18311,111,91,0,50331872,0x030000E0,wall,,00000224.pro,-1,,0
803,,160804,0,1662,18313,113,91,0,50331876,0x030000E4,wall,,00000228.pro,-1,,0
804,,160892,0,1663,18315,115,91,0,50331874,0x030000E2,wall,,00000226.pro,-1,,0
805,,160980,0,1667,18317,117,91,0,50331872,0x030000E0,wall,,00000224.pro,-1,,0
806,,161068,0,1668,18319,119,91,0,50331876,0x030000E4,wall,,00000228.pro,-1,,0
807,,161156,0,1669,18321,121,91,0,50331874,0x030000E2,wall,,00000226.pro,-1,,0
808,,161244,0,1670,18323,123,91,0,50331872,0x030000E0,wall,,00000224.pro,-1,,0
809,,161332,0,1671,18324,124,91,0,50332657,0x030003F1,wall,,00001009.pro,-1,,0
810,,161420,0,1672,18324,124,91,0,33555275,0x0200034B,scenery,generic,00000844.pro,-1,,0
811,,161508,0,1675,18336,136,91,0,50332658,0x030003F2,wall,,00001010.pro,-1,,0
812,,161596,0,1676,18337,137,91,0,50331878,0x030000E6,wall,,00000230.pro,-1,,0
813,,161684,0,1678,18342,142,91,0,83886092,0x0500000C,misc,,00000012.pro,-1,,0
814,,161772,0,1680,18443,43,92,0,83886092,0x0500000C,misc,,00000012.pro,-1,,0
815,,161860,0,1681,18458,58,92,0,50332659,0x030003F3,wall,,00001011.pro,-1,,0
816,,161948,0,1691,18466,66,92,0,50332656,0x030003F0,wall,,00001008.pro,-1,,0
817,,162036,0,1692,18467,67,92,0,50331884,0x030000EC,wall,,00000236.pro,-1,,0
818,,162124,0,1693,18470,70,92,0,50332656,0x030003F0,wall,,00001008.pro,-1,,0
819,,162212,0,1694,18470,70,92,0,33555279,0x0200034F,scenery,generic,00000848.pro,-1,,0
820,,162300,0,1697,18478,78,92,0,50332656,0x030003F0,wall,,00001008.pro,-1,,0
821,,162388,0,1698,18479,79,92,0,50331884,0x030000EC,wall,,00000236.pro,-1,,0
822,,162476,0,1699,18484,84,92,0,50332652,0x030003EC,wall,,00001004.pro,-1,,0
823,,162564,0,1700,18484,84,92,0,33555277,0x0200034D,scenery,generic,00000846.pro,-1,,0
824,,162652,0,1703,18492,92,92,0,50332269,0x0300026D,wall,,00000621.pro,-1,,0
825,,162740,0,1704,18494,94,92,0,50331877,0x030000E5,wall,,00000229.pro,-1,,0
826,,162828,0,1705,18496,96,92,0,50332269,0x0300026D,wall,,00000621.pro,-1,,0
827,,162916,0,1708,18504,104,92,0,50332656,0x030003F0,wall,,00001008.pro,-1,,0
828,,163004,0,1709,18505,105,92,0,50332270,0x0300026E,wall,,00000622.pro,-1,,0
829,,163092,0,1712,18524,124,92,0,50332656,0x030003F0,wall,,00001008.pro,-1,,0
830,,163180,0,1713,18524,124,92,0,33555277,0x0200034D,scenery,generic,00000846.pro,-1,,0
831,,163268,0,1716,18536,136,92,0,50332656,0x030003F0,wall,,00001008.pro,-1,,0
832,,163356,0,1717,18537,137,92,0,50331879,0x030000E7,wall,,00000231.pro,-1,,0
833,,163444,0,1720,18543,143,92,0,83886092,0x0500000C,misc,,00000012.pro,-1,,0
834,,163532,0,1722,18643,43,93,0,83886092,0x0500000C,misc,,00000012.pro,-1,,0
835,,163620,0,1723,18644,44,93,0,83886092,0x0500000C,misc,,00000012.pro,-1,,0
836,,163708,0,1724,18656,56,93,0,50332664,0x030003F8,wall,,00001016.pro,-1,,0
837,,163796,0,1725,18657,57,93,0,50332640,0x030003E0,wall,,00000992.pro,-1,,0
838,,163884,0,1726,18658,58,93,0,50332679,0x03000407,wall,,00001031.pro,-1,,0
839,,163972,0,1729,18666,66,93,0,50332662,0x030003F6,wall,,00001014.pro,-1,,0
840,,164060,0,1730,18667,67,93,0,50332638,0x030003DE,wall,,00000990.pro,-1,,0
841,,164148,0,1731,18668,68,93,0,50332637,0x030003DD,wall,,00000989.pro,-1,,0
842,,164236,0,1732,18669,69,93,0,50332640,0x030003E0,wall,,00000992.pro,-1,,0
843,,164324,0,1733,18670,70,93,0,50332679,0x03000407,wall,,00001031.pro,-1,,0
844,,164412,0,1736,18678,78,93,0,50332662,0x030003F6,wall,,00001014.pro,-1,,0
845,,164500,0,1737,18679,79,93,0,50332644,0x030003E4,wall,,00000996.pro,-1,,0
846,,164588,0,1738,18680,80,93,0,50332663,0x030003F7,wall,,00001015.pro,-1,,0
847,,164676,0,1739,18681,81,93,0,50332270,0x0300026E,wall,,00000622.pro,-1,,0
848,,164764,0,1740,18684,84,93,0,50332657,0x030003F1,wall,,00001009.pro,-1,,0
849,,164852,0,1741,18684,84,93,0,33555276,0x0200034C,scenery,generic,00000845.pro,-1,,0
850,,164940,0,1745,18692,92,93,0,50332658,0x030003F2,wall,,00001010.pro,-1,,0
851,,165028,0,1746,18693,93,93,0,50332300,0x0300028C,wall,,00000652.pro,-1,,0
852,,165116,0,1747,18695,95,93,0,50331876,0x030000E4,wall,,00000228.pro,-1,,0
853,,165204,0,1748,18696,96,93,0,50332658,0x030003F2,wall,,00001010.pro,-1,,0
854,,165292,0,1749,18696,96,93,0,33555275,0x0200034B,scenery,generic,00000844.pro,-1,,0
855,,165380,0,1752,18704,104,93,0,50332658,0x030003F2,wall,,00001010.pro,-1,,0
856,,165468,0,1753,18705,105,93,0,50331878,0x030000E6,wall,,00000230.pro,-1,,0
857,,165556,0,1754,18714,114,93,0,50332664,0x030003F8,wall,,00001016.pro,-1,,0
858,,165644,0,1755,18715,115,93,0,50332640,0x030003E0,wall,,00000992.pro,-1,,0
859,,165732,0,1756,18716,116,93,0,50332661,0x030003F5,wall,,00001013.pro,-1,,0
860,,165820,0,1759,18717,117,93,0,50332640,0x030003E0,wall,,00000992.pro,-1,,0
861,,165908,0,1760,18718,118,93,0,50332639,0x030003DF,wall,,00000991.pro,-1,,0
862,,165996,0,1761,18719,119,93,0,50332640,0x030003E0,wall,,00000992.pro,-1,,0
863,,166084,0,1762,18720,120,93,0,50332661,0x030003F5,wall,,00001013.pro,-1,,0
864,,166172,0,1763,18721,121,93,0,50332640,0x030003E0,wall,,00000992.pro,-1,,0
865,,166260,0,1764,18722,122,93,0,50332639,0x030003DF,wall,,00000991.pro,-1,,0
866,,166348,0,1765,18723,123,93,0,50332640,0x030003E0,wall,,00000992.pro,-1,,0
867,,166436,0,1766,18724,124,93,0,50332675,0x03000403,wall,,00001027.pro,-1,,0
868,,166524,0,1767,18724,124,93,0,33555276,0x0200034C,scenery,generic,00000845.pro,-1,,0
869,,166612,0,1770,18736,136,93,0,50332658,0x030003F2,wall,,00001010.pro,-1,,0
870,,166700,0,1771,18737,137,93,0,50331880,0x030000E8,wall,,00000232.pro,-1,,0
871,,166788,0,1773,18743,143,93,0,83886092,0x0500000C,misc,,00000012.pro,-1,,0
872,,166876,0,1774,18744,144,93,0,83886092,0x0500000C,misc,,00000012.pro,-1,,0
873,,166964,0,1777,18844,44,94,0,83886092,0x0500000C,misc,,00000012.pro,-1,,0
874,,167052,0,1778,18856,56,94,0,50332269,0x0300026D,wall,,00000621.pro,-1,,0
875,,167140,0,1779,18857,57,94,0,50332270,0x0300026E,wall,,00000622.pro,-1,,0
876,,167228,0,1783,18867,67,94,0,50332270,0x0300026E,wall,,00000622.pro,-1,,0
877,,167316,0,1784,18869,69,94,0,50332270,0x0300026E,wall,,00000622.pro,-1,,0
878,,167404,0,1787,18879,79,94,0,50332270,0x0300026E,wall,,00000622.pro,-1,,0
879,,167492,0,1788,18880,80,94,0,50332269,0x0300026D,wall,,00000621.pro,-1,,0
880,,167580,0,1789,18881,81,94,0,50332270,0x0300026E,wall,,00000622.pro,-1,,0
881,,167668,0,1790,18884,84,94,0,50332656,0x030003F0,wall,,00001008.pro,-1,,0
882,,167756,0,1791,18884,84,94,0,33555277,0x0200034D,scenery,generic,00000846.pro,-1,,0
883,,167844,0,1794,18892,92,94,0,50332656,0x030003F0,wall,,00001008.pro,-1,,0
884,,167932,0,1795,18893,93,94,0,50332270,0x0300026E,wall,,00000622.pro,-1,,0
885,,168020,0,1796,18896,96,94,0,50332656,0x030003F0,wall,,00001008.pro,-1,,0
886,,168108,0,1797,18896,96,94,0,33555277,0x0200034D,scenery,generic,00000846.pro,-1,,0
887,,168196,0,1800,18904,104,94,0,50332656,0x030003F0,wall,,00001008.pro,-1,,0
888,,168284,0,1801,18905,105,94,0,50331879,0x030000E7,wall,,00000231.pro,-1,,0
889,,168372,0,1802,18914,114,94,0,50332269,0x0300026D,wall,,00000621.pro,-1,,0
890,,168460,0,1803,18915,115,94,0,50332270,0x0300026E,wall,,00000622.pro,-1,,0
891,,168548,0,1804,18915,115,94,0,33555259,0x0200033B,scenery,generic,00000828.pro,50331708,Klaxon.int,0
892,,168636,0,1807,18917,117,94,0,50332270,0x0300026E,wall,,00000622.pro,-1,,0
893,,168724,0,1808,18918,118,94,0,33554499,0x02000043,scenery,generic,00000068.pro,-1,,0
894,,168812,0,1809,18919,119,94,0,50332270,0x0300026E,wall,,00000622.pro,-1,,0
895,,168900,0,1810,18919,119,94,0,33554445,0x0200000D,scenery,generic,00000013.pro,-1,,0
896,,168988,0,1811,18920,120,94,0,33554499,0x02000043,scenery,generic,00000068.pro,-1,,0
897,,169076,0,1812,18921,121,94,0,50332270,0x0300026E,wall,,00000622.pro,-1,,0
898,,169164,0,1813,18922,122,94,0,33554499,0x02000043,scenery,generic,00000068.pro,-1,,0
899,,169252,0,1814,18923,123,94,0,50332270,0x0300026E,wall,,00000622.pro,-1,,0
900,,169340,0,1815,18924,124,94,0,50332269,0x0300026D,wall,,00000621.pro,-1,,0
901,,169428,0,1816,18924,124,94,0,33555279,0x0200034F,scenery,generic,00000848.pro,-1,,0
902,,169516,0,1819,18936,136,94,0,50332656,0x030003F0,wall,,00001008.pro,-1,,0
903,,169604,0,1820,18937,137,94,0,50331881,0x030000E9,wall,,00000233.pro,-1,,0
904,,169692,0,1822,18944,144,94,0,83886092,0x0500000C,misc,,00000012.pro,-1,,0
905,,169780,0,1824,19045,45,95,0,83886092,0x0500000C,misc,,00000012.pro,-1,,0
906,,169868,0,1825,19056,56,95,0,50332657,0x030003F1,wall,,00001009.pro,-1,,0
907,,169956,0,1826,19056,56,95,0,33555275,0x0200034B,scenery,generic,00000844.pro,-1,,0
908,,170044,0,1830,19080,80,95,0,50332658,0x030003F2,wall,,00001010.pro,-1,,0
909,,170132,0,1831,19081,81,95,0,50331879,0x030000E7,wall,,00000231.pro,-1,,0
910,,170220,0,1832,19084,84,95,0,33555260,0x0200033C,scenery,generic,00000829.pro,50331700,Klaxon.int,0
911,,170308,0,1833,19084,84,95,0,50332658,0x030003F2,wall,,00001010.pro,-1,,0
912,,170396,0,1834,19084,84,95,0,33555276,0x0200034C,scenery,generic,00000845.pro,-1,,0
913,,170484,0,1836,19092,92,95,0,50332658,0x030003F2,wall,,00001010.pro,-1,,0
914,,170572,0,1837,19093,93,95,0,50331878,0x030000E6,wall,,00000230.pro,-1,,0
915,,170660,0,1838,19096,96,95,0,50332657,0x030003F1,wall,,00001009.pro,-1,,0
916,,170748,0,1839,19096,96,95,0,33555276,0x0200034C,scenery,generic,00000845.pro,-1,,0
917,,170836,0,1842,19104,104,95,0,50332658,0x030003F2,wall,,00001010.pro,-1,,0
918,,170924,0,1843,19105,105,95,0,50331880,0x030000E8,wall,,00000232.pro,-1,,0
919,,171012,0,1844,19114,114,95,0,50332658,0x030003F2,wall,,00001010.pro,-1,,0
920,,171100,0,1845,19116,116,95,0,33554499,0x02000043,scenery,generic,00000068.pro,-1,,0
921,,171188,0,1848,19117,117,95,0,33554443,0x0200000B,scenery,generic,00000011.pro,50331667,RobCtrl.int,0
922,,171276,0,1849,19117,117,95,0,33554475,0x0200002B,scenery,generic,00000044.pro,-1,,0
923,,171364,0,1850,19117,117,95,0,33554477,0x0200002D,scenery,generic,00000046.pro,-1,,0
924,,171452,0,1851,19121,121,95,0,33554443,0x0200000B,scenery,generic,00000011.pro,50331676,MachIV.int,0
925,,171540,0,1852,19124,124,95,0,33555260,0x0200033C,scenery,generic,00000829.pro,50331707,Klaxon.int,0
926,,171628,0,1853,19124,124,95,0,50332785,0x03000471,wall,,00001137.pro,50331659,Emiter3a.int,0
927,,171716,0,1856,19136,136,95,0,50332658,0x030003F2,wall,,00001010.pro,-1,,0
928,,171804,0,1857,19137,137,95,0,50331878,0x030000E6,wall,,00000230.pro,-1,,0
929,,171892,0,1860,19145,145,95,0,83886092,0x0500000C,misc,,00000012.pro,-1,,0
930,,171980,0,1862,19245,45,96,0,83886092,0x0500000C,misc,,00000012.pro,-1,,0
931,,172068,0,1863,19246,46,96,0,83886092,0x0500000C,misc,,00000012.pro,-1,,0
932,,172156,0,1864,19256,56,96,0,50332656,0x030003F0,wall,,00001008.pro,-1,,0
933,,172244,0,1865,19256,56,96,0,33555277,0x0200034D,scenery,generic,00000846.pro,-1,,0
934,,172332,0,1871,19280,80,96,0,50332656,0x030003F0,wall,,00001008.pro,-1,,0
935,,172420,0,1872,19281,81,96,0,50331884,0x030000EC,wall,,00000236.pro,-1,,0
936,,172508,0,1873,19284,84,96,0,50332652,0x030003EC,wall,,00001004.pro,-1,,0
937,,172596,0,1874,19284,84,96,0,33555279,0x0200034F,scenery,generic,00000848.pro,-1,,0
938,,172684,0,1876,19292,92,96,0,50332656,0x030003F0,wall,,00001008.pro,-1,,0
939,,172772,0,1877,19293,93,96,0,50331884,0x030000EC,wall,,00000236.pro,-1,,0
940,,172860,0,1878,19296,96,96,0,50332656,0x030003F0,wall,,00001008.pro,-1,,0
941,,172948,0,1879,19296,96,96,0,33555279,0x0200034F,scenery,generic,00000848.pro,-1,,0
942,,173036,0,1882,19304,104,96,0,50332656,0x030003F0,wall,,00001008.pro,-1,,0
943,,173124,0,1883,19305,105,96,0,50331884,0x030000EC,wall,,00000236.pro,-1,,0
944,,173212,0,1884,19314,114,96,0,50332656,0x030003F0,wall,,00001008.pro,-1,,0
945,,173300,0,1885,19316,116,96,0,33554444,0x0200000C,scenery,generic,00000012.pro,50331677,MachIV.int,0
946,,173388,0,1888,19324,124,96,0,50332270,0x0300026E,wall,,00000622.pro,-1,,0
947,,173476,0,1891,19336,136,96,0,50332656,0x030003F0,wall,,00001008.pro,-1,,0
948,,173564,0,1892,19337,137,96,0,50331879,0x030000E7,wall,,00000231.pro,-1,,0
949,,173652,0,1894,19345,145,96,0,83886092,0x0500000C,misc,,00000012.pro,-1,,0
950,,173740,0,1895,19346,146,96,0,83886092,0x0500000C,misc,,00000012.pro,-1,,0
951,,173828,0,1898,19446,46,97,0,83886092,0x0500000C,misc,,00000012.pro,-1,,0
952,,173916,0,1899,19456,56,97,0,50332658,0x030003F2,wall,,00001010.pro,-1,,0
953,,174004,0,1900,19456,56,97,0,33555277,0x0200034D,scenery,generic,00000846.pro,-1,,0
954,,174092,0,1915,19480,80,97,0,50332677,0x03000405,wall,,00001029.pro,-1,,0
955,,174180,0,1917,19481,81,97,0,50332640,0x030003E0,wall,,00000992.pro,-1,,0
956,,174268,0,1918,19481,81,97,0,33555274,0x0200034A,scenery,generic,00000843.pro,-1,,0
957,,174356,0,1920,19482,82,97,0,50332639,0x030003DF,wall,,00000991.pro,-1,,0
958,,174444,0,1921,19482,82,97,0,33555272,0x02000348,scenery,generic,00000841.pro,-1,,0
959,,174532,0,1923,19483,83,97,0,50332640,0x030003E0,wall,,00000992.pro,-1,,0
960,,174620,0,1926,19484,84,97,0,50332679,0x03000407,wall,,00001031.pro,-1,,0
961,,174708,0,1933,19492,92,97,0,50332662,0x030003F6,wall,,00001014.pro,-1,,0
962,,174796,0,1934,19493,93,97,0,50332640,0x030003E0,wall,,00000992.pro,-1,,0
963,,174884,0,1935,19493,93,97,0,33555274,0x0200034A,scenery,generic,00000843.pro,-1,,0
964,,174972,0,1936,19494,94,97,0,50332639,0x030003DF,wall,,00000991.pro,-1,,0
965,,175060,0,1937,19494,94,97,0,33555272,0x02000348,scenery,generic,00000841.pro,-1,,0
966,,175148,0,1938,19495,95,97,0,50332640,0x030003E0,wall,,00000992.pro,-1,,0
967,,175236,0,1939,19496,96,97,0,50332679,0x03000407,wall,,00001031.pro,-1,,0
968,,175324,0,1950,19504,104,97,0,50332662,0x030003F6,wall,,00001014.pro,-1,,0
969,,175412,0,1952,19505,105,97,0,50332640,0x030003E0,wall,,00000992.pro,-1,,0
970,,175500,0,1953,19505,105,97,0,33555274,0x0200034A,scenery,generic,00000843.pro,-1,,0
971,,175588,0,1955,19506,106,97,0,50332639,0x030003DF,wall,,00000991.pro,-1,,0
972,,175676,0,1956,19506,106,97,0,33555272,0x02000348,scenery,generic,00000841.pro,-1,,0
973,,175764,0,1957,19507,107,97,0,50332644,0x030003E4,wall,,00000996.pro,-1,,0
974,,175852,0,1958,19508,108,97,0,50332676,0x03000404,wall,,00001028.pro,-1,,0
975,,175940,0,1959,19509,109,97,0,50332640,0x030003E0,wall,,00000992.pro,-1,,0
976,,176028,0,1960,19509,109,97,0,33555274,0x0200034A,scenery,generic,00000843.pro,-1,,0
977,,176116,0,1961,19510,110,97,0,50332639,0x030003DF,wall,,00000991.pro,-1,,0
978,,176204,0,1962,19510,110,97,0,33555271,0x02000347,scenery,generic,00000840.pro,-1,,0
979,,176292,0,1963,19511,111,97,0,50332640,0x030003E0,wall,,00000992.pro,-1,,0
980,,176380,0,1964,19511,111,97,0,33555270,0x02000346,scenery,generic,00000839.pro,-1,,0
981,,176468,0,1965,19512,112,97,0,50332661,0x030003F5,wall,,00001013.pro,-1,,0
982,,176556,0,1966,19512,112,97,0,33555272,0x02000348,scenery,generic,00000841.pro,-1,,0
983,,176644,0,1967,19513,113,97,0,50332640,0x030003E0,wall,,00000992.pro,-1,,0
984,,176732,0,1968,19514,114,97,0,50332679,0x03000407,wall,,00001031.pro,-1,,0
985,,176820,0,1969,19515,115,97,0,33554499,0x02000043,scenery,generic,00000068.pro,-1,,0
986,,176908,0,1981,19524,124,97,0,33554922,0x020001EA,scenery,generic,00000491.pro,50331657,Field3a.int,0
987,,176996,0,1984,19536,136,97,0,50332658,0x030003F2,wall,,00001010.pro,-1,,0
988,,177084,0,1985,19537,137,97,0,50331880,0x030000E8,wall,,00000232.pro,-1,,0
989,,177172,0,1987,19546,146,97,0,83886092,0x0500000C,misc,,00000012.pro,-1,,0
990,,177260,0,1989,19647,47,98,0,83886092,0x0500000C,misc,,00000012.pro,-1,,0
991,,177348,0,1990,19656,56,98,0,50332656,0x030003F0,wall,,00001008.pro,-1,,0
992,,177436,0,1991,19656,56,98,0,33555277,0x0200034D,scenery,generic,00000846.pro,-1,,0
993,,177524,0,2000,19680,80,98,0,50332269,0x0300026D,wall,,00000621.pro,-1,,0
994,,177612,0,2002,19681,81,98,0,50332270,0x0300026E,wall,,00000622.pro,-1,,0
995,,177700,0,2003,19681,81,98,0,50331706,0x0300003A,wall,,00000110.pro,-1,,0
996,,177788,0,2006,19683,83,98,0,50332270,0x0300026E,wall,,00000622.pro,-1,,0
997,,177876,0,2011,19693,93,98,0,50332270,0x0300026E,wall,,00000622.pro,-1,,0
998,,177964,0,2012,19693,93,98,0,33555259,0x0200033B,scenery,generic,00000828.pro,50331701,Klaxon.int,0
999,,178052,0,2013,19695,95,98,0,50332270,0x0300026E,wall,,00000622.pro,-1,,0
1000,,178140,0,2022,19705,105,98,0,50332270,0x0300026E,wall,,00000622.pro,-1,,0
1001,,178228,0,2024,19707,107,98,0,50332270,0x0300026E,wall,,00000622.pro,-1,,0
1002,,178316,0,2025,19708,108,98,0,50332269,0x0300026D,wall,,00000621.pro,-1,,0
1003,,178404,0,2026,19709,109,98,0,50332270,0x0300026E,wall,,00000622.pro,-1,,0
1004,,178492,0,2027,19711,111,98,0,50332270,0x0300026E,wall,,00000622.pro,-1,,0
1005,,178580,0,2028,19713,113,98,0,50332270,0x0300026E,wall,,00000622.pro,-1,,0
1006,,178668,0,2033,19724,124,98,0,50332270,0x0300026E,wall,,00000622.pro,-1,,0
1007,,178756,0,2036,19736,136,98,0,50332656,0x030003F0,wall,,00001008.pro,-1,,0
1008,,178844,0,2037,19737,137,98,0,50331881,0x030000E9,wall,,00000233.pro,-1,,0
1009,,178932,0,2040,19747,147,98,0,83886092,0x0500000C,misc,,00000012.pro,-1,,0
1010,,179020,0,2042,19847,47,99,0,83886092,0x0500000C,misc,,00000012.pro,-1,,0
1011,,179108,0,2043,19848,48,99,0,83886092,0x0500000C,misc,,00000012.pro,-1,,0
1012,,179196,0,2044,19856,56,99,0,33555260,0x0200033C,scenery,generic,00000829.pro,50331698,Klaxon.int,0
1013,,179284,0,2045,19856,56,99,0,50332657,0x030003F1,wall,,00001009.pro,-1,,0
1014,,179372,0,2046,19856,56,99,0,33555279,0x0200034F,scenery,generic,00000848.pro,-1,,0
1015,,179460,0,2054,19880,80,99,0,50332657,0x030003F1,wall,,00001009.pro,-1,,0
1016,,179548,0,2055,19880,80,99,0,33555275,0x0200034B,scenery,generic,00000844.pro,-1,,0
1017,,179636,0,2064,19905,105,99,0,50331720,0x03000048,wall,,00000145.pro,-1,,0
1018,,179724,0,2066,19908,108,99,0,50332785,0x03000471,wall,,00001137.pro,50331733,Emiter4a.int,0
1019,,179812,0,2069,19924,124,99,0,50332269,0x0300026D,wall,,00000621.pro,-1,,0
1020,,179900,0,2072,19936,136,99,0,50332658,0x030003F2,wall,,00001010.pro,-1,,0
1021,,179988,0,2073,19937,137,99,0,50331878,0x030000E6,wall,,00000230.pro,-1,,0
1022,,180076,0,2075,19947,147,99,0,83886092,0x0500000C,misc,,00000012.pro,-1,,0
1023,,180164,0,2076,19948,148,99,0,83886092,0x0500000C,misc,,00000012.pro,-1,,0
1024,,180252,0,2079,20048,48,100,0,83886092,0x0500000C,misc,,00000012.pro,-1,,0
1025,,180340,0,2080,20056,56,100,0,50332656,0x030003F0,wall,,00001008.pro,-1,,0
1026,,180428,0,2081,20080,80,100,0,50332656,0x030003F0,wall,,00001008.pro,-1,,0
1027,,180516,0,2082,20080,80,100,0,33555277,0x0200034D,scenery,generic,00000846.pro,-1,,0
1028,,180604,0,2085,20081,81,100,0,50331727,0x0300004F,wall,,00000152.pro,-1,,0
1029,,180692,0,2090,20108,108,100,0,50332270,0x0300026E,wall,,00000622.pro,-1,,0
1030,,180780,0,2093,20124,124,100,0,50332786,0x03000472,wall,,00001138.pro,-1,,0
1031,,180868,0,2096,20136,136,100,0,50332656,0x030003F0,wall,,00001008.pro,-1,,0
1032,,180956,0,2097,20137,137,100,0,50331879,0x030000E7,wall,,00000231.pro,-1,,0
1033,,181044,0,2099,20148,148,100,0,83886092,0x0500000C,misc,,00000012.pro,-1,,0
1034,,181132,0,2101,20249,49,101,0,83886092,0x0500000C,misc,,00000012.pro,-1,,0
1035,,181220,0,2102,20256,56,101,0,50332662,0x030003F6,wall,,00001014.pro,-1,,0
1036,,181308,0,2103,20257,57,101,0,50332644,0x030003E4,wall,,00000996.pro,-1,,0
1037,,181396,0,2104,20258,58,101,0,50332661,0x030003F5,wall,,00001013.pro,-1,,0
1038,,181484,0,2105,20259,59,101,0,50332644,0x030003E4,wall,,00000996.pro,-1,,0
1039,,181572,0,2106,20260,60,101,0,50332661,0x030003F5,wall,,00001013.pro,-1,,0
1040,,181660,0,2107,20261,61,101,0,50332644,0x030003E4,wall,,00000996.pro,-1,,0
1041,,181748,0,2108,20262,62,101,0,50332661,0x030003F5,wall,,00001013.pro,-1,,0
1042,,181836,0,2109,20263,63,101,0,50332644,0x030003E4,wall,,00000996.pro,-1,,0
1043,,181924,0,2110,20264,64,101,0,50332663,0x030003F7,wall,,00001015.pro,-1,,0
1044,,182012,0,2111,20272,72,101,0,50332664,0x030003F8,wall,,00001016.pro,-1,,0
1045,,182100,0,2112,20273,73,101,0,50332644,0x030003E4,wall,,00000996.pro,-1,,0
1046,,182188,0,2113,20274,74,101,0,50332661,0x030003F5,wall,,00001013.pro,-1,,0
1047,,182276,0,2114,20275,75,101,0,50332644,0x030003E4,wall,,00000996.pro,-1,,0
1048,,182364,0,2115,20276,76,101,0,50332661,0x030003F5,wall,,00001013.pro,-1,,0
1049,,182452,0,2116,20277,77,101,0,50332644,0x030003E4,wall,,00000996.pro,-1,,0
1050,,182540,0,2117,20278,78,101,0,50332661,0x030003F5,wall,,00001013.pro,-1,,0
1051,,182628,0,2118,20279,79,101,0,50332644,0x030003E4,wall,,00000996.pro,-1,,0
1052,,182716,0,2119,20280,80,101,0,50332675,0x03000403,wall,,00001027.pro,-1,,0
1053,,182804,0,2120,20280,80,101,0,33555277,0x0200034D,scenery,generic,00000846.pro,-1,,0
1054,,182892,0,2123,20281,81,101,0,50331728,0x03000050,wall,,00000153.pro,-1,,0
1055,,182980,0,2127,20308,108,101,0,33554922,0x020001EA,scenery,generic,00000491.pro,50331678,Field4a.int,0
1056,,183068,0,2135,20324,124,101,0,50332658,0x030003F2,wall,,00001010.pro,-1,,0
1057,,183156,0,2136,20324,124,101,0,33555275,0x0200034B,scenery,generic,00000844.pro,-1,,0
1058,,183244,0,2143,20336,136,101,0,50332658,0x030003F2,wall,,00001010.pro,-1,,0
1059,,183332,0,2144,20337,137,101,0,50331880,0x030000E8,wall,,00000232.pro,-1,,0
1060,,183420,0,2147,20349,149,101,0,83886092,0x0500000C,misc,,00000012.pro,-1,,0
1061,,183508,0,2149,20449,49,102,0,83886092,0x0500000C,misc,,00000012.pro,-1,,0
1062,,183596,0,2150,20450,50,102,0,83886092,0x0500000C,misc,,00000012.pro,-1,,0
1063,,183684,0,2151,20456,56,102,0,50332270,0x0300026E,wall,,00000622.pro,-1,,0
1064,,183772,0,2152,20458,58,102,0,50331877,0x030000E5,wall,,00000229.pro,-1,,0
1065,,183860,0,2153,20460,60,102,0,50331875,0x030000E3,wall,,00000227.pro,-1,,0
1066,,183948,0,2154,20462,62,102,0,50331873,0x030000E1,wall,,00000225.pro,-1,,0
1067,,184036,0,2155,20464,64,102,0,50332269,0x0300026D,wall,,00000621.pro,-1,,0
1068,,184124,0,2156,20472,72,102,0,50332269,0x0300026D,wall,,00000621.pro,-1,,0
1069,,184212,0,2157,20474,74,102,0,50331877,0x030000E5,wall,,00000229.pro,-1,,0
1070,,184300,0,2158,20476,76,102,0,50331875,0x030000E3,wall,,00000227.pro,-1,,0
1071,,184388,0,2159,20478,78,102,0,50331873,0x030000E1,wall,,00000225.pro,-1,,0
1072,,184476,0,2160,20480,80,102,0,50332269,0x0300026D,wall,,00000621.pro,-1,,0
1073,,184564,0,2161,20480,80,102,0,33555277,0x0200034D,scenery,generic,00000846.pro,-1,,0
1074,,184652,0,2164,20481,81,102,0,50331728,0x03000050,wall,,00000153.pro,-1,,0
1075,,184740,0,2171,20508,108,102,0,50332270,0x0300026E,wall,,00000622.pro,-1,,0
1076,,184828,0,2175,20524,124,102,0,50332656,0x030003F0,wall,,00001008.pro,-1,,0
1077,,184916,0,2176,20524,124,102,0,33555276,0x0200034C,scenery,generic,00000845.pro,-1,,0
1078,,185004,0,2181,20536,136,102,0,50332656,0x030003F0,wall,,00001008.pro,-1,,0
1079,,185092,0,2182,20537,137,102,0,50331881,0x030000E9,wall,,00000233.pro,-1,,0
1080,,185180,0,2184,20549,149,102,0,83886092,0x0500000C,misc,,00000012.pro,-1,,0
1081,,185268,0,2185,20550,150,102,0,83886092,0x0500000C,misc,,00000012.pro,-1,,0
1082,,185356,0,2188,20650,50,103,0,83886092,0x0500000C,misc,,00000012.pro,-1,,0
1083,,185444,0,2189,20657,57,103,0,50331872,0x030000E0,wall,,00000224.pro,-1,,0
1084,,185532,0,2190,20659,59,103,0,50331874,0x030000E2,wall,,00000226.pro,-1,,0
1085,,185620,0,2191,20661,61,103,0,50331876,0x030000E4,wall,,00000228.pro,-1,,0
1086,,185708,0,2192,20663,63,103,0,50331872,0x030000E0,wall,,00000224.pro,-1,,0
1087,,185796,0,2193,20664,64,103,0,50332657,0x030003F1,wall,,00001009.pro,-1,,0
1088,,185884,0,2194,20664,64,103,0,33555275,0x0200034B,scenery,generic,00000844.pro,-1,,0
1089,,185972,0,2195,20672,72,103,0,50332658,0x030003F2,wall,,00001010.pro,-1,,0
1090,,186060,0,2196,20673,73,103,0,50332300,0x0300028C,wall,,00000652.pro,-1,,0
1091,,186148,0,2197,20675,75,103,0,50331876,0x030000E4,wall,,00000228.pro,-1,,0
1092,,186236,0,2198,20677,77,103,0,50331874,0x030000E2,wall,,00000226.pro,-1,,0
1093,,186324,0,2199,20679,79,103,0,50331872,0x030000E0,wall,,00000224.pro,-1,,0
1094,,186412,0,2200,20680,80,103,0,50332657,0x030003F1,wall,,00001009.pro,-1,,0
1095,,186500,0,2201,20680,80,103,0,33555277,0x0200034D,scenery,generic,00000846.pro,-1,,0
1096,,186588,0,2204,20681,81,103,0,50331728,0x03000050,wall,,00000153.pro,-1,,0
1097,,186676,0,2215,20708,108,103,0,50332269,0x0300026D,wall,,00000621.pro,-1,,0
1098,,186764,0,2218,20724,124,103,0,50332657,0x030003F1,wall,,00001009.pro,-1,,0
1099,,186852,0,2219,20724,124,103,0,33555277,0x0200034D,scenery,generic,00000846.pro,-1,,0
1100,,186940,0,2222,20736,136,103,0,50332658,0x030003F2,wall,,00001010.pro,-1,,0
1101,,187028,0,2223,20737,137,103,0,50331878,0x030000E6,wall,,00000230.pro,-1,,0
1102,,187116,0,2225,20750,150,103,0,83886092,0x0500000C,misc,,00000012.pro,-1,,0
1103,,187204,0,2227,20851,51,104,0,83886092,0x0500000C,misc,,00000012.pro,-1,,0
1104,,187292,0,2228,20864,64,104,0,50332656,0x030003F0,wall,,00001008.pro,-1,,0
1105,,187380,0,2229,20864,64,104,0,33555279,0x0200034F,scenery,generic,00000848.pro,-1,,0
1106,,187468,0,2230,20872,72,104,0,50332656,0x030003F0,wall,,00001008.pro,-1,,0
1107,,187556,0,2231,20873,73,104,0,50332270,0x0300026E,wall,,00000622.pro,-1,,0
1108,,187644,0,2232,20880,80,104,0,50332656,0x030003F0,wall,,00001008.pro,-1,,0
1109,,187732,0,2233,20880,80,104,0,33555279,0x0200034F,scenery,generic,00000848.pro,-1,,0
1110,,187820,0,2236,20881,81,104,0,50331728,0x03000050,wall,,00000153.pro,-1,,0
1111,,187908,0,2241,20908,108,104,0,50332786,0x03000472,wall,,00001138.pro,-1,,0
1112,,187996,0,2247,20924,124,104,0,50332656,0x030003F0,wall,,00001008.pro,-1,,0
1113,,188084,0,2248,20924,124,104,0,33555276,0x0200034C,scenery,generic,00000845.pro,-1,,0
1114,,188172,0,2251,20936,136,104,0,50332656,0x030003F0,wall,,00001008.pro,-1,,0
1115,,188260,0,2252,20937,137,104,0,50331879,0x030000E7,wall,,00000231.pro,-1,,0
1116,,188348,0,2255,20951,151,104,0,83886092,0x0500000C,misc,,00000012.pro,-1,,0
1117,,188436,0,2257,21051,51,105,0,83886092,0x0500000C,misc,,00000012.pro,-1,,0
1118,,188524,0,2258,21052,52,105,0,83886092,0x0500000C,misc,,00000012.pro,-1,,0
1119,,188612,0,2259,21064,64,105,0,50332677,0x03000405,wall,,00001029.pro,-1,,0
1120,,188700,0,2260,21065,65,105,0,50332640,0x030003E0,wall,,00000992.pro,-1,,0
1121,,188788,0,2246,21066,66,105,0,50332784,0x03000470,wall,,00001136.pro,50331671,GenEmit.int,0
1122,,188876,0,2262,21067,67,105,0,50332270,0x0300026E,wall,,00000622.pro,-1,,0
1123,,188964,0,2263,21068,68,105,0,33554923,0x020001EB,scenery,generic,00000492.pro,-1,,0
1124,,189052,0,2264,21069,69,105,0,50332270,0x0300026E,wall,,00000622.pro,-1,,0
1125,,189140,0,2265,21070,70,105,0,50332783,0x0300046F,wall,,00001135.pro,-1,,0
1126,,189228,0,2266,21071,71,105,0,50332644,0x030003E4,wall,,00000996.pro,-1,,0
1127,,189316,0,2267,21072,72,105,0,50332675,0x03000403,wall,,00001027.pro,-1,,0
1128,,189404,0,2268,21073,73,105,0,50331878,0x030000E6,wall,,00000230.pro,-1,,0
1129,,189492,0,2269,21080,80,105,0,50332662,0x030003F6,wall,,00001014.pro,-1,,0
1130,,189580,0,2272,21081,81,105,0,50331728,0x03000050,wall,,00000153.pro,-1,,0
1131,,189668,0,2273,21081,81,105,0,50332640,0x030003E0,wall,,00000992.pro,-1,,0
1132,,189756,0,2274,21082,82,105,0,50332661,0x030003F5,wall,,00001013.pro,-1,,0
1133,,189844,0,2276,21083,83,105,0,50332644,0x030003E4,wall,,00000996.pro,-1,,0
1134,,189932,0,2277,21084,84,105,0,50332663,0x030003F7,wall,,00001015.pro,-1,,0
1135,,190020,0,2281,21092,92,105,0,50332664,0x030003F8,wall,,00001016.pro,-1,,0
1136,,190108,0,2282,21093,93,105,0,50332644,0x030003E4,wall,,00000996.pro,-1,,0
1137,,190196,0,2283,21094,94,105,0,50332661,0x030003F5,wall,,00001013.pro,-1,,0
1138,,190284,0,2284,21095,95,105,0,50332644,0x030003E4,wall,,00000996.pro,-1,,0
1139,,190372,0,2285,21096,96,105,0,50332663,0x030003F7,wall,,00001015.pro,-1,,0
1140,,190460,0,2289,21104,104,105,0,50332664,0x030003F8,wall,,00001016.pro,-1,,0
1141,,190548,0,2291,21105,105,105,0,50332640,0x030003E0,wall,,00000992.pro,-1,,0
1142,,190636,0,2293,21106,106,105,0,50332661,0x030003F5,wall,,00001013.pro,-1,,0
1143,,190724,0,2294,21107,107,105,0,50332640,0x030003E0,wall,,00000992.pro,-1,,0
1144,,190812,0,2295,21108,108,105,0,50332678,0x03000406,wall,,00001030.pro,-1,,0
1145,,190900,0,2296,21109,109,105,0,50332644,0x030003E4,wall,,00000996.pro,-1,,0
1146,,190988,0,2297,21110,110,105,0,50332661,0x030003F5,wall,,00001013.pro,-1,,0
1147,,191076,0,2298,21111,111,105,0,50332644,0x030003E4,wall,,00000996.pro,-1,,0
1148,,191164,0,2299,21112,112,105,0,50332661,0x030003F5,wall,,00001013.pro,-1,,0
1149,,191252,0,2302,21113,113,105,0,50332644,0x030003E4,wall,,00000996.pro,-1,,0
1150,,191340,0,2303,21114,114,105,0,50332661,0x030003F5,wall,,00001013.pro,-1,,0
1151,,191428,0,2304,21115,115,105,0,50332644,0x030003E4,wall,,00000996.pro,-1,,0
1152,,191516,0,2305,21116,116,105,0,50332661,0x030003F5,wall,,00001013.pro,-1,,0
1153,,191604,0,2306,21117,117,105,0,50332644,0x030003E4,wall,,00000996.pro,-1,,0
1154,,191692,0,2307,21118,118,105,0,50332661,0x030003F5,wall,,00001013.pro,-1,,0
1155,,191780,0,2308,21119,119,105,0,50332644,0x030003E4,wall,,00000996.pro,-1,,0
1156,,191868,0,2309,21120,120,105,0,50332661,0x030003F5,wall,,00001013.pro,-1,,0
1157,,191956,0,2310,21121,121,105,0,50332644,0x030003E4,wall,,00000996.pro,-1,,0
1158,,192044,0,2311,21122,122,105,0,50332661,0x030003F5,wall,,00001013.pro,-1,,0
1159,,192132,0,2312,21123,123,105,0,50332644,0x030003E4,wall,,00000996.pro,-1,,0
1160,,192220,0,2313,21124,124,105,0,50332675,0x03000403,wall,,00001027.pro,-1,,0
1161,,192308,0,2314,21124,124,105,0,33555277,0x0200034D,scenery,generic,00000846.pro,-1,,0
1162,,192396,0,2317,21132,132,105,0,50332664,0x030003F8,wall,,00001016.pro,-1,,0
1163,,192484,0,2318,21133,133,105,0,50332640,0x030003E0,wall,,00000992.pro,-1,,0
1164,,192572,0,2319,21134,134,105,0,50332661,0x030003F5,wall,,00001013.pro,-1,,0
1165,,192660,0,2320,21135,135,105,0,50332640,0x030003E0,wall,,00000992.pro,-1,,0
1166,,192748,0,2321,21136,136,105,0,50332679,0x03000407,wall,,00001031.pro,-1,,0
1167,,192836,0,2322,21137,137,105,0,50331880,0x030000E8,wall,,00000232.pro,-1,,0
1168,,192924,0,2324,21151,151,105,0,83886092,0x0500000C,misc,,00000012.pro,-1,,0
1169,,193012,0,2325,21152,152,105,0,83886092,0x0500000C,misc,,00000012.pro,-1,,0
1170,,193100,0,2328,21252,52,106,0,83886092,0x0500000C,misc,,00000012.pro,-1,,0
1171,,193188,0,2329,21264,64,106,0,50332269,0x0300026D,wall,,00000621.pro,-1,,0
1172,,193276,0,2330,21265,65,106,0,50332270,0x0300026E,wall,,00000622.pro,-1,,0
1173,,193364,0,2331,21267,67,106,0,50332270,0x0300026E,wall,,00000622.pro,-1,,0
1174,,193452,0,2332,21271,71,106,0,50332270,0x0300026E,wall,,00000622.pro,-1,,0
1175,,193540,0,2333,21272,72,106,0,50332270,0x0300026E,wall,,00000622.pro,-1,,0
1176,,193628,0,2334,21273,73,106,0,50331879,0x030000E7,wall,,00000231.pro,-1,,0
1177,,193716,0,2335,21280,80,106,0,50332270,0x0300026E,wall,,00000622.pro,-1,,0
1178,,193804,0,2339,21282,82,106,0,50331873,0x030000E1,wall,,00000225.pro,-1,,0
1179,,193892,0,2341,21284,84,106,0,50332269,0x0300026D,wall,,00000621.pro,-1,,0
1180,,193980,0,2345,21292,92,106,0,50332269,0x0300026D,wall,,00000621.pro,-1,,0
1181,,194068,0,2346,21294,94,106,0,50331875,0x030000E3,wall,,00000227.pro,-1,,0
1182,,194156,0,2347,21296,96,106,0,50332269,0x0300026D,wall,,00000621.pro,-1,,0
1183,,194244,0,2351,21304,104,106,0,50332269,0x0300026D,wall,,00000621.pro,-1,,0
1184,,194332,0,2354,21306,106,106,0,50331877,0x030000E5,wall,,00000229.pro,-1,,0
1185,,194420,0,2355,21308,108,106,0,50331877,0x030000E5,wall,,00000229.pro,-1,,0
1186,,194508,0,2356,21310,110,106,0,50331873,0x030000E1,wall,,00000225.pro,-1,,0
1187,,194596,0,2357,21312,112,106,0,50331875,0x030000E3,wall,,00000227.pro,-1,,0
1188,,194684,0,2361,21314,114,106,0,50331877,0x030000E5,wall,,00000229.pro,-1,,0
1189,,194772,0,2362,21316,116,106,0,50331873,0x030000E1,wall,,00000225.pro,-1,,0
1190,,194860,0,2363,21318,118,106,0,50331875,0x030000E3,wall,,00000227.pro,-1,,0
1191,,194948,0,2364,21320,120,106,0,50331877,0x030000E5,wall,,00000229.pro,-1,,0
1192,,195036,0,2365,21322,122,106,0,50331873,0x030000E1,wall,,00000225.pro,-1,,0
1193,,195124,0,2366,21324,124,106,0,50332269,0x0300026D,wall,,00000621.pro,-1,,0
1194,,195212,0,2367,21324,124,106,0,33555276,0x0200034C,scenery,generic,00000845.pro,-1,,0
1195,,195300,0,2370,21332,132,106,0,50332269,0x0300026D,wall,,00000621.pro,-1,,0
1196,,195388,0,2371,21334,134,106,0,50331875,0x030000E3,wall,,00000227.pro,-1,,0
1197,,195476,0,2372,21336,136,106,0,50331877,0x030000E5,wall,,00000229.pro,-1,,0
1198,,195564,0,2373,21337,137,106,0,50331881,0x030000E9,wall,,00000233.pro,-1,,0
1199,,195652,0,2375,21352,152,106,0,83886092,0x0500000C,misc,,00000012.pro,-1,,0
1200,,195740,0,2377,21453,53,107,0,83886092,0x0500000C,misc,,00000012.pro,-1,,0
1201,,195828,0,2378,21464,64,107,0,50332657,0x030003F1,wall,,00001009.pro,-1,,0
1202,,195916,0,2379,21464,64,107,0,33555275,0x0200034B,scenery,generic,00000844.pro,-1,,0
1203,,196004,0,2380,21472,72,107,0,50332658,0x030003F2,wall,,00001010.pro,-1,,0
1204,,196092,0,2381,21473,73,107,0,50331880,0x030000E8,wall,,00000232.pro,-1,,0
1205,,196180,0,2385,21481,81,107,0,50331872,0x030000E0,wall,,00000224.pro,-1,,0
1206,,196268,0,2387,21483,83,107,0,50331876,0x030000E4,wall,,00000228.pro,-1,,0
1207,,196356,0,2388,21484,84,107,0,50332658,0x030003F2,wall,,00001010.pro,-1,,0
1208,,196444,0,2389,21484,84,107,0,33555275,0x0200034B,scenery,generic,00000844.pro,-1,,0
1209,,196532,0,2401,21492,92,107,0,50332658,0x030003F2,wall,,00001010.pro,-1,,0
1210,,196620,0,2402,21493,93,107,0,50332300,0x0300028C,wall,,00000652.pro,-1,,0
1211,,196708,0,2403,21495,95,107,0,50331874,0x030000E2,wall,,00000226.pro,-1,,0
1212,,196796,0,2404,21496,96,107,0,50332657,0x030003F1,wall,,00001009.pro,-1,,0
1213,,196884,0,2405,21496,96,107,0,33555275,0x0200034B,scenery,generic,00000844.pro,-1,,0
1214,,196972,0,2417,21504,104,107,0,50332658,0x030003F2,wall,,00001010.pro,-1,,0
1215,,197060,0,2419,21505,105,107,0,50332300,0x0300028C,wall,,00000652.pro,-1,,0
1216,,197148,0,2421,21507,107,107,0,50331872,0x030000E0,wall,,00000224.pro,-1,,0
1217,,197236,0,2422,21509,109,107,0,50331876,0x030000E4,wall,,00000228.pro,-1,,0
1218,,197324,0,2423,21511,111,107,0,50331874,0x030000E2,wall,,00000226.pro,-1,,0
1219,,197412,0,2427,21513,113,107,0,50331872,0x030000E0,wall,,00000224.pro,-1,,0
1220,,197500,0,2428,21515,115,107,0,50331876,0x030000E4,wall,,00000228.pro,-1,,0
1221,,197588,0,2429,21517,117,107,0,50331874,0x030000E2,wall,,00000226.pro,-1,,0
1222,,197676,0,2430,21519,119,107,0,50331872,0x030000E0,wall,,00000224.pro,-1,,0
1223,,197764,0,2431,21521,121,107,0,50331876,0x030000E4,wall,,00000228.pro,-1,,0
1224,,197852,0,2432,21523,123,107,0,50331874,0x030000E2,wall,,00000226.pro,-1,,0
1225,,197940,0,2433,21524,124,107,0,33555260,0x0200033C,scenery,generic,00000829.pro,50331706,Klaxon.int,0
1226,,198028,0,2434,21524,124,107,0,50332657,0x030003F1,wall,,00001009.pro,-1,,0
1227,,198116,0,2435,21524,124,107,0,33555277,0x0200034D,scenery,generic,00000846.pro,-1,,0
1228,,198204,0,2438,21532,132,107,0,50332658,0x030003F2,wall,,00001010.pro,-1,,0
1229,,198292,0,2439,21533,133,107,0,50332300,0x0300028C,wall,,00000652.pro,-1,,0
1230,,198380,0,2440,21535,135,107,0,50331872,0x030000E0,wall,,00000224.pro,-1,,0
1231,,198468,0,2441,21537,137,107,0,50332301,0x0300028D,wall,,00000653.pro,-1,,0
1232,,198556,0,2444,21553,153,107,0,83886092,0x0500000C,misc,,00000012.pro,-1,,0
1233,,198644,0,2446,21653,53,108,0,83886092,0x0500000C,misc,,00000012.pro,-1,,0
1234,,198732,0,2447,21654,54,108,0,83886092,0x0500000C,misc,,00000012.pro,-1,,0
1235,,198820,0,2448,21664,64,108,0,50332656,0x030003F0,wall,,00001008.pro,-1,,0
1236,,198908,0,2449,21664,64,108,0,33555277,0x0200034D,scenery,generic,00000846.pro,-1,,0
1237,,198996,0,2450,21672,72,108,0,50332656,0x030003F0,wall,,00001008.pro,-1,,0
1238,,199084,0,2451,21673,73,108,0,50331884,0x030000EC,wall,,00000236.pro,-1,,0
1239,,199172,0,2455,21684,84,108,0,50332656,0x030003F0,wall,,00001008.pro,-1,,0
1240,,199260,0,2456,21684,84,108,0,33555277,0x0200034D,scenery,generic,00000846.pro,-1,,0
1241,,199348,0,2461,21692,92,108,0,50332656,0x030003F0,wall,,00001008.pro,-1,,0
1242,,199436,0,2462,21693,93,108,0,50332270,0x0300026E,wall,,00000622.pro,-1,,0
1243,,199524,0,2464,21696,96,108,0,50332656,0x030003F0,wall,,00001008.pro,-1,,0
1244,,199612,0,2465,21696,96,108,0,33555277,0x0200034D,scenery,generic,00000846.pro,-1,,0
1245,,199700,0,2469,21704,104,108,0,50332656,0x030003F0,wall,,00001008.pro,-1,,0
1246,,199788,0,2471,21705,105,108,0,50332270,0x0300026E,wall,,00000622.pro,-1,,0
1247,,199876,0,2478,21724,124,108,0,50332656,0x030003F0,wall,,00001008.pro,-1,,0
1248,,199964,0,2479,21724,124,108,0,33555279,0x0200034F,scenery,generic,00000848.pro,-1,,0
1249,,200052,0,2482,21732,132,108,0,50332656,0x030003F0,wall,,00001008.pro,-1,,0
1250,,200140,0,2483,21733,133,108,0,50332270,0x0300026E,wall,,00000622.pro,-1,,0
1251,,200228,0,2485,21753,153,108,0,83886092,0x0500000C,misc,,00000012.pro,-1,,0
1252,,200316,0,2486,21754,154,108,0,83886092,0x0500000C,misc,,00000012.pro,-1,,0
1253,,200404,0,2489,21854,54,109,0,83886092,0x0500000C,misc,,00000012.pro,-1,,0
1254,,200492,0,2490,21860,60,109,0,50332664,0x030003F8,wall,,00001016.pro,-1,,0
1255,,200580,0,2491,21861,61,109,0,50332640,0x030003E0,wall,,00000992.pro,-1,,0
1256,,200668,0,2492,21861,61,109,0,33555274,0x0200034A,scenery,generic,00000843.pro,-1,,0
1257,,200756,0,2493,21862,62,109,0,50332661,0x030003F5,wall,,00001013.pro,-1,,0
1258,,200844,0,2494,21862,62,109,0,33555272,0x02000348,scenery,generic,00000841.pro,-1,,0
1259,,200932,0,2495,21863,63,109,0,50332640,0x030003E0,wall,,00000992.pro,-1,,0
1260,,201020,0,2496,21864,64,109,0,50332679,0x03000407,wall,,00001031.pro,-1,,0
1261,,201108,0,2499,21872,72,109,0,50332662,0x030003F6,wall,,00001014.pro,-1,,0
1262,,201196,0,2501,21873,73,109,0,50332644,0x030003E4,wall,,00000996.pro,-1,,0
1263,,201284,0,2503,21874,74,109,0,50332643,0x030003E3,wall,,00000995.pro,-1,,0
1264,,201372,0,2505,21875,75,109,0,50332644,0x030003E4,wall,,00000996.pro,-1,,0
1265,,201460,0,2507,21876,76,109,0,50332663,0x030003F7,wall,,00001015.pro,-1,,0
1266,,201548,0,2509,21877,77,109,0,50332270,0x0300026E,wall,,00000622.pro,-1,,0
1267,,201636,0,2519,21884,84,109,0,50332657,0x030003F1,wall,,00001009.pro,-1,,0
1268,,201724,0,2520,21884,84,109,0,33555276,0x0200034C,scenery,generic,00000845.pro,-1,,0
1269,,201812,0,2529,21892,92,109,0,50332658,0x030003F2,wall,,00001010.pro,-1,,0
1270,,201900,0,2530,21893,93,109,0,50331881,0x030000E9,wall,,00000233.pro,-1,,0
1271,,201988,0,2532,21896,96,109,0,50332658,0x030003F2,wall,,00001010.pro,-1,,0
1272,,202076,0,2533,21896,96,109,0,33555276,0x0200034C,scenery,generic,00000845.pro,-1,,0
1273,,202164,0,2538,21904,104,109,0,50332658,0x030003F2,wall,,00001010.pro,-1,,0
1274,,202252,0,2540,21905,105,109,0,50331878,0x030000E6,wall,,00000230.pro,-1,,0
1275,,202340,0,2544,21924,124,109,0,50332677,0x03000405,wall,,00001029.pro,-1,,0
1276,,202428,0,2545,21925,125,109,0,50332666,0x030003FA,wall,,00001018.pro,-1,,0
1277,,202516,0,2546,21926,126,109,0,33554450,0x02000012,scenery,door,00000018.pro,50331669,MetlDoor.int,0
1278,,202608,0,2547,21927,127,109,0,50332270,0x0300026E,wall,,00000622.pro,-1,,0
1279,,202696,0,2548,21927,127,109,0,50332668,0x030003FC,wall,,00001020.pro,-1,,0
1280,,202784,0,2549,21928,128,109,0,50332665,0x030003F9,wall,,00001017.pro,-1,,0
1281,,202872,0,2551,21929,129,109,0,50332640,0x030003E0,wall,,00000992.pro,-1,,0
1282,,202960,0,2553,21930,130,109,0,50332661,0x030003F5,wall,,00001013.pro,-1,,0
1283,,203048,0,2554,21931,131,109,0,50332644,0x030003E4,wall,,00000996.pro,-1,,0
1284,,203136,0,2555,21932,132,109,0,50332675,0x03000403,wall,,00001027.pro,-1,,0
1285,,203224,0,2556,21933,133,109,0,50331878,0x030000E6,wall,,00000230.pro,-1,,0
1286,,203312,0,2558,21954,154,109,0,83886092,0x0500000C,misc,,00000012.pro,-1,,0
1287,,203400,0,2560,22055,55,110,0,83886092,0x0500000C,misc,,00000012.pro,-1,,0
1288,,203488,0,2561,22060,60,110,0,50332269,0x0300026D,wall,,00000621.pro,-1,,0
1289,,203576,0,2562,22061,61,110,0,50332270,0x0300026E,wall,,00000622.pro,-1,,0
1290,,203664,0,2563,22061,61,110,0,33555259,0x0200033B,scenery,generic,00000828.pro,50331709,Klaxon.int,0
1291,,203752,0,2564,22062,62,110,0,33554499,0x02000043,scenery,generic,00000068.pro,-1,,0
1292,,203840,0,2565,22063,63,110,0,50332270,0x0300026E,wall,,00000622.pro,-1,,0
1293,,203928,0,2569,22073,73,110,0,50332270,0x0300026E,wall,,00000622.pro,-1,,0
1294,,204016,0,2572,22075,75,110,0,50332270,0x0300026E,wall,,00000622.pro,-1,,0
1295,,204104,0,2575,22076,76,110,0,50332269,0x0300026D,wall,,00000621.pro,-1,,0
1296,,204192,0,2576,22077,77,110,0,50332270,0x0300026E,wall,,00000622.pro,-1,,0
1297,,204280,0,2583,22084,84,110,0,50332656,0x030003F0,wall,,00001008.pro,-1,,0
1298,,204368,0,2584,22084,84,110,0,33555277,0x0200034D,scenery,generic,00000846.pro,-1,,0
1299,,204456,0,2585,22092,92,110,0,50332656,0x030003F0,wall,,00001008.pro,-1,,0
1300,,204544,0,2586,22093,93,110,0,50331879,0x030000E7,wall,,00000231.pro,-1,,0
1301,,204632,0,2587,22096,96,110,0,50332656,0x030003F0,wall,,00001008.pro,-1,,0
1302,,204720,0,2588,22096,96,110,0,33555277,0x0200034D,scenery,generic,00000846.pro,-1,,0
1303,,204808,0,2589,22104,104,110,0,50332656,0x030003F0,wall,,00001008.pro,-1,,0
1304,,204896,0,2591,22105,105,110,0,50331879,0x030000E7,wall,,00000231.pro,-1,,0
1305,,204984,0,2596,22124,124,110,0,50332269,0x0300026D,wall,,00000621.pro,-1,,0
1306,,205072,0,2597,22125,125,110,0,50332270,0x0300026E,wall,,00000622.pro,-1,,0
1307,,205160,0,2599,22129,129,110,0,50332270,0x0300026E,wall,,00000622.pro,-1,,0
1308,,205248,0,2601,22131,131,110,0,50332270,0x0300026E,wall,,00000622.pro,-1,,0
1309,,205336,0,2602,22132,132,110,0,50332269,0x0300026D,wall,,00000621.pro,-1,,0
1310,,205424,0,2603,22133,133,110,0,50331879,0x030000E7,wall,,00000231.pro,-1,,0
1311,,205512,0,2606,22155,155,110,0,83886092,0x0500000C,misc,,00000012.pro,-1,,0
1312,,205600,0,2608,22255,55,111,0,83886092,0x0500000C,misc,,00000012.pro,-1,,0
1313,,205688,0,2609,22256,56,111,0,83886092,0x0500000C,misc,,00000012.pro,-1,,0
1314,,205776,0,2610,22260,60,111,0,50332655,0x030003EF,wall,,00001007.pro,-1,,0
1315,,205864,0,2611,22262,62,111,0,33554444,0x0200000C,scenery,generic,00000012.pro,50331661,Command.int,0
1316,,205952,0,2616,22276,76,111,0,50332658,0x030003F2,wall,,00001010.pro,-1,,0
1317,,206040,0,2617,22277,77,111,0,50331878,0x030000E6,wall,,00000230.pro,-1,,0
1318,,206128,0,2621,22284,84,111,0,33555260,0x0200033C,scenery,generic,00000829.pro,50331702,Klaxon.int,0
1319,,206216,0,2622,22284,84,111,0,50332658,0x030003F2,wall,,00001010.pro,-1,,0
1320,,206304,0,2623,22284,84,111,0,33555276,0x0200034C,scenery,generic,00000845.pro,-1,,0
1321,,206392,0,2624,22292,92,111,0,50332658,0x030003F2,wall,,00001010.pro,-1,,0
1322,,206480,0,2625,22293,93,111,0,50331880,0x030000E8,wall,,00000232.pro,-1,,0
1323,,206568,0,2626,22296,96,111,0,50332657,0x030003F1,wall,,00001009.pro,-1,,0
1324,,206656,0,2627,22296,96,111,0,33555276,0x0200034C,scenery,generic,00000845.pro,-1,,0
1325,,206744,0,2628,22304,104,111,0,50332658,0x030003F2,wall,,00001010.pro,-1,,0
1326,,206832,0,2630,22305,105,111,0,50331880,0x030000E8,wall,,00000232.pro,-1,,0
1327,,206920,0,2634,22324,124,111,0,50332657,0x030003F1,wall,,00001009.pro,-1,,0
1328,,207008,0,2635,22324,124,111,0,33555275,0x0200034B,scenery,generic,00000844.pro,-1,,0
1329,,207096,0,2636,22326,126,111,2,16777225,0x01000009,critter,,00000009.pro,67108875,VTeam3.int,1
1329/inventory/0,1,207228,0,2637,0,0,0,0,12,0x0000000C,item,weapon,00000006.pro,-1,,0
1330,,207324,0,2640,22332,132,111,0,50332658,0x030003F2,wall,,00001010.pro,-1,,0
1331,,207412,0,2641,22333,133,111,0,50331880,0x030000E8,wall,,00000232.pro,-1,,0
1332,,207500,0,2643,22355,155,111,0,83886092,0x0500000C,misc,,00000012.pro,-1,,0
1333,,207588,0,2644,22356,156,111,0,83886092,0x0500000C,misc,,00000012.pro,-1,,0
1334,,207676,0,2647,22456,56,112,0,83886092,0x0500000C,misc,,00000012.pro,-1,,0
1335,,207764,0,2648,22460,60,112,0,50332654,0x030003EE,wall,,00001006.pro,-1,,0
1336,,207852,0,2649,22461,61,112,0,33554478,0x0200002E,scenery,generic,00000047.pro,-1,,0
1337,,207940,0,2650,22461,61,112,0,33554480,0x02000030,scenery,generic,00000049.pro,-1,,0
1338,,208028,0,2651,22462,62,112,0,33554499,0x02000043,scenery,generic,00000068.pro,-1,,0
1339,,208116,0,2652,22466,66,112,5,16777225,0x01000009,critter,,00000009.pro,67108877,VTeam4.int,1
1339/inventory/0,1,208248,0,2653,0,0,0,0,12,0x0000000C,item,weapon,00000006.pro,-1,,0
1340,,208344,0,2654,22470,70,112,5,16777225,0x01000009,critter,,00000009.pro,67108876,VTeam4.int,1
1340/inventory/0,1,208476,0,2655,0,0,0,0,12,0x0000000C,item,weapon,00000006.pro,-1,,0
1341,,208572,0,2657,22476,76,112,0,50332656,0x030003F0,wall,,00001008.pro,-1,,0
1342,,208660,0,2658,22477,77,112,0,50331879,0x030000E7,wall,,00000231.pro,-1,,0
1343,,208748,0,2663,22484,84,112,0,50332656,0x030003F0,wall,,00001008.pro,-1,,0
1344,,208836,0,2664,22484,84,112,0,33555279,0x0200034F,scenery,generic,00000848.pro,-1,,0
1345,,208924,0,2672,22492,92,112,0,50332656,0x030003F0,wall,,00001008.pro,-1,,0
1346,,209012,0,2673,22493,93,112,0,50331884,0x030000EC,wall,,00000236.pro,-1,,0
1347,,209100,0,2674,22496,96,112,0,50332656,0x030003F0,wall,,00001008.pro,-1,,0
1348,,209188,0,2675,22496,96,112,0,33555279,0x0200034F,scenery,generic,00000848.pro,-1,,0
1349,,209276,0,2676,22504,104,112,0,50332656,0x030003F0,wall,,00001008.pro,-1,,0
1350,,209364,0,2678,22505,105,112,0,50331884,0x030000EC,wall,,00000236.pro,-1,,0
1351,,209452,0,2686,22524,124,112,0,50332656,0x030003F0,wall,,00001008.pro,-1,,0
1352,,209540,0,2687,22524,124,112,0,33555279,0x0200034F,scenery,generic,00000848.pro,-1,,0
1353,,209628,0,2689,22529,129,112,2,16777225,0x01000009,critter,,00000009.pro,67108874,VTeam3.int,1
1353/inventory/0,1,209760,0,2690,0,0,0,0,11,0x0000000B,item,weapon,00000010.pro,-1,,0
1354,,209856,0,2692,22532,132,112,0,50332656,0x030003F0,wall,,00001008.pro,-1,,0
1355,,209944,0,2693,22533,133,112,0,50331884,0x030000EC,wall,,00000236.pro,-1,,0
1356,,210032,0,2695,22556,156,112,0,83886092,0x0500000C,misc,,00000012.pro,-1,,0
1357,,210120,0,2697,22657,57,113,0,83886092,0x0500000C,misc,,00000012.pro,-1,,0
1358,,210208,0,2698,22660,60,113,0,50332660,0x030003F4,wall,,00001012.pro,-1,,0
1359,,210296,0,2699,22662,62,113,0,33554444,0x0200000C,scenery,generic,00000012.pro,50331665,MachIV.int,0
1360,,210384,0,2706,22676,76,113,0,50332658,0x030003F2,wall,,00001010.pro,-1,,0
1361,,210472,0,2708,22677,77,113,0,50331880,0x030000E8,wall,,00000232.pro,-1,,0
1362,,210560,0,2709,22680,80,113,0,50332664,0x030003F8,wall,,00001016.pro,-1,,0
1363,,210648,0,2712,22681,81,113,0,50332640,0x030003E0,wall,,00000992.pro,-1,,0
1364,,210736,0,2713,22681,81,113,0,33555274,0x0200034A,scenery,generic,00000843.pro,-1,,0
1365,,210824,0,2714,22682,82,113,0,50332639,0x030003DF,wall,,00000991.pro,-1,,0
1366,,210912,0,2715,22682,82,113,0,33555272,0x02000348,scenery,generic,00000841.pro,-1,,0
1367,,211000,0,2717,22683,83,113,0,50332640,0x030003E0,wall,,00000992.pro,-1,,0
1368,,211088,0,2718,22684,84,113,0,50332679,0x03000407,wall,,00001031.pro,-1,,0
1369,,211176,0,2719,22692,92,113,0,50332662,0x030003F6,wall,,00001014.pro,-1,,0
1370,,211264,0,2720,22693,93,113,0,50332640,0x030003E0,wall,,00000992.pro,-1,,0
1371,,211352,0,2721,22693,93,113,0,33555274,0x0200034A,scenery,generic,00000843.pro,-1,,0
1372,,211440,0,2722,22694,94,113,0,50332639,0x030003DF,wall,,00000991.pro,-1,,0
1373,,211528,0,2723,22694,94,113,0,33555272,0x02000348,scenery,generic,00000841.pro,-1,,0
1374,,211616,0,2724,22695,95,113,0,50332640,0x030003E0,wall,,00000992.pro,-1,,0
1375,,211704,0,2725,22696,96,113,0,50332679,0x03000407,wall,,00001031.pro,-1,,0
1376,,211792,0,2726,22704,104,113,0,50332662,0x030003F6,wall,,00001014.pro,-1,,0
1377,,211880,0,2728,22705,105,113,0,50332640,0x030003E0,wall,,00000992.pro,-1,,0
1378,,211968,0,2730,22706,106,113,0,50332639,0x030003DF,wall,,00000991.pro,-1,,0
1379,,212056,0,2731,22707,107,113,0,50332644,0x030003E4,wall,,00000996.pro,-1,,0
1380,,212144,0,2732,22708,108,113,0,50332663,0x030003F7,wall,,00001015.pro,-1,,0
1381,,212232,0,2733,22709,109,113,0,50332270,0x0300026E,wall,,00000622.pro,-1,,0
1382,,212320,0,2738,22718,118,113,0,50332664,0x030003F8,wall,,00001016.pro,-1,,0
1383,,212408,0,2739,22719,119,113,0,50332642,0x030003E2,wall,,00000994.pro,-1,,0
1384,,212496,0,2742,22720,120,113,0,50332641,0x030003E1,wall,,00000993.pro,-1,,0
1385,,212584,0,2743,22721,121,113,0,50332638,0x030003DE,wall,,00000990.pro,-1,,0
1386,,212672,0,2746,22722,122,113,0,50332637,0x030003DD,wall,,00000989.pro,-1,,0
1387,,212760,0,2747,22723,123,113,0,50332640,0x030003E0,wall,,00000992.pro,-1,,0
1388,,212848,0,2748,22724,124,113,0,50332679,0x03000407,wall,,00001031.pro,-1,,0
1389,,212936,0,2751,22732,132,113,0,50332662,0x030003F6,wall,,00001014.pro,-1,,0
1390,,213024,0,2752,22733,133,113,0,50332644,0x030003E4,wall,,00000996.pro,-1,,0
1391,,213112,0,2753,22734,134,113,0,50332663,0x030003F7,wall,,00001015.pro,-1,,0
1392,,213200,0,2754,22735,135,113,0,50332270,0x0300026E,wall,,00000622.pro,-1,,0
1393,,213288,0,2757,22756,156,113,0,83886092,0x0500000C,misc,,00000012.pro,-1,,0
1394,,213376,0,2758,22757,157,113,0,83886092,0x0500000C,misc,,00000012.pro,-1,,0
1395,,213464,0,2760,22857,57,114,0,83886092,0x0500000C,misc,,00000012.pro,-1,,0
1396,,213552,0,2761,22858,58,114,0,83886092,0x0500000C,misc,,00000012.pro,-1,,0
1397,,213640,0,2762,22860,60,114,0,50332659,0x030003F3,wall,,00001011.pro,-1,,0
1398,,213728,0,2763,22862,62,114,0,33554499,0x02000043,scenery,generic,00000068.pro,-1,,0
1399,,213816,0,2769,22876,76,114,0,50332656,0x030003F0,wall,,00001008.pro,-1,,0
1400,,213904,0,2770,22877,77,114,0,50331881,0x030000E9,wall,,00000233.pro,-1,,0
1401,,213992,0,2771,22880,80,114,0,50332269,0x0300026D,wall,,00000621.pro,-1,,0
1402,,214080,0,2774,22881,81,114,0,50332270,0x0300026E,wall,,00000622.pro,-1,,0
1403,,214168,0,2776,22882,82,114,0,50331720,0x03000048,wall,,00000145.pro,-1,,0
1404,,214256,0,2777,22883,83,114,0,50332270,0x0300026E,wall,,00000622.pro,-1,,0
1405,,214344,0,2778,22893,93,114,0,50332270,0x0300026E,wall,,00000622.pro,-1,,0
1406,,214432,0,2779,22893,93,114,0,33555259,0x0200033B,scenery,generic,00000828.pro,50331703,Klaxon.int,0
1407,,214520,0,2780,22895,95,114,0,50332270,0x0300026E,wall,,00000622.pro,-1,,0
1408,,214608,0,2782,22905,105,114,0,50332270,0x0300026E,wall,,00000622.pro,-1,,0
1409,,214696,0,2784,22907,107,114,0,50332270,0x0300026E,wall,,00000622.pro,-1,,0
1410,,214784,0,2785,22908,108,114,0,50332269,0x0300026D,wall,,00000621.pro,-1,,0
1411,,214872,0,2786,22909,109,114,0,50332270,0x0300026E,wall,,00000622.pro,-1,,0
1412,,214960,0,2790,22918,118,114,0,50332269,0x0300026D,wall,,00000621.pro,-1,,0
1413,,215048,0,2791,22919,119,114,0,50332270,0x0300026E,wall,,00000622.pro,-1,,0
1414,,215136,0,2793,22921,121,114,0,50332270,0x0300026E,wall,,00000622.pro,-1,,0
1415,,215224,0,2794,22921,121,114,0,33555061,0x02000275,scenery,generic,00000630.pro,-1,,0
1416,,215312,0,2796,22923,123,114,0,50332270,0x0300026E,wall,,00000622.pro,-1,,0
1417,,215400,0,2799,22933,133,114,0,50332270,0x0300026E,wall,,00000622.pro,-1,,0
1418,,215488,0,2800,22934,134,114,0,50332269,0x0300026D,wall,,00000621.pro,-1,,0
1419,,215576,0,2801,22935,135,114,0,50332270,0x0300026E,wall,,00000622.pro,-1,,0
1420,,215664,0,2803,22954,154,114,0,83886092,0x0500000C,misc,,00000012.pro,-1,,0
1421,,215752,0,2804,22955,155,114,0,83886092,0x0500000C,misc,,00000012.pro,-1,,0
1422,,215840,0,2805,22956,156,114,0,83886092,0x0500000C,misc,,00000012.pro,-1,,0
1423,,215928,0,2806,22957,157,114,0,83886092,0x0500000C,misc,,00000012.pro,-1,,0
1424,,216016,0,2809,23058,58,115,0,83886092,0x0500000C,misc,,00000012.pro,-1,,0
1425,,216104,0,2810,23060,60,115,0,50332658,0x030003F2,wall,,00001010.pro,-1,,0
1426,,216192,0,2811,23062,62,115,0,33554444,0x0200000C,scenery,generic,00000012.pro,50331679,MachIV.int,0
1427,,216280,0,2812,23065,65,115,0,16777241,0x01000019,critter,,00000024.pro,67108878,VTeam4.int,2
1427/inventory/0,1,216412,0,2813,-1,,,0,13,0x0000000D,item,weapon,00000007.pro,-1,,0
1427/inventory/1,8,216512,0,2814,-1,,,0,14,0x0000000E,item,ammo,00000008.pro,-1,,0
1428,,216604,0,2819,23076,76,115,0,50332658,0x030003F2,wall,,00001010.pro,-1,,0
1429,,216692,0,2820,23077,77,115,0,50331878,0x030000E6,wall,,00000230.pro,-1,,0
1430,,216780,0,2821,23080,80,115,0,50332657,0x030003F1,wall,,00001009.pro,-1,,0
1431,,216868,0,2822,23080,80,115,0,33555275,0x0200034B,scenery,generic,00000844.pro,-1,,0
1432,,216956,0,2825,23081,81,115,0,50331721,0x03000049,wall,,00000146.pro,-1,,0
1433,,217044,0,2839,23105,105,115,0,50331705,0x03000039,wall,,00000136.pro,-1,,0
1434,,217132,0,2841,23106,106,115,0,50331709,0x0300003D,wall,,00000113.pro,-1,,0
1435,,217220,0,2842,23107,107,115,0,50331718,0x03000046,wall,,00000143.pro,-1,,0
1436,,217308,0,2843,23108,108,115,0,50332658,0x030003F2,wall,,00001010.pro,-1,,0
1437,,217396,0,2844,23109,109,115,0,50331878,0x030000E6,wall,,00000230.pro,-1,,0
1438,,217484,0,2850,23118,118,115,0,50332653,0x030003ED,wall,,00001005.pro,-1,,0
1439,,217572,0,2851,23119,119,115,0,33554499,0x02000043,scenery,generic,00000068.pro,-1,,0
1440,,217660,0,2854,23120,120,115,0,33554499,0x02000043,scenery,generic,00000068.pro,-1,,0
1441,,217748,0,2855,23121,121,115,0,33554499,0x02000043,scenery,generic,00000068.pro,-1,,0
1442,,217836,0,2858,23122,122,115,0,33554499,0x02000043,scenery,generic,00000068.pro,-1,,0
1443,,217924,0,2859,23123,123,115,0,33554499,0x02000043,scenery,generic,00000068.pro,-1,,0
1444,,218012,0,2860,23124,124,115,0,102,0x00000066,item,misc,00000102.pro,-1,,0
1445,,218104,0,2863,23134,134,115,0,50332658,0x030003F2,wall,,00001010.pro,-1,,0
1446,,218192,0,2864,23135,135,115,0,50331881,0x030000E9,wall,,00000233.pro,-1,,0
1447,,218280,0,2865,23152,152,115,0,83886092,0x0500000C,misc,,00000012.pro,-1,,0
1448,,218368,0,2866,23153,153,115,0,83886092,0x0500000C,misc,,00000012.pro,-1,,0
1449,,218456,0,2868,23154,154,115,0,83886092,0x0500000C,misc,,00000012.pro,-1,,0
1450,,218544,0,2869,23155,155,115,0,83886092,0x0500000C,misc,,00000012.pro,-1,,0
1451,,218632,0,2871,23259,59,116,0,83886092,0x0500000C,misc,,00000012.pro,-1,,0
1452,,218720,0,2872,23260,60,116,0,33555256,0x02000338,scenery,generic,00000825.pro,-1,,0
1453,,218808,0,2873,23260,60,116,0,50332656,0x030003F0,wall,,00001008.pro,-1,,0
1454,,218896,0,2874,23262,62,116,0,33554499,0x02000043,scenery,generic,00000068.pro,-1,,0
1455,,218984,0,2876,23276,76,116,0,50332656,0x030003F0,wall,,00001008.pro,-1,,0
1456,,219072,0,2877,23277,77,116,0,50331878,0x030000E6,wall,,00000230.pro,-1,,0
1457,,219160,0,2878,23280,80,116,0,50332656,0x030003F0,wall,,00001008.pro,-1,,0
1458,,219248,0,2879,23280,80,116,0,33555276,0x0200034C,scenery,generic,00000845.pro,-1,,0
1459,,219336,0,2882,23281,81,116,0,50331729,0x03000051,wall,,00000154.pro,-1,,0
1460,,219424,0,2893,23308,108,116,0,50332656,0x030003F0,wall,,00001008.pro,-1,,0
1461,,219512,0,2894,23309,109,116,0,50331879,0x030000E7,wall,,00000231.pro,-1,,0
1462,,219600,0,2898,23318,118,116,0,50332659,0x030003F3,wall,,00001011.pro,-1,,0
1463,,219688,0,2901,23328,128,116,5,16777241,0x01000019,critter,,00000024.pro,67108873,VTeam3.int,1
1463/inventory/0,1,219820,0,2902,0,0,0,0,12,0x0000000C,item,weapon,00000006.pro,-1,,0
1464,,219916,0,2905,23334,134,116,0,50332656,0x030003F0,wall,,00001008.pro,-1,,0
1465,,220004,0,2906,23335,135,116,0,50331880,0x030000E8,wall,,00000232.pro,-1,,0
1466,,220092,0,2907,23350,150,116,0,83886092,0x0500000C,misc,,00000012.pro,-1,,0
1467,,220180,0,2908,23351,151,116,0,83886092,0x0500000C,misc,,00000012.pro,-1,,0
1468,,220268,0,2909,23352,152,116,0,83886092,0x0500000C,misc,,00000012.pro,-1,,0
1469,,220356,0,2910,23353,153,116,0,83886092,0x0500000C,misc,,00000012.pro,-1,,0
1470,,220444,0,2914,23459,59,117,0,83886092,0x0500000C,misc,,00000012.pro,-1,,0
1471,,220532,0,2915,23460,60,117,0,83886092,0x0500000C,misc,,00000012.pro,-1,,0
1472,,220620,0,2916,23460,60,117,0,50332677,0x03000405,wall,,00001029.pro,-1,,0
1473,,220708,0,2917,23461,61,117,0,50332650,0x030003EA,wall,,00001002.pro,-1,,0
1474,,220796,0,2918,23462,62,117,0,50332649,0x030003E9,wall,,00001001.pro,-1,,0
1475,,220884,0,2919,23462,62,117,0,33554582,0x02000096,scenery,generic,00000151.pro,-1,,0
1476,,220972,0,2920,23463,63,117,0,50332648,0x030003E8,wall,,00001000.pro,-1,,0
1477,,221060,0,2921,23463,63,117,0,33554581,0x02000095,scenery,generic,00000150.pro,-1,,0
1478,,221148,0,2922,23463,63,117,0,33555274,0x0200034A,scenery,generic,00000843.pro,-1,,0
1479,,221236,0,2923,23464,64,117,0,50332647,0x030003E7,wall,,00000999.pro,-1,,0
1480,,221324,0,2924,23464,64,117,0,33554580,0x02000094,scenery,generic,00000149.pro,-1,,0
1481,,221412,0,2925,23464,64,117,0,33555271,0x02000347,scenery,generic,00000840.pro,-1,,0
1482,,221500,0,2926,23465,65,117,0,50332648,0x030003E8,wall,,00001000.pro,-1,,0
1483,,221588,0,2927,23465,65,117,0,33554581,0x02000095,scenery,generic,00000150.pro,-1,,0
1484,,221676,0,2928,23465,65,117,0,33555270,0x02000346,scenery,generic,00000839.pro,-1,,0
1485,,221764,0,2929,23466,66,117,0,50332647,0x030003E7,wall,,00000999.pro,-1,,0
1486,,221852,0,2930,23466,66,117,0,33554580,0x02000094,scenery,generic,00000149.pro,-1,,0
1487,,221940,0,2931,23466,66,117,0,33555271,0x02000347,scenery,generic,00000840.pro,-1,,0
1488,,222028,0,2932,23467,67,117,0,50332646,0x030003E6,wall,,00000998.pro,-1,,0
1489,,222116,0,2933,23467,67,117,0,33554579,0x02000093,scenery,generic,00000148.pro,-1,,0
1490,,222204,0,2934,23467,67,117,0,33555270,0x02000346,scenery,generic,00000839.pro,-1,,0
1491,,222292,0,2935,23468,68,117,0,50332645,0x030003E5,wall,,00000997.pro,-1,,0
1492,,222380,0,2936,23468,68,117,0,33555272,0x02000348,scenery,generic,00000841.pro,-1,,0
1493,,222468,0,2937,23469,69,117,0,50332640,0x030003E0,wall,,00000992.pro,-1,,0
1494,,222556,0,2938,23470,70,117,0,50332671,0x030003FF,wall,,00001023.pro,-1,,0
1495,,222644,0,2943,23474,74,117,0,50332673,0x03000401,wall,,00001025.pro,-1,,0
1496,,222732,0,2945,23475,75,117,0,50332644,0x030003E4,wall,,00000996.pro,-1,,0
1497,,222820,0,2947,23476,76,117,0,50332675,0x03000403,wall,,00001027.pro,-1,,0
1498,,222908,0,2949,23477,77,117,0,50331879,0x030000E7,wall,,00000231.pro,-1,,0
1499,,222996,0,2950,23480,80,117,0,50332658,0x030003F2,wall,,00001010.pro,-1,,0
1500,,223084,0,2951,23480,80,117,0,33555277,0x0200034D,scenery,generic,00000846.pro,-1,,0
1501,,223172,0,2954,23481,81,117,0,50331731,0x03000053,wall,,00000156.pro,-1,,0
1502,,223260,0,2979,23508,108,117,0,50332658,0x030003F2,wall,,00001010.pro,-1,,0
1503,,223348,0,2980,23509,109,117,0,50331880,0x030000E8,wall,,00000232.pro,-1,,0
1504,,223436,0,2985,23518,118,117,0,50332660,0x030003F4,wall,,00001012.pro,-1,,0
1505,,223524,0,2986,23518,118,117,0,33555275,0x0200034B,scenery,generic,00000844.pro,-1,,0
1506,,223612,0,2990,23521,121,117,2,16777225,0x01000009,critter,,00000009.pro,67108871,VTeam2.int,1
1506/inventory/0,1,223744,0,2991,0,0,0,0,12,0x0000000C,item,weapon,00000006.pro,-1,,0
1507,,223840,0,2996,23534,134,117,0,50332658,0x030003F2,wall,,00001010.pro,-1,,0
1508,,223928,0,2997,23535,135,117,0,50331879,0x030000E7,wall,,00000231.pro,-1,,0
1509,,224016,0,2998,23548,148,117,0,83886092,0x0500000C,misc,,00000012.pro,-1,,0
1510,,224104,0,2999,23549,149,117,0,83886092,0x0500000C,misc,,00000012.pro,-1,,0
1511,,224192,0,3000,23550,150,117,0,83886092,0x0500000C,misc,,00000012.pro,-1,,0
1512,,224280,0,3001,23551,151,117,0,83886092,0x0500000C,misc,,00000012.pro,-1,,0
1513,,224368,0,3005,23660,60,118,0,83886092,0x0500000C,misc,,00000012.pro,-1,,0
1514,,224456,0,3006,23660,60,118,0,50332269,0x0300026D,wall,,00000621.pro,-1,,0
1515,,224544,0,3007,23661,61,118,0,50332270,0x0300026E,wall,,00000622.pro,-1,,0
1516,,224632,0,3008,23662,62,118,0,33554499,0x02000043,scenery,generic,00000068.pro,-1,,0
1517,,224720,0,3009,23663,63,118,0,50332270,0x0300026E,wall,,00000622.pro,-1,,0
1518,,224808,0,3010,23665,65,118,0,50332270,0x0300026E,wall,,00000622.pro,-1,,0
1519,,224896,0,3011,23667,67,118,0,50332270,0x0300026E,wall,,00000622.pro,-1,,0
1520,,224984,0,3012,23669,69,118,0,50332270,0x0300026E,wall,,00000622.pro,-1,,0
1521,,225072,0,3018,23675,75,118,0,50332270,0x0300026E,wall,,00000622.pro,-1,,0
1522,,225160,0,3020,23676,76,118,0,50332270,0x0300026E,wall,,00000622.pro,-1,,0
1523,,225248,0,3022,23677,77,118,0,50331881,0x030000E9,wall,,00000233.pro,-1,,0
1524,,225336,0,3023,23680,80,118,0,50332656,0x030003F0,wall,,00001008.pro,-1,,0
1525,,225424,0,3024,23680,80,118,0,33555276,0x0200034C,scenery,generic,00000845.pro,-1,,0
1526,,225512,0,3027,23681,81,118,0,50331729,0x03000051,wall,,00000154.pro,-1,,0
1527,,225600,0,3043,23708,108,118,0,50332656,0x030003F0,wall,,00001008.pro,-1,,0
1528,,225688,0,3044,23709,109,118,0,50331881,0x030000E9,wall,,00000233.pro,-1,,0
1529,,225776,0,3048,23718,118,118,0,50332659,0x030003F3,wall,,00001011.pro,-1,,0
1530,,225864,0,3049,23718,118,118,0,33555276,0x0200034C,scenery,generic,00000845.pro,-1,,0
1531,,225952,0,3052,23734,134,118,0,50332656,0x030003F0,wall,,00001008.pro,-1,,0
1532,,226040,0,3053,23735,135,118,0,50331878,0x030000E6,wall,,00000230.pro,-1,,0
1533,,226128,0,3054,23746,146,118,0,83886092,0x0500000C,misc,,00000012.pro,-1,,0
1534,,226216,0,3055,23747,147,118,0,83886092,0x0500000C,misc,,00000012.pro,-1,,0
1535,,226304,0,3056,23748,148,118,0,83886092,0x0500000C,misc,,00000012.pro,-1,,0
1536,,226392,0,3057,23749,149,118,0,83886092,0x0500000C,misc,,00000012.pro,-1,,0
1537,,226480,0,3060,23860,60,119,0,50332660,0x030003F4,wall,,00001012.pro,-1,,0
1538,,226568,0,3061,23861,61,119,0,83886092,0x0500000C,misc,,00000012.pro,-1,,0
1539,,226656,0,3062,23862,62,119,0,33554444,0x0200000C,scenery,generic,00000012.pro,50331660,MachIV.int,0
1540,,226744,0,3064,23876,76,119,0,50332658,0x030003F2,wall,,00001010.pro,-1,,0
1541,,226832,0,3066,23877,77,119,0,50331878,0x030000E6,wall,,00000230.pro,-1,,0
1542,,226920,0,3067,23880,80,119,0,50332657,0x030003F1,wall,,00001009.pro,-1,,0
1543,,227008,0,3068,23880,80,119,0,33555277,0x0200034D,scenery,generic,00000846.pro,-1,,0
1544,,227096,0,3072,23881,81,119,0,50331720,0x03000048,wall,,00000145.pro,-1,,0
1545,,227184,0,3086,23908,108,119,0,50332658,0x030003F2,wall,,00001010.pro,-1,,0
1546,,227272,0,3087,23909,109,119,0,50331878,0x030000E6,wall,,00000230.pro,-1,,0
1547,,227360,0,3092,23918,118,119,0,33555260,0x0200033C,scenery,generic,00000829.pro,50331705,Klaxon.int,0
1548,,227448,0,3093,23918,118,119,0,50332655,0x030003EF,wall,,00001007.pro,-1,,0
1549,,227536,0,3094,23918,118,119,0,33555277,0x0200034D,scenery,generic,00000846.pro,-1,,0
1550,,227624,0,3095,23919,119,119,0,33554499,0x02000043,scenery,generic,00000068.pro,-1,,0
1551,,227712,0,3096,23920,120,119,0,33554499,0x02000043,scenery,generic,00000068.pro,-1,,0
1552,,227800,0,3097,23928,128,119,0,33554499,0x02000043,scenery,generic,00000068.pro,-1,,0
1553,,227888,0,3099,23929,129,119,0,33554499,0x02000043,scenery,generic,00000068.pro,-1,,0
1554,,227976,0,3101,23930,130,119,0,33554499,0x02000043,scenery,generic,00000068.pro,-1,,0
1555,,228064,0,3102,23931,131,119,0,33554499,0x02000043,scenery,generic,00000068.pro,-1,,0
1556,,228152,0,3103,23934,134,119,0,50332658,0x030003F2,wall,,00001010.pro,-1,,0
1557,,228240,0,3104,23935,135,119,0,50331881,0x030000E9,wall,,00000233.pro,-1,,0
1558,,228328,0,3105,23944,144,119,0,83886092,0x0500000C,misc,,00000012.pro,-1,,0
1559,,228416,0,3106,23945,145,119,0,83886092,0x0500000C,misc,,00000012.pro,-1,,0
1560,,228504,0,3107,23946,146,119,0,83886092,0x0500000C,misc,,00000012.pro,-1,,0
1561,,228592,0,3108,23947,147,119,0,83886092,0x0500000C,misc,,00000012.pro,-1,,0
1562,,228680,0,3112,24060,60,120,0,50332659,0x030003F3,wall,,00001011.pro,-1,,0
1563,,228768,0,3113,24061,61,120,0,83886092,0x0500000C,misc,,00000012.pro,-1,,0
1564,,228856,0,3114,24061,61,120,0,33554479,0x0200002F,scenery,generic,00000048.pro,-1,,0
1565,,228944,0,3115,24061,61,120,0,33554480,0x02000030,scenery,generic,00000049.pro,-1,,0
1566,,229032,0,3116,24062,62,120,0,83886092,0x0500000C,misc,,00000012.pro,-1,,0
1567,,229120,0,3117,24062,62,120,0,33554499,0x02000043,scenery,generic,00000068.pro,-1,,0
1568,,229208,0,3120,24076,76,120,0,50332656,0x030003F0,wall,,00001008.pro,-1,,0
1569,,229296,0,3124,24077,77,120,0,50331879,0x030000E7,wall,,00000231.pro,-1,,0
1570,,229384,0,3125,24080,80,120,0,50332656,0x030003F0,wall,,00001008.pro,-1,,0
1571,,229472,0,3126,24080,80,120,0,33555279,0x0200034F,scenery,generic,00000848.pro,-1,,0
1572,,229560,0,3132,24108,108,120,0,50332656,0x030003F0,wall,,00001008.pro,-1,,0
1573,,229648,0,3133,24109,109,120,0,50331879,0x030000E7,wall,,00000231.pro,-1,,0
1574,,229736,0,3136,24118,118,120,0,50332654,0x030003EE,wall,,00001006.pro,-1,,0
1575,,229824,0,3137,24118,118,120,0,33555276,0x0200034C,scenery,generic,00000845.pro,-1,,0
1576,,229912,0,3138,24120,120,120,0,33554499,0x02000043,scenery,generic,00000068.pro,-1,,0
1577,,230000,0,3139,24128,128,120,0,33554499,0x02000043,scenery,generic,00000068.pro,-1,,0
1578,,230088,0,3142,24130,130,120,0,33555036,0x0200025C,scenery,generic,00000605.pro,-1,,0
1579,,230176,0,3143,24131,131,120,0,33554499,0x02000043,scenery,generic,00000068.pro,-1,,0
1580,,230264,0,3144,24134,134,120,0,50332656,0x030003F0,wall,,00001008.pro,-1,,0
1581,,230352,0,3145,24135,135,120,0,50331880,0x030000E8,wall,,00000232.pro,-1,,0
1582,,230440,0,3146,24142,142,120,0,83886092,0x0500000C,misc,,00000012.pro,-1,,0
1583,,230528,0,3147,24143,143,120,0,83886092,0x0500000C,misc,,00000012.pro,-1,,0
1584,,230616,0,3148,24144,144,120,0,83886092,0x0500000C,misc,,00000012.pro,-1,,0
1585,,230704,0,3149,24145,145,120,0,83886092,0x0500000C,misc,,00000012.pro,-1,,0
1586,,230792,0,3153,24260,60,121,0,50332660,0x030003F4,wall,,00001012.pro,-1,,0
1587,,230880,0,3154,24262,62,121,0,83886092,0x0500000C,misc,,00000012.pro,-1,,0
1588,,230968,0,3155,24262,62,121,0,33554444,0x0200000C,scenery,generic,00000012.pro,50331680,MachIV.int,0
1589,,231056,0,3157,24276,76,121,0,50332658,0x030003F2,wall,,00001010.pro,-1,,0
1590,,231144,0,3159,24277,77,121,0,50331880,0x030000E8,wall,,00000232.pro,-1,,0
1591,,231232,0,3160,24280,80,121,0,50332662,0x030003F6,wall,,00001014.pro,-1,,0
1592,,231320,0,3162,24281,81,121,0,50332644,0x030003E4,wall,,00000996.pro,-1,,0
1593,,231408,0,3163,24282,82,121,0,50332661,0x030003F5,wall,,00001013.pro,-1,,0
1594,,231496,0,3164,24283,83,121,0,50332644,0x030003E4,wall,,00000996.pro,-1,,0
1595,,231584,0,3165,24284,84,121,0,50332663,0x030003F7,wall,,00001015.pro,-1,,0
1596,,231672,0,3166,24292,92,121,0,50332664,0x030003F8,wall,,00001016.pro,-1,,0
1597,,231760,0,3167,24293,93,121,0,50332644,0x030003E4,wall,,00000996.pro,-1,,0
1598,,231848,0,3168,24294,94,121,0,50332661,0x030003F5,wall,,00001013.pro,-1,,0
1599,,231936,0,3169,24295,95,121,0,50332644,0x030003E4,wall,,00000996.pro,-1,,0
1600,,232024,0,3173,24296,96,121,0,50332663,0x030003F7,wall,,00001015.pro,-1,,0
1601,,232112,0,3174,24304,104,121,0,50332664,0x030003F8,wall,,00001016.pro,-1,,0
1602,,232200,0,3176,24305,105,121,0,50332640,0x030003E0,wall,,00000992.pro,-1,,0
1603,,232288,0,3178,24306,106,121,0,50332661,0x030003F5,wall,,00001013.pro,-1,,0
1604,,232376,0,3179,24307,107,121,0,50332640,0x030003E0,wall,,00000992.pro,-1,,0
1605,,232464,0,3180,24308,108,121,0,50332679,0x03000407,wall,,00001031.pro,-1,,0
1606,,232552,0,3181,24309,109,121,0,50331880,0x030000E8,wall,,00000232.pro,-1,,0
1607,,232640,0,3187,24318,118,121,0,50332655,0x030003EF,wall,,00001007.pro,-1,,0
1608,,232728,0,3188,24318,118,121,0,33555277,0x0200034D,scenery,generic,00000846.pro,-1,,0
1609,,232816,0,3189,24319,119,121,0,33555062,0x02000276,scenery,generic,00000631.pro,-1,,0
1610,,232904,0,3190,24320,120,121,0,33554499,0x02000043,scenery,generic,00000068.pro,-1,,0
1611,,232992,0,3191,24323,123,121,3,16777241,0x01000019,critter,,00000024.pro,67108870,VTeam2.int,1
1611/inventory/0,1,233124,0,3192,0,0,0,0,12,0x0000000C,item,weapon,00000006.pro,-1,,0
1612,,233220,0,3195,24326,126,121,0,16777225,0x01000009,critter,,00000009.pro,67108869,VTeam2.int,3
1612/inventory/0,1,233352,0,3196,0,0,0,0,13,0x0000000D,item,weapon,00000007.pro,-1,,0
1612/inventory/1,7,233452,0,3197,-1,,,0,14,0x0000000E,item,ammo,00000008.pro,-1,,0
1612/inventory/2,2,233548,0,3198,-1,,,0,37,0x00000025,item,ammo,00000037.pro,-1,,0
1613,,233640,0,3202,24329,129,121,0,33554499,0x02000043,scenery,generic,00000068.pro,-1,,0
1614,,233728,0,3204,24331,131,121,0,33554499,0x02000043,scenery,generic,00000068.pro,-1,,0
1615,,233816,0,3205,24334,134,121,0,50332658,0x030003F2,wall,,00001010.pro,-1,,0
1616,,233904,0,3206,24335,135,121,0,50331879,0x030000E7,wall,,00000231.pro,-1,,0
1617,,233992,0,3207,24340,140,121,0,83886092,0x0500000C,misc,,00000012.pro,-1,,0
1618,,234080,0,3208,24341,141,121,0,83886092,0x0500000C,misc,,00000012.pro,-1,,0
1619,,234168,0,3209,24342,142,121,0,83886092,0x0500000C,misc,,00000012.pro,-1,,0
1620,,234256,0,3210,24343,143,121,0,83886092,0x0500000C,misc,,00000012.pro,-1,,0
1621,,234344,0,3213,24460,60,122,0,33555256,0x02000338,scenery,generic,00000825.pro,-1,,0
1622,,234432,0,3214,24460,60,122,0,50332659,0x030003F3,wall,,00001011.pro,-1,,0
1623,,234520,0,3215,24462,62,122,0,33554499,0x02000043,scenery,generic,00000068.pro,-1,,0
1624,,234608,0,3216,24463,63,122,0,83886092,0x0500000C,misc,,00000012.pro,-1,,0
1625,,234696,0,3219,24476,76,122,0,50332656,0x030003F0,wall,,00001008.pro,-1,,0
1626,,234784,0,3223,24477,77,122,0,50331881,0x030000E9,wall,,00000233.pro,-1,,0
1627,,234872,0,3224,24480,80,122,0,50332270,0x0300026E,wall,,00000622.pro,-1,,0
1628,,234960,0,3225,24482,82,122,0,50331875,0x030000E3,wall,,00000227.pro,-1,,0
1629,,235048,0,3226,24484,84,122,0,50332269,0x0300026D,wall,,00000621.pro,-1,,0
1630,,235136,0,3227,24492,92,122,0,50332269,0x0300026D,wall,,00000621.pro,-1,,0
1631,,235224,0,3231,24494,94,122,0,50331873,0x030000E1,wall,,00000225.pro,-1,,0
1632,,235312,0,3232,24496,96,122,0,50332269,0x0300026D,wall,,00000621.pro,-1,,0
1633,,235400,0,3233,24504,104,122,0,50332269,0x0300026D,wall,,00000621.pro,-1,,0
1634,,235488,0,3236,24506,106,122,0,50331877,0x030000E5,wall,,00000229.pro,-1,,0
1635,,235576,0,3237,24508,108,122,0,50331873,0x030000E1,wall,,00000225.pro,-1,,0
1636,,235664,0,3238,24509,109,122,0,50331881,0x030000E9,wall,,00000233.pro,-1,,0
1637,,235752,0,3242,24518,118,122,0,50332654,0x030003EE,wall,,00001006.pro,-1,,0
1638,,235840,0,3243,24518,118,122,0,33555276,0x0200034C,scenery,generic,00000845.pro,-1,,0
1639,,235928,0,3244,24520,120,122,0,33554499,0x02000043,scenery,generic,00000068.pro,-1,,0
1640,,236016,0,3249,24534,134,122,0,50332656,0x030003F0,wall,,00001008.pro,-1,,0
1641,,236104,0,3250,24535,135,122,0,50331878,0x030000E6,wall,,00000230.pro,-1,,0
1642,,236192,0,3251,24538,138,122,0,83886092,0x0500000C,misc,,00000012.pro,-1,,0
1643,,236280,0,3252,24539,139,122,0,83886092,0x0500000C,misc,,00000012.pro,-1,,0
1644,,236368,0,3253,24540,140,122,0,83886092,0x0500000C,misc,,00000012.pro,-1,,0
1645,,236456,0,3254,24541,141,122,0,83886092,0x0500000C,misc,,00000012.pro,-1,,0
1646,,236544,0,3259,24660,60,123,0,50332655,0x030003EF,wall,,00001007.pro,-1,,0
1647,,236632,0,3260,24662,62,123,0,33554444,0x0200000C,scenery,generic,00000012.pro,50331681,MachIV.int,0
1648,,236720,0,3261,24663,63,123,0,83886092,0x0500000C,misc,,00000012.pro,-1,,0
1649,,236808,0,3262,24664,64,123,0,83886092,0x0500000C,misc,,00000012.pro,-1,,0
1650,,236896,0,3263,24669,69,123,2,16777241,0x01000019,critter,,00000024.pro,67108886,Comptrol.int,2
1650/inventory/0,1,237028,0,3264,0,0,0,0,13,0x0000000D,item,weapon,00000007.pro,-1,,0
1650/inventory/1,11,237128,0,3265,-1,,,0,14,0x0000000E,item,ammo,00000008.pro,-1,,0
1651,,237220,0,3268,24676,76,123,0,50332658,0x030003F2,wall,,00001010.pro,-1,,0
1652,,237308,0,3270,24677,77,123,0,50331878,0x030000E6,wall,,00000230.pro,-1,,0
1653,,237396,0,3271,24681,81,123,0,50331874,0x030000E2,wall,,00000226.pro,-1,,0
1654,,237484,0,3272,24683,83,123,0,50331872,0x030000E0,wall,,00000224.pro,-1,,0
1655,,237572,0,3273,24684,84,123,0,50332658,0x030003F2,wall,,00001010.pro,-1,,0
1656,,237660,0,3274,24692,92,123,0,50332658,0x030003F2,wall,,00001010.pro,-1,,0
1657,,237748,0,3275,24693,93,123,0,50332300,0x0300028C,wall,,00000652.pro,-1,,0
1658,,237836,0,3276,24695,95,123,0,50331872,0x030000E0,wall,,00000224.pro,-1,,0
1659,,237924,0,3277,24696,96,123,0,50332657,0x030003F1,wall,,00001009.pro,-1,,0
1660,,238012,0,3278,24704,104,123,0,50332658,0x030003F2,wall,,00001010.pro,-1,,0
1661,,238100,0,3280,24705,105,123,0,50332300,0x0300028C,wall,,00000652.pro,-1,,0
1662,,238188,0,3282,24707,107,123,0,50331874,0x030000E2,wall,,00000226.pro,-1,,0
1663,,238276,0,3283,24709,109,123,0,50332301,0x0300028D,wall,,00000653.pro,-1,,0
1664,,238364,0,3287,24718,118,123,0,50332660,0x030003F4,wall,,00001012.pro,-1,,0
1665,,238452,0,3288,24718,118,123,0,33555277,0x0200034D,scenery,generic,00000846.pro,-1,,0
1666,,238540,0,3289,24719,119,123,0,33555063,0x02000277,scenery,generic,00000632.pro,-1,,0
1667,,238628,0,3290,24720,120,123,0,33554499,0x02000043,scenery,generic,00000068.pro,-1,,0
1668,,238716,0,3295,24734,134,123,0,50332658,0x030003F2,wall,,00001010.pro,-1,,0
1669,,238804,0,3296,24735,135,123,0,50331881,0x030000E9,wall,,00000233.pro,-1,,0
1670,,238892,0,3297,24736,136,123,0,83886092,0x0500000C,misc,,00000012.pro,-1,,0
1671,,238980,0,3298,24737,137,123,0,83886092,0x0500000C,misc,,00000012.pro,-1,,0
1672,,239068,0,3299,24738,138,123,0,83886092,0x0500000C,misc,,00000012.pro,-1,,0
1673,,239156,0,3300,24739,139,123,0,83886092,0x0500000C,misc,,00000012.pro,-1,,0
1674,,239244,0,3307,24860,60,124,0,50332654,0x030003EE,wall,,00001006.pro,-1,,0
1675,,239332,0,3308,24862,62,124,0,33554499,0x02000043,scenery,generic,00000068.pro,-1,,0
1676,,239420,0,3309,24864,64,124,0,83886092,0x0500000C,misc,,00000012.pro,-1,,0
1677,,239508,0,3312,24876,76,124,0,50332656,0x030003F0,wall,,00001008.pro,-1,,0
1678,,239596,0,3313,24877,77,124,0,50331879,0x030000E7,wall,,00000231.pro,-1,,0
1679,,239684,0,3314,24884,84,124,0,50332656,0x030003F0,wall,,00001008.pro,-1,,0
1680,,239772,0,3315,24892,92,124,0,50332656,0x030003F0,wall,,00001008.pro,-1,,0
1681,,239860,0,3316,24893,93,124,0,50332270,0x0300026E,wall,,00000622.pro,-1,,0
1682,,239948,0,3317,24896,96,124,0,50332656,0x030003F0,wall,,00001008.pro,-1,,0
1683,,240036,0,3318,24904,104,124,0,50332656,0x030003F0,wall,,00001008.pro,-1,,0
1684,,240124,0,3320,24905,105,124,0,50332270,0x0300026E,wall,,00000622.pro,-1,,0
1685,,240212,0,3323,24918,118,124,0,50332659,0x030003F3,wall,,00001011.pro,-1,,0
1686,,240300,0,3324,24918,118,124,0,33555276,0x0200034C,scenery,generic,00000845.pro,-1,,0
1687,,240388,0,3325,24920,120,124,0,33554499,0x02000043,scenery,generic,00000068.pro,-1,,0
1688,,240476,0,3328,24934,134,124,0,83886092,0x0500000C,misc,,00000012.pro,-1,,0
1689,,240564,0,3329,24934,134,124,0,50332656,0x030003F0,wall,,00001008.pro,-1,,0
1690,,240652,0,3330,24935,135,124,0,83886092,0x0500000C,misc,,00000012.pro,-1,,0
1691,,240740,0,3331,24935,135,124,0,50331880,0x030000E8,wall,,00000232.pro,-1,,0
1692,,240828,0,3332,24936,136,124,0,83886092,0x0500000C,misc,,00000012.pro,-1,,0
1693,,240916,0,3333,24937,137,124,0,83886092,0x0500000C,misc,,00000012.pro,-1,,0
1694,,241004,0,3339,25060,60,125,0,50332662,0x030003F6,wall,,00001014.pro,-1,,0
1695,,241092,0,3340,25061,61,125,0,50332644,0x030003E4,wall,,00000996.pro,-1,,0
1696,,241180,0,3341,25062,62,125,0,50332661,0x030003F5,wall,,00001013.pro,-1,,0
1697,,241268,0,3342,25063,63,125,0,50332644,0x030003E4,wall,,00000996.pro,-1,,0
1698,,241356,0,3343,25064,64,125,0,50332661,0x030003F5,wall,,00001013.pro,-1,,0
1699,,241444,0,3344,25065,65,125,0,83886092,0x0500000C,misc,,00000012.pro,-1,,0
1700,,241532,0,3345,25065,65,125,0,50332644,0x030003E4,wall,,00000996.pro,-1,,0
1701,,241620,0,3346,25066,66,125,0,50332663,0x030003F7,wall,,00001015.pro,-1,,0
1702,,241708,0,3354,25074,74,125,0,50332664,0x030003F8,wall,,00001016.pro,-1,,0
1703,,241796,0,3357,25075,75,125,0,50332644,0x030003E4,wall,,00000996.pro,-1,,0
1704,,241884,0,3360,25076,76,125,0,50332679,0x03000407,wall,,00001031.pro,-1,,0
1705,,241972,0,3363,25077,77,125,0,50331880,0x030000E8,wall,,00000232.pro,-1,,0
1706,,242060,0,3374,25084,84,125,0,50332677,0x03000405,wall,,00001029.pro,-1,,0
1707,,242148,0,3375,25085,85,125,0,50332640,0x030003E0,wall,,00000992.pro,-1,,0
1708,,242236,0,2400,25086,86,125,0,50332784,0x03000470,wall,,00001136.pro,50331682,GenEmit.int,0
1709,,242324,0,3378,25087,87,125,0,50332270,0x0300026E,wall,,00000622.pro,-1,,0
1710,,242412,0,3380,25088,88,125,0,33554923,0x020001EB,scenery,generic,00000492.pro,-1,,0
1711,,242500,0,3382,25089,89,125,0,50332270,0x0300026E,wall,,00000622.pro,-1,,0
1712,,242588,0,3383,25090,90,125,0,50332783,0x0300046F,wall,,00001135.pro,-1,,0
1713,,242676,0,3384,25091,91,125,0,50332644,0x030003E4,wall,,00000996.pro,-1,,0
1714,,242764,0,3385,25092,92,125,0,50332675,0x03000403,wall,,00001027.pro,-1,,0
1715,,242852,0,3386,25093,93,125,0,50331880,0x030000E8,wall,,00000232.pro,-1,,0
1716,,242940,0,3387,25096,96,125,0,50332677,0x03000405,wall,,00001029.pro,-1,,0
1717,,243028,0,3389,25097,97,125,0,50332640,0x030003E0,wall,,00000992.pro,-1,,0
1718,,243116,0,3391,25098,98,125,0,50332784,0x03000470,wall,,00001136.pro,50331736,Emiter5a.int,0
1719,,243204,0,3393,25099,99,125,0,50332270,0x0300026E,wall,,00000622.pro,-1,,0
1720,,243292,0,3394,25100,100,125,0,33554921,0x020001E9,scenery,generic,00000490.pro,50331658,Field5a.int,0
1721,,243380,0,3395,25101,101,125,0,50332270,0x0300026E,wall,,00000622.pro,-1,,0
1722,,243468,0,3396,25102,102,125,0,50332783,0x0300046F,wall,,00001135.pro,-1,,0
1723,,243556,0,3397,25103,103,125,0,50332644,0x030003E4,wall,,00000996.pro,-1,,0
1724,,243644,0,3398,25104,104,125,0,50332675,0x03000403,wall,,00001027.pro,-1,,0
1725,,243732,0,3400,25105,105,125,0,50331878,0x030000E6,wall,,00000230.pro,-1,,0
1726,,243820,0,3404,25118,118,125,0,50332660,0x030003F4,wall,,00001012.pro,-1,,0
1727,,243908,0,3405,25118,118,125,0,33555277,0x0200034D,scenery,generic,00000846.pro,-1,,0
1728,,243996,0,3410,25121,121,125,0,33554499,0x02000043,scenery,generic,00000068.pro,-1,,0
1729,,244084,0,3416,25132,132,125,0,83886092,0x0500000C,misc,,00000012.pro,-1,,0
1730,,244172,0,3417,25133,133,125,0,83886092,0x0500000C,misc,,00000012.pro,-1,,0
1731,,244260,0,3418,25134,134,125,0,83886092,0x0500000C,misc,,00000012.pro,-1,,0
1732,,244348,0,3419,25134,134,125,0,50332658,0x030003F2,wall,,00001010.pro,-1,,0
1733,,244436,0,3420,25135,135,125,0,83886092,0x0500000C,misc,,00000012.pro,-1,,0
1734,,244524,0,3421,25135,135,125,0,50331879,0x030000E7,wall,,00000231.pro,-1,,0
1735,,244612,0,3428,25260,60,126,0,50332270,0x0300026E,wall,,00000622.pro,-1,,0
1736,,244700,0,3429,25262,62,126,0,50331873,0x030000E1,wall,,00000225.pro,-1,,0
1737,,244788,0,3430,25264,64,126,0,50331875,0x030000E3,wall,,00000227.pro,-1,,0
1738,,244876,0,3431,25265,65,126,0,83886092,0x0500000C,misc,,00000012.pro,-1,,0
1739,,244964,0,3432,25266,66,126,0,50332269,0x0300026D,wall,,00000621.pro,-1,,0
1740,,245052,0,3433,25266,66,126,0,83886092,0x0500000C,misc,,00000012.pro,-1,,0
1741,,245140,0,3438,25274,74,126,0,50332269,0x0300026D,wall,,00000621.pro,-1,,0
1742,,245228,0,3439,25275,75,126,0,50331877,0x030000E5,wall,,00000229.pro,-1,,0
1743,,245316,0,3441,25276,76,126,0,50331876,0x030000E4,wall,,00000228.pro,-1,,0
1744,,245404,0,3447,25277,77,126,0,50331881,0x030000E9,wall,,00000233.pro,-1,,0
1745,,245492,0,3462,25284,84,126,0,50332656,0x030003F0,wall,,00001008.pro,-1,,0
1746,,245580,0,3463,25285,85,126,0,50332270,0x0300026E,wall,,00000622.pro,-1,,0
1747,,245668,0,3465,25287,87,126,0,50332270,0x0300026E,wall,,00000622.pro,-1,,0
1748,,245756,0,3468,25291,91,126,0,50332270,0x0300026E,wall,,00000622.pro,-1,,0
1749,,245844,0,3469,25292,92,126,0,50332270,0x0300026E,wall,,00000622.pro,-1,,0
1750,,245932,0,3470,25293,93,126,0,50331884,0x030000EC,wall,,00000236.pro,-1,,0
1751,,246020,0,3471,25296,96,126,0,50332656,0x030003F0,wall,,00001008.pro,-1,,0
1752,,246108,0,3473,25297,97,126,0,50332270,0x0300026E,wall,,00000622.pro,-1,,0
1753,,246196,0,3476,25299,99,126,0,50332270,0x0300026E,wall,,00000622.pro,-1,,0
1754,,246284,0,3477,25303,103,126,0,50332270,0x0300026E,wall,,00000622.pro,-1,,0
1755,,246372,0,3478,25304,104,126,0,50332270,0x0300026E,wall,,00000622.pro,-1,,0
1756,,246460,0,3480,25305,105,126,0,50331879,0x030000E7,wall,,00000231.pro,-1,,0
1757,,246548,0,3484,25318,118,126,0,50332659,0x030003F3,wall,,00001011.pro,-1,,0
1758,,246636,0,3485,25318,118,126,0,33555279,0x0200034F,scenery,generic,00000848.pro,-1,,0
1759,,246724,0,3486,25320,120,126,0,33555038,0x0200025E,scenery,generic,00000607.pro,-1,,0
1760,,246812,0,3487,25321,121,126,0,33554499,0x02000043,scenery,generic,00000068.pro,-1,,0
1761,,246900,0,3492,25327,127,126,2,16777225,0x01000009,critter,,00000009.pro,67108868,VTeam1.int,2
1761/inventory/0,1,247032,0,3493,0,0,0,0,13,0x0000000D,item,weapon,00000007.pro,-1,,0
1761/inventory/1,7,247132,0,3494,-1,,,0,37,0x00000025,item,ammo,00000037.pro,-1,,0
1762,,247224,0,3495,25330,130,126,0,83886092,0x0500000C,misc,,00000012.pro,-1,,0
1763,,247312,0,3496,25331,131,126,0,83886092,0x0500000C,misc,,00000012.pro,-1,,0
1764,,247400,0,3497,25332,132,126,0,83886092,0x0500000C,misc,,00000012.pro,-1,,0
1765,,247488,0,3498,25333,133,126,0,83886092,0x0500000C,misc,,00000012.pro,-1,,0
1766,,247576,0,3499,25334,134,126,0,50332656,0x030003F0,wall,,00001008.pro,-1,,0
1767,,247664,0,3500,25335,135,126,0,50331878,0x030000E6,wall,,00000230.pro,-1,,0
1768,,247752,0,3507,25461,61,127,0,50331872,0x030000E0,wall,,00000224.pro,-1,,0
1769,,247840,0,3508,25463,63,127,0,50331874,0x030000E2,wall,,00000226.pro,-1,,0
1770,,247928,0,3509,25465,65,127,0,50331876,0x030000E4,wall,,00000228.pro,-1,,0
1771,,248016,0,3510,25466,66,127,0,83886092,0x0500000C,misc,,00000012.pro,-1,,0
1772,,248104,0,3511,25466,66,127,0,50332657,0x030003F1,wall,,00001009.pro,-1,,0
1773,,248192,0,3512,25466,66,127,0,33555275,0x0200034B,scenery,generic,00000844.pro,-1,,0
1774,,248280,0,3518,25474,74,127,0,50332658,0x030003F2,wall,,00001010.pro,-1,,0
1775,,248368,0,3519,25475,75,127,0,50332270,0x0300026E,wall,,00000622.pro,-1,,0
1776,,248456,0,3520,25477,77,127,0,50332301,0x0300028D,wall,,00000653.pro,-1,,0
1777,,248544,0,3523,25484,84,127,0,50332658,0x030003F2,wall,,00001010.pro,-1,,0
1778,,248632,0,3524,25484,84,127,0,33555275,0x0200034B,scenery,generic,00000844.pro,-1,,0
1779,,248720,0,3536,25492,92,127,0,50332662,0x030003F6,wall,,00001014.pro,-1,,0
1780,,248808,0,3537,25493,93,127,0,50332640,0x030003E0,wall,,00000992.pro,-1,,0
1781,,248896,0,3538,25493,93,127,0,33555274,0x0200034A,scenery,generic,00000843.pro,-1,,0
1782,,248984,0,3539,25494,94,127,0,50332639,0x030003DF,wall,,00000991.pro,-1,,0
1783,,249072,0,3540,25494,94,127,0,33555272,0x02000348,scenery,generic,00000841.pro,-1,,0
1784,,249160,0,3541,25495,95,127,0,50332640,0x030003E0,wall,,00000992.pro,-1,,0
1785,,249248,0,3542,25496,96,127,0,50332679,0x03000407,wall,,00001031.pro,-1,,0
1786,,249336,0,3553,25504,104,127,0,50332658,0x030003F2,wall,,00001010.pro,-1,,0
1787,,249424,0,3555,25505,105,127,0,50331880,0x030000E8,wall,,00000232.pro,-1,,0
1788,,249512,0,3559,25518,118,127,0,33555260,0x0200033C,scenery,generic,00000829.pro,50331704,Klaxon.int,0
1789,,249600,0,3560,25518,118,127,0,50332653,0x030003ED,wall,,00001005.pro,-1,,0
1790,,249688,0,3561,25519,119,127,0,33554499,0x02000043,scenery,generic,00000068.pro,-1,,0
1791,,249776,0,3562,25520,120,127,0,33554499,0x02000043,scenery,generic,00000068.pro,-1,,0
1792,,249864,0,3563,25521,121,127,0,33554499,0x02000043,scenery,generic,00000068.pro,-1,,0
1793,,249952,0,3566,25528,128,127,0,83886092,0x0500000C,misc,,00000012.pro,-1,,0
1794,,250040,0,3567,25529,129,127,0,83886092,0x0500000C,misc,,00000012.pro,-1,,0
1795,,250128,0,3568,25530,130,127,0,83886092,0x0500000C,misc,,00000012.pro,-1,,0
1796,,250216,0,3569,25531,131,127,0,83886092,0x0500000C,misc,,00000012.pro,-1,,0
1797,,250304,0,3570,25534,134,127,0,50332658,0x030003F2,wall,,00001010.pro,-1,,0
1798,,250392,0,3571,25535,135,127,0,50331881,0x030000E9,wall,,00000233.pro,-1,,0
1799,,250480,0,3577,25666,66,128,0,50332656,0x030003F0,wall,,00001008.pro,-1,,0
1800,,250568,0,3578,25666,66,128,0,33555277,0x0200034D,scenery,generic,00000846.pro,-1,,0
1801,,250656,0,3579,25667,67,128,0,83886092,0x0500000C,misc,,00000012.pro,-1,,0
1802,,250744,0,3584,25674,74,128,0,50332656,0x030003F0,wall,,00001008.pro,-1,,0
1803,,250832,0,3585,25675,75,128,0,50331884,0x030000EC,wall,,00000236.pro,-1,,0
1804,,250920,0,3589,25684,84,128,0,50332652,0x030003EC,wall,,00001004.pro,-1,,0
1805,,251008,0,3590,25684,84,128,0,33555279,0x0200034F,scenery,generic,00000848.pro,-1,,0
1806,,251096,0,3595,25693,93,128,0,50332270,0x0300026E,wall,,00000622.pro,-1,,0
1807,,251184,0,3596,25693,93,128,0,33555259,0x0200033B,scenery,generic,00000828.pro,50331711,Klaxon.int,0
1808,,251272,0,3597,25695,95,128,0,50332270,0x0300026E,wall,,00000622.pro,-1,,0
1809,,251360,0,3602,25704,104,128,0,50332656,0x030003F0,wall,,00001008.pro,-1,,0
1810,,251448,0,3604,25705,105,128,0,50331884,0x030000EC,wall,,00000236.pro,-1,,0
1811,,251536,0,3608,25718,118,128,0,50332651,0x030003EB,wall,,00001003.pro,-1,,0
1812,,251624,0,3611,25726,126,128,0,83886092,0x0500000C,misc,,00000012.pro,-1,,0
1813,,251712,0,3612,25727,127,128,0,83886092,0x0500000C,misc,,00000012.pro,-1,,0
1814,,251800,0,3613,25728,128,128,0,83886092,0x0500000C,misc,,00000012.pro,-1,,0
1815,,251888,0,3614,25729,129,128,0,83886092,0x0500000C,misc,,00000012.pro,-1,,0
1816,,251976,0,3615,25734,134,128,0,50332656,0x030003F0,wall,,00001008.pro,-1,,0
1817,,252064,0,3616,25735,135,128,0,50331880,0x030000E8,wall,,00000232.pro,-1,,0
1818,,252152,0,3623,25866,66,129,0,50332658,0x030003F2,wall,,00001010.pro,-1,,0
1819,,252240,0,3624,25866,66,129,0,33555276,0x0200034C,scenery,generic,00000845.pro,-1,,0
1820,,252328,0,3625,25867,67,129,0,83886092,0x0500000C,misc,,00000012.pro,-1,,0
1821,,252416,0,3626,25868,68,129,0,83886092,0x0500000C,misc,,00000012.pro,-1,,0
1822,,252504,0,3631,25874,74,129,0,50332662,0x030003F6,wall,,00001014.pro,-1,,0
1823,,252592,0,3632,25875,75,129,0,50332638,0x030003DE,wall,,00000990.pro,-1,,0
1824,,252680,0,3637,25876,76,129,0,50332637,0x030003DD,wall,,00000989.pro,-1,,0
1825,,252768,0,3638,25877,77,129,0,50332640,0x030003E0,wall,,00000992.pro,-1,,0
1826,,252856,0,3639,25877,77,129,0,33555274,0x0200034A,scenery,generic,00000843.pro,-1,,0
1827,,252944,0,3640,25878,78,129,0,50332639,0x030003DF,wall,,00000991.pro,-1,,0
1828,,253032,0,3641,25878,78,129,0,33555078,0x02000286,scenery,generic,00000647.pro,50331654,Emiter6a.int,0
1829,,253120,0,3642,25878,78,129,0,33555272,0x02000348,scenery,generic,00000841.pro,-1,,0
1830,,253208,0,3643,25879,79,129,0,50332644,0x030003E4,wall,,00000996.pro,-1,,0
1831,,253296,0,3644,25880,80,129,0,50332676,0x03000404,wall,,00001028.pro,-1,,0
1832,,253384,0,3646,25881,81,129,0,50332638,0x030003DE,wall,,00000990.pro,-1,,0
1833,,253472,0,3648,25882,82,129,0,50332637,0x030003DD,wall,,00000989.pro,-1,,0
1834,,253560,0,3651,25883,83,129,0,50332640,0x030003E0,wall,,00000992.pro,-1,,0
1835,,253648,0,3652,25884,84,129,0,50332679,0x03000407,wall,,00001031.pro,-1,,0
1836,,253736,0,3663,25904,104,129,0,50332662,0x030003F6,wall,,00001014.pro,-1,,0
1837,,253824,0,3665,25905,105,129,0,50332638,0x030003DE,wall,,00000990.pro,-1,,0
1838,,253912,0,3667,25906,106,129,0,50332637,0x030003DD,wall,,00000989.pro,-1,,0
1839,,254000,0,3668,25907,107,129,0,50332638,0x030003DE,wall,,00000990.pro,-1,,0
1840,,254088,0,3669,25908,108,129,0,50332637,0x030003DD,wall,,00000989.pro,-1,,0
1841,,254176,0,3670,25909,109,129,0,50332644,0x030003E4,wall,,00000996.pro,-1,,0
1842,,254264,0,3671,25910,110,129,0,50332676,0x03000404,wall,,00001028.pro,-1,,0
1843,,254352,0,3672,25911,111,129,0,50332640,0x030003E0,wall,,00000992.pro,-1,,0
1844,,254440,0,3673,25911,111,129,0,33555274,0x0200034A,scenery,generic,00000843.pro,-1,,0
1845,,254528,0,3674,25912,112,129,0,50332639,0x030003DF,wall,,00000991.pro,-1,,0
1846,,254616,0,3675,25912,112,129,0,33555272,0x02000348,scenery,generic,00000841.pro,-1,,0
1847,,254704,0,3676,25913,113,129,0,50332638,0x030003DE,wall,,00000990.pro,-1,,0
1848,,254792,0,3677,25914,114,129,0,50332637,0x030003DD,wall,,00000989.pro,-1,,0
1849,,254880,0,3678,25915,115,129,0,50332638,0x030003DE,wall,,00000990.pro,-1,,0
1850,,254968,0,3679,25916,116,129,0,50332637,0x030003DD,wall,,00000989.pro,-1,,0
1851,,255056,0,3682,25917,117,129,0,50332640,0x030003E0,wall,,00000992.pro,-1,,0
1852,,255144,0,3683,25918,118,129,0,50332679,0x03000407,wall,,00001031.pro,-1,,0
1853,,255232,0,3684,25924,124,129,0,83886092,0x0500000C,misc,,00000012.pro,-1,,0
1854,,255320,0,3686,25925,125,129,0,83886092,0x0500000C,misc,,00000012.pro,-1,,0
1855,,255408,0,3688,25926,126,129,0,83886092,0x0500000C,misc,,00000012.pro,-1,,0
1856,,255496,0,3689,25927,127,129,0,83886092,0x0500000C,misc,,00000012.pro,-1,,0
1857,,255584,0,3690,25934,134,129,0,50332658,0x030003F2,wall,,00001010.pro,-1,,0
1858,,255672,0,3691,25935,135,129,0,50331879,0x030000E7,wall,,00000231.pro,-1,,0
1859,,255760,0,3698,26066,66,130,0,50332656,0x030003F0,wall,,00001008.pro,-1,,0
1860,,255848,0,3699,26066,66,130,0,33555277,0x0200034D,scenery,generic,00000846.pro,-1,,0
1861,,255936,0,3700,26068,68,130,0,83886092,0x0500000C,misc,,00000012.pro,-1,,0
1862,,256024,0,3702,26075,75,130,0,50332270,0x0300026E,wall,,00000622.pro,-1,,0
1863,,256112,0,3703,26077,77,130,0,50332270,0x0300026E,wall,,00000622.pro,-1,,0
1864,,256200,0,3704,26079,79,130,0,50332270,0x0300026E,wall,,00000622.pro,-1,,0
1865,,256288,0,3705,26080,80,130,0,50332269,0x0300026D,wall,,00000621.pro,-1,,0
1866,,256376,0,3707,26081,81,130,0,50332270,0x0300026E,wall,,00000622.pro,-1,,0
1867,,256464,0,3709,26083,83,130,0,50332270,0x0300026E,wall,,00000622.pro,-1,,0
1868,,256552,0,3711,26105,105,130,0,50332270,0x0300026E,wall,,00000622.pro,-1,,0
1869,,256640,0,3713,26107,107,130,0,50332270,0x0300026E,wall,,00000622.pro,-1,,0
1870,,256728,0,3714,26109,109,130,0,50332270,0x0300026E,wall,,00000622.pro,-1,,0
1871,,256816,0,3715,26110,110,130,0,50332269,0x0300026D,wall,,00000621.pro,-1,,0
1872,,256904,0,3716,26111,111,130,0,50332270,0x0300026E,wall,,00000622.pro,-1,,0
1873,,256992,0,3717,26113,113,130,0,50332270,0x0300026E,wall,,00000622.pro,-1,,0
1874,,257080,0,3718,26115,115,130,0,50332270,0x0300026E,wall,,00000622.pro,-1,,0
1875,,257168,0,3721,26117,117,130,0,50332270,0x0300026E,wall,,00000622.pro,-1,,0
1876,,257256,0,3722,26122,122,130,0,83886092,0x0500000C,misc,,00000012.pro,-1,,0
1877,,257344,0,3723,26123,123,130,0,83886092,0x0500000C,misc,,00000012.pro,-1,,0
1878,,257432,0,3724,26124,124,130,0,83886092,0x0500000C,misc,,00000012.pro,-1,,0
1879,,257520,0,3726,26125,125,130,0,83886092,0x0500000C,misc,,00000012.pro,-1,,0
1880,,257608,0,3728,26126,126,130,4,16777225,0x01000009,critter,,00000009.pro,67108866,VTeam1.int,1
1880/inventory/0,1,257740,0,3729,0,0,0,0,12,0x0000000C,item,weapon,00000006.pro,-1,,0
1881,,257836,0,3730,26129,129,130,0,16777241,0x01000019,critter,,00000024.pro,67108867,VTeam1.int,1
1881/inventory/0,1,257968,0,3731,0,0,0,0,12,0x0000000C,item,weapon,00000006.pro,-1,,0
1882,,258064,0,3732,26134,134,130,0,50332656,0x030003F0,wall,,00001008.pro,-1,,0
1883,,258152,0,3733,26135,135,130,0,50331878,0x030000E6,wall,,00000230.pro,-1,,0
1884,,258240,0,3739,26266,66,131,0,33555260,0x0200033C,scenery,generic,00000829.pro,50331710,Klaxon.int,0
1885,,258328,0,3740,26266,66,131,0,50332657,0x030003F1,wall,,00001009.pro,-1,,0
1886,,258416,0,3741,26266,66,131,0,33555276,0x0200034C,scenery,generic,00000845.pro,-1,,0
1887,,258504,0,3742,26269,69,131,0,83886092,0x0500000C,misc,,00000012.pro,-1,,0
1888,,258592,0,3752,26280,80,131,0,50332785,0x03000471,wall,,00001137.pro,50331738,Emiter6a.int,0
1889,,258680,0,2210,26310,110,131,0,50332785,0x03000471,wall,,00001137.pro,50331666,GenEmit.int,0
1890,,258768,0,3760,26320,120,131,0,83886092,0x0500000C,misc,,00000012.pro,-1,,0
1891,,258856,0,3761,26321,121,131,0,83886092,0x0500000C,misc,,00000012.pro,-1,,0
1892,,258944,0,3762,26322,122,131,0,83886092,0x0500000C,misc,,00000012.pro,-1,,0
1893,,259032,0,3763,26323,123,131,0,83886092,0x0500000C,misc,,00000012.pro,-1,,0
1894,,259120,0,3766,26334,134,131,0,50332658,0x030003F2,wall,,00001010.pro,-1,,0
1895,,259208,0,3767,26335,135,131,0,50331881,0x030000E9,wall,,00000233.pro,-1,,0
1896,,259296,0,3773,26466,66,132,0,50332656,0x030003F0,wall,,00001008.pro,-1,,0
1897,,259384,0,3774,26466,66,132,0,33555277,0x0200034D,scenery,generic,00000846.pro,-1,,0
1898,,259472,0,3775,26469,69,132,0,83886092,0x0500000C,misc,,00000012.pro,-1,,0
1899,,259560,0,3776,26470,70,132,0,83886092,0x0500000C,misc,,00000012.pro,-1,,0
1900,,259648,0,3780,26480,80,132,0,50332270,0x0300026E,wall,,00000622.pro,-1,,0
1901,,259736,0,3784,26510,110,132,0,50332270,0x0300026E,wall,,00000622.pro,-1,,0
1902,,259824,0,3787,26518,118,132,0,83886092,0x0500000C,misc,,00000012.pro,-1,,0
1903,,259912,0,3788,26519,119,132,0,83886092,0x0500000C,misc,,00000012.pro,-1,,0
1904,,260000,0,3789,26520,120,132,0,83886092,0x0500000C,misc,,00000012.pro,-1,,0
1905,,260088,0,3790,26521,121,132,0,83886092,0x0500000C,misc,,00000012.pro,-1,,0
1906,,260176,0,3793,26534,134,132,0,50332656,0x030003F0,wall,,00001008.pro,-1,,0
1907,,260264,0,3794,26535,135,132,0,50331880,0x030000E8,wall,,00000232.pro,-1,,0
1908,,260352,0,3801,26666,66,133,0,50332655,0x030003EF,wall,,00001007.pro,-1,,0
1909,,260440,0,3802,26666,66,133,0,33555276,0x0200034C,scenery,generic,00000845.pro,-1,,0
1910,,260528,0,3803,26670,70,133,0,83886092,0x0500000C,misc,,00000012.pro,-1,,0
1911,,260616,0,3808,26680,80,133,0,33554922,0x020001EA,scenery,generic,00000491.pro,50331737,Field6a.int,0
1912,,260704,0,3821,26710,110,133,0,33554924,0x020001EC,scenery,generic,00000493.pro,-1,,0
1913,,260792,0,3833,26716,116,133,0,83886092,0x0500000C,misc,,00000012.pro,-1,,0
1914,,260880,0,3835,26717,117,133,0,83886092,0x0500000C,misc,,00000012.pro,-1,,0
1915,,260968,0,3836,26718,118,133,0,83886092,0x0500000C,misc,,00000012.pro,-1,,0
1916,,261056,0,3837,26719,119,133,0,83886092,0x0500000C,misc,,00000012.pro,-1,,0
1917,,261144,0,3844,26734,134,133,0,50332658,0x030003F2,wall,,00001010.pro,-1,,0
1918,,261232,0,3846,26735,135,133,0,50331879,0x030000E7,wall,,00000231.pro,-1,,0
1919,,261320,0,3851,26866,66,134,0,50332654,0x030003EE,wall,,00001006.pro,-1,,0
1920,,261408,0,3852,26866,66,134,0,33555277,0x0200034D,scenery,generic,00000846.pro,-1,,0
1921,,261496,0,3854,26871,71,134,0,83886092,0x0500000C,misc,,00000012.pro,-1,,0
1922,,261584,0,3858,26880,80,134,0,50332270,0x0300026E,wall,,00000622.pro,-1,,0
1923,,261672,0,3867,26910,110,134,0,50332270,0x0300026E,wall,,00000622.pro,-1,,0
1924,,261760,0,3871,26914,114,134,0,83886092,0x0500000C,misc,,00000012.pro,-1,,0
1925,,261848,0,3872,26915,115,134,0,83886092,0x0500000C,misc,,00000012.pro,-1,,0
1926,,261936,0,3874,26916,116,134,0,83886092,0x0500000C,misc,,00000012.pro,-1,,0
1927,,262024,0,3875,26917,117,134,0,83886092,0x0500000C,misc,,00000012.pro,-1,,0
1928,,262112,0,3882,26934,134,134,0,50332656,0x030003F0,wall,,00001008.pro,-1,,0
1929,,262200,0,3884,26935,135,134,0,50331878,0x030000E6,wall,,00000230.pro,-1,,0
1930,,262288,0,3887,27066,66,135,0,50332655,0x030003EF,wall,,00001007.pro,-1,,0
1931,,262376,0,3888,27066,66,135,0,33555276,0x0200034C,scenery,generic,00000845.pro,-1,,0
1932,,262464,0,3890,27071,71,135,0,83886092,0x0500000C,misc,,00000012.pro,-1,,0
1933,,262552,0,3897,27072,72,135,0,83886092,0x0500000C,misc,,00000012.pro,-1,,0
1934,,262640,0,3902,27080,80,135,0,50332269,0x0300026D,wall,,00000621.pro,-1,,0
1935,,262728,0,3911,27110,110,135,0,50332269,0x0300026D,wall,,00000621.pro,-1,,0
1936,,262816,0,3912,27112,112,135,0,83886092,0x0500000C,misc,,00000012.pro,-1,,0
1937,,262904,0,3913,27113,113,135,0,83886092,0x0500000C,misc,,00000012.pro,-1,,0
1938,,262992,0,3914,27114,114,135,0,83886092,0x0500000C,misc,,00000012.pro,-1,,0
1939,,263080,0,3915,27115,115,135,0,83886092,0x0500000C,misc,,00000012.pro,-1,,0
1940,,263168,0,3922,27134,134,135,0,50332658,0x030003F2,wall,,00001010.pro,-1,,0
1941,,263256,0,3923,27135,135,135,0,50331881,0x030000E9,wall,,00000233.pro,-1,,0
1942,,263344,0,3926,27266,66,136,0,50332654,0x030003EE,wall,,00001006.pro,-1,,0
1943,,263432,0,3927,27266,66,136,0,33555279,0x0200034F,scenery,generic,00000848.pro,-1,,0
1944,,263520,0,3929,27272,72,136,0,83886092,0x0500000C,misc,,00000012.pro,-1,,0
1945,,263608,0,3930,27280,80,136,0,50332786,0x03000472,wall,,00001138.pro,-1,,0
1946,,263696,0,3939,27310,110,136,0,83886092,0x0500000C,misc,,00000012.pro,-1,,0
1947,,263784,0,3940,27310,110,136,0,50332786,0x03000472,wall,,00001138.pro,-1,,0
1948,,263872,0,3941,27311,111,136,0,83886092,0x0500000C,misc,,00000012.pro,-1,,0
1949,,263960,0,3942,27312,112,136,0,83886092,0x0500000C,misc,,00000012.pro,-1,,0
1950,,264048,0,3943,27313,113,136,0,83886092,0x0500000C,misc,,00000012.pro,-1,,0
1951,,264136,0,3950,27334,134,136,0,50332656,0x030003F0,wall,,00001008.pro,-1,,0
1952,,264224,0,3951,27335,135,136,0,50331880,0x030000E8,wall,,00000232.pro,-1,,0
1953,,264312,0,3953,27466,66,137,0,50332662,0x030003F6,wall,,00001014.pro,-1,,0
1954,,264400,0,3954,27467,67,137,0,50332644,0x030003E4,wall,,00000996.pro,-1,,0
1955,,264488,0,3955,27468,68,137,0,50332661,0x030003F5,wall,,00001013.pro,-1,,0
1956,,264576,0,3956,27469,69,137,0,50332644,0x030003E4,wall,,00000996.pro,-1,,0
1957,,264664,0,3957,27470,70,137,0,50332661,0x030003F5,wall,,00001013.pro,-1,,0
1958,,264752,0,3959,27471,71,137,0,50332644,0x030003E4,wall,,00000996.pro,-1,,0
1959,,264840,0,3962,27472,72,137,0,50332661,0x030003F5,wall,,00001013.pro,-1,,0
1960,,264928,0,3965,27473,73,137,0,83886092,0x0500000C,misc,,00000012.pro,-1,,0
1961,,265016,0,3966,27473,73,137,0,50332644,0x030003E4,wall,,00000996.pro,-1,,0
1962,,265104,0,3969,27474,74,137,0,50332661,0x030003F5,wall,,00001013.pro,-1,,0
1963,,265192,0,3972,27475,75,137,0,50332644,0x030003E4,wall,,00000996.pro,-1,,0
1964,,265280,0,3973,27476,76,137,0,50332661,0x030003F5,wall,,00001013.pro,-1,,0
1965,,265368,0,3974,27477,77,137,0,50332644,0x030003E4,wall,,00000996.pro,-1,,0
1966,,265456,0,3975,27478,78,137,0,50332661,0x030003F5,wall,,00001013.pro,-1,,0
1967,,265544,0,3976,27479,79,137,0,50332640,0x030003E0,wall,,00000992.pro,-1,,0
1968,,265632,0,3977,27480,80,137,0,50332678,0x03000406,wall,,00001030.pro,-1,,0
1969,,265720,0,3979,27481,81,137,0,50332644,0x030003E4,wall,,00000996.pro,-1,,0
1970,,265808,0,3980,27482,82,137,0,50332661,0x030003F5,wall,,00001013.pro,-1,,0
1971,,265896,0,3981,27483,83,137,0,50332644,0x030003E4,wall,,00000996.pro,-1,,0
1972,,265984,0,3982,27484,84,137,0,50332661,0x030003F5,wall,,00001013.pro,-1,,0
1973,,266072,0,3983,27485,85,137,0,50332644,0x030003E4,wall,,00000996.pro,-1,,0
1974,,266160,0,3984,27486,86,137,0,50332661,0x030003F5,wall,,00001013.pro,-1,,0
1975,,266248,0,3987,27487,87,137,0,50332644,0x030003E4,wall,,00000996.pro,-1,,0
1976,,266336,0,3990,27488,88,137,0,50332661,0x030003F5,wall,,00001013.pro,-1,,0
1977,,266424,0,3994,27489,89,137,0,50332644,0x030003E4,wall,,00000996.pro,-1,,0
1978,,266512,0,3999,27490,90,137,0,50332663,0x030003F7,wall,,00001015.pro,-1,,0
1979,,266600,0,4004,27498,98,137,0,50332664,0x030003F8,wall,,00001016.pro,-1,,0
1980,,266688,0,4008,27499,99,137,0,50332644,0x030003E4,wall,,00000996.pro,-1,,0
1981,,266776,0,4013,27500,100,137,0,50332661,0x030003F5,wall,,00001013.pro,-1,,0
1982,,266864,0,4014,27501,101,137,0,50332644,0x030003E4,wall,,00000996.pro,-1,,0
1983,,266952,0,4015,27502,102,137,0,50332661,0x030003F5,wall,,00001013.pro,-1,,0
1984,,267040,0,4016,27503,103,137,0,50332644,0x030003E4,wall,,00000996.pro,-1,,0
1985,,267128,0,4017,27504,104,137,0,50332661,0x030003F5,wall,,00001013.pro,-1,,0
1986,,267216,0,4018,27505,105,137,0,50332644,0x030003E4,wall,,00000996.pro,-1,,0
1987,,267304,0,4019,27506,106,137,0,50332661,0x030003F5,wall,,00001013.pro,-1,,0
1988,,267392,0,4020,27507,107,137,0,50332644,0x030003E4,wall,,00000996.pro,-1,,0
1989,,267480,0,4021,27508,108,137,0,83886092,0x0500000C,misc,,00000012.pro,-1,,0
1990,,267568,0,4022,27508,108,137,0,50332661,0x030003F5,wall,,00001013.pro,-1,,0
1991,,267656,0,4024,27509,109,137,0,83886092,0x0500000C,misc,,00000012.pro,-1,,0
1992,,267744,0,4025,27509,109,137,0,50332640,0x030003E0,wall,,00000992.pro,-1,,0
1993,,267832,0,4026,27510,110,137,0,83886092,0x0500000C,misc,,00000012.pro,-1,,0
1994,,267920,0,4027,27510,110,137,0,50332678,0x03000406,wall,,00001030.pro,-1,,0
1995,,268008,0,4028,27511,111,137,0,83886092,0x0500000C,misc,,00000012.pro,-1,,0
1996,,268096,0,4029,27511,111,137,0,50332644,0x030003E4,wall,,00000996.pro,-1,,0
1997,,268184,0,4030,27512,112,137,0,50332661,0x030003F5,wall,,00001013.pro,-1,,0
1998,,268272,0,4031,27513,113,137,0,50332644,0x030003E4,wall,,00000996.pro,-1,,0
1999,,268360,0,4032,27514,114,137,0,50332661,0x030003F5,wall,,00001013.pro,-1,,0
2000,,268448,0,4033,27515,115,137,0,50332644,0x030003E4,wall,,00000996.pro,-1,,0
2001,,268536,0,4034,27516,116,137,0,50332661,0x030003F5,wall,,00001013.pro,-1,,0
2002,,268624,0,4035,27517,117,137,0,50332644,0x030003E4,wall,,00000996.pro,-1,,0
2003,,268712,0,4036,27518,118,137,0,50332661,0x030003F5,wall,,00001013.pro,-1,,0
2004,,268800,0,4037,27519,119,137,0,50332644,0x030003E4,wall,,00000996.pro,-1,,0
2005,,268888,0,4038,27520,120,137,0,50332661,0x030003F5,wall,,00001013.pro,-1,,0
2006,,268976,0,4039,27521,121,137,0,50332644,0x030003E4,wall,,00000996.pro,-1,,0
2007,,269064,0,4040,27522,122,137,0,50332661,0x030003F5,wall,,00001013.pro,-1,,0
2008,,269152,0,4041,27523,123,137,0,50332644,0x030003E4,wall,,00000996.pro,-1,,0
2009,,269240,0,4042,27524,124,137,0,50332661,0x030003F5,wall,,00001013.pro,-1,,0
2010,,269328,0,4043,27525,125,137,0,50332644,0x030003E4,wall,,00000996.pro,-1,,0
2011,,269416,0,4044,27526,126,137,0,50332661,0x030003F5,wall,,00001013.pro,-1,,0
2012,,269504,0,4046,27527,127,137,0,50332644,0x030003E4,wall,,00000996.pro,-1,,0
2013,,269592,0,4048,27528,128,137,0,50332661,0x030003F5,wall,,00001013.pro,-1,,0
2014,,269680,0,4051,27529,129,137,0,50332644,0x030003E4,wall,,00000996.pro,-1,,0
2015,,269768,0,4054,27530,130,137,0,50332661,0x030003F5,wall,,00001013.pro,-1,,0
2016,,269856,0,4055,27531,131,137,0,50332644,0x030003E4,wall,,00000996.pro,-1,,0
2017,,269944,0,4056,27532,132,137,0,50332661,0x030003F5,wall,,00001013.pro,-1,,0
2018,,270032,0,4057,27533,133,137,0,50332644,0x030003E4,wall,,00000996.pro,-1,,0
2019,,270120,0,4058,27534,134,137,0,50332679,0x03000407,wall,,00001031.pro,-1,,0
2020,,270208,0,4059,27535,135,137,0,50331879,0x030000E7,wall,,00000231.pro,-1,,0
2021,,270296,0,4061,27666,66,138,0,50332270,0x0300026E,wall,,00000622.pro,-1,,0
2022,,270384,0,4062,27668,68,138,0,50331873,0x030000E1,wall,,00000225.pro,-1,,0
2023,,270472,0,4063,27670,70,138,0,50331877,0x030000E5,wall,,00000229.pro,-1,,0
2024,,270560,0,4066,27672,72,138,0,50331875,0x030000E3,wall,,00000227.pro,-1,,0
2025,,270648,0,4067,27673,73,138,0,83886092,0x0500000C,misc,,00000012.pro,-1,,0
2026,,270736,0,4069,27674,74,138,0,83886092,0x0500000C,misc,,00000012.pro,-1,,0
2027,,270824,0,4070,27674,74,138,0,50331873,0x030000E1,wall,,00000225.pro,-1,,0
2028,,270912,0,4071,27676,76,138,0,50331877,0x030000E5,wall,,00000229.pro,-1,,0
2029,,271000,0,4072,27678,78,138,0,50331875,0x030000E3,wall,,00000227.pro,-1,,0
2030,,271088,0,4073,27680,80,138,0,50331873,0x030000E1,wall,,00000225.pro,-1,,0
2031,,271176,0,4075,27682,82,138,0,50331877,0x030000E5,wall,,00000229.pro,-1,,0
2032,,271264,0,4076,27684,84,138,0,50331875,0x030000E3,wall,,00000227.pro,-1,,0
2033,,271352,0,4078,27686,86,138,0,50331873,0x030000E1,wall,,00000225.pro,-1,,0
2034,,271440,0,4081,27688,88,138,0,50331877,0x030000E5,wall,,00000229.pro,-1,,0
2035,,271528,0,4083,27690,90,138,0,50332269,0x0300026D,wall,,00000621.pro,-1,,0
2036,,271616,0,4087,27698,98,138,0,50332269,0x0300026D,wall,,00000621.pro,-1,,0
2037,,271704,0,4089,27700,100,138,0,50331875,0x030000E3,wall,,00000227.pro,-1,,0
2038,,271792,0,4090,27702,102,138,0,50331873,0x030000E1,wall,,00000225.pro,-1,,0
2039,,271880,0,4091,27704,104,138,0,50331877,0x030000E5,wall,,00000229.pro,-1,,0
2040,,271968,0,4092,27706,106,138,0,83886092,0x0500000C,misc,,00000012.pro,-1,,0
2041,,272056,0,4093,27706,106,138,0,50331875,0x030000E3,wall,,00000227.pro,-1,,0
2042,,272144,0,4094,27707,107,138,0,83886092,0x0500000C,misc,,00000012.pro,-1,,0
2043,,272232,0,4095,27708,108,138,0,83886092,0x0500000C,misc,,00000012.pro,-1,,0
2044,,272320,0,4096,27708,108,138,0,50331873,0x030000E1,wall,,00000225.pro,-1,,0
2045,,272408,0,4098,27709,109,138,0,83886092,0x0500000C,misc,,00000012.pro,-1,,0
2046,,272496,0,4099,27710,110,138,0,50331877,0x030000E5,wall,,00000229.pro,-1,,0
2047,,272584,0,4100,27712,112,138,0,50331875,0x030000E3,wall,,00000227.pro,-1,,0
2048,,272672,0,4101,27714,114,138,0,50331873,0x030000E1,wall,,00000225.pro,-1,,0
2049,,272760,0,4102,27716,116,138,0,50331877,0x030000E5,wall,,00000229.pro,-1,,0
2050,,272848,0,4103,27718,118,138,0,50331875,0x030000E3,wall,,00000227.pro,-1,,0
2051,,272936,0,4104,27720,120,138,0,50331873,0x030000E1,wall,,00000225.pro,-1,,0
2052,,273024,0,4105,27722,122,138,0,50331877,0x030000E5,wall,,00000229.pro,-1,,0
2053,,273112,0,4106,27724,124,138,0,50331875,0x030000E3,wall,,00000227.pro,-1,,0
2054,,273200,0,4109,27726,126,138,0,50331873,0x030000E1,wall,,00000225.pro,-1,,0
2055,,273288,0,4112,27728,128,138,0,50331877,0x030000E5,wall,,00000229.pro,-1,,0
2056,,273376,0,4115,27730,130,138,0,50331875,0x030000E3,wall,,00000227.pro,-1,,0
2057,,273464,0,4116,27732,132,138,0,50331873,0x030000E1,wall,,00000225.pro,-1,,0
2058,,273552,0,4117,27734,134,138,0,50331877,0x030000E5,wall,,00000229.pro,-1,,0
2059,,273640,0,4118,27735,135,138,0,50331878,0x030000E6,wall,,00000230.pro,-1,,0
2060,,273728,0,4121,27867,67,139,0,50331874,0x030000E2,wall,,00000226.pro,-1,,0
2061,,273816,0,4122,27869,69,139,0,50331872,0x030000E0,wall,,00000224.pro,-1,,0
2062,,273904,0,4124,27871,71,139,0,50331876,0x030000E4,wall,,00000228.pro,-1,,0
2063,,273992,0,4128,27873,73,139,0,50331874,0x030000E2,wall,,00000226.pro,-1,,0
2064,,274080,0,4129,27874,74,139,0,83886092,0x0500000C,misc,,00000012.pro,-1,,0
2065,,274168,0,4130,27875,75,139,0,50331872,0x030000E0,wall,,00000224.pro,-1,,0
2066,,274256,0,4131,27877,77,139,0,50331876,0x030000E4,wall,,00000228.pro,-1,,0
2067,,274344,0,4132,27879,79,139,0,50331874,0x030000E2,wall,,00000226.pro,-1,,0
2068,,274432,0,4134,27881,81,139,0,50331872,0x030000E0,wall,,00000224.pro,-1,,0
2069,,274520,0,4137,27883,83,139,0,50331876,0x030000E4,wall,,00000228.pro,-1,,0
2070,,274608,0,4138,27885,85,139,0,50331874,0x030000E2,wall,,00000226.pro,-1,,0
2071,,274696,0,4141,27887,87,139,0,50331872,0x030000E0,wall,,00000224.pro,-1,,0
2072,,274784,0,4144,27889,89,139,0,50331876,0x030000E4,wall,,00000228.pro,-1,,0
2073,,274872,0,4146,27890,90,139,0,50332657,0x030003F1,wall,,00001009.pro,-1,,0
2074,,274960,0,4147,27890,90,139,0,33555275,0x0200034B,scenery,generic,00000844.pro,-1,,0
2075,,275048,0,4151,27898,98,139,0,50332658,0x030003F2,wall,,00001010.pro,-1,,0
2076,,275136,0,4153,27899,99,139,0,50332300,0x0300028C,wall,,00000652.pro,-1,,0
2077,,275224,0,4155,27901,101,139,0,50331874,0x030000E2,wall,,00000226.pro,-1,,0
2078,,275312,0,4156,27903,103,139,0,50331872,0x030000E0,wall,,00000224.pro,-1,,0
2079,,275400,0,4157,27904,104,139,0,83886092,0x0500000C,misc,,00000012.pro,-1,,0
2080,,275488,0,4158,27905,105,139,0,83886092,0x0500000C,misc,,00000012.pro,-1,,0
2081,,275576,0,4159,27905,105,139,0,50331876,0x030000E4,wall,,00000228.pro,-1,,0
2082,,275664,0,4160,27906,106,139,0,83886092,0x0500000C,misc,,00000012.pro,-1,,0
2083,,275752,0,4161,27907,107,139,0,83886092,0x0500000C,misc,,00000012.pro,-1,,0
2084,,275840,0,4162,27907,107,139,0,50331874,0x030000E2,wall,,00000226.pro,-1,,0
2085,,275928,0,4164,27909,109,139,0,50331872,0x030000E0,wall,,00000224.pro,-1,,0
2086,,276016,0,4165,27911,111,139,0,50331876,0x030000E4,wall,,00000228.pro,-1,,0
2087,,276104,0,4166,27913,113,139,0,50331874,0x030000E2,wall,,00000226.pro,-1,,0
2088,,276192,0,4167,27915,115,139,0,50331872,0x030000E0,wall,,00000224.pro,-1,,0
2089,,276280,0,4168,27917,117,139,0,50331876,0x030000E4,wall,,00000228.pro,-1,,0
2090,,276368,0,4169,27919,119,139,0,50331874,0x030000E2,wall,,00000226.pro,-1,,0
2091,,276456,0,4170,27921,121,139,0,50331872,0x030000E0,wall,,00000224.pro,-1,,0
2092,,276544,0,4172,27923,123,139,0,50331876,0x030000E4,wall,,00000228.pro,-1,,0
2093,,276632,0,4175,27925,125,139,0,50331874,0x030000E2,wall,,00000226.pro,-1,,0
2094,,276720,0,4177,27927,127,139,0,50331872,0x030000E0,wall,,00000224.pro,-1,,0
2095,,276808,0,4179,27929,129,139,0,50331876,0x030000E4,wall,,00000228.pro,-1,,0
2096,,276896,0,4181,27931,131,139,0,50331874,0x030000E2,wall,,00000226.pro,-1,,0
2097,,276984,0,4182,27933,133,139,0,50331872,0x030000E0,wall,,00000224.pro,-1,,0
2098,,277072,0,4183,27935,135,139,0,50332301,0x0300028D,wall,,00000653.pro,-1,,0
2099,,277160,0,4189,28075,75,140,0,83886092,0x0500000C,misc,,00000012.pro,-1,,0
2100,,277248,0,4197,28090,90,140,0,50332656,0x030003F0,wall,,00001008.pro,-1,,0
2101,,277336,0,4198,28090,90,140,0,33555277,0x0200034D,scenery,generic,00000846.pro,-1,,0
2102,,277424,0,4199,28098,98,140,0,50332656,0x030003F0,wall,,00001008.pro,-1,,0
2103,,277512,0,4200,28099,99,140,0,50332270,0x0300026E,wall,,00000622.pro,-1,,0
2104,,277600,0,4201,28102,102,140,0,83886092,0x0500000C,misc,,00000012.pro,-1,,0
2105,,277688,0,4202,28103,103,140,0,83886092,0x0500000C,misc,,00000012.pro,-1,,0
2106,,277776,0,4203,28104,104,140,0,83886092,0x0500000C,misc,,00000012.pro,-1,,0
2107,,277864,0,4204,28105,105,140,0,83886092,0x0500000C,misc,,00000012.pro,-1,,0
2108,,277952,0,4218,28275,75,141,0,83886092,0x0500000C,misc,,00000012.pro,-1,,0
2109,,278040,0,4219,28276,76,141,0,83886092,0x0500000C,misc,,00000012.pro,-1,,0
2110,,278128,0,4222,28290,90,141,0,50332658,0x030003F2,wall,,00001010.pro,-1,,0
2111,,278216,0,4223,28290,90,141,0,33555276,0x0200034C,scenery,generic,00000845.pro,-1,,0
2112,,278304,0,4224,28298,98,141,0,50332658,0x030003F2,wall,,00001010.pro,-1,,0
2113,,278392,0,4225,28299,99,141,0,50331878,0x030000E6,wall,,00000230.pro,-1,,0
2114,,278480,0,4226,28300,100,141,0,83886092,0x0500000C,misc,,00000012.pro,-1,,0
2115,,278568,0,4227,28301,101,141,0,83886092,0x0500000C,misc,,00000012.pro,-1,,0
2116,,278656,0,4228,28302,102,141,0,83886092,0x0500000C,misc,,00000012.pro,-1,,0
2117,,278744,0,4229,28303,103,141,0,83886092,0x0500000C,misc,,00000012.pro,-1,,0
2118,,278832,0,4256,28476,76,142,0,83886092,0x0500000C,misc,,00000012.pro,-1,,0
2119,,278920,0,4259,28490,90,142,0,50332652,0x030003EC,wall,,00001004.pro,-1,,0
2120,,279008,0,4260,28490,90,142,0,33555277,0x0200034D,scenery,generic,00000846.pro,-1,,0
2121,,279096,0,4261,28498,98,142,0,83886092,0x0500000C,misc,,00000012.pro,-1,,0
2122,,279184,0,4262,28498,98,142,0,50332656,0x030003F0,wall,,00001008.pro,-1,,0
2123,,279272,0,4263,28499,99,142,0,83886092,0x0500000C,misc,,00000012.pro,-1,,0
2124,,279360,0,4264,28499,99,142,0,50331879,0x030000E7,wall,,00000231.pro,-1,,0
2125,,279448,0,4265,28500,100,142,0,83886092,0x0500000C,misc,,00000012.pro,-1,,0
2126,,279536,0,4266,28501,101,142,0,83886092,0x0500000C,misc,,00000012.pro,-1,,0
2127,,279624,0,4284,28677,77,143,0,83886092,0x0500000C,misc,,00000012.pro,-1,,0
2128,,279712,0,4287,28690,90,143,0,33555260,0x0200033C,scenery,generic,00000829.pro,50331712,Klaxon.int,0
2129,,279800,0,4288,28690,90,143,0,50332657,0x030003F1,wall,,00001009.pro,-1,,0
2130,,279888,0,4289,28690,90,143,0,33555276,0x0200034C,scenery,generic,00000845.pro,-1,,0
2131,,279976,0,4290,28696,96,143,0,83886092,0x0500000C,misc,,00000012.pro,-1,,0
2132,,280064,0,4291,28697,97,143,0,83886092,0x0500000C,misc,,00000012.pro,-1,,0
2133,,280152,0,4292,28698,98,143,0,83886092,0x0500000C,misc,,00000012.pro,-1,,0
2134,,280240,0,4293,28698,98,143,0,50332658,0x030003F2,wall,,00001010.pro,-1,,0
2135,,280328,0,4294,28699,99,143,0,83886092,0x0500000C,misc,,00000012.pro,-1,,0
2136,,280416,0,4295,28699,99,143,0,50331880,0x030000E8,wall,,00000232.pro,-1,,0
2137,,280504,0,4314,28877,77,144,0,83886092,0x0500000C,misc,,00000012.pro,-1,,0
2138,,280592,0,4315,28878,78,144,0,83886092,0x0500000C,misc,,00000012.pro,-1,,0
2139,,280680,0,4318,28890,90,144,0,50332656,0x030003F0,wall,,00001008.pro,-1,,0
2140,,280768,0,4319,28890,90,144,0,33555277,0x0200034D,scenery,generic,00000846.pro,-1,,0
2141,,280856,0,4320,28894,94,144,0,83886092,0x0500000C,misc,,00000012.pro,-1,,0
2142,,280944,0,4321,28895,95,144,0,83886092,0x0500000C,misc,,00000012.pro,-1,,0
2143,,281032,0,4322,28896,96,144,0,83886092,0x0500000C,misc,,00000012.pro,-1,,0
2144,,281120,0,4323,28897,97,144,0,83886092,0x0500000C,misc,,00000012.pro,-1,,0
2145,,281208,0,4324,28898,98,144,0,50332656,0x030003F0,wall,,00001008.pro,-1,,0
2146,,281296,0,4325,28899,99,144,0,50331881,0x030000E9,wall,,00000233.pro,-1,,0
2147,,281384,0,4345,29078,78,145,0,83886092,0x0500000C,misc,,00000012.pro,-1,,0
2148,,281472,0,4358,29090,90,145,0,50332655,0x030003EF,wall,,00001007.pro,-1,,0
2149,,281560,0,4359,29090,90,145,0,33555276,0x0200034C,scenery,generic,00000845.pro,-1,,0
2150,,281648,0,4362,29092,92,145,0,83886092,0x0500000C,misc,,00000012.pro,-1,,0
2151,,281736,0,4364,29093,93,145,0,83886092,0x0500000C,misc,,00000012.pro,-1,,0
2152,,281824,0,4366,29094,94,145,0,83886092,0x0500000C,misc,,00000012.pro,-1,,0
2153,,281912,0,4368,29095,95,145,0,83886092,0x0500000C,misc,,00000012.pro,-1,,0
2154,,282000,0,4372,29098,98,145,0,50332658,0x030003F2,wall,,00001010.pro,-1,,0
2155,,282088,0,4374,29099,99,145,0,50331878,0x030000E6,wall,,00000230.pro,-1,,0
2156,,282176,0,4402,29279,79,146,0,83886092,0x0500000C,misc,,00000012.pro,-1,,0
2157,,282264,0,4408,29290,90,146,0,83886092,0x0500000C,misc,,00000012.pro,-1,,0
2158,,282352,0,4409,29290,90,146,0,50332654,0x030003EE,wall,,00001006.pro,-1,,0
2159,,282440,0,4410,29290,90,146,0,33555277,0x0200034D,scenery,generic,00000846.pro,-1,,0
2160,,282528,0,4412,29291,91,146,0,83886092,0x0500000C,misc,,00000012.pro,-1,,0
2161,,282616,0,4413,29292,92,146,0,83886092,0x0500000C,misc,,00000012.pro,-1,,0
2162,,282704,0,4415,29293,93,146,0,83886092,0x0500000C,misc,,00000012.pro,-1,,0
2163,,282792,0,4418,29298,98,146,0,50332656,0x030003F0,wall,,00001008.pro,-1,,0
2164,,282880,0,4420,29299,99,146,0,50331879,0x030000E7,wall,,00000231.pro,-1,,0
2165,,282968,0,4440,29479,79,147,0,83886092,0x0500000C,misc,,00000012.pro,-1,,0
2166,,283056,0,4442,29480,80,147,0,83886092,0x0500000C,misc,,00000012.pro,-1,,0
2167,,283144,0,4447,29488,88,147,0,83886092,0x0500000C,misc,,00000012.pro,-1,,0
2168,,283232,0,4448,29489,89,147,0,83886092,0x0500000C,misc,,00000012.pro,-1,,0
2169,,283320,0,4450,29490,90,147,0,83886092,0x0500000C,misc,,00000012.pro,-1,,0
2170,,283408,0,4451,29490,90,147,0,50332660,0x030003F4,wall,,00001012.pro,-1,,0
2171,,283496,0,4452,29490,90,147,0,33555276,0x0200034C,scenery,generic,00000845.pro,-1,,0
2172,,283584,0,4453,29491,91,147,0,83886092,0x0500000C,misc,,00000012.pro,-1,,0
2173,,283672,0,4458,29498,98,147,0,50332658,0x030003F2,wall,,00001010.pro,-1,,0
2174,,283760,0,4459,29499,99,147,0,50331880,0x030000E8,wall,,00000232.pro,-1,,0
2175,,283848,0,4475,29680,80,148,0,83886092,0x0500000C,misc,,00000012.pro,-1,,0
2176,,283936,0,4476,29686,86,148,0,83886092,0x0500000C,misc,,00000012.pro,-1,,0
2177,,284024,0,4477,29687,87,148,0,83886092,0x0500000C,misc,,00000012.pro,-1,,0
2178,,284112,0,4478,29688,88,148,0,83886092,0x0500000C,misc,,00000012.pro,-1,,0
2179,,284200,0,4479,29689,89,148,0,83886092,0x0500000C,misc,,00000012.pro,-1,,0
2180,,284288,0,4480,29690,90,148,0,50332659,0x030003F3,wall,,00001011.pro,-1,,0
2181,,284376,0,4481,29690,90,148,0,33555277,0x0200034D,scenery,generic,00000846.pro,-1,,0
2182,,284464,0,4482,29698,98,148,0,50332656,0x030003F0,wall,,00001008.pro,-1,,0
2183,,284552,0,4483,29699,99,148,0,50331881,0x030000E9,wall,,00000233.pro,-1,,0
2184,,284640,0,4489,29881,81,149,0,83886092,0x0500000C,misc,,00000012.pro,-1,,0
2185,,284728,0,4490,29884,84,149,0,83886092,0x0500000C,misc,,00000012.pro,-1,,0
2186,,284816,0,4491,29885,85,149,0,83886092,0x0500000C,misc,,00000012.pro,-1,,0
2187,,284904,0,4492,29886,86,149,0,83886092,0x0500000C,misc,,00000012.pro,-1,,0
2188,,284992,0,4493,29887,87,149,0,83886092,0x0500000C,misc,,00000012.pro,-1,,0
2189,,285080,0,4494,29890,90,149,0,50332658,0x030003F2,wall,,00001010.pro,-1,,0
2190,,285168,0,4495,29890,90,149,0,33555276,0x0200034C,scenery,generic,00000845.pro,-1,,0
2191,,285256,0,4496,29898,98,149,0,50332658,0x030003F2,wall,,00001010.pro,-1,,0
2192,,285344,0,4497,29899,99,149,0,50331878,0x030000E6,wall,,00000230.pro,-1,,0
2193,,285432,0,4503,30081,81,150,0,83886092,0x0500000C,misc,,00000012.pro,-1,,0
2194,,285520,0,4504,30082,82,150,0,83886092,0x0500000C,misc,,00000012.pro,-1,,0
2195,,285608,0,4505,30083,83,150,0,83886092,0x0500000C,misc,,00000012.pro,-1,,0
2196,,285696,0,4506,30084,84,150,0,83886092,0x0500000C,misc,,00000012.pro,-1,,0
2197,,285784,0,4507,30085,85,150,0,83886092,0x0500000C,misc,,00000012.pro,-1,,0
2198,,285872,0,4508,30090,90,150,0,50332652,0x030003EC,wall,,00001004.pro,-1,,0
2199,,285960,0,4509,30090,90,150,0,33555277,0x0200034D,scenery,generic,00000846.pro,-1,,0
2200,,286048,0,4510,30098,98,150,0,50332656,0x030003F0,wall,,00001008.pro,-1,,0
2201,,286136,0,4511,30099,99,150,0,50331879,0x030000E7,wall,,00000231.pro,-1,,0
2202,,286224,0,4518,30282,82,151,0,83886092,0x0500000C,misc,,00000012.pro,-1,,0
2203,,286312,0,4519,30283,83,151,0,83886092,0x0500000C,misc,,00000012.pro,-1,,0
2204,,286400,0,4520,30290,90,151,0,83886102,0x05000016,misc,,00000022.pro,-1,,0
2205,,286504,0,4521,30290,90,151,0,50332657,0x030003F1,wall,,00001009.pro,-1,,0
2206,,286592,0,4522,30290,90,151,0,33555276,0x0200034C,scenery,generic,00000845.pro,-1,,0
2207,,286680,0,4523,30291,91,151,0,83886102,0x05000016,misc,,00000022.pro,-1,,0
2208,,286784,0,4524,30292,92,151,0,83886102,0x05000016,misc,,00000022.pro,-1,,0
2209,,286888,0,4525,30293,93,151,0,83886102,0x05000016,misc,,00000022.pro,-1,,0
2210,,286992,0,4526,30294,94,151,0,83886102,0x05000016,misc,,00000022.pro,-1,,0
2211,,287096,0,4527,30295,95,151,0,83886102,0x05000016,misc,,00000022.pro,-1,,0
2212,,287200,0,4528,30296,96,151,0,83886102,0x05000016,misc,,00000022.pro,-1,,0
2213,,287304,0,4529,30297,97,151,0,83886102,0x05000016,misc,,00000022.pro,-1,,0
2214,,287408,0,4530,30298,98,151,0,83886102,0x05000016,misc,,00000022.pro,-1,,0
2215,,287512,0,4531,30298,98,151,0,50332658,0x030003F2,wall,,00001010.pro,-1,,0
2216,,287600,0,4533,30299,99,151,0,50331880,0x030000E8,wall,,00000232.pro,-1,,0
2217,,287688,0,4538,30490,90,152,0,50332656,0x030003F0,wall,,00001008.pro,-1,,0
2218,,287776,0,4539,30490,90,152,0,33555277,0x0200034D,scenery,generic,00000846.pro,-1,,0
2219,,287864,0,4542,30498,98,152,0,50332656,0x030003F0,wall,,00001008.pro,-1,,0
2220,,287952,0,4544,30499,99,152,0,50331881,0x030000E9,wall,,00000233.pro,-1,,0
2221,,288040,0,4547,30690,90,153,0,50332658,0x030003F2,wall,,00001010.pro,-1,,0
2222,,288128,0,4548,30690,90,153,0,33555276,0x0200034C,scenery,generic,00000845.pro,-1,,0
2223,,288216,0,4549,30693,93,153,0,33554481,0x02000031,scenery,generic,00000050.pro,-1,,0
2224,,288304,0,4551,30695,95,153,0,33554481,0x02000031,scenery,generic,00000050.pro,-1,,0
2225,,288392,0,4555,30698,98,153,0,50332658,0x030003F2,wall,,00001010.pro,-1,,0
2226,,288480,0,4556,30699,99,153,0,50331878,0x030000E6,wall,,00000230.pro,-1,,0
2227,,288568,0,4559,30890,90,154,0,50332652,0x030003EC,wall,,00001004.pro,-1,,0
2228,,288656,0,4560,30890,90,154,0,33555277,0x0200034D,scenery,generic,00000846.pro,-1,,0
2229,,288744,0,4565,30898,98,154,0,50332656,0x030003F0,wall,,00001008.pro,-1,,0
2230,,288832,0,4566,30899,99,154,0,50331879,0x030000E7,wall,,00000231.pro,-1,,0
2231,,288920,0,4568,31090,90,155,0,33555260,0x0200033C,scenery,generic,00000829.pro,50331713,Klaxon.int,0
2232,,289008,0,4569,31090,90,155,0,50332657,0x030003F1,wall,,00001009.pro,-1,,0
2233,,289096,0,4570,31090,90,155,0,33555276,0x0200034C,scenery,generic,00000845.pro,-1,,0
2234,,289184,0,4572,31091,91,155,0,83886102,0x05000016,misc,,00000022.pro,-1,,0
2235,,289288,0,4575,31093,93,155,0,83886102,0x05000016,misc,,00000022.pro,-1,,0
2236,,289392,0,4577,31095,95,155,0,83886102,0x05000016,misc,,00000022.pro,-1,,0
2237,,289496,0,4578,31097,97,155,0,83886102,0x05000016,misc,,00000022.pro,-1,,0
2238,,289600,0,4579,31098,98,155,0,50332658,0x030003F2,wall,,00001010.pro,-1,,0
2239,,289688,0,4580,31099,99,155,0,50331880,0x030000E8,wall,,00000232.pro,-1,,0
2240,,289776,0,4585,31290,90,156,0,50332656,0x030003F0,wall,,00001008.pro,-1,,0
2241,,289864,0,4586,31290,90,156,0,33555277,0x0200034D,scenery,generic,00000846.pro,-1,,0
2242,,289952,0,4589,31298,98,156,0,50332656,0x030003F0,wall,,00001008.pro,-1,,0
2243,,290040,0,4590,31299,99,156,0,50331881,0x030000E9,wall,,00000233.pro,-1,,0
2244,,290128,0,4597,31490,90,157,0,50332658,0x030003F2,wall,,00001010.pro,-1,,0
2245,,290216,0,4598,31490,90,157,0,33555276,0x0200034C,scenery,generic,00000845.pro,-1,,0
2246,,290304,0,4599,31498,98,157,0,50332658,0x030003F2,wall,,00001010.pro,-1,,0
2247,,290392,0,4600,31499,99,157,0,50331878,0x030000E6,wall,,00000230.pro,-1,,0
2248,,290480,0,4606,31690,90,158,0,50332656,0x030003F0,wall,,00001008.pro,-1,,0
2249,,290568,0,4607,31690,90,158,0,33555277,0x0200034D,scenery,generic,00000846.pro,-1,,0
2250,,290656,0,4608,31698,98,158,0,50332656,0x030003F0,wall,,00001008.pro,-1,,0
2251,,290744,0,4609,31699,99,158,0,50331879,0x030000E7,wall,,00000231.pro,-1,,0
2252,,290832,0,4615,31890,90,159,0,50332657,0x030003F1,wall,,00001009.pro,-1,,0
2253,,290920,0,4616,31890,90,159,0,33555276,0x0200034C,scenery,generic,00000845.pro,-1,,0
2254,,291008,0,4617,31891,91,159,0,83886102,0x05000016,misc,,00000022.pro,-1,,0
2255,,291112,0,4618,31893,93,159,0,83886102,0x05000016,misc,,00000022.pro,-1,,0
2256,,291216,0,4619,31895,95,159,0,83886102,0x05000016,misc,,00000022.pro,-1,,0
2257,,291320,0,4620,31897,97,159,0,83886102,0x05000016,misc,,00000022.pro,-1,,0
2258,,291424,0,4621,31898,98,159,0,50332658,0x030003F2,wall,,00001010.pro,-1,,0
2259,,291512,0,4622,31899,99,159,0,50331880,0x030000E8,wall,,00000232.pro,-1,,0
2260,,291600,0,4628,32090,90,160,0,50332656,0x030003F0,wall,,00001008.pro,-1,,0
2261,,291688,0,4629,32090,90,160,0,33555277,0x0200034D,scenery,generic,00000846.pro,-1,,0
2262,,291776,0,4630,32098,98,160,0,50332656,0x030003F0,wall,,00001008.pro,-1,,0
2263,,291864,0,4631,32099,99,160,0,50331881,0x030000E9,wall,,00000233.pro,-1,,0
2264,,291952,0,4634,32290,90,161,0,50332655,0x030003EF,wall,,00001007.pro,-1,,0
2265,,292040,0,4635,32290,90,161,0,33555276,0x0200034C,scenery,generic,00000845.pro,-1,,0
2266,,292128,0,4636,32298,98,161,0,50332658,0x030003F2,wall,,00001010.pro,-1,,0
2267,,292216,0,4637,32299,99,161,0,50331878,0x030000E6,wall,,00000230.pro,-1,,0
2268,,292304,0,4638,32490,90,162,0,50332654,0x030003EE,wall,,00001006.pro,-1,,0
2269,,292392,0,4639,32490,90,162,0,33555277,0x0200034D,scenery,generic,00000846.pro,-1,,0
2270,,292480,0,4640,32498,98,162,0,50332656,0x030003F0,wall,,00001008.pro,-1,,0
2271,,292568,0,4641,32499,99,162,0,50331879,0x030000E7,wall,,00000231.pro,-1,,0
2272,,292656,0,4642,32690,90,163,0,50332660,0x030003F4,wall,,00001012.pro,-1,,0
2273,,292744,0,4643,32690,90,163,0,33555276,0x0200034C,scenery,generic,00000845.pro,-1,,0
2274,,292832,0,4644,32691,91,163,0,83886102,0x05000016,misc,,00000022.pro,-1,,0
2275,,292936,0,4645,32693,93,163,0,83886102,0x05000016,misc,,00000022.pro,-1,,0
2276,,293040,0,4646,32695,95,163,0,83886102,0x05000016,misc,,00000022.pro,-1,,0
2277,,293144,0,4647,32697,97,163,0,83886102,0x05000016,misc,,00000022.pro,-1,,0
2278,,293248,0,4648,32698,98,163,0,50332658,0x030003F2,wall,,00001010.pro,-1,,0
2279,,293336,0,4649,32699,99,163,0,50331880,0x030000E8,wall,,00000232.pro,-1,,0
2280,,293424,0,4650,32890,90,164,0,50332659,0x030003F3,wall,,00001011.pro,-1,,0
2281,,293512,0,4651,32890,90,164,0,33555279,0x0200034F,scenery,generic,00000848.pro,-1,,0
2282,,293600,0,4652,32898,98,164,0,50332656,0x030003F0,wall,,00001008.pro,-1,,0
2283,,293688,0,4653,32899,99,164,0,50331881,0x030000E9,wall,,00000233.pro,-1,,0
2284,,293776,0,4654,33090,90,165,0,50332653,0x030003ED,wall,,00001005.pro,-1,,0
2285,,293864,0,4655,33098,98,165,0,50332658,0x030003F2,wall,,00001010.pro,-1,,0
2286,,293952,0,4656,33099,99,165,0,50331878,0x030000E6,wall,,00000230.pro,-1,,0
2287,,294040,0,4657,33290,90,166,0,50332659,0x030003F3,wall,,00001011.pro,-1,,0
2288,,294128,0,4658,33292,92,166,5,33554776,0x02000158,scenery,generic,00000345.pro,-1,,0
2289,,294216,0,4659,33294,94,166,5,33554776,0x02000158,scenery,generic,00000345.pro,-1,,0
2290,,294304,0,4660,33296,96,166,5,33554776,0x02000158,scenery,generic,00000345.pro,-1,,0
2291,,294392,0,4661,33298,98,166,0,50332656,0x030003F0,wall,,00001008.pro,-1,,0
2292,,294480,0,4662,33299,99,166,0,50331879,0x030000E7,wall,,00000231.pro,-1,,0
2293,,294568,0,4663,33490,90,167,0,50332660,0x030003F4,wall,,00001012.pro,-1,,0
2294,,294656,0,4664,33491,91,167,5,33554776,0x02000158,scenery,generic,00000345.pro,-1,,0
2295,,294744,0,4665,33493,93,167,5,33554776,0x02000158,scenery,generic,00000345.pro,-1,,0
2296,,294832,0,4666,33495,95,167,5,33554776,0x02000158,scenery,generic,00000345.pro,-1,,0
2297,,294920,0,4667,33497,97,167,5,33554776,0x02000158,scenery,generic,00000345.pro,-1,,0
2298,,295008,0,4668,33498,98,167,0,50332658,0x030003F2,wall,,00001010.pro,-1,,0
2299,,295096,0,4669,33499,99,167,0,50331880,0x030000E8,wall,,00000232.pro,-1,,0
2300,,295184,0,4670,33690,90,168,0,50332659,0x030003F3,wall,,00001011.pro,-1,,0
2301,,295272,0,4671,33698,98,168,0,50332656,0x030003F0,wall,,00001008.pro,-1,,0
2302,,295360,0,4672,33699,99,168,0,50331881,0x030000E9,wall,,00000233.pro,-1,,0
2303,,295448,0,4673,33890,90,169,0,50332655,0x030003EF,wall,,00001007.pro,-1,,0
2304,,295536,0,4674,33898,98,169,0,50332658,0x030003F2,wall,,00001010.pro,-1,,0
2305,,295624,0,4675,33899,99,169,0,50331878,0x030000E6,wall,,00000230.pro,-1,,0
2306,,295712,0,4676,34090,90,170,0,50332654,0x030003EE,wall,,00001006.pro,-1,,0
2307,,295800,0,4677,34098,98,170,0,50332656,0x030003F0,wall,,00001008.pro,-1,,0
2308,,295888,0,4678,34099,99,170,0,50331879,0x030000E7,wall,,00000231.pro,-1,,0
2309,,295980,1,45,9508,108,47,0,83886092,0x0500000C,misc,,00000012.pro,-1,,0
2310,,296068,1,51,9706,106,48,0,83886092,0x0500000C,misc,,00000012.pro,-1,,0
2311,,296156,1,52,9707,107,48,0,83886092,0x0500000C,misc,,00000012.pro,-1,,0
2312,,296244,1,53,9708,108,48,0,83886092,0x0500000C,misc,,00000012.pro,-1,,0
2313,,296332,1,60,9904,104,49,0,83886092,0x0500000C,misc,,00000012.pro,-1,,0
2314,,296420,1,61,9905,105,49,0,83886092,0x0500000C,misc,,00000012.pro,-1,,0
2315,,296508,1,62,9906,106,49,0,83886092,0x0500000C,misc,,00000012.pro,-1,,0
2316,,296596,1,63,9907,107,49,0,83886092,0x0500000C,misc,,00000012.pro,-1,,0
2317,,296684,1,64,9909,109,49,0,83886092,0x0500000C,misc,,00000012.pro,-1,,0
2318,,296772,1,70,10102,102,50,0,83886092,0x0500000C,misc,,00000012.pro,-1,,0
2319,,296860,1,71,10103,103,50,0,83886092,0x0500000C,misc,,00000012.pro,-1,,0
2320,,296948,1,72,10104,104,50,0,83886092,0x0500000C,misc,,00000012.pro,-1,,0
2321,,297036,1,73,10105,105,50,0,83886092,0x0500000C,misc,,00000012.pro,-1,,0
2322,,297124,1,74,10109,109,50,0,83886092,0x0500000C,misc,,00000012.pro,-1,,0
2323,,297212,1,75,10110,110,50,0,83886092,0x0500000C,misc,,00000012.pro,-1,,0
2324,,297300,1,81,10300,100,51,0,83886092,0x0500000C,misc,,00000012.pro,-1,,0
2325,,297388,1,82,10301,101,51,0,83886092,0x0500000C,misc,,00000012.pro,-1,,0
2326,,297476,1,83,10302,102,51,0,83886092,0x0500000C,misc,,00000012.pro,-1,,0
2327,,297564,1,84,10303,103,51,0,83886092,0x0500000C,misc,,00000012.pro,-1,,0
2328,,297652,1,85,10310,110,51,0,83886092,0x0500000C,misc,,00000012.pro,-1,,0
2329,,297740,1,92,10498,98,52,0,83886092,0x0500000C,misc,,00000012.pro,-1,,0
2330,,297828,1,93,10499,99,52,0,83886092,0x0500000C,misc,,00000012.pro,-1,,0
2331,,297916,1,94,10500,100,52,0,83886092,0x0500000C,misc,,00000012.pro,-1,,0
2332,,298004,1,95,10501,101,52,0,83886092,0x0500000C,misc,,00000012.pro,-1,,0
2333,,298092,1,96,10511,111,52,0,83886092,0x0500000C,misc,,00000012.pro,-1,,0
2334,,298180,1,102,10696,96,53,0,83886092,0x0500000C,misc,,00000012.pro,-1,,0
2335,,298268,1,103,10697,97,53,0,83886092,0x0500000C,misc,,00000012.pro,-1,,0
2336,,298356,1,104,10698,98,53,0,83886092,0x0500000C,misc,,00000012.pro,-1,,0
2337,,298444,1,105,10699,99,53,0,83886092,0x0500000C,misc,,00000012.pro,-1,,0
2338,,298532,1,106,10711,111,53,0,83886092,0x0500000C,misc,,00000012.pro,-1,,0
2339,,298620,1,107,10712,112,53,0,83886092,0x0500000C,misc,,00000012.pro,-1,,0
2340,,298708,1,113,10894,94,54,0,83886092,0x0500000C,misc,,00000012.pro,-1,,0
2341,,298796,1,114,10895,95,54,0,83886092,0x0500000C,misc,,00000012.pro,-1,,0
2342,,298884,1,115,10896,96,54,0,83886092,0x0500000C,misc,,00000012.pro,-1,,0
2343,,298972,1,116,10897,97,54,0,83886092,0x0500000C,misc,,00000012.pro,-1,,0
2344,,299060,1,117,10912,112,54,0,83886092,0x0500000C,misc,,00000012.pro,-1,,0
2345,,299148,1,124,11092,92,55,0,83886092,0x0500000C,misc,,00000012.pro,-1,,0
2346,,299236,1,125,11093,93,55,0,83886092,0x0500000C,misc,,00000012.pro,-1,,0
2347,,299324,1,126,11094,94,55,0,83886092,0x0500000C,misc,,00000012.pro,-1,,0
2348,,299412,1,127,11095,95,55,0,83886092,0x0500000C,misc,,00000012.pro,-1,,0
2349,,299500,1,128,11113,113,55,0,83886092,0x0500000C,misc,,00000012.pro,-1,,0
2350,,299588,1,134,11290,90,56,0,83886092,0x0500000C,misc,,00000012.pro,-1,,0
2351,,299676,1,135,11291,91,56,0,83886092,0x0500000C,misc,,00000012.pro,-1,,0
2352,,299764,1,136,11292,92,56,0,83886092,0x0500000C,misc,,00000012.pro,-1,,0
2353,,299852,1,137,11293,93,56,0,83886092,0x0500000C,misc,,00000012.pro,-1,,0
2354,,299940,1,138,11313,113,56,0,83886092,0x0500000C,misc,,00000012.pro,-1,,0
2355,,300028,1,139,11314,114,56,0,83886092,0x0500000C,misc,,00000012.pro,-1,,0
2356,,300116,1,145,11488,88,57,0,83886092,0x0500000C,misc,,00000012.pro,-1,,0
2357,,300204,1,146,11489,89,57,0,83886092,0x0500000C,misc,,00000012.pro,-1,,0
2358,,300292,1,147,11490,90,57,0,83886092,0x0500000C,misc,,00000012.pro,-1,,0
2359,,300380,1,148,11491,91,57,0,83886092,0x0500000C,misc,,00000012.pro,-1,,0
2360,,300468,1,149,11514,114,57,0,83886092,0x0500000C,misc,,00000012.pro,-1,,0
2361,,300556,1,156,11686,86,58,0,83886092,0x0500000C,misc,,00000012.pro,-1,,0
2362,,300644,1,157,11687,87,58,0,83886092,0x0500000C,misc,,00000012.pro,-1,,0
2363,,300732,1,158,11688,88,58,0,83886092,0x0500000C,misc,,00000012.pro,-1,,0
2364,,300820,1,159,11689,89,58,0,83886092,0x0500000C,misc,,00000012.pro,-1,,0
2365,,300908,1,160,11715,115,58,0,83886092,0x0500000C,misc,,00000012.pro,-1,,0
2366,,300996,1,166,11884,84,59,0,83886092,0x0500000C,misc,,00000012.pro,-1,,0
2367,,301084,1,167,11885,85,59,0,83886092,0x0500000C,misc,,00000012.pro,-1,,0
2368,,301172,1,168,11886,86,59,0,83886092,0x0500000C,misc,,00000012.pro,-1,,0
2369,,301260,1,169,11887,87,59,0,83886092,0x0500000C,misc,,00000012.pro,-1,,0
2370,,301348,1,170,11915,115,59,0,83886092,0x0500000C,misc,,00000012.pro,-1,,0
2371,,301436,1,171,11916,116,59,0,83886092,0x0500000C,misc,,00000012.pro,-1,,0
2372,,301524,1,177,12082,82,60,0,83886092,0x0500000C,misc,,00000012.pro,-1,,0
2373,,301612,1,178,12083,83,60,0,83886092,0x0500000C,misc,,00000012.pro,-1,,0
2374,,301700,1,179,12084,84,60,0,83886092,0x0500000C,misc,,00000012.pro,-1,,0
2375,,301788,1,180,12085,85,60,0,83886092,0x0500000C,misc,,00000012.pro,-1,,0
2376,,301876,1,181,12116,116,60,0,83886092,0x0500000C,misc,,00000012.pro,-1,,0
2377,,301964,1,188,12280,80,61,0,83886092,0x0500000C,misc,,00000012.pro,-1,,0
2378,,302052,1,189,12281,81,61,0,83886092,0x0500000C,misc,,00000012.pro,-1,,0
2379,,302140,1,190,12282,82,61,0,83886092,0x0500000C,misc,,00000012.pro,-1,,0
2380,,302228,1,191,12283,83,61,0,83886092,0x0500000C,misc,,00000012.pro,-1,,0
2381,,302316,1,192,12317,117,61,0,83886092,0x0500000C,misc,,00000012.pro,-1,,0
2382,,302404,1,198,12478,78,62,0,83886092,0x0500000C,misc,,00000012.pro,-1,,0
2383,,302492,1,199,12479,79,62,0,83886092,0x0500000C,misc,,00000012.pro,-1,,0
2384,,302580,1,200,12480,80,62,0,83886092,0x0500000C,misc,,00000012.pro,-1,,0
2385,,302668,1,201,12481,81,62,0,83886092,0x0500000C,misc,,00000012.pro,-1,,0
2386,,302756,1,202,12517,117,62,0,83886092,0x0500000C,misc,,00000012.pro,-1,,0
2387,,302844,1,203,12518,118,62,0,83886092,0x0500000C,misc,,00000012.pro,-1,,0
2388,,302932,1,209,12676,76,63,0,83886092,0x0500000C,misc,,00000012.pro,-1,,0
2389,,303020,1,210,12677,77,63,0,83886092,0x0500000C,misc,,00000012.pro,-1,,0
2390,,303108,1,211,12678,78,63,0,83886092,0x0500000C,misc,,00000012.pro,-1,,0
2391,,303196,1,212,12679,79,63,0,83886092,0x0500000C,misc,,00000012.pro,-1,,0
2392,,303284,1,213,12718,118,63,0,83886092,0x0500000C,misc,,00000012.pro,-1,,0
2393,,303372,1,220,12874,74,64,0,83886092,0x0500000C,misc,,00000012.pro,-1,,0
2394,,303460,1,221,12875,75,64,0,83886092,0x0500000C,misc,,00000012.pro,-1,,0
2395,,303548,1,222,12876,76,64,0,83886092,0x0500000C,misc,,00000012.pro,-1,,0
2396,,303636,1,223,12877,77,64,0,83886092,0x0500000C,misc,,00000012.pro,-1,,0
2397,,303724,1,224,12919,119,64,0,83886092,0x0500000C,misc,,00000012.pro,-1,,0
2398,,303812,1,251,13072,72,65,0,83886092,0x0500000C,misc,,00000012.pro,-1,,0
2399,,303900,1,254,13073,73,65,0,83886092,0x0500000C,misc,,00000012.pro,-1,,0
2400,,303988,1,257,13074,74,65,0,83886092,0x0500000C,misc,,00000012.pro,-1,,0
2401,,304076,1,260,13075,75,65,0,83886092,0x0500000C,misc,,00000012.pro,-1,,0
2402,,304164,1,294,13119,119,65,0,83886092,0x0500000C,misc,,00000012.pro,-1,,0
2403,,304252,1,295,13120,120,65,0,83886092,0x0500000C,misc,,00000012.pro,-1,,0
2404,,304340,1,309,13270,70,66,0,83886092,0x0500000C,misc,,00000012.pro,-1,,0
2405,,304428,1,311,13271,71,66,0,83886092,0x0500000C,misc,,00000012.pro,-1,,0
2406,,304516,1,312,13272,72,66,0,83886092,0x0500000C,misc,,00000012.pro,-1,,0
2407,,304604,1,314,13273,73,66,0,83886092,0x0500000C,misc,,00000012.pro,-1,,0
2408,,304692,1,330,13320,120,66,0,83886092,0x0500000C,misc,,00000012.pro,-1,,0
2409,,304780,1,338,13468,68,67,0,83886092,0x0500000C,misc,,00000012.pro,-1,,0
2410,,304868,1,339,13469,69,67,0,83886092,0x0500000C,misc,,00000012.pro,-1,,0
2411,,304956,1,340,13470,70,67,0,83886092,0x0500000C,misc,,00000012.pro,-1,,0
2412,,305044,1,341,13471,71,67,0,83886092,0x0500000C,misc,,00000012.pro,-1,,0
2413,,305132,1,345,13516,116,67,0,50332664,0x030003F8,wall,,00001016.pro,-1,,0
2414,,305220,1,347,13517,117,67,0,50332644,0x030003E4,wall,,00000996.pro,-1,,0
2415,,305308,1,349,13518,118,67,0,50332661,0x030003F5,wall,,00001013.pro,-1,,0
2416,,305396,1,351,13519,119,67,0,50332644,0x030003E4,wall,,00000996.pro,-1,,0
2417,,305484,1,353,13520,120,67,0,50332661,0x030003F5,wall,,00001013.pro,-1,,0
2418,,305572,1,355,13521,121,67,0,83886092,0x0500000C,misc,,00000012.pro,-1,,0
2419,,305660,1,356,13521,121,67,0,50332644,0x030003E4,wall,,00000996.pro,-1,,0
2420,,305748,1,358,13522,122,67,0,50332661,0x030003F5,wall,,00001013.pro,-1,,0
2421,,305836,1,360,13523,123,67,0,50332644,0x030003E4,wall,,00000996.pro,-1,,0
2422,,305924,1,362,13524,124,67,0,50332663,0x030003F7,wall,,00001015.pro,-1,,0
2423,,306012,1,364,13525,125,67,0,50332270,0x0300026E,wall,,00000622.pro,-1,,0
2424,,306100,1,371,13666,66,68,0,83886092,0x0500000C,misc,,00000012.pro,-1,,0
2425,,306188,1,372,13667,67,68,0,83886092,0x0500000C,misc,,00000012.pro,-1,,0
2426,,306276,1,373,13668,68,68,0,83886092,0x0500000C,misc,,00000012.pro,-1,,0
2427,,306364,1,374,13669,69,68,0,83886092,0x0500000C,misc,,00000012.pro,-1,,0
2428,,306452,1,378,13716,116,68,0,50332269,0x0300026D,wall,,00000621.pro,-1,,0
2429,,306540,1,4738,13717,117,68,0,50332270,0x0300026E,wall,,00000622.pro,-1,,0
2430,,306628,1,4740,13719,119,68,0,50332270,0x0300026E,wall,,00000622.pro,-1,,0
2431,,306716,1,382,13721,121,68,0,83886092,0x0500000C,misc,,00000012.pro,-1,,0
2432,,306804,1,4742,13721,121,68,0,50332270,0x0300026E,wall,,00000622.pro,-1,,0
2433,,306892,1,383,13722,122,68,0,83886092,0x0500000C,misc,,00000012.pro,-1,,0
2434,,306980,1,4744,13723,123,68,0,50332270,0x0300026E,wall,,00000622.pro,-1,,0
2435,,307068,1,386,13724,124,68,0,50332269,0x0300026D,wall,,00000621.pro,-1,,0
2436,,307156,1,388,13725,125,68,0,50332270,0x0300026E,wall,,00000622.pro,-1,,0
2437,,307244,1,390,13856,56,69,0,50332664,0x030003F8,wall,,00001016.pro,-1,,0
2438,,307332,1,391,13857,57,69,0,50332640,0x030003E0,wall,,00000992.pro,-1,,0
2439,,307420,1,392,13857,57,69,0,33555274,0x0200034A,scenery,generic,00000843.pro,-1,,0
2440,,307508,1,395,13858,58,69,0,50332639,0x030003DF,wall,,00000991.pro,-1,,0
2441,,307596,1,396,13858,58,69,0,33555271,0x02000347,scenery,generic,00000840.pro,-1,,0
2442,,307684,1,398,13859,59,69,0,50332640,0x030003E0,wall,,00000992.pro,-1,,0
2443,,307772,1,399,13859,59,69,0,33555270,0x02000346,scenery,generic,00000839.pro,-1,,0
2444,,307860,1,401,13860,60,69,0,50332661,0x030003F5,wall,,00001013.pro,-1,,0
2445,,307948,1,402,13860,60,69,0,33555078,0x02000286,scenery,generic,00000647.pro,-1,,0
2446,,308036,1,403,13860,60,69,0,33555271,0x02000347,scenery,generic,00000840.pro,-1,,0
2447,,308124,1,405,13861,61,69,0,50332640,0x030003E0,wall,,00000992.pro,-1,,0
2448,,308212,1,406,13861,61,69,0,33555270,0x02000346,scenery,generic,00000839.pro,-1,,0
2449,,308300,1,407,13862,62,69,0,50332639,0x030003DF,wall,,00000991.pro,-1,,0
2450,,308388,1,408,13862,62,69,0,33555272,0x02000348,scenery,generic,00000841.pro,-1,,0
2451,,308476,1,409,13863,63,69,0,50332640,0x030003E0,wall,,00000992.pro,-1,,0
2452,,308564,1,410,13864,64,69,0,83886092,0x0500000C,misc,,00000012.pro,-1,,0
2453,,308652,1,411,13864,64,69,0,50332661,0x030003F5,wall,,00001013.pro,-1,,0
2454,,308740,1,412,13865,65,69,0,83886092,0x0500000C,misc,,00000012.pro,-1,,0
2455,,308828,1,413,13865,65,69,0,50332640,0x030003E0,wall,,00000992.pro,-1,,0
2456,,308916,1,414,13865,65,69,0,33555274,0x0200034A,scenery,generic,00000843.pro,-1,,0
2457,,309004,1,415,13866,66,69,0,83886092,0x0500000C,misc,,00000012.pro,-1,,0
2458,,309092,1,416,13866,66,69,0,50332639,0x030003DF,wall,,00000991.pro,-1,,0
2459,,309180,1,417,13866,66,69,0,33555272,0x02000348,scenery,generic,00000841.pro,-1,,0
2460,,309268,1,418,13867,67,69,0,83886092,0x0500000C,misc,,00000012.pro,-1,,0
2461,,309356,1,419,13867,67,69,0,50332640,0x030003E0,wall,,00000992.pro,-1,,0
2462,,309444,1,420,13868,68,69,0,50332661,0x030003F5,wall,,00001013.pro,-1,,0
2463,,309532,1,421,13869,69,69,0,50332640,0x030003E0,wall,,00000992.pro,-1,,0
2464,,309620,1,422,13869,69,69,0,33555274,0x0200034A,scenery,generic,00000843.pro,-1,,0
2465,,309708,1,423,13870,70,69,0,50332639,0x030003DF,wall,,00000991.pro,-1,,0
2466,,309796,1,424,13870,70,69,0,33555272,0x02000348,scenery,generic,00000841.pro,-1,,0
2467,,309884,1,425,13871,71,69,0,50332640,0x030003E0,wall,,00000992.pro,-1,,0
2468,,309972,1,426,13872,72,69,0,50332661,0x030003F5,wall,,00001013.pro,-1,,0
2469,,310060,1,427,13873,73,69,0,50332640,0x030003E0,wall,,00000992.pro,-1,,0
2470,,310148,1,428,13873,73,69,0,33555274,0x0200034A,scenery,generic,00000843.pro,-1,,0
2471,,310236,1,429,13874,74,69,0,50332639,0x030003DF,wall,,00000991.pro,-1,,0
2472,,310324,1,430,13874,74,69,0,33555272,0x02000348,scenery,generic,00000841.pro,-1,,0
2473,,310412,1,431,13875,75,69,0,50332640,0x030003E0,wall,,00000992.pro,-1,,0
2474,,310500,1,432,13876,76,69,0,50332661,0x030003F5,wall,,00001013.pro,-1,,0
2475,,310588,1,433,13877,77,69,0,50332640,0x030003E0,wall,,00000992.pro,-1,,0
2476,,310676,1,434,13877,77,69,0,33555274,0x0200034A,scenery,generic,00000843.pro,-1,,0
2477,,310764,1,435,13878,78,69,0,50332639,0x030003DF,wall,,00000991.pro,-1,,0
2478,,310852,1,436,13878,78,69,0,33555272,0x02000348,scenery,generic,00000841.pro,-1,,0
2479,,310940,1,437,13879,79,69,0,50332644,0x030003E4,wall,,00000996.pro,-1,,0
2480,,311028,1,438,13880,80,69,0,50332663,0x030003F7,wall,,00001015.pro,-1,,0
2481,,311116,1,439,13881,81,69,0,50332270,0x0300026E,wall,,00000622.pro,-1,,0
2482,,311204,1,443,13916,116,69,0,50332658,0x030003F2,wall,,00001010.pro,-1,,0
2483,,311292,1,444,13922,122,69,0,83886092,0x0500000C,misc,,00000012.pro,-1,,0
2484,,311380,1,446,13924,124,69,0,50332658,0x030003F2,wall,,00001010.pro,-1,,0
2485,,311468,1,448,13925,125,69,0,50331880,0x030000E8,wall,,00000232.pro,-1,,0
2486,,311556,1,452,14056,56,70,0,50332269,0x0300026D,wall,,00000621.pro,-1,,0
2487,,311644,1,454,14057,57,70,0,50332270,0x0300026E,wall,,00000622.pro,-1,,0
2488,,311732,1,458,14059,59,70,0,50332270,0x0300026E,wall,,00000622.pro,-1,,0
2489,,311820,1,459,14061,61,70,0,50332270,0x0300026E,wall,,00000622.pro,-1,,0
2490,,311908,1,460,14062,62,70,0,83886092,0x0500000C,misc,,00000012.pro,-1,,0
2491,,311996,1,461,14062,62,70,0,33554499,0x02000043,scenery,generic,00000068.pro,-1,,0
2492,,312084,1,462,14063,63,70,0,50332270,0x0300026E,wall,,00000622.pro,-1,,0
2493,,312172,1,463,14063,63,70,0,83886092,0x0500000C,misc,,00000012.pro,-1,,0
2494,,312260,1,464,14064,64,70,0,83886092,0x0500000C,misc,,00000012.pro,-1,,0
2495,,312348,1,465,14064,64,70,0,33554499,0x02000043,scenery,generic,00000068.pro,-1,,0
2496,,312436,1,466,14065,65,70,0,50332270,0x0300026E,wall,,00000622.pro,-1,,0
2497,,312524,1,467,14065,65,70,0,83886092,0x0500000C,misc,,00000012.pro,-1,,0
2498,,312612,1,468,14066,66,70,0,33554499,0x02000043,scenery,generic,00000068.pro,-1,,0
2499,,312700,1,469,14067,67,70,0,50332270,0x0300026E,wall,,00000622.pro,-1,,0
2500,,312788,1,470,14068,68,70,0,33554499,0x02000043,scenery,generic,00000068.pro,-1,,0
2501,,312876,1,471,14069,69,70,0,50332270,0x0300026E,wall,,00000622.pro,-1,,0
2502,,312964,1,472,14070,70,70,0,33554499,0x02000043,scenery,generic,00000068.pro,-1,,0
2503,,313052,1,473,14071,71,70,0,50332270,0x0300026E,wall,,00000622.pro,-1,,0
2504,,313140,1,474,14072,72,70,0,33554499,0x02000043,scenery,generic,00000068.pro,-1,,0
2505,,313228,1,475,14073,73,70,0,50332270,0x0300026E,wall,,00000622.pro,-1,,0
2506,,313316,1,476,14074,74,70,0,33554499,0x02000043,scenery,generic,00000068.pro,-1,,0
2507,,313404,1,477,14075,75,70,0,50332270,0x0300026E,wall,,00000622.pro,-1,,0
2508,,313492,1,478,14076,76,70,0,33554499,0x02000043,scenery,generic,00000068.pro,-1,,0
2509,,313580,1,479,14077,77,70,0,50332270,0x0300026E,wall,,00000622.pro,-1,,0
2510,,313668,1,480,14079,79,70,0,50332270,0x0300026E,wall,,00000622.pro,-1,,0
2511,,313756,1,481,14080,80,70,0,50332269,0x0300026D,wall,,00000621.pro,-1,,0
2512,,313844,1,482,14081,81,70,0,50332270,0x0300026E,wall,,00000622.pro,-1,,0
2513,,313932,1,486,14116,116,70,0,50332652,0x030003EC,wall,,00001004.pro,-1,,0
2514,,314020,1,488,14118,118,70,0,33554499,0x02000043,scenery,generic,00000068.pro,-1,,0
2515,,314108,1,490,14119,119,70,0,33554499,0x02000043,scenery,generic,00000068.pro,-1,,0
2516,,314196,1,492,14120,120,70,0,33554499,0x02000043,scenery,generic,00000068.pro,-1,,0
2517,,314284,1,494,14121,121,70,0,33554499,0x02000043,scenery,generic,00000068.pro,-1,,0
2518,,314372,1,495,14123,123,70,0,83886092,0x0500000C,misc,,00000012.pro,-1,,0
2519,,314460,1,497,14124,124,70,0,50332652,0x030003EC,wall,,00001004.pro,-1,,0
2520,,314548,1,499,14125,125,70,0,50331879,0x030000E7,wall,,00000231.pro,-1,,0
2521,,314636,1,504,14256,56,71,0,50332657,0x030003F1,wall,,00001009.pro,-1,,0
2522,,314724,1,505,14256,56,71,0,33555275,0x0200034B,scenery,generic,00000844.pro,-1,,0
2523,,314812,1,508,14260,60,71,0,83886092,0x0500000C,misc,,00000012.pro,-1,,0
2524,,314900,1,509,14261,61,71,0,83886092,0x0500000C,misc,,00000012.pro,-1,,0
2525,,314988,1,510,14262,62,71,0,83886092,0x0500000C,misc,,00000012.pro,-1,,0
2526,,315076,1,511,14262,62,71,0,33554499,0x02000043,scenery,generic,00000068.pro,-1,,0
2527,,315164,1,512,14263,63,71,0,83886092,0x0500000C,misc,,00000012.pro,-1,,0
2528,,315252,1,513,14264,64,71,0,33554499,0x02000043,scenery,generic,00000068.pro,-1,,0
2529,,315340,1,514,14264,64,71,0,33555337,0x02000389,scenery,generic,00000906.pro,-1,,0
2530,,315428,1,515,14266,66,71,0,33554499,0x02000043,scenery,generic,00000068.pro,-1,,0
2531,,315516,1,516,14268,68,71,0,33554499,0x02000043,scenery,generic,00000068.pro,-1,,0
2532,,315604,1,517,14268,68,71,0,33555337,0x02000389,scenery,generic,00000906.pro,-1,,0
2533,,315692,1,518,14270,70,71,0,33554499,0x02000043,scenery,generic,00000068.pro,-1,,0
2534,,315780,1,519,14272,72,71,0,33554499,0x02000043,scenery,generic,00000068.pro,-1,,0
2535,,315868,1,520,14272,72,71,0,33555337,0x02000389,scenery,generic,00000906.pro,-1,,0
2536,,315956,1,521,14274,74,71,0,33554499,0x02000043,scenery,generic,00000068.pro,-1,,0
2537,,316044,1,522,14276,76,71,0,33554499,0x02000043,scenery,generic,00000068.pro,-1,,0
2538,,316132,1,523,14276,76,71,0,33555337,0x02000389,scenery,generic,00000906.pro,-1,,0
2539,,316220,1,524,14280,80,71,0,50332658,0x030003F2,wall,,00001010.pro,-1,,0
2540,,316308,1,525,14281,81,71,0,50331881,0x030000E9,wall,,00000233.pro,-1,,0
2541,,316396,1,529,14316,116,71,0,50332658,0x030003F2,wall,,00001010.pro,-1,,0
2542,,316484,1,531,14318,118,71,0,33554499,0x02000043,scenery,generic,00000068.pro,-1,,0
2543,,316572,1,533,14319,119,71,0,33554499,0x02000043,scenery,generic,00000068.pro,-1,,0
2544,,316660,1,535,14320,120,71,0,33554851,0x020001A3,scenery,generic,00000420.pro,-1,,0
2545,,316748,1,537,14321,121,71,0,33554499,0x02000043,scenery,generic,00000068.pro,-1,,0
2546,,316836,1,538,14323,123,71,0,83886092,0x0500000C,misc,,00000012.pro,-1,,0
2547,,316924,1,540,14324,124,71,0,83886092,0x0500000C,misc,,00000012.pro,-1,,0
2548,,317012,1,541,14324,124,71,0,50332658,0x030003F2,wall,,00001010.pro,-1,,0
2549,,317100,1,543,14325,125,71,0,50331878,0x030000E6,wall,,00000230.pro,-1,,0
2550,,317188,1,549,14456,56,72,0,50332656,0x030003F0,wall,,00001008.pro,-1,,0
2551,,317276,1,550,14456,56,72,0,137,0x00000089,item,container,00000137.pro,-1,,2
2551/inventory/0,4,317368,1,551,-1,,,0,40,0x00000028,item,drug,00000040.pro,-1,,0
2551/inventory/1,2,317460,1,552,-1,,,0,48,0x00000030,item,drug,00000048.pro,-1,,0
2552,,317548,1,553,14456,56,72,0,33555277,0x0200034D,scenery,generic,00000846.pro,-1,,0
2553,,317636,1,555,14458,58,72,0,83886092,0x0500000C,misc,,00000012.pro,-1,,0
2554,,317724,1,556,14459,59,72,0,83886092,0x0500000C,misc,,00000012.pro,-1,,0
2555,,317812,1,557,14460,60,72,0,83886092,0x0500000C,misc,,00000012.pro,-1,,0
2556,,317900,1,558,14461,61,72,0,83886092,0x0500000C,misc,,00000012.pro,-1,,0
2557,,317988,1,559,14462,62,72,0,33554499,0x02000043,scenery,generic,00000068.pro,-1,,0
2558,,318076,1,560,14463,63,72,0,33554499,0x02000043,scenery,generic,00000068.pro,-1,,0
2559,,318164,1,561,14464,64,72,0,33555335,0x02000387,scenery,generic,00000904.pro,-1,,0
2560,,318252,1,562,14466,66,72,0,33554499,0x02000043,scenery,generic,00000068.pro,-1,,0
2561,,318340,1,563,14467,67,72,0,33554499,0x02000043,scenery,generic,00000068.pro,-1,,0
2562,,318428,1,564,14468,68,72,0,33555335,0x02000387,scenery,generic,00000904.pro,-1,,0
2563,,318516,1,565,14470,70,72,0,33554499,0x02000043,scenery,generic,00000068.pro,-1,,0
2564,,318604,1,566,14471,71,72,0,33554499,0x02000043,scenery,generic,00000068.pro,-1,,0
2565,,318692,1,567,14472,72,72,0,33555335,0x02000387,scenery,generic,00000904.pro,-1,,0
2566,,318780,1,568,14474,74,72,0,33554499,0x02000043,scenery,generic,00000068.pro,-1,,0
2567,,318868,1,569,14475,75,72,0,33554499,0x02000043,scenery,generic,00000068.pro,-1,,0
2568,,318956,1,570,14476,76,72,0,33555335,0x02000387,scenery,generic,00000904.pro,-1,,0
2569,,319044,1,571,14480,80,72,0,50332656,0x030003F0,wall,,00001008.pro,-1,,0
2570,,319132,1,572,14481,81,72,0,50331878,0x030000E6,wall,,00000230.pro,-1,,0
2571,,319220,1,576,14516,116,72,0,50332652,0x030003EC,wall,,00001004.pro,-1,,0
2572,,319308,1,578,14518,118,72,0,33554499,0x02000043,scenery,generic,00000068.pro,-1,,0
2573,,319396,1,582,14521,121,72,0,33554849,0x020001A1,scenery,generic,00000418.pro,-1,,0
2574,,319484,1,584,14524,124,72,0,83886092,0x0500000C,misc,,00000012.pro,-1,,0
2575,,319572,1,585,14524,124,72,0,50332652,0x030003EC,wall,,00001004.pro,-1,,0
2576,,319660,1,587,14525,125,72,0,50331881,0x030000E9,wall,,00000233.pro,-1,,0
2577,,319748,1,594,14656,56,73,0,83886092,0x0500000C,misc,,00000012.pro,-1,,0
2578,,319836,1,595,14656,56,73,0,50332658,0x030003F2,wall,,00001010.pro,-1,,0
2579,,319924,1,596,14656,56,73,0,33555278,0x0200034E,scenery,generic,00000847.pro,-1,,0
2580,,320012,1,597,14657,57,73,0,83886092,0x0500000C,misc,,00000012.pro,-1,,0
2581,,320100,1,599,14658,58,73,0,83886092,0x0500000C,misc,,00000012.pro,-1,,0
2582,,320188,1,600,14659,59,73,0,83886092,0x0500000C,misc,,00000012.pro,-1,,0
2583,,320276,1,601,14663,63,73,0,33554499,0x02000043,scenery,generic,00000068.pro,-1,,0
2584,,320364,1,602,14664,64,73,0,33554499,0x02000043,scenery,generic,00000068.pro,-1,,0
2585,,320452,1,605,14667,67,73,0,33554499,0x02000043,scenery,generic,00000068.pro,-1,,0
2586,,320540,1,607,14668,68,73,0,33554499,0x02000043,scenery,generic,00000068.pro,-1,,0
2587,,320628,1,611,14671,71,73,0,33554499,0x02000043,scenery,generic,00000068.pro,-1,,0
2588,,320716,1,613,14672,72,73,0,33554499,0x02000043,scenery,generic,00000068.pro,-1,,0
2589,,320804,1,617,14675,75,73,0,33554499,0x02000043,scenery,generic,00000068.pro,-1,,0
2590,,320892,1,619,14676,76,73,0,33554499,0x02000043,scenery,generic,00000068.pro,-1,,0
2591,,320980,1,624,14680,80,73,0,50332658,0x030003F2,wall,,00001010.pro,-1,,0
2592,,321068,1,626,14681,81,73,0,50331879,0x030000E7,wall,,00000231.pro,-1,,0
2593,,321156,1,634,14688,88,73,0,50332664,0x030003F8,wall,,00001016.pro,-1,,0
2594,,321244,1,636,14689,89,73,0,50332640,0x030003E0,wall,,00000992.pro,-1,,0
2595,,321332,1,637,14689,89,73,0,33555274,0x0200034A,scenery,generic,00000843.pro,-1,,0
2596,,321420,1,639,14690,90,73,0,50332639,0x030003DF,wall,,00000991.pro,-1,,0
2597,,321508,1,640,14690,90,73,0,33555271,0x02000347,scenery,generic,00000840.pro,-1,,0
2598,,321596,1,641,14691,91,73,0,50332640,0x030003E0,wall,,00000992.pro,-1,,0
2599,,321684,1,642,14691,91,73,0,33555270,0x02000346,scenery,generic,00000839.pro,-1,,0
2600,,321772,1,643,14692,92,73,0,50332661,0x030003F5,wall,,00001013.pro,-1,,0
2601,,321860,1,644,14692,92,73,0,33555271,0x02000347,scenery,generic,00000840.pro,-1,,0
2602,,321948,1,645,14693,93,73,0,50332640,0x030003E0,wall,,00000992.pro,-1,,0
2603,,322036,1,646,14693,93,73,0,33555270,0x02000346,scenery,generic,00000839.pro,-1,,0
2604,,322124,1,647,14694,94,73,0,50332639,0x030003DF,wall,,00000991.pro,-1,,0
2605,,322212,1,648,14694,94,73,0,33555272,0x02000348,scenery,generic,00000841.pro,-1,,0
2606,,322300,1,649,14695,95,73,0,50332640,0x030003E0,wall,,00000992.pro,-1,,0
2607,,322388,1,650,14696,96,73,0,50332663,0x030003F7,wall,,00001015.pro,-1,,0
2608,,322476,1,651,14697,97,73,0,50332270,0x0300026E,wall,,00000622.pro,-1,,0
2609,,322564,1,655,14716,116,73,0,50332677,0x03000405,wall,,00001029.pro,-1,,0
2610,,322652,1,657,14717,117,73,0,50332640,0x030003E0,wall,,00000992.pro,-1,,0
2611,,322740,1,659,14718,118,73,0,50332686,0x0300040E,wall,,00001038.pro,-1,,0
2612,,322828,1,661,14719,119,73,0,33554499,0x02000043,scenery,generic,00000068.pro,-1,,0
2613,,322916,1,663,14720,120,73,0,33554853,0x020001A5,scenery,door,00000422.pro,50331673,MetlDoor.int,0
2614,,323008,1,665,14721,121,73,0,33554499,0x02000043,scenery,generic,00000068.pro,-1,,0
2615,,323096,1,667,14722,122,73,0,50332685,0x0300040D,wall,,00001037.pro,-1,,0
2616,,323184,1,669,14723,123,73,0,50332644,0x030003E4,wall,,00000996.pro,-1,,0
2617,,323272,1,671,14724,124,73,0,50332675,0x03000403,wall,,00001027.pro,-1,,0
2618,,323360,1,673,14725,125,73,0,83886092,0x0500000C,misc,,00000012.pro,-1,,0
2619,,323448,1,674,14725,125,73,0,50331880,0x030000E8,wall,,00000232.pro,-1,,0
2620,,323536,1,694,14854,54,74,0,83886092,0x0500000C,misc,,00000012.pro,-1,,0
2621,,323624,1,695,14855,55,74,0,83886092,0x0500000C,misc,,00000012.pro,-1,,0
2622,,323712,1,696,14856,56,74,0,83886092,0x0500000C,misc,,00000012.pro,-1,,0
2623,,323800,1,697,14856,56,74,0,50332656,0x030003F0,wall,,00001008.pro,-1,,0
2624,,323888,1,698,14856,56,74,0,33555277,0x0200034D,scenery,generic,00000846.pro,-1,,0
2625,,323976,1,699,14857,57,74,0,83886092,0x0500000C,misc,,00000012.pro,-1,,0
2626,,324064,1,701,14863,63,74,0,33554499,0x02000043,scenery,generic,00000068.pro,-1,,0
2627,,324152,1,703,14867,67,74,0,33554499,0x02000043,scenery,generic,00000068.pro,-1,,0
2628,,324240,1,706,14871,71,74,0,33554499,0x02000043,scenery,generic,00000068.pro,-1,,0
2629,,324328,1,709,14875,75,74,0,33554499,0x02000043,scenery,generic,00000068.pro,-1,,0
2630,,324416,1,713,14880,80,74,0,50332656,0x030003F0,wall,,00001008.pro,-1,,0
2631,,324504,1,714,14881,81,74,0,50331880,0x030000E8,wall,,00000232.pro,-1,,0
2632,,324592,1,719,14888,88,74,0,50332269,0x0300026D,wall,,00000621.pro,-1,,0
2633,,324680,1,720,14889,89,74,0,50332270,0x0300026E,wall,,00000622.pro,-1,,0
2634,,324768,1,722,14891,91,74,0,50332270,0x0300026E,wall,,00000622.pro,-1,,0
2635,,324856,1,723,14891,91,74,0,33555259,0x0200033B,scenery,generic,00000828.pro,50331719,Klaxon.int,0
2636,,324944,1,724,14893,93,74,0,50332270,0x0300026E,wall,,00000622.pro,-1,,0
2637,,325032,1,725,14895,95,74,0,50332270,0x0300026E,wall,,00000622.pro,-1,,0
2638,,325120,1,726,14896,96,74,0,50332269,0x0300026D,wall,,00000621.pro,-1,,0
2639,,325208,1,727,14897,97,74,0,50332270,0x0300026E,wall,,00000622.pro,-1,,0
2640,,325296,1,731,14916,116,74,0,50332269,0x0300026D,wall,,00000621.pro,-1,,0
2641,,325384,1,734,14917,117,74,0,50332270,0x0300026E,wall,,00000622.pro,-1,,0
2642,,325472,1,735,14917,117,74,0,33555259,0x0200033B,scenery,generic,00000828.pro,50331714,Klaxon.int,0
2643,,325560,1,737,14923,123,74,0,50332270,0x0300026E,wall,,00000622.pro,-1,,0
2644,,325648,1,739,14924,124,74,0,50332269,0x0300026D,wall,,00000621.pro,-1,,0
2645,,325736,1,741,14925,125,74,0,83886092,0x0500000C,misc,,00000012.pro,-1,,0
2646,,325824,1,742,14925,125,74,0,50331879,0x030000E7,wall,,00000231.pro,-1,,0
2647,,325912,1,744,14926,126,74,0,83886092,0x0500000C,misc,,00000012.pro,-1,,0
2648,,326000,1,762,15052,52,75,0,83886092,0x0500000C,misc,,00000012.pro,-1,,0
2649,,326088,1,763,15053,53,75,0,83886092,0x0500000C,misc,,00000012.pro,-1,,0
2650,,326176,1,764,15054,54,75,0,83886092,0x0500000C,misc,,00000012.pro,-1,,0
2651,,326264,1,765,15055,55,75,0,83886092,0x0500000C,misc,,00000012.pro,-1,,0
2652,,326352,1,766,15056,56,75,0,33555260,0x0200033C,scenery,generic,00000829.pro,50331730,Klaxon.int,0
2653,,326440,1,767,15056,56,75,0,50332657,0x030003F1,wall,,00001009.pro,-1,,0
2654,,326528,1,777,15080,80,75,0,50332658,0x030003F2,wall,,00001010.pro,-1,,0
2655,,326616,1,779,15081,81,75,0,50331881,0x030000E9,wall,,00000233.pro,-1,,0
2656,,326704,1,783,15088,88,75,0,50332657,0x030003F1,wall,,00001009.pro,-1,,0
2657,,326792,1,784,15088,88,75,0,33555275,0x0200034B,scenery,generic,00000844.pro,-1,,0
2658,,326880,1,787,15096,96,75,0,50332658,0x030003F2,wall,,00001010.pro,-1,,0
2659,,326968,1,788,15097,97,75,0,50331880,0x030000E8,wall,,00000232.pro,-1,,0
2660,,327056,1,792,15116,116,75,0,50332658,0x030003F2,wall,,00001010.pro,-1,,0
2661,,327144,1,795,15124,124,75,0,50332658,0x030003F2,wall,,00001010.pro,-1,,0
2662,,327232,1,796,15125,125,75,0,50331878,0x030000E6,wall,,00000230.pro,-1,,0
2663,,327320,1,797,15126,126,75,0,83886092,0x0500000C,misc,,00000012.pro,-1,,0
2664,,327408,1,806,15250,50,76,0,83886092,0x0500000C,misc,,00000012.pro,-1,,0
2665,,327496,1,807,15251,51,76,0,83886092,0x0500000C,misc,,00000012.pro,-1,,0
2666,,327584,1,808,15252,52,76,0,83886092,0x0500000C,misc,,00000012.pro,-1,,0
2667,,327672,1,809,15253,53,76,0,83886092,0x0500000C,misc,,00000012.pro,-1,,0
2668,,327760,1,810,15256,56,76,0,50332656,0x030003F0,wall,,00001008.pro,-1,,0
2669,,327848,1,811,15256,56,76,0,33555279,0x0200034F,scenery,generic,00000848.pro,-1,,0
2670,,327936,1,815,15280,80,76,0,50332656,0x030003F0,wall,,00001008.pro,-1,,0
2671,,328024,1,816,15281,81,76,0,50331884,0x030000EC,wall,,00000236.pro,-1,,0
2672,,328112,1,817,15288,88,76,0,50332656,0x030003F0,wall,,00001008.pro,-1,,0
2673,,328200,1,818,15288,88,76,0,33555279,0x0200034F,scenery,generic,00000848.pro,-1,,0
2674,,328288,1,821,15296,96,76,0,50332656,0x030003F0,wall,,00001008.pro,-1,,0
2675,,328376,1,822,15297,97,76,0,50331884,0x030000EC,wall,,00000236.pro,-1,,0
2676,,328464,1,826,15316,116,76,0,50332656,0x030003F0,wall,,00001008.pro,-1,,0
2677,,328552,1,830,15324,124,76,0,50332656,0x030003F0,wall,,00001008.pro,-1,,0
2678,,328640,1,831,15325,125,76,0,50331884,0x030000EC,wall,,00000236.pro,-1,,0
2679,,328728,1,832,15327,127,76,0,83886092,0x0500000C,misc,,00000012.pro,-1,,0
2680,,328816,1,840,15448,48,77,0,83886092,0x0500000C,misc,,00000012.pro,-1,,0
2681,,328904,1,841,15449,49,77,0,83886092,0x0500000C,misc,,00000012.pro,-1,,0
2682,,328992,1,842,15450,50,77,0,83886092,0x0500000C,misc,,00000012.pro,-1,,0
2683,,329080,1,843,15451,51,77,0,83886092,0x0500000C,misc,,00000012.pro,-1,,0
2684,,329168,1,844,15456,56,77,0,50332677,0x03000405,wall,,00001029.pro,-1,,0
2685,,329256,1,845,15457,57,77,0,50332640,0x030003E0,wall,,00000992.pro,-1,,0
2686,,329344,1,848,15458,58,77,0,50332639,0x030003DF,wall,,00000991.pro,-1,,0
2687,,329432,1,849,15459,59,77,0,50332640,0x030003E0,wall,,00000992.pro,-1,,0
2688,,329520,1,850,15460,60,77,0,50332661,0x030003F5,wall,,00001013.pro,-1,,0
2689,,329608,1,851,15461,61,77,0,50332666,0x030003FA,wall,,00001018.pro,-1,,0
2690,,329696,1,852,15462,62,77,0,33554450,0x02000012,scenery,door,00000018.pro,50331686,MetlDoor.int,0
2691,,329788,1,853,15463,63,77,0,50332270,0x0300026E,wall,,00000622.pro,-1,,0
2692,,329876,1,854,15463,63,77,0,50332668,0x030003FC,wall,,00001020.pro,-1,,0
2693,,329964,1,855,15464,64,77,0,50332665,0x030003F9,wall,,00001017.pro,-1,,0
2694,,330052,1,856,15465,65,77,0,50332650,0x030003EA,wall,,00001002.pro,-1,,0
2695,,330140,1,858,15466,66,77,0,50332649,0x030003E9,wall,,00001001.pro,-1,,0
2696,,330228,1,859,15466,66,77,0,33554582,0x02000096,scenery,generic,00000151.pro,-1,,0
2697,,330316,1,861,15467,67,77,0,50332648,0x030003E8,wall,,00001000.pro,-1,,0
2698,,330404,1,862,15467,67,77,0,33554581,0x02000095,scenery,generic,00000150.pro,-1,,0
2699,,330492,1,863,15467,67,77,0,33555274,0x0200034A,scenery,generic,00000843.pro,-1,,0
2700,,330580,1,864,15468,68,77,0,50332647,0x030003E7,wall,,00000999.pro,-1,,0
2701,,330668,1,865,15468,68,77,0,33554580,0x02000094,scenery,generic,00000149.pro,-1,,0
2702,,330756,1,866,15468,68,77,0,33555271,0x02000347,scenery,generic,00000840.pro,-1,,0
2703,,330844,1,867,15469,69,77,0,50332648,0x030003E8,wall,,00001000.pro,-1,,0
2704,,330932,1,868,15469,69,77,0,33554581,0x02000095,scenery,generic,00000150.pro,-1,,0
2705,,331020,1,869,15469,69,77,0,33555270,0x02000346,scenery,generic,00000839.pro,-1,,0
2706,,331108,1,870,15470,70,77,0,50332647,0x030003E7,wall,,00000999.pro,-1,,0
2707,,331196,1,871,15470,70,77,0,33554580,0x02000094,scenery,generic,00000149.pro,-1,,0
2708,,331284,1,872,15470,70,77,0,33555271,0x02000347,scenery,generic,00000840.pro,-1,,0
2709,,331372,1,873,15471,71,77,0,50332648,0x030003E8,wall,,00001000.pro,-1,,0
2710,,331460,1,874,15471,71,77,0,33554581,0x02000095,scenery,generic,00000150.pro,-1,,0
2711,,331548,1,875,15471,71,77,0,33555270,0x02000346,scenery,generic,00000839.pro,-1,,0
2712,,331636,1,876,15472,72,77,0,50332647,0x030003E7,wall,,00000999.pro,-1,,0
2713,,331724,1,877,15472,72,77,0,33554580,0x02000094,scenery,generic,00000149.pro,-1,,0
2714,,331812,1,878,15472,72,77,0,33555271,0x02000347,scenery,generic,00000840.pro,-1,,0
2715,,331900,1,879,15473,73,77,0,50332648,0x030003E8,wall,,00001000.pro,-1,,0
2716,,331988,1,880,15473,73,77,0,33554581,0x02000095,scenery,generic,00000150.pro,-1,,0
2717,,332076,1,881,15473,73,77,0,33555270,0x02000346,scenery,generic,00000839.pro,-1,,0
2718,,332164,1,882,15474,74,77,0,50332647,0x030003E7,wall,,00000999.pro,-1,,0
2719,,332252,1,883,15474,74,77,0,33554580,0x02000094,scenery,generic,00000149.pro,-1,,0
2720,,332340,1,884,15474,74,77,0,33555271,0x02000347,scenery,generic,00000840.pro,-1,,0
2721,,332428,1,885,15475,75,77,0,50332648,0x030003E8,wall,,00001000.pro,-1,,0
2722,,332516,1,886,15475,75,77,0,33554581,0x02000095,scenery,generic,00000150.pro,-1,,0
2723,,332604,1,887,15475,75,77,0,33555270,0x02000346,scenery,generic,00000839.pro,-1,,0
2724,,332692,1,888,15476,76,77,0,50332647,0x030003E7,wall,,00000999.pro,-1,,0
2725,,332780,1,889,15476,76,77,0,33554580,0x02000094,scenery,generic,00000149.pro,-1,,0
2726,,332868,1,890,15476,76,77,0,33555271,0x02000347,scenery,generic,00000840.pro,-1,,0
2727,,332956,1,891,15477,77,77,0,50332646,0x030003E6,wall,,00000998.pro,-1,,0
2728,,333044,1,892,15477,77,77,0,33554579,0x02000093,scenery,generic,00000148.pro,-1,,0
2729,,333132,1,893,15477,77,77,0,33555270,0x02000346,scenery,generic,00000839.pro,-1,,0
2730,,333220,1,894,15478,78,77,0,50332645,0x030003E5,wall,,00000997.pro,-1,,0
2731,,333308,1,895,15478,78,77,0,33555271,0x02000347,scenery,generic,00000840.pro,-1,,0
2732,,333396,1,896,15479,79,77,0,50332640,0x030003E0,wall,,00000992.pro,-1,,0
2733,,333484,1,897,15479,79,77,0,33555270,0x02000346,scenery,generic,00000839.pro,-1,,0
2734,,333572,1,898,15480,80,77,0,50332678,0x03000406,wall,,00001030.pro,-1,,0
2735,,333660,1,899,15480,80,77,0,33555271,0x02000347,scenery,generic,00000840.pro,-1,,0
2736,,333748,1,900,15481,81,77,0,50332640,0x030003E0,wall,,00000992.pro,-1,,0
2737,,333836,1,901,15481,81,77,0,33555270,0x02000346,scenery,generic,00000839.pro,-1,,0
2738,,333924,1,902,15482,82,77,0,50332639,0x030003DF,wall,,00000991.pro,-1,,0
2739,,334012,1,903,15482,82,77,0,33555272,0x02000348,scenery,generic,00000841.pro,-1,,0
2740,,334100,1,904,15483,83,77,0,50332644,0x030003E4,wall,,00000996.pro,-1,,0
2741,,334188,1,905,15484,84,77,0,50332676,0x03000404,wall,,00001028.pro,-1,,0
2742,,334276,1,906,15485,85,77,0,50332640,0x030003E0,wall,,00000992.pro,-1,,0
2743,,334364,1,907,15485,85,77,0,33555274,0x0200034A,scenery,generic,00000843.pro,-1,,0
2744,,334452,1,908,15486,86,77,0,50332639,0x030003DF,wall,,00000991.pro,-1,,0
2745,,334540,1,909,15486,86,77,0,33555272,0x02000348,scenery,generic,00000841.pro,-1,,0
2746,,334628,1,910,15487,87,77,0,50332640,0x030003E0,wall,,00000992.pro,-1,,0
2747,,334716,1,911,15488,88,77,0,50332679,0x03000407,wall,,00001031.pro,-1,,0
2748,,334804,1,914,15496,96,77,0,50332662,0x030003F6,wall,,00001014.pro,-1,,0
2749,,334892,1,915,15497,97,77,0,50332638,0x030003DE,wall,,00000990.pro,-1,,0
2750,,334980,1,917,15498,98,77,0,50332637,0x030003DD,wall,,00000989.pro,-1,,0
2751,,335068,1,919,15499,99,77,0,50332638,0x030003DE,wall,,00000990.pro,-1,,0
2752,,335156,1,920,15500,100,77,0,50332637,0x030003DD,wall,,00000989.pro,-1,,0
2753,,335244,1,921,15501,101,77,0,50332640,0x030003E0,wall,,00000992.pro,-1,,0
2754,,335332,1,922,15501,101,77,0,33555274,0x0200034A,scenery,generic,00000843.pro,-1,,0
2755,,335420,1,923,15502,102,77,0,50332639,0x030003DF,wall,,00000991.pro,-1,,0
2756,,335508,1,924,15502,102,77,0,33555272,0x02000348,scenery,generic,00000841.pro,-1,,0
2757,,335596,1,925,15503,103,77,0,50332644,0x030003E4,wall,,00000996.pro,-1,,0
2758,,335684,1,926,15504,104,77,0,50332676,0x03000404,wall,,00001028.pro,-1,,0
2759,,335772,1,927,15505,105,77,0,50332640,0x030003E0,wall,,00000992.pro,-1,,0
2760,,335860,1,928,15505,105,77,0,33555274,0x0200034A,scenery,generic,00000843.pro,-1,,0
2761,,335948,1,929,15506,106,77,0,50332639,0x030003DF,wall,,00000991.pro,-1,,0
2762,,336036,1,930,15506,106,77,0,33555272,0x02000348,scenery,generic,00000841.pro,-1,,0
2763,,336124,1,931,15507,107,77,0,50332638,0x030003DE,wall,,00000990.pro,-1,,0
2764,,336212,1,932,15508,108,77,0,50332637,0x030003DD,wall,,00000989.pro,-1,,0
2765,,336300,1,933,15509,109,77,0,50332638,0x030003DE,wall,,00000990.pro,-1,,0
2766,,336388,1,934,15510,110,77,0,50332637,0x030003DD,wall,,00000989.pro,-1,,0
2767,,336476,1,935,15511,111,77,0,50332644,0x030003E4,wall,,00000996.pro,-1,,0
2768,,336564,1,937,15512,112,77,0,50332643,0x030003E3,wall,,00000995.pro,-1,,0
2769,,336652,1,939,15513,113,77,0,50332642,0x030003E2,wall,,00000994.pro,-1,,0
2770,,336740,1,940,15513,113,77,0,33555274,0x0200034A,scenery,generic,00000843.pro,-1,,0
2771,,336828,1,942,15514,114,77,0,50332641,0x030003E1,wall,,00000993.pro,-1,,0
2772,,336916,1,943,15514,114,77,0,33555271,0x02000347,scenery,generic,00000840.pro,-1,,0
2773,,337004,1,946,15515,115,77,0,50332640,0x030003E0,wall,,00000992.pro,-1,,0
2774,,337092,1,947,15515,115,77,0,33555270,0x02000346,scenery,generic,00000839.pro,-1,,0
2775,,337180,1,950,15516,116,77,0,50332678,0x03000406,wall,,00001030.pro,-1,,0
2776,,337268,1,951,15516,116,77,0,33555272,0x02000348,scenery,generic,00000841.pro,-1,,0
2777,,337356,1,953,15517,117,77,0,50332640,0x030003E0,wall,,00000992.pro,-1,,0
2778,,337444,1,2523,15518,118,77,0,50332784,0x03000470,wall,,00001136.pro,50331740,GenEmit.int,0
2779,,337532,1,957,15519,119,77,0,50332270,0x0300026E,wall,,00000622.pro,-1,,0
2780,,337620,1,959,15520,120,77,0,33554923,0x020001EB,scenery,generic,00000492.pro,-1,,0
2781,,337708,1,961,15521,121,77,0,50332270,0x0300026E,wall,,00000622.pro,-1,,0
2782,,337796,1,963,15522,122,77,0,50332783,0x0300046F,wall,,00001135.pro,-1,,0
2783,,337884,1,965,15523,123,77,0,50332640,0x030003E0,wall,,00000992.pro,-1,,0
2784,,337972,1,966,15523,123,77,0,33555274,0x0200034A,scenery,generic,00000843.pro,-1,,0
2785,,338060,1,968,15524,124,77,0,50332678,0x03000406,wall,,00001030.pro,-1,,0
2786,,338148,1,969,15524,124,77,0,33555272,0x02000348,scenery,generic,00000841.pro,-1,,0
2787,,338236,1,970,15525,125,77,0,50332638,0x030003DE,wall,,00000990.pro,-1,,0
2788,,338324,1,971,15526,126,77,0,50332637,0x030003DD,wall,,00000989.pro,-1,,0
2789,,338412,1,972,15527,127,77,0,83886092,0x0500000C,misc,,00000012.pro,-1,,0
2790,,338500,1,973,15527,127,77,0,50332644,0x030003E4,wall,,00000996.pro,-1,,0
2791,,338588,1,974,15528,128,77,0,83886092,0x0500000C,misc,,00000012.pro,-1,,0
2792,,338676,1,975,15528,128,77,0,50332663,0x030003F7,wall,,00001015.pro,-1,,0
2793,,338764,1,976,15529,129,77,0,50332270,0x0300026E,wall,,00000622.pro,-1,,0
2794,,338852,1,984,15646,46,78,0,83886092,0x0500000C,misc,,00000012.pro,-1,,0
2795,,338940,1,985,15647,47,78,0,83886092,0x0500000C,misc,,00000012.pro,-1,,0
2796,,339028,1,986,15648,48,78,0,83886092,0x0500000C,misc,,00000012.pro,-1,,0
2797,,339116,1,987,15649,49,78,0,83886092,0x0500000C,misc,,00000012.pro,-1,,0
2798,,339204,1,988,15656,56,78,0,50332269,0x0300026D,wall,,00000621.pro,-1,,0
2799,,339292,1,989,15657,57,78,0,50332270,0x0300026E,wall,,00000622.pro,-1,,0
2800,,339380,1,992,15658,58,78,0,33555278,0x0200034E,scenery,generic,00000847.pro,-1,,0
2801,,339468,1,993,15659,59,78,0,50332270,0x0300026E,wall,,00000622.pro,-1,,0
2802,,339556,1,994,15660,60,78,0,33554499,0x02000043,scenery,generic,00000068.pro,-1,,0
2803,,339644,1,995,15661,61,78,0,50332270,0x0300026E,wall,,00000622.pro,-1,,0
2804,,339732,1,996,15665,65,78,0,50332270,0x0300026E,wall,,00000622.pro,-1,,0
2805,,339820,1,999,15667,67,78,0,50332270,0x0300026E,wall,,00000622.pro,-1,,0
2806,,339908,1,1000,15668,68,78,0,33554499,0x02000043,scenery,generic,00000068.pro,-1,,0
2807,,339996,1,1001,15669,69,78,0,50332270,0x0300026E,wall,,00000622.pro,-1,,0
2808,,340084,1,1002,15671,71,78,0,50332270,0x0300026E,wall,,00000622.pro,-1,,0
2809,,340172,1,1003,15673,73,78,0,50332270,0x0300026E,wall,,00000622.pro,-1,,0
2810,,340260,1,1004,15674,74,78,0,33554499,0x02000043,scenery,generic,00000068.pro,-1,,0
2811,,340348,1,1005,15675,75,78,0,50332270,0x0300026E,wall,,00000622.pro,-1,,0
2812,,340436,1,1006,15677,77,78,0,50332270,0x0300026E,wall,,00000622.pro,-1,,0
2813,,340524,1,1007,15679,79,78,0,50332270,0x0300026E,wall,,00000622.pro,-1,,0
2814,,340612,1,1008,15679,79,78,0,33555259,0x0200033B,scenery,generic,00000828.pro,50331729,Klaxon.int,0
2815,,340700,1,1009,15681,81,78,0,50332270,0x0300026E,wall,,00000622.pro,-1,,0
2816,,340788,1,1010,15683,83,78,0,50332270,0x0300026E,wall,,00000622.pro,-1,,0
2817,,340876,1,1011,15684,84,78,0,50332269,0x0300026D,wall,,00000621.pro,-1,,0
2818,,340964,1,1012,15685,85,78,0,50332270,0x0300026E,wall,,00000622.pro,-1,,0
2819,,341052,1,1013,15687,87,78,0,50332270,0x0300026E,wall,,00000622.pro,-1,,0
2820,,341140,1,1016,15697,97,78,0,50332270,0x0300026E,wall,,00000622.pro,-1,,0
2821,,341228,1,1019,15699,99,78,0,50332270,0x0300026E,wall,,00000622.pro,-1,,0
2822,,341316,1,1020,15701,101,78,0,50332270,0x0300026E,wall,,00000622.pro,-1,,0
2823,,341404,1,1021,15703,103,78,0,50332270,0x0300026E,wall,,00000622.pro,-1,,0
2824,,341492,1,1022,15704,104,78,0,50332269,0x0300026D,wall,,00000621.pro,-1,,0
2825,,341580,1,1023,15705,105,78,0,50332270,0x0300026E,wall,,00000622.pro,-1,,0
2826,,341668,1,1024,15707,107,78,0,50332270,0x0300026E,wall,,00000622.pro,-1,,0
2827,,341756,1,1025,15709,109,78,0,50332270,0x0300026E,wall,,00000622.pro,-1,,0
2828,,341844,1,1026,15711,111,78,0,50332270,0x0300026E,wall,,00000622.pro,-1,,0
2829,,341932,1,1029,15713,113,78,0,50332270,0x0300026E,wall,,00000622.pro,-1,,0
2830,,342020,1,1032,15715,115,78,0,50332270,0x0300026E,wall,,00000622.pro,-1,,0
2831,,342108,1,1033,15715,115,78,0,33555259,0x0200033B,scenery,generic,00000828.pro,50331715,Klaxon.int,0
2832,,342196,1,1035,15717,117,78,0,50332270,0x0300026E,wall,,00000622.pro,-1,,0
2833,,342284,1,1037,15719,119,78,0,50332270,0x0300026E,wall,,00000622.pro,-1,,0
2834,,342372,1,1039,15723,123,78,0,50332270,0x0300026E,wall,,00000622.pro,-1,,0
2835,,342460,1,1040,15725,125,78,0,50332270,0x0300026E,wall,,00000622.pro,-1,,0
2836,,342548,1,1041,15727,127,78,0,50332270,0x0300026E,wall,,00000622.pro,-1,,0
2837,,342636,1,1042,15728,128,78,0,50332269,0x0300026D,wall,,00000621.pro,-1,,0
2838,,342724,1,1043,15728,128,78,0,83886092,0x0500000C,misc,,00000012.pro,-1,,0
2839,,342812,1,1044,15729,129,78,0,50332270,0x0300026E,wall,,00000622.pro,-1,,0
2840,,342900,1,1053,15844,44,79,0,83886092,0x0500000C,misc,,00000012.pro,-1,,0
2841,,342988,1,1054,15845,45,79,0,83886092,0x0500000C,misc,,00000012.pro,-1,,0
2842,,343076,1,1055,15846,46,79,0,83886092,0x0500000C,misc,,00000012.pro,-1,,0
2843,,343164,1,1056,15847,47,79,0,83886092,0x0500000C,misc,,00000012.pro,-1,,0
2844,,343252,1,1057,15856,56,79,0,50332657,0x030003F1,wall,,00001009.pro,-1,,0
2845,,343340,1,1061,15858,58,79,0,33554499,0x02000043,scenery,generic,00000068.pro,-1,,0
2846,,343428,1,1062,15859,59,79,0,33554443,0x0200000B,scenery,generic,00000011.pro,50331664,MachIV.int,0
2847,,343516,1,1063,15859,59,79,0,33554477,0x0200002D,scenery,generic,00000046.pro,-1,,0
2848,,343604,1,1065,15866,66,79,0,33554499,0x02000043,scenery,generic,00000068.pro,-1,,0
2849,,343692,1,1067,15867,67,79,0,33554499,0x02000043,scenery,generic,00000068.pro,-1,,0
2850,,343780,1,1068,15868,68,79,0,33554499,0x02000043,scenery,generic,00000068.pro,-1,,0
2851,,343868,1,1069,15874,74,79,0,33554499,0x02000043,scenery,generic,00000068.pro,-1,,0
2852,,343956,1,1070,15876,76,79,0,33555036,0x0200025C,scenery,generic,00000605.pro,-1,,0
2853,,344044,1,1071,15877,77,79,0,33554499,0x02000043,scenery,generic,00000068.pro,-1,,0
2854,,344132,1,1072,15884,84,79,0,50332669,0x030003FD,wall,,00001021.pro,-1,,0
2855,,344220,1,2667,15904,104,79,0,50332785,0x03000471,wall,,00001137.pro,50331741,GenEmit.int,0
2856,,344308,1,1085,15928,128,79,0,50332658,0x030003F2,wall,,00001010.pro,-1,,0
2857,,344396,1,1086,15929,129,79,0,83886092,0x0500000C,misc,,00000012.pro,-1,,0
2858,,344484,1,1087,15929,129,79,0,50331878,0x030000E6,wall,,00000230.pro,-1,,0
2859,,344572,1,1095,16042,42,80,0,83886092,0x0500000C,misc,,00000012.pro,-1,,0
2860,,344660,1,1096,16043,43,80,0,83886092,0x0500000C,misc,,00000012.pro,-1,,0
2861,,344748,1,1097,16044,44,80,0,83886092,0x0500000C,misc,,00000012.pro,-1,,0
2862,,344836,1,1098,16045,45,80,0,83886092,0x0500000C,misc,,00000012.pro,-1,,0
2863,,344924,1,1099,16056,56,80,0,50332656,0x030003F0,wall,,00001008.pro,-1,,0
2864,,345012,1,1102,16058,58,80,0,33554444,0x0200000C,scenery,generic,00000012.pro,50331688,MachIV.int,0
2865,,345100,1,1104,16066,66,80,0,33554499,0x02000043,scenery,generic,00000068.pro,-1,,0
2866,,345188,1,1106,16067,67,80,0,33555024,0x02000250,scenery,generic,00000593.pro,-1,,0
2867,,345276,1,1107,16075,75,80,0,33554499,0x02000043,scenery,generic,00000068.pro,-1,,0
2868,,345364,1,1108,16077,77,80,0,33554499,0x02000043,scenery,generic,00000068.pro,-1,,0
2869,,345452,1,1109,16084,84,80,0,33554451,0x02000013,scenery,door,00000019.pro,50331685,MetlDoor.int,0
2870,,345544,1,1114,16104,104,80,0,50332270,0x0300026E,wall,,00000622.pro,-1,,0
2871,,345632,1,1119,16128,128,80,0,50332656,0x030003F0,wall,,00001008.pro,-1,,0
2872,,345720,1,1120,16129,129,80,0,83886092,0x0500000C,misc,,00000012.pro,-1,,0
2873,,345808,1,1121,16129,129,80,0,50331879,0x030000E7,wall,,00000231.pro,-1,,0
2874,,345896,1,1122,16130,130,80,0,83886092,0x0500000C,misc,,00000012.pro,-1,,0
2875,,345984,1,1130,16240,40,81,0,83886092,0x0500000C,misc,,00000012.pro,-1,,0
2876,,346072,1,1131,16241,41,81,0,83886092,0x0500000C,misc,,00000012.pro,-1,,0
2877,,346160,1,1132,16242,42,81,0,83886092,0x0500000C,misc,,00000012.pro,-1,,0
2878,,346248,1,1133,16243,43,81,0,83886092,0x0500000C,misc,,00000012.pro,-1,,0
2879,,346336,1,1134,16256,56,81,0,50332658,0x030003F2,wall,,00001010.pro,-1,,0
2880,,346424,1,1135,16257,57,81,0,33554479,0x0200002F,scenery,generic,00000048.pro,-1,,0
2881,,346512,1,1138,16258,58,81,0,33554499,0x02000043,scenery,generic,00000068.pro,-1,,0
2882,,346600,1,1140,16266,66,81,0,33554499,0x02000043,scenery,generic,00000068.pro,-1,,0
2883,,346688,1,1142,16267,67,81,0,33554499,0x02000043,scenery,generic,00000068.pro,-1,,0
2884,,346776,1,1169,16284,84,81,0,50332670,0x030003FE,wall,,00001022.pro,-1,,0
2885,,346864,1,1189,16304,104,81,0,33554924,0x020001EC,scenery,generic,00000493.pro,-1,,0
2886,,346952,1,1203,16328,128,81,0,50332658,0x030003F2,wall,,00001010.pro,-1,,0
2887,,347040,1,1204,16329,129,81,0,50331880,0x030000E8,wall,,00000232.pro,-1,,0
2888,,347128,1,1205,16330,130,81,0,83886092,0x0500000C,misc,,00000012.pro,-1,,0
2889,,347216,1,1214,16438,38,82,0,83886092,0x0500000C,misc,,00000012.pro,-1,,0
2890,,347304,1,1215,16439,39,82,0,83886092,0x0500000C,misc,,00000012.pro,-1,,0
2891,,347392,1,1216,16440,40,82,0,83886092,0x0500000C,misc,,00000012.pro,-1,,0
2892,,347480,1,1217,16441,41,82,0,83886092,0x0500000C,misc,,00000012.pro,-1,,0
2893,,347568,1,1218,16456,56,82,0,50332656,0x030003F0,wall,,00001008.pro,-1,,0
2894,,347656,1,1221,16458,58,82,0,33554444,0x0200000C,scenery,generic,00000012.pro,50331689,MachIV.int,0
2895,,347744,1,1233,16484,84,82,0,50332667,0x030003FB,wall,,00001019.pro,-1,,0
2896,,347832,1,1242,16504,104,82,0,50332270,0x0300026E,wall,,00000622.pro,-1,,0
2897,,347920,1,1248,16528,128,82,0,50332656,0x030003F0,wall,,00001008.pro,-1,,0
2898,,348008,1,1249,16529,129,82,0,50331881,0x030000E9,wall,,00000233.pro,-1,,0
2899,,348096,1,1250,16531,131,82,0,83886092,0x0500000C,misc,,00000012.pro,-1,,0
2900,,348184,1,1254,16636,36,83,0,83886092,0x0500000C,misc,,00000012.pro,-1,,0
2901,,348272,1,1256,16637,37,83,0,83886092,0x0500000C,misc,,00000012.pro,-1,,0
2902,,348360,1,1257,16638,38,83,0,83886092,0x0500000C,misc,,00000012.pro,-1,,0
2903,,348448,1,1258,16639,39,83,0,83886092,0x0500000C,misc,,00000012.pro,-1,,0
2904,,348536,1,1259,16656,56,83,0,50332657,0x030003F1,wall,,00001009.pro,-1,,0
2905,,348624,1,1260,16657,57,83,0,33554499,0x02000043,scenery,generic,00000068.pro,-1,,0
2906,,348712,1,1261,16657,57,83,0,33554478,0x0200002E,scenery,generic,00000047.pro,-1,,0
2907,,348800,1,1262,16657,57,83,0,33554480,0x02000030,scenery,generic,00000049.pro,-1,,0
2908,,348888,1,1270,16684,84,83,0,50332657,0x030003F1,wall,,00001009.pro,-1,,0
2909,,348976,1,1271,16704,104,83,0,50332269,0x0300026D,wall,,00000621.pro,-1,,0
2910,,349064,1,1273,16728,128,83,0,50332658,0x030003F2,wall,,00001010.pro,-1,,0
2911,,349152,1,1274,16729,129,83,0,50331878,0x030000E6,wall,,00000230.pro,-1,,0
2912,,349240,1,1275,16731,131,83,0,83886092,0x0500000C,misc,,00000012.pro,-1,,0
2913,,349328,1,1276,16732,132,83,0,83886092,0x0500000C,misc,,00000012.pro,-1,,0
2914,,349416,1,1280,16834,34,84,0,83886092,0x0500000C,misc,,00000012.pro,-1,,0
2915,,349504,1,1281,16835,35,84,0,83886092,0x0500000C,misc,,00000012.pro,-1,,0
2916,,349592,1,1282,16836,36,84,0,83886092,0x0500000C,misc,,00000012.pro,-1,,0
2917,,349680,1,1284,16837,37,84,0,83886092,0x0500000C,misc,,00000012.pro,-1,,0
2918,,349768,1,1286,16856,56,84,0,50332656,0x030003F0,wall,,00001008.pro,-1,,0
2919,,349856,1,1294,16884,84,84,0,50332656,0x030003F0,wall,,00001008.pro,-1,,0
2920,,349944,1,1295,16904,104,84,0,50332786,0x03000472,wall,,00001138.pro,-1,,0
2921,,350032,1,1297,16928,128,84,0,50332656,0x030003F0,wall,,00001008.pro,-1,,0
2922,,350120,1,1298,16929,129,84,0,50331879,0x030000E7,wall,,00000231.pro,-1,,0
2923,,350208,1,1299,16932,132,84,0,83886092,0x0500000C,misc,,00000012.pro,-1,,0
2924,,350296,1,1305,17032,32,85,0,83886092,0x0500000C,misc,,00000012.pro,-1,,0
2925,,350384,1,1306,17033,33,85,0,83886092,0x0500000C,misc,,00000012.pro,-1,,0
2926,,350472,1,1307,17034,34,85,0,83886092,0x0500000C,misc,,00000012.pro,-1,,0
2927,,350560,1,1308,17035,35,85,0,83886092,0x0500000C,misc,,00000012.pro,-1,,0
2928,,350648,1,1310,17056,56,85,0,33555260,0x0200033C,scenery,generic,00000829.pro,50331728,Klaxon.int,0
2929,,350736,1,1311,17056,56,85,0,50332658,0x030003F2,wall,,00001010.pro,-1,,0
2930,,350824,1,1318,17080,80,85,0,50332664,0x030003F8,wall,,00001016.pro,-1,,0
2931,,350912,1,1319,17081,81,85,0,50332644,0x030003E4,wall,,00000996.pro,-1,,0
2932,,351000,1,1321,17082,82,85,0,50332661,0x030003F5,wall,,00001013.pro,-1,,0
2933,,351088,1,1322,17083,83,85,0,50332640,0x030003E0,wall,,00000992.pro,-1,,0
2934,,351176,1,1323,17084,84,85,0,50332678,0x03000406,wall,,00001030.pro,-1,,0
2935,,351264,1,1324,17085,85,85,0,50332644,0x030003E4,wall,,00000996.pro,-1,,0
2936,,351352,1,1325,17086,86,85,0,50332661,0x030003F5,wall,,00001013.pro,-1,,0
2937,,351440,1,1326,17087,87,85,0,50332644,0x030003E4,wall,,00000996.pro,-1,,0
2938,,351528,1,1327,17088,88,85,0,50332663,0x030003F7,wall,,00001015.pro,-1,,0
2939,,351616,1,1328,17096,96,85,0,50332664,0x030003F8,wall,,00001016.pro,-1,,0
2940,,351704,1,1329,17097,97,85,0,50332644,0x030003E4,wall,,00000996.pro,-1,,0
2941,,351792,1,1330,17098,98,85,0,50332661,0x030003F5,wall,,00001013.pro,-1,,0
2942,,351880,1,1331,17099,99,85,0,50332644,0x030003E4,wall,,00000996.pro,-1,,0
2943,,351968,1,1332,17100,100,85,0,50332661,0x030003F5,wall,,00001013.pro,-1,,0
2944,,352056,1,1333,17101,101,85,0,50332644,0x030003E4,wall,,00000996.pro,-1,,0
2945,,352144,1,1334,17102,102,85,0,50332661,0x030003F5,wall,,00001013.pro,-1,,0
2946,,352232,1,1335,17103,103,85,0,50332640,0x030003E0,wall,,00000992.pro,-1,,0
2947,,352320,1,1336,17104,104,85,0,50332678,0x03000406,wall,,00001030.pro,-1,,0
2948,,352408,1,1337,17105,105,85,0,50332644,0x030003E4,wall,,00000996.pro,-1,,0
2949,,352496,1,1339,17106,106,85,0,50332661,0x030003F5,wall,,00001013.pro,-1,,0
2950,,352584,1,1340,17107,107,85,0,50332644,0x030003E4,wall,,00000996.pro,-1,,0
2951,,352672,1,1341,17108,108,85,0,50332661,0x030003F5,wall,,00001013.pro,-1,,0
2952,,352760,1,1342,17109,109,85,0,50332644,0x030003E4,wall,,00000996.pro,-1,,0
2953,,352848,1,1343,17110,110,85,0,50332661,0x030003F5,wall,,00001013.pro,-1,,0
2954,,352936,1,1344,17111,111,85,0,50332644,0x030003E4,wall,,00000996.pro,-1,,0
2955,,353024,1,1345,17112,112,85,0,50332661,0x030003F5,wall,,00001013.pro,-1,,0
2956,,353112,1,1346,17113,113,85,0,50332644,0x030003E4,wall,,00000996.pro,-1,,0
2957,,353200,1,1347,17114,114,85,0,50332661,0x030003F5,wall,,00001013.pro,-1,,0
2958,,353288,1,1348,17115,115,85,0,50332644,0x030003E4,wall,,00000996.pro,-1,,0
2959,,353376,1,1349,17116,116,85,0,50332676,0x03000404,wall,,00001028.pro,-1,,0
2960,,353464,1,1350,17117,117,85,0,50332640,0x030003E0,wall,,00000992.pro,-1,,0
2961,,353552,1,1351,17118,118,85,0,50332784,0x03000470,wall,,00001136.pro,50331651,Emiter1b.int,0
2962,,353640,1,1352,17119,119,85,0,50332270,0x0300026E,wall,,00000622.pro,-1,,0
2963,,353728,1,1353,17120,120,85,0,33554921,0x020001E9,scenery,generic,00000490.pro,50331649,Field1b.int,0
2964,,353816,1,1354,17121,121,85,0,50332270,0x0300026E,wall,,00000622.pro,-1,,0
2965,,353904,1,1355,17122,122,85,0,50332783,0x0300046F,wall,,00001135.pro,-1,,0
2966,,353992,1,1356,17123,123,85,0,50332644,0x030003E4,wall,,00000996.pro,-1,,0
2967,,354080,1,1357,17124,124,85,0,50332676,0x03000404,wall,,00001028.pro,-1,,0
2968,,354168,1,1358,17125,125,85,0,50332640,0x030003E0,wall,,00000992.pro,-1,,0
2969,,354256,1,1359,17126,126,85,0,50332661,0x030003F5,wall,,00001013.pro,-1,,0
2970,,354344,1,1360,17127,127,85,0,50332640,0x030003E0,wall,,00000992.pro,-1,,0
2971,,354432,1,1361,17128,128,85,0,50332679,0x03000407,wall,,00001031.pro,-1,,0
2972,,354520,1,1362,17129,129,85,0,50331880,0x030000E8,wall,,00000232.pro,-1,,0
2973,,354608,1,1363,17133,133,85,0,83886092,0x0500000C,misc,,00000012.pro,-1,,0
2974,,354696,1,1368,17230,30,86,0,83886092,0x0500000C,misc,,00000012.pro,-1,,0
2975,,354784,1,1369,17231,31,86,0,83886092,0x0500000C,misc,,00000012.pro,-1,,0
2976,,354872,1,1370,17232,32,86,0,83886092,0x0500000C,misc,,00000012.pro,-1,,0
2977,,354960,1,1371,17233,33,86,0,83886092,0x0500000C,misc,,00000012.pro,-1,,0
2978,,355048,1,1373,17256,56,86,0,50332656,0x030003F0,wall,,00001008.pro,-1,,0
2979,,355136,1,1378,17268,68,86,5,16777225,0x01000009,critter,,00000009.pro,67108865,PowerMut.int,2
2979/inventory/0,2,355268,1,1379,-1,,,0,40,0x00000028,item,drug,00000040.pro,-1,,0
2979/inventory/1,1,355360,1,1380,-1,,,0,118,0x00000076,item,weapon,00000118.pro,-1,,0
2980,,355456,1,1383,17280,80,86,0,50332269,0x0300026D,wall,,00000621.pro,-1,,0
2981,,355544,1,1385,17282,82,86,0,50331875,0x030000E3,wall,,00000227.pro,-1,,0
2982,,355632,1,1386,17284,84,86,0,50332270,0x0300026E,wall,,00000622.pro,-1,,0
2983,,355720,1,1387,17284,84,86,0,50331873,0x030000E1,wall,,00000225.pro,-1,,0
2984,,355808,1,1388,17286,86,86,0,50331873,0x030000E1,wall,,00000225.pro,-1,,0
2985,,355896,1,1389,17288,88,86,0,50332269,0x0300026D,wall,,00000621.pro,-1,,0
2986,,355984,1,1390,17296,96,86,0,50332269,0x0300026D,wall,,00000621.pro,-1,,0
2987,,356072,1,1391,17298,98,86,0,50331877,0x030000E5,wall,,00000229.pro,-1,,0
2988,,356160,1,1392,17300,100,86,0,50331875,0x030000E3,wall,,00000227.pro,-1,,0
2989,,356248,1,1393,17302,102,86,0,50331873,0x030000E1,wall,,00000225.pro,-1,,0
2990,,356336,1,1394,17304,104,86,0,50331877,0x030000E5,wall,,00000229.pro,-1,,0
2991,,356424,1,1396,17306,106,86,0,50331875,0x030000E3,wall,,00000227.pro,-1,,0
2992,,356512,1,1397,17308,108,86,0,50331873,0x030000E1,wall,,00000225.pro,-1,,0
2993,,356600,1,1398,17310,110,86,0,50331877,0x030000E5,wall,,00000229.pro,-1,,0
2994,,356688,1,1399,17312,112,86,0,50331875,0x030000E3,wall,,00000227.pro,-1,,0
2995,,356776,1,1400,17314,114,86,0,50331873,0x030000E1,wall,,00000225.pro,-1,,0
2996,,356864,1,1401,17316,116,86,0,50332269,0x0300026D,wall,,00000621.pro,-1,,0
2997,,356952,1,1402,17317,117,86,0,50332270,0x0300026E,wall,,00000622.pro,-1,,0
2998,,357040,1,1403,17319,119,86,0,50332270,0x0300026E,wall,,00000622.pro,-1,,0
2999,,357128,1,1404,17323,123,86,0,50332270,0x0300026E,wall,,00000622.pro,-1,,0
3000,,357216,1,1405,17324,124,86,0,50332269,0x0300026D,wall,,00000621.pro,-1,,0
3001,,357304,1,1406,17326,126,86,0,50331875,0x030000E3,wall,,00000227.pro,-1,,0
3002,,357392,1,1407,17328,128,86,0,50331877,0x030000E5,wall,,00000229.pro,-1,,0
3003,,357480,1,1408,17329,129,86,0,50331881,0x030000E9,wall,,00000233.pro,-1,,0
3004,,357568,1,1409,17333,133,86,0,83886092,0x0500000C,misc,,00000012.pro,-1,,0
3005,,357656,1,1410,17334,134,86,0,83886092,0x0500000C,misc,,00000012.pro,-1,,0
3006,,357744,1,1414,17431,31,87,0,83886092,0x0500000C,misc,,00000012.pro,-1,,0
3007,,357832,1,1417,17456,56,87,0,50332662,0x030003F6,wall,,00001014.pro,-1,,0
3008,,357920,1,1418,17457,57,87,0,50332644,0x030003E4,wall,,00000996.pro,-1,,0
3009,,358008,1,1421,17458,58,87,0,50332661,0x030003F5,wall,,00001013.pro,-1,,0
3010,,358096,1,1422,17459,59,87,0,50332644,0x030003E4,wall,,00000996.pro,-1,,0
3011,,358184,1,1423,17460,60,87,0,50332676,0x03000404,wall,,00001028.pro,-1,,0
3012,,358272,1,1424,17461,61,87,0,50332640,0x030003E0,wall,,00000992.pro,-1,,0
3013,,358360,1,1425,17462,62,87,0,50332661,0x030003F5,wall,,00001013.pro,-1,,0
3014,,358448,1,1426,17463,63,87,0,50332644,0x030003E4,wall,,00000996.pro,-1,,0
3015,,358536,1,1427,17464,64,87,0,50332676,0x03000404,wall,,00001028.pro,-1,,0
3016,,358624,1,1428,17465,65,87,0,50332640,0x030003E0,wall,,00000992.pro,-1,,0
3017,,358712,1,1430,17466,66,87,0,50332639,0x030003DF,wall,,00000991.pro,-1,,0
3018,,358800,1,1432,17467,67,87,0,50332666,0x030003FA,wall,,00001018.pro,-1,,0
3019,,358888,1,1433,17468,68,87,0,33554450,0x02000012,scenery,door,00000018.pro,50331687,MetlDoor.int,0
3020,,358980,1,1434,17469,69,87,0,50332270,0x0300026E,wall,,00000622.pro,-1,,0
3021,,359068,1,1435,17469,69,87,0,50332668,0x030003FC,wall,,00001020.pro,-1,,0
3022,,359156,1,1438,17470,70,87,0,50332665,0x030003F9,wall,,00001017.pro,-1,,0
3023,,359244,1,1439,17471,71,87,0,50332644,0x030003E4,wall,,00000996.pro,-1,,0
3024,,359332,1,1440,17472,72,87,0,50332676,0x03000404,wall,,00001028.pro,-1,,0
3025,,359420,1,1441,17473,73,87,0,50332644,0x030003E4,wall,,00000996.pro,-1,,0
3026,,359508,1,1442,17474,74,87,0,50332661,0x030003F5,wall,,00001013.pro,-1,,0
3027,,359596,1,1443,17475,75,87,0,50332644,0x030003E4,wall,,00000996.pro,-1,,0
3028,,359684,1,1444,17476,76,87,0,50332661,0x030003F5,wall,,00001013.pro,-1,,0
3029,,359772,1,1445,17477,77,87,0,50332644,0x030003E4,wall,,00000996.pro,-1,,0
3030,,359860,1,1446,17478,78,87,0,50332661,0x030003F5,wall,,00001013.pro,-1,,0
3031,,359948,1,1447,17479,79,87,0,50332640,0x030003E0,wall,,00000992.pro,-1,,0
3032,,360036,1,1448,17480,80,87,0,50332679,0x03000407,wall,,00001031.pro,-1,,0
3033,,360124,1,1449,17481,81,87,0,50332300,0x0300028C,wall,,00000652.pro,-1,,0
3034,,360212,1,1451,17483,83,87,0,50331874,0x030000E2,wall,,00000226.pro,-1,,0
3035,,360300,1,1452,17485,85,87,0,50331872,0x030000E0,wall,,00000224.pro,-1,,0
3036,,360388,1,1453,17487,87,87,0,50331872,0x030000E0,wall,,00000224.pro,-1,,0
3037,,360476,1,1454,17488,88,87,0,50332653,0x030003ED,wall,,00001005.pro,-1,,0
3038,,360564,1,1455,17496,96,87,0,50332658,0x030003F2,wall,,00001010.pro,-1,,0
3039,,360652,1,1456,17497,97,87,0,50332300,0x0300028C,wall,,00000652.pro,-1,,0
3040,,360740,1,1457,17499,99,87,0,50331872,0x030000E0,wall,,00000224.pro,-1,,0
3041,,360828,1,1458,17501,101,87,0,50331874,0x030000E2,wall,,00000226.pro,-1,,0
3042,,360916,1,1459,17503,103,87,0,50331876,0x030000E4,wall,,00000228.pro,-1,,0
3043,,361004,1,1460,17505,105,87,0,50331872,0x030000E0,wall,,00000224.pro,-1,,0
3044,,361092,1,1462,17507,107,87,0,50331874,0x030000E2,wall,,00000226.pro,-1,,0
3045,,361180,1,1463,17509,109,87,0,50331876,0x030000E4,wall,,00000228.pro,-1,,0
3046,,361268,1,1464,17511,111,87,0,50331872,0x030000E0,wall,,00000224.pro,-1,,0
3047,,361356,1,1465,17513,113,87,0,50331874,0x030000E2,wall,,00000226.pro,-1,,0
3048,,361444,1,1466,17515,115,87,0,50331876,0x030000E4,wall,,00000228.pro,-1,,0
3049,,361532,1,1467,17516,116,87,0,50332657,0x030003F1,wall,,00001009.pro,-1,,0
3050,,361620,1,1468,17516,116,87,0,33555275,0x0200034B,scenery,generic,00000844.pro,-1,,0
3051,,361708,1,1469,17524,124,87,0,50332658,0x030003F2,wall,,00001010.pro,-1,,0
3052,,361796,1,1470,17525,125,87,0,50332300,0x0300028C,wall,,00000652.pro,-1,,0
3053,,361884,1,1471,17527,127,87,0,50331876,0x030000E4,wall,,00000228.pro,-1,,0
3054,,361972,1,1472,17529,129,87,0,50332301,0x0300028D,wall,,00000653.pro,-1,,0
3055,,362060,1,1473,17534,134,87,0,83886092,0x0500000C,misc,,00000012.pro,-1,,0
3056,,362148,1,1478,17631,31,88,0,83886092,0x0500000C,misc,,00000012.pro,-1,,0
3057,,362236,1,1479,17632,32,88,0,83886092,0x0500000C,misc,,00000012.pro,-1,,0
3058,,362324,1,1481,17656,56,88,0,50332270,0x0300026E,wall,,00000622.pro,-1,,0
3059,,362412,1,1484,17658,58,88,0,50331875,0x030000E3,wall,,00000227.pro,-1,,0
3060,,362500,1,1485,17660,60,88,0,50332269,0x0300026D,wall,,00000621.pro,-1,,0
3061,,362588,1,1486,17661,61,88,0,33555054,0x0200026E,scenery,generic,00000623.pro,-1,,0
3062,,362676,1,1487,17664,64,88,0,50332269,0x0300026D,wall,,00000621.pro,-1,,0
3063,,362764,1,1488,17665,65,88,0,50332270,0x0300026E,wall,,00000622.pro,-1,,0
3064,,362852,1,1490,17666,66,88,0,33554499,0x02000043,scenery,generic,00000068.pro,-1,,0
3065,,362940,1,1491,17666,66,88,0,133,0x00000085,item,container,00000133.pro,-1,,4
3065/inventory/0,2,363032,1,1492,-1,,,0,87,0x00000057,item,drug,00000087.pro,-1,,0
3065/inventory/1,2,363124,1,1493,-1,,,0,110,0x0000006E,item,drug,00000110.pro,-1,,0
3065/inventory/2,2,363216,1,1494,-1,,,0,109,0x0000006D,item,drug,00000109.pro,-1,,0
3065/inventory/3,4,363308,1,1495,-1,,,0,144,0x00000090,item,drug,00000144.pro,-1,,0
3066,,363396,1,1497,17667,67,88,0,50332270,0x0300026E,wall,,00000622.pro,-1,,0
3067,,363484,1,1500,17671,71,88,0,50332270,0x0300026E,wall,,00000622.pro,-1,,0
3068,,363572,1,1501,17672,72,88,0,50332269,0x0300026D,wall,,00000621.pro,-1,,0
3069,,363660,1,1502,17674,74,88,0,50331875,0x030000E3,wall,,00000227.pro,-1,,0
3070,,363748,1,1503,17676,76,88,0,50331873,0x030000E1,wall,,00000225.pro,-1,,0
3071,,363836,1,1504,17678,78,88,0,50331875,0x030000E3,wall,,00000227.pro,-1,,0
3072,,363924,1,1505,17680,80,88,0,50331877,0x030000E5,wall,,00000229.pro,-1,,0
3073,,364012,1,1506,17681,81,88,0,50332270,0x0300026E,wall,,00000622.pro,-1,,0
3074,,364100,1,1508,17688,88,88,0,50332659,0x030003F3,wall,,00001011.pro,-1,,0
3075,,364188,1,1509,17696,96,88,0,50332652,0x030003EC,wall,,00001004.pro,-1,,0
3076,,364276,1,1510,17697,97,88,0,50332270,0x0300026E,wall,,00000622.pro,-1,,0
3077,,364364,1,1512,17716,116,88,0,50332656,0x030003F0,wall,,00001008.pro,-1,,0
3078,,364452,1,1513,17716,116,88,0,33555277,0x0200034D,scenery,generic,00000846.pro,-1,,0
3079,,364540,1,1514,17724,124,88,0,50332656,0x030003F0,wall,,00001008.pro,-1,,0
3080,,364628,1,1515,17725,125,88,0,50332270,0x0300026E,wall,,00000622.pro,-1,,0
3081,,364716,1,1517,17735,135,88,0,83886092,0x0500000C,misc,,00000012.pro,-1,,0
3082,,364804,1,1521,17832,32,89,0,83886092,0x0500000C,misc,,00000012.pro,-1,,0
3083,,364892,1,1523,17857,57,89,0,50331874,0x030000E2,wall,,00000226.pro,-1,,0
3084,,364980,1,1526,17859,59,89,0,50331872,0x030000E0,wall,,00000224.pro,-1,,0
3085,,365068,1,1527,17860,60,89,0,50332657,0x030003F1,wall,,00001009.pro,-1,,0
3086,,365156,1,1528,17861,61,89,0,33555056,0x02000270,scenery,generic,00000625.pro,-1,,0
3087,,365244,1,1529,17864,64,89,0,50332657,0x030003F1,wall,,00001009.pro,-1,,0
3088,,365332,1,1530,17865,65,89,0,33554499,0x02000043,scenery,generic,00000068.pro,-1,,0
3089,,365420,1,1536,17872,72,89,0,50332658,0x030003F2,wall,,00001010.pro,-1,,0
3090,,365508,1,1537,17873,73,89,0,50332300,0x0300028C,wall,,00000652.pro,-1,,0
3091,,365596,1,1538,17875,75,89,0,50331876,0x030000E4,wall,,00000228.pro,-1,,0
3092,,365684,1,1539,17877,77,89,0,50331874,0x030000E2,wall,,00000226.pro,-1,,0
3093,,365772,1,1542,17879,79,89,0,50331872,0x030000E0,wall,,00000224.pro,-1,,0
3094,,365860,1,1545,17881,81,89,0,50332301,0x0300028D,wall,,00000653.pro,-1,,0
3095,,365948,1,1549,17888,88,89,0,50332660,0x030003F4,wall,,00001012.pro,-1,,0
3096,,366036,1,1550,17888,88,89,0,33555275,0x0200034B,scenery,generic,00000844.pro,-1,,0
3097,,366124,1,1551,17896,96,89,0,50332658,0x030003F2,wall,,00001010.pro,-1,,0
3098,,366212,1,1552,17897,97,89,0,50331878,0x030000E6,wall,,00000230.pro,-1,,0
3099,,366300,1,1566,17916,116,89,0,50332658,0x030003F2,wall,,00001010.pro,-1,,0
3100,,366388,1,1567,17916,116,89,0,33555276,0x0200034C,scenery,generic,00000845.pro,-1,,0
3101,,366476,1,1576,17924,124,89,0,50332658,0x030003F2,wall,,00001010.pro,-1,,0
3102,,366564,1,1577,17925,125,89,0,50331878,0x030000E6,wall,,00000230.pro,-1,,0
3103,,366652,1,1578,17935,135,89,0,83886092,0x0500000C,misc,,00000012.pro,-1,,0
3104,,366740,1,1581,17936,136,89,0,83886092,0x0500000C,misc,,00000012.pro,-1,,0
3105,,366828,1,1584,18033,33,90,0,83886092,0x0500000C,misc,,00000012.pro,-1,,0
3106,,366916,1,1588,18060,60,90,0,50332656,0x030003F0,wall,,00001008.pro,-1,,0
3107,,367004,1,1589,18064,64,90,0,50332656,0x030003F0,wall,,00001008.pro,-1,,0
3108,,367092,1,1590,18065,65,90,0,33554499,0x02000043,scenery,generic,00000068.pro,-1,,0
3109,,367180,1,1591,18065,65,90,0,135,0x00000087,item,container,00000135.pro,-1,,1
3109/inventory/0,8,367272,1,1592,-1,,,0,40,0x00000028,item,drug,00000040.pro,-1,,0
3110,,367360,1,1597,18072,72,90,0,50332656,0x030003F0,wall,,00001008.pro,-1,,0
3111,,367448,1,1598,18073,73,90,0,50332270,0x0300026E,wall,,00000622.pro,-1,,0
3112,,367536,1,1606,18088,88,90,0,50332659,0x030003F3,wall,,00001011.pro,-1,,0
3113,,367624,1,1607,18088,88,90,0,33555277,0x0200034D,scenery,generic,00000846.pro,-1,,0
3114,,367712,1,1608,18096,96,90,0,50332652,0x030003EC,wall,,00001004.pro,-1,,0
3115,,367800,1,1609,18097,97,90,0,50331879,0x030000E7,wall,,00000231.pro,-1,,0
3116,,367888,1,1617,18116,116,90,0,50332656,0x030003F0,wall,,00001008.pro,-1,,0
3117,,367976,1,1618,18116,116,90,0,33555277,0x0200034D,scenery,generic,00000846.pro,-1,,0
3118,,368064,1,1623,18124,124,90,0,50332656,0x030003F0,wall,,00001008.pro,-1,,0
3119,,368152,1,1624,18125,125,90,0,50331879,0x030000E7,wall,,00000231.pro,-1,,0
3120,,368240,1,1626,18136,136,90,0,83886092,0x0500000C,misc,,00000012.pro,-1,,0
3121,,368328,1,1630,18233,33,91,0,83886092,0x0500000C,misc,,00000012.pro,-1,,0
3122,,368416,1,1631,18234,34,91,0,83886092,0x0500000C,misc,,00000012.pro,-1,,0
3123,,368504,1,1634,18260,60,91,0,50332658,0x030003F2,wall,,00001010.pro,-1,,0
3124,,368592,1,1635,18261,61,91,0,33555048,0x02000268,scenery,generic,00000617.pro,-1,,0
3125,,368680,1,1636,18264,64,91,0,50332658,0x030003F2,wall,,00001010.pro,-1,,0
3126,,368768,1,1637,18265,65,91,0,33554499,0x02000043,scenery,generic,00000068.pro,-1,,0
3127,,368856,1,1642,18272,72,91,0,50332658,0x030003F2,wall,,00001010.pro,-1,,0
3128,,368944,1,1643,18273,73,91,0,50331878,0x030000E6,wall,,00000230.pro,-1,,0
3129,,369032,1,1648,18288,88,91,0,50332660,0x030003F4,wall,,00001012.pro,-1,,0
3130,,369120,1,1649,18288,88,91,0,33555276,0x0200034C,scenery,generic,00000845.pro,-1,,0
3131,,369208,1,1655,18296,96,91,0,50332658,0x030003F2,wall,,00001010.pro,-1,,0
3132,,369296,1,1656,18297,97,91,0,50331880,0x030000E8,wall,,00000232.pro,-1,,0
3133,,369384,1,1664,18316,116,91,0,33555260,0x0200033C,scenery,generic,00000829.pro,50331716,Klaxon.int,0
3134,,369472,1,1665,18316,116,91,0,50332657,0x030003F1,wall,,00001009.pro,-1,,0
3135,,369560,1,1666,18316,116,91,0,33555276,0x0200034C,scenery,generic,00000845.pro,-1,,0
3136,,369648,1,1673,18324,124,91,0,50332658,0x030003F2,wall,,00001010.pro,-1,,0
3137,,369736,1,1674,18325,125,91,0,50331880,0x030000E8,wall,,00000232.pro,-1,,0
3138,,369824,1,1677,18337,137,91,0,83886092,0x0500000C,misc,,00000012.pro,-1,,0
3139,,369912,1,1679,18434,34,92,0,83886092,0x0500000C,misc,,00000012.pro,-1,,0
3140,,370000,1,1682,18460,60,92,0,50332656,0x030003F0,wall,,00001008.pro,-1,,0
3141,,370088,1,1683,18460,60,92,0,33555049,0x02000269,scenery,generic,00000618.pro,-1,,0
3142,,370176,1,1684,18464,64,92,0,50332656,0x030003F0,wall,,00001008.pro,-1,,0
3143,,370264,1,1685,18465,65,92,0,33554499,0x02000043,scenery,generic,00000068.pro,-1,,0
3144,,370352,1,1686,18465,65,92,0,135,0x00000087,item,container,00000135.pro,-1,,4
3144/inventory/0,2,370444,1,1687,-1,,,0,47,0x0000002F,item,misc,00000047.pro,-1,,0
3144/inventory/1,4,370540,1,1688,-1,,,0,48,0x00000030,item,drug,00000048.pro,-1,,0
3144/inventory/2,1,370632,1,1689,-1,,,0,125,0x0000007D,item,drug,00000125.pro,-1,,0
3144/inventory/3,1,370724,1,1690,-1,,,0,91,0x0000005B,item,misc,00000091.pro,-1,,0
3145,,370816,1,1695,18472,72,92,0,50332656,0x030003F0,wall,,00001008.pro,-1,,0
3146,,370904,1,1696,18473,73,92,0,50331879,0x030000E7,wall,,00000231.pro,-1,,0
3147,,370992,1,1701,18488,88,92,0,50332659,0x030003F3,wall,,00001011.pro,-1,,0
3148,,371080,1,1702,18488,88,92,0,33555277,0x0200034D,scenery,generic,00000846.pro,-1,,0
3149,,371168,1,1706,18496,96,92,0,50332652,0x030003EC,wall,,00001004.pro,-1,,0
3150,,371256,1,1707,18497,97,92,0,50331881,0x030000E9,wall,,00000233.pro,-1,,0
3151,,371344,1,1710,18516,116,92,0,50332656,0x030003F0,wall,,00001008.pro,-1,,0
3152,,371432,1,1711,18516,116,92,0,33555277,0x0200034D,scenery,generic,00000846.pro,-1,,0
3153,,371520,1,1714,18524,124,92,0,50332656,0x030003F0,wall,,00001008.pro,-1,,0
3154,,371608,1,1715,18525,125,92,0,50331881,0x030000E9,wall,,00000233.pro,-1,,0
3155,,371696,1,1718,18537,137,92,0,83886092,0x0500000C,misc,,00000012.pro,-1,,0
3156,,371784,1,1719,18538,138,92,0,83886092,0x0500000C,misc,,00000012.pro,-1,,0
3157,,371872,1,1721,18635,35,93,0,83886092,0x0500000C,misc,,00000012.pro,-1,,0
3158,,371960,1,1727,18660,60,93,0,50332657,0x030003F1,wall,,00001009.pro,-1,,0
3159,,372048,1,1728,18664,64,93,0,50332672,0x03000400,wall,,00001024.pro,-1,,0
3160,,372136,1,1734,18672,72,93,0,50332658,0x030003F2,wall,,00001010.pro,-1,,0
3161,,372224,1,1735,18673,73,93,0,50331880,0x030000E8,wall,,00000232.pro,-1,,0
3162,,372312,1,1742,18688,88,93,0,33555260,0x0200033C,scenery,generic,00000829.pro,50331720,Klaxon.int,0
3163,,372400,1,1743,18688,88,93,0,50332660,0x030003F4,wall,,00001012.pro,-1,,0
3164,,372488,1,1744,18688,88,93,0,33555276,0x0200034C,scenery,generic,00000845.pro,-1,,0
3165,,372576,1,1750,18696,96,93,0,50332658,0x030003F2,wall,,00001010.pro,-1,,0
3166,,372664,1,1751,18697,97,93,0,50331878,0x030000E6,wall,,00000230.pro,-1,,0
3167,,372752,1,1757,18716,116,93,0,50332658,0x030003F2,wall,,00001010.pro,-1,,0
3168,,372840,1,1758,18716,116,93,0,33555276,0x0200034C,scenery,generic,00000845.pro,-1,,0
3169,,372928,1,1768,18724,124,93,0,50332658,0x030003F2,wall,,00001010.pro,-1,,0
3170,,373016,1,1769,18725,125,93,0,50331878,0x030000E6,wall,,00000230.pro,-1,,0
3171,,373104,1,1772,18738,138,93,0,83886092,0x0500000C,misc,,00000012.pro,-1,,0
3172,,373192,1,1775,18835,35,94,0,83886092,0x0500000C,misc,,00000012.pro,-1,,0
3173,,373280,1,1776,18836,36,94,0,83886092,0x0500000C,misc,,00000012.pro,-1,,0
3174,,373368,1,1780,18860,60,94,0,50332656,0x030003F0,wall,,00001008.pro,-1,,0
3175,,373456,1,1781,18860,60,94,0,33555045,0x02000265,scenery,generic,00000614.pro,-1,,0
3176,,373544,1,1782,18860,60,94,0,33555047,0x02000267,scenery,generic,00000616.pro,50331683,Sink.int,0
3177,,373632,1,1785,18872,72,94,0,50332656,0x030003F0,wall,,00001008.pro,-1,,0
3178,,373720,1,1786,18873,73,94,0,50331881,0x030000E9,wall,,00000233.pro,-1,,0
3179,,373808,1,1792,18888,88,94,0,50332659,0x030003F3,wall,,00001011.pro,-1,,0
3180,,373896,1,1793,18888,88,94,0,33555279,0x0200034F,scenery,generic,00000848.pro,-1,,0
3181,,373984,1,1798,18896,96,94,0,50332652,0x030003EC,wall,,00001004.pro,-1,,0
3182,,374072,1,1799,18897,97,94,0,50331879,0x030000E7,wall,,00000231.pro,-1,,0
3183,,374160,1,1805,18916,116,94,0,50332656,0x030003F0,wall,,00001008.pro,-1,,0
3184,,374248,1,1806,18916,116,94,0,33555277,0x0200034D,scenery,generic,00000846.pro,-1,,0
3185,,374336,1,1817,18924,124,94,0,50332656,0x030003F0,wall,,00001008.pro,-1,,0
3186,,374424,1,1818,18925,125,94,0,50331879,0x030000E7,wall,,00000231.pro,-1,,0
3187,,374512,1,1821,18939,139,94,0,83886092,0x0500000C,misc,,00000012.pro,-1,,0
3188,,374600,1,1823,19036,36,95,0,83886092,0x0500000C,misc,,00000012.pro,-1,,0
3189,,374688,1,1827,19060,60,95,0,50332658,0x030003F2,wall,,00001010.pro,-1,,0
3190,,374776,1,1828,19072,72,95,0,50332658,0x030003F2,wall,,00001010.pro,-1,,0
3191,,374864,1,1829,19073,73,95,0,50331878,0x030000E6,wall,,00000230.pro,-1,,0
3192,,374952,1,1835,19088,88,95,0,50332653,0x030003ED,wall,,00001005.pro,-1,,0
3193,,375040,1,1840,19096,96,95,0,50332658,0x030003F2,wall,,00001010.pro,-1,,0
3194,,375128,1,1841,19097,97,95,0,50331880,0x030000E8,wall,,00000232.pro,-1,,0
3195,,375216,1,1846,19116,116,95,0,50332657,0x030003F1,wall,,00001009.pro,-1,,0
3196,,375304,1,1847,19116,116,95,0,33555276,0x0200034C,scenery,generic,00000845.pro,-1,,0
3197,,375392,1,1854,19124,124,95,0,50332658,0x030003F2,wall,,00001010.pro,-1,,0
3198,,375480,1,1855,19125,125,95,0,50331880,0x030000E8,wall,,00000232.pro,-1,,0
3199,,375568,1,1858,19139,139,95,0,83886092,0x0500000C,misc,,00000012.pro,-1,,0
3200,,375656,1,1859,19140,140,95,0,83886092,0x0500000C,misc,,00000012.pro,-1,,0
3201,,375744,1,1861,19237,37,96,0,83886092,0x0500000C,misc,,00000012.pro,-1,,0
3202,,375832,1,1866,19260,60,96,0,50332656,0x030003F0,wall,,00001008.pro,-1,,0
3203,,375920,1,1867,19260,60,96,0,33555045,0x02000265,scenery,generic,00000614.pro,-1,,0
3204,,376008,1,1868,19260,60,96,0,33555047,0x02000267,scenery,generic,00000616.pro,50331684,Sink.int,0
3205,,376096,1,1869,19272,72,96,0,50332656,0x030003F0,wall,,00001008.pro,-1,,0
3206,,376184,1,1870,19273,73,96,0,50331879,0x030000E7,wall,,00000231.pro,-1,,0
3207,,376272,1,1875,19288,88,96,0,50332651,0x030003EB,wall,,00001003.pro,-1,,0
3208,,376360,1,1880,19296,96,96,0,50332652,0x030003EC,wall,,00001004.pro,-1,,0
3209,,376448,1,1881,19297,97,96,0,50331884,0x030000EC,wall,,00000236.pro,-1,,0
3210,,376536,1,1886,19316,116,96,0,50332656,0x030003F0,wall,,00001008.pro,-1,,0
3211,,376624,1,1887,19316,116,96,0,33555279,0x0200034F,scenery,generic,00000848.pro,-1,,0
3212,,376712,1,1889,19324,124,96,0,50332656,0x030003F0,wall,,00001008.pro,-1,,0
3213,,376800,1,1890,19325,125,96,0,50331881,0x030000E9,wall,,00000233.pro,-1,,0
3214,,376888,1,1893,19340,140,96,0,83886092,0x0500000C,misc,,00000012.pro,-1,,0
3215,,376976,1,1896,19437,37,97,0,83886092,0x0500000C,misc,,00000012.pro,-1,,0
3216,,377064,1,1897,19438,38,97,0,83886092,0x0500000C,misc,,00000012.pro,-1,,0
3217,,377152,1,1901,19460,60,97,0,50332662,0x030003F6,wall,,00001014.pro,-1,,0
3218,,377240,1,1902,19461,61,97,0,50332644,0x030003E4,wall,,00000996.pro,-1,,0
3219,,377328,1,1903,19462,62,97,0,50332661,0x030003F5,wall,,00001013.pro,-1,,0
3220,,377416,1,1904,19463,63,97,0,50332644,0x030003E4,wall,,00000996.pro,-1,,0
3221,,377504,1,1905,19464,64,97,0,50332661,0x030003F5,wall,,00001013.pro,-1,,0
3222,,377592,1,1906,19465,65,97,0,50332644,0x030003E4,wall,,00000996.pro,-1,,0
3223,,377680,1,1907,19466,66,97,0,50332661,0x030003F5,wall,,00001013.pro,-1,,0
3224,,377768,1,1908,19467,67,97,0,50332644,0x030003E4,wall,,00000996.pro,-1,,0
3225,,377856,1,1909,19468,68,97,0,50332661,0x030003F5,wall,,00001013.pro,-1,,0
3226,,377944,1,1910,19469,69,97,0,50332644,0x030003E4,wall,,00000996.pro,-1,,0
3227,,378032,1,1911,19470,70,97,0,50332661,0x030003F5,wall,,00001013.pro,-1,,0
3228,,378120,1,1912,19471,71,97,0,50332640,0x030003E0,wall,,00000992.pro,-1,,0
3229,,378208,1,1913,19472,72,97,0,50332679,0x03000407,wall,,00001031.pro,-1,,0
3230,,378296,1,1914,19473,73,97,0,50331880,0x030000E8,wall,,00000232.pro,-1,,0
3231,,378384,1,1916,19480,80,97,0,50332664,0x030003F8,wall,,00001016.pro,-1,,0
3232,,378472,1,1919,19481,81,97,0,50332638,0x030003DE,wall,,00000990.pro,-1,,0
3233,,378560,1,1922,19482,82,97,0,50332637,0x030003DD,wall,,00000989.pro,-1,,0
3234,,378648,1,1924,19483,83,97,0,50332640,0x030003E0,wall,,00000992.pro,-1,,0
3235,,378736,1,1925,19483,83,97,0,33555274,0x0200034A,scenery,generic,00000843.pro,-1,,0
3236,,378824,1,1927,19484,84,97,0,50332639,0x030003DF,wall,,00000991.pro,-1,,0
3237,,378912,1,1928,19484,84,97,0,33555272,0x02000348,scenery,generic,00000841.pro,-1,,0
3238,,379000,1,1929,19485,85,97,0,50332638,0x030003DE,wall,,00000990.pro,-1,,0
3239,,379088,1,1930,19486,86,97,0,50332637,0x030003DD,wall,,00000989.pro,-1,,0
3240,,379176,1,1931,19487,87,97,0,50332640,0x030003E0,wall,,00000992.pro,-1,,0
3241,,379264,1,1932,19488,88,97,0,50332679,0x03000407,wall,,00001031.pro,-1,,0
3242,,379352,1,1940,19496,96,97,0,50332662,0x030003F6,wall,,00001014.pro,-1,,0
3243,,379440,1,1941,19497,97,97,0,50332638,0x030003DE,wall,,00000990.pro,-1,,0
3244,,379528,1,1942,19498,98,97,0,50332637,0x030003DD,wall,,00000989.pro,-1,,0
3245,,379616,1,1943,19499,99,97,0,50332640,0x030003E0,wall,,00000992.pro,-1,,0
3246,,379704,1,1944,19499,99,97,0,33555274,0x0200034A,scenery,generic,00000843.pro,-1,,0
3247,,379792,1,1945,19500,100,97,0,50332639,0x030003DF,wall,,00000991.pro,-1,,0
3248,,379880,1,1946,19500,100,97,0,33555272,0x02000348,scenery,generic,00000841.pro,-1,,0
3249,,379968,1,1947,19501,101,97,0,50332638,0x030003DE,wall,,00000990.pro,-1,,0
3250,,380056,1,1948,19502,102,97,0,50332637,0x030003DD,wall,,00000989.pro,-1,,0
3251,,380144,1,1949,19503,103,97,0,50332644,0x030003E4,wall,,00000996.pro,-1,,0
3252,,380232,1,1951,19504,104,97,0,50332663,0x030003F7,wall,,00001015.pro,-1,,0
3253,,380320,1,1954,19505,105,97,0,50332270,0x0300026E,wall,,00000622.pro,-1,,0
3254,,380408,1,1970,19516,116,97,0,50332677,0x03000405,wall,,00001029.pro,-1,,0
3255,,380496,1,1971,19517,117,97,0,50332666,0x030003FA,wall,,00001018.pro,-1,,0
3256,,380584,1,1972,19518,118,97,0,33554450,0x02000012,scenery,door,00000018.pro,50331672,MetlDoor.int,0
3257,,380676,1,1973,19519,119,97,0,50332270,0x0300026E,wall,,00000622.pro,-1,,0
3258,,380764,1,1974,19519,119,97,0,50332668,0x030003FC,wall,,00001020.pro,-1,,0
3259,,380852,1,1975,19520,120,97,0,50332665,0x030003F9,wall,,00001017.pro,-1,,0
3260,,380940,1,1976,19521,121,97,0,50332640,0x030003E0,wall,,00000992.pro,-1,,0
3261,,381028,1,1977,19521,121,97,0,33555274,0x0200034A,scenery,generic,00000843.pro,-1,,0
3262,,381116,1,1978,19522,122,97,0,50332661,0x030003F5,wall,,00001013.pro,-1,,0
3263,,381204,1,1979,19522,122,97,0,33555272,0x02000348,scenery,generic,00000841.pro,-1,,0
3264,,381292,1,1980,19523,123,97,0,50332644,0x030003E4,wall,,00000996.pro,-1,,0
3265,,381380,1,1982,19524,124,97,0,50332675,0x03000403,wall,,00001027.pro,-1,,0
3266,,381468,1,1983,19525,125,97,0,50331878,0x030000E6,wall,,00000230.pro,-1,,0
3267,,381556,1,1986,19541,141,97,0,83886092,0x0500000C,misc,,00000012.pro,-1,,0
3268,,381644,1,1988,19638,38,98,0,83886092,0x0500000C,misc,,00000012.pro,-1,,0
3269,,381732,1,1992,19660,60,98,0,50332270,0x0300026E,wall,,00000622.pro,-1,,0
3270,,381820,1,1993,19662,62,98,0,50331877,0x030000E5,wall,,00000229.pro,-1,,0
3271,,381908,1,1994,19664,64,98,0,50331875,0x030000E3,wall,,00000227.pro,-1,,0
3272,,381996,1,1995,19666,66,98,0,50331873,0x030000E1,wall,,00000225.pro,-1,,0
3273,,382084,1,1996,19668,68,98,0,50331877,0x030000E5,wall,,00000229.pro,-1,,0
3274,,382172,1,1997,19670,70,98,0,50331875,0x030000E3,wall,,00000227.pro,-1,,0
3275,,382260,1,1998,19672,72,98,0,50331877,0x030000E5,wall,,00000229.pro,-1,,0
3276,,382348,1,1999,19673,73,98,0,50331881,0x030000E9,wall,,00000233.pro,-1,,0
3277,,382436,1,2001,19680,80,98,0,50332269,0x0300026D,wall,,00000621.pro,-1,,0
3278,,382524,1,2004,19681,81,98,0,50332270,0x0300026E,wall,,00000622.pro,-1,,0
3279,,382612,1,2005,19682,82,98,0,33554499,0x02000043,scenery,generic,00000068.pro,-1,,0
3280,,382700,1,2007,19683,83,98,0,50332270,0x0300026E,wall,,00000622.pro,-1,,0
3281,,382788,1,2008,19683,83,98,0,33555259,0x0200033B,scenery,generic,00000828.pro,50331722,Klaxon.int,0
3282,,382876,1,2009,19685,85,98,0,50332270,0x0300026E,wall,,00000622.pro,-1,,0
3283,,382964,1,2010,19687,87,98,0,50332270,0x0300026E,wall,,00000622.pro,-1,,0
3284,,383052,1,2014,19695,95,98,0,33554499,0x02000043,scenery,generic,00000068.pro,-1,,0
3285,,383140,1,2015,19697,97,98,0,50332270,0x0300026E,wall,,00000622.pro,-1,,0
3286,,383228,1,2016,19698,98,98,0,33554499,0x02000043,scenery,generic,00000068.pro,-1,,0
3287,,383316,1,2017,19699,99,98,0,50332270,0x0300026E,wall,,00000622.pro,-1,,0
3288,,383404,1,2018,19699,99,98,0,33555259,0x0200033B,scenery,generic,00000828.pro,50331721,Klaxon.int,0
3289,,383492,1,2019,19701,101,98,0,50332270,0x0300026E,wall,,00000622.pro,-1,,0
3290,,383580,1,2020,19703,103,98,0,50332269,0x0300026D,wall,,00000621.pro,-1,,0
3291,,383668,1,2021,19704,104,98,0,50332269,0x0300026D,wall,,00000621.pro,-1,,0
3292,,383756,1,2023,19705,105,98,0,50332270,0x0300026E,wall,,00000622.pro,-1,,0
3293,,383844,1,2029,19716,116,98,0,50332269,0x0300026D,wall,,00000621.pro,-1,,0
3294,,383932,1,2030,19717,117,98,0,50332270,0x0300026E,wall,,00000622.pro,-1,,0
3295,,384020,1,2031,19721,121,98,0,50332270,0x0300026E,wall,,00000622.pro,-1,,0
3296,,384108,1,2032,19723,123,98,0,50332270,0x0300026E,wall,,00000622.pro,-1,,0
3297,,384196,1,2034,19724,124,98,0,50332269,0x0300026D,wall,,00000621.pro,-1,,0
3298,,384284,1,2035,19725,125,98,0,50331879,0x030000E7,wall,,00000231.pro,-1,,0
3299,,384372,1,2038,19741,141,98,0,83886092,0x0500000C,misc,,00000012.pro,-1,,0
3300,,384460,1,2039,19742,142,98,0,83886092,0x0500000C,misc,,00000012.pro,-1,,0
3301,,384548,1,2041,19839,39,99,0,83886092,0x0500000C,misc,,00000012.pro,-1,,0
3302,,384636,1,2047,19861,61,99,0,50331876,0x030000E4,wall,,00000228.pro,-1,,0
3303,,384724,1,2048,19863,63,99,0,50331874,0x030000E2,wall,,00000226.pro,-1,,0
3304,,384812,1,2049,19865,65,99,0,50331872,0x030000E0,wall,,00000224.pro,-1,,0
3305,,384900,1,2050,19867,67,99,0,50331876,0x030000E4,wall,,00000228.pro,-1,,0
3306,,384988,1,2051,19869,69,99,0,50331874,0x030000E2,wall,,00000226.pro,-1,,0
3307,,385076,1,2052,19871,71,99,0,50331872,0x030000E0,wall,,00000224.pro,-1,,0
3308,,385164,1,2053,19873,73,99,0,50332301,0x0300028D,wall,,00000653.pro,-1,,0
3309,,385252,1,2056,19880,80,99,0,50332657,0x030003F1,wall,,00001009.pro,-1,,0
3310,,385340,1,2057,19880,80,99,0,33555275,0x0200034B,scenery,generic,00000844.pro,-1,,0
3311,,385428,1,2058,19882,82,99,0,33554499,0x02000043,scenery,generic,00000068.pro,-1,,0
3312,,385516,1,2059,19895,95,99,0,33554499,0x02000043,scenery,generic,00000068.pro,-1,,0
3313,,385604,1,2060,19896,96,99,0,33554499,0x02000043,scenery,generic,00000068.pro,-1,,0
3314,,385692,1,2061,19897,97,99,0,33555036,0x0200025C,scenery,generic,00000605.pro,-1,,0
3315,,385780,1,2062,19898,98,99,0,33554499,0x02000043,scenery,generic,00000068.pro,-1,,0
3316,,385868,1,2063,19904,104,99,0,50332658,0x030003F2,wall,,00001010.pro,-1,,0
3317,,385956,1,2065,19905,105,99,0,50331878,0x030000E6,wall,,00000230.pro,-1,,0
3318,,386044,1,2067,19916,116,99,0,50332657,0x030003F1,wall,,00001009.pro,-1,,0
3319,,386132,1,2068,19916,116,99,0,33555275,0x0200034B,scenery,generic,00000844.pro,-1,,0
3320,,386220,1,2070,19924,124,99,0,50332658,0x030003F2,wall,,00001010.pro,-1,,0
3321,,386308,1,2071,19925,125,99,0,50331880,0x030000E8,wall,,00000232.pro,-1,,0
3322,,386396,1,2074,19942,142,99,0,83886092,0x0500000C,misc,,00000012.pro,-1,,0
3323,,386484,1,2077,20039,39,100,0,83886092,0x0500000C,misc,,00000012.pro,-1,,0
3324,,386572,1,2078,20040,40,100,0,83886092,0x0500000C,misc,,00000012.pro,-1,,0
3325,,386660,1,2083,20080,80,100,0,50332656,0x030003F0,wall,,00001008.pro,-1,,0
3326,,386748,1,2084,20080,80,100,0,33555277,0x0200034D,scenery,generic,00000846.pro,-1,,0
3327,,386836,1,2086,20081,81,100,0,33555062,0x02000276,scenery,generic,00000631.pro,-1,,0
3328,,386924,1,2087,20082,82,100,0,33554499,0x02000043,scenery,generic,00000068.pro,-1,,0
3329,,387012,1,2088,20104,104,100,0,50332656,0x030003F0,wall,,00001008.pro,-1,,0
3330,,387100,1,2089,20105,105,100,0,50331879,0x030000E7,wall,,00000231.pro,-1,,0
3331,,387188,1,2091,20116,116,100,0,50332656,0x030003F0,wall,,00001008.pro,-1,,0
3332,,387276,1,2092,20116,116,100,0,33555279,0x0200034F,scenery,generic,00000848.pro,-1,,0
3333,,387364,1,2094,20124,124,100,0,50332656,0x030003F0,wall,,00001008.pro,-1,,0
3334,,387452,1,2095,20125,125,100,0,50331884,0x030000EC,wall,,00000236.pro,-1,,0
3335,,387540,1,2098,20143,143,100,0,83886092,0x0500000C,misc,,00000012.pro,-1,,0
3336,,387628,1,2100,20240,40,101,0,83886092,0x0500000C,misc,,00000012.pro,-1,,0
3337,,387716,1,2121,20280,80,101,0,50332658,0x030003F2,wall,,00001010.pro,-1,,0
3338,,387804,1,2122,20280,80,101,0,33555276,0x0200034C,scenery,generic,00000845.pro,-1,,0
3339,,387892,1,2124,20282,82,101,0,33554499,0x02000043,scenery,generic,00000068.pro,-1,,0
3340,,387980,1,2125,20304,104,101,0,50332658,0x030003F2,wall,,00001010.pro,-1,,0
3341,,388068,1,2126,20305,105,101,0,50331880,0x030000E8,wall,,00000232.pro,-1,,0
3342,,388156,1,2128,20312,112,101,0,50332664,0x030003F8,wall,,00001016.pro,-1,,0
3343,,388244,1,2129,20313,113,101,0,50332640,0x030003E0,wall,,00000992.pro,-1,,0
3344,,388332,1,2130,20313,113,101,0,33555274,0x0200034A,scenery,generic,00000843.pro,-1,,0
3345,,388420,1,2131,20314,114,101,0,50332639,0x030003DF,wall,,00000991.pro,-1,,0
3346,,388508,1,2132,20314,114,101,0,33555272,0x02000348,scenery,generic,00000841.pro,-1,,0
3347,,388596,1,2133,20315,115,101,0,50332640,0x030003E0,wall,,00000992.pro,-1,,0
3348,,388684,1,2134,20316,116,101,0,50332679,0x03000407,wall,,00001031.pro,-1,,0
3349,,388772,1,2137,20324,124,101,0,50332662,0x030003F6,wall,,00001014.pro,-1,,0
3350,,388860,1,2138,20325,125,101,0,50332640,0x030003E0,wall,,00000992.pro,-1,,0
3351,,388948,1,2139,20326,126,101,0,50332639,0x030003DF,wall,,00000991.pro,-1,,0
3352,,389036,1,2140,20327,127,101,0,50332640,0x030003E0,wall,,00000992.pro,-1,,0
3353,,389124,1,2141,20328,128,101,0,50332663,0x030003F7,wall,,00001015.pro,-1,,0
3354,,389212,1,2142,20329,129,101,0,50332270,0x0300026E,wall,,00000622.pro,-1,,0
3355,,389300,1,2145,20343,143,101,0,83886092,0x0500000C,misc,,00000012.pro,-1,,0
3356,,389388,1,2146,20344,144,101,0,83886092,0x0500000C,misc,,00000012.pro,-1,,0
3357,,389476,1,2148,20441,41,102,0,83886092,0x0500000C,misc,,00000012.pro,-1,,0
3358,,389564,1,2162,20480,80,102,0,50332652,0x030003EC,wall,,00001004.pro,-1,,0
3359,,389652,1,2163,20480,80,102,0,33555277,0x0200034D,scenery,generic,00000846.pro,-1,,0
3360,,389740,1,2165,20481,81,102,0,33555063,0x02000277,scenery,generic,00000632.pro,-1,,0
3361,,389828,1,2166,20491,91,102,0,16777402,0x010000BA,critter,,00000186.pro,67108884,GenSupr.int,2
3361/inventory/0,1,389960,1,2167,-1,,,0,12,0x0000000C,item,weapon,00000006.pro,-1,,0
3361/inventory/1,3,390060,1,2168,-1,,,0,36,0x00000024,item,ammo,00000036.pro,-1,,0
3362,,390152,1,2169,20504,104,102,0,50332652,0x030003EC,wall,,00001004.pro,-1,,0
3363,,390240,1,2170,20505,105,102,0,50331881,0x030000E9,wall,,00000233.pro,-1,,0
3364,,390328,1,2172,20512,112,102,0,50332269,0x0300026D,wall,,00000621.pro,-1,,0
3365,,390416,1,2173,20513,113,102,0,50332270,0x0300026E,wall,,00000622.pro,-1,,0
3366,,390504,1,2174,20515,115,102,0,50332270,0x0300026E,wall,,00000622.pro,-1,,0
3367,,390592,1,2177,20525,125,102,0,50332270,0x0300026E,wall,,00000622.pro,-1,,0
3368,,390680,1,2178,20527,127,102,0,50332270,0x0300026E,wall,,00000622.pro,-1,,0
3369,,390768,1,2179,20528,128,102,0,50332269,0x0300026D,wall,,00000621.pro,-1,,0
3370,,390856,1,2180,20529,129,102,0,50332270,0x0300026E,wall,,00000622.pro,-1,,0
3371,,390944,1,2183,20544,144,102,0,83886092,0x0500000C,misc,,00000012.pro,-1,,0
3372,,391032,1,2186,20641,41,103,0,83886092,0x0500000C,misc,,00000012.pro,-1,,0
3373,,391120,1,2187,20642,42,103,0,83886092,0x0500000C,misc,,00000012.pro,-1,,0
3374,,391208,1,2202,20680,80,103,0,50332657,0x030003F1,wall,,00001009.pro,-1,,0
3375,,391296,1,2203,20680,80,103,0,33555276,0x0200034C,scenery,generic,00000845.pro,-1,,0
3376,,391384,1,2205,20681,81,103,0,33554499,0x02000043,scenery,generic,00000068.pro,-1,,0
3377,,391472,1,2206,20681,81,103,0,135,0x00000087,item,container,00000135.pro,-1,,3
3377/inventory/0,1,391564,1,2207,-1,,,0,39,0x00000027,item,ammo,00000039.pro,-1,,0
3377/inventory/1,1,391660,1,2208,-1,,,0,34,0x00000022,item,ammo,00000034.pro,-1,,0
3377/inventory/2,2,391756,1,2209,-1,,,0,37,0x00000025,item,ammo,00000037.pro,-1,,0
3378,,391848,1,2210,20688,88,103,4,16777402,0x010000BA,critter,,00000186.pro,67108885,GenSupr.int,2
3378/inventory/0,1,391980,1,2211,-1,,,0,28,0x0000001C,item,weapon,00000028.pro,-1,,0
3378/inventory/1,4,392080,1,2212,-1,,,0,39,0x00000027,item,ammo,00000039.pro,-1,,0
3379,,392172,1,2213,20704,104,103,0,50332658,0x030003F2,wall,,00001010.pro,-1,,0
3380,,392260,1,2214,20705,105,103,0,50331878,0x030000E6,wall,,00000230.pro,-1,,0
3381,,392348,1,2216,20712,112,103,0,50332658,0x030003F2,wall,,00001010.pro,-1,,0
3382,,392436,1,2217,20712,112,103,0,33555263,0x0200033F,scenery,generic,00000832.pro,-1,,0
3383,,392524,1,2220,20728,128,103,0,50332658,0x030003F2,wall,,00001010.pro,-1,,0
3384,,392612,1,2221,20729,129,103,0,50331878,0x030000E6,wall,,00000230.pro,-1,,0
3385,,392700,1,2224,20745,145,103,0,83886092,0x0500000C,misc,,00000012.pro,-1,,0
3386,,392788,1,2226,20842,42,104,0,83886092,0x0500000C,misc,,00000012.pro,-1,,0
3387,,392876,1,2234,20880,80,104,0,50332656,0x030003F0,wall,,00001008.pro,-1,,0
3388,,392964,1,2235,20880,80,104,0,33555277,0x0200034D,scenery,generic,00000846.pro,-1,,0
3389,,393052,1,2237,20881,81,104,0,33554499,0x02000043,scenery,generic,00000068.pro,-1,,0
3390,,393140,1,2238,20882,82,104,0,33554499,0x02000043,scenery,generic,00000068.pro,-1,,0
3391,,393228,1,2239,20904,104,104,0,50332652,0x030003EC,wall,,00001004.pro,-1,,0
3392,,393316,1,2240,20905,105,104,0,50331879,0x030000E7,wall,,00000231.pro,-1,,0
3393,,393404,1,2242,20912,112,104,0,50332652,0x030003EC,wall,,00001004.pro,-1,,0
3394,,393492,1,2243,20912,112,104,0,33555264,0x02000340,scenery,generic,00000833.pro,-1,,0
3395,,393580,1,2244,20913,113,104,3,16777285,0x01000045,critter,,00000069.pro,67108890,MrHandyB.int,2
3395/inventory/0,2,393712,1,2245,-1,,,0,35,0x00000023,item,ammo,00000035.pro,-1,,0
3395/inventory/1,1,393808,1,2246,-1,,,0,23,0x00000017,item,weapon,00000023.pro,-1,,0
3396,,393904,1,2249,20928,128,104,0,50332656,0x030003F0,wall,,00001008.pro,-1,,0
3397,,393992,1,2250,20929,129,104,0,50331879,0x030000E7,wall,,00000231.pro,-1,,0
3398,,394080,1,2253,20945,145,104,0,83886092,0x0500000C,misc,,00000012.pro,-1,,0
3399,,394168,1,2254,20946,146,104,0,83886092,0x0500000C,misc,,00000012.pro,-1,,0
3400,,394256,1,2256,21043,43,105,0,83886092,0x0500000C,misc,,00000012.pro,-1,,0
3401,,394344,1,2270,21080,80,105,0,50332658,0x030003F2,wall,,00001010.pro,-1,,0
3402,,394432,1,2271,21080,80,105,0,33555276,0x0200034C,scenery,generic,00000845.pro,-1,,0
3403,,394520,1,2275,21082,82,105,0,33554499,0x02000043,scenery,generic,00000068.pro,-1,,0
3404,,394608,1,2278,21086,86,105,0,50332664,0x030003F8,wall,,00001016.pro,-1,,0
3405,,394696,1,2279,21087,87,105,0,50332644,0x030003E4,wall,,00000996.pro,-1,,0
3406,,394784,1,2280,21088,88,105,0,50332663,0x030003F7,wall,,00001015.pro,-1,,0
3407,,394872,1,2286,21096,96,105,0,50332664,0x030003F8,wall,,00001016.pro,-1,,0
3408,,394960,1,2287,21097,97,105,0,50332644,0x030003E4,wall,,00000996.pro,-1,,0
3409,,395048,1,2288,21098,98,105,0,50332663,0x030003F7,wall,,00001015.pro,-1,,0
3410,,395136,1,2290,21104,104,105,0,50332658,0x030003F2,wall,,00001010.pro,-1,,0
3411,,395224,1,2292,21105,105,105,0,50331880,0x030000E8,wall,,00000232.pro,-1,,0
3412,,395312,1,2300,21112,112,105,0,50332657,0x030003F1,wall,,00001009.pro,-1,,0
3413,,395400,1,2301,21112,112,105,0,33555275,0x0200034B,scenery,generic,00000844.pro,-1,,0
3414,,395488,1,2315,21128,128,105,0,50332658,0x030003F2,wall,,00001010.pro,-1,,0
3415,,395576,1,2316,21129,129,105,0,50331880,0x030000E8,wall,,00000232.pro,-1,,0
3416,,395664,1,2323,21146,146,105,0,83886092,0x0500000C,misc,,00000012.pro,-1,,0
3417,,395752,1,2326,21243,43,106,0,83886092,0x0500000C,misc,,00000012.pro,-1,,0
3418,,395840,1,2327,21244,44,106,0,83886092,0x0500000C,misc,,00000012.pro,-1,,0
3419,,395928,1,2336,21280,80,106,0,50332652,0x030003EC,wall,,00001004.pro,-1,,0
3420,,396016,1,2337,21280,80,106,0,33555277,0x0200034D,scenery,generic,00000846.pro,-1,,0
3421,,396104,1,2338,21281,81,106,0,33555062,0x02000276,scenery,generic,00000631.pro,-1,,0
3422,,396192,1,2340,21282,82,106,0,33554499,0x02000043,scenery,generic,00000068.pro,-1,,0
3423,,396280,1,2342,21286,86,106,0,50332270,0x0300026E,wall,,00000622.pro,-1,,0
3424,,396368,1,2343,21288,88,106,0,50332270,0x0300026E,wall,,00000622.pro,-1,,0
3425,,396456,1,2344,21288,88,106,0,33555275,0x0200034B,scenery,generic,00000844.pro,-1,,0
3426,,396544,1,2348,21296,96,106,0,50332270,0x0300026E,wall,,00000622.pro,-1,,0
3427,,396632,1,2349,21298,98,106,0,50332270,0x0300026E,wall,,00000622.pro,-1,,0
3428,,396720,1,2350,21298,98,106,0,33555275,0x0200034B,scenery,generic,00000844.pro,-1,,0
3429,,396808,1,2352,21304,104,106,0,50332652,0x030003EC,wall,,00001004.pro,-1,,0
3430,,396896,1,2353,21305,105,106,0,50331881,0x030000E9,wall,,00000233.pro,-1,,0
3431,,396984,1,2358,21312,112,106,0,50332656,0x030003F0,wall,,00001008.pro,-1,,0
3432,,397072,1,2359,21312,112,106,0,33555279,0x0200034F,scenery,generic,00000848.pro,-1,,0
3433,,397160,1,2360,21313,113,106,0,33555267,0x02000343,scenery,generic,00000836.pro,-1,,0
3434,,397248,1,2368,21328,128,106,0,50332656,0x030003F0,wall,,00001008.pro,-1,,0
3435,,397336,1,2369,21329,129,106,0,50331881,0x030000E9,wall,,00000233.pro,-1,,0
3436,,397424,1,2374,21347,147,106,0,83886092,0x0500000C,misc,,00000012.pro,-1,,0
3437,,397512,1,2376,21444,44,107,0,83886092,0x0500000C,misc,,00000012.pro,-1,,0
3438,,397600,1,2382,21480,80,107,0,33555260,0x0200033C,scenery,generic,00000829.pro,50331723,Klaxon.int,0
3439,,397688,1,2383,21480,80,107,0,50332657,0x030003F1,wall,,00001009.pro,-1,,0
3440,,397776,1,2384,21480,80,107,0,33555276,0x0200034C,scenery,generic,00000845.pro,-1,,0
3441,,397864,1,2386,21482,82,107,0,33554499,0x02000043,scenery,generic,00000068.pro,-1,,0
3442,,397952,1,2390,21486,86,107,0,50332662,0x030003F6,wall,,00001014.pro,-1,,0
3443,,398040,1,2391,21486,86,107,0,33555273,0x02000349,scenery,generic,00000842.pro,-1,,0
3444,,398128,1,2392,21487,87,107,0,50332640,0x030003E0,wall,,00000992.pro,-1,,0
3445,,398216,1,2393,21487,87,107,0,33555270,0x02000346,scenery,generic,00000839.pro,-1,,0
3446,,398304,1,2394,21488,88,107,0,50332679,0x03000407,wall,,00001031.pro,-1,,0
3447,,398392,1,2395,21488,88,107,0,33555279,0x0200034F,scenery,generic,00000848.pro,-1,,0
3448,,398480,1,2396,21488,88,107,0,33555269,0x02000345,scenery,generic,00000838.pro,-1,,0
3449,,398568,1,2397,21489,89,107,0,33554499,0x02000043,scenery,generic,00000068.pro,-1,,0
3450,,398656,1,2398,21489,89,107,0,131,0x00000083,item,container,00000131.pro,-1,,2
3450/inventory/0,1,398748,1,2399,-1,,,0,4,0x00000004,item,weapon,00000012.pro,-1,,0
3450/inventory/1,2,398848,1,2400,-1,,,0,25,0x00000019,item,weapon,00000025.pro,-1,,0
3451,,398944,1,2406,21496,96,107,0,50332662,0x030003F6,wall,,00001014.pro,-1,,0
3452,,399032,1,2407,21496,96,107,0,33555273,0x02000349,scenery,generic,00000842.pro,-1,,0
3453,,399120,1,2408,21497,97,107,0,50332640,0x030003E0,wall,,00000992.pro,-1,,0
3454,,399208,1,2409,21497,97,107,0,33555270,0x02000346,scenery,generic,00000839.pro,-1,,0
3455,,399296,1,2410,21498,98,107,0,50332679,0x03000407,wall,,00001031.pro,-1,,0
3456,,399384,1,2411,21498,98,107,0,33555279,0x0200034F,scenery,generic,00000848.pro,-1,,0
3457,,399472,1,2412,21498,98,107,0,33555269,0x02000345,scenery,generic,00000838.pro,-1,,0
3458,,399560,1,2413,21499,99,107,0,33554499,0x02000043,scenery,generic,00000068.pro,-1,,0
3459,,399648,1,2414,21499,99,107,0,131,0x00000083,item,container,00000131.pro,-1,,2
3459/inventory/0,15,399740,1,2415,-1,,,0,41,0x00000029,item,misc,00000041.pro,-1,,0
3459/inventory/1,1,399836,1,2416,-1,,,0,40,0x00000028,item,drug,00000040.pro,-1,,0
3460,,399924,1,2418,21504,104,107,0,50332658,0x030003F2,wall,,00001010.pro,-1,,0
3461,,400012,1,2420,21505,105,107,0,50331878,0x030000E6,wall,,00000230.pro,-1,,0
3462,,400100,1,2424,21512,112,107,0,33555260,0x0200033C,scenery,generic,00000829.pro,50331717,Klaxon.int,0
3463,,400188,1,2425,21512,112,107,0,50332658,0x030003F2,wall,,00001010.pro,-1,,0
3464,,400276,1,2426,21512,112,107,0,33555263,0x0200033F,scenery,generic,00000832.pro,-1,,0
3465,,400364,1,2436,21528,128,107,0,50332658,0x030003F2,wall,,00001010.pro,-1,,0
3466,,400452,1,2437,21529,129,107,0,50331878,0x030000E6,wall,,00000230.pro,-1,,0
3467,,400540,1,2442,21547,147,107,0,83886092,0x0500000C,misc,,00000012.pro,-1,,0
3468,,400628,1,2443,21548,148,107,0,83886092,0x0500000C,misc,,00000012.pro,-1,,0
3469,,400716,1,2445,21645,45,108,0,83886092,0x0500000C,misc,,00000012.pro,-1,,0
3470,,400804,1,2452,21680,80,108,0,50332656,0x030003F0,wall,,00001008.pro,-1,,0
3471,,400892,1,2453,21680,80,108,0,33555277,0x0200034D,scenery,generic,00000846.pro,-1,,0
3472,,400980,1,2454,21681,81,108,0,33555063,0x02000277,scenery,generic,00000632.pro,-1,,0
3473,,401068,1,2457,21685,85,108,0,33554499,0x02000043,scenery,generic,00000068.pro,-1,,0
3474,,401156,1,2458,21687,87,108,0,50332270,0x0300026E,wall,,00000622.pro,-1,,0
3475,,401244,1,2459,21687,87,108,0,33555061,0x02000275,scenery,generic,00000630.pro,-1,,0
3476,,401332,1,2460,21689,89,108,0,33554499,0x02000043,scenery,generic,00000068.pro,-1,,0
3477,,401420,1,2463,21695,95,108,0,33554499,0x02000043,scenery,generic,00000068.pro,-1,,0
3478,,401508,1,2466,21697,97,108,0,50332270,0x0300026E,wall,,00000622.pro,-1,,0
3479,,401596,1,2467,21697,97,108,0,33555061,0x02000275,scenery,generic,00000630.pro,-1,,0
3480,,401684,1,2468,21699,99,108,0,33554499,0x02000043,scenery,generic,00000068.pro,-1,,0
3481,,401772,1,2470,21704,104,108,0,50332652,0x030003EC,wall,,00001004.pro,-1,,0
3482,,401860,1,2472,21705,105,108,0,50331879,0x030000E7,wall,,00000231.pro,-1,,0
3483,,401948,1,2473,21712,112,108,0,50332652,0x030003EC,wall,,00001004.pro,-1,,0
3484,,402036,1,2474,21712,112,108,0,33555264,0x02000340,scenery,generic,00000833.pro,-1,,0
3485,,402124,1,2475,21713,113,108,3,16777285,0x01000045,critter,,00000069.pro,67108891,MrHandyB.int,2
3485/inventory/0,1,402256,1,2476,-1,,,0,23,0x00000017,item,weapon,00000023.pro,-1,,0
3485/inventory/1,2,402356,1,2477,-1,,,0,35,0x00000023,item,ammo,00000035.pro,-1,,0
3486,,402448,1,2480,21728,128,108,0,50332656,0x030003F0,wall,,00001008.pro,-1,,0
3487,,402536,1,2481,21729,129,108,0,50331879,0x030000E7,wall,,00000231.pro,-1,,0
3488,,402624,1,2484,21748,148,108,0,83886092,0x0500000C,misc,,00000012.pro,-1,,0
3489,,402712,1,2487,21845,45,109,0,83886092,0x0500000C,misc,,00000012.pro,-1,,0
3490,,402800,1,2488,21846,46,109,0,83886092,0x0500000C,misc,,00000012.pro,-1,,0
3491,,402888,1,2497,21870,70,109,0,50332664,0x030003F8,wall,,00001016.pro,-1,,0
3492,,402976,1,2498,21871,71,109,0,50332640,0x030003E0,wall,,00000992.pro,-1,,0
3493,,403064,1,2500,21872,72,109,0,50332639,0x030003DF,wall,,00000991.pro,-1,,0
3494,,403152,1,2502,21873,73,109,0,50332644,0x030003E4,wall,,00000996.pro,-1,,0
3495,,403240,1,2504,21874,74,109,0,50332676,0x03000404,wall,,00001028.pro,-1,,0
3496,,403328,1,2506,21875,75,109,0,50332640,0x030003E0,wall,,00000992.pro,-1,,0
3497,,403416,1,2508,21876,76,109,0,50332639,0x030003DF,wall,,00000991.pro,-1,,0
3498,,403504,1,2510,21877,77,109,0,50332640,0x030003E0,wall,,00000992.pro,-1,,0
3499,,403592,1,2511,21878,78,109,0,50332661,0x030003F5,wall,,00001013.pro,-1,,0
3500,,403680,1,2512,21879,79,109,0,50332640,0x030003E0,wall,,00000992.pro,-1,,0
3501,,403768,1,2513,21880,80,109,0,50332675,0x03000403,wall,,00001027.pro,-1,,0
3502,,403856,1,2514,21880,80,109,0,33555276,0x0200034C,scenery,generic,00000845.pro,-1,,0
3503,,403944,1,2515,21881,81,109,0,33554499,0x02000043,scenery,generic,00000068.pro,-1,,0
3504,,404032,1,2516,21881,81,109,0,135,0x00000087,item,container,00000135.pro,-1,,2
3504/inventory/0,1,404124,1,2517,-1,,,0,6,0x00000006,item,weapon,00000005.pro,-1,,0
3504/inventory/1,1,404224,1,2518,-1,,,0,5,0x00000005,item,weapon,00000009.pro,-1,,0
3505,,404320,1,2521,21884,84,109,2,16777241,0x01000019,critter,,00000024.pro,67108892,GenSupr.int,2
3505/inventory/0,1,404452,1,2522,-1,,,0,13,0x0000000D,item,weapon,00000007.pro,-1,,0
3505/inventory/1,9,404552,1,2523,-1,,,0,14,0x0000000E,item,ammo,00000008.pro,-1,,0
3506,,404644,1,2524,21885,85,109,0,33554499,0x02000043,scenery,generic,00000068.pro,-1,,0
3507,,404732,1,2525,21886,86,109,0,33554499,0x02000043,scenery,generic,00000068.pro,-1,,0
3508,,404820,1,2526,21887,87,109,0,33554499,0x02000043,scenery,generic,00000068.pro,-1,,0
3509,,404908,1,2527,21888,88,109,0,33554499,0x02000043,scenery,generic,00000068.pro,-1,,0
3510,,404996,1,2528,21889,89,109,0,33554499,0x02000043,scenery,generic,00000068.pro,-1,,0
3511,,405084,1,2531,21895,95,109,0,33554499,0x02000043,scenery,generic,00000068.pro,-1,,0
3512,,405172,1,2534,21896,96,109,0,33554499,0x02000043,scenery,generic,00000068.pro,-1,,0
3513,,405260,1,2535,21897,97,109,0,33554499,0x02000043,scenery,generic,00000068.pro,-1,,0
3514,,405348,1,2536,21898,98,109,0,33554499,0x02000043,scenery,generic,00000068.pro,-1,,0
3515,,405436,1,2537,21899,99,109,0,33554499,0x02000043,scenery,generic,00000068.pro,-1,,0
3516,,405524,1,2539,21904,104,109,0,50332658,0x030003F2,wall,,00001010.pro,-1,,0
3517,,405612,1,2541,21905,105,109,0,50331880,0x030000E8,wall,,00000232.pro,-1,,0
3518,,405700,1,2542,21912,112,109,0,50332657,0x030003F1,wall,,00001009.pro,-1,,0
3519,,405788,1,2543,21912,112,109,0,33555275,0x0200034B,scenery,generic,00000844.pro,-1,,0
3520,,405876,1,2550,21928,128,109,0,50332658,0x030003F2,wall,,00001010.pro,-1,,0
3521,,405964,1,2552,21929,129,109,0,50331880,0x030000E8,wall,,00000232.pro,-1,,0
3522,,406052,1,2557,21949,149,109,0,83886092,0x0500000C,misc,,00000012.pro,-1,,0
3523,,406140,1,2559,22046,46,110,0,83886092,0x0500000C,misc,,00000012.pro,-1,,0
3524,,406228,1,2566,22070,70,110,0,50332269,0x0300026D,wall,,00000621.pro,-1,,0
3525,,406316,1,2567,22071,71,110,0,50332270,0x0300026E,wall,,00000622.pro,-1,,0
3526,,406404,1,2568,22071,71,110,0,33555054,0x0200026E,scenery,generic,00000623.pro,-1,,0
3527,,406492,1,2570,22073,73,110,0,50332270,0x0300026E,wall,,00000622.pro,-1,,0
3528,,406580,1,2571,22074,74,110,0,50332270,0x0300026E,wall,,00000622.pro,-1,,0
3529,,406668,1,2573,22075,75,110,0,50332270,0x0300026E,wall,,00000622.pro,-1,,0
3530,,406756,1,2574,22075,75,110,0,33555054,0x0200026E,scenery,generic,00000623.pro,-1,,0
3531,,406844,1,2577,22077,77,110,0,50332270,0x0300026E,wall,,00000622.pro,-1,,0
3532,,406932,1,2578,22079,79,110,0,50332270,0x0300026E,wall,,00000622.pro,-1,,0
3533,,407020,1,2579,22080,80,110,0,50332269,0x0300026D,wall,,00000621.pro,-1,,0
3534,,407108,1,2580,22080,80,110,0,33555277,0x0200034D,scenery,generic,00000846.pro,-1,,0
3535,,407196,1,2581,22081,81,110,0,33554499,0x02000043,scenery,generic,00000068.pro,-1,,0
3536,,407284,1,2582,22082,82,110,0,33554499,0x02000043,scenery,generic,00000068.pro,-1,,0
3537,,407372,1,2590,22104,104,110,0,50332652,0x030003EC,wall,,00001004.pro,-1,,0
3538,,407460,1,2592,22105,105,110,0,50331881,0x030000E9,wall,,00000233.pro,-1,,0
3539,,407548,1,2593,22112,112,110,0,50332656,0x030003F0,wall,,00001008.pro,-1,,0
3540,,407636,1,2594,22112,112,110,0,33555276,0x0200034C,scenery,generic,00000845.pro,-1,,0
3541,,407724,1,2595,22113,113,110,0,33555267,0x02000343,scenery,generic,00000836.pro,-1,,0
3542,,407812,1,2598,22128,128,110,0,50332656,0x030003F0,wall,,00001008.pro,-1,,0
3543,,407900,1,2600,22129,129,110,0,50331881,0x030000E9,wall,,00000233.pro,-1,,0
3544,,407988,1,2604,22149,149,110,0,83886092,0x0500000C,misc,,00000012.pro,-1,,0
3545,,408076,1,2605,22150,150,110,0,83886092,0x0500000C,misc,,00000012.pro,-1,,0
3546,,408164,1,2607,22247,47,111,0,83886092,0x0500000C,misc,,00000012.pro,-1,,0
3547,,408252,1,2612,22270,70,111,0,50332657,0x030003F1,wall,,00001009.pro,-1,,0
3548,,408340,1,2613,22271,71,111,0,33555056,0x02000270,scenery,generic,00000625.pro,-1,,0
3549,,408428,1,2614,22274,74,111,0,50332672,0x03000400,wall,,00001024.pro,-1,,0
3550,,408516,1,2615,22275,75,111,0,33555056,0x02000270,scenery,generic,00000625.pro,-1,,0
3551,,408604,1,2618,22280,80,111,0,50332657,0x030003F1,wall,,00001009.pro,-1,,0
3552,,408692,1,2619,22280,80,111,0,33555276,0x0200034C,scenery,generic,00000845.pro,-1,,0
3553,,408780,1,2620,22282,82,111,0,33554499,0x02000043,scenery,generic,00000068.pro,-1,,0
3554,,408868,1,2629,22304,104,111,0,50332658,0x030003F2,wall,,00001010.pro,-1,,0
3555,,408956,1,2631,22305,105,111,0,50331878,0x030000E6,wall,,00000230.pro,-1,,0
3556,,409044,1,2632,22312,112,111,0,50332658,0x030003F2,wall,,00001010.pro,-1,,0
3557,,409132,1,2633,22312,112,111,0,33555277,0x0200034D,scenery,generic,00000846.pro,-1,,0
3558,,409220,1,2638,22328,128,111,0,50332658,0x030003F2,wall,,00001010.pro,-1,,0
3559,,409308,1,2639,22329,129,111,0,50331878,0x030000E6,wall,,00000230.pro,-1,,0
3560,,409396,1,2642,22350,150,111,0,83886092,0x0500000C,misc,,00000012.pro,-1,,0
3561,,409484,1,2645,22447,47,112,0,83886092,0x0500000C,misc,,00000012.pro,-1,,0
3562,,409572,1,2646,22448,48,112,0,83886092,0x0500000C,misc,,00000012.pro,-1,,0
3563,,409660,1,2656,22470,70,112,0,50332652,0x030003EC,wall,,00001004.pro,-1,,0
3564,,409748,1,2659,22480,80,112,0,50332656,0x030003F0,wall,,00001008.pro,-1,,0
3565,,409836,1,2660,22480,80,112,0,33555277,0x0200034D,scenery,generic,00000846.pro,-1,,0
3566,,409924,1,2661,22481,81,112,0,33555062,0x02000276,scenery,generic,00000631.pro,-1,,0
3567,,410012,1,2662,22482,82,112,0,33554499,0x02000043,scenery,generic,00000068.pro,-1,,0
3568,,410100,1,2665,22484,84,112,5,16777241,0x01000019,critter,,00000024.pro,67108893,GenSupr.int,3
3568/inventory/0,1,410232,1,2666,-1,,,0,15,0x0000000F,item,weapon,00000015.pro,-1,,0
3568/inventory/1,2,410332,1,2667,-1,,,0,39,0x00000027,item,ammo,00000039.pro,-1,,0
3568/inventory/2,2,410428,1,2668,-1,,,0,38,0x00000026,item,ammo,00000038.pro,-1,,0
3569,,410520,1,2669,22487,87,112,0,16777241,0x01000019,critter,,00000024.pro,67108879,GenSupr.int,2
3569/inventory/0,1,410652,1,2670,-1,,,0,11,0x0000000B,item,weapon,00000010.pro,-1,,0
3569/inventory/1,4,410752,1,2671,-1,,,0,32,0x00000020,item,ammo,00000032.pro,-1,,0
3570,,410844,1,2677,22504,104,112,0,50332652,0x030003EC,wall,,00001004.pro,-1,,0
3571,,410932,1,2679,22505,105,112,0,50331879,0x030000E7,wall,,00000231.pro,-1,,0
3572,,411020,1,2680,22512,112,112,0,50332652,0x030003EC,wall,,00001004.pro,-1,,0
3573,,411108,1,2681,22512,112,112,0,33555276,0x0200034C,scenery,generic,00000845.pro,-1,,0
3574,,411196,1,2682,22513,113,112,0,33554499,0x02000043,scenery,generic,00000068.pro,-1,,0
3575,,411284,1,2683,22519,119,112,0,33554499,0x02000043,scenery,generic,00000068.pro,-1,,0
3576,,411372,1,2684,22520,120,112,0,33554499,0x02000043,scenery,generic,00000068.pro,-1,,0
3577,,411460,1,2685,22521,121,112,0,33554499,0x02000043,scenery,generic,00000068.pro,-1,,0
3578,,411548,1,2688,22528,128,112,0,50332656,0x030003F0,wall,,00001008.pro,-1,,0
3579,,411636,1,2691,22529,129,112,0,50331879,0x030000E7,wall,,00000231.pro,-1,,0
3580,,411724,1,2694,22551,151,112,0,83886092,0x0500000C,misc,,00000012.pro,-1,,0
3581,,411812,1,2696,22648,48,113,0,83886092,0x0500000C,misc,,00000012.pro,-1,,0
3582,,411900,1,2700,22670,70,113,0,50332677,0x03000405,wall,,00001029.pro,-1,,0
3583,,411988,1,2701,22671,71,113,0,50332640,0x030003E0,wall,,00000992.pro,-1,,0
3584,,412076,1,2702,22672,72,113,0,50332639,0x030003DF,wall,,00000991.pro,-1,,0
3585,,412164,1,2703,22673,73,113,0,50332644,0x030003E4,wall,,00000996.pro,-1,,0
3586,,412252,1,2704,22674,74,113,0,50332676,0x03000404,wall,,00001028.pro,-1,,0
3587,,412340,1,2705,22675,75,113,0,50332640,0x030003E0,wall,,00000992.pro,-1,,0
3588,,412428,1,2707,22676,76,113,0,50332671,0x030003FF,wall,,00001023.pro,-1,,0
3589,,412516,1,2710,22680,80,113,0,50332658,0x030003F2,wall,,00001010.pro,-1,,0
3590,,412604,1,2711,22680,80,113,0,33555276,0x0200034C,scenery,generic,00000845.pro,-1,,0
3591,,412692,1,2716,22682,82,113,0,33554499,0x02000043,scenery,generic,00000068.pro,-1,,0
3592,,412780,1,2727,22704,104,113,0,50332658,0x030003F2,wall,,00001010.pro,-1,,0
3593,,412868,1,2729,22705,105,113,0,50331880,0x030000E8,wall,,00000232.pro,-1,,0
3594,,412956,1,2734,22712,112,113,0,50332657,0x030003F1,wall,,00001009.pro,-1,,0
3595,,413044,1,2735,22712,112,113,0,33555277,0x0200034D,scenery,generic,00000846.pro,-1,,0
3596,,413132,1,2736,22713,113,113,0,33554499,0x02000043,scenery,generic,00000068.pro,-1,,0
3597,,413220,1,2737,22713,113,113,0,201,0x000000C9,item,container,00000201.pro,-1,,0
3598,,413308,1,2740,22719,119,113,0,33554499,0x02000043,scenery,generic,00000068.pro,-1,,0
3599,,413396,1,2741,22719,119,113,0,201,0x000000C9,item,container,00000201.pro,-1,,0
3600,,413484,1,2744,22721,121,113,0,33554499,0x02000043,scenery,generic,00000068.pro,-1,,0
3601,,413572,1,2745,22721,121,113,0,202,0x000000CA,item,container,00000202.pro,-1,,0
3602,,413660,1,2749,22728,128,113,0,50332658,0x030003F2,wall,,00001010.pro,-1,,0
3603,,413748,1,2750,22729,129,113,0,50331880,0x030000E8,wall,,00000232.pro,-1,,0
3604,,413836,1,2755,22751,151,113,0,83886092,0x0500000C,misc,,00000012.pro,-1,,0
3605,,413924,1,2756,22752,152,113,0,83886092,0x0500000C,misc,,00000012.pro,-1,,0
3606,,414012,1,2759,22849,49,114,0,83886092,0x0500000C,misc,,00000012.pro,-1,,0
3607,,414100,1,2764,22870,70,114,0,50332269,0x0300026D,wall,,00000621.pro,-1,,0
3608,,414188,1,2765,22871,71,114,0,33555054,0x0200026E,scenery,generic,00000623.pro,-1,,0
3609,,414276,1,2766,22873,73,114,0,50332270,0x0300026E,wall,,00000622.pro,-1,,0
3610,,414364,1,2767,22874,74,114,0,50332270,0x0300026E,wall,,00000622.pro,-1,,0
3611,,414452,1,2768,22875,75,114,0,33555054,0x0200026E,scenery,generic,00000623.pro,-1,,0
3612,,414540,1,2772,22880,80,114,0,50332652,0x030003EC,wall,,00001004.pro,-1,,0
3613,,414628,1,2773,22880,80,114,0,33555277,0x0200034D,scenery,generic,00000846.pro,-1,,0
3614,,414716,1,2775,22881,81,114,0,33555063,0x02000277,scenery,generic,00000632.pro,-1,,0
3615,,414804,1,2781,22904,104,114,0,50332652,0x030003EC,wall,,00001004.pro,-1,,0
3616,,414892,1,2783,22905,105,114,0,50331881,0x030000E9,wall,,00000233.pro,-1,,0
3617,,414980,1,2787,22912,112,114,0,50332656,0x030003F0,wall,,00001008.pro,-1,,0
3618,,415068,1,2788,22912,112,114,0,33555276,0x0200034C,scenery,generic,00000845.pro,-1,,0
3619,,415156,1,2789,22913,113,114,0,33554499,0x02000043,scenery,generic,00000068.pro,-1,,0
3620,,415244,1,2792,22919,119,114,0,33554499,0x02000043,scenery,generic,00000068.pro,-1,,0
3621,,415332,1,2795,22921,121,114,0,33554499,0x02000043,scenery,generic,00000068.pro,-1,,0
3622,,415420,1,2797,22928,128,114,0,50332656,0x030003F0,wall,,00001008.pro,-1,,0
3623,,415508,1,2798,22929,129,114,0,50331881,0x030000E9,wall,,00000233.pro,-1,,0
3624,,415596,1,2802,22952,152,114,0,83886092,0x0500000C,misc,,00000012.pro,-1,,0
3625,,415684,1,2807,23049,49,115,0,83886092,0x0500000C,misc,,00000012.pro,-1,,0
3626,,415772,1,2808,23050,50,115,0,83886092,0x0500000C,misc,,00000012.pro,-1,,0
3627,,415860,1,2815,23070,70,115,0,50332657,0x030003F1,wall,,00001009.pro,-1,,0
3628,,415948,1,2816,23071,71,115,0,33555056,0x02000270,scenery,generic,00000625.pro,-1,,0
3629,,416036,1,2817,23074,74,115,0,50332672,0x03000400,wall,,00001024.pro,-1,,0
3630,,416124,1,2818,23075,75,115,0,33555056,0x02000270,scenery,generic,00000625.pro,-1,,0
3631,,416212,1,2823,23080,80,115,0,50332657,0x030003F1,wall,,00001009.pro,-1,,0
3632,,416300,1,2824,23080,80,115,0,33555276,0x0200034C,scenery,generic,00000845.pro,-1,,0
3633,,416388,1,2826,23081,81,115,0,33554499,0x02000043,scenery,generic,00000068.pro,-1,,0
3634,,416476,1,2827,23081,81,115,0,135,0x00000087,item,container,00000135.pro,-1,,1
3634/inventory/0,40,416568,1,2828,-1,,,0,41,0x00000029,item,misc,00000041.pro,-1,,0
3635,,416660,1,2829,23086,86,115,0,50332664,0x030003F8,wall,,00001016.pro,-1,,0
3636,,416748,1,2830,23087,87,115,0,50332644,0x030003E4,wall,,00000996.pro,-1,,0
3637,,416836,1,2831,23088,88,115,0,50332663,0x030003F7,wall,,00001015.pro,-1,,0
3638,,416924,1,2832,23092,92,115,2,16777402,0x010000BA,critter,,00000186.pro,67108880,GenSupr.int,2
3638/inventory/0,1,417056,1,2833,-1,,,0,28,0x0000001C,item,weapon,00000028.pro,-1,,0
3638/inventory/1,3,417156,1,2834,-1,,,0,39,0x00000027,item,ammo,00000039.pro,-1,,0
3639,,417248,1,2835,23096,96,115,0,50332664,0x030003F8,wall,,00001016.pro,-1,,0
3640,,417336,1,2836,23097,97,115,0,50332644,0x030003E4,wall,,00000996.pro,-1,,0
3641,,417424,1,2837,23098,98,115,0,50332663,0x030003F7,wall,,00001015.pro,-1,,0
3642,,417512,1,2838,23104,104,115,0,50332658,0x030003F2,wall,,00001010.pro,-1,,0
3643,,417600,1,2840,23105,105,115,0,50331878,0x030000E6,wall,,00000230.pro,-1,,0
3644,,417688,1,2845,23112,112,115,0,33555260,0x0200033C,scenery,generic,00000829.pro,50331718,Klaxon.int,0
3645,,417776,1,2846,23112,112,115,0,50332658,0x030003F2,wall,,00001010.pro,-1,,0
3646,,417864,1,2847,23112,112,115,0,33555277,0x0200034D,scenery,generic,00000846.pro,-1,,0
3647,,417952,1,2848,23113,113,115,0,33554499,0x02000043,scenery,generic,00000068.pro,-1,,0
3648,,418040,1,2849,23113,113,115,0,202,0x000000CA,item,container,00000202.pro,-1,,0
3649,,418128,1,2852,23119,119,115,0,33554499,0x02000043,scenery,generic,00000068.pro,-1,,0
3650,,418216,1,2853,23119,119,115,0,202,0x000000CA,item,container,00000202.pro,-1,,0
3651,,418304,1,2856,23121,121,115,0,33554499,0x02000043,scenery,generic,00000068.pro,-1,,0
3652,,418392,1,2857,23121,121,115,0,203,0x000000CB,item,container,00000203.pro,-1,,0
3653,,418480,1,2861,23128,128,115,0,50332658,0x030003F2,wall,,00001010.pro,-1,,0
3654,,418568,1,2862,23129,129,115,0,50331878,0x030000E6,wall,,00000230.pro,-1,,0
3655,,418656,1,2867,23153,153,115,0,83886092,0x0500000C,misc,,00000012.pro,-1,,0
3656,,418744,1,2870,23250,50,116,0,83886092,0x0500000C,misc,,00000012.pro,-1,,0
3657,,418832,1,2875,23270,70,116,0,50332652,0x030003EC,wall,,00001004.pro,-1,,0
3658,,418920,1,2880,23280,80,116,0,50332656,0x030003F0,wall,,00001008.pro,-1,,0
3659,,419008,1,2881,23280,80,116,0,33555277,0x0200034D,scenery,generic,00000846.pro,-1,,0
3660,,419096,1,2883,23281,81,116,0,33554499,0x02000043,scenery,generic,00000068.pro,-1,,0
3661,,419184,1,2884,23282,82,116,0,33554499,0x02000043,scenery,generic,00000068.pro,-1,,0
3662,,419272,1,2885,23286,86,116,0,50332270,0x0300026E,wall,,00000622.pro,-1,,0
3663,,419360,1,2886,23288,88,116,0,50332270,0x0300026E,wall,,00000622.pro,-1,,0
3664,,419448,1,2887,23288,88,116,0,33555275,0x0200034B,scenery,generic,00000844.pro,-1,,0
3665,,419536,1,2888,23296,96,116,0,50332270,0x0300026E,wall,,00000622.pro,-1,,0
3666,,419624,1,2889,23298,98,116,0,50332270,0x0300026E,wall,,00000622.pro,-1,,0
3667,,419712,1,2890,23298,98,116,0,33555275,0x0200034B,scenery,generic,00000844.pro,-1,,0
3668,,419800,1,2891,23304,104,116,0,50332652,0x030003EC,wall,,00001004.pro,-1,,0
3669,,419888,1,2892,23305,105,116,0,50331879,0x030000E7,wall,,00000231.pro,-1,,0
3670,,419976,1,2895,23312,112,116,0,50332656,0x030003F0,wall,,00001008.pro,-1,,0
3671,,420064,1,2896,23312,112,116,0,33555276,0x0200034C,scenery,generic,00000845.pro,-1,,0
3672,,420152,1,2897,23313,113,116,0,33554499,0x02000043,scenery,generic,00000068.pro,-1,,0
3673,,420240,1,2899,23319,119,116,0,33554499,0x02000043,scenery,generic,00000068.pro,-1,,0
3674,,420328,1,2900,23321,121,116,0,33554499,0x02000043,scenery,generic,00000068.pro,-1,,0
3675,,420416,1,2903,23328,128,116,0,50332656,0x030003F0,wall,,00001008.pro,-1,,0
3676,,420504,1,2904,23329,129,116,0,50331879,0x030000E7,wall,,00000231.pro,-1,,0
3677,,420592,1,2911,23353,153,116,0,83886092,0x0500000C,misc,,00000012.pro,-1,,0
3678,,420680,1,2912,23354,154,116,0,83886092,0x0500000C,misc,,00000012.pro,-1,,0
3679,,420768,1,2913,23451,51,117,0,83886092,0x0500000C,misc,,00000012.pro,-1,,0
3680,,420856,1,2939,23470,70,117,0,50332677,0x03000405,wall,,00001029.pro,-1,,0
3681,,420944,1,2940,23471,71,117,0,50332640,0x030003E0,wall,,00000992.pro,-1,,0
3682,,421032,1,2941,23472,72,117,0,50332639,0x030003DF,wall,,00000991.pro,-1,,0
3683,,421120,1,2942,23473,73,117,0,50332644,0x030003E4,wall,,00000996.pro,-1,,0
3684,,421208,1,2944,23474,74,117,0,50332639,0x030003DF,wall,,00000991.pro,-1,,0
3685,,421296,1,2946,23475,75,117,0,50332644,0x030003E4,wall,,00000996.pro,-1,,0
3686,,421384,1,2948,23476,76,117,0,50332663,0x030003F7,wall,,00001015.pro,-1,,0
3687,,421472,1,2952,23480,80,117,0,50332658,0x030003F2,wall,,00001010.pro,-1,,0
3688,,421560,1,2953,23480,80,117,0,33555276,0x0200034C,scenery,generic,00000845.pro,-1,,0
3689,,421648,1,2955,23482,82,117,0,33554499,0x02000043,scenery,generic,00000068.pro,-1,,0
3690,,421736,1,2956,23486,86,117,0,50332662,0x030003F6,wall,,00001014.pro,-1,,0
3691,,421824,1,2957,23486,86,117,0,33555273,0x02000349,scenery,generic,00000842.pro,-1,,0
3692,,421912,1,2958,23487,87,117,0,50332640,0x030003E0,wall,,00000992.pro,-1,,0
3693,,422000,1,2959,23487,87,117,0,33555270,0x02000346,scenery,generic,00000839.pro,-1,,0
3694,,422088,1,2960,23488,88,117,0,50332679,0x03000407,wall,,00001031.pro,-1,,0
3695,,422176,1,2961,23488,88,117,0,33555279,0x0200034F,scenery,generic,00000848.pro,-1,,0
3696,,422264,1,2962,23488,88,117,0,33555269,0x02000345,scenery,generic,00000838.pro,-1,,0
3697,,422352,1,2963,23489,89,117,0,33554499,0x02000043,scenery,generic,00000068.pro,-1,,0
3698,,422440,1,2964,23489,89,117,0,131,0x00000083,item,container,00000131.pro,-1,,1
3698/inventory/0,1,422532,1,2965,-1,,,0,29,0x0000001D,item,ammo,00000029.pro,-1,,0
3699,,422624,1,2966,23496,96,117,0,50332662,0x030003F6,wall,,00001014.pro,-1,,0
3700,,422712,1,2967,23496,96,117,0,33555273,0x02000349,scenery,generic,00000842.pro,-1,,0
3701,,422800,1,2968,23497,97,117,0,50332640,0x030003E0,wall,,00000992.pro,-1,,0
3702,,422888,1,2969,23497,97,117,0,33555270,0x02000346,scenery,generic,00000839.pro,-1,,0
3703,,422976,1,2970,23498,98,117,0,50332679,0x03000407,wall,,00001031.pro,-1,,0
3704,,423064,1,2971,23498,98,117,0,33555279,0x0200034F,scenery,generic,00000848.pro,-1,,0
3705,,423152,1,2972,23498,98,117,0,33555269,0x02000345,scenery,generic,00000838.pro,-1,,0
3706,,423240,1,2973,23499,99,117,0,33554499,0x02000043,scenery,generic,00000068.pro,-1,,0
3707,,423328,1,2974,23499,99,117,0,131,0x00000083,item,container,00000131.pro,-1,,2
3707/inventory/0,10,423420,1,2975,-1,,,0,41,0x00000029,item,misc,00000041.pro,-1,,0
3707/inventory/1,1,423516,1,2976,-1,,,0,38,0x00000026,item,ammo,00000038.pro,-1,,0
3708,,423608,1,2977,23504,104,117,0,50332658,0x030003F2,wall,,00001010.pro,-1,,0
3709,,423696,1,2978,23505,105,117,0,50331880,0x030000E8,wall,,00000232.pro,-1,,0
3710,,423784,1,2981,23512,112,117,0,50332657,0x030003F1,wall,,00001009.pro,-1,,0
3711,,423872,1,2982,23512,112,117,0,33555277,0x0200034D,scenery,generic,00000846.pro,-1,,0
3712,,423960,1,2983,23513,113,117,0,33554499,0x02000043,scenery,generic,00000068.pro,-1,,0
3713,,424048,1,2984,23513,113,117,0,203,0x000000CB,item,container,00000203.pro,-1,,0
3714,,424136,1,2987,23519,119,117,0,33554499,0x02000043,scenery,generic,00000068.pro,-1,,0
3715,,424224,1,2988,23519,119,117,0,202,0x000000CA,item,container,00000202.pro,-1,,0
3716,,424312,1,2989,23520,120,117,0,33554499,0x02000043,scenery,generic,00000068.pro,-1,,0
3717,,424400,1,2992,23521,121,117,0,33554499,0x02000043,scenery,generic,00000068.pro,-1,,0
3718,,424488,1,2993,23521,121,117,0,204,0x000000CC,item,container,00000204.pro,-1,,0
3719,,424576,1,2994,23528,128,117,0,50332658,0x030003F2,wall,,00001010.pro,-1,,0
3720,,424664,1,2995,23529,129,117,0,50331880,0x030000E8,wall,,00000232.pro,-1,,0
3721,,424752,1,3002,23554,154,117,0,83886092,0x0500000C,misc,,00000012.pro,-1,,0
3722,,424840,1,3003,23651,51,118,0,83886092,0x0500000C,misc,,00000012.pro,-1,,0
3723,,424928,1,3004,23652,52,118,0,83886092,0x0500000C,misc,,00000012.pro,-1,,0
3724,,425016,1,3013,23670,70,118,0,50332269,0x0300026D,wall,,00000621.pro,-1,,0
3725,,425104,1,3014,23671,71,118,0,50332270,0x0300026E,wall,,00000622.pro,-1,,0
3726,,425192,1,3015,23671,71,118,0,33555052,0x0200026C,scenery,generic,00000621.pro,-1,,0
3727,,425280,1,3016,23673,73,118,0,50332270,0x0300026E,wall,,00000622.pro,-1,,0
3728,,425368,1,3017,23673,73,118,0,33555052,0x0200026C,scenery,generic,00000621.pro,-1,,0
3729,,425456,1,3019,23675,75,118,0,50332270,0x0300026E,wall,,00000622.pro,-1,,0
3730,,425544,1,3021,23676,76,118,0,50332269,0x0300026D,wall,,00000621.pro,-1,,0
3731,,425632,1,3025,23680,80,118,0,50332652,0x030003EC,wall,,00001004.pro,-1,,0
3732,,425720,1,3026,23680,80,118,0,33555277,0x0200034D,scenery,generic,00000846.pro,-1,,0
3733,,425808,1,3028,23681,81,118,0,33555062,0x02000276,scenery,generic,00000631.pro,-1,,0
3734,,425896,1,3029,23682,82,118,0,33554499,0x02000043,scenery,generic,00000068.pro,-1,,0
3735,,425984,1,3030,23685,85,118,0,33554499,0x02000043,scenery,generic,00000068.pro,-1,,0
3736,,426072,1,3031,23687,87,118,0,50332270,0x0300026E,wall,,00000622.pro,-1,,0
3737,,426160,1,3032,23687,87,118,0,33555061,0x02000275,scenery,generic,00000630.pro,-1,,0
3738,,426248,1,3033,23689,89,118,0,33554499,0x02000043,scenery,generic,00000068.pro,-1,,0
3739,,426336,1,3034,23690,90,118,3,16777403,0x010000BB,critter,,00000187.pro,67108881,GenSupr.int,2
3739/inventory/0,1,426468,1,3035,-1,,,0,12,0x0000000C,item,weapon,00000006.pro,-1,,0
3739/inventory/1,2,426568,1,3036,-1,,,0,36,0x00000024,item,ammo,00000036.pro,-1,,0
3740,,426660,1,3037,23695,95,118,0,33554499,0x02000043,scenery,generic,00000068.pro,-1,,0
3741,,426748,1,3038,23697,97,118,0,50332270,0x0300026E,wall,,00000622.pro,-1,,0
3742,,426836,1,3039,23697,97,118,0,33555061,0x02000275,scenery,generic,00000630.pro,-1,,0
3743,,426924,1,3040,23699,99,118,0,33554499,0x02000043,scenery,generic,00000068.pro,-1,,0
3744,,427012,1,3041,23704,104,118,0,50332652,0x030003EC,wall,,00001004.pro,-1,,0
3745,,427100,1,3042,23705,105,118,0,50331881,0x030000E9,wall,,00000233.pro,-1,,0
3746,,427188,1,3045,23712,112,118,0,50332656,0x030003F0,wall,,00001008.pro,-1,,0
3747,,427276,1,3046,23712,112,118,0,33555276,0x0200034C,scenery,generic,00000845.pro,-1,,0
3748,,427364,1,3047,23713,113,118,0,33554499,0x02000043,scenery,generic,00000068.pro,-1,,0
3749,,427452,1,3050,23728,128,118,0,50332656,0x030003F0,wall,,00001008.pro,-1,,0
3750,,427540,1,3051,23729,129,118,0,50331881,0x030000E9,wall,,00000233.pro,-1,,0
3751,,427628,1,3058,23755,155,118,0,83886092,0x0500000C,misc,,00000012.pro,-1,,0
3752,,427716,1,3059,23852,52,119,0,83886092,0x0500000C,misc,,00000012.pro,-1,,0
3753,,427804,1,3063,23870,70,119,0,50332657,0x030003F1,wall,,00001009.pro,-1,,0
3754,,427892,1,3065,23876,76,119,0,50332657,0x030003F1,wall,,00001009.pro,-1,,0
3755,,427980,1,3069,23880,80,119,0,33555260,0x0200033C,scenery,generic,00000829.pro,50331727,Klaxon.int,0
3756,,428068,1,3070,23880,80,119,0,50332657,0x030003F1,wall,,00001009.pro,-1,,0
3757,,428156,1,3071,23880,80,119,0,33555277,0x0200034D,scenery,generic,00000846.pro,-1,,0
3758,,428244,1,3073,23882,82,119,0,33554499,0x02000043,scenery,generic,00000068.pro,-1,,0
3759,,428332,1,3074,23885,85,119,0,33554499,0x02000043,scenery,generic,00000068.pro,-1,,0
3760,,428420,1,3075,23886,86,119,0,33554499,0x02000043,scenery,generic,00000068.pro,-1,,0
3761,,428508,1,3076,23887,87,119,0,33554499,0x02000043,scenery,generic,00000068.pro,-1,,0
3762,,428596,1,3077,23888,88,119,0,33554499,0x02000043,scenery,generic,00000068.pro,-1,,0
3763,,428684,1,3078,23889,89,119,0,33554499,0x02000043,scenery,generic,00000068.pro,-1,,0
3764,,428772,1,3079,23895,95,119,0,33554499,0x02000043,scenery,generic,00000068.pro,-1,,0
3765,,428860,1,3080,23896,96,119,0,33554499,0x02000043,scenery,generic,00000068.pro,-1,,0
3766,,428948,1,3081,23897,97,119,0,33554499,0x02000043,scenery,generic,00000068.pro,-1,,0
3767,,429036,1,3082,23898,98,119,0,33554499,0x02000043,scenery,generic,00000068.pro,-1,,0
3768,,429124,1,3083,23899,99,119,0,33554499,0x02000043,scenery,generic,00000068.pro,-1,,0
3769,,429212,1,3084,23904,104,119,0,50332658,0x030003F2,wall,,00001010.pro,-1,,0
3770,,429300,1,3085,23905,105,119,0,50331878,0x030000E6,wall,,00000230.pro,-1,,0
3771,,429388,1,3088,23912,112,119,0,50332658,0x030003F2,wall,,00001010.pro,-1,,0
3772,,429476,1,3089,23912,112,119,0,33555277,0x0200034D,scenery,generic,00000846.pro,-1,,0
3773,,429564,1,3090,23913,113,119,0,33554499,0x02000043,scenery,generic,00000068.pro,-1,,0
3774,,429652,1,3091,23913,113,119,0,201,0x000000C9,item,container,00000201.pro,-1,,0
3775,,429740,1,3098,23928,128,119,0,50332658,0x030003F2,wall,,00001010.pro,-1,,0
3776,,429828,1,3100,23929,129,119,0,50331878,0x030000E6,wall,,00000230.pro,-1,,0
3777,,429916,1,3109,23955,155,119,0,83886092,0x0500000C,misc,,00000012.pro,-1,,0
3778,,430004,1,3110,23956,156,119,0,83886092,0x0500000C,misc,,00000012.pro,-1,,0
3779,,430092,1,3111,24053,53,120,0,83886092,0x0500000C,misc,,00000012.pro,-1,,0
3780,,430180,1,3118,24070,70,120,0,50332656,0x030003F0,wall,,00001008.pro,-1,,0
3781,,430268,1,3119,24071,71,120,0,33555048,0x02000268,scenery,generic,00000617.pro,-1,,0
3782,,430356,1,3121,24076,76,120,0,50332656,0x030003F0,wall,,00001008.pro,-1,,0
3783,,430444,1,3122,24076,76,120,0,33555045,0x02000265,scenery,generic,00000614.pro,-1,,0
3784,,430532,1,3123,24076,76,120,0,33555047,0x02000267,scenery,generic,00000616.pro,50331674,Sink.int,0
3785,,430620,1,3127,24080,80,120,0,50332656,0x030003F0,wall,,00001008.pro,-1,,0
3786,,430708,1,3128,24080,80,120,0,33555279,0x0200034F,scenery,generic,00000848.pro,-1,,0
3787,,430796,1,3129,24081,81,120,0,33555063,0x02000277,scenery,generic,00000632.pro,-1,,0
3788,,430884,1,3130,24104,104,120,0,50332652,0x030003EC,wall,,00001004.pro,-1,,0
3789,,430972,1,3131,24105,105,120,0,50331879,0x030000E7,wall,,00000231.pro,-1,,0
3790,,431060,1,3134,24112,112,120,0,50332656,0x030003F0,wall,,00001008.pro,-1,,0
3791,,431148,1,3135,24112,112,120,0,33555279,0x0200034F,scenery,generic,00000848.pro,-1,,0
3792,,431236,1,3140,24128,128,120,0,50332656,0x030003F0,wall,,00001008.pro,-1,,0
3793,,431324,1,3141,24129,129,120,0,50331879,0x030000E7,wall,,00000231.pro,-1,,0
3794,,431412,1,3150,24156,156,120,0,83886092,0x0500000C,misc,,00000012.pro,-1,,0
3795,,431500,1,3151,24253,53,121,0,83886092,0x0500000C,misc,,00000012.pro,-1,,0
3796,,431588,1,3152,24254,54,121,0,83886092,0x0500000C,misc,,00000012.pro,-1,,0
3797,,431676,1,3156,24270,70,121,0,50332658,0x030003F2,wall,,00001010.pro,-1,,0
3798,,431764,1,3158,24276,76,121,0,50332658,0x030003F2,wall,,00001010.pro,-1,,0
3799,,431852,1,3161,24280,80,121,0,50332672,0x03000400,wall,,00001024.pro,-1,,0
3800,,431940,1,3170,24295,95,121,0,16777403,0x010000BB,critter,,00000187.pro,67108883,GenSupr.int,2
3800/inventory/0,1,432072,1,3171,-1,,,0,13,0x0000000D,item,weapon,00000007.pro,-1,,0
3800/inventory/1,4,432172,1,3172,-1,,,0,14,0x0000000E,item,ammo,00000008.pro,-1,,0
3801,,432264,1,3175,24304,104,121,0,50332658,0x030003F2,wall,,00001010.pro,-1,,0
3802,,432352,1,3177,24305,105,121,0,50331880,0x030000E8,wall,,00000232.pro,-1,,0
3803,,432440,1,3182,24312,112,121,0,50332662,0x030003F6,wall,,00001014.pro,-1,,0
3804,,432528,1,3183,24313,113,121,0,50332640,0x030003E0,wall,,00000992.pro,-1,,0
3805,,432616,1,3184,24314,114,121,0,50332661,0x030003F5,wall,,00001013.pro,-1,,0
3806,,432704,1,3185,24315,115,121,0,50332644,0x030003E4,wall,,00000996.pro,-1,,0
3807,,432792,1,3186,24316,116,121,0,50332663,0x030003F7,wall,,00001015.pro,-1,,0
3808,,432880,1,3193,24324,124,121,0,50332664,0x030003F8,wall,,00001016.pro,-1,,0
3809,,432968,1,3194,24325,125,121,0,50332640,0x030003E0,wall,,00000992.pro,-1,,0
3810,,433056,1,3199,24326,126,121,0,50332661,0x030003F5,wall,,00001013.pro,-1,,0
3811,,433144,1,3200,24327,127,121,0,50332640,0x030003E0,wall,,00000992.pro,-1,,0
3812,,433232,1,3201,24328,128,121,0,50332679,0x03000407,wall,,00001031.pro,-1,,0
3813,,433320,1,3203,24329,129,121,0,50331880,0x030000E8,wall,,00000232.pro,-1,,0
3814,,433408,1,3211,24357,157,121,0,83886092,0x0500000C,misc,,00000012.pro,-1,,0
3815,,433496,1,3212,24454,54,122,0,83886092,0x0500000C,misc,,00000012.pro,-1,,0
3816,,433584,1,3217,24470,70,122,0,50332656,0x030003F0,wall,,00001008.pro,-1,,0
3817,,433672,1,3218,24471,71,122,0,33555048,0x02000268,scenery,generic,00000617.pro,-1,,0
3818,,433760,1,3220,24476,76,122,0,50332652,0x030003EC,wall,,00001004.pro,-1,,0
3819,,433848,1,3221,24476,76,122,0,33555045,0x02000265,scenery,generic,00000614.pro,-1,,0
3820,,433936,1,3222,24476,76,122,0,33555047,0x02000267,scenery,generic,00000616.pro,50331675,Sink.int,0
3821,,434024,1,3228,24492,92,122,5,16777403,0x010000BB,critter,,00000187.pro,67108882,GenSupr.int,2
3821/inventory/0,1,434156,1,3229,-1,,,0,13,0x0000000D,item,weapon,00000007.pro,-1,,0
3821/inventory/1,4,434256,1,3230,-1,,,0,14,0x0000000E,item,ammo,00000008.pro,-1,,0
3822,,434348,1,3234,24504,104,122,0,50332652,0x030003EC,wall,,00001004.pro,-1,,0
3823,,434436,1,3235,24505,105,122,0,50331881,0x030000E9,wall,,00000233.pro,-1,,0
3824,,434524,1,3239,24512,112,122,0,50332270,0x0300026E,wall,,00000622.pro,-1,,0
3825,,434612,1,3240,24514,114,122,0,50331873,0x030000E1,wall,,00000225.pro,-1,,0
3826,,434700,1,3241,24516,116,122,0,50332269,0x0300026D,wall,,00000621.pro,-1,,0
3827,,434788,1,3245,24524,124,122,0,50332269,0x0300026D,wall,,00000621.pro,-1,,0
3828,,434876,1,3246,24526,126,122,0,50331873,0x030000E1,wall,,00000225.pro,-1,,0
3829,,434964,1,3247,24528,128,122,0,50331877,0x030000E5,wall,,00000229.pro,-1,,0
3830,,435052,1,3248,24529,129,122,0,50331881,0x030000E9,wall,,00000233.pro,-1,,0
3831,,435140,1,3255,24556,156,122,0,83886092,0x0500000C,misc,,00000012.pro,-1,,0
3832,,435228,1,3256,24557,157,122,0,83886092,0x0500000C,misc,,00000012.pro,-1,,0
3833,,435316,1,3257,24558,158,122,0,83886092,0x0500000C,misc,,00000012.pro,-1,,0
3834,,435404,1,3258,24655,55,123,0,83886092,0x0500000C,misc,,00000012.pro,-1,,0
3835,,435492,1,3266,24670,70,123,0,33555260,0x0200033C,scenery,generic,00000829.pro,50331732,Klaxon.int,0
3836,,435580,1,3267,24670,70,123,0,50332657,0x030003F1,wall,,00001009.pro,-1,,0
3837,,435668,1,3269,24676,76,123,0,50332672,0x03000400,wall,,00001024.pro,-1,,0
3838,,435756,1,3279,24704,104,123,0,50332658,0x030003F2,wall,,00001010.pro,-1,,0
3839,,435844,1,3281,24705,105,123,0,50331878,0x030000E6,wall,,00000230.pro,-1,,0
3840,,435932,1,3284,24713,113,123,0,50331874,0x030000E2,wall,,00000226.pro,-1,,0
3841,,436020,1,3285,24715,115,123,0,50331872,0x030000E0,wall,,00000224.pro,-1,,0
3842,,436108,1,3286,24716,116,123,0,50332657,0x030003F1,wall,,00001009.pro,-1,,0
3843,,436196,1,3291,24724,124,123,0,50332658,0x030003F2,wall,,00001010.pro,-1,,0
3844,,436284,1,3292,24725,125,123,0,50332300,0x0300028C,wall,,00000652.pro,-1,,0
3845,,436372,1,3293,24727,127,123,0,50331876,0x030000E4,wall,,00000228.pro,-1,,0
3846,,436460,1,3294,24729,129,123,0,50332301,0x0300028D,wall,,00000653.pro,-1,,0
3847,,436548,1,3301,24754,154,123,0,83886092,0x0500000C,misc,,00000012.pro,-1,,0
3848,,436636,1,3302,24755,155,123,0,83886092,0x0500000C,misc,,00000012.pro,-1,,0
3849,,436724,1,3303,24756,156,123,0,83886092,0x0500000C,misc,,00000012.pro,-1,,0
3850,,436812,1,3304,24757,157,123,0,83886092,0x0500000C,misc,,00000012.pro,-1,,0
3851,,436900,1,3305,24855,55,124,0,83886092,0x0500000C,misc,,00000012.pro,-1,,0
3852,,436988,1,3306,24856,56,124,0,83886092,0x0500000C,misc,,00000012.pro,-1,,0
3853,,437076,1,3310,24870,70,124,0,50332656,0x030003F0,wall,,00001008.pro,-1,,0
3854,,437164,1,3311,24871,71,124,0,33555048,0x02000268,scenery,generic,00000617.pro,-1,,0
3855,,437252,1,3319,24904,104,124,0,50332652,0x030003EC,wall,,00001004.pro,-1,,0
3856,,437340,1,3321,24905,105,124,0,50331879,0x030000E7,wall,,00000231.pro,-1,,0
3857,,437428,1,3322,24916,116,124,0,50332656,0x030003F0,wall,,00001008.pro,-1,,0
3858,,437516,1,3326,24924,124,124,0,50332652,0x030003EC,wall,,00001004.pro,-1,,0
3859,,437604,1,3327,24925,125,124,0,50332270,0x0300026E,wall,,00000622.pro,-1,,0
3860,,437692,1,3334,24952,152,124,0,83886092,0x0500000C,misc,,00000012.pro,-1,,0
3861,,437780,1,3335,24953,153,124,0,83886092,0x0500000C,misc,,00000012.pro,-1,,0
3862,,437868,1,3336,24954,154,124,0,83886092,0x0500000C,misc,,00000012.pro,-1,,0
3863,,437956,1,3337,24955,155,124,0,83886092,0x0500000C,misc,,00000012.pro,-1,,0
3864,,438044,1,3338,25056,56,125,0,83886092,0x0500000C,misc,,00000012.pro,-1,,0
3865,,438132,1,3347,25070,70,125,0,50332677,0x03000405,wall,,00001029.pro,-1,,0
3866,,438220,1,3348,25071,71,125,0,50332640,0x030003E0,wall,,00000992.pro,-1,,0
3867,,438308,1,3349,25071,71,125,0,33555274,0x0200034A,scenery,generic,00000843.pro,-1,,0
3868,,438396,1,3350,25072,72,125,0,50332639,0x030003DF,wall,,00000991.pro,-1,,0
3869,,438484,1,3351,25072,72,125,0,33555271,0x02000347,scenery,generic,00000840.pro,-1,,0
3870,,438572,1,3352,25073,73,125,0,50332640,0x030003E0,wall,,00000992.pro,-1,,0
3871,,438660,1,3353,25073,73,125,0,33555270,0x02000346,scenery,generic,00000839.pro,-1,,0
3872,,438748,1,3355,25074,74,125,0,50332661,0x030003F5,wall,,00001013.pro,-1,,0
3873,,438836,1,3356,25074,74,125,0,33555271,0x02000347,scenery,generic,00000840.pro,-1,,0
3874,,438924,1,3358,25075,75,125,0,50332640,0x030003E0,wall,,00000992.pro,-1,,0
3875,,439012,1,3359,25075,75,125,0,33555270,0x02000346,scenery,generic,00000839.pro,-1,,0
3876,,439100,1,3361,25076,76,125,0,50332639,0x030003DF,wall,,00000991.pro,-1,,0
3877,,439188,1,3362,25076,76,125,0,33555271,0x02000347,scenery,generic,00000840.pro,-1,,0
3878,,439276,1,3364,25077,77,125,0,50332640,0x030003E0,wall,,00000992.pro,-1,,0
3879,,439364,1,3365,25077,77,125,0,33555270,0x02000346,scenery,generic,00000839.pro,-1,,0
3880,,439452,1,3366,25078,78,125,0,50332661,0x030003F5,wall,,00001013.pro,-1,,0
3881,,439540,1,3367,25078,78,125,0,33555271,0x02000347,scenery,generic,00000840.pro,-1,,0
3882,,439628,1,3368,25079,79,125,0,50332640,0x030003E0,wall,,00000992.pro,-1,,0
3883,,439716,1,3369,25079,79,125,0,33555270,0x02000346,scenery,generic,00000839.pro,-1,,0
3884,,439804,1,3370,25080,80,125,0,50332639,0x030003DF,wall,,00000991.pro,-1,,0
3885,,439892,1,3371,25080,80,125,0,33555272,0x02000348,scenery,generic,00000841.pro,-1,,0
3886,,439980,1,3372,25081,81,125,0,50332640,0x030003E0,wall,,00000992.pro,-1,,0
3887,,440068,1,3373,25082,82,125,0,50332663,0x030003F7,wall,,00001015.pro,-1,,0
3888,,440156,1,3377,25086,86,125,0,50332664,0x030003F8,wall,,00001016.pro,-1,,0
3889,,440244,1,3379,25087,87,125,0,50332644,0x030003E4,wall,,00000996.pro,-1,,0
3890,,440332,1,3381,25088,88,125,0,50332663,0x030003F7,wall,,00001015.pro,-1,,0
3891,,440420,1,3388,25096,96,125,0,50332664,0x030003F8,wall,,00001016.pro,-1,,0
3892,,440508,1,3390,25097,97,125,0,50332644,0x030003E4,wall,,00000996.pro,-1,,0
3893,,440596,1,3392,25098,98,125,0,50332663,0x030003F7,wall,,00001015.pro,-1,,0
3894,,440684,1,3399,25104,104,125,0,50332658,0x030003F2,wall,,00001010.pro,-1,,0
3895,,440772,1,3401,25105,105,125,0,50331880,0x030000E8,wall,,00000232.pro,-1,,0
3896,,440860,1,3402,25116,116,125,0,50332677,0x03000405,wall,,00001029.pro,-1,,0
3897,,440948,1,3403,25117,117,125,0,50332666,0x030003FA,wall,,00001018.pro,-1,,0
3898,,441036,1,3406,25118,118,125,0,33554450,0x02000012,scenery,door,00000018.pro,50331670,MetlDoor.int,0
3899,,441128,1,3407,25119,119,125,0,50332270,0x0300026E,wall,,00000622.pro,-1,,0
3900,,441216,1,3408,25119,119,125,0,50332668,0x030003FC,wall,,00001020.pro,-1,,0
3901,,441304,1,3409,25120,120,125,0,50332665,0x030003F9,wall,,00001017.pro,-1,,0
3902,,441392,1,3411,25121,121,125,0,50332640,0x030003E0,wall,,00000992.pro,-1,,0
3903,,441480,1,3412,25122,122,125,0,50332661,0x030003F5,wall,,00001013.pro,-1,,0
3904,,441568,1,3413,25123,123,125,0,50332644,0x030003E4,wall,,00000996.pro,-1,,0
3905,,441656,1,3414,25124,124,125,0,50332675,0x03000403,wall,,00001027.pro,-1,,0
3906,,441744,1,3415,25125,125,125,0,50331878,0x030000E6,wall,,00000230.pro,-1,,0
3907,,441832,1,3422,25150,150,125,0,83886092,0x0500000C,misc,,00000012.pro,-1,,0
3908,,441920,1,3423,25150,150,125,0,83886092,0x0500000C,misc,,00000012.pro,-1,,0
3909,,442008,1,3424,25151,151,125,0,83886092,0x0500000C,misc,,00000012.pro,-1,,0
3910,,442096,1,3425,25152,152,125,0,83886092,0x0500000C,misc,,00000012.pro,-1,,0
3911,,442184,1,3426,25153,153,125,0,83886092,0x0500000C,misc,,00000012.pro,-1,,0
3912,,442272,1,3427,25257,57,126,0,83886092,0x0500000C,misc,,00000012.pro,-1,,0
3913,,442360,1,3434,25270,70,126,0,50332269,0x0300026D,wall,,00000621.pro,-1,,0
3914,,442448,1,3435,25271,71,126,0,50332270,0x0300026E,wall,,00000622.pro,-1,,0
3915,,442536,1,3436,25273,73,126,0,50332270,0x0300026E,wall,,00000622.pro,-1,,0
3916,,442624,1,3437,25273,73,126,0,33555259,0x0200033B,scenery,generic,00000828.pro,50331731,Klaxon.int,0
3917,,442712,1,3440,25275,75,126,0,50332270,0x0300026E,wall,,00000622.pro,-1,,0
3918,,442800,1,3442,25276,76,126,0,33554560,0x02000080,scenery,generic,00000129.pro,-1,,0
3919,,442888,1,3443,25276,76,126,0,133,0x00000085,item,container,00000133.pro,-1,,3
3919/inventory/0,1,442980,1,3444,-1,,,0,13,0x0000000D,item,weapon,00000007.pro,-1,,0
3919/inventory/1,2,443080,1,3445,-1,,,0,14,0x0000000E,item,ammo,00000008.pro,-1,,0
3919/inventory/2,3,443176,1,3446,-1,,,0,37,0x00000025,item,ammo,00000037.pro,-1,,0
3920,,443268,1,3448,25277,77,126,0,50332270,0x0300026E,wall,,00000622.pro,-1,,0
3921,,443356,1,3449,25278,78,126,0,33554560,0x02000080,scenery,generic,00000129.pro,-1,,0
3922,,443444,1,3450,25278,78,126,0,133,0x00000085,item,container,00000133.pro,-1,,2
3922/inventory/0,3,443536,1,3451,-1,,,0,32,0x00000020,item,ammo,00000032.pro,-1,,0
3922/inventory/1,2,443632,1,3452,-1,,,0,11,0x0000000B,item,weapon,00000010.pro,-1,,0
3923,,443728,1,3453,25279,79,126,0,50332270,0x0300026E,wall,,00000622.pro,-1,,0
3924,,443816,1,3454,25280,80,126,0,33554560,0x02000080,scenery,generic,00000129.pro,-1,,0
3925,,443904,1,3455,25280,80,126,0,133,0x00000085,item,container,00000133.pro,-1,,3
3925/inventory/0,2,443996,1,3456,-1,,,0,26,0x0000001A,item,weapon,00000026.pro,-1,,0
3925/inventory/1,2,444096,1,3457,-1,,,0,25,0x00000019,item,weapon,00000025.pro,-1,,0
3925/inventory/2,3,444196,1,3458,-1,,,0,27,0x0000001B,item,weapon,00000027.pro,-1,,0
3926,,444292,1,3459,25281,81,126,0,50332270,0x0300026E,wall,,00000622.pro,-1,,0
3927,,444380,1,3460,25282,82,126,0,50332269,0x0300026D,wall,,00000621.pro,-1,,0
3928,,444468,1,3461,25282,82,126,0,33555275,0x0200034B,scenery,generic,00000844.pro,-1,,0
3929,,444556,1,3464,25286,86,126,0,50332270,0x0300026E,wall,,00000622.pro,-1,,0
3930,,444644,1,3466,25288,88,126,0,50332270,0x0300026E,wall,,00000622.pro,-1,,0
3931,,444732,1,3467,25288,88,126,0,33555275,0x0200034B,scenery,generic,00000844.pro,-1,,0
3932,,444820,1,3472,25296,96,126,0,50332270,0x0300026E,wall,,00000622.pro,-1,,0
3933,,444908,1,3474,25298,98,126,0,50332270,0x0300026E,wall,,00000622.pro,-1,,0
3934,,444996,1,3475,25298,98,126,0,33555275,0x0200034B,scenery,generic,00000844.pro,-1,,0
3935,,445084,1,3479,25304,104,126,0,50332652,0x030003EC,wall,,00001004.pro,-1,,0
3936,,445172,1,3481,25305,105,126,0,50331881,0x030000E9,wall,,00000233.pro,-1,,0
3937,,445260,1,3482,25316,116,126,0,50332269,0x0300026D,wall,,00000621.pro,-1,,0
3938,,445348,1,3483,25317,117,126,0,50332270,0x0300026E,wall,,00000622.pro,-1,,0
3939,,445436,1,3488,25321,121,126,0,50332270,0x0300026E,wall,,00000622.pro,-1,,0
3940,,445524,1,3489,25323,123,126,0,50332270,0x0300026E,wall,,00000622.pro,-1,,0
3941,,445612,1,3490,25324,124,126,0,50332269,0x0300026D,wall,,00000621.pro,-1,,0
3942,,445700,1,3491,25325,125,126,0,50331879,0x030000E7,wall,,00000231.pro,-1,,0
3943,,445788,1,3501,25348,148,126,0,83886092,0x0500000C,misc,,00000012.pro,-1,,0
3944,,445876,1,3502,25349,149,126,0,83886092,0x0500000C,misc,,00000012.pro,-1,,0
3945,,445964,1,3503,25350,150,126,0,83886092,0x0500000C,misc,,00000012.pro,-1,,0
3946,,446052,1,3504,25351,151,126,0,83886092,0x0500000C,misc,,00000012.pro,-1,,0
3947,,446140,1,3505,25457,57,127,0,83886092,0x0500000C,misc,,00000012.pro,-1,,0
3948,,446228,1,3506,25458,58,127,0,83886092,0x0500000C,misc,,00000012.pro,-1,,0
3949,,446316,1,3513,25470,70,127,0,50332657,0x030003F1,wall,,00001009.pro,-1,,0
3950,,446404,1,3514,25471,71,127,0,33554499,0x02000043,scenery,generic,00000068.pro,-1,,0
3951,,446492,1,3515,25471,71,127,0,135,0x00000087,item,container,00000135.pro,-1,,2
3951/inventory/0,1,446584,1,3516,-1,,,0,15,0x0000000F,item,weapon,00000015.pro,-1,,0
3951/inventory/1,4,446684,1,3517,-1,,,0,16,0x00000010,item,weapon,00000016.pro,-1,,0
3952,,446780,1,3521,25482,82,127,0,50332657,0x030003F1,wall,,00001009.pro,-1,,0
3953,,446868,1,3522,25482,82,127,0,33555276,0x0200034C,scenery,generic,00000845.pro,-1,,0
3954,,446956,1,3525,25486,86,127,0,50332662,0x030003F6,wall,,00001014.pro,-1,,0
3955,,447044,1,3526,25486,86,127,0,33555273,0x02000349,scenery,generic,00000842.pro,-1,,0
3956,,447132,1,3527,25487,87,127,0,50332640,0x030003E0,wall,,00000992.pro,-1,,0
3957,,447220,1,3528,25487,87,127,0,33555270,0x02000346,scenery,generic,00000839.pro,-1,,0
3958,,447308,1,3529,25488,88,127,0,50332679,0x03000407,wall,,00001031.pro,-1,,0
3959,,447396,1,3530,25488,88,127,0,33555279,0x0200034F,scenery,generic,00000848.pro,-1,,0
3960,,447484,1,3531,25488,88,127,0,33555269,0x02000345,scenery,generic,00000838.pro,-1,,0
3961,,447572,1,3532,25489,89,127,0,33554499,0x02000043,scenery,generic,00000068.pro,-1,,0
3962,,447660,1,3533,25489,89,127,0,131,0x00000083,item,container,00000131.pro,-1,,2
3962/inventory/0,1,447752,1,3534,-1,,,0,40,0x00000028,item,drug,00000040.pro,-1,,0
3962/inventory/1,12,447844,1,3535,-1,,,0,41,0x00000029,item,misc,00000041.pro,-1,,0
3963,,447936,1,3543,25496,96,127,0,50332662,0x030003F6,wall,,00001014.pro,-1,,0
3964,,448024,1,3544,25496,96,127,0,33555273,0x02000349,scenery,generic,00000842.pro,-1,,0
3965,,448112,1,3545,25497,97,127,0,50332640,0x030003E0,wall,,00000992.pro,-1,,0
3966,,448200,1,3546,25497,97,127,0,33555270,0x02000346,scenery,generic,00000839.pro,-1,,0
3967,,448288,1,3547,25498,98,127,0,50332679,0x03000407,wall,,00001031.pro,-1,,0
3968,,448376,1,3548,25498,98,127,0,33555279,0x0200034F,scenery,generic,00000848.pro,-1,,0
3969,,448464,1,3549,25498,98,127,0,33555269,0x02000345,scenery,generic,00000838.pro,-1,,0
3970,,448552,1,3550,25499,99,127,0,33554499,0x02000043,scenery,generic,00000068.pro,-1,,0
3971,,448640,1,3551,25499,99,127,0,131,0x00000083,item,container,00000131.pro,-1,,1
3971/inventory/0,1,448732,1,3552,-1,,,0,33,0x00000021,item,ammo,00000033.pro,-1,,0
3972,,448824,1,3554,25504,104,127,0,50332658,0x030003F2,wall,,00001010.pro,-1,,0
3973,,448912,1,3556,25505,105,127,0,50331878,0x030000E6,wall,,00000230.pro,-1,,0
3974,,449000,1,3557,25516,116,127,0,50332657,0x030003F1,wall,,00001009.pro,-1,,0
3975,,449088,1,3558,25516,116,127,0,33555275,0x0200034B,scenery,generic,00000844.pro,-1,,0
3976,,449176,1,3564,25524,124,127,0,50332658,0x030003F2,wall,,00001010.pro,-1,,0
3977,,449264,1,3565,25525,125,127,0,50331879,0x030000E7,wall,,00000231.pro,-1,,0
3978,,449352,1,3572,25546,146,127,0,83886092,0x0500000C,misc,,00000012.pro,-1,,0
3979,,449440,1,3573,25547,147,127,0,83886092,0x0500000C,misc,,00000012.pro,-1,,0
3980,,449528,1,3574,25548,148,127,0,83886092,0x0500000C,misc,,00000012.pro,-1,,0
3981,,449616,1,3575,25549,149,127,0,83886092,0x0500000C,misc,,00000012.pro,-1,,0
3982,,449704,1,3576,25658,58,128,0,83886092,0x0500000C,misc,,00000012.pro,-1,,0
3983,,449792,1,3580,25670,70,128,0,50332656,0x030003F0,wall,,00001008.pro,-1,,0
3984,,449880,1,3581,25671,71,128,0,33554499,0x02000043,scenery,generic,00000068.pro,-1,,0
3985,,449968,1,3582,25671,71,128,0,135,0x00000087,item,container,00000135.pro,-1,,1
3985/inventory/0,3,450060,1,3583,-1,,,0,34,0x00000022,item,ammo,00000034.pro,-1,,0
3986,,450152,1,3586,25681,81,128,0,33554776,0x02000158,scenery,generic,00000345.pro,-1,,0
3987,,450240,1,3587,25682,82,128,0,50332656,0x030003F0,wall,,00001008.pro,-1,,0
3988,,450328,1,3588,25682,82,128,0,33555277,0x0200034D,scenery,generic,00000846.pro,-1,,0
3989,,450416,1,3591,25685,85,128,0,33554499,0x02000043,scenery,generic,00000068.pro,-1,,0
3990,,450504,1,3592,25687,87,128,0,50332270,0x0300026E,wall,,00000622.pro,-1,,0
3991,,450592,1,3593,25687,87,128,0,33555061,0x02000275,scenery,generic,00000630.pro,-1,,0
3992,,450680,1,3594,25689,89,128,0,33554499,0x02000043,scenery,generic,00000068.pro,-1,,0
3993,,450768,1,3598,25695,95,128,0,33554499,0x02000043,scenery,generic,00000068.pro,-1,,0
3994,,450856,1,3599,25697,97,128,0,50332270,0x0300026E,wall,,00000622.pro,-1,,0
3995,,450944,1,3600,25697,97,128,0,33555061,0x02000275,scenery,generic,00000630.pro,-1,,0
3996,,451032,1,3601,25699,99,128,0,33554499,0x02000043,scenery,generic,00000068.pro,-1,,0
3997,,451120,1,3603,25704,104,128,0,50332652,0x030003EC,wall,,00001004.pro,-1,,0
3998,,451208,1,3605,25705,105,128,0,50331879,0x030000E7,wall,,00000231.pro,-1,,0
3999,,451296,1,3606,25716,116,128,0,50332656,0x030003F0,wall,,00001008.pro,-1,,0
4000,,451384,1,3607,25716,116,128,0,33555276,0x0200034C,scenery,generic,00000845.pro,-1,,0
4001,,451472,1,3609,25724,124,128,0,50332652,0x030003EC,wall,,00001004.pro,-1,,0
4002,,451560,1,3610,25725,125,128,0,50331880,0x030000E8,wall,,00000232.pro,-1,,0
4003,,451648,1,3617,25744,144,128,0,83886092,0x0500000C,misc,,00000012.pro,-1,,0
4004,,451736,1,3618,25745,145,128,0,83886092,0x0500000C,misc,,00000012.pro,-1,,0
4005,,451824,1,3619,25746,146,128,0,83886092,0x0500000C,misc,,00000012.pro,-1,,0
4006,,451912,1,3620,25746,146,128,0,83886092,0x0500000C,misc,,00000012.pro,-1,,0
4007,,452000,1,3621,25747,147,128,0,83886092,0x0500000C,misc,,00000012.pro,-1,,0
4008,,452088,1,3622,25859,59,129,0,83886092,0x0500000C,misc,,00000012.pro,-1,,0
4009,,452176,1,3627,25870,70,129,0,50332658,0x030003F2,wall,,00001010.pro,-1,,0
4010,,452264,1,3628,25871,71,129,0,33554499,0x02000043,scenery,generic,00000068.pro,-1,,0
4011,,452352,1,3629,25871,71,129,0,135,0x00000087,item,container,00000135.pro,-1,,1
4011/inventory/0,12,452444,1,3630,-1,,,0,38,0x00000026,item,ammo,00000038.pro,-1,,0
4012,,452536,1,3633,25875,75,129,3,16777405,0x010000BD,critter,,00000189.pro,67108895,VTeam3.int,3
4012/inventory/0,1,452668,1,3634,-1,,,0,11,0x0000000B,item,weapon,00000010.pro,-1,,0
4012/inventory/1,3,452768,1,3635,-1,,,0,32,0x00000020,item,ammo,00000032.pro,-1,,0
4012/inventory/2,1,452864,1,3636,-1,,,0,40,0x00000028,item,drug,00000040.pro,-1,,0
4013,,452952,1,3645,25880,80,129,0,50332664,0x030003F8,wall,,00001016.pro,-1,,0
4014,,453040,1,3647,25881,81,129,0,50332640,0x030003E0,wall,,00000992.pro,-1,,0
4015,,453128,1,3649,25882,82,129,0,50332679,0x03000407,wall,,00001031.pro,-1,,0
4016,,453216,1,3650,25882,82,129,0,33555279,0x0200034F,scenery,generic,00000848.pro,-1,,0
4017,,453304,1,3653,25885,85,129,0,33554499,0x02000043,scenery,generic,00000068.pro,-1,,0
4018,,453392,1,3654,25886,86,129,0,33554499,0x02000043,scenery,generic,00000068.pro,-1,,0
4019,,453480,1,3655,25887,87,129,0,33554499,0x02000043,scenery,generic,00000068.pro,-1,,0
4020,,453568,1,3656,25888,88,129,0,33554499,0x02000043,scenery,generic,00000068.pro,-1,,0
4021,,453656,1,3657,25889,89,129,0,33554499,0x02000043,scenery,generic,00000068.pro,-1,,0
4022,,453744,1,3658,25895,95,129,0,33554499,0x02000043,scenery,generic,00000068.pro,-1,,0
4023,,453832,1,3659,25896,96,129,0,33554499,0x02000043,scenery,generic,00000068.pro,-1,,0
4024,,453920,1,3660,25897,97,129,0,33554499,0x02000043,scenery,generic,00000068.pro,-1,,0
4025,,454008,1,3661,25898,98,129,0,33554499,0x02000043,scenery,generic,00000068.pro,-1,,0
4026,,454096,1,3662,25899,99,129,0,33554499,0x02000043,scenery,generic,00000068.pro,-1,,0
4027,,454184,1,3664,25904,104,129,0,50332658,0x030003F2,wall,,00001010.pro,-1,,0
4028,,454272,1,3666,25905,105,129,0,50331880,0x030000E8,wall,,00000232.pro,-1,,0
4029,,454360,1,3680,25916,116,129,0,50332658,0x030003F2,wall,,00001010.pro,-1,,0
4030,,454448,1,3681,25916,116,129,0,33555277,0x0200034D,scenery,generic,00000846.pro,-1,,0
4031,,454536,1,3685,25924,124,129,0,50332658,0x030003F2,wall,,00001010.pro,-1,,0
4032,,454624,1,3687,25925,125,129,0,50331878,0x030000E6,wall,,00000230.pro,-1,,0
4033,,454712,1,3692,25942,142,129,0,83886092,0x0500000C,misc,,00000012.pro,-1,,0
4034,,454800,1,3693,25943,143,129,0,83886092,0x0500000C,misc,,00000012.pro,-1,,0
4035,,454888,1,3694,25944,144,129,0,83886092,0x0500000C,misc,,00000012.pro,-1,,0
4036,,454976,1,3695,25945,145,129,0,83886092,0x0500000C,misc,,00000012.pro,-1,,0
4037,,455064,1,3696,26059,59,130,0,83886092,0x0500000C,misc,,00000012.pro,-1,,0
4038,,455152,1,3697,26060,60,130,0,83886092,0x0500000C,misc,,00000012.pro,-1,,0
4039,,455240,1,3701,26070,70,130,0,50332656,0x030003F0,wall,,00001008.pro,-1,,0
4040,,455328,1,3706,26080,80,130,0,50332269,0x0300026D,wall,,00000621.pro,-1,,0
4041,,455416,1,3708,26081,81,130,0,50332270,0x0300026E,wall,,00000622.pro,-1,,0
4042,,455504,1,3710,26104,104,130,0,50332652,0x030003EC,wall,,00001004.pro,-1,,0
4043,,455592,1,3712,26105,105,130,0,50331881,0x030000E9,wall,,00000233.pro,-1,,0
4044,,455680,1,3719,26116,116,130,0,50332656,0x030003F0,wall,,00001008.pro,-1,,0
4045,,455768,1,3720,26116,116,130,0,33555276,0x0200034C,scenery,generic,00000845.pro,-1,,0
4046,,455856,1,3725,26124,124,130,0,50332652,0x030003EC,wall,,00001004.pro,-1,,0
4047,,455944,1,3727,26125,125,130,0,50331879,0x030000E7,wall,,00000231.pro,-1,,0
4048,,456032,1,3734,26140,140,130,0,83886092,0x0500000C,misc,,00000012.pro,-1,,0
4049,,456120,1,3735,26141,141,130,0,83886092,0x0500000C,misc,,00000012.pro,-1,,0
4050,,456208,1,3736,26142,142,130,0,83886092,0x0500000C,misc,,00000012.pro,-1,,0
4051,,456296,1,3737,26143,143,130,0,83886092,0x0500000C,misc,,00000012.pro,-1,,0
4052,,456384,1,3738,26260,60,131,0,83886092,0x0500000C,misc,,00000012.pro,-1,,0
4053,,456472,1,3743,26270,70,131,0,50332677,0x03000405,wall,,00001029.pro,-1,,0
4054,,456560,1,3744,26271,71,131,0,50332640,0x030003E0,wall,,00000992.pro,-1,,0
4055,,456648,1,3745,26271,71,131,0,33555274,0x0200034A,scenery,generic,00000843.pro,-1,,0
4056,,456736,1,3746,26272,72,131,0,50332661,0x030003F5,wall,,00001013.pro,-1,,0
4057,,456824,1,3747,26272,72,131,0,33555271,0x02000347,scenery,generic,00000840.pro,-1,,0
4058,,456912,1,3748,26273,73,131,0,50332640,0x030003E0,wall,,00000992.pro,-1,,0
4059,,457000,1,3749,26273,73,131,0,33555270,0x02000346,scenery,generic,00000839.pro,-1,,0
4060,,457088,1,3750,26274,74,131,0,50332671,0x030003FF,wall,,00001023.pro,-1,,0
4061,,457176,1,3751,26274,74,131,0,33555269,0x02000345,scenery,generic,00000838.pro,-1,,0
4062,,457264,1,3753,26280,80,131,0,50332657,0x030003F1,wall,,00001009.pro,-1,,0
4063,,457352,1,3754,26304,104,131,0,50332658,0x030003F2,wall,,00001010.pro,-1,,0
4064,,457440,1,3755,26305,105,131,0,50331878,0x030000E6,wall,,00000230.pro,-1,,0
4065,,457528,1,3757,26316,116,131,0,33555260,0x0200033C,scenery,generic,00000829.pro,50331724,Klaxon.int,0
4066,,457616,1,3758,26316,116,131,0,50332657,0x030003F1,wall,,00001009.pro,-1,,0
4067,,457704,1,3759,26316,116,131,0,33555277,0x0200034D,scenery,generic,00000846.pro,-1,,0
4068,,457792,1,3764,26324,124,131,0,50332658,0x030003F2,wall,,00001010.pro,-1,,0
4069,,457880,1,3765,26325,125,131,0,50331878,0x030000E6,wall,,00000230.pro,-1,,0
4070,,457968,1,3768,26338,138,131,0,83886092,0x0500000C,misc,,00000012.pro,-1,,0
4071,,458056,1,3769,26339,139,131,0,83886092,0x0500000C,misc,,00000012.pro,-1,,0
4072,,458144,1,3770,26340,140,131,0,83886092,0x0500000C,misc,,00000012.pro,-1,,0
4073,,458232,1,3771,26341,141,131,0,83886092,0x0500000C,misc,,00000012.pro,-1,,0
4074,,458320,1,3772,26461,61,132,0,83886092,0x0500000C,misc,,00000012.pro,-1,,0
4075,,458408,1,3777,26470,70,132,0,50332269,0x0300026D,wall,,00000621.pro,-1,,0
4076,,458496,1,3778,26471,71,132,0,50332270,0x0300026E,wall,,00000622.pro,-1,,0
4077,,458584,1,3779,26473,73,132,0,50332270,0x0300026E,wall,,00000622.pro,-1,,0
4078,,458672,1,3781,26480,80,132,0,50332656,0x030003F0,wall,,00001008.pro,-1,,0
4079,,458760,1,3782,26504,104,132,0,50332652,0x030003EC,wall,,00001004.pro,-1,,0
4080,,458848,1,3783,26505,105,132,0,50331884,0x030000EC,wall,,00000236.pro,-1,,0
4081,,458936,1,3785,26516,116,132,0,50332656,0x030003F0,wall,,00001008.pro,-1,,0
4082,,459024,1,3786,26516,116,132,0,33555279,0x0200034F,scenery,generic,00000848.pro,-1,,0
4083,,459112,1,3791,26524,124,132,0,50332652,0x030003EC,wall,,00001004.pro,-1,,0
4084,,459200,1,3792,26525,125,132,0,50331884,0x030000EC,wall,,00000236.pro,-1,,0
4085,,459288,1,3795,26536,136,132,0,83886092,0x0500000C,misc,,00000012.pro,-1,,0
4086,,459376,1,3796,26537,137,132,0,83886092,0x0500000C,misc,,00000012.pro,-1,,0
4087,,459464,1,3797,26538,138,132,0,83886092,0x0500000C,misc,,00000012.pro,-1,,0
4088,,459552,1,3798,26539,139,132,0,83886092,0x0500000C,misc,,00000012.pro,-1,,0
4089,,459640,1,3799,26661,61,133,0,83886092,0x0500000C,misc,,00000012.pro,-1,,0
4090,,459728,1,3800,26662,62,133,0,83886092,0x0500000C,misc,,00000012.pro,-1,,0
4091,,459816,1,3804,26670,70,133,0,50332657,0x030003F1,wall,,00001009.pro,-1,,0
4092,,459904,1,3805,26671,71,133,0,33554499,0x02000043,scenery,generic,00000068.pro,-1,,0
4093,,459992,1,3806,26671,71,133,0,135,0x00000087,item,container,00000135.pro,-1,,1
4093/inventory/0,2,460084,1,3807,-1,,,0,30,0x0000001E,item,ammo,00000030.pro,-1,,0
4094,,460176,1,3809,26680,80,133,0,33555260,0x0200033C,scenery,generic,00000829.pro,50331726,Klaxon.int,0
4095,,460264,1,3810,26680,80,133,0,50332669,0x030003FD,wall,,00001021.pro,-1,,0
4096,,460352,1,3811,26704,104,133,0,50332662,0x030003F6,wall,,00001014.pro,-1,,0
4097,,460440,1,3812,26705,105,133,0,50332640,0x030003E0,wall,,00000992.pro,-1,,0
4098,,460528,1,3813,26705,105,133,0,33555274,0x0200034A,scenery,generic,00000843.pro,-1,,0
4099,,460616,1,3814,26706,106,133,0,50332661,0x030003F5,wall,,00001013.pro,-1,,0
4100,,460704,1,3815,26706,106,133,0,33555078,0x02000286,scenery,generic,00000647.pro,50331656,Emiter2b.int,0
4101,,460792,1,3816,26706,106,133,0,33555272,0x02000348,scenery,generic,00000841.pro,-1,,0
4102,,460880,1,3817,26707,107,133,0,50332644,0x030003E4,wall,,00000996.pro,-1,,0
4103,,460968,1,3818,26708,108,133,0,50332676,0x03000404,wall,,00001028.pro,-1,,0
4104,,461056,1,3819,26709,109,133,0,50332640,0x030003E0,wall,,00000992.pro,-1,,0
4105,,461144,1,3820,26709,109,133,0,33555274,0x0200034A,scenery,generic,00000843.pro,-1,,0
4106,,461232,1,3822,26710,110,133,0,50332639,0x030003DF,wall,,00000991.pro,-1,,0
4107,,461320,1,3823,26710,110,133,0,33555271,0x02000347,scenery,generic,00000840.pro,-1,,0
4108,,461408,1,3824,26711,111,133,0,50332640,0x030003E0,wall,,00000992.pro,-1,,0
4109,,461496,1,3825,26711,111,133,0,33555270,0x02000346,scenery,generic,00000839.pro,-1,,0
4110,,461584,1,3826,26712,112,133,0,50332661,0x030003F5,wall,,00001013.pro,-1,,0
4111,,461672,1,3827,26712,112,133,0,33555271,0x02000347,scenery,generic,00000840.pro,-1,,0
4112,,461760,1,3828,26713,113,133,0,50332640,0x030003E0,wall,,00000992.pro,-1,,0
4113,,461848,1,3829,26713,113,133,0,33555270,0x02000346,scenery,generic,00000839.pro,-1,,0
4114,,461936,1,3830,26714,114,133,0,50332639,0x030003DF,wall,,00000991.pro,-1,,0
4115,,462024,1,3831,26714,114,133,0,33555272,0x02000348,scenery,generic,00000841.pro,-1,,0
4116,,462112,1,3832,26715,115,133,0,50332640,0x030003E0,wall,,00000992.pro,-1,,0
4117,,462200,1,3834,26716,116,133,0,50332679,0x03000407,wall,,00001031.pro,-1,,0
4118,,462288,1,3838,26724,124,133,0,50332662,0x030003F6,wall,,00001014.pro,-1,,0
4119,,462376,1,3839,26725,125,133,0,50332640,0x030003E0,wall,,00000992.pro,-1,,0
4120,,462464,1,3840,26726,126,133,0,50332639,0x030003DF,wall,,00000991.pro,-1,,0
4121,,462552,1,3841,26727,127,133,0,50332644,0x030003E4,wall,,00000996.pro,-1,,0
4122,,462640,1,3842,26728,128,133,0,50332663,0x030003F7,wall,,00001015.pro,-1,,0
4123,,462728,1,3843,26729,129,133,0,50332270,0x0300026E,wall,,00000622.pro,-1,,0
4124,,462816,1,3845,26734,134,133,0,83886092,0x0500000C,misc,,00000012.pro,-1,,0
4125,,462904,1,3847,26735,135,133,0,83886092,0x0500000C,misc,,00000012.pro,-1,,0
4126,,462992,1,3848,26736,136,133,0,83886092,0x0500000C,misc,,00000012.pro,-1,,0
4127,,463080,1,3849,26737,137,133,0,83886092,0x0500000C,misc,,00000012.pro,-1,,0
4128,,463168,1,3850,26862,62,134,0,83886092,0x0500000C,misc,,00000012.pro,-1,,0
4129,,463256,1,3853,26870,70,134,0,50332652,0x030003EC,wall,,00001004.pro,-1,,0
4130,,463344,1,3855,26871,71,134,0,33554499,0x02000043,scenery,generic,00000068.pro,-1,,0
4131,,463432,1,3856,26871,71,134,0,135,0x00000087,item,container,00000135.pro,-1,,1
4131/inventory/0,2,463524,1,3857,-1,,,0,116,0x00000074,item,weapon,00000116.pro,-1,,0
4132,,463620,1,3859,26880,80,134,0,33554451,0x02000013,scenery,door,00000019.pro,50331662,ArmDoor.int,0
4133,,463712,1,3860,26900,100,134,5,16777225,0x01000009,critter,,00000009.pro,67108872,Abel.int,2
4133/inventory/0,5,463844,1,3861,-1,,,0,35,0x00000023,item,ammo,00000035.pro,-1,,0
4133/inventory/1,1,463940,1,3862,0,0,0,0,12,0x0000000C,item,weapon,00000006.pro,-1,,0
4134,,464036,1,3863,26905,105,134,0,50332270,0x0300026E,wall,,00000622.pro,-1,,0
4135,,464124,1,3864,26907,107,134,0,50332270,0x0300026E,wall,,00000622.pro,-1,,0
4136,,464212,1,3865,26908,108,134,0,50332269,0x0300026D,wall,,00000621.pro,-1,,0
4137,,464300,1,3866,26909,109,134,0,50332270,0x0300026E,wall,,00000622.pro,-1,,0
4138,,464388,1,3868,26911,111,134,0,50332270,0x0300026E,wall,,00000622.pro,-1,,0
4139,,464476,1,3869,26911,111,134,0,33555259,0x0200033B,scenery,generic,00000828.pro,50331725,Klaxon.int,0
4140,,464564,1,3870,26913,113,134,0,50332270,0x0300026E,wall,,00000622.pro,-1,,0
4141,,464652,1,3873,26915,115,134,0,50332270,0x0300026E,wall,,00000622.pro,-1,,0
4142,,464740,1,3876,26925,125,134,0,50332270,0x0300026E,wall,,00000622.pro,-1,,0
4143,,464828,1,3877,26927,127,134,0,50332270,0x0300026E,wall,,00000622.pro,-1,,0
4144,,464916,1,3878,26928,128,134,0,50332269,0x0300026D,wall,,00000621.pro,-1,,0
4145,,465004,1,3879,26929,129,134,0,50332270,0x0300026E,wall,,00000622.pro,-1,,0
4146,,465092,1,3880,26932,132,134,0,83886092,0x0500000C,misc,,00000012.pro,-1,,0
4147,,465180,1,3881,26933,133,134,0,83886092,0x0500000C,misc,,00000012.pro,-1,,0
4148,,465268,1,3883,26934,134,134,0,83886092,0x0500000C,misc,,00000012.pro,-1,,0
4149,,465356,1,3885,26935,135,134,0,83886092,0x0500000C,misc,,00000012.pro,-1,,0
4150,,465444,1,3886,27063,63,135,0,83886092,0x0500000C,misc,,00000012.pro,-1,,0
4151,,465532,1,3889,27070,70,135,0,50332658,0x030003F2,wall,,00001010.pro,-1,,0
4152,,465620,1,3891,27071,71,135,0,33554499,0x02000043,scenery,generic,00000068.pro,-1,,0
4153,,465708,1,3892,27071,71,135,0,135,0x00000087,item,container,00000135.pro,-1,,4
4153/inventory/0,4,465800,1,3893,-1,,,0,29,0x0000001D,item,ammo,00000029.pro,-1,,0
4153/inventory/1,5,465896,1,3894,-1,,,0,25,0x00000019,item,weapon,00000025.pro,-1,,0
4153/inventory/2,4,465996,1,3895,-1,,,0,27,0x0000001B,item,weapon,00000027.pro,-1,,0
4153/inventory/3,3,466096,1,3896,-1,,,0,26,0x0000001A,item,weapon,00000026.pro,-1,,0
4154,,466192,1,3898,27075,75,135,3,16777408,0x010000C0,critter,,00000192.pro,67108894,VTeam3.int,3
4154/inventory/0,1,466324,1,3899,-1,,,0,28,0x0000001C,item,weapon,00000028.pro,-1,,0
4154/inventory/1,1,466424,1,3900,-1,,,0,40,0x00000028,item,drug,00000040.pro,-1,,0
4154/inventory/2,2,466516,1,3901,-1,,,0,39,0x00000027,item,ammo,00000039.pro,-1,,0
4155,,466608,1,3903,27080,80,135,0,50332670,0x030003FE,wall,,00001022.pro,-1,,0
4156,,466696,1,3904,27086,86,135,0,50332664,0x030003F8,wall,,00001016.pro,-1,,0
4157,,466784,1,3905,27087,87,135,0,50332644,0x030003E4,wall,,00000996.pro,-1,,0
4158,,466872,1,3906,27088,88,135,0,50332663,0x030003F7,wall,,00001015.pro,-1,,0
4159,,466960,1,3907,27096,96,135,0,50332664,0x030003F8,wall,,00001016.pro,-1,,0
4160,,467048,1,3908,27097,97,135,0,50332644,0x030003E4,wall,,00000996.pro,-1,,0
4161,,467136,1,3909,27098,98,135,0,50332663,0x030003F7,wall,,00001015.pro,-1,,0
4162,,467224,1,3910,27108,108,135,0,50332785,0x03000471,wall,,00001137.pro,50331655,Emiter2b.int,0
4163,,467312,1,3916,27128,128,135,0,50332658,0x030003F2,wall,,00001010.pro,-1,,0
4164,,467400,1,3917,27129,129,135,0,50331878,0x030000E6,wall,,00000230.pro,-1,,0
4165,,467488,1,3918,27130,130,135,0,83886092,0x0500000C,misc,,00000012.pro,-1,,0
4166,,467576,1,3919,27131,131,135,0,83886092,0x0500000C,misc,,00000012.pro,-1,,0
4167,,467664,1,3920,27132,132,135,0,83886092,0x0500000C,misc,,00000012.pro,-1,,0
4168,,467752,1,3921,27133,133,135,0,83886092,0x0500000C,misc,,00000012.pro,-1,,0
4169,,467840,1,3924,27263,63,136,0,83886092,0x0500000C,misc,,00000012.pro,-1,,0
4170,,467928,1,3925,27264,64,136,0,83886092,0x0500000C,misc,,00000012.pro,-1,,0
4171,,468016,1,3928,27270,70,136,0,50332656,0x030003F0,wall,,00001008.pro,-1,,0
4172,,468104,1,3931,27280,80,136,0,50332667,0x030003FB,wall,,00001019.pro,-1,,0
4173,,468192,1,3932,27286,86,136,0,50332270,0x0300026E,wall,,00000622.pro,-1,,0
4174,,468280,1,3933,27288,88,136,0,50332270,0x0300026E,wall,,00000622.pro,-1,,0
4175,,468368,1,3934,27288,88,136,0,33555275,0x0200034B,scenery,generic,00000844.pro,-1,,0
4176,,468456,1,3935,27296,96,136,0,50332270,0x0300026E,wall,,00000622.pro,-1,,0
4177,,468544,1,3936,27298,98,136,0,50332270,0x0300026E,wall,,00000622.pro,-1,,0
4178,,468632,1,3937,27298,98,136,0,33555275,0x0200034B,scenery,generic,00000844.pro,-1,,0
4179,,468720,1,3938,27308,108,136,0,50332270,0x0300026E,wall,,00000622.pro,-1,,0
4180,,468808,1,3944,27328,128,136,0,83886092,0x0500000C,misc,,00000012.pro,-1,,0
4181,,468896,1,3945,27328,128,136,0,50332656,0x030003F0,wall,,00001008.pro,-1,,0
4182,,468984,1,3946,27329,129,136,0,83886092,0x0500000C,misc,,00000012.pro,-1,,0
4183,,469072,1,3947,27329,129,136,0,50331879,0x030000E7,wall,,00000231.pro,-1,,0
4184,,469160,1,3948,27330,130,136,0,83886092,0x0500000C,misc,,00000012.pro,-1,,0
4185,,469248,1,3949,27331,131,136,0,83886092,0x0500000C,misc,,00000012.pro,-1,,0
4186,,469336,1,3952,27464,64,137,0,83886092,0x0500000C,misc,,00000012.pro,-1,,0
4187,,469424,1,3958,27470,70,137,0,50332677,0x03000405,wall,,00001029.pro,-1,,0
4188,,469512,1,3960,27471,71,137,0,50332640,0x030003E0,wall,,00000992.pro,-1,,0
4189,,469600,1,3961,27471,71,137,0,33555274,0x0200034A,scenery,generic,00000843.pro,-1,,0
4190,,469688,1,3963,27472,72,137,0,50332661,0x030003F5,wall,,00001013.pro,-1,,0
4191,,469776,1,3964,27472,72,137,0,33555271,0x02000347,scenery,generic,00000840.pro,-1,,0
4192,,469864,1,3967,27473,73,137,0,50332640,0x030003E0,wall,,00000992.pro,-1,,0
4193,,469952,1,3968,27473,73,137,0,33555270,0x02000346,scenery,generic,00000839.pro,-1,,0
4194,,470040,1,3970,27474,74,137,0,50332671,0x030003FF,wall,,00001023.pro,-1,,0
4195,,470128,1,3971,27474,74,137,0,33555269,0x02000345,scenery,generic,00000838.pro,-1,,0
4196,,470216,1,3978,27480,80,137,0,50332657,0x030003F1,wall,,00001009.pro,-1,,0
4197,,470304,1,3985,27486,86,137,0,50332662,0x030003F6,wall,,00001014.pro,-1,,0
4198,,470392,1,3986,27486,86,137,0,33555273,0x02000349,scenery,generic,00000842.pro,-1,,0
4199,,470480,1,3988,27487,87,137,0,50332640,0x030003E0,wall,,00000992.pro,-1,,0
4200,,470568,1,3989,27487,87,137,0,33555270,0x02000346,scenery,generic,00000839.pro,-1,,0
4201,,470656,1,3991,27488,88,137,0,50332679,0x03000407,wall,,00001031.pro,-1,,0
4202,,470744,1,3992,27488,88,137,0,33555279,0x0200034F,scenery,generic,00000848.pro,-1,,0
4203,,470832,1,3993,27488,88,137,0,33555269,0x02000345,scenery,generic,00000838.pro,-1,,0
4204,,470920,1,3995,27489,89,137,0,33554499,0x02000043,scenery,generic,00000068.pro,-1,,0
4205,,471008,1,3996,27489,89,137,0,131,0x00000083,item,container,00000131.pro,-1,,2
4205/inventory/0,1,471100,1,3997,-1,,,0,27,0x0000001B,item,weapon,00000027.pro,-1,,0
4205/inventory/1,1,471200,1,3998,-1,,,0,40,0x00000028,item,drug,00000040.pro,-1,,0
4206,,471288,1,4000,27496,96,137,0,50332662,0x030003F6,wall,,00001014.pro,-1,,0
4207,,471376,1,4001,27496,96,137,0,33555273,0x02000349,scenery,generic,00000842.pro,-1,,0
4208,,471464,1,4002,27497,97,137,0,50332640,0x030003E0,wall,,00000992.pro,-1,,0
4209,,471552,1,4003,27497,97,137,0,33555270,0x02000346,scenery,generic,00000839.pro,-1,,0
4210,,471640,1,4005,27498,98,137,0,50332679,0x03000407,wall,,00001031.pro,-1,,0
4211,,471728,1,4006,27498,98,137,0,33555279,0x0200034F,scenery,generic,00000848.pro,-1,,0
4212,,471816,1,4007,27498,98,137,0,33555269,0x02000345,scenery,generic,00000838.pro,-1,,0
4213,,471904,1,4009,27499,99,137,0,33554499,0x02000043,scenery,generic,00000068.pro,-1,,0
4214,,471992,1,4010,27499,99,137,0,131,0x00000083,item,container,00000131.pro,-1,,2
4214/inventory/0,1,472084,1,4011,-1,,,0,36,0x00000024,item,ammo,00000036.pro,-1,,0
4214/inventory/1,14,472180,1,4012,-1,,,0,41,0x00000029,item,misc,00000041.pro,-1,,0
4215,,472272,1,4023,27508,108,137,0,33554922,0x020001EA,scenery,generic,00000491.pro,50331663,Field2b.int,0
4216,,472360,1,4045,27526,126,137,0,83886092,0x0500000C,misc,,00000012.pro,-1,,0
4217,,472448,1,4047,27527,127,137,0,83886092,0x0500000C,misc,,00000012.pro,-1,,0
4218,,472536,1,4049,27528,128,137,0,83886092,0x0500000C,misc,,00000012.pro,-1,,0
4219,,472624,1,4050,27528,128,137,0,50332658,0x030003F2,wall,,00001010.pro,-1,,0
4220,,472712,1,4052,27529,129,137,0,83886092,0x0500000C,misc,,00000012.pro,-1,,0
4221,,472800,1,4053,27529,129,137,0,50331880,0x030000E8,wall,,00000232.pro,-1,,0
4222,,472888,1,4060,27665,65,138,0,83886092,0x0500000C,misc,,00000012.pro,-1,,0
4223,,472976,1,4064,27670,70,138,0,50332269,0x0300026D,wall,,00000621.pro,-1,,0
4224,,473064,1,4065,27671,71,138,0,50332270,0x0300026E,wall,,00000622.pro,-1,,0
4225,,473152,1,4068,27673,73,138,0,50332270,0x0300026E,wall,,00000622.pro,-1,,0
4226,,473240,1,4074,27680,80,138,0,50332656,0x030003F0,wall,,00001008.pro,-1,,0
4227,,473328,1,4077,27685,85,138,0,33554499,0x02000043,scenery,generic,00000068.pro,-1,,0
4228,,473416,1,4079,27687,87,138,0,50332270,0x0300026E,wall,,00000622.pro,-1,,0
4229,,473504,1,4080,27687,87,138,0,33555061,0x02000275,scenery,generic,00000630.pro,-1,,0
4230,,473592,1,4082,27689,89,138,0,33554499,0x02000043,scenery,generic,00000068.pro,-1,,0
4231,,473680,1,4084,27695,95,138,0,33554499,0x02000043,scenery,generic,00000068.pro,-1,,0
4232,,473768,1,4085,27697,97,138,0,50332270,0x0300026E,wall,,00000622.pro,-1,,0
4233,,473856,1,4086,27697,97,138,0,33555061,0x02000275,scenery,generic,00000630.pro,-1,,0
4234,,473944,1,4088,27699,99,138,0,33554499,0x02000043,scenery,generic,00000068.pro,-1,,0
4235,,474032,1,4097,27708,108,138,0,50332270,0x0300026E,wall,,00000622.pro,-1,,0
4236,,474120,1,4107,27724,124,138,0,83886092,0x0500000C,misc,,00000012.pro,-1,,0
4237,,474208,1,4108,27725,125,138,0,83886092,0x0500000C,misc,,00000012.pro,-1,,0
4238,,474296,1,4110,27726,126,138,0,83886092,0x0500000C,misc,,00000012.pro,-1,,0
4239,,474384,1,4111,27727,127,138,0,83886092,0x0500000C,misc,,00000012.pro,-1,,0
4240,,474472,1,4113,27728,128,138,0,50332656,0x030003F0,wall,,00001008.pro,-1,,0
4241,,474560,1,4114,27729,129,138,0,50331881,0x030000E9,wall,,00000233.pro,-1,,0
4242,,474648,1,4119,27865,65,139,0,83886092,0x0500000C,misc,,00000012.pro,-1,,0
4243,,474736,1,4120,27866,66,139,0,83886092,0x0500000C,misc,,00000012.pro,-1,,0
4244,,474824,1,4123,27870,70,139,0,50332657,0x030003F1,wall,,00001009.pro,-1,,0
4245,,474912,1,4125,27871,71,139,0,33554499,0x02000043,scenery,generic,00000068.pro,-1,,0
4246,,475000,1,4126,27871,71,139,0,135,0x00000087,item,container,00000135.pro,-1,,1
4246/inventory/0,1,475092,1,4127,-1,,,0,12,0x0000000C,item,weapon,00000006.pro,-1,,0
4247,,475188,1,4133,27880,80,139,0,50332662,0x030003F6,wall,,00001014.pro,-1,,0
4248,,475276,1,4135,27881,81,139,0,50332644,0x030003E4,wall,,00000996.pro,-1,,0
4249,,475364,1,4136,27882,82,139,0,50332663,0x030003F7,wall,,00001015.pro,-1,,0
4250,,475452,1,4139,27885,85,139,0,33554499,0x02000043,scenery,generic,00000068.pro,-1,,0
4251,,475540,1,4140,27886,86,139,0,33554499,0x02000043,scenery,generic,00000068.pro,-1,,0
4252,,475628,1,4142,27887,87,139,0,33554499,0x02000043,scenery,generic,00000068.pro,-1,,0
4253,,475716,1,4143,27888,88,139,0,33554499,0x02000043,scenery,generic,00000068.pro,-1,,0
4254,,475804,1,4145,27889,89,139,0,33554499,0x02000043,scenery,generic,00000068.pro,-1,,0
4255,,475892,1,4148,27895,95,139,0,33554499,0x02000043,scenery,generic,00000068.pro,-1,,0
4256,,475980,1,4149,27896,96,139,0,33554499,0x02000043,scenery,generic,00000068.pro,-1,,0
4257,,476068,1,4150,27897,97,139,0,33554499,0x02000043,scenery,generic,00000068.pro,-1,,0
4258,,476156,1,4152,27898,98,139,0,33554499,0x02000043,scenery,generic,00000068.pro,-1,,0
4259,,476244,1,4154,27899,99,139,0,33554499,0x02000043,scenery,generic,00000068.pro,-1,,0
4260,,476332,1,4163,27908,108,139,0,50332269,0x0300026D,wall,,00000621.pro,-1,,0
4261,,476420,1,4171,27922,122,139,0,83886092,0x0500000C,misc,,00000012.pro,-1,,0
4262,,476508,1,4173,27923,123,139,0,83886092,0x0500000C,misc,,00000012.pro,-1,,0
4263,,476596,1,4174,27924,124,139,0,83886092,0x0500000C,misc,,00000012.pro,-1,,0
4264,,476684,1,4176,27925,125,139,0,83886092,0x0500000C,misc,,00000012.pro,-1,,0
4265,,476772,1,4178,27928,128,139,0,50332658,0x030003F2,wall,,00001010.pro,-1,,0
4266,,476860,1,4180,27929,129,139,0,50331878,0x030000E6,wall,,00000230.pro,-1,,0
4267,,476948,1,4184,28066,66,140,0,83886092,0x0500000C,misc,,00000012.pro,-1,,0
4268,,477036,1,4185,28070,70,140,0,50332656,0x030003F0,wall,,00001008.pro,-1,,0
4269,,477124,1,4186,28071,71,140,0,33554499,0x02000043,scenery,generic,00000068.pro,-1,,0
4270,,477212,1,4187,28071,71,140,0,135,0x00000087,item,container,00000135.pro,-1,,1
4270/inventory/0,10,477304,1,4188,-1,,,0,36,0x00000024,item,ammo,00000036.pro,-1,,0
4271,,477396,1,4190,28076,76,140,3,16777404,0x010000BC,critter,,00000188.pro,67108896,VTeam3.int,3
4271/inventory/0,1,477528,1,4191,-1,,,0,15,0x0000000F,item,weapon,00000015.pro,-1,,0
4271/inventory/1,2,477628,1,4192,-1,,,0,38,0x00000026,item,ammo,00000038.pro,-1,,0
4271/inventory/2,2,477724,1,4193,-1,,,0,39,0x00000027,item,ammo,00000039.pro,-1,,0
4272,,477816,1,4194,28081,81,140,0,50332270,0x0300026E,wall,,00000622.pro,-1,,0
4273,,477904,1,4195,28082,82,140,0,50332269,0x0300026D,wall,,00000621.pro,-1,,0
4274,,477992,1,4196,28082,82,140,0,33555275,0x0200034B,scenery,generic,00000844.pro,-1,,0
4275,,478080,1,4205,28108,108,140,0,50332786,0x03000472,wall,,00001138.pro,-1,,0
4276,,478168,1,4206,28120,120,140,0,83886092,0x0500000C,misc,,00000012.pro,-1,,0
4277,,478256,1,4207,28121,121,140,0,83886092,0x0500000C,misc,,00000012.pro,-1,,0
4278,,478344,1,4208,28122,122,140,0,83886092,0x0500000C,misc,,00000012.pro,-1,,0
4279,,478432,1,4209,28123,123,140,0,83886092,0x0500000C,misc,,00000012.pro,-1,,0
4280,,478520,1,4210,28128,128,140,0,50332656,0x030003F0,wall,,00001008.pro,-1,,0
4281,,478608,1,4211,28129,129,140,0,50331879,0x030000E7,wall,,00000231.pro,-1,,0
4282,,478696,1,4212,28267,67,141,0,83886092,0x0500000C,misc,,00000012.pro,-1,,0
4283,,478784,1,4213,28270,70,141,0,50332658,0x030003F2,wall,,00001010.pro,-1,,0
4284,,478872,1,4214,28271,71,141,0,33554499,0x02000043,scenery,generic,00000068.pro,-1,,0
4285,,478960,1,4215,28271,71,141,0,135,0x00000087,item,container,00000135.pro,-1,,2
4285/inventory/0,10,479052,1,4216,-1,,,0,35,0x00000023,item,ammo,00000035.pro,-1,,0
4285/inventory/1,2,479148,1,4217,-1,,,0,26,0x0000001A,item,weapon,00000026.pro,-1,,0
4286,,479244,1,4220,28282,82,141,0,50332658,0x030003F2,wall,,00001010.pro,-1,,0
4287,,479332,1,4221,28282,82,141,0,33555276,0x0200034C,scenery,generic,00000845.pro,-1,,0
4288,,479420,1,4230,28304,104,141,0,50332664,0x030003F8,wall,,00001016.pro,-1,,0
4289,,479508,1,4231,28305,105,141,0,50332644,0x030003E4,wall,,00000996.pro,-1,,0
4290,,479596,1,4232,28306,106,141,0,50332661,0x030003F5,wall,,00001013.pro,-1,,0
4291,,479684,1,4233,28307,107,141,0,50332640,0x030003E0,wall,,00000992.pro,-1,,0
4292,,479772,1,4234,28308,108,141,0,50332678,0x03000406,wall,,00001030.pro,-1,,0
4293,,479860,1,4235,28309,109,141,0,50332644,0x030003E4,wall,,00000996.pro,-1,,0
4294,,479948,1,4236,28310,110,141,0,50332661,0x030003F5,wall,,00001013.pro,-1,,0
4295,,480036,1,4237,28311,111,141,0,50332644,0x030003E4,wall,,00000996.pro,-1,,0
4296,,480124,1,4238,28312,112,141,0,50332661,0x030003F5,wall,,00001013.pro,-1,,0
4297,,480212,1,4239,28313,113,141,0,50332644,0x030003E4,wall,,00000996.pro,-1,,0
4298,,480300,1,4240,28314,114,141,0,50332661,0x030003F5,wall,,00001013.pro,-1,,0
4299,,480388,1,4241,28315,115,141,0,50332644,0x030003E4,wall,,00000996.pro,-1,,0
4300,,480476,1,4242,28316,116,141,0,50332663,0x030003F7,wall,,00001015.pro,-1,,0
4301,,480564,1,4243,28318,118,141,0,83886092,0x0500000C,misc,,00000012.pro,-1,,0
4302,,480652,1,4244,28319,119,141,0,83886092,0x0500000C,misc,,00000012.pro,-1,,0
4303,,480740,1,4245,28320,120,141,0,83886092,0x0500000C,misc,,00000012.pro,-1,,0
4304,,480828,1,4246,28321,121,141,0,83886092,0x0500000C,misc,,00000012.pro,-1,,0
4305,,480916,1,4247,28324,124,141,0,50332664,0x030003F8,wall,,00001016.pro,-1,,0
4306,,481004,1,4248,28325,125,141,0,50332644,0x030003E4,wall,,00000996.pro,-1,,0
4307,,481092,1,4249,28326,126,141,0,50332661,0x030003F5,wall,,00001013.pro,-1,,0
4308,,481180,1,4250,28327,127,141,0,50332644,0x030003E4,wall,,00000996.pro,-1,,0
4309,,481268,1,4251,28328,128,141,0,50332679,0x03000407,wall,,00001031.pro,-1,,0
4310,,481356,1,4252,28329,129,141,0,50331880,0x030000E8,wall,,00000232.pro,-1,,0
4311,,481444,1,4253,28467,67,142,0,83886092,0x0500000C,misc,,00000012.pro,-1,,0
4312,,481532,1,4254,28468,68,142,0,83886092,0x0500000C,misc,,00000012.pro,-1,,0
4313,,481620,1,4255,28470,70,142,0,50332656,0x030003F0,wall,,00001008.pro,-1,,0
4314,,481708,1,4257,28482,82,142,0,50332656,0x030003F0,wall,,00001008.pro,-1,,0
4315,,481796,1,4258,28482,82,142,0,33555277,0x0200034D,scenery,generic,00000846.pro,-1,,0
4316,,481884,1,4267,28504,104,142,0,50332269,0x0300026D,wall,,00000621.pro,-1,,0
4317,,481972,1,4268,28506,106,142,0,50331877,0x030000E5,wall,,00000229.pro,-1,,0
4318,,482060,1,4269,28508,108,142,0,50331873,0x030000E1,wall,,00000225.pro,-1,,0
4319,,482148,1,4270,28510,110,142,0,50331877,0x030000E5,wall,,00000229.pro,-1,,0
4320,,482236,1,4271,28512,112,142,0,50331875,0x030000E3,wall,,00000227.pro,-1,,0
4321,,482324,1,4272,28514,114,142,0,50331873,0x030000E1,wall,,00000225.pro,-1,,0
4322,,482412,1,4273,28516,116,142,0,50332269,0x0300026D,wall,,00000621.pro,-1,,0
4323,,482500,1,4274,28516,116,142,0,83886092,0x0500000C,misc,,00000012.pro,-1,,0
4324,,482588,1,4275,28517,117,142,0,83886092,0x0500000C,misc,,00000012.pro,-1,,0
4325,,482676,1,4276,28518,118,142,0,83886092,0x0500000C,misc,,00000012.pro,-1,,0
4326,,482764,1,4277,28519,119,142,0,83886092,0x0500000C,misc,,00000012.pro,-1,,0
4327,,482852,1,4278,28524,124,142,0,50332269,0x0300026D,wall,,00000621.pro,-1,,0
4328,,482940,1,4279,28526,126,142,0,50331873,0x030000E1,wall,,00000225.pro,-1,,0
4329,,483028,1,4280,28528,128,142,0,50331875,0x030000E3,wall,,00000227.pro,-1,,0
4330,,483116,1,4281,28529,129,142,0,50331881,0x030000E9,wall,,00000233.pro,-1,,0
4331,,483204,1,4282,28668,68,143,0,83886092,0x0500000C,misc,,00000012.pro,-1,,0
4332,,483292,1,4283,28670,70,143,0,50332657,0x030003F1,wall,,00001009.pro,-1,,0
4333,,483380,1,4285,28682,82,143,0,50332657,0x030003F1,wall,,00001009.pro,-1,,0
4334,,483468,1,4286,28682,82,143,0,33555276,0x0200034C,scenery,generic,00000845.pro,-1,,0
4335,,483556,1,4296,28704,104,143,0,50332658,0x030003F2,wall,,00001010.pro,-1,,0
4336,,483644,1,4297,28705,105,143,0,50332300,0x0300028C,wall,,00000652.pro,-1,,0
4337,,483732,1,4298,28707,107,143,0,50331872,0x030000E0,wall,,00000224.pro,-1,,0
4338,,483820,1,4299,28709,109,143,0,50331874,0x030000E2,wall,,00000226.pro,-1,,0
4339,,483908,1,4300,28711,111,143,0,50331876,0x030000E4,wall,,00000228.pro,-1,,0
4340,,483996,1,4301,28713,113,143,0,50331872,0x030000E0,wall,,00000224.pro,-1,,0
4341,,484084,1,4302,28714,114,143,0,83886092,0x0500000C,misc,,00000012.pro,-1,,0
4342,,484172,1,4303,28715,115,143,0,83886092,0x0500000C,misc,,00000012.pro,-1,,0
4343,,484260,1,4304,28715,115,143,0,50331874,0x030000E2,wall,,00000226.pro,-1,,0
4344,,484348,1,4305,28716,116,143,0,83886092,0x0500000C,misc,,00000012.pro,-1,,0
4345,,484436,1,4306,28716,116,143,0,50332657,0x030003F1,wall,,00001009.pro,-1,,0
4346,,484524,1,4307,28717,117,143,0,83886092,0x0500000C,misc,,00000012.pro,-1,,0
4347,,484612,1,4308,28724,124,143,0,50332658,0x030003F2,wall,,00001010.pro,-1,,0
4348,,484700,1,4309,28725,125,143,0,50332300,0x0300028C,wall,,00000652.pro,-1,,0
4349,,484788,1,4310,28727,127,143,0,50331872,0x030000E0,wall,,00000224.pro,-1,,0
4350,,484876,1,4311,28729,129,143,0,50332301,0x0300028D,wall,,00000653.pro,-1,,0
4351,,484964,1,4312,28869,69,144,0,83886092,0x0500000C,misc,,00000012.pro,-1,,0
4352,,485052,1,4313,28870,70,144,0,50332656,0x030003F0,wall,,00001008.pro,-1,,0
4353,,485140,1,4316,28882,82,144,0,50332656,0x030003F0,wall,,00001008.pro,-1,,0
4354,,485228,1,4317,28882,82,144,0,33555279,0x0200034F,scenery,generic,00000848.pro,-1,,0
4355,,485316,1,4326,28904,104,144,0,50332656,0x030003F0,wall,,00001008.pro,-1,,0
4356,,485404,1,4327,28905,105,144,0,50332270,0x0300026E,wall,,00000622.pro,-1,,0
4357,,485492,1,4328,28912,112,144,0,83886092,0x0500000C,misc,,00000012.pro,-1,,0
4358,,485580,1,4329,28913,113,144,0,83886092,0x0500000C,misc,,00000012.pro,-1,,0
4359,,485668,1,4330,28914,114,144,0,83886092,0x0500000C,misc,,00000012.pro,-1,,0
4360,,485756,1,4331,28915,115,144,0,83886092,0x0500000C,misc,,00000012.pro,-1,,0
4361,,485844,1,4332,28916,116,144,0,50332656,0x030003F0,wall,,00001008.pro,-1,,0
4362,,485932,1,4333,28924,124,144,0,50332656,0x030003F0,wall,,00001008.pro,-1,,0
4363,,486020,1,4334,28925,125,144,0,50332270,0x0300026E,wall,,00000622.pro,-1,,0
4364,,486108,1,4335,29069,69,145,0,83886092,0x0500000C,misc,,00000012.pro,-1,,0
4365,,486196,1,4336,29070,70,145,0,83886092,0x0500000C,misc,,00000012.pro,-1,,0
4366,,486284,1,4337,29070,70,145,0,50332662,0x030003F6,wall,,00001014.pro,-1,,0
4367,,486372,1,4338,29071,71,145,0,50332644,0x030003E4,wall,,00000996.pro,-1,,0
4368,,486460,1,4339,29072,72,145,0,50332661,0x030003F5,wall,,00001013.pro,-1,,0
4369,,486548,1,4340,29073,73,145,0,50332644,0x030003E4,wall,,00000996.pro,-1,,0
4370,,486636,1,4341,29074,74,145,0,50332661,0x030003F5,wall,,00001013.pro,-1,,0
4371,,486724,1,4342,29075,75,145,0,50332644,0x030003E4,wall,,00000996.pro,-1,,0
4372,,486812,1,4343,29076,76,145,0,50332661,0x030003F5,wall,,00001013.pro,-1,,0
4373,,486900,1,4344,29077,77,145,0,50332644,0x030003E4,wall,,00000996.pro,-1,,0
4374,,486988,1,4346,29078,78,145,0,50332661,0x030003F5,wall,,00001013.pro,-1,,0
4375,,487076,1,4347,29079,79,145,0,50332644,0x030003E4,wall,,00000996.pro,-1,,0
4376,,487164,1,4348,29080,80,145,0,50332661,0x030003F5,wall,,00001013.pro,-1,,0
4377,,487252,1,4349,29081,81,145,0,50332644,0x030003E4,wall,,00000996.pro,-1,,0
4378,,487340,1,4350,29082,82,145,0,50332678,0x03000406,wall,,00001030.pro,-1,,0
4379,,487428,1,4351,29083,83,145,0,50332644,0x030003E4,wall,,00000996.pro,-1,,0
4380,,487516,1,4352,29084,84,145,0,50332661,0x030003F5,wall,,00001013.pro,-1,,0
4381,,487604,1,4353,29085,85,145,0,50332644,0x030003E4,wall,,00000996.pro,-1,,0
4382,,487692,1,4354,29086,86,145,0,50332661,0x030003F5,wall,,00001013.pro,-1,,0
4383,,487780,1,4355,29087,87,145,0,50332644,0x030003E4,wall,,00000996.pro,-1,,0
4384,,487868,1,4356,29088,88,145,0,50332661,0x030003F5,wall,,00001013.pro,-1,,0
4385,,487956,1,4357,29089,89,145,0,50332644,0x030003E4,wall,,00000996.pro,-1,,0
4386,,488044,1,4360,29090,90,145,0,50332661,0x030003F5,wall,,00001013.pro,-1,,0
4387,,488132,1,4361,29091,91,145,0,50332644,0x030003E4,wall,,00000996.pro,-1,,0
4388,,488220,1,4363,29092,92,145,0,50332661,0x030003F5,wall,,00001013.pro,-1,,0
4389,,488308,1,4365,29093,93,145,0,50332644,0x030003E4,wall,,00000996.pro,-1,,0
4390,,488396,1,4367,29094,94,145,0,50332661,0x030003F5,wall,,00001013.pro,-1,,0
4391,,488484,1,4369,29095,95,145,0,50332644,0x030003E4,wall,,00000996.pro,-1,,0
4392,,488572,1,4370,29096,96,145,0,50332661,0x030003F5,wall,,00001013.pro,-1,,0
4393,,488660,1,4371,29097,97,145,0,50332644,0x030003E4,wall,,00000996.pro,-1,,0
4394,,488748,1,4373,29098,98,145,0,50332661,0x030003F5,wall,,00001013.pro,-1,,0
4395,,488836,1,4375,29099,99,145,0,50332644,0x030003E4,wall,,00000996.pro,-1,,0
4396,,488924,1,4376,29100,100,145,0,50332661,0x030003F5,wall,,00001013.pro,-1,,0
4397,,489012,1,4377,29101,101,145,0,50332644,0x030003E4,wall,,00000996.pro,-1,,0
4398,,489100,1,4378,29102,102,145,0,50332661,0x030003F5,wall,,00001013.pro,-1,,0
4399,,489188,1,4379,29103,103,145,0,50332644,0x030003E4,wall,,00000996.pro,-1,,0
4400,,489276,1,4380,29104,104,145,0,50332679,0x03000407,wall,,00001031.pro,-1,,0
4401,,489364,1,4381,29105,105,145,0,50331878,0x030000E6,wall,,00000230.pro,-1,,0
4402,,489452,1,4382,29110,110,145,0,83886092,0x0500000C,misc,,00000012.pro,-1,,0
4403,,489540,1,4383,29111,111,145,0,83886092,0x0500000C,misc,,00000012.pro,-1,,0
4404,,489628,1,4384,29112,112,145,0,83886092,0x0500000C,misc,,00000012.pro,-1,,0
4405,,489716,1,4385,29113,113,145,0,83886092,0x0500000C,misc,,00000012.pro,-1,,0
4406,,489804,1,4386,29116,116,145,0,50332662,0x030003F6,wall,,00001014.pro,-1,,0
4407,,489892,1,4387,29117,117,145,0,50332644,0x030003E4,wall,,00000996.pro,-1,,0
4408,,489980,1,4388,29118,118,145,0,50332661,0x030003F5,wall,,00001013.pro,-1,,0
4409,,490068,1,4389,29119,119,145,0,50332644,0x030003E4,wall,,00000996.pro,-1,,0
4410,,490156,1,4390,29120,120,145,0,50332661,0x030003F5,wall,,00001013.pro,-1,,0
4411,,490244,1,4391,29121,121,145,0,50332644,0x030003E4,wall,,00000996.pro,-1,,0
4412,,490332,1,4392,29122,122,145,0,50332661,0x030003F5,wall,,00001013.pro,-1,,0
4413,,490420,1,4393,29123,123,145,0,50332644,0x030003E4,wall,,00000996.pro,-1,,0
4414,,490508,1,4394,29124,124,145,0,50332679,0x03000407,wall,,00001031.pro,-1,,0
4415,,490596,1,4395,29125,125,145,0,50331878,0x030000E6,wall,,00000230.pro,-1,,0
4416,,490684,1,4396,29270,70,146,0,83886092,0x0500000C,misc,,00000012.pro,-1,,0
4417,,490772,1,4397,29270,70,146,0,50332270,0x0300026E,wall,,00000622.pro,-1,,0
4418,,490860,1,4398,29272,72,146,0,50331877,0x030000E5,wall,,00000229.pro,-1,,0
4419,,490948,1,4399,29274,74,146,0,50331877,0x030000E5,wall,,00000229.pro,-1,,0
4420,,491036,1,4400,29276,76,146,0,50331875,0x030000E3,wall,,00000227.pro,-1,,0
4421,,491124,1,4401,29278,78,146,0,50331877,0x030000E5,wall,,00000229.pro,-1,,0
4422,,491212,1,4403,29280,80,146,0,50331877,0x030000E5,wall,,00000229.pro,-1,,0
4423,,491300,1,4404,29282,82,146,0,50331875,0x030000E3,wall,,00000227.pro,-1,,0
4424,,491388,1,4405,29284,84,146,0,50331877,0x030000E5,wall,,00000229.pro,-1,,0
4425,,491476,1,4406,29286,86,146,0,50331877,0x030000E5,wall,,00000229.pro,-1,,0
4426,,491564,1,4407,29288,88,146,0,50331875,0x030000E3,wall,,00000227.pro,-1,,0
4427,,491652,1,4411,29290,90,146,0,50331877,0x030000E5,wall,,00000229.pro,-1,,0
4428,,491740,1,4414,29292,92,146,0,50331877,0x030000E5,wall,,00000229.pro,-1,,0
4429,,491828,1,4416,29294,94,146,0,50331875,0x030000E3,wall,,00000227.pro,-1,,0
4430,,491916,1,4417,29296,96,146,0,50331877,0x030000E5,wall,,00000229.pro,-1,,0
4431,,492004,1,4419,29298,98,146,0,50331877,0x030000E5,wall,,00000229.pro,-1,,0
4432,,492092,1,4421,29300,100,146,0,50331875,0x030000E3,wall,,00000227.pro,-1,,0
4433,,492180,1,4422,29302,102,146,0,50331877,0x030000E5,wall,,00000229.pro,-1,,0
4434,,492268,1,4423,29304,104,146,0,50331877,0x030000E5,wall,,00000229.pro,-1,,0
4435,,492356,1,4424,29305,105,146,0,50331879,0x030000E7,wall,,00000231.pro,-1,,0
4436,,492444,1,4425,29308,108,146,0,83886092,0x0500000C,misc,,00000012.pro,-1,,0
4437,,492532,1,4426,29309,109,146,0,83886092,0x0500000C,misc,,00000012.pro,-1,,0
4438,,492620,1,4427,29310,110,146,0,83886092,0x0500000C,misc,,00000012.pro,-1,,0
4439,,492708,1,4428,29311,111,146,0,83886092,0x0500000C,misc,,00000012.pro,-1,,0
4440,,492796,1,4429,29316,116,146,0,50332270,0x0300026E,wall,,00000622.pro,-1,,0
4441,,492884,1,4430,29318,118,146,0,50331875,0x030000E3,wall,,00000227.pro,-1,,0
4442,,492972,1,4431,29320,120,146,0,50331877,0x030000E5,wall,,00000229.pro,-1,,0
4443,,493060,1,4432,29322,122,146,0,50331873,0x030000E1,wall,,00000225.pro,-1,,0
4444,,493148,1,4433,29324,124,146,0,50331875,0x030000E3,wall,,00000227.pro,-1,,0
4445,,493236,1,4434,29325,125,146,0,50331879,0x030000E7,wall,,00000231.pro,-1,,0
4446,,493324,1,4435,29471,71,147,0,83886092,0x0500000C,misc,,00000012.pro,-1,,0
4447,,493412,1,4436,29471,71,147,0,50331876,0x030000E4,wall,,00000228.pro,-1,,0
4448,,493500,1,4437,29473,73,147,0,50331872,0x030000E0,wall,,00000224.pro,-1,,0
4449,,493588,1,4438,29475,75,147,0,50331876,0x030000E4,wall,,00000228.pro,-1,,0
4450,,493676,1,4439,29477,77,147,0,50331874,0x030000E2,wall,,00000226.pro,-1,,0
4451,,493764,1,4441,29479,79,147,0,50331872,0x030000E0,wall,,00000224.pro,-1,,0
4452,,493852,1,4443,29481,81,147,0,50331876,0x030000E4,wall,,00000228.pro,-1,,0
4453,,493940,1,4444,29483,83,147,0,50331874,0x030000E2,wall,,00000226.pro,-1,,0
4454,,494028,1,4445,29485,85,147,0,50331872,0x030000E0,wall,,00000224.pro,-1,,0
4455,,494116,1,4446,29487,87,147,0,50331876,0x030000E4,wall,,00000228.pro,-1,,0
4456,,494204,1,4449,29489,89,147,0,50331874,0x030000E2,wall,,00000226.pro,-1,,0
4457,,494292,1,4454,29491,91,147,0,50331872,0x030000E0,wall,,00000224.pro,-1,,0
4458,,494380,1,4455,29493,93,147,0,50331876,0x030000E4,wall,,00000228.pro,-1,,0
4459,,494468,1,4456,29495,95,147,0,50331874,0x030000E2,wall,,00000226.pro,-1,,0
4460,,494556,1,4457,29497,97,147,0,50331872,0x030000E0,wall,,00000224.pro,-1,,0
4461,,494644,1,4460,29499,99,147,0,50331876,0x030000E4,wall,,00000228.pro,-1,,0
4462,,494732,1,4461,29501,101,147,0,50331874,0x030000E2,wall,,00000226.pro,-1,,0
4463,,494820,1,4462,29503,103,147,0,50331872,0x030000E0,wall,,00000224.pro,-1,,0
4464,,494908,1,4463,29505,105,147,0,50332301,0x0300028D,wall,,00000653.pro,-1,,0
4465,,494996,1,4464,29506,106,147,0,83886092,0x0500000C,misc,,00000012.pro,-1,,0
4466,,495084,1,4465,29507,107,147,0,83886092,0x0500000C,misc,,00000012.pro,-1,,0
4467,,495172,1,4466,29508,108,147,0,83886092,0x0500000C,misc,,00000012.pro,-1,,0
4468,,495260,1,4467,29509,109,147,0,83886092,0x0500000C,misc,,00000012.pro,-1,,0
4469,,495348,1,4468,29517,117,147,0,50331872,0x030000E0,wall,,00000224.pro,-1,,0
4470,,495436,1,4469,29519,119,147,0,50331876,0x030000E4,wall,,00000228.pro,-1,,0
4471,,495524,1,4470,29521,121,147,0,50331874,0x030000E2,wall,,00000226.pro,-1,,0
4472,,495612,1,4471,29523,123,147,0,50331872,0x030000E0,wall,,00000224.pro,-1,,0
4473,,495700,1,4472,29525,125,147,0,50332301,0x0300028D,wall,,00000653.pro,-1,,0
4474,,495788,1,4473,29671,71,148,0,83886092,0x0500000C,misc,,00000012.pro,-1,,0
4475,,495876,1,4474,29672,72,148,0,83886092,0x0500000C,misc,,00000012.pro,-1,,0
4476,,495964,1,4484,29704,104,148,0,83886092,0x0500000C,misc,,00000012.pro,-1,,0
4477,,496052,1,4485,29705,105,148,0,83886092,0x0500000C,misc,,00000012.pro,-1,,0
4478,,496140,1,4486,29706,106,148,0,83886092,0x0500000C,misc,,00000012.pro,-1,,0
4479,,496228,1,4487,29707,107,148,0,83886092,0x0500000C,misc,,00000012.pro,-1,,0
4480,,496316,1,4488,29872,72,149,0,83886092,0x0500000C,misc,,00000012.pro,-1,,0
4481,,496404,1,4498,29902,102,149,0,83886092,0x0500000C,misc,,00000012.pro,-1,,0
4482,,496492,1,4499,29903,103,149,0,83886092,0x0500000C,misc,,00000012.pro,-1,,0
4483,,496580,1,4500,29904,104,149,0,83886092,0x0500000C,misc,,00000012.pro,-1,,0
4484,,496668,1,4501,29905,105,149,0,83886092,0x0500000C,misc,,00000012.pro,-1,,0
4485,,496756,1,4502,30073,73,150,0,83886092,0x0500000C,misc,,00000012.pro,-1,,0
4486,,496844,1,4512,30100,100,150,0,83886092,0x0500000C,misc,,00000012.pro,-1,,0
4487,,496932,1,4513,30101,101,150,0,83886092,0x0500000C,misc,,00000012.pro,-1,,0
4488,,497020,1,4514,30102,102,150,0,83886092,0x0500000C,misc,,00000012.pro,-1,,0
4489,,497108,1,4515,30103,103,150,0,83886092,0x0500000C,misc,,00000012.pro,-1,,0
4490,,497196,1,4516,30273,73,151,0,83886092,0x0500000C,misc,,00000012.pro,-1,,0
4491,,497284,1,4517,30274,74,151,0,83886092,0x0500000C,misc,,00000012.pro,-1,,0
4492,,497372,1,4532,30298,98,151,0,83886092,0x0500000C,misc,,00000012.pro,-1,,0
4493,,497460,1,4534,30299,99,151,0,83886092,0x0500000C,misc,,00000012.pro,-1,,0
4494,,497548,1,4535,30300,100,151,0,83886092,0x0500000C,misc,,00000012.pro,-1,,0
4495,,497636,1,4536,30301,101,151,0,83886092,0x0500000C,misc,,00000012.pro,-1,,0
4496,,497724,1,4537,30474,74,152,0,83886092,0x0500000C,misc,,00000012.pro,-1,,0
4497,,497812,1,4540,30496,96,152,0,83886092,0x0500000C,misc,,00000012.pro,-1,,0
4498,,497900,1,4541,30497,97,152,0,83886092,0x0500000C,misc,,00000012.pro,-1,,0
4499,,497988,1,4543,30498,98,152,0,83886092,0x0500000C,misc,,00000012.pro,-1,,0
4500,,498076,1,4545,30499,99,152,0,83886092,0x0500000C,misc,,00000012.pro,-1,,0
4501,,498164,1,4546,30675,75,153,0,83886092,0x0500000C,misc,,00000012.pro,-1,,0
4502,,498252,1,4550,30694,94,153,0,83886092,0x0500000C,misc,,00000012.pro,-1,,0
4503,,498340,1,4552,30695,95,153,0,83886092,0x0500000C,misc,,00000012.pro,-1,,0
4504,,498428,1,4553,30696,96,153,0,83886092,0x0500000C,misc,,00000012.pro,-1,,0
4505,,498516,1,4554,30697,97,153,0,83886092,0x0500000C,misc,,00000012.pro,-1,,0
4506,,498604,1,4557,30875,75,154,0,83886092,0x0500000C,misc,,00000012.pro,-1,,0
4507,,498692,1,4558,30876,76,154,0,83886092,0x0500000C,misc,,00000012.pro,-1,,0
4508,,498780,1,4561,30892,92,154,0,83886092,0x0500000C,misc,,00000012.pro,-1,,0
4509,,498868,1,4562,30893,93,154,0,83886092,0x0500000C,misc,,00000012.pro,-1,,0
4510,,498956,1,4563,30894,94,154,0,83886092,0x0500000C,misc,,00000012.pro,-1,,0
4511,,499044,1,4564,30895,95,154,0,83886092,0x0500000C,misc,,00000012.pro,-1,,0
4512,,499132,1,4567,31076,76,155,0,83886092,0x0500000C,misc,,00000012.pro,-1,,0
4513,,499220,1,4571,31090,90,155,0,83886092,0x0500000C,misc,,00000012.pro,-1,,0
4514,,499308,1,4573,31091,91,155,0,83886092,0x0500000C,misc,,00000012.pro,-1,,0
4515,,499396,1,4574,31092,92,155,0,83886092,0x0500000C,misc,,00000012.pro,-1,,0
4516,,499484,1,4576,31093,93,155,0,83886092,0x0500000C,misc,,00000012.pro,-1,,0
4517,,499572,1,4581,31277,77,156,0,83886092,0x0500000C,misc,,00000012.pro,-1,,0
4518,,499660,1,4582,31288,88,156,0,83886092,0x0500000C,misc,,00000012.pro,-1,,0
4519,,499748,1,4583,31289,89,156,0,83886092,0x0500000C,misc,,00000012.pro,-1,,0
4520,,499836,1,4584,31289,89,156,0,83886092,0x0500000C,misc,,00000012.pro,-1,,0
4521,,499924,1,4587,31290,90,156,0,83886092,0x0500000C,misc,,00000012.pro,-1,,0
4522,,500012,1,4588,31291,91,156,0,83886092,0x0500000C,misc,,00000012.pro,-1,,0
4523,,500100,1,4591,31477,77,157,0,83886092,0x0500000C,misc,,00000012.pro,-1,,0
4524,,500188,1,4592,31478,78,157,0,83886092,0x0500000C,misc,,00000012.pro,-1,,0
4525,,500276,1,4593,31486,86,157,0,83886092,0x0500000C,misc,,00000012.pro,-1,,0
4526,,500364,1,4594,31487,87,157,0,83886092,0x0500000C,misc,,00000012.pro,-1,,0
4527,,500452,1,4595,31488,88,157,0,83886092,0x0500000C,misc,,00000012.pro,-1,,0
4528,,500540,1,4596,31489,89,157,0,83886092,0x0500000C,misc,,00000012.pro,-1,,0
4529,,500628,1,4601,31678,78,158,0,83886092,0x0500000C,misc,,00000012.pro,-1,,0
4530,,500716,1,4602,31684,84,158,0,83886092,0x0500000C,misc,,00000012.pro,-1,,0
4531,,500804,1,4603,31685,85,158,0,83886092,0x0500000C,misc,,00000012.pro,-1,,0
4532,,500892,1,4604,31686,86,158,0,83886092,0x0500000C,misc,,00000012.pro,-1,,0
4533,,500980,1,4605,31687,87,158,0,83886092,0x0500000C,misc,,00000012.pro,-1,,0
4534,,501068,1,4610,31879,79,159,0,83886092,0x0500000C,misc,,00000012.pro,-1,,0
4535,,501156,1,4611,31882,82,159,0,83886092,0x0500000C,misc,,00000012.pro,-1,,0
4536,,501244,1,4612,31883,83,159,0,83886092,0x0500000C,misc,,00000012.pro,-1,,0
4537,,501332,1,4613,31884,84,159,0,83886092,0x0500000C,misc,,00000012.pro,-1,,0
4538,,501420,1,4614,31885,85,159,0,83886092,0x0500000C,misc,,00000012.pro,-1,,0
4539,,501508,1,4623,32079,79,160,0,83886092,0x0500000C,misc,,00000012.pro,-1,,0
4540,,501596,1,4624,32080,80,160,0,83886092,0x0500000C,misc,,00000012.pro,-1,,0
4541,,501684,1,4625,32081,81,160,0,83886092,0x0500000C,misc,,00000012.pro,-1,,0
4542,,501772,1,4626,32082,82,160,0,83886092,0x0500000C,misc,,00000012.pro,-1,,0
4543,,501860,1,4627,32083,83,160,0,83886092,0x0500000C,misc,,00000012.pro,-1,,0
4544,,501948,1,4632,32280,80,161,0,83886092,0x0500000C,misc,,00000012.pro,-1,,0
4545,,502036,1,4633,32281,81,161,0,83886092,0x0500000C,misc,,00000012.pro,-1,,0
